eval_index,update,episode,window_start_tick,window_mid_tick,tiles_at_start,tile_gain,episode_total_ticks
0,59,2026-09-10T23-13-41-919_92badf09,1,251,0,264,7231
0,59,2026-09-10T23-13-41-919_92badf09,501,751,264,0,7231
0,59,2026-09-10T23-13-41-919_92badf09,1001,1251,264,0,7231
0,59,2026-09-10T23-13-41-919_92badf09,1501,1751,264,0,7231
0,59,2026-09-10T23-13-41-919_92badf09,2001,2251,264,3289,7231
0,59,2026-09-10T23-13-41-919_92badf09,2501,2751,3553,1053,7231
0,59,2026-09-10T23-13-41-919_92badf09,3001,3251,4606,975,7231
0,59,2026-09-10T23-13-41-919_92badf09,3501,3751,5581,1024,7231
0,59,2026-09-10T23-13-41-919_92badf09,4001,4251,6605,1041,7231
0,59,2026-09-10T23-13-41-919_92badf09,4501,4751,7646,-7646,7231
0,59,2026-09-10T23-13-41-919_92badf09,5001,5251,0,0,7231
0,59,2026-09-10T23-13-41-919_92badf09,5501,5751,0,0,7231
0,59,2026-09-10T23-13-41-919_92badf09,6001,6251,0,0,7231
0,59,2026-09-10T23-13-41-919_92badf09,6501,6751,0,0,7231
1,119,2026-09-10T23-27-30-995_fe37ccb7,1,251,0,306,11531
1,119,2026-09-10T23-27-30-995_fe37ccb7,501,751,306,0,11531
1,119,2026-09-10T23-27-30-995_fe37ccb7,1001,1251,306,0,11531
1,119,2026-09-10T23-27-30-995_fe37ccb7,1501,1751,306,0,11531
1,119,2026-09-10T23-27-30-995_fe37ccb7,2001,2251,306,0,11531
1,119,2026-09-10T23-27-30-995_fe37ccb7,2501,2751,306,0,11531
1,119,2026-09-10T23-27-30-995_fe37ccb7,3001,3251,306,-306,11531
1,119,2026-09-10T23-27-30-995_fe37ccb7,3501,3751,0,0,11531
1,119,2026-09-10T23-27-30-995_fe37ccb7,4001,4251,0,0,11531
1,119,2026-09-10T23-27-30-995_fe37ccb7,4501,4751,0,0,11531
1,119,2026-09-10T23-27-30-995_fe37ccb7,5001,5251,0,0,11531
1,119,2026-09-10T23-27-30-995_fe37ccb7,5501,5751,0,0,11531
1,119,2026-09-10T23-27-30-995_fe37ccb7,6001,6251,0,0,11531
1,119,2026-09-10T23-27-30-995_fe37ccb7,6501,6751,0,0,11531
1,119,2026-09-10T23-27-30-995_fe37ccb7,7001,7251,0,0,11531
1,119,2026-09-10T23-27-30-995_fe37ccb7,7501,7751,0,0,11531
1,119,2026-09-10T23-27-30-995_fe37ccb7,8001,8251,0,0,11531
1,119,2026-09-10T23-27-30-995_fe37ccb7,8501,8751,0,0,11531
1,119,2026-09-10T23-27-30-995_fe37ccb7,9001,9251,0,0,11531
1,119,2026-09-10T23-27-30-995_fe37ccb7,9501,9751,0,0,11531
1,119,2026-09-10T23-27-30-995_fe37ccb7,10001,10251,0,0,11531
1,119,2026-09-10T23-27-30-995_fe37ccb7,10501,10751,0,0,11531
1,119,2026-09-10T23-27-30-995_fe37ccb7,11001,11251,0,0,11531
2,179,2026-09-10T23-40-39-698_29fd3214,1,251,0,52,13191
2,179,2026-09-10T23-40-39-698_29fd3214,501,751,52,5382,13191
2,179,2026-09-10T23-40-39-698_29fd3214,1001,1251,5434,12691,13191
2,179,2026-09-10T23-40-39-698_29fd3214,1501,1751,18125,6095,13191
2,179,2026-09-10T23-40-39-698_29fd3214,2001,2251,24220,5994,13191
2,179,2026-09-10T23-40-39-698_29fd3214,2501,2751,30214,5984,13191
2,179,2026-09-10T23-40-39-698_29fd3214,3001,3251,36198,5958,13191
2,179,2026-09-10T23-40-39-698_29fd3214,3501,3751,42156,5939,13191
2,179,2026-09-10T23-40-39-698_29fd3214,4001,4251,48095,5777,13191
2,179,2026-09-10T23-40-39-698_29fd3214,4501,4751,53872,5661,13191
2,179,2026-09-10T23-40-39-698_29fd3214,5001,5251,59533,1470,13191
2,179,2026-09-10T23-40-39-698_29fd3214,5501,5751,61003,1265,13191
2,179,2026-09-10T23-40-39-698_29fd3214,6001,6251,62268,75870,13191
2,179,2026-09-10T23-40-39-698_29fd3214,6501,6751,138138,-56598,13191
2,179,2026-09-10T23-40-39-698_29fd3214,7001,7251,81540,-20537,13191
2,179,2026-09-10T23-40-39-698_29fd3214,7501,7751,61003,0,13191
2,179,2026-09-10T23-40-39-698_29fd3214,8001,8251,61003,0,13191
2,179,2026-09-10T23-40-39-698_29fd3214,8501,8751,61003,0,13191
2,179,2026-09-10T23-40-39-698_29fd3214,9001,9251,61003,0,13191
2,179,2026-09-10T23-40-39-698_29fd3214,9501,9751,61003,0,13191
2,179,2026-09-10T23-40-39-698_29fd3214,10001,10251,61003,-44,13191
2,179,2026-09-10T23-40-39-698_29fd3214,10501,10751,60959,-18863,13191
2,179,2026-09-10T23-40-39-698_29fd3214,11001,11251,42096,-42096,13191
2,179,2026-09-10T23-40-39-698_29fd3214,11501,11751,0,0,13191
2,179,2026-09-10T23-40-39-698_29fd3214,12001,12251,0,0,13191
2,179,2026-09-10T23-40-39-698_29fd3214,12501,12751,0,0,13191
3,239,2026-09-10T23-54-37-779_cc02dea6,1,251,0,52,17931
3,239,2026-09-10T23-54-37-779_cc02dea6,501,751,52,0,17931
3,239,2026-09-10T23-54-37-779_cc02dea6,1001,1251,52,0,17931
3,239,2026-09-10T23-54-37-779_cc02dea6,1501,1751,52,0,17931
3,239,2026-09-10T23-54-37-779_cc02dea6,2001,2251,52,0,17931
3,239,2026-09-10T23-54-37-779_cc02dea6,2501,2751,52,0,17931
3,239,2026-09-10T23-54-37-779_cc02dea6,3001,3251,52,0,17931
3,239,2026-09-10T23-54-37-779_cc02dea6,3501,3751,52,0,17931
3,239,2026-09-10T23-54-37-779_cc02dea6,4001,4251,52,0,17931
3,239,2026-09-10T23-54-37-779_cc02dea6,4501,4751,52,0,17931
3,239,2026-09-10T23-54-37-779_cc02dea6,5001,5251,52,0,17931
3,239,2026-09-10T23-54-37-779_cc02dea6,5501,5751,52,0,17931
3,239,2026-09-10T23-54-37-779_cc02dea6,6001,6251,52,0,17931
3,239,2026-09-10T23-54-37-779_cc02dea6,6501,6751,52,0,17931
3,239,2026-09-10T23-54-37-779_cc02dea6,7001,7251,52,0,17931
3,239,2026-09-10T23-54-37-779_cc02dea6,7501,7751,52,0,17931
3,239,2026-09-10T23-54-37-779_cc02dea6,8001,8251,52,0,17931
3,239,2026-09-10T23-54-37-779_cc02dea6,8501,8751,52,0,17931
3,239,2026-09-10T23-54-37-779_cc02dea6,9001,9251,52,0,17931
3,239,2026-09-10T23-54-37-779_cc02dea6,9501,9751,52,0,17931
3,239,2026-09-10T23-54-37-779_cc02dea6,10001,10251,52,0,17931
3,239,2026-09-10T23-54-37-779_cc02dea6,10501,10751,52,0,17931
3,239,2026-09-10T23-54-37-779_cc02dea6,11001,11251,52,0,17931
3,239,2026-09-10T23-54-37-779_cc02dea6,11501,11751,52,0,17931
3,239,2026-09-10T23-54-37-779_cc02dea6,12001,12251,52,0,17931
3,239,2026-09-10T23-54-37-779_cc02dea6,12501,12751,52,0,17931
3,239,2026-09-10T23-54-37-779_cc02dea6,13001,13251,52,0,17931
3,239,2026-09-10T23-54-37-779_cc02dea6,13501,13751,52,0,17931
3,239,2026-09-10T23-54-37-779_cc02dea6,14001,14251,52,0,17931
3,239,2026-09-10T23-54-37-779_cc02dea6,14501,14751,52,0,17931
3,239,2026-09-10T23-54-37-779_cc02dea6,15001,15251,52,0,17931
3,239,2026-09-10T23-54-37-779_cc02dea6,15501,15751,52,0,17931
3,239,2026-09-10T23-54-37-779_cc02dea6,16001,16251,52,0,17931
3,239,2026-09-10T23-54-37-779_cc02dea6,16501,16751,52,0,17931
3,239,2026-09-10T23-54-37-779_cc02dea6,17001,17251,52,0,17931
4,299,2026-09-11T00-07-26-953_b06b93ca,1,251,0,33,20861
4,299,2026-09-11T00-07-26-953_b06b93ca,501,751,33,481,20861
4,299,2026-09-11T00-07-26-953_b06b93ca,1001,1251,514,1702,20861
4,299,2026-09-11T00-07-26-953_b06b93ca,1501,1751,2216,0,20861
4,299,2026-09-11T00-07-26-953_b06b93ca,2001,2251,2216,0,20861
4,299,2026-09-11T00-07-26-953_b06b93ca,2501,2751,2216,0,20861
4,299,2026-09-11T00-07-26-953_b06b93ca,3001,3251,2216,0,20861
4,299,2026-09-11T00-07-26-953_b06b93ca,3501,3751,2216,0,20861
4,299,2026-09-11T00-07-26-953_b06b93ca,4001,4251,2216,0,20861
4,299,2026-09-11T00-07-26-953_b06b93ca,4501,4751,2216,0,20861
4,299,2026-09-11T00-07-26-953_b06b93ca,5001,5251,2216,0,20861
4,299,2026-09-11T00-07-26-953_b06b93ca,5501,5751,2216,0,20861
4,299,2026-09-11T00-07-26-953_b06b93ca,6001,6251,2216,0,20861
4,299,2026-09-11T00-07-26-953_b06b93ca,6501,6751,2216,0,20861
4,299,2026-09-11T00-07-26-953_b06b93ca,7001,7251,2216,0,20861
4,299,2026-09-11T00-07-26-953_b06b93ca,7501,7751,2216,0,20861
4,299,2026-09-11T00-07-26-953_b06b93ca,8001,8251,2216,0,20861
4,299,2026-09-11T00-07-26-953_b06b93ca,8501,8751,2216,0,20861
4,299,2026-09-11T00-07-26-953_b06b93ca,9001,9251,2216,0,20861
4,299,2026-09-11T00-07-26-953_b06b93ca,9501,9751,2216,0,20861
4,299,2026-09-11T00-07-26-953_b06b93ca,10001,10251,2216,0,20861
4,299,2026-09-11T00-07-26-953_b06b93ca,10501,10751,2216,0,20861
4,299,2026-09-11T00-07-26-953_b06b93ca,11001,11251,2216,0,20861
4,299,2026-09-11T00-07-26-953_b06b93ca,11501,11751,2216,0,20861
4,299,2026-09-11T00-07-26-953_b06b93ca,12001,12251,2216,0,20861
4,299,2026-09-11T00-07-26-953_b06b93ca,12501,12751,2216,0,20861
4,299,2026-09-11T00-07-26-953_b06b93ca,13001,13251,2216,0,20861
4,299,2026-09-11T00-07-26-953_b06b93ca,13501,13751,2216,0,20861
4,299,2026-09-11T00-07-26-953_b06b93ca,14001,14251,2216,0,20861
4,299,2026-09-11T00-07-26-953_b06b93ca,14501,14751,2216,0,20861
4,299,2026-09-11T00-07-26-953_b06b93ca,15001,15251,2216,0,20861
4,299,2026-09-11T00-07-26-953_b06b93ca,15501,15751,2216,0,20861
4,299,2026-09-11T00-07-26-953_b06b93ca,16001,16251,2216,0,20861
4,299,2026-09-11T00-07-26-953_b06b93ca,16501,16751,2216,0,20861
4,299,2026-09-11T00-07-26-953_b06b93ca,17001,17251,2216,0,20861
4,299,2026-09-11T00-07-26-953_b06b93ca,17501,17751,2216,0,20861
4,299,2026-09-11T00-07-26-953_b06b93ca,18001,18251,2216,0,20861
4,299,2026-09-11T00-07-26-953_b06b93ca,18501,18751,2216,0,20861
4,299,2026-09-11T00-07-26-953_b06b93ca,19001,19251,2216,0,20861
4,299,2026-09-11T00-07-26-953_b06b93ca,19501,19751,2216,0,20861
4,299,2026-09-11T00-07-26-953_b06b93ca,20001,20251,2216,0,20861
5,359,2026-09-11T00-22-40-455_76a85642,1,251,0,52,30311
5,359,2026-09-11T00-22-40-455_76a85642,501,751,52,0,30311
5,359,2026-09-11T00-22-40-455_76a85642,1001,1251,52,0,30311
5,359,2026-09-11T00-22-40-455_76a85642,1501,1751,52,0,30311
5,359,2026-09-11T00-22-40-455_76a85642,2001,2251,52,0,30311
5,359,2026-09-11T00-22-40-455_76a85642,2501,2751,52,0,30311
5,359,2026-09-11T00-22-40-455_76a85642,3001,3251,52,0,30311
5,359,2026-09-11T00-22-40-455_76a85642,3501,3751,52,0,30311
5,359,2026-09-11T00-22-40-455_76a85642,4001,4251,52,0,30311
5,359,2026-09-11T00-22-40-455_76a85642,4501,4751,52,0,30311
5,359,2026-09-11T00-22-40-455_76a85642,5001,5251,52,0,30311
5,359,2026-09-11T00-22-40-455_76a85642,5501,5751,52,0,30311
5,359,2026-09-11T00-22-40-455_76a85642,6001,6251,52,0,30311
5,359,2026-09-11T00-22-40-455_76a85642,6501,6751,52,0,30311
5,359,2026-09-11T00-22-40-455_76a85642,7001,7251,52,0,30311
5,359,2026-09-11T00-22-40-455_76a85642,7501,7751,52,0,30311
5,359,2026-09-11T00-22-40-455_76a85642,8001,8251,52,0,30311
5,359,2026-09-11T00-22-40-455_76a85642,8501,8751,52,0,30311
5,359,2026-09-11T00-22-40-455_76a85642,9001,9251,52,0,30311
5,359,2026-09-11T00-22-40-455_76a85642,9501,9751,52,0,30311
5,359,2026-09-11T00-22-40-455_76a85642,10001,10251,52,0,30311
5,359,2026-09-11T00-22-40-455_76a85642,10501,10751,52,0,30311
5,359,2026-09-11T00-22-40-455_76a85642,11001,11251,52,0,30311
5,359,2026-09-11T00-22-40-455_76a85642,11501,11751,52,0,30311
5,359,2026-09-11T00-22-40-455_76a85642,12001,12251,52,0,30311
5,359,2026-09-11T00-22-40-455_76a85642,12501,12751,52,0,30311
5,359,2026-09-11T00-22-40-455_76a85642,13001,13251,52,0,30311
5,359,2026-09-11T00-22-40-455_76a85642,13501,13751,52,0,30311
5,359,2026-09-11T00-22-40-455_76a85642,14001,14251,52,0,30311
5,359,2026-09-11T00-22-40-455_76a85642,14501,14751,52,0,30311
5,359,2026-09-11T00-22-40-455_76a85642,15001,15251,52,0,30311
5,359,2026-09-11T00-22-40-455_76a85642,15501,15751,52,0,30311
5,359,2026-09-11T00-22-40-455_76a85642,16001,16251,52,0,30311
5,359,2026-09-11T00-22-40-455_76a85642,16501,16751,52,0,30311
5,359,2026-09-11T00-22-40-455_76a85642,17001,17251,52,0,30311
5,359,2026-09-11T00-22-40-455_76a85642,17501,17751,52,0,30311
5,359,2026-09-11T00-22-40-455_76a85642,18001,18251,52,0,30311
5,359,2026-09-11T00-22-40-455_76a85642,18501,18751,52,0,30311
5,359,2026-09-11T00-22-40-455_76a85642,19001,19251,52,0,30311
5,359,2026-09-11T00-22-40-455_76a85642,19501,19751,52,0,30311
5,359,2026-09-11T00-22-40-455_76a85642,20001,20251,52,0,30311
5,359,2026-09-11T00-22-40-455_76a85642,20501,20751,52,0,30311
5,359,2026-09-11T00-22-40-455_76a85642,21001,21251,52,0,30311
5,359,2026-09-11T00-22-40-455_76a85642,21501,21751,52,0,30311
5,359,2026-09-11T00-22-40-455_76a85642,22001,22251,52,0,30311
5,359,2026-09-11T00-22-40-455_76a85642,22501,22751,52,0,30311
5,359,2026-09-11T00-22-40-455_76a85642,23001,23251,52,0,30311
5,359,2026-09-11T00-22-40-455_76a85642,23501,23751,52,0,30311
5,359,2026-09-11T00-22-40-455_76a85642,24001,24251,52,0,30311
5,359,2026-09-11T00-22-40-455_76a85642,24501,24751,52,0,30311
5,359,2026-09-11T00-22-40-455_76a85642,25001,25251,52,0,30311
5,359,2026-09-11T00-22-40-455_76a85642,25501,25751,52,0,30311
5,359,2026-09-11T00-22-40-455_76a85642,26001,26251,52,0,30311
5,359,2026-09-11T00-22-40-455_76a85642,26501,26751,52,0,30311
5,359,2026-09-11T00-22-40-455_76a85642,27001,27251,52,0,30311
5,359,2026-09-11T00-22-40-455_76a85642,27501,27751,52,0,30311
5,359,2026-09-11T00-22-40-455_76a85642,28001,28251,52,0,30311
5,359,2026-09-11T00-22-40-455_76a85642,28501,28751,52,0,30311
5,359,2026-09-11T00-22-40-455_76a85642,29001,29251,52,0,30311
5,359,2026-09-11T00-22-40-455_76a85642,29501,29751,52,0,30311
6,419,2026-09-11T00-35-55-041_3f30f419,1,251,0,3631,5711
6,419,2026-09-11T00-35-55-041_3f30f419,501,751,3631,2863,5711
6,419,2026-09-11T00-35-55-041_3f30f419,1001,1251,6494,0,5711
6,419,2026-09-11T00-35-55-041_3f30f419,1501,1751,6494,0,5711
6,419,2026-09-11T00-35-55-041_3f30f419,2001,2251,6494,0,5711
6,419,2026-09-11T00-35-55-041_3f30f419,2501,2751,6494,0,5711
6,419,2026-09-11T00-35-55-041_3f30f419,3001,3251,6494,0,5711
6,419,2026-09-11T00-35-55-041_3f30f419,3501,3751,6494,0,5711
6,419,2026-09-11T00-35-55-041_3f30f419,4001,4251,6494,0,5711
6,419,2026-09-11T00-35-55-041_3f30f419,4501,4751,6494,0,5711
6,419,2026-09-11T00-35-55-041_3f30f419,5001,5251,6494,0,5711
7,479,2026-09-11T00-50-54-620_1aa721a0,1,251,0,24,12201
7,479,2026-09-11T00-50-54-620_1aa721a0,501,751,24,691,12201
7,479,2026-09-11T00-50-54-620_1aa721a0,1001,1251,715,10764,12201
7,479,2026-09-11T00-50-54-620_1aa721a0,1501,1751,11479,5615,12201
7,479,2026-09-11T00-50-54-620_1aa721a0,2001,2251,17094,5564,12201
7,479,2026-09-11T00-50-54-620_1aa721a0,2501,2751,22658,3813,12201
7,479,2026-09-11T00-50-54-620_1aa721a0,3001,3251,26471,1474,12201
7,479,2026-09-11T00-50-54-620_1aa721a0,3501,3751,27945,1423,12201
7,479,2026-09-11T00-50-54-620_1aa721a0,4001,4251,29368,1389,12201
7,479,2026-09-11T00-50-54-620_1aa721a0,4501,4751,30757,-3433,12201
7,479,2026-09-11T00-50-54-620_1aa721a0,5001,5251,27324,5697,12201
7,479,2026-09-11T00-50-54-620_1aa721a0,5501,5751,33021,-16665,12201
7,479,2026-09-11T00-50-54-620_1aa721a0,6001,6251,16356,1373,12201
7,479,2026-09-11T00-50-54-620_1aa721a0,6501,6751,17729,1750,12201
7,479,2026-09-11T00-50-54-620_1aa721a0,7001,7251,19479,1624,12201
7,479,2026-09-11T00-50-54-620_1aa721a0,7501,7751,21103,-21103,12201
7,479,2026-09-11T00-50-54-620_1aa721a0,8001,8251,0,0,12201
7,479,2026-09-11T00-50-54-620_1aa721a0,8501,8751,0,0,12201
7,479,2026-09-11T00-50-54-620_1aa721a0,9001,9251,0,0,12201
7,479,2026-09-11T00-50-54-620_1aa721a0,9501,9751,0,0,12201
7,479,2026-09-11T00-50-54-620_1aa721a0,10001,10251,0,0,12201
7,479,2026-09-11T00-50-54-620_1aa721a0,10501,10751,0,0,12201
7,479,2026-09-11T00-50-54-620_1aa721a0,11001,11251,0,0,12201
7,479,2026-09-11T00-50-54-620_1aa721a0,11501,11751,0,0,12201
8,539,2026-09-11T01-04-45-783_17c81cf1,1,251,0,52,14231
8,539,2026-09-11T01-04-45-783_17c81cf1,501,751,52,0,14231
8,539,2026-09-11T01-04-45-783_17c81cf1,1001,1251,52,0,14231
8,539,2026-09-11T01-04-45-783_17c81cf1,1501,1751,52,0,14231
8,539,2026-09-11T01-04-45-783_17c81cf1,2001,2251,52,0,14231
8,539,2026-09-11T01-04-45-783_17c81cf1,2501,2751,52,0,14231
8,539,2026-09-11T01-04-45-783_17c81cf1,3001,3251,52,0,14231
8,539,2026-09-11T01-04-45-783_17c81cf1,3501,3751,52,0,14231
8,539,2026-09-11T01-04-45-783_17c81cf1,4001,4251,52,0,14231
8,539,2026-09-11T01-04-45-783_17c81cf1,4501,4751,52,0,14231
8,539,2026-09-11T01-04-45-783_17c81cf1,5001,5251,52,0,14231
8,539,2026-09-11T01-04-45-783_17c81cf1,5501,5751,52,0,14231
8,539,2026-09-11T01-04-45-783_17c81cf1,6001,6251,52,0,14231
8,539,2026-09-11T01-04-45-783_17c81cf1,6501,6751,52,0,14231
8,539,2026-09-11T01-04-45-783_17c81cf1,7001,7251,52,0,14231
8,539,2026-09-11T01-04-45-783_17c81cf1,7501,7751,52,0,14231
8,539,2026-09-11T01-04-45-783_17c81cf1,8001,8251,52,0,14231
8,539,2026-09-11T01-04-45-783_17c81cf1,8501,8751,52,0,14231
8,539,2026-09-11T01-04-45-783_17c81cf1,9001,9251,52,0,14231
8,539,2026-09-11T01-04-45-783_17c81cf1,9501,9751,52,8388,14231
8,539,2026-09-11T01-04-45-783_17c81cf1,10001,10251,8440,4005,14231
8,539,2026-09-11T01-04-45-783_17c81cf1,10501,10751,12445,10634,14231
8,539,2026-09-11T01-04-45-783_17c81cf1,11001,11251,23079,3156,14231
8,539,2026-09-11T01-04-45-783_17c81cf1,11501,11751,26235,0,14231
8,539,2026-09-11T01-04-45-783_17c81cf1,12001,12251,26235,1660,14231
8,539,2026-09-11T01-04-45-783_17c81cf1,12501,12751,27895,22440,14231
8,539,2026-09-11T01-04-45-783_17c81cf1,13001,13251,50335,1667,14231
8,539,2026-09-11T01-04-45-783_17c81cf1,13501,13751,52002,1512,14231
9,599,2026-09-11T01-18-37-460_f5870375,1,251,0,52,9311
9,599,2026-09-11T01-18-37-460_f5870375,501,751,52,0,9311
9,599,2026-09-11T01-18-37-460_f5870375,1001,1251,52,0,9311
9,599,2026-09-11T01-18-37-460_f5870375,1501,1751,52,0,9311
9,599,2026-09-11T01-18-37-460_f5870375,2001,2251,52,0,9311
9,599,2026-09-11T01-18-37-460_f5870375,2501,2751,52,0,9311
9,599,2026-09-11T01-18-37-460_f5870375,3001,3251,52,0,9311
9,599,2026-09-11T01-18-37-460_f5870375,3501,3751,52,0,9311
9,599,2026-09-11T01-18-37-460_f5870375,4001,4251,52,0,9311
9,599,2026-09-11T01-18-37-460_f5870375,4501,4751,52,0,9311
9,599,2026-09-11T01-18-37-460_f5870375,5001,5251,52,0,9311
9,599,2026-09-11T01-18-37-460_f5870375,5501,5751,52,0,9311
9,599,2026-09-11T01-18-37-460_f5870375,6001,6251,52,-52,9311
9,599,2026-09-11T01-18-37-460_f5870375,6501,6751,0,0,9311
9,599,2026-09-11T01-18-37-460_f5870375,7001,7251,0,0,9311
9,599,2026-09-11T01-18-37-460_f5870375,7501,7751,0,0,9311
9,599,2026-09-11T01-18-37-460_f5870375,8001,8251,0,0,9311
9,599,2026-09-11T01-18-37-460_f5870375,8501,8751,0,0,9311
10,659,2026-09-11T01-36-41-239_3a67d011,1,251,0,78,96741
10,659,2026-09-11T01-36-41-239_3a67d011,501,751,78,0,96741
10,659,2026-09-11T01-36-41-239_3a67d011,1001,1251,78,0,96741
10,659,2026-09-11T01-36-41-239_3a67d011,1501,1751,78,0,96741
10,659,2026-09-11T01-36-41-239_3a67d011,2001,2251,78,0,96741
10,659,2026-09-11T01-36-41-239_3a67d011,2501,2751,78,0,96741
10,659,2026-09-11T01-36-41-239_3a67d011,3001,3251,78,0,96741
10,659,2026-09-11T01-36-41-239_3a67d011,3501,3751,78,0,96741
10,659,2026-09-11T01-36-41-239_3a67d011,4001,4251,78,0,96741
10,659,2026-09-11T01-36-41-239_3a67d011,4501,4751,78,0,96741
10,659,2026-09-11T01-36-41-239_3a67d011,5001,5251,78,0,96741
10,659,2026-09-11T01-36-41-239_3a67d011,5501,5751,78,0,96741
10,659,2026-09-11T01-36-41-239_3a67d011,6001,6251,78,0,96741
10,659,2026-09-11T01-36-41-239_3a67d011,6501,6751,78,0,96741
10,659,2026-09-11T01-36-41-239_3a67d011,7001,7251,78,0,96741
10,659,2026-09-11T01-36-41-239_3a67d011,7501,7751,78,0,96741
10,659,2026-09-11T01-36-41-239_3a67d011,8001,8251,78,0,96741
10,659,2026-09-11T01-36-41-239_3a67d011,8501,8751,78,0,96741
10,659,2026-09-11T01-36-41-239_3a67d011,9001,9251,78,0,96741
10,659,2026-09-11T01-36-41-239_3a67d011,9501,9751,78,0,96741
10,659,2026-09-11T01-36-41-239_3a67d011,10001,10251,78,0,96741
10,659,2026-09-11T01-36-41-239_3a67d011,10501,10751,78,0,96741
10,659,2026-09-11T01-36-41-239_3a67d011,11001,11251,78,0,96741
10,659,2026-09-11T01-36-41-239_3a67d011,11501,11751,78,0,96741
10,659,2026-09-11T01-36-41-239_3a67d011,12001,12251,78,0,96741
10,659,2026-09-11T01-36-41-239_3a67d011,12501,12751,78,0,96741
10,659,2026-09-11T01-36-41-239_3a67d011,13001,13251,78,0,96741
10,659,2026-09-11T01-36-41-239_3a67d011,13501,13751,78,0,96741
10,659,2026-09-11T01-36-41-239_3a67d011,14001,14251,78,0,96741
10,659,2026-09-11T01-36-41-239_3a67d011,14501,14751,78,0,96741
10,659,2026-09-11T01-36-41-239_3a67d011,15001,15251,78,0,96741
10,659,2026-09-11T01-36-41-239_3a67d011,15501,15751,78,0,96741
10,659,2026-09-11T01-36-41-239_3a67d011,16001,16251,78,0,96741
10,659,2026-09-11T01-36-41-239_3a67d011,16501,16751,78,0,96741
10,659,2026-09-11T01-36-41-239_3a67d011,17001,17251,78,0,96741
10,659,2026-09-11T01-36-41-239_3a67d011,17501,17751,78,0,96741
10,659,2026-09-11T01-36-41-239_3a67d011,18001,18251,78,0,96741
10,659,2026-09-11T01-36-41-239_3a67d011,18501,18751,78,0,96741
10,659,2026-09-11T01-36-41-239_3a67d011,19001,19251,78,0,96741
10,659,2026-09-11T01-36-41-239_3a67d011,19501,19751,78,0,96741
10,659,2026-09-11T01-36-41-239_3a67d011,20001,20251,78,0,96741
10,659,2026-09-11T01-36-41-239_3a67d011,20501,20751,78,0,96741
10,659,2026-09-11T01-36-41-239_3a67d011,21001,21251,78,0,96741
10,659,2026-09-11T01-36-41-239_3a67d011,21501,21751,78,0,96741
10,659,2026-09-11T01-36-41-239_3a67d011,22001,22251,78,0,96741
10,659,2026-09-11T01-36-41-239_3a67d011,22501,22751,78,0,96741
10,659,2026-09-11T01-36-41-239_3a67d011,23001,23251,78,0,96741
10,659,2026-09-11T01-36-41-239_3a67d011,23501,23751,78,0,96741
10,659,2026-09-11T01-36-41-239_3a67d011,24001,24251,78,0,96741
10,659,2026-09-11T01-36-41-239_3a67d011,24501,24751,78,0,96741
10,659,2026-09-11T01-36-41-239_3a67d011,25001,25251,78,0,96741
10,659,2026-09-11T01-36-41-239_3a67d011,25501,25751,78,0,96741
10,659,2026-09-11T01-36-41-239_3a67d011,26001,26251,78,0,96741
10,659,2026-09-11T01-36-41-239_3a67d011,26501,26751,78,0,96741
10,659,2026-09-11T01-36-41-239_3a67d011,27001,27251,78,0,96741
10,659,2026-09-11T01-36-41-239_3a67d011,27501,27751,78,0,96741
10,659,2026-09-11T01-36-41-239_3a67d011,28001,28251,78,0,96741
10,659,2026-09-11T01-36-41-239_3a67d011,28501,28751,78,0,96741
10,659,2026-09-11T01-36-41-239_3a67d011,29001,29251,78,0,96741
10,659,2026-09-11T01-36-41-239_3a67d011,29501,29751,78,0,96741
10,659,2026-09-11T01-36-41-239_3a67d011,30001,30251,78,0,96741
10,659,2026-09-11T01-36-41-239_3a67d011,30501,30751,78,0,96741
10,659,2026-09-11T01-36-41-239_3a67d011,31001,31251,78,0,96741
10,659,2026-09-11T01-36-41-239_3a67d011,31501,31751,78,0,96741
10,659,2026-09-11T01-36-41-239_3a67d011,32001,32251,78,0,96741
10,659,2026-09-11T01-36-41-239_3a67d011,32501,32751,78,0,96741
10,659,2026-09-11T01-36-41-239_3a67d011,33001,33251,78,0,96741
10,659,2026-09-11T01-36-41-239_3a67d011,33501,33751,78,0,96741
10,659,2026-09-11T01-36-41-239_3a67d011,34001,34251,78,0,96741
10,659,2026-09-11T01-36-41-239_3a67d011,34501,34751,78,0,96741
10,659,2026-09-11T01-36-41-239_3a67d011,35001,35251,78,0,96741
10,659,2026-09-11T01-36-41-239_3a67d011,35501,35751,78,0,96741
10,659,2026-09-11T01-36-41-239_3a67d011,36001,36251,78,0,96741
10,659,2026-09-11T01-36-41-239_3a67d011,36501,36751,78,0,96741
10,659,2026-09-11T01-36-41-239_3a67d011,37001,37251,78,0,96741
10,659,2026-09-11T01-36-41-239_3a67d011,37501,37751,78,0,96741
10,659,2026-09-11T01-36-41-239_3a67d011,38001,38251,78,0,96741
10,659,2026-09-11T01-36-41-239_3a67d011,38501,38751,78,0,96741
10,659,2026-09-11T01-36-41-239_3a67d011,39001,39251,78,0,96741
10,659,2026-09-11T01-36-41-239_3a67d011,39501,39751,78,0,96741
10,659,2026-09-11T01-36-41-239_3a67d011,40001,40251,78,0,96741
10,659,2026-09-11T01-36-41-239_3a67d011,40501,40751,78,0,96741
10,659,2026-09-11T01-36-41-239_3a67d011,41001,41251,78,0,96741
10,659,2026-09-11T01-36-41-239_3a67d011,41501,41751,78,0,96741
10,659,2026-09-11T01-36-41-239_3a67d011,42001,42251,78,0,96741
10,659,2026-09-11T01-36-41-239_3a67d011,42501,42751,78,0,96741
10,659,2026-09-11T01-36-41-239_3a67d011,43001,43251,78,0,96741
10,659,2026-09-11T01-36-41-239_3a67d011,43501,43751,78,0,96741
10,659,2026-09-11T01-36-41-239_3a67d011,44001,44251,78,0,96741
10,659,2026-09-11T01-36-41-239_3a67d011,44501,44751,78,0,96741
10,659,2026-09-11T01-36-41-239_3a67d011,45001,45251,78,0,96741
10,659,2026-09-11T01-36-41-239_3a67d011,45501,45751,78,0,96741
10,659,2026-09-11T01-36-41-239_3a67d011,46001,46251,78,0,96741
10,659,2026-09-11T01-36-41-239_3a67d011,46501,46751,78,0,96741
10,659,2026-09-11T01-36-41-239_3a67d011,47001,47251,78,0,96741
10,659,2026-09-11T01-36-41-239_3a67d011,47501,47751,78,0,96741
10,659,2026-09-11T01-36-41-239_3a67d011,48001,48251,78,0,96741
10,659,2026-09-11T01-36-41-239_3a67d011,48501,48751,78,0,96741
10,659,2026-09-11T01-36-41-239_3a67d011,49001,49251,78,0,96741
10,659,2026-09-11T01-36-41-239_3a67d011,49501,49751,78,0,96741
10,659,2026-09-11T01-36-41-239_3a67d011,50001,50251,78,0,96741
10,659,2026-09-11T01-36-41-239_3a67d011,50501,50751,78,0,96741
10,659,2026-09-11T01-36-41-239_3a67d011,51001,51251,78,0,96741
10,659,2026-09-11T01-36-41-239_3a67d011,51501,51751,78,0,96741
10,659,2026-09-11T01-36-41-239_3a67d011,52001,52251,78,0,96741
10,659,2026-09-11T01-36-41-239_3a67d011,52501,52751,78,0,96741
10,659,2026-09-11T01-36-41-239_3a67d011,53001,53251,78,0,96741
10,659,2026-09-11T01-36-41-239_3a67d011,53501,53751,78,0,96741
10,659,2026-09-11T01-36-41-239_3a67d011,54001,54251,78,0,96741
10,659,2026-09-11T01-36-41-239_3a67d011,54501,54751,78,0,96741
10,659,2026-09-11T01-36-41-239_3a67d011,55001,55251,78,0,96741
10,659,2026-09-11T01-36-41-239_3a67d011,55501,55751,78,0,96741
10,659,2026-09-11T01-36-41-239_3a67d011,56001,56251,78,0,96741
10,659,2026-09-11T01-36-41-239_3a67d011,56501,56751,78,0,96741
10,659,2026-09-11T01-36-41-239_3a67d011,57001,57251,78,0,96741
10,659,2026-09-11T01-36-41-239_3a67d011,57501,57751,78,0,96741
10,659,2026-09-11T01-36-41-239_3a67d011,58001,58251,78,0,96741
10,659,2026-09-11T01-36-41-239_3a67d011,58501,58751,78,0,96741
10,659,2026-09-11T01-36-41-239_3a67d011,59001,59251,78,0,96741
10,659,2026-09-11T01-36-41-239_3a67d011,59501,59751,78,0,96741
10,659,2026-09-11T01-36-41-239_3a67d011,60001,60251,78,0,96741
10,659,2026-09-11T01-36-41-239_3a67d011,60501,60751,78,0,96741
10,659,2026-09-11T01-36-41-239_3a67d011,61001,61251,78,0,96741
10,659,2026-09-11T01-36-41-239_3a67d011,61501,61751,78,0,96741
10,659,2026-09-11T01-36-41-239_3a67d011,62001,62251,78,0,96741
10,659,2026-09-11T01-36-41-239_3a67d011,62501,62751,78,0,96741
10,659,2026-09-11T01-36-41-239_3a67d011,63001,63251,78,0,96741
10,659,2026-09-11T01-36-41-239_3a67d011,63501,63751,78,0,96741
10,659,2026-09-11T01-36-41-239_3a67d011,64001,64251,78,0,96741
10,659,2026-09-11T01-36-41-239_3a67d011,64501,64751,78,0,96741
10,659,2026-09-11T01-36-41-239_3a67d011,65001,65251,78,0,96741
10,659,2026-09-11T01-36-41-239_3a67d011,65501,65751,78,0,96741
10,659,2026-09-11T01-36-41-239_3a67d011,66001,66251,78,0,96741
10,659,2026-09-11T01-36-41-239_3a67d011,66501,66751,78,0,96741
10,659,2026-09-11T01-36-41-239_3a67d011,67001,67251,78,0,96741
10,659,2026-09-11T01-36-41-239_3a67d011,67501,67751,78,0,96741
10,659,2026-09-11T01-36-41-239_3a67d011,68001,68251,78,0,96741
10,659,2026-09-11T01-36-41-239_3a67d011,68501,68751,78,0,96741
10,659,2026-09-11T01-36-41-239_3a67d011,69001,69251,78,0,96741
10,659,2026-09-11T01-36-41-239_3a67d011,69501,69751,78,0,96741
10,659,2026-09-11T01-36-41-239_3a67d011,70001,70251,78,0,96741
10,659,2026-09-11T01-36-41-239_3a67d011,70501,70751,78,0,96741
10,659,2026-09-11T01-36-41-239_3a67d011,71001,71251,78,0,96741
10,659,2026-09-11T01-36-41-239_3a67d011,71501,71751,78,0,96741
10,659,2026-09-11T01-36-41-239_3a67d011,72001,72251,78,0,96741
10,659,2026-09-11T01-36-41-239_3a67d011,72501,72751,78,0,96741
10,659,2026-09-11T01-36-41-239_3a67d011,73001,73251,78,0,96741
10,659,2026-09-11T01-36-41-239_3a67d011,73501,73751,78,0,96741
10,659,2026-09-11T01-36-41-239_3a67d011,74001,74251,78,0,96741
10,659,2026-09-11T01-36-41-239_3a67d011,74501,74751,78,0,96741
10,659,2026-09-11T01-36-41-239_3a67d011,75001,75251,78,0,96741
10,659,2026-09-11T01-36-41-239_3a67d011,75501,75751,78,0,96741
10,659,2026-09-11T01-36-41-239_3a67d011,76001,76251,78,0,96741
10,659,2026-09-11T01-36-41-239_3a67d011,76501,76751,78,0,96741
10,659,2026-09-11T01-36-41-239_3a67d011,77001,77251,78,0,96741
10,659,2026-09-11T01-36-41-239_3a67d011,77501,77751,78,0,96741
10,659,2026-09-11T01-36-41-239_3a67d011,78001,78251,78,0,96741
10,659,2026-09-11T01-36-41-239_3a67d011,78501,78751,78,0,96741
10,659,2026-09-11T01-36-41-239_3a67d011,79001,79251,78,0,96741
10,659,2026-09-11T01-36-41-239_3a67d011,79501,79751,78,0,96741
10,659,2026-09-11T01-36-41-239_3a67d011,80001,80251,78,0,96741
10,659,2026-09-11T01-36-41-239_3a67d011,80501,80751,78,0,96741
10,659,2026-09-11T01-36-41-239_3a67d011,81001,81251,78,0,96741
10,659,2026-09-11T01-36-41-239_3a67d011,81501,81751,78,0,96741
10,659,2026-09-11T01-36-41-239_3a67d011,82001,82251,78,0,96741
10,659,2026-09-11T01-36-41-239_3a67d011,82501,82751,78,0,96741
10,659,2026-09-11T01-36-41-239_3a67d011,83001,83251,78,0,96741
10,659,2026-09-11T01-36-41-239_3a67d011,83501,83751,78,0,96741
10,659,2026-09-11T01-36-41-239_3a67d011,84001,84251,78,0,96741
10,659,2026-09-11T01-36-41-239_3a67d011,84501,84751,78,0,96741
10,659,2026-09-11T01-36-41-239_3a67d011,85001,85251,78,0,96741
10,659,2026-09-11T01-36-41-239_3a67d011,85501,85751,78,0,96741
10,659,2026-09-11T01-36-41-239_3a67d011,86001,86251,78,0,96741
10,659,2026-09-11T01-36-41-239_3a67d011,86501,86751,78,0,96741
10,659,2026-09-11T01-36-41-239_3a67d011,87001,87251,78,0,96741
10,659,2026-09-11T01-36-41-239_3a67d011,87501,87751,78,0,96741
10,659,2026-09-11T01-36-41-239_3a67d011,88001,88251,78,0,96741
10,659,2026-09-11T01-36-41-239_3a67d011,88501,88751,78,0,96741
10,659,2026-09-11T01-36-41-239_3a67d011,89001,89251,78,0,96741
10,659,2026-09-11T01-36-41-239_3a67d011,89501,89751,78,0,96741
10,659,2026-09-11T01-36-41-239_3a67d011,90001,90251,78,0,96741
10,659,2026-09-11T01-36-41-239_3a67d011,90501,90751,78,0,96741
10,659,2026-09-11T01-36-41-239_3a67d011,91001,91251,78,0,96741
10,659,2026-09-11T01-36-41-239_3a67d011,91501,91751,78,0,96741
10,659,2026-09-11T01-36-41-239_3a67d011,92001,92251,78,0,96741
10,659,2026-09-11T01-36-41-239_3a67d011,92501,92751,78,0,96741
10,659,2026-09-11T01-36-41-239_3a67d011,93001,93251,78,0,96741
10,659,2026-09-11T01-36-41-239_3a67d011,93501,93751,78,0,96741
10,659,2026-09-11T01-36-41-239_3a67d011,94001,94251,78,0,96741
10,659,2026-09-11T01-36-41-239_3a67d011,94501,94751,78,0,96741
10,659,2026-09-11T01-36-41-239_3a67d011,95001,95251,78,0,96741
10,659,2026-09-11T01-36-41-239_3a67d011,95501,95751,78,0,96741
10,659,2026-09-11T01-36-41-239_3a67d011,96001,96251,78,0,96741
11,719,2026-09-11T01-51-24-860_c5a5fa4e,1,251,0,6772,31911
11,719,2026-09-11T01-51-24-860_c5a5fa4e,501,751,6772,4914,31911
11,719,2026-09-11T01-51-24-860_c5a5fa4e,1001,1251,11686,4982,31911
11,719,2026-09-11T01-51-24-860_c5a5fa4e,1501,1751,16668,4997,31911
11,719,2026-09-11T01-51-24-860_c5a5fa4e,2001,2251,21665,5018,31911
11,719,2026-09-11T01-51-24-860_c5a5fa4e,2501,2751,26683,5095,31911
11,719,2026-09-11T01-51-24-860_c5a5fa4e,3001,3251,31778,5079,31911
11,719,2026-09-11T01-51-24-860_c5a5fa4e,3501,3751,36857,5193,31911
11,719,2026-09-11T01-51-24-860_c5a5fa4e,4001,4251,42050,5212,31911
11,719,2026-09-11T01-51-24-860_c5a5fa4e,4501,4751,47262,5161,31911
11,719,2026-09-11T01-51-24-860_c5a5fa4e,5001,5251,52423,1938,31911
11,719,2026-09-11T01-51-24-860_c5a5fa4e,5501,5751,54361,0,31911
11,719,2026-09-11T01-51-24-860_c5a5fa4e,6001,6251,54361,0,31911
11,719,2026-09-11T01-51-24-860_c5a5fa4e,6501,6751,54361,0,31911
11,719,2026-09-11T01-51-24-860_c5a5fa4e,7001,7251,54361,0,31911
11,719,2026-09-11T01-51-24-860_c5a5fa4e,7501,7751,54361,0,31911
11,719,2026-09-11T01-51-24-860_c5a5fa4e,8001,8251,54361,0,31911
11,719,2026-09-11T01-51-24-860_c5a5fa4e,8501,8751,54361,0,31911
11,719,2026-09-11T01-51-24-860_c5a5fa4e,9001,9251,54361,0,31911
11,719,2026-09-11T01-51-24-860_c5a5fa4e,9501,9751,54361,33401,31911
11,719,2026-09-11T01-51-24-860_c5a5fa4e,10001,10251,87762,256,31911
11,719,2026-09-11T01-51-24-860_c5a5fa4e,10501,10751,88018,0,31911
11,719,2026-09-11T01-51-24-860_c5a5fa4e,11001,11251,88018,-88018,31911
11,719,2026-09-11T01-51-24-860_c5a5fa4e,11501,11751,0,0,31911
11,719,2026-09-11T01-51-24-860_c5a5fa4e,12001,12251,0,0,31911
11,719,2026-09-11T01-51-24-860_c5a5fa4e,12501,12751,0,0,31911
11,719,2026-09-11T01-51-24-860_c5a5fa4e,13001,13251,0,0,31911
11,719,2026-09-11T01-51-24-860_c5a5fa4e,13501,13751,0,0,31911
11,719,2026-09-11T01-51-24-860_c5a5fa4e,14001,14251,0,0,31911
11,719,2026-09-11T01-51-24-860_c5a5fa4e,14501,14751,0,0,31911
11,719,2026-09-11T01-51-24-860_c5a5fa4e,15001,15251,0,0,31911
11,719,2026-09-11T01-51-24-860_c5a5fa4e,15501,15751,0,0,31911
11,719,2026-09-11T01-51-24-860_c5a5fa4e,16001,16251,0,0,31911
11,719,2026-09-11T01-51-24-860_c5a5fa4e,16501,16751,0,0,31911
11,719,2026-09-11T01-51-24-860_c5a5fa4e,17001,17251,0,0,31911
11,719,2026-09-11T01-51-24-860_c5a5fa4e,17501,17751,0,0,31911
11,719,2026-09-11T01-51-24-860_c5a5fa4e,18001,18251,0,0,31911
11,719,2026-09-11T01-51-24-860_c5a5fa4e,18501,18751,0,0,31911
11,719,2026-09-11T01-51-24-860_c5a5fa4e,19001,19251,0,0,31911
11,719,2026-09-11T01-51-24-860_c5a5fa4e,19501,19751,0,0,31911
11,719,2026-09-11T01-51-24-860_c5a5fa4e,20001,20251,0,0,31911
11,719,2026-09-11T01-51-24-860_c5a5fa4e,20501,20751,0,0,31911
11,719,2026-09-11T01-51-24-860_c5a5fa4e,21001,21251,0,0,31911
11,719,2026-09-11T01-51-24-860_c5a5fa4e,21501,21751,0,0,31911
11,719,2026-09-11T01-51-24-860_c5a5fa4e,22001,22251,0,0,31911
11,719,2026-09-11T01-51-24-860_c5a5fa4e,22501,22751,0,0,31911
11,719,2026-09-11T01-51-24-860_c5a5fa4e,23001,23251,0,0,31911
11,719,2026-09-11T01-51-24-860_c5a5fa4e,23501,23751,0,0,31911
11,719,2026-09-11T01-51-24-860_c5a5fa4e,24001,24251,0,0,31911
11,719,2026-09-11T01-51-24-860_c5a5fa4e,24501,24751,0,0,31911
11,719,2026-09-11T01-51-24-860_c5a5fa4e,25001,25251,0,0,31911
11,719,2026-09-11T01-51-24-860_c5a5fa4e,25501,25751,0,0,31911
11,719,2026-09-11T01-51-24-860_c5a5fa4e,26001,26251,0,0,31911
11,719,2026-09-11T01-51-24-860_c5a5fa4e,26501,26751,0,0,31911
11,719,2026-09-11T01-51-24-860_c5a5fa4e,27001,27251,0,0,31911
11,719,2026-09-11T01-51-24-860_c5a5fa4e,27501,27751,0,0,31911
11,719,2026-09-11T01-51-24-860_c5a5fa4e,28001,28251,0,0,31911
11,719,2026-09-11T01-51-24-860_c5a5fa4e,28501,28751,0,0,31911
11,719,2026-09-11T01-51-24-860_c5a5fa4e,29001,29251,0,0,31911
11,719,2026-09-11T01-51-24-860_c5a5fa4e,29501,29751,0,0,31911
11,719,2026-09-11T01-51-24-860_c5a5fa4e,30001,30251,0,0,31911
11,719,2026-09-11T01-51-24-860_c5a5fa4e,30501,30751,0,0,31911
11,719,2026-09-11T01-51-24-860_c5a5fa4e,31001,31251,0,0,31911
12,779,2026-09-11T02-06-21-418_b2a16929,1,251,0,52,29341
12,779,2026-09-11T02-06-21-418_b2a16929,501,751,52,132,29341
12,779,2026-09-11T02-06-21-418_b2a16929,1001,1251,184,15797,29341
12,779,2026-09-11T02-06-21-418_b2a16929,1501,1751,15981,5614,29341
12,779,2026-09-11T02-06-21-418_b2a16929,2001,2251,21595,5457,29341
12,779,2026-09-11T02-06-21-418_b2a16929,2501,2751,27052,5595,29341
12,779,2026-09-11T02-06-21-418_b2a16929,3001,3251,32647,5655,29341
12,779,2026-09-11T02-06-21-418_b2a16929,3501,3751,38302,5687,29341
12,779,2026-09-11T02-06-21-418_b2a16929,4001,4251,43989,5859,29341
12,779,2026-09-11T02-06-21-418_b2a16929,4501,4751,49848,5783,29341
12,779,2026-09-11T02-06-21-418_b2a16929,5001,5251,55631,5572,29341
12,779,2026-09-11T02-06-21-418_b2a16929,5501,5751,61203,5314,29341
12,779,2026-09-11T02-06-21-418_b2a16929,6001,6251,66517,4328,29341
12,779,2026-09-11T02-06-21-418_b2a16929,6501,6751,70845,4128,29341
12,779,2026-09-11T02-06-21-418_b2a16929,7001,7251,74973,4148,29341
12,779,2026-09-11T02-06-21-418_b2a16929,7501,7751,79121,4153,29341
12,779,2026-09-11T02-06-21-418_b2a16929,8001,8251,83274,4142,29341
12,779,2026-09-11T02-06-21-418_b2a16929,8501,8751,87416,2760,29341
12,779,2026-09-11T02-06-21-418_b2a16929,9001,9251,90176,0,29341
12,779,2026-09-11T02-06-21-418_b2a16929,9501,9751,90176,0,29341
12,779,2026-09-11T02-06-21-418_b2a16929,10001,10251,90176,0,29341
12,779,2026-09-11T02-06-21-418_b2a16929,10501,10751,90176,0,29341
12,779,2026-09-11T02-06-21-418_b2a16929,11001,11251,90176,0,29341
12,779,2026-09-11T02-06-21-418_b2a16929,11501,11751,90176,0,29341
12,779,2026-09-11T02-06-21-418_b2a16929,12001,12251,90176,0,29341
12,779,2026-09-11T02-06-21-418_b2a16929,12501,12751,90176,-43469,29341
12,779,2026-09-11T02-06-21-418_b2a16929,13001,13251,46707,-46707,29341
12,779,2026-09-11T02-06-21-418_b2a16929,13501,13751,0,0,29341
12,779,2026-09-11T02-06-21-418_b2a16929,14001,14251,0,0,29341
12,779,2026-09-11T02-06-21-418_b2a16929,14501,14751,0,0,29341
12,779,2026-09-11T02-06-21-418_b2a16929,15001,15251,0,0,29341
12,779,2026-09-11T02-06-21-418_b2a16929,15501,15751,0,0,29341
12,779,2026-09-11T02-06-21-418_b2a16929,16001,16251,0,0,29341
12,779,2026-09-11T02-06-21-418_b2a16929,16501,16751,0,0,29341
12,779,2026-09-11T02-06-21-418_b2a16929,17001,17251,0,0,29341
12,779,2026-09-11T02-06-21-418_b2a16929,17501,17751,0,0,29341
12,779,2026-09-11T02-06-21-418_b2a16929,18001,18251,0,0,29341
12,779,2026-09-11T02-06-21-418_b2a16929,18501,18751,0,0,29341
12,779,2026-09-11T02-06-21-418_b2a16929,19001,19251,0,0,29341
12,779,2026-09-11T02-06-21-418_b2a16929,19501,19751,0,0,29341
12,779,2026-09-11T02-06-21-418_b2a16929,20001,20251,0,0,29341
12,779,2026-09-11T02-06-21-418_b2a16929,20501,20751,0,0,29341
12,779,2026-09-11T02-06-21-418_b2a16929,21001,21251,0,0,29341
12,779,2026-09-11T02-06-21-418_b2a16929,21501,21751,0,0,29341
12,779,2026-09-11T02-06-21-418_b2a16929,22001,22251,0,0,29341
12,779,2026-09-11T02-06-21-418_b2a16929,22501,22751,0,0,29341
12,779,2026-09-11T02-06-21-418_b2a16929,23001,23251,0,0,29341
12,779,2026-09-11T02-06-21-418_b2a16929,23501,23751,0,0,29341
12,779,2026-09-11T02-06-21-418_b2a16929,24001,24251,0,0,29341
12,779,2026-09-11T02-06-21-418_b2a16929,24501,24751,0,0,29341
12,779,2026-09-11T02-06-21-418_b2a16929,25001,25251,0,0,29341
12,779,2026-09-11T02-06-21-418_b2a16929,25501,25751,0,0,29341
12,779,2026-09-11T02-06-21-418_b2a16929,26001,26251,0,0,29341
12,779,2026-09-11T02-06-21-418_b2a16929,26501,26751,0,0,29341
12,779,2026-09-11T02-06-21-418_b2a16929,27001,27251,0,0,29341
12,779,2026-09-11T02-06-21-418_b2a16929,27501,27751,0,0,29341
12,779,2026-09-11T02-06-21-418_b2a16929,28001,28251,0,0,29341
12,779,2026-09-11T02-06-21-418_b2a16929,28501,28751,0,0,29341
13,839,2026-09-11T02-20-18-981_2776a680,1,251,0,6406,7151
13,839,2026-09-11T02-20-18-981_2776a680,501,751,6406,4812,7151
13,839,2026-09-11T02-20-18-981_2776a680,1001,1251,11218,4810,7151
13,839,2026-09-11T02-20-18-981_2776a680,1501,1751,16028,4851,7151
13,839,2026-09-11T02-20-18-981_2776a680,2001,2251,20879,4852,7151
13,839,2026-09-11T02-20-18-981_2776a680,2501,2751,25731,4831,7151
13,839,2026-09-11T02-20-18-981_2776a680,3001,3251,30562,4851,7151
13,839,2026-09-11T02-20-18-981_2776a680,3501,3751,35413,4822,7151
13,839,2026-09-11T02-20-18-981_2776a680,4001,4251,40235,4264,7151
13,839,2026-09-11T02-20-18-981_2776a680,4501,4751,44499,0,7151
13,839,2026-09-11T02-20-18-981_2776a680,5001,5251,44499,0,7151
13,839,2026-09-11T02-20-18-981_2776a680,5501,5751,44499,0,7151
13,839,2026-09-11T02-20-18-981_2776a680,6001,6251,44499,0,7151
13,839,2026-09-11T02-20-18-981_2776a680,6501,6751,44499,0,7151
14,899,2026-09-11T02-34-23-851_534f54c5,1,251,0,5115,4571
14,899,2026-09-11T02-34-23-851_534f54c5,501,751,5115,1572,4571
14,899,2026-09-11T02-34-23-851_534f54c5,1001,1251,6687,1551,4571
14,899,2026-09-11T02-34-23-851_534f54c5,1501,1751,8238,-8238,4571
14,899,2026-09-11T02-34-23-851_534f54c5,2001,2251,0,0,4571
14,899,2026-09-11T02-34-23-851_534f54c5,2501,2751,0,0,4571
14,899,2026-09-11T02-34-23-851_534f54c5,3001,3251,0,0,4571
14,899,2026-09-11T02-34-23-851_534f54c5,3501,3751,0,0,4571
14,899,2026-09-11T02-34-23-851_534f54c5,4001,4251,0,0,4571
15,959,2026-09-11T02-53-30-869_e61d609f,1,251,0,16,102011
15,959,2026-09-11T02-53-30-869_e61d609f,501,751,16,0,102011
15,959,2026-09-11T02-53-30-869_e61d609f,1001,1251,16,10822,102011
15,959,2026-09-11T02-53-30-869_e61d609f,1501,1751,10838,6198,102011
15,959,2026-09-11T02-53-30-869_e61d609f,2001,2251,17036,2394,102011
15,959,2026-09-11T02-53-30-869_e61d609f,2501,2751,19430,-2276,102011
15,959,2026-09-11T02-53-30-869_e61d609f,3001,3251,17154,6003,102011
15,959,2026-09-11T02-53-30-869_e61d609f,3501,3751,23157,5943,102011
15,959,2026-09-11T02-53-30-869_e61d609f,4001,4251,29100,5891,102011
15,959,2026-09-11T02-53-30-869_e61d609f,4501,4751,34991,-7236,102011
15,959,2026-09-11T02-53-30-869_e61d609f,5001,5251,27755,5388,102011
15,959,2026-09-11T02-53-30-869_e61d609f,5501,5751,33143,-33143,102011
15,959,2026-09-11T02-53-30-869_e61d609f,6001,6251,0,0,102011
15,959,2026-09-11T02-53-30-869_e61d609f,6501,6751,0,0,102011
15,959,2026-09-11T02-53-30-869_e61d609f,7001,7251,0,0,102011
15,959,2026-09-11T02-53-30-869_e61d609f,7501,7751,0,0,102011
15,959,2026-09-11T02-53-30-869_e61d609f,8001,8251,0,0,102011
15,959,2026-09-11T02-53-30-869_e61d609f,8501,8751,0,0,102011
15,959,2026-09-11T02-53-30-869_e61d609f,9001,9251,0,0,102011
15,959,2026-09-11T02-53-30-869_e61d609f,9501,9751,0,0,102011
15,959,2026-09-11T02-53-30-869_e61d609f,10001,10251,0,0,102011
15,959,2026-09-11T02-53-30-869_e61d609f,10501,10751,0,0,102011
15,959,2026-09-11T02-53-30-869_e61d609f,11001,11251,0,0,102011
15,959,2026-09-11T02-53-30-869_e61d609f,11501,11751,0,0,102011
15,959,2026-09-11T02-53-30-869_e61d609f,12001,12251,0,0,102011
15,959,2026-09-11T02-53-30-869_e61d609f,12501,12751,0,0,102011
15,959,2026-09-11T02-53-30-869_e61d609f,13001,13251,0,0,102011
15,959,2026-09-11T02-53-30-869_e61d609f,13501,13751,0,0,102011
15,959,2026-09-11T02-53-30-869_e61d609f,14001,14251,0,0,102011
15,959,2026-09-11T02-53-30-869_e61d609f,14501,14751,0,0,102011
15,959,2026-09-11T02-53-30-869_e61d609f,15001,15251,0,0,102011
15,959,2026-09-11T02-53-30-869_e61d609f,15501,15751,0,0,102011
15,959,2026-09-11T02-53-30-869_e61d609f,16001,16251,0,0,102011
15,959,2026-09-11T02-53-30-869_e61d609f,16501,16751,0,0,102011
15,959,2026-09-11T02-53-30-869_e61d609f,17001,17251,0,0,102011
15,959,2026-09-11T02-53-30-869_e61d609f,17501,17751,0,0,102011
15,959,2026-09-11T02-53-30-869_e61d609f,18001,18251,0,0,102011
15,959,2026-09-11T02-53-30-869_e61d609f,18501,18751,0,0,102011
15,959,2026-09-11T02-53-30-869_e61d609f,19001,19251,0,0,102011
15,959,2026-09-11T02-53-30-869_e61d609f,19501,19751,0,0,102011
15,959,2026-09-11T02-53-30-869_e61d609f,20001,20251,0,0,102011
15,959,2026-09-11T02-53-30-869_e61d609f,20501,20751,0,0,102011
15,959,2026-09-11T02-53-30-869_e61d609f,21001,21251,0,0,102011
15,959,2026-09-11T02-53-30-869_e61d609f,21501,21751,0,0,102011
15,959,2026-09-11T02-53-30-869_e61d609f,22001,22251,0,0,102011
15,959,2026-09-11T02-53-30-869_e61d609f,22501,22751,0,0,102011
15,959,2026-09-11T02-53-30-869_e61d609f,23001,23251,0,0,102011
15,959,2026-09-11T02-53-30-869_e61d609f,23501,23751,0,0,102011
15,959,2026-09-11T02-53-30-869_e61d609f,24001,24251,0,0,102011
15,959,2026-09-11T02-53-30-869_e61d609f,24501,24751,0,0,102011
15,959,2026-09-11T02-53-30-869_e61d609f,25001,25251,0,0,102011
15,959,2026-09-11T02-53-30-869_e61d609f,25501,25751,0,0,102011
15,959,2026-09-11T02-53-30-869_e61d609f,26001,26251,0,0,102011
15,959,2026-09-11T02-53-30-869_e61d609f,26501,26751,0,0,102011
15,959,2026-09-11T02-53-30-869_e61d609f,27001,27251,0,0,102011
15,959,2026-09-11T02-53-30-869_e61d609f,27501,27751,0,0,102011
15,959,2026-09-11T02-53-30-869_e61d609f,28001,28251,0,0,102011
15,959,2026-09-11T02-53-30-869_e61d609f,28501,28751,0,0,102011
15,959,2026-09-11T02-53-30-869_e61d609f,29001,29251,0,0,102011
15,959,2026-09-11T02-53-30-869_e61d609f,29501,29751,0,0,102011
15,959,2026-09-11T02-53-30-869_e61d609f,30001,30251,0,0,102011
15,959,2026-09-11T02-53-30-869_e61d609f,30501,30751,0,0,102011
15,959,2026-09-11T02-53-30-869_e61d609f,31001,31251,0,0,102011
15,959,2026-09-11T02-53-30-869_e61d609f,31501,31751,0,0,102011
15,959,2026-09-11T02-53-30-869_e61d609f,32001,32251,0,0,102011
15,959,2026-09-11T02-53-30-869_e61d609f,32501,32751,0,0,102011
15,959,2026-09-11T02-53-30-869_e61d609f,33001,33251,0,0,102011
15,959,2026-09-11T02-53-30-869_e61d609f,33501,33751,0,0,102011
15,959,2026-09-11T02-53-30-869_e61d609f,34001,34251,0,0,102011
15,959,2026-09-11T02-53-30-869_e61d609f,34501,34751,0,0,102011
15,959,2026-09-11T02-53-30-869_e61d609f,35001,35251,0,0,102011
15,959,2026-09-11T02-53-30-869_e61d609f,35501,35751,0,0,102011
15,959,2026-09-11T02-53-30-869_e61d609f,36001,36251,0,0,102011
15,959,2026-09-11T02-53-30-869_e61d609f,36501,36751,0,0,102011
15,959,2026-09-11T02-53-30-869_e61d609f,37001,37251,0,0,102011
15,959,2026-09-11T02-53-30-869_e61d609f,37501,37751,0,0,102011
15,959,2026-09-11T02-53-30-869_e61d609f,38001,38251,0,0,102011
15,959,2026-09-11T02-53-30-869_e61d609f,38501,38751,0,0,102011
15,959,2026-09-11T02-53-30-869_e61d609f,39001,39251,0,0,102011
15,959,2026-09-11T02-53-30-869_e61d609f,39501,39751,0,0,102011
15,959,2026-09-11T02-53-30-869_e61d609f,40001,40251,0,0,102011
15,959,2026-09-11T02-53-30-869_e61d609f,40501,40751,0,0,102011
15,959,2026-09-11T02-53-30-869_e61d609f,41001,41251,0,0,102011
15,959,2026-09-11T02-53-30-869_e61d609f,41501,41751,0,0,102011
15,959,2026-09-11T02-53-30-869_e61d609f,42001,42251,0,0,102011
15,959,2026-09-11T02-53-30-869_e61d609f,42501,42751,0,0,102011
15,959,2026-09-11T02-53-30-869_e61d609f,43001,43251,0,0,102011
15,959,2026-09-11T02-53-30-869_e61d609f,43501,43751,0,0,102011
15,959,2026-09-11T02-53-30-869_e61d609f,44001,44251,0,0,102011
15,959,2026-09-11T02-53-30-869_e61d609f,44501,44751,0,0,102011
15,959,2026-09-11T02-53-30-869_e61d609f,45001,45251,0,0,102011
15,959,2026-09-11T02-53-30-869_e61d609f,45501,45751,0,0,102011
15,959,2026-09-11T02-53-30-869_e61d609f,46001,46251,0,0,102011
15,959,2026-09-11T02-53-30-869_e61d609f,46501,46751,0,0,102011
15,959,2026-09-11T02-53-30-869_e61d609f,47001,47251,0,0,102011
15,959,2026-09-11T02-53-30-869_e61d609f,47501,47751,0,0,102011
15,959,2026-09-11T02-53-30-869_e61d609f,48001,48251,0,0,102011
15,959,2026-09-11T02-53-30-869_e61d609f,48501,48751,0,0,102011
15,959,2026-09-11T02-53-30-869_e61d609f,49001,49251,0,0,102011
15,959,2026-09-11T02-53-30-869_e61d609f,49501,49751,0,0,102011
15,959,2026-09-11T02-53-30-869_e61d609f,50001,50251,0,0,102011
15,959,2026-09-11T02-53-30-869_e61d609f,50501,50751,0,0,102011
15,959,2026-09-11T02-53-30-869_e61d609f,51001,51251,0,0,102011
15,959,2026-09-11T02-53-30-869_e61d609f,51501,51751,0,0,102011
15,959,2026-09-11T02-53-30-869_e61d609f,52001,52251,0,0,102011
15,959,2026-09-11T02-53-30-869_e61d609f,52501,52751,0,0,102011
15,959,2026-09-11T02-53-30-869_e61d609f,53001,53251,0,0,102011
15,959,2026-09-11T02-53-30-869_e61d609f,53501,53751,0,0,102011
15,959,2026-09-11T02-53-30-869_e61d609f,54001,54251,0,0,102011
15,959,2026-09-11T02-53-30-869_e61d609f,54501,54751,0,0,102011
15,959,2026-09-11T02-53-30-869_e61d609f,55001,55251,0,0,102011
15,959,2026-09-11T02-53-30-869_e61d609f,55501,55751,0,0,102011
15,959,2026-09-11T02-53-30-869_e61d609f,56001,56251,0,0,102011
15,959,2026-09-11T02-53-30-869_e61d609f,56501,56751,0,0,102011
15,959,2026-09-11T02-53-30-869_e61d609f,57001,57251,0,0,102011
15,959,2026-09-11T02-53-30-869_e61d609f,57501,57751,0,0,102011
15,959,2026-09-11T02-53-30-869_e61d609f,58001,58251,0,0,102011
15,959,2026-09-11T02-53-30-869_e61d609f,58501,58751,0,0,102011
15,959,2026-09-11T02-53-30-869_e61d609f,59001,59251,0,0,102011
15,959,2026-09-11T02-53-30-869_e61d609f,59501,59751,0,0,102011
15,959,2026-09-11T02-53-30-869_e61d609f,60001,60251,0,0,102011
15,959,2026-09-11T02-53-30-869_e61d609f,60501,60751,0,0,102011
15,959,2026-09-11T02-53-30-869_e61d609f,61001,61251,0,0,102011
15,959,2026-09-11T02-53-30-869_e61d609f,61501,61751,0,0,102011
15,959,2026-09-11T02-53-30-869_e61d609f,62001,62251,0,0,102011
15,959,2026-09-11T02-53-30-869_e61d609f,62501,62751,0,0,102011
15,959,2026-09-11T02-53-30-869_e61d609f,63001,63251,0,0,102011
15,959,2026-09-11T02-53-30-869_e61d609f,63501,63751,0,0,102011
15,959,2026-09-11T02-53-30-869_e61d609f,64001,64251,0,0,102011
15,959,2026-09-11T02-53-30-869_e61d609f,64501,64751,0,0,102011
15,959,2026-09-11T02-53-30-869_e61d609f,65001,65251,0,0,102011
15,959,2026-09-11T02-53-30-869_e61d609f,65501,65751,0,0,102011
15,959,2026-09-11T02-53-30-869_e61d609f,66001,66251,0,0,102011
15,959,2026-09-11T02-53-30-869_e61d609f,66501,66751,0,0,102011
15,959,2026-09-11T02-53-30-869_e61d609f,67001,67251,0,0,102011
15,959,2026-09-11T02-53-30-869_e61d609f,67501,67751,0,0,102011
15,959,2026-09-11T02-53-30-869_e61d609f,68001,68251,0,0,102011
15,959,2026-09-11T02-53-30-869_e61d609f,68501,68751,0,0,102011
15,959,2026-09-11T02-53-30-869_e61d609f,69001,69251,0,0,102011
15,959,2026-09-11T02-53-30-869_e61d609f,69501,69751,0,0,102011
15,959,2026-09-11T02-53-30-869_e61d609f,70001,70251,0,0,102011
15,959,2026-09-11T02-53-30-869_e61d609f,70501,70751,0,0,102011
15,959,2026-09-11T02-53-30-869_e61d609f,71001,71251,0,0,102011
15,959,2026-09-11T02-53-30-869_e61d609f,71501,71751,0,0,102011
15,959,2026-09-11T02-53-30-869_e61d609f,72001,72251,0,0,102011
15,959,2026-09-11T02-53-30-869_e61d609f,72501,72751,0,0,102011
15,959,2026-09-11T02-53-30-869_e61d609f,73001,73251,0,0,102011
15,959,2026-09-11T02-53-30-869_e61d609f,73501,73751,0,0,102011
15,959,2026-09-11T02-53-30-869_e61d609f,74001,74251,0,0,102011
15,959,2026-09-11T02-53-30-869_e61d609f,74501,74751,0,0,102011
15,959,2026-09-11T02-53-30-869_e61d609f,75001,75251,0,0,102011
15,959,2026-09-11T02-53-30-869_e61d609f,75501,75751,0,0,102011
15,959,2026-09-11T02-53-30-869_e61d609f,76001,76251,0,0,102011
15,959,2026-09-11T02-53-30-869_e61d609f,76501,76751,0,0,102011
15,959,2026-09-11T02-53-30-869_e61d609f,77001,77251,0,0,102011
15,959,2026-09-11T02-53-30-869_e61d609f,77501,77751,0,0,102011
15,959,2026-09-11T02-53-30-869_e61d609f,78001,78251,0,0,102011
15,959,2026-09-11T02-53-30-869_e61d609f,78501,78751,0,0,102011
15,959,2026-09-11T02-53-30-869_e61d609f,79001,79251,0,0,102011
15,959,2026-09-11T02-53-30-869_e61d609f,79501,79751,0,0,102011
15,959,2026-09-11T02-53-30-869_e61d609f,80001,80251,0,0,102011
15,959,2026-09-11T02-53-30-869_e61d609f,80501,80751,0,0,102011
15,959,2026-09-11T02-53-30-869_e61d609f,81001,81251,0,0,102011
15,959,2026-09-11T02-53-30-869_e61d609f,81501,81751,0,0,102011
15,959,2026-09-11T02-53-30-869_e61d609f,82001,82251,0,0,102011
15,959,2026-09-11T02-53-30-869_e61d609f,82501,82751,0,0,102011
15,959,2026-09-11T02-53-30-869_e61d609f,83001,83251,0,0,102011
15,959,2026-09-11T02-53-30-869_e61d609f,83501,83751,0,0,102011
15,959,2026-09-11T02-53-30-869_e61d609f,84001,84251,0,0,102011
15,959,2026-09-11T02-53-30-869_e61d609f,84501,84751,0,0,102011
15,959,2026-09-11T02-53-30-869_e61d609f,85001,85251,0,0,102011
15,959,2026-09-11T02-53-30-869_e61d609f,85501,85751,0,0,102011
15,959,2026-09-11T02-53-30-869_e61d609f,86001,86251,0,0,102011
15,959,2026-09-11T02-53-30-869_e61d609f,86501,86751,0,0,102011
15,959,2026-09-11T02-53-30-869_e61d609f,87001,87251,0,0,102011
15,959,2026-09-11T02-53-30-869_e61d609f,87501,87751,0,0,102011
15,959,2026-09-11T02-53-30-869_e61d609f,88001,88251,0,0,102011
15,959,2026-09-11T02-53-30-869_e61d609f,88501,88751,0,0,102011
15,959,2026-09-11T02-53-30-869_e61d609f,89001,89251,0,0,102011
15,959,2026-09-11T02-53-30-869_e61d609f,89501,89751,0,0,102011
15,959,2026-09-11T02-53-30-869_e61d609f,90001,90251,0,0,102011
15,959,2026-09-11T02-53-30-869_e61d609f,90501,90751,0,0,102011
15,959,2026-09-11T02-53-30-869_e61d609f,91001,91251,0,0,102011
15,959,2026-09-11T02-53-30-869_e61d609f,91501,91751,0,0,102011
15,959,2026-09-11T02-53-30-869_e61d609f,92001,92251,0,0,102011
15,959,2026-09-11T02-53-30-869_e61d609f,92501,92751,0,0,102011
15,959,2026-09-11T02-53-30-869_e61d609f,93001,93251,0,0,102011
15,959,2026-09-11T02-53-30-869_e61d609f,93501,93751,0,0,102011
15,959,2026-09-11T02-53-30-869_e61d609f,94001,94251,0,0,102011
15,959,2026-09-11T02-53-30-869_e61d609f,94501,94751,0,0,102011
15,959,2026-09-11T02-53-30-869_e61d609f,95001,95251,0,0,102011
15,959,2026-09-11T02-53-30-869_e61d609f,95501,95751,0,0,102011
15,959,2026-09-11T02-53-30-869_e61d609f,96001,96251,0,0,102011
15,959,2026-09-11T02-53-30-869_e61d609f,96501,96751,0,0,102011
15,959,2026-09-11T02-53-30-869_e61d609f,97001,97251,0,0,102011
15,959,2026-09-11T02-53-30-869_e61d609f,97501,97751,0,0,102011
15,959,2026-09-11T02-53-30-869_e61d609f,98001,98251,0,0,102011
15,959,2026-09-11T02-53-30-869_e61d609f,98501,98751,0,0,102011
15,959,2026-09-11T02-53-30-869_e61d609f,99001,99251,0,0,102011
15,959,2026-09-11T02-53-30-869_e61d609f,99501,99751,0,0,102011
15,959,2026-09-11T02-53-30-869_e61d609f,100001,100251,0,0,102011
15,959,2026-09-11T02-53-30-869_e61d609f,100501,100751,0,0,102011
15,959,2026-09-11T02-53-30-869_e61d609f,101001,101251,0,0,102011
15,959,2026-09-11T02-53-30-869_e61d609f,101501,101751,0,0,102011
16,1019,2026-09-11T03-08-42-706_8df93e18,1,251,0,52,20081
16,1019,2026-09-11T03-08-42-706_8df93e18,501,751,52,0,20081
16,1019,2026-09-11T03-08-42-706_8df93e18,1001,1251,52,0,20081
16,1019,2026-09-11T03-08-42-706_8df93e18,1501,1751,52,0,20081
16,1019,2026-09-11T03-08-42-706_8df93e18,2001,2251,52,0,20081
16,1019,2026-09-11T03-08-42-706_8df93e18,2501,2751,52,0,20081
16,1019,2026-09-11T03-08-42-706_8df93e18,3001,3251,52,0,20081
16,1019,2026-09-11T03-08-42-706_8df93e18,3501,3751,52,-52,20081
16,1019,2026-09-11T03-08-42-706_8df93e18,4001,4251,0,0,20081
16,1019,2026-09-11T03-08-42-706_8df93e18,4501,4751,0,0,20081
16,1019,2026-09-11T03-08-42-706_8df93e18,5001,5251,0,0,20081
16,1019,2026-09-11T03-08-42-706_8df93e18,5501,5751,0,0,20081
16,1019,2026-09-11T03-08-42-706_8df93e18,6001,6251,0,0,20081
16,1019,2026-09-11T03-08-42-706_8df93e18,6501,6751,0,0,20081
16,1019,2026-09-11T03-08-42-706_8df93e18,7001,7251,0,0,20081
16,1019,2026-09-11T03-08-42-706_8df93e18,7501,7751,0,0,20081
16,1019,2026-09-11T03-08-42-706_8df93e18,8001,8251,0,0,20081
16,1019,2026-09-11T03-08-42-706_8df93e18,8501,8751,0,0,20081
16,1019,2026-09-11T03-08-42-706_8df93e18,9001,9251,0,0,20081
16,1019,2026-09-11T03-08-42-706_8df93e18,9501,9751,0,0,20081
16,1019,2026-09-11T03-08-42-706_8df93e18,10001,10251,0,0,20081
16,1019,2026-09-11T03-08-42-706_8df93e18,10501,10751,0,0,20081
16,1019,2026-09-11T03-08-42-706_8df93e18,11001,11251,0,0,20081
16,1019,2026-09-11T03-08-42-706_8df93e18,11501,11751,0,0,20081
16,1019,2026-09-11T03-08-42-706_8df93e18,12001,12251,0,0,20081
16,1019,2026-09-11T03-08-42-706_8df93e18,12501,12751,0,0,20081
16,1019,2026-09-11T03-08-42-706_8df93e18,13001,13251,0,0,20081
16,1019,2026-09-11T03-08-42-706_8df93e18,13501,13751,0,0,20081
16,1019,2026-09-11T03-08-42-706_8df93e18,14001,14251,0,0,20081
16,1019,2026-09-11T03-08-42-706_8df93e18,14501,14751,0,0,20081
16,1019,2026-09-11T03-08-42-706_8df93e18,15001,15251,0,0,20081
16,1019,2026-09-11T03-08-42-706_8df93e18,15501,15751,0,0,20081
16,1019,2026-09-11T03-08-42-706_8df93e18,16001,16251,0,0,20081
16,1019,2026-09-11T03-08-42-706_8df93e18,16501,16751,0,0,20081
16,1019,2026-09-11T03-08-42-706_8df93e18,17001,17251,0,0,20081
16,1019,2026-09-11T03-08-42-706_8df93e18,17501,17751,0,0,20081
16,1019,2026-09-11T03-08-42-706_8df93e18,18001,18251,0,0,20081
16,1019,2026-09-11T03-08-42-706_8df93e18,18501,18751,0,0,20081
16,1019,2026-09-11T03-08-42-706_8df93e18,19001,19251,0,0,20081
16,1019,2026-09-11T03-08-42-706_8df93e18,19501,19751,0,0,20081
17,1079,2026-09-11T03-22-23-582_7011166e,1,251,0,52,5361
17,1079,2026-09-11T03-22-23-582_7011166e,501,751,52,0,5361
17,1079,2026-09-11T03-22-23-582_7011166e,1001,1251,52,0,5361
17,1079,2026-09-11T03-22-23-582_7011166e,1501,1751,52,0,5361
17,1079,2026-09-11T03-22-23-582_7011166e,2001,2251,52,0,5361
17,1079,2026-09-11T03-22-23-582_7011166e,2501,2751,52,0,5361
17,1079,2026-09-11T03-22-23-582_7011166e,3001,3251,52,0,5361
17,1079,2026-09-11T03-22-23-582_7011166e,3501,3751,52,0,5361
17,1079,2026-09-11T03-22-23-582_7011166e,4001,4251,52,0,5361
17,1079,2026-09-11T03-22-23-582_7011166e,4501,4751,52,0,5361
18,1139,2026-09-11T03-37-04-315_307c8e57,1,251,0,7254,15351
18,1139,2026-09-11T03-37-04-315_307c8e57,501,751,7254,5835,15351
18,1139,2026-09-11T03-37-04-315_307c8e57,1001,1251,13089,5840,15351
18,1139,2026-09-11T03-37-04-315_307c8e57,1501,1751,18929,5911,15351
18,1139,2026-09-11T03-37-04-315_307c8e57,2001,2251,24840,5939,15351
18,1139,2026-09-11T03-37-04-315_307c8e57,2501,2751,30779,5864,15351
18,1139,2026-09-11T03-37-04-315_307c8e57,3001,3251,36643,5813,15351
18,1139,2026-09-11T03-37-04-315_307c8e57,3501,3751,42456,5749,15351
18,1139,2026-09-11T03-37-04-315_307c8e57,4001,4251,48205,5783,15351
18,1139,2026-09-11T03-37-04-315_307c8e57,4501,4751,53988,5869,15351
18,1139,2026-09-11T03-37-04-315_307c8e57,5001,5251,59857,5956,15351
18,1139,2026-09-11T03-37-04-315_307c8e57,5501,5751,65813,5972,15351
18,1139,2026-09-11T03-37-04-315_307c8e57,6001,6251,71785,5925,15351
18,1139,2026-09-11T03-37-04-315_307c8e57,6501,6751,77710,5950,15351
18,1139,2026-09-11T03-37-04-315_307c8e57,7001,7251,83660,5893,15351
18,1139,2026-09-11T03-37-04-315_307c8e57,7501,7751,89553,1920,15351
18,1139,2026-09-11T03-37-04-315_307c8e57,8001,8251,91473,-91473,15351
18,1139,2026-09-11T03-37-04-315_307c8e57,8501,8751,0,0,15351
18,1139,2026-09-11T03-37-04-315_307c8e57,9001,9251,0,0,15351
18,1139,2026-09-11T03-37-04-315_307c8e57,9501,9751,0,0,15351
18,1139,2026-09-11T03-37-04-315_307c8e57,10001,10251,0,0,15351
18,1139,2026-09-11T03-37-04-315_307c8e57,10501,10751,0,0,15351
18,1139,2026-09-11T03-37-04-315_307c8e57,11001,11251,0,0,15351
18,1139,2026-09-11T03-37-04-315_307c8e57,11501,11751,0,0,15351
18,1139,2026-09-11T03-37-04-315_307c8e57,12001,12251,0,0,15351
18,1139,2026-09-11T03-37-04-315_307c8e57,12501,12751,0,0,15351
18,1139,2026-09-11T03-37-04-315_307c8e57,13001,13251,0,0,15351
18,1139,2026-09-11T03-37-04-315_307c8e57,13501,13751,0,0,15351
18,1139,2026-09-11T03-37-04-315_307c8e57,14001,14251,0,0,15351
18,1139,2026-09-11T03-37-04-315_307c8e57,14501,14751,0,0,15351
19,1199,2026-09-11T03-51-54-721_e95e66cc,1,251,0,9274,35571
19,1199,2026-09-11T03-51-54-721_e95e66cc,501,751,9274,4529,35571
19,1199,2026-09-11T03-51-54-721_e95e66cc,1001,1251,13803,0,35571
19,1199,2026-09-11T03-51-54-721_e95e66cc,1501,1751,13803,0,35571
19,1199,2026-09-11T03-51-54-721_e95e66cc,2001,2251,13803,0,35571
19,1199,2026-09-11T03-51-54-721_e95e66cc,2501,2751,13803,0,35571
19,1199,2026-09-11T03-51-54-721_e95e66cc,3001,3251,13803,2735,35571
19,1199,2026-09-11T03-51-54-721_e95e66cc,3501,3751,16538,7642,35571
19,1199,2026-09-11T03-51-54-721_e95e66cc,4001,4251,24180,0,35571
19,1199,2026-09-11T03-51-54-721_e95e66cc,4501,4751,24180,0,35571
19,1199,2026-09-11T03-51-54-721_e95e66cc,5001,5251,24180,0,35571
19,1199,2026-09-11T03-51-54-721_e95e66cc,5501,5751,24180,0,35571
19,1199,2026-09-11T03-51-54-721_e95e66cc,6001,6251,24180,0,35571
19,1199,2026-09-11T03-51-54-721_e95e66cc,6501,6751,24180,0,35571
19,1199,2026-09-11T03-51-54-721_e95e66cc,7001,7251,24180,0,35571
19,1199,2026-09-11T03-51-54-721_e95e66cc,7501,7751,24180,0,35571
19,1199,2026-09-11T03-51-54-721_e95e66cc,8001,8251,24180,0,35571
19,1199,2026-09-11T03-51-54-721_e95e66cc,8501,8751,24180,0,35571
19,1199,2026-09-11T03-51-54-721_e95e66cc,9001,9251,24180,0,35571
19,1199,2026-09-11T03-51-54-721_e95e66cc,9501,9751,24180,0,35571
19,1199,2026-09-11T03-51-54-721_e95e66cc,10001,10251,24180,0,35571
19,1199,2026-09-11T03-51-54-721_e95e66cc,10501,10751,24180,0,35571
19,1199,2026-09-11T03-51-54-721_e95e66cc,11001,11251,24180,0,35571
19,1199,2026-09-11T03-51-54-721_e95e66cc,11501,11751,24180,0,35571
19,1199,2026-09-11T03-51-54-721_e95e66cc,12001,12251,24180,0,35571
19,1199,2026-09-11T03-51-54-721_e95e66cc,12501,12751,24180,0,35571
19,1199,2026-09-11T03-51-54-721_e95e66cc,13001,13251,24180,0,35571
19,1199,2026-09-11T03-51-54-721_e95e66cc,13501,13751,24180,-24180,35571
19,1199,2026-09-11T03-51-54-721_e95e66cc,14001,14251,0,0,35571
19,1199,2026-09-11T03-51-54-721_e95e66cc,14501,14751,0,0,35571
19,1199,2026-09-11T03-51-54-721_e95e66cc,15001,15251,0,0,35571
19,1199,2026-09-11T03-51-54-721_e95e66cc,15501,15751,0,0,35571
19,1199,2026-09-11T03-51-54-721_e95e66cc,16001,16251,0,0,35571
19,1199,2026-09-11T03-51-54-721_e95e66cc,16501,16751,0,0,35571
19,1199,2026-09-11T03-51-54-721_e95e66cc,17001,17251,0,0,35571
19,1199,2026-09-11T03-51-54-721_e95e66cc,17501,17751,0,0,35571
19,1199,2026-09-11T03-51-54-721_e95e66cc,18001,18251,0,0,35571
19,1199,2026-09-11T03-51-54-721_e95e66cc,18501,18751,0,0,35571
19,1199,2026-09-11T03-51-54-721_e95e66cc,19001,19251,0,0,35571
19,1199,2026-09-11T03-51-54-721_e95e66cc,19501,19751,0,0,35571
19,1199,2026-09-11T03-51-54-721_e95e66cc,20001,20251,0,0,35571
19,1199,2026-09-11T03-51-54-721_e95e66cc,20501,20751,0,0,35571
19,1199,2026-09-11T03-51-54-721_e95e66cc,21001,21251,0,0,35571
19,1199,2026-09-11T03-51-54-721_e95e66cc,21501,21751,0,0,35571
19,1199,2026-09-11T03-51-54-721_e95e66cc,22001,22251,0,0,35571
19,1199,2026-09-11T03-51-54-721_e95e66cc,22501,22751,0,0,35571
19,1199,2026-09-11T03-51-54-721_e95e66cc,23001,23251,0,0,35571
19,1199,2026-09-11T03-51-54-721_e95e66cc,23501,23751,0,0,35571
19,1199,2026-09-11T03-51-54-721_e95e66cc,24001,24251,0,0,35571
19,1199,2026-09-11T03-51-54-721_e95e66cc,24501,24751,0,0,35571
19,1199,2026-09-11T03-51-54-721_e95e66cc,25001,25251,0,0,35571
19,1199,2026-09-11T03-51-54-721_e95e66cc,25501,25751,0,0,35571
19,1199,2026-09-11T03-51-54-721_e95e66cc,26001,26251,0,0,35571
19,1199,2026-09-11T03-51-54-721_e95e66cc,26501,26751,0,0,35571
19,1199,2026-09-11T03-51-54-721_e95e66cc,27001,27251,0,0,35571
19,1199,2026-09-11T03-51-54-721_e95e66cc,27501,27751,0,0,35571
19,1199,2026-09-11T03-51-54-721_e95e66cc,28001,28251,0,0,35571
19,1199,2026-09-11T03-51-54-721_e95e66cc,28501,28751,0,0,35571
19,1199,2026-09-11T03-51-54-721_e95e66cc,29001,29251,0,0,35571
19,1199,2026-09-11T03-51-54-721_e95e66cc,29501,29751,0,0,35571
19,1199,2026-09-11T03-51-54-721_e95e66cc,30001,30251,0,0,35571
19,1199,2026-09-11T03-51-54-721_e95e66cc,30501,30751,0,0,35571
19,1199,2026-09-11T03-51-54-721_e95e66cc,31001,31251,0,0,35571
19,1199,2026-09-11T03-51-54-721_e95e66cc,31501,31751,0,0,35571
19,1199,2026-09-11T03-51-54-721_e95e66cc,32001,32251,0,0,35571
19,1199,2026-09-11T03-51-54-721_e95e66cc,32501,32751,0,0,35571
19,1199,2026-09-11T03-51-54-721_e95e66cc,33001,33251,0,0,35571
19,1199,2026-09-11T03-51-54-721_e95e66cc,33501,33751,0,0,35571
19,1199,2026-09-11T03-51-54-721_e95e66cc,34001,34251,0,0,35571
19,1199,2026-09-11T03-51-54-721_e95e66cc,34501,34751,0,0,35571
19,1199,2026-09-11T03-51-54-721_e95e66cc,35001,35251,0,0,35571
20,1259,2026-09-11T04-05-13-576_fe4e8e32,1,251,0,264,6941
20,1259,2026-09-11T04-05-13-576_fe4e8e32,501,751,264,0,6941
20,1259,2026-09-11T04-05-13-576_fe4e8e32,1001,1251,264,11450,6941
20,1259,2026-09-11T04-05-13-576_fe4e8e32,1501,1751,11714,4576,6941
20,1259,2026-09-11T04-05-13-576_fe4e8e32,2001,2251,16290,4110,6941
20,1259,2026-09-11T04-05-13-576_fe4e8e32,2501,2751,20400,3941,6941
20,1259,2026-09-11T04-05-13-576_fe4e8e32,3001,3251,24341,-24071,6941
20,1259,2026-09-11T04-05-13-576_fe4e8e32,3501,3751,270,-270,6941
20,1259,2026-09-11T04-05-13-576_fe4e8e32,4001,4251,0,0,6941
20,1259,2026-09-11T04-05-13-576_fe4e8e32,4501,4751,0,0,6941
20,1259,2026-09-11T04-05-13-576_fe4e8e32,5001,5251,0,0,6941
20,1259,2026-09-11T04-05-13-576_fe4e8e32,5501,5751,0,0,6941
20,1259,2026-09-11T04-05-13-576_fe4e8e32,6001,6251,0,0,6941
21,1319,2026-09-11T04-23-05-633_cc83d2cc,1,251,0,354,102011
21,1319,2026-09-11T04-23-05-633_cc83d2cc,501,751,354,0,102011
21,1319,2026-09-11T04-23-05-633_cc83d2cc,1001,1251,354,0,102011
21,1319,2026-09-11T04-23-05-633_cc83d2cc,1501,1751,354,0,102011
21,1319,2026-09-11T04-23-05-633_cc83d2cc,2001,2251,354,0,102011
21,1319,2026-09-11T04-23-05-633_cc83d2cc,2501,2751,354,0,102011
21,1319,2026-09-11T04-23-05-633_cc83d2cc,3001,3251,354,0,102011
21,1319,2026-09-11T04-23-05-633_cc83d2cc,3501,3751,354,0,102011
21,1319,2026-09-11T04-23-05-633_cc83d2cc,4001,4251,354,0,102011
21,1319,2026-09-11T04-23-05-633_cc83d2cc,4501,4751,354,0,102011
21,1319,2026-09-11T04-23-05-633_cc83d2cc,5001,5251,354,0,102011
21,1319,2026-09-11T04-23-05-633_cc83d2cc,5501,5751,354,0,102011
21,1319,2026-09-11T04-23-05-633_cc83d2cc,6001,6251,354,0,102011
21,1319,2026-09-11T04-23-05-633_cc83d2cc,6501,6751,354,0,102011
21,1319,2026-09-11T04-23-05-633_cc83d2cc,7001,7251,354,0,102011
21,1319,2026-09-11T04-23-05-633_cc83d2cc,7501,7751,354,0,102011
21,1319,2026-09-11T04-23-05-633_cc83d2cc,8001,8251,354,0,102011
21,1319,2026-09-11T04-23-05-633_cc83d2cc,8501,8751,354,0,102011
21,1319,2026-09-11T04-23-05-633_cc83d2cc,9001,9251,354,0,102011
21,1319,2026-09-11T04-23-05-633_cc83d2cc,9501,9751,354,0,102011
21,1319,2026-09-11T04-23-05-633_cc83d2cc,10001,10251,354,0,102011
21,1319,2026-09-11T04-23-05-633_cc83d2cc,10501,10751,354,0,102011
21,1319,2026-09-11T04-23-05-633_cc83d2cc,11001,11251,354,0,102011
21,1319,2026-09-11T04-23-05-633_cc83d2cc,11501,11751,354,0,102011
21,1319,2026-09-11T04-23-05-633_cc83d2cc,12001,12251,354,0,102011
21,1319,2026-09-11T04-23-05-633_cc83d2cc,12501,12751,354,0,102011
21,1319,2026-09-11T04-23-05-633_cc83d2cc,13001,13251,354,0,102011
21,1319,2026-09-11T04-23-05-633_cc83d2cc,13501,13751,354,0,102011
21,1319,2026-09-11T04-23-05-633_cc83d2cc,14001,14251,354,0,102011
21,1319,2026-09-11T04-23-05-633_cc83d2cc,14501,14751,354,0,102011
21,1319,2026-09-11T04-23-05-633_cc83d2cc,15001,15251,354,0,102011
21,1319,2026-09-11T04-23-05-633_cc83d2cc,15501,15751,354,0,102011
21,1319,2026-09-11T04-23-05-633_cc83d2cc,16001,16251,354,0,102011
21,1319,2026-09-11T04-23-05-633_cc83d2cc,16501,16751,354,0,102011
21,1319,2026-09-11T04-23-05-633_cc83d2cc,17001,17251,354,0,102011
21,1319,2026-09-11T04-23-05-633_cc83d2cc,17501,17751,354,0,102011
21,1319,2026-09-11T04-23-05-633_cc83d2cc,18001,18251,354,0,102011
21,1319,2026-09-11T04-23-05-633_cc83d2cc,18501,18751,354,0,102011
21,1319,2026-09-11T04-23-05-633_cc83d2cc,19001,19251,354,0,102011
21,1319,2026-09-11T04-23-05-633_cc83d2cc,19501,19751,354,0,102011
21,1319,2026-09-11T04-23-05-633_cc83d2cc,20001,20251,354,0,102011
21,1319,2026-09-11T04-23-05-633_cc83d2cc,20501,20751,354,0,102011
21,1319,2026-09-11T04-23-05-633_cc83d2cc,21001,21251,354,0,102011
21,1319,2026-09-11T04-23-05-633_cc83d2cc,21501,21751,354,0,102011
21,1319,2026-09-11T04-23-05-633_cc83d2cc,22001,22251,354,0,102011
21,1319,2026-09-11T04-23-05-633_cc83d2cc,22501,22751,354,0,102011
21,1319,2026-09-11T04-23-05-633_cc83d2cc,23001,23251,354,0,102011
21,1319,2026-09-11T04-23-05-633_cc83d2cc,23501,23751,354,0,102011
21,1319,2026-09-11T04-23-05-633_cc83d2cc,24001,24251,354,0,102011
21,1319,2026-09-11T04-23-05-633_cc83d2cc,24501,24751,354,0,102011
21,1319,2026-09-11T04-23-05-633_cc83d2cc,25001,25251,354,0,102011
21,1319,2026-09-11T04-23-05-633_cc83d2cc,25501,25751,354,0,102011
21,1319,2026-09-11T04-23-05-633_cc83d2cc,26001,26251,354,0,102011
21,1319,2026-09-11T04-23-05-633_cc83d2cc,26501,26751,354,0,102011
21,1319,2026-09-11T04-23-05-633_cc83d2cc,27001,27251,354,0,102011
21,1319,2026-09-11T04-23-05-633_cc83d2cc,27501,27751,354,0,102011
21,1319,2026-09-11T04-23-05-633_cc83d2cc,28001,28251,354,0,102011
21,1319,2026-09-11T04-23-05-633_cc83d2cc,28501,28751,354,0,102011
21,1319,2026-09-11T04-23-05-633_cc83d2cc,29001,29251,354,0,102011
21,1319,2026-09-11T04-23-05-633_cc83d2cc,29501,29751,354,0,102011
21,1319,2026-09-11T04-23-05-633_cc83d2cc,30001,30251,354,0,102011
21,1319,2026-09-11T04-23-05-633_cc83d2cc,30501,30751,354,0,102011
21,1319,2026-09-11T04-23-05-633_cc83d2cc,31001,31251,354,0,102011
21,1319,2026-09-11T04-23-05-633_cc83d2cc,31501,31751,354,0,102011
21,1319,2026-09-11T04-23-05-633_cc83d2cc,32001,32251,354,0,102011
21,1319,2026-09-11T04-23-05-633_cc83d2cc,32501,32751,354,0,102011
21,1319,2026-09-11T04-23-05-633_cc83d2cc,33001,33251,354,0,102011
21,1319,2026-09-11T04-23-05-633_cc83d2cc,33501,33751,354,0,102011
21,1319,2026-09-11T04-23-05-633_cc83d2cc,34001,34251,354,0,102011
21,1319,2026-09-11T04-23-05-633_cc83d2cc,34501,34751,354,0,102011
21,1319,2026-09-11T04-23-05-633_cc83d2cc,35001,35251,354,0,102011
21,1319,2026-09-11T04-23-05-633_cc83d2cc,35501,35751,354,0,102011
21,1319,2026-09-11T04-23-05-633_cc83d2cc,36001,36251,354,0,102011
21,1319,2026-09-11T04-23-05-633_cc83d2cc,36501,36751,354,0,102011
21,1319,2026-09-11T04-23-05-633_cc83d2cc,37001,37251,354,0,102011
21,1319,2026-09-11T04-23-05-633_cc83d2cc,37501,37751,354,0,102011
21,1319,2026-09-11T04-23-05-633_cc83d2cc,38001,38251,354,0,102011
21,1319,2026-09-11T04-23-05-633_cc83d2cc,38501,38751,354,0,102011
21,1319,2026-09-11T04-23-05-633_cc83d2cc,39001,39251,354,0,102011
21,1319,2026-09-11T04-23-05-633_cc83d2cc,39501,39751,354,0,102011
21,1319,2026-09-11T04-23-05-633_cc83d2cc,40001,40251,354,0,102011
21,1319,2026-09-11T04-23-05-633_cc83d2cc,40501,40751,354,0,102011
21,1319,2026-09-11T04-23-05-633_cc83d2cc,41001,41251,354,0,102011
21,1319,2026-09-11T04-23-05-633_cc83d2cc,41501,41751,354,0,102011
21,1319,2026-09-11T04-23-05-633_cc83d2cc,42001,42251,354,0,102011
21,1319,2026-09-11T04-23-05-633_cc83d2cc,42501,42751,354,0,102011
21,1319,2026-09-11T04-23-05-633_cc83d2cc,43001,43251,354,0,102011
21,1319,2026-09-11T04-23-05-633_cc83d2cc,43501,43751,354,0,102011
21,1319,2026-09-11T04-23-05-633_cc83d2cc,44001,44251,354,0,102011
21,1319,2026-09-11T04-23-05-633_cc83d2cc,44501,44751,354,0,102011
21,1319,2026-09-11T04-23-05-633_cc83d2cc,45001,45251,354,0,102011
21,1319,2026-09-11T04-23-05-633_cc83d2cc,45501,45751,354,0,102011
21,1319,2026-09-11T04-23-05-633_cc83d2cc,46001,46251,354,0,102011
21,1319,2026-09-11T04-23-05-633_cc83d2cc,46501,46751,354,0,102011
21,1319,2026-09-11T04-23-05-633_cc83d2cc,47001,47251,354,0,102011
21,1319,2026-09-11T04-23-05-633_cc83d2cc,47501,47751,354,0,102011
21,1319,2026-09-11T04-23-05-633_cc83d2cc,48001,48251,354,0,102011
21,1319,2026-09-11T04-23-05-633_cc83d2cc,48501,48751,354,0,102011
21,1319,2026-09-11T04-23-05-633_cc83d2cc,49001,49251,354,0,102011
21,1319,2026-09-11T04-23-05-633_cc83d2cc,49501,49751,354,0,102011
21,1319,2026-09-11T04-23-05-633_cc83d2cc,50001,50251,354,0,102011
21,1319,2026-09-11T04-23-05-633_cc83d2cc,50501,50751,354,0,102011
21,1319,2026-09-11T04-23-05-633_cc83d2cc,51001,51251,354,0,102011
21,1319,2026-09-11T04-23-05-633_cc83d2cc,51501,51751,354,0,102011
21,1319,2026-09-11T04-23-05-633_cc83d2cc,52001,52251,354,0,102011
21,1319,2026-09-11T04-23-05-633_cc83d2cc,52501,52751,354,0,102011
21,1319,2026-09-11T04-23-05-633_cc83d2cc,53001,53251,354,0,102011
21,1319,2026-09-11T04-23-05-633_cc83d2cc,53501,53751,354,0,102011
21,1319,2026-09-11T04-23-05-633_cc83d2cc,54001,54251,354,0,102011
21,1319,2026-09-11T04-23-05-633_cc83d2cc,54501,54751,354,0,102011
21,1319,2026-09-11T04-23-05-633_cc83d2cc,55001,55251,354,0,102011
21,1319,2026-09-11T04-23-05-633_cc83d2cc,55501,55751,354,0,102011
21,1319,2026-09-11T04-23-05-633_cc83d2cc,56001,56251,354,0,102011
21,1319,2026-09-11T04-23-05-633_cc83d2cc,56501,56751,354,0,102011
21,1319,2026-09-11T04-23-05-633_cc83d2cc,57001,57251,354,0,102011
21,1319,2026-09-11T04-23-05-633_cc83d2cc,57501,57751,354,0,102011
21,1319,2026-09-11T04-23-05-633_cc83d2cc,58001,58251,354,0,102011
21,1319,2026-09-11T04-23-05-633_cc83d2cc,58501,58751,354,0,102011
21,1319,2026-09-11T04-23-05-633_cc83d2cc,59001,59251,354,0,102011
21,1319,2026-09-11T04-23-05-633_cc83d2cc,59501,59751,354,0,102011
21,1319,2026-09-11T04-23-05-633_cc83d2cc,60001,60251,354,0,102011
21,1319,2026-09-11T04-23-05-633_cc83d2cc,60501,60751,354,0,102011
21,1319,2026-09-11T04-23-05-633_cc83d2cc,61001,61251,354,0,102011
21,1319,2026-09-11T04-23-05-633_cc83d2cc,61501,61751,354,0,102011
21,1319,2026-09-11T04-23-05-633_cc83d2cc,62001,62251,354,0,102011
21,1319,2026-09-11T04-23-05-633_cc83d2cc,62501,62751,354,0,102011
21,1319,2026-09-11T04-23-05-633_cc83d2cc,63001,63251,354,0,102011
21,1319,2026-09-11T04-23-05-633_cc83d2cc,63501,63751,354,0,102011
21,1319,2026-09-11T04-23-05-633_cc83d2cc,64001,64251,354,0,102011
21,1319,2026-09-11T04-23-05-633_cc83d2cc,64501,64751,354,0,102011
21,1319,2026-09-11T04-23-05-633_cc83d2cc,65001,65251,354,0,102011
21,1319,2026-09-11T04-23-05-633_cc83d2cc,65501,65751,354,0,102011
21,1319,2026-09-11T04-23-05-633_cc83d2cc,66001,66251,354,0,102011
21,1319,2026-09-11T04-23-05-633_cc83d2cc,66501,66751,354,0,102011
21,1319,2026-09-11T04-23-05-633_cc83d2cc,67001,67251,354,0,102011
21,1319,2026-09-11T04-23-05-633_cc83d2cc,67501,67751,354,0,102011
21,1319,2026-09-11T04-23-05-633_cc83d2cc,68001,68251,354,0,102011
21,1319,2026-09-11T04-23-05-633_cc83d2cc,68501,68751,354,0,102011
21,1319,2026-09-11T04-23-05-633_cc83d2cc,69001,69251,354,0,102011
21,1319,2026-09-11T04-23-05-633_cc83d2cc,69501,69751,354,0,102011
21,1319,2026-09-11T04-23-05-633_cc83d2cc,70001,70251,354,0,102011
21,1319,2026-09-11T04-23-05-633_cc83d2cc,70501,70751,354,0,102011
21,1319,2026-09-11T04-23-05-633_cc83d2cc,71001,71251,354,0,102011
21,1319,2026-09-11T04-23-05-633_cc83d2cc,71501,71751,354,0,102011
21,1319,2026-09-11T04-23-05-633_cc83d2cc,72001,72251,354,0,102011
21,1319,2026-09-11T04-23-05-633_cc83d2cc,72501,72751,354,0,102011
21,1319,2026-09-11T04-23-05-633_cc83d2cc,73001,73251,354,0,102011
21,1319,2026-09-11T04-23-05-633_cc83d2cc,73501,73751,354,0,102011
21,1319,2026-09-11T04-23-05-633_cc83d2cc,74001,74251,354,0,102011
21,1319,2026-09-11T04-23-05-633_cc83d2cc,74501,74751,354,0,102011
21,1319,2026-09-11T04-23-05-633_cc83d2cc,75001,75251,354,0,102011
21,1319,2026-09-11T04-23-05-633_cc83d2cc,75501,75751,354,0,102011
21,1319,2026-09-11T04-23-05-633_cc83d2cc,76001,76251,354,0,102011
21,1319,2026-09-11T04-23-05-633_cc83d2cc,76501,76751,354,0,102011
21,1319,2026-09-11T04-23-05-633_cc83d2cc,77001,77251,354,0,102011
21,1319,2026-09-11T04-23-05-633_cc83d2cc,77501,77751,354,0,102011
21,1319,2026-09-11T04-23-05-633_cc83d2cc,78001,78251,354,0,102011
21,1319,2026-09-11T04-23-05-633_cc83d2cc,78501,78751,354,0,102011
21,1319,2026-09-11T04-23-05-633_cc83d2cc,79001,79251,354,0,102011
21,1319,2026-09-11T04-23-05-633_cc83d2cc,79501,79751,354,0,102011
21,1319,2026-09-11T04-23-05-633_cc83d2cc,80001,80251,354,0,102011
21,1319,2026-09-11T04-23-05-633_cc83d2cc,80501,80751,354,0,102011
21,1319,2026-09-11T04-23-05-633_cc83d2cc,81001,81251,354,0,102011
21,1319,2026-09-11T04-23-05-633_cc83d2cc,81501,81751,354,0,102011
21,1319,2026-09-11T04-23-05-633_cc83d2cc,82001,82251,354,0,102011
21,1319,2026-09-11T04-23-05-633_cc83d2cc,82501,82751,354,0,102011
21,1319,2026-09-11T04-23-05-633_cc83d2cc,83001,83251,354,0,102011
21,1319,2026-09-11T04-23-05-633_cc83d2cc,83501,83751,354,0,102011
21,1319,2026-09-11T04-23-05-633_cc83d2cc,84001,84251,354,0,102011
21,1319,2026-09-11T04-23-05-633_cc83d2cc,84501,84751,354,0,102011
21,1319,2026-09-11T04-23-05-633_cc83d2cc,85001,85251,354,0,102011
21,1319,2026-09-11T04-23-05-633_cc83d2cc,85501,85751,354,0,102011
21,1319,2026-09-11T04-23-05-633_cc83d2cc,86001,86251,354,0,102011
21,1319,2026-09-11T04-23-05-633_cc83d2cc,86501,86751,354,0,102011
21,1319,2026-09-11T04-23-05-633_cc83d2cc,87001,87251,354,0,102011
21,1319,2026-09-11T04-23-05-633_cc83d2cc,87501,87751,354,0,102011
21,1319,2026-09-11T04-23-05-633_cc83d2cc,88001,88251,354,0,102011
21,1319,2026-09-11T04-23-05-633_cc83d2cc,88501,88751,354,0,102011
21,1319,2026-09-11T04-23-05-633_cc83d2cc,89001,89251,354,0,102011
21,1319,2026-09-11T04-23-05-633_cc83d2cc,89501,89751,354,0,102011
21,1319,2026-09-11T04-23-05-633_cc83d2cc,90001,90251,354,0,102011
21,1319,2026-09-11T04-23-05-633_cc83d2cc,90501,90751,354,0,102011
21,1319,2026-09-11T04-23-05-633_cc83d2cc,91001,91251,354,0,102011
21,1319,2026-09-11T04-23-05-633_cc83d2cc,91501,91751,354,0,102011
21,1319,2026-09-11T04-23-05-633_cc83d2cc,92001,92251,354,0,102011
21,1319,2026-09-11T04-23-05-633_cc83d2cc,92501,92751,354,0,102011
21,1319,2026-09-11T04-23-05-633_cc83d2cc,93001,93251,354,0,102011
21,1319,2026-09-11T04-23-05-633_cc83d2cc,93501,93751,354,0,102011
21,1319,2026-09-11T04-23-05-633_cc83d2cc,94001,94251,354,0,102011
21,1319,2026-09-11T04-23-05-633_cc83d2cc,94501,94751,354,0,102011
21,1319,2026-09-11T04-23-05-633_cc83d2cc,95001,95251,354,0,102011
21,1319,2026-09-11T04-23-05-633_cc83d2cc,95501,95751,354,0,102011
21,1319,2026-09-11T04-23-05-633_cc83d2cc,96001,96251,354,0,102011
21,1319,2026-09-11T04-23-05-633_cc83d2cc,96501,96751,354,0,102011
21,1319,2026-09-11T04-23-05-633_cc83d2cc,97001,97251,354,0,102011
21,1319,2026-09-11T04-23-05-633_cc83d2cc,97501,97751,354,0,102011
21,1319,2026-09-11T04-23-05-633_cc83d2cc,98001,98251,354,0,102011
21,1319,2026-09-11T04-23-05-633_cc83d2cc,98501,98751,354,0,102011
21,1319,2026-09-11T04-23-05-633_cc83d2cc,99001,99251,354,0,102011
21,1319,2026-09-11T04-23-05-633_cc83d2cc,99501,99751,354,0,102011
21,1319,2026-09-11T04-23-05-633_cc83d2cc,100001,100251,354,0,102011
21,1319,2026-09-11T04-23-05-633_cc83d2cc,100501,100751,354,0,102011
21,1319,2026-09-11T04-23-05-633_cc83d2cc,101001,101251,354,0,102011
21,1319,2026-09-11T04-23-05-633_cc83d2cc,101501,101751,354,0,102011
22,1379,2026-09-11T04-37-10-220_251902af,1,251,0,13,8391
22,1379,2026-09-11T04-37-10-220_251902af,501,751,13,9257,8391
22,1379,2026-09-11T04-37-10-220_251902af,1001,1251,9270,6499,8391
22,1379,2026-09-11T04-37-10-220_251902af,1501,1751,15769,8442,8391
22,1379,2026-09-11T04-37-10-220_251902af,2001,2251,24211,5773,8391
22,1379,2026-09-11T04-37-10-220_251902af,2501,2751,29984,2642,8391
22,1379,2026-09-11T04-37-10-220_251902af,3001,3251,32626,0,8391
22,1379,2026-09-11T04-37-10-220_251902af,3501,3751,32626,75,8391
22,1379,2026-09-11T04-37-10-220_251902af,4001,4251,32701,478,8391
22,1379,2026-09-11T04-37-10-220_251902af,4501,4751,33179,9836,8391
22,1379,2026-09-11T04-37-10-220_251902af,5001,5251,43015,10801,8391
22,1379,2026-09-11T04-37-10-220_251902af,5501,5751,53816,22771,8391
22,1379,2026-09-11T04-37-10-220_251902af,6001,6251,76587,11042,8391
22,1379,2026-09-11T04-37-10-220_251902af,6501,6751,87629,4469,8391
22,1379,2026-09-11T04-37-10-220_251902af,7001,7251,92098,12288,8391
22,1379,2026-09-11T04-37-10-220_251902af,7501,7751,104386,662,8391
23,1439,2026-09-11T04-50-47-907_d8d3c62e,1,251,0,15600,14301
23,1439,2026-09-11T04-50-47-907_d8d3c62e,501,751,15600,15625,14301
23,1439,2026-09-11T04-50-47-907_d8d3c62e,1001,1251,31225,6297,14301
23,1439,2026-09-11T04-50-47-907_d8d3c62e,1501,1751,37522,6100,14301
23,1439,2026-09-11T04-50-47-907_d8d3c62e,2001,2251,43622,8590,14301
23,1439,2026-09-11T04-50-47-907_d8d3c62e,2501,2751,52212,1867,14301
23,1439,2026-09-11T04-50-47-907_d8d3c62e,3001,3251,54079,6,14301
23,1439,2026-09-11T04-50-47-907_d8d3c62e,3501,3751,54085,7810,14301
23,1439,2026-09-11T04-50-47-907_d8d3c62e,4001,4251,61895,10367,14301
23,1439,2026-09-11T04-50-47-907_d8d3c62e,4501,4751,72262,3737,14301
23,1439,2026-09-11T04-50-47-907_d8d3c62e,5001,5251,75999,9478,14301
23,1439,2026-09-11T04-50-47-907_d8d3c62e,5501,5751,85477,874,14301
23,1439,2026-09-11T04-50-47-907_d8d3c62e,6001,6251,86351,5099,14301
23,1439,2026-09-11T04-50-47-907_d8d3c62e,6501,6751,91450,1048,14301
23,1439,2026-09-11T04-50-47-907_d8d3c62e,7001,7251,92498,0,14301
23,1439,2026-09-11T04-50-47-907_d8d3c62e,7501,7751,92498,0,14301
23,1439,2026-09-11T04-50-47-907_d8d3c62e,8001,8251,92498,0,14301
23,1439,2026-09-11T04-50-47-907_d8d3c62e,8501,8751,92498,0,14301
23,1439,2026-09-11T04-50-47-907_d8d3c62e,9001,9251,92498,0,14301
23,1439,2026-09-11T04-50-47-907_d8d3c62e,9501,9751,92498,0,14301
23,1439,2026-09-11T04-50-47-907_d8d3c62e,10001,10251,92498,0,14301
23,1439,2026-09-11T04-50-47-907_d8d3c62e,10501,10751,92498,0,14301
23,1439,2026-09-11T04-50-47-907_d8d3c62e,11001,11251,92498,0,14301
23,1439,2026-09-11T04-50-47-907_d8d3c62e,11501,11751,92498,0,14301
23,1439,2026-09-11T04-50-47-907_d8d3c62e,12001,12251,92498,0,14301
23,1439,2026-09-11T04-50-47-907_d8d3c62e,12501,12751,92498,0,14301
23,1439,2026-09-11T04-50-47-907_d8d3c62e,13001,13251,92498,0,14301
23,1439,2026-09-11T04-50-47-907_d8d3c62e,13501,13751,92498,0,14301
24,1499,2026-09-11T05-05-15-859_39a6520b,1,251,0,24,16961
24,1499,2026-09-11T05-05-15-859_39a6520b,501,751,24,0,16961
24,1499,2026-09-11T05-05-15-859_39a6520b,1001,1251,24,0,16961
24,1499,2026-09-11T05-05-15-859_39a6520b,1501,1751,24,0,16961
24,1499,2026-09-11T05-05-15-859_39a6520b,2001,2251,24,5305,16961
24,1499,2026-09-11T05-05-15-859_39a6520b,2501,2751,5329,5780,16961
24,1499,2026-09-11T05-05-15-859_39a6520b,3001,3251,11109,2704,16961
24,1499,2026-09-11T05-05-15-859_39a6520b,3501,3751,13813,23152,16961
24,1499,2026-09-11T05-05-15-859_39a6520b,4001,4251,36965,24124,16961
24,1499,2026-09-11T05-05-15-859_39a6520b,4501,4751,61089,8893,16961
24,1499,2026-09-11T05-05-15-859_39a6520b,5001,5251,69982,5870,16961
24,1499,2026-09-11T05-05-15-859_39a6520b,5501,5751,75852,11267,16961
24,1499,2026-09-11T05-05-15-859_39a6520b,6001,6251,87119,2940,16961
24,1499,2026-09-11T05-05-15-859_39a6520b,6501,6751,90059,10574,16961
24,1499,2026-09-11T05-05-15-859_39a6520b,7001,7251,100633,1531,16961
24,1499,2026-09-11T05-05-15-859_39a6520b,7501,7751,102164,23464,16961
24,1499,2026-09-11T05-05-15-859_39a6520b,8001,8251,125628,36551,16961
24,1499,2026-09-11T05-05-15-859_39a6520b,8501,8751,162179,842,16961
24,1499,2026-09-11T05-05-15-859_39a6520b,9001,9251,163021,0,16961
24,1499,2026-09-11T05-05-15-859_39a6520b,9501,9751,163021,0,16961
24,1499,2026-09-11T05-05-15-859_39a6520b,10001,10251,163021,0,16961
24,1499,2026-09-11T05-05-15-859_39a6520b,10501,10751,163021,0,16961
24,1499,2026-09-11T05-05-15-859_39a6520b,11001,11251,163021,0,16961
24,1499,2026-09-11T05-05-15-859_39a6520b,11501,11751,163021,0,16961
24,1499,2026-09-11T05-05-15-859_39a6520b,12001,12251,163021,0,16961
24,1499,2026-09-11T05-05-15-859_39a6520b,12501,12751,163021,0,16961
24,1499,2026-09-11T05-05-15-859_39a6520b,13001,13251,163021,0,16961
24,1499,2026-09-11T05-05-15-859_39a6520b,13501,13751,163021,0,16961
24,1499,2026-09-11T05-05-15-859_39a6520b,14001,14251,163021,0,16961
24,1499,2026-09-11T05-05-15-859_39a6520b,14501,14751,163021,0,16961
24,1499,2026-09-11T05-05-15-859_39a6520b,15001,15251,163021,0,16961
24,1499,2026-09-11T05-05-15-859_39a6520b,15501,15751,163021,0,16961
24,1499,2026-09-11T05-05-15-859_39a6520b,16001,16251,163021,0,16961
25,1559,2026-09-11T05-18-47-538_d384bc57,1,251,0,15838,10511
25,1559,2026-09-11T05-18-47-538_d384bc57,501,751,15838,7103,10511
25,1559,2026-09-11T05-18-47-538_d384bc57,1001,1251,22941,6040,10511
25,1559,2026-09-11T05-18-47-538_d384bc57,1501,1751,28981,5883,10511
25,1559,2026-09-11T05-18-47-538_d384bc57,2001,2251,34864,5692,10511
25,1559,2026-09-11T05-18-47-538_d384bc57,2501,2751,40556,4508,10511
25,1559,2026-09-11T05-18-47-538_d384bc57,3001,3251,45064,-11543,10511
25,1559,2026-09-11T05-18-47-538_d384bc57,3501,3751,33521,0,10511
25,1559,2026-09-11T05-18-47-538_d384bc57,4001,4251,33521,-17259,10511
25,1559,2026-09-11T05-18-47-538_d384bc57,4501,4751,16262,-1906,10511
25,1559,2026-09-11T05-18-47-538_d384bc57,5001,5251,14356,-12497,10511
25,1559,2026-09-11T05-18-47-538_d384bc57,5501,5751,1859,-1859,10511
25,1559,2026-09-11T05-18-47-538_d384bc57,6001,6251,0,0,10511
25,1559,2026-09-11T05-18-47-538_d384bc57,6501,6751,0,0,10511
25,1559,2026-09-11T05-18-47-538_d384bc57,7001,7251,0,0,10511
25,1559,2026-09-11T05-18-47-538_d384bc57,7501,7751,0,0,10511
25,1559,2026-09-11T05-18-47-538_d384bc57,8001,8251,0,0,10511
25,1559,2026-09-11T05-18-47-538_d384bc57,8501,8751,0,0,10511
25,1559,2026-09-11T05-18-47-538_d384bc57,9001,9251,0,0,10511
25,1559,2026-09-11T05-18-47-538_d384bc57,9501,9751,0,0,10511
25,1559,2026-09-11T05-18-47-538_d384bc57,10001,10251,0,0,10511
26,1619,2026-09-11T05-32-48-194_e69d133d,1,251,0,6739,9121
26,1619,2026-09-11T05-32-48-194_e69d133d,501,751,6739,5810,9121
26,1619,2026-09-11T05-32-48-194_e69d133d,1001,1251,12549,5808,9121
26,1619,2026-09-11T05-32-48-194_e69d133d,1501,1751,18357,11542,9121
26,1619,2026-09-11T05-32-48-194_e69d133d,2001,2251,29899,14070,9121
26,1619,2026-09-11T05-32-48-194_e69d133d,2501,2751,43969,6228,9121
26,1619,2026-09-11T05-32-48-194_e69d133d,3001,3251,50197,7302,9121
26,1619,2026-09-11T05-32-48-194_e69d133d,3501,3751,57499,8171,9121
26,1619,2026-09-11T05-32-48-194_e69d133d,4001,4251,65670,3169,9121
26,1619,2026-09-11T05-32-48-194_e69d133d,4501,4751,68839,3506,9121
26,1619,2026-09-11T05-32-48-194_e69d133d,5001,5251,72345,2205,9121
26,1619,2026-09-11T05-32-48-194_e69d133d,5501,5751,74550,-8011,9121
26,1619,2026-09-11T05-32-48-194_e69d133d,6001,6251,66539,6050,9121
26,1619,2026-09-11T05-32-48-194_e69d133d,6501,6751,72589,6033,9121
26,1619,2026-09-11T05-32-48-194_e69d133d,7001,7251,78622,1839,9121
26,1619,2026-09-11T05-32-48-194_e69d133d,7501,7751,80461,-80461,9121
26,1619,2026-09-11T05-32-48-194_e69d133d,8001,8251,0,0,9121
26,1619,2026-09-11T05-32-48-194_e69d133d,8501,8751,0,0,9121
27,1679,2026-09-11T05-47-39-846_b596be9f,1,251,0,52,38941
27,1679,2026-09-11T05-47-39-846_b596be9f,501,751,52,0,38941
27,1679,2026-09-11T05-47-39-846_b596be9f,1001,1251,52,0,38941
27,1679,2026-09-11T05-47-39-846_b596be9f,1501,1751,52,0,38941
27,1679,2026-09-11T05-47-39-846_b596be9f,2001,2251,52,0,38941
27,1679,2026-09-11T05-47-39-846_b596be9f,2501,2751,52,0,38941
27,1679,2026-09-11T05-47-39-846_b596be9f,3001,3251,52,0,38941
27,1679,2026-09-11T05-47-39-846_b596be9f,3501,3751,52,0,38941
27,1679,2026-09-11T05-47-39-846_b596be9f,4001,4251,52,0,38941
27,1679,2026-09-11T05-47-39-846_b596be9f,4501,4751,52,0,38941
27,1679,2026-09-11T05-47-39-846_b596be9f,5001,5251,52,0,38941
27,1679,2026-09-11T05-47-39-846_b596be9f,5501,5751,52,0,38941
27,1679,2026-09-11T05-47-39-846_b596be9f,6001,6251,52,0,38941
27,1679,2026-09-11T05-47-39-846_b596be9f,6501,6751,52,0,38941
27,1679,2026-09-11T05-47-39-846_b596be9f,7001,7251,52,0,38941
27,1679,2026-09-11T05-47-39-846_b596be9f,7501,7751,52,0,38941
27,1679,2026-09-11T05-47-39-846_b596be9f,8001,8251,52,0,38941
27,1679,2026-09-11T05-47-39-846_b596be9f,8501,8751,52,0,38941
27,1679,2026-09-11T05-47-39-846_b596be9f,9001,9251,52,0,38941
27,1679,2026-09-11T05-47-39-846_b596be9f,9501,9751,52,0,38941
27,1679,2026-09-11T05-47-39-846_b596be9f,10001,10251,52,0,38941
27,1679,2026-09-11T05-47-39-846_b596be9f,10501,10751,52,0,38941
27,1679,2026-09-11T05-47-39-846_b596be9f,11001,11251,52,0,38941
27,1679,2026-09-11T05-47-39-846_b596be9f,11501,11751,52,0,38941
27,1679,2026-09-11T05-47-39-846_b596be9f,12001,12251,52,0,38941
27,1679,2026-09-11T05-47-39-846_b596be9f,12501,12751,52,0,38941
27,1679,2026-09-11T05-47-39-846_b596be9f,13001,13251,52,0,38941
27,1679,2026-09-11T05-47-39-846_b596be9f,13501,13751,52,0,38941
27,1679,2026-09-11T05-47-39-846_b596be9f,14001,14251,52,0,38941
27,1679,2026-09-11T05-47-39-846_b596be9f,14501,14751,52,0,38941
27,1679,2026-09-11T05-47-39-846_b596be9f,15001,15251,52,0,38941
27,1679,2026-09-11T05-47-39-846_b596be9f,15501,15751,52,0,38941
27,1679,2026-09-11T05-47-39-846_b596be9f,16001,16251,52,0,38941
27,1679,2026-09-11T05-47-39-846_b596be9f,16501,16751,52,0,38941
27,1679,2026-09-11T05-47-39-846_b596be9f,17001,17251,52,0,38941
27,1679,2026-09-11T05-47-39-846_b596be9f,17501,17751,52,0,38941
27,1679,2026-09-11T05-47-39-846_b596be9f,18001,18251,52,0,38941
27,1679,2026-09-11T05-47-39-846_b596be9f,18501,18751,52,0,38941
27,1679,2026-09-11T05-47-39-846_b596be9f,19001,19251,52,0,38941
27,1679,2026-09-11T05-47-39-846_b596be9f,19501,19751,52,0,38941
27,1679,2026-09-11T05-47-39-846_b596be9f,20001,20251,52,0,38941
27,1679,2026-09-11T05-47-39-846_b596be9f,20501,20751,52,0,38941
27,1679,2026-09-11T05-47-39-846_b596be9f,21001,21251,52,0,38941
27,1679,2026-09-11T05-47-39-846_b596be9f,21501,21751,52,0,38941
27,1679,2026-09-11T05-47-39-846_b596be9f,22001,22251,52,0,38941
27,1679,2026-09-11T05-47-39-846_b596be9f,22501,22751,52,0,38941
27,1679,2026-09-11T05-47-39-846_b596be9f,23001,23251,52,0,38941
27,1679,2026-09-11T05-47-39-846_b596be9f,23501,23751,52,0,38941
27,1679,2026-09-11T05-47-39-846_b596be9f,24001,24251,52,0,38941
27,1679,2026-09-11T05-47-39-846_b596be9f,24501,24751,52,0,38941
27,1679,2026-09-11T05-47-39-846_b596be9f,25001,25251,52,0,38941
27,1679,2026-09-11T05-47-39-846_b596be9f,25501,25751,52,0,38941
27,1679,2026-09-11T05-47-39-846_b596be9f,26001,26251,52,0,38941
27,1679,2026-09-11T05-47-39-846_b596be9f,26501,26751,52,0,38941
27,1679,2026-09-11T05-47-39-846_b596be9f,27001,27251,52,0,38941
27,1679,2026-09-11T05-47-39-846_b596be9f,27501,27751,52,0,38941
27,1679,2026-09-11T05-47-39-846_b596be9f,28001,28251,52,0,38941
27,1679,2026-09-11T05-47-39-846_b596be9f,28501,28751,52,0,38941
27,1679,2026-09-11T05-47-39-846_b596be9f,29001,29251,52,0,38941
27,1679,2026-09-11T05-47-39-846_b596be9f,29501,29751,52,0,38941
27,1679,2026-09-11T05-47-39-846_b596be9f,30001,30251,52,0,38941
27,1679,2026-09-11T05-47-39-846_b596be9f,30501,30751,52,0,38941
27,1679,2026-09-11T05-47-39-846_b596be9f,31001,31251,52,0,38941
27,1679,2026-09-11T05-47-39-846_b596be9f,31501,31751,52,0,38941
27,1679,2026-09-11T05-47-39-846_b596be9f,32001,32251,52,0,38941
27,1679,2026-09-11T05-47-39-846_b596be9f,32501,32751,52,0,38941
27,1679,2026-09-11T05-47-39-846_b596be9f,33001,33251,52,0,38941
27,1679,2026-09-11T05-47-39-846_b596be9f,33501,33751,52,0,38941
27,1679,2026-09-11T05-47-39-846_b596be9f,34001,34251,52,0,38941
27,1679,2026-09-11T05-47-39-846_b596be9f,34501,34751,52,0,38941
27,1679,2026-09-11T05-47-39-846_b596be9f,35001,35251,52,0,38941
27,1679,2026-09-11T05-47-39-846_b596be9f,35501,35751,52,0,38941
27,1679,2026-09-11T05-47-39-846_b596be9f,36001,36251,52,0,38941
27,1679,2026-09-11T05-47-39-846_b596be9f,36501,36751,52,0,38941
27,1679,2026-09-11T05-47-39-846_b596be9f,37001,37251,52,-52,38941
27,1679,2026-09-11T05-47-39-846_b596be9f,37501,37751,0,0,38941
27,1679,2026-09-11T05-47-39-846_b596be9f,38001,38251,0,0,38941
28,1739,2026-09-11T06-06-21-832_bf2c5f7c,1,251,0,335,102011
28,1739,2026-09-11T06-06-21-832_bf2c5f7c,501,751,335,0,102011
28,1739,2026-09-11T06-06-21-832_bf2c5f7c,1001,1251,335,12304,102011
28,1739,2026-09-11T06-06-21-832_bf2c5f7c,1501,1751,12639,6571,102011
28,1739,2026-09-11T06-06-21-832_bf2c5f7c,2001,2251,19210,6075,102011
28,1739,2026-09-11T06-06-21-832_bf2c5f7c,2501,2751,25285,5059,102011
28,1739,2026-09-11T06-06-21-832_bf2c5f7c,3001,3251,30344,3305,102011
28,1739,2026-09-11T06-06-21-832_bf2c5f7c,3501,3751,33649,5384,102011
28,1739,2026-09-11T06-06-21-832_bf2c5f7c,4001,4251,39033,-6643,102011
28,1739,2026-09-11T06-06-21-832_bf2c5f7c,4501,4751,32390,-32390,102011
28,1739,2026-09-11T06-06-21-832_bf2c5f7c,5001,5251,0,0,102011
28,1739,2026-09-11T06-06-21-832_bf2c5f7c,5501,5751,0,0,102011
28,1739,2026-09-11T06-06-21-832_bf2c5f7c,6001,6251,0,0,102011
28,1739,2026-09-11T06-06-21-832_bf2c5f7c,6501,6751,0,0,102011
28,1739,2026-09-11T06-06-21-832_bf2c5f7c,7001,7251,0,0,102011
28,1739,2026-09-11T06-06-21-832_bf2c5f7c,7501,7751,0,0,102011
28,1739,2026-09-11T06-06-21-832_bf2c5f7c,8001,8251,0,0,102011
28,1739,2026-09-11T06-06-21-832_bf2c5f7c,8501,8751,0,0,102011
28,1739,2026-09-11T06-06-21-832_bf2c5f7c,9001,9251,0,0,102011
28,1739,2026-09-11T06-06-21-832_bf2c5f7c,9501,9751,0,0,102011
28,1739,2026-09-11T06-06-21-832_bf2c5f7c,10001,10251,0,0,102011
28,1739,2026-09-11T06-06-21-832_bf2c5f7c,10501,10751,0,0,102011
28,1739,2026-09-11T06-06-21-832_bf2c5f7c,11001,11251,0,0,102011
28,1739,2026-09-11T06-06-21-832_bf2c5f7c,11501,11751,0,0,102011
28,1739,2026-09-11T06-06-21-832_bf2c5f7c,12001,12251,0,0,102011
28,1739,2026-09-11T06-06-21-832_bf2c5f7c,12501,12751,0,0,102011
28,1739,2026-09-11T06-06-21-832_bf2c5f7c,13001,13251,0,0,102011
28,1739,2026-09-11T06-06-21-832_bf2c5f7c,13501,13751,0,0,102011
28,1739,2026-09-11T06-06-21-832_bf2c5f7c,14001,14251,0,0,102011
28,1739,2026-09-11T06-06-21-832_bf2c5f7c,14501,14751,0,0,102011
28,1739,2026-09-11T06-06-21-832_bf2c5f7c,15001,15251,0,0,102011
28,1739,2026-09-11T06-06-21-832_bf2c5f7c,15501,15751,0,0,102011
28,1739,2026-09-11T06-06-21-832_bf2c5f7c,16001,16251,0,0,102011
28,1739,2026-09-11T06-06-21-832_bf2c5f7c,16501,16751,0,0,102011
28,1739,2026-09-11T06-06-21-832_bf2c5f7c,17001,17251,0,0,102011
28,1739,2026-09-11T06-06-21-832_bf2c5f7c,17501,17751,0,0,102011
28,1739,2026-09-11T06-06-21-832_bf2c5f7c,18001,18251,0,0,102011
28,1739,2026-09-11T06-06-21-832_bf2c5f7c,18501,18751,0,0,102011
28,1739,2026-09-11T06-06-21-832_bf2c5f7c,19001,19251,0,0,102011
28,1739,2026-09-11T06-06-21-832_bf2c5f7c,19501,19751,0,0,102011
28,1739,2026-09-11T06-06-21-832_bf2c5f7c,20001,20251,0,0,102011
28,1739,2026-09-11T06-06-21-832_bf2c5f7c,20501,20751,0,0,102011
28,1739,2026-09-11T06-06-21-832_bf2c5f7c,21001,21251,0,0,102011
28,1739,2026-09-11T06-06-21-832_bf2c5f7c,21501,21751,0,0,102011
28,1739,2026-09-11T06-06-21-832_bf2c5f7c,22001,22251,0,0,102011
28,1739,2026-09-11T06-06-21-832_bf2c5f7c,22501,22751,0,0,102011
28,1739,2026-09-11T06-06-21-832_bf2c5f7c,23001,23251,0,0,102011
28,1739,2026-09-11T06-06-21-832_bf2c5f7c,23501,23751,0,0,102011
28,1739,2026-09-11T06-06-21-832_bf2c5f7c,24001,24251,0,0,102011
28,1739,2026-09-11T06-06-21-832_bf2c5f7c,24501,24751,0,0,102011
28,1739,2026-09-11T06-06-21-832_bf2c5f7c,25001,25251,0,0,102011
28,1739,2026-09-11T06-06-21-832_bf2c5f7c,25501,25751,0,0,102011
28,1739,2026-09-11T06-06-21-832_bf2c5f7c,26001,26251,0,0,102011
28,1739,2026-09-11T06-06-21-832_bf2c5f7c,26501,26751,0,0,102011
28,1739,2026-09-11T06-06-21-832_bf2c5f7c,27001,27251,0,0,102011
28,1739,2026-09-11T06-06-21-832_bf2c5f7c,27501,27751,0,0,102011
28,1739,2026-09-11T06-06-21-832_bf2c5f7c,28001,28251,0,0,102011
28,1739,2026-09-11T06-06-21-832_bf2c5f7c,28501,28751,0,0,102011
28,1739,2026-09-11T06-06-21-832_bf2c5f7c,29001,29251,0,0,102011
28,1739,2026-09-11T06-06-21-832_bf2c5f7c,29501,29751,0,0,102011
28,1739,2026-09-11T06-06-21-832_bf2c5f7c,30001,30251,0,0,102011
28,1739,2026-09-11T06-06-21-832_bf2c5f7c,30501,30751,0,0,102011
28,1739,2026-09-11T06-06-21-832_bf2c5f7c,31001,31251,0,0,102011
28,1739,2026-09-11T06-06-21-832_bf2c5f7c,31501,31751,0,0,102011
28,1739,2026-09-11T06-06-21-832_bf2c5f7c,32001,32251,0,0,102011
28,1739,2026-09-11T06-06-21-832_bf2c5f7c,32501,32751,0,0,102011
28,1739,2026-09-11T06-06-21-832_bf2c5f7c,33001,33251,0,0,102011
28,1739,2026-09-11T06-06-21-832_bf2c5f7c,33501,33751,0,0,102011
28,1739,2026-09-11T06-06-21-832_bf2c5f7c,34001,34251,0,0,102011
28,1739,2026-09-11T06-06-21-832_bf2c5f7c,34501,34751,0,0,102011
28,1739,2026-09-11T06-06-21-832_bf2c5f7c,35001,35251,0,0,102011
28,1739,2026-09-11T06-06-21-832_bf2c5f7c,35501,35751,0,0,102011
28,1739,2026-09-11T06-06-21-832_bf2c5f7c,36001,36251,0,0,102011
28,1739,2026-09-11T06-06-21-832_bf2c5f7c,36501,36751,0,0,102011
28,1739,2026-09-11T06-06-21-832_bf2c5f7c,37001,37251,0,0,102011
28,1739,2026-09-11T06-06-21-832_bf2c5f7c,37501,37751,0,0,102011
28,1739,2026-09-11T06-06-21-832_bf2c5f7c,38001,38251,0,0,102011
28,1739,2026-09-11T06-06-21-832_bf2c5f7c,38501,38751,0,0,102011
28,1739,2026-09-11T06-06-21-832_bf2c5f7c,39001,39251,0,0,102011
28,1739,2026-09-11T06-06-21-832_bf2c5f7c,39501,39751,0,0,102011
28,1739,2026-09-11T06-06-21-832_bf2c5f7c,40001,40251,0,0,102011
28,1739,2026-09-11T06-06-21-832_bf2c5f7c,40501,40751,0,0,102011
28,1739,2026-09-11T06-06-21-832_bf2c5f7c,41001,41251,0,0,102011
28,1739,2026-09-11T06-06-21-832_bf2c5f7c,41501,41751,0,0,102011
28,1739,2026-09-11T06-06-21-832_bf2c5f7c,42001,42251,0,0,102011
28,1739,2026-09-11T06-06-21-832_bf2c5f7c,42501,42751,0,0,102011
28,1739,2026-09-11T06-06-21-832_bf2c5f7c,43001,43251,0,0,102011
28,1739,2026-09-11T06-06-21-832_bf2c5f7c,43501,43751,0,0,102011
28,1739,2026-09-11T06-06-21-832_bf2c5f7c,44001,44251,0,0,102011
28,1739,2026-09-11T06-06-21-832_bf2c5f7c,44501,44751,0,0,102011
28,1739,2026-09-11T06-06-21-832_bf2c5f7c,45001,45251,0,0,102011
28,1739,2026-09-11T06-06-21-832_bf2c5f7c,45501,45751,0,0,102011
28,1739,2026-09-11T06-06-21-832_bf2c5f7c,46001,46251,0,0,102011
28,1739,2026-09-11T06-06-21-832_bf2c5f7c,46501,46751,0,0,102011
28,1739,2026-09-11T06-06-21-832_bf2c5f7c,47001,47251,0,0,102011
28,1739,2026-09-11T06-06-21-832_bf2c5f7c,47501,47751,0,0,102011
28,1739,2026-09-11T06-06-21-832_bf2c5f7c,48001,48251,0,0,102011
28,1739,2026-09-11T06-06-21-832_bf2c5f7c,48501,48751,0,0,102011
28,1739,2026-09-11T06-06-21-832_bf2c5f7c,49001,49251,0,0,102011
28,1739,2026-09-11T06-06-21-832_bf2c5f7c,49501,49751,0,0,102011
28,1739,2026-09-11T06-06-21-832_bf2c5f7c,50001,50251,0,0,102011
28,1739,2026-09-11T06-06-21-832_bf2c5f7c,50501,50751,0,0,102011
28,1739,2026-09-11T06-06-21-832_bf2c5f7c,51001,51251,0,0,102011
28,1739,2026-09-11T06-06-21-832_bf2c5f7c,51501,51751,0,0,102011
28,1739,2026-09-11T06-06-21-832_bf2c5f7c,52001,52251,0,0,102011
28,1739,2026-09-11T06-06-21-832_bf2c5f7c,52501,52751,0,0,102011
28,1739,2026-09-11T06-06-21-832_bf2c5f7c,53001,53251,0,0,102011
28,1739,2026-09-11T06-06-21-832_bf2c5f7c,53501,53751,0,0,102011
28,1739,2026-09-11T06-06-21-832_bf2c5f7c,54001,54251,0,0,102011
28,1739,2026-09-11T06-06-21-832_bf2c5f7c,54501,54751,0,0,102011
28,1739,2026-09-11T06-06-21-832_bf2c5f7c,55001,55251,0,0,102011
28,1739,2026-09-11T06-06-21-832_bf2c5f7c,55501,55751,0,0,102011
28,1739,2026-09-11T06-06-21-832_bf2c5f7c,56001,56251,0,0,102011
28,1739,2026-09-11T06-06-21-832_bf2c5f7c,56501,56751,0,0,102011
28,1739,2026-09-11T06-06-21-832_bf2c5f7c,57001,57251,0,0,102011
28,1739,2026-09-11T06-06-21-832_bf2c5f7c,57501,57751,0,0,102011
28,1739,2026-09-11T06-06-21-832_bf2c5f7c,58001,58251,0,0,102011
28,1739,2026-09-11T06-06-21-832_bf2c5f7c,58501,58751,0,0,102011
28,1739,2026-09-11T06-06-21-832_bf2c5f7c,59001,59251,0,0,102011
28,1739,2026-09-11T06-06-21-832_bf2c5f7c,59501,59751,0,0,102011
28,1739,2026-09-11T06-06-21-832_bf2c5f7c,60001,60251,0,0,102011
28,1739,2026-09-11T06-06-21-832_bf2c5f7c,60501,60751,0,0,102011
28,1739,2026-09-11T06-06-21-832_bf2c5f7c,61001,61251,0,0,102011
28,1739,2026-09-11T06-06-21-832_bf2c5f7c,61501,61751,0,0,102011
28,1739,2026-09-11T06-06-21-832_bf2c5f7c,62001,62251,0,0,102011
28,1739,2026-09-11T06-06-21-832_bf2c5f7c,62501,62751,0,0,102011
28,1739,2026-09-11T06-06-21-832_bf2c5f7c,63001,63251,0,0,102011
28,1739,2026-09-11T06-06-21-832_bf2c5f7c,63501,63751,0,0,102011
28,1739,2026-09-11T06-06-21-832_bf2c5f7c,64001,64251,0,0,102011
28,1739,2026-09-11T06-06-21-832_bf2c5f7c,64501,64751,0,0,102011
28,1739,2026-09-11T06-06-21-832_bf2c5f7c,65001,65251,0,0,102011
28,1739,2026-09-11T06-06-21-832_bf2c5f7c,65501,65751,0,0,102011
28,1739,2026-09-11T06-06-21-832_bf2c5f7c,66001,66251,0,0,102011
28,1739,2026-09-11T06-06-21-832_bf2c5f7c,66501,66751,0,0,102011
28,1739,2026-09-11T06-06-21-832_bf2c5f7c,67001,67251,0,0,102011
28,1739,2026-09-11T06-06-21-832_bf2c5f7c,67501,67751,0,0,102011
28,1739,2026-09-11T06-06-21-832_bf2c5f7c,68001,68251,0,0,102011
28,1739,2026-09-11T06-06-21-832_bf2c5f7c,68501,68751,0,0,102011
28,1739,2026-09-11T06-06-21-832_bf2c5f7c,69001,69251,0,0,102011
28,1739,2026-09-11T06-06-21-832_bf2c5f7c,69501,69751,0,0,102011
28,1739,2026-09-11T06-06-21-832_bf2c5f7c,70001,70251,0,0,102011
28,1739,2026-09-11T06-06-21-832_bf2c5f7c,70501,70751,0,0,102011
28,1739,2026-09-11T06-06-21-832_bf2c5f7c,71001,71251,0,0,102011
28,1739,2026-09-11T06-06-21-832_bf2c5f7c,71501,71751,0,0,102011
28,1739,2026-09-11T06-06-21-832_bf2c5f7c,72001,72251,0,0,102011
28,1739,2026-09-11T06-06-21-832_bf2c5f7c,72501,72751,0,0,102011
28,1739,2026-09-11T06-06-21-832_bf2c5f7c,73001,73251,0,0,102011
28,1739,2026-09-11T06-06-21-832_bf2c5f7c,73501,73751,0,0,102011
28,1739,2026-09-11T06-06-21-832_bf2c5f7c,74001,74251,0,0,102011
28,1739,2026-09-11T06-06-21-832_bf2c5f7c,74501,74751,0,0,102011
28,1739,2026-09-11T06-06-21-832_bf2c5f7c,75001,75251,0,0,102011
28,1739,2026-09-11T06-06-21-832_bf2c5f7c,75501,75751,0,0,102011
28,1739,2026-09-11T06-06-21-832_bf2c5f7c,76001,76251,0,0,102011
28,1739,2026-09-11T06-06-21-832_bf2c5f7c,76501,76751,0,0,102011
28,1739,2026-09-11T06-06-21-832_bf2c5f7c,77001,77251,0,0,102011
28,1739,2026-09-11T06-06-21-832_bf2c5f7c,77501,77751,0,0,102011
28,1739,2026-09-11T06-06-21-832_bf2c5f7c,78001,78251,0,0,102011
28,1739,2026-09-11T06-06-21-832_bf2c5f7c,78501,78751,0,0,102011
28,1739,2026-09-11T06-06-21-832_bf2c5f7c,79001,79251,0,0,102011
28,1739,2026-09-11T06-06-21-832_bf2c5f7c,79501,79751,0,0,102011
28,1739,2026-09-11T06-06-21-832_bf2c5f7c,80001,80251,0,0,102011
28,1739,2026-09-11T06-06-21-832_bf2c5f7c,80501,80751,0,0,102011
28,1739,2026-09-11T06-06-21-832_bf2c5f7c,81001,81251,0,0,102011
28,1739,2026-09-11T06-06-21-832_bf2c5f7c,81501,81751,0,0,102011
28,1739,2026-09-11T06-06-21-832_bf2c5f7c,82001,82251,0,0,102011
28,1739,2026-09-11T06-06-21-832_bf2c5f7c,82501,82751,0,0,102011
28,1739,2026-09-11T06-06-21-832_bf2c5f7c,83001,83251,0,0,102011
28,1739,2026-09-11T06-06-21-832_bf2c5f7c,83501,83751,0,0,102011
28,1739,2026-09-11T06-06-21-832_bf2c5f7c,84001,84251,0,0,102011
28,1739,2026-09-11T06-06-21-832_bf2c5f7c,84501,84751,0,0,102011
28,1739,2026-09-11T06-06-21-832_bf2c5f7c,85001,85251,0,0,102011
28,1739,2026-09-11T06-06-21-832_bf2c5f7c,85501,85751,0,0,102011
28,1739,2026-09-11T06-06-21-832_bf2c5f7c,86001,86251,0,0,102011
28,1739,2026-09-11T06-06-21-832_bf2c5f7c,86501,86751,0,0,102011
28,1739,2026-09-11T06-06-21-832_bf2c5f7c,87001,87251,0,0,102011
28,1739,2026-09-11T06-06-21-832_bf2c5f7c,87501,87751,0,0,102011
28,1739,2026-09-11T06-06-21-832_bf2c5f7c,88001,88251,0,0,102011
28,1739,2026-09-11T06-06-21-832_bf2c5f7c,88501,88751,0,0,102011
28,1739,2026-09-11T06-06-21-832_bf2c5f7c,89001,89251,0,0,102011
28,1739,2026-09-11T06-06-21-832_bf2c5f7c,89501,89751,0,0,102011
28,1739,2026-09-11T06-06-21-832_bf2c5f7c,90001,90251,0,0,102011
28,1739,2026-09-11T06-06-21-832_bf2c5f7c,90501,90751,0,0,102011
28,1739,2026-09-11T06-06-21-832_bf2c5f7c,91001,91251,0,0,102011
28,1739,2026-09-11T06-06-21-832_bf2c5f7c,91501,91751,0,0,102011
28,1739,2026-09-11T06-06-21-832_bf2c5f7c,92001,92251,0,0,102011
28,1739,2026-09-11T06-06-21-832_bf2c5f7c,92501,92751,0,0,102011
28,1739,2026-09-11T06-06-21-832_bf2c5f7c,93001,93251,0,0,102011
28,1739,2026-09-11T06-06-21-832_bf2c5f7c,93501,93751,0,0,102011
28,1739,2026-09-11T06-06-21-832_bf2c5f7c,94001,94251,0,0,102011
28,1739,2026-09-11T06-06-21-832_bf2c5f7c,94501,94751,0,0,102011
28,1739,2026-09-11T06-06-21-832_bf2c5f7c,95001,95251,0,0,102011
28,1739,2026-09-11T06-06-21-832_bf2c5f7c,95501,95751,0,0,102011
28,1739,2026-09-11T06-06-21-832_bf2c5f7c,96001,96251,0,0,102011
28,1739,2026-09-11T06-06-21-832_bf2c5f7c,96501,96751,0,0,102011
28,1739,2026-09-11T06-06-21-832_bf2c5f7c,97001,97251,0,0,102011
28,1739,2026-09-11T06-06-21-832_bf2c5f7c,97501,97751,0,0,102011
28,1739,2026-09-11T06-06-21-832_bf2c5f7c,98001,98251,0,0,102011
28,1739,2026-09-11T06-06-21-832_bf2c5f7c,98501,98751,0,0,102011
28,1739,2026-09-11T06-06-21-832_bf2c5f7c,99001,99251,0,0,102011
28,1739,2026-09-11T06-06-21-832_bf2c5f7c,99501,99751,0,0,102011
28,1739,2026-09-11T06-06-21-832_bf2c5f7c,100001,100251,0,0,102011
28,1739,2026-09-11T06-06-21-832_bf2c5f7c,100501,100751,0,0,102011
28,1739,2026-09-11T06-06-21-832_bf2c5f7c,101001,101251,0,0,102011
28,1739,2026-09-11T06-06-21-832_bf2c5f7c,101501,101751,0,0,102011
29,1799,2026-09-11T06-20-59-279_dcb0d224,1,251,0,22,19821
29,1799,2026-09-11T06-20-59-279_dcb0d224,501,751,22,0,19821
29,1799,2026-09-11T06-20-59-279_dcb0d224,1001,1251,22,0,19821
29,1799,2026-09-11T06-20-59-279_dcb0d224,1501,1751,22,0,19821
29,1799,2026-09-11T06-20-59-279_dcb0d224,2001,2251,22,0,19821
29,1799,2026-09-11T06-20-59-279_dcb0d224,2501,2751,22,0,19821
29,1799,2026-09-11T06-20-59-279_dcb0d224,3001,3251,22,0,19821
29,1799,2026-09-11T06-20-59-279_dcb0d224,3501,3751,22,2042,19821
29,1799,2026-09-11T06-20-59-279_dcb0d224,4001,4251,2064,67,19821
29,1799,2026-09-11T06-20-59-279_dcb0d224,4501,4751,2131,0,19821
29,1799,2026-09-11T06-20-59-279_dcb0d224,5001,5251,2131,-2109,19821
29,1799,2026-09-11T06-20-59-279_dcb0d224,5501,5751,22,0,19821
29,1799,2026-09-11T06-20-59-279_dcb0d224,6001,6251,22,-22,19821
29,1799,2026-09-11T06-20-59-279_dcb0d224,6501,6751,0,0,19821
29,1799,2026-09-11T06-20-59-279_dcb0d224,7001,7251,0,0,19821
29,1799,2026-09-11T06-20-59-279_dcb0d224,7501,7751,0,0,19821
29,1799,2026-09-11T06-20-59-279_dcb0d224,8001,8251,0,0,19821
29,1799,2026-09-11T06-20-59-279_dcb0d224,8501,8751,0,0,19821
29,1799,2026-09-11T06-20-59-279_dcb0d224,9001,9251,0,0,19821
29,1799,2026-09-11T06-20-59-279_dcb0d224,9501,9751,0,0,19821
29,1799,2026-09-11T06-20-59-279_dcb0d224,10001,10251,0,0,19821
29,1799,2026-09-11T06-20-59-279_dcb0d224,10501,10751,0,0,19821
29,1799,2026-09-11T06-20-59-279_dcb0d224,11001,11251,0,0,19821
29,1799,2026-09-11T06-20-59-279_dcb0d224,11501,11751,0,0,19821
29,1799,2026-09-11T06-20-59-279_dcb0d224,12001,12251,0,0,19821
29,1799,2026-09-11T06-20-59-279_dcb0d224,12501,12751,0,0,19821
29,1799,2026-09-11T06-20-59-279_dcb0d224,13001,13251,0,0,19821
29,1799,2026-09-11T06-20-59-279_dcb0d224,13501,13751,0,0,19821
29,1799,2026-09-11T06-20-59-279_dcb0d224,14001,14251,0,0,19821
29,1799,2026-09-11T06-20-59-279_dcb0d224,14501,14751,0,0,19821
29,1799,2026-09-11T06-20-59-279_dcb0d224,15001,15251,0,0,19821
29,1799,2026-09-11T06-20-59-279_dcb0d224,15501,15751,0,0,19821
29,1799,2026-09-11T06-20-59-279_dcb0d224,16001,16251,0,0,19821
29,1799,2026-09-11T06-20-59-279_dcb0d224,16501,16751,0,0,19821
29,1799,2026-09-11T06-20-59-279_dcb0d224,17001,17251,0,0,19821
29,1799,2026-09-11T06-20-59-279_dcb0d224,17501,17751,0,0,19821
29,1799,2026-09-11T06-20-59-279_dcb0d224,18001,18251,0,0,19821
29,1799,2026-09-11T06-20-59-279_dcb0d224,18501,18751,0,0,19821
29,1799,2026-09-11T06-20-59-279_dcb0d224,19001,19251,0,0,19821
30,1859,2026-09-11T06-34-54-319_4660182a,1,251,0,267,9021
30,1859,2026-09-11T06-34-54-319_4660182a,501,751,267,0,9021
30,1859,2026-09-11T06-34-54-319_4660182a,1001,1251,267,0,9021
30,1859,2026-09-11T06-34-54-319_4660182a,1501,1751,267,0,9021
30,1859,2026-09-11T06-34-54-319_4660182a,2001,2251,267,0,9021
30,1859,2026-09-11T06-34-54-319_4660182a,2501,2751,267,0,9021
30,1859,2026-09-11T06-34-54-319_4660182a,3001,3251,267,0,9021
30,1859,2026-09-11T06-34-54-319_4660182a,3501,3751,267,4726,9021
30,1859,2026-09-11T06-34-54-319_4660182a,4001,4251,4993,-4351,9021
30,1859,2026-09-11T06-34-54-319_4660182a,4501,4751,642,15262,9021
30,1859,2026-09-11T06-34-54-319_4660182a,5001,5251,15904,6967,9021
30,1859,2026-09-11T06-34-54-319_4660182a,5501,5751,22871,-22871,9021
30,1859,2026-09-11T06-34-54-319_4660182a,6001,6251,0,0,9021
30,1859,2026-09-11T06-34-54-319_4660182a,6501,6751,0,0,9021
30,1859,2026-09-11T06-34-54-319_4660182a,7001,7251,0,0,9021
30,1859,2026-09-11T06-34-54-319_4660182a,7501,7751,0,0,9021
30,1859,2026-09-11T06-34-54-319_4660182a,8001,8251,0,0,9021
30,1859,2026-09-11T06-34-54-319_4660182a,8501,8751,0,0,9021
31,1919,2026-09-11T06-48-18-812_21664834,1,251,0,6141,4891
31,1919,2026-09-11T06-48-18-812_21664834,501,751,6141,4567,4891
31,1919,2026-09-11T06-48-18-812_21664834,1001,1251,10708,4696,4891
31,1919,2026-09-11T06-48-18-812_21664834,1501,1751,15404,5219,4891
31,1919,2026-09-11T06-48-18-812_21664834,2001,2251,20623,5560,4891
31,1919,2026-09-11T06-48-18-812_21664834,2501,2751,26183,5243,4891
31,1919,2026-09-11T06-48-18-812_21664834,3001,3251,31426,3222,4891
31,1919,2026-09-11T06-48-18-812_21664834,3501,3751,34648,1211,4891
31,1919,2026-09-11T06-48-18-812_21664834,4001,4251,35859,1225,4891
32,1979,2026-09-11T07-02-44-917_288f8d09,1,251,0,7928,22341
32,1979,2026-09-11T07-02-44-917_288f8d09,501,751,7928,4497,22341
32,1979,2026-09-11T07-02-44-917_288f8d09,1001,1251,12425,0,22341
32,1979,2026-09-11T07-02-44-917_288f8d09,1501,1751,12425,0,22341
32,1979,2026-09-11T07-02-44-917_288f8d09,2001,2251,12425,0,22341
32,1979,2026-09-11T07-02-44-917_288f8d09,2501,2751,12425,0,22341
32,1979,2026-09-11T07-02-44-917_288f8d09,3001,3251,12425,0,22341
32,1979,2026-09-11T07-02-44-917_288f8d09,3501,3751,12425,0,22341
32,1979,2026-09-11T07-02-44-917_288f8d09,4001,4251,12425,0,22341
32,1979,2026-09-11T07-02-44-917_288f8d09,4501,4751,12425,0,22341
32,1979,2026-09-11T07-02-44-917_288f8d09,5001,5251,12425,0,22341
32,1979,2026-09-11T07-02-44-917_288f8d09,5501,5751,12425,0,22341
32,1979,2026-09-11T07-02-44-917_288f8d09,6001,6251,12425,0,22341
32,1979,2026-09-11T07-02-44-917_288f8d09,6501,6751,12425,6,22341
32,1979,2026-09-11T07-02-44-917_288f8d09,7001,7251,12431,96,22341
32,1979,2026-09-11T07-02-44-917_288f8d09,7501,7751,12527,-102,22341
32,1979,2026-09-11T07-02-44-917_288f8d09,8001,8251,12425,-7708,22341
32,1979,2026-09-11T07-02-44-917_288f8d09,8501,8751,4717,-4717,22341
32,1979,2026-09-11T07-02-44-917_288f8d09,9001,9251,0,0,22341
32,1979,2026-09-11T07-02-44-917_288f8d09,9501,9751,0,0,22341
32,1979,2026-09-11T07-02-44-917_288f8d09,10001,10251,0,0,22341
32,1979,2026-09-11T07-02-44-917_288f8d09,10501,10751,0,0,22341
32,1979,2026-09-11T07-02-44-917_288f8d09,11001,11251,0,0,22341
32,1979,2026-09-11T07-02-44-917_288f8d09,11501,11751,0,0,22341
32,1979,2026-09-11T07-02-44-917_288f8d09,12001,12251,0,0,22341
32,1979,2026-09-11T07-02-44-917_288f8d09,12501,12751,0,0,22341
32,1979,2026-09-11T07-02-44-917_288f8d09,13001,13251,0,0,22341
32,1979,2026-09-11T07-02-44-917_288f8d09,13501,13751,0,0,22341
32,1979,2026-09-11T07-02-44-917_288f8d09,14001,14251,0,0,22341
32,1979,2026-09-11T07-02-44-917_288f8d09,14501,14751,0,0,22341
32,1979,2026-09-11T07-02-44-917_288f8d09,15001,15251,0,0,22341
32,1979,2026-09-11T07-02-44-917_288f8d09,15501,15751,0,0,22341
32,1979,2026-09-11T07-02-44-917_288f8d09,16001,16251,0,0,22341
32,1979,2026-09-11T07-02-44-917_288f8d09,16501,16751,0,0,22341
32,1979,2026-09-11T07-02-44-917_288f8d09,17001,17251,0,0,22341
32,1979,2026-09-11T07-02-44-917_288f8d09,17501,17751,0,0,22341
32,1979,2026-09-11T07-02-44-917_288f8d09,18001,18251,0,0,22341
32,1979,2026-09-11T07-02-44-917_288f8d09,18501,18751,0,0,22341
32,1979,2026-09-11T07-02-44-917_288f8d09,19001,19251,0,0,22341
32,1979,2026-09-11T07-02-44-917_288f8d09,19501,19751,0,0,22341
32,1979,2026-09-11T07-02-44-917_288f8d09,20001,20251,0,0,22341
32,1979,2026-09-11T07-02-44-917_288f8d09,20501,20751,0,0,22341
32,1979,2026-09-11T07-02-44-917_288f8d09,21001,21251,0,0,22341
32,1979,2026-09-11T07-02-44-917_288f8d09,21501,21751,0,0,22341
33,2039,2026-09-11T07-15-49-097_0eb4dba1,1,251,0,52,5531
33,2039,2026-09-11T07-15-49-097_0eb4dba1,501,751,52,6080,5531
33,2039,2026-09-11T07-15-49-097_0eb4dba1,1001,1251,6132,373,5531
33,2039,2026-09-11T07-15-49-097_0eb4dba1,1501,1751,6505,0,5531
33,2039,2026-09-11T07-15-49-097_0eb4dba1,2001,2251,6505,0,5531
33,2039,2026-09-11T07-15-49-097_0eb4dba1,2501,2751,6505,0,5531
33,2039,2026-09-11T07-15-49-097_0eb4dba1,3001,3251,6505,0,5531
33,2039,2026-09-11T07-15-49-097_0eb4dba1,3501,3751,6505,0,5531
33,2039,2026-09-11T07-15-49-097_0eb4dba1,4001,4251,6505,0,5531
33,2039,2026-09-11T07-15-49-097_0eb4dba1,4501,4751,6505,0,5531
33,2039,2026-09-11T07-15-49-097_0eb4dba1,5001,5251,6505,0,5531
34,2099,2026-09-11T07-30-29-902_b0caa73d,1,251,0,30,27621
34,2099,2026-09-11T07-30-29-902_b0caa73d,501,751,30,0,27621
34,2099,2026-09-11T07-30-29-902_b0caa73d,1001,1251,30,0,27621
34,2099,2026-09-11T07-30-29-902_b0caa73d,1501,1751,30,0,27621
34,2099,2026-09-11T07-30-29-902_b0caa73d,2001,2251,30,0,27621
34,2099,2026-09-11T07-30-29-902_b0caa73d,2501,2751,30,0,27621
34,2099,2026-09-11T07-30-29-902_b0caa73d,3001,3251,30,3396,27621
34,2099,2026-09-11T07-30-29-902_b0caa73d,3501,3751,3426,1191,27621
34,2099,2026-09-11T07-30-29-902_b0caa73d,4001,4251,4617,1204,27621
34,2099,2026-09-11T07-30-29-902_b0caa73d,4501,4751,5821,1218,27621
34,2099,2026-09-11T07-30-29-902_b0caa73d,5001,5251,7039,1254,27621
34,2099,2026-09-11T07-30-29-902_b0caa73d,5501,5751,8293,1277,27621
34,2099,2026-09-11T07-30-29-902_b0caa73d,6001,6251,9570,1331,27621
34,2099,2026-09-11T07-30-29-902_b0caa73d,6501,6751,10901,1392,27621
34,2099,2026-09-11T07-30-29-902_b0caa73d,7001,7251,12293,1413,27621
34,2099,2026-09-11T07-30-29-902_b0caa73d,7501,7751,13706,1334,27621
34,2099,2026-09-11T07-30-29-902_b0caa73d,8001,8251,15040,1553,27621
34,2099,2026-09-11T07-30-29-902_b0caa73d,8501,8751,16593,1455,27621
34,2099,2026-09-11T07-30-29-902_b0caa73d,9001,9251,18048,1454,27621
34,2099,2026-09-11T07-30-29-902_b0caa73d,9501,9751,19502,1452,27621
34,2099,2026-09-11T07-30-29-902_b0caa73d,10001,10251,20954,1460,27621
34,2099,2026-09-11T07-30-29-902_b0caa73d,10501,10751,22414,1333,27621
34,2099,2026-09-11T07-30-29-902_b0caa73d,11001,11251,23747,-23717,27621
34,2099,2026-09-11T07-30-29-902_b0caa73d,11501,11751,30,-30,27621
34,2099,2026-09-11T07-30-29-902_b0caa73d,12001,12251,0,0,27621
34,2099,2026-09-11T07-30-29-902_b0caa73d,12501,12751,0,0,27621
34,2099,2026-09-11T07-30-29-902_b0caa73d,13001,13251,0,0,27621
34,2099,2026-09-11T07-30-29-902_b0caa73d,13501,13751,0,0,27621
34,2099,2026-09-11T07-30-29-902_b0caa73d,14001,14251,0,0,27621
34,2099,2026-09-11T07-30-29-902_b0caa73d,14501,14751,0,0,27621
34,2099,2026-09-11T07-30-29-902_b0caa73d,15001,15251,0,0,27621
34,2099,2026-09-11T07-30-29-902_b0caa73d,15501,15751,0,0,27621
34,2099,2026-09-11T07-30-29-902_b0caa73d,16001,16251,0,0,27621
34,2099,2026-09-11T07-30-29-902_b0caa73d,16501,16751,0,0,27621
34,2099,2026-09-11T07-30-29-902_b0caa73d,17001,17251,0,0,27621
34,2099,2026-09-11T07-30-29-902_b0caa73d,17501,17751,0,0,27621
34,2099,2026-09-11T07-30-29-902_b0caa73d,18001,18251,0,0,27621
34,2099,2026-09-11T07-30-29-902_b0caa73d,18501,18751,0,0,27621
34,2099,2026-09-11T07-30-29-902_b0caa73d,19001,19251,0,0,27621
34,2099,2026-09-11T07-30-29-902_b0caa73d,19501,19751,0,0,27621
34,2099,2026-09-11T07-30-29-902_b0caa73d,20001,20251,0,0,27621
34,2099,2026-09-11T07-30-29-902_b0caa73d,20501,20751,0,0,27621
34,2099,2026-09-11T07-30-29-902_b0caa73d,21001,21251,0,0,27621
34,2099,2026-09-11T07-30-29-902_b0caa73d,21501,21751,0,0,27621
34,2099,2026-09-11T07-30-29-902_b0caa73d,22001,22251,0,0,27621
34,2099,2026-09-11T07-30-29-902_b0caa73d,22501,22751,0,0,27621
34,2099,2026-09-11T07-30-29-902_b0caa73d,23001,23251,0,0,27621
34,2099,2026-09-11T07-30-29-902_b0caa73d,23501,23751,0,0,27621
34,2099,2026-09-11T07-30-29-902_b0caa73d,24001,24251,0,0,27621
34,2099,2026-09-11T07-30-29-902_b0caa73d,24501,24751,0,0,27621
34,2099,2026-09-11T07-30-29-902_b0caa73d,25001,25251,0,0,27621
34,2099,2026-09-11T07-30-29-902_b0caa73d,25501,25751,0,0,27621
34,2099,2026-09-11T07-30-29-902_b0caa73d,26001,26251,0,0,27621
34,2099,2026-09-11T07-30-29-902_b0caa73d,26501,26751,0,0,27621
34,2099,2026-09-11T07-30-29-902_b0caa73d,27001,27251,0,0,27621
35,2159,2026-09-11T07-44-45-256_765f0027,1,251,0,7683,22701
35,2159,2026-09-11T07-44-45-256_765f0027,501,751,7683,3460,22701
35,2159,2026-09-11T07-44-45-256_765f0027,1001,1251,11143,2964,22701
35,2159,2026-09-11T07-44-45-256_765f0027,1501,1751,14107,1746,22701
35,2159,2026-09-11T07-44-45-256_765f0027,2001,2251,15853,2891,22701
35,2159,2026-09-11T07-44-45-256_765f0027,2501,2751,18744,4770,22701
35,2159,2026-09-11T07-44-45-256_765f0027,3001,3251,23514,2549,22701
35,2159,2026-09-11T07-44-45-256_765f0027,3501,3751,26063,1419,22701
35,2159,2026-09-11T07-44-45-256_765f0027,4001,4251,27482,1410,22701
35,2159,2026-09-11T07-44-45-256_765f0027,4501,4751,28892,1474,22701
35,2159,2026-09-11T07-44-45-256_765f0027,5001,5251,30366,1522,22701
35,2159,2026-09-11T07-44-45-256_765f0027,5501,5751,31888,1617,22701
35,2159,2026-09-11T07-44-45-256_765f0027,6001,6251,33505,1505,22701
35,2159,2026-09-11T07-44-45-256_765f0027,6501,6751,35010,1290,22701
35,2159,2026-09-11T07-44-45-256_765f0027,7001,7251,36300,0,22701
35,2159,2026-09-11T07-44-45-256_765f0027,7501,7751,36300,0,22701
35,2159,2026-09-11T07-44-45-256_765f0027,8001,8251,36300,-36300,22701
35,2159,2026-09-11T07-44-45-256_765f0027,8501,8751,0,0,22701
35,2159,2026-09-11T07-44-45-256_765f0027,9001,9251,0,0,22701
35,2159,2026-09-11T07-44-45-256_765f0027,9501,9751,0,0,22701
35,2159,2026-09-11T07-44-45-256_765f0027,10001,10251,0,0,22701
35,2159,2026-09-11T07-44-45-256_765f0027,10501,10751,0,0,22701
35,2159,2026-09-11T07-44-45-256_765f0027,11001,11251,0,0,22701
35,2159,2026-09-11T07-44-45-256_765f0027,11501,11751,0,0,22701
35,2159,2026-09-11T07-44-45-256_765f0027,12001,12251,0,0,22701
35,2159,2026-09-11T07-44-45-256_765f0027,12501,12751,0,0,22701
35,2159,2026-09-11T07-44-45-256_765f0027,13001,13251,0,0,22701
35,2159,2026-09-11T07-44-45-256_765f0027,13501,13751,0,0,22701
35,2159,2026-09-11T07-44-45-256_765f0027,14001,14251,0,0,22701
35,2159,2026-09-11T07-44-45-256_765f0027,14501,14751,0,0,22701
35,2159,2026-09-11T07-44-45-256_765f0027,15001,15251,0,0,22701
35,2159,2026-09-11T07-44-45-256_765f0027,15501,15751,0,0,22701
35,2159,2026-09-11T07-44-45-256_765f0027,16001,16251,0,0,22701
35,2159,2026-09-11T07-44-45-256_765f0027,16501,16751,0,0,22701
35,2159,2026-09-11T07-44-45-256_765f0027,17001,17251,0,0,22701
35,2159,2026-09-11T07-44-45-256_765f0027,17501,17751,0,0,22701
35,2159,2026-09-11T07-44-45-256_765f0027,18001,18251,0,0,22701
35,2159,2026-09-11T07-44-45-256_765f0027,18501,18751,0,0,22701
35,2159,2026-09-11T07-44-45-256_765f0027,19001,19251,0,0,22701
35,2159,2026-09-11T07-44-45-256_765f0027,19501,19751,0,0,22701
35,2159,2026-09-11T07-44-45-256_765f0027,20001,20251,0,0,22701
35,2159,2026-09-11T07-44-45-256_765f0027,20501,20751,0,0,22701
35,2159,2026-09-11T07-44-45-256_765f0027,21001,21251,0,0,22701
35,2159,2026-09-11T07-44-45-256_765f0027,21501,21751,0,0,22701
35,2159,2026-09-11T07-44-45-256_765f0027,22001,22251,0,0,22701
36,2219,2026-09-11T07-58-49-802_235decdf,1,251,0,52,12611
36,2219,2026-09-11T07-58-49-802_235decdf,501,751,52,0,12611
36,2219,2026-09-11T07-58-49-802_235decdf,1001,1251,52,0,12611
36,2219,2026-09-11T07-58-49-802_235decdf,1501,1751,52,0,12611
36,2219,2026-09-11T07-58-49-802_235decdf,2001,2251,52,0,12611
36,2219,2026-09-11T07-58-49-802_235decdf,2501,2751,52,0,12611
36,2219,2026-09-11T07-58-49-802_235decdf,3001,3251,52,0,12611
36,2219,2026-09-11T07-58-49-802_235decdf,3501,3751,52,0,12611
36,2219,2026-09-11T07-58-49-802_235decdf,4001,4251,52,0,12611
36,2219,2026-09-11T07-58-49-802_235decdf,4501,4751,52,0,12611
36,2219,2026-09-11T07-58-49-802_235decdf,5001,5251,52,0,12611
36,2219,2026-09-11T07-58-49-802_235decdf,5501,5751,52,0,12611
36,2219,2026-09-11T07-58-49-802_235decdf,6001,6251,52,0,12611
36,2219,2026-09-11T07-58-49-802_235decdf,6501,6751,52,0,12611
36,2219,2026-09-11T07-58-49-802_235decdf,7001,7251,52,0,12611
36,2219,2026-09-11T07-58-49-802_235decdf,7501,7751,52,0,12611
36,2219,2026-09-11T07-58-49-802_235decdf,8001,8251,52,0,12611
36,2219,2026-09-11T07-58-49-802_235decdf,8501,8751,52,0,12611
36,2219,2026-09-11T07-58-49-802_235decdf,9001,9251,52,-52,12611
36,2219,2026-09-11T07-58-49-802_235decdf,9501,9751,0,0,12611
36,2219,2026-09-11T07-58-49-802_235decdf,10001,10251,0,0,12611
36,2219,2026-09-11T07-58-49-802_235decdf,10501,10751,0,0,12611
36,2219,2026-09-11T07-58-49-802_235decdf,11001,11251,0,0,12611
36,2219,2026-09-11T07-58-49-802_235decdf,11501,11751,0,0,12611
36,2219,2026-09-11T07-58-49-802_235decdf,12001,12251,0,0,12611
37,2279,2026-09-11T08-13-57-983_aaa19cd5,1,251,0,351,40201
37,2279,2026-09-11T08-13-57-983_aaa19cd5,501,751,351,0,40201
37,2279,2026-09-11T08-13-57-983_aaa19cd5,1001,1251,351,0,40201
37,2279,2026-09-11T08-13-57-983_aaa19cd5,1501,1751,351,0,40201
37,2279,2026-09-11T08-13-57-983_aaa19cd5,2001,2251,351,0,40201
37,2279,2026-09-11T08-13-57-983_aaa19cd5,2501,2751,351,0,40201
37,2279,2026-09-11T08-13-57-983_aaa19cd5,3001,3251,351,0,40201
37,2279,2026-09-11T08-13-57-983_aaa19cd5,3501,3751,351,0,40201
37,2279,2026-09-11T08-13-57-983_aaa19cd5,4001,4251,351,112,40201
37,2279,2026-09-11T08-13-57-983_aaa19cd5,4501,4751,463,-112,40201
37,2279,2026-09-11T08-13-57-983_aaa19cd5,5001,5251,351,0,40201
37,2279,2026-09-11T08-13-57-983_aaa19cd5,5501,5751,351,0,40201
37,2279,2026-09-11T08-13-57-983_aaa19cd5,6001,6251,351,-351,40201
37,2279,2026-09-11T08-13-57-983_aaa19cd5,6501,6751,0,0,40201
37,2279,2026-09-11T08-13-57-983_aaa19cd5,7001,7251,0,0,40201
37,2279,2026-09-11T08-13-57-983_aaa19cd5,7501,7751,0,0,40201
37,2279,2026-09-11T08-13-57-983_aaa19cd5,8001,8251,0,0,40201
37,2279,2026-09-11T08-13-57-983_aaa19cd5,8501,8751,0,0,40201
37,2279,2026-09-11T08-13-57-983_aaa19cd5,9001,9251,0,0,40201
37,2279,2026-09-11T08-13-57-983_aaa19cd5,9501,9751,0,0,40201
37,2279,2026-09-11T08-13-57-983_aaa19cd5,10001,10251,0,0,40201
37,2279,2026-09-11T08-13-57-983_aaa19cd5,10501,10751,0,0,40201
37,2279,2026-09-11T08-13-57-983_aaa19cd5,11001,11251,0,0,40201
37,2279,2026-09-11T08-13-57-983_aaa19cd5,11501,11751,0,0,40201
37,2279,2026-09-11T08-13-57-983_aaa19cd5,12001,12251,0,0,40201
37,2279,2026-09-11T08-13-57-983_aaa19cd5,12501,12751,0,0,40201
37,2279,2026-09-11T08-13-57-983_aaa19cd5,13001,13251,0,0,40201
37,2279,2026-09-11T08-13-57-983_aaa19cd5,13501,13751,0,0,40201
37,2279,2026-09-11T08-13-57-983_aaa19cd5,14001,14251,0,0,40201
37,2279,2026-09-11T08-13-57-983_aaa19cd5,14501,14751,0,0,40201
37,2279,2026-09-11T08-13-57-983_aaa19cd5,15001,15251,0,0,40201
37,2279,2026-09-11T08-13-57-983_aaa19cd5,15501,15751,0,0,40201
37,2279,2026-09-11T08-13-57-983_aaa19cd5,16001,16251,0,0,40201
37,2279,2026-09-11T08-13-57-983_aaa19cd5,16501,16751,0,0,40201
37,2279,2026-09-11T08-13-57-983_aaa19cd5,17001,17251,0,0,40201
37,2279,2026-09-11T08-13-57-983_aaa19cd5,17501,17751,0,0,40201
37,2279,2026-09-11T08-13-57-983_aaa19cd5,18001,18251,0,0,40201
37,2279,2026-09-11T08-13-57-983_aaa19cd5,18501,18751,0,0,40201
37,2279,2026-09-11T08-13-57-983_aaa19cd5,19001,19251,0,0,40201
37,2279,2026-09-11T08-13-57-983_aaa19cd5,19501,19751,0,0,40201
37,2279,2026-09-11T08-13-57-983_aaa19cd5,20001,20251,0,0,40201
37,2279,2026-09-11T08-13-57-983_aaa19cd5,20501,20751,0,0,40201
37,2279,2026-09-11T08-13-57-983_aaa19cd5,21001,21251,0,0,40201
37,2279,2026-09-11T08-13-57-983_aaa19cd5,21501,21751,0,0,40201
37,2279,2026-09-11T08-13-57-983_aaa19cd5,22001,22251,0,0,40201
37,2279,2026-09-11T08-13-57-983_aaa19cd5,22501,22751,0,0,40201
37,2279,2026-09-11T08-13-57-983_aaa19cd5,23001,23251,0,0,40201
37,2279,2026-09-11T08-13-57-983_aaa19cd5,23501,23751,0,0,40201
37,2279,2026-09-11T08-13-57-983_aaa19cd5,24001,24251,0,0,40201
37,2279,2026-09-11T08-13-57-983_aaa19cd5,24501,24751,0,0,40201
37,2279,2026-09-11T08-13-57-983_aaa19cd5,25001,25251,0,0,40201
37,2279,2026-09-11T08-13-57-983_aaa19cd5,25501,25751,0,0,40201
37,2279,2026-09-11T08-13-57-983_aaa19cd5,26001,26251,0,0,40201
37,2279,2026-09-11T08-13-57-983_aaa19cd5,26501,26751,0,0,40201
37,2279,2026-09-11T08-13-57-983_aaa19cd5,27001,27251,0,0,40201
37,2279,2026-09-11T08-13-57-983_aaa19cd5,27501,27751,0,0,40201
37,2279,2026-09-11T08-13-57-983_aaa19cd5,28001,28251,0,0,40201
37,2279,2026-09-11T08-13-57-983_aaa19cd5,28501,28751,0,0,40201
37,2279,2026-09-11T08-13-57-983_aaa19cd5,29001,29251,0,0,40201
37,2279,2026-09-11T08-13-57-983_aaa19cd5,29501,29751,0,0,40201
37,2279,2026-09-11T08-13-57-983_aaa19cd5,30001,30251,0,0,40201
37,2279,2026-09-11T08-13-57-983_aaa19cd5,30501,30751,0,0,40201
37,2279,2026-09-11T08-13-57-983_aaa19cd5,31001,31251,0,0,40201
37,2279,2026-09-11T08-13-57-983_aaa19cd5,31501,31751,0,0,40201
37,2279,2026-09-11T08-13-57-983_aaa19cd5,32001,32251,0,0,40201
37,2279,2026-09-11T08-13-57-983_aaa19cd5,32501,32751,0,0,40201
37,2279,2026-09-11T08-13-57-983_aaa19cd5,33001,33251,0,0,40201
37,2279,2026-09-11T08-13-57-983_aaa19cd5,33501,33751,0,0,40201
37,2279,2026-09-11T08-13-57-983_aaa19cd5,34001,34251,0,0,40201
37,2279,2026-09-11T08-13-57-983_aaa19cd5,34501,34751,0,0,40201
37,2279,2026-09-11T08-13-57-983_aaa19cd5,35001,35251,0,0,40201
37,2279,2026-09-11T08-13-57-983_aaa19cd5,35501,35751,0,0,40201
37,2279,2026-09-11T08-13-57-983_aaa19cd5,36001,36251,0,0,40201
37,2279,2026-09-11T08-13-57-983_aaa19cd5,36501,36751,0,0,40201
37,2279,2026-09-11T08-13-57-983_aaa19cd5,37001,37251,0,0,40201
37,2279,2026-09-11T08-13-57-983_aaa19cd5,37501,37751,0,0,40201
37,2279,2026-09-11T08-13-57-983_aaa19cd5,38001,38251,0,0,40201
37,2279,2026-09-11T08-13-57-983_aaa19cd5,38501,38751,0,0,40201
37,2279,2026-09-11T08-13-57-983_aaa19cd5,39001,39251,0,0,40201
37,2279,2026-09-11T08-13-57-983_aaa19cd5,39501,39751,0,0,40201
38,2339,2026-09-11T08-27-37-243_449938d3,1,251,0,52,7961
38,2339,2026-09-11T08-27-37-243_449938d3,501,751,52,0,7961
38,2339,2026-09-11T08-27-37-243_449938d3,1001,1251,52,0,7961
38,2339,2026-09-11T08-27-37-243_449938d3,1501,1751,52,0,7961
38,2339,2026-09-11T08-27-37-243_449938d3,2001,2251,52,0,7961
38,2339,2026-09-11T08-27-37-243_449938d3,2501,2751,52,0,7961
38,2339,2026-09-11T08-27-37-243_449938d3,3001,3251,52,0,7961
38,2339,2026-09-11T08-27-37-243_449938d3,3501,3751,52,0,7961
38,2339,2026-09-11T08-27-37-243_449938d3,4001,4251,52,0,7961
38,2339,2026-09-11T08-27-37-243_449938d3,4501,4751,52,0,7961
38,2339,2026-09-11T08-27-37-243_449938d3,5001,5251,52,0,7961
38,2339,2026-09-11T08-27-37-243_449938d3,5501,5751,52,0,7961
38,2339,2026-09-11T08-27-37-243_449938d3,6001,6251,52,0,7961
38,2339,2026-09-11T08-27-37-243_449938d3,6501,6751,52,0,7961
38,2339,2026-09-11T08-27-37-243_449938d3,7001,7251,52,0,7961
39,2399,2026-09-11T08-43-33-123_6b99613e,1,251,0,602,59131
39,2399,2026-09-11T08-43-33-123_6b99613e,501,751,602,2101,59131
39,2399,2026-09-11T08-43-33-123_6b99613e,1001,1251,2703,518,59131
39,2399,2026-09-11T08-43-33-123_6b99613e,1501,1751,3221,-293,59131
39,2399,2026-09-11T08-43-33-123_6b99613e,2001,2251,2928,-224,59131
39,2399,2026-09-11T08-43-33-123_6b99613e,2501,2751,2704,19,59131
39,2399,2026-09-11T08-43-33-123_6b99613e,3001,3251,2723,1121,59131
39,2399,2026-09-11T08-43-33-123_6b99613e,3501,3751,3844,-1132,59131
39,2399,2026-09-11T08-43-33-123_6b99613e,4001,4251,2712,-9,59131
39,2399,2026-09-11T08-43-33-123_6b99613e,4501,4751,2703,-695,59131
39,2399,2026-09-11T08-43-33-123_6b99613e,5001,5251,2008,-2008,59131
39,2399,2026-09-11T08-43-33-123_6b99613e,5501,5751,0,0,59131
39,2399,2026-09-11T08-43-33-123_6b99613e,6001,6251,0,0,59131
39,2399,2026-09-11T08-43-33-123_6b99613e,6501,6751,0,0,59131
39,2399,2026-09-11T08-43-33-123_6b99613e,7001,7251,0,0,59131
39,2399,2026-09-11T08-43-33-123_6b99613e,7501,7751,0,0,59131
39,2399,2026-09-11T08-43-33-123_6b99613e,8001,8251,0,0,59131
39,2399,2026-09-11T08-43-33-123_6b99613e,8501,8751,0,0,59131
39,2399,2026-09-11T08-43-33-123_6b99613e,9001,9251,0,0,59131
39,2399,2026-09-11T08-43-33-123_6b99613e,9501,9751,0,0,59131
39,2399,2026-09-11T08-43-33-123_6b99613e,10001,10251,0,0,59131
39,2399,2026-09-11T08-43-33-123_6b99613e,10501,10751,0,0,59131
39,2399,2026-09-11T08-43-33-123_6b99613e,11001,11251,0,0,59131
39,2399,2026-09-11T08-43-33-123_6b99613e,11501,11751,0,0,59131
39,2399,2026-09-11T08-43-33-123_6b99613e,12001,12251,0,0,59131
39,2399,2026-09-11T08-43-33-123_6b99613e,12501,12751,0,0,59131
39,2399,2026-09-11T08-43-33-123_6b99613e,13001,13251,0,0,59131
39,2399,2026-09-11T08-43-33-123_6b99613e,13501,13751,0,0,59131
39,2399,2026-09-11T08-43-33-123_6b99613e,14001,14251,0,0,59131
39,2399,2026-09-11T08-43-33-123_6b99613e,14501,14751,0,0,59131
39,2399,2026-09-11T08-43-33-123_6b99613e,15001,15251,0,0,59131
39,2399,2026-09-11T08-43-33-123_6b99613e,15501,15751,0,0,59131
39,2399,2026-09-11T08-43-33-123_6b99613e,16001,16251,0,0,59131
39,2399,2026-09-11T08-43-33-123_6b99613e,16501,16751,0,0,59131
39,2399,2026-09-11T08-43-33-123_6b99613e,17001,17251,0,0,59131
39,2399,2026-09-11T08-43-33-123_6b99613e,17501,17751,0,0,59131
39,2399,2026-09-11T08-43-33-123_6b99613e,18001,18251,0,0,59131
39,2399,2026-09-11T08-43-33-123_6b99613e,18501,18751,0,0,59131
39,2399,2026-09-11T08-43-33-123_6b99613e,19001,19251,0,0,59131
39,2399,2026-09-11T08-43-33-123_6b99613e,19501,19751,0,0,59131
39,2399,2026-09-11T08-43-33-123_6b99613e,20001,20251,0,0,59131
39,2399,2026-09-11T08-43-33-123_6b99613e,20501,20751,0,0,59131
39,2399,2026-09-11T08-43-33-123_6b99613e,21001,21251,0,0,59131
39,2399,2026-09-11T08-43-33-123_6b99613e,21501,21751,0,0,59131
39,2399,2026-09-11T08-43-33-123_6b99613e,22001,22251,0,0,59131
39,2399,2026-09-11T08-43-33-123_6b99613e,22501,22751,0,0,59131
39,2399,2026-09-11T08-43-33-123_6b99613e,23001,23251,0,0,59131
39,2399,2026-09-11T08-43-33-123_6b99613e,23501,23751,0,0,59131
39,2399,2026-09-11T08-43-33-123_6b99613e,24001,24251,0,0,59131
39,2399,2026-09-11T08-43-33-123_6b99613e,24501,24751,0,0,59131
39,2399,2026-09-11T08-43-33-123_6b99613e,25001,25251,0,0,59131
39,2399,2026-09-11T08-43-33-123_6b99613e,25501,25751,0,0,59131
39,2399,2026-09-11T08-43-33-123_6b99613e,26001,26251,0,0,59131
39,2399,2026-09-11T08-43-33-123_6b99613e,26501,26751,0,0,59131
39,2399,2026-09-11T08-43-33-123_6b99613e,27001,27251,0,0,59131
39,2399,2026-09-11T08-43-33-123_6b99613e,27501,27751,0,0,59131
39,2399,2026-09-11T08-43-33-123_6b99613e,28001,28251,0,0,59131
39,2399,2026-09-11T08-43-33-123_6b99613e,28501,28751,0,0,59131
39,2399,2026-09-11T08-43-33-123_6b99613e,29001,29251,0,0,59131
39,2399,2026-09-11T08-43-33-123_6b99613e,29501,29751,0,0,59131
39,2399,2026-09-11T08-43-33-123_6b99613e,30001,30251,0,0,59131
39,2399,2026-09-11T08-43-33-123_6b99613e,30501,30751,0,0,59131
39,2399,2026-09-11T08-43-33-123_6b99613e,31001,31251,0,0,59131
39,2399,2026-09-11T08-43-33-123_6b99613e,31501,31751,0,0,59131
39,2399,2026-09-11T08-43-33-123_6b99613e,32001,32251,0,0,59131
39,2399,2026-09-11T08-43-33-123_6b99613e,32501,32751,0,0,59131
39,2399,2026-09-11T08-43-33-123_6b99613e,33001,33251,0,0,59131
39,2399,2026-09-11T08-43-33-123_6b99613e,33501,33751,0,0,59131
39,2399,2026-09-11T08-43-33-123_6b99613e,34001,34251,0,0,59131
39,2399,2026-09-11T08-43-33-123_6b99613e,34501,34751,0,0,59131
39,2399,2026-09-11T08-43-33-123_6b99613e,35001,35251,0,0,59131
39,2399,2026-09-11T08-43-33-123_6b99613e,35501,35751,0,0,59131
39,2399,2026-09-11T08-43-33-123_6b99613e,36001,36251,0,0,59131
39,2399,2026-09-11T08-43-33-123_6b99613e,36501,36751,0,0,59131
39,2399,2026-09-11T08-43-33-123_6b99613e,37001,37251,0,0,59131
39,2399,2026-09-11T08-43-33-123_6b99613e,37501,37751,0,0,59131
39,2399,2026-09-11T08-43-33-123_6b99613e,38001,38251,0,0,59131
39,2399,2026-09-11T08-43-33-123_6b99613e,38501,38751,0,0,59131
39,2399,2026-09-11T08-43-33-123_6b99613e,39001,39251,0,0,59131
39,2399,2026-09-11T08-43-33-123_6b99613e,39501,39751,0,0,59131
39,2399,2026-09-11T08-43-33-123_6b99613e,40001,40251,0,0,59131
39,2399,2026-09-11T08-43-33-123_6b99613e,40501,40751,0,0,59131
39,2399,2026-09-11T08-43-33-123_6b99613e,41001,41251,0,0,59131
39,2399,2026-09-11T08-43-33-123_6b99613e,41501,41751,0,0,59131
39,2399,2026-09-11T08-43-33-123_6b99613e,42001,42251,0,0,59131
39,2399,2026-09-11T08-43-33-123_6b99613e,42501,42751,0,0,59131
39,2399,2026-09-11T08-43-33-123_6b99613e,43001,43251,0,0,59131
39,2399,2026-09-11T08-43-33-123_6b99613e,43501,43751,0,0,59131
39,2399,2026-09-11T08-43-33-123_6b99613e,44001,44251,0,0,59131
39,2399,2026-09-11T08-43-33-123_6b99613e,44501,44751,0,0,59131
39,2399,2026-09-11T08-43-33-123_6b99613e,45001,45251,0,0,59131
39,2399,2026-09-11T08-43-33-123_6b99613e,45501,45751,0,0,59131
39,2399,2026-09-11T08-43-33-123_6b99613e,46001,46251,0,0,59131
39,2399,2026-09-11T08-43-33-123_6b99613e,46501,46751,0,0,59131
39,2399,2026-09-11T08-43-33-123_6b99613e,47001,47251,0,0,59131
39,2399,2026-09-11T08-43-33-123_6b99613e,47501,47751,0,0,59131
39,2399,2026-09-11T08-43-33-123_6b99613e,48001,48251,0,0,59131
39,2399,2026-09-11T08-43-33-123_6b99613e,48501,48751,0,0,59131
39,2399,2026-09-11T08-43-33-123_6b99613e,49001,49251,0,0,59131
39,2399,2026-09-11T08-43-33-123_6b99613e,49501,49751,0,0,59131
39,2399,2026-09-11T08-43-33-123_6b99613e,50001,50251,0,0,59131
39,2399,2026-09-11T08-43-33-123_6b99613e,50501,50751,0,0,59131
39,2399,2026-09-11T08-43-33-123_6b99613e,51001,51251,0,0,59131
39,2399,2026-09-11T08-43-33-123_6b99613e,51501,51751,0,0,59131
39,2399,2026-09-11T08-43-33-123_6b99613e,52001,52251,0,0,59131
39,2399,2026-09-11T08-43-33-123_6b99613e,52501,52751,0,0,59131
39,2399,2026-09-11T08-43-33-123_6b99613e,53001,53251,0,0,59131
39,2399,2026-09-11T08-43-33-123_6b99613e,53501,53751,0,0,59131
39,2399,2026-09-11T08-43-33-123_6b99613e,54001,54251,0,0,59131
39,2399,2026-09-11T08-43-33-123_6b99613e,54501,54751,0,0,59131
39,2399,2026-09-11T08-43-33-123_6b99613e,55001,55251,0,0,59131
39,2399,2026-09-11T08-43-33-123_6b99613e,55501,55751,0,0,59131
39,2399,2026-09-11T08-43-33-123_6b99613e,56001,56251,0,0,59131
39,2399,2026-09-11T08-43-33-123_6b99613e,56501,56751,0,0,59131
39,2399,2026-09-11T08-43-33-123_6b99613e,57001,57251,0,0,59131
39,2399,2026-09-11T08-43-33-123_6b99613e,57501,57751,0,0,59131
39,2399,2026-09-11T08-43-33-123_6b99613e,58001,58251,0,0,59131
39,2399,2026-09-11T08-43-33-123_6b99613e,58501,58751,0,0,59131
