tick,tiles
1,0
2,52
3,52
4,52
5,52
6,52
7,52
8,52
9,52
10,52
11,52
12,52
13,52
14,52
15,52
16,52
17,52
18,52
19,52
20,52
21,52
22,52
23,52
24,52
25,52
26,52
27,52
28,52
29,52
30,52
31,52
32,52
33,52
34,52
35,52
36,52
37,52
38,52
39,52
40,52
41,52
42,52
43,52
44,52
45,52
46,52
47,52
48,52
49,52
50,52
51,52
52,52
53,52
54,52
55,52
56,52
57,52
58,52
59,52
60,52
61,52
62,52
63,52
64,52
65,52
66,52
67,52
68,52
69,52
70,52
71,52
72,52
73,52
74,52
75,52
76,52
77,52
78,52
79,52
80,52
81,52
82,52
83,52
84,52
85,52
86,52
87,52
88,52
89,52
90,52
91,52
92,52
93,52
94,52
95,52
96,52
97,52
98,52
99,52
100,52
101,52
102,52
103,52
104,52
105,52
106,52
107,52
108,52
109,52
110,52
111,52
112,52
113,52
114,52
115,52
116,52
117,52
118,52
119,52
120,52
121,52
122,52
123,52
124,52
125,52
126,52
127,52
128,52
129,52
130,52
131,52
132,52
133,52
134,52
135,52
136,52
137,52
138,52
139,52
140,52
141,52
142,52
143,52
144,52
145,52
146,52
147,52
148,52
149,52
150,52
151,52
152,52
153,52
154,52
155,52
156,52
157,52
158,52
159,52
160,52
161,52
162,52
163,52
164,52
165,52
166,52
167,52
168,52
169,52
170,52
171,52
172,52
173,52
174,52
175,52
176,52
177,52
178,52
179,52
180,52
181,52
182,52
183,52
184,52
185,52
186,52
187,52
188,52
189,52
190,52
191,52
192,52
193,52
194,52
195,52
196,52
197,52
198,52
199,52
200,52
201,52
202,52
203,52
204,52
205,52
206,52
207,52
208,52
209,52
210,52
211,52
212,52
213,52
214,52
215,52
216,52
217,52
218,52
219,52
220,52
221,52
222,52
223,52
224,52
225,52
226,52
227,52
228,52
229,52
230,52
231,52
232,52
233,52
234,52
235,52
236,52
237,52
238,52
239,52
240,52
241,52
242,52
243,52
244,52
245,52
246,52
247,52
248,52
249,52
250,52
251,52
252,52
253,52
254,52
255,52
256,52
257,52
258,52
259,52
260,52
261,52
262,52
263,52
264,52
265,52
266,52
267,52
268,52
269,52
270,52
271,52
272,52
273,52
274,52
275,52
276,52
277,52
278,52
279,52
280,52
281,52
282,52
283,52
284,52
285,52
286,52
287,52
288,52
289,52
290,52
291,52
292,52
293,52
294,52
295,52
296,52
297,52
298,52
299,52
300,52
301,52
302,52
303,52
304,52
305,52
306,52
307,52
308,52
309,52
310,52
311,52
312,52
313,52
314,52
315,52
316,52
317,52
318,52
319,52
320,52
321,52
322,52
323,52
324,52
325,52
326,52
327,52
328,52
329,52
330,52
331,52
332,52
333,52
334,52
335,52
336,52
337,52
338,52
339,52
340,52
341,52
342,52
343,52
344,52
345,52
346,52
347,52
348,52
349,52
350,52
351,52
352,52
353,52
354,52
355,52
356,52
357,52
358,52
359,52
360,52
361,52
362,52
363,52
364,52
365,52
366,52
367,52
368,52
369,52
370,52
371,52
372,52
373,52
374,52
375,52
376,52
377,52
378,52
379,52
380,52
381,52
382,52
383,52
384,52
385,52
386,52
387,52
388,52
389,52
390,52
391,52
392,52
393,52
394,52
395,52
396,52
397,52
398,52
399,52
400,52
401,52
402,52
403,52
404,52
405,52
406,52
407,52
408,52
409,52
410,52
411,52
412,52
413,52
414,52
415,52
416,52
417,52
418,52
419,52
420,52
421,52
422,52
423,52
424,52
425,52
426,52
427,52
428,52
429,52
430,52
431,52
432,52
433,52
434,52
435,52
436,52
437,52
438,52
439,52
440,52
441,52
442,52
443,52
444,52
445,52
446,52
447,52
448,52
449,52
450,52
451,52
452,52
453,52
454,52
455,52
456,52
457,52
458,52
459,52
460,52
461,52
462,52
463,52
464,52
465,52
466,52
467,52
468,52
469,52
470,52
471,52
472,52
473,52
474,52
475,52
476,52
477,52
478,52
479,52
480,52
481,52
482,52
483,52
484,52
485,52
486,52
487,52
488,52
489,52
490,52
491,52
492,52
493,52
494,52
495,52
496,52
497,52
498,52
499,52
500,52
501,52
502,52
503,52
504,52
505,52
506,52
507,52
508,52
509,52
510,52
511,52
512,52
513,52
514,52
515,52
516,52
517,52
518,52
519,52
520,52
521,52
522,52
523,52
524,52
525,52
526,52
527,52
528,52
529,52
530,52
531,52
532,52
533,52
534,52
535,52
536,52
537,52
538,52
539,52
540,52
541,52
542,52
543,52
544,52
545,52
546,52
547,52
548,52
549,52
550,52
551,52
552,52
553,52
554,52
555,52
556,52
557,52
558,52
559,52
560,52
561,52
562,52
563,52
564,52
565,52
566,52
567,52
568,52
569,52
570,52
571,52
572,52
573,52
574,52
575,52
576,52
577,52
578,52
579,52
580,52
581,52
582,52
583,52
584,52
585,52
586,52
587,52
588,52
589,52
590,52
591,52
592,52
593,52
594,52
595,52
596,52
597,52
598,52
599,52
600,52
601,52
602,52
603,52
604,52
605,52
606,52
607,52
608,52
609,52
610,52
611,52
612,52
613,52
614,52
615,52
616,52
617,52
618,52
619,52
620,52
621,52
622,52
623,52
624,52
625,52
626,52
627,52
628,52
629,52
630,52
631,52
632,52
633,52
634,52
635,52
636,52
637,52
638,52
639,52
640,52
641,52
642,52
643,52
644,52
645,52
646,52
647,52
648,52
649,52
650,52
651,52
652,52
653,52
654,52
655,52
656,52
657,52
658,52
659,52
660,52
661,52
662,52
663,52
664,52
665,52
666,52
667,52
668,52
669,52
670,52
671,52
672,52
673,52
674,52
675,52
676,52
677,52
678,52
679,52
680,52
681,52
682,52
683,52
684,52
685,52
686,52
687,52
688,52
689,52
690,52
691,52
692,52
693,52
694,52
695,52
696,52
697,52
698,52
699,52
700,52
701,52
702,52
703,52
704,52
705,52
706,52
707,52
708,52
709,52
710,52
711,52
712,52
713,52
714,52
715,52
716,52
717,52
718,52
719,52
720,52
721,52
722,52
723,52
724,52
725,52
726,52
727,52
728,52
729,52
730,52
731,52
732,52
733,52
734,52
735,52
736,52
737,52
738,52
739,52
740,52
741,52
742,52
743,52
744,52
745,52
746,52
747,52
748,52
749,52
750,52
751,52
752,52
753,52
754,52
755,52
756,52
757,52
758,52
759,52
760,52
761,52
762,52
763,52
764,52
765,52
766,52
767,52
768,52
769,52
770,52
771,52
772,52
773,52
774,52
775,52
776,52
777,52
778,52
779,52
780,52
781,52
782,52
783,52
784,52
785,52
786,52
787,52
788,52
789,52
790,52
791,52
792,52
793,52
794,52
795,52
796,52
797,52
798,52
799,52
800,52
801,52
802,52
803,52
804,52
805,52
806,52
807,52
808,52
809,52
810,52
811,52
812,52
813,52
814,52
815,52
816,52
817,52
818,52
819,52
820,52
821,52
822,52
823,52
824,52
825,52
826,52
827,52
828,52
829,52
830,52
831,52
832,52
833,52
834,52
835,52
836,52
837,52
838,52
839,52
840,52
841,52
842,52
843,52
844,52
845,52
846,52
847,52
848,52
849,52
850,52
851,52
852,52
853,52
854,52
855,52
856,52
857,52
858,52
859,52
860,52
861,52
862,52
863,52
864,52
865,52
866,52
867,52
868,52
869,52
870,52
871,52
872,52
873,52
874,52
875,52
876,52
877,52
878,52
879,52
880,52
881,52
882,52
883,52
884,52
885,52
886,52
887,52
888,52
889,52
890,52
891,52
892,52
893,52
894,52
895,52
896,52
897,52
898,52
899,52
900,52
901,52
902,52
903,52
904,52
905,52
906,52
907,52
908,52
909,52
910,52
911,52
912,52
913,52
914,52
915,52
916,52
917,52
918,52
919,52
920,52
921,52
922,52
923,52
924,52
925,52
926,52
927,52
928,52
929,52
930,52
931,52
932,52
933,52
934,52
935,52
936,52
937,52
938,52
939,52
940,52
941,52
942,52
943,52
944,52
945,52
946,52
947,52
948,52
949,52
950,52
951,52
952,52
953,52
954,52
955,52
956,52
957,52
958,52
959,52
960,52
961,52
962,52
963,52
964,52
965,52
966,52
967,52
968,52
969,52
970,52
971,52
972,52
973,52
974,52
975,52
976,52
977,52
978,52
979,52
980,52
981,52
982,52
983,52
984,52
985,52
986,52
987,52
988,52
989,52
990,52
991,52
992,52
993,52
994,64
995,76
996,91
997,107
998,124
999,142
1000,162
1001,184
1002,204
1003,227
1004,252
1005,277
1006,302
1007,330
1008,360
1009,390
1010,422
1011,455
1012,488
1013,521
1014,557
1015,593
1016,631
1017,670
1018,709
1019,751
1020,793
1021,838
1022,883
1023,929
1024,976
1025,1024
1026,1073
1027,1124
1028,1175
1029,1229
1030,1284
1031,1342
1032,1399
1033,1457
1034,1517
1035,1577
1036,1637
1037,1699
1038,1763
1039,1829
1040,1894
1041,1963
1042,2034
1043,2105
1044,2178
1045,2248
1046,2321
1047,2394
1048,2469
1049,2546
1050,2626
1051,2704
1052,2786
1053,2871
1054,2956
1055,3041
1056,3128
1057,3216
1058,3307
1059,3398
1060,3491
1061,3586
1062,3681
1063,3777
1064,3875
1065,3972
1066,4066
1067,4163
1068,4261
1069,4359
1070,4457
1071,4555
1072,4653
1073,4751
1074,4849
1075,4944
1076,5041
1077,5139
1078,5239
1079,5338
1080,5438
1081,5540
1082,5643
1083,5746
1084,5851
1085,5956
1086,6059
1087,6163
1088,6268
1089,6374
1090,6479
1091,6585
1092,6693
1093,6800
1094,6909
1095,7016
1096,7123
1097,7231
1098,7341
1099,7450
1100,7563
1101,7677
1102,7794
1103,7911
1104,8024
1105,8137
1106,8251
1107,8364
1108,8481
1109,8599
1110,8716
1111,8814
1112,8885
1113,8938
1114,9056
1115,9158
1116,9229
1117,9285
1118,9328
1119,9359
1120,9381
1121,9397
1122,9410
1123,9420
1124,9515
1125,9583
1126,9635
1127,9672
1128,9699
1129,9721
1130,9735
1131,9747
1132,9756
1133,9763
1134,9848
1135,9909
1136,9956
1137,9991
1138,10015
1139,10032
1140,10047
1141,10056
1142,10063
1143,10070
1144,10147
1145,10203
1146,10246
1147,10279
1148,10304
1149,10318
1150,10331
1151,10341
1152,10348
1153,10355
1154,10427
1155,10477
1156,10518
1157,10548
1158,10571
1159,10588
1160,10598
1161,10606
1162,10613
1163,10620
1164,10690
1165,10737
1166,10776
1167,10806
1168,10827
1169,10843
1170,10855
1171,10863
1172,10870
1173,10877
1174,10943
1175,10987
1176,11023
1177,11049
1178,11068
1179,11082
1180,11092
1181,11100
1182,11107
1183,11114
1184,11177
1185,11220
1186,11255
1187,11280
1188,11298
1189,11313
1190,11324
1191,11332
1192,11339
1193,11346
1194,11407
1195,11449
1196,11480
1197,11504
1198,11521
1199,11533
1200,11542
1201,11549
1202,11556
1203,11563
1204,11624
1205,11664
1206,11694
1207,11715
1208,11732
1209,11745
1210,11754
1211,11761
1212,11768
1213,11775
1214,11834
1215,11873
1216,11900
1217,11922
1218,11937
1219,11949
1220,11958
1221,11965
1222,11972
1223,11978
1224,12036
1225,12071
1226,12098
1227,12117
1228,12132
1229,12143
1230,12151
1231,12158
1232,12165
1233,12170
1234,12227
1235,12264
1236,12288
1237,12308
1238,12321
1239,12331
1240,12339
1241,12346
1242,12353
1243,12355
1244,12410
1245,12445
1246,12469
1247,12486
1248,12500
1249,12510
1250,12518
1251,12525
1252,12532
1253,12535
1254,12589
1255,12622
1256,12647
1257,12663
1258,12677
1259,12686
1260,12694
1261,12701
1262,12708
1263,12708
1264,12761
1265,12794
1266,12815
1267,12833
1268,12845
1269,12853
1270,12861
1271,12868
1272,12873
1273,12873
1274,12924
1275,12957
1276,12980
1277,12995
1278,13007
1279,13016
1280,13023
1281,13030
1282,13036
1283,13036
1284,13087
1285,13120
1286,13141
1287,13156
1288,13167
1289,13176
1290,13183
1291,13190
1292,13193
1293,13193
1294,13242
1295,13272
1296,13293
1297,13308
1298,13320
1299,13329
1300,13336
1301,13343
1302,13348
1303,13348
1304,13397
1305,13429
1306,13450
1307,13464
1308,13474
1309,13483
1310,13490
1311,13497
1312,13499
1313,13499
1314,13547
1315,13577
1316,13596
1317,13611
1318,13620
1319,13629
1320,13636
1321,13643
1322,13647
1323,13647
1324,13694
1325,13728
1326,13746
1327,13758
1328,13769
1329,13777
1330,13784
1331,13791
1332,13794
1333,13794
1334,13841
1335,13871
1336,13890
1337,13905
1338,13915
1339,13923
1340,13931
1341,13937
1342,13937
1343,13937
1344,13983
1345,14014
1346,14031
1347,14046
1348,14056
1349,14064
1350,14072
1351,14079
1352,14079
1353,14079
1354,14125
1355,14158
1356,14175
1357,14187
1358,14196
1359,14204
1360,14212
1361,14216
1362,14216
1363,14216
1364,14262
1365,14292
1366,14308
1367,14321
1368,14330
1369,14338
1370,14346
1371,14349
1372,14349
1373,14349
1374,14394
1375,14423
1376,14441
1377,14454
1378,14463
1379,14471
1380,14479
1381,14482
1382,14482
1383,14482
1384,14526
1385,14556
1386,14574
1387,14586
1388,14594
1389,14602
1390,14610
1391,14613
1392,14613
1393,14613
1394,14657
1395,14685
1396,14704
1397,14716
1398,14725
1399,14733
1400,14741
1401,14743
1402,14743
1403,14743
1404,14787
1405,14818
1406,14836
1407,14848
1408,14857
1409,14865
1410,14873
1411,14874
1412,14874
1413,14874
1414,14918
1415,14948
1416,14964
1417,14976
1418,14984
1419,14992
1420,15000
1421,15002
1422,15002
1423,15002
1424,15045
1425,15075
1426,15091
1427,15102
1428,15111
1429,15119
1430,15127
1431,15127
1432,15127
1433,15127
1434,15170
1435,15197
1436,15214
1437,15224
1438,15233
1439,15241
1440,15249
1441,15250
1442,15250
1443,15250
1444,15293
1445,15323
1446,15338
1447,15350
1448,15359
1449,15367
1450,15375
1451,15375
1452,15375
1453,15375
1454,15417
1455,15447
1456,15463
1457,15474
1458,15483
1459,15491
1460,15499
1461,15499
1462,15499
1463,15499
1464,15542
1465,15570
1466,15586
1467,15597
1468,15606
1469,15614
1470,15621
1471,15621
1472,15621
1473,15621
1474,15664
1475,15692
1476,15708
1477,15719
1478,15728
1479,15736
1480,15741
1481,15741
1482,15741
1483,15741
1484,15783
1485,15812
1486,15828
1487,15839
1488,15848
1489,15856
1490,15862
1491,15862
1492,15862
1493,15862
1494,15904
1495,15931
1496,15947
1497,15959
1498,15968
1499,15976
1500,15981
1501,15981
1502,15981
1503,15981
1504,16023
1505,16052
1506,16067
1507,16077
1508,16086
1509,16094
1510,16100
1511,16100
1512,16100
1513,16100
1514,16143
1515,16172
1516,16187
1517,16199
1518,16208
1519,16216
1520,16220
1521,16220
1522,16220
1523,16220
1524,16262
1525,16291
1526,16305
1527,16317
1528,16326
1529,16334
1530,16339
1531,16339
1532,16339
1533,16339
1534,16381
1535,16409
1536,16423
1537,16434
1538,16442
1539,16450
1540,16454
1541,16454
1542,16454
1543,16454
1544,16496
1545,16520
1546,16536
1547,16547
1548,16556
1549,16564
1550,16569
1551,16569
1552,16569
1553,16569
1554,16610
1555,16636
1556,16652
1557,16662
1558,16671
1559,16679
1560,16685
1561,16685
1562,16685
1563,16685
1564,16727
1565,16753
1566,16769
1567,16779
1568,16788
1569,16797
1570,16799
1571,16799
1572,16799
1573,16799
1574,16841
1575,16869
1576,16883
1577,16894
1578,16903
1579,16912
1580,16914
1581,16914
1582,16914
1583,16914
1584,16956
1585,16984
1586,16999
1587,17010
1588,17019
1589,17028
1590,17028
1591,17028
1592,17028
1593,17028
1594,17070
1595,17097
1596,17112
1597,17123
1598,17132
1599,17141
1600,17141
1601,17141
1602,17141
1603,17141
1604,17183
1605,17211
1606,17225
1607,17235
1608,17244
1609,17253
1610,17255
1611,17255
1612,17255
1613,17255
1614,17296
1615,17324
1616,17339
1617,17350
1618,17359
1619,17368
1620,17371
1621,17371
1622,17371
1623,17371
1624,17413
1625,17441
1626,17455
1627,17466
1628,17475
1629,17484
1630,17486
1631,17486
1632,17486
1633,17486
1634,17528
1635,17556
1636,17571
1637,17581
1638,17590
1639,17599
1640,17600
1641,17600
1642,17600
1643,17600
1644,17642
1645,17670
1646,17684
1647,17694
1648,17703
1649,17711
1650,17711
1651,17711
1652,17711
1653,17711
1654,17753
1655,17779
1656,17792
1657,17802
1658,17811
1659,17820
1660,17821
1661,17821
1662,17821
1663,17821
1664,17863
1665,17889
1666,17903
1667,17913
1668,17922
1669,17931
1670,17932
1671,17932
1672,17932
1673,17932
1674,17974
1675,18002
1676,18018
1677,18028
1678,18037
1679,18045
1680,18045
1681,18045
1682,18045
1683,18045
1684,18087
1685,18114
1686,18128
1687,18139
1688,18148
1689,18156
1690,18156
1691,18156
1692,18156
1693,18156
1694,18198
1695,18226
1696,18242
1697,18252
1698,18261
1699,18269
1700,18269
1701,18269
1702,18269
1703,18269
1704,18311
1705,18339
1706,18354
1707,18364
1708,18373
1709,18381
1710,18381
1711,18381
1712,18381
1713,18381
1714,18424
1715,18452
1716,18466
1717,18476
1718,18485
1719,18492
1720,18492
1721,18492
1722,18492
1723,18492
1724,18535
1725,18562
1726,18576
1727,18586
1728,18595
1729,18602
1730,18602
1731,18602
1732,18602
1733,18602
1734,18645
1735,18673
1736,18687
1737,18697
1738,18706
1739,18713
1740,18713
1741,18713
1742,18713
1743,18713
1744,18756
1745,18783
1746,18797
1747,18807
1748,18816
1749,18822
1750,18822
1751,18822
1752,18822
1753,18822
1754,18865
1755,18892
1756,18908
1757,18918
1758,18927
1759,18935
1760,18935
1761,18935
1762,18935
1763,18935
1764,18979
1765,19007
1766,19022
1767,19032
1768,19041
1769,19047
1770,19047
1771,19047
1772,19047
1773,19047
1774,19090
1775,19118
1776,19133
1777,19143
1778,19152
1779,19160
1780,19160
1781,19160
1782,19160
1783,19160
1784,19204
1785,19232
1786,19247
1787,19259
1788,19268
1789,19274
1790,19274
1791,19274
1792,19274
1793,19274
1794,19318
1795,19346
1796,19361
1797,19371
1798,19380
1799,19385
1800,19385
1801,19385
1802,19385
1803,19385
1804,19429
1805,19456
1806,19470
1807,19481
1808,19491
1809,19497
1810,19497
1811,19497
1812,19497
1813,19497
1814,19541
1815,19570
1816,19585
1817,19595
1818,19605
1819,19609
1820,19609
1821,19609
1822,19609
1823,19609
1824,19653
1825,19680
1826,19695
1827,19705
1828,19715
1829,19720
1830,19720
1831,19720
1832,19720
1833,19720
1834,19764
1835,19790
1836,19804
1837,19814
1838,19824
1839,19827
1840,19827
1841,19827
1842,19827
1843,19827
1844,19871
1845,19898
1846,19912
1847,19922
1848,19932
1849,19936
1850,19936
1851,19936
1852,19936
1853,19936
1854,19981
1855,20009
1856,20023
1857,20033
1858,20043
1859,20046
1860,20046
1861,20046
1862,20046
1863,20046
1864,20091
1865,20118
1866,20131
1867,20141
1868,20151
1869,20154
1870,20154
1871,20154
1872,20154
1873,20154
1874,20199
1875,20225
1876,20241
1877,20251
1878,20261
1879,20265
1880,20265
1881,20265
1882,20265
1883,20265
1884,20310
1885,20339
1886,20353
1887,20363
1888,20373
1889,20377
1890,20377
1891,20377
1892,20377
1893,20377
1894,20422
1895,20450
1896,20463
1897,20474
1898,20484
1899,20487
1900,20487
1901,20487
1902,20487
1903,20487
1904,20532
1905,20561
1906,20576
1907,20586
1908,20596
1909,20598
1910,20598
1911,20598
1912,20598
1913,20598
1914,20643
1915,20671
1916,20685
1917,20695
1918,20705
1919,20709
1920,20709
1921,20709
1922,20709
1923,20709
1924,20754
1925,20781
1926,20795
1927,20805
1928,20815
1929,20819
1930,20819
1931,20819
1932,20819
1933,20819
1934,20864
1935,20893
1936,20907
1937,20918
1938,20928
1939,20930
1940,20930
1941,20930
1942,20930
1943,20930
1944,20975
1945,21003
1946,21016
1947,21027
1948,21037
1949,21040
1950,21040
1951,21040
1952,21040
1953,21040
1954,21085
1955,21114
1956,21129
1957,21139
1958,21149
1959,21151
1960,21151
1961,21151
1962,21151
1963,21151
1964,21197
1965,21224
1966,21238
1967,21249
1968,21259
1969,21261
1970,21261
1971,21261
1972,21261
1973,21261
1974,21307
1975,21336
1976,21351
1977,21361
1978,21371
1979,21372
1980,21372
1981,21372
1982,21372
1983,21372
1984,21418
1985,21446
1986,21459
1987,21470
1988,21480
1989,21483
1990,21483
1991,21483
1992,21483
1993,21483
1994,21529
1995,21558
1996,21573
1997,21583
1998,21593
1999,21595
2000,21595
2001,21595
2002,21595
2003,21595
2004,21641
2005,21670
2006,21685
2007,21696
2008,21706
2009,21706
2010,21706
2011,21706
2012,21706
2013,21706
2014,21753
2015,21782
2016,21795
2017,21806
2018,21816
2019,21816
2020,21816
2021,21816
2022,21816
2023,21816
2024,21862
2025,21891
2026,21906
2027,21916
2028,21926
2029,21928
2030,21928
2031,21928
2032,21928
2033,21928
2034,21974
2035,22003
2036,22018
2037,22029
2038,22039
2039,22039
2040,22039
2041,22039
2042,22039
2043,22039
2044,22086
2045,22115
2046,22129
2047,22140
2048,22149
2049,22149
2050,22149
2051,22149
2052,22149
2053,22149
2054,22196
2055,22224
2056,22236
2057,22246
2058,22257
2059,22257
2060,22257
2061,22257
2062,22257
2063,22257
2064,22305
2065,22333
2066,22346
2067,22357
2068,22366
2069,22366
2070,22366
2071,22366
2072,22366
2073,22366
2074,22413
2075,22439
2076,22452
2077,22463
2078,22473
2079,22473
2080,22473
2081,22473
2082,22473
2083,22473
2084,22521
2085,22549
2086,22562
2087,22573
2088,22584
2089,22584
2090,22584
2091,22584
2092,22584
2093,22584
2094,22632
2095,22661
2096,22675
2097,22686
2098,22697
2099,22697
2100,22697
2101,22697
2102,22697
2103,22697
2104,22745
2105,22775
2106,22791
2107,22802
2108,22810
2109,22810
2110,22810
2111,22810
2112,22810
2113,22810
2114,22858
2115,22887
2116,22901
2117,22912
2118,22922
2119,22922
2120,22922
2121,22922
2122,22922
2123,22922
2124,22970
2125,22999
2126,23013
2127,23024
2128,23032
2129,23032
2130,23032
2131,23032
2132,23032
2133,23032
2134,23081
2135,23109
2136,23123
2137,23134
2138,23143
2139,23143
2140,23143
2141,23143
2142,23143
2143,23143
2144,23191
2145,23220
2146,23233
2147,23244
2148,23253
2149,23253
2150,23253
2151,23253
2152,23253
2153,23253
2154,23301
2155,23329
2156,23343
2157,23354
2158,23363
2159,23363
2160,23363
2161,23363
2162,23363
2163,23363
2164,23411
2165,23439
2166,23454
2167,23465
2168,23474
2169,23474
2170,23474
2171,23474
2172,23474
2173,23474
2174,23522
2175,23550
2176,23564
2177,23575
2178,23584
2179,23584
2180,23584
2181,23584
2182,23584
2183,23584
2184,23632
2185,23658
2186,23672
2187,23683
2188,23692
2189,23692
2190,23692
2191,23692
2192,23692
2193,23692
2194,23740
2195,23767
2196,23781
2197,23792
2198,23800
2199,23800
2200,23800
2201,23800
2202,23800
2203,23800
2204,23848
2205,23876
2206,23891
2207,23902
2208,23909
2209,23909
2210,23909
2211,23909
2212,23909
2213,23909
2214,23958
2215,23985
2216,24000
2217,24011
2218,24020
2219,24020
2220,24020
2221,24020
2222,24020
2223,24020
2224,24069
2225,24096
2226,24111
2227,24122
2228,24130
2229,24130
2230,24130
2231,24130
2232,24130
2233,24130
2234,24179
2235,24207
2236,24220
2237,24231
2238,24239
2239,24239
2240,24239
2241,24239
2242,24239
2243,24239
2244,24289
2245,24315
2246,24330
2247,24341
2248,24348
2249,24348
2250,24348
2251,24348
2252,24348
2253,24348
2254,24397
2255,24423
2256,24437
2257,24448
2258,24455
2259,24455
2260,24455
2261,24455
2262,24455
2263,24455
2264,24505
2265,24533
2266,24546
2267,24557
2268,24563
2269,24563
2270,24563
2271,24563
2272,24563
2273,24563
2274,24613
2275,24638
2276,24651
2277,24663
2278,24671
2279,24671
2280,24671
2281,24671
2282,24671
2283,24671
2284,24721
2285,24747
2286,24762
2287,24773
2288,24780
2289,24780
2290,24780
2291,24780
2292,24780
2293,24780
2294,24830
2295,24857
2296,24871
2297,24882
2298,24889
2299,24889
2300,24889
2301,24889
2302,24889
2303,24889
2304,24939
2305,24963
2306,24976
2307,24987
2308,24995
2309,24995
2310,24995
2311,24995
2312,24995
2313,24995
2314,25046
2315,25070
2316,25084
2317,25096
2318,25102
2319,25102
2320,25102
2321,25102
2322,25102
2323,25102
2324,25153
2325,25179
2326,25192
2327,25204
2328,25209
2329,25209
2330,25209
2331,25209
2332,25209
2333,25209
2334,25260
2335,25288
2336,25302
2337,25314
2338,25318
2339,25318
2340,25318
2341,25318
2342,25318
2343,25318
2344,25369
2345,25395
2346,25408
2347,25420
2348,25426
2349,25426
2350,25426
2351,25426
2352,25426
2353,25426
2354,25477
2355,25503
2356,25516
2357,25528
2358,25534
2359,25534
2360,25534
2361,25534
2362,25534
2363,25534
2364,25585
2365,25612
2366,25625
2367,25637
2368,25642
2369,25642
2370,25642
2371,25642
2372,25642
2373,25642
2374,25694
2375,25721
2376,25735
2377,25747
2378,25751
2379,25751
2380,25751
2381,25751
2382,25751
2383,25751
2384,25803
2385,25828
2386,25841
2387,25853
2388,25859
2389,25859
2390,25859
2391,25859
2392,25859
2393,25859
2394,25911
2395,25935
2396,25949
2397,25961
2398,25966
2399,25966
2400,25966
2401,25966
2402,25966
2403,25966
2404,26018
2405,26045
2406,26060
2407,26072
2408,26076
2409,26076
2410,26076
2411,26076
2412,26076
2413,26076
2414,26128
2415,26154
2416,26168
2417,26180
2418,26184
2419,26184
2420,26184
2421,26184
2422,26184
2423,26184
2424,26236
2425,26261
2426,26276
2427,26288
2428,26293
2429,26293
2430,26293
2431,26293
2432,26293
2433,26293
2434,26346
2435,26373
2436,26387
2437,26399
2438,26402
2439,26402
2440,26402
2441,26402
2442,26402
2443,26402
2444,26454
2445,26480
2446,26493
2447,26505
2448,26509
2449,26509
2450,26509
2451,26509
2452,26509
2453,26509
2454,26561
2455,26588
2456,26604
2457,26616
2458,26620
2459,26620
2460,26620
2461,26620
2462,26620
2463,26620
2464,26673
2465,26700
2466,26715
2467,26727
2468,26729
2469,26729
2470,26729
2471,26729
2472,26729
2473,26729
2474,26782
2475,26808
2476,26821
2477,26833
2478,26836
2479,26836
2480,26836
2481,26836
2482,26836
2483,26836
2484,26889
2485,26915
2486,26929
2487,26941
2488,26944
2489,26944
2490,26944
2491,26944
2492,26944
2493,26944
2494,26997
2495,27024
2496,27038
2497,27050
2498,27052
2499,27052
2500,27052
2501,27052
2502,27052
2503,27052
2504,27106
2505,27131
2506,27145
2507,27157
2508,27159
2509,27159
2510,27159
2511,27159
2512,27159
2513,27159
2514,27213
2515,27240
2516,27254
2517,27266
2518,27269
2519,27269
2520,27269
2521,27269
2522,27269
2523,27269
2524,27323
2525,27351
2526,27366
2527,27378
2528,27381
2529,27381
2530,27381
2531,27381
2532,27381
2533,27381
2534,27435
2535,27463
2536,27477
2537,27489
2538,27491
2539,27491
2540,27491
2541,27491
2542,27491
2543,27491
2544,27545
2545,27572
2546,27585
2547,27598
2548,27599
2549,27599
2550,27599
2551,27599
2552,27599
2553,27599
2554,27652
2555,27677
2556,27691
2557,27704
2558,27705
2559,27705
2560,27705
2561,27705
2562,27705
2563,27705
2564,27760
2565,27787
2566,27801
2567,27814
2568,27815
2569,27815
2570,27815
2571,27815
2572,27815
2573,27815
2574,27870
2575,27898
2576,27912
2577,27925
2578,27925
2579,27925
2580,27925
2581,27925
2582,27925
2583,27925
2584,27980
2585,28008
2586,28022
2587,28035
2588,28036
2589,28036
2590,28036
2591,28036
2592,28036
2593,28036
2594,28090
2595,28118
2596,28133
2597,28146
2598,28147
2599,28147
2600,28147
2601,28147
2602,28147
2603,28147
2604,28202
2605,28230
2606,28245
2607,28258
2608,28259
2609,28259
2610,28259
2611,28259
2612,28259
2613,28259
2614,28315
2615,28346
2616,28360
2617,28373
2618,28373
2619,28373
2620,28373
2621,28373
2622,28373
2623,28373
2624,28428
2625,28456
2626,28471
2627,28484
2628,28484
2629,28484
2630,28484
2631,28484
2632,28484
2633,28484
2634,28540
2635,28568
2636,28583
2637,28596
2638,28597
2639,28597
2640,28597
2641,28597
2642,28597
2643,28597
2644,28653
2645,28683
2646,28698
2647,28710
2648,28710
2649,28710
2650,28710
2651,28710
2652,28710
2653,28710
2654,28766
2655,28795
2656,28810
2657,28822
2658,28822
2659,28822
2660,28822
2661,28822
2662,28822
2663,28822
2664,28878
2665,28906
2666,28920
2667,28933
2668,28934
2669,28934
2670,28934
2671,28934
2672,28934
2673,28934
2674,28990
2675,29020
2676,29034
2677,29047
2678,29047
2679,29047
2680,29047
2681,29047
2682,29047
2683,29047
2684,29103
2685,29131
2686,29147
2687,29159
2688,29159
2689,29159
2690,29159
2691,29159
2692,29159
2693,29159
2694,29215
2695,29246
2696,29261
2697,29273
2698,29273
2699,29273
2700,29273
2701,29273
2702,29273
2703,29273
2704,29330
2705,29358
2706,29373
2707,29386
2708,29386
2709,29386
2710,29386
2711,29386
2712,29386
2713,29386
2714,29443
2715,29471
2716,29486
2717,29499
2718,29499
2719,29499
2720,29499
2721,29499
2722,29499
2723,29499
2724,29556
2725,29585
2726,29599
2727,29612
2728,29612
2729,29612
2730,29612
2731,29612
2732,29612
2733,29612
2734,29670
2735,29697
2736,29712
2737,29723
2738,29723
2739,29723
2740,29723
2741,29723
2742,29723
2743,29723
2744,29780
2745,29807
2746,29822
2747,29834
2748,29834
2749,29834
2750,29834
2751,29834
2752,29834
2753,29834
2754,29891
2755,29919
2756,29934
2757,29945
2758,29945
2759,29945
2760,29945
2761,29945
2762,29945
2763,29945
2764,30002
2765,30033
2766,30047
2767,30060
2768,30060
2769,30060
2770,30060
2771,30060
2772,30060
2773,30060
2774,30118
2775,30144
2776,30160
2777,30171
2778,30171
2779,30171
2780,30171
2781,30171
2782,30171
2783,30171
2784,30229
2785,30257
2786,30272
2787,30283
2788,30283
2789,30283
2790,30283
2791,30283
2792,30283
2793,30283
2794,30341
2795,30366
2796,30381
2797,30393
2798,30393
2799,30393
2800,30393
2801,30393
2802,30393
2803,30393
2804,30452
2805,30479
2806,30493
2807,30504
2808,30504
2809,30504
2810,30504
2811,30504
2812,30504
2813,30504
2814,30563
2815,30588
2816,30603
2817,30615
2818,30615
2819,30615
2820,30615
2821,30615
2822,30615
2823,30615
2824,30673
2825,30700
2826,30715
2827,30727
2828,30727
2829,30727
2830,30727
2831,30727
2832,30727
2833,30727
2834,30786
2835,30815
2836,30829
2837,30839
2838,30839
2839,30839
2840,30839
2841,30839
2842,30839
2843,30839
2844,30898
2845,30926
2846,30941
2847,30951
2848,30951
2849,30951
2850,30951
2851,30951
2852,30951
2853,30951
2854,31010
2855,31040
2856,31055
2857,31065
2858,31065
2859,31065
2860,31065
2861,31065
2862,31065
2863,31065
2864,31125
2865,31152
2866,31167
2867,31177
2868,31177
2869,31177
2870,31177
2871,31177
2872,31177
2873,31177
2874,31237
2875,31265
2876,31280
2877,31291
2878,31291
2879,31291
2880,31291
2881,31291
2882,31291
2883,31291
2884,31350
2885,31379
2886,31394
2887,31402
2888,31402
2889,31402
2890,31402
2891,31402
2892,31402
2893,31402
2894,31462
2895,31490
2896,31505
2897,31516
2898,31516
2899,31516
2900,31516
2901,31516
2902,31516
2903,31516
2904,31576
2905,31604
2906,31620
2907,31630
2908,31630
2909,31630
2910,31630
2911,31630
2912,31630
2913,31630
2914,31690
2915,31720
2916,31736
2917,31745
2918,31745
2919,31745
2920,31745
2921,31745
2922,31745
2923,31745
2924,31806
2925,31833
2926,31848
2927,31858
2928,31858
2929,31858
2930,31858
2931,31858
2932,31858
2933,31858
2934,31918
2935,31949
2936,31965
2937,31974
2938,31974
2939,31974
2940,31974
2941,31974
2942,31974
2943,31974
2944,32034
2945,32060
2946,32075
2947,32084
2948,32084
2949,32084
2950,32084
2951,32084
2952,32084
2953,32084
2954,32145
2955,32173
2956,32188
2957,32196
2958,32196
2959,32196
2960,32196
2961,32196
2962,32196
2963,32196
2964,32255
2965,32282
2966,32297
2967,32307
2968,32307
2969,32307
2970,32307
2971,32307
2972,32307
2973,32307
2974,32368
2975,32395
2976,32410
2977,32420
2978,32420
2979,32420
2980,32420
2981,32420
2982,32420
2983,32420
2984,32480
2985,32510
2986,32526
2987,32535
2988,32535
2989,32535
2990,32535
2991,32535
2992,32535
2993,32535
2994,32595
2995,32622
2996,32637
2997,32647
2998,32647
2999,32647
3000,32647
3001,32647
3002,32647
3003,32647
3004,32708
3005,32735
3006,32751
3007,32761
3008,32761
3009,32761
3010,32761
3011,32761
3012,32761
3013,32761
3014,32822
3015,32853
3016,32868
3017,32877
3018,32877
3019,32877
3020,32877
3021,32877
3022,32877
3023,32877
3024,32938
3025,32965
3026,32980
3027,32991
3028,32991
3029,32991
3030,32991
3031,32991
3032,32991
3033,32991
3034,33052
3035,33080
3036,33096
3037,33104
3038,33104
3039,33104
3040,33104
3041,33104
3042,33104
3043,33104
3044,33166
3045,33194
3046,33209
3047,33217
3048,33217
3049,33217
3050,33217
3051,33217
3052,33217
3053,33217
3054,33279
3055,33308
3056,33324
3057,33332
3058,33332
3059,33332
3060,33332
3061,33332
3062,33332
3063,33332
3064,33393
3065,33421
3066,33436
3067,33445
3068,33445
3069,33445
3070,33445
3071,33445
3072,33445
3073,33445
3074,33507
3075,33535
3076,33551
3077,33559
3078,33559
3079,33559
3080,33559
3081,33559
3082,33559
3083,33559
3084,33621
3085,33648
3086,33663
3087,33673
3088,33673
3089,33673
3090,33673
3091,33673
3092,33673
3093,33673
3094,33735
3095,33762
3096,33778
3097,33786
3098,33786
3099,33786
3100,33786
3101,33786
3102,33786
3103,33786
3104,33848
3105,33876
3106,33892
3107,33900
3108,33900
3109,33900
3110,33900
3111,33900
3112,33900
3113,33900
3114,33962
3115,33988
3116,34004
3117,34013
3118,34013
3119,34013
3120,34013
3121,34013
3122,34013
3123,34013
3124,34076
3125,34104
3126,34119
3127,34127
3128,34127
3129,34127
3130,34127
3131,34127
3132,34127
3133,34127
3134,34190
3135,34217
3136,34233
3137,34241
3138,34241
3139,34241
3140,34241
3141,34241
3142,34241
3143,34241
3144,34304
3145,34331
3146,34347
3147,34355
3148,34355
3149,34355
3150,34355
3151,34355
3152,34355
3153,34355
3154,34419
3155,34445
3156,34461
3157,34467
3158,34467
3159,34467
3160,34467
3161,34467
3162,34467
3163,34467
3164,34531
3165,34559
3166,34575
3167,34581
3168,34581
3169,34581
3170,34581
3171,34581
3172,34581
3173,34581
3174,34645
3175,34672
3176,34688
3177,34693
3178,34693
3179,34693
3180,34693
3181,34693
3182,34693
3183,34693
3184,34757
3185,34783
3186,34799
3187,34806
3188,34806
3189,34806
3190,34806
3191,34806
3192,34806
3193,34806
3194,34870
3195,34896
3196,34912
3197,34918
3198,34918
3199,34918
3200,34918
3201,34918
3202,34918
3203,34918
3204,34982
3205,35007
3206,35023
3207,35030
3208,35030
3209,35030
3210,35030
3211,35030
3212,35030
3213,35030
3214,35094
3215,35123
3216,35139
3217,35143
3218,35143
3219,35143
3220,35143
3221,35143
3222,35143
3223,35143
3224,35208
3225,35231
3226,35248
3227,35253
3228,35253
3229,35253
3230,35253
3231,35253
3232,35253
3233,35253
3234,35317
3235,35343
3236,35359
3237,35365
3238,35365
3239,35365
3240,35365
3241,35365
3242,35365
3243,35365
3244,35430
3245,35457
3246,35473
3247,35479
3248,35479
3249,35479
3250,35479
3251,35479
3252,35479
3253,35479
3254,35544
3255,35569
3256,35585
3257,35591
3258,35591
3259,35591
3260,35591
3261,35591
3262,35591
3263,35591
3264,35655
3265,35682
3266,35698
3267,35704
3268,35704
3269,35704
3270,35704
3271,35704
3272,35704
3273,35704
3274,35769
3275,35797
3276,35813
3277,35816
3278,35816
3279,35816
3280,35816
3281,35816
3282,35816
3283,35816
3284,35881
3285,35909
3286,35926
3287,35931
3288,35931
3289,35931
3290,35931
3291,35931
3292,35931
3293,35931
3294,35996
3295,36022
3296,36039
3297,36043
3298,36043
3299,36043
3300,36043
3301,36043
3302,36043
3303,36043
3304,36109
3305,36137
3306,36154
3307,36158
3308,36158
3309,36158
3310,36158
3311,36158
3312,36158
3313,36158
3314,36224
3315,36250
3316,36267
3317,36270
3318,36270
3319,36270
3320,36270
3321,36270
3322,36270
3323,36270
3324,36336
3325,36362
3326,36379
3327,36381
3328,36381
3329,36381
3330,36381
3331,36381
3332,36381
3333,36381
3334,36447
3335,36473
3336,36490
3337,36494
3338,36494
3339,36494
3340,36494
3341,36494
3342,36494
3343,36494
3344,36560
3345,36588
3346,36605
3347,36606
3348,36606
3349,36606
3350,36606
3351,36606
3352,36606
3353,36606
3354,36671
3355,36696
3356,36713
3357,36717
3358,36717
3359,36717
3360,36717
3361,36717
3362,36717
3363,36717
3364,36784
3365,36808
3366,36825
3367,36829
3368,36829
3369,36829
3370,36829
3371,36829
3372,36829
3373,36829
3374,36896
3375,36922
3376,36939
3377,36942
3378,36942
3379,36942
3380,36942
3381,36942
3382,36942
3383,36942
3384,37010
3385,37034
3386,37051
3387,37054
3388,37054
3389,37054
3390,37054
3391,37054
3392,37054
3393,37054
3394,37122
3395,37147
3396,37164
3397,37166
3398,37166
3399,37166
3400,37166
3401,37166
3402,37166
3403,37166
3404,37234
3405,37259
3406,37276
3407,37278
3408,37278
3409,37278
3410,37278
3411,37278
3412,37278
3413,37278
3414,37346
3415,37370
3416,37387
3417,37389
3418,37389
3419,37389
3420,37389
3421,37389
3422,37389
3423,37389
3424,37457
3425,37484
3426,37501
3427,37503
3428,37503
3429,37503
3430,37503
3431,37503
3432,37503
3433,37503
3434,37571
3435,37598
3436,37615
3437,37618
3438,37618
3439,37618
3440,37618
3441,37618
3442,37618
3443,37618
3444,37685
3445,37709
3446,37726
3447,37728
3448,37728
3449,37728
3450,37728
3451,37728
3452,37728
3453,37728
3454,37796
3455,37821
3456,37838
3457,37840
3458,37840
3459,37840
3460,37840
3461,37840
3462,37840
3463,37840
3464,37909
3465,37934
3466,37952
3467,37955
3468,37955
3469,37955
3470,37955
3471,37955
3472,37955
3473,37955
3474,38024
3475,38052
3476,38070
3477,38073
3478,38073
3479,38073
3480,38073
3481,38073
3482,38073
3483,38073
3484,38143
3485,38169
3486,38187
3487,38188
3488,38188
3489,38188
3490,38188
3491,38188
3492,38188
3493,38188
3494,38258
3495,38283
3496,38301
3497,38302
3498,38302
3499,38302
3500,38302
3501,38302
3502,38302
3503,38302
3504,38372
3505,38398
3506,38414
3507,38414
3508,38414
3509,38414
3510,38414
3511,38414
3512,38414
3513,38414
3514,38484
3515,38509
3516,38527
3517,38527
3518,38527
3519,38527
3520,38527
3521,38527
3522,38527
3523,38527
3524,38596
3525,38620
3526,38637
3527,38637
3528,38637
3529,38637
3530,38637
3531,38637
3532,38637
3533,38637
3534,38707
3535,38736
3536,38753
3537,38753
3538,38753
3539,38753
3540,38753
3541,38753
3542,38753
3543,38753
3544,38823
3545,38849
3546,38866
3547,38866
3548,38866
3549,38866
3550,38866
3551,38866
3552,38866
3553,38866
3554,38937
3555,38966
3556,38981
3557,38981
3558,38981
3559,38981
3560,38981
3561,38981
3562,38981
3563,38981
3564,39052
3565,39076
3566,39091
3567,39091
3568,39091
3569,39091
3570,39091
3571,39091
3572,39091
3573,39091
3574,39162
3575,39187
3576,39202
3577,39202
3578,39202
3579,39202
3580,39202
3581,39202
3582,39202
3583,39202
3584,39271
3585,39297
3586,39314
3587,39314
3588,39314
3589,39314
3590,39314
3591,39314
3592,39314
3593,39314
3594,39385
3595,39412
3596,39428
3597,39428
3598,39428
3599,39428
3600,39428
3601,39428
3602,39428
3603,39428
3604,39499
3605,39526
3606,39541
3607,39541
3608,39541
3609,39541
3610,39541
3611,39541
3612,39541
3613,39541
3614,39612
3615,39638
3616,39652
3617,39652
3618,39652
3619,39652
3620,39652
3621,39652
3622,39652
3623,39652
3624,39723
3625,39747
3626,39762
3627,39762
3628,39762
3629,39762
3630,39762
3631,39762
3632,39762
3633,39762
3634,39833
3635,39859
3636,39875
3637,39875
3638,39875
3639,39875
3640,39875
3641,39875
3642,39875
3643,39875
3644,39947
3645,39974
3646,39990
3647,39990
3648,39990
3649,39990
3650,39990
3651,39990
3652,39990
3653,39990
3654,40062
3655,40089
3656,40104
3657,40104
3658,40104
3659,40104
3660,40104
3661,40104
3662,40104
3663,40104
3664,40176
3665,40202
3666,40217
3667,40217
3668,40217
3669,40217
3670,40217
3671,40217
3672,40217
3673,40217
3674,40288
3675,40314
3676,40328
3677,40328
3678,40328
3679,40328
3680,40328
3681,40328
3682,40328
3683,40328
3684,40400
3685,40425
3686,40441
3687,40441
3688,40441
3689,40441
3690,40441
3691,40441
3692,40441
3693,40441
3694,40513
3695,40540
3696,40556
3697,40556
3698,40556
3699,40556
3700,40556
3701,40556
3702,40556
3703,40556
3704,40628
3705,40653
3706,40667
3707,40667
3708,40667
3709,40667
3710,40667
3711,40667
3712,40667
3713,40667
3714,40739
3715,40765
3716,40781
3717,40781
3718,40781
3719,40781
3720,40781
3721,40781
3722,40781
3723,40781
3724,40853
3725,40879
3726,40896
3727,40896
3728,40896
3729,40896
3730,40896
3731,40896
3732,40896
3733,40896
3734,40968
3735,40996
3736,41011
3737,41011
3738,41011
3739,41011
3740,41011
3741,41011
3742,41011
3743,41011
3744,41083
3745,41110
3746,41124
3747,41124
3748,41124
3749,41124
3750,41124
3751,41124
3752,41124
3753,41124
3754,41197
3755,41223
3756,41237
3757,41237
3758,41237
3759,41237
3760,41237
3761,41237
3762,41237
3763,41237
3764,41310
3765,41336
3766,41351
3767,41351
3768,41351
3769,41351
3770,41351
3771,41351
3772,41351
3773,41351
3774,41424
3775,41453
3776,41469
3777,41469
3778,41469
3779,41469
3780,41469
3781,41469
3782,41469
3783,41469
3784,41542
3785,41569
3786,41584
3787,41584
3788,41584
3789,41584
3790,41584
3791,41584
3792,41584
3793,41584
3794,41657
3795,41684
3796,41697
3797,41697
3798,41697
3799,41697
3800,41697
3801,41697
3802,41697
3803,41697
3804,41770
3805,41797
3806,41812
3807,41812
3808,41812
3809,41812
3810,41812
3811,41812
3812,41812
3813,41812
3814,41885
3815,41909
3816,41925
3817,41925
3818,41925
3819,41925
3820,41925
3821,41925
3822,41925
3823,41925
3824,41997
3825,42023
3826,42038
3827,42038
3828,42038
3829,42038
3830,42038
3831,42038
3832,42038
3833,42038
3834,42111
3835,42140
3836,42156
3837,42156
3838,42156
3839,42156
3840,42156
3841,42156
3842,42156
3843,42156
3844,42229
3845,42254
3846,42268
3847,42268
3848,42268
3849,42268
3850,42268
3851,42268
3852,42268
3853,42268
3854,42341
3855,42370
3856,42384
3857,42384
3858,42384
3859,42384
3860,42384
3861,42384
3862,42384
3863,42384
3864,42456
3865,42479
3866,42495
3867,42495
3868,42495
3869,42495
3870,42495
3871,42495
3872,42495
3873,42495
3874,42569
3875,42596
3876,42610
3877,42610
3878,42610
3879,42610
3880,42610
3881,42610
3882,42610
3883,42610
3884,42683
3885,42710
3886,42724
3887,42724
3888,42724
3889,42724
3890,42724
3891,42724
3892,42724
3893,42724
3894,42798
3895,42825
3896,42838
3897,42838
3898,42838
3899,42838
3900,42838
3901,42838
3902,42838
3903,42838
3904,42912
3905,42938
3906,42951
3907,42951
3908,42951
3909,42951
3910,42951
3911,42951
3912,42951
3913,42951
3914,43024
3915,43049
3916,43063
3917,43063
3918,43063
3919,43063
3920,43063
3921,43063
3922,43063
3923,43063
3924,43137
3925,43165
3926,43178
3927,43178
3928,43178
3929,43178
3930,43178
3931,43178
3932,43178
3933,43178
3934,43252
3935,43280
3936,43293
3937,43293
3938,43293
3939,43293
3940,43293
3941,43293
3942,43293
3943,43293
3944,43367
3945,43394
3946,43408
3947,43408
3948,43408
3949,43408
3950,43408
3951,43408
3952,43408
3953,43408
3954,43482
3955,43511
3956,43525
3957,43525
3958,43525
3959,43525
3960,43525
3961,43525
3962,43525
3963,43525
3964,43599
3965,43627
3966,43642
3967,43642
3968,43642
3969,43642
3970,43642
3971,43642
3972,43642
3973,43642
3974,43716
3975,43744
3976,43758
3977,43758
3978,43758
3979,43758
3980,43758
3981,43758
3982,43758
3983,43758
3984,43832
3985,43860
3986,43873
3987,43873
3988,43873
3989,43873
3990,43873
3991,43873
3992,43873
3993,43873
3994,43946
3995,43975
3996,43989
3997,43989
3998,43989
3999,43989
4000,43989
4001,43989
4002,43989
4003,43989
4004,44064
4005,44092
4006,44105
4007,44105
4008,44105
4009,44105
4010,44105
4011,44105
4012,44105
4013,44105
4014,44180
4015,44205
4016,44217
4017,44217
4018,44217
4019,44217
4020,44217
4021,44217
4022,44217
4023,44217
4024,44292
4025,44319
4026,44334
4027,44334
4028,44334
4029,44334
4030,44334
4031,44334
4032,44334
4033,44334
4034,44409
4035,44439
4036,44453
4037,44453
4038,44453
4039,44453
4040,44453
4041,44453
4042,44453
4043,44453
4044,44528
4045,44556
4046,44570
4047,44570
4048,44570
4049,44570
4050,44570
4051,44570
4052,44570
4053,44570
4054,44644
4055,44673
4056,44686
4057,44686
4058,44686
4059,44686
4060,44686
4061,44686
4062,44686
4063,44686
4064,44761
4065,44790
4066,44804
4067,44804
4068,44804
4069,44804
4070,44804
4071,44804
4072,44804
4073,44804
4074,44880
4075,44909
4076,44921
4077,44921
4078,44921
4079,44921
4080,44921
4081,44921
4082,44921
4083,44921
4084,44997
4085,45025
4086,45038
4087,45038
4088,45038
4089,45038
4090,45038
4091,45038
4092,45038
4093,45038
4094,45113
4095,45140
4096,45151
4097,45151
4098,45151
4099,45151
4100,45151
4101,45151
4102,45151
4103,45151
4104,45227
4105,45254
4106,45265
4107,45265
4108,45265
4109,45265
4110,45265
4111,45265
4112,45265
4113,45265
4114,45341
4115,45367
4116,45379
4117,45379
4118,45379
4119,45379
4120,45379
4121,45379
4122,45379
4123,45379
4124,45455
4125,45483
4126,45494
4127,45494
4128,45494
4129,45494
4130,45494
4131,45494
4132,45494
4133,45494
4134,45570
4135,45599
4136,45611
4137,45611
4138,45611
4139,45611
4140,45611
4141,45611
4142,45611
4143,45611
4144,45687
4145,45716
4146,45728
4147,45728
4148,45728
4149,45728
4150,45728
4151,45728
4152,45728
4153,45728
4154,45804
4155,45833
4156,45845
4157,45845
4158,45845
4159,45845
4160,45845
4161,45845
4162,45845
4163,45845
4164,45922
4165,45951
4166,45964
4167,45964
4168,45964
4169,45964
4170,45964
4171,45964
4172,45964
4173,45964
4174,46040
4175,46069
4176,46081
4177,46081
4178,46081
4179,46081
4180,46081
4181,46081
4182,46081
4183,46081
4184,46157
4185,46186
4186,46199
4187,46199
4188,46199
4189,46199
4190,46199
4191,46199
4192,46199
4193,46199
4194,46276
4195,46305
4196,46316
4197,46316
4198,46316
4199,46316
4200,46316
4201,46316
4202,46316
4203,46316
4204,46393
4205,46418
4206,46429
4207,46429
4208,46429
4209,46429
4210,46429
4211,46429
4212,46429
4213,46429
4214,46506
4215,46533
4216,46543
4217,46543
4218,46543
4219,46543
4220,46543
4221,46543
4222,46543
4223,46543
4224,46620
4225,46647
4226,46658
4227,46658
4228,46658
4229,46658
4230,46658
4231,46658
4232,46658
4233,46658
4234,46736
4235,46763
4236,46774
4237,46774
4238,46774
4239,46774
4240,46774
4241,46774
4242,46774
4243,46774
4244,46852
4245,46881
4246,46891
4247,46891
4248,46891
4249,46891
4250,46891
4251,46891
4252,46891
4253,46891
4254,46969
4255,46996
4256,47007
4257,47007
4258,47007
4259,47007
4260,47007
4261,47007
4262,47007
4263,47007
4264,47085
4265,47114
4266,47124
4267,47124
4268,47124
4269,47124
4270,47124
4271,47124
4272,47124
4273,47124
4274,47202
4275,47230
4276,47241
4277,47241
4278,47241
4279,47241
4280,47241
4281,47241
4282,47241
4283,47241
4284,47319
4285,47347
4286,47358
4287,47358
4288,47358
4289,47358
4290,47358
4291,47358
4292,47358
4293,47358
4294,47436
4295,47462
4296,47473
4297,47473
4298,47473
4299,47473
4300,47473
4301,47473
4302,47473
4303,47473
4304,47552
4305,47579
4306,47590
4307,47590
4308,47590
4309,47590
4310,47590
4311,47590
4312,47590
4313,47590
4314,47669
4315,47695
4316,47705
4317,47705
4318,47705
4319,47705
4320,47705
4321,47705
4322,47705
4323,47705
4324,47783
4325,47812
4326,47824
4327,47824
4328,47824
4329,47824
4330,47824
4331,47824
4332,47824
4333,47824
4334,47903
4335,47929
4336,47940
4337,47940
4338,47940
4339,47940
4340,47940
4341,47940
4342,47940
4343,47940
4344,48019
4345,48048
4346,48059
4347,48059
4348,48059
4349,48059
4350,48059
4351,48059
4352,48059
4353,48059
4354,48138
4355,48166
4356,48176
4357,48176
4358,48176
4359,48176
4360,48176
4361,48176
4362,48176
4363,48176
4364,48256
4365,48284
4366,48293
4367,48293
4368,48293
4369,48293
4370,48293
4371,48293
4372,48293
4373,48293
4374,48373
4375,48402
4376,48413
4377,48413
4378,48413
4379,48413
4380,48413
4381,48413
4382,48413
4383,48413
4384,48493
4385,48522
4386,48533
4387,48533
4388,48533
4389,48533
4390,48533
4391,48533
4392,48533
4393,48533
4394,48613
4395,48641
4396,48651
4397,48651
4398,48651
4399,48651
4400,48651
4401,48651
4402,48651
4403,48651
4404,48732
4405,48761
4406,48771
4407,48771
4408,48771
4409,48771
4410,48771
4411,48771
4412,48771
4413,48771
4414,48852
4415,48881
4416,48891
4417,48891
4418,48891
4419,48891
4420,48891
4421,48891
4422,48891
4423,48891
4424,48972
4425,49000
4426,49010
4427,49010
4428,49010
4429,49010
4430,49010
4431,49010
4432,49010
4433,49010
4434,49091
4435,49120
4436,49129
4437,49129
4438,49129
4439,49129
4440,49129
4441,49129
4442,49129
4443,49129
4444,49210
4445,49238
4446,49248
4447,49248
4448,49248
4449,49248
4450,49248
4451,49248
4452,49248
4453,49248
4454,49329
4455,49357
4456,49367
4457,49367
4458,49367
4459,49367
4460,49367
4461,49367
4462,49367
4463,49367
4464,49449
4465,49478
4466,49487
4467,49487
4468,49487
4469,49487
4470,49487
4471,49487
4472,49487
4473,49487
4474,49569
4475,49598
4476,49608
4477,49608
4478,49608
4479,49608
4480,49608
4481,49608
4482,49608
4483,49608
4484,49690
4485,49719
4486,49729
4487,49729
4488,49729
4489,49729
4490,49729
4491,49729
4492,49729
4493,49729
4494,49811
4495,49840
4496,49848
4497,49848
4498,49848
4499,49848
4500,49848
4501,49848
4502,49848
4503,49848
4504,49930
4505,49959
4506,49968
4507,49968
4508,49968
4509,49968
4510,49968
4511,49968
4512,49968
4513,49968
4514,50050
4515,50079
4516,50088
4517,50088
4518,50088
4519,50088
4520,50088
4521,50088
4522,50088
4523,50088
4524,50170
4525,50199
4526,50207
4527,50207
4528,50207
4529,50207
4530,50207
4531,50207
4532,50207
4533,50207
4534,50289
4535,50318
4536,50325
4537,50325
4538,50325
4539,50325
4540,50325
4541,50325
4542,50325
4543,50325
4544,50407
4545,50435
4546,50443
4547,50443
4548,50443
4549,50443
4550,50443
4551,50443
4552,50443
4553,50443
4554,50525
4555,50554
4556,50561
4557,50561
4558,50561
4559,50561
4560,50561
4561,50561
4562,50561
4563,50561
4564,50643
4565,50669
4566,50676
4567,50676
4568,50676
4569,50676
4570,50676
4571,50676
4572,50676
4573,50676
4574,50758
4575,50786
4576,50794
4577,50794
4578,50794
4579,50794
4580,50794
4581,50794
4582,50794
4583,50794
4584,50877
4585,50905
4586,50912
4587,50912
4588,50912
4589,50912
4590,50912
4591,50912
4592,50912
4593,50912
4594,50994
4595,51020
4596,51027
4597,51027
4598,51027
4599,51027
4600,51027
4601,51027
4602,51027
4603,51027
4604,51110
4605,51138
4606,51146
4607,51146
4608,51146
4609,51146
4610,51146
4611,51146
4612,51146
4613,51146
4614,51229
4615,51256
4616,51262
4617,51262
4618,51262
4619,51262
4620,51262
4621,51262
4622,51262
4623,51262
4624,51345
4625,51372
4626,51378
4627,51378
4628,51378
4629,51378
4630,51378
4631,51378
4632,51378
4633,51378
4634,51462
4635,51489
4636,51494
4637,51494
4638,51494
4639,51494
4640,51494
4641,51494
4642,51494
4643,51494
4644,51577
4645,51605
4646,51612
4647,51612
4648,51612
4649,51612
4650,51612
4651,51612
4652,51612
4653,51612
4654,51696
4655,51724
4656,51730
4657,51730
4658,51730
4659,51730
4660,51730
4661,51730
4662,51730
4663,51730
4664,51813
4665,51842
4666,51849
4667,51849
4668,51849
4669,51849
4670,51849
4671,51849
4672,51849
4673,51849
4674,51932
4675,51961
4676,51968
4677,51968
4678,51968
4679,51968
4680,51968
4681,51968
4682,51968
4683,51968
4684,52051
4685,52079
4686,52085
4687,52085
4688,52085
4689,52085
4690,52085
4691,52085
4692,52085
4693,52085
4694,52168
4695,52197
4696,52205
4697,52205
4698,52205
4699,52205
4700,52205
4701,52205
4702,52205
4703,52205
4704,52288
4705,52316
4706,52323
4707,52323
4708,52323
4709,52323
4710,52323
4711,52323
4712,52323
4713,52323
4714,52406
4715,52433
4716,52439
4717,52439
4718,52439
4719,52439
4720,52439
4721,52439
4722,52439
4723,52439
4724,52522
4725,52550
4726,52556
4727,52556
4728,52556
4729,52556
4730,52556
4731,52556
4732,52556
4733,52556
4734,52639
4735,52667
4736,52672
4737,52672
4738,52672
4739,52672
4740,52672
4741,52672
4742,52672
4743,52672
4744,52755
4745,52782
4746,52788
4747,52788
4748,52788
4749,52788
4750,52788
4751,52788
4752,52788
4753,52788
4754,52871
4755,52899
4756,52905
4757,52905
4758,52905
4759,52905
4760,52905
4761,52905
4762,52905
4763,52905
4764,52988
4765,53015
4766,53022
4767,53022
4768,53022
4769,53022
4770,53022
4771,53022
4772,53022
4773,53022
4774,53105
4775,53133
4776,53138
4777,53138
4778,53138
4779,53138
4780,53138
4781,53138
4782,53138
4783,53138
4784,53221
4785,53248
4786,53253
4787,53253
4788,53253
4789,53253
4790,53253
4791,53253
4792,53253
4793,53253
4794,53334
4795,53362
4796,53367
4797,53367
4798,53367
4799,53367
4800,53367
4801,53367
4802,53367
4803,53367
4804,53449
4805,53476
4806,53482
4807,53482
4808,53482
4809,53482
4810,53482
4811,53482
4812,53482
4813,53482
4814,53564
4815,53591
4816,53595
4817,53595
4818,53595
4819,53595
4820,53595
4821,53595
4822,53595
4823,53595
4824,53678
4825,53706
4826,53711
4827,53711
4828,53711
4829,53711
4830,53711
4831,53711
4832,53711
4833,53711
4834,53793
4835,53820
4836,53825
4837,53825
4838,53825
4839,53825
4840,53825
4841,53825
4842,53825
4843,53825
4844,53909
4845,53936
4846,53940
4847,53940
4848,53940
4849,53940
4850,53940
4851,53940
4852,53940
4853,53940
4854,54021
4855,54048
4856,54053
4857,54053
4858,54053
4859,54053
4860,54053
4861,54053
4862,54053
4863,54053
4864,54135
4865,54162
4866,54167
4867,54167
4868,54167
4869,54167
4870,54167
4871,54167
4872,54167
4873,54167
4874,54251
4875,54277
4876,54282
4877,54282
4878,54282
4879,54282
4880,54282
4881,54282
4882,54282
4883,54282
4884,54365
4885,54391
4886,54396
4887,54396
4888,54396
4889,54396
4890,54396
4891,54396
4892,54396
4893,54396
4894,54480
4895,54506
4896,54509
4897,54509
4898,54509
4899,54509
4900,54509
4901,54509
4902,54509
4903,54509
4904,54592
4905,54618
4906,54623
4907,54623
4908,54623
4909,54623
4910,54623
4911,54623
4912,54623
4913,54623
4914,54704
4915,54731
4916,54735
4917,54735
4918,54735
4919,54735
4920,54735
4921,54735
4922,54735
4923,54735
4924,54817
4925,54843
4926,54847
4927,54847
4928,54847
4929,54847
4930,54847
4931,54847
4932,54847
4933,54847
4934,54928
4935,54956
4936,54960
4937,54960
4938,54960
4939,54960
4940,54960
4941,54960
4942,54960
4943,54960
4944,55043
4945,55069
4946,55073
4947,55073
4948,55073
4949,55073
4950,55073
4951,55073
4952,55073
4953,55073
4954,55156
4955,55181
4956,55185
4957,55185
4958,55185
4959,55185
4960,55185
4961,55185
4962,55185
4963,55185
4964,55264
4965,55292
4966,55296
4967,55296
4968,55296
4969,55296
4970,55296
4971,55296
4972,55296
4973,55296
4974,55378
4975,55404
4976,55409
4977,55409
4978,55409
4979,55409
4980,55409
4981,55409
4982,55409
4983,55409
4984,55489
4985,55515
4986,55518
4987,55518
4988,55518
4989,55518
4990,55518
4991,55518
4992,55518
4993,55518
4994,55601
4995,55626
4996,55631
4997,55631
4998,55631
4999,55631
5000,55631
5001,55631
5002,55631
5003,55631
5004,55712
5005,55739
5006,55745
5007,55745
5008,55745
5009,55745
5010,55745
5011,55745
5012,55745
5013,55745
5014,55827
5015,55853
5016,55857
5017,55857
5018,55857
5019,55857
5020,55857
5021,55857
5022,55857
5023,55857
5024,55938
5025,55964
5026,55966
5027,55966
5028,55966
5029,55966
5030,55966
5031,55966
5032,55966
5033,55966
5034,56048
5035,56075
5036,56078
5037,56078
5038,56078
5039,56078
5040,56078
5041,56078
5042,56078
5043,56078
5044,56159
5045,56186
5046,56189
5047,56189
5048,56189
5049,56189
5050,56189
5051,56189
5052,56189
5053,56189
5054,56272
5055,56297
5056,56301
5057,56301
5058,56301
5059,56301
5060,56301
5061,56301
5062,56301
5063,56301
5064,56381
5065,56408
5066,56412
5067,56412
5068,56412
5069,56412
5070,56412
5071,56412
5072,56412
5073,56412
5074,56494
5075,56521
5076,56526
5077,56526
5078,56526
5079,56526
5080,56526
5081,56526
5082,56526
5083,56526
5084,56608
5085,56635
5086,56637
5087,56637
5088,56637
5089,56637
5090,56637
5091,56637
5092,56637
5093,56637
5094,56718
5095,56745
5096,56749
5097,56749
5098,56749
5099,56749
5100,56749
5101,56749
5102,56749
5103,56749
5104,56831
5105,56858
5106,56862
5107,56862
5108,56862
5109,56862
5110,56862
5111,56862
5112,56862
5113,56862
5114,56944
5115,56970
5116,56974
5117,56974
5118,56974
5119,56974
5120,56974
5121,56974
5122,56974
5123,56974
5124,57055
5125,57084
5126,57087
5127,57087
5128,57087
5129,57087
5130,57087
5131,57087
5132,57087
5133,57087
5134,57170
5135,57198
5136,57203
5137,57203
5138,57203
5139,57203
5140,57203
5141,57203
5142,57203
5143,57203
5144,57285
5145,57312
5146,57315
5147,57315
5148,57315
5149,57315
5150,57315
5151,57315
5152,57315
5153,57315
5154,57397
5155,57424
5156,57428
5157,57428
5158,57428
5159,57428
5160,57428
5161,57428
5162,57428
5163,57428
5164,57508
5165,57536
5166,57540
5167,57540
5168,57540
5169,57540
5170,57540
5171,57540
5172,57540
5173,57540
5174,57625
5175,57652
5176,57657
5177,57657
5178,57657
5179,57657
5180,57657
5181,57657
5182,57657
5183,57657
5184,57738
5185,57766
5186,57768
5187,57768
5188,57768
5189,57768
5190,57768
5191,57768
5192,57768
5193,57768
5194,57848
5195,57875
5196,57879
5197,57879
5198,57879
5199,57879
5200,57879
5201,57879
5202,57879
5203,57879
5204,57961
5205,57988
5206,57990
5207,57990
5208,57990
5209,57990
5210,57990
5211,57990
5212,57990
5213,57990
5214,58071
5215,58098
5216,58101
5217,58101
5218,58101
5219,58101
5220,58101
5221,58101
5222,58101
5223,58101
5224,58184
5225,58211
5226,58212
5227,58212
5228,58212
5229,58212
5230,58212
5231,58212
5232,58212
5233,58212
5234,58292
5235,58319
5236,58320
5237,58320
5238,58320
5239,58320
5240,58320
5241,58320
5242,58320
5243,58320
5244,58403
5245,58429
5246,58432
5247,58432
5248,58432
5249,58432
5250,58432
5251,58432
5252,58432
5253,58432
5254,58516
5255,58543
5256,58545
5257,58545
5258,58545
5259,58545
5260,58545
5261,58545
5262,58545
5263,58545
5264,58625
5265,58652
5266,58653
5267,58653
5268,58653
5269,58653
5270,58653
5271,58653
5272,58653
5273,58653
5274,58734
5275,58761
5276,58763
5277,58763
5278,58763
5279,58763
5280,58763
5281,58763
5282,58763
5283,58763
5284,58846
5285,58873
5286,58874
5287,58874
5288,58874
5289,58874
5290,58874
5291,58874
5292,58874
5293,58874
5294,58956
5295,58983
5296,58985
5297,58985
5298,58985
5299,58985
5300,58985
5301,58985
5302,58985
5303,58985
5304,59066
5305,59092
5306,59094
5307,59094
5308,59094
5309,59094
5310,59094
5311,59094
5312,59094
5313,59094
5314,59176
5315,59204
5316,59207
5317,59207
5318,59207
5319,59207
5320,59207
5321,59207
5322,59207
5323,59207
5324,59291
5325,59319
5326,59320
5327,59320
5328,59320
5329,59320
5330,59320
5331,59320
5332,59320
5333,59320
5334,59401
5335,59428
5336,59430
5337,59430
5338,59430
5339,59430
5340,59430
5341,59430
5342,59430
5343,59430
5344,59511
5345,59538
5346,59540
5347,59540
5348,59540
5349,59540
5350,59540
5351,59540
5352,59540
5353,59540
5354,59622
5355,59648
5356,59650
5357,59650
5358,59650
5359,59650
5360,59650
5361,59650
5362,59650
5363,59650
5364,59734
5365,59760
5366,59762
5367,59762
5368,59762
5369,59762
5370,59762
5371,59762
5372,59762
5373,59762
5374,59846
5375,59873
5376,59874
5377,59874
5378,59874
5379,59874
5380,59874
5381,59874
5382,59874
5383,59874
5384,59956
5385,59982
5386,59983
5387,59983
5388,59983
5389,59983
5390,59983
5391,59983
5392,59983
5393,59983
5394,60064
5395,60092
5396,60092
5397,60092
5398,60092
5399,60092
5400,60092
5401,60092
5402,60092
5403,60092
5404,60176
5405,60204
5406,60204
5407,60204
5408,60204
5409,60204
5410,60204
5411,60204
5412,60204
5413,60204
5414,60288
5415,60316
5416,60317
5417,60317
5418,60317
5419,60317
5420,60317
5421,60317
5422,60317
5423,60317
5424,60401
5425,60427
5426,60429
5427,60429
5428,60429
5429,60429
5430,60429
5431,60429
5432,60429
5433,60429
5434,60513
5435,60540
5436,60541
5437,60541
5438,60541
5439,60541
5440,60541
5441,60541
5442,60541
5443,60541
5444,60623
5445,60651
5446,60652
5447,60652
5448,60652
5449,60652
5450,60652
5451,60652
5452,60652
5453,60652
5454,60733
5455,60760
5456,60760
5457,60760
5458,60760
5459,60760
5460,60760
5461,60760
5462,60760
5463,60760
5464,60841
5465,60869
5466,60869
5467,60869
5468,60869
5469,60869
5470,60869
5471,60869
5472,60869
5473,60869
5474,60956
5475,60984
5476,60984
5477,60984
5478,60984
5479,60984
5480,60984
5481,60984
5482,60984
5483,60984
5484,61066
5485,61093
5486,61094
5487,61094
5488,61094
5489,61094
5490,61094
5491,61094
5492,61094
5493,61094
5494,61175
5495,61203
5496,61203
5497,61203
5498,61203
5499,61203
5500,61203
5501,61203
5502,61203
5503,61203
5504,61284
5505,61312
5506,61312
5507,61312
5508,61312
5509,61312
5510,61312
5511,61312
5512,61312
5513,61312
5514,61394
5515,61422
5516,61422
5517,61422
5518,61422
5519,61422
5520,61422
5521,61422
5522,61422
5523,61422
5524,61505
5525,61533
5526,61533
5527,61533
5528,61533
5529,61533
5530,61533
5531,61533
5532,61533
5533,61533
5534,61615
5535,61642
5536,61642
5537,61642
5538,61642
5539,61642
5540,61642
5541,61642
5542,61642
5543,61642
5544,61726
5545,61754
5546,61754
5547,61754
5548,61754
5549,61754
5550,61754
5551,61754
5552,61754
5553,61754
5554,61838
5555,61866
5556,61866
5557,61866
5558,61866
5559,61866
5560,61866
5561,61866
5562,61866
5563,61866
5564,61950
5565,61977
5566,61977
5567,61977
5568,61977
5569,61977
5570,61977
5571,61977
5572,61977
5573,61977
5574,62061
5575,62089
5576,62089
5577,62089
5578,62089
5579,62089
5580,62089
5581,62089
5582,62089
5583,62089
5584,62170
5585,62198
5586,62198
5587,62198
5588,62198
5589,62198
5590,62198
5591,62198
5592,62198
5593,62198
5594,62277
5595,62305
5596,62305
5597,62305
5598,62305
5599,62305
5600,62305
5601,62305
5602,62305
5603,62305
5604,62389
5605,62416
5606,62416
5607,62416
5608,62416
5609,62416
5610,62416
5611,62416
5612,62416
5613,62416
5614,62495
5615,62521
5616,62521
5617,62521
5618,62521
5619,62521
5620,62521
5621,62521
5622,62521
5623,62521
5624,62600
5625,62628
5626,62628
5627,62628
5628,62628
5629,62628
5630,62628
5631,62628
5632,62628
5633,62628
5634,62711
5635,62738
5636,62738
5637,62738
5638,62738
5639,62738
5640,62738
5641,62738
5642,62738
5643,62738
5644,62821
5645,62847
5646,62847
5647,62847
5648,62847
5649,62847
5650,62847
5651,62847
5652,62847
5653,62847
5654,62927
5655,62954
5656,62954
5657,62954
5658,62954
5659,62954
5660,62954
5661,62954
5662,62954
5663,62954
5664,63037
5665,63063
5666,63063
5667,63063
5668,63063
5669,63063
5670,63063
5671,63063
5672,63063
5673,63063
5674,63142
5675,63168
5676,63168
5677,63168
5678,63168
5679,63168
5680,63168
5681,63168
5682,63168
5683,63168
5684,63251
5685,63279
5686,63279
5687,63279
5688,63279
5689,63279
5690,63279
5691,63279
5692,63279
5693,63279
5694,63363
5695,63388
5696,63388
5697,63388
5698,63388
5699,63388
5700,63388
5701,63388
5702,63388
5703,63388
5704,63466
5705,63494
5706,63494
5707,63494
5708,63494
5709,63494
5710,63494
5711,63494
5712,63494
5713,63494
5714,63575
5715,63603
5716,63603
5717,63603
5718,63603
5719,63603
5720,63603
5721,63603
5722,63603
5723,63603
5724,63686
5725,63712
5726,63712
5727,63712
5728,63712
5729,63712
5730,63712
5731,63712
5732,63712
5733,63712
5734,63793
5735,63818
5736,63818
5737,63818
5738,63818
5739,63818
5740,63818
5741,63818
5742,63818
5743,63818
5744,63901
5745,63928
5746,63928
5747,63928
5748,63928
5749,63928
5750,63928
5751,63928
5752,63928
5753,63928
5754,64009
5755,64033
5756,64033
5757,64033
5758,64033
5759,64033
5760,64033
5761,64033
5762,64033
5763,64033
5764,64114
5765,64140
5766,64140
5767,64140
5768,64140
5769,64140
5770,64140
5771,64140
5772,64140
5773,64140
5774,64222
5775,64249
5776,64249
5777,64249
5778,64249
5779,64249
5780,64249
5781,64249
5782,64249
5783,64249
5784,64331
5785,64356
5786,64356
5787,64356
5788,64356
5789,64356
5790,64356
5791,64356
5792,64356
5793,64356
5794,64435
5795,64462
5796,64462
5797,64462
5798,64462
5799,64462
5800,64462
5801,64462
5802,64462
5803,64462
5804,64546
5805,64574
5806,64575
5807,64575
5808,64575
5809,64575
5810,64575
5811,64575
5812,64575
5813,64575
5814,64657
5815,64684
5816,64684
5817,64684
5818,64684
5819,64684
5820,64684
5821,64684
5822,64684
5823,64684
5824,64765
5825,64793
5826,64793
5827,64793
5828,64793
5829,64793
5830,64793
5831,64793
5832,64793
5833,64793
5834,64873
5835,64898
5836,64898
5837,64898
5838,64898
5839,64898
5840,64898
5841,64898
5842,64898
5843,64898
5844,64974
5845,65000
5846,65000
5847,65000
5848,65000
5849,65000
5850,65000
5851,65000
5852,65000
5853,65000
5854,65078
5855,65104
5856,65104
5857,65104
5858,65104
5859,65104
5860,65104
5861,65104
5862,65104
5863,65104
5864,65180
5865,65205
5866,65205
5867,65205
5868,65205
5869,65205
5870,65205
5871,65205
5872,65205
5873,65205
5874,65284
5875,65310
5876,65310
5877,65310
5878,65310
5879,65310
5880,65310
5881,65310
5882,65310
5883,65310
5884,65388
5885,65414
5886,65414
5887,65414
5888,65414
5889,65414
5890,65414
5891,65414
5892,65414
5893,65414
5894,65491
5895,65517
5896,65517
5897,65517
5898,65517
5899,65517
5900,65517
5901,65517
5902,65517
5903,65517
5904,65595
5905,65621
5906,65621
5907,65621
5908,65621
5909,65621
5910,65621
5911,65621
5912,65621
5913,65621
5914,65695
5915,65721
5916,65721
5917,65721
5918,65721
5919,65721
5920,65721
5921,65721
5922,65721
5923,65721
5924,65796
5925,65821
5926,65821
5927,65821
5928,65821
5929,65821
5930,65821
5931,65821
5932,65821
5933,65821
5934,65894
5935,65919
5936,65919
5937,65919
5938,65919
5939,65919
5940,65919
5941,65919
5942,65919
5943,65919
5944,65994
5945,66018
5946,66018
5947,66018
5948,66018
5949,66018
5950,66018
5951,66018
5952,66018
5953,66018
5954,66094
5955,66119
5956,66119
5957,66119
5958,66119
5959,66119
5960,66119
5961,66119
5962,66119
5963,66119
5964,66193
5965,66219
5966,66219
5967,66219
5968,66219
5969,66219
5970,66219
5971,66219
5972,66219
5973,66219
5974,66294
5975,66319
5976,66319
5977,66319
5978,66319
5979,66319
5980,66319
5981,66319
5982,66319
5983,66319
5984,66393
5985,66418
5986,66418
5987,66418
5988,66418
5989,66418
5990,66418
5991,66418
5992,66418
5993,66418
5994,66492
5995,66517
5996,66517
5997,66517
5998,66517
5999,66517
6000,66517
6001,66517
6002,66517
6003,66517
6004,66589
6005,66614
6006,66614
6007,66614
6008,66614
6009,66614
6010,66614
6011,66614
6012,66614
6013,66614
6014,66687
6015,66712
6016,66714
6017,66714
6018,66714
6019,66714
6020,66714
6021,66714
6022,66714
6023,66714
6024,66787
6025,66814
6026,66814
6027,66814
6028,66814
6029,66814
6030,66814
6031,66814
6032,66814
6033,66814
6034,66887
6035,66912
6036,66912
6037,66912
6038,66912
6039,66912
6040,66912
6041,66912
6042,66912
6043,66912
6044,66982
6045,67007
6046,67007
6047,67007
6048,67007
6049,67007
6050,67007
6051,67007
6052,67007
6053,67007
6054,67077
6055,67102
6056,67103
6057,67103
6058,67103
6059,67103
6060,67103
6061,67103
6062,67103
6063,67103
6064,67172
6065,67197
6066,67198
6067,67198
6068,67198
6069,67198
6070,67198
6071,67198
6072,67198
6073,67198
6074,67268
6075,67293
6076,67293
6077,67293
6078,67293
6079,67293
6080,67293
6081,67293
6082,67293
6083,67293
6084,67363
6085,67388
6086,67389
6087,67389
6088,67389
6089,67389
6090,67389
6091,67389
6092,67389
6093,67389
6094,67455
6095,67480
6096,67481
6097,67481
6098,67481
6099,67481
6100,67481
6101,67481
6102,67481
6103,67481
6104,67547
6105,67572
6106,67573
6107,67573
6108,67573
6109,67573
6110,67573
6111,67573
6112,67573
6113,67573
6114,67637
6115,67662
6116,67663
6117,67663
6118,67663
6119,67663
6120,67663
6121,67663
6122,67663
6123,67663
6124,67726
6125,67751
6126,67753
6127,67753
6128,67753
6129,67753
6130,67753
6131,67753
6132,67753
6133,67753
6134,67816
6135,67841
6136,67843
6137,67843
6138,67843
6139,67843
6140,67843
6141,67843
6142,67843
6143,67843
6144,67905
6145,67930
6146,67931
6147,67931
6148,67931
6149,67931
6150,67931
6151,67931
6152,67931
6153,67931
6154,67992
6155,68017
6156,68019
6157,68019
6158,68019
6159,68019
6160,68019
6161,68019
6162,68019
6163,68019
6164,68082
6165,68107
6166,68108
6167,68108
6168,68108
6169,68108
6170,68108
6171,68108
6172,68108
6173,68108
6174,68168
6175,68193
6176,68194
6177,68194
6178,68194
6179,68194
6180,68194
6181,68194
6182,68194
6183,68194
6184,68255
6185,68280
6186,68281
6187,68281
6188,68281
6189,68281
6190,68281
6191,68281
6192,68281
6193,68281
6194,68340
6195,68365
6196,68367
6197,68367
6198,68367
6199,68367
6200,68367
6201,68367
6202,68367
6203,68367
6204,68426
6205,68451
6206,68453
6207,68453
6208,68453
6209,68453
6210,68453
6211,68453
6212,68453
6213,68453
6214,68511
6215,68535
6216,68537
6217,68537
6218,68537
6219,68537
6220,68537
6221,68537
6222,68537
6223,68537
6224,68593
6225,68617
6226,68620
6227,68620
6228,68620
6229,68620
6230,68620
6231,68620
6232,68620
6233,68620
6234,68676
6235,68701
6236,68703
6237,68703
6238,68703
6239,68703
6240,68703
6241,68703
6242,68703
6243,68703
6244,68759
6245,68783
6246,68785
6247,68785
6248,68785
6249,68785
6250,68785
6251,68785
6252,68785
6253,68785
6254,68841
6255,68865
6256,68867
6257,68867
6258,68867
6259,68867
6260,68867
6261,68867
6262,68867
6263,68867
6264,68923
6265,68947
6266,68950
6267,68950
6268,68950
6269,68950
6270,68950
6271,68950
6272,68950
6273,68950
6274,69006
6275,69030
6276,69033
6277,69033
6278,69033
6279,69033
6280,69033
6281,69033
6282,69033
6283,69033
6284,69089
6285,69113
6286,69116
6287,69116
6288,69116
6289,69116
6290,69116
6291,69116
6292,69116
6293,69116
6294,69172
6295,69196
6296,69199
6297,69199
6298,69199
6299,69199
6300,69199
6301,69199
6302,69199
6303,69199
6304,69255
6305,69279
6306,69282
6307,69282
6308,69282
6309,69282
6310,69282
6311,69282
6312,69282
6313,69282
6314,69338
6315,69362
6316,69365
6317,69365
6318,69365
6319,69365
6320,69365
6321,69365
6322,69365
6323,69365
6324,69420
6325,69444
6326,69447
6327,69447
6328,69447
6329,69447
6330,69447
6331,69447
6332,69447
6333,69447
6334,69503
6335,69527
6336,69530
6337,69530
6338,69530
6339,69530
6340,69530
6341,69530
6342,69530
6343,69530
6344,69586
6345,69610
6346,69613
6347,69613
6348,69613
6349,69613
6350,69613
6351,69613
6352,69613
6353,69613
6354,69668
6355,69692
6356,69696
6357,69696
6358,69696
6359,69696
6360,69696
6361,69696
6362,69696
6363,69696
6364,69751
6365,69775
6366,69779
6367,69779
6368,69779
6369,69779
6370,69779
6371,69779
6372,69779
6373,69779
6374,69833
6375,69857
6376,69861
6377,69861
6378,69861
6379,69861
6380,69861
6381,69861
6382,69861
6383,69861
6384,69916
6385,69940
6386,69943
6387,69943
6388,69943
6389,69943
6390,69943
6391,69943
6392,69943
6393,69943
6394,69998
6395,70022
6396,70025
6397,70025
6398,70025
6399,70025
6400,70025
6401,70025
6402,70025
6403,70025
6404,70080
6405,70104
6406,70107
6407,70107
6408,70107
6409,70107
6410,70107
6411,70107
6412,70107
6413,70107
6414,70162
6415,70186
6416,70189
6417,70189
6418,70189
6419,70189
6420,70189
6421,70189
6422,70189
6423,70189
6424,70243
6425,70267
6426,70271
6427,70271
6428,70271
6429,70271
6430,70271
6431,70271
6432,70271
6433,70271
6434,70325
6435,70349
6436,70353
6437,70353
6438,70353
6439,70353
6440,70353
6441,70353
6442,70353
6443,70353
6444,70407
6445,70431
6446,70435
6447,70435
6448,70435
6449,70435
6450,70435
6451,70435
6452,70435
6453,70435
6454,70489
6455,70512
6456,70517
6457,70517
6458,70517
6459,70517
6460,70517
6461,70517
6462,70517
6463,70517
6464,70571
6465,70594
6466,70599
6467,70599
6468,70599
6469,70599
6470,70599
6471,70599
6472,70599
6473,70599
6474,70653
6475,70676
6476,70681
6477,70681
6478,70681
6479,70681
6480,70681
6481,70681
6482,70681
6483,70681
6484,70735
6485,70758
6486,70763
6487,70763
6488,70763
6489,70763
6490,70763
6491,70763
6492,70763
6493,70763
6494,70817
6495,70840
6496,70845
6497,70845
6498,70845
6499,70845
6500,70845
6501,70845
6502,70845
6503,70845
6504,70899
6505,70922
6506,70928
6507,70928
6508,70928
6509,70928
6510,70928
6511,70928
6512,70928
6513,70928
6514,70983
6515,71006
6516,71012
6517,71012
6518,71012
6519,71012
6520,71012
6521,71012
6522,71012
6523,71012
6524,71065
6525,71088
6526,71094
6527,71094
6528,71094
6529,71094
6530,71094
6531,71094
6532,71094
6533,71094
6534,71147
6535,71170
6536,71176
6537,71176
6538,71176
6539,71176
6540,71176
6541,71176
6542,71176
6543,71176
6544,71229
6545,71252
6546,71258
6547,71258
6548,71258
6549,71258
6550,71258
6551,71258
6552,71258
6553,71258
6554,71312
6555,71335
6556,71341
6557,71341
6558,71341
6559,71341
6560,71341
6561,71341
6562,71341
6563,71341
6564,71394
6565,71417
6566,71423
6567,71423
6568,71423
6569,71423
6570,71423
6571,71423
6572,71423
6573,71423
6574,71476
6575,71499
6576,71505
6577,71505
6578,71505
6579,71505
6580,71505
6581,71505
6582,71505
6583,71505
6584,71558
6585,71581
6586,71588
6587,71588
6588,71588
6589,71588
6590,71588
6591,71588
6592,71588
6593,71588
6594,71641
6595,71664
6596,71671
6597,71671
6598,71671
6599,71671
6600,71671
6601,71671
6602,71671
6603,71671
6604,71724
6605,71747
6606,71754
6607,71754
6608,71754
6609,71754
6610,71754
6611,71754
6612,71754
6613,71754
6614,71806
6615,71829
6616,71837
6617,71837
6618,71837
6619,71837
6620,71837
6621,71837
6622,71837
6623,71837
6624,71890
6625,71913
6626,71920
6627,71920
6628,71920
6629,71920
6630,71920
6631,71920
6632,71920
6633,71920
6634,71973
6635,71996
6636,72004
6637,72004
6638,72004
6639,72004
6640,72004
6641,72004
6642,72004
6643,72004
6644,72056
6645,72079
6646,72087
6647,72087
6648,72087
6649,72087
6650,72087
6651,72087
6652,72087
6653,72087
6654,72139
6655,72162
6656,72170
6657,72170
6658,72170
6659,72170
6660,72170
6661,72170
6662,72170
6663,72170
6664,72222
6665,72245
6666,72253
6667,72253
6668,72253
6669,72253
6670,72253
6671,72253
6672,72253
6673,72253
6674,72305
6675,72328
6676,72336
6677,72336
6678,72336
6679,72336
6680,72336
6681,72336
6682,72336
6683,72336
6684,72387
6685,72409
6686,72418
6687,72418
6688,72418
6689,72418
6690,72418
6691,72418
6692,72418
6693,72418
6694,72469
6695,72492
6696,72501
6697,72501
6698,72501
6699,72501
6700,72501
6701,72501
6702,72501
6703,72501
6704,72552
6705,72574
6706,72583
6707,72583
6708,72583
6709,72583
6710,72583
6711,72583
6712,72583
6713,72583
6714,72634
6715,72657
6716,72666
6717,72666
6718,72666
6719,72666
6720,72666
6721,72666
6722,72666
6723,72666
6724,72717
6725,72739
6726,72749
6727,72749
6728,72749
6729,72749
6730,72749
6731,72749
6732,72749
6733,72749
6734,72800
6735,72822
6736,72831
6737,72831
6738,72831
6739,72831
6740,72831
6741,72831
6742,72831
6743,72831
6744,72882
6745,72904
6746,72913
6747,72913
6748,72913
6749,72913
6750,72913
6751,72913
6752,72913
6753,72913
6754,72964
6755,72986
6756,72996
6757,72996
6758,72996
6759,72996
6760,72996
6761,72996
6762,72996
6763,72996
6764,73046
6765,73068
6766,73078
6767,73078
6768,73078
6769,73078
6770,73078
6771,73078
6772,73078
6773,73078
6774,73128
6775,73150
6776,73160
6777,73160
6778,73160
6779,73160
6780,73160
6781,73160
6782,73160
6783,73160
6784,73210
6785,73232
6786,73242
6787,73242
6788,73242
6789,73242
6790,73242
6791,73242
6792,73242
6793,73242
6794,73292
6795,73314
6796,73324
6797,73324
6798,73324
6799,73324
6800,73324
6801,73324
6802,73324
6803,73324
6804,73374
6805,73396
6806,73406
6807,73406
6808,73406
6809,73406
6810,73406
6811,73406
6812,73406
6813,73406
6814,73456
6815,73478
6816,73489
6817,73489
6818,73489
6819,73489
6820,73489
6821,73489
6822,73489
6823,73489
6824,73539
6825,73561
6826,73571
6827,73571
6828,73571
6829,73571
6830,73571
6831,73571
6832,73571
6833,73571
6834,73621
6835,73643
6836,73653
6837,73653
6838,73653
6839,73653
6840,73653
6841,73653
6842,73653
6843,73653
6844,73702
6845,73724
6846,73735
6847,73735
6848,73735
6849,73735
6850,73735
6851,73735
6852,73735
6853,73735
6854,73785
6855,73807
6856,73817
6857,73817
6858,73817
6859,73817
6860,73817
6861,73817
6862,73817
6863,73817
6864,73866
6865,73888
6866,73900
6867,73900
6868,73900
6869,73900
6870,73900
6871,73900
6872,73900
6873,73900
6874,73949
6875,73971
6876,73982
6877,73982
6878,73982
6879,73982
6880,73982
6881,73982
6882,73982
6883,73982
6884,74032
6885,74054
6886,74065
6887,74065
6888,74065
6889,74065
6890,74065
6891,74065
6892,74065
6893,74065
6894,74114
6895,74136
6896,74147
6897,74147
6898,74147
6899,74147
6900,74147
6901,74147
6902,74147
6903,74147
6904,74196
6905,74218
6906,74230
6907,74230
6908,74230
6909,74230
6910,74230
6911,74230
6912,74230
6913,74230
6914,74279
6915,74301
6916,74313
6917,74313
6918,74313
6919,74313
6920,74313
6921,74313
6922,74313
6923,74313
6924,74362
6925,74384
6926,74395
6927,74395
6928,74395
6929,74395
6930,74395
6931,74395
6932,74395
6933,74395
6934,74444
6935,74466
6936,74478
6937,74478
6938,74478
6939,74478
6940,74478
6941,74478
6942,74478
6943,74478
6944,74527
6945,74549
6946,74560
6947,74560
6948,74560
6949,74560
6950,74560
6951,74560
6952,74560
6953,74560
6954,74609
6955,74631
6956,74643
6957,74643
6958,74643
6959,74643
6960,74643
6961,74643
6962,74643
6963,74643
6964,74691
6965,74713
6966,74725
6967,74725
6968,74725
6969,74725
6970,74725
6971,74725
6972,74725
6973,74725
6974,74773
6975,74795
6976,74808
6977,74808
6978,74808
6979,74808
6980,74808
6981,74808
6982,74808
6983,74808
6984,74856
6985,74878
6986,74890
6987,74890
6988,74890
6989,74890
6990,74890
6991,74890
6992,74890
6993,74890
6994,74939
6995,74960
6996,74973
6997,74973
6998,74973
6999,74973
7000,74973
7001,74973
7002,74973
7003,74973
7004,75022
7005,75043
7006,75056
7007,75056
7008,75056
7009,75056
7010,75056
7011,75056
7012,75056
7013,75056
7014,75104
7015,75125
7016,75139
7017,75139
7018,75139
7019,75139
7020,75139
7021,75139
7022,75139
7023,75139
7024,75186
7025,75208
7026,75221
7027,75221
7028,75221
7029,75221
7030,75221
7031,75221
7032,75221
7033,75221
7034,75270
7035,75291
7036,75304
7037,75304
7038,75304
7039,75304
7040,75304
7041,75304
7042,75304
7043,75304
7044,75351
7045,75373
7046,75387
7047,75387
7048,75387
7049,75387
7050,75387
7051,75387
7052,75387
7053,75387
7054,75434
7055,75455
7056,75469
7057,75469
7058,75469
7059,75469
7060,75469
7061,75469
7062,75469
7063,75469
7064,75516
7065,75537
7066,75551
7067,75551
7068,75551
7069,75551
7070,75551
7071,75551
7072,75551
7073,75551
7074,75598
7075,75619
7076,75633
7077,75633
7078,75633
7079,75633
7080,75633
7081,75633
7082,75633
7083,75633
7084,75680
7085,75702
7086,75717
7087,75717
7088,75717
7089,75717
7090,75717
7091,75717
7092,75717
7093,75717
7094,75764
7095,75785
7096,75800
7097,75800
7098,75800
7099,75800
7100,75800
7101,75800
7102,75800
7103,75800
7104,75846
7105,75867
7106,75882
7107,75882
7108,75882
7109,75882
7110,75882
7111,75882
7112,75882
7113,75882
7114,75929
7115,75950
7116,75965
7117,75965
7118,75965
7119,75965
7120,75965
7121,75965
7122,75965
7123,75965
7124,76011
7125,76032
7126,76048
7127,76048
7128,76048
7129,76048
7130,76048
7131,76048
7132,76048
7133,76048
7134,76093
7135,76114
7136,76130
7137,76130
7138,76130
7139,76130
7140,76130
7141,76130
7142,76130
7143,76130
7144,76176
7145,76197
7146,76213
7147,76213
7148,76213
7149,76213
7150,76213
7151,76213
7152,76213
7153,76213
7154,76258
7155,76279
7156,76295
7157,76295
7158,76295
7159,76295
7160,76295
7161,76295
7162,76295
7163,76295
7164,76340
7165,76361
7166,76378
7167,76378
7168,76378
7169,76378
7170,76378
7171,76378
7172,76378
7173,76378
7174,76423
7175,76444
7176,76460
7177,76460
7178,76460
7179,76460
7180,76460
7181,76460
7182,76460
7183,76460
7184,76505
7185,76526
7186,76542
7187,76543
7188,76543
7189,76543
7190,76543
7191,76543
7192,76543
7193,76543
7194,76588
7195,76609
7196,76626
7197,76626
7198,76626
7199,76626
7200,76626
7201,76626
7202,76626
7203,76626
7204,76671
7205,76692
7206,76708
7207,76709
7208,76709
7209,76709
7210,76709
7211,76709
7212,76709
7213,76709
7214,76753
7215,76774
7216,76790
7217,76791
7218,76791
7219,76791
7220,76791
7221,76791
7222,76791
7223,76791
7224,76835
7225,76856
7226,76872
7227,76873
7228,76873
7229,76873
7230,76873
7231,76873
7232,76873
7233,76873
7234,76918
7235,76939
7236,76955
7237,76957
7238,76957
7239,76957
7240,76957
7241,76957
7242,76957
7243,76957
7244,77000
7245,77021
7246,77037
7247,77039
7248,77039
7249,77039
7250,77039
7251,77039
7252,77039
7253,77039
7254,77083
7255,77104
7256,77119
7257,77122
7258,77122
7259,77122
7260,77122
7261,77122
7262,77122
7263,77122
7264,77166
7265,77187
7266,77202
7267,77206
7268,77206
7269,77206
7270,77206
7271,77206
7272,77206
7273,77206
7274,77248
7275,77269
7276,77284
7277,77289
7278,77289
7279,77289
7280,77289
7281,77289
7282,77289
7283,77289
7284,77332
7285,77353
7286,77368
7287,77372
7288,77372
7289,77372
7290,77372
7291,77372
7292,77372
7293,77372
7294,77414
7295,77435
7296,77450
7297,77456
7298,77456
7299,77456
7300,77456
7301,77456
7302,77456
7303,77456
7304,77497
7305,77517
7306,77531
7307,77538
7308,77538
7309,77538
7310,77538
7311,77538
7312,77538
7313,77538
7314,77578
7315,77599
7316,77613
7317,77621
7318,77621
7319,77621
7320,77621
7321,77621
7322,77621
7323,77621
7324,77661
7325,77682
7326,77696
7327,77704
7328,77704
7329,77704
7330,77704
7331,77704
7332,77704
7333,77704
7334,77743
7335,77764
7336,77778
7337,77787
7338,77787
7339,77787
7340,77787
7341,77787
7342,77787
7343,77787
7344,77826
7345,77847
7346,77861
7347,77870
7348,77870
7349,77870
7350,77870
7351,77870
7352,77870
7353,77870
7354,77909
7355,77930
7356,77944
7357,77953
7358,77953
7359,77953
7360,77953
7361,77953
7362,77953
7363,77953
7364,77992
7365,78013
7366,78026
7367,78037
7368,78037
7369,78037
7370,78037
7371,78037
7372,78037
7373,78037
7374,78075
7375,78096
7376,78109
7377,78119
7378,78119
7379,78119
7380,78119
7381,78119
7382,78119
7383,78119
7384,78157
7385,78178
7386,78191
7387,78202
7388,78202
7389,78202
7390,78202
7391,78202
7392,78202
7393,78202
7394,78241
7395,78263
7396,78276
7397,78287
7398,78287
7399,78287
7400,78287
7401,78287
7402,78287
7403,78287
7404,78326
7405,78346
7406,78359
7407,78371
7408,78371
7409,78371
7410,78371
7411,78371
7412,78371
7413,78371
7414,78408
7415,78430
7416,78443
7417,78455
7418,78455
7419,78455
7420,78455
7421,78455
7422,78455
7423,78455
7424,78493
7425,78514
7426,78527
7427,78539
7428,78540
7429,78540
7430,78540
7431,78540
7432,78540
7433,78540
7434,78576
7435,78597
7436,78610
7437,78622
7438,78623
7439,78623
7440,78623
7441,78623
7442,78623
7443,78623
7444,78659
7445,78679
7446,78692
7447,78704
7448,78705
7449,78705
7450,78705
7451,78705
7452,78705
7453,78705
7454,78741
7455,78762
7456,78775
7457,78787
7458,78788
7459,78788
7460,78788
7461,78788
7462,78788
7463,78788
7464,78823
7465,78844
7466,78857
7467,78869
7468,78871
7469,78871
7470,78871
7471,78871
7472,78871
7473,78871
7474,78908
7475,78929
7476,78942
7477,78954
7478,78956
7479,78956
7480,78956
7481,78956
7482,78956
7483,78956
7484,78991
7485,79012
7486,79025
7487,79037
7488,79038
7489,79038
7490,79038
7491,79038
7492,79038
7493,79038
7494,79073
7495,79094
7496,79107
7497,79119
7498,79121
7499,79121
7500,79121
7501,79121
7502,79121
7503,79121
7504,79157
7505,79177
7506,79190
7507,79202
7508,79204
7509,79204
7510,79204
7511,79204
7512,79204
7513,79204
7514,79239
7515,79259
7516,79272
7517,79284
7518,79286
7519,79286
7520,79286
7521,79286
7522,79286
7523,79286
7524,79321
7525,79342
7526,79354
7527,79366
7528,79369
7529,79369
7530,79369
7531,79369
7532,79369
7533,79369
7534,79404
7535,79425
7536,79437
7537,79449
7538,79453
7539,79453
7540,79453
7541,79453
7542,79453
7543,79453
7544,79488
7545,79509
7546,79521
7547,79532
7548,79537
7549,79537
7550,79537
7551,79537
7552,79537
7553,79537
7554,79572
7555,79593
7556,79605
7557,79616
7558,79620
7559,79620
7560,79620
7561,79620
7562,79620
7563,79620
7564,79655
7565,79675
7566,79687
7567,79698
7568,79704
7569,79704
7570,79704
7571,79704
7572,79704
7573,79704
7574,79740
7575,79760
7576,79772
7577,79783
7578,79789
7579,79789
7580,79789
7581,79789
7582,79789
7583,79789
7584,79823
7585,79843
7586,79856
7587,79867
7588,79873
7589,79873
7590,79873
7591,79873
7592,79873
7593,79873
7594,79907
7595,79927
7596,79940
7597,79951
7598,79958
7599,79958
7600,79958
7601,79958
7602,79958
7603,79958
7604,79991
7605,80011
7606,80023
7607,80034
7608,80041
7609,80041
7610,80041
7611,80041
7612,80041
7613,80041
7614,80074
7615,80094
7616,80106
7617,80117
7618,80125
7619,80125
7620,80125
7621,80125
7622,80125
7623,80125
7624,80157
7625,80177
7626,80189
7627,80200
7628,80207
7629,80207
7630,80207
7631,80207
7632,80207
7633,80207
7634,80239
7635,80259
7636,80271
7637,80282
7638,80289
7639,80289
7640,80289
7641,80289
7642,80289
7643,80289
7644,80321
7645,80341
7646,80354
7647,80365
7648,80373
7649,80373
7650,80373
7651,80373
7652,80373
7653,80373
7654,80406
7655,80426
7656,80439
7657,80449
7658,80457
7659,80457
7660,80457
7661,80457
7662,80457
7663,80457
7664,80490
7665,80510
7666,80522
7667,80532
7668,80541
7669,80541
7670,80541
7671,80541
7672,80541
7673,80541
7674,80573
7675,80593
7676,80605
7677,80615
7678,80624
7679,80624
7680,80624
7681,80624
7682,80624
7683,80624
7684,80656
7685,80676
7686,80688
7687,80698
7688,80707
7689,80707
7690,80707
7691,80707
7692,80707
7693,80707
7694,80738
7695,80759
7696,80771
7697,80781
7698,80790
7699,80790
7700,80790
7701,80790
7702,80790
7703,80790
7704,80821
7705,80841
7706,80853
7707,80863
7708,80873
7709,80873
7710,80873
7711,80873
7712,80873
7713,80873
7714,80904
7715,80924
7716,80937
7717,80947
7718,80956
7719,80956
7720,80956
7721,80956
7722,80956
7723,80956
7724,80987
7725,81007
7726,81019
7727,81029
7728,81039
7729,81039
7730,81039
7731,81039
7732,81039
7733,81039
7734,81070
7735,81090
7736,81103
7737,81113
7738,81122
7739,81122
7740,81122
7741,81122
7742,81122
7743,81122
7744,81153
7745,81173
7746,81185
7747,81195
7748,81205
7749,81205
7750,81205
7751,81205
7752,81205
7753,81205
7754,81236
7755,81255
7756,81267
7757,81277
7758,81287
7759,81287
7760,81287
7761,81287
7762,81287
7763,81287
7764,81318
7765,81337
7766,81350
7767,81360
7768,81370
7769,81370
7770,81370
7771,81370
7772,81370
7773,81370
7774,81401
7775,81421
7776,81433
7777,81443
7778,81453
7779,81453
7780,81453
7781,81453
7782,81453
7783,81453
7784,81484
7785,81503
7786,81515
7787,81525
7788,81535
7789,81535
7790,81535
7791,81535
7792,81535
7793,81535
7794,81566
7795,81585
7796,81597
7797,81607
7798,81617
7799,81618
7800,81618
7801,81618
7802,81618
7803,81618
7804,81648
7805,81667
7806,81680
7807,81690
7808,81700
7809,81700
7810,81700
7811,81700
7812,81700
7813,81700
7814,81730
7815,81750
7816,81763
7817,81773
7818,81783
7819,81783
7820,81783
7821,81783
7822,81783
7823,81783
7824,81813
7825,81833
7826,81845
7827,81855
7828,81865
7829,81866
7830,81866
7831,81866
7832,81866
7833,81866
7834,81896
7835,81916
7836,81928
7837,81938
7838,81948
7839,81948
7840,81948
7841,81948
7842,81948
7843,81948
7844,81979
7845,81999
7846,82011
7847,82021
7848,82031
7849,82032
7850,82032
7851,82032
7852,82032
7853,82032
7854,82062
7855,82081
7856,82093
7857,82103
7858,82113
7859,82115
7860,82115
7861,82115
7862,82115
7863,82115
7864,82145
7865,82164
7866,82176
7867,82186
7868,82196
7869,82198
7870,82198
7871,82198
7872,82198
7873,82198
7874,82228
7875,82247
7876,82259
7877,82269
7878,82279
7879,82280
7880,82280
7881,82280
7882,82280
7883,82280
7884,82310
7885,82329
7886,82341
7887,82351
7888,82361
7889,82363
7890,82363
7891,82363
7892,82363
7893,82363
7894,82392
7895,82412
7896,82424
7897,82434
7898,82444
7899,82446
7900,82446
7901,82446
7902,82446
7903,82446
7904,82476
7905,82495
7906,82507
7907,82517
7908,82526
7909,82529
7910,82529
7911,82529
7912,82529
7913,82529
7914,82558
7915,82577
7916,82590
7917,82599
7918,82608
7919,82611
7920,82611
7921,82611
7922,82611
7923,82611
7924,82640
7925,82659
7926,82672
7927,82681
7928,82690
7929,82694
7930,82694
7931,82694
7932,82694
7933,82694
7934,82723
7935,82742
7936,82755
7937,82764
7938,82773
7939,82777
7940,82777
7941,82777
7942,82777
7943,82777
7944,82806
7945,82825
7946,82838
7947,82847
7948,82856
7949,82860
7950,82860
7951,82860
7952,82860
7953,82860
7954,82889
7955,82908
7956,82921
7957,82930
7958,82939
7959,82943
7960,82943
7961,82943
7962,82943
7963,82943
7964,82972
7965,82991
7966,83004
7967,83014
7968,83023
7969,83025
7970,83025
7971,83025
7972,83025
7973,83025
7974,83054
7975,83073
7976,83086
7977,83095
7978,83104
7979,83108
7980,83108
7981,83108
7982,83108
7983,83108
7984,83137
7985,83156
7986,83168
7987,83177
7988,83186
7989,83191
7990,83191
7991,83191
7992,83191
7993,83191
7994,83220
7995,83239
7996,83252
7997,83261
7998,83270
7999,83274
8000,83274
8001,83274
8002,83274
8003,83274
8004,83303
8005,83322
8006,83334
8007,83343
8008,83352
8009,83357
8010,83357
8011,83357
8012,83357
8013,83357
8014,83386
8015,83405
8016,83417
8017,83426
8018,83435
8019,83440
8020,83440
8021,83440
8022,83440
8023,83440
8024,83468
8025,83487
8026,83499
8027,83508
8028,83517
8029,83523
8030,83523
8031,83523
8032,83523
8033,83523
8034,83552
8035,83571
8036,83583
8037,83592
8038,83601
8039,83606
8040,83606
8041,83606
8042,83606
8043,83606
8044,83634
8045,83653
8046,83665
8047,83674
8048,83683
8049,83688
8050,83688
8051,83688
8052,83688
8053,83688
8054,83716
8055,83735
8056,83748
8057,83757
8058,83766
8059,83771
8060,83771
8061,83771
8062,83771
8063,83771
8064,83799
8065,83818
8066,83831
8067,83840
8068,83849
8069,83854
8070,83854
8071,83854
8072,83854
8073,83854
8074,83882
8075,83901
8076,83914
8077,83923
8078,83932
8079,83937
8080,83937
8081,83937
8082,83937
8083,83937
8084,83965
8085,83984
8086,83996
8087,84005
8088,84014
8089,84019
8090,84019
8091,84019
8092,84019
8093,84019
8094,84047
8095,84066
8096,84078
8097,84088
8098,84097
8099,84102
8100,84102
8101,84102
8102,84102
8103,84102
8104,84130
8105,84149
8106,84162
8107,84171
8108,84180
8109,84185
8110,84185
8111,84185
8112,84185
8113,84185
8114,84214
8115,84233
8116,84245
8117,84254
8118,84263
8119,84268
8120,84268
8121,84268
8122,84268
8123,84268
8124,84296
8125,84315
8126,84327
8127,84336
8128,84345
8129,84351
8130,84351
8131,84351
8132,84351
8133,84351
8134,84379
8135,84397
8136,84409
8137,84418
8138,84427
8139,84434
8140,84434
8141,84434
8142,84434
8143,84434
8144,84462
8145,84480
8146,84493
8147,84502
8148,84511
8149,84518
8150,84518
8151,84518
8152,84518
8153,84518
8154,84546
8155,84564
8156,84576
8157,84585
8158,84594
8159,84601
8160,84601
8161,84601
8162,84601
8163,84601
8164,84629
8165,84647
8166,84660
8167,84669
8168,84678
8169,84685
8170,84685
8171,84685
8172,84685
8173,84685
8174,84712
8175,84731
8176,84744
8177,84753
8178,84761
8179,84768
8180,84768
8181,84768
8182,84768
8183,84768
8184,84795
8185,84814
8186,84826
8187,84835
8188,84843
8189,84851
8190,84851
8191,84851
8192,84851
8193,84851
8194,84878
8195,84896
8196,84908
8197,84917
8198,84925
8199,84933
8200,84934
8201,84934
8202,84934
8203,84934
8204,84960
8205,84979
8206,84992
8207,85001
8208,85009
8209,85017
8210,85018
8211,85018
8212,85018
8213,85018
8214,85044
8215,85062
8216,85075
8217,85084
8218,85092
8219,85100
8220,85102
8221,85102
8222,85102
8223,85102
8224,85129
8225,85147
8226,85159
8227,85168
8228,85176
8229,85184
8230,85186
8231,85186
8232,85186
8233,85186
8234,85212
8235,85230
8236,85242
8237,85251
8238,85259
8239,85267
8240,85269
8241,85269
8242,85269
8243,85269
8244,85294
8245,85312
8246,85325
8247,85334
8248,85342
8249,85350
8250,85352
8251,85352
8252,85352
8253,85352
8254,85377
8255,85395
8256,85408
8257,85417
8258,85425
8259,85433
8260,85435
8261,85435
8262,85435
8263,85435
8264,85462
8265,85480
8266,85492
8267,85501
8268,85509
8269,85517
8270,85519
8271,85519
8272,85519
8273,85519
8274,85544
8275,85562
8276,85574
8277,85583
8278,85591
8279,85599
8280,85602
8281,85602
8282,85602
8283,85602
8284,85627
8285,85645
8286,85657
8287,85666
8288,85674
8289,85682
8290,85684
8291,85684
8292,85684
8293,85684
8294,85709
8295,85727
8296,85739
8297,85748
8298,85756
8299,85764
8300,85766
8301,85766
8302,85766
8303,85766
8304,85791
8305,85809
8306,85821
8307,85830
8308,85838
8309,85846
8310,85849
8311,85849
8312,85849
8313,85849
8314,85874
8315,85892
8316,85904
8317,85913
8318,85921
8319,85929
8320,85932
8321,85932
8322,85932
8323,85932
8324,85957
8325,85975
8326,85987
8327,85996
8328,86004
8329,86012
8330,86014
8331,86014
8332,86014
8333,86014
8334,86039
8335,86057
8336,86069
8337,86078
8338,86086
8339,86094
8340,86097
8341,86097
8342,86097
8343,86097
8344,86122
8345,86140
8346,86152
8347,86161
8348,86169
8349,86177
8350,86180
8351,86180
8352,86180
8353,86180
8354,86205
8355,86223
8356,86235
8357,86244
8358,86252
8359,86260
8360,86263
8361,86263
8362,86263
8363,86263
8364,86288
8365,86306
8366,86318
8367,86327
8368,86335
8369,86343
8370,86345
8371,86345
8372,86345
8373,86345
8374,86370
8375,86388
8376,86400
8377,86409
8378,86417
8379,86425
8380,86427
8381,86427
8382,86427
8383,86427
8384,86452
8385,86470
8386,86482
8387,86491
8388,86499
8389,86507
8390,86510
8391,86510
8392,86510
8393,86510
8394,86535
8395,86553
8396,86565
8397,86574
8398,86582
8399,86590
8400,86593
8401,86593
8402,86593
8403,86593
8404,86618
8405,86636
8406,86648
8407,86657
8408,86665
8409,86673
8410,86676
8411,86676
8412,86676
8413,86676
8414,86701
8415,86718
8416,86730
8417,86739
8418,86747
8419,86755
8420,86758
8421,86758
8422,86758
8423,86758
8424,86783
8425,86801
8426,86813
8427,86822
8428,86830
8429,86838
8430,86840
8431,86840
8432,86840
8433,86840
8434,86865
8435,86882
8436,86894
8437,86903
8438,86911
8439,86919
8440,86922
8441,86922
8442,86922
8443,86922
8444,86947
8445,86964
8446,86976
8447,86985
8448,86993
8449,87001
8450,87004
8451,87004
8452,87004
8453,87004
8454,87029
8455,87046
8456,87058
8457,87067
8458,87075
8459,87083
8460,87086
8461,87086
8462,87086
8463,87086
8464,87111
8465,87128
8466,87140
8467,87149
8468,87157
8469,87165
8470,87169
8471,87169
8472,87169
8473,87169
8474,87194
8475,87212
8476,87224
8477,87233
8478,87241
8479,87249
8480,87252
8481,87252
8482,87252
8483,87252
8484,87277
8485,87294
8486,87306
8487,87315
8488,87323
8489,87331
8490,87334
8491,87334
8492,87334
8493,87334
8494,87359
8495,87376
8496,87388
8497,87397
8498,87405
8499,87413
8500,87416
8501,87416
8502,87416
8503,87416
8504,87441
8505,87459
8506,87471
8507,87480
8508,87488
8509,87496
8510,87499
8511,87499
8512,87499
8513,87499
8514,87524
8515,87541
8516,87554
8517,87563
8518,87571
8519,87579
8520,87582
8521,87582
8522,87582
8523,87582
8524,87606
8525,87623
8526,87635
8527,87644
8528,87652
8529,87660
8530,87665
8531,87665
8532,87665
8533,87665
8534,87689
8535,87706
8536,87718
8537,87727
8538,87735
8539,87743
8540,87747
8541,87747
8542,87747
8543,87747
8544,87771
8545,87788
8546,87800
8547,87809
8548,87817
8549,87825
8550,87829
8551,87829
8552,87829
8553,87829
8554,87853
8555,87870
8556,87882
8557,87891
8558,87899
8559,87907
8560,87912
8561,87912
8562,87912
8563,87912
8564,87937
8565,87954
8566,87966
8567,87975
8568,87983
8569,87991
8570,87995
8571,87995
8572,87995
8573,87995
8574,88019
8575,88037
8576,88049
8577,88058
8578,88065
8579,88072
8580,88079
8581,88079
8582,88079
8583,88079
8584,88103
8585,88120
8586,88132
8587,88141
8588,88148
8589,88155
8590,88162
8591,88162
8592,88162
8593,88162
8594,88186
8595,88203
8596,88215
8597,88225
8598,88232
8599,88239
8600,88246
8601,88246
8602,88246
8603,88246
8604,88269
8605,88286
8606,88299
8607,88308
8608,88315
8609,88322
8610,88329
8611,88329
8612,88329
8613,88329
8614,88352
8615,88369
8616,88381
8617,88390
8618,88397
8619,88404
8620,88411
8621,88412
8622,88412
8623,88412
8624,88435
8625,88452
8626,88464
8627,88473
8628,88480
8629,88487
8630,88494
8631,88495
8632,88495
8633,88495
8634,88518
8635,88535
8636,88548
8637,88557
8638,88564
8639,88571
8640,88578
8641,88580
8642,88580
8643,88580
8644,88602
8645,88618
8646,88630
8647,88639
8648,88646
8649,88653
8650,88660
8651,88663
8652,88663
8653,88663
8654,88685
8655,88701
8656,88713
8657,88722
8658,88729
8659,88736
8660,88743
8661,88745
8662,88745
8663,88745
8664,88767
8665,88783
8666,88795
8667,88804
8668,88811
8669,88818
8670,88824
8671,88828
8672,88828
8673,88828
8674,88849
8675,88865
8676,88877
8677,88886
8678,88893
8679,88899
8680,88905
8681,88911
8682,88911
8683,88911
8684,88932
8685,88947
8686,88959
8687,88968
8688,88975
8689,88981
8690,88987
8691,88993
8692,88993
8693,88993
8694,89013
8695,89028
8696,89040
8697,89049
8698,89056
8699,89062
8700,89068
8701,89074
8702,89075
8703,89075
8704,89095
8705,89110
8706,89122
8707,89131
8708,89138
8709,89144
8710,89150
8711,89156
8712,89157
8713,89157
8714,89177
8715,89192
8716,89203
8717,89212
8718,89219
8719,89225
8720,89231
8721,89237
8722,89240
8723,89240
8724,89260
8725,89275
8726,89286
8727,89295
8728,89302
8729,89308
8730,89314
8731,89320
8732,89323
8733,89323
8734,89342
8735,89356
8736,89367
8737,89376
8738,89383
8739,89389
8740,89395
8741,89400
8742,89405
8743,89405
8744,89423
8745,89437
8746,89448
8747,89456
8748,89463
8749,89468
8750,89473
8751,89478
8752,89483
8753,89488
8754,89505
8755,89518
8756,89529
8757,89537
8758,89544
8759,89549
8760,89554
8761,89559
8762,89564
8763,89569
8764,89585
8765,89598
8766,89608
8767,89616
8768,89623
8769,89628
8770,89633
8771,89637
8772,89641
8773,89645
8774,89660
8775,89672
8776,89682
8777,89690
8778,89697
8779,89703
8780,89708
8781,89712
8782,89716
8783,89720
8784,89735
8785,89747
8786,89757
8787,89766
8788,89774
8789,89780
8790,89785
8791,89790
8792,89794
8793,89797
8794,89810
8795,89821
8796,89830
8797,89838
8798,89845
8799,89851
8800,89856
8801,89861
8802,89865
8803,89869
8804,89880
8805,89889
8806,89897
8807,89904
8808,89911
8809,89917
8810,89923
8811,89928
8812,89933
8813,89937
8814,89947
8815,89957
8816,89965
8817,89974
8818,89981
8819,89987
8820,89993
8821,89998
8822,90002
8823,90006
8824,90014
8825,90022
8826,90029
8827,90035
8828,90041
8829,90046
8830,90051
8831,90056
8832,90060
8833,90064
8834,90072
8835,90078
8836,90084
8837,90089
8838,90094
8839,90098
8840,90101
8841,90104
8842,90108
8843,90111
8844,90116
8845,90120
8846,90124
8847,90127
8848,90130
8849,90133
8850,90136
8851,90139
8852,90143
8853,90147
8854,90151
8855,90155
8856,90159
8857,90162
8858,90165
8859,90168
8860,90170
8861,90172
8862,90174
8863,90175
8864,90176
8865,90176
8866,90176
8867,90176
8868,90176
8869,90176
8870,90176
8871,90176
8872,90176
8873,90176
8874,90176
8875,90176
8876,90176
8877,90176
8878,90176
8879,90176
8880,90176
8881,90176
8882,90176
8883,90176
8884,90176
8885,90176
8886,90176
8887,90176
8888,90176
8889,90176
8890,90176
8891,90176
8892,90176
8893,90176
8894,90176
8895,90176
8896,90176
8897,90176
8898,90176
8899,90176
8900,90176
8901,90176
8902,90176
8903,90176
8904,90176
8905,90176
8906,90176
8907,90176
8908,90176
8909,90176
8910,90176
8911,90176
8912,90176
8913,90176
8914,90176
8915,90176
8916,90176
8917,90176
8918,90176
8919,90176
8920,90176
8921,90176
8922,90176
8923,90176
8924,90176
8925,90176
8926,90176
8927,90176
8928,90176
8929,90176
8930,90176
8931,90176
8932,90176
8933,90176
8934,90176
8935,90176
8936,90176
8937,90176
8938,90176
8939,90176
8940,90176
8941,90176
8942,90176
8943,90176
8944,90176
8945,90176
8946,90176
8947,90176
8948,90176
8949,90176
8950,90176
8951,90176
8952,90176
8953,90176
8954,90176
8955,90176
8956,90176
8957,90176
8958,90176
8959,90176
8960,90176
8961,90176
8962,90176
8963,90176
8964,90176
8965,90176
8966,90176
8967,90176
8968,90176
8969,90176
8970,90176
8971,90176
8972,90176
8973,90176
8974,90176
8975,90176
8976,90176
8977,90176
8978,90176
8979,90176
8980,90176
8981,90176
8982,90176
8983,90176
8984,90176
8985,90176
8986,90176
8987,90176
8988,90176
8989,90176
8990,90176
8991,90176
8992,90176
8993,90176
8994,90176
8995,90176
8996,90176
8997,90176
8998,90176
8999,90176
9000,90176
9001,90176
9002,90176
9003,90176
9004,90176
9005,90176
9006,90176
9007,90176
9008,90176
9009,90176
9010,90176
9011,90176
9012,90176
9013,90176
9014,90176
9015,90176
9016,90176
9017,90176
9018,90176
9019,90176
9020,90176
9021,90176
9022,90176
9023,90176
9024,90176
9025,90176
9026,90176
9027,90176
9028,90176
9029,90176
9030,90176
9031,90176
9032,90176
9033,90176
9034,90176
9035,90176
9036,90176
9037,90176
9038,90176
9039,90176
9040,90176
9041,90176
9042,90176
9043,90176
9044,90176
9045,90176
9046,90176
9047,90176
9048,90176
9049,90176
9050,90176
9051,90176
9052,90176
9053,90176
9054,90176
9055,90176
9056,90176
9057,90176
9058,90176
9059,90176
9060,90176
9061,90176
9062,90176
9063,90176
9064,90176
9065,90176
9066,90176
9067,90176
9068,90176
9069,90176
9070,90176
9071,90176
9072,90176
9073,90176
9074,90176
9075,90176
9076,90176
9077,90176
9078,90176
9079,90176
9080,90176
9081,90176
9082,90176
9083,90176
9084,90176
9085,90176
9086,90176
9087,90176
9088,90176
9089,90176
9090,90176
9091,90176
9092,90176
9093,90176
9094,90176
9095,90176
9096,90176
9097,90176
9098,90176
9099,90176
9100,90176
9101,90176
9102,90176
9103,90176
9104,90176
9105,90176
9106,90176
9107,90176
9108,90176
9109,90176
9110,90176
9111,90176
9112,90176
9113,90176
9114,90176
9115,90176
9116,90176
9117,90176
9118,90176
9119,90176
9120,90176
9121,90176
9122,90176
9123,90176
9124,90176
9125,90176
9126,90176
9127,90176
9128,90176
9129,90176
9130,90176
9131,90176
9132,90176
9133,90176
9134,90176
9135,90176
9136,90176
9137,90176
9138,90176
9139,90176
9140,90176
9141,90176
9142,90176
9143,90176
9144,90176
9145,90176
9146,90176
9147,90176
9148,90176
9149,90176
9150,90176
9151,90176
9152,90176
9153,90176
9154,90176
9155,90176
9156,90176
9157,90176
9158,90176
9159,90176
9160,90176
9161,90176
9162,90176
9163,90176
9164,90176
9165,90176
9166,90176
9167,90176
9168,90176
9169,90176
9170,90176
9171,90176
9172,90176
9173,90176
9174,90176
9175,90176
9176,90176
9177,90176
9178,90176
9179,90176
9180,90176
9181,90176
9182,90176
9183,90176
9184,90176
9185,90176
9186,90176
9187,90176
9188,90176
9189,90176
9190,90176
9191,90176
9192,90176
9193,90176
9194,90176
9195,90176
9196,90176
9197,90176
9198,90176
9199,90176
9200,90176
9201,90176
9202,90176
9203,90176
9204,90176
9205,90176
9206,90176
9207,90176
9208,90176
9209,90176
9210,90176
9211,90176
9212,90176
9213,90176
9214,90176
9215,90176
9216,90176
9217,90176
9218,90176
9219,90176
9220,90176
9221,90176
9222,90176
9223,90176
9224,90176
9225,90176
9226,90176
9227,90176
9228,90176
9229,90176
9230,90176
9231,90176
9232,90176
9233,90176
9234,90176
9235,90176
9236,90176
9237,90176
9238,90176
9239,90176
9240,90176
9241,90176
9242,90176
9243,90176
9244,90176
9245,90176
9246,90176
9247,90176
9248,90176
9249,90176
9250,90176
9251,90176
9252,90176
9253,90176
9254,90176
9255,90176
9256,90176
9257,90176
9258,90176
9259,90176
9260,90176
9261,90176
9262,90176
9263,90176
9264,90176
9265,90176
9266,90176
9267,90176
9268,90176
9269,90176
9270,90176
9271,90176
9272,90176
9273,90176
9274,90176
9275,90176
9276,90176
9277,90176
9278,90176
9279,90176
9280,90176
9281,90176
9282,90176
9283,90176
9284,90176
9285,90176
9286,90176
9287,90176
9288,90176
9289,90176
9290,90176
9291,90176
9292,90176
9293,90176
9294,90176
9295,90176
9296,90176
9297,90176
9298,90176
9299,90176
9300,90176
9301,90176
9302,90176
9303,90176
9304,90176
9305,90176
9306,90176
9307,90176
9308,90176
9309,90176
9310,90176
9311,90176
9312,90176
9313,90176
9314,90176
9315,90176
9316,90176
9317,90176
9318,90176
9319,90176
9320,90176
9321,90176
9322,90176
9323,90176
9324,90176
9325,90176
9326,90176
9327,90176
9328,90176
9329,90176
9330,90176
9331,90176
9332,90176
9333,90176
9334,90176
9335,90176
9336,90176
9337,90176
9338,90176
9339,90176
9340,90176
9341,90176
9342,90176
9343,90176
9344,90176
9345,90176
9346,90176
9347,90176
9348,90176
9349,90176
9350,90176
9351,90176
9352,90176
9353,90176
9354,90176
9355,90176
9356,90176
9357,90176
9358,90176
9359,90176
9360,90176
9361,90176
9362,90176
9363,90176
9364,90176
9365,90176
9366,90176
9367,90176
9368,90176
9369,90176
9370,90176
9371,90176
9372,90176
9373,90176
9374,90176
9375,90176
9376,90176
9377,90176
9378,90176
9379,90176
9380,90176
9381,90176
9382,90176
9383,90176
9384,90176
9385,90176
9386,90176
9387,90176
9388,90176
9389,90176
9390,90176
9391,90176
9392,90176
9393,90176
9394,90176
9395,90176
9396,90176
9397,90176
9398,90176
9399,90176
9400,90176
9401,90176
9402,90176
9403,90176
9404,90176
9405,90176
9406,90176
9407,90176
9408,90176
9409,90176
9410,90176
9411,90176
9412,90176
9413,90176
9414,90176
9415,90176
9416,90176
9417,90176
9418,90176
9419,90176
9420,90176
9421,90176
9422,90176
9423,90176
9424,90176
9425,90176
9426,90176
9427,90176
9428,90176
9429,90176
9430,90176
9431,90176
9432,90176
9433,90176
9434,90176
9435,90176
9436,90176
9437,90176
9438,90176
9439,90176
9440,90176
9441,90176
9442,90176
9443,90176
9444,90176
9445,90176
9446,90176
9447,90176
9448,90176
9449,90176
9450,90176
9451,90176
9452,90176
9453,90176
9454,90176
9455,90176
9456,90176
9457,90176
9458,90176
9459,90176
9460,90176
9461,90176
9462,90176
9463,90176
9464,90176
9465,90176
9466,90176
9467,90176
9468,90176
9469,90176
9470,90176
9471,90176
9472,90176
9473,90176
9474,90176
9475,90176
9476,90176
9477,90176
9478,90176
9479,90176
9480,90176
9481,90176
9482,90176
9483,90176
9484,90176
9485,90176
9486,90176
9487,90176
9488,90176
9489,90176
9490,90176
9491,90176
9492,90176
9493,90176
9494,90176
9495,90176
9496,90176
9497,90176
9498,90176
9499,90176
9500,90176
9501,90176
9502,90176
9503,90176
9504,90176
9505,90176
9506,90176
9507,90176
9508,90176
9509,90176
9510,90176
9511,90176
9512,90176
9513,90176
9514,90176
9515,90176
9516,90176
9517,90176
9518,90176
9519,90176
9520,90176
9521,90176
9522,90176
9523,90176
9524,90176
9525,90176
9526,90176
9527,90176
9528,90176
9529,90176
9530,90176
9531,90176
9532,90176
9533,90176
9534,90176
9535,90176
9536,90176
9537,90176
9538,90176
9539,90176
9540,90176
9541,90176
9542,90176
9543,90176
9544,90176
9545,90176
9546,90176
9547,90176
9548,90176
9549,90176
9550,90176
9551,90176
9552,90176
9553,90176
9554,90176
9555,90176
9556,90176
9557,90176
9558,90176
9559,90176
9560,90176
9561,90176
9562,90176
9563,90176
9564,90176
9565,90176
9566,90176
9567,90176
9568,90176
9569,90176
9570,90176
9571,90176
9572,90176
9573,90176
9574,90176
9575,90176
9576,90176
9577,90176
9578,90176
9579,90176
9580,90176
9581,90176
9582,90176
9583,90176
9584,90176
9585,90176
9586,90176
9587,90176
9588,90176
9589,90176
9590,90176
9591,90176
9592,90176
9593,90176
9594,90176
9595,90176
9596,90176
9597,90176
9598,90176
9599,90176
9600,90176
9601,90176
9602,90176
9603,90176
9604,90176
9605,90176
9606,90176
9607,90176
9608,90176
9609,90176
9610,90176
9611,90176
9612,90176
9613,90176
9614,90176
9615,90176
9616,90176
9617,90176
9618,90176
9619,90176
9620,90176
9621,90176
9622,90176
9623,90176
9624,90176
9625,90176
9626,90176
9627,90176
9628,90176
9629,90176
9630,90176
9631,90176
9632,90176
9633,90176
9634,90176
9635,90176
9636,90176
9637,90176
9638,90176
9639,90176
9640,90176
9641,90176
9642,90176
9643,90176
9644,90176
9645,90176
9646,90176
9647,90176
9648,90176
9649,90176
9650,90176
9651,90176
9652,90176
9653,90176
9654,90176
9655,90176
9656,90176
9657,90176
9658,90176
9659,90176
9660,90176
9661,90176
9662,90176
9663,90176
9664,90176
9665,90176
9666,90176
9667,90176
9668,90176
9669,90176
9670,90176
9671,90176
9672,90176
9673,90176
9674,90176
9675,90176
9676,90176
9677,90176
9678,90176
9679,90176
9680,90176
9681,90176
9682,90176
9683,90176
9684,90176
9685,90176
9686,90176
9687,90176
9688,90176
9689,90176
9690,90176
9691,90176
9692,90176
9693,90176
9694,90176
9695,90176
9696,90176
9697,90176
9698,90176
9699,90176
9700,90176
9701,90176
9702,90176
9703,90176
9704,90176
9705,90176
9706,90176
9707,90176
9708,90176
9709,90176
9710,90176
9711,90176
9712,90176
9713,90176
9714,90176
9715,90176
9716,90176
9717,90176
9718,90176
9719,90176
9720,90176
9721,90176
9722,90176
9723,90176
9724,90176
9725,90176
9726,90176
9727,90176
9728,90176
9729,90176
9730,90176
9731,90176
9732,90176
9733,90176
9734,90176
9735,90176
9736,90176
9737,90176
9738,90176
9739,90176
9740,90176
9741,90176
9742,90176
9743,90176
9744,90176
9745,90176
9746,90176
9747,90176
9748,90176
9749,90176
9750,90176
9751,90176
9752,90176
9753,90176
9754,90176
9755,90176
9756,90176
9757,90176
9758,90176
9759,90176
9760,90176
9761,90176
9762,90176
9763,90176
9764,90176
9765,90176
9766,90176
9767,90176
9768,90176
9769,90176
9770,90176
9771,90176
9772,90176
9773,90176
9774,90176
9775,90176
9776,90176
9777,90176
9778,90176
9779,90176
9780,90176
9781,90176
9782,90176
9783,90176
9784,90176
9785,90176
9786,90176
9787,90176
9788,90176
9789,90176
9790,90176
9791,90176
9792,90176
9793,90176
9794,90176
9795,90176
9796,90176
9797,90176
9798,90176
9799,90176
9800,90176
9801,90176
9802,90176
9803,90176
9804,90176
9805,90176
9806,90176
9807,90176
9808,90176
9809,90176
9810,90176
9811,90176
9812,90176
9813,90176
9814,90176
9815,90176
9816,90176
9817,90176
9818,90176
9819,90176
9820,90176
9821,90176
9822,90176
9823,90176
9824,90176
9825,90176
9826,90176
9827,90176
9828,90176
9829,90176
9830,90176
9831,90176
9832,90176
9833,90176
9834,90176
9835,90176
9836,90176
9837,90176
9838,90176
9839,90176
9840,90176
9841,90176
9842,90176
9843,90176
9844,90176
9845,90176
9846,90176
9847,90176
9848,90176
9849,90176
9850,90176
9851,90176
9852,90176
9853,90176
9854,90176
9855,90176
9856,90176
9857,90176
9858,90176
9859,90176
9860,90176
9861,90176
9862,90176
9863,90176
9864,90176
9865,90176
9866,90176
9867,90176
9868,90176
9869,90176
9870,90176
9871,90176
9872,90176
9873,90176
9874,90176
9875,90176
9876,90176
9877,90176
9878,90176
9879,90176
9880,90176
9881,90176
9882,90176
9883,90176
9884,90176
9885,90176
9886,90176
9887,90176
9888,90176
9889,90176
9890,90176
9891,90176
9892,90176
9893,90176
9894,90176
9895,90176
9896,90176
9897,90176
9898,90176
9899,90176
9900,90176
9901,90176
9902,90176
9903,90176
9904,90176
9905,90176
9906,90176
9907,90176
9908,90176
9909,90176
9910,90176
9911,90176
9912,90176
9913,90176
9914,90176
9915,90176
9916,90176
9917,90176
9918,90176
9919,90176
9920,90176
9921,90176
9922,90176
9923,90176
9924,90176
9925,90176
9926,90176
9927,90176
9928,90176
9929,90176
9930,90176
9931,90176
9932,90176
9933,90176
9934,90176
9935,90176
9936,90176
9937,90176
9938,90176
9939,90176
9940,90176
9941,90176
9942,90176
9943,90176
9944,90176
9945,90176
9946,90176
9947,90176
9948,90176
9949,90176
9950,90176
9951,90176
9952,90176
9953,90176
9954,90176
9955,90176
9956,90176
9957,90176
9958,90176
9959,90176
9960,90176
9961,90176
9962,90176
9963,90176
9964,90176
9965,90176
9966,90176
9967,90176
9968,90176
9969,90176
9970,90176
9971,90176
9972,90176
9973,90176
9974,90176
9975,90176
9976,90176
9977,90176
9978,90176
9979,90176
9980,90176
9981,90176
9982,90176
9983,90176
9984,90176
9985,90176
9986,90176
9987,90176
9988,90176
9989,90176
9990,90176
9991,90176
9992,90176
9993,90176
9994,90176
9995,90176
9996,90176
9997,90176
9998,90176
9999,90176
10000,90176
10001,90176
10002,90176
10003,90176
10004,90176
10005,90176
10006,90176
10007,90176
10008,90176
10009,90176
10010,90176
10011,90176
10012,90176
10013,90176
10014,90176
10015,90176
10016,90176
10017,90176
10018,90176
10019,90176
10020,90176
10021,90176
10022,90176
10023,90176
10024,90176
10025,90176
10026,90176
10027,90176
10028,90176
10029,90176
10030,90176
10031,90176
10032,90176
10033,90176
10034,90176
10035,90176
10036,90176
10037,90176
10038,90176
10039,90176
10040,90176
10041,90176
10042,90176
10043,90176
10044,90176
10045,90176
10046,90176
10047,90176
10048,90176
10049,90176
10050,90176
10051,90176
10052,90176
10053,90176
10054,90176
10055,90176
10056,90176
10057,90176
10058,90176
10059,90176
10060,90176
10061,90176
10062,90176
10063,90176
10064,90176
10065,90176
10066,90176
10067,90176
10068,90176
10069,90176
10070,90176
10071,90176
10072,90176
10073,90176
10074,90176
10075,90176
10076,90176
10077,90176
10078,90176
10079,90176
10080,90176
10081,90176
10082,90176
10083,90176
10084,90176
10085,90176
10086,90176
10087,90176
10088,90176
10089,90176
10090,90176
10091,90176
10092,90176
10093,90176
10094,90176
10095,90176
10096,90176
10097,90176
10098,90176
10099,90176
10100,90176
10101,90176
10102,90176
10103,90176
10104,90176
10105,90176
10106,90176
10107,90176
10108,90176
10109,90176
10110,90176
10111,90176
10112,90176
10113,90176
10114,90176
10115,90176
10116,90176
10117,90176
10118,90176
10119,90176
10120,90176
10121,90176
10122,90176
10123,90176
10124,90176
10125,90176
10126,90176
10127,90176
10128,90176
10129,90176
10130,90176
10131,90176
10132,90176
10133,90176
10134,90176
10135,90176
10136,90176
10137,90176
10138,90176
10139,90176
10140,90176
10141,90176
10142,90176
10143,90176
10144,90176
10145,90176
10146,90176
10147,90176
10148,90176
10149,90176
10150,90176
10151,90176
10152,90176
10153,90176
10154,90176
10155,90176
10156,90176
10157,90176
10158,90176
10159,90176
10160,90176
10161,90176
10162,90176
10163,90176
10164,90176
10165,90176
10166,90176
10167,90176
10168,90176
10169,90176
10170,90176
10171,90176
10172,90176
10173,90176
10174,90176
10175,90176
10176,90176
10177,90176
10178,90176
10179,90176
10180,90176
10181,90176
10182,90176
10183,90176
10184,90176
10185,90176
10186,90176
10187,90176
10188,90176
10189,90176
10190,90176
10191,90176
10192,90176
10193,90176
10194,90176
10195,90176
10196,90176
10197,90176
10198,90176
10199,90176
10200,90176
10201,90176
10202,90176
10203,90176
10204,90176
10205,90176
10206,90176
10207,90176
10208,90176
10209,90176
10210,90176
10211,90176
10212,90176
10213,90176
10214,90176
10215,90176
10216,90176
10217,90176
10218,90176
10219,90176
10220,90176
10221,90176
10222,90176
10223,90176
10224,90176
10225,90176
10226,90176
10227,90176
10228,90176
10229,90176
10230,90176
10231,90176
10232,90176
10233,90176
10234,90176
10235,90176
10236,90176
10237,90176
10238,90176
10239,90176
10240,90176
10241,90176
10242,90176
10243,90176
10244,90176
10245,90176
10246,90176
10247,90176
10248,90176
10249,90176
10250,90176
10251,90176
10252,90176
10253,90176
10254,90176
10255,90176
10256,90176
10257,90176
10258,90176
10259,90176
10260,90176
10261,90176
10262,90176
10263,90176
10264,90176
10265,90176
10266,90176
10267,90176
10268,90176
10269,90176
10270,90176
10271,90176
10272,90176
10273,90176
10274,90176
10275,90176
10276,90176
10277,90176
10278,90176
10279,90176
10280,90176
10281,90176
10282,90176
10283,90176
10284,90176
10285,90176
10286,90176
10287,90176
10288,90176
10289,90176
10290,90176
10291,90176
10292,90176
10293,90176
10294,90176
10295,90176
10296,90176
10297,90176
10298,90176
10299,90176
10300,90176
10301,90176
10302,90176
10303,90176
10304,90176
10305,90176
10306,90176
10307,90176
10308,90176
10309,90176
10310,90176
10311,90176
10312,90176
10313,90176
10314,90176
10315,90176
10316,90176
10317,90176
10318,90176
10319,90176
10320,90176
10321,90176
10322,90176
10323,90176
10324,90176
10325,90176
10326,90176
10327,90176
10328,90176
10329,90176
10330,90176
10331,90176
10332,90176
10333,90176
10334,90176
10335,90176
10336,90176
10337,90176
10338,90176
10339,90176
10340,90176
10341,90176
10342,90176
10343,90176
10344,90176
10345,90176
10346,90176
10347,90176
10348,90176
10349,90176
10350,90176
10351,90176
10352,90176
10353,90176
10354,90176
10355,90176
10356,90176
10357,90176
10358,90176
10359,90176
10360,90176
10361,90176
10362,90176
10363,90176
10364,90176
10365,90176
10366,90176
10367,90176
10368,90176
10369,90176
10370,90176
10371,90176
10372,90176
10373,90176
10374,90176
10375,90176
10376,90176
10377,90176
10378,90176
10379,90176
10380,90176
10381,90176
10382,90176
10383,90176
10384,90176
10385,90176
10386,90176
10387,90176
10388,90176
10389,90176
10390,90176
10391,90176
10392,90176
10393,90176
10394,90176
10395,90176
10396,90176
10397,90176
10398,90176
10399,90176
10400,90176
10401,90176
10402,90176
10403,90176
10404,90176
10405,90176
10406,90176
10407,90176
10408,90176
10409,90176
10410,90176
10411,90176
10412,90176
10413,90176
10414,90176
10415,90176
10416,90176
10417,90176
10418,90176
10419,90176
10420,90176
10421,90176
10422,90176
10423,90176
10424,90176
10425,90176
10426,90176
10427,90176
10428,90176
10429,90176
10430,90176
10431,90176
10432,90176
10433,90176
10434,90176
10435,90176
10436,90176
10437,90176
10438,90176
10439,90176
10440,90176
10441,90176
10442,90176
10443,90176
10444,90176
10445,90176
10446,90176
10447,90176
10448,90176
10449,90176
10450,90176
10451,90176
10452,90176
10453,90176
10454,90176
10455,90176
10456,90176
10457,90176
10458,90176
10459,90176
10460,90176
10461,90176
10462,90176
10463,90176
10464,90176
10465,90176
10466,90176
10467,90176
10468,90176
10469,90176
10470,90176
10471,90176
10472,90176
10473,90176
10474,90176
10475,90176
10476,90176
10477,90176
10478,90176
10479,90176
10480,90176
10481,90176
10482,90176
10483,90176
10484,90176
10485,90176
10486,90176
10487,90176
10488,90176
10489,90176
10490,90176
10491,90176
10492,90176
10493,90176
10494,90176
10495,90176
10496,90176
10497,90176
10498,90176
10499,90176
10500,90176
10501,90176
10502,90176
10503,90176
10504,90176
10505,90176
10506,90176
10507,90176
10508,90176
10509,90176
10510,90176
10511,90176
10512,90176
10513,90176
10514,90176
10515,90176
10516,90176
10517,90176
10518,90176
10519,90176
10520,90176
10521,90176
10522,90176
10523,90176
10524,90176
10525,90176
10526,90176
10527,90176
10528,90176
10529,90176
10530,90176
10531,90176
10532,90176
10533,90176
10534,90176
10535,90176
10536,90176
10537,90176
10538,90176
10539,90176
10540,90176
10541,90176
10542,90176
10543,90176
10544,90176
10545,90176
10546,90176
10547,90176
10548,90176
10549,90176
10550,90176
10551,90176
10552,90176
10553,90176
10554,90176
10555,90176
10556,90176
10557,90176
10558,90176
10559,90176
10560,90176
10561,90176
10562,90176
10563,90176
10564,90176
10565,90176
10566,90176
10567,90176
10568,90176
10569,90176
10570,90176
10571,90176
10572,90176
10573,90176
10574,90176
10575,90176
10576,90176
10577,90176
10578,90176
10579,90176
10580,90176
10581,90176
10582,90176
10583,90176
10584,90176
10585,90176
10586,90176
10587,90176
10588,90176
10589,90176
10590,90176
10591,90176
10592,90176
10593,90176
10594,90176
10595,90176
10596,90176
10597,90176
10598,90176
10599,90176
10600,90176
10601,90176
10602,90176
10603,90176
10604,90176
10605,90176
10606,90176
10607,90176
10608,90176
10609,90176
10610,90176
10611,90176
10612,90176
10613,90176
10614,90176
10615,90176
10616,90176
10617,90176
10618,90176
10619,90176
10620,90176
10621,90176
10622,90176
10623,90176
10624,90176
10625,90176
10626,90176
10627,90176
10628,90176
10629,90176
10630,90176
10631,90176
10632,90176
10633,90176
10634,90176
10635,90176
10636,90176
10637,90176
10638,90176
10639,90176
10640,90176
10641,90176
10642,90176
10643,90176
10644,90176
10645,90176
10646,90176
10647,90176
10648,90176
10649,90176
10650,90176
10651,90176
10652,90176
10653,90176
10654,90176
10655,90176
10656,90176
10657,90176
10658,90176
10659,90176
10660,90176
10661,90176
10662,90176
10663,90176
10664,90176
10665,90176
10666,90176
10667,90176
10668,90176
10669,90176
10670,90176
10671,90176
10672,90176
10673,90176
10674,90176
10675,90176
10676,90176
10677,90176
10678,90176
10679,90176
10680,90176
10681,90176
10682,90176
10683,90176
10684,90176
10685,90176
10686,90176
10687,90176
10688,90176
10689,90176
10690,90176
10691,90176
10692,90176
10693,90176
10694,90176
10695,90176
10696,90176
10697,90176
10698,90176
10699,90176
10700,90176
10701,90176
10702,90176
10703,90176
10704,90176
10705,90176
10706,90176
10707,90176
10708,90176
10709,90176
10710,90176
10711,90176
10712,90176
10713,90176
10714,90176
10715,90176
10716,90176
10717,90176
10718,90176
10719,90176
10720,90176
10721,90176
10722,90176
10723,90176
10724,90176
10725,90176
10726,90176
10727,90176
10728,90176
10729,90176
10730,90176
10731,90176
10732,90176
10733,90176
10734,90176
10735,90176
10736,90176
10737,90176
10738,90176
10739,90176
10740,90176
10741,90176
10742,90176
10743,90176
10744,90176
10745,90176
10746,90176
10747,90176
10748,90176
10749,90176
10750,90176
10751,90176
10752,90176
10753,90176
10754,90176
10755,90176
10756,90176
10757,90176
10758,90176
10759,90176
10760,90176
10761,90176
10762,90176
10763,90176
10764,90176
10765,90176
10766,90176
10767,90176
10768,90176
10769,90176
10770,90176
10771,90176
10772,90176
10773,90176
10774,90176
10775,90176
10776,90176
10777,90176
10778,90176
10779,90176
10780,90176
10781,90176
10782,90176
10783,90176
10784,90176
10785,90176
10786,90176
10787,90176
10788,90176
10789,90176
10790,90176
10791,90176
10792,90176
10793,90176
10794,90176
10795,90176
10796,90176
10797,90176
10798,90176
10799,90176
10800,90176
10801,90176
10802,90176
10803,90176
10804,90176
10805,90176
10806,90176
10807,90176
10808,90176
10809,90176
10810,90176
10811,90176
10812,90176
10813,90176
10814,90176
10815,90176
10816,90176
10817,90176
10818,90176
10819,90176
10820,90176
10821,90176
10822,90176
10823,90176
10824,90176
10825,90176
10826,90176
10827,90176
10828,90176
10829,90176
10830,90176
10831,90176
10832,90176
10833,90176
10834,90176
10835,90176
10836,90176
10837,90176
10838,90176
10839,90176
10840,90176
10841,90176
10842,90176
10843,90176
10844,90176
10845,90176
10846,90176
10847,90176
10848,90176
10849,90176
10850,90176
10851,90176
10852,90176
10853,90176
10854,90176
10855,90176
10856,90176
10857,90176
10858,90176
10859,90176
10860,90176
10861,90176
10862,90176
10863,90176
10864,90176
10865,90176
10866,90176
10867,90176
10868,90176
10869,90176
10870,90176
10871,90176
10872,90176
10873,90176
10874,90176
10875,90176
10876,90176
10877,90176
10878,90176
10879,90176
10880,90176
10881,90176
10882,90176
10883,90176
10884,90176
10885,90176
10886,90176
10887,90176
10888,90176
10889,90176
10890,90176
10891,90176
10892,90176
10893,90176
10894,90176
10895,90176
10896,90176
10897,90176
10898,90176
10899,90176
10900,90176
10901,90176
10902,90176
10903,90176
10904,90176
10905,90176
10906,90176
10907,90176
10908,90176
10909,90176
10910,90176
10911,90176
10912,90176
10913,90176
10914,90176
10915,90176
10916,90176
10917,90176
10918,90176
10919,90176
10920,90176
10921,90176
10922,90176
10923,90176
10924,90176
10925,90176
10926,90176
10927,90176
10928,90176
10929,90176
10930,90176
10931,90176
10932,90176
10933,90176
10934,90176
10935,90176
10936,90176
10937,90176
10938,90176
10939,90176
10940,90176
10941,90176
10942,90176
10943,90176
10944,90176
10945,90176
10946,90176
10947,90176
10948,90176
10949,90176
10950,90176
10951,90176
10952,90176
10953,90176
10954,90176
10955,90176
10956,90176
10957,90176
10958,90176
10959,90176
10960,90176
10961,90176
10962,90176
10963,90176
10964,90176
10965,90176
10966,90176
10967,90176
10968,90176
10969,90176
10970,90176
10971,90176
10972,90176
10973,90176
10974,90176
10975,90176
10976,90176
10977,90176
10978,90176
10979,90176
10980,90176
10981,90176
10982,90176
10983,90176
10984,90176
10985,90176
10986,90176
10987,90176
10988,90176
10989,90176
10990,90176
10991,90176
10992,90176
10993,90176
10994,90176
10995,90176
10996,90176
10997,90176
10998,90176
10999,90176
11000,90176
11001,90176
11002,90176
11003,90176
11004,90176
11005,90176
11006,90176
11007,90176
11008,90176
11009,90176
11010,90176
11011,90176
11012,90176
11013,90176
11014,90176
11015,90176
11016,90176
11017,90176
11018,90176
11019,90176
11020,90176
11021,90176
11022,90176
11023,90176
11024,90176
11025,90176
11026,90176
11027,90176
11028,90176
11029,90176
11030,90176
11031,90176
11032,90176
11033,90176
11034,90176
11035,90176
11036,90176
11037,90176
11038,90176
11039,90176
11040,90176
11041,90176
11042,90176
11043,90176
11044,90176
11045,90176
11046,90176
11047,90176
11048,90176
11049,90176
11050,90176
11051,90176
11052,90176
11053,90176
11054,90176
11055,90176
11056,90176
11057,90176
11058,90176
11059,90176
11060,90176
11061,90176
11062,90176
11063,90176
11064,90176
11065,90176
11066,90176
11067,90176
11068,90176
11069,90176
11070,90176
11071,90176
11072,90176
11073,90176
11074,90176
11075,90176
11076,90176
11077,90176
11078,90176
11079,90176
11080,90176
11081,90176
11082,90176
11083,90176
11084,90176
11085,90176
11086,90176
11087,90176
11088,90176
11089,90176
11090,90176
11091,90176
11092,90176
11093,90176
11094,90176
11095,90176
11096,90176
11097,90176
11098,90176
11099,90176
11100,90176
11101,90176
11102,90176
11103,90176
11104,90176
11105,90176
11106,90176
11107,90176
11108,90176
11109,90176
11110,90176
11111,90176
11112,90176
11113,90176
11114,90176
11115,90176
11116,90176
11117,90176
11118,90176
11119,90176
11120,90176
11121,90176
11122,90176
11123,90176
11124,90176
11125,90176
11126,90176
11127,90176
11128,90176
11129,90176
11130,90176
11131,90176
11132,90176
11133,90176
11134,90176
11135,90176
11136,90176
11137,90176
11138,90176
11139,90176
11140,90176
11141,90176
11142,90176
11143,90176
11144,90176
11145,90176
11146,90176
11147,90176
11148,90176
11149,90176
11150,90176
11151,90176
11152,90176
11153,90176
11154,90176
11155,90176
11156,90176
11157,90176
11158,90176
11159,90176
11160,90176
11161,90176
11162,90176
11163,90176
11164,90176
11165,90176
11166,90176
11167,90176
11168,90176
11169,90176
11170,90176
11171,90176
11172,90176
11173,90176
11174,90176
11175,90176
11176,90176
11177,90176
11178,90176
11179,90176
11180,90176
11181,90176
11182,90176
11183,90176
11184,90176
11185,90176
11186,90176
11187,90176
11188,90176
11189,90176
11190,90176
11191,90176
11192,90176
11193,90176
11194,90176
11195,90176
11196,90176
11197,90176
11198,90176
11199,90176
11200,90176
11201,90176
11202,90176
11203,90176
11204,90176
11205,90176
11206,90176
11207,90176
11208,90176
11209,90176
11210,90176
11211,90176
11212,90176
11213,90176
11214,90176
11215,90176
11216,90176
11217,90176
11218,90176
11219,90176
11220,90176
11221,90176
11222,90176
11223,90176
11224,90176
11225,90176
11226,90176
11227,90176
11228,90176
11229,90176
11230,90176
11231,90176
11232,90176
11233,90176
11234,90176
11235,90176
11236,90176
11237,90176
11238,90176
11239,90176
11240,90176
11241,90176
11242,90176
11243,90176
11244,90176
11245,90176
11246,90176
11247,90176
11248,90176
11249,90176
11250,90176
11251,90176
11252,90176
11253,90176
11254,90176
11255,90176
11256,90176
11257,90176
11258,90176
11259,90176
11260,90176
11261,90176
11262,90176
11263,90176
11264,90176
11265,90176
11266,90176
11267,90176
11268,90176
11269,90176
11270,90176
11271,90176
11272,90176
11273,90176
11274,90176
11275,90176
11276,90176
11277,90176
11278,90176
11279,90176
11280,90176
11281,90176
11282,90176
11283,90176
11284,90176
11285,90176
11286,90176
11287,90176
11288,90176
11289,90176
11290,90176
11291,90176
11292,90176
11293,90176
11294,90176
11295,90176
11296,90176
11297,90176
11298,90176
11299,90176
11300,90176
11301,90176
11302,90176
11303,90176
11304,90176
11305,90176
11306,90176
11307,90176
11308,90176
11309,90176
11310,90176
11311,90176
11312,90176
11313,90176
11314,90176
11315,90176
11316,90176
11317,90176
11318,90176
11319,90176
11320,90176
11321,90176
11322,90176
11323,90176
11324,90176
11325,90176
11326,90176
11327,90176
11328,90176
11329,90176
11330,90176
11331,90176
11332,90176
11333,90176
11334,90176
11335,90176
11336,90176
11337,90176
11338,90176
11339,90176
11340,90176
11341,90176
11342,90176
11343,90176
11344,90176
11345,90176
11346,90176
11347,90176
11348,90176
11349,90176
11350,90176
11351,90176
11352,90176
11353,90176
11354,90176
11355,90176
11356,90176
11357,90176
11358,90176
11359,90176
11360,90176
11361,90176
11362,90176
11363,90176
11364,90176
11365,90176
11366,90176
11367,90176
11368,90176
11369,90176
11370,90176
11371,90176
11372,90176
11373,90176
11374,90176
11375,90176
11376,90176
11377,90176
11378,90176
11379,90176
11380,90176
11381,90176
11382,90176
11383,90176
11384,90176
11385,90176
11386,90176
11387,90176
11388,90176
11389,90176
11390,90176
11391,90176
11392,90176
11393,90176
11394,90176
11395,90176
11396,90176
11397,90176
11398,90176
11399,90176
11400,90176
11401,90176
11402,90176
11403,90176
11404,90176
11405,90176
11406,90176
11407,90176
11408,90176
11409,90176
11410,90176
11411,90176
11412,90176
11413,90176
11414,90176
11415,90176
11416,90176
11417,90176
11418,90176
11419,90176
11420,90176
11421,90176
11422,90176
11423,90176
11424,90176
11425,90176
11426,90176
11427,90176
11428,90176
11429,90176
11430,90176
11431,90176
11432,90176
11433,90176
11434,90176
11435,90176
11436,90176
11437,90176
11438,90176
11439,90176
11440,90176
11441,90176
11442,90176
11443,90176
11444,90176
11445,90176
11446,90176
11447,90176
11448,90176
11449,90176
11450,90176
11451,90176
11452,90176
11453,90176
11454,90176
11455,90176
11456,90176
11457,90176
11458,90176
11459,90176
11460,90176
11461,90176
11462,90176
11463,90176
11464,90176
11465,90176
11466,90176
11467,90176
11468,90176
11469,90176
11470,90176
11471,90176
11472,90176
11473,90176
11474,90176
11475,90176
11476,90176
11477,90176
11478,90176
11479,90176
11480,90176
11481,90176
11482,90176
11483,90176
11484,90176
11485,90176
11486,90176
11487,90176
11488,90176
11489,90176
11490,90176
11491,90176
11492,90176
11493,90176
11494,90176
11495,90176
11496,90176
11497,90176
11498,90176
11499,90176
11500,90176
11501,90176
11502,90176
11503,90176
11504,90176
11505,90176
11506,90176
11507,90176
11508,90176
11509,90176
11510,90176
11511,90176
11512,90176
11513,90176
11514,90176
11515,90176
11516,90176
11517,90176
11518,90176
11519,90176
11520,90176
11521,90176
11522,90176
11523,90176
11524,90176
11525,90176
11526,90176
11527,90176
11528,90176
11529,90176
11530,90176
11531,90176
11532,90176
11533,90176
11534,90176
11535,90176
11536,90176
11537,90176
11538,90176
11539,90176
11540,90176
11541,90176
11542,90176
11543,90176
11544,90176
11545,90176
11546,90176
11547,90176
11548,90176
11549,90176
11550,90176
11551,90176
11552,90176
11553,90176
11554,90176
11555,90176
11556,90176
11557,90176
11558,90176
11559,90176
11560,90176
11561,90176
11562,90176
11563,90176
11564,90176
11565,90176
11566,90176
11567,90176
11568,90176
11569,90176
11570,90176
11571,90176
11572,90176
11573,90176
11574,90176
11575,90176
11576,90176
11577,90176
11578,90176
11579,90176
11580,90176
11581,90176
11582,90176
11583,90176
11584,90176
11585,90176
11586,90176
11587,90176
11588,90176
11589,90176
11590,90176
11591,90176
11592,90176
11593,90176
11594,90176
11595,90176
11596,90176
11597,90176
11598,90176
11599,90176
11600,90176
11601,90176
11602,90176
11603,90176
11604,90176
11605,90176
11606,90176
11607,90176
11608,90176
11609,90176
11610,90176
11611,90176
11612,90176
11613,90176
11614,90176
11615,90176
11616,90176
11617,90176
11618,90176
11619,90176
11620,90176
11621,90176
11622,90176
11623,90176
11624,90176
11625,90176
11626,90176
11627,90176
11628,90176
11629,90176
11630,90176
11631,90176
11632,90176
11633,90176
11634,90176
11635,90176
11636,90176
11637,90176
11638,90176
11639,90176
11640,90176
11641,90176
11642,90176
11643,90176
11644,90176
11645,90176
11646,90176
11647,90176
11648,90176
11649,90176
11650,90176
11651,90176
11652,90176
11653,90176
11654,90176
11655,90176
11656,90176
11657,90176
11658,90176
11659,90176
11660,90176
11661,90176
11662,90176
11663,90176
11664,90176
11665,90176
11666,90176
11667,90176
11668,90176
11669,90176
11670,90176
11671,90176
11672,90176
11673,90176
11674,90176
11675,90176
11676,90176
11677,90176
11678,90176
11679,90176
11680,90176
11681,90176
11682,90176
11683,90176
11684,90176
11685,90176
11686,90176
11687,90176
11688,90176
11689,90176
11690,90176
11691,90176
11692,90176
11693,90176
11694,90176
11695,90176
11696,90176
11697,90176
11698,90176
11699,90176
11700,90176
11701,90176
11702,90176
11703,90176
11704,90176
11705,90176
11706,90176
11707,90176
11708,90176
11709,90176
11710,90176
11711,90176
11712,90176
11713,90176
11714,90176
11715,90176
11716,90176
11717,90176
11718,90176
11719,90176
11720,90176
11721,90176
11722,90176
11723,90176
11724,90176
11725,90176
11726,90176
11727,90176
11728,90176
11729,90176
11730,90176
11731,90176
11732,90176
11733,90176
11734,90176
11735,90176
11736,90176
11737,90176
11738,90176
11739,90176
11740,90176
11741,90176
11742,90176
11743,90176
11744,90176
11745,90176
11746,90176
11747,90176
11748,90176
11749,90176
11750,90176
11751,90176
11752,90176
11753,90176
11754,90176
11755,90176
11756,90176
11757,90176
11758,90176
11759,90176
11760,90176
11761,90176
11762,90176
11763,90176
11764,90176
11765,90176
11766,90176
11767,90176
11768,90176
11769,90176
11770,90176
11771,90176
11772,90176
11773,90176
11774,90176
11775,90176
11776,90176
11777,90176
11778,90176
11779,90176
11780,90176
11781,90176
11782,90176
11783,90176
11784,90176
11785,90176
11786,90176
11787,90176
11788,90176
11789,90176
11790,90176
11791,90176
11792,90176
11793,90176
11794,90176
11795,90176
11796,90176
11797,90176
11798,90176
11799,90176
11800,90176
11801,90176
11802,90176
11803,90176
11804,90176
11805,90176
11806,90176
11807,90176
11808,90176
11809,90176
11810,90176
11811,90176
11812,90176
11813,90176
11814,90176
11815,90176
11816,90176
11817,90176
11818,90176
11819,90176
11820,90176
11821,90176
11822,90176
11823,90176
11824,90176
11825,90176
11826,90176
11827,90176
11828,90176
11829,90176
11830,90176
11831,90176
11832,90176
11833,90176
11834,90176
11835,90176
11836,90176
11837,90176
11838,90176
11839,90176
11840,90176
11841,90176
11842,90176
11843,90176
11844,90176
11845,90176
11846,90176
11847,90176
11848,90176
11849,90176
11850,90176
11851,90176
11852,90176
11853,90176
11854,90176
11855,90176
11856,90176
11857,90176
11858,90176
11859,90176
11860,90176
11861,90176
11862,90176
11863,90176
11864,90176
11865,90176
11866,90176
11867,90176
11868,90176
11869,90176
11870,90176
11871,90176
11872,90176
11873,90176
11874,90176
11875,90176
11876,90176
11877,90176
11878,90176
11879,90176
11880,90176
11881,90176
11882,90176
11883,90176
11884,90176
11885,90176
11886,90176
11887,90176
11888,90176
11889,90176
11890,90176
11891,90176
11892,90176
11893,90176
11894,90176
11895,90176
11896,90176
11897,90176
11898,90176
11899,90176
11900,90176
11901,90176
11902,90176
11903,90176
11904,90176
11905,90176
11906,90176
11907,90176
11908,90176
11909,90176
11910,90176
11911,90176
11912,90176
11913,90176
11914,90176
11915,90176
11916,90176
11917,90176
11918,90176
11919,90176
11920,90176
11921,90176
11922,90176
11923,90176
11924,90176
11925,90176
11926,90176
11927,90176
11928,90176
11929,90176
11930,90176
11931,90176
11932,90176
11933,90176
11934,90176
11935,90176
11936,90176
11937,90176
11938,90176
11939,90176
11940,90176
11941,90176
11942,90176
11943,90176
11944,90176
11945,90176
11946,90176
11947,90176
11948,90176
11949,90176
11950,90176
11951,90176
11952,90176
11953,90176
11954,90176
11955,90176
11956,90176
11957,90176
11958,90176
11959,90176
11960,90176
11961,90176
11962,90176
11963,90176
11964,90176
11965,90176
11966,90176
11967,90176
11968,90176
11969,90176
11970,90176
11971,90176
11972,90176
11973,90176
11974,90176
11975,90176
11976,90176
11977,90176
11978,90176
11979,90176
11980,90176
11981,90176
11982,90176
11983,90176
11984,90176
11985,90176
11986,90176
11987,90176
11988,90176
11989,90176
11990,90176
11991,90176
11992,90176
11993,90176
11994,90176
11995,90176
11996,90176
11997,90176
11998,90176
11999,90176
12000,90176
12001,90176
12002,90176
12003,90176
12004,90176
12005,90176
12006,90176
12007,90176
12008,90176
12009,90176
12010,90176
12011,90176
12012,90176
12013,90176
12014,90176
12015,90176
12016,90176
12017,90176
12018,90176
12019,90176
12020,90176
12021,90176
12022,90176
12023,90176
12024,90176
12025,90176
12026,90176
12027,90176
12028,90176
12029,90176
12030,90176
12031,90176
12032,90176
12033,90176
12034,90176
12035,90176
12036,90176
12037,90176
12038,90176
12039,90176
12040,90176
12041,90176
12042,90176
12043,90176
12044,90176
12045,90176
12046,90176
12047,90176
12048,90176
12049,90176
12050,90176
12051,90176
12052,90176
12053,90176
12054,90176
12055,90176
12056,90176
12057,90176
12058,90176
12059,90176
12060,90176
12061,90176
12062,90176
12063,90176
12064,90176
12065,90176
12066,90176
12067,90176
12068,90176
12069,90176
12070,90176
12071,90176
12072,90176
12073,90176
12074,90176
12075,90176
12076,90176
12077,90176
12078,90176
12079,90176
12080,90176
12081,90176
12082,90176
12083,90176
12084,90176
12085,90176
12086,90176
12087,90176
12088,90176
12089,90176
12090,90176
12091,90176
12092,90176
12093,90176
12094,90176
12095,90176
12096,90176
12097,90176
12098,90176
12099,90176
12100,90176
12101,90176
12102,90176
12103,90176
12104,90176
12105,90176
12106,90176
12107,90176
12108,90176
12109,90176
12110,90176
12111,90176
12112,90176
12113,90176
12114,90176
12115,90176
12116,90176
12117,90176
12118,90176
12119,90176
12120,90176
12121,90176
12122,90176
12123,90176
12124,90176
12125,90176
12126,90176
12127,90176
12128,90176
12129,90176
12130,90176
12131,90176
12132,90176
12133,90176
12134,90176
12135,90176
12136,90176
12137,90176
12138,90176
12139,90176
12140,90176
12141,90176
12142,90176
12143,90176
12144,90176
12145,90176
12146,90176
12147,90176
12148,90176
12149,90176
12150,90176
12151,90176
12152,90176
12153,90176
12154,90176
12155,90176
12156,90176
12157,90176
12158,90176
12159,90176
12160,90176
12161,90176
12162,90176
12163,90176
12164,90176
12165,90176
12166,90176
12167,90176
12168,90176
12169,90176
12170,90176
12171,90176
12172,90176
12173,90176
12174,90176
12175,90176
12176,90176
12177,90176
12178,90176
12179,90176
12180,90176
12181,90176
12182,90176
12183,90176
12184,90176
12185,90176
12186,90176
12187,90176
12188,90176
12189,90176
12190,90176
12191,90176
12192,90176
12193,90176
12194,90176
12195,90176
12196,90176
12197,90176
12198,90176
12199,90176
12200,90176
12201,90176
12202,90176
12203,90176
12204,90176
12205,90176
12206,90176
12207,90176
12208,90176
12209,90176
12210,90176
12211,90176
12212,90176
12213,90176
12214,90176
12215,90176
12216,90176
12217,90176
12218,90176
12219,90176
12220,90176
12221,90176
12222,90176
12223,90176
12224,90176
12225,90176
12226,90176
12227,90176
12228,90176
12229,90176
12230,90176
12231,90176
12232,90176
12233,90176
12234,90176
12235,90176
12236,90176
12237,90176
12238,90176
12239,90176
12240,90176
12241,90176
12242,90176
12243,90176
12244,90176
12245,90176
12246,90176
12247,90176
12248,90176
12249,90176
12250,90176
12251,90176
12252,90176
12253,90176
12254,90176
12255,90176
12256,90176
12257,90176
12258,90176
12259,90176
12260,90176
12261,90176
12262,90176
12263,90176
12264,90176
12265,90176
12266,90176
12267,90176
12268,90176
12269,90176
12270,90176
12271,90176
12272,90176
12273,90176
12274,90176
12275,90176
12276,90176
12277,90176
12278,90176
12279,90176
12280,90176
12281,90176
12282,90176
12283,90176
12284,90176
12285,90176
12286,90176
12287,90176
12288,90176
12289,90176
12290,90176
12291,90176
12292,90176
12293,90176
12294,90176
12295,90176
12296,90176
12297,90176
12298,90176
12299,90176
12300,90176
12301,90176
12302,90176
12303,90176
12304,90176
12305,90176
12306,90176
12307,90176
12308,90176
12309,90176
12310,90176
12311,90176
12312,90176
12313,90176
12314,90176
12315,90176
12316,90176
12317,90176
12318,90176
12319,90176
12320,90176
12321,90176
12322,90176
12323,90176
12324,90176
12325,90176
12326,90176
12327,90176
12328,90176
12329,90176
12330,90176
12331,90176
12332,90176
12333,90176
12334,90176
12335,90176
12336,90176
12337,90176
12338,90176
12339,90176
12340,90176
12341,90176
12342,90176
12343,90176
12344,90176
12345,90176
12346,90176
12347,90176
12348,90176
12349,90176
12350,90176
12351,90176
12352,90176
12353,90176
12354,90176
12355,90176
12356,90176
12357,90176
12358,90176
12359,90176
12360,90176
12361,90176
12362,90176
12363,90176
12364,90176
12365,90176
12366,90176
12367,90176
12368,90176
12369,90176
12370,90176
12371,90176
12372,90176
12373,90176
12374,90176
12375,90176
12376,90176
12377,90176
12378,90176
12379,90176
12380,90176
12381,90176
12382,90176
12383,90176
12384,90176
12385,90176
12386,90176
12387,90176
12388,90176
12389,90176
12390,90176
12391,90176
12392,90176
12393,90176
12394,90176
12395,90176
12396,90176
12397,90176
12398,90176
12399,90176
12400,90176
12401,90176
12402,90176
12403,90176
12404,90176
12405,90176
12406,90176
12407,90176
12408,90176
12409,90176
12410,90176
12411,90176
12412,90176
12413,90176
12414,90176
12415,90176
12416,90176
12417,90176
12418,90176
12419,90176
12420,90176
12421,90176
12422,90176
12423,90176
12424,90176
12425,90176
12426,90176
12427,90176
12428,90176
12429,90176
12430,90176
12431,90176
12432,90176
12433,90176
12434,90176
12435,90176
12436,90176
12437,90176
12438,90176
12439,90176
12440,90176
12441,90176
12442,90176
12443,90176
12444,90176
12445,90176
12446,90176
12447,90176
12448,90176
12449,90176
12450,90176
12451,90176
12452,90176
12453,90176
12454,90176
12455,90176
12456,90176
12457,90176
12458,90176
12459,90176
12460,90176
12461,90176
12462,90176
12463,90176
12464,90176
12465,90176
12466,90176
12467,90176
12468,90176
12469,90176
12470,90176
12471,90176
12472,90176
12473,90176
12474,90176
12475,90176
12476,90176
12477,90176
12478,90176
12479,90176
12480,90176
12481,90176
12482,90176
12483,90176
12484,90176
12485,90176
12486,90176
12487,90176
12488,90176
12489,90176
12490,90176
12491,90176
12492,90176
12493,90176
12494,90176
12495,90176
12496,90176
12497,90176
12498,90176
12499,90176
12500,90176
12501,90176
12502,90176
12503,90176
12504,90176
12505,90176
12506,90176
12507,90176
12508,90176
12509,90176
12510,90176
12511,90176
12512,90176
12513,90176
12514,90176
12515,90176
12516,90176
12517,90176
12518,90176
12519,90176
12520,90176
12521,90176
12522,90176
12523,90176
12524,90176
12525,90176
12526,90176
12527,90176
12528,90176
12529,90176
12530,90176
12531,90176
12532,90176
12533,90176
12534,90176
12535,90176
12536,90176
12537,90175
12538,90174
12539,90172
12540,90170
12541,90169
12542,90167
12543,90165
12544,90163
12545,90161
12546,90159
12547,90156
12548,90153
12549,90150
12550,90147
12551,90144
12552,90141
12553,90138
12554,90135
12555,90132
12556,90129
12557,90126
12558,90123
12559,90120
12560,90116
12561,90113
12562,90109
12563,90105
12564,90100
12565,90096
12566,90092
12567,90088
12568,90084
12569,90080
12570,90076
12571,90072
12572,90068
12573,90064
12574,90059
12575,90054
12576,90049
12577,90044
12578,90039
12579,90034
12580,90029
12581,90024
12582,90019
12583,90014
12584,90008
12585,90003
12586,89997
12587,89992
12588,89986
12589,89980
12590,89975
12591,89969
12592,89963
12593,89957
12594,89950
12595,89944
12596,89938
12597,89932
12598,89926
12599,89920
12600,89914
12601,89907
12602,89901
12603,89895
12604,89887
12605,89881
12606,89875
12607,89868
12608,89862
12609,89856
12610,89850
12611,89843
12612,89836
12613,89829
12614,89821
12615,89814
12616,89807
12617,89800
12618,89793
12619,89786
12620,89779
12621,89772
12622,89765
12623,89757
12624,89748
12625,89741
12626,89734
12627,89726
12628,89718
12629,89711
12630,89703
12631,89696
12632,89688
12633,89681
12634,89671
12635,89663
12636,89655
12637,89647
12638,89639
12639,89631
12640,89623
12641,89615
12642,89607
12643,89599
12644,89589
12645,89581
12646,89573
12647,89565
12648,89557
12649,89548
12650,89540
12651,89531
12652,89523
12653,89515
12654,89504
12655,89496
12656,89487
12657,89479
12658,89470
12659,89461
12660,89452
12661,89443
12662,89434
12663,89425
12664,89414
12665,89405
12666,89396
12667,89387
12668,89378
12669,89369
12670,89360
12671,89351
12672,89342
12673,89333
12674,89321
12675,89312
12676,89303
12677,89293
12678,89283
12679,89273
12680,89263
12681,89253
12682,89242
12683,89232
12684,89217
12685,89206
12686,89194
12687,89182
12688,89170
12689,89159
12690,89147
12691,89136
12692,89124
12693,89111
12694,89095
12695,89082
12696,89070
12697,89057
12698,89045
12699,89031
12700,89019
12701,89007
12702,88994
12703,88980
12704,88964
12705,88950
12706,88938
12707,88925
12708,88912
12709,88897
12710,88884
12711,88870
12712,88858
12713,88844
12714,88827
12715,88812
12716,88798
12717,88784
12718,88769
12719,88755
12720,88742
12721,88727
12722,88713
12723,88699
12724,88681
12725,88667
12726,88651
12727,88635
12728,88621
12729,88606
12730,88591
12731,88575
12732,88560
12733,88545
12734,88525
12735,88509
12736,88494
12737,88477
12738,88462
12739,88445
12740,88429
12741,88413
12742,88398
12743,88381
12744,88363
12745,88348
12746,88332
12747,88316
12748,88301
12749,88285
12750,88268
12751,88252
12752,88237
12753,88221
12754,88200
12755,88185
12756,88167
12757,88151
12758,88133
12759,88115
12760,88097
12761,88082
12762,88065
12763,88048
12764,88026
12765,88011
12766,87917
12767,87819
12768,87710
12769,87592
12770,87469
12771,87339
12772,87206
12773,87071
12774,86915
12775,86764
12776,86610
12777,86448
12778,86281
12779,86113
12780,85941
12781,85770
12782,85590
12783,85408
12784,85193
12785,84993
12786,84794
12787,84587
12788,84382
12789,84170
12790,83950
12791,83726
12792,83496
12793,83270
12794,83015
12795,82783
12796,82548
12797,82307
12798,82062
12799,81810
12800,81558
12801,81298
12802,81035
12803,80774
12804,80458
12805,80181
12806,79901
12807,79619
12808,79331
12809,79032
12810,78733
12811,78435
12812,78130
12813,77821
12814,77456
12815,77137
12816,76816
12817,76490
12818,76168
12819,75838
12820,75512
12821,75180
12822,74853
12823,74523
12824,74114
12825,73765
12826,73408
12827,73040
12828,72671
12829,72301
12830,71937
12831,71554
12832,71178
12833,70812
12834,70342
12835,69969
12836,69582
12837,69187
12838,68790
12839,68394
12840,67996
12841,67599
12842,67207
12843,66805
12844,66313
12845,65929
12846,65544
12847,65173
12848,64804
12849,64440
12850,64085
12851,63721
12852,63356
12853,62998
12854,62569
12855,62208
12856,61865
12857,61515
12858,61171
12859,60830
12860,60493
12861,60141
12862,59799
12863,59464
12864,59044
12865,58723
12866,58432
12867,58108
12868,57793
12869,57475
12870,57168
12871,56866
12872,56588
12873,56285
12874,55925
12875,55650
12876,55374
12877,55092
12878,54833
12879,54566
12880,54319
12881,54072
12882,53827
12883,53599
12884,53314
12885,53083
12886,52872
12887,52662
12888,52462
12889,52267
12890,52085
12891,51908
12892,51729
12893,51555
12894,51348
12895,51191
12896,51034
12897,50885
12898,50740
12899,50604
12900,50472
12901,50343
12902,50223
12903,50106
12904,49959
12905,49850
12906,49745
12907,49641
12908,49541
12909,49452
12910,49354
12911,49264
12912,49176
12913,49095
12914,48994
12915,48917
12916,48839
12917,48765
12918,48689
12919,48615
12920,48539
12921,48462
12922,48387
12923,48312
12924,48238
12925,48166
12926,48090
12927,48015
12928,47941
12929,47865
12930,47793
12931,47719
12932,47647
12933,47571
12934,47495
12935,47424
12936,47360
12937,47305
12938,47251
12939,47205
12940,47158
12941,47118
12942,47082
12943,47046
12944,47010
12945,46982
12946,46957
12947,46935
12948,46914
12949,46895
12950,46879
12951,46863
12952,46848
12953,46836
12954,46822
12955,46811
12956,46802
12957,46793
12958,46785
12959,46777
12960,46771
12961,46765
12962,46759
12963,46754
12964,46749
12965,46745
12966,46741
12967,46737
12968,46734
12969,46731
12970,46729
12971,46726
12972,46724
12973,46722
12974,46720
12975,46718
12976,46716
12977,46714
12978,46712
12979,46710
12980,46708
12981,46707
12982,46707
12983,46707
12984,46707
12985,46707
12986,46707
12987,46707
12988,46707
12989,46707
12990,46707
12991,46707
12992,46707
12993,46707
12994,46707
12995,46707
12996,46707
12997,46707
12998,46707
12999,46707
13000,46707
13001,46707
13002,46707
13003,46707
13004,46707
13005,46707
13006,46707
13007,46707
13008,46707
13009,46707
13010,46707
13011,46707
13012,46707
13013,46707
13014,46707
13015,46707
13016,46707
13017,46707
13018,46707
13019,46707
13020,46707
13021,46707
13022,46707
13023,46707
13024,46707
13025,46707
13026,46707
13027,46707
13028,46707
13029,46707
13030,46707
13031,46707
13032,46707
13033,46707
13034,46707
13035,46707
13036,46707
13037,46707
13038,46707
13039,46707
13040,46707
13041,46707
13042,46707
13043,46707
13044,46707
13045,46707
13046,46707
13047,46707
13048,46707
13049,46707
13050,46707
13051,46707
13052,46707
13053,46707
13054,46707
13055,46707
13056,46707
13057,46707
13058,46707
13059,46707
13060,46707
13061,46707
13062,46707
13063,46707
13064,46707
13065,46707
13066,46707
13067,46707
13068,46707
13069,46707
13070,46707
13071,46707
13072,46707
13073,46707
13074,46707
13075,46707
13076,46707
13077,46707
13078,46707
13079,46707
13080,46707
13081,46707
13082,46707
13083,46707
13084,46707
13085,46707
13086,46707
13087,46707
13088,46707
13089,46707
13090,46707
13091,46707
13092,46707
13093,46707
13094,46707
13095,46707
13096,46707
13097,46707
13098,46707
13099,46707
13100,46707
13101,46707
13102,46707
13103,46707
13104,46707
13105,46707
13106,46707
13107,46707
13108,46707
13109,46707
13110,46707
13111,46707
13112,46707
13113,46707
13114,46707
13115,46707
13116,46707
13117,46707
13118,46707
13119,46707
13120,46707
13121,46707
13122,46707
13123,46707
13124,46707
13125,46707
13126,46707
13127,46707
13128,46707
13129,46707
13130,46707
13131,46707
13132,46707
13133,46707
13134,46707
13135,46707
13136,46707
13137,46707
13138,46707
13139,46707
13140,46707
13141,46707
13142,46707
13143,46707
13144,46707
13145,46707
13146,46707
13147,46707
13148,46707
13149,46707
13150,46707
13151,46707
13152,46707
13153,46707
13154,46707
13155,46707
13156,46707
13157,46707
13158,46707
13159,46707
13160,46707
13161,46707
13162,46707
13163,46707
13164,46707
13165,46707
13166,46707
13167,46707
13168,46707
13169,46707
13170,46707
13171,46707
13172,46707
13173,46707
13174,46707
13175,46707
13176,46707
13177,46707
13178,46707
13179,46707
13180,46707
13181,46707
13182,46707
13183,46707
13184,46707
13185,46707
13186,46707
13187,46707
13188,46707
13189,46707
13190,46707
13191,46707
13192,46707
13193,46707
13194,46707
13195,46707
13196,46707
13197,46707
13198,46707
13199,46707
13200,46707
13201,46707
13202,46707
13203,46707
13204,46707
13205,46707
13206,46707
13207,46707
13208,46707
13209,46707
13210,46707
13211,46707
13212,46707
13213,46707
13214,46707
13215,46707
13216,46707
13217,46707
13218,46707
13219,46707
13220,46707
13221,46707
13222,46707
13223,46707
13224,46707
13225,46707
13226,46707
13227,46707
13228,46707
13229,46707
13230,46707
13231,46707
13232,46707
13233,46707
13234,46707
13235,46707
13236,46707
13237,46707
13238,46707
13239,46707
13240,46707
13241,46707
13242,46707
13243,46707
13244,46707
13245,46707
13246,46707
13247,46707
13248,46707
13249,46707
13250,46707
13251,46707
13252,46707
13253,46707
13254,46707
13255,46707
13256,46707
13257,46707
13258,46707
13259,46707
13260,46707
13261,46707
13262,46707
13263,46707
13264,46707
13265,46707
13266,46707
13267,46707
13268,46707
13269,46707
13270,46707
13271,46707
13272,46707
13273,46707
13274,46707
13275,46707
13276,46707
13277,46707
13278,46707
13279,46707
13280,46707
13281,46707
13282,46707
13283,46707
13284,46707
13285,46707
13286,46707
13287,46707
13288,46707
13289,46707
13290,46707
13291,46707
13292,46707
13293,46707
13294,46707
13295,46707
13296,46707
13297,46707
13298,46707
13299,46707
13300,46707
13301,46707
13302,46707
13303,46707
13304,46707
13305,46707
13306,46707
13307,46707
13308,46707
13309,46707
13310,46707
13311,46707
13312,46707
13313,46707
13314,46707
13315,46707
13316,46707
13317,46707
13318,46707
13319,46707
13320,46707
13321,46707
13322,46707
13323,46707
13324,46707
13325,46707
13326,46707
13327,46707
13328,46707
13329,46707
13330,46707
13331,46707
13332,46707
13333,46707
13334,46707
13335,46707
13336,46136
13337,45457
13338,44697
13339,43899
13340,43078
13341,42249
13342,41374
13343,40478
13344,39589
13345,38673
13346,37765
13347,36804
13348,35822
13349,34798
13350,33740
13351,32705
13352,31685
13353,30690
13354,29707
13355,28720
13356,27821
13357,27102
13358,15095
13359,14399
13360,13718
13361,13030
13362,12359
13363,11720
13364,11087
13365,10452
13366,9823
13367,9196
13368,8589
13369,8021
13370,7471
13371,6946
13372,6430
13373,5947
13374,5457
13375,5006
13376,4560
13377,4137
13378,3733
13379,3350
13380,2988
13381,2643
13382,2305
13383,1989
13384,1692
13385,1466
13386,1270
13387,1088
13388,924
13389,801
13390,691
13391,597
13392,519
13393,458
13394,407
13395,367
13396,331
13397,296
13398,267
13399,240
13400,217
13401,193
13402,172
13403,151
13404,133
13405,114
13406,0
13407,0
13408,0
13409,0
13410,0
13411,0
13412,0
13413,0
13414,0
13415,0
13416,0
13417,0
13418,0
13419,0
13420,0
13421,0
13422,0
13423,0
13424,0
13425,0
13426,0
13427,0
13428,0
13429,0
13430,0
13431,0
13432,0
13433,0
13434,0
13435,0
13436,0
13437,0
13438,0
13439,0
13440,0
13441,0
13442,0
13443,0
13444,0
13445,0
13446,0
13447,0
13448,0
13449,0
13450,0
13451,0
13452,0
13453,0
13454,0
13455,0
13456,0
13457,0
13458,0
13459,0
13460,0
13461,0
13462,0
13463,0
13464,0
13465,0
13466,0
13467,0
13468,0
13469,0
13470,0
13471,0
13472,0
13473,0
13474,0
13475,0
13476,0
13477,0
13478,0
13479,0
13480,0
13481,0
13482,0
13483,0
13484,0
13485,0
13486,0
13487,0
13488,0
13489,0
13490,0
13491,0
13492,0
13493,0
13494,0
13495,0
13496,0
13497,0
13498,0
13499,0
13500,0
13501,0
13502,0
13503,0
13504,0
13505,0
13506,0
13507,0
13508,0
13509,0
13510,0
13511,0
13512,0
13513,0
13514,0
13515,0
13516,0
13517,0
13518,0
13519,0
13520,0
13521,0
13522,0
13523,0
13524,0
13525,0
13526,0
13527,0
13528,0
13529,0
13530,0
13531,0
13532,0
13533,0
13534,0
13535,0
13536,0
13537,0
13538,0
13539,0
13540,0
13541,0
13542,0
13543,0
13544,0
13545,0
13546,0
13547,0
13548,0
13549,0
13550,0
13551,0
13552,0
13553,0
13554,0
13555,0
13556,0
13557,0
13558,0
13559,0
13560,0
13561,0
13562,0
13563,0
13564,0
13565,0
13566,0
13567,0
13568,0
13569,0
13570,0
13571,0
13572,0
13573,0
13574,0
13575,0
13576,0
13577,0
13578,0
13579,0
13580,0
13581,0
13582,0
13583,0
13584,0
13585,0
13586,0
13587,0
13588,0
13589,0
13590,0
13591,0
13592,0
13593,0
13594,0
13595,0
13596,0
13597,0
13598,0
13599,0
13600,0
13601,0
13602,0
13603,0
13604,0
13605,0
13606,0
13607,0
13608,0
13609,0
13610,0
13611,0
13612,0
13613,0
13614,0
13615,0
13616,0
13617,0
13618,0
13619,0
13620,0
13621,0
13622,0
13623,0
13624,0
13625,0
13626,0
13627,0
13628,0
13629,0
13630,0
13631,0
13632,0
13633,0
13634,0
13635,0
13636,0
13637,0
13638,0
13639,0
13640,0
13641,0
13642,0
13643,0
13644,0
13645,0
13646,0
13647,0
13648,0
13649,0
13650,0
13651,0
13652,0
13653,0
13654,0
13655,0
13656,0
13657,0
13658,0
13659,0
13660,0
13661,0
13662,0
13663,0
13664,0
13665,0
13666,0
13667,0
13668,0
13669,0
13670,0
13671,0
13672,0
13673,0
13674,0
13675,0
13676,0
13677,0
13678,0
13679,0
13680,0
13681,0
13682,0
13683,0
13684,0
13685,0
13686,0
13687,0
13688,0
13689,0
13690,0
13691,0
13692,0
13693,0
13694,0
13695,0
13696,0
13697,0
13698,0
13699,0
13700,0
13701,0
13702,0
13703,0
13704,0
13705,0
13706,0
13707,0
13708,0
13709,0
13710,0
13711,0
13712,0
13713,0
13714,0
13715,0
13716,0
13717,0
13718,0
13719,0
13720,0
13721,0
13722,0
13723,0
13724,0
13725,0
13726,0
13727,0
13728,0
13729,0
13730,0
13731,0
13732,0
13733,0
13734,0
13735,0
13736,0
13737,0
13738,0
13739,0
13740,0
13741,0
13742,0
13743,0
13744,0
13745,0
13746,0
13747,0
13748,0
13749,0
13750,0
13751,0
13752,0
13753,0
13754,0
13755,0
13756,0
13757,0
13758,0
13759,0
13760,0
13761,0
13762,0
13763,0
13764,0
13765,0
13766,0
13767,0
13768,0
13769,0
13770,0
13771,0
13772,0
13773,0
13774,0
13775,0
13776,0
13777,0
13778,0
13779,0
13780,0
13781,0
13782,0
13783,0
13784,0
13785,0
13786,0
13787,0
13788,0
13789,0
13790,0
13791,0
13792,0
13793,0
13794,0
13795,0
13796,0
13797,0
13798,0
13799,0
13800,0
13801,0
13802,0
13803,0
13804,0
13805,0
13806,0
13807,0
13808,0
13809,0
13810,0
13811,0
13812,0
13813,0
13814,0
13815,0
13816,0
13817,0
13818,0
13819,0
13820,0
13821,0
13822,0
13823,0
13824,0
13825,0
13826,0
13827,0
13828,0
13829,0
13830,0
13831,0
13832,0
13833,0
13834,0
13835,0
13836,0
13837,0
13838,0
13839,0
13840,0
13841,0
13842,0
13843,0
13844,0
13845,0
13846,0
13847,0
13848,0
13849,0
13850,0
13851,0
13852,0
13853,0
13854,0
13855,0
13856,0
13857,0
13858,0
13859,0
13860,0
13861,0
13862,0
13863,0
13864,0
13865,0
13866,0
13867,0
13868,0
13869,0
13870,0
13871,0
13872,0
13873,0
13874,0
13875,0
13876,0
13877,0
13878,0
13879,0
13880,0
13881,0
13882,0
13883,0
13884,0
13885,0
13886,0
13887,0
13888,0
13889,0
13890,0
13891,0
13892,0
13893,0
13894,0
13895,0
13896,0
13897,0
13898,0
13899,0
13900,0
13901,0
13902,0
13903,0
13904,0
13905,0
13906,0
13907,0
13908,0
13909,0
13910,0
13911,0
13912,0
13913,0
13914,0
13915,0
13916,0
13917,0
13918,0
13919,0
13920,0
13921,0
13922,0
13923,0
13924,0
13925,0
13926,0
13927,0
13928,0
13929,0
13930,0
13931,0
13932,0
13933,0
13934,0
13935,0
13936,0
13937,0
13938,0
13939,0
13940,0
13941,0
13942,0
13943,0
13944,0
13945,0
13946,0
13947,0
13948,0
13949,0
13950,0
13951,0
13952,0
13953,0
13954,0
13955,0
13956,0
13957,0
13958,0
13959,0
13960,0
13961,0
13962,0
13963,0
13964,0
13965,0
13966,0
13967,0
13968,0
13969,0
13970,0
13971,0
13972,0
13973,0
13974,0
13975,0
13976,0
13977,0
13978,0
13979,0
13980,0
13981,0
13982,0
13983,0
13984,0
13985,0
13986,0
13987,0
13988,0
13989,0
13990,0
13991,0
13992,0
13993,0
13994,0
13995,0
13996,0
13997,0
13998,0
13999,0
14000,0
14001,0
14002,0
14003,0
14004,0
14005,0
14006,0
14007,0
14008,0
14009,0
14010,0
14011,0
14012,0
14013,0
14014,0
14015,0
14016,0
14017,0
14018,0
14019,0
14020,0
14021,0
14022,0
14023,0
14024,0
14025,0
14026,0
14027,0
14028,0
14029,0
14030,0
14031,0
14032,0
14033,0
14034,0
14035,0
14036,0
14037,0
14038,0
14039,0
14040,0
14041,0
14042,0
14043,0
14044,0
14045,0
14046,0
14047,0
14048,0
14049,0
14050,0
14051,0
14052,0
14053,0
14054,0
14055,0
14056,0
14057,0
14058,0
14059,0
14060,0
14061,0
14062,0
14063,0
14064,0
14065,0
14066,0
14067,0
14068,0
14069,0
14070,0
14071,0
14072,0
14073,0
14074,0
14075,0
14076,0
14077,0
14078,0
14079,0
14080,0
14081,0
14082,0
14083,0
14084,0
14085,0
14086,0
14087,0
14088,0
14089,0
14090,0
14091,0
14092,0
14093,0
14094,0
14095,0
14096,0
14097,0
14098,0
14099,0
14100,0
14101,0
14102,0
14103,0
14104,0
14105,0
14106,0
14107,0
14108,0
14109,0
14110,0
14111,0
14112,0
14113,0
14114,0
14115,0
14116,0
14117,0
14118,0
14119,0
14120,0
14121,0
14122,0
14123,0
14124,0
14125,0
14126,0
14127,0
14128,0
14129,0
14130,0
14131,0
14132,0
14133,0
14134,0
14135,0
14136,0
14137,0
14138,0
14139,0
14140,0
14141,0
14142,0
14143,0
14144,0
14145,0
14146,0
14147,0
14148,0
14149,0
14150,0
14151,0
14152,0
14153,0
14154,0
14155,0
14156,0
14157,0
14158,0
14159,0
14160,0
14161,0
14162,0
14163,0
14164,0
14165,0
14166,0
14167,0
14168,0
14169,0
14170,0
14171,0
14172,0
14173,0
14174,0
14175,0
14176,0
14177,0
14178,0
14179,0
14180,0
14181,0
14182,0
14183,0
14184,0
14185,0
14186,0
14187,0
14188,0
14189,0
14190,0
14191,0
14192,0
14193,0
14194,0
14195,0
14196,0
14197,0
14198,0
14199,0
14200,0
14201,0
14202,0
14203,0
14204,0
14205,0
14206,0
14207,0
14208,0
14209,0
14210,0
14211,0
14212,0
14213,0
14214,0
14215,0
14216,0
14217,0
14218,0
14219,0
14220,0
14221,0
14222,0
14223,0
14224,0
14225,0
14226,0
14227,0
14228,0
14229,0
14230,0
14231,0
14232,0
14233,0
14234,0
14235,0
14236,0
14237,0
14238,0
14239,0
14240,0
14241,0
14242,0
14243,0
14244,0
14245,0
14246,0
14247,0
14248,0
14249,0
14250,0
14251,0
14252,0
14253,0
14254,0
14255,0
14256,0
14257,0
14258,0
14259,0
14260,0
14261,0
14262,0
14263,0
14264,0
14265,0
14266,0
14267,0
14268,0
14269,0
14270,0
14271,0
14272,0
14273,0
14274,0
14275,0
14276,0
14277,0
14278,0
14279,0
14280,0
14281,0
14282,0
14283,0
14284,0
14285,0
14286,0
14287,0
14288,0
14289,0
14290,0
14291,0
14292,0
14293,0
14294,0
14295,0
14296,0
14297,0
14298,0
14299,0
14300,0
14301,0
14302,0
14303,0
14304,0
14305,0
14306,0
14307,0
14308,0
14309,0
14310,0
14311,0
14312,0
14313,0
14314,0
14315,0
14316,0
14317,0
14318,0
14319,0
14320,0
14321,0
14322,0
14323,0
14324,0
14325,0
14326,0
14327,0
14328,0
14329,0
14330,0
14331,0
14332,0
14333,0
14334,0
14335,0
14336,0
14337,0
14338,0
14339,0
14340,0
14341,0
14342,0
14343,0
14344,0
14345,0
14346,0
14347,0
14348,0
14349,0
14350,0
14351,0
14352,0
14353,0
14354,0
14355,0
14356,0
14357,0
14358,0
14359,0
14360,0
14361,0
14362,0
14363,0
14364,0
14365,0
14366,0
14367,0
14368,0
14369,0
14370,0
14371,0
14372,0
14373,0
14374,0
14375,0
14376,0
14377,0
14378,0
14379,0
14380,0
14381,0
14382,0
14383,0
14384,0
14385,0
14386,0
14387,0
14388,0
14389,0
14390,0
14391,0
14392,0
14393,0
14394,0
14395,0
14396,0
14397,0
14398,0
14399,0
14400,0
14401,0
14402,0
14403,0
14404,0
14405,0
14406,0
14407,0
14408,0
14409,0
14410,0
14411,0
14412,0
14413,0
14414,0
14415,0
14416,0
14417,0
14418,0
14419,0
14420,0
14421,0
14422,0
14423,0
14424,0
14425,0
14426,0
14427,0
14428,0
14429,0
14430,0
14431,0
14432,0
14433,0
14434,0
14435,0
14436,0
14437,0
14438,0
14439,0
14440,0
14441,0
14442,0
14443,0
14444,0
14445,0
14446,0
14447,0
14448,0
14449,0
14450,0
14451,0
14452,0
14453,0
14454,0
14455,0
14456,0
14457,0
14458,0
14459,0
14460,0
14461,0
14462,0
14463,0
14464,0
14465,0
14466,0
14467,0
14468,0
14469,0
14470,0
14471,0
14472,0
14473,0
14474,0
14475,0
14476,0
14477,0
14478,0
14479,0
14480,0
14481,0
14482,0
14483,0
14484,0
14485,0
14486,0
14487,0
14488,0
14489,0
14490,0
14491,0
14492,0
14493,0
14494,0
14495,0
14496,0
14497,0
14498,0
14499,0
14500,0
14501,0
14502,0
14503,0
14504,0
14505,0
14506,0
14507,0
14508,0
14509,0
14510,0
14511,0
14512,0
14513,0
14514,0
14515,0
14516,0
14517,0
14518,0
14519,0
14520,0
14521,0
14522,0
14523,0
14524,0
14525,0
14526,0
14527,0
14528,0
14529,0
14530,0
14531,0
14532,0
14533,0
14534,0
14535,0
14536,0
14537,0
14538,0
14539,0
14540,0
14541,0
14542,0
14543,0
14544,0
14545,0
14546,0
14547,0
14548,0
14549,0
14550,0
14551,0
14552,0
14553,0
14554,0
14555,0
14556,0
14557,0
14558,0
14559,0
14560,0
14561,0
14562,0
14563,0
14564,0
14565,0
14566,0
14567,0
14568,0
14569,0
14570,0
14571,0
14572,0
14573,0
14574,0
14575,0
14576,0
14577,0
14578,0
14579,0
14580,0
14581,0
14582,0
14583,0
14584,0
14585,0
14586,0
14587,0
14588,0
14589,0
14590,0
14591,0
14592,0
14593,0
14594,0
14595,0
14596,0
14597,0
14598,0
14599,0
14600,0
14601,0
14602,0
14603,0
14604,0
14605,0
14606,0
14607,0
14608,0
14609,0
14610,0
14611,0
14612,0
14613,0
14614,0
14615,0
14616,0
14617,0
14618,0
14619,0
14620,0
14621,0
14622,0
14623,0
14624,0
14625,0
14626,0
14627,0
14628,0
14629,0
14630,0
14631,0
14632,0
14633,0
14634,0
14635,0
14636,0
14637,0
14638,0
14639,0
14640,0
14641,0
14642,0
14643,0
14644,0
14645,0
14646,0
14647,0
14648,0
14649,0
14650,0
14651,0
14652,0
14653,0
14654,0
14655,0
14656,0
14657,0
14658,0
14659,0
14660,0
14661,0
14662,0
14663,0
14664,0
14665,0
14666,0
14667,0
14668,0
14669,0
14670,0
14671,0
14672,0
14673,0
14674,0
14675,0
14676,0
14677,0
14678,0
14679,0
14680,0
14681,0
14682,0
14683,0
14684,0
14685,0
14686,0
14687,0
14688,0
14689,0
14690,0
14691,0
14692,0
14693,0
14694,0
14695,0
14696,0
14697,0
14698,0
14699,0
14700,0
14701,0
14702,0
14703,0
14704,0
14705,0
14706,0
14707,0
14708,0
14709,0
14710,0
14711,0
14712,0
14713,0
14714,0
14715,0
14716,0
14717,0
14718,0
14719,0
14720,0
14721,0
14722,0
14723,0
14724,0
14725,0
14726,0
14727,0
14728,0
14729,0
14730,0
14731,0
14732,0
14733,0
14734,0
14735,0
14736,0
14737,0
14738,0
14739,0
14740,0
14741,0
14742,0
14743,0
14744,0
14745,0
14746,0
14747,0
14748,0
14749,0
14750,0
14751,0
14752,0
14753,0
14754,0
14755,0
14756,0
14757,0
14758,0
14759,0
14760,0
14761,0
14762,0
14763,0
14764,0
14765,0
14766,0
14767,0
14768,0
14769,0
14770,0
14771,0
14772,0
14773,0
14774,0
14775,0
14776,0
14777,0
14778,0
14779,0
14780,0
14781,0
14782,0
14783,0
14784,0
14785,0
14786,0
14787,0
14788,0
14789,0
14790,0
14791,0
14792,0
14793,0
14794,0
14795,0
14796,0
14797,0
14798,0
14799,0
14800,0
14801,0
14802,0
14803,0
14804,0
14805,0
14806,0
14807,0
14808,0
14809,0
14810,0
14811,0
14812,0
14813,0
14814,0
14815,0
14816,0
14817,0
14818,0
14819,0
14820,0
14821,0
14822,0
14823,0
14824,0
14825,0
14826,0
14827,0
14828,0
14829,0
14830,0
14831,0
14832,0
14833,0
14834,0
14835,0
14836,0
14837,0
14838,0
14839,0
14840,0
14841,0
14842,0
14843,0
14844,0
14845,0
14846,0
14847,0
14848,0
14849,0
14850,0
14851,0
14852,0
14853,0
14854,0
14855,0
14856,0
14857,0
14858,0
14859,0
14860,0
14861,0
14862,0
14863,0
14864,0
14865,0
14866,0
14867,0
14868,0
14869,0
14870,0
14871,0
14872,0
14873,0
14874,0
14875,0
14876,0
14877,0
14878,0
14879,0
14880,0
14881,0
14882,0
14883,0
14884,0
14885,0
14886,0
14887,0
14888,0
14889,0
14890,0
14891,0
14892,0
14893,0
14894,0
14895,0
14896,0
14897,0
14898,0
14899,0
14900,0
14901,0
14902,0
14903,0
14904,0
14905,0
14906,0
14907,0
14908,0
14909,0
14910,0
14911,0
14912,0
14913,0
14914,0
14915,0
14916,0
14917,0
14918,0
14919,0
14920,0
14921,0
14922,0
14923,0
14924,0
14925,0
14926,0
14927,0
14928,0
14929,0
14930,0
14931,0
14932,0
14933,0
14934,0
14935,0
14936,0
14937,0
14938,0
14939,0
14940,0
14941,0
14942,0
14943,0
14944,0
14945,0
14946,0
14947,0
14948,0
14949,0
14950,0
14951,0
14952,0
14953,0
14954,0
14955,0
14956,0
14957,0
14958,0
14959,0
14960,0
14961,0
14962,0
14963,0
14964,0
14965,0
14966,0
14967,0
14968,0
14969,0
14970,0
14971,0
14972,0
14973,0
14974,0
14975,0
14976,0
14977,0
14978,0
14979,0
14980,0
14981,0
14982,0
14983,0
14984,0
14985,0
14986,0
14987,0
14988,0
14989,0
14990,0
14991,0
14992,0
14993,0
14994,0
14995,0
14996,0
14997,0
14998,0
14999,0
15000,0
15001,0
15002,0
15003,0
15004,0
15005,0
15006,0
15007,0
15008,0
15009,0
15010,0
15011,0
15012,0
15013,0
15014,0
15015,0
15016,0
15017,0
15018,0
15019,0
15020,0
15021,0
15022,0
15023,0
15024,0
15025,0
15026,0
15027,0
15028,0
15029,0
15030,0
15031,0
15032,0
15033,0
15034,0
15035,0
15036,0
15037,0
15038,0
15039,0
15040,0
15041,0
15042,0
15043,0
15044,0
15045,0
15046,0
15047,0
15048,0
15049,0
15050,0
15051,0
15052,0
15053,0
15054,0
15055,0
15056,0
15057,0
15058,0
15059,0
15060,0
15061,0
15062,0
15063,0
15064,0
15065,0
15066,0
15067,0
15068,0
15069,0
15070,0
15071,0
15072,0
15073,0
15074,0
15075,0
15076,0
15077,0
15078,0
15079,0
15080,0
15081,0
15082,0
15083,0
15084,0
15085,0
15086,0
15087,0
15088,0
15089,0
15090,0
15091,0
15092,0
15093,0
15094,0
15095,0
15096,0
15097,0
15098,0
15099,0
15100,0
15101,0
15102,0
15103,0
15104,0
15105,0
15106,0
15107,0
15108,0
15109,0
15110,0
15111,0
15112,0
15113,0
15114,0
15115,0
15116,0
15117,0
15118,0
15119,0
15120,0
15121,0
15122,0
15123,0
15124,0
15125,0
15126,0
15127,0
15128,0
15129,0
15130,0
15131,0
15132,0
15133,0
15134,0
15135,0
15136,0
15137,0
15138,0
15139,0
15140,0
15141,0
15142,0
15143,0
15144,0
15145,0
15146,0
15147,0
15148,0
15149,0
15150,0
15151,0
15152,0
15153,0
15154,0
15155,0
15156,0
15157,0
15158,0
15159,0
15160,0
15161,0
15162,0
15163,0
15164,0
15165,0
15166,0
15167,0
15168,0
15169,0
15170,0
15171,0
15172,0
15173,0
15174,0
15175,0
15176,0
15177,0
15178,0
15179,0
15180,0
15181,0
15182,0
15183,0
15184,0
15185,0
15186,0
15187,0
15188,0
15189,0
15190,0
15191,0
15192,0
15193,0
15194,0
15195,0
15196,0
15197,0
15198,0
15199,0
15200,0
15201,0
15202,0
15203,0
15204,0
15205,0
15206,0
15207,0
15208,0
15209,0
15210,0
15211,0
15212,0
15213,0
15214,0
15215,0
15216,0
15217,0
15218,0
15219,0
15220,0
15221,0
15222,0
15223,0
15224,0
15225,0
15226,0
15227,0
15228,0
15229,0
15230,0
15231,0
15232,0
15233,0
15234,0
15235,0
15236,0
15237,0
15238,0
15239,0
15240,0
15241,0
15242,0
15243,0
15244,0
15245,0
15246,0
15247,0
15248,0
15249,0
15250,0
15251,0
15252,0
15253,0
15254,0
15255,0
15256,0
15257,0
15258,0
15259,0
15260,0
15261,0
15262,0
15263,0
15264,0
15265,0
15266,0
15267,0
15268,0
15269,0
15270,0
15271,0
15272,0
15273,0
15274,0
15275,0
15276,0
15277,0
15278,0
15279,0
15280,0
15281,0
15282,0
15283,0
15284,0
15285,0
15286,0
15287,0
15288,0
15289,0
15290,0
15291,0
15292,0
15293,0
15294,0
15295,0
15296,0
15297,0
15298,0
15299,0
15300,0
15301,0
15302,0
15303,0
15304,0
15305,0
15306,0
15307,0
15308,0
15309,0
15310,0
15311,0
15312,0
15313,0
15314,0
15315,0
15316,0
15317,0
15318,0
15319,0
15320,0
15321,0
15322,0
15323,0
15324,0
15325,0
15326,0
15327,0
15328,0
15329,0
15330,0
15331,0
15332,0
15333,0
15334,0
15335,0
15336,0
15337,0
15338,0
15339,0
15340,0
15341,0
15342,0
15343,0
15344,0
15345,0
15346,0
15347,0
15348,0
15349,0
15350,0
15351,0
15352,0
15353,0
15354,0
15355,0
15356,0
15357,0
15358,0
15359,0
15360,0
15361,0
15362,0
15363,0
15364,0
15365,0
15366,0
15367,0
15368,0
15369,0
15370,0
15371,0
15372,0
15373,0
15374,0
15375,0
15376,0
15377,0
15378,0
15379,0
15380,0
15381,0
15382,0
15383,0
15384,0
15385,0
15386,0
15387,0
15388,0
15389,0
15390,0
15391,0
15392,0
15393,0
15394,0
15395,0
15396,0
15397,0
15398,0
15399,0
15400,0
15401,0
15402,0
15403,0
15404,0
15405,0
15406,0
15407,0
15408,0
15409,0
15410,0
15411,0
15412,0
15413,0
15414,0
15415,0
15416,0
15417,0
15418,0
15419,0
15420,0
15421,0
15422,0
15423,0
15424,0
15425,0
15426,0
15427,0
15428,0
15429,0
15430,0
15431,0
15432,0
15433,0
15434,0
15435,0
15436,0
15437,0
15438,0
15439,0
15440,0
15441,0
15442,0
15443,0
15444,0
15445,0
15446,0
15447,0
15448,0
15449,0
15450,0
15451,0
15452,0
15453,0
15454,0
15455,0
15456,0
15457,0
15458,0
15459,0
15460,0
15461,0
15462,0
15463,0
15464,0
15465,0
15466,0
15467,0
15468,0
15469,0
15470,0
15471,0
15472,0
15473,0
15474,0
15475,0
15476,0
15477,0
15478,0
15479,0
15480,0
15481,0
15482,0
15483,0
15484,0
15485,0
15486,0
15487,0
15488,0
15489,0
15490,0
15491,0
15492,0
15493,0
15494,0
15495,0
15496,0
15497,0
15498,0
15499,0
15500,0
15501,0
15502,0
15503,0
15504,0
15505,0
15506,0
15507,0
15508,0
15509,0
15510,0
15511,0
15512,0
15513,0
15514,0
15515,0
15516,0
15517,0
15518,0
15519,0
15520,0
15521,0
15522,0
15523,0
15524,0
15525,0
15526,0
15527,0
15528,0
15529,0
15530,0
15531,0
15532,0
15533,0
15534,0
15535,0
15536,0
15537,0
15538,0
15539,0
15540,0
15541,0
15542,0
15543,0
15544,0
15545,0
15546,0
15547,0
15548,0
15549,0
15550,0
15551,0
15552,0
15553,0
15554,0
15555,0
15556,0
15557,0
15558,0
15559,0
15560,0
15561,0
15562,0
15563,0
15564,0
15565,0
15566,0
15567,0
15568,0
15569,0
15570,0
15571,0
15572,0
15573,0
15574,0
15575,0
15576,0
15577,0
15578,0
15579,0
15580,0
15581,0
15582,0
15583,0
15584,0
15585,0
15586,0
15587,0
15588,0
15589,0
15590,0
15591,0
15592,0
15593,0
15594,0
15595,0
15596,0
15597,0
15598,0
15599,0
15600,0
15601,0
15602,0
15603,0
15604,0
15605,0
15606,0
15607,0
15608,0
15609,0
15610,0
15611,0
15612,0
15613,0
15614,0
15615,0
15616,0
15617,0
15618,0
15619,0
15620,0
15621,0
15622,0
15623,0
15624,0
15625,0
15626,0
15627,0
15628,0
15629,0
15630,0
15631,0
15632,0
15633,0
15634,0
15635,0
15636,0
15637,0
15638,0
15639,0
15640,0
15641,0
15642,0
15643,0
15644,0
15645,0
15646,0
15647,0
15648,0
15649,0
15650,0
15651,0
15652,0
15653,0
15654,0
15655,0
15656,0
15657,0
15658,0
15659,0
15660,0
15661,0
15662,0
15663,0
15664,0
15665,0
15666,0
15667,0
15668,0
15669,0
15670,0
15671,0
15672,0
15673,0
15674,0
15675,0
15676,0
15677,0
15678,0
15679,0
15680,0
15681,0
15682,0
15683,0
15684,0
15685,0
15686,0
15687,0
15688,0
15689,0
15690,0
15691,0
15692,0
15693,0
15694,0
15695,0
15696,0
15697,0
15698,0
15699,0
15700,0
15701,0
15702,0
15703,0
15704,0
15705,0
15706,0
15707,0
15708,0
15709,0
15710,0
15711,0
15712,0
15713,0
15714,0
15715,0
15716,0
15717,0
15718,0
15719,0
15720,0
15721,0
15722,0
15723,0
15724,0
15725,0
15726,0
15727,0
15728,0
15729,0
15730,0
15731,0
15732,0
15733,0
15734,0
15735,0
15736,0
15737,0
15738,0
15739,0
15740,0
15741,0
15742,0
15743,0
15744,0
15745,0
15746,0
15747,0
15748,0
15749,0
15750,0
15751,0
15752,0
15753,0
15754,0
15755,0
15756,0
15757,0
15758,0
15759,0
15760,0
15761,0
15762,0
15763,0
15764,0
15765,0
15766,0
15767,0
15768,0
15769,0
15770,0
15771,0
15772,0
15773,0
15774,0
15775,0
15776,0
15777,0
15778,0
15779,0
15780,0
15781,0
15782,0
15783,0
15784,0
15785,0
15786,0
15787,0
15788,0
15789,0
15790,0
15791,0
15792,0
15793,0
15794,0
15795,0
15796,0
15797,0
15798,0
15799,0
15800,0
15801,0
15802,0
15803,0
15804,0
15805,0
15806,0
15807,0
15808,0
15809,0
15810,0
15811,0
15812,0
15813,0
15814,0
15815,0
15816,0
15817,0
15818,0
15819,0
15820,0
15821,0
15822,0
15823,0
15824,0
15825,0
15826,0
15827,0
15828,0
15829,0
15830,0
15831,0
15832,0
15833,0
15834,0
15835,0
15836,0
15837,0
15838,0
15839,0
15840,0
15841,0
15842,0
15843,0
15844,0
15845,0
15846,0
15847,0
15848,0
15849,0
15850,0
15851,0
15852,0
15853,0
15854,0
15855,0
15856,0
15857,0
15858,0
15859,0
15860,0
15861,0
15862,0
15863,0
15864,0
15865,0
15866,0
15867,0
15868,0
15869,0
15870,0
15871,0
15872,0
15873,0
15874,0
15875,0
15876,0
15877,0
15878,0
15879,0
15880,0
15881,0
15882,0
15883,0
15884,0
15885,0
15886,0
15887,0
15888,0
15889,0
15890,0
15891,0
15892,0
15893,0
15894,0
15895,0
15896,0
15897,0
15898,0
15899,0
15900,0
15901,0
15902,0
15903,0
15904,0
15905,0
15906,0
15907,0
15908,0
15909,0
15910,0
15911,0
15912,0
15913,0
15914,0
15915,0
15916,0
15917,0
15918,0
15919,0
15920,0
15921,0
15922,0
15923,0
15924,0
15925,0
15926,0
15927,0
15928,0
15929,0
15930,0
15931,0
15932,0
15933,0
15934,0
15935,0
15936,0
15937,0
15938,0
15939,0
15940,0
15941,0
15942,0
15943,0
15944,0
15945,0
15946,0
15947,0
15948,0
15949,0
15950,0
15951,0
15952,0
15953,0
15954,0
15955,0
15956,0
15957,0
15958,0
15959,0
15960,0
15961,0
15962,0
15963,0
15964,0
15965,0
15966,0
15967,0
15968,0
15969,0
15970,0
15971,0
15972,0
15973,0
15974,0
15975,0
15976,0
15977,0
15978,0
15979,0
15980,0
15981,0
15982,0
15983,0
15984,0
15985,0
15986,0
15987,0
15988,0
15989,0
15990,0
15991,0
15992,0
15993,0
15994,0
15995,0
15996,0
15997,0
15998,0
15999,0
16000,0
16001,0
16002,0
16003,0
16004,0
16005,0
16006,0
16007,0
16008,0
16009,0
16010,0
16011,0
16012,0
16013,0
16014,0
16015,0
16016,0
16017,0
16018,0
16019,0
16020,0
16021,0
16022,0
16023,0
16024,0
16025,0
16026,0
16027,0
16028,0
16029,0
16030,0
16031,0
16032,0
16033,0
16034,0
16035,0
16036,0
16037,0
16038,0
16039,0
16040,0
16041,0
16042,0
16043,0
16044,0
16045,0
16046,0
16047,0
16048,0
16049,0
16050,0
16051,0
16052,0
16053,0
16054,0
16055,0
16056,0
16057,0
16058,0
16059,0
16060,0
16061,0
16062,0
16063,0
16064,0
16065,0
16066,0
16067,0
16068,0
16069,0
16070,0
16071,0
16072,0
16073,0
16074,0
16075,0
16076,0
16077,0
16078,0
16079,0
16080,0
16081,0
16082,0
16083,0
16084,0
16085,0
16086,0
16087,0
16088,0
16089,0
16090,0
16091,0
16092,0
16093,0
16094,0
16095,0
16096,0
16097,0
16098,0
16099,0
16100,0
16101,0
16102,0
16103,0
16104,0
16105,0
16106,0
16107,0
16108,0
16109,0
16110,0
16111,0
16112,0
16113,0
16114,0
16115,0
16116,0
16117,0
16118,0
16119,0
16120,0
16121,0
16122,0
16123,0
16124,0
16125,0
16126,0
16127,0
16128,0
16129,0
16130,0
16131,0
16132,0
16133,0
16134,0
16135,0
16136,0
16137,0
16138,0
16139,0
16140,0
16141,0
16142,0
16143,0
16144,0
16145,0
16146,0
16147,0
16148,0
16149,0
16150,0
16151,0
16152,0
16153,0
16154,0
16155,0
16156,0
16157,0
16158,0
16159,0
16160,0
16161,0
16162,0
16163,0
16164,0
16165,0
16166,0
16167,0
16168,0
16169,0
16170,0
16171,0
16172,0
16173,0
16174,0
16175,0
16176,0
16177,0
16178,0
16179,0
16180,0
16181,0
16182,0
16183,0
16184,0
16185,0
16186,0
16187,0
16188,0
16189,0
16190,0
16191,0
16192,0
16193,0
16194,0
16195,0
16196,0
16197,0
16198,0
16199,0
16200,0
16201,0
16202,0
16203,0
16204,0
16205,0
16206,0
16207,0
16208,0
16209,0
16210,0
16211,0
16212,0
16213,0
16214,0
16215,0
16216,0
16217,0
16218,0
16219,0
16220,0
16221,0
16222,0
16223,0
16224,0
16225,0
16226,0
16227,0
16228,0
16229,0
16230,0
16231,0
16232,0
16233,0
16234,0
16235,0
16236,0
16237,0
16238,0
16239,0
16240,0
16241,0
16242,0
16243,0
16244,0
16245,0
16246,0
16247,0
16248,0
16249,0
16250,0
16251,0
16252,0
16253,0
16254,0
16255,0
16256,0
16257,0
16258,0
16259,0
16260,0
16261,0
16262,0
16263,0
16264,0
16265,0
16266,0
16267,0
16268,0
16269,0
16270,0
16271,0
16272,0
16273,0
16274,0
16275,0
16276,0
16277,0
16278,0
16279,0
16280,0
16281,0
16282,0
16283,0
16284,0
16285,0
16286,0
16287,0
16288,0
16289,0
16290,0
16291,0
16292,0
16293,0
16294,0
16295,0
16296,0
16297,0
16298,0
16299,0
16300,0
16301,0
16302,0
16303,0
16304,0
16305,0
16306,0
16307,0
16308,0
16309,0
16310,0
16311,0
16312,0
16313,0
16314,0
16315,0
16316,0
16317,0
16318,0
16319,0
16320,0
16321,0
16322,0
16323,0
16324,0
16325,0
16326,0
16327,0
16328,0
16329,0
16330,0
16331,0
16332,0
16333,0
16334,0
16335,0
16336,0
16337,0
16338,0
16339,0
16340,0
16341,0
16342,0
16343,0
16344,0
16345,0
16346,0
16347,0
16348,0
16349,0
16350,0
16351,0
16352,0
16353,0
16354,0
16355,0
16356,0
16357,0
16358,0
16359,0
16360,0
16361,0
16362,0
16363,0
16364,0
16365,0
16366,0
16367,0
16368,0
16369,0
16370,0
16371,0
16372,0
16373,0
16374,0
16375,0
16376,0
16377,0
16378,0
16379,0
16380,0
16381,0
16382,0
16383,0
16384,0
16385,0
16386,0
16387,0
16388,0
16389,0
16390,0
16391,0
16392,0
16393,0
16394,0
16395,0
16396,0
16397,0
16398,0
16399,0
16400,0
16401,0
16402,0
16403,0
16404,0
16405,0
16406,0
16407,0
16408,0
16409,0
16410,0
16411,0
16412,0
16413,0
16414,0
16415,0
16416,0
16417,0
16418,0
16419,0
16420,0
16421,0
16422,0
16423,0
16424,0
16425,0
16426,0
16427,0
16428,0
16429,0
16430,0
16431,0
16432,0
16433,0
16434,0
16435,0
16436,0
16437,0
16438,0
16439,0
16440,0
16441,0
16442,0
16443,0
16444,0
16445,0
16446,0
16447,0
16448,0
16449,0
16450,0
16451,0
16452,0
16453,0
16454,0
16455,0
16456,0
16457,0
16458,0
16459,0
16460,0
16461,0
16462,0
16463,0
16464,0
16465,0
16466,0
16467,0
16468,0
16469,0
16470,0
16471,0
16472,0
16473,0
16474,0
16475,0
16476,0
16477,0
16478,0
16479,0
16480,0
16481,0
16482,0
16483,0
16484,0
16485,0
16486,0
16487,0
16488,0
16489,0
16490,0
16491,0
16492,0
16493,0
16494,0
16495,0
16496,0
16497,0
16498,0
16499,0
16500,0
16501,0
16502,0
16503,0
16504,0
16505,0
16506,0
16507,0
16508,0
16509,0
16510,0
16511,0
16512,0
16513,0
16514,0
16515,0
16516,0
16517,0
16518,0
16519,0
16520,0
16521,0
16522,0
16523,0
16524,0
16525,0
16526,0
16527,0
16528,0
16529,0
16530,0
16531,0
16532,0
16533,0
16534,0
16535,0
16536,0
16537,0
16538,0
16539,0
16540,0
16541,0
16542,0
16543,0
16544,0
16545,0
16546,0
16547,0
16548,0
16549,0
16550,0
16551,0
16552,0
16553,0
16554,0
16555,0
16556,0
16557,0
16558,0
16559,0
16560,0
16561,0
16562,0
16563,0
16564,0
16565,0
16566,0
16567,0
16568,0
16569,0
16570,0
16571,0
16572,0
16573,0
16574,0
16575,0
16576,0
16577,0
16578,0
16579,0
16580,0
16581,0
16582,0
16583,0
16584,0
16585,0
16586,0
16587,0
16588,0
16589,0
16590,0
16591,0
16592,0
16593,0
16594,0
16595,0
16596,0
16597,0
16598,0
16599,0
16600,0
16601,0
16602,0
16603,0
16604,0
16605,0
16606,0
16607,0
16608,0
16609,0
16610,0
16611,0
16612,0
16613,0
16614,0
16615,0
16616,0
16617,0
16618,0
16619,0
16620,0
16621,0
16622,0
16623,0
16624,0
16625,0
16626,0
16627,0
16628,0
16629,0
16630,0
16631,0
16632,0
16633,0
16634,0
16635,0
16636,0
16637,0
16638,0
16639,0
16640,0
16641,0
16642,0
16643,0
16644,0
16645,0
16646,0
16647,0
16648,0
16649,0
16650,0
16651,0
16652,0
16653,0
16654,0
16655,0
16656,0
16657,0
16658,0
16659,0
16660,0
16661,0
16662,0
16663,0
16664,0
16665,0
16666,0
16667,0
16668,0
16669,0
16670,0
16671,0
16672,0
16673,0
16674,0
16675,0
16676,0
16677,0
16678,0
16679,0
16680,0
16681,0
16682,0
16683,0
16684,0
16685,0
16686,0
16687,0
16688,0
16689,0
16690,0
16691,0
16692,0
16693,0
16694,0
16695,0
16696,0
16697,0
16698,0
16699,0
16700,0
16701,0
16702,0
16703,0
16704,0
16705,0
16706,0
16707,0
16708,0
16709,0
16710,0
16711,0
16712,0
16713,0
16714,0
16715,0
16716,0
16717,0
16718,0
16719,0
16720,0
16721,0
16722,0
16723,0
16724,0
16725,0
16726,0
16727,0
16728,0
16729,0
16730,0
16731,0
16732,0
16733,0
16734,0
16735,0
16736,0
16737,0
16738,0
16739,0
16740,0
16741,0
16742,0
16743,0
16744,0
16745,0
16746,0
16747,0
16748,0
16749,0
16750,0
16751,0
16752,0
16753,0
16754,0
16755,0
16756,0
16757,0
16758,0
16759,0
16760,0
16761,0
16762,0
16763,0
16764,0
16765,0
16766,0
16767,0
16768,0
16769,0
16770,0
16771,0
16772,0
16773,0
16774,0
16775,0
16776,0
16777,0
16778,0
16779,0
16780,0
16781,0
16782,0
16783,0
16784,0
16785,0
16786,0
16787,0
16788,0
16789,0
16790,0
16791,0
16792,0
16793,0
16794,0
16795,0
16796,0
16797,0
16798,0
16799,0
16800,0
16801,0
16802,0
16803,0
16804,0
16805,0
16806,0
16807,0
16808,0
16809,0
16810,0
16811,0
16812,0
16813,0
16814,0
16815,0
16816,0
16817,0
16818,0
16819,0
16820,0
16821,0
16822,0
16823,0
16824,0
16825,0
16826,0
16827,0
16828,0
16829,0
16830,0
16831,0
16832,0
16833,0
16834,0
16835,0
16836,0
16837,0
16838,0
16839,0
16840,0
16841,0
16842,0
16843,0
16844,0
16845,0
16846,0
16847,0
16848,0
16849,0
16850,0
16851,0
16852,0
16853,0
16854,0
16855,0
16856,0
16857,0
16858,0
16859,0
16860,0
16861,0
16862,0
16863,0
16864,0
16865,0
16866,0
16867,0
16868,0
16869,0
16870,0
16871,0
16872,0
16873,0
16874,0
16875,0
16876,0
16877,0
16878,0
16879,0
16880,0
16881,0
16882,0
16883,0
16884,0
16885,0
16886,0
16887,0
16888,0
16889,0
16890,0
16891,0
16892,0
16893,0
16894,0
16895,0
16896,0
16897,0
16898,0
16899,0
16900,0
16901,0
16902,0
16903,0
16904,0
16905,0
16906,0
16907,0
16908,0
16909,0
16910,0
16911,0
16912,0
16913,0
16914,0
16915,0
16916,0
16917,0
16918,0
16919,0
16920,0
16921,0
16922,0
16923,0
16924,0
16925,0
16926,0
16927,0
16928,0
16929,0
16930,0
16931,0
16932,0
16933,0
16934,0
16935,0
16936,0
16937,0
16938,0
16939,0
16940,0
16941,0
16942,0
16943,0
16944,0
16945,0
16946,0
16947,0
16948,0
16949,0
16950,0
16951,0
16952,0
16953,0
16954,0
16955,0
16956,0
16957,0
16958,0
16959,0
16960,0
16961,0
16962,0
16963,0
16964,0
16965,0
16966,0
16967,0
16968,0
16969,0
16970,0
16971,0
16972,0
16973,0
16974,0
16975,0
16976,0
16977,0
16978,0
16979,0
16980,0
16981,0
16982,0
16983,0
16984,0
16985,0
16986,0
16987,0
16988,0
16989,0
16990,0
16991,0
16992,0
16993,0
16994,0
16995,0
16996,0
16997,0
16998,0
16999,0
17000,0
17001,0
17002,0
17003,0
17004,0
17005,0
17006,0
17007,0
17008,0
17009,0
17010,0
17011,0
17012,0
17013,0
17014,0
17015,0
17016,0
17017,0
17018,0
17019,0
17020,0
17021,0
17022,0
17023,0
17024,0
17025,0
17026,0
17027,0
17028,0
17029,0
17030,0
17031,0
17032,0
17033,0
17034,0
17035,0
17036,0
17037,0
17038,0
17039,0
17040,0
17041,0
17042,0
17043,0
17044,0
17045,0
17046,0
17047,0
17048,0
17049,0
17050,0
17051,0
17052,0
17053,0
17054,0
17055,0
17056,0
17057,0
17058,0
17059,0
17060,0
17061,0
17062,0
17063,0
17064,0
17065,0
17066,0
17067,0
17068,0
17069,0
17070,0
17071,0
17072,0
17073,0
17074,0
17075,0
17076,0
17077,0
17078,0
17079,0
17080,0
17081,0
17082,0
17083,0
17084,0
17085,0
17086,0
17087,0
17088,0
17089,0
17090,0
17091,0
17092,0
17093,0
17094,0
17095,0
17096,0
17097,0
17098,0
17099,0
17100,0
17101,0
17102,0
17103,0
17104,0
17105,0
17106,0
17107,0
17108,0
17109,0
17110,0
17111,0
17112,0
17113,0
17114,0
17115,0
17116,0
17117,0
17118,0
17119,0
17120,0
17121,0
17122,0
17123,0
17124,0
17125,0
17126,0
17127,0
17128,0
17129,0
17130,0
17131,0
17132,0
17133,0
17134,0
17135,0
17136,0
17137,0
17138,0
17139,0
17140,0
17141,0
17142,0
17143,0
17144,0
17145,0
17146,0
17147,0
17148,0
17149,0
17150,0
17151,0
17152,0
17153,0
17154,0
17155,0
17156,0
17157,0
17158,0
17159,0
17160,0
17161,0
17162,0
17163,0
17164,0
17165,0
17166,0
17167,0
17168,0
17169,0
17170,0
17171,0
17172,0
17173,0
17174,0
17175,0
17176,0
17177,0
17178,0
17179,0
17180,0
17181,0
17182,0
17183,0
17184,0
17185,0
17186,0
17187,0
17188,0
17189,0
17190,0
17191,0
17192,0
17193,0
17194,0
17195,0
17196,0
17197,0
17198,0
17199,0
17200,0
17201,0
17202,0
17203,0
17204,0
17205,0
17206,0
17207,0
17208,0
17209,0
17210,0
17211,0
17212,0
17213,0
17214,0
17215,0
17216,0
17217,0
17218,0
17219,0
17220,0
17221,0
17222,0
17223,0
17224,0
17225,0
17226,0
17227,0
17228,0
17229,0
17230,0
17231,0
17232,0
17233,0
17234,0
17235,0
17236,0
17237,0
17238,0
17239,0
17240,0
17241,0
17242,0
17243,0
17244,0
17245,0
17246,0
17247,0
17248,0
17249,0
17250,0
17251,0
17252,0
17253,0
17254,0
17255,0
17256,0
17257,0
17258,0
17259,0
17260,0
17261,0
17262,0
17263,0
17264,0
17265,0
17266,0
17267,0
17268,0
17269,0
17270,0
17271,0
17272,0
17273,0
17274,0
17275,0
17276,0
17277,0
17278,0
17279,0
17280,0
17281,0
17282,0
17283,0
17284,0
17285,0
17286,0
17287,0
17288,0
17289,0
17290,0
17291,0
17292,0
17293,0
17294,0
17295,0
17296,0
17297,0
17298,0
17299,0
17300,0
17301,0
17302,0
17303,0
17304,0
17305,0
17306,0
17307,0
17308,0
17309,0
17310,0
17311,0
17312,0
17313,0
17314,0
17315,0
17316,0
17317,0
17318,0
17319,0
17320,0
17321,0
17322,0
17323,0
17324,0
17325,0
17326,0
17327,0
17328,0
17329,0
17330,0
17331,0
17332,0
17333,0
17334,0
17335,0
17336,0
17337,0
17338,0
17339,0
17340,0
17341,0
17342,0
17343,0
17344,0
17345,0
17346,0
17347,0
17348,0
17349,0
17350,0
17351,0
17352,0
17353,0
17354,0
17355,0
17356,0
17357,0
17358,0
17359,0
17360,0
17361,0
17362,0
17363,0
17364,0
17365,0
17366,0
17367,0
17368,0
17369,0
17370,0
17371,0
17372,0
17373,0
17374,0
17375,0
17376,0
17377,0
17378,0
17379,0
17380,0
17381,0
17382,0
17383,0
17384,0
17385,0
17386,0
17387,0
17388,0
17389,0
17390,0
17391,0
17392,0
17393,0
17394,0
17395,0
17396,0
17397,0
17398,0
17399,0
17400,0
17401,0
17402,0
17403,0
17404,0
17405,0
17406,0
17407,0
17408,0
17409,0
17410,0
17411,0
17412,0
17413,0
17414,0
17415,0
17416,0
17417,0
17418,0
17419,0
17420,0
17421,0
17422,0
17423,0
17424,0
17425,0
17426,0
17427,0
17428,0
17429,0
17430,0
17431,0
17432,0
17433,0
17434,0
17435,0
17436,0
17437,0
17438,0
17439,0
17440,0
17441,0
17442,0
17443,0
17444,0
17445,0
17446,0
17447,0
17448,0
17449,0
17450,0
17451,0
17452,0
17453,0
17454,0
17455,0
17456,0
17457,0
17458,0
17459,0
17460,0
17461,0
17462,0
17463,0
17464,0
17465,0
17466,0
17467,0
17468,0
17469,0
17470,0
17471,0
17472,0
17473,0
17474,0
17475,0
17476,0
17477,0
17478,0
17479,0
17480,0
17481,0
17482,0
17483,0
17484,0
17485,0
17486,0
17487,0
17488,0
17489,0
17490,0
17491,0
17492,0
17493,0
17494,0
17495,0
17496,0
17497,0
17498,0
17499,0
17500,0
17501,0
17502,0
17503,0
17504,0
17505,0
17506,0
17507,0
17508,0
17509,0
17510,0
17511,0
17512,0
17513,0
17514,0
17515,0
17516,0
17517,0
17518,0
17519,0
17520,0
17521,0
17522,0
17523,0
17524,0
17525,0
17526,0
17527,0
17528,0
17529,0
17530,0
17531,0
17532,0
17533,0
17534,0
17535,0
17536,0
17537,0
17538,0
17539,0
17540,0
17541,0
17542,0
17543,0
17544,0
17545,0
17546,0
17547,0
17548,0
17549,0
17550,0
17551,0
17552,0
17553,0
17554,0
17555,0
17556,0
17557,0
17558,0
17559,0
17560,0
17561,0
17562,0
17563,0
17564,0
17565,0
17566,0
17567,0
17568,0
17569,0
17570,0
17571,0
17572,0
17573,0
17574,0
17575,0
17576,0
17577,0
17578,0
17579,0
17580,0
17581,0
17582,0
17583,0
17584,0
17585,0
17586,0
17587,0
17588,0
17589,0
17590,0
17591,0
17592,0
17593,0
17594,0
17595,0
17596,0
17597,0
17598,0
17599,0
17600,0
17601,0
17602,0
17603,0
17604,0
17605,0
17606,0
17607,0
17608,0
17609,0
17610,0
17611,0
17612,0
17613,0
17614,0
17615,0
17616,0
17617,0
17618,0
17619,0
17620,0
17621,0
17622,0
17623,0
17624,0
17625,0
17626,0
17627,0
17628,0
17629,0
17630,0
17631,0
17632,0
17633,0
17634,0
17635,0
17636,0
17637,0
17638,0
17639,0
17640,0
17641,0
17642,0
17643,0
17644,0
17645,0
17646,0
17647,0
17648,0
17649,0
17650,0
17651,0
17652,0
17653,0
17654,0
17655,0
17656,0
17657,0
17658,0
17659,0
17660,0
17661,0
17662,0
17663,0
17664,0
17665,0
17666,0
17667,0
17668,0
17669,0
17670,0
17671,0
17672,0
17673,0
17674,0
17675,0
17676,0
17677,0
17678,0
17679,0
17680,0
17681,0
17682,0
17683,0
17684,0
17685,0
17686,0
17687,0
17688,0
17689,0
17690,0
17691,0
17692,0
17693,0
17694,0
17695,0
17696,0
17697,0
17698,0
17699,0
17700,0
17701,0
17702,0
17703,0
17704,0
17705,0
17706,0
17707,0
17708,0
17709,0
17710,0
17711,0
17712,0
17713,0
17714,0
17715,0
17716,0
17717,0
17718,0
17719,0
17720,0
17721,0
17722,0
17723,0
17724,0
17725,0
17726,0
17727,0
17728,0
17729,0
17730,0
17731,0
17732,0
17733,0
17734,0
17735,0
17736,0
17737,0
17738,0
17739,0
17740,0
17741,0
17742,0
17743,0
17744,0
17745,0
17746,0
17747,0
17748,0
17749,0
17750,0
17751,0
17752,0
17753,0
17754,0
17755,0
17756,0
17757,0
17758,0
17759,0
17760,0
17761,0
17762,0
17763,0
17764,0
17765,0
17766,0
17767,0
17768,0
17769,0
17770,0
17771,0
17772,0
17773,0
17774,0
17775,0
17776,0
17777,0
17778,0
17779,0
17780,0
17781,0
17782,0
17783,0
17784,0
17785,0
17786,0
17787,0
17788,0
17789,0
17790,0
17791,0
17792,0
17793,0
17794,0
17795,0
17796,0
17797,0
17798,0
17799,0
17800,0
17801,0
17802,0
17803,0
17804,0
17805,0
17806,0
17807,0
17808,0
17809,0
17810,0
17811,0
17812,0
17813,0
17814,0
17815,0
17816,0
17817,0
17818,0
17819,0
17820,0
17821,0
17822,0
17823,0
17824,0
17825,0
17826,0
17827,0
17828,0
17829,0
17830,0
17831,0
17832,0
17833,0
17834,0
17835,0
17836,0
17837,0
17838,0
17839,0
17840,0
17841,0
17842,0
17843,0
17844,0
17845,0
17846,0
17847,0
17848,0
17849,0
17850,0
17851,0
17852,0
17853,0
17854,0
17855,0
17856,0
17857,0
17858,0
17859,0
17860,0
17861,0
17862,0
17863,0
17864,0
17865,0
17866,0
17867,0
17868,0
17869,0
17870,0
17871,0
17872,0
17873,0
17874,0
17875,0
17876,0
17877,0
17878,0
17879,0
17880,0
17881,0
17882,0
17883,0
17884,0
17885,0
17886,0
17887,0
17888,0
17889,0
17890,0
17891,0
17892,0
17893,0
17894,0
17895,0
17896,0
17897,0
17898,0
17899,0
17900,0
17901,0
17902,0
17903,0
17904,0
17905,0
17906,0
17907,0
17908,0
17909,0
17910,0
17911,0
17912,0
17913,0
17914,0
17915,0
17916,0
17917,0
17918,0
17919,0
17920,0
17921,0
17922,0
17923,0
17924,0
17925,0
17926,0
17927,0
17928,0
17929,0
17930,0
17931,0
17932,0
17933,0
17934,0
17935,0
17936,0
17937,0
17938,0
17939,0
17940,0
17941,0
17942,0
17943,0
17944,0
17945,0
17946,0
17947,0
17948,0
17949,0
17950,0
17951,0
17952,0
17953,0
17954,0
17955,0
17956,0
17957,0
17958,0
17959,0
17960,0
17961,0
17962,0
17963,0
17964,0
17965,0
17966,0
17967,0
17968,0
17969,0
17970,0
17971,0
17972,0
17973,0
17974,0
17975,0
17976,0
17977,0
17978,0
17979,0
17980,0
17981,0
17982,0
17983,0
17984,0
17985,0
17986,0
17987,0
17988,0
17989,0
17990,0
17991,0
17992,0
17993,0
17994,0
17995,0
17996,0
17997,0
17998,0
17999,0
18000,0
18001,0
18002,0
18003,0
18004,0
18005,0
18006,0
18007,0
18008,0
18009,0
18010,0
18011,0
18012,0
18013,0
18014,0
18015,0
18016,0
18017,0
18018,0
18019,0
18020,0
18021,0
18022,0
18023,0
18024,0
18025,0
18026,0
18027,0
18028,0
18029,0
18030,0
18031,0
18032,0
18033,0
18034,0
18035,0
18036,0
18037,0
18038,0
18039,0
18040,0
18041,0
18042,0
18043,0
18044,0
18045,0
18046,0
18047,0
18048,0
18049,0
18050,0
18051,0
18052,0
18053,0
18054,0
18055,0
18056,0
18057,0
18058,0
18059,0
18060,0
18061,0
18062,0
18063,0
18064,0
18065,0
18066,0
18067,0
18068,0
18069,0
18070,0
18071,0
18072,0
18073,0
18074,0
18075,0
18076,0
18077,0
18078,0
18079,0
18080,0
18081,0
18082,0
18083,0
18084,0
18085,0
18086,0
18087,0
18088,0
18089,0
18090,0
18091,0
18092,0
18093,0
18094,0
18095,0
18096,0
18097,0
18098,0
18099,0
18100,0
18101,0
18102,0
18103,0
18104,0
18105,0
18106,0
18107,0
18108,0
18109,0
18110,0
18111,0
18112,0
18113,0
18114,0
18115,0
18116,0
18117,0
18118,0
18119,0
18120,0
18121,0
18122,0
18123,0
18124,0
18125,0
18126,0
18127,0
18128,0
18129,0
18130,0
18131,0
18132,0
18133,0
18134,0
18135,0
18136,0
18137,0
18138,0
18139,0
18140,0
18141,0
18142,0
18143,0
18144,0
18145,0
18146,0
18147,0
18148,0
18149,0
18150,0
18151,0
18152,0
18153,0
18154,0
18155,0
18156,0
18157,0
18158,0
18159,0
18160,0
18161,0
18162,0
18163,0
18164,0
18165,0
18166,0
18167,0
18168,0
18169,0
18170,0
18171,0
18172,0
18173,0
18174,0
18175,0
18176,0
18177,0
18178,0
18179,0
18180,0
18181,0
18182,0
18183,0
18184,0
18185,0
18186,0
18187,0
18188,0
18189,0
18190,0
18191,0
18192,0
18193,0
18194,0
18195,0
18196,0
18197,0
18198,0
18199,0
18200,0
18201,0
18202,0
18203,0
18204,0
18205,0
18206,0
18207,0
18208,0
18209,0
18210,0
18211,0
18212,0
18213,0
18214,0
18215,0
18216,0
18217,0
18218,0
18219,0
18220,0
18221,0
18222,0
18223,0
18224,0
18225,0
18226,0
18227,0
18228,0
18229,0
18230,0
18231,0
18232,0
18233,0
18234,0
18235,0
18236,0
18237,0
18238,0
18239,0
18240,0
18241,0
18242,0
18243,0
18244,0
18245,0
18246,0
18247,0
18248,0
18249,0
18250,0
18251,0
18252,0
18253,0
18254,0
18255,0
18256,0
18257,0
18258,0
18259,0
18260,0
18261,0
18262,0
18263,0
18264,0
18265,0
18266,0
18267,0
18268,0
18269,0
18270,0
18271,0
18272,0
18273,0
18274,0
18275,0
18276,0
18277,0
18278,0
18279,0
18280,0
18281,0
18282,0
18283,0
18284,0
18285,0
18286,0
18287,0
18288,0
18289,0
18290,0
18291,0
18292,0
18293,0
18294,0
18295,0
18296,0
18297,0
18298,0
18299,0
18300,0
18301,0
18302,0
18303,0
18304,0
18305,0
18306,0
18307,0
18308,0
18309,0
18310,0
18311,0
18312,0
18313,0
18314,0
18315,0
18316,0
18317,0
18318,0
18319,0
18320,0
18321,0
18322,0
18323,0
18324,0
18325,0
18326,0
18327,0
18328,0
18329,0
18330,0
18331,0
18332,0
18333,0
18334,0
18335,0
18336,0
18337,0
18338,0
18339,0
18340,0
18341,0
18342,0
18343,0
18344,0
18345,0
18346,0
18347,0
18348,0
18349,0
18350,0
18351,0
18352,0
18353,0
18354,0
18355,0
18356,0
18357,0
18358,0
18359,0
18360,0
18361,0
18362,0
18363,0
18364,0
18365,0
18366,0
18367,0
18368,0
18369,0
18370,0
18371,0
18372,0
18373,0
18374,0
18375,0
18376,0
18377,0
18378,0
18379,0
18380,0
18381,0
18382,0
18383,0
18384,0
18385,0
18386,0
18387,0
18388,0
18389,0
18390,0
18391,0
18392,0
18393,0
18394,0
18395,0
18396,0
18397,0
18398,0
18399,0
18400,0
18401,0
18402,0
18403,0
18404,0
18405,0
18406,0
18407,0
18408,0
18409,0
18410,0
18411,0
18412,0
18413,0
18414,0
18415,0
18416,0
18417,0
18418,0
18419,0
18420,0
18421,0
18422,0
18423,0
18424,0
18425,0
18426,0
18427,0
18428,0
18429,0
18430,0
18431,0
18432,0
18433,0
18434,0
18435,0
18436,0
18437,0
18438,0
18439,0
18440,0
18441,0
18442,0
18443,0
18444,0
18445,0
18446,0
18447,0
18448,0
18449,0
18450,0
18451,0
18452,0
18453,0
18454,0
18455,0
18456,0
18457,0
18458,0
18459,0
18460,0
18461,0
18462,0
18463,0
18464,0
18465,0
18466,0
18467,0
18468,0
18469,0
18470,0
18471,0
18472,0
18473,0
18474,0
18475,0
18476,0
18477,0
18478,0
18479,0
18480,0
18481,0
18482,0
18483,0
18484,0
18485,0
18486,0
18487,0
18488,0
18489,0
18490,0
18491,0
18492,0
18493,0
18494,0
18495,0
18496,0
18497,0
18498,0
18499,0
18500,0
18501,0
18502,0
18503,0
18504,0
18505,0
18506,0
18507,0
18508,0
18509,0
18510,0
18511,0
18512,0
18513,0
18514,0
18515,0
18516,0
18517,0
18518,0
18519,0
18520,0
18521,0
18522,0
18523,0
18524,0
18525,0
18526,0
18527,0
18528,0
18529,0
18530,0
18531,0
18532,0
18533,0
18534,0
18535,0
18536,0
18537,0
18538,0
18539,0
18540,0
18541,0
18542,0
18543,0
18544,0
18545,0
18546,0
18547,0
18548,0
18549,0
18550,0
18551,0
18552,0
18553,0
18554,0
18555,0
18556,0
18557,0
18558,0
18559,0
18560,0
18561,0
18562,0
18563,0
18564,0
18565,0
18566,0
18567,0
18568,0
18569,0
18570,0
18571,0
18572,0
18573,0
18574,0
18575,0
18576,0
18577,0
18578,0
18579,0
18580,0
18581,0
18582,0
18583,0
18584,0
18585,0
18586,0
18587,0
18588,0
18589,0
18590,0
18591,0
18592,0
18593,0
18594,0
18595,0
18596,0
18597,0
18598,0
18599,0
18600,0
18601,0
18602,0
18603,0
18604,0
18605,0
18606,0
18607,0
18608,0
18609,0
18610,0
18611,0
18612,0
18613,0
18614,0
18615,0
18616,0
18617,0
18618,0
18619,0
18620,0
18621,0
18622,0
18623,0
18624,0
18625,0
18626,0
18627,0
18628,0
18629,0
18630,0
18631,0
18632,0
18633,0
18634,0
18635,0
18636,0
18637,0
18638,0
18639,0
18640,0
18641,0
18642,0
18643,0
18644,0
18645,0
18646,0
18647,0
18648,0
18649,0
18650,0
18651,0
18652,0
18653,0
18654,0
18655,0
18656,0
18657,0
18658,0
18659,0
18660,0
18661,0
18662,0
18663,0
18664,0
18665,0
18666,0
18667,0
18668,0
18669,0
18670,0
18671,0
18672,0
18673,0
18674,0
18675,0
18676,0
18677,0
18678,0
18679,0
18680,0
18681,0
18682,0
18683,0
18684,0
18685,0
18686,0
18687,0
18688,0
18689,0
18690,0
18691,0
18692,0
18693,0
18694,0
18695,0
18696,0
18697,0
18698,0
18699,0
18700,0
18701,0
18702,0
18703,0
18704,0
18705,0
18706,0
18707,0
18708,0
18709,0
18710,0
18711,0
18712,0
18713,0
18714,0
18715,0
18716,0
18717,0
18718,0
18719,0
18720,0
18721,0
18722,0
18723,0
18724,0
18725,0
18726,0
18727,0
18728,0
18729,0
18730,0
18731,0
18732,0
18733,0
18734,0
18735,0
18736,0
18737,0
18738,0
18739,0
18740,0
18741,0
18742,0
18743,0
18744,0
18745,0
18746,0
18747,0
18748,0
18749,0
18750,0
18751,0
18752,0
18753,0
18754,0
18755,0
18756,0
18757,0
18758,0
18759,0
18760,0
18761,0
18762,0
18763,0
18764,0
18765,0
18766,0
18767,0
18768,0
18769,0
18770,0
18771,0
18772,0
18773,0
18774,0
18775,0
18776,0
18777,0
18778,0
18779,0
18780,0
18781,0
18782,0
18783,0
18784,0
18785,0
18786,0
18787,0
18788,0
18789,0
18790,0
18791,0
18792,0
18793,0
18794,0
18795,0
18796,0
18797,0
18798,0
18799,0
18800,0
18801,0
18802,0
18803,0
18804,0
18805,0
18806,0
18807,0
18808,0
18809,0
18810,0
18811,0
18812,0
18813,0
18814,0
18815,0
18816,0
18817,0
18818,0
18819,0
18820,0
18821,0
18822,0
18823,0
18824,0
18825,0
18826,0
18827,0
18828,0
18829,0
18830,0
18831,0
18832,0
18833,0
18834,0
18835,0
18836,0
18837,0
18838,0
18839,0
18840,0
18841,0
18842,0
18843,0
18844,0
18845,0
18846,0
18847,0
18848,0
18849,0
18850,0
18851,0
18852,0
18853,0
18854,0
18855,0
18856,0
18857,0
18858,0
18859,0
18860,0
18861,0
18862,0
18863,0
18864,0
18865,0
18866,0
18867,0
18868,0
18869,0
18870,0
18871,0
18872,0
18873,0
18874,0
18875,0
18876,0
18877,0
18878,0
18879,0
18880,0
18881,0
18882,0
18883,0
18884,0
18885,0
18886,0
18887,0
18888,0
18889,0
18890,0
18891,0
18892,0
18893,0
18894,0
18895,0
18896,0
18897,0
18898,0
18899,0
18900,0
18901,0
18902,0
18903,0
18904,0
18905,0
18906,0
18907,0
18908,0
18909,0
18910,0
18911,0
18912,0
18913,0
18914,0
18915,0
18916,0
18917,0
18918,0
18919,0
18920,0
18921,0
18922,0
18923,0
18924,0
18925,0
18926,0
18927,0
18928,0
18929,0
18930,0
18931,0
18932,0
18933,0
18934,0
18935,0
18936,0
18937,0
18938,0
18939,0
18940,0
18941,0
18942,0
18943,0
18944,0
18945,0
18946,0
18947,0
18948,0
18949,0
18950,0
18951,0
18952,0
18953,0
18954,0
18955,0
18956,0
18957,0
18958,0
18959,0
18960,0
18961,0
18962,0
18963,0
18964,0
18965,0
18966,0
18967,0
18968,0
18969,0
18970,0
18971,0
18972,0
18973,0
18974,0
18975,0
18976,0
18977,0
18978,0
18979,0
18980,0
18981,0
18982,0
18983,0
18984,0
18985,0
18986,0
18987,0
18988,0
18989,0
18990,0
18991,0
18992,0
18993,0
18994,0
18995,0
18996,0
18997,0
18998,0
18999,0
19000,0
19001,0
19002,0
19003,0
19004,0
19005,0
19006,0
19007,0
19008,0
19009,0
19010,0
19011,0
19012,0
19013,0
19014,0
19015,0
19016,0
19017,0
19018,0
19019,0
19020,0
19021,0
19022,0
19023,0
19024,0
19025,0
19026,0
19027,0
19028,0
19029,0
19030,0
19031,0
19032,0
19033,0
19034,0
19035,0
19036,0
19037,0
19038,0
19039,0
19040,0
19041,0
19042,0
19043,0
19044,0
19045,0
19046,0
19047,0
19048,0
19049,0
19050,0
19051,0
19052,0
19053,0
19054,0
19055,0
19056,0
19057,0
19058,0
19059,0
19060,0
19061,0
19062,0
19063,0
19064,0
19065,0
19066,0
19067,0
19068,0
19069,0
19070,0
19071,0
19072,0
19073,0
19074,0
19075,0
19076,0
19077,0
19078,0
19079,0
19080,0
19081,0
19082,0
19083,0
19084,0
19085,0
19086,0
19087,0
19088,0
19089,0
19090,0
19091,0
19092,0
19093,0
19094,0
19095,0
19096,0
19097,0
19098,0
19099,0
19100,0
19101,0
19102,0
19103,0
19104,0
19105,0
19106,0
19107,0
19108,0
19109,0
19110,0
19111,0
19112,0
19113,0
19114,0
19115,0
19116,0
19117,0
19118,0
19119,0
19120,0
19121,0
19122,0
19123,0
19124,0
19125,0
19126,0
19127,0
19128,0
19129,0
19130,0
19131,0
19132,0
19133,0
19134,0
19135,0
19136,0
19137,0
19138,0
19139,0
19140,0
19141,0
19142,0
19143,0
19144,0
19145,0
19146,0
19147,0
19148,0
19149,0
19150,0
19151,0
19152,0
19153,0
19154,0
19155,0
19156,0
19157,0
19158,0
19159,0
19160,0
19161,0
19162,0
19163,0
19164,0
19165,0
19166,0
19167,0
19168,0
19169,0
19170,0
19171,0
19172,0
19173,0
19174,0
19175,0
19176,0
19177,0
19178,0
19179,0
19180,0
19181,0
19182,0
19183,0
19184,0
19185,0
19186,0
19187,0
19188,0
19189,0
19190,0
19191,0
19192,0
19193,0
19194,0
19195,0
19196,0
19197,0
19198,0
19199,0
19200,0
19201,0
19202,0
19203,0
19204,0
19205,0
19206,0
19207,0
19208,0
19209,0
19210,0
19211,0
19212,0
19213,0
19214,0
19215,0
19216,0
19217,0
19218,0
19219,0
19220,0
19221,0
19222,0
19223,0
19224,0
19225,0
19226,0
19227,0
19228,0
19229,0
19230,0
19231,0
19232,0
19233,0
19234,0
19235,0
19236,0
19237,0
19238,0
19239,0
19240,0
19241,0
19242,0
19243,0
19244,0
19245,0
19246,0
19247,0
19248,0
19249,0
19250,0
19251,0
19252,0
19253,0
19254,0
19255,0
19256,0
19257,0
19258,0
19259,0
19260,0
19261,0
19262,0
19263,0
19264,0
19265,0
19266,0
19267,0
19268,0
19269,0
19270,0
19271,0
19272,0
19273,0
19274,0
19275,0
19276,0
19277,0
19278,0
19279,0
19280,0
19281,0
19282,0
19283,0
19284,0
19285,0
19286,0
19287,0
19288,0
19289,0
19290,0
19291,0
19292,0
19293,0
19294,0
19295,0
19296,0
19297,0
19298,0
19299,0
19300,0
19301,0
19302,0
19303,0
19304,0
19305,0
19306,0
19307,0
19308,0
19309,0
19310,0
19311,0
19312,0
19313,0
19314,0
19315,0
19316,0
19317,0
19318,0
19319,0
19320,0
19321,0
19322,0
19323,0
19324,0
19325,0
19326,0
19327,0
19328,0
19329,0
19330,0
19331,0
19332,0
19333,0
19334,0
19335,0
19336,0
19337,0
19338,0
19339,0
19340,0
19341,0
19342,0
19343,0
19344,0
19345,0
19346,0
19347,0
19348,0
19349,0
19350,0
19351,0
19352,0
19353,0
19354,0
19355,0
19356,0
19357,0
19358,0
19359,0
19360,0
19361,0
19362,0
19363,0
19364,0
19365,0
19366,0
19367,0
19368,0
19369,0
19370,0
19371,0
19372,0
19373,0
19374,0
19375,0
19376,0
19377,0
19378,0
19379,0
19380,0
19381,0
19382,0
19383,0
19384,0
19385,0
19386,0
19387,0
19388,0
19389,0
19390,0
19391,0
19392,0
19393,0
19394,0
19395,0
19396,0
19397,0
19398,0
19399,0
19400,0
19401,0
19402,0
19403,0
19404,0
19405,0
19406,0
19407,0
19408,0
19409,0
19410,0
19411,0
19412,0
19413,0
19414,0
19415,0
19416,0
19417,0
19418,0
19419,0
19420,0
19421,0
19422,0
19423,0
19424,0
19425,0
19426,0
19427,0
19428,0
19429,0
19430,0
19431,0
19432,0
19433,0
19434,0
19435,0
19436,0
19437,0
19438,0
19439,0
19440,0
19441,0
19442,0
19443,0
19444,0
19445,0
19446,0
19447,0
19448,0
19449,0
19450,0
19451,0
19452,0
19453,0
19454,0
19455,0
19456,0
19457,0
19458,0
19459,0
19460,0
19461,0
19462,0
19463,0
19464,0
19465,0
19466,0
19467,0
19468,0
19469,0
19470,0
19471,0
19472,0
19473,0
19474,0
19475,0
19476,0
19477,0
19478,0
19479,0
19480,0
19481,0
19482,0
19483,0
19484,0
19485,0
19486,0
19487,0
19488,0
19489,0
19490,0
19491,0
19492,0
19493,0
19494,0
19495,0
19496,0
19497,0
19498,0
19499,0
19500,0
19501,0
19502,0
19503,0
19504,0
19505,0
19506,0
19507,0
19508,0
19509,0
19510,0
19511,0
19512,0
19513,0
19514,0
19515,0
19516,0
19517,0
19518,0
19519,0
19520,0
19521,0
19522,0
19523,0
19524,0
19525,0
19526,0
19527,0
19528,0
19529,0
19530,0
19531,0
19532,0
19533,0
19534,0
19535,0
19536,0
19537,0
19538,0
19539,0
19540,0
19541,0
19542,0
19543,0
19544,0
19545,0
19546,0
19547,0
19548,0
19549,0
19550,0
19551,0
19552,0
19553,0
19554,0
19555,0
19556,0
19557,0
19558,0
19559,0
19560,0
19561,0
19562,0
19563,0
19564,0
19565,0
19566,0
19567,0
19568,0
19569,0
19570,0
19571,0
19572,0
19573,0
19574,0
19575,0
19576,0
19577,0
19578,0
19579,0
19580,0
19581,0
19582,0
19583,0
19584,0
19585,0
19586,0
19587,0
19588,0
19589,0
19590,0
19591,0
19592,0
19593,0
19594,0
19595,0
19596,0
19597,0
19598,0
19599,0
19600,0
19601,0
19602,0
19603,0
19604,0
19605,0
19606,0
19607,0
19608,0
19609,0
19610,0
19611,0
19612,0
19613,0
19614,0
19615,0
19616,0
19617,0
19618,0
19619,0
19620,0
19621,0
19622,0
19623,0
19624,0
19625,0
19626,0
19627,0
19628,0
19629,0
19630,0
19631,0
19632,0
19633,0
19634,0
19635,0
19636,0
19637,0
19638,0
19639,0
19640,0
19641,0
19642,0
19643,0
19644,0
19645,0
19646,0
19647,0
19648,0
19649,0
19650,0
19651,0
19652,0
19653,0
19654,0
19655,0
19656,0
19657,0
19658,0
19659,0
19660,0
19661,0
19662,0
19663,0
19664,0
19665,0
19666,0
19667,0
19668,0
19669,0
19670,0
19671,0
19672,0
19673,0
19674,0
19675,0
19676,0
19677,0
19678,0
19679,0
19680,0
19681,0
19682,0
19683,0
19684,0
19685,0
19686,0
19687,0
19688,0
19689,0
19690,0
19691,0
19692,0
19693,0
19694,0
19695,0
19696,0
19697,0
19698,0
19699,0
19700,0
19701,0
19702,0
19703,0
19704,0
19705,0
19706,0
19707,0
19708,0
19709,0
19710,0
19711,0
19712,0
19713,0
19714,0
19715,0
19716,0
19717,0
19718,0
19719,0
19720,0
19721,0
19722,0
19723,0
19724,0
19725,0
19726,0
19727,0
19728,0
19729,0
19730,0
19731,0
19732,0
19733,0
19734,0
19735,0
19736,0
19737,0
19738,0
19739,0
19740,0
19741,0
19742,0
19743,0
19744,0
19745,0
19746,0
19747,0
19748,0
19749,0
19750,0
19751,0
19752,0
19753,0
19754,0
19755,0
19756,0
19757,0
19758,0
19759,0
19760,0
19761,0
19762,0
19763,0
19764,0
19765,0
19766,0
19767,0
19768,0
19769,0
19770,0
19771,0
19772,0
19773,0
19774,0
19775,0
19776,0
19777,0
19778,0
19779,0
19780,0
19781,0
19782,0
19783,0
19784,0
19785,0
19786,0
19787,0
19788,0
19789,0
19790,0
19791,0
19792,0
19793,0
19794,0
19795,0
19796,0
19797,0
19798,0
19799,0
19800,0
19801,0
19802,0
19803,0
19804,0
19805,0
19806,0
19807,0
19808,0
19809,0
19810,0
19811,0
19812,0
19813,0
19814,0
19815,0
19816,0
19817,0
19818,0
19819,0
19820,0
19821,0
19822,0
19823,0
19824,0
19825,0
19826,0
19827,0
19828,0
19829,0
19830,0
19831,0
19832,0
19833,0
19834,0
19835,0
19836,0
19837,0
19838,0
19839,0
19840,0
19841,0
19842,0
19843,0
19844,0
19845,0
19846,0
19847,0
19848,0
19849,0
19850,0
19851,0
19852,0
19853,0
19854,0
19855,0
19856,0
19857,0
19858,0
19859,0
19860,0
19861,0
19862,0
19863,0
19864,0
19865,0
19866,0
19867,0
19868,0
19869,0
19870,0
19871,0
19872,0
19873,0
19874,0
19875,0
19876,0
19877,0
19878,0
19879,0
19880,0
19881,0
19882,0
19883,0
19884,0
19885,0
19886,0
19887,0
19888,0
19889,0
19890,0
19891,0
19892,0
19893,0
19894,0
19895,0
19896,0
19897,0
19898,0
19899,0
19900,0
19901,0
19902,0
19903,0
19904,0
19905,0
19906,0
19907,0
19908,0
19909,0
19910,0
19911,0
19912,0
19913,0
19914,0
19915,0
19916,0
19917,0
19918,0
19919,0
19920,0
19921,0
19922,0
19923,0
19924,0
19925,0
19926,0
19927,0
19928,0
19929,0
19930,0
19931,0
19932,0
19933,0
19934,0
19935,0
19936,0
19937,0
19938,0
19939,0
19940,0
19941,0
19942,0
19943,0
19944,0
19945,0
19946,0
19947,0
19948,0
19949,0
19950,0
19951,0
19952,0
19953,0
19954,0
19955,0
19956,0
19957,0
19958,0
19959,0
19960,0
19961,0
19962,0
19963,0
19964,0
19965,0
19966,0
19967,0
19968,0
19969,0
19970,0
19971,0
19972,0
19973,0
19974,0
19975,0
19976,0
19977,0
19978,0
19979,0
19980,0
19981,0
19982,0
19983,0
19984,0
19985,0
19986,0
19987,0
19988,0
19989,0
19990,0
19991,0
19992,0
19993,0
19994,0
19995,0
19996,0
19997,0
19998,0
19999,0
20000,0
20001,0
20002,0
20003,0
20004,0
20005,0
20006,0
20007,0
20008,0
20009,0
20010,0
20011,0
20012,0
20013,0
20014,0
20015,0
20016,0
20017,0
20018,0
20019,0
20020,0
20021,0
20022,0
20023,0
20024,0
20025,0
20026,0
20027,0
20028,0
20029,0
20030,0
20031,0
20032,0
20033,0
20034,0
20035,0
20036,0
20037,0
20038,0
20039,0
20040,0
20041,0
20042,0
20043,0
20044,0
20045,0
20046,0
20047,0
20048,0
20049,0
20050,0
20051,0
20052,0
20053,0
20054,0
20055,0
20056,0
20057,0
20058,0
20059,0
20060,0
20061,0
20062,0
20063,0
20064,0
20065,0
20066,0
20067,0
20068,0
20069,0
20070,0
20071,0
20072,0
20073,0
20074,0
20075,0
20076,0
20077,0
20078,0
20079,0
20080,0
20081,0
20082,0
20083,0
20084,0
20085,0
20086,0
20087,0
20088,0
20089,0
20090,0
20091,0
20092,0
20093,0
20094,0
20095,0
20096,0
20097,0
20098,0
20099,0
20100,0
20101,0
20102,0
20103,0
20104,0
20105,0
20106,0
20107,0
20108,0
20109,0
20110,0
20111,0
20112,0
20113,0
20114,0
20115,0
20116,0
20117,0
20118,0
20119,0
20120,0
20121,0
20122,0
20123,0
20124,0
20125,0
20126,0
20127,0
20128,0
20129,0
20130,0
20131,0
20132,0
20133,0
20134,0
20135,0
20136,0
20137,0
20138,0
20139,0
20140,0
20141,0
20142,0
20143,0
20144,0
20145,0
20146,0
20147,0
20148,0
20149,0
20150,0
20151,0
20152,0
20153,0
20154,0
20155,0
20156,0
20157,0
20158,0
20159,0
20160,0
20161,0
20162,0
20163,0
20164,0
20165,0
20166,0
20167,0
20168,0
20169,0
20170,0
20171,0
20172,0
20173,0
20174,0
20175,0
20176,0
20177,0
20178,0
20179,0
20180,0
20181,0
20182,0
20183,0
20184,0
20185,0
20186,0
20187,0
20188,0
20189,0
20190,0
20191,0
20192,0
20193,0
20194,0
20195,0
20196,0
20197,0
20198,0
20199,0
20200,0
20201,0
20202,0
20203,0
20204,0
20205,0
20206,0
20207,0
20208,0
20209,0
20210,0
20211,0
20212,0
20213,0
20214,0
20215,0
20216,0
20217,0
20218,0
20219,0
20220,0
20221,0
20222,0
20223,0
20224,0
20225,0
20226,0
20227,0
20228,0
20229,0
20230,0
20231,0
20232,0
20233,0
20234,0
20235,0
20236,0
20237,0
20238,0
20239,0
20240,0
20241,0
20242,0
20243,0
20244,0
20245,0
20246,0
20247,0
20248,0
20249,0
20250,0
20251,0
20252,0
20253,0
20254,0
20255,0
20256,0
20257,0
20258,0
20259,0
20260,0
20261,0
20262,0
20263,0
20264,0
20265,0
20266,0
20267,0
20268,0
20269,0
20270,0
20271,0
20272,0
20273,0
20274,0
20275,0
20276,0
20277,0
20278,0
20279,0
20280,0
20281,0
20282,0
20283,0
20284,0
20285,0
20286,0
20287,0
20288,0
20289,0
20290,0
20291,0
20292,0
20293,0
20294,0
20295,0
20296,0
20297,0
20298,0
20299,0
20300,0
20301,0
20302,0
20303,0
20304,0
20305,0
20306,0
20307,0
20308,0
20309,0
20310,0
20311,0
20312,0
20313,0
20314,0
20315,0
20316,0
20317,0
20318,0
20319,0
20320,0
20321,0
20322,0
20323,0
20324,0
20325,0
20326,0
20327,0
20328,0
20329,0
20330,0
20331,0
20332,0
20333,0
20334,0
20335,0
20336,0
20337,0
20338,0
20339,0
20340,0
20341,0
20342,0
20343,0
20344,0
20345,0
20346,0
20347,0
20348,0
20349,0
20350,0
20351,0
20352,0
20353,0
20354,0
20355,0
20356,0
20357,0
20358,0
20359,0
20360,0
20361,0
20362,0
20363,0
20364,0
20365,0
20366,0
20367,0
20368,0
20369,0
20370,0
20371,0
20372,0
20373,0
20374,0
20375,0
20376,0
20377,0
20378,0
20379,0
20380,0
20381,0
20382,0
20383,0
20384,0
20385,0
20386,0
20387,0
20388,0
20389,0
20390,0
20391,0
20392,0
20393,0
20394,0
20395,0
20396,0
20397,0
20398,0
20399,0
20400,0
20401,0
20402,0
20403,0
20404,0
20405,0
20406,0
20407,0
20408,0
20409,0
20410,0
20411,0
20412,0
20413,0
20414,0
20415,0
20416,0
20417,0
20418,0
20419,0
20420,0
20421,0
20422,0
20423,0
20424,0
20425,0
20426,0
20427,0
20428,0
20429,0
20430,0
20431,0
20432,0
20433,0
20434,0
20435,0
20436,0
20437,0
20438,0
20439,0
20440,0
20441,0
20442,0
20443,0
20444,0
20445,0
20446,0
20447,0
20448,0
20449,0
20450,0
20451,0
20452,0
20453,0
20454,0
20455,0
20456,0
20457,0
20458,0
20459,0
20460,0
20461,0
20462,0
20463,0
20464,0
20465,0
20466,0
20467,0
20468,0
20469,0
20470,0
20471,0
20472,0
20473,0
20474,0
20475,0
20476,0
20477,0
20478,0
20479,0
20480,0
20481,0
20482,0
20483,0
20484,0
20485,0
20486,0
20487,0
20488,0
20489,0
20490,0
20491,0
20492,0
20493,0
20494,0
20495,0
20496,0
20497,0
20498,0
20499,0
20500,0
20501,0
20502,0
20503,0
20504,0
20505,0
20506,0
20507,0
20508,0
20509,0
20510,0
20511,0
20512,0
20513,0
20514,0
20515,0
20516,0
20517,0
20518,0
20519,0
20520,0
20521,0
20522,0
20523,0
20524,0
20525,0
20526,0
20527,0
20528,0
20529,0
20530,0
20531,0
20532,0
20533,0
20534,0
20535,0
20536,0
20537,0
20538,0
20539,0
20540,0
20541,0
20542,0
20543,0
20544,0
20545,0
20546,0
20547,0
20548,0
20549,0
20550,0
20551,0
20552,0
20553,0
20554,0
20555,0
20556,0
20557,0
20558,0
20559,0
20560,0
20561,0
20562,0
20563,0
20564,0
20565,0
20566,0
20567,0
20568,0
20569,0
20570,0
20571,0
20572,0
20573,0
20574,0
20575,0
20576,0
20577,0
20578,0
20579,0
20580,0
20581,0
20582,0
20583,0
20584,0
20585,0
20586,0
20587,0
20588,0
20589,0
20590,0
20591,0
20592,0
20593,0
20594,0
20595,0
20596,0
20597,0
20598,0
20599,0
20600,0
20601,0
20602,0
20603,0
20604,0
20605,0
20606,0
20607,0
20608,0
20609,0
20610,0
20611,0
20612,0
20613,0
20614,0
20615,0
20616,0
20617,0
20618,0
20619,0
20620,0
20621,0
20622,0
20623,0
20624,0
20625,0
20626,0
20627,0
20628,0
20629,0
20630,0
20631,0
20632,0
20633,0
20634,0
20635,0
20636,0
20637,0
20638,0
20639,0
20640,0
20641,0
20642,0
20643,0
20644,0
20645,0
20646,0
20647,0
20648,0
20649,0
20650,0
20651,0
20652,0
20653,0
20654,0
20655,0
20656,0
20657,0
20658,0
20659,0
20660,0
20661,0
20662,0
20663,0
20664,0
20665,0
20666,0
20667,0
20668,0
20669,0
20670,0
20671,0
20672,0
20673,0
20674,0
20675,0
20676,0
20677,0
20678,0
20679,0
20680,0
20681,0
20682,0
20683,0
20684,0
20685,0
20686,0
20687,0
20688,0
20689,0
20690,0
20691,0
20692,0
20693,0
20694,0
20695,0
20696,0
20697,0
20698,0
20699,0
20700,0
20701,0
20702,0
20703,0
20704,0
20705,0
20706,0
20707,0
20708,0
20709,0
20710,0
20711,0
20712,0
20713,0
20714,0
20715,0
20716,0
20717,0
20718,0
20719,0
20720,0
20721,0
20722,0
20723,0
20724,0
20725,0
20726,0
20727,0
20728,0
20729,0
20730,0
20731,0
20732,0
20733,0
20734,0
20735,0
20736,0
20737,0
20738,0
20739,0
20740,0
20741,0
20742,0
20743,0
20744,0
20745,0
20746,0
20747,0
20748,0
20749,0
20750,0
20751,0
20752,0
20753,0
20754,0
20755,0
20756,0
20757,0
20758,0
20759,0
20760,0
20761,0
20762,0
20763,0
20764,0
20765,0
20766,0
20767,0
20768,0
20769,0
20770,0
20771,0
20772,0
20773,0
20774,0
20775,0
20776,0
20777,0
20778,0
20779,0
20780,0
20781,0
20782,0
20783,0
20784,0
20785,0
20786,0
20787,0
20788,0
20789,0
20790,0
20791,0
20792,0
20793,0
20794,0
20795,0
20796,0
20797,0
20798,0
20799,0
20800,0
20801,0
20802,0
20803,0
20804,0
20805,0
20806,0
20807,0
20808,0
20809,0
20810,0
20811,0
20812,0
20813,0
20814,0
20815,0
20816,0
20817,0
20818,0
20819,0
20820,0
20821,0
20822,0
20823,0
20824,0
20825,0
20826,0
20827,0
20828,0
20829,0
20830,0
20831,0
20832,0
20833,0
20834,0
20835,0
20836,0
20837,0
20838,0
20839,0
20840,0
20841,0
20842,0
20843,0
20844,0
20845,0
20846,0
20847,0
20848,0
20849,0
20850,0
20851,0
20852,0
20853,0
20854,0
20855,0
20856,0
20857,0
20858,0
20859,0
20860,0
20861,0
20862,0
20863,0
20864,0
20865,0
20866,0
20867,0
20868,0
20869,0
20870,0
20871,0
20872,0
20873,0
20874,0
20875,0
20876,0
20877,0
20878,0
20879,0
20880,0
20881,0
20882,0
20883,0
20884,0
20885,0
20886,0
20887,0
20888,0
20889,0
20890,0
20891,0
20892,0
20893,0
20894,0
20895,0
20896,0
20897,0
20898,0
20899,0
20900,0
20901,0
20902,0
20903,0
20904,0
20905,0
20906,0
20907,0
20908,0
20909,0
20910,0
20911,0
20912,0
20913,0
20914,0
20915,0
20916,0
20917,0
20918,0
20919,0
20920,0
20921,0
20922,0
20923,0
20924,0
20925,0
20926,0
20927,0
20928,0
20929,0
20930,0
20931,0
20932,0
20933,0
20934,0
20935,0
20936,0
20937,0
20938,0
20939,0
20940,0
20941,0
20942,0
20943,0
20944,0
20945,0
20946,0
20947,0
20948,0
20949,0
20950,0
20951,0
20952,0
20953,0
20954,0
20955,0
20956,0
20957,0
20958,0
20959,0
20960,0
20961,0
20962,0
20963,0
20964,0
20965,0
20966,0
20967,0
20968,0
20969,0
20970,0
20971,0
20972,0
20973,0
20974,0
20975,0
20976,0
20977,0
20978,0
20979,0
20980,0
20981,0
20982,0
20983,0
20984,0
20985,0
20986,0
20987,0
20988,0
20989,0
20990,0
20991,0
20992,0
20993,0
20994,0
20995,0
20996,0
20997,0
20998,0
20999,0
21000,0
21001,0
21002,0
21003,0
21004,0
21005,0
21006,0
21007,0
21008,0
21009,0
21010,0
21011,0
21012,0
21013,0
21014,0
21015,0
21016,0
21017,0
21018,0
21019,0
21020,0
21021,0
21022,0
21023,0
21024,0
21025,0
21026,0
21027,0
21028,0
21029,0
21030,0
21031,0
21032,0
21033,0
21034,0
21035,0
21036,0
21037,0
21038,0
21039,0
21040,0
21041,0
21042,0
21043,0
21044,0
21045,0
21046,0
21047,0
21048,0
21049,0
21050,0
21051,0
21052,0
21053,0
21054,0
21055,0
21056,0
21057,0
21058,0
21059,0
21060,0
21061,0
21062,0
21063,0
21064,0
21065,0
21066,0
21067,0
21068,0
21069,0
21070,0
21071,0
21072,0
21073,0
21074,0
21075,0
21076,0
21077,0
21078,0
21079,0
21080,0
21081,0
21082,0
21083,0
21084,0
21085,0
21086,0
21087,0
21088,0
21089,0
21090,0
21091,0
21092,0
21093,0
21094,0
21095,0
21096,0
21097,0
21098,0
21099,0
21100,0
21101,0
21102,0
21103,0
21104,0
21105,0
21106,0
21107,0
21108,0
21109,0
21110,0
21111,0
21112,0
21113,0
21114,0
21115,0
21116,0
21117,0
21118,0
21119,0
21120,0
21121,0
21122,0
21123,0
21124,0
21125,0
21126,0
21127,0
21128,0
21129,0
21130,0
21131,0
21132,0
21133,0
21134,0
21135,0
21136,0
21137,0
21138,0
21139,0
21140,0
21141,0
21142,0
21143,0
21144,0
21145,0
21146,0
21147,0
21148,0
21149,0
21150,0
21151,0
21152,0
21153,0
21154,0
21155,0
21156,0
21157,0
21158,0
21159,0
21160,0
21161,0
21162,0
21163,0
21164,0
21165,0
21166,0
21167,0
21168,0
21169,0
21170,0
21171,0
21172,0
21173,0
21174,0
21175,0
21176,0
21177,0
21178,0
21179,0
21180,0
21181,0
21182,0
21183,0
21184,0
21185,0
21186,0
21187,0
21188,0
21189,0
21190,0
21191,0
21192,0
21193,0
21194,0
21195,0
21196,0
21197,0
21198,0
21199,0
21200,0
21201,0
21202,0
21203,0
21204,0
21205,0
21206,0
21207,0
21208,0
21209,0
21210,0
21211,0
21212,0
21213,0
21214,0
21215,0
21216,0
21217,0
21218,0
21219,0
21220,0
21221,0
21222,0
21223,0
21224,0
21225,0
21226,0
21227,0
21228,0
21229,0
21230,0
21231,0
21232,0
21233,0
21234,0
21235,0
21236,0
21237,0
21238,0
21239,0
21240,0
21241,0
21242,0
21243,0
21244,0
21245,0
21246,0
21247,0
21248,0
21249,0
21250,0
21251,0
21252,0
21253,0
21254,0
21255,0
21256,0
21257,0
21258,0
21259,0
21260,0
21261,0
21262,0
21263,0
21264,0
21265,0
21266,0
21267,0
21268,0
21269,0
21270,0
21271,0
21272,0
21273,0
21274,0
21275,0
21276,0
21277,0
21278,0
21279,0
21280,0
21281,0
21282,0
21283,0
21284,0
21285,0
21286,0
21287,0
21288,0
21289,0
21290,0
21291,0
21292,0
21293,0
21294,0
21295,0
21296,0
21297,0
21298,0
21299,0
21300,0
21301,0
21302,0
21303,0
21304,0
21305,0
21306,0
21307,0
21308,0
21309,0
21310,0
21311,0
21312,0
21313,0
21314,0
21315,0
21316,0
21317,0
21318,0
21319,0
21320,0
21321,0
21322,0
21323,0
21324,0
21325,0
21326,0
21327,0
21328,0
21329,0
21330,0
21331,0
21332,0
21333,0
21334,0
21335,0
21336,0
21337,0
21338,0
21339,0
21340,0
21341,0
21342,0
21343,0
21344,0
21345,0
21346,0
21347,0
21348,0
21349,0
21350,0
21351,0
21352,0
21353,0
21354,0
21355,0
21356,0
21357,0
21358,0
21359,0
21360,0
21361,0
21362,0
21363,0
21364,0
21365,0
21366,0
21367,0
21368,0
21369,0
21370,0
21371,0
21372,0
21373,0
21374,0
21375,0
21376,0
21377,0
21378,0
21379,0
21380,0
21381,0
21382,0
21383,0
21384,0
21385,0
21386,0
21387,0
21388,0
21389,0
21390,0
21391,0
21392,0
21393,0
21394,0
21395,0
21396,0
21397,0
21398,0
21399,0
21400,0
21401,0
21402,0
21403,0
21404,0
21405,0
21406,0
21407,0
21408,0
21409,0
21410,0
21411,0
21412,0
21413,0
21414,0
21415,0
21416,0
21417,0
21418,0
21419,0
21420,0
21421,0
21422,0
21423,0
21424,0
21425,0
21426,0
21427,0
21428,0
21429,0
21430,0
21431,0
21432,0
21433,0
21434,0
21435,0
21436,0
21437,0
21438,0
21439,0
21440,0
21441,0
21442,0
21443,0
21444,0
21445,0
21446,0
21447,0
21448,0
21449,0
21450,0
21451,0
21452,0
21453,0
21454,0
21455,0
21456,0
21457,0
21458,0
21459,0
21460,0
21461,0
21462,0
21463,0
21464,0
21465,0
21466,0
21467,0
21468,0
21469,0
21470,0
21471,0
21472,0
21473,0
21474,0
21475,0
21476,0
21477,0
21478,0
21479,0
21480,0
21481,0
21482,0
21483,0
21484,0
21485,0
21486,0
21487,0
21488,0
21489,0
21490,0
21491,0
21492,0
21493,0
21494,0
21495,0
21496,0
21497,0
21498,0
21499,0
21500,0
21501,0
21502,0
21503,0
21504,0
21505,0
21506,0
21507,0
21508,0
21509,0
21510,0
21511,0
21512,0
21513,0
21514,0
21515,0
21516,0
21517,0
21518,0
21519,0
21520,0
21521,0
21522,0
21523,0
21524,0
21525,0
21526,0
21527,0
21528,0
21529,0
21530,0
21531,0
21532,0
21533,0
21534,0
21535,0
21536,0
21537,0
21538,0
21539,0
21540,0
21541,0
21542,0
21543,0
21544,0
21545,0
21546,0
21547,0
21548,0
21549,0
21550,0
21551,0
21552,0
21553,0
21554,0
21555,0
21556,0
21557,0
21558,0
21559,0
21560,0
21561,0
21562,0
21563,0
21564,0
21565,0
21566,0
21567,0
21568,0
21569,0
21570,0
21571,0
21572,0
21573,0
21574,0
21575,0
21576,0
21577,0
21578,0
21579,0
21580,0
21581,0
21582,0
21583,0
21584,0
21585,0
21586,0
21587,0
21588,0
21589,0
21590,0
21591,0
21592,0
21593,0
21594,0
21595,0
21596,0
21597,0
21598,0
21599,0
21600,0
21601,0
21602,0
21603,0
21604,0
21605,0
21606,0
21607,0
21608,0
21609,0
21610,0
21611,0
21612,0
21613,0
21614,0
21615,0
21616,0
21617,0
21618,0
21619,0
21620,0
21621,0
21622,0
21623,0
21624,0
21625,0
21626,0
21627,0
21628,0
21629,0
21630,0
21631,0
21632,0
21633,0
21634,0
21635,0
21636,0
21637,0
21638,0
21639,0
21640,0
21641,0
21642,0
21643,0
21644,0
21645,0
21646,0
21647,0
21648,0
21649,0
21650,0
21651,0
21652,0
21653,0
21654,0
21655,0
21656,0
21657,0
21658,0
21659,0
21660,0
21661,0
21662,0
21663,0
21664,0
21665,0
21666,0
21667,0
21668,0
21669,0
21670,0
21671,0
21672,0
21673,0
21674,0
21675,0
21676,0
21677,0
21678,0
21679,0
21680,0
21681,0
21682,0
21683,0
21684,0
21685,0
21686,0
21687,0
21688,0
21689,0
21690,0
21691,0
21692,0
21693,0
21694,0
21695,0
21696,0
21697,0
21698,0
21699,0
21700,0
21701,0
21702,0
21703,0
21704,0
21705,0
21706,0
21707,0
21708,0
21709,0
21710,0
21711,0
21712,0
21713,0
21714,0
21715,0
21716,0
21717,0
21718,0
21719,0
21720,0
21721,0
21722,0
21723,0
21724,0
21725,0
21726,0
21727,0
21728,0
21729,0
21730,0
21731,0
21732,0
21733,0
21734,0
21735,0
21736,0
21737,0
21738,0
21739,0
21740,0
21741,0
21742,0
21743,0
21744,0
21745,0
21746,0
21747,0
21748,0
21749,0
21750,0
21751,0
21752,0
21753,0
21754,0
21755,0
21756,0
21757,0
21758,0
21759,0
21760,0
21761,0
21762,0
21763,0
21764,0
21765,0
21766,0
21767,0
21768,0
21769,0
21770,0
21771,0
21772,0
21773,0
21774,0
21775,0
21776,0
21777,0
21778,0
21779,0
21780,0
21781,0
21782,0
21783,0
21784,0
21785,0
21786,0
21787,0
21788,0
21789,0
21790,0
21791,0
21792,0
21793,0
21794,0
21795,0
21796,0
21797,0
21798,0
21799,0
21800,0
21801,0
21802,0
21803,0
21804,0
21805,0
21806,0
21807,0
21808,0
21809,0
21810,0
21811,0
21812,0
21813,0
21814,0
21815,0
21816,0
21817,0
21818,0
21819,0
21820,0
21821,0
21822,0
21823,0
21824,0
21825,0
21826,0
21827,0
21828,0
21829,0
21830,0
21831,0
21832,0
21833,0
21834,0
21835,0
21836,0
21837,0
21838,0
21839,0
21840,0
21841,0
21842,0
21843,0
21844,0
21845,0
21846,0
21847,0
21848,0
21849,0
21850,0
21851,0
21852,0
21853,0
21854,0
21855,0
21856,0
21857,0
21858,0
21859,0
21860,0
21861,0
21862,0
21863,0
21864,0
21865,0
21866,0
21867,0
21868,0
21869,0
21870,0
21871,0
21872,0
21873,0
21874,0
21875,0
21876,0
21877,0
21878,0
21879,0
21880,0
21881,0
21882,0
21883,0
21884,0
21885,0
21886,0
21887,0
21888,0
21889,0
21890,0
21891,0
21892,0
21893,0
21894,0
21895,0
21896,0
21897,0
21898,0
21899,0
21900,0
21901,0
21902,0
21903,0
21904,0
21905,0
21906,0
21907,0
21908,0
21909,0
21910,0
21911,0
21912,0
21913,0
21914,0
21915,0
21916,0
21917,0
21918,0
21919,0
21920,0
21921,0
21922,0
21923,0
21924,0
21925,0
21926,0
21927,0
21928,0
21929,0
21930,0
21931,0
21932,0
21933,0
21934,0
21935,0
21936,0
21937,0
21938,0
21939,0
21940,0
21941,0
21942,0
21943,0
21944,0
21945,0
21946,0
21947,0
21948,0
21949,0
21950,0
21951,0
21952,0
21953,0
21954,0
21955,0
21956,0
21957,0
21958,0
21959,0
21960,0
21961,0
21962,0
21963,0
21964,0
21965,0
21966,0
21967,0
21968,0
21969,0
21970,0
21971,0
21972,0
21973,0
21974,0
21975,0
21976,0
21977,0
21978,0
21979,0
21980,0
21981,0
21982,0
21983,0
21984,0
21985,0
21986,0
21987,0
21988,0
21989,0
21990,0
21991,0
21992,0
21993,0
21994,0
21995,0
21996,0
21997,0
21998,0
21999,0
22000,0
22001,0
22002,0
22003,0
22004,0
22005,0
22006,0
22007,0
22008,0
22009,0
22010,0
22011,0
22012,0
22013,0
22014,0
22015,0
22016,0
22017,0
22018,0
22019,0
22020,0
22021,0
22022,0
22023,0
22024,0
22025,0
22026,0
22027,0
22028,0
22029,0
22030,0
22031,0
22032,0
22033,0
22034,0
22035,0
22036,0
22037,0
22038,0
22039,0
22040,0
22041,0
22042,0
22043,0
22044,0
22045,0
22046,0
22047,0
22048,0
22049,0
22050,0
22051,0
22052,0
22053,0
22054,0
22055,0
22056,0
22057,0
22058,0
22059,0
22060,0
22061,0
22062,0
22063,0
22064,0
22065,0
22066,0
22067,0
22068,0
22069,0
22070,0
22071,0
22072,0
22073,0
22074,0
22075,0
22076,0
22077,0
22078,0
22079,0
22080,0
22081,0
22082,0
22083,0
22084,0
22085,0
22086,0
22087,0
22088,0
22089,0
22090,0
22091,0
22092,0
22093,0
22094,0
22095,0
22096,0
22097,0
22098,0
22099,0
22100,0
22101,0
22102,0
22103,0
22104,0
22105,0
22106,0
22107,0
22108,0
22109,0
22110,0
22111,0
22112,0
22113,0
22114,0
22115,0
22116,0
22117,0
22118,0
22119,0
22120,0
22121,0
22122,0
22123,0
22124,0
22125,0
22126,0
22127,0
22128,0
22129,0
22130,0
22131,0
22132,0
22133,0
22134,0
22135,0
22136,0
22137,0
22138,0
22139,0
22140,0
22141,0
22142,0
22143,0
22144,0
22145,0
22146,0
22147,0
22148,0
22149,0
22150,0
22151,0
22152,0
22153,0
22154,0
22155,0
22156,0
22157,0
22158,0
22159,0
22160,0
22161,0
22162,0
22163,0
22164,0
22165,0
22166,0
22167,0
22168,0
22169,0
22170,0
22171,0
22172,0
22173,0
22174,0
22175,0
22176,0
22177,0
22178,0
22179,0
22180,0
22181,0
22182,0
22183,0
22184,0
22185,0
22186,0
22187,0
22188,0
22189,0
22190,0
22191,0
22192,0
22193,0
22194,0
22195,0
22196,0
22197,0
22198,0
22199,0
22200,0
22201,0
22202,0
22203,0
22204,0
22205,0
22206,0
22207,0
22208,0
22209,0
22210,0
22211,0
22212,0
22213,0
22214,0
22215,0
22216,0
22217,0
22218,0
22219,0
22220,0
22221,0
22222,0
22223,0
22224,0
22225,0
22226,0
22227,0
22228,0
22229,0
22230,0
22231,0
22232,0
22233,0
22234,0
22235,0
22236,0
22237,0
22238,0
22239,0
22240,0
22241,0
22242,0
22243,0
22244,0
22245,0
22246,0
22247,0
22248,0
22249,0
22250,0
22251,0
22252,0
22253,0
22254,0
22255,0
22256,0
22257,0
22258,0
22259,0
22260,0
22261,0
22262,0
22263,0
22264,0
22265,0
22266,0
22267,0
22268,0
22269,0
22270,0
22271,0
22272,0
22273,0
22274,0
22275,0
22276,0
22277,0
22278,0
22279,0
22280,0
22281,0
22282,0
22283,0
22284,0
22285,0
22286,0
22287,0
22288,0
22289,0
22290,0
22291,0
22292,0
22293,0
22294,0
22295,0
22296,0
22297,0
22298,0
22299,0
22300,0
22301,0
22302,0
22303,0
22304,0
22305,0
22306,0
22307,0
22308,0
22309,0
22310,0
22311,0
22312,0
22313,0
22314,0
22315,0
22316,0
22317,0
22318,0
22319,0
22320,0
22321,0
22322,0
22323,0
22324,0
22325,0
22326,0
22327,0
22328,0
22329,0
22330,0
22331,0
22332,0
22333,0
22334,0
22335,0
22336,0
22337,0
22338,0
22339,0
22340,0
22341,0
22342,0
22343,0
22344,0
22345,0
22346,0
22347,0
22348,0
22349,0
22350,0
22351,0
22352,0
22353,0
22354,0
22355,0
22356,0
22357,0
22358,0
22359,0
22360,0
22361,0
22362,0
22363,0
22364,0
22365,0
22366,0
22367,0
22368,0
22369,0
22370,0
22371,0
22372,0
22373,0
22374,0
22375,0
22376,0
22377,0
22378,0
22379,0
22380,0
22381,0
22382,0
22383,0
22384,0
22385,0
22386,0
22387,0
22388,0
22389,0
22390,0
22391,0
22392,0
22393,0
22394,0
22395,0
22396,0
22397,0
22398,0
22399,0
22400,0
22401,0
22402,0
22403,0
22404,0
22405,0
22406,0
22407,0
22408,0
22409,0
22410,0
22411,0
22412,0
22413,0
22414,0
22415,0
22416,0
22417,0
22418,0
22419,0
22420,0
22421,0
22422,0
22423,0
22424,0
22425,0
22426,0
22427,0
22428,0
22429,0
22430,0
22431,0
22432,0
22433,0
22434,0
22435,0
22436,0
22437,0
22438,0
22439,0
22440,0
22441,0
22442,0
22443,0
22444,0
22445,0
22446,0
22447,0
22448,0
22449,0
22450,0
22451,0
22452,0
22453,0
22454,0
22455,0
22456,0
22457,0
22458,0
22459,0
22460,0
22461,0
22462,0
22463,0
22464,0
22465,0
22466,0
22467,0
22468,0
22469,0
22470,0
22471,0
22472,0
22473,0
22474,0
22475,0
22476,0
22477,0
22478,0
22479,0
22480,0
22481,0
22482,0
22483,0
22484,0
22485,0
22486,0
22487,0
22488,0
22489,0
22490,0
22491,0
22492,0
22493,0
22494,0
22495,0
22496,0
22497,0
22498,0
22499,0
22500,0
22501,0
22502,0
22503,0
22504,0
22505,0
22506,0
22507,0
22508,0
22509,0
22510,0
22511,0
22512,0
22513,0
22514,0
22515,0
22516,0
22517,0
22518,0
22519,0
22520,0
22521,0
22522,0
22523,0
22524,0
22525,0
22526,0
22527,0
22528,0
22529,0
22530,0
22531,0
22532,0
22533,0
22534,0
22535,0
22536,0
22537,0
22538,0
22539,0
22540,0
22541,0
22542,0
22543,0
22544,0
22545,0
22546,0
22547,0
22548,0
22549,0
22550,0
22551,0
22552,0
22553,0
22554,0
22555,0
22556,0
22557,0
22558,0
22559,0
22560,0
22561,0
22562,0
22563,0
22564,0
22565,0
22566,0
22567,0
22568,0
22569,0
22570,0
22571,0
22572,0
22573,0
22574,0
22575,0
22576,0
22577,0
22578,0
22579,0
22580,0
22581,0
22582,0
22583,0
22584,0
22585,0
22586,0
22587,0
22588,0
22589,0
22590,0
22591,0
22592,0
22593,0
22594,0
22595,0
22596,0
22597,0
22598,0
22599,0
22600,0
22601,0
22602,0
22603,0
22604,0
22605,0
22606,0
22607,0
22608,0
22609,0
22610,0
22611,0
22612,0
22613,0
22614,0
22615,0
22616,0
22617,0
22618,0
22619,0
22620,0
22621,0
22622,0
22623,0
22624,0
22625,0
22626,0
22627,0
22628,0
22629,0
22630,0
22631,0
22632,0
22633,0
22634,0
22635,0
22636,0
22637,0
22638,0
22639,0
22640,0
22641,0
22642,0
22643,0
22644,0
22645,0
22646,0
22647,0
22648,0
22649,0
22650,0
22651,0
22652,0
22653,0
22654,0
22655,0
22656,0
22657,0
22658,0
22659,0
22660,0
22661,0
22662,0
22663,0
22664,0
22665,0
22666,0
22667,0
22668,0
22669,0
22670,0
22671,0
22672,0
22673,0
22674,0
22675,0
22676,0
22677,0
22678,0
22679,0
22680,0
22681,0
22682,0
22683,0
22684,0
22685,0
22686,0
22687,0
22688,0
22689,0
22690,0
22691,0
22692,0
22693,0
22694,0
22695,0
22696,0
22697,0
22698,0
22699,0
22700,0
22701,0
22702,0
22703,0
22704,0
22705,0
22706,0
22707,0
22708,0
22709,0
22710,0
22711,0
22712,0
22713,0
22714,0
22715,0
22716,0
22717,0
22718,0
22719,0
22720,0
22721,0
22722,0
22723,0
22724,0
22725,0
22726,0
22727,0
22728,0
22729,0
22730,0
22731,0
22732,0
22733,0
22734,0
22735,0
22736,0
22737,0
22738,0
22739,0
22740,0
22741,0
22742,0
22743,0
22744,0
22745,0
22746,0
22747,0
22748,0
22749,0
22750,0
22751,0
22752,0
22753,0
22754,0
22755,0
22756,0
22757,0
22758,0
22759,0
22760,0
22761,0
22762,0
22763,0
22764,0
22765,0
22766,0
22767,0
22768,0
22769,0
22770,0
22771,0
22772,0
22773,0
22774,0
22775,0
22776,0
22777,0
22778,0
22779,0
22780,0
22781,0
22782,0
22783,0
22784,0
22785,0
22786,0
22787,0
22788,0
22789,0
22790,0
22791,0
22792,0
22793,0
22794,0
22795,0
22796,0
22797,0
22798,0
22799,0
22800,0
22801,0
22802,0
22803,0
22804,0
22805,0
22806,0
22807,0
22808,0
22809,0
22810,0
22811,0
22812,0
22813,0
22814,0
22815,0
22816,0
22817,0
22818,0
22819,0
22820,0
22821,0
22822,0
22823,0
22824,0
22825,0
22826,0
22827,0
22828,0
22829,0
22830,0
22831,0
22832,0
22833,0
22834,0
22835,0
22836,0
22837,0
22838,0
22839,0
22840,0
22841,0
22842,0
22843,0
22844,0
22845,0
22846,0
22847,0
22848,0
22849,0
22850,0
22851,0
22852,0
22853,0
22854,0
22855,0
22856,0
22857,0
22858,0
22859,0
22860,0
22861,0
22862,0
22863,0
22864,0
22865,0
22866,0
22867,0
22868,0
22869,0
22870,0
22871,0
22872,0
22873,0
22874,0
22875,0
22876,0
22877,0
22878,0
22879,0
22880,0
22881,0
22882,0
22883,0
22884,0
22885,0
22886,0
22887,0
22888,0
22889,0
22890,0
22891,0
22892,0
22893,0
22894,0
22895,0
22896,0
22897,0
22898,0
22899,0
22900,0
22901,0
22902,0
22903,0
22904,0
22905,0
22906,0
22907,0
22908,0
22909,0
22910,0
22911,0
22912,0
22913,0
22914,0
22915,0
22916,0
22917,0
22918,0
22919,0
22920,0
22921,0
22922,0
22923,0
22924,0
22925,0
22926,0
22927,0
22928,0
22929,0
22930,0
22931,0
22932,0
22933,0
22934,0
22935,0
22936,0
22937,0
22938,0
22939,0
22940,0
22941,0
22942,0
22943,0
22944,0
22945,0
22946,0
22947,0
22948,0
22949,0
22950,0
22951,0
22952,0
22953,0
22954,0
22955,0
22956,0
22957,0
22958,0
22959,0
22960,0
22961,0
22962,0
22963,0
22964,0
22965,0
22966,0
22967,0
22968,0
22969,0
22970,0
22971,0
22972,0
22973,0
22974,0
22975,0
22976,0
22977,0
22978,0
22979,0
22980,0
22981,0
22982,0
22983,0
22984,0
22985,0
22986,0
22987,0
22988,0
22989,0
22990,0
22991,0
22992,0
22993,0
22994,0
22995,0
22996,0
22997,0
22998,0
22999,0
23000,0
23001,0
23002,0
23003,0
23004,0
23005,0
23006,0
23007,0
23008,0
23009,0
23010,0
23011,0
23012,0
23013,0
23014,0
23015,0
23016,0
23017,0
23018,0
23019,0
23020,0
23021,0
23022,0
23023,0
23024,0
23025,0
23026,0
23027,0
23028,0
23029,0
23030,0
23031,0
23032,0
23033,0
23034,0
23035,0
23036,0
23037,0
23038,0
23039,0
23040,0
23041,0
23042,0
23043,0
23044,0
23045,0
23046,0
23047,0
23048,0
23049,0
23050,0
23051,0
23052,0
23053,0
23054,0
23055,0
23056,0
23057,0
23058,0
23059,0
23060,0
23061,0
23062,0
23063,0
23064,0
23065,0
23066,0
23067,0
23068,0
23069,0
23070,0
23071,0
23072,0
23073,0
23074,0
23075,0
23076,0
23077,0
23078,0
23079,0
23080,0
23081,0
23082,0
23083,0
23084,0
23085,0
23086,0
23087,0
23088,0
23089,0
23090,0
23091,0
23092,0
23093,0
23094,0
23095,0
23096,0
23097,0
23098,0
23099,0
23100,0
23101,0
23102,0
23103,0
23104,0
23105,0
23106,0
23107,0
23108,0
23109,0
23110,0
23111,0
23112,0
23113,0
23114,0
23115,0
23116,0
23117,0
23118,0
23119,0
23120,0
23121,0
23122,0
23123,0
23124,0
23125,0
23126,0
23127,0
23128,0
23129,0
23130,0
23131,0
23132,0
23133,0
23134,0
23135,0
23136,0
23137,0
23138,0
23139,0
23140,0
23141,0
23142,0
23143,0
23144,0
23145,0
23146,0
23147,0
23148,0
23149,0
23150,0
23151,0
23152,0
23153,0
23154,0
23155,0
23156,0
23157,0
23158,0
23159,0
23160,0
23161,0
23162,0
23163,0
23164,0
23165,0
23166,0
23167,0
23168,0
23169,0
23170,0
23171,0
23172,0
23173,0
23174,0
23175,0
23176,0
23177,0
23178,0
23179,0
23180,0
23181,0
23182,0
23183,0
23184,0
23185,0
23186,0
23187,0
23188,0
23189,0
23190,0
23191,0
23192,0
23193,0
23194,0
23195,0
23196,0
23197,0
23198,0
23199,0
23200,0
23201,0
23202,0
23203,0
23204,0
23205,0
23206,0
23207,0
23208,0
23209,0
23210,0
23211,0
23212,0
23213,0
23214,0
23215,0
23216,0
23217,0
23218,0
23219,0
23220,0
23221,0
23222,0
23223,0
23224,0
23225,0
23226,0
23227,0
23228,0
23229,0
23230,0
23231,0
23232,0
23233,0
23234,0
23235,0
23236,0
23237,0
23238,0
23239,0
23240,0
23241,0
23242,0
23243,0
23244,0
23245,0
23246,0
23247,0
23248,0
23249,0
23250,0
23251,0
23252,0
23253,0
23254,0
23255,0
23256,0
23257,0
23258,0
23259,0
23260,0
23261,0
23262,0
23263,0
23264,0
23265,0
23266,0
23267,0
23268,0
23269,0
23270,0
23271,0
23272,0
23273,0
23274,0
23275,0
23276,0
23277,0
23278,0
23279,0
23280,0
23281,0
23282,0
23283,0
23284,0
23285,0
23286,0
23287,0
23288,0
23289,0
23290,0
23291,0
23292,0
23293,0
23294,0
23295,0
23296,0
23297,0
23298,0
23299,0
23300,0
23301,0
23302,0
23303,0
23304,0
23305,0
23306,0
23307,0
23308,0
23309,0
23310,0
23311,0
23312,0
23313,0
23314,0
23315,0
23316,0
23317,0
23318,0
23319,0
23320,0
23321,0
23322,0
23323,0
23324,0
23325,0
23326,0
23327,0
23328,0
23329,0
23330,0
23331,0
23332,0
23333,0
23334,0
23335,0
23336,0
23337,0
23338,0
23339,0
23340,0
23341,0
23342,0
23343,0
23344,0
23345,0
23346,0
23347,0
23348,0
23349,0
23350,0
23351,0
23352,0
23353,0
23354,0
23355,0
23356,0
23357,0
23358,0
23359,0
23360,0
23361,0
23362,0
23363,0
23364,0
23365,0
23366,0
23367,0
23368,0
23369,0
23370,0
23371,0
23372,0
23373,0
23374,0
23375,0
23376,0
23377,0
23378,0
23379,0
23380,0
23381,0
23382,0
23383,0
23384,0
23385,0
23386,0
23387,0
23388,0
23389,0
23390,0
23391,0
23392,0
23393,0
23394,0
23395,0
23396,0
23397,0
23398,0
23399,0
23400,0
23401,0
23402,0
23403,0
23404,0
23405,0
23406,0
23407,0
23408,0
23409,0
23410,0
23411,0
23412,0
23413,0
23414,0
23415,0
23416,0
23417,0
23418,0
23419,0
23420,0
23421,0
23422,0
23423,0
23424,0
23425,0
23426,0
23427,0
23428,0
23429,0
23430,0
23431,0
23432,0
23433,0
23434,0
23435,0
23436,0
23437,0
23438,0
23439,0
23440,0
23441,0
23442,0
23443,0
23444,0
23445,0
23446,0
23447,0
23448,0
23449,0
23450,0
23451,0
23452,0
23453,0
23454,0
23455,0
23456,0
23457,0
23458,0
23459,0
23460,0
23461,0
23462,0
23463,0
23464,0
23465,0
23466,0
23467,0
23468,0
23469,0
23470,0
23471,0
23472,0
23473,0
23474,0
23475,0
23476,0
23477,0
23478,0
23479,0
23480,0
23481,0
23482,0
23483,0
23484,0
23485,0
23486,0
23487,0
23488,0
23489,0
23490,0
23491,0
23492,0
23493,0
23494,0
23495,0
23496,0
23497,0
23498,0
23499,0
23500,0
23501,0
23502,0
23503,0
23504,0
23505,0
23506,0
23507,0
23508,0
23509,0
23510,0
23511,0
23512,0
23513,0
23514,0
23515,0
23516,0
23517,0
23518,0
23519,0
23520,0
23521,0
23522,0
23523,0
23524,0
23525,0
23526,0
23527,0
23528,0
23529,0
23530,0
23531,0
23532,0
23533,0
23534,0
23535,0
23536,0
23537,0
23538,0
23539,0
23540,0
23541,0
23542,0
23543,0
23544,0
23545,0
23546,0
23547,0
23548,0
23549,0
23550,0
23551,0
23552,0
23553,0
23554,0
23555,0
23556,0
23557,0
23558,0
23559,0
23560,0
23561,0
23562,0
23563,0
23564,0
23565,0
23566,0
23567,0
23568,0
23569,0
23570,0
23571,0
23572,0
23573,0
23574,0
23575,0
23576,0
23577,0
23578,0
23579,0
23580,0
23581,0
23582,0
23583,0
23584,0
23585,0
23586,0
23587,0
23588,0
23589,0
23590,0
23591,0
23592,0
23593,0
23594,0
23595,0
23596,0
23597,0
23598,0
23599,0
23600,0
23601,0
23602,0
23603,0
23604,0
23605,0
23606,0
23607,0
23608,0
23609,0
23610,0
23611,0
23612,0
23613,0
23614,0
23615,0
23616,0
23617,0
23618,0
23619,0
23620,0
23621,0
23622,0
23623,0
23624,0
23625,0
23626,0
23627,0
23628,0
23629,0
23630,0
23631,0
23632,0
23633,0
23634,0
23635,0
23636,0
23637,0
23638,0
23639,0
23640,0
23641,0
23642,0
23643,0
23644,0
23645,0
23646,0
23647,0
23648,0
23649,0
23650,0
23651,0
23652,0
23653,0
23654,0
23655,0
23656,0
23657,0
23658,0
23659,0
23660,0
23661,0
23662,0
23663,0
23664,0
23665,0
23666,0
23667,0
23668,0
23669,0
23670,0
23671,0
23672,0
23673,0
23674,0
23675,0
23676,0
23677,0
23678,0
23679,0
23680,0
23681,0
23682,0
23683,0
23684,0
23685,0
23686,0
23687,0
23688,0
23689,0
23690,0
23691,0
23692,0
23693,0
23694,0
23695,0
23696,0
23697,0
23698,0
23699,0
23700,0
23701,0
23702,0
23703,0
23704,0
23705,0
23706,0
23707,0
23708,0
23709,0
23710,0
23711,0
23712,0
23713,0
23714,0
23715,0
23716,0
23717,0
23718,0
23719,0
23720,0
23721,0
23722,0
23723,0
23724,0
23725,0
23726,0
23727,0
23728,0
23729,0
23730,0
23731,0
23732,0
23733,0
23734,0
23735,0
23736,0
23737,0
23738,0
23739,0
23740,0
23741,0
23742,0
23743,0
23744,0
23745,0
23746,0
23747,0
23748,0
23749,0
23750,0
23751,0
23752,0
23753,0
23754,0
23755,0
23756,0
23757,0
23758,0
23759,0
23760,0
23761,0
23762,0
23763,0
23764,0
23765,0
23766,0
23767,0
23768,0
23769,0
23770,0
23771,0
23772,0
23773,0
23774,0
23775,0
23776,0
23777,0
23778,0
23779,0
23780,0
23781,0
23782,0
23783,0
23784,0
23785,0
23786,0
23787,0
23788,0
23789,0
23790,0
23791,0
23792,0
23793,0
23794,0
23795,0
23796,0
23797,0
23798,0
23799,0
23800,0
23801,0
23802,0
23803,0
23804,0
23805,0
23806,0
23807,0
23808,0
23809,0
23810,0
23811,0
23812,0
23813,0
23814,0
23815,0
23816,0
23817,0
23818,0
23819,0
23820,0
23821,0
23822,0
23823,0
23824,0
23825,0
23826,0
23827,0
23828,0
23829,0
23830,0
23831,0
23832,0
23833,0
23834,0
23835,0
23836,0
23837,0
23838,0
23839,0
23840,0
23841,0
23842,0
23843,0
23844,0
23845,0
23846,0
23847,0
23848,0
23849,0
23850,0
23851,0
23852,0
23853,0
23854,0
23855,0
23856,0
23857,0
23858,0
23859,0
23860,0
23861,0
23862,0
23863,0
23864,0
23865,0
23866,0
23867,0
23868,0
23869,0
23870,0
23871,0
23872,0
23873,0
23874,0
23875,0
23876,0
23877,0
23878,0
23879,0
23880,0
23881,0
23882,0
23883,0
23884,0
23885,0
23886,0
23887,0
23888,0
23889,0
23890,0
23891,0
23892,0
23893,0
23894,0
23895,0
23896,0
23897,0
23898,0
23899,0
23900,0
23901,0
23902,0
23903,0
23904,0
23905,0
23906,0
23907,0
23908,0
23909,0
23910,0
23911,0
23912,0
23913,0
23914,0
23915,0
23916,0
23917,0
23918,0
23919,0
23920,0
23921,0
23922,0
23923,0
23924,0
23925,0
23926,0
23927,0
23928,0
23929,0
23930,0
23931,0
23932,0
23933,0
23934,0
23935,0
23936,0
23937,0
23938,0
23939,0
23940,0
23941,0
23942,0
23943,0
23944,0
23945,0
23946,0
23947,0
23948,0
23949,0
23950,0
23951,0
23952,0
23953,0
23954,0
23955,0
23956,0
23957,0
23958,0
23959,0
23960,0
23961,0
23962,0
23963,0
23964,0
23965,0
23966,0
23967,0
23968,0
23969,0
23970,0
23971,0
23972,0
23973,0
23974,0
23975,0
23976,0
23977,0
23978,0
23979,0
23980,0
23981,0
23982,0
23983,0
23984,0
23985,0
23986,0
23987,0
23988,0
23989,0
23990,0
23991,0
23992,0
23993,0
23994,0
23995,0
23996,0
23997,0
23998,0
23999,0
24000,0
24001,0
24002,0
24003,0
24004,0
24005,0
24006,0
24007,0
24008,0
24009,0
24010,0
24011,0
24012,0
24013,0
24014,0
24015,0
24016,0
24017,0
24018,0
24019,0
24020,0
24021,0
24022,0
24023,0
24024,0
24025,0
24026,0
24027,0
24028,0
24029,0
24030,0
24031,0
24032,0
24033,0
24034,0
24035,0
24036,0
24037,0
24038,0
24039,0
24040,0
24041,0
24042,0
24043,0
24044,0
24045,0
24046,0
24047,0
24048,0
24049,0
24050,0
24051,0
24052,0
24053,0
24054,0
24055,0
24056,0
24057,0
24058,0
24059,0
24060,0
24061,0
24062,0
24063,0
24064,0
24065,0
24066,0
24067,0
24068,0
24069,0
24070,0
24071,0
24072,0
24073,0
24074,0
24075,0
24076,0
24077,0
24078,0
24079,0
24080,0
24081,0
24082,0
24083,0
24084,0
24085,0
24086,0
24087,0
24088,0
24089,0
24090,0
24091,0
24092,0
24093,0
24094,0
24095,0
24096,0
24097,0
24098,0
24099,0
24100,0
24101,0
24102,0
24103,0
24104,0
24105,0
24106,0
24107,0
24108,0
24109,0
24110,0
24111,0
24112,0
24113,0
24114,0
24115,0
24116,0
24117,0
24118,0
24119,0
24120,0
24121,0
24122,0
24123,0
24124,0
24125,0
24126,0
24127,0
24128,0
24129,0
24130,0
24131,0
24132,0
24133,0
24134,0
24135,0
24136,0
24137,0
24138,0
24139,0
24140,0
24141,0
24142,0
24143,0
24144,0
24145,0
24146,0
24147,0
24148,0
24149,0
24150,0
24151,0
24152,0
24153,0
24154,0
24155,0
24156,0
24157,0
24158,0
24159,0
24160,0
24161,0
24162,0
24163,0
24164,0
24165,0
24166,0
24167,0
24168,0
24169,0
24170,0
24171,0
24172,0
24173,0
24174,0
24175,0
24176,0
24177,0
24178,0
24179,0
24180,0
24181,0
24182,0
24183,0
24184,0
24185,0
24186,0
24187,0
24188,0
24189,0
24190,0
24191,0
24192,0
24193,0
24194,0
24195,0
24196,0
24197,0
24198,0
24199,0
24200,0
24201,0
24202,0
24203,0
24204,0
24205,0
24206,0
24207,0
24208,0
24209,0
24210,0
24211,0
24212,0
24213,0
24214,0
24215,0
24216,0
24217,0
24218,0
24219,0
24220,0
24221,0
24222,0
24223,0
24224,0
24225,0
24226,0
24227,0
24228,0
24229,0
24230,0
24231,0
24232,0
24233,0
24234,0
24235,0
24236,0
24237,0
24238,0
24239,0
24240,0
24241,0
24242,0
24243,0
24244,0
24245,0
24246,0
24247,0
24248,0
24249,0
24250,0
24251,0
24252,0
24253,0
24254,0
24255,0
24256,0
24257,0
24258,0
24259,0
24260,0
24261,0
24262,0
24263,0
24264,0
24265,0
24266,0
24267,0
24268,0
24269,0
24270,0
24271,0
24272,0
24273,0
24274,0
24275,0
24276,0
24277,0
24278,0
24279,0
24280,0
24281,0
24282,0
24283,0
24284,0
24285,0
24286,0
24287,0
24288,0
24289,0
24290,0
24291,0
24292,0
24293,0
24294,0
24295,0
24296,0
24297,0
24298,0
24299,0
24300,0
24301,0
24302,0
24303,0
24304,0
24305,0
24306,0
24307,0
24308,0
24309,0
24310,0
24311,0
24312,0
24313,0
24314,0
24315,0
24316,0
24317,0
24318,0
24319,0
24320,0
24321,0
24322,0
24323,0
24324,0
24325,0
24326,0
24327,0
24328,0
24329,0
24330,0
24331,0
24332,0
24333,0
24334,0
24335,0
24336,0
24337,0
24338,0
24339,0
24340,0
24341,0
24342,0
24343,0
24344,0
24345,0
24346,0
24347,0
24348,0
24349,0
24350,0
24351,0
24352,0
24353,0
24354,0
24355,0
24356,0
24357,0
24358,0
24359,0
24360,0
24361,0
24362,0
24363,0
24364,0
24365,0
24366,0
24367,0
24368,0
24369,0
24370,0
24371,0
24372,0
24373,0
24374,0
24375,0
24376,0
24377,0
24378,0
24379,0
24380,0
24381,0
24382,0
24383,0
24384,0
24385,0
24386,0
24387,0
24388,0
24389,0
24390,0
24391,0
24392,0
24393,0
24394,0
24395,0
24396,0
24397,0
24398,0
24399,0
24400,0
24401,0
24402,0
24403,0
24404,0
24405,0
24406,0
24407,0
24408,0
24409,0
24410,0
24411,0
24412,0
24413,0
24414,0
24415,0
24416,0
24417,0
24418,0
24419,0
24420,0
24421,0
24422,0
24423,0
24424,0
24425,0
24426,0
24427,0
24428,0
24429,0
24430,0
24431,0
24432,0
24433,0
24434,0
24435,0
24436,0
24437,0
24438,0
24439,0
24440,0
24441,0
24442,0
24443,0
24444,0
24445,0
24446,0
24447,0
24448,0
24449,0
24450,0
24451,0
24452,0
24453,0
24454,0
24455,0
24456,0
24457,0
24458,0
24459,0
24460,0
24461,0
24462,0
24463,0
24464,0
24465,0
24466,0
24467,0
24468,0
24469,0
24470,0
24471,0
24472,0
24473,0
24474,0
24475,0
24476,0
24477,0
24478,0
24479,0
24480,0
24481,0
24482,0
24483,0
24484,0
24485,0
24486,0
24487,0
24488,0
24489,0
24490,0
24491,0
24492,0
24493,0
24494,0
24495,0
24496,0
24497,0
24498,0
24499,0
24500,0
24501,0
24502,0
24503,0
24504,0
24505,0
24506,0
24507,0
24508,0
24509,0
24510,0
24511,0
24512,0
24513,0
24514,0
24515,0
24516,0
24517,0
24518,0
24519,0
24520,0
24521,0
24522,0
24523,0
24524,0
24525,0
24526,0
24527,0
24528,0
24529,0
24530,0
24531,0
24532,0
24533,0
24534,0
24535,0
24536,0
24537,0
24538,0
24539,0
24540,0
24541,0
24542,0
24543,0
24544,0
24545,0
24546,0
24547,0
24548,0
24549,0
24550,0
24551,0
24552,0
24553,0
24554,0
24555,0
24556,0
24557,0
24558,0
24559,0
24560,0
24561,0
24562,0
24563,0
24564,0
24565,0
24566,0
24567,0
24568,0
24569,0
24570,0
24571,0
24572,0
24573,0
24574,0
24575,0
24576,0
24577,0
24578,0
24579,0
24580,0
24581,0
24582,0
24583,0
24584,0
24585,0
24586,0
24587,0
24588,0
24589,0
24590,0
24591,0
24592,0
24593,0
24594,0
24595,0
24596,0
24597,0
24598,0
24599,0
24600,0
24601,0
24602,0
24603,0
24604,0
24605,0
24606,0
24607,0
24608,0
24609,0
24610,0
24611,0
24612,0
24613,0
24614,0
24615,0
24616,0
24617,0
24618,0
24619,0
24620,0
24621,0
24622,0
24623,0
24624,0
24625,0
24626,0
24627,0
24628,0
24629,0
24630,0
24631,0
24632,0
24633,0
24634,0
24635,0
24636,0
24637,0
24638,0
24639,0
24640,0
24641,0
24642,0
24643,0
24644,0
24645,0
24646,0
24647,0
24648,0
24649,0
24650,0
24651,0
24652,0
24653,0
24654,0
24655,0
24656,0
24657,0
24658,0
24659,0
24660,0
24661,0
24662,0
24663,0
24664,0
24665,0
24666,0
24667,0
24668,0
24669,0
24670,0
24671,0
24672,0
24673,0
24674,0
24675,0
24676,0
24677,0
24678,0
24679,0
24680,0
24681,0
24682,0
24683,0
24684,0
24685,0
24686,0
24687,0
24688,0
24689,0
24690,0
24691,0
24692,0
24693,0
24694,0
24695,0
24696,0
24697,0
24698,0
24699,0
24700,0
24701,0
24702,0
24703,0
24704,0
24705,0
24706,0
24707,0
24708,0
24709,0
24710,0
24711,0
24712,0
24713,0
24714,0
24715,0
24716,0
24717,0
24718,0
24719,0
24720,0
24721,0
24722,0
24723,0
24724,0
24725,0
24726,0
24727,0
24728,0
24729,0
24730,0
24731,0
24732,0
24733,0
24734,0
24735,0
24736,0
24737,0
24738,0
24739,0
24740,0
24741,0
24742,0
24743,0
24744,0
24745,0
24746,0
24747,0
24748,0
24749,0
24750,0
24751,0
24752,0
24753,0
24754,0
24755,0
24756,0
24757,0
24758,0
24759,0
24760,0
24761,0
24762,0
24763,0
24764,0
24765,0
24766,0
24767,0
24768,0
24769,0
24770,0
24771,0
24772,0
24773,0
24774,0
24775,0
24776,0
24777,0
24778,0
24779,0
24780,0
24781,0
24782,0
24783,0
24784,0
24785,0
24786,0
24787,0
24788,0
24789,0
24790,0
24791,0
24792,0
24793,0
24794,0
24795,0
24796,0
24797,0
24798,0
24799,0
24800,0
24801,0
24802,0
24803,0
24804,0
24805,0
24806,0
24807,0
24808,0
24809,0
24810,0
24811,0
24812,0
24813,0
24814,0
24815,0
24816,0
24817,0
24818,0
24819,0
24820,0
24821,0
24822,0
24823,0
24824,0
24825,0
24826,0
24827,0
24828,0
24829,0
24830,0
24831,0
24832,0
24833,0
24834,0
24835,0
24836,0
24837,0
24838,0
24839,0
24840,0
24841,0
24842,0
24843,0
24844,0
24845,0
24846,0
24847,0
24848,0
24849,0
24850,0
24851,0
24852,0
24853,0
24854,0
24855,0
24856,0
24857,0
24858,0
24859,0
24860,0
24861,0
24862,0
24863,0
24864,0
24865,0
24866,0
24867,0
24868,0
24869,0
24870,0
24871,0
24872,0
24873,0
24874,0
24875,0
24876,0
24877,0
24878,0
24879,0
24880,0
24881,0
24882,0
24883,0
24884,0
24885,0
24886,0
24887,0
24888,0
24889,0
24890,0
24891,0
24892,0
24893,0
24894,0
24895,0
24896,0
24897,0
24898,0
24899,0
24900,0
24901,0
24902,0
24903,0
24904,0
24905,0
24906,0
24907,0
24908,0
24909,0
24910,0
24911,0
24912,0
24913,0
24914,0
24915,0
24916,0
24917,0
24918,0
24919,0
24920,0
24921,0
24922,0
24923,0
24924,0
24925,0
24926,0
24927,0
24928,0
24929,0
24930,0
24931,0
24932,0
24933,0
24934,0
24935,0
24936,0
24937,0
24938,0
24939,0
24940,0
24941,0
24942,0
24943,0
24944,0
24945,0
24946,0
24947,0
24948,0
24949,0
24950,0
24951,0
24952,0
24953,0
24954,0
24955,0
24956,0
24957,0
24958,0
24959,0
24960,0
24961,0
24962,0
24963,0
24964,0
24965,0
24966,0
24967,0
24968,0
24969,0
24970,0
24971,0
24972,0
24973,0
24974,0
24975,0
24976,0
24977,0
24978,0
24979,0
24980,0
24981,0
24982,0
24983,0
24984,0
24985,0
24986,0
24987,0
24988,0
24989,0
24990,0
24991,0
24992,0
24993,0
24994,0
24995,0
24996,0
24997,0
24998,0
24999,0
25000,0
25001,0
25002,0
25003,0
25004,0
25005,0
25006,0
25007,0
25008,0
25009,0
25010,0
25011,0
25012,0
25013,0
25014,0
25015,0
25016,0
25017,0
25018,0
25019,0
25020,0
25021,0
25022,0
25023,0
25024,0
25025,0
25026,0
25027,0
25028,0
25029,0
25030,0
25031,0
25032,0
25033,0
25034,0
25035,0
25036,0
25037,0
25038,0
25039,0
25040,0
25041,0
25042,0
25043,0
25044,0
25045,0
25046,0
25047,0
25048,0
25049,0
25050,0
25051,0
25052,0
25053,0
25054,0
25055,0
25056,0
25057,0
25058,0
25059,0
25060,0
25061,0
25062,0
25063,0
25064,0
25065,0
25066,0
25067,0
25068,0
25069,0
25070,0
25071,0
25072,0
25073,0
25074,0
25075,0
25076,0
25077,0
25078,0
25079,0
25080,0
25081,0
25082,0
25083,0
25084,0
25085,0
25086,0
25087,0
25088,0
25089,0
25090,0
25091,0
25092,0
25093,0
25094,0
25095,0
25096,0
25097,0
25098,0
25099,0
25100,0
25101,0
25102,0
25103,0
25104,0
25105,0
25106,0
25107,0
25108,0
25109,0
25110,0
25111,0
25112,0
25113,0
25114,0
25115,0
25116,0
25117,0
25118,0
25119,0
25120,0
25121,0
25122,0
25123,0
25124,0
25125,0
25126,0
25127,0
25128,0
25129,0
25130,0
25131,0
25132,0
25133,0
25134,0
25135,0
25136,0
25137,0
25138,0
25139,0
25140,0
25141,0
25142,0
25143,0
25144,0
25145,0
25146,0
25147,0
25148,0
25149,0
25150,0
25151,0
25152,0
25153,0
25154,0
25155,0
25156,0
25157,0
25158,0
25159,0
25160,0
25161,0
25162,0
25163,0
25164,0
25165,0
25166,0
25167,0
25168,0
25169,0
25170,0
25171,0
25172,0
25173,0
25174,0
25175,0
25176,0
25177,0
25178,0
25179,0
25180,0
25181,0
25182,0
25183,0
25184,0
25185,0
25186,0
25187,0
25188,0
25189,0
25190,0
25191,0
25192,0
25193,0
25194,0
25195,0
25196,0
25197,0
25198,0
25199,0
25200,0
25201,0
25202,0
25203,0
25204,0
25205,0
25206,0
25207,0
25208,0
25209,0
25210,0
25211,0
25212,0
25213,0
25214,0
25215,0
25216,0
25217,0
25218,0
25219,0
25220,0
25221,0
25222,0
25223,0
25224,0
25225,0
25226,0
25227,0
25228,0
25229,0
25230,0
25231,0
25232,0
25233,0
25234,0
25235,0
25236,0
25237,0
25238,0
25239,0
25240,0
25241,0
25242,0
25243,0
25244,0
25245,0
25246,0
25247,0
25248,0
25249,0
25250,0
25251,0
25252,0
25253,0
25254,0
25255,0
25256,0
25257,0
25258,0
25259,0
25260,0
25261,0
25262,0
25263,0
25264,0
25265,0
25266,0
25267,0
25268,0
25269,0
25270,0
25271,0
25272,0
25273,0
25274,0
25275,0
25276,0
25277,0
25278,0
25279,0
25280,0
25281,0
25282,0
25283,0
25284,0
25285,0
25286,0
25287,0
25288,0
25289,0
25290,0
25291,0
25292,0
25293,0
25294,0
25295,0
25296,0
25297,0
25298,0
25299,0
25300,0
25301,0
25302,0
25303,0
25304,0
25305,0
25306,0
25307,0
25308,0
25309,0
25310,0
25311,0
25312,0
25313,0
25314,0
25315,0
25316,0
25317,0
25318,0
25319,0
25320,0
25321,0
25322,0
25323,0
25324,0
25325,0
25326,0
25327,0
25328,0
25329,0
25330,0
25331,0
25332,0
25333,0
25334,0
25335,0
25336,0
25337,0
25338,0
25339,0
25340,0
25341,0
25342,0
25343,0
25344,0
25345,0
25346,0
25347,0
25348,0
25349,0
25350,0
25351,0
25352,0
25353,0
25354,0
25355,0
25356,0
25357,0
25358,0
25359,0
25360,0
25361,0
25362,0
25363,0
25364,0
25365,0
25366,0
25367,0
25368,0
25369,0
25370,0
25371,0
25372,0
25373,0
25374,0
25375,0
25376,0
25377,0
25378,0
25379,0
25380,0
25381,0
25382,0
25383,0
25384,0
25385,0
25386,0
25387,0
25388,0
25389,0
25390,0
25391,0
25392,0
25393,0
25394,0
25395,0
25396,0
25397,0
25398,0
25399,0
25400,0
25401,0
25402,0
25403,0
25404,0
25405,0
25406,0
25407,0
25408,0
25409,0
25410,0
25411,0
25412,0
25413,0
25414,0
25415,0
25416,0
25417,0
25418,0
25419,0
25420,0
25421,0
25422,0
25423,0
25424,0
25425,0
25426,0
25427,0
25428,0
25429,0
25430,0
25431,0
25432,0
25433,0
25434,0
25435,0
25436,0
25437,0
25438,0
25439,0
25440,0
25441,0
25442,0
25443,0
25444,0
25445,0
25446,0
25447,0
25448,0
25449,0
25450,0
25451,0
25452,0
25453,0
25454,0
25455,0
25456,0
25457,0
25458,0
25459,0
25460,0
25461,0
25462,0
25463,0
25464,0
25465,0
25466,0
25467,0
25468,0
25469,0
25470,0
25471,0
25472,0
25473,0
25474,0
25475,0
25476,0
25477,0
25478,0
25479,0
25480,0
25481,0
25482,0
25483,0
25484,0
25485,0
25486,0
25487,0
25488,0
25489,0
25490,0
25491,0
25492,0
25493,0
25494,0
25495,0
25496,0
25497,0
25498,0
25499,0
25500,0
25501,0
25502,0
25503,0
25504,0
25505,0
25506,0
25507,0
25508,0
25509,0
25510,0
25511,0
25512,0
25513,0
25514,0
25515,0
25516,0
25517,0
25518,0
25519,0
25520,0
25521,0
25522,0
25523,0
25524,0
25525,0
25526,0
25527,0
25528,0
25529,0
25530,0
25531,0
25532,0
25533,0
25534,0
25535,0
25536,0
25537,0
25538,0
25539,0
25540,0
25541,0
25542,0
25543,0
25544,0
25545,0
25546,0
25547,0
25548,0
25549,0
25550,0
25551,0
25552,0
25553,0
25554,0
25555,0
25556,0
25557,0
25558,0
25559,0
25560,0
25561,0
25562,0
25563,0
25564,0
25565,0
25566,0
25567,0
25568,0
25569,0
25570,0
25571,0
25572,0
25573,0
25574,0
25575,0
25576,0
25577,0
25578,0
25579,0
25580,0
25581,0
25582,0
25583,0
25584,0
25585,0
25586,0
25587,0
25588,0
25589,0
25590,0
25591,0
25592,0
25593,0
25594,0
25595,0
25596,0
25597,0
25598,0
25599,0
25600,0
25601,0
25602,0
25603,0
25604,0
25605,0
25606,0
25607,0
25608,0
25609,0
25610,0
25611,0
25612,0
25613,0
25614,0
25615,0
25616,0
25617,0
25618,0
25619,0
25620,0
25621,0
25622,0
25623,0
25624,0
25625,0
25626,0
25627,0
25628,0
25629,0
25630,0
25631,0
25632,0
25633,0
25634,0
25635,0
25636,0
25637,0
25638,0
25639,0
25640,0
25641,0
25642,0
25643,0
25644,0
25645,0
25646,0
25647,0
25648,0
25649,0
25650,0
25651,0
25652,0
25653,0
25654,0
25655,0
25656,0
25657,0
25658,0
25659,0
25660,0
25661,0
25662,0
25663,0
25664,0
25665,0
25666,0
25667,0
25668,0
25669,0
25670,0
25671,0
25672,0
25673,0
25674,0
25675,0
25676,0
25677,0
25678,0
25679,0
25680,0
25681,0
25682,0
25683,0
25684,0
25685,0
25686,0
25687,0
25688,0
25689,0
25690,0
25691,0
25692,0
25693,0
25694,0
25695,0
25696,0
25697,0
25698,0
25699,0
25700,0
25701,0
25702,0
25703,0
25704,0
25705,0
25706,0
25707,0
25708,0
25709,0
25710,0
25711,0
25712,0
25713,0
25714,0
25715,0
25716,0
25717,0
25718,0
25719,0
25720,0
25721,0
25722,0
25723,0
25724,0
25725,0
25726,0
25727,0
25728,0
25729,0
25730,0
25731,0
25732,0
25733,0
25734,0
25735,0
25736,0
25737,0
25738,0
25739,0
25740,0
25741,0
25742,0
25743,0
25744,0
25745,0
25746,0
25747,0
25748,0
25749,0
25750,0
25751,0
25752,0
25753,0
25754,0
25755,0
25756,0
25757,0
25758,0
25759,0
25760,0
25761,0
25762,0
25763,0
25764,0
25765,0
25766,0
25767,0
25768,0
25769,0
25770,0
25771,0
25772,0
25773,0
25774,0
25775,0
25776,0
25777,0
25778,0
25779,0
25780,0
25781,0
25782,0
25783,0
25784,0
25785,0
25786,0
25787,0
25788,0
25789,0
25790,0
25791,0
25792,0
25793,0
25794,0
25795,0
25796,0
25797,0
25798,0
25799,0
25800,0
25801,0
25802,0
25803,0
25804,0
25805,0
25806,0
25807,0
25808,0
25809,0
25810,0
25811,0
25812,0
25813,0
25814,0
25815,0
25816,0
25817,0
25818,0
25819,0
25820,0
25821,0
25822,0
25823,0
25824,0
25825,0
25826,0
25827,0
25828,0
25829,0
25830,0
25831,0
25832,0
25833,0
25834,0
25835,0
25836,0
25837,0
25838,0
25839,0
25840,0
25841,0
25842,0
25843,0
25844,0
25845,0
25846,0
25847,0
25848,0
25849,0
25850,0
25851,0
25852,0
25853,0
25854,0
25855,0
25856,0
25857,0
25858,0
25859,0
25860,0
25861,0
25862,0
25863,0
25864,0
25865,0
25866,0
25867,0
25868,0
25869,0
25870,0
25871,0
25872,0
25873,0
25874,0
25875,0
25876,0
25877,0
25878,0
25879,0
25880,0
25881,0
25882,0
25883,0
25884,0
25885,0
25886,0
25887,0
25888,0
25889,0
25890,0
25891,0
25892,0
25893,0
25894,0
25895,0
25896,0
25897,0
25898,0
25899,0
25900,0
25901,0
25902,0
25903,0
25904,0
25905,0
25906,0
25907,0
25908,0
25909,0
25910,0
25911,0
25912,0
25913,0
25914,0
25915,0
25916,0
25917,0
25918,0
25919,0
25920,0
25921,0
25922,0
25923,0
25924,0
25925,0
25926,0
25927,0
25928,0
25929,0
25930,0
25931,0
25932,0
25933,0
25934,0
25935,0
25936,0
25937,0
25938,0
25939,0
25940,0
25941,0
25942,0
25943,0
25944,0
25945,0
25946,0
25947,0
25948,0
25949,0
25950,0
25951,0
25952,0
25953,0
25954,0
25955,0
25956,0
25957,0
25958,0
25959,0
25960,0
25961,0
25962,0
25963,0
25964,0
25965,0
25966,0
25967,0
25968,0
25969,0
25970,0
25971,0
25972,0
25973,0
25974,0
25975,0
25976,0
25977,0
25978,0
25979,0
25980,0
25981,0
25982,0
25983,0
25984,0
25985,0
25986,0
25987,0
25988,0
25989,0
25990,0
25991,0
25992,0
25993,0
25994,0
25995,0
25996,0
25997,0
25998,0
25999,0
26000,0
26001,0
26002,0
26003,0
26004,0
26005,0
26006,0
26007,0
26008,0
26009,0
26010,0
26011,0
26012,0
26013,0
26014,0
26015,0
26016,0
26017,0
26018,0
26019,0
26020,0
26021,0
26022,0
26023,0
26024,0
26025,0
26026,0
26027,0
26028,0
26029,0
26030,0
26031,0
26032,0
26033,0
26034,0
26035,0
26036,0
26037,0
26038,0
26039,0
26040,0
26041,0
26042,0
26043,0
26044,0
26045,0
26046,0
26047,0
26048,0
26049,0
26050,0
26051,0
26052,0
26053,0
26054,0
26055,0
26056,0
26057,0
26058,0
26059,0
26060,0
26061,0
26062,0
26063,0
26064,0
26065,0
26066,0
26067,0
26068,0
26069,0
26070,0
26071,0
26072,0
26073,0
26074,0
26075,0
26076,0
26077,0
26078,0
26079,0
26080,0
26081,0
26082,0
26083,0
26084,0
26085,0
26086,0
26087,0
26088,0
26089,0
26090,0
26091,0
26092,0
26093,0
26094,0
26095,0
26096,0
26097,0
26098,0
26099,0
26100,0
26101,0
26102,0
26103,0
26104,0
26105,0
26106,0
26107,0
26108,0
26109,0
26110,0
26111,0
26112,0
26113,0
26114,0
26115,0
26116,0
26117,0
26118,0
26119,0
26120,0
26121,0
26122,0
26123,0
26124,0
26125,0
26126,0
26127,0
26128,0
26129,0
26130,0
26131,0
26132,0
26133,0
26134,0
26135,0
26136,0
26137,0
26138,0
26139,0
26140,0
26141,0
26142,0
26143,0
26144,0
26145,0
26146,0
26147,0
26148,0
26149,0
26150,0
26151,0
26152,0
26153,0
26154,0
26155,0
26156,0
26157,0
26158,0
26159,0
26160,0
26161,0
26162,0
26163,0
26164,0
26165,0
26166,0
26167,0
26168,0
26169,0
26170,0
26171,0
26172,0
26173,0
26174,0
26175,0
26176,0
26177,0
26178,0
26179,0
26180,0
26181,0
26182,0
26183,0
26184,0
26185,0
26186,0
26187,0
26188,0
26189,0
26190,0
26191,0
26192,0
26193,0
26194,0
26195,0
26196,0
26197,0
26198,0
26199,0
26200,0
26201,0
26202,0
26203,0
26204,0
26205,0
26206,0
26207,0
26208,0
26209,0
26210,0
26211,0
26212,0
26213,0
26214,0
26215,0
26216,0
26217,0
26218,0
26219,0
26220,0
26221,0
26222,0
26223,0
26224,0
26225,0
26226,0
26227,0
26228,0
26229,0
26230,0
26231,0
26232,0
26233,0
26234,0
26235,0
26236,0
26237,0
26238,0
26239,0
26240,0
26241,0
26242,0
26243,0
26244,0
26245,0
26246,0
26247,0
26248,0
26249,0
26250,0
26251,0
26252,0
26253,0
26254,0
26255,0
26256,0
26257,0
26258,0
26259,0
26260,0
26261,0
26262,0
26263,0
26264,0
26265,0
26266,0
26267,0
26268,0
26269,0
26270,0
26271,0
26272,0
26273,0
26274,0
26275,0
26276,0
26277,0
26278,0
26279,0
26280,0
26281,0
26282,0
26283,0
26284,0
26285,0
26286,0
26287,0
26288,0
26289,0
26290,0
26291,0
26292,0
26293,0
26294,0
26295,0
26296,0
26297,0
26298,0
26299,0
26300,0
26301,0
26302,0
26303,0
26304,0
26305,0
26306,0
26307,0
26308,0
26309,0
26310,0
26311,0
26312,0
26313,0
26314,0
26315,0
26316,0
26317,0
26318,0
26319,0
26320,0
26321,0
26322,0
26323,0
26324,0
26325,0
26326,0
26327,0
26328,0
26329,0
26330,0
26331,0
26332,0
26333,0
26334,0
26335,0
26336,0
26337,0
26338,0
26339,0
26340,0
26341,0
26342,0
26343,0
26344,0
26345,0
26346,0
26347,0
26348,0
26349,0
26350,0
26351,0
26352,0
26353,0
26354,0
26355,0
26356,0
26357,0
26358,0
26359,0
26360,0
26361,0
26362,0
26363,0
26364,0
26365,0
26366,0
26367,0
26368,0
26369,0
26370,0
26371,0
26372,0
26373,0
26374,0
26375,0
26376,0
26377,0
26378,0
26379,0
26380,0
26381,0
26382,0
26383,0
26384,0
26385,0
26386,0
26387,0
26388,0
26389,0
26390,0
26391,0
26392,0
26393,0
26394,0
26395,0
26396,0
26397,0
26398,0
26399,0
26400,0
26401,0
26402,0
26403,0
26404,0
26405,0
26406,0
26407,0
26408,0
26409,0
26410,0
26411,0
26412,0
26413,0
26414,0
26415,0
26416,0
26417,0
26418,0
26419,0
26420,0
26421,0
26422,0
26423,0
26424,0
26425,0
26426,0
26427,0
26428,0
26429,0
26430,0
26431,0
26432,0
26433,0
26434,0
26435,0
26436,0
26437,0
26438,0
26439,0
26440,0
26441,0
26442,0
26443,0
26444,0
26445,0
26446,0
26447,0
26448,0
26449,0
26450,0
26451,0
26452,0
26453,0
26454,0
26455,0
26456,0
26457,0
26458,0
26459,0
26460,0
26461,0
26462,0
26463,0
26464,0
26465,0
26466,0
26467,0
26468,0
26469,0
26470,0
26471,0
26472,0
26473,0
26474,0
26475,0
26476,0
26477,0
26478,0
26479,0
26480,0
26481,0
26482,0
26483,0
26484,0
26485,0
26486,0
26487,0
26488,0
26489,0
26490,0
26491,0
26492,0
26493,0
26494,0
26495,0
26496,0
26497,0
26498,0
26499,0
26500,0
26501,0
26502,0
26503,0
26504,0
26505,0
26506,0
26507,0
26508,0
26509,0
26510,0
26511,0
26512,0
26513,0
26514,0
26515,0
26516,0
26517,0
26518,0
26519,0
26520,0
26521,0
26522,0
26523,0
26524,0
26525,0
26526,0
26527,0
26528,0
26529,0
26530,0
26531,0
26532,0
26533,0
26534,0
26535,0
26536,0
26537,0
26538,0
26539,0
26540,0
26541,0
26542,0
26543,0
26544,0
26545,0
26546,0
26547,0
26548,0
26549,0
26550,0
26551,0
26552,0
26553,0
26554,0
26555,0
26556,0
26557,0
26558,0
26559,0
26560,0
26561,0
26562,0
26563,0
26564,0
26565,0
26566,0
26567,0
26568,0
26569,0
26570,0
26571,0
26572,0
26573,0
26574,0
26575,0
26576,0
26577,0
26578,0
26579,0
26580,0
26581,0
26582,0
26583,0
26584,0
26585,0
26586,0
26587,0
26588,0
26589,0
26590,0
26591,0
26592,0
26593,0
26594,0
26595,0
26596,0
26597,0
26598,0
26599,0
26600,0
26601,0
26602,0
26603,0
26604,0
26605,0
26606,0
26607,0
26608,0
26609,0
26610,0
26611,0
26612,0
26613,0
26614,0
26615,0
26616,0
26617,0
26618,0
26619,0
26620,0
26621,0
26622,0
26623,0
26624,0
26625,0
26626,0
26627,0
26628,0
26629,0
26630,0
26631,0
26632,0
26633,0
26634,0
26635,0
26636,0
26637,0
26638,0
26639,0
26640,0
26641,0
26642,0
26643,0
26644,0
26645,0
26646,0
26647,0
26648,0
26649,0
26650,0
26651,0
26652,0
26653,0
26654,0
26655,0
26656,0
26657,0
26658,0
26659,0
26660,0
26661,0
26662,0
26663,0
26664,0
26665,0
26666,0
26667,0
26668,0
26669,0
26670,0
26671,0
26672,0
26673,0
26674,0
26675,0
26676,0
26677,0
26678,0
26679,0
26680,0
26681,0
26682,0
26683,0
26684,0
26685,0
26686,0
26687,0
26688,0
26689,0
26690,0
26691,0
26692,0
26693,0
26694,0
26695,0
26696,0
26697,0
26698,0
26699,0
26700,0
26701,0
26702,0
26703,0
26704,0
26705,0
26706,0
26707,0
26708,0
26709,0
26710,0
26711,0
26712,0
26713,0
26714,0
26715,0
26716,0
26717,0
26718,0
26719,0
26720,0
26721,0
26722,0
26723,0
26724,0
26725,0
26726,0
26727,0
26728,0
26729,0
26730,0
26731,0
26732,0
26733,0
26734,0
26735,0
26736,0
26737,0
26738,0
26739,0
26740,0
26741,0
26742,0
26743,0
26744,0
26745,0
26746,0
26747,0
26748,0
26749,0
26750,0
26751,0
26752,0
26753,0
26754,0
26755,0
26756,0
26757,0
26758,0
26759,0
26760,0
26761,0
26762,0
26763,0
26764,0
26765,0
26766,0
26767,0
26768,0
26769,0
26770,0
26771,0
26772,0
26773,0
26774,0
26775,0
26776,0
26777,0
26778,0
26779,0
26780,0
26781,0
26782,0
26783,0
26784,0
26785,0
26786,0
26787,0
26788,0
26789,0
26790,0
26791,0
26792,0
26793,0
26794,0
26795,0
26796,0
26797,0
26798,0
26799,0
26800,0
26801,0
26802,0
26803,0
26804,0
26805,0
26806,0
26807,0
26808,0
26809,0
26810,0
26811,0
26812,0
26813,0
26814,0
26815,0
26816,0
26817,0
26818,0
26819,0
26820,0
26821,0
26822,0
26823,0
26824,0
26825,0
26826,0
26827,0
26828,0
26829,0
26830,0
26831,0
26832,0
26833,0
26834,0
26835,0
26836,0
26837,0
26838,0
26839,0
26840,0
26841,0
26842,0
26843,0
26844,0
26845,0
26846,0
26847,0
26848,0
26849,0
26850,0
26851,0
26852,0
26853,0
26854,0
26855,0
26856,0
26857,0
26858,0
26859,0
26860,0
26861,0
26862,0
26863,0
26864,0
26865,0
26866,0
26867,0
26868,0
26869,0
26870,0
26871,0
26872,0
26873,0
26874,0
26875,0
26876,0
26877,0
26878,0
26879,0
26880,0
26881,0
26882,0
26883,0
26884,0
26885,0
26886,0
26887,0
26888,0
26889,0
26890,0
26891,0
26892,0
26893,0
26894,0
26895,0
26896,0
26897,0
26898,0
26899,0
26900,0
26901,0
26902,0
26903,0
26904,0
26905,0
26906,0
26907,0
26908,0
26909,0
26910,0
26911,0
26912,0
26913,0
26914,0
26915,0
26916,0
26917,0
26918,0
26919,0
26920,0
26921,0
26922,0
26923,0
26924,0
26925,0
26926,0
26927,0
26928,0
26929,0
26930,0
26931,0
26932,0
26933,0
26934,0
26935,0
26936,0
26937,0
26938,0
26939,0
26940,0
26941,0
26942,0
26943,0
26944,0
26945,0
26946,0
26947,0
26948,0
26949,0
26950,0
26951,0
26952,0
26953,0
26954,0
26955,0
26956,0
26957,0
26958,0
26959,0
26960,0
26961,0
26962,0
26963,0
26964,0
26965,0
26966,0
26967,0
26968,0
26969,0
26970,0
26971,0
26972,0
26973,0
26974,0
26975,0
26976,0
26977,0
26978,0
26979,0
26980,0
26981,0
26982,0
26983,0
26984,0
26985,0
26986,0
26987,0
26988,0
26989,0
26990,0
26991,0
26992,0
26993,0
26994,0
26995,0
26996,0
26997,0
26998,0
26999,0
27000,0
27001,0
27002,0
27003,0
27004,0
27005,0
27006,0
27007,0
27008,0
27009,0
27010,0
27011,0
27012,0
27013,0
27014,0
27015,0
27016,0
27017,0
27018,0
27019,0
27020,0
27021,0
27022,0
27023,0
27024,0
27025,0
27026,0
27027,0
27028,0
27029,0
27030,0
27031,0
27032,0
27033,0
27034,0
27035,0
27036,0
27037,0
27038,0
27039,0
27040,0
27041,0
27042,0
27043,0
27044,0
27045,0
27046,0
27047,0
27048,0
27049,0
27050,0
27051,0
27052,0
27053,0
27054,0
27055,0
27056,0
27057,0
27058,0
27059,0
27060,0
27061,0
27062,0
27063,0
27064,0
27065,0
27066,0
27067,0
27068,0
27069,0
27070,0
27071,0
27072,0
27073,0
27074,0
27075,0
27076,0
27077,0
27078,0
27079,0
27080,0
27081,0
27082,0
27083,0
27084,0
27085,0
27086,0
27087,0
27088,0
27089,0
27090,0
27091,0
27092,0
27093,0
27094,0
27095,0
27096,0
27097,0
27098,0
27099,0
27100,0
27101,0
27102,0
27103,0
27104,0
27105,0
27106,0
27107,0
27108,0
27109,0
27110,0
27111,0
27112,0
27113,0
27114,0
27115,0
27116,0
27117,0
27118,0
27119,0
27120,0
27121,0
27122,0
27123,0
27124,0
27125,0
27126,0
27127,0
27128,0
27129,0
27130,0
27131,0
27132,0
27133,0
27134,0
27135,0
27136,0
27137,0
27138,0
27139,0
27140,0
27141,0
27142,0
27143,0
27144,0
27145,0
27146,0
27147,0
27148,0
27149,0
27150,0
27151,0
27152,0
27153,0
27154,0
27155,0
27156,0
27157,0
27158,0
27159,0
27160,0
27161,0
27162,0
27163,0
27164,0
27165,0
27166,0
27167,0
27168,0
27169,0
27170,0
27171,0
27172,0
27173,0
27174,0
27175,0
27176,0
27177,0
27178,0
27179,0
27180,0
27181,0
27182,0
27183,0
27184,0
27185,0
27186,0
27187,0
27188,0
27189,0
27190,0
27191,0
27192,0
27193,0
27194,0
27195,0
27196,0
27197,0
27198,0
27199,0
27200,0
27201,0
27202,0
27203,0
27204,0
27205,0
27206,0
27207,0
27208,0
27209,0
27210,0
27211,0
27212,0
27213,0
27214,0
27215,0
27216,0
27217,0
27218,0
27219,0
27220,0
27221,0
27222,0
27223,0
27224,0
27225,0
27226,0
27227,0
27228,0
27229,0
27230,0
27231,0
27232,0
27233,0
27234,0
27235,0
27236,0
27237,0
27238,0
27239,0
27240,0
27241,0
27242,0
27243,0
27244,0
27245,0
27246,0
27247,0
27248,0
27249,0
27250,0
27251,0
27252,0
27253,0
27254,0
27255,0
27256,0
27257,0
27258,0
27259,0
27260,0
27261,0
27262,0
27263,0
27264,0
27265,0
27266,0
27267,0
27268,0
27269,0
27270,0
27271,0
27272,0
27273,0
27274,0
27275,0
27276,0
27277,0
27278,0
27279,0
27280,0
27281,0
27282,0
27283,0
27284,0
27285,0
27286,0
27287,0
27288,0
27289,0
27290,0
27291,0
27292,0
27293,0
27294,0
27295,0
27296,0
27297,0
27298,0
27299,0
27300,0
27301,0
27302,0
27303,0
27304,0
27305,0
27306,0
27307,0
27308,0
27309,0
27310,0
27311,0
27312,0
27313,0
27314,0
27315,0
27316,0
27317,0
27318,0
27319,0
27320,0
27321,0
27322,0
27323,0
27324,0
27325,0
27326,0
27327,0
27328,0
27329,0
27330,0
27331,0
27332,0
27333,0
27334,0
27335,0
27336,0
27337,0
27338,0
27339,0
27340,0
27341,0
27342,0
27343,0
27344,0
27345,0
27346,0
27347,0
27348,0
27349,0
27350,0
27351,0
27352,0
27353,0
27354,0
27355,0
27356,0
27357,0
27358,0
27359,0
27360,0
27361,0
27362,0
27363,0
27364,0
27365,0
27366,0
27367,0
27368,0
27369,0
27370,0
27371,0
27372,0
27373,0
27374,0
27375,0
27376,0
27377,0
27378,0
27379,0
27380,0
27381,0
27382,0
27383,0
27384,0
27385,0
27386,0
27387,0
27388,0
27389,0
27390,0
27391,0
27392,0
27393,0
27394,0
27395,0
27396,0
27397,0
27398,0
27399,0
27400,0
27401,0
27402,0
27403,0
27404,0
27405,0
27406,0
27407,0
27408,0
27409,0
27410,0
27411,0
27412,0
27413,0
27414,0
27415,0
27416,0
27417,0
27418,0
27419,0
27420,0
27421,0
27422,0
27423,0
27424,0
27425,0
27426,0
27427,0
27428,0
27429,0
27430,0
27431,0
27432,0
27433,0
27434,0
27435,0
27436,0
27437,0
27438,0
27439,0
27440,0
27441,0
27442,0
27443,0
27444,0
27445,0
27446,0
27447,0
27448,0
27449,0
27450,0
27451,0
27452,0
27453,0
27454,0
27455,0
27456,0
27457,0
27458,0
27459,0
27460,0
27461,0
27462,0
27463,0
27464,0
27465,0
27466,0
27467,0
27468,0
27469,0
27470,0
27471,0
27472,0
27473,0
27474,0
27475,0
27476,0
27477,0
27478,0
27479,0
27480,0
27481,0
27482,0
27483,0
27484,0
27485,0
27486,0
27487,0
27488,0
27489,0
27490,0
27491,0
27492,0
27493,0
27494,0
27495,0
27496,0
27497,0
27498,0
27499,0
27500,0
27501,0
27502,0
27503,0
27504,0
27505,0
27506,0
27507,0
27508,0
27509,0
27510,0
27511,0
27512,0
27513,0
27514,0
27515,0
27516,0
27517,0
27518,0
27519,0
27520,0
27521,0
27522,0
27523,0
27524,0
27525,0
27526,0
27527,0
27528,0
27529,0
27530,0
27531,0
27532,0
27533,0
27534,0
27535,0
27536,0
27537,0
27538,0
27539,0
27540,0
27541,0
27542,0
27543,0
27544,0
27545,0
27546,0
27547,0
27548,0
27549,0
27550,0
27551,0
27552,0
27553,0
27554,0
27555,0
27556,0
27557,0
27558,0
27559,0
27560,0
27561,0
27562,0
27563,0
27564,0
27565,0
27566,0
27567,0
27568,0
27569,0
27570,0
27571,0
27572,0
27573,0
27574,0
27575,0
27576,0
27577,0
27578,0
27579,0
27580,0
27581,0
27582,0
27583,0
27584,0
27585,0
27586,0
27587,0
27588,0
27589,0
27590,0
27591,0
27592,0
27593,0
27594,0
27595,0
27596,0
27597,0
27598,0
27599,0
27600,0
27601,0
27602,0
27603,0
27604,0
27605,0
27606,0
27607,0
27608,0
27609,0
27610,0
27611,0
27612,0
27613,0
27614,0
27615,0
27616,0
27617,0
27618,0
27619,0
27620,0
27621,0
27622,0
27623,0
27624,0
27625,0
27626,0
27627,0
27628,0
27629,0
27630,0
27631,0
27632,0
27633,0
27634,0
27635,0
27636,0
27637,0
27638,0
27639,0
27640,0
27641,0
27642,0
27643,0
27644,0
27645,0
27646,0
27647,0
27648,0
27649,0
27650,0
27651,0
27652,0
27653,0
27654,0
27655,0
27656,0
27657,0
27658,0
27659,0
27660,0
27661,0
27662,0
27663,0
27664,0
27665,0
27666,0
27667,0
27668,0
27669,0
27670,0
27671,0
27672,0
27673,0
27674,0
27675,0
27676,0
27677,0
27678,0
27679,0
27680,0
27681,0
27682,0
27683,0
27684,0
27685,0
27686,0
27687,0
27688,0
27689,0
27690,0
27691,0
27692,0
27693,0
27694,0
27695,0
27696,0
27697,0
27698,0
27699,0
27700,0
27701,0
27702,0
27703,0
27704,0
27705,0
27706,0
27707,0
27708,0
27709,0
27710,0
27711,0
27712,0
27713,0
27714,0
27715,0
27716,0
27717,0
27718,0
27719,0
27720,0
27721,0
27722,0
27723,0
27724,0
27725,0
27726,0
27727,0
27728,0
27729,0
27730,0
27731,0
27732,0
27733,0
27734,0
27735,0
27736,0
27737,0
27738,0
27739,0
27740,0
27741,0
27742,0
27743,0
27744,0
27745,0
27746,0
27747,0
27748,0
27749,0
27750,0
27751,0
27752,0
27753,0
27754,0
27755,0
27756,0
27757,0
27758,0
27759,0
27760,0
27761,0
27762,0
27763,0
27764,0
27765,0
27766,0
27767,0
27768,0
27769,0
27770,0
27771,0
27772,0
27773,0
27774,0
27775,0
27776,0
27777,0
27778,0
27779,0
27780,0
27781,0
27782,0
27783,0
27784,0
27785,0
27786,0
27787,0
27788,0
27789,0
27790,0
27791,0
27792,0
27793,0
27794,0
27795,0
27796,0
27797,0
27798,0
27799,0
27800,0
27801,0
27802,0
27803,0
27804,0
27805,0
27806,0
27807,0
27808,0
27809,0
27810,0
27811,0
27812,0
27813,0
27814,0
27815,0
27816,0
27817,0
27818,0
27819,0
27820,0
27821,0
27822,0
27823,0
27824,0
27825,0
27826,0
27827,0
27828,0
27829,0
27830,0
27831,0
27832,0
27833,0
27834,0
27835,0
27836,0
27837,0
27838,0
27839,0
27840,0
27841,0
27842,0
27843,0
27844,0
27845,0
27846,0
27847,0
27848,0
27849,0
27850,0
27851,0
27852,0
27853,0
27854,0
27855,0
27856,0
27857,0
27858,0
27859,0
27860,0
27861,0
27862,0
27863,0
27864,0
27865,0
27866,0
27867,0
27868,0
27869,0
27870,0
27871,0
27872,0
27873,0
27874,0
27875,0
27876,0
27877,0
27878,0
27879,0
27880,0
27881,0
27882,0
27883,0
27884,0
27885,0
27886,0
27887,0
27888,0
27889,0
27890,0
27891,0
27892,0
27893,0
27894,0
27895,0
27896,0
27897,0
27898,0
27899,0
27900,0
27901,0
27902,0
27903,0
27904,0
27905,0
27906,0
27907,0
27908,0
27909,0
27910,0
27911,0
27912,0
27913,0
27914,0
27915,0
27916,0
27917,0
27918,0
27919,0
27920,0
27921,0
27922,0
27923,0
27924,0
27925,0
27926,0
27927,0
27928,0
27929,0
27930,0
27931,0
27932,0
27933,0
27934,0
27935,0
27936,0
27937,0
27938,0
27939,0
27940,0
27941,0
27942,0
27943,0
27944,0
27945,0
27946,0
27947,0
27948,0
27949,0
27950,0
27951,0
27952,0
27953,0
27954,0
27955,0
27956,0
27957,0
27958,0
27959,0
27960,0
27961,0
27962,0
27963,0
27964,0
27965,0
27966,0
27967,0
27968,0
27969,0
27970,0
27971,0
27972,0
27973,0
27974,0
27975,0
27976,0
27977,0
27978,0
27979,0
27980,0
27981,0
27982,0
27983,0
27984,0
27985,0
27986,0
27987,0
27988,0
27989,0
27990,0
27991,0
27992,0
27993,0
27994,0
27995,0
27996,0
27997,0
27998,0
27999,0
28000,0
28001,0
28002,0
28003,0
28004,0
28005,0
28006,0
28007,0
28008,0
28009,0
28010,0
28011,0
28012,0
28013,0
28014,0
28015,0
28016,0
28017,0
28018,0
28019,0
28020,0
28021,0
28022,0
28023,0
28024,0
28025,0
28026,0
28027,0
28028,0
28029,0
28030,0
28031,0
28032,0
28033,0
28034,0
28035,0
28036,0
28037,0
28038,0
28039,0
28040,0
28041,0
28042,0
28043,0
28044,0
28045,0
28046,0
28047,0
28048,0
28049,0
28050,0
28051,0
28052,0
28053,0
28054,0
28055,0
28056,0
28057,0
28058,0
28059,0
28060,0
28061,0
28062,0
28063,0
28064,0
28065,0
28066,0
28067,0
28068,0
28069,0
28070,0
28071,0
28072,0
28073,0
28074,0
28075,0
28076,0
28077,0
28078,0
28079,0
28080,0
28081,0
28082,0
28083,0
28084,0
28085,0
28086,0
28087,0
28088,0
28089,0
28090,0
28091,0
28092,0
28093,0
28094,0
28095,0
28096,0
28097,0
28098,0
28099,0
28100,0
28101,0
28102,0
28103,0
28104,0
28105,0
28106,0
28107,0
28108,0
28109,0
28110,0
28111,0
28112,0
28113,0
28114,0
28115,0
28116,0
28117,0
28118,0
28119,0
28120,0
28121,0
28122,0
28123,0
28124,0
28125,0
28126,0
28127,0
28128,0
28129,0
28130,0
28131,0
28132,0
28133,0
28134,0
28135,0
28136,0
28137,0
28138,0
28139,0
28140,0
28141,0
28142,0
28143,0
28144,0
28145,0
28146,0
28147,0
28148,0
28149,0
28150,0
28151,0
28152,0
28153,0
28154,0
28155,0
28156,0
28157,0
28158,0
28159,0
28160,0
28161,0
28162,0
28163,0
28164,0
28165,0
28166,0
28167,0
28168,0
28169,0
28170,0
28171,0
28172,0
28173,0
28174,0
28175,0
28176,0
28177,0
28178,0
28179,0
28180,0
28181,0
28182,0
28183,0
28184,0
28185,0
28186,0
28187,0
28188,0
28189,0
28190,0
28191,0
28192,0
28193,0
28194,0
28195,0
28196,0
28197,0
28198,0
28199,0
28200,0
28201,0
28202,0
28203,0
28204,0
28205,0
28206,0
28207,0
28208,0
28209,0
28210,0
28211,0
28212,0
28213,0
28214,0
28215,0
28216,0
28217,0
28218,0
28219,0
28220,0
28221,0
28222,0
28223,0
28224,0
28225,0
28226,0
28227,0
28228,0
28229,0
28230,0
28231,0
28232,0
28233,0
28234,0
28235,0
28236,0
28237,0
28238,0
28239,0
28240,0
28241,0
28242,0
28243,0
28244,0
28245,0
28246,0
28247,0
28248,0
28249,0
28250,0
28251,0
28252,0
28253,0
28254,0
28255,0
28256,0
28257,0
28258,0
28259,0
28260,0
28261,0
28262,0
28263,0
28264,0
28265,0
28266,0
28267,0
28268,0
28269,0
28270,0
28271,0
28272,0
28273,0
28274,0
28275,0
28276,0
28277,0
28278,0
28279,0
28280,0
28281,0
28282,0
28283,0
28284,0
28285,0
28286,0
28287,0
28288,0
28289,0
28290,0
28291,0
28292,0
28293,0
28294,0
28295,0
28296,0
28297,0
28298,0
28299,0
28300,0
28301,0
28302,0
28303,0
28304,0
28305,0
28306,0
28307,0
28308,0
28309,0
28310,0
28311,0
28312,0
28313,0
28314,0
28315,0
28316,0
28317,0
28318,0
28319,0
28320,0
28321,0
28322,0
28323,0
28324,0
28325,0
28326,0
28327,0
28328,0
28329,0
28330,0
28331,0
28332,0
28333,0
28334,0
28335,0
28336,0
28337,0
28338,0
28339,0
28340,0
28341,0
28342,0
28343,0
28344,0
28345,0
28346,0
28347,0
28348,0
28349,0
28350,0
28351,0
28352,0
28353,0
28354,0
28355,0
28356,0
28357,0
28358,0
28359,0
28360,0
28361,0
28362,0
28363,0
28364,0
28365,0
28366,0
28367,0
28368,0
28369,0
28370,0
28371,0
28372,0
28373,0
28374,0
28375,0
28376,0
28377,0
28378,0
28379,0
28380,0
28381,0
28382,0
28383,0
28384,0
28385,0
28386,0
28387,0
28388,0
28389,0
28390,0
28391,0
28392,0
28393,0
28394,0
28395,0
28396,0
28397,0
28398,0
28399,0
28400,0
28401,0
28402,0
28403,0
28404,0
28405,0
28406,0
28407,0
28408,0
28409,0
28410,0
28411,0
28412,0
28413,0
28414,0
28415,0
28416,0
28417,0
28418,0
28419,0
28420,0
28421,0
28422,0
28423,0
28424,0
28425,0
28426,0
28427,0
28428,0
28429,0
28430,0
28431,0
28432,0
28433,0
28434,0
28435,0
28436,0
28437,0
28438,0
28439,0
28440,0
28441,0
28442,0
28443,0
28444,0
28445,0
28446,0
28447,0
28448,0
28449,0
28450,0
28451,0
28452,0
28453,0
28454,0
28455,0
28456,0
28457,0
28458,0
28459,0
28460,0
28461,0
28462,0
28463,0
28464,0
28465,0
28466,0
28467,0
28468,0
28469,0
28470,0
28471,0
28472,0
28473,0
28474,0
28475,0
28476,0
28477,0
28478,0
28479,0
28480,0
28481,0
28482,0
28483,0
28484,0
28485,0
28486,0
28487,0
28488,0
28489,0
28490,0
28491,0
28492,0
28493,0
28494,0
28495,0
28496,0
28497,0
28498,0
28499,0
28500,0
28501,0
28502,0
28503,0
28504,0
28505,0
28506,0
28507,0
28508,0
28509,0
28510,0
28511,0
28512,0
28513,0
28514,0
28515,0
28516,0
28517,0
28518,0
28519,0
28520,0
28521,0
28522,0
28523,0
28524,0
28525,0
28526,0
28527,0
28528,0
28529,0
28530,0
28531,0
28532,0
28533,0
28534,0
28535,0
28536,0
28537,0
28538,0
28539,0
28540,0
28541,0
28542,0
28543,0
28544,0
28545,0
28546,0
28547,0
28548,0
28549,0
28550,0
28551,0
28552,0
28553,0
28554,0
28555,0
28556,0
28557,0
28558,0
28559,0
28560,0
28561,0
28562,0
28563,0
28564,0
28565,0
28566,0
28567,0
28568,0
28569,0
28570,0
28571,0
28572,0
28573,0
28574,0
28575,0
28576,0
28577,0
28578,0
28579,0
28580,0
28581,0
28582,0
28583,0
28584,0
28585,0
28586,0
28587,0
28588,0
28589,0
28590,0
28591,0
28592,0
28593,0
28594,0
28595,0
28596,0
28597,0
28598,0
28599,0
28600,0
28601,0
28602,0
28603,0
28604,0
28605,0
28606,0
28607,0
28608,0
28609,0
28610,0
28611,0
28612,0
28613,0
28614,0
28615,0
28616,0
28617,0
28618,0
28619,0
28620,0
28621,0
28622,0
28623,0
28624,0
28625,0
28626,0
28627,0
28628,0
28629,0
28630,0
28631,0
28632,0
28633,0
28634,0
28635,0
28636,0
28637,0
28638,0
28639,0
28640,0
28641,0
28642,0
28643,0
28644,0
28645,0
28646,0
28647,0
28648,0
28649,0
28650,0
28651,0
28652,0
28653,0
28654,0
28655,0
28656,0
28657,0
28658,0
28659,0
28660,0
28661,0
28662,0
28663,0
28664,0
28665,0
28666,0
28667,0
28668,0
28669,0
28670,0
28671,0
28672,0
28673,0
28674,0
28675,0
28676,0
28677,0
28678,0
28679,0
28680,0
28681,0
28682,0
28683,0
28684,0
28685,0
28686,0
28687,0
28688,0
28689,0
28690,0
28691,0
28692,0
28693,0
28694,0
28695,0
28696,0
28697,0
28698,0
28699,0
28700,0
28701,0
28702,0
28703,0
28704,0
28705,0
28706,0
28707,0
28708,0
28709,0
28710,0
28711,0
28712,0
28713,0
28714,0
28715,0
28716,0
28717,0
28718,0
28719,0
28720,0
28721,0
28722,0
28723,0
28724,0
28725,0
28726,0
28727,0
28728,0
28729,0
28730,0
28731,0
28732,0
28733,0
28734,0
28735,0
28736,0
28737,0
28738,0
28739,0
28740,0
28741,0
28742,0
28743,0
28744,0
28745,0
28746,0
28747,0
28748,0
28749,0
28750,0
28751,0
28752,0
28753,0
28754,0
28755,0
28756,0
28757,0
28758,0
28759,0
28760,0
28761,0
28762,0
28763,0
28764,0
28765,0
28766,0
28767,0
28768,0
28769,0
28770,0
28771,0
28772,0
28773,0
28774,0
28775,0
28776,0
28777,0
28778,0
28779,0
28780,0
28781,0
28782,0
28783,0
28784,0
28785,0
28786,0
28787,0
28788,0
28789,0
28790,0
28791,0
28792,0
28793,0
28794,0
28795,0
28796,0
28797,0
28798,0
28799,0
28800,0
28801,0
28802,0
28803,0
28804,0
28805,0
28806,0
28807,0
28808,0
28809,0
28810,0
28811,0
28812,0
28813,0
28814,0
28815,0
28816,0
28817,0
28818,0
28819,0
28820,0
28821,0
28822,0
28823,0
28824,0
28825,0
28826,0
28827,0
28828,0
28829,0
28830,0
28831,0
28832,0
28833,0
28834,0
28835,0
28836,0
28837,0
28838,0
28839,0
28840,0
28841,0
28842,0
28843,0
28844,0
28845,0
28846,0
28847,0
28848,0
28849,0
28850,0
28851,0
28852,0
28853,0
28854,0
28855,0
28856,0
28857,0
28858,0
28859,0
28860,0
28861,0
28862,0
28863,0
28864,0
28865,0
28866,0
28867,0
28868,0
28869,0
28870,0
28871,0
28872,0
28873,0
28874,0
28875,0
28876,0
28877,0
28878,0
28879,0
28880,0
28881,0
28882,0
28883,0
28884,0
28885,0
28886,0
28887,0
28888,0
28889,0
28890,0
28891,0
28892,0
28893,0
28894,0
28895,0
28896,0
28897,0
28898,0
28899,0
28900,0
28901,0
28902,0
28903,0
28904,0
28905,0
28906,0
28907,0
28908,0
28909,0
28910,0
28911,0
28912,0
28913,0
28914,0
28915,0
28916,0
28917,0
28918,0
28919,0
28920,0
28921,0
28922,0
28923,0
28924,0
28925,0
28926,0
28927,0
28928,0
28929,0
28930,0
28931,0
28932,0
28933,0
28934,0
28935,0
28936,0
28937,0
28938,0
28939,0
28940,0
28941,0
28942,0
28943,0
28944,0
28945,0
28946,0
28947,0
28948,0
28949,0
28950,0
28951,0
28952,0
28953,0
28954,0
28955,0
28956,0
28957,0
28958,0
28959,0
28960,0
28961,0
28962,0
28963,0
28964,0
28965,0
28966,0
28967,0
28968,0
28969,0
28970,0
28971,0
28972,0
28973,0
28974,0
28975,0
28976,0
28977,0
28978,0
28979,0
28980,0
28981,0
28982,0
28983,0
28984,0
28985,0
28986,0
28987,0
28988,0
28989,0
28990,0
28991,0
28992,0
28993,0
28994,0
28995,0
28996,0
28997,0
28998,0
28999,0
29000,0
29001,0
29002,0
29003,0
29004,0
29005,0
29006,0
29007,0
29008,0
29009,0
29010,0
29011,0
29012,0
29013,0
29014,0
29015,0
29016,0
29017,0
29018,0
29019,0
29020,0
29021,0
29022,0
29023,0
29024,0
29025,0
29026,0
29027,0
29028,0
29029,0
29030,0
29031,0
29032,0
29033,0
29034,0
29035,0
29036,0
29037,0
29038,0
29039,0
29040,0
29041,0
29042,0
29043,0
29044,0
29045,0
29046,0
29047,0
29048,0
29049,0
29050,0
29051,0
29052,0
29053,0
29054,0
29055,0
29056,0
29057,0
29058,0
29059,0
29060,0
29061,0
29062,0
29063,0
29064,0
29065,0
29066,0
29067,0
29068,0
29069,0
29070,0
29071,0
29072,0
29073,0
29074,0
29075,0
29076,0
29077,0
29078,0
29079,0
29080,0
29081,0
29082,0
29083,0
29084,0
29085,0
29086,0
29087,0
29088,0
29089,0
29090,0
29091,0
29092,0
29093,0
29094,0
29095,0
29096,0
29097,0
29098,0
29099,0
29100,0
29101,0
29102,0
29103,0
29104,0
29105,0
29106,0
29107,0
29108,0
29109,0
29110,0
29111,0
29112,0
29113,0
29114,0
29115,0
29116,0
29117,0
29118,0
29119,0
29120,0
29121,0
29122,0
29123,0
29124,0
29125,0
29126,0
29127,0
29128,0
29129,0
29130,0
29131,0
29132,0
29133,0
29134,0
29135,0
29136,0
29137,0
29138,0
29139,0
29140,0
29141,0
29142,0
29143,0
29144,0
29145,0
29146,0
29147,0
29148,0
29149,0
29150,0
29151,0
29152,0
29153,0
29154,0
29155,0
29156,0
29157,0
29158,0
29159,0
29160,0
29161,0
29162,0
29163,0
29164,0
29165,0
29166,0
29167,0
29168,0
29169,0
29170,0
29171,0
29172,0
29173,0
29174,0
29175,0
29176,0
29177,0
29178,0
29179,0
29180,0
29181,0
29182,0
29183,0
29184,0
29185,0
29186,0
29187,0
29188,0
29189,0
29190,0
29191,0
29192,0
29193,0
29194,0
29195,0
29196,0
29197,0
29198,0
29199,0
29200,0
29201,0
29202,0
29203,0
29204,0
29205,0
29206,0
29207,0
29208,0
29209,0
29210,0
29211,0
29212,0
29213,0
29214,0
29215,0
29216,0
29217,0
29218,0
29219,0
29220,0
29221,0
29222,0
29223,0
29224,0
29225,0
29226,0
29227,0
29228,0
29229,0
29230,0
29231,0
29232,0
29233,0
29234,0
29235,0
29236,0
29237,0
29238,0
29239,0
29240,0
29241,0
29242,0
29243,0
29244,0
29245,0
29246,0
29247,0
29248,0
29249,0
29250,0
29251,0
29252,0
29253,0
29254,0
29255,0
29256,0
29257,0
29258,0
29259,0
29260,0
29261,0
29262,0
29263,0
29264,0
29265,0
29266,0
29267,0
29268,0
29269,0
29270,0
29271,0
29272,0
29273,0
29274,0
29275,0
29276,0
29277,0
29278,0
29279,0
29280,0
29281,0
29282,0
29283,0
29284,0
29285,0
29286,0
29287,0
29288,0
29289,0
29290,0
29291,0
29292,0
29293,0
29294,0
29295,0
29296,0
29297,0
29298,0
29299,0
29300,0
29301,0
29302,0
29303,0
29304,0
29305,0
29306,0
29307,0
29308,0
29309,0
29310,0
29311,0
29312,0
29313,0
29314,0
29315,0
29316,0
29317,0
29318,0
29319,0
29320,0
29321,0
29322,0
29323,0
29324,0
29325,0
29326,0
29327,0
29328,0
29329,0
29330,0
29331,0
29332,0
29333,0
29334,0
29335,0
29336,0
29337,0
29338,0
29339,0
29340,0
29341,0
