tick,tiles
1,0
2,33
3,33
4,33
5,33
6,33
7,33
8,33
9,33
10,33
11,33
12,33
13,33
14,33
15,33
16,33
17,33
18,33
19,33
20,33
21,33
22,33
23,33
24,33
25,33
26,33
27,33
28,33
29,33
30,33
31,33
32,33
33,33
34,33
35,33
36,33
37,33
38,33
39,33
40,33
41,33
42,33
43,33
44,33
45,33
46,33
47,33
48,33
49,33
50,33
51,33
52,33
53,33
54,33
55,33
56,33
57,33
58,33
59,33
60,33
61,33
62,33
63,33
64,33
65,33
66,33
67,33
68,33
69,33
70,33
71,33
72,33
73,33
74,33
75,33
76,33
77,33
78,33
79,33
80,33
81,33
82,33
83,33
84,33
85,33
86,33
87,33
88,33
89,33
90,33
91,33
92,33
93,33
94,33
95,33
96,33
97,33
98,33
99,33
100,33
101,33
102,33
103,33
104,33
105,33
106,33
107,33
108,33
109,33
110,33
111,33
112,33
113,33
114,33
115,33
116,33
117,33
118,33
119,33
120,33
121,33
122,33
123,33
124,33
125,33
126,33
127,33
128,33
129,33
130,33
131,33
132,33
133,33
134,33
135,33
136,33
137,33
138,33
139,33
140,33
141,33
142,33
143,33
144,33
145,33
146,33
147,33
148,33
149,33
150,33
151,33
152,33
153,33
154,33
155,33
156,33
157,33
158,33
159,33
160,33
161,33
162,33
163,33
164,33
165,33
166,33
167,33
168,33
169,33
170,33
171,33
172,33
173,33
174,33
175,33
176,33
177,33
178,33
179,33
180,33
181,33
182,33
183,33
184,33
185,33
186,33
187,33
188,33
189,33
190,33
191,33
192,33
193,33
194,33
195,33
196,33
197,33
198,33
199,33
200,33
201,33
202,33
203,33
204,33
205,33
206,33
207,33
208,33
209,33
210,33
211,33
212,33
213,33
214,33
215,33
216,33
217,33
218,33
219,33
220,33
221,33
222,33
223,33
224,33
225,33
226,33
227,33
228,33
229,33
230,33
231,33
232,33
233,33
234,33
235,33
236,33
237,33
238,33
239,33
240,33
241,33
242,33
243,33
244,33
245,33
246,33
247,33
248,33
249,33
250,33
251,33
252,33
253,33
254,33
255,33
256,33
257,33
258,33
259,33
260,33
261,33
262,33
263,33
264,33
265,33
266,33
267,33
268,33
269,33
270,33
271,33
272,33
273,33
274,33
275,33
276,33
277,33
278,33
279,33
280,33
281,33
282,33
283,33
284,33
285,33
286,33
287,33
288,33
289,33
290,33
291,33
292,33
293,33
294,33
295,33
296,33
297,33
298,33
299,33
300,33
301,33
302,33
303,33
304,33
305,33
306,33
307,33
308,33
309,33
310,33
311,33
312,33
313,33
314,33
315,33
316,33
317,33
318,33
319,33
320,33
321,33
322,33
323,33
324,33
325,33
326,33
327,33
328,33
329,33
330,33
331,33
332,33
333,33
334,33
335,33
336,33
337,33
338,33
339,33
340,33
341,33
342,33
343,33
344,33
345,33
346,33
347,33
348,33
349,33
350,33
351,33
352,33
353,33
354,33
355,33
356,33
357,33
358,33
359,33
360,33
361,33
362,33
363,33
364,33
365,33
366,33
367,33
368,33
369,33
370,33
371,33
372,33
373,33
374,33
375,33
376,33
377,33
378,33
379,33
380,33
381,33
382,33
383,33
384,33
385,33
386,33
387,33
388,33
389,33
390,33
391,33
392,33
393,33
394,33
395,33
396,33
397,33
398,33
399,33
400,33
401,33
402,33
403,33
404,33
405,33
406,33
407,33
408,33
409,33
410,33
411,33
412,33
413,33
414,33
415,33
416,33
417,33
418,33
419,33
420,33
421,33
422,33
423,33
424,33
425,33
426,33
427,33
428,33
429,33
430,33
431,33
432,33
433,33
434,33
435,33
436,33
437,33
438,33
439,33
440,33
441,33
442,33
443,33
444,33
445,33
446,33
447,33
448,33
449,33
450,33
451,33
452,33
453,33
454,33
455,33
456,33
457,33
458,33
459,33
460,33
461,33
462,33
463,33
464,33
465,33
466,33
467,33
468,33
469,33
470,33
471,33
472,33
473,33
474,33
475,33
476,33
477,33
478,33
479,33
480,33
481,33
482,33
483,33
484,33
485,33
486,33
487,33
488,33
489,33
490,33
491,33
492,33
493,33
494,33
495,33
496,33
497,33
498,33
499,33
500,33
501,33
502,33
503,33
504,33
505,33
506,33
507,33
508,33
509,33
510,33
511,33
512,33
513,33
514,33
515,33
516,33
517,33
518,33
519,33
520,33
521,33
522,33
523,33
524,33
525,33
526,33
527,33
528,33
529,33
530,33
531,33
532,33
533,33
534,33
535,33
536,33
537,33
538,33
539,33
540,33
541,33
542,33
543,33
544,33
545,33
546,33
547,33
548,33
549,33
550,33
551,33
552,33
553,33
554,33
555,33
556,33
557,33
558,33
559,33
560,33
561,33
562,33
563,33
564,33
565,33
566,33
567,33
568,33
569,33
570,33
571,33
572,33
573,33
574,33
575,33
576,33
577,33
578,33
579,33
580,33
581,33
582,33
583,33
584,33
585,33
586,33
587,33
588,33
589,33
590,33
591,33
592,33
593,33
594,33
595,33
596,33
597,33
598,33
599,33
600,33
601,33
602,33
603,33
604,33
605,33
606,33
607,33
608,33
609,33
610,33
611,33
612,33
613,33
614,33
615,33
616,33
617,33
618,33
619,33
620,33
621,33
622,33
623,33
624,33
625,33
626,33
627,33
628,33
629,33
630,33
631,33
632,33
633,33
634,33
635,33
636,33
637,33
638,33
639,33
640,33
641,33
642,33
643,33
644,33
645,33
646,33
647,33
648,33
649,33
650,33
651,33
652,33
653,33
654,33
655,33
656,33
657,33
658,33
659,33
660,33
661,33
662,33
663,33
664,33
665,33
666,33
667,33
668,33
669,33
670,33
671,33
672,33
673,33
674,33
675,33
676,33
677,33
678,33
679,33
680,33
681,33
682,33
683,33
684,33
685,33
686,33
687,33
688,33
689,33
690,33
691,33
692,33
693,33
694,33
695,33
696,33
697,33
698,33
699,33
700,33
701,33
702,33
703,33
704,33
705,33
706,33
707,33
708,33
709,33
710,33
711,33
712,33
713,33
714,33
715,33
716,33
717,33
718,33
719,33
720,33
721,33
722,33
723,33
724,33
725,33
726,33
727,33
728,33
729,33
730,33
731,33
732,33
733,33
734,33
735,33
736,33
737,33
738,33
739,33
740,33
741,33
742,33
743,33
744,33
745,33
746,33
747,33
748,33
749,33
750,33
751,33
752,33
753,33
754,33
755,33
756,33
757,33
758,33
759,33
760,33
761,33
762,33
763,33
764,33
765,33
766,33
767,33
768,33
769,33
770,33
771,33
772,33
773,33
774,33
775,33
776,33
777,33
778,33
779,33
780,33
781,33
782,33
783,33
784,33
785,33
786,33
787,33
788,33
789,33
790,33
791,33
792,33
793,33
794,33
795,33
796,33
797,33
798,33
799,33
800,33
801,33
802,33
803,33
804,33
805,33
806,33
807,33
808,33
809,33
810,33
811,33
812,33
813,33
814,33
815,33
816,33
817,33
818,33
819,33
820,33
821,33
822,33
823,33
824,33
825,33
826,33
827,33
828,33
829,33
830,33
831,33
832,33
833,33
834,33
835,33
836,33
837,33
838,33
839,33
840,33
841,33
842,33
843,33
844,33
845,33
846,33
847,33
848,33
849,33
850,33
851,33
852,33
853,33
854,33
855,33
856,33
857,33
858,33
859,33
860,33
861,33
862,33
863,33
864,33
865,33
866,33
867,33
868,33
869,33
870,33
871,33
872,33
873,33
874,33
875,33
876,33
877,33
878,33
879,33
880,33
881,33
882,33
883,33
884,33
885,33
886,33
887,33
888,33
889,33
890,33
891,33
892,33
893,33
894,33
895,33
896,33
897,33
898,33
899,33
900,33
901,33
902,33
903,33
904,33
905,33
906,33
907,33
908,33
909,33
910,33
911,33
912,33
913,33
914,33
915,33
916,33
917,33
918,33
919,33
920,33
921,33
922,33
923,33
924,33
925,33
926,33
927,33
928,33
929,33
930,33
931,33
932,33
933,33
934,33
935,33
936,33
937,33
938,33
939,33
940,33
941,33
942,33
943,33
944,33
945,33
946,33
947,33
948,33
949,33
950,33
951,33
952,33
953,33
954,33
955,33
956,33
957,33
958,33
959,33
960,33
961,33
962,33
963,33
964,33
965,33
966,33
967,33
968,33
969,33
970,33
971,33
972,33
973,33
974,39
975,47
976,57
977,66
978,77
979,88
980,101
981,114
982,129
983,144
984,159
985,176
986,193
987,211
988,228
989,246
990,266
991,286
992,306
993,326
994,348
995,370
996,395
997,419
998,444
999,467
1000,491
1001,514
1002,536
1003,558
1004,578
1005,597
1006,616
1007,634
1008,654
1009,672
1010,690
1011,709
1012,730
1013,750
1014,770
1015,790
1016,809
1017,828
1018,849
1019,870
1020,890
1021,908
1022,926
1023,944
1024,965
1025,985
1026,1005
1027,1025
1028,1045
1029,1065
1030,1084
1031,1106
1032,1127
1033,1149
1034,1170
1035,1189
1036,1208
1037,1226
1038,1245
1039,1263
1040,1281
1041,1301
1042,1321
1043,1346
1044,1371
1045,1393
1046,1413
1047,1434
1048,1453
1049,1472
1050,1491
1051,1509
1052,1527
1053,1545
1054,1564
1055,1584
1056,1602
1057,1619
1058,1638
1059,1656
1060,1678
1061,1699
1062,1721
1063,1742
1064,1763
1065,1782
1066,1801
1067,1821
1068,1841
1069,1864
1070,1887
1071,1906
1072,1927
1073,1947
1074,1969
1075,1990
1076,2009
1077,2027
1078,2045
1079,2059
1080,2073
1081,2089
1082,2106
1083,2122
1084,2140
1085,2156
1086,2172
1087,2185
1088,2195
1089,2204
1090,2210
1091,2214
1092,2216
1093,2216
1094,2216
1095,2216
1096,2216
1097,2216
1098,2216
1099,2216
1100,2216
1101,2216
1102,2216
1103,2216
1104,2216
1105,2216
1106,2216
1107,2216
1108,2216
1109,2216
1110,2216
1111,2216
1112,2216
1113,2216
1114,2216
1115,2216
1116,2216
1117,2216
1118,2216
1119,2216
1120,2216
1121,2216
1122,2216
1123,2216
1124,2216
1125,2216
1126,2216
1127,2216
1128,2216
1129,2216
1130,2216
1131,2216
1132,2216
1133,2216
1134,2216
1135,2216
1136,2216
1137,2216
1138,2216
1139,2216
1140,2216
1141,2216
1142,2216
1143,2216
1144,2216
1145,2216
1146,2216
1147,2216
1148,2216
1149,2216
1150,2216
1151,2216
1152,2216
1153,2216
1154,2216
1155,2216
1156,2216
1157,2216
1158,2216
1159,2216
1160,2216
1161,2216
1162,2216
1163,2216
1164,2216
1165,2216
1166,2216
1167,2216
1168,2216
1169,2216
1170,2216
1171,2216
1172,2216
1173,2216
1174,2216
1175,2216
1176,2216
1177,2216
1178,2216
1179,2216
1180,2216
1181,2216
1182,2216
1183,2216
1184,2216
1185,2216
1186,2216
1187,2216
1188,2216
1189,2216
1190,2216
1191,2216
1192,2216
1193,2216
1194,2216
1195,2216
1196,2216
1197,2216
1198,2216
1199,2216
1200,2216
1201,2216
1202,2216
1203,2216
1204,2216
1205,2216
1206,2216
1207,2216
1208,2216
1209,2216
1210,2216
1211,2216
1212,2216
1213,2216
1214,2216
1215,2216
1216,2216
1217,2216
1218,2216
1219,2216
1220,2216
1221,2216
1222,2216
1223,2216
1224,2216
1225,2216
1226,2216
1227,2216
1228,2216
1229,2216
1230,2216
1231,2216
1232,2216
1233,2216
1234,2216
1235,2216
1236,2216
1237,2216
1238,2216
1239,2216
1240,2216
1241,2216
1242,2216
1243,2216
1244,2216
1245,2216
1246,2216
1247,2216
1248,2216
1249,2216
1250,2216
1251,2216
1252,2216
1253,2216
1254,2216
1255,2216
1256,2216
1257,2216
1258,2216
1259,2216
1260,2216
1261,2216
1262,2216
1263,2216
1264,2216
1265,2216
1266,2216
1267,2216
1268,2216
1269,2216
1270,2216
1271,2216
1272,2216
1273,2216
1274,2216
1275,2216
1276,2216
1277,2216
1278,2216
1279,2216
1280,2216
1281,2216
1282,2216
1283,2216
1284,2216
1285,2216
1286,2216
1287,2216
1288,2216
1289,2216
1290,2216
1291,2216
1292,2216
1293,2216
1294,2216
1295,2216
1296,2216
1297,2216
1298,2216
1299,2216
1300,2216
1301,2216
1302,2216
1303,2216
1304,2216
1305,2216
1306,2216
1307,2216
1308,2216
1309,2216
1310,2216
1311,2216
1312,2216
1313,2216
1314,2216
1315,2216
1316,2216
1317,2216
1318,2216
1319,2216
1320,2216
1321,2216
1322,2216
1323,2216
1324,2216
1325,2216
1326,2216
1327,2216
1328,2216
1329,2216
1330,2216
1331,2216
1332,2216
1333,2216
1334,2216
1335,2216
1336,2216
1337,2216
1338,2216
1339,2216
1340,2216
1341,2216
1342,2216
1343,2216
1344,2216
1345,2216
1346,2216
1347,2216
1348,2216
1349,2216
1350,2216
1351,2216
1352,2216
1353,2216
1354,2216
1355,2216
1356,2216
1357,2216
1358,2216
1359,2216
1360,2216
1361,2216
1362,2216
1363,2216
1364,2216
1365,2216
1366,2216
1367,2216
1368,2216
1369,2216
1370,2216
1371,2216
1372,2216
1373,2216
1374,2216
1375,2216
1376,2216
1377,2216
1378,2216
1379,2216
1380,2216
1381,2216
1382,2216
1383,2216
1384,2216
1385,2216
1386,2216
1387,2216
1388,2216
1389,2216
1390,2216
1391,2216
1392,2216
1393,2216
1394,2216
1395,2216
1396,2216
1397,2216
1398,2216
1399,2216
1400,2216
1401,2216
1402,2216
1403,2216
1404,2216
1405,2216
1406,2216
1407,2216
1408,2216
1409,2216
1410,2216
1411,2216
1412,2216
1413,2216
1414,2216
1415,2216
1416,2216
1417,2216
1418,2216
1419,2216
1420,2216
1421,2216
1422,2216
1423,2216
1424,2216
1425,2216
1426,2216
1427,2216
1428,2216
1429,2216
1430,2216
1431,2216
1432,2216
1433,2216
1434,2216
1435,2216
1436,2216
1437,2216
1438,2216
1439,2216
1440,2216
1441,2216
1442,2216
1443,2216
1444,2216
1445,2216
1446,2216
1447,2216
1448,2216
1449,2216
1450,2216
1451,2216
1452,2216
1453,2216
1454,2216
1455,2216
1456,2216
1457,2216
1458,2216
1459,2216
1460,2216
1461,2216
1462,2216
1463,2216
1464,2216
1465,2216
1466,2216
1467,2216
1468,2216
1469,2216
1470,2216
1471,2216
1472,2216
1473,2216
1474,2216
1475,2216
1476,2216
1477,2216
1478,2216
1479,2216
1480,2216
1481,2216
1482,2216
1483,2216
1484,2216
1485,2216
1486,2216
1487,2216
1488,2216
1489,2216
1490,2216
1491,2216
1492,2216
1493,2216
1494,2216
1495,2216
1496,2216
1497,2216
1498,2216
1499,2216
1500,2216
1501,2216
1502,2216
1503,2216
1504,2216
1505,2216
1506,2216
1507,2216
1508,2216
1509,2216
1510,2216
1511,2216
1512,2216
1513,2216
1514,2216
1515,2216
1516,2216
1517,2216
1518,2216
1519,2216
1520,2216
1521,2216
1522,2216
1523,2216
1524,2216
1525,2216
1526,2216
1527,2216
1528,2216
1529,2216
1530,2216
1531,2216
1532,2216
1533,2216
1534,2216
1535,2216
1536,2216
1537,2216
1538,2216
1539,2216
1540,2216
1541,2216
1542,2216
1543,2216
1544,2216
1545,2216
1546,2216
1547,2216
1548,2216
1549,2216
1550,2216
1551,2216
1552,2216
1553,2216
1554,2216
1555,2216
1556,2216
1557,2216
1558,2216
1559,2216
1560,2216
1561,2216
1562,2216
1563,2216
1564,2216
1565,2216
1566,2216
1567,2216
1568,2216
1569,2216
1570,2216
1571,2216
1572,2216
1573,2216
1574,2216
1575,2216
1576,2216
1577,2216
1578,2216
1579,2216
1580,2216
1581,2216
1582,2216
1583,2216
1584,2216
1585,2216
1586,2216
1587,2216
1588,2216
1589,2216
1590,2216
1591,2216
1592,2216
1593,2216
1594,2216
1595,2216
1596,2216
1597,2216
1598,2216
1599,2216
1600,2216
1601,2216
1602,2216
1603,2216
1604,2216
1605,2216
1606,2216
1607,2216
1608,2216
1609,2216
1610,2216
1611,2216
1612,2216
1613,2216
1614,2216
1615,2216
1616,2216
1617,2216
1618,2216
1619,2216
1620,2216
1621,2216
1622,2216
1623,2216
1624,2216
1625,2216
1626,2216
1627,2216
1628,2216
1629,2216
1630,2216
1631,2216
1632,2216
1633,2216
1634,2216
1635,2216
1636,2216
1637,2216
1638,2216
1639,2216
1640,2216
1641,2216
1642,2216
1643,2216
1644,2216
1645,2216
1646,2216
1647,2216
1648,2216
1649,2216
1650,2216
1651,2216
1652,2216
1653,2216
1654,2216
1655,2216
1656,2216
1657,2216
1658,2216
1659,2216
1660,2216
1661,2216
1662,2216
1663,2216
1664,2216
1665,2216
1666,2216
1667,2216
1668,2216
1669,2216
1670,2216
1671,2216
1672,2216
1673,2216
1674,2216
1675,2216
1676,2216
1677,2216
1678,2216
1679,2216
1680,2216
1681,2216
1682,2216
1683,2216
1684,2216
1685,2216
1686,2216
1687,2216
1688,2216
1689,2216
1690,2216
1691,2216
1692,2216
1693,2216
1694,2216
1695,2216
1696,2216
1697,2216
1698,2216
1699,2216
1700,2216
1701,2216
1702,2216
1703,2216
1704,2216
1705,2216
1706,2216
1707,2216
1708,2216
1709,2216
1710,2216
1711,2216
1712,2216
1713,2216
1714,2216
1715,2216
1716,2216
1717,2216
1718,2216
1719,2216
1720,2216
1721,2216
1722,2216
1723,2216
1724,2216
1725,2216
1726,2216
1727,2216
1728,2216
1729,2216
1730,2216
1731,2216
1732,2216
1733,2216
1734,2216
1735,2216
1736,2216
1737,2216
1738,2216
1739,2216
1740,2216
1741,2216
1742,2216
1743,2216
1744,2216
1745,2216
1746,2216
1747,2216
1748,2216
1749,2216
1750,2216
1751,2216
1752,2216
1753,2216
1754,2216
1755,2216
1756,2216
1757,2216
1758,2216
1759,2216
1760,2216
1761,2216
1762,2216
1763,2216
1764,2216
1765,2216
1766,2216
1767,2216
1768,2216
1769,2216
1770,2216
1771,2216
1772,2216
1773,2216
1774,2216
1775,2216
1776,2216
1777,2216
1778,2216
1779,2216
1780,2216
1781,2216
1782,2216
1783,2216
1784,2216
1785,2216
1786,2216
1787,2216
1788,2216
1789,2216
1790,2216
1791,2216
1792,2216
1793,2216
1794,2216
1795,2216
1796,2216
1797,2216
1798,2216
1799,2216
1800,2216
1801,2216
1802,2216
1803,2216
1804,2216
1805,2216
1806,2216
1807,2216
1808,2216
1809,2216
1810,2216
1811,2216
1812,2216
1813,2216
1814,2216
1815,2216
1816,2216
1817,2216
1818,2216
1819,2216
1820,2216
1821,2216
1822,2216
1823,2216
1824,2216
1825,2216
1826,2216
1827,2216
1828,2216
1829,2216
1830,2216
1831,2216
1832,2216
1833,2216
1834,2216
1835,2216
1836,2216
1837,2216
1838,2216
1839,2216
1840,2216
1841,2216
1842,2216
1843,2216
1844,2216
1845,2216
1846,2216
1847,2216
1848,2216
1849,2216
1850,2216
1851,2216
1852,2216
1853,2216
1854,2216
1855,2216
1856,2216
1857,2216
1858,2216
1859,2216
1860,2216
1861,2216
1862,2216
1863,2216
1864,2216
1865,2216
1866,2216
1867,2216
1868,2216
1869,2216
1870,2216
1871,2216
1872,2216
1873,2216
1874,2216
1875,2216
1876,2216
1877,2216
1878,2216
1879,2216
1880,2216
1881,2216
1882,2216
1883,2216
1884,2216
1885,2216
1886,2216
1887,2216
1888,2216
1889,2216
1890,2216
1891,2216
1892,2216
1893,2216
1894,2216
1895,2216
1896,2216
1897,2216
1898,2216
1899,2216
1900,2216
1901,2216
1902,2216
1903,2216
1904,2216
1905,2216
1906,2216
1907,2216
1908,2216
1909,2216
1910,2216
1911,2216
1912,2216
1913,2216
1914,2216
1915,2216
1916,2216
1917,2216
1918,2216
1919,2216
1920,2216
1921,2216
1922,2216
1923,2216
1924,2216
1925,2216
1926,2216
1927,2216
1928,2216
1929,2216
1930,2216
1931,2216
1932,2216
1933,2216
1934,2216
1935,2216
1936,2216
1937,2216
1938,2216
1939,2216
1940,2216
1941,2216
1942,2216
1943,2216
1944,2216
1945,2216
1946,2216
1947,2216
1948,2216
1949,2216
1950,2216
1951,2216
1952,2216
1953,2216
1954,2216
1955,2216
1956,2216
1957,2216
1958,2216
1959,2216
1960,2216
1961,2216
1962,2216
1963,2216
1964,2216
1965,2216
1966,2216
1967,2216
1968,2216
1969,2216
1970,2216
1971,2216
1972,2216
1973,2216
1974,2216
1975,2216
1976,2216
1977,2216
1978,2216
1979,2216
1980,2216
1981,2216
1982,2216
1983,2216
1984,2216
1985,2216
1986,2216
1987,2216
1988,2216
1989,2216
1990,2216
1991,2216
1992,2216
1993,2216
1994,2216
1995,2216
1996,2216
1997,2216
1998,2216
1999,2216
2000,2216
2001,2216
2002,2216
2003,2216
2004,2216
2005,2216
2006,2216
2007,2216
2008,2216
2009,2216
2010,2216
2011,2216
2012,2216
2013,2216
2014,2216
2015,2216
2016,2216
2017,2216
2018,2216
2019,2216
2020,2216
2021,2216
2022,2216
2023,2216
2024,2216
2025,2216
2026,2216
2027,2216
2028,2216
2029,2216
2030,2216
2031,2216
2032,2216
2033,2216
2034,2216
2035,2216
2036,2216
2037,2216
2038,2216
2039,2216
2040,2216
2041,2216
2042,2216
2043,2216
2044,2216
2045,2216
2046,2216
2047,2216
2048,2216
2049,2216
2050,2216
2051,2216
2052,2216
2053,2216
2054,2216
2055,2216
2056,2216
2057,2216
2058,2216
2059,2216
2060,2216
2061,2216
2062,2216
2063,2216
2064,2216
2065,2216
2066,2216
2067,2216
2068,2216
2069,2216
2070,2216
2071,2216
2072,2216
2073,2216
2074,2216
2075,2216
2076,2216
2077,2216
2078,2216
2079,2216
2080,2216
2081,2216
2082,2216
2083,2216
2084,2216
2085,2216
2086,2216
2087,2216
2088,2216
2089,2216
2090,2216
2091,2216
2092,2216
2093,2216
2094,2216
2095,2216
2096,2216
2097,2216
2098,2216
2099,2216
2100,2216
2101,2216
2102,2216
2103,2216
2104,2216
2105,2216
2106,2216
2107,2216
2108,2216
2109,2216
2110,2216
2111,2216
2112,2216
2113,2216
2114,2216
2115,2216
2116,2216
2117,2216
2118,2216
2119,2216
2120,2216
2121,2216
2122,2216
2123,2216
2124,2216
2125,2216
2126,2216
2127,2216
2128,2216
2129,2216
2130,2216
2131,2216
2132,2216
2133,2216
2134,2216
2135,2216
2136,2216
2137,2216
2138,2216
2139,2216
2140,2216
2141,2216
2142,2216
2143,2216
2144,2216
2145,2216
2146,2216
2147,2216
2148,2216
2149,2216
2150,2216
2151,2216
2152,2216
2153,2216
2154,2216
2155,2216
2156,2216
2157,2216
2158,2216
2159,2216
2160,2216
2161,2216
2162,2216
2163,2216
2164,2216
2165,2216
2166,2216
2167,2216
2168,2216
2169,2216
2170,2216
2171,2216
2172,2216
2173,2216
2174,2216
2175,2216
2176,2216
2177,2216
2178,2216
2179,2216
2180,2216
2181,2216
2182,2216
2183,2216
2184,2216
2185,2216
2186,2216
2187,2216
2188,2216
2189,2216
2190,2216
2191,2216
2192,2216
2193,2216
2194,2216
2195,2216
2196,2216
2197,2216
2198,2216
2199,2216
2200,2216
2201,2216
2202,2216
2203,2216
2204,2216
2205,2216
2206,2216
2207,2216
2208,2216
2209,2216
2210,2216
2211,2216
2212,2216
2213,2216
2214,2216
2215,2216
2216,2216
2217,2216
2218,2216
2219,2216
2220,2216
2221,2216
2222,2216
2223,2216
2224,2216
2225,2216
2226,2216
2227,2216
2228,2216
2229,2216
2230,2216
2231,2216
2232,2216
2233,2216
2234,2216
2235,2216
2236,2216
2237,2216
2238,2216
2239,2216
2240,2216
2241,2216
2242,2216
2243,2216
2244,2216
2245,2216
2246,2216
2247,2216
2248,2216
2249,2216
2250,2216
2251,2216
2252,2216
2253,2216
2254,2216
2255,2216
2256,2216
2257,2216
2258,2216
2259,2216
2260,2216
2261,2216
2262,2216
2263,2216
2264,2216
2265,2216
2266,2216
2267,2216
2268,2216
2269,2216
2270,2216
2271,2216
2272,2216
2273,2216
2274,2216
2275,2216
2276,2216
2277,2216
2278,2216
2279,2216
2280,2216
2281,2216
2282,2216
2283,2216
2284,2216
2285,2216
2286,2216
2287,2216
2288,2216
2289,2216
2290,2216
2291,2216
2292,2216
2293,2216
2294,2216
2295,2216
2296,2216
2297,2216
2298,2216
2299,2216
2300,2216
2301,2216
2302,2216
2303,2216
2304,2216
2305,2216
2306,2216
2307,2216
2308,2216
2309,2216
2310,2216
2311,2216
2312,2216
2313,2216
2314,2216
2315,2216
2316,2216
2317,2216
2318,2216
2319,2216
2320,2216
2321,2216
2322,2216
2323,2216
2324,2216
2325,2216
2326,2216
2327,2216
2328,2216
2329,2216
2330,2216
2331,2216
2332,2216
2333,2216
2334,2216
2335,2216
2336,2216
2337,2216
2338,2216
2339,2216
2340,2216
2341,2216
2342,2216
2343,2216
2344,2216
2345,2216
2346,2216
2347,2216
2348,2216
2349,2216
2350,2216
2351,2216
2352,2216
2353,2216
2354,2216
2355,2216
2356,2216
2357,2216
2358,2216
2359,2216
2360,2216
2361,2216
2362,2216
2363,2216
2364,2216
2365,2216
2366,2216
2367,2216
2368,2216
2369,2216
2370,2216
2371,2216
2372,2216
2373,2216
2374,2216
2375,2216
2376,2216
2377,2216
2378,2216
2379,2216
2380,2216
2381,2216
2382,2216
2383,2216
2384,2216
2385,2216
2386,2216
2387,2216
2388,2216
2389,2216
2390,2216
2391,2216
2392,2216
2393,2216
2394,2216
2395,2216
2396,2216
2397,2216
2398,2216
2399,2216
2400,2216
2401,2216
2402,2216
2403,2216
2404,2216
2405,2216
2406,2216
2407,2216
2408,2216
2409,2216
2410,2216
2411,2216
2412,2216
2413,2216
2414,2216
2415,2216
2416,2216
2417,2216
2418,2216
2419,2216
2420,2216
2421,2216
2422,2216
2423,2216
2424,2216
2425,2216
2426,2216
2427,2216
2428,2216
2429,2216
2430,2216
2431,2216
2432,2216
2433,2216
2434,2216
2435,2216
2436,2216
2437,2216
2438,2216
2439,2216
2440,2216
2441,2216
2442,2216
2443,2216
2444,2216
2445,2216
2446,2216
2447,2216
2448,2216
2449,2216
2450,2216
2451,2216
2452,2216
2453,2216
2454,2216
2455,2216
2456,2216
2457,2216
2458,2216
2459,2216
2460,2216
2461,2216
2462,2216
2463,2216
2464,2216
2465,2216
2466,2216
2467,2216
2468,2216
2469,2216
2470,2216
2471,2216
2472,2216
2473,2216
2474,2216
2475,2216
2476,2216
2477,2216
2478,2216
2479,2216
2480,2216
2481,2216
2482,2216
2483,2216
2484,2216
2485,2216
2486,2216
2487,2216
2488,2216
2489,2216
2490,2216
2491,2216
2492,2216
2493,2216
2494,2216
2495,2216
2496,2216
2497,2216
2498,2216
2499,2216
2500,2216
2501,2216
2502,2216
2503,2216
2504,2216
2505,2216
2506,2216
2507,2216
2508,2216
2509,2216
2510,2216
2511,2216
2512,2216
2513,2216
2514,2216
2515,2216
2516,2216
2517,2216
2518,2216
2519,2216
2520,2216
2521,2216
2522,2216
2523,2216
2524,2216
2525,2216
2526,2216
2527,2216
2528,2216
2529,2216
2530,2216
2531,2216
2532,2216
2533,2216
2534,2216
2535,2216
2536,2216
2537,2216
2538,2216
2539,2216
2540,2216
2541,2216
2542,2216
2543,2216
2544,2216
2545,2216
2546,2216
2547,2216
2548,2216
2549,2216
2550,2216
2551,2216
2552,2216
2553,2216
2554,2216
2555,2216
2556,2216
2557,2216
2558,2216
2559,2216
2560,2216
2561,2216
2562,2216
2563,2216
2564,2216
2565,2216
2566,2216
2567,2216
2568,2216
2569,2216
2570,2216
2571,2216
2572,2216
2573,2216
2574,2216
2575,2216
2576,2216
2577,2216
2578,2216
2579,2216
2580,2216
2581,2216
2582,2216
2583,2216
2584,2216
2585,2216
2586,2216
2587,2216
2588,2216
2589,2216
2590,2216
2591,2216
2592,2216
2593,2216
2594,2216
2595,2216
2596,2216
2597,2216
2598,2216
2599,2216
2600,2216
2601,2216
2602,2216
2603,2216
2604,2216
2605,2216
2606,2216
2607,2216
2608,2216
2609,2216
2610,2216
2611,2216
2612,2216
2613,2216
2614,2216
2615,2216
2616,2216
2617,2216
2618,2216
2619,2216
2620,2216
2621,2216
2622,2216
2623,2216
2624,2216
2625,2216
2626,2216
2627,2216
2628,2216
2629,2216
2630,2216
2631,2216
2632,2216
2633,2216
2634,2216
2635,2216
2636,2216
2637,2216
2638,2216
2639,2216
2640,2216
2641,2216
2642,2216
2643,2216
2644,2216
2645,2216
2646,2216
2647,2216
2648,2216
2649,2216
2650,2216
2651,2216
2652,2216
2653,2216
2654,2216
2655,2216
2656,2216
2657,2216
2658,2216
2659,2216
2660,2216
2661,2216
2662,2216
2663,2216
2664,2216
2665,2216
2666,2216
2667,2216
2668,2216
2669,2216
2670,2216
2671,2216
2672,2216
2673,2216
2674,2216
2675,2216
2676,2216
2677,2216
2678,2216
2679,2216
2680,2216
2681,2216
2682,2216
2683,2216
2684,2216
2685,2216
2686,2216
2687,2216
2688,2216
2689,2216
2690,2216
2691,2216
2692,2216
2693,2216
2694,2216
2695,2216
2696,2216
2697,2216
2698,2216
2699,2216
2700,2216
2701,2216
2702,2216
2703,2216
2704,2216
2705,2216
2706,2216
2707,2216
2708,2216
2709,2216
2710,2216
2711,2216
2712,2216
2713,2216
2714,2216
2715,2216
2716,2216
2717,2216
2718,2216
2719,2216
2720,2216
2721,2216
2722,2216
2723,2216
2724,2216
2725,2216
2726,2216
2727,2216
2728,2216
2729,2216
2730,2216
2731,2216
2732,2216
2733,2216
2734,2216
2735,2216
2736,2216
2737,2216
2738,2216
2739,2216
2740,2216
2741,2216
2742,2216
2743,2216
2744,2216
2745,2216
2746,2216
2747,2216
2748,2216
2749,2216
2750,2216
2751,2216
2752,2216
2753,2216
2754,2216
2755,2216
2756,2216
2757,2216
2758,2216
2759,2216
2760,2216
2761,2216
2762,2216
2763,2216
2764,2216
2765,2216
2766,2216
2767,2216
2768,2216
2769,2216
2770,2216
2771,2216
2772,2216
2773,2216
2774,2216
2775,2216
2776,2216
2777,2216
2778,2216
2779,2216
2780,2216
2781,2216
2782,2216
2783,2216
2784,2216
2785,2216
2786,2216
2787,2216
2788,2216
2789,2216
2790,2216
2791,2216
2792,2216
2793,2216
2794,2216
2795,2216
2796,2216
2797,2216
2798,2216
2799,2216
2800,2216
2801,2216
2802,2216
2803,2216
2804,2216
2805,2216
2806,2216
2807,2216
2808,2216
2809,2216
2810,2216
2811,2216
2812,2216
2813,2216
2814,2216
2815,2216
2816,2216
2817,2216
2818,2216
2819,2216
2820,2216
2821,2216
2822,2216
2823,2216
2824,2216
2825,2216
2826,2216
2827,2216
2828,2216
2829,2216
2830,2216
2831,2216
2832,2216
2833,2216
2834,2216
2835,2216
2836,2216
2837,2216
2838,2216
2839,2216
2840,2216
2841,2216
2842,2216
2843,2216
2844,2216
2845,2216
2846,2216
2847,2216
2848,2216
2849,2216
2850,2216
2851,2216
2852,2216
2853,2216
2854,2216
2855,2216
2856,2216
2857,2216
2858,2216
2859,2216
2860,2216
2861,2216
2862,2216
2863,2216
2864,2216
2865,2216
2866,2216
2867,2216
2868,2216
2869,2216
2870,2216
2871,2216
2872,2216
2873,2216
2874,2216
2875,2216
2876,2216
2877,2216
2878,2216
2879,2216
2880,2216
2881,2216
2882,2216
2883,2216
2884,2216
2885,2216
2886,2216
2887,2216
2888,2216
2889,2216
2890,2216
2891,2216
2892,2216
2893,2216
2894,2216
2895,2216
2896,2216
2897,2216
2898,2216
2899,2216
2900,2216
2901,2216
2902,2216
2903,2216
2904,2216
2905,2216
2906,2216
2907,2216
2908,2216
2909,2216
2910,2216
2911,2216
2912,2216
2913,2216
2914,2216
2915,2216
2916,2216
2917,2216
2918,2216
2919,2216
2920,2216
2921,2216
2922,2216
2923,2216
2924,2216
2925,2216
2926,2216
2927,2216
2928,2216
2929,2216
2930,2216
2931,2216
2932,2216
2933,2216
2934,2216
2935,2216
2936,2216
2937,2216
2938,2216
2939,2216
2940,2216
2941,2216
2942,2216
2943,2216
2944,2216
2945,2216
2946,2216
2947,2216
2948,2216
2949,2216
2950,2216
2951,2216
2952,2216
2953,2216
2954,2216
2955,2216
2956,2216
2957,2216
2958,2216
2959,2216
2960,2216
2961,2216
2962,2216
2963,2216
2964,2216
2965,2216
2966,2216
2967,2216
2968,2216
2969,2216
2970,2216
2971,2216
2972,2216
2973,2216
2974,2216
2975,2216
2976,2216
2977,2216
2978,2216
2979,2216
2980,2216
2981,2216
2982,2216
2983,2216
2984,2216
2985,2216
2986,2216
2987,2216
2988,2216
2989,2216
2990,2216
2991,2216
2992,2216
2993,2216
2994,2216
2995,2216
2996,2216
2997,2216
2998,2216
2999,2216
3000,2216
3001,2216
3002,2216
3003,2216
3004,2216
3005,2216
3006,2216
3007,2216
3008,2216
3009,2216
3010,2216
3011,2216
3012,2216
3013,2216
3014,2216
3015,2216
3016,2216
3017,2216
3018,2216
3019,2216
3020,2216
3021,2216
3022,2216
3023,2216
3024,2216
3025,2216
3026,2216
3027,2216
3028,2216
3029,2216
3030,2216
3031,2216
3032,2216
3033,2216
3034,2216
3035,2216
3036,2216
3037,2216
3038,2216
3039,2216
3040,2216
3041,2216
3042,2216
3043,2216
3044,2216
3045,2216
3046,2216
3047,2216
3048,2216
3049,2216
3050,2216
3051,2216
3052,2216
3053,2216
3054,2216
3055,2216
3056,2216
3057,2216
3058,2216
3059,2216
3060,2216
3061,2216
3062,2216
3063,2216
3064,2216
3065,2216
3066,2216
3067,2216
3068,2216
3069,2216
3070,2216
3071,2216
3072,2216
3073,2216
3074,2216
3075,2216
3076,2216
3077,2216
3078,2216
3079,2216
3080,2216
3081,2216
3082,2216
3083,2216
3084,2216
3085,2216
3086,2216
3087,2216
3088,2216
3089,2216
3090,2216
3091,2216
3092,2216
3093,2216
3094,2216
3095,2216
3096,2216
3097,2216
3098,2216
3099,2216
3100,2216
3101,2216
3102,2216
3103,2216
3104,2216
3105,2216
3106,2216
3107,2216
3108,2216
3109,2216
3110,2216
3111,2216
3112,2216
3113,2216
3114,2216
3115,2216
3116,2216
3117,2216
3118,2216
3119,2216
3120,2216
3121,2216
3122,2216
3123,2216
3124,2216
3125,2216
3126,2216
3127,2216
3128,2216
3129,2216
3130,2216
3131,2216
3132,2216
3133,2216
3134,2216
3135,2216
3136,2216
3137,2216
3138,2216
3139,2216
3140,2216
3141,2216
3142,2216
3143,2216
3144,2216
3145,2216
3146,2216
3147,2216
3148,2216
3149,2216
3150,2216
3151,2216
3152,2216
3153,2216
3154,2216
3155,2216
3156,2216
3157,2216
3158,2216
3159,2216
3160,2216
3161,2216
3162,2216
3163,2216
3164,2216
3165,2216
3166,2216
3167,2216
3168,2216
3169,2216
3170,2216
3171,2216
3172,2216
3173,2216
3174,2216
3175,2216
3176,2216
3177,2216
3178,2216
3179,2216
3180,2216
3181,2216
3182,2216
3183,2216
3184,2216
3185,2216
3186,2216
3187,2216
3188,2216
3189,2216
3190,2216
3191,2216
3192,2216
3193,2216
3194,2216
3195,2216
3196,2216
3197,2216
3198,2216
3199,2216
3200,2216
3201,2216
3202,2216
3203,2216
3204,2216
3205,2216
3206,2216
3207,2216
3208,2216
3209,2216
3210,2216
3211,2216
3212,2216
3213,2216
3214,2216
3215,2216
3216,2216
3217,2216
3218,2216
3219,2216
3220,2216
3221,2216
3222,2216
3223,2216
3224,2216
3225,2216
3226,2216
3227,2216
3228,2216
3229,2216
3230,2216
3231,2216
3232,2216
3233,2216
3234,2216
3235,2216
3236,2216
3237,2216
3238,2216
3239,2216
3240,2216
3241,2216
3242,2216
3243,2216
3244,2216
3245,2216
3246,2216
3247,2216
3248,2216
3249,2216
3250,2216
3251,2216
3252,2216
3253,2216
3254,2216
3255,2216
3256,2216
3257,2216
3258,2216
3259,2216
3260,2216
3261,2216
3262,2216
3263,2216
3264,2216
3265,2216
3266,2216
3267,2216
3268,2216
3269,2216
3270,2216
3271,2216
3272,2216
3273,2216
3274,2216
3275,2216
3276,2216
3277,2216
3278,2216
3279,2216
3280,2216
3281,2216
3282,2216
3283,2216
3284,2216
3285,2216
3286,2216
3287,2216
3288,2216
3289,2216
3290,2216
3291,2216
3292,2216
3293,2216
3294,2216
3295,2216
3296,2216
3297,2216
3298,2216
3299,2216
3300,2216
3301,2216
3302,2216
3303,2216
3304,2216
3305,2216
3306,2216
3307,2216
3308,2216
3309,2216
3310,2216
3311,2216
3312,2216
3313,2216
3314,2216
3315,2216
3316,2216
3317,2216
3318,2216
3319,2216
3320,2216
3321,2216
3322,2216
3323,2216
3324,2216
3325,2216
3326,2216
3327,2216
3328,2216
3329,2216
3330,2216
3331,2216
3332,2216
3333,2216
3334,2216
3335,2216
3336,2216
3337,2216
3338,2216
3339,2216
3340,2216
3341,2216
3342,2216
3343,2216
3344,2216
3345,2216
3346,2216
3347,2216
3348,2216
3349,2216
3350,2216
3351,2216
3352,2216
3353,2216
3354,2216
3355,2216
3356,2216
3357,2216
3358,2216
3359,2216
3360,2216
3361,2216
3362,2216
3363,2216
3364,2216
3365,2216
3366,2216
3367,2216
3368,2216
3369,2216
3370,2216
3371,2216
3372,2216
3373,2216
3374,2216
3375,2216
3376,2216
3377,2216
3378,2216
3379,2216
3380,2216
3381,2216
3382,2216
3383,2216
3384,2216
3385,2216
3386,2216
3387,2216
3388,2216
3389,2216
3390,2216
3391,2216
3392,2216
3393,2216
3394,2216
3395,2216
3396,2216
3397,2216
3398,2216
3399,2216
3400,2216
3401,2216
3402,2216
3403,2216
3404,2216
3405,2216
3406,2216
3407,2216
3408,2216
3409,2216
3410,2216
3411,2216
3412,2216
3413,2216
3414,2216
3415,2216
3416,2216
3417,2216
3418,2216
3419,2216
3420,2216
3421,2216
3422,2216
3423,2216
3424,2216
3425,2216
3426,2216
3427,2216
3428,2216
3429,2216
3430,2216
3431,2216
3432,2216
3433,2216
3434,2216
3435,2216
3436,2216
3437,2216
3438,2216
3439,2216
3440,2216
3441,2216
3442,2216
3443,2216
3444,2216
3445,2216
3446,2216
3447,2216
3448,2216
3449,2216
3450,2216
3451,2216
3452,2216
3453,2216
3454,2216
3455,2216
3456,2216
3457,2216
3458,2216
3459,2216
3460,2216
3461,2216
3462,2216
3463,2216
3464,2216
3465,2216
3466,2216
3467,2216
3468,2216
3469,2216
3470,2216
3471,2216
3472,2216
3473,2216
3474,2216
3475,2216
3476,2216
3477,2216
3478,2216
3479,2216
3480,2216
3481,2216
3482,2216
3483,2216
3484,2216
3485,2216
3486,2216
3487,2216
3488,2216
3489,2216
3490,2216
3491,2216
3492,2216
3493,2216
3494,2216
3495,2216
3496,2216
3497,2216
3498,2216
3499,2216
3500,2216
3501,2216
3502,2216
3503,2216
3504,2216
3505,2216
3506,2216
3507,2216
3508,2216
3509,2216
3510,2216
3511,2216
3512,2216
3513,2216
3514,2216
3515,2216
3516,2216
3517,2216
3518,2216
3519,2216
3520,2216
3521,2216
3522,2216
3523,2216
3524,2216
3525,2216
3526,2216
3527,2216
3528,2216
3529,2216
3530,2216
3531,2216
3532,2216
3533,2216
3534,2216
3535,2216
3536,2216
3537,2216
3538,2216
3539,2216
3540,2216
3541,2216
3542,2216
3543,2216
3544,2216
3545,2216
3546,2216
3547,2216
3548,2216
3549,2216
3550,2216
3551,2216
3552,2216
3553,2216
3554,2216
3555,2216
3556,2216
3557,2216
3558,2216
3559,2216
3560,2216
3561,2216
3562,2216
3563,2216
3564,2216
3565,2216
3566,2216
3567,2216
3568,2216
3569,2216
3570,2216
3571,2216
3572,2216
3573,2216
3574,2216
3575,2216
3576,2216
3577,2216
3578,2216
3579,2216
3580,2216
3581,2216
3582,2216
3583,2216
3584,2216
3585,2216
3586,2216
3587,2216
3588,2216
3589,2216
3590,2216
3591,2216
3592,2216
3593,2216
3594,2216
3595,2216
3596,2216
3597,2216
3598,2216
3599,2216
3600,2216
3601,2216
3602,2216
3603,2216
3604,2216
3605,2216
3606,2216
3607,2216
3608,2216
3609,2216
3610,2216
3611,2216
3612,2216
3613,2216
3614,2216
3615,2216
3616,2216
3617,2216
3618,2216
3619,2216
3620,2216
3621,2216
3622,2216
3623,2216
3624,2216
3625,2216
3626,2216
3627,2216
3628,2216
3629,2216
3630,2216
3631,2216
3632,2216
3633,2216
3634,2216
3635,2216
3636,2216
3637,2216
3638,2216
3639,2216
3640,2216
3641,2216
3642,2216
3643,2216
3644,2216
3645,2216
3646,2216
3647,2216
3648,2216
3649,2216
3650,2216
3651,2216
3652,2216
3653,2216
3654,2216
3655,2216
3656,2216
3657,2216
3658,2216
3659,2216
3660,2216
3661,2216
3662,2216
3663,2216
3664,2216
3665,2216
3666,2216
3667,2216
3668,2216
3669,2216
3670,2216
3671,2216
3672,2216
3673,2216
3674,2216
3675,2216
3676,2216
3677,2216
3678,2216
3679,2216
3680,2216
3681,2216
3682,2216
3683,2216
3684,2216
3685,2216
3686,2216
3687,2216
3688,2216
3689,2216
3690,2216
3691,2216
3692,2216
3693,2216
3694,2216
3695,2216
3696,2216
3697,2216
3698,2216
3699,2216
3700,2216
3701,2216
3702,2216
3703,2216
3704,2216
3705,2216
3706,2216
3707,2216
3708,2216
3709,2216
3710,2216
3711,2216
3712,2216
3713,2216
3714,2216
3715,2216
3716,2216
3717,2216
3718,2216
3719,2216
3720,2216
3721,2216
3722,2216
3723,2216
3724,2216
3725,2216
3726,2216
3727,2216
3728,2216
3729,2216
3730,2216
3731,2216
3732,2216
3733,2216
3734,2216
3735,2216
3736,2216
3737,2216
3738,2216
3739,2216
3740,2216
3741,2216
3742,2216
3743,2216
3744,2216
3745,2216
3746,2216
3747,2216
3748,2216
3749,2216
3750,2216
3751,2216
3752,2216
3753,2216
3754,2216
3755,2216
3756,2216
3757,2216
3758,2216
3759,2216
3760,2216
3761,2216
3762,2216
3763,2216
3764,2216
3765,2216
3766,2216
3767,2216
3768,2216
3769,2216
3770,2216
3771,2216
3772,2216
3773,2216
3774,2216
3775,2216
3776,2216
3777,2216
3778,2216
3779,2216
3780,2216
3781,2216
3782,2216
3783,2216
3784,2216
3785,2216
3786,2216
3787,2216
3788,2216
3789,2216
3790,2216
3791,2216
3792,2216
3793,2216
3794,2216
3795,2216
3796,2216
3797,2216
3798,2216
3799,2216
3800,2216
3801,2216
3802,2216
3803,2216
3804,2216
3805,2216
3806,2216
3807,2216
3808,2216
3809,2216
3810,2216
3811,2216
3812,2216
3813,2216
3814,2216
3815,2216
3816,2216
3817,2216
3818,2216
3819,2216
3820,2216
3821,2216
3822,2216
3823,2216
3824,2216
3825,2216
3826,2216
3827,2216
3828,2216
3829,2216
3830,2216
3831,2216
3832,2216
3833,2216
3834,2216
3835,2216
3836,2216
3837,2216
3838,2216
3839,2216
3840,2216
3841,2216
3842,2216
3843,2216
3844,2216
3845,2216
3846,2216
3847,2216
3848,2216
3849,2216
3850,2216
3851,2216
3852,2216
3853,2216
3854,2216
3855,2216
3856,2216
3857,2216
3858,2216
3859,2216
3860,2216
3861,2216
3862,2216
3863,2216
3864,2216
3865,2216
3866,2216
3867,2216
3868,2216
3869,2216
3870,2216
3871,2216
3872,2216
3873,2216
3874,2216
3875,2216
3876,2216
3877,2216
3878,2216
3879,2216
3880,2216
3881,2216
3882,2216
3883,2216
3884,2216
3885,2216
3886,2216
3887,2216
3888,2216
3889,2216
3890,2216
3891,2216
3892,2216
3893,2216
3894,2216
3895,2216
3896,2216
3897,2216
3898,2216
3899,2216
3900,2216
3901,2216
3902,2216
3903,2216
3904,2216
3905,2216
3906,2216
3907,2216
3908,2216
3909,2216
3910,2216
3911,2216
3912,2216
3913,2216
3914,2216
3915,2216
3916,2216
3917,2216
3918,2216
3919,2216
3920,2216
3921,2216
3922,2216
3923,2216
3924,2216
3925,2216
3926,2216
3927,2216
3928,2216
3929,2216
3930,2216
3931,2216
3932,2216
3933,2216
3934,2216
3935,2216
3936,2216
3937,2216
3938,2216
3939,2216
3940,2216
3941,2216
3942,2216
3943,2216
3944,2216
3945,2216
3946,2216
3947,2216
3948,2216
3949,2216
3950,2216
3951,2216
3952,2216
3953,2216
3954,2216
3955,2216
3956,2216
3957,2216
3958,2216
3959,2216
3960,2216
3961,2216
3962,2216
3963,2216
3964,2216
3965,2216
3966,2216
3967,2216
3968,2216
3969,2216
3970,2216
3971,2216
3972,2216
3973,2216
3974,2216
3975,2216
3976,2216
3977,2216
3978,2216
3979,2216
3980,2216
3981,2216
3982,2216
3983,2216
3984,2216
3985,2216
3986,2216
3987,2216
3988,2216
3989,2216
3990,2216
3991,2216
3992,2216
3993,2216
3994,2216
3995,2216
3996,2216
3997,2216
3998,2216
3999,2216
4000,2216
4001,2216
4002,2216
4003,2216
4004,2216
4005,2216
4006,2216
4007,2216
4008,2216
4009,2216
4010,2216
4011,2216
4012,2216
4013,2216
4014,2216
4015,2216
4016,2216
4017,2216
4018,2216
4019,2216
4020,2216
4021,2216
4022,2216
4023,2216
4024,2216
4025,2216
4026,2216
4027,2216
4028,2216
4029,2216
4030,2216
4031,2216
4032,2216
4033,2216
4034,2216
4035,2216
4036,2216
4037,2216
4038,2216
4039,2216
4040,2216
4041,2216
4042,2216
4043,2216
4044,2216
4045,2216
4046,2216
4047,2216
4048,2216
4049,2216
4050,2216
4051,2216
4052,2216
4053,2216
4054,2216
4055,2216
4056,2216
4057,2216
4058,2216
4059,2216
4060,2216
4061,2216
4062,2216
4063,2216
4064,2216
4065,2216
4066,2216
4067,2216
4068,2216
4069,2216
4070,2216
4071,2216
4072,2216
4073,2216
4074,2216
4075,2216
4076,2216
4077,2216
4078,2216
4079,2216
4080,2216
4081,2216
4082,2216
4083,2216
4084,2216
4085,2216
4086,2216
4087,2216
4088,2216
4089,2216
4090,2216
4091,2216
4092,2216
4093,2216
4094,2216
4095,2216
4096,2216
4097,2216
4098,2216
4099,2216
4100,2216
4101,2216
4102,2216
4103,2216
4104,2216
4105,2216
4106,2216
4107,2216
4108,2216
4109,2216
4110,2216
4111,2216
4112,2216
4113,2216
4114,2216
4115,2216
4116,2216
4117,2216
4118,2216
4119,2216
4120,2216
4121,2216
4122,2216
4123,2216
4124,2216
4125,2216
4126,2216
4127,2216
4128,2216
4129,2216
4130,2216
4131,2216
4132,2216
4133,2216
4134,2216
4135,2216
4136,2216
4137,2216
4138,2216
4139,2216
4140,2216
4141,2216
4142,2216
4143,2216
4144,2216
4145,2216
4146,2216
4147,2216
4148,2216
4149,2216
4150,2216
4151,2216
4152,2216
4153,2216
4154,2216
4155,2216
4156,2216
4157,2216
4158,2216
4159,2216
4160,2216
4161,2216
4162,2216
4163,2216
4164,2216
4165,2216
4166,2216
4167,2216
4168,2216
4169,2216
4170,2216
4171,2216
4172,2216
4173,2216
4174,2216
4175,2216
4176,2216
4177,2216
4178,2216
4179,2216
4180,2216
4181,2216
4182,2216
4183,2216
4184,2216
4185,2216
4186,2216
4187,2216
4188,2216
4189,2216
4190,2216
4191,2216
4192,2216
4193,2216
4194,2216
4195,2216
4196,2216
4197,2216
4198,2216
4199,2216
4200,2216
4201,2216
4202,2216
4203,2216
4204,2216
4205,2216
4206,2216
4207,2216
4208,2216
4209,2216
4210,2216
4211,2216
4212,2216
4213,2216
4214,2216
4215,2216
4216,2216
4217,2216
4218,2216
4219,2216
4220,2216
4221,2216
4222,2216
4223,2216
4224,2216
4225,2216
4226,2216
4227,2216
4228,2216
4229,2216
4230,2216
4231,2216
4232,2216
4233,2216
4234,2216
4235,2216
4236,2216
4237,2216
4238,2216
4239,2216
4240,2216
4241,2216
4242,2216
4243,2216
4244,2216
4245,2216
4246,2216
4247,2216
4248,2216
4249,2216
4250,2216
4251,2216
4252,2216
4253,2216
4254,2216
4255,2216
4256,2216
4257,2216
4258,2216
4259,2216
4260,2216
4261,2216
4262,2216
4263,2216
4264,2216
4265,2216
4266,2216
4267,2216
4268,2216
4269,2216
4270,2216
4271,2216
4272,2216
4273,2216
4274,2216
4275,2216
4276,2216
4277,2216
4278,2216
4279,2216
4280,2216
4281,2216
4282,2216
4283,2216
4284,2216
4285,2216
4286,2216
4287,2216
4288,2216
4289,2216
4290,2216
4291,2216
4292,2216
4293,2216
4294,2216
4295,2216
4296,2216
4297,2216
4298,2216
4299,2216
4300,2216
4301,2216
4302,2216
4303,2216
4304,2216
4305,2216
4306,2216
4307,2216
4308,2216
4309,2216
4310,2216
4311,2216
4312,2216
4313,2216
4314,2216
4315,2216
4316,2216
4317,2216
4318,2216
4319,2216
4320,2216
4321,2216
4322,2216
4323,2216
4324,2216
4325,2216
4326,2216
4327,2216
4328,2216
4329,2216
4330,2216
4331,2216
4332,2216
4333,2216
4334,2216
4335,2216
4336,2216
4337,2216
4338,2216
4339,2216
4340,2216
4341,2216
4342,2216
4343,2216
4344,2216
4345,2216
4346,2216
4347,2216
4348,2216
4349,2216
4350,2216
4351,2216
4352,2216
4353,2216
4354,2216
4355,2216
4356,2216
4357,2216
4358,2216
4359,2216
4360,2216
4361,2216
4362,2216
4363,2216
4364,2216
4365,2216
4366,2216
4367,2216
4368,2216
4369,2216
4370,2216
4371,2216
4372,2216
4373,2216
4374,2216
4375,2216
4376,2216
4377,2216
4378,2216
4379,2216
4380,2216
4381,2216
4382,2216
4383,2216
4384,2216
4385,2216
4386,2216
4387,2216
4388,2216
4389,2216
4390,2216
4391,2216
4392,2216
4393,2216
4394,2216
4395,2216
4396,2216
4397,2216
4398,2216
4399,2216
4400,2216
4401,2216
4402,2216
4403,2216
4404,2216
4405,2216
4406,2216
4407,2216
4408,2216
4409,2216
4410,2216
4411,2216
4412,2216
4413,2216
4414,2216
4415,2216
4416,2216
4417,2216
4418,2216
4419,2216
4420,2216
4421,2216
4422,2216
4423,2216
4424,2216
4425,2216
4426,2216
4427,2216
4428,2216
4429,2216
4430,2216
4431,2216
4432,2216
4433,2216
4434,2216
4435,2216
4436,2216
4437,2216
4438,2216
4439,2216
4440,2216
4441,2216
4442,2216
4443,2216
4444,2216
4445,2216
4446,2216
4447,2216
4448,2216
4449,2216
4450,2216
4451,2216
4452,2216
4453,2216
4454,2216
4455,2216
4456,2216
4457,2216
4458,2216
4459,2216
4460,2216
4461,2216
4462,2216
4463,2216
4464,2216
4465,2216
4466,2216
4467,2216
4468,2216
4469,2216
4470,2216
4471,2216
4472,2216
4473,2216
4474,2216
4475,2216
4476,2216
4477,2216
4478,2216
4479,2216
4480,2216
4481,2216
4482,2216
4483,2216
4484,2216
4485,2216
4486,2216
4487,2216
4488,2216
4489,2216
4490,2216
4491,2216
4492,2216
4493,2216
4494,2216
4495,2216
4496,2216
4497,2216
4498,2216
4499,2216
4500,2216
4501,2216
4502,2216
4503,2216
4504,2216
4505,2216
4506,2216
4507,2216
4508,2216
4509,2216
4510,2216
4511,2216
4512,2216
4513,2216
4514,2216
4515,2216
4516,2216
4517,2216
4518,2216
4519,2216
4520,2216
4521,2216
4522,2216
4523,2216
4524,2216
4525,2216
4526,2216
4527,2216
4528,2216
4529,2216
4530,2216
4531,2216
4532,2216
4533,2216
4534,2216
4535,2216
4536,2216
4537,2216
4538,2216
4539,2216
4540,2216
4541,2216
4542,2216
4543,2216
4544,2216
4545,2216
4546,2216
4547,2216
4548,2216
4549,2216
4550,2216
4551,2216
4552,2216
4553,2216
4554,2216
4555,2216
4556,2216
4557,2216
4558,2216
4559,2216
4560,2216
4561,2216
4562,2216
4563,2216
4564,2216
4565,2216
4566,2216
4567,2216
4568,2216
4569,2216
4570,2216
4571,2216
4572,2216
4573,2216
4574,2216
4575,2216
4576,2216
4577,2216
4578,2216
4579,2216
4580,2216
4581,2216
4582,2216
4583,2216
4584,2216
4585,2216
4586,2216
4587,2216
4588,2216
4589,2216
4590,2216
4591,2216
4592,2216
4593,2216
4594,2216
4595,2216
4596,2216
4597,2216
4598,2216
4599,2216
4600,2216
4601,2216
4602,2216
4603,2216
4604,2216
4605,2216
4606,2216
4607,2216
4608,2216
4609,2216
4610,2216
4611,2216
4612,2216
4613,2216
4614,2216
4615,2216
4616,2216
4617,2216
4618,2216
4619,2216
4620,2216
4621,2216
4622,2216
4623,2216
4624,2216
4625,2216
4626,2216
4627,2216
4628,2216
4629,2216
4630,2216
4631,2216
4632,2216
4633,2216
4634,2216
4635,2216
4636,2216
4637,2216
4638,2216
4639,2216
4640,2216
4641,2216
4642,2216
4643,2216
4644,2216
4645,2216
4646,2216
4647,2216
4648,2216
4649,2216
4650,2216
4651,2216
4652,2216
4653,2216
4654,2216
4655,2216
4656,2216
4657,2216
4658,2216
4659,2216
4660,2216
4661,2216
4662,2216
4663,2216
4664,2216
4665,2216
4666,2216
4667,2216
4668,2216
4669,2216
4670,2216
4671,2216
4672,2216
4673,2216
4674,2216
4675,2216
4676,2216
4677,2216
4678,2216
4679,2216
4680,2216
4681,2216
4682,2216
4683,2216
4684,2216
4685,2216
4686,2216
4687,2216
4688,2216
4689,2216
4690,2216
4691,2216
4692,2216
4693,2216
4694,2216
4695,2216
4696,2216
4697,2216
4698,2216
4699,2216
4700,2216
4701,2216
4702,2216
4703,2216
4704,2216
4705,2216
4706,2216
4707,2216
4708,2216
4709,2216
4710,2216
4711,2216
4712,2216
4713,2216
4714,2216
4715,2216
4716,2216
4717,2216
4718,2216
4719,2216
4720,2216
4721,2216
4722,2216
4723,2216
4724,2216
4725,2216
4726,2216
4727,2216
4728,2216
4729,2216
4730,2216
4731,2216
4732,2216
4733,2216
4734,2216
4735,2216
4736,2216
4737,2216
4738,2216
4739,2216
4740,2216
4741,2216
4742,2216
4743,2216
4744,2216
4745,2216
4746,2216
4747,2216
4748,2216
4749,2216
4750,2216
4751,2216
4752,2216
4753,2216
4754,2216
4755,2216
4756,2216
4757,2216
4758,2216
4759,2216
4760,2216
4761,2216
4762,2216
4763,2216
4764,2216
4765,2216
4766,2216
4767,2216
4768,2216
4769,2216
4770,2216
4771,2216
4772,2216
4773,2216
4774,2216
4775,2216
4776,2216
4777,2216
4778,2216
4779,2216
4780,2216
4781,2216
4782,2216
4783,2216
4784,2216
4785,2216
4786,2216
4787,2216
4788,2216
4789,2216
4790,2216
4791,2216
4792,2216
4793,2216
4794,2216
4795,2216
4796,2216
4797,2216
4798,2216
4799,2216
4800,2216
4801,2216
4802,2216
4803,2216
4804,2216
4805,2216
4806,2216
4807,2216
4808,2216
4809,2216
4810,2216
4811,2216
4812,2216
4813,2216
4814,2216
4815,2216
4816,2216
4817,2216
4818,2216
4819,2216
4820,2216
4821,2216
4822,2216
4823,2216
4824,2216
4825,2216
4826,2216
4827,2216
4828,2216
4829,2216
4830,2216
4831,2216
4832,2216
4833,2216
4834,2216
4835,2216
4836,2216
4837,2216
4838,2216
4839,2216
4840,2216
4841,2216
4842,2216
4843,2216
4844,2216
4845,2216
4846,2216
4847,2216
4848,2216
4849,2216
4850,2216
4851,2216
4852,2216
4853,2216
4854,2216
4855,2216
4856,2216
4857,2216
4858,2216
4859,2216
4860,2216
4861,2216
4862,2216
4863,2216
4864,2216
4865,2216
4866,2216
4867,2216
4868,2216
4869,2216
4870,2216
4871,2216
4872,2216
4873,2216
4874,2216
4875,2216
4876,2216
4877,2216
4878,2216
4879,2216
4880,2216
4881,2216
4882,2216
4883,2216
4884,2216
4885,2216
4886,2216
4887,2216
4888,2216
4889,2216
4890,2216
4891,2216
4892,2216
4893,2216
4894,2216
4895,2216
4896,2216
4897,2216
4898,2216
4899,2216
4900,2216
4901,2216
4902,2216
4903,2216
4904,2216
4905,2216
4906,2216
4907,2216
4908,2216
4909,2216
4910,2216
4911,2216
4912,2216
4913,2216
4914,2216
4915,2216
4916,2216
4917,2216
4918,2216
4919,2216
4920,2216
4921,2216
4922,2216
4923,2216
4924,2216
4925,2216
4926,2216
4927,2216
4928,2216
4929,2216
4930,2216
4931,2216
4932,2216
4933,2216
4934,2216
4935,2216
4936,2216
4937,2216
4938,2216
4939,2216
4940,2216
4941,2216
4942,2216
4943,2216
4944,2216
4945,2216
4946,2216
4947,2216
4948,2216
4949,2216
4950,2216
4951,2216
4952,2216
4953,2216
4954,2216
4955,2216
4956,2216
4957,2216
4958,2216
4959,2216
4960,2216
4961,2216
4962,2216
4963,2216
4964,2216
4965,2216
4966,2216
4967,2216
4968,2216
4969,2216
4970,2216
4971,2216
4972,2216
4973,2216
4974,2216
4975,2216
4976,2216
4977,2216
4978,2216
4979,2216
4980,2216
4981,2216
4982,2216
4983,2216
4984,2216
4985,2216
4986,2216
4987,2216
4988,2216
4989,2216
4990,2216
4991,2216
4992,2216
4993,2216
4994,2216
4995,2216
4996,2216
4997,2216
4998,2216
4999,2216
5000,2216
5001,2216
5002,2216
5003,2216
5004,2216
5005,2216
5006,2216
5007,2216
5008,2216
5009,2216
5010,2216
5011,2216
5012,2216
5013,2216
5014,2216
5015,2216
5016,2216
5017,2216
5018,2216
5019,2216
5020,2216
5021,2216
5022,2216
5023,2216
5024,2216
5025,2216
5026,2216
5027,2216
5028,2216
5029,2216
5030,2216
5031,2216
5032,2216
5033,2216
5034,2216
5035,2216
5036,2216
5037,2216
5038,2216
5039,2216
5040,2216
5041,2216
5042,2216
5043,2216
5044,2216
5045,2216
5046,2216
5047,2216
5048,2216
5049,2216
5050,2216
5051,2216
5052,2216
5053,2216
5054,2216
5055,2216
5056,2216
5057,2216
5058,2216
5059,2216
5060,2216
5061,2216
5062,2216
5063,2216
5064,2216
5065,2216
5066,2216
5067,2216
5068,2216
5069,2216
5070,2216
5071,2216
5072,2216
5073,2216
5074,2216
5075,2216
5076,2216
5077,2216
5078,2216
5079,2216
5080,2216
5081,2216
5082,2216
5083,2216
5084,2216
5085,2216
5086,2216
5087,2216
5088,2216
5089,2216
5090,2216
5091,2216
5092,2216
5093,2216
5094,2216
5095,2216
5096,2216
5097,2216
5098,2216
5099,2216
5100,2216
5101,2216
5102,2216
5103,2216
5104,2216
5105,2216
5106,2216
5107,2216
5108,2216
5109,2216
5110,2216
5111,2216
5112,2216
5113,2216
5114,2216
5115,2216
5116,2216
5117,2216
5118,2216
5119,2216
5120,2216
5121,2216
5122,2216
5123,2216
5124,2216
5125,2216
5126,2216
5127,2216
5128,2216
5129,2216
5130,2216
5131,2216
5132,2216
5133,2216
5134,2216
5135,2216
5136,2216
5137,2216
5138,2216
5139,2216
5140,2216
5141,2216
5142,2216
5143,2216
5144,2216
5145,2216
5146,2216
5147,2216
5148,2216
5149,2216
5150,2216
5151,2216
5152,2216
5153,2216
5154,2216
5155,2216
5156,2216
5157,2216
5158,2216
5159,2216
5160,2216
5161,2216
5162,2216
5163,2216
5164,2216
5165,2216
5166,2216
5167,2216
5168,2216
5169,2216
5170,2216
5171,2216
5172,2216
5173,2216
5174,2216
5175,2216
5176,2216
5177,2216
5178,2216
5179,2216
5180,2216
5181,2216
5182,2216
5183,2216
5184,2216
5185,2216
5186,2216
5187,2216
5188,2216
5189,2216
5190,2216
5191,2216
5192,2216
5193,2216
5194,2216
5195,2216
5196,2216
5197,2216
5198,2216
5199,2216
5200,2216
5201,2216
5202,2216
5203,2216
5204,2216
5205,2216
5206,2216
5207,2216
5208,2216
5209,2216
5210,2216
5211,2216
5212,2216
5213,2216
5214,2216
5215,2216
5216,2216
5217,2216
5218,2216
5219,2216
5220,2216
5221,2216
5222,2216
5223,2216
5224,2216
5225,2216
5226,2216
5227,2216
5228,2216
5229,2216
5230,2216
5231,2216
5232,2216
5233,2216
5234,2216
5235,2216
5236,2216
5237,2216
5238,2216
5239,2216
5240,2216
5241,2216
5242,2216
5243,2216
5244,2216
5245,2216
5246,2216
5247,2216
5248,2216
5249,2216
5250,2216
5251,2216
5252,2216
5253,2216
5254,2216
5255,2216
5256,2216
5257,2216
5258,2216
5259,2216
5260,2216
5261,2216
5262,2216
5263,2216
5264,2216
5265,2216
5266,2216
5267,2216
5268,2216
5269,2216
5270,2216
5271,2216
5272,2216
5273,2216
5274,2216
5275,2216
5276,2216
5277,2216
5278,2216
5279,2216
5280,2216
5281,2216
5282,2216
5283,2216
5284,2216
5285,2216
5286,2216
5287,2216
5288,2216
5289,2216
5290,2216
5291,2216
5292,2216
5293,2216
5294,2216
5295,2216
5296,2216
5297,2216
5298,2216
5299,2216
5300,2216
5301,2216
5302,2216
5303,2216
5304,2216
5305,2216
5306,2216
5307,2216
5308,2216
5309,2216
5310,2216
5311,2216
5312,2216
5313,2216
5314,2216
5315,2216
5316,2216
5317,2216
5318,2216
5319,2216
5320,2216
5321,2216
5322,2216
5323,2216
5324,2216
5325,2216
5326,2216
5327,2216
5328,2216
5329,2216
5330,2216
5331,2216
5332,2216
5333,2216
5334,2216
5335,2216
5336,2216
5337,2216
5338,2216
5339,2216
5340,2216
5341,2216
5342,2216
5343,2216
5344,2216
5345,2216
5346,2216
5347,2216
5348,2216
5349,2216
5350,2216
5351,2216
5352,2216
5353,2216
5354,2216
5355,2216
5356,2216
5357,2216
5358,2216
5359,2216
5360,2216
5361,2216
5362,2216
5363,2216
5364,2216
5365,2216
5366,2216
5367,2216
5368,2216
5369,2216
5370,2216
5371,2216
5372,2216
5373,2216
5374,2216
5375,2216
5376,2216
5377,2216
5378,2216
5379,2216
5380,2216
5381,2216
5382,2216
5383,2216
5384,2216
5385,2216
5386,2216
5387,2216
5388,2216
5389,2216
5390,2216
5391,2216
5392,2216
5393,2216
5394,2216
5395,2216
5396,2216
5397,2216
5398,2216
5399,2216
5400,2216
5401,2216
5402,2216
5403,2216
5404,2216
5405,2216
5406,2216
5407,2216
5408,2216
5409,2216
5410,2216
5411,2216
5412,2216
5413,2216
5414,2216
5415,2216
5416,2216
5417,2216
5418,2216
5419,2216
5420,2216
5421,2216
5422,2216
5423,2216
5424,2216
5425,2216
5426,2216
5427,2216
5428,2216
5429,2216
5430,2216
5431,2216
5432,2216
5433,2216
5434,2216
5435,2216
5436,2216
5437,2216
5438,2216
5439,2216
5440,2216
5441,2216
5442,2216
5443,2216
5444,2216
5445,2216
5446,2216
5447,2216
5448,2216
5449,2216
5450,2216
5451,2216
5452,2216
5453,2216
5454,2216
5455,2216
5456,2216
5457,2216
5458,2216
5459,2216
5460,2216
5461,2216
5462,2216
5463,2216
5464,2216
5465,2216
5466,2216
5467,2216
5468,2216
5469,2216
5470,2216
5471,2216
5472,2216
5473,2216
5474,2216
5475,2216
5476,2216
5477,2216
5478,2216
5479,2216
5480,2216
5481,2216
5482,2216
5483,2216
5484,2216
5485,2216
5486,2216
5487,2216
5488,2216
5489,2216
5490,2216
5491,2216
5492,2216
5493,2216
5494,2216
5495,2216
5496,2216
5497,2216
5498,2216
5499,2216
5500,2216
5501,2216
5502,2216
5503,2216
5504,2216
5505,2216
5506,2216
5507,2216
5508,2216
5509,2216
5510,2216
5511,2216
5512,2216
5513,2216
5514,2216
5515,2216
5516,2216
5517,2216
5518,2216
5519,2216
5520,2216
5521,2216
5522,2216
5523,2216
5524,2216
5525,2216
5526,2216
5527,2216
5528,2216
5529,2216
5530,2216
5531,2216
5532,2216
5533,2216
5534,2216
5535,2216
5536,2216
5537,2216
5538,2216
5539,2216
5540,2216
5541,2216
5542,2216
5543,2216
5544,2216
5545,2216
5546,2216
5547,2216
5548,2216
5549,2216
5550,2216
5551,2216
5552,2216
5553,2216
5554,2216
5555,2216
5556,2216
5557,2216
5558,2216
5559,2216
5560,2216
5561,2216
5562,2216
5563,2216
5564,2216
5565,2216
5566,2216
5567,2216
5568,2216
5569,2216
5570,2216
5571,2216
5572,2216
5573,2216
5574,2216
5575,2216
5576,2216
5577,2216
5578,2216
5579,2216
5580,2216
5581,2216
5582,2216
5583,2216
5584,2216
5585,2216
5586,2216
5587,2216
5588,2216
5589,2216
5590,2216
5591,2216
5592,2216
5593,2216
5594,2216
5595,2216
5596,2216
5597,2216
5598,2216
5599,2216
5600,2216
5601,2216
5602,2216
5603,2216
5604,2216
5605,2216
5606,2216
5607,2216
5608,2216
5609,2216
5610,2216
5611,2216
5612,2216
5613,2216
5614,2216
5615,2216
5616,2216
5617,2216
5618,2216
5619,2216
5620,2216
5621,2216
5622,2216
5623,2216
5624,2216
5625,2216
5626,2216
5627,2216
5628,2216
5629,2216
5630,2216
5631,2216
5632,2216
5633,2216
5634,2216
5635,2216
5636,2216
5637,2216
5638,2216
5639,2216
5640,2216
5641,2216
5642,2216
5643,2216
5644,2216
5645,2216
5646,2216
5647,2216
5648,2216
5649,2216
5650,2216
5651,2216
5652,2216
5653,2216
5654,2216
5655,2216
5656,2216
5657,2216
5658,2216
5659,2216
5660,2216
5661,2216
5662,2216
5663,2216
5664,2216
5665,2216
5666,2216
5667,2216
5668,2216
5669,2216
5670,2216
5671,2216
5672,2216
5673,2216
5674,2216
5675,2216
5676,2216
5677,2216
5678,2216
5679,2216
5680,2216
5681,2216
5682,2216
5683,2216
5684,2216
5685,2216
5686,2216
5687,2216
5688,2216
5689,2216
5690,2216
5691,2216
5692,2216
5693,2216
5694,2216
5695,2216
5696,2216
5697,2216
5698,2216
5699,2216
5700,2216
5701,2216
5702,2216
5703,2216
5704,2216
5705,2216
5706,2216
5707,2216
5708,2216
5709,2216
5710,2216
5711,2216
5712,2216
5713,2216
5714,2216
5715,2216
5716,2216
5717,2216
5718,2216
5719,2216
5720,2216
5721,2216
5722,2216
5723,2216
5724,2216
5725,2216
5726,2216
5727,2216
5728,2216
5729,2216
5730,2216
5731,2216
5732,2216
5733,2216
5734,2216
5735,2216
5736,2216
5737,2216
5738,2216
5739,2216
5740,2216
5741,2216
5742,2216
5743,2216
5744,2216
5745,2216
5746,2216
5747,2216
5748,2216
5749,2216
5750,2216
5751,2216
5752,2216
5753,2216
5754,2216
5755,2216
5756,2216
5757,2216
5758,2216
5759,2216
5760,2216
5761,2216
5762,2216
5763,2216
5764,2216
5765,2216
5766,2216
5767,2216
5768,2216
5769,2216
5770,2216
5771,2216
5772,2216
5773,2216
5774,2216
5775,2216
5776,2216
5777,2216
5778,2216
5779,2216
5780,2216
5781,2216
5782,2216
5783,2216
5784,2216
5785,2216
5786,2216
5787,2216
5788,2216
5789,2216
5790,2216
5791,2216
5792,2216
5793,2216
5794,2216
5795,2216
5796,2216
5797,2216
5798,2216
5799,2216
5800,2216
5801,2216
5802,2216
5803,2216
5804,2216
5805,2216
5806,2216
5807,2216
5808,2216
5809,2216
5810,2216
5811,2216
5812,2216
5813,2216
5814,2216
5815,2216
5816,2216
5817,2216
5818,2216
5819,2216
5820,2216
5821,2216
5822,2216
5823,2216
5824,2216
5825,2216
5826,2216
5827,2216
5828,2216
5829,2216
5830,2216
5831,2216
5832,2216
5833,2216
5834,2216
5835,2216
5836,2216
5837,2216
5838,2216
5839,2216
5840,2216
5841,2216
5842,2216
5843,2216
5844,2216
5845,2216
5846,2216
5847,2216
5848,2216
5849,2216
5850,2216
5851,2216
5852,2216
5853,2216
5854,2216
5855,2216
5856,2216
5857,2216
5858,2216
5859,2216
5860,2216
5861,2216
5862,2216
5863,2216
5864,2216
5865,2216
5866,2216
5867,2216
5868,2216
5869,2216
5870,2216
5871,2216
5872,2216
5873,2216
5874,2216
5875,2216
5876,2216
5877,2216
5878,2216
5879,2216
5880,2216
5881,2216
5882,2216
5883,2216
5884,2216
5885,2216
5886,2216
5887,2216
5888,2216
5889,2216
5890,2216
5891,2216
5892,2216
5893,2216
5894,2216
5895,2216
5896,2216
5897,2216
5898,2216
5899,2216
5900,2216
5901,2216
5902,2216
5903,2216
5904,2216
5905,2216
5906,2216
5907,2216
5908,2216
5909,2216
5910,2216
5911,2216
5912,2216
5913,2216
5914,2216
5915,2216
5916,2216
5917,2216
5918,2216
5919,2216
5920,2216
5921,2216
5922,2216
5923,2216
5924,2216
5925,2216
5926,2216
5927,2216
5928,2216
5929,2216
5930,2216
5931,2216
5932,2216
5933,2216
5934,2216
5935,2216
5936,2216
5937,2216
5938,2216
5939,2216
5940,2216
5941,2216
5942,2216
5943,2216
5944,2216
5945,2216
5946,2216
5947,2216
5948,2216
5949,2216
5950,2216
5951,2216
5952,2216
5953,2216
5954,2216
5955,2216
5956,2216
5957,2216
5958,2216
5959,2216
5960,2216
5961,2216
5962,2216
5963,2216
5964,2216
5965,2216
5966,2216
5967,2216
5968,2216
5969,2216
5970,2216
5971,2216
5972,2216
5973,2216
5974,2216
5975,2216
5976,2216
5977,2216
5978,2216
5979,2216
5980,2216
5981,2216
5982,2216
5983,2216
5984,2216
5985,2216
5986,2216
5987,2216
5988,2216
5989,2216
5990,2216
5991,2216
5992,2216
5993,2216
5994,2216
5995,2216
5996,2216
5997,2216
5998,2216
5999,2216
6000,2216
6001,2216
6002,2216
6003,2216
6004,2216
6005,2216
6006,2216
6007,2216
6008,2216
6009,2216
6010,2216
6011,2216
6012,2216
6013,2216
6014,2216
6015,2216
6016,2216
6017,2216
6018,2216
6019,2216
6020,2216
6021,2216
6022,2216
6023,2216
6024,2216
6025,2216
6026,2216
6027,2216
6028,2216
6029,2216
6030,2216
6031,2216
6032,2216
6033,2216
6034,2216
6035,2216
6036,2216
6037,2216
6038,2216
6039,2216
6040,2216
6041,2216
6042,2216
6043,2216
6044,2216
6045,2216
6046,2216
6047,2216
6048,2216
6049,2216
6050,2216
6051,2216
6052,2216
6053,2216
6054,2216
6055,2216
6056,2216
6057,2216
6058,2216
6059,2216
6060,2216
6061,2216
6062,2216
6063,2216
6064,2216
6065,2216
6066,2216
6067,2216
6068,2216
6069,2216
6070,2216
6071,2216
6072,2216
6073,2216
6074,2216
6075,2216
6076,2216
6077,2216
6078,2216
6079,2216
6080,2216
6081,2216
6082,2216
6083,2216
6084,2216
6085,2216
6086,2216
6087,2216
6088,2216
6089,2216
6090,2216
6091,2216
6092,2216
6093,2216
6094,2216
6095,2216
6096,2216
6097,2216
6098,2216
6099,2216
6100,2216
6101,2216
6102,2216
6103,2216
6104,2216
6105,2216
6106,2216
6107,2216
6108,2216
6109,2216
6110,2216
6111,2216
6112,2216
6113,2216
6114,2216
6115,2216
6116,2216
6117,2216
6118,2216
6119,2216
6120,2216
6121,2216
6122,2216
6123,2216
6124,2216
6125,2216
6126,2216
6127,2216
6128,2216
6129,2216
6130,2216
6131,2216
6132,2216
6133,2216
6134,2216
6135,2216
6136,2216
6137,2216
6138,2216
6139,2216
6140,2216
6141,2216
6142,2216
6143,2216
6144,2216
6145,2216
6146,2216
6147,2216
6148,2216
6149,2216
6150,2216
6151,2216
6152,2216
6153,2216
6154,2216
6155,2216
6156,2216
6157,2216
6158,2216
6159,2216
6160,2216
6161,2216
6162,2216
6163,2216
6164,2216
6165,2216
6166,2216
6167,2216
6168,2216
6169,2216
6170,2216
6171,2216
6172,2216
6173,2216
6174,2216
6175,2216
6176,2216
6177,2216
6178,2216
6179,2216
6180,2216
6181,2216
6182,2216
6183,2216
6184,2216
6185,2216
6186,2216
6187,2216
6188,2216
6189,2216
6190,2216
6191,2216
6192,2216
6193,2216
6194,2216
6195,2216
6196,2216
6197,2216
6198,2216
6199,2216
6200,2216
6201,2216
6202,2216
6203,2216
6204,2216
6205,2216
6206,2216
6207,2216
6208,2216
6209,2216
6210,2216
6211,2216
6212,2216
6213,2216
6214,2216
6215,2216
6216,2216
6217,2216
6218,2216
6219,2216
6220,2216
6221,2216
6222,2216
6223,2216
6224,2216
6225,2216
6226,2216
6227,2216
6228,2216
6229,2216
6230,2216
6231,2216
6232,2216
6233,2216
6234,2216
6235,2216
6236,2216
6237,2216
6238,2216
6239,2216
6240,2216
6241,2216
6242,2216
6243,2216
6244,2216
6245,2216
6246,2216
6247,2216
6248,2216
6249,2216
6250,2216
6251,2216
6252,2216
6253,2216
6254,2216
6255,2216
6256,2216
6257,2216
6258,2216
6259,2216
6260,2216
6261,2216
6262,2216
6263,2216
6264,2216
6265,2216
6266,2216
6267,2216
6268,2216
6269,2216
6270,2216
6271,2216
6272,2216
6273,2216
6274,2216
6275,2216
6276,2216
6277,2216
6278,2216
6279,2216
6280,2216
6281,2216
6282,2216
6283,2216
6284,2216
6285,2216
6286,2216
6287,2216
6288,2216
6289,2216
6290,2216
6291,2216
6292,2216
6293,2216
6294,2216
6295,2216
6296,2216
6297,2216
6298,2216
6299,2216
6300,2216
6301,2216
6302,2216
6303,2216
6304,2216
6305,2216
6306,2216
6307,2216
6308,2216
6309,2216
6310,2216
6311,2216
6312,2216
6313,2216
6314,2216
6315,2216
6316,2216
6317,2216
6318,2216
6319,2216
6320,2216
6321,2216
6322,2216
6323,2216
6324,2216
6325,2216
6326,2216
6327,2216
6328,2216
6329,2216
6330,2216
6331,2216
6332,2216
6333,2216
6334,2216
6335,2216
6336,2216
6337,2216
6338,2216
6339,2216
6340,2216
6341,2216
6342,2216
6343,2216
6344,2216
6345,2216
6346,2216
6347,2216
6348,2216
6349,2216
6350,2216
6351,2216
6352,2216
6353,2216
6354,2216
6355,2216
6356,2216
6357,2216
6358,2216
6359,2216
6360,2216
6361,2216
6362,2216
6363,2216
6364,2216
6365,2216
6366,2216
6367,2216
6368,2216
6369,2216
6370,2216
6371,2216
6372,2216
6373,2216
6374,2216
6375,2216
6376,2216
6377,2216
6378,2216
6379,2216
6380,2216
6381,2216
6382,2216
6383,2216
6384,2216
6385,2216
6386,2216
6387,2216
6388,2216
6389,2216
6390,2216
6391,2216
6392,2216
6393,2216
6394,2216
6395,2216
6396,2216
6397,2216
6398,2216
6399,2216
6400,2216
6401,2216
6402,2216
6403,2216
6404,2216
6405,2216
6406,2216
6407,2216
6408,2216
6409,2216
6410,2216
6411,2216
6412,2216
6413,2216
6414,2216
6415,2216
6416,2216
6417,2216
6418,2216
6419,2216
6420,2216
6421,2216
6422,2216
6423,2216
6424,2216
6425,2216
6426,2216
6427,2216
6428,2216
6429,2216
6430,2216
6431,2216
6432,2216
6433,2216
6434,2216
6435,2216
6436,2216
6437,2216
6438,2216
6439,2216
6440,2216
6441,2216
6442,2216
6443,2216
6444,2216
6445,2216
6446,2216
6447,2216
6448,2216
6449,2216
6450,2216
6451,2216
6452,2216
6453,2216
6454,2216
6455,2216
6456,2216
6457,2216
6458,2216
6459,2216
6460,2216
6461,2216
6462,2216
6463,2216
6464,2216
6465,2216
6466,2216
6467,2216
6468,2216
6469,2216
6470,2216
6471,2216
6472,2216
6473,2216
6474,2216
6475,2216
6476,2216
6477,2216
6478,2216
6479,2216
6480,2216
6481,2216
6482,2216
6483,2216
6484,2216
6485,2216
6486,2216
6487,2216
6488,2216
6489,2216
6490,2216
6491,2216
6492,2216
6493,2216
6494,2216
6495,2216
6496,2216
6497,2216
6498,2216
6499,2216
6500,2216
6501,2216
6502,2216
6503,2216
6504,2216
6505,2216
6506,2216
6507,2216
6508,2216
6509,2216
6510,2216
6511,2216
6512,2216
6513,2216
6514,2216
6515,2216
6516,2216
6517,2216
6518,2216
6519,2216
6520,2216
6521,2216
6522,2216
6523,2216
6524,2216
6525,2216
6526,2216
6527,2216
6528,2216
6529,2216
6530,2216
6531,2216
6532,2216
6533,2216
6534,2216
6535,2216
6536,2216
6537,2216
6538,2216
6539,2216
6540,2216
6541,2216
6542,2216
6543,2216
6544,2216
6545,2216
6546,2216
6547,2216
6548,2216
6549,2216
6550,2216
6551,2216
6552,2216
6553,2216
6554,2216
6555,2216
6556,2216
6557,2216
6558,2216
6559,2216
6560,2216
6561,2216
6562,2216
6563,2216
6564,2216
6565,2216
6566,2216
6567,2216
6568,2216
6569,2216
6570,2216
6571,2216
6572,2216
6573,2216
6574,2216
6575,2216
6576,2216
6577,2216
6578,2216
6579,2216
6580,2216
6581,2216
6582,2216
6583,2216
6584,2216
6585,2216
6586,2216
6587,2216
6588,2216
6589,2216
6590,2216
6591,2216
6592,2216
6593,2216
6594,2216
6595,2216
6596,2216
6597,2216
6598,2216
6599,2216
6600,2216
6601,2216
6602,2216
6603,2216
6604,2216
6605,2216
6606,2216
6607,2216
6608,2216
6609,2216
6610,2216
6611,2216
6612,2216
6613,2216
6614,2216
6615,2216
6616,2216
6617,2216
6618,2216
6619,2216
6620,2216
6621,2216
6622,2216
6623,2216
6624,2216
6625,2216
6626,2216
6627,2216
6628,2216
6629,2216
6630,2216
6631,2216
6632,2216
6633,2216
6634,2216
6635,2216
6636,2216
6637,2216
6638,2216
6639,2216
6640,2216
6641,2216
6642,2216
6643,2216
6644,2216
6645,2216
6646,2216
6647,2216
6648,2216
6649,2216
6650,2216
6651,2216
6652,2216
6653,2216
6654,2216
6655,2216
6656,2216
6657,2216
6658,2216
6659,2216
6660,2216
6661,2216
6662,2216
6663,2216
6664,2216
6665,2216
6666,2216
6667,2216
6668,2216
6669,2216
6670,2216
6671,2216
6672,2216
6673,2216
6674,2216
6675,2216
6676,2216
6677,2216
6678,2216
6679,2216
6680,2216
6681,2216
6682,2216
6683,2216
6684,2216
6685,2216
6686,2216
6687,2216
6688,2216
6689,2216
6690,2216
6691,2216
6692,2216
6693,2216
6694,2216
6695,2216
6696,2216
6697,2216
6698,2216
6699,2216
6700,2216
6701,2216
6702,2216
6703,2216
6704,2216
6705,2216
6706,2216
6707,2216
6708,2216
6709,2216
6710,2216
6711,2216
6712,2216
6713,2216
6714,2216
6715,2216
6716,2216
6717,2216
6718,2216
6719,2216
6720,2216
6721,2216
6722,2216
6723,2216
6724,2216
6725,2216
6726,2216
6727,2216
6728,2216
6729,2216
6730,2216
6731,2216
6732,2216
6733,2216
6734,2216
6735,2216
6736,2216
6737,2216
6738,2216
6739,2216
6740,2216
6741,2216
6742,2216
6743,2216
6744,2216
6745,2216
6746,2216
6747,2216
6748,2216
6749,2216
6750,2216
6751,2216
6752,2216
6753,2216
6754,2216
6755,2216
6756,2216
6757,2216
6758,2216
6759,2216
6760,2216
6761,2216
6762,2216
6763,2216
6764,2216
6765,2216
6766,2216
6767,2216
6768,2216
6769,2216
6770,2216
6771,2216
6772,2216
6773,2216
6774,2216
6775,2216
6776,2216
6777,2216
6778,2216
6779,2216
6780,2216
6781,2216
6782,2216
6783,2216
6784,2216
6785,2216
6786,2216
6787,2216
6788,2216
6789,2216
6790,2216
6791,2216
6792,2216
6793,2216
6794,2216
6795,2216
6796,2216
6797,2216
6798,2216
6799,2216
6800,2216
6801,2216
6802,2216
6803,2216
6804,2216
6805,2216
6806,2216
6807,2216
6808,2216
6809,2216
6810,2216
6811,2216
6812,2216
6813,2216
6814,2216
6815,2216
6816,2216
6817,2216
6818,2216
6819,2216
6820,2216
6821,2216
6822,2216
6823,2216
6824,2216
6825,2216
6826,2216
6827,2216
6828,2216
6829,2216
6830,2216
6831,2216
6832,2216
6833,2216
6834,2216
6835,2216
6836,2216
6837,2216
6838,2216
6839,2216
6840,2216
6841,2216
6842,2216
6843,2216
6844,2216
6845,2216
6846,2216
6847,2216
6848,2216
6849,2216
6850,2216
6851,2216
6852,2216
6853,2216
6854,2216
6855,2216
6856,2216
6857,2216
6858,2216
6859,2216
6860,2216
6861,2216
6862,2216
6863,2216
6864,2216
6865,2216
6866,2216
6867,2216
6868,2216
6869,2216
6870,2216
6871,2216
6872,2216
6873,2216
6874,2216
6875,2216
6876,2216
6877,2216
6878,2216
6879,2216
6880,2216
6881,2216
6882,2216
6883,2216
6884,2216
6885,2216
6886,2216
6887,2216
6888,2216
6889,2216
6890,2216
6891,2216
6892,2216
6893,2216
6894,2216
6895,2216
6896,2216
6897,2216
6898,2216
6899,2216
6900,2216
6901,2216
6902,2216
6903,2216
6904,2216
6905,2216
6906,2216
6907,2216
6908,2216
6909,2216
6910,2216
6911,2216
6912,2216
6913,2216
6914,2216
6915,2216
6916,2216
6917,2216
6918,2216
6919,2216
6920,2216
6921,2216
6922,2216
6923,2216
6924,2216
6925,2216
6926,2216
6927,2216
6928,2216
6929,2216
6930,2216
6931,2216
6932,2216
6933,2216
6934,2216
6935,2216
6936,2216
6937,2216
6938,2216
6939,2216
6940,2216
6941,2216
6942,2216
6943,2216
6944,2216
6945,2216
6946,2216
6947,2216
6948,2216
6949,2216
6950,2216
6951,2216
6952,2216
6953,2216
6954,2216
6955,2216
6956,2216
6957,2216
6958,2216
6959,2216
6960,2216
6961,2216
6962,2216
6963,2216
6964,2216
6965,2216
6966,2216
6967,2216
6968,2216
6969,2216
6970,2216
6971,2216
6972,2216
6973,2216
6974,2216
6975,2216
6976,2216
6977,2216
6978,2216
6979,2216
6980,2216
6981,2216
6982,2216
6983,2216
6984,2216
6985,2216
6986,2216
6987,2216
6988,2216
6989,2216
6990,2216
6991,2216
6992,2216
6993,2216
6994,2216
6995,2216
6996,2216
6997,2216
6998,2216
6999,2216
7000,2216
7001,2216
7002,2216
7003,2216
7004,2216
7005,2216
7006,2216
7007,2216
7008,2216
7009,2216
7010,2216
7011,2216
7012,2216
7013,2216
7014,2216
7015,2216
7016,2216
7017,2216
7018,2216
7019,2216
7020,2216
7021,2216
7022,2216
7023,2216
7024,2216
7025,2216
7026,2216
7027,2216
7028,2216
7029,2216
7030,2216
7031,2216
7032,2216
7033,2216
7034,2216
7035,2216
7036,2216
7037,2216
7038,2216
7039,2216
7040,2216
7041,2216
7042,2216
7043,2216
7044,2216
7045,2216
7046,2216
7047,2216
7048,2216
7049,2216
7050,2216
7051,2216
7052,2216
7053,2216
7054,2216
7055,2216
7056,2216
7057,2216
7058,2216
7059,2216
7060,2216
7061,2216
7062,2216
7063,2216
7064,2216
7065,2216
7066,2216
7067,2216
7068,2216
7069,2216
7070,2216
7071,2216
7072,2216
7073,2216
7074,2216
7075,2216
7076,2216
7077,2216
7078,2216
7079,2216
7080,2216
7081,2216
7082,2216
7083,2216
7084,2216
7085,2216
7086,2216
7087,2216
7088,2216
7089,2216
7090,2216
7091,2216
7092,2216
7093,2216
7094,2216
7095,2216
7096,2216
7097,2216
7098,2216
7099,2216
7100,2216
7101,2216
7102,2216
7103,2216
7104,2216
7105,2216
7106,2216
7107,2216
7108,2216
7109,2216
7110,2216
7111,2216
7112,2216
7113,2216
7114,2216
7115,2216
7116,2216
7117,2216
7118,2216
7119,2216
7120,2216
7121,2216
7122,2216
7123,2216
7124,2216
7125,2216
7126,2216
7127,2216
7128,2216
7129,2216
7130,2216
7131,2216
7132,2216
7133,2216
7134,2216
7135,2216
7136,2216
7137,2216
7138,2216
7139,2216
7140,2216
7141,2216
7142,2216
7143,2216
7144,2216
7145,2216
7146,2216
7147,2216
7148,2216
7149,2216
7150,2216
7151,2216
7152,2216
7153,2216
7154,2216
7155,2216
7156,2216
7157,2216
7158,2216
7159,2216
7160,2216
7161,2216
7162,2216
7163,2216
7164,2216
7165,2216
7166,2216
7167,2216
7168,2216
7169,2216
7170,2216
7171,2216
7172,2216
7173,2216
7174,2216
7175,2216
7176,2216
7177,2216
7178,2216
7179,2216
7180,2216
7181,2216
7182,2216
7183,2216
7184,2216
7185,2216
7186,2216
7187,2216
7188,2216
7189,2216
7190,2216
7191,2216
7192,2216
7193,2216
7194,2216
7195,2216
7196,2216
7197,2216
7198,2216
7199,2216
7200,2216
7201,2216
7202,2216
7203,2216
7204,2216
7205,2216
7206,2216
7207,2216
7208,2216
7209,2216
7210,2216
7211,2216
7212,2216
7213,2216
7214,2216
7215,2216
7216,2216
7217,2216
7218,2216
7219,2216
7220,2216
7221,2216
7222,2216
7223,2216
7224,2216
7225,2216
7226,2216
7227,2216
7228,2216
7229,2216
7230,2216
7231,2216
7232,2216
7233,2216
7234,2216
7235,2216
7236,2216
7237,2216
7238,2216
7239,2216
7240,2216
7241,2216
7242,2216
7243,2216
7244,2216
7245,2216
7246,2216
7247,2216
7248,2216
7249,2216
7250,2216
7251,2216
7252,2216
7253,2216
7254,2216
7255,2216
7256,2216
7257,2216
7258,2216
7259,2216
7260,2216
7261,2216
7262,2216
7263,2216
7264,2216
7265,2216
7266,2216
7267,2216
7268,2216
7269,2216
7270,2216
7271,2216
7272,2216
7273,2216
7274,2216
7275,2216
7276,2216
7277,2216
7278,2216
7279,2216
7280,2216
7281,2216
7282,2216
7283,2216
7284,2216
7285,2216
7286,2216
7287,2216
7288,2216
7289,2216
7290,2216
7291,2216
7292,2216
7293,2216
7294,2216
7295,2216
7296,2216
7297,2216
7298,2216
7299,2216
7300,2216
7301,2216
7302,2216
7303,2216
7304,2216
7305,2216
7306,2216
7307,2216
7308,2216
7309,2216
7310,2216
7311,2216
7312,2216
7313,2216
7314,2216
7315,2216
7316,2216
7317,2216
7318,2216
7319,2216
7320,2216
7321,2216
7322,2216
7323,2216
7324,2216
7325,2216
7326,2216
7327,2216
7328,2216
7329,2216
7330,2216
7331,2216
7332,2216
7333,2216
7334,2216
7335,2216
7336,2216
7337,2216
7338,2216
7339,2216
7340,2216
7341,2216
7342,2216
7343,2216
7344,2216
7345,2216
7346,2216
7347,2216
7348,2216
7349,2216
7350,2216
7351,2216
7352,2216
7353,2216
7354,2216
7355,2216
7356,2216
7357,2216
7358,2216
7359,2216
7360,2216
7361,2216
7362,2216
7363,2216
7364,2216
7365,2216
7366,2216
7367,2216
7368,2216
7369,2216
7370,2216
7371,2216
7372,2216
7373,2216
7374,2216
7375,2216
7376,2216
7377,2216
7378,2216
7379,2216
7380,2216
7381,2216
7382,2216
7383,2216
7384,2216
7385,2216
7386,2216
7387,2216
7388,2216
7389,2216
7390,2216
7391,2216
7392,2216
7393,2216
7394,2216
7395,2216
7396,2216
7397,2216
7398,2216
7399,2216
7400,2216
7401,2216
7402,2216
7403,2216
7404,2216
7405,2216
7406,2216
7407,2216
7408,2216
7409,2216
7410,2216
7411,2216
7412,2216
7413,2216
7414,2216
7415,2216
7416,2216
7417,2216
7418,2216
7419,2216
7420,2216
7421,2216
7422,2216
7423,2216
7424,2216
7425,2216
7426,2216
7427,2216
7428,2216
7429,2216
7430,2216
7431,2216
7432,2216
7433,2216
7434,2216
7435,2216
7436,2216
7437,2216
7438,2216
7439,2216
7440,2216
7441,2216
7442,2216
7443,2216
7444,2216
7445,2216
7446,2216
7447,2216
7448,2216
7449,2216
7450,2216
7451,2216
7452,2216
7453,2216
7454,2216
7455,2216
7456,2216
7457,2216
7458,2216
7459,2216
7460,2216
7461,2216
7462,2216
7463,2216
7464,2216
7465,2216
7466,2216
7467,2216
7468,2216
7469,2216
7470,2216
7471,2216
7472,2216
7473,2216
7474,2216
7475,2216
7476,2216
7477,2216
7478,2216
7479,2216
7480,2216
7481,2216
7482,2216
7483,2216
7484,2216
7485,2216
7486,2216
7487,2216
7488,2216
7489,2216
7490,2216
7491,2216
7492,2216
7493,2216
7494,2216
7495,2216
7496,2216
7497,2216
7498,2216
7499,2216
7500,2216
7501,2216
7502,2216
7503,2216
7504,2216
7505,2216
7506,2216
7507,2216
7508,2216
7509,2216
7510,2216
7511,2216
7512,2216
7513,2216
7514,2216
7515,2216
7516,2216
7517,2216
7518,2216
7519,2216
7520,2216
7521,2216
7522,2216
7523,2216
7524,2216
7525,2216
7526,2216
7527,2216
7528,2216
7529,2216
7530,2216
7531,2216
7532,2216
7533,2216
7534,2216
7535,2216
7536,2216
7537,2216
7538,2216
7539,2216
7540,2216
7541,2216
7542,2216
7543,2216
7544,2216
7545,2216
7546,2216
7547,2216
7548,2216
7549,2216
7550,2216
7551,2216
7552,2216
7553,2216
7554,2216
7555,2216
7556,2216
7557,2216
7558,2216
7559,2216
7560,2216
7561,2216
7562,2216
7563,2216
7564,2216
7565,2216
7566,2216
7567,2216
7568,2216
7569,2216
7570,2216
7571,2216
7572,2216
7573,2216
7574,2216
7575,2216
7576,2216
7577,2216
7578,2216
7579,2216
7580,2216
7581,2216
7582,2216
7583,2216
7584,2216
7585,2216
7586,2216
7587,2216
7588,2216
7589,2216
7590,2216
7591,2216
7592,2216
7593,2216
7594,2216
7595,2216
7596,2216
7597,2216
7598,2216
7599,2216
7600,2216
7601,2216
7602,2216
7603,2216
7604,2216
7605,2216
7606,2216
7607,2216
7608,2216
7609,2216
7610,2216
7611,2216
7612,2216
7613,2216
7614,2216
7615,2216
7616,2216
7617,2216
7618,2216
7619,2216
7620,2216
7621,2216
7622,2216
7623,2216
7624,2216
7625,2216
7626,2216
7627,2216
7628,2216
7629,2216
7630,2216
7631,2216
7632,2216
7633,2216
7634,2216
7635,2216
7636,2216
7637,2216
7638,2216
7639,2216
7640,2216
7641,2216
7642,2216
7643,2216
7644,2216
7645,2216
7646,2216
7647,2216
7648,2216
7649,2216
7650,2216
7651,2216
7652,2216
7653,2216
7654,2216
7655,2216
7656,2216
7657,2216
7658,2216
7659,2216
7660,2216
7661,2216
7662,2216
7663,2216
7664,2216
7665,2216
7666,2216
7667,2216
7668,2216
7669,2216
7670,2216
7671,2216
7672,2216
7673,2216
7674,2216
7675,2216
7676,2216
7677,2216
7678,2216
7679,2216
7680,2216
7681,2216
7682,2216
7683,2216
7684,2216
7685,2216
7686,2216
7687,2216
7688,2216
7689,2216
7690,2216
7691,2216
7692,2216
7693,2216
7694,2216
7695,2216
7696,2216
7697,2216
7698,2216
7699,2216
7700,2216
7701,2216
7702,2216
7703,2216
7704,2216
7705,2216
7706,2216
7707,2216
7708,2216
7709,2216
7710,2216
7711,2216
7712,2216
7713,2216
7714,2216
7715,2216
7716,2216
7717,2216
7718,2216
7719,2216
7720,2216
7721,2216
7722,2216
7723,2216
7724,2216
7725,2216
7726,2216
7727,2216
7728,2216
7729,2216
7730,2216
7731,2216
7732,2216
7733,2216
7734,2216
7735,2216
7736,2216
7737,2216
7738,2216
7739,2216
7740,2216
7741,2216
7742,2216
7743,2216
7744,2216
7745,2216
7746,2216
7747,2216
7748,2216
7749,2216
7750,2216
7751,2216
7752,2216
7753,2216
7754,2216
7755,2216
7756,2216
7757,2216
7758,2216
7759,2216
7760,2216
7761,2216
7762,2216
7763,2216
7764,2216
7765,2216
7766,2216
7767,2216
7768,2216
7769,2216
7770,2216
7771,2216
7772,2216
7773,2216
7774,2216
7775,2216
7776,2216
7777,2216
7778,2216
7779,2216
7780,2216
7781,2216
7782,2216
7783,2216
7784,2216
7785,2216
7786,2216
7787,2216
7788,2216
7789,2216
7790,2216
7791,2216
7792,2216
7793,2216
7794,2216
7795,2216
7796,2216
7797,2216
7798,2216
7799,2216
7800,2216
7801,2216
7802,2216
7803,2216
7804,2216
7805,2216
7806,2216
7807,2216
7808,2216
7809,2216
7810,2216
7811,2216
7812,2216
7813,2216
7814,2216
7815,2216
7816,2216
7817,2216
7818,2216
7819,2216
7820,2216
7821,2216
7822,2216
7823,2216
7824,2216
7825,2216
7826,2216
7827,2216
7828,2216
7829,2216
7830,2216
7831,2216
7832,2216
7833,2216
7834,2216
7835,2216
7836,2216
7837,2216
7838,2216
7839,2216
7840,2216
7841,2216
7842,2216
7843,2216
7844,2216
7845,2216
7846,2216
7847,2216
7848,2216
7849,2216
7850,2216
7851,2216
7852,2216
7853,2216
7854,2216
7855,2216
7856,2216
7857,2216
7858,2216
7859,2216
7860,2216
7861,2216
7862,2216
7863,2216
7864,2216
7865,2216
7866,2216
7867,2216
7868,2216
7869,2216
7870,2216
7871,2216
7872,2216
7873,2216
7874,2216
7875,2216
7876,2216
7877,2216
7878,2216
7879,2216
7880,2216
7881,2216
7882,2216
7883,2216
7884,2216
7885,2216
7886,2216
7887,2216
7888,2216
7889,2216
7890,2216
7891,2216
7892,2216
7893,2216
7894,2216
7895,2216
7896,2216
7897,2216
7898,2216
7899,2216
7900,2216
7901,2216
7902,2216
7903,2216
7904,2216
7905,2216
7906,2216
7907,2216
7908,2216
7909,2216
7910,2216
7911,2216
7912,2216
7913,2216
7914,2216
7915,2216
7916,2216
7917,2216
7918,2216
7919,2216
7920,2216
7921,2216
7922,2216
7923,2216
7924,2216
7925,2216
7926,2216
7927,2216
7928,2216
7929,2216
7930,2216
7931,2216
7932,2216
7933,2216
7934,2216
7935,2216
7936,2216
7937,2216
7938,2216
7939,2216
7940,2216
7941,2216
7942,2216
7943,2216
7944,2216
7945,2216
7946,2216
7947,2216
7948,2216
7949,2216
7950,2216
7951,2216
7952,2216
7953,2216
7954,2216
7955,2216
7956,2216
7957,2216
7958,2216
7959,2216
7960,2216
7961,2216
7962,2216
7963,2216
7964,2216
7965,2216
7966,2216
7967,2216
7968,2216
7969,2216
7970,2216
7971,2216
7972,2216
7973,2216
7974,2216
7975,2216
7976,2216
7977,2216
7978,2216
7979,2216
7980,2216
7981,2216
7982,2216
7983,2216
7984,2216
7985,2216
7986,2216
7987,2216
7988,2216
7989,2216
7990,2216
7991,2216
7992,2216
7993,2216
7994,2216
7995,2216
7996,2216
7997,2216
7998,2216
7999,2216
8000,2216
8001,2216
8002,2216
8003,2216
8004,2216
8005,2216
8006,2216
8007,2216
8008,2216
8009,2216
8010,2216
8011,2216
8012,2216
8013,2216
8014,2216
8015,2216
8016,2216
8017,2216
8018,2216
8019,2216
8020,2216
8021,2216
8022,2216
8023,2216
8024,2216
8025,2216
8026,2216
8027,2216
8028,2216
8029,2216
8030,2216
8031,2216
8032,2216
8033,2216
8034,2216
8035,2216
8036,2216
8037,2216
8038,2216
8039,2216
8040,2216
8041,2216
8042,2216
8043,2216
8044,2216
8045,2216
8046,2216
8047,2216
8048,2216
8049,2216
8050,2216
8051,2216
8052,2216
8053,2216
8054,2216
8055,2216
8056,2216
8057,2216
8058,2216
8059,2216
8060,2216
8061,2216
8062,2216
8063,2216
8064,2216
8065,2216
8066,2216
8067,2216
8068,2216
8069,2216
8070,2216
8071,2216
8072,2216
8073,2216
8074,2216
8075,2216
8076,2216
8077,2216
8078,2216
8079,2216
8080,2216
8081,2216
8082,2216
8083,2216
8084,2216
8085,2216
8086,2216
8087,2216
8088,2216
8089,2216
8090,2216
8091,2216
8092,2216
8093,2216
8094,2216
8095,2216
8096,2216
8097,2216
8098,2216
8099,2216
8100,2216
8101,2216
8102,2216
8103,2216
8104,2216
8105,2216
8106,2216
8107,2216
8108,2216
8109,2216
8110,2216
8111,2216
8112,2216
8113,2216
8114,2216
8115,2216
8116,2216
8117,2216
8118,2216
8119,2216
8120,2216
8121,2216
8122,2216
8123,2216
8124,2216
8125,2216
8126,2216
8127,2216
8128,2216
8129,2216
8130,2216
8131,2216
8132,2216
8133,2216
8134,2216
8135,2216
8136,2216
8137,2216
8138,2216
8139,2216
8140,2216
8141,2216
8142,2216
8143,2216
8144,2216
8145,2216
8146,2216
8147,2216
8148,2216
8149,2216
8150,2216
8151,2216
8152,2216
8153,2216
8154,2216
8155,2216
8156,2216
8157,2216
8158,2216
8159,2216
8160,2216
8161,2216
8162,2216
8163,2216
8164,2216
8165,2216
8166,2216
8167,2216
8168,2216
8169,2216
8170,2216
8171,2216
8172,2216
8173,2216
8174,2216
8175,2216
8176,2216
8177,2216
8178,2216
8179,2216
8180,2216
8181,2216
8182,2216
8183,2216
8184,2216
8185,2216
8186,2216
8187,2216
8188,2216
8189,2216
8190,2216
8191,2216
8192,2216
8193,2216
8194,2216
8195,2216
8196,2216
8197,2216
8198,2216
8199,2216
8200,2216
8201,2216
8202,2216
8203,2216
8204,2216
8205,2216
8206,2216
8207,2216
8208,2216
8209,2216
8210,2216
8211,2216
8212,2216
8213,2216
8214,2216
8215,2216
8216,2216
8217,2216
8218,2216
8219,2216
8220,2216
8221,2216
8222,2216
8223,2216
8224,2216
8225,2216
8226,2216
8227,2216
8228,2216
8229,2216
8230,2216
8231,2216
8232,2216
8233,2216
8234,2216
8235,2216
8236,2216
8237,2216
8238,2216
8239,2216
8240,2216
8241,2216
8242,2216
8243,2216
8244,2216
8245,2216
8246,2216
8247,2216
8248,2216
8249,2216
8250,2216
8251,2216
8252,2216
8253,2216
8254,2216
8255,2216
8256,2216
8257,2216
8258,2216
8259,2216
8260,2216
8261,2216
8262,2216
8263,2216
8264,2216
8265,2216
8266,2216
8267,2216
8268,2216
8269,2216
8270,2216
8271,2216
8272,2216
8273,2216
8274,2216
8275,2216
8276,2216
8277,2216
8278,2216
8279,2216
8280,2216
8281,2216
8282,2216
8283,2216
8284,2216
8285,2216
8286,2216
8287,2216
8288,2216
8289,2216
8290,2216
8291,2216
8292,2216
8293,2216
8294,2216
8295,2216
8296,2216
8297,2216
8298,2216
8299,2216
8300,2216
8301,2216
8302,2216
8303,2216
8304,2216
8305,2216
8306,2216
8307,2216
8308,2216
8309,2216
8310,2216
8311,2216
8312,2216
8313,2216
8314,2216
8315,2216
8316,2216
8317,2216
8318,2216
8319,2216
8320,2216
8321,2216
8322,2216
8323,2216
8324,2216
8325,2216
8326,2216
8327,2216
8328,2216
8329,2216
8330,2216
8331,2216
8332,2216
8333,2216
8334,2216
8335,2216
8336,2216
8337,2216
8338,2216
8339,2216
8340,2216
8341,2216
8342,2216
8343,2216
8344,2216
8345,2216
8346,2216
8347,2216
8348,2216
8349,2216
8350,2216
8351,2216
8352,2216
8353,2216
8354,2216
8355,2216
8356,2216
8357,2216
8358,2216
8359,2216
8360,2216
8361,2216
8362,2216
8363,2216
8364,2216
8365,2216
8366,2216
8367,2216
8368,2216
8369,2216
8370,2216
8371,2216
8372,2216
8373,2216
8374,2216
8375,2216
8376,2216
8377,2216
8378,2216
8379,2216
8380,2216
8381,2216
8382,2216
8383,2216
8384,2216
8385,2216
8386,2216
8387,2216
8388,2216
8389,2216
8390,2216
8391,2216
8392,2216
8393,2216
8394,2216
8395,2216
8396,2216
8397,2216
8398,2216
8399,2216
8400,2216
8401,2216
8402,2216
8403,2216
8404,2216
8405,2216
8406,2216
8407,2216
8408,2216
8409,2216
8410,2216
8411,2216
8412,2216
8413,2216
8414,2216
8415,2216
8416,2216
8417,2216
8418,2216
8419,2216
8420,2216
8421,2216
8422,2216
8423,2216
8424,2216
8425,2216
8426,2216
8427,2216
8428,2216
8429,2216
8430,2216
8431,2216
8432,2216
8433,2216
8434,2216
8435,2216
8436,2216
8437,2216
8438,2216
8439,2216
8440,2216
8441,2216
8442,2216
8443,2216
8444,2216
8445,2216
8446,2216
8447,2216
8448,2216
8449,2216
8450,2216
8451,2216
8452,2216
8453,2216
8454,2216
8455,2216
8456,2216
8457,2216
8458,2216
8459,2216
8460,2216
8461,2216
8462,2216
8463,2216
8464,2216
8465,2216
8466,2216
8467,2216
8468,2216
8469,2216
8470,2216
8471,2216
8472,2216
8473,2216
8474,2216
8475,2216
8476,2216
8477,2216
8478,2216
8479,2216
8480,2216
8481,2216
8482,2216
8483,2216
8484,2216
8485,2216
8486,2216
8487,2216
8488,2216
8489,2216
8490,2216
8491,2216
8492,2216
8493,2216
8494,2216
8495,2216
8496,2216
8497,2216
8498,2216
8499,2216
8500,2216
8501,2216
8502,2216
8503,2216
8504,2216
8505,2216
8506,2216
8507,2216
8508,2216
8509,2216
8510,2216
8511,2216
8512,2216
8513,2216
8514,2216
8515,2216
8516,2216
8517,2216
8518,2216
8519,2216
8520,2216
8521,2216
8522,2216
8523,2216
8524,2216
8525,2216
8526,2216
8527,2216
8528,2216
8529,2216
8530,2216
8531,2216
8532,2216
8533,2216
8534,2216
8535,2216
8536,2216
8537,2216
8538,2216
8539,2216
8540,2216
8541,2216
8542,2216
8543,2216
8544,2216
8545,2216
8546,2216
8547,2216
8548,2216
8549,2216
8550,2216
8551,2216
8552,2216
8553,2216
8554,2216
8555,2216
8556,2216
8557,2216
8558,2216
8559,2216
8560,2216
8561,2216
8562,2216
8563,2216
8564,2216
8565,2216
8566,2216
8567,2216
8568,2216
8569,2216
8570,2216
8571,2216
8572,2216
8573,2216
8574,2216
8575,2216
8576,2216
8577,2216
8578,2216
8579,2216
8580,2216
8581,2216
8582,2216
8583,2216
8584,2216
8585,2216
8586,2216
8587,2216
8588,2216
8589,2216
8590,2216
8591,2216
8592,2216
8593,2216
8594,2216
8595,2216
8596,2216
8597,2216
8598,2216
8599,2216
8600,2216
8601,2216
8602,2216
8603,2216
8604,2216
8605,2216
8606,2216
8607,2216
8608,2216
8609,2216
8610,2216
8611,2216
8612,2216
8613,2216
8614,2216
8615,2216
8616,2216
8617,2216
8618,2216
8619,2216
8620,2216
8621,2216
8622,2216
8623,2216
8624,2216
8625,2216
8626,2216
8627,2216
8628,2216
8629,2216
8630,2216
8631,2216
8632,2216
8633,2216
8634,2216
8635,2216
8636,2216
8637,2216
8638,2216
8639,2216
8640,2216
8641,2216
8642,2216
8643,2216
8644,2216
8645,2216
8646,2216
8647,2216
8648,2216
8649,2216
8650,2216
8651,2216
8652,2216
8653,2216
8654,2216
8655,2216
8656,2216
8657,2216
8658,2216
8659,2216
8660,2216
8661,2216
8662,2216
8663,2216
8664,2216
8665,2216
8666,2216
8667,2216
8668,2216
8669,2216
8670,2216
8671,2216
8672,2216
8673,2216
8674,2216
8675,2216
8676,2216
8677,2216
8678,2216
8679,2216
8680,2216
8681,2216
8682,2216
8683,2216
8684,2216
8685,2216
8686,2216
8687,2216
8688,2216
8689,2216
8690,2216
8691,2216
8692,2216
8693,2216
8694,2216
8695,2216
8696,2216
8697,2216
8698,2216
8699,2216
8700,2216
8701,2216
8702,2216
8703,2216
8704,2216
8705,2216
8706,2216
8707,2216
8708,2216
8709,2216
8710,2216
8711,2216
8712,2216
8713,2216
8714,2216
8715,2216
8716,2216
8717,2216
8718,2216
8719,2216
8720,2216
8721,2216
8722,2216
8723,2216
8724,2216
8725,2216
8726,2216
8727,2216
8728,2216
8729,2216
8730,2216
8731,2216
8732,2216
8733,2216
8734,2216
8735,2216
8736,2216
8737,2216
8738,2216
8739,2216
8740,2216
8741,2216
8742,2216
8743,2216
8744,2216
8745,2216
8746,2216
8747,2216
8748,2216
8749,2216
8750,2216
8751,2216
8752,2216
8753,2216
8754,2216
8755,2216
8756,2216
8757,2216
8758,2216
8759,2216
8760,2216
8761,2216
8762,2216
8763,2216
8764,2216
8765,2216
8766,2216
8767,2216
8768,2216
8769,2216
8770,2216
8771,2216
8772,2216
8773,2216
8774,2216
8775,2216
8776,2216
8777,2216
8778,2216
8779,2216
8780,2216
8781,2216
8782,2216
8783,2216
8784,2216
8785,2216
8786,2216
8787,2216
8788,2216
8789,2216
8790,2216
8791,2216
8792,2216
8793,2216
8794,2216
8795,2216
8796,2216
8797,2216
8798,2216
8799,2216
8800,2216
8801,2216
8802,2216
8803,2216
8804,2216
8805,2216
8806,2216
8807,2216
8808,2216
8809,2216
8810,2216
8811,2216
8812,2216
8813,2216
8814,2216
8815,2216
8816,2216
8817,2216
8818,2216
8819,2216
8820,2216
8821,2216
8822,2216
8823,2216
8824,2216
8825,2216
8826,2216
8827,2216
8828,2216
8829,2216
8830,2216
8831,2216
8832,2216
8833,2216
8834,2216
8835,2216
8836,2216
8837,2216
8838,2216
8839,2216
8840,2216
8841,2216
8842,2216
8843,2216
8844,2216
8845,2216
8846,2216
8847,2216
8848,2216
8849,2216
8850,2216
8851,2216
8852,2216
8853,2216
8854,2216
8855,2216
8856,2216
8857,2216
8858,2216
8859,2216
8860,2216
8861,2216
8862,2216
8863,2216
8864,2216
8865,2216
8866,2216
8867,2216
8868,2216
8869,2216
8870,2216
8871,2216
8872,2216
8873,2216
8874,2216
8875,2216
8876,2216
8877,2216
8878,2216
8879,2216
8880,2216
8881,2216
8882,2216
8883,2216
8884,2216
8885,2216
8886,2216
8887,2216
8888,2216
8889,2216
8890,2216
8891,2216
8892,2216
8893,2216
8894,2216
8895,2216
8896,2216
8897,2216
8898,2216
8899,2216
8900,2216
8901,2216
8902,2216
8903,2216
8904,2216
8905,2216
8906,2216
8907,2216
8908,2216
8909,2216
8910,2216
8911,2216
8912,2216
8913,2216
8914,2216
8915,2216
8916,2216
8917,2216
8918,2216
8919,2216
8920,2216
8921,2216
8922,2216
8923,2216
8924,2216
8925,2216
8926,2216
8927,2216
8928,2216
8929,2216
8930,2216
8931,2216
8932,2216
8933,2216
8934,2216
8935,2216
8936,2216
8937,2216
8938,2216
8939,2216
8940,2216
8941,2216
8942,2216
8943,2216
8944,2216
8945,2216
8946,2216
8947,2216
8948,2216
8949,2216
8950,2216
8951,2216
8952,2216
8953,2216
8954,2216
8955,2216
8956,2216
8957,2216
8958,2216
8959,2216
8960,2216
8961,2216
8962,2216
8963,2216
8964,2216
8965,2216
8966,2216
8967,2216
8968,2216
8969,2216
8970,2216
8971,2216
8972,2216
8973,2216
8974,2216
8975,2216
8976,2216
8977,2216
8978,2216
8979,2216
8980,2216
8981,2216
8982,2216
8983,2216
8984,2216
8985,2216
8986,2216
8987,2216
8988,2216
8989,2216
8990,2216
8991,2216
8992,2216
8993,2216
8994,2216
8995,2216
8996,2216
8997,2216
8998,2216
8999,2216
9000,2216
9001,2216
9002,2216
9003,2216
9004,2216
9005,2216
9006,2216
9007,2216
9008,2216
9009,2216
9010,2216
9011,2216
9012,2216
9013,2216
9014,2216
9015,2216
9016,2216
9017,2216
9018,2216
9019,2216
9020,2216
9021,2216
9022,2216
9023,2216
9024,2216
9025,2216
9026,2216
9027,2216
9028,2216
9029,2216
9030,2216
9031,2216
9032,2216
9033,2216
9034,2216
9035,2216
9036,2216
9037,2216
9038,2216
9039,2216
9040,2216
9041,2216
9042,2216
9043,2216
9044,2216
9045,2216
9046,2216
9047,2216
9048,2216
9049,2216
9050,2216
9051,2216
9052,2216
9053,2216
9054,2216
9055,2216
9056,2216
9057,2216
9058,2216
9059,2216
9060,2216
9061,2216
9062,2216
9063,2216
9064,2216
9065,2216
9066,2216
9067,2216
9068,2216
9069,2216
9070,2216
9071,2216
9072,2216
9073,2216
9074,2216
9075,2216
9076,2216
9077,2216
9078,2216
9079,2216
9080,2216
9081,2216
9082,2216
9083,2216
9084,2216
9085,2216
9086,2216
9087,2216
9088,2216
9089,2216
9090,2216
9091,2216
9092,2216
9093,2216
9094,2216
9095,2216
9096,2216
9097,2216
9098,2216
9099,2216
9100,2216
9101,2216
9102,2216
9103,2216
9104,2216
9105,2216
9106,2216
9107,2216
9108,2216
9109,2216
9110,2216
9111,2216
9112,2216
9113,2216
9114,2216
9115,2216
9116,2216
9117,2216
9118,2216
9119,2216
9120,2216
9121,2216
9122,2216
9123,2216
9124,2216
9125,2216
9126,2216
9127,2216
9128,2216
9129,2216
9130,2216
9131,2216
9132,2216
9133,2216
9134,2216
9135,2216
9136,2216
9137,2216
9138,2216
9139,2216
9140,2216
9141,2216
9142,2216
9143,2216
9144,2216
9145,2216
9146,2216
9147,2216
9148,2216
9149,2216
9150,2216
9151,2216
9152,2216
9153,2216
9154,2216
9155,2216
9156,2216
9157,2216
9158,2216
9159,2216
9160,2216
9161,2216
9162,2216
9163,2216
9164,2216
9165,2216
9166,2216
9167,2216
9168,2216
9169,2216
9170,2216
9171,2216
9172,2216
9173,2216
9174,2216
9175,2216
9176,2216
9177,2216
9178,2216
9179,2216
9180,2216
9181,2216
9182,2216
9183,2216
9184,2216
9185,2216
9186,2216
9187,2216
9188,2216
9189,2216
9190,2216
9191,2216
9192,2216
9193,2216
9194,2216
9195,2216
9196,2216
9197,2216
9198,2216
9199,2216
9200,2216
9201,2216
9202,2216
9203,2216
9204,2216
9205,2216
9206,2216
9207,2216
9208,2216
9209,2216
9210,2216
9211,2216
9212,2216
9213,2216
9214,2216
9215,2216
9216,2216
9217,2216
9218,2216
9219,2216
9220,2216
9221,2216
9222,2216
9223,2216
9224,2216
9225,2216
9226,2216
9227,2216
9228,2216
9229,2216
9230,2216
9231,2216
9232,2216
9233,2216
9234,2216
9235,2216
9236,2216
9237,2216
9238,2216
9239,2216
9240,2216
9241,2216
9242,2216
9243,2216
9244,2216
9245,2216
9246,2216
9247,2216
9248,2216
9249,2216
9250,2216
9251,2216
9252,2216
9253,2216
9254,2216
9255,2216
9256,2216
9257,2216
9258,2216
9259,2216
9260,2216
9261,2216
9262,2216
9263,2216
9264,2216
9265,2216
9266,2216
9267,2216
9268,2216
9269,2216
9270,2216
9271,2216
9272,2216
9273,2216
9274,2216
9275,2216
9276,2216
9277,2216
9278,2216
9279,2216
9280,2216
9281,2216
9282,2216
9283,2216
9284,2216
9285,2216
9286,2216
9287,2216
9288,2216
9289,2216
9290,2216
9291,2216
9292,2216
9293,2216
9294,2216
9295,2216
9296,2216
9297,2216
9298,2216
9299,2216
9300,2216
9301,2216
9302,2216
9303,2216
9304,2216
9305,2216
9306,2216
9307,2216
9308,2216
9309,2216
9310,2216
9311,2216
9312,2216
9313,2216
9314,2216
9315,2216
9316,2216
9317,2216
9318,2216
9319,2216
9320,2216
9321,2216
9322,2216
9323,2216
9324,2216
9325,2216
9326,2216
9327,2216
9328,2216
9329,2216
9330,2216
9331,2216
9332,2216
9333,2216
9334,2216
9335,2216
9336,2216
9337,2216
9338,2216
9339,2216
9340,2216
9341,2216
9342,2216
9343,2216
9344,2216
9345,2216
9346,2216
9347,2216
9348,2216
9349,2216
9350,2216
9351,2216
9352,2216
9353,2216
9354,2216
9355,2216
9356,2216
9357,2216
9358,2216
9359,2216
9360,2216
9361,2216
9362,2216
9363,2216
9364,2216
9365,2216
9366,2216
9367,2216
9368,2216
9369,2216
9370,2216
9371,2216
9372,2216
9373,2216
9374,2216
9375,2216
9376,2216
9377,2216
9378,2216
9379,2216
9380,2216
9381,2216
9382,2216
9383,2216
9384,2216
9385,2216
9386,2216
9387,2216
9388,2216
9389,2216
9390,2216
9391,2216
9392,2216
9393,2216
9394,2216
9395,2216
9396,2216
9397,2216
9398,2216
9399,2216
9400,2216
9401,2216
9402,2216
9403,2216
9404,2216
9405,2216
9406,2216
9407,2216
9408,2216
9409,2216
9410,2216
9411,2216
9412,2216
9413,2216
9414,2216
9415,2216
9416,2216
9417,2216
9418,2216
9419,2216
9420,2216
9421,2216
9422,2216
9423,2216
9424,2216
9425,2216
9426,2216
9427,2216
9428,2216
9429,2216
9430,2216
9431,2216
9432,2216
9433,2216
9434,2216
9435,2216
9436,2216
9437,2216
9438,2216
9439,2216
9440,2216
9441,2216
9442,2216
9443,2216
9444,2216
9445,2216
9446,2216
9447,2216
9448,2216
9449,2216
9450,2216
9451,2216
9452,2216
9453,2216
9454,2216
9455,2216
9456,2216
9457,2216
9458,2216
9459,2216
9460,2216
9461,2216
9462,2216
9463,2216
9464,2216
9465,2216
9466,2216
9467,2216
9468,2216
9469,2216
9470,2216
9471,2216
9472,2216
9473,2216
9474,2216
9475,2216
9476,2216
9477,2216
9478,2216
9479,2216
9480,2216
9481,2216
9482,2216
9483,2216
9484,2216
9485,2216
9486,2216
9487,2216
9488,2216
9489,2216
9490,2216
9491,2216
9492,2216
9493,2216
9494,2216
9495,2216
9496,2216
9497,2216
9498,2216
9499,2216
9500,2216
9501,2216
9502,2216
9503,2216
9504,2216
9505,2216
9506,2216
9507,2216
9508,2216
9509,2216
9510,2216
9511,2216
9512,2216
9513,2216
9514,2216
9515,2216
9516,2216
9517,2216
9518,2216
9519,2216
9520,2216
9521,2216
9522,2216
9523,2216
9524,2216
9525,2216
9526,2216
9527,2216
9528,2216
9529,2216
9530,2216
9531,2216
9532,2216
9533,2216
9534,2216
9535,2216
9536,2216
9537,2216
9538,2216
9539,2216
9540,2216
9541,2216
9542,2216
9543,2216
9544,2216
9545,2216
9546,2216
9547,2216
9548,2216
9549,2216
9550,2216
9551,2216
9552,2216
9553,2216
9554,2216
9555,2216
9556,2216
9557,2216
9558,2216
9559,2216
9560,2216
9561,2216
9562,2216
9563,2216
9564,2216
9565,2216
9566,2216
9567,2216
9568,2216
9569,2216
9570,2216
9571,2216
9572,2216
9573,2216
9574,2216
9575,2216
9576,2216
9577,2216
9578,2216
9579,2216
9580,2216
9581,2216
9582,2216
9583,2216
9584,2216
9585,2216
9586,2216
9587,2216
9588,2216
9589,2216
9590,2216
9591,2216
9592,2216
9593,2216
9594,2216
9595,2216
9596,2216
9597,2216
9598,2216
9599,2216
9600,2216
9601,2216
9602,2216
9603,2216
9604,2216
9605,2216
9606,2216
9607,2216
9608,2216
9609,2216
9610,2216
9611,2216
9612,2216
9613,2216
9614,2216
9615,2216
9616,2216
9617,2216
9618,2216
9619,2216
9620,2216
9621,2216
9622,2216
9623,2216
9624,2216
9625,2216
9626,2216
9627,2216
9628,2216
9629,2216
9630,2216
9631,2216
9632,2216
9633,2216
9634,2216
9635,2216
9636,2216
9637,2216
9638,2216
9639,2216
9640,2216
9641,2216
9642,2216
9643,2216
9644,2216
9645,2216
9646,2216
9647,2216
9648,2216
9649,2216
9650,2216
9651,2216
9652,2216
9653,2216
9654,2216
9655,2216
9656,2216
9657,2216
9658,2216
9659,2216
9660,2216
9661,2216
9662,2216
9663,2216
9664,2216
9665,2216
9666,2216
9667,2216
9668,2216
9669,2216
9670,2216
9671,2216
9672,2216
9673,2216
9674,2216
9675,2216
9676,2216
9677,2216
9678,2216
9679,2216
9680,2216
9681,2216
9682,2216
9683,2216
9684,2216
9685,2216
9686,2216
9687,2216
9688,2216
9689,2216
9690,2216
9691,2216
9692,2216
9693,2216
9694,2216
9695,2216
9696,2216
9697,2216
9698,2216
9699,2216
9700,2216
9701,2216
9702,2216
9703,2216
9704,2216
9705,2216
9706,2216
9707,2216
9708,2216
9709,2216
9710,2216
9711,2216
9712,2216
9713,2216
9714,2216
9715,2216
9716,2216
9717,2216
9718,2216
9719,2216
9720,2216
9721,2216
9722,2216
9723,2216
9724,2216
9725,2216
9726,2216
9727,2216
9728,2216
9729,2216
9730,2216
9731,2216
9732,2216
9733,2216
9734,2216
9735,2216
9736,2216
9737,2216
9738,2216
9739,2216
9740,2216
9741,2216
9742,2216
9743,2216
9744,2216
9745,2216
9746,2216
9747,2216
9748,2216
9749,2216
9750,2216
9751,2216
9752,2216
9753,2216
9754,2216
9755,2216
9756,2216
9757,2216
9758,2216
9759,2216
9760,2216
9761,2216
9762,2216
9763,2216
9764,2216
9765,2216
9766,2216
9767,2216
9768,2216
9769,2216
9770,2216
9771,2216
9772,2216
9773,2216
9774,2216
9775,2216
9776,2216
9777,2216
9778,2216
9779,2216
9780,2216
9781,2216
9782,2216
9783,2216
9784,2216
9785,2216
9786,2216
9787,2216
9788,2216
9789,2216
9790,2216
9791,2216
9792,2216
9793,2216
9794,2216
9795,2216
9796,2216
9797,2216
9798,2216
9799,2216
9800,2216
9801,2216
9802,2216
9803,2216
9804,2216
9805,2216
9806,2216
9807,2216
9808,2216
9809,2216
9810,2216
9811,2216
9812,2216
9813,2216
9814,2216
9815,2216
9816,2216
9817,2216
9818,2216
9819,2216
9820,2216
9821,2216
9822,2216
9823,2216
9824,2216
9825,2216
9826,2216
9827,2216
9828,2216
9829,2216
9830,2216
9831,2216
9832,2216
9833,2216
9834,2216
9835,2216
9836,2216
9837,2216
9838,2216
9839,2216
9840,2216
9841,2216
9842,2216
9843,2216
9844,2216
9845,2216
9846,2216
9847,2216
9848,2216
9849,2216
9850,2216
9851,2216
9852,2216
9853,2216
9854,2216
9855,2216
9856,2216
9857,2216
9858,2216
9859,2216
9860,2216
9861,2216
9862,2216
9863,2216
9864,2216
9865,2216
9866,2216
9867,2216
9868,2216
9869,2216
9870,2216
9871,2216
9872,2216
9873,2216
9874,2216
9875,2216
9876,2216
9877,2216
9878,2216
9879,2216
9880,2216
9881,2216
9882,2216
9883,2216
9884,2216
9885,2216
9886,2216
9887,2216
9888,2216
9889,2216
9890,2216
9891,2216
9892,2216
9893,2216
9894,2216
9895,2216
9896,2216
9897,2216
9898,2216
9899,2216
9900,2216
9901,2216
9902,2216
9903,2216
9904,2216
9905,2216
9906,2216
9907,2216
9908,2216
9909,2216
9910,2216
9911,2216
9912,2216
9913,2216
9914,2216
9915,2216
9916,2216
9917,2216
9918,2216
9919,2216
9920,2216
9921,2216
9922,2216
9923,2216
9924,2216
9925,2216
9926,2216
9927,2216
9928,2216
9929,2216
9930,2216
9931,2216
9932,2216
9933,2216
9934,2216
9935,2216
9936,2216
9937,2216
9938,2216
9939,2216
9940,2216
9941,2216
9942,2216
9943,2216
9944,2216
9945,2216
9946,2216
9947,2216
9948,2216
9949,2216
9950,2216
9951,2216
9952,2216
9953,2216
9954,2216
9955,2216
9956,2216
9957,2216
9958,2216
9959,2216
9960,2216
9961,2216
9962,2216
9963,2216
9964,2216
9965,2216
9966,2216
9967,2216
9968,2216
9969,2216
9970,2216
9971,2216
9972,2216
9973,2216
9974,2216
9975,2216
9976,2216
9977,2216
9978,2216
9979,2216
9980,2216
9981,2216
9982,2216
9983,2216
9984,2216
9985,2216
9986,2216
9987,2216
9988,2216
9989,2216
9990,2216
9991,2216
9992,2216
9993,2216
9994,2216
9995,2216
9996,2216
9997,2216
9998,2216
9999,2216
10000,2216
10001,2216
10002,2216
10003,2216
10004,2216
10005,2216
10006,2216
10007,2216
10008,2216
10009,2216
10010,2216
10011,2216
10012,2216
10013,2216
10014,2216
10015,2216
10016,2216
10017,2216
10018,2216
10019,2216
10020,2216
10021,2216
10022,2216
10023,2216
10024,2216
10025,2216
10026,2216
10027,2216
10028,2216
10029,2216
10030,2216
10031,2216
10032,2216
10033,2216
10034,2216
10035,2216
10036,2216
10037,2216
10038,2216
10039,2216
10040,2216
10041,2216
10042,2216
10043,2216
10044,2216
10045,2216
10046,2216
10047,2216
10048,2216
10049,2216
10050,2216
10051,2216
10052,2216
10053,2216
10054,2216
10055,2216
10056,2216
10057,2216
10058,2216
10059,2216
10060,2216
10061,2216
10062,2216
10063,2216
10064,2216
10065,2216
10066,2216
10067,2216
10068,2216
10069,2216
10070,2216
10071,2216
10072,2216
10073,2216
10074,2216
10075,2216
10076,2216
10077,2216
10078,2216
10079,2216
10080,2216
10081,2216
10082,2216
10083,2216
10084,2216
10085,2216
10086,2216
10087,2216
10088,2216
10089,2216
10090,2216
10091,2216
10092,2216
10093,2216
10094,2216
10095,2216
10096,2216
10097,2216
10098,2216
10099,2216
10100,2216
10101,2216
10102,2216
10103,2216
10104,2216
10105,2216
10106,2216
10107,2216
10108,2216
10109,2216
10110,2216
10111,2216
10112,2216
10113,2216
10114,2216
10115,2216
10116,2216
10117,2216
10118,2216
10119,2216
10120,2216
10121,2216
10122,2216
10123,2216
10124,2216
10125,2216
10126,2216
10127,2216
10128,2216
10129,2216
10130,2216
10131,2216
10132,2216
10133,2216
10134,2216
10135,2216
10136,2216
10137,2216
10138,2216
10139,2216
10140,2216
10141,2216
10142,2216
10143,2216
10144,2216
10145,2216
10146,2216
10147,2216
10148,2216
10149,2216
10150,2216
10151,2216
10152,2216
10153,2216
10154,2216
10155,2216
10156,2216
10157,2216
10158,2216
10159,2216
10160,2216
10161,2216
10162,2216
10163,2216
10164,2216
10165,2216
10166,2216
10167,2216
10168,2216
10169,2216
10170,2216
10171,2216
10172,2216
10173,2216
10174,2216
10175,2216
10176,2216
10177,2216
10178,2216
10179,2216
10180,2216
10181,2216
10182,2216
10183,2216
10184,2216
10185,2216
10186,2216
10187,2216
10188,2216
10189,2216
10190,2216
10191,2216
10192,2216
10193,2216
10194,2216
10195,2216
10196,2216
10197,2216
10198,2216
10199,2216
10200,2216
10201,2216
10202,2216
10203,2216
10204,2216
10205,2216
10206,2216
10207,2216
10208,2216
10209,2216
10210,2216
10211,2216
10212,2216
10213,2216
10214,2216
10215,2216
10216,2216
10217,2216
10218,2216
10219,2216
10220,2216
10221,2216
10222,2216
10223,2216
10224,2216
10225,2216
10226,2216
10227,2216
10228,2216
10229,2216
10230,2216
10231,2216
10232,2216
10233,2216
10234,2216
10235,2216
10236,2216
10237,2216
10238,2216
10239,2216
10240,2216
10241,2216
10242,2216
10243,2216
10244,2216
10245,2216
10246,2216
10247,2216
10248,2216
10249,2216
10250,2216
10251,2216
10252,2216
10253,2216
10254,2216
10255,2216
10256,2216
10257,2216
10258,2216
10259,2216
10260,2216
10261,2216
10262,2216
10263,2216
10264,2216
10265,2216
10266,2216
10267,2216
10268,2216
10269,2216
10270,2216
10271,2216
10272,2216
10273,2216
10274,2216
10275,2216
10276,2216
10277,2216
10278,2216
10279,2216
10280,2216
10281,2216
10282,2216
10283,2216
10284,2216
10285,2216
10286,2216
10287,2216
10288,2216
10289,2216
10290,2216
10291,2216
10292,2216
10293,2216
10294,2216
10295,2216
10296,2216
10297,2216
10298,2216
10299,2216
10300,2216
10301,2216
10302,2216
10303,2216
10304,2216
10305,2216
10306,2216
10307,2216
10308,2216
10309,2216
10310,2216
10311,2216
10312,2216
10313,2216
10314,2216
10315,2216
10316,2216
10317,2216
10318,2216
10319,2216
10320,2216
10321,2216
10322,2216
10323,2216
10324,2216
10325,2216
10326,2216
10327,2216
10328,2216
10329,2216
10330,2216
10331,2216
10332,2216
10333,2216
10334,2216
10335,2216
10336,2216
10337,2216
10338,2216
10339,2216
10340,2216
10341,2216
10342,2216
10343,2216
10344,2216
10345,2216
10346,2216
10347,2216
10348,2216
10349,2216
10350,2216
10351,2216
10352,2216
10353,2216
10354,2216
10355,2216
10356,2216
10357,2216
10358,2216
10359,2216
10360,2216
10361,2216
10362,2216
10363,2216
10364,2216
10365,2216
10366,2216
10367,2216
10368,2216
10369,2216
10370,2216
10371,2216
10372,2216
10373,2216
10374,2216
10375,2216
10376,2216
10377,2216
10378,2216
10379,2216
10380,2216
10381,2216
10382,2216
10383,2216
10384,2216
10385,2216
10386,2216
10387,2216
10388,2216
10389,2216
10390,2216
10391,2216
10392,2216
10393,2216
10394,2216
10395,2216
10396,2216
10397,2216
10398,2216
10399,2216
10400,2216
10401,2216
10402,2216
10403,2216
10404,2216
10405,2216
10406,2216
10407,2216
10408,2216
10409,2216
10410,2216
10411,2216
10412,2216
10413,2216
10414,2216
10415,2216
10416,2216
10417,2216
10418,2216
10419,2216
10420,2216
10421,2216
10422,2216
10423,2216
10424,2216
10425,2216
10426,2216
10427,2216
10428,2216
10429,2216
10430,2216
10431,2216
10432,2216
10433,2216
10434,2216
10435,2216
10436,2216
10437,2216
10438,2216
10439,2216
10440,2216
10441,2216
10442,2216
10443,2216
10444,2216
10445,2216
10446,2216
10447,2216
10448,2216
10449,2216
10450,2216
10451,2216
10452,2216
10453,2216
10454,2216
10455,2216
10456,2216
10457,2216
10458,2216
10459,2216
10460,2216
10461,2216
10462,2216
10463,2216
10464,2216
10465,2216
10466,2216
10467,2216
10468,2216
10469,2216
10470,2216
10471,2216
10472,2216
10473,2216
10474,2216
10475,2216
10476,2216
10477,2216
10478,2216
10479,2216
10480,2216
10481,2216
10482,2216
10483,2216
10484,2216
10485,2216
10486,2216
10487,2216
10488,2216
10489,2216
10490,2216
10491,2216
10492,2216
10493,2216
10494,2216
10495,2216
10496,2216
10497,2216
10498,2216
10499,2216
10500,2216
10501,2216
10502,2216
10503,2216
10504,2216
10505,2216
10506,2216
10507,2216
10508,2216
10509,2216
10510,2216
10511,2216
10512,2216
10513,2216
10514,2216
10515,2216
10516,2216
10517,2216
10518,2216
10519,2216
10520,2216
10521,2216
10522,2216
10523,2216
10524,2216
10525,2216
10526,2216
10527,2216
10528,2216
10529,2216
10530,2216
10531,2216
10532,2216
10533,2216
10534,2216
10535,2216
10536,2216
10537,2216
10538,2216
10539,2216
10540,2216
10541,2216
10542,2216
10543,2216
10544,2216
10545,2216
10546,2216
10547,2216
10548,2216
10549,2216
10550,2216
10551,2216
10552,2216
10553,2216
10554,2216
10555,2216
10556,2216
10557,2216
10558,2216
10559,2216
10560,2216
10561,2216
10562,2216
10563,2216
10564,2216
10565,2216
10566,2216
10567,2216
10568,2216
10569,2216
10570,2216
10571,2216
10572,2216
10573,2216
10574,2216
10575,2216
10576,2216
10577,2216
10578,2216
10579,2216
10580,2216
10581,2216
10582,2216
10583,2216
10584,2216
10585,2216
10586,2216
10587,2216
10588,2216
10589,2216
10590,2216
10591,2216
10592,2216
10593,2216
10594,2216
10595,2216
10596,2216
10597,2216
10598,2216
10599,2216
10600,2216
10601,2216
10602,2216
10603,2216
10604,2216
10605,2216
10606,2216
10607,2216
10608,2216
10609,2216
10610,2216
10611,2216
10612,2216
10613,2216
10614,2216
10615,2216
10616,2216
10617,2216
10618,2216
10619,2216
10620,2216
10621,2216
10622,2216
10623,2216
10624,2216
10625,2216
10626,2216
10627,2216
10628,2216
10629,2216
10630,2216
10631,2216
10632,2216
10633,2216
10634,2216
10635,2216
10636,2216
10637,2216
10638,2216
10639,2216
10640,2216
10641,2216
10642,2216
10643,2216
10644,2216
10645,2216
10646,2216
10647,2216
10648,2216
10649,2216
10650,2216
10651,2216
10652,2216
10653,2216
10654,2216
10655,2216
10656,2216
10657,2216
10658,2216
10659,2216
10660,2216
10661,2216
10662,2216
10663,2216
10664,2216
10665,2216
10666,2216
10667,2216
10668,2216
10669,2216
10670,2216
10671,2216
10672,2216
10673,2216
10674,2216
10675,2216
10676,2216
10677,2216
10678,2216
10679,2216
10680,2216
10681,2216
10682,2216
10683,2216
10684,2216
10685,2216
10686,2216
10687,2216
10688,2216
10689,2216
10690,2216
10691,2216
10692,2216
10693,2216
10694,2216
10695,2216
10696,2216
10697,2216
10698,2216
10699,2216
10700,2216
10701,2216
10702,2216
10703,2216
10704,2216
10705,2216
10706,2216
10707,2216
10708,2216
10709,2216
10710,2216
10711,2216
10712,2216
10713,2216
10714,2216
10715,2216
10716,2216
10717,2216
10718,2216
10719,2216
10720,2216
10721,2216
10722,2216
10723,2216
10724,2216
10725,2216
10726,2216
10727,2216
10728,2216
10729,2216
10730,2216
10731,2216
10732,2216
10733,2216
10734,2216
10735,2216
10736,2216
10737,2216
10738,2216
10739,2216
10740,2216
10741,2216
10742,2216
10743,2216
10744,2216
10745,2216
10746,2216
10747,2216
10748,2216
10749,2216
10750,2216
10751,2216
10752,2216
10753,2216
10754,2216
10755,2216
10756,2216
10757,2216
10758,2216
10759,2216
10760,2216
10761,2216
10762,2216
10763,2216
10764,2216
10765,2216
10766,2216
10767,2216
10768,2216
10769,2216
10770,2216
10771,2216
10772,2216
10773,2216
10774,2216
10775,2216
10776,2216
10777,2216
10778,2216
10779,2216
10780,2216
10781,2216
10782,2216
10783,2216
10784,2216
10785,2216
10786,2216
10787,2216
10788,2216
10789,2216
10790,2216
10791,2216
10792,2216
10793,2216
10794,2216
10795,2216
10796,2216
10797,2216
10798,2216
10799,2216
10800,2216
10801,2216
10802,2216
10803,2216
10804,2216
10805,2216
10806,2216
10807,2216
10808,2216
10809,2216
10810,2216
10811,2216
10812,2216
10813,2216
10814,2216
10815,2216
10816,2216
10817,2216
10818,2216
10819,2216
10820,2216
10821,2216
10822,2216
10823,2216
10824,2216
10825,2216
10826,2216
10827,2216
10828,2216
10829,2216
10830,2216
10831,2216
10832,2216
10833,2216
10834,2216
10835,2216
10836,2216
10837,2216
10838,2216
10839,2216
10840,2216
10841,2216
10842,2216
10843,2216
10844,2216
10845,2216
10846,2216
10847,2216
10848,2216
10849,2216
10850,2216
10851,2216
10852,2216
10853,2216
10854,2216
10855,2216
10856,2216
10857,2216
10858,2216
10859,2216
10860,2216
10861,2216
10862,2216
10863,2216
10864,2216
10865,2216
10866,2216
10867,2216
10868,2216
10869,2216
10870,2216
10871,2216
10872,2216
10873,2216
10874,2216
10875,2216
10876,2216
10877,2216
10878,2216
10879,2216
10880,2216
10881,2216
10882,2216
10883,2216
10884,2216
10885,2216
10886,2216
10887,2216
10888,2216
10889,2216
10890,2216
10891,2216
10892,2216
10893,2216
10894,2216
10895,2216
10896,2216
10897,2216
10898,2216
10899,2216
10900,2216
10901,2216
10902,2216
10903,2216
10904,2216
10905,2216
10906,2216
10907,2216
10908,2216
10909,2216
10910,2216
10911,2216
10912,2216
10913,2216
10914,2216
10915,2216
10916,2216
10917,2216
10918,2216
10919,2216
10920,2216
10921,2216
10922,2216
10923,2216
10924,2216
10925,2216
10926,2216
10927,2216
10928,2216
10929,2216
10930,2216
10931,2216
10932,2216
10933,2216
10934,2216
10935,2216
10936,2216
10937,2216
10938,2216
10939,2216
10940,2216
10941,2216
10942,2216
10943,2216
10944,2216
10945,2216
10946,2216
10947,2216
10948,2216
10949,2216
10950,2216
10951,2216
10952,2216
10953,2216
10954,2216
10955,2216
10956,2216
10957,2216
10958,2216
10959,2216
10960,2216
10961,2216
10962,2216
10963,2216
10964,2216
10965,2216
10966,2216
10967,2216
10968,2216
10969,2216
10970,2216
10971,2216
10972,2216
10973,2216
10974,2216
10975,2216
10976,2216
10977,2216
10978,2216
10979,2216
10980,2216
10981,2216
10982,2216
10983,2216
10984,2216
10985,2216
10986,2216
10987,2216
10988,2216
10989,2216
10990,2216
10991,2216
10992,2216
10993,2216
10994,2216
10995,2216
10996,2216
10997,2216
10998,2216
10999,2216
11000,2216
11001,2216
11002,2216
11003,2216
11004,2216
11005,2216
11006,2216
11007,2216
11008,2216
11009,2216
11010,2216
11011,2216
11012,2216
11013,2216
11014,2216
11015,2216
11016,2216
11017,2216
11018,2216
11019,2216
11020,2216
11021,2216
11022,2216
11023,2216
11024,2216
11025,2216
11026,2216
11027,2216
11028,2216
11029,2216
11030,2216
11031,2216
11032,2216
11033,2216
11034,2216
11035,2216
11036,2216
11037,2216
11038,2216
11039,2216
11040,2216
11041,2216
11042,2216
11043,2216
11044,2216
11045,2216
11046,2216
11047,2216
11048,2216
11049,2216
11050,2216
11051,2216
11052,2216
11053,2216
11054,2216
11055,2216
11056,2216
11057,2216
11058,2216
11059,2216
11060,2216
11061,2216
11062,2216
11063,2216
11064,2216
11065,2216
11066,2216
11067,2216
11068,2216
11069,2216
11070,2216
11071,2216
11072,2216
11073,2216
11074,2216
11075,2216
11076,2216
11077,2216
11078,2216
11079,2216
11080,2216
11081,2216
11082,2216
11083,2216
11084,2216
11085,2216
11086,2216
11087,2216
11088,2216
11089,2216
11090,2216
11091,2216
11092,2216
11093,2216
11094,2216
11095,2216
11096,2216
11097,2216
11098,2216
11099,2216
11100,2216
11101,2216
11102,2216
11103,2216
11104,2216
11105,2216
11106,2216
11107,2216
11108,2216
11109,2216
11110,2216
11111,2216
11112,2216
11113,2216
11114,2216
11115,2216
11116,2216
11117,2216
11118,2216
11119,2216
11120,2216
11121,2216
11122,2216
11123,2216
11124,2216
11125,2216
11126,2216
11127,2216
11128,2216
11129,2216
11130,2216
11131,2216
11132,2216
11133,2216
11134,2216
11135,2216
11136,2216
11137,2216
11138,2216
11139,2216
11140,2216
11141,2216
11142,2216
11143,2216
11144,2216
11145,2216
11146,2216
11147,2216
11148,2216
11149,2216
11150,2216
11151,2216
11152,2216
11153,2216
11154,2216
11155,2216
11156,2216
11157,2216
11158,2216
11159,2216
11160,2216
11161,2216
11162,2216
11163,2216
11164,2216
11165,2216
11166,2216
11167,2216
11168,2216
11169,2216
11170,2216
11171,2216
11172,2216
11173,2216
11174,2216
11175,2216
11176,2216
11177,2216
11178,2216
11179,2216
11180,2216
11181,2216
11182,2216
11183,2216
11184,2216
11185,2216
11186,2216
11187,2216
11188,2216
11189,2216
11190,2216
11191,2216
11192,2216
11193,2216
11194,2216
11195,2216
11196,2216
11197,2216
11198,2216
11199,2216
11200,2216
11201,2216
11202,2216
11203,2216
11204,2216
11205,2216
11206,2216
11207,2216
11208,2216
11209,2216
11210,2216
11211,2216
11212,2216
11213,2216
11214,2216
11215,2216
11216,2216
11217,2216
11218,2216
11219,2216
11220,2216
11221,2216
11222,2216
11223,2216
11224,2216
11225,2216
11226,2216
11227,2216
11228,2216
11229,2216
11230,2216
11231,2216
11232,2216
11233,2216
11234,2216
11235,2216
11236,2216
11237,2216
11238,2216
11239,2216
11240,2216
11241,2216
11242,2216
11243,2216
11244,2216
11245,2216
11246,2216
11247,2216
11248,2216
11249,2216
11250,2216
11251,2216
11252,2216
11253,2216
11254,2216
11255,2216
11256,2216
11257,2216
11258,2216
11259,2216
11260,2216
11261,2216
11262,2216
11263,2216
11264,2216
11265,2216
11266,2216
11267,2216
11268,2216
11269,2216
11270,2216
11271,2216
11272,2216
11273,2216
11274,2216
11275,2216
11276,2216
11277,2216
11278,2216
11279,2216
11280,2216
11281,2216
11282,2216
11283,2216
11284,2216
11285,2216
11286,2216
11287,2216
11288,2216
11289,2216
11290,2216
11291,2216
11292,2216
11293,2216
11294,2216
11295,2216
11296,2216
11297,2216
11298,2216
11299,2216
11300,2216
11301,2216
11302,2216
11303,2216
11304,2216
11305,2216
11306,2216
11307,2216
11308,2216
11309,2216
11310,2216
11311,2216
11312,2216
11313,2216
11314,2216
11315,2216
11316,2216
11317,2216
11318,2216
11319,2216
11320,2216
11321,2216
11322,2216
11323,2216
11324,2216
11325,2216
11326,2216
11327,2216
11328,2216
11329,2216
11330,2216
11331,2216
11332,2216
11333,2216
11334,2216
11335,2216
11336,2216
11337,2216
11338,2216
11339,2216
11340,2216
11341,2216
11342,2216
11343,2216
11344,2216
11345,2216
11346,2216
11347,2216
11348,2216
11349,2216
11350,2216
11351,2216
11352,2216
11353,2216
11354,2216
11355,2216
11356,2216
11357,2216
11358,2216
11359,2216
11360,2216
11361,2216
11362,2216
11363,2216
11364,2216
11365,2216
11366,2216
11367,2216
11368,2216
11369,2216
11370,2216
11371,2216
11372,2216
11373,2216
11374,2216
11375,2216
11376,2216
11377,2216
11378,2216
11379,2216
11380,2216
11381,2216
11382,2216
11383,2216
11384,2216
11385,2216
11386,2216
11387,2216
11388,2216
11389,2216
11390,2216
11391,2216
11392,2216
11393,2216
11394,2216
11395,2216
11396,2216
11397,2216
11398,2216
11399,2216
11400,2216
11401,2216
11402,2216
11403,2216
11404,2216
11405,2216
11406,2216
11407,2216
11408,2216
11409,2216
11410,2216
11411,2216
11412,2216
11413,2216
11414,2216
11415,2216
11416,2216
11417,2216
11418,2216
11419,2216
11420,2216
11421,2216
11422,2216
11423,2216
11424,2216
11425,2216
11426,2216
11427,2216
11428,2216
11429,2216
11430,2216
11431,2216
11432,2216
11433,2216
11434,2216
11435,2216
11436,2216
11437,2216
11438,2216
11439,2216
11440,2216
11441,2216
11442,2216
11443,2216
11444,2216
11445,2216
11446,2216
11447,2216
11448,2216
11449,2216
11450,2216
11451,2216
11452,2216
11453,2216
11454,2216
11455,2216
11456,2216
11457,2216
11458,2216
11459,2216
11460,2216
11461,2216
11462,2216
11463,2216
11464,2216
11465,2216
11466,2216
11467,2216
11468,2216
11469,2216
11470,2216
11471,2216
11472,2216
11473,2216
11474,2216
11475,2216
11476,2216
11477,2216
11478,2216
11479,2216
11480,2216
11481,2216
11482,2216
11483,2216
11484,2216
11485,2216
11486,2216
11487,2216
11488,2216
11489,2216
11490,2216
11491,2216
11492,2216
11493,2216
11494,2216
11495,2216
11496,2216
11497,2216
11498,2216
11499,2216
11500,2216
11501,2216
11502,2216
11503,2216
11504,2216
11505,2216
11506,2216
11507,2216
11508,2216
11509,2216
11510,2216
11511,2216
11512,2216
11513,2216
11514,2216
11515,2216
11516,2216
11517,2216
11518,2216
11519,2216
11520,2216
11521,2216
11522,2216
11523,2216
11524,2216
11525,2216
11526,2216
11527,2216
11528,2216
11529,2216
11530,2216
11531,2216
11532,2216
11533,2216
11534,2216
11535,2216
11536,2216
11537,2216
11538,2216
11539,2216
11540,2216
11541,2216
11542,2216
11543,2216
11544,2216
11545,2216
11546,2216
11547,2216
11548,2216
11549,2216
11550,2216
11551,2216
11552,2216
11553,2216
11554,2216
11555,2216
11556,2216
11557,2216
11558,2216
11559,2216
11560,2216
11561,2216
11562,2216
11563,2216
11564,2216
11565,2216
11566,2216
11567,2216
11568,2216
11569,2216
11570,2216
11571,2216
11572,2216
11573,2216
11574,2216
11575,2216
11576,2216
11577,2216
11578,2216
11579,2216
11580,2216
11581,2216
11582,2216
11583,2216
11584,2216
11585,2216
11586,2216
11587,2216
11588,2216
11589,2216
11590,2216
11591,2216
11592,2216
11593,2216
11594,2216
11595,2216
11596,2216
11597,2216
11598,2216
11599,2216
11600,2216
11601,2216
11602,2216
11603,2216
11604,2216
11605,2216
11606,2216
11607,2216
11608,2216
11609,2216
11610,2216
11611,2216
11612,2216
11613,2216
11614,2216
11615,2216
11616,2216
11617,2216
11618,2216
11619,2216
11620,2216
11621,2216
11622,2216
11623,2216
11624,2216
11625,2216
11626,2216
11627,2216
11628,2216
11629,2216
11630,2216
11631,2216
11632,2216
11633,2216
11634,2216
11635,2216
11636,2216
11637,2216
11638,2216
11639,2216
11640,2216
11641,2216
11642,2216
11643,2216
11644,2216
11645,2216
11646,2216
11647,2216
11648,2216
11649,2216
11650,2216
11651,2216
11652,2216
11653,2216
11654,2216
11655,2216
11656,2216
11657,2216
11658,2216
11659,2216
11660,2216
11661,2216
11662,2216
11663,2216
11664,2216
11665,2216
11666,2216
11667,2216
11668,2216
11669,2216
11670,2216
11671,2216
11672,2216
11673,2216
11674,2216
11675,2216
11676,2216
11677,2216
11678,2216
11679,2216
11680,2216
11681,2216
11682,2216
11683,2216
11684,2216
11685,2216
11686,2216
11687,2216
11688,2216
11689,2216
11690,2216
11691,2216
11692,2216
11693,2216
11694,2216
11695,2216
11696,2216
11697,2216
11698,2216
11699,2216
11700,2216
11701,2216
11702,2216
11703,2216
11704,2216
11705,2216
11706,2216
11707,2216
11708,2216
11709,2216
11710,2216
11711,2216
11712,2216
11713,2216
11714,2216
11715,2216
11716,2216
11717,2216
11718,2216
11719,2216
11720,2216
11721,2216
11722,2216
11723,2216
11724,2216
11725,2216
11726,2216
11727,2216
11728,2216
11729,2216
11730,2216
11731,2216
11732,2216
11733,2216
11734,2216
11735,2216
11736,2216
11737,2216
11738,2216
11739,2216
11740,2216
11741,2216
11742,2216
11743,2216
11744,2216
11745,2216
11746,2216
11747,2216
11748,2216
11749,2216
11750,2216
11751,2216
11752,2216
11753,2216
11754,2216
11755,2216
11756,2216
11757,2216
11758,2216
11759,2216
11760,2216
11761,2216
11762,2216
11763,2216
11764,2216
11765,2216
11766,2216
11767,2216
11768,2216
11769,2216
11770,2216
11771,2216
11772,2216
11773,2216
11774,2216
11775,2216
11776,2216
11777,2216
11778,2216
11779,2216
11780,2216
11781,2216
11782,2216
11783,2216
11784,2216
11785,2216
11786,2216
11787,2216
11788,2216
11789,2216
11790,2216
11791,2216
11792,2216
11793,2216
11794,2216
11795,2216
11796,2216
11797,2216
11798,2216
11799,2216
11800,2216
11801,2216
11802,2216
11803,2216
11804,2216
11805,2216
11806,2216
11807,2216
11808,2216
11809,2216
11810,2216
11811,2216
11812,2216
11813,2216
11814,2216
11815,2216
11816,2216
11817,2216
11818,2216
11819,2216
11820,2216
11821,2216
11822,2216
11823,2216
11824,2216
11825,2216
11826,2216
11827,2216
11828,2216
11829,2216
11830,2216
11831,2216
11832,2216
11833,2216
11834,2216
11835,2216
11836,2216
11837,2216
11838,2216
11839,2216
11840,2216
11841,2216
11842,2216
11843,2216
11844,2216
11845,2216
11846,2216
11847,2216
11848,2216
11849,2216
11850,2216
11851,2216
11852,2216
11853,2216
11854,2216
11855,2216
11856,2216
11857,2216
11858,2216
11859,2216
11860,2216
11861,2216
11862,2216
11863,2216
11864,2216
11865,2216
11866,2216
11867,2216
11868,2216
11869,2216
11870,2216
11871,2216
11872,2216
11873,2216
11874,2216
11875,2216
11876,2216
11877,2216
11878,2216
11879,2216
11880,2216
11881,2216
11882,2216
11883,2216
11884,2216
11885,2216
11886,2216
11887,2216
11888,2216
11889,2216
11890,2216
11891,2216
11892,2216
11893,2216
11894,2216
11895,2216
11896,2216
11897,2216
11898,2216
11899,2216
11900,2216
11901,2216
11902,2216
11903,2216
11904,2216
11905,2216
11906,2216
11907,2216
11908,2216
11909,2216
11910,2216
11911,2216
11912,2216
11913,2216
11914,2216
11915,2216
11916,2216
11917,2216
11918,2216
11919,2216
11920,2216
11921,2216
11922,2216
11923,2216
11924,2216
11925,2216
11926,2216
11927,2216
11928,2216
11929,2216
11930,2216
11931,2216
11932,2216
11933,2216
11934,2216
11935,2216
11936,2216
11937,2216
11938,2216
11939,2216
11940,2216
11941,2216
11942,2216
11943,2216
11944,2216
11945,2216
11946,2216
11947,2216
11948,2216
11949,2216
11950,2216
11951,2216
11952,2216
11953,2216
11954,2216
11955,2216
11956,2216
11957,2216
11958,2216
11959,2216
11960,2216
11961,2216
11962,2216
11963,2216
11964,2216
11965,2216
11966,2216
11967,2216
11968,2216
11969,2216
11970,2216
11971,2216
11972,2216
11973,2216
11974,2216
11975,2216
11976,2216
11977,2216
11978,2216
11979,2216
11980,2216
11981,2216
11982,2216
11983,2216
11984,2216
11985,2216
11986,2216
11987,2216
11988,2216
11989,2216
11990,2216
11991,2216
11992,2216
11993,2216
11994,2216
11995,2216
11996,2216
11997,2216
11998,2216
11999,2216
12000,2216
12001,2216
12002,2216
12003,2216
12004,2216
12005,2216
12006,2216
12007,2216
12008,2216
12009,2216
12010,2216
12011,2216
12012,2216
12013,2216
12014,2216
12015,2216
12016,2216
12017,2216
12018,2216
12019,2216
12020,2216
12021,2216
12022,2216
12023,2216
12024,2216
12025,2216
12026,2216
12027,2216
12028,2216
12029,2216
12030,2216
12031,2216
12032,2216
12033,2216
12034,2216
12035,2216
12036,2216
12037,2216
12038,2216
12039,2216
12040,2216
12041,2216
12042,2216
12043,2216
12044,2216
12045,2216
12046,2216
12047,2216
12048,2216
12049,2216
12050,2216
12051,2216
12052,2216
12053,2216
12054,2216
12055,2216
12056,2216
12057,2216
12058,2216
12059,2216
12060,2216
12061,2216
12062,2216
12063,2216
12064,2216
12065,2216
12066,2216
12067,2216
12068,2216
12069,2216
12070,2216
12071,2216
12072,2216
12073,2216
12074,2216
12075,2216
12076,2216
12077,2216
12078,2216
12079,2216
12080,2216
12081,2216
12082,2216
12083,2216
12084,2216
12085,2216
12086,2216
12087,2216
12088,2216
12089,2216
12090,2216
12091,2216
12092,2216
12093,2216
12094,2216
12095,2216
12096,2216
12097,2216
12098,2216
12099,2216
12100,2216
12101,2216
12102,2216
12103,2216
12104,2216
12105,2216
12106,2216
12107,2216
12108,2216
12109,2216
12110,2216
12111,2216
12112,2216
12113,2216
12114,2216
12115,2216
12116,2216
12117,2216
12118,2216
12119,2216
12120,2216
12121,2216
12122,2216
12123,2216
12124,2216
12125,2216
12126,2216
12127,2216
12128,2216
12129,2216
12130,2216
12131,2216
12132,2216
12133,2216
12134,2216
12135,2216
12136,2216
12137,2216
12138,2216
12139,2216
12140,2216
12141,2216
12142,2216
12143,2216
12144,2216
12145,2216
12146,2216
12147,2216
12148,2216
12149,2216
12150,2216
12151,2216
12152,2216
12153,2216
12154,2216
12155,2216
12156,2216
12157,2216
12158,2216
12159,2216
12160,2216
12161,2216
12162,2216
12163,2216
12164,2216
12165,2216
12166,2216
12167,2216
12168,2216
12169,2216
12170,2216
12171,2216
12172,2216
12173,2216
12174,2216
12175,2216
12176,2216
12177,2216
12178,2216
12179,2216
12180,2216
12181,2216
12182,2216
12183,2216
12184,2216
12185,2216
12186,2216
12187,2216
12188,2216
12189,2216
12190,2216
12191,2216
12192,2216
12193,2216
12194,2216
12195,2216
12196,2216
12197,2216
12198,2216
12199,2216
12200,2216
12201,2216
12202,2216
12203,2216
12204,2216
12205,2216
12206,2216
12207,2216
12208,2216
12209,2216
12210,2216
12211,2216
12212,2216
12213,2216
12214,2216
12215,2216
12216,2216
12217,2216
12218,2216
12219,2216
12220,2216
12221,2216
12222,2216
12223,2216
12224,2216
12225,2216
12226,2216
12227,2216
12228,2216
12229,2216
12230,2216
12231,2216
12232,2216
12233,2216
12234,2216
12235,2216
12236,2216
12237,2216
12238,2216
12239,2216
12240,2216
12241,2216
12242,2216
12243,2216
12244,2216
12245,2216
12246,2216
12247,2216
12248,2216
12249,2216
12250,2216
12251,2216
12252,2216
12253,2216
12254,2216
12255,2216
12256,2216
12257,2216
12258,2216
12259,2216
12260,2216
12261,2216
12262,2216
12263,2216
12264,2216
12265,2216
12266,2216
12267,2216
12268,2216
12269,2216
12270,2216
12271,2216
12272,2216
12273,2216
12274,2216
12275,2216
12276,2216
12277,2216
12278,2216
12279,2216
12280,2216
12281,2216
12282,2216
12283,2216
12284,2216
12285,2216
12286,2216
12287,2216
12288,2216
12289,2216
12290,2216
12291,2216
12292,2216
12293,2216
12294,2216
12295,2216
12296,2216
12297,2216
12298,2216
12299,2216
12300,2216
12301,2216
12302,2216
12303,2216
12304,2216
12305,2216
12306,2216
12307,2216
12308,2216
12309,2216
12310,2216
12311,2216
12312,2216
12313,2216
12314,2216
12315,2216
12316,2216
12317,2216
12318,2216
12319,2216
12320,2216
12321,2216
12322,2216
12323,2216
12324,2216
12325,2216
12326,2216
12327,2216
12328,2216
12329,2216
12330,2216
12331,2216
12332,2216
12333,2216
12334,2216
12335,2216
12336,2216
12337,2216
12338,2216
12339,2216
12340,2216
12341,2216
12342,2216
12343,2216
12344,2216
12345,2216
12346,2216
12347,2216
12348,2216
12349,2216
12350,2216
12351,2216
12352,2216
12353,2216
12354,2216
12355,2216
12356,2216
12357,2216
12358,2216
12359,2216
12360,2216
12361,2216
12362,2216
12363,2216
12364,2216
12365,2216
12366,2216
12367,2216
12368,2216
12369,2216
12370,2216
12371,2216
12372,2216
12373,2216
12374,2216
12375,2216
12376,2216
12377,2216
12378,2216
12379,2216
12380,2216
12381,2216
12382,2216
12383,2216
12384,2216
12385,2216
12386,2216
12387,2216
12388,2216
12389,2216
12390,2216
12391,2216
12392,2216
12393,2216
12394,2216
12395,2216
12396,2216
12397,2216
12398,2216
12399,2216
12400,2216
12401,2216
12402,2216
12403,2216
12404,2216
12405,2216
12406,2216
12407,2216
12408,2216
12409,2216
12410,2216
12411,2216
12412,2216
12413,2216
12414,2216
12415,2216
12416,2216
12417,2216
12418,2216
12419,2216
12420,2216
12421,2216
12422,2216
12423,2216
12424,2216
12425,2216
12426,2216
12427,2216
12428,2216
12429,2216
12430,2216
12431,2216
12432,2216
12433,2216
12434,2216
12435,2216
12436,2216
12437,2216
12438,2216
12439,2216
12440,2216
12441,2216
12442,2216
12443,2216
12444,2216
12445,2216
12446,2216
12447,2216
12448,2216
12449,2216
12450,2216
12451,2216
12452,2216
12453,2216
12454,2216
12455,2216
12456,2216
12457,2216
12458,2216
12459,2216
12460,2216
12461,2216
12462,2216
12463,2216
12464,2216
12465,2216
12466,2216
12467,2216
12468,2216
12469,2216
12470,2216
12471,2216
12472,2216
12473,2216
12474,2216
12475,2216
12476,2216
12477,2216
12478,2216
12479,2216
12480,2216
12481,2216
12482,2216
12483,2216
12484,2216
12485,2216
12486,2216
12487,2216
12488,2216
12489,2216
12490,2216
12491,2216
12492,2216
12493,2216
12494,2216
12495,2216
12496,2216
12497,2216
12498,2216
12499,2216
12500,2216
12501,2216
12502,2216
12503,2216
12504,2216
12505,2216
12506,2216
12507,2216
12508,2216
12509,2216
12510,2216
12511,2216
12512,2216
12513,2216
12514,2216
12515,2216
12516,2216
12517,2216
12518,2216
12519,2216
12520,2216
12521,2216
12522,2216
12523,2216
12524,2216
12525,2216
12526,2216
12527,2216
12528,2216
12529,2216
12530,2216
12531,2216
12532,2216
12533,2216
12534,2216
12535,2216
12536,2216
12537,2216
12538,2216
12539,2216
12540,2216
12541,2216
12542,2216
12543,2216
12544,2216
12545,2216
12546,2216
12547,2216
12548,2216
12549,2216
12550,2216
12551,2216
12552,2216
12553,2216
12554,2216
12555,2216
12556,2216
12557,2216
12558,2216
12559,2216
12560,2216
12561,2216
12562,2216
12563,2216
12564,2216
12565,2216
12566,2216
12567,2216
12568,2216
12569,2216
12570,2216
12571,2216
12572,2216
12573,2216
12574,2216
12575,2216
12576,2216
12577,2216
12578,2216
12579,2216
12580,2216
12581,2216
12582,2216
12583,2216
12584,2216
12585,2216
12586,2216
12587,2216
12588,2216
12589,2216
12590,2216
12591,2216
12592,2216
12593,2216
12594,2216
12595,2216
12596,2216
12597,2216
12598,2216
12599,2216
12600,2216
12601,2216
12602,2216
12603,2216
12604,2216
12605,2216
12606,2216
12607,2216
12608,2216
12609,2216
12610,2216
12611,2216
12612,2216
12613,2216
12614,2216
12615,2216
12616,2216
12617,2216
12618,2216
12619,2216
12620,2216
12621,2216
12622,2216
12623,2216
12624,2216
12625,2216
12626,2216
12627,2216
12628,2216
12629,2216
12630,2216
12631,2216
12632,2216
12633,2216
12634,2216
12635,2216
12636,2216
12637,2216
12638,2216
12639,2216
12640,2216
12641,2216
12642,2216
12643,2216
12644,2216
12645,2216
12646,2216
12647,2216
12648,2216
12649,2216
12650,2216
12651,2216
12652,2216
12653,2216
12654,2216
12655,2216
12656,2216
12657,2216
12658,2216
12659,2216
12660,2216
12661,2216
12662,2216
12663,2216
12664,2216
12665,2216
12666,2216
12667,2216
12668,2216
12669,2216
12670,2216
12671,2216
12672,2216
12673,2216
12674,2216
12675,2216
12676,2216
12677,2216
12678,2216
12679,2216
12680,2216
12681,2216
12682,2216
12683,2216
12684,2216
12685,2216
12686,2216
12687,2216
12688,2216
12689,2216
12690,2216
12691,2216
12692,2216
12693,2216
12694,2216
12695,2216
12696,2216
12697,2216
12698,2216
12699,2216
12700,2216
12701,2216
12702,2216
12703,2216
12704,2216
12705,2216
12706,2216
12707,2216
12708,2216
12709,2216
12710,2216
12711,2216
12712,2216
12713,2216
12714,2216
12715,2216
12716,2216
12717,2216
12718,2216
12719,2216
12720,2216
12721,2216
12722,2216
12723,2216
12724,2216
12725,2216
12726,2216
12727,2216
12728,2216
12729,2216
12730,2216
12731,2216
12732,2216
12733,2216
12734,2216
12735,2216
12736,2216
12737,2216
12738,2216
12739,2216
12740,2216
12741,2216
12742,2216
12743,2216
12744,2216
12745,2216
12746,2216
12747,2216
12748,2216
12749,2216
12750,2216
12751,2216
12752,2216
12753,2216
12754,2216
12755,2216
12756,2216
12757,2216
12758,2216
12759,2216
12760,2216
12761,2216
12762,2216
12763,2216
12764,2216
12765,2216
12766,2216
12767,2216
12768,2216
12769,2216
12770,2216
12771,2216
12772,2216
12773,2216
12774,2216
12775,2216
12776,2216
12777,2216
12778,2216
12779,2216
12780,2216
12781,2216
12782,2216
12783,2216
12784,2216
12785,2216
12786,2216
12787,2216
12788,2216
12789,2216
12790,2216
12791,2216
12792,2216
12793,2216
12794,2216
12795,2216
12796,2216
12797,2216
12798,2216
12799,2216
12800,2216
12801,2216
12802,2216
12803,2216
12804,2216
12805,2216
12806,2216
12807,2216
12808,2216
12809,2216
12810,2216
12811,2216
12812,2216
12813,2216
12814,2216
12815,2216
12816,2216
12817,2216
12818,2216
12819,2216
12820,2216
12821,2216
12822,2216
12823,2216
12824,2216
12825,2216
12826,2216
12827,2216
12828,2216
12829,2216
12830,2216
12831,2216
12832,2216
12833,2216
12834,2216
12835,2216
12836,2216
12837,2216
12838,2216
12839,2216
12840,2216
12841,2216
12842,2216
12843,2216
12844,2216
12845,2216
12846,2216
12847,2216
12848,2216
12849,2216
12850,2216
12851,2216
12852,2216
12853,2216
12854,2216
12855,2216
12856,2216
12857,2216
12858,2216
12859,2216
12860,2216
12861,2216
12862,2216
12863,2216
12864,2216
12865,2216
12866,2216
12867,2216
12868,2216
12869,2216
12870,2216
12871,2216
12872,2216
12873,2216
12874,2216
12875,2216
12876,2216
12877,2216
12878,2216
12879,2216
12880,2216
12881,2216
12882,2216
12883,2216
12884,2216
12885,2216
12886,2216
12887,2216
12888,2216
12889,2216
12890,2216
12891,2216
12892,2216
12893,2216
12894,2216
12895,2216
12896,2216
12897,2216
12898,2216
12899,2216
12900,2216
12901,2216
12902,2216
12903,2216
12904,2216
12905,2216
12906,2216
12907,2216
12908,2216
12909,2216
12910,2216
12911,2216
12912,2216
12913,2216
12914,2216
12915,2216
12916,2216
12917,2216
12918,2216
12919,2216
12920,2216
12921,2216
12922,2216
12923,2216
12924,2216
12925,2216
12926,2216
12927,2216
12928,2216
12929,2216
12930,2216
12931,2216
12932,2216
12933,2216
12934,2216
12935,2216
12936,2216
12937,2216
12938,2216
12939,2216
12940,2216
12941,2216
12942,2216
12943,2216
12944,2216
12945,2216
12946,2216
12947,2216
12948,2216
12949,2216
12950,2216
12951,2216
12952,2216
12953,2216
12954,2216
12955,2216
12956,2216
12957,2216
12958,2216
12959,2216
12960,2216
12961,2216
12962,2216
12963,2216
12964,2216
12965,2216
12966,2216
12967,2216
12968,2216
12969,2216
12970,2216
12971,2216
12972,2216
12973,2216
12974,2216
12975,2216
12976,2216
12977,2216
12978,2216
12979,2216
12980,2216
12981,2216
12982,2216
12983,2216
12984,2216
12985,2216
12986,2216
12987,2216
12988,2216
12989,2216
12990,2216
12991,2216
12992,2216
12993,2216
12994,2216
12995,2216
12996,2216
12997,2216
12998,2216
12999,2216
13000,2216
13001,2216
13002,2216
13003,2216
13004,2216
13005,2216
13006,2216
13007,2216
13008,2216
13009,2216
13010,2216
13011,2216
13012,2216
13013,2216
13014,2216
13015,2216
13016,2216
13017,2216
13018,2216
13019,2216
13020,2216
13021,2216
13022,2216
13023,2216
13024,2216
13025,2216
13026,2216
13027,2216
13028,2216
13029,2216
13030,2216
13031,2216
13032,2216
13033,2216
13034,2216
13035,2216
13036,2216
13037,2216
13038,2216
13039,2216
13040,2216
13041,2216
13042,2216
13043,2216
13044,2216
13045,2216
13046,2216
13047,2216
13048,2216
13049,2216
13050,2216
13051,2216
13052,2216
13053,2216
13054,2216
13055,2216
13056,2216
13057,2216
13058,2216
13059,2216
13060,2216
13061,2216
13062,2216
13063,2216
13064,2216
13065,2216
13066,2216
13067,2216
13068,2216
13069,2216
13070,2216
13071,2216
13072,2216
13073,2216
13074,2216
13075,2216
13076,2216
13077,2216
13078,2216
13079,2216
13080,2216
13081,2216
13082,2216
13083,2216
13084,2216
13085,2216
13086,2216
13087,2216
13088,2216
13089,2216
13090,2216
13091,2216
13092,2216
13093,2216
13094,2216
13095,2216
13096,2216
13097,2216
13098,2216
13099,2216
13100,2216
13101,2216
13102,2216
13103,2216
13104,2216
13105,2216
13106,2216
13107,2216
13108,2216
13109,2216
13110,2216
13111,2216
13112,2216
13113,2216
13114,2216
13115,2216
13116,2216
13117,2216
13118,2216
13119,2216
13120,2216
13121,2216
13122,2216
13123,2216
13124,2216
13125,2216
13126,2216
13127,2216
13128,2216
13129,2216
13130,2216
13131,2216
13132,2216
13133,2216
13134,2216
13135,2216
13136,2216
13137,2216
13138,2216
13139,2216
13140,2216
13141,2216
13142,2216
13143,2216
13144,2216
13145,2216
13146,2216
13147,2216
13148,2216
13149,2216
13150,2216
13151,2216
13152,2216
13153,2216
13154,2216
13155,2216
13156,2216
13157,2216
13158,2216
13159,2216
13160,2216
13161,2216
13162,2216
13163,2216
13164,2216
13165,2216
13166,2216
13167,2216
13168,2216
13169,2216
13170,2216
13171,2216
13172,2216
13173,2216
13174,2216
13175,2216
13176,2216
13177,2216
13178,2216
13179,2216
13180,2216
13181,2216
13182,2216
13183,2216
13184,2216
13185,2216
13186,2216
13187,2216
13188,2216
13189,2216
13190,2216
13191,2216
13192,2216
13193,2216
13194,2216
13195,2216
13196,2216
13197,2216
13198,2216
13199,2216
13200,2216
13201,2216
13202,2216
13203,2216
13204,2216
13205,2216
13206,2216
13207,2216
13208,2216
13209,2216
13210,2216
13211,2216
13212,2216
13213,2216
13214,2216
13215,2216
13216,2216
13217,2216
13218,2216
13219,2216
13220,2216
13221,2216
13222,2216
13223,2216
13224,2216
13225,2216
13226,2216
13227,2216
13228,2216
13229,2216
13230,2216
13231,2216
13232,2216
13233,2216
13234,2216
13235,2216
13236,2216
13237,2216
13238,2216
13239,2216
13240,2216
13241,2216
13242,2216
13243,2216
13244,2216
13245,2216
13246,2216
13247,2216
13248,2216
13249,2216
13250,2216
13251,2216
13252,2216
13253,2216
13254,2216
13255,2216
13256,2216
13257,2216
13258,2216
13259,2216
13260,2216
13261,2216
13262,2216
13263,2216
13264,2216
13265,2216
13266,2216
13267,2216
13268,2216
13269,2216
13270,2216
13271,2216
13272,2216
13273,2216
13274,2216
13275,2216
13276,2216
13277,2216
13278,2216
13279,2216
13280,2216
13281,2216
13282,2216
13283,2216
13284,2216
13285,2216
13286,2216
13287,2216
13288,2216
13289,2216
13290,2216
13291,2216
13292,2216
13293,2216
13294,2216
13295,2216
13296,2216
13297,2216
13298,2216
13299,2216
13300,2216
13301,2216
13302,2216
13303,2216
13304,2216
13305,2216
13306,2216
13307,2216
13308,2216
13309,2216
13310,2216
13311,2216
13312,2216
13313,2216
13314,2216
13315,2216
13316,2216
13317,2216
13318,2216
13319,2216
13320,2216
13321,2216
13322,2216
13323,2216
13324,2216
13325,2216
13326,2216
13327,2216
13328,2216
13329,2216
13330,2216
13331,2216
13332,2216
13333,2216
13334,2216
13335,2216
13336,2216
13337,2216
13338,2216
13339,2216
13340,2216
13341,2216
13342,2216
13343,2216
13344,2216
13345,2216
13346,2216
13347,2216
13348,2216
13349,2216
13350,2216
13351,2216
13352,2216
13353,2216
13354,2216
13355,2216
13356,2216
13357,2216
13358,2216
13359,2216
13360,2216
13361,2216
13362,2216
13363,2216
13364,2216
13365,2216
13366,2216
13367,2216
13368,2216
13369,2216
13370,2216
13371,2216
13372,2216
13373,2216
13374,2216
13375,2216
13376,2216
13377,2216
13378,2216
13379,2216
13380,2216
13381,2216
13382,2216
13383,2216
13384,2216
13385,2216
13386,2216
13387,2216
13388,2216
13389,2216
13390,2216
13391,2216
13392,2216
13393,2216
13394,2216
13395,2216
13396,2216
13397,2216
13398,2216
13399,2216
13400,2216
13401,2216
13402,2216
13403,2216
13404,2216
13405,2216
13406,2216
13407,2216
13408,2216
13409,2216
13410,2216
13411,2216
13412,2216
13413,2216
13414,2216
13415,2216
13416,2216
13417,2216
13418,2216
13419,2216
13420,2216
13421,2216
13422,2216
13423,2216
13424,2216
13425,2216
13426,2216
13427,2216
13428,2216
13429,2216
13430,2216
13431,2216
13432,2216
13433,2216
13434,2216
13435,2216
13436,2216
13437,2216
13438,2216
13439,2216
13440,2216
13441,2216
13442,2216
13443,2216
13444,2216
13445,2216
13446,2216
13447,2216
13448,2216
13449,2216
13450,2216
13451,2216
13452,2216
13453,2216
13454,2216
13455,2216
13456,2216
13457,2216
13458,2216
13459,2216
13460,2216
13461,2216
13462,2216
13463,2216
13464,2216
13465,2216
13466,2216
13467,2216
13468,2216
13469,2216
13470,2216
13471,2216
13472,2216
13473,2216
13474,2216
13475,2216
13476,2216
13477,2216
13478,2216
13479,2216
13480,2216
13481,2216
13482,2216
13483,2216
13484,2216
13485,2216
13486,2216
13487,2216
13488,2216
13489,2216
13490,2216
13491,2216
13492,2216
13493,2216
13494,2216
13495,2216
13496,2216
13497,2216
13498,2216
13499,2216
13500,2216
13501,2216
13502,2216
13503,2216
13504,2216
13505,2216
13506,2216
13507,2216
13508,2216
13509,2216
13510,2216
13511,2216
13512,2216
13513,2216
13514,2216
13515,2216
13516,2216
13517,2216
13518,2216
13519,2216
13520,2216
13521,2216
13522,2216
13523,2216
13524,2216
13525,2216
13526,2216
13527,2216
13528,2216
13529,2216
13530,2216
13531,2216
13532,2216
13533,2216
13534,2216
13535,2216
13536,2216
13537,2216
13538,2216
13539,2216
13540,2216
13541,2216
13542,2216
13543,2216
13544,2216
13545,2216
13546,2216
13547,2216
13548,2216
13549,2216
13550,2216
13551,2216
13552,2216
13553,2216
13554,2216
13555,2216
13556,2216
13557,2216
13558,2216
13559,2216
13560,2216
13561,2216
13562,2216
13563,2216
13564,2216
13565,2216
13566,2216
13567,2216
13568,2216
13569,2216
13570,2216
13571,2216
13572,2216
13573,2216
13574,2216
13575,2216
13576,2216
13577,2216
13578,2216
13579,2216
13580,2216
13581,2216
13582,2216
13583,2216
13584,2216
13585,2216
13586,2216
13587,2216
13588,2216
13589,2216
13590,2216
13591,2216
13592,2216
13593,2216
13594,2216
13595,2216
13596,2216
13597,2216
13598,2216
13599,2216
13600,2216
13601,2216
13602,2216
13603,2216
13604,2216
13605,2216
13606,2216
13607,2216
13608,2216
13609,2216
13610,2216
13611,2216
13612,2216
13613,2216
13614,2216
13615,2216
13616,2216
13617,2216
13618,2216
13619,2216
13620,2216
13621,2216
13622,2216
13623,2216
13624,2216
13625,2216
13626,2216
13627,2216
13628,2216
13629,2216
13630,2216
13631,2216
13632,2216
13633,2216
13634,2216
13635,2216
13636,2216
13637,2216
13638,2216
13639,2216
13640,2216
13641,2216
13642,2216
13643,2216
13644,2216
13645,2216
13646,2216
13647,2216
13648,2216
13649,2216
13650,2216
13651,2216
13652,2216
13653,2216
13654,2216
13655,2216
13656,2216
13657,2216
13658,2216
13659,2216
13660,2216
13661,2216
13662,2216
13663,2216
13664,2216
13665,2216
13666,2216
13667,2216
13668,2216
13669,2216
13670,2216
13671,2216
13672,2216
13673,2216
13674,2216
13675,2216
13676,2216
13677,2216
13678,2216
13679,2216
13680,2216
13681,2216
13682,2216
13683,2216
13684,2216
13685,2216
13686,2216
13687,2216
13688,2216
13689,2216
13690,2216
13691,2216
13692,2216
13693,2216
13694,2216
13695,2216
13696,2216
13697,2216
13698,2216
13699,2216
13700,2216
13701,2216
13702,2216
13703,2216
13704,2216
13705,2216
13706,2216
13707,2216
13708,2216
13709,2216
13710,2216
13711,2216
13712,2216
13713,2216
13714,2216
13715,2216
13716,2216
13717,2216
13718,2216
13719,2216
13720,2216
13721,2216
13722,2216
13723,2216
13724,2216
13725,2216
13726,2216
13727,2216
13728,2216
13729,2216
13730,2216
13731,2216
13732,2216
13733,2216
13734,2216
13735,2216
13736,2216
13737,2216
13738,2216
13739,2216
13740,2216
13741,2216
13742,2216
13743,2216
13744,2216
13745,2216
13746,2216
13747,2216
13748,2216
13749,2216
13750,2216
13751,2216
13752,2216
13753,2216
13754,2216
13755,2216
13756,2216
13757,2216
13758,2216
13759,2216
13760,2216
13761,2216
13762,2216
13763,2216
13764,2216
13765,2216
13766,2216
13767,2216
13768,2216
13769,2216
13770,2216
13771,2216
13772,2216
13773,2216
13774,2216
13775,2216
13776,2216
13777,2216
13778,2216
13779,2216
13780,2216
13781,2216
13782,2216
13783,2216
13784,2216
13785,2216
13786,2216
13787,2216
13788,2216
13789,2216
13790,2216
13791,2216
13792,2216
13793,2216
13794,2216
13795,2216
13796,2216
13797,2216
13798,2216
13799,2216
13800,2216
13801,2216
13802,2216
13803,2216
13804,2216
13805,2216
13806,2216
13807,2216
13808,2216
13809,2216
13810,2216
13811,2216
13812,2216
13813,2216
13814,2216
13815,2216
13816,2216
13817,2216
13818,2216
13819,2216
13820,2216
13821,2216
13822,2216
13823,2216
13824,2216
13825,2216
13826,2216
13827,2216
13828,2216
13829,2216
13830,2216
13831,2216
13832,2216
13833,2216
13834,2216
13835,2216
13836,2216
13837,2216
13838,2216
13839,2216
13840,2216
13841,2216
13842,2216
13843,2216
13844,2216
13845,2216
13846,2216
13847,2216
13848,2216
13849,2216
13850,2216
13851,2216
13852,2216
13853,2216
13854,2216
13855,2216
13856,2216
13857,2216
13858,2216
13859,2216
13860,2216
13861,2216
13862,2216
13863,2216
13864,2216
13865,2216
13866,2216
13867,2216
13868,2216
13869,2216
13870,2216
13871,2216
13872,2216
13873,2216
13874,2216
13875,2216
13876,2216
13877,2216
13878,2216
13879,2216
13880,2216
13881,2216
13882,2216
13883,2216
13884,2216
13885,2216
13886,2216
13887,2216
13888,2216
13889,2216
13890,2216
13891,2216
13892,2216
13893,2216
13894,2216
13895,2216
13896,2216
13897,2216
13898,2216
13899,2216
13900,2216
13901,2216
13902,2216
13903,2216
13904,2216
13905,2216
13906,2216
13907,2216
13908,2216
13909,2216
13910,2216
13911,2216
13912,2216
13913,2216
13914,2216
13915,2216
13916,2216
13917,2216
13918,2216
13919,2216
13920,2216
13921,2216
13922,2216
13923,2216
13924,2216
13925,2216
13926,2216
13927,2216
13928,2216
13929,2216
13930,2216
13931,2216
13932,2216
13933,2216
13934,2216
13935,2216
13936,2216
13937,2216
13938,2216
13939,2216
13940,2216
13941,2216
13942,2216
13943,2216
13944,2216
13945,2216
13946,2216
13947,2216
13948,2216
13949,2216
13950,2216
13951,2216
13952,2216
13953,2216
13954,2216
13955,2216
13956,2216
13957,2216
13958,2216
13959,2216
13960,2216
13961,2216
13962,2216
13963,2216
13964,2216
13965,2216
13966,2216
13967,2216
13968,2216
13969,2216
13970,2216
13971,2216
13972,2216
13973,2216
13974,2216
13975,2216
13976,2216
13977,2216
13978,2216
13979,2216
13980,2216
13981,2216
13982,2216
13983,2216
13984,2216
13985,2216
13986,2216
13987,2216
13988,2216
13989,2216
13990,2216
13991,2216
13992,2216
13993,2216
13994,2216
13995,2216
13996,2216
13997,2216
13998,2216
13999,2216
14000,2216
14001,2216
14002,2216
14003,2216
14004,2216
14005,2216
14006,2216
14007,2216
14008,2216
14009,2216
14010,2216
14011,2216
14012,2216
14013,2216
14014,2216
14015,2216
14016,2216
14017,2216
14018,2216
14019,2216
14020,2216
14021,2216
14022,2216
14023,2216
14024,2216
14025,2216
14026,2216
14027,2216
14028,2216
14029,2216
14030,2216
14031,2216
14032,2216
14033,2216
14034,2216
14035,2216
14036,2216
14037,2216
14038,2216
14039,2216
14040,2216
14041,2216
14042,2216
14043,2216
14044,2216
14045,2216
14046,2216
14047,2216
14048,2216
14049,2216
14050,2216
14051,2216
14052,2216
14053,2216
14054,2216
14055,2216
14056,2216
14057,2216
14058,2216
14059,2216
14060,2216
14061,2216
14062,2216
14063,2216
14064,2216
14065,2216
14066,2216
14067,2216
14068,2216
14069,2216
14070,2216
14071,2216
14072,2216
14073,2216
14074,2216
14075,2216
14076,2216
14077,2216
14078,2216
14079,2216
14080,2216
14081,2216
14082,2216
14083,2216
14084,2216
14085,2216
14086,2216
14087,2216
14088,2216
14089,2216
14090,2216
14091,2216
14092,2216
14093,2216
14094,2216
14095,2216
14096,2216
14097,2216
14098,2216
14099,2216
14100,2216
14101,2216
14102,2216
14103,2216
14104,2216
14105,2216
14106,2216
14107,2216
14108,2216
14109,2216
14110,2216
14111,2216
14112,2216
14113,2216
14114,2216
14115,2216
14116,2216
14117,2216
14118,2216
14119,2216
14120,2216
14121,2216
14122,2216
14123,2216
14124,2216
14125,2216
14126,2216
14127,2216
14128,2216
14129,2216
14130,2216
14131,2216
14132,2216
14133,2216
14134,2216
14135,2216
14136,2216
14137,2216
14138,2216
14139,2216
14140,2216
14141,2216
14142,2216
14143,2216
14144,2216
14145,2216
14146,2216
14147,2216
14148,2216
14149,2216
14150,2216
14151,2216
14152,2216
14153,2216
14154,2216
14155,2216
14156,2216
14157,2216
14158,2216
14159,2216
14160,2216
14161,2216
14162,2216
14163,2216
14164,2216
14165,2216
14166,2216
14167,2216
14168,2216
14169,2216
14170,2216
14171,2216
14172,2216
14173,2216
14174,2216
14175,2216
14176,2216
14177,2216
14178,2216
14179,2216
14180,2216
14181,2216
14182,2216
14183,2216
14184,2216
14185,2216
14186,2216
14187,2216
14188,2216
14189,2216
14190,2216
14191,2216
14192,2216
14193,2216
14194,2216
14195,2216
14196,2216
14197,2216
14198,2216
14199,2216
14200,2216
14201,2216
14202,2216
14203,2216
14204,2216
14205,2216
14206,2216
14207,2216
14208,2216
14209,2216
14210,2216
14211,2216
14212,2216
14213,2216
14214,2216
14215,2216
14216,2216
14217,2216
14218,2216
14219,2216
14220,2216
14221,2216
14222,2216
14223,2216
14224,2216
14225,2216
14226,2216
14227,2216
14228,2216
14229,2216
14230,2216
14231,2216
14232,2216
14233,2216
14234,2216
14235,2216
14236,2216
14237,2216
14238,2216
14239,2216
14240,2216
14241,2216
14242,2216
14243,2216
14244,2216
14245,2216
14246,2216
14247,2216
14248,2216
14249,2216
14250,2216
14251,2216
14252,2216
14253,2216
14254,2216
14255,2216
14256,2216
14257,2216
14258,2216
14259,2216
14260,2216
14261,2216
14262,2216
14263,2216
14264,2216
14265,2216
14266,2216
14267,2216
14268,2216
14269,2216
14270,2216
14271,2216
14272,2216
14273,2216
14274,2216
14275,2216
14276,2216
14277,2216
14278,2216
14279,2216
14280,2216
14281,2216
14282,2216
14283,2216
14284,2216
14285,2216
14286,2216
14287,2216
14288,2216
14289,2216
14290,2216
14291,2216
14292,2216
14293,2216
14294,2216
14295,2216
14296,2216
14297,2216
14298,2216
14299,2216
14300,2216
14301,2216
14302,2216
14303,2216
14304,2216
14305,2216
14306,2216
14307,2216
14308,2216
14309,2216
14310,2216
14311,2216
14312,2216
14313,2216
14314,2216
14315,2216
14316,2216
14317,2216
14318,2216
14319,2216
14320,2216
14321,2216
14322,2216
14323,2216
14324,2216
14325,2216
14326,2216
14327,2216
14328,2216
14329,2216
14330,2216
14331,2216
14332,2216
14333,2216
14334,2216
14335,2216
14336,2216
14337,2216
14338,2216
14339,2216
14340,2216
14341,2216
14342,2216
14343,2216
14344,2216
14345,2216
14346,2216
14347,2216
14348,2216
14349,2216
14350,2216
14351,2216
14352,2216
14353,2216
14354,2216
14355,2216
14356,2216
14357,2216
14358,2216
14359,2216
14360,2216
14361,2216
14362,2216
14363,2216
14364,2216
14365,2216
14366,2216
14367,2216
14368,2216
14369,2216
14370,2216
14371,2216
14372,2216
14373,2216
14374,2216
14375,2216
14376,2216
14377,2216
14378,2216
14379,2216
14380,2216
14381,2216
14382,2216
14383,2216
14384,2216
14385,2216
14386,2216
14387,2216
14388,2216
14389,2216
14390,2216
14391,2216
14392,2216
14393,2216
14394,2216
14395,2216
14396,2216
14397,2216
14398,2216
14399,2216
14400,2216
14401,2216
14402,2216
14403,2216
14404,2216
14405,2216
14406,2216
14407,2216
14408,2216
14409,2216
14410,2216
14411,2216
14412,2216
14413,2216
14414,2216
14415,2216
14416,2216
14417,2216
14418,2216
14419,2216
14420,2216
14421,2216
14422,2216
14423,2216
14424,2216
14425,2216
14426,2216
14427,2216
14428,2216
14429,2216
14430,2216
14431,2216
14432,2216
14433,2216
14434,2216
14435,2216
14436,2216
14437,2216
14438,2216
14439,2216
14440,2216
14441,2216
14442,2216
14443,2216
14444,2216
14445,2216
14446,2216
14447,2216
14448,2216
14449,2216
14450,2216
14451,2216
14452,2216
14453,2216
14454,2216
14455,2216
14456,2216
14457,2216
14458,2216
14459,2216
14460,2216
14461,2216
14462,2216
14463,2216
14464,2216
14465,2216
14466,2216
14467,2216
14468,2216
14469,2216
14470,2216
14471,2216
14472,2216
14473,2216
14474,2216
14475,2216
14476,2216
14477,2216
14478,2216
14479,2216
14480,2216
14481,2216
14482,2216
14483,2216
14484,2216
14485,2216
14486,2216
14487,2216
14488,2216
14489,2216
14490,2216
14491,2216
14492,2216
14493,2216
14494,2216
14495,2216
14496,2216
14497,2216
14498,2216
14499,2216
14500,2216
14501,2216
14502,2216
14503,2216
14504,2216
14505,2216
14506,2216
14507,2216
14508,2216
14509,2216
14510,2216
14511,2216
14512,2216
14513,2216
14514,2216
14515,2216
14516,2216
14517,2216
14518,2216
14519,2216
14520,2216
14521,2216
14522,2216
14523,2216
14524,2216
14525,2216
14526,2216
14527,2216
14528,2216
14529,2216
14530,2216
14531,2216
14532,2216
14533,2216
14534,2216
14535,2216
14536,2216
14537,2216
14538,2216
14539,2216
14540,2216
14541,2216
14542,2216
14543,2216
14544,2216
14545,2216
14546,2216
14547,2216
14548,2216
14549,2216
14550,2216
14551,2216
14552,2216
14553,2216
14554,2216
14555,2216
14556,2216
14557,2216
14558,2216
14559,2216
14560,2216
14561,2216
14562,2216
14563,2216
14564,2216
14565,2216
14566,2216
14567,2216
14568,2216
14569,2216
14570,2216
14571,2216
14572,2216
14573,2216
14574,2216
14575,2216
14576,2216
14577,2216
14578,2216
14579,2216
14580,2216
14581,2216
14582,2216
14583,2216
14584,2216
14585,2216
14586,2216
14587,2216
14588,2216
14589,2216
14590,2216
14591,2216
14592,2216
14593,2216
14594,2216
14595,2216
14596,2216
14597,2216
14598,2216
14599,2216
14600,2216
14601,2216
14602,2216
14603,2216
14604,2216
14605,2216
14606,2216
14607,2216
14608,2216
14609,2216
14610,2216
14611,2216
14612,2216
14613,2216
14614,2216
14615,2216
14616,2216
14617,2216
14618,2216
14619,2216
14620,2216
14621,2216
14622,2216
14623,2216
14624,2216
14625,2216
14626,2216
14627,2216
14628,2216
14629,2216
14630,2216
14631,2216
14632,2216
14633,2216
14634,2216
14635,2216
14636,2216
14637,2216
14638,2216
14639,2216
14640,2216
14641,2216
14642,2216
14643,2216
14644,2216
14645,2216
14646,2216
14647,2216
14648,2216
14649,2216
14650,2216
14651,2216
14652,2216
14653,2216
14654,2216
14655,2216
14656,2216
14657,2216
14658,2216
14659,2216
14660,2216
14661,2216
14662,2216
14663,2216
14664,2216
14665,2216
14666,2216
14667,2216
14668,2216
14669,2216
14670,2216
14671,2216
14672,2216
14673,2216
14674,2216
14675,2216
14676,2216
14677,2216
14678,2216
14679,2216
14680,2216
14681,2216
14682,2216
14683,2216
14684,2216
14685,2216
14686,2216
14687,2216
14688,2216
14689,2216
14690,2216
14691,2216
14692,2216
14693,2216
14694,2216
14695,2216
14696,2216
14697,2216
14698,2216
14699,2216
14700,2216
14701,2216
14702,2216
14703,2216
14704,2216
14705,2216
14706,2216
14707,2216
14708,2216
14709,2216
14710,2216
14711,2216
14712,2216
14713,2216
14714,2216
14715,2216
14716,2216
14717,2216
14718,2216
14719,2216
14720,2216
14721,2216
14722,2216
14723,2216
14724,2216
14725,2216
14726,2216
14727,2216
14728,2216
14729,2216
14730,2216
14731,2216
14732,2216
14733,2216
14734,2216
14735,2216
14736,2216
14737,2216
14738,2216
14739,2216
14740,2216
14741,2216
14742,2216
14743,2216
14744,2216
14745,2216
14746,2216
14747,2216
14748,2216
14749,2216
14750,2216
14751,2216
14752,2216
14753,2216
14754,2216
14755,2216
14756,2216
14757,2216
14758,2216
14759,2216
14760,2216
14761,2216
14762,2216
14763,2216
14764,2216
14765,2216
14766,2216
14767,2216
14768,2216
14769,2216
14770,2216
14771,2216
14772,2216
14773,2216
14774,2216
14775,2216
14776,2216
14777,2216
14778,2216
14779,2216
14780,2216
14781,2216
14782,2216
14783,2216
14784,2216
14785,2216
14786,2216
14787,2216
14788,2216
14789,2216
14790,2216
14791,2216
14792,2216
14793,2216
14794,2216
14795,2216
14796,2216
14797,2216
14798,2216
14799,2216
14800,2216
14801,2216
14802,2216
14803,2216
14804,2216
14805,2216
14806,2216
14807,2216
14808,2216
14809,2216
14810,2216
14811,2216
14812,2216
14813,2216
14814,2216
14815,2216
14816,2216
14817,2216
14818,2216
14819,2216
14820,2216
14821,2216
14822,2216
14823,2216
14824,2216
14825,2216
14826,2216
14827,2216
14828,2216
14829,2216
14830,2216
14831,2216
14832,2216
14833,2216
14834,2216
14835,2216
14836,2216
14837,2216
14838,2216
14839,2216
14840,2216
14841,2216
14842,2216
14843,2216
14844,2216
14845,2216
14846,2216
14847,2216
14848,2216
14849,2216
14850,2216
14851,2216
14852,2216
14853,2216
14854,2216
14855,2216
14856,2216
14857,2216
14858,2216
14859,2216
14860,2216
14861,2216
14862,2216
14863,2216
14864,2216
14865,2216
14866,2216
14867,2216
14868,2216
14869,2216
14870,2216
14871,2216
14872,2216
14873,2216
14874,2216
14875,2216
14876,2216
14877,2216
14878,2216
14879,2216
14880,2216
14881,2216
14882,2216
14883,2216
14884,2216
14885,2216
14886,2216
14887,2216
14888,2216
14889,2216
14890,2216
14891,2216
14892,2216
14893,2216
14894,2216
14895,2216
14896,2216
14897,2216
14898,2216
14899,2216
14900,2216
14901,2216
14902,2216
14903,2216
14904,2216
14905,2216
14906,2216
14907,2216
14908,2216
14909,2216
14910,2216
14911,2216
14912,2216
14913,2216
14914,2216
14915,2216
14916,2216
14917,2216
14918,2216
14919,2216
14920,2216
14921,2216
14922,2216
14923,2216
14924,2216
14925,2216
14926,2216
14927,2216
14928,2216
14929,2216
14930,2216
14931,2216
14932,2216
14933,2216
14934,2216
14935,2216
14936,2216
14937,2216
14938,2216
14939,2216
14940,2216
14941,2216
14942,2216
14943,2216
14944,2216
14945,2216
14946,2216
14947,2216
14948,2216
14949,2216
14950,2216
14951,2216
14952,2216
14953,2216
14954,2216
14955,2216
14956,2216
14957,2216
14958,2216
14959,2216
14960,2216
14961,2216
14962,2216
14963,2216
14964,2216
14965,2216
14966,2216
14967,2216
14968,2216
14969,2216
14970,2216
14971,2216
14972,2216
14973,2216
14974,2216
14975,2216
14976,2216
14977,2216
14978,2216
14979,2216
14980,2216
14981,2216
14982,2216
14983,2216
14984,2216
14985,2216
14986,2216
14987,2216
14988,2216
14989,2216
14990,2216
14991,2216
14992,2216
14993,2216
14994,2216
14995,2216
14996,2216
14997,2216
14998,2216
14999,2216
15000,2216
15001,2216
15002,2216
15003,2216
15004,2216
15005,2216
15006,2216
15007,2216
15008,2216
15009,2216
15010,2216
15011,2216
15012,2216
15013,2216
15014,2216
15015,2216
15016,2216
15017,2216
15018,2216
15019,2216
15020,2216
15021,2216
15022,2216
15023,2216
15024,2216
15025,2216
15026,2216
15027,2216
15028,2216
15029,2216
15030,2216
15031,2216
15032,2216
15033,2216
15034,2216
15035,2216
15036,2216
15037,2216
15038,2216
15039,2216
15040,2216
15041,2216
15042,2216
15043,2216
15044,2216
15045,2216
15046,2216
15047,2216
15048,2216
15049,2216
15050,2216
15051,2216
15052,2216
15053,2216
15054,2216
15055,2216
15056,2216
15057,2216
15058,2216
15059,2216
15060,2216
15061,2216
15062,2216
15063,2216
15064,2216
15065,2216
15066,2216
15067,2216
15068,2216
15069,2216
15070,2216
15071,2216
15072,2216
15073,2216
15074,2216
15075,2216
15076,2216
15077,2216
15078,2216
15079,2216
15080,2216
15081,2216
15082,2216
15083,2216
15084,2216
15085,2216
15086,2216
15087,2216
15088,2216
15089,2216
15090,2216
15091,2216
15092,2216
15093,2216
15094,2216
15095,2216
15096,2216
15097,2216
15098,2216
15099,2216
15100,2216
15101,2216
15102,2216
15103,2216
15104,2216
15105,2216
15106,2216
15107,2216
15108,2216
15109,2216
15110,2216
15111,2216
15112,2216
15113,2216
15114,2216
15115,2216
15116,2216
15117,2216
15118,2216
15119,2216
15120,2216
15121,2216
15122,2216
15123,2216
15124,2216
15125,2216
15126,2216
15127,2216
15128,2216
15129,2216
15130,2216
15131,2216
15132,2216
15133,2216
15134,2216
15135,2216
15136,2216
15137,2216
15138,2216
15139,2216
15140,2216
15141,2216
15142,2216
15143,2216
15144,2216
15145,2216
15146,2216
15147,2216
15148,2216
15149,2216
15150,2216
15151,2216
15152,2216
15153,2216
15154,2216
15155,2216
15156,2216
15157,2216
15158,2216
15159,2216
15160,2216
15161,2216
15162,2216
15163,2216
15164,2216
15165,2216
15166,2216
15167,2216
15168,2216
15169,2216
15170,2216
15171,2216
15172,2216
15173,2216
15174,2216
15175,2216
15176,2216
15177,2216
15178,2216
15179,2216
15180,2216
15181,2216
15182,2216
15183,2216
15184,2216
15185,2216
15186,2216
15187,2216
15188,2216
15189,2216
15190,2216
15191,2216
15192,2216
15193,2216
15194,2216
15195,2216
15196,2216
15197,2216
15198,2216
15199,2216
15200,2216
15201,2216
15202,2216
15203,2216
15204,2216
15205,2216
15206,2216
15207,2216
15208,2216
15209,2216
15210,2216
15211,2216
15212,2216
15213,2216
15214,2216
15215,2216
15216,2216
15217,2216
15218,2216
15219,2216
15220,2216
15221,2216
15222,2216
15223,2216
15224,2216
15225,2216
15226,2216
15227,2216
15228,2216
15229,2216
15230,2216
15231,2216
15232,2216
15233,2216
15234,2216
15235,2216
15236,2216
15237,2216
15238,2216
15239,2216
15240,2216
15241,2216
15242,2216
15243,2216
15244,2216
15245,2216
15246,2216
15247,2216
15248,2216
15249,2216
15250,2216
15251,2216
15252,2216
15253,2216
15254,2216
15255,2216
15256,2216
15257,2216
15258,2216
15259,2216
15260,2216
15261,2216
15262,2216
15263,2216
15264,2216
15265,2216
15266,2216
15267,2216
15268,2216
15269,2216
15270,2216
15271,2216
15272,2216
15273,2216
15274,2216
15275,2216
15276,2216
15277,2216
15278,2216
15279,2216
15280,2216
15281,2216
15282,2216
15283,2216
15284,2216
15285,2216
15286,2216
15287,2216
15288,2216
15289,2216
15290,2216
15291,2216
15292,2216
15293,2216
15294,2216
15295,2216
15296,2216
15297,2216
15298,2216
15299,2216
15300,2216
15301,2216
15302,2216
15303,2216
15304,2216
15305,2216
15306,2216
15307,2216
15308,2216
15309,2216
15310,2216
15311,2216
15312,2216
15313,2216
15314,2216
15315,2216
15316,2216
15317,2216
15318,2216
15319,2216
15320,2216
15321,2216
15322,2216
15323,2216
15324,2216
15325,2216
15326,2216
15327,2216
15328,2216
15329,2216
15330,2216
15331,2216
15332,2216
15333,2216
15334,2216
15335,2216
15336,2216
15337,2216
15338,2216
15339,2216
15340,2216
15341,2216
15342,2216
15343,2216
15344,2216
15345,2216
15346,2216
15347,2216
15348,2216
15349,2216
15350,2216
15351,2216
15352,2216
15353,2216
15354,2216
15355,2216
15356,2216
15357,2216
15358,2216
15359,2216
15360,2216
15361,2216
15362,2216
15363,2216
15364,2216
15365,2216
15366,2216
15367,2216
15368,2216
15369,2216
15370,2216
15371,2216
15372,2216
15373,2216
15374,2216
15375,2216
15376,2216
15377,2216
15378,2216
15379,2216
15380,2216
15381,2216
15382,2216
15383,2216
15384,2216
15385,2216
15386,2216
15387,2216
15388,2216
15389,2216
15390,2216
15391,2216
15392,2216
15393,2216
15394,2216
15395,2216
15396,2216
15397,2216
15398,2216
15399,2216
15400,2216
15401,2216
15402,2216
15403,2216
15404,2216
15405,2216
15406,2216
15407,2216
15408,2216
15409,2216
15410,2216
15411,2216
15412,2216
15413,2216
15414,2216
15415,2216
15416,2216
15417,2216
15418,2216
15419,2216
15420,2216
15421,2216
15422,2216
15423,2216
15424,2216
15425,2216
15426,2216
15427,2216
15428,2216
15429,2216
15430,2216
15431,2216
15432,2216
15433,2216
15434,2216
15435,2216
15436,2216
15437,2216
15438,2216
15439,2216
15440,2216
15441,2216
15442,2216
15443,2216
15444,2216
15445,2216
15446,2216
15447,2216
15448,2216
15449,2216
15450,2216
15451,2216
15452,2216
15453,2216
15454,2216
15455,2216
15456,2216
15457,2216
15458,2216
15459,2216
15460,2216
15461,2216
15462,2216
15463,2216
15464,2216
15465,2216
15466,2216
15467,2216
15468,2216
15469,2216
15470,2216
15471,2216
15472,2216
15473,2216
15474,2216
15475,2216
15476,2216
15477,2216
15478,2216
15479,2216
15480,2216
15481,2216
15482,2216
15483,2216
15484,2216
15485,2216
15486,2216
15487,2216
15488,2216
15489,2216
15490,2216
15491,2216
15492,2216
15493,2216
15494,2216
15495,2216
15496,2216
15497,2216
15498,2216
15499,2216
15500,2216
15501,2216
15502,2216
15503,2216
15504,2216
15505,2216
15506,2216
15507,2216
15508,2216
15509,2216
15510,2216
15511,2216
15512,2216
15513,2216
15514,2216
15515,2216
15516,2216
15517,2216
15518,2216
15519,2216
15520,2216
15521,2216
15522,2216
15523,2216
15524,2216
15525,2216
15526,2216
15527,2216
15528,2216
15529,2216
15530,2216
15531,2216
15532,2216
15533,2216
15534,2216
15535,2216
15536,2216
15537,2216
15538,2216
15539,2216
15540,2216
15541,2216
15542,2216
15543,2216
15544,2216
15545,2216
15546,2216
15547,2216
15548,2216
15549,2216
15550,2216
15551,2216
15552,2216
15553,2216
15554,2216
15555,2216
15556,2216
15557,2216
15558,2216
15559,2216
15560,2216
15561,2216
15562,2216
15563,2216
15564,2216
15565,2216
15566,2216
15567,2216
15568,2216
15569,2216
15570,2216
15571,2216
15572,2216
15573,2216
15574,2216
15575,2216
15576,2216
15577,2216
15578,2216
15579,2216
15580,2216
15581,2216
15582,2216
15583,2216
15584,2216
15585,2216
15586,2216
15587,2216
15588,2216
15589,2216
15590,2216
15591,2216
15592,2216
15593,2216
15594,2216
15595,2216
15596,2216
15597,2216
15598,2216
15599,2216
15600,2216
15601,2216
15602,2216
15603,2216
15604,2216
15605,2216
15606,2216
15607,2216
15608,2216
15609,2216
15610,2216
15611,2216
15612,2216
15613,2216
15614,2216
15615,2216
15616,2216
15617,2216
15618,2216
15619,2216
15620,2216
15621,2216
15622,2216
15623,2216
15624,2216
15625,2216
15626,2216
15627,2216
15628,2216
15629,2216
15630,2216
15631,2216
15632,2216
15633,2216
15634,2216
15635,2216
15636,2216
15637,2216
15638,2216
15639,2216
15640,2216
15641,2216
15642,2216
15643,2216
15644,2216
15645,2216
15646,2216
15647,2216
15648,2216
15649,2216
15650,2216
15651,2216
15652,2216
15653,2216
15654,2216
15655,2216
15656,2216
15657,2216
15658,2216
15659,2216
15660,2216
15661,2216
15662,2216
15663,2216
15664,2216
15665,2216
15666,2216
15667,2216
15668,2216
15669,2216
15670,2216
15671,2216
15672,2216
15673,2216
15674,2216
15675,2216
15676,2216
15677,2216
15678,2216
15679,2216
15680,2216
15681,2216
15682,2216
15683,2216
15684,2216
15685,2216
15686,2216
15687,2216
15688,2216
15689,2216
15690,2216
15691,2216
15692,2216
15693,2216
15694,2216
15695,2216
15696,2216
15697,2216
15698,2216
15699,2216
15700,2216
15701,2216
15702,2216
15703,2216
15704,2216
15705,2216
15706,2216
15707,2216
15708,2216
15709,2216
15710,2216
15711,2216
15712,2216
15713,2216
15714,2216
15715,2216
15716,2216
15717,2216
15718,2216
15719,2216
15720,2216
15721,2216
15722,2216
15723,2216
15724,2216
15725,2216
15726,2216
15727,2216
15728,2216
15729,2216
15730,2216
15731,2216
15732,2216
15733,2216
15734,2216
15735,2216
15736,2216
15737,2216
15738,2216
15739,2216
15740,2216
15741,2216
15742,2216
15743,2216
15744,2216
15745,2216
15746,2216
15747,2216
15748,2216
15749,2216
15750,2216
15751,2216
15752,2216
15753,2216
15754,2216
15755,2216
15756,2216
15757,2216
15758,2216
15759,2216
15760,2216
15761,2216
15762,2216
15763,2216
15764,2216
15765,2216
15766,2216
15767,2216
15768,2216
15769,2216
15770,2216
15771,2216
15772,2216
15773,2216
15774,2216
15775,2216
15776,2216
15777,2216
15778,2216
15779,2216
15780,2216
15781,2216
15782,2216
15783,2216
15784,2216
15785,2216
15786,2216
15787,2216
15788,2216
15789,2216
15790,2216
15791,2216
15792,2216
15793,2216
15794,2216
15795,2216
15796,2216
15797,2216
15798,2216
15799,2216
15800,2216
15801,2216
15802,2216
15803,2216
15804,2216
15805,2216
15806,2216
15807,2216
15808,2216
15809,2216
15810,2216
15811,2216
15812,2216
15813,2216
15814,2216
15815,2216
15816,2216
15817,2216
15818,2216
15819,2216
15820,2216
15821,2216
15822,2216
15823,2216
15824,2216
15825,2216
15826,2216
15827,2216
15828,2216
15829,2216
15830,2216
15831,2216
15832,2216
15833,2216
15834,2216
15835,2216
15836,2216
15837,2216
15838,2216
15839,2216
15840,2216
15841,2216
15842,2216
15843,2216
15844,2216
15845,2216
15846,2216
15847,2216
15848,2216
15849,2216
15850,2216
15851,2216
15852,2216
15853,2216
15854,2216
15855,2216
15856,2216
15857,2216
15858,2216
15859,2216
15860,2216
15861,2216
15862,2216
15863,2216
15864,2216
15865,2216
15866,2216
15867,2216
15868,2216
15869,2216
15870,2216
15871,2216
15872,2216
15873,2216
15874,2216
15875,2216
15876,2216
15877,2216
15878,2216
15879,2216
15880,2216
15881,2216
15882,2216
15883,2216
15884,2216
15885,2216
15886,2216
15887,2216
15888,2216
15889,2216
15890,2216
15891,2216
15892,2216
15893,2216
15894,2216
15895,2216
15896,2216
15897,2216
15898,2216
15899,2216
15900,2216
15901,2216
15902,2216
15903,2216
15904,2216
15905,2216
15906,2216
15907,2216
15908,2216
15909,2216
15910,2216
15911,2216
15912,2216
15913,2216
15914,2216
15915,2216
15916,2216
15917,2216
15918,2216
15919,2216
15920,2216
15921,2216
15922,2216
15923,2216
15924,2216
15925,2216
15926,2216
15927,2216
15928,2216
15929,2216
15930,2216
15931,2216
15932,2216
15933,2216
15934,2216
15935,2216
15936,2216
15937,2216
15938,2216
15939,2216
15940,2216
15941,2216
15942,2216
15943,2216
15944,2216
15945,2216
15946,2216
15947,2216
15948,2216
15949,2216
15950,2216
15951,2216
15952,2216
15953,2216
15954,2216
15955,2216
15956,2216
15957,2216
15958,2216
15959,2216
15960,2216
15961,2216
15962,2216
15963,2216
15964,2216
15965,2216
15966,2216
15967,2216
15968,2216
15969,2216
15970,2216
15971,2216
15972,2216
15973,2216
15974,2216
15975,2216
15976,2216
15977,2216
15978,2216
15979,2216
15980,2216
15981,2216
15982,2216
15983,2216
15984,2216
15985,2216
15986,2216
15987,2216
15988,2216
15989,2216
15990,2216
15991,2216
15992,2216
15993,2216
15994,2216
15995,2216
15996,2216
15997,2216
15998,2216
15999,2216
16000,2216
16001,2216
16002,2216
16003,2216
16004,2216
16005,2216
16006,2216
16007,2216
16008,2216
16009,2216
16010,2216
16011,2216
16012,2216
16013,2216
16014,2216
16015,2216
16016,2216
16017,2216
16018,2216
16019,2216
16020,2216
16021,2216
16022,2216
16023,2216
16024,2216
16025,2216
16026,2216
16027,2216
16028,2216
16029,2216
16030,2216
16031,2216
16032,2216
16033,2216
16034,2216
16035,2216
16036,2216
16037,2216
16038,2216
16039,2216
16040,2216
16041,2216
16042,2216
16043,2216
16044,2216
16045,2216
16046,2216
16047,2216
16048,2216
16049,2216
16050,2216
16051,2216
16052,2216
16053,2216
16054,2216
16055,2216
16056,2216
16057,2216
16058,2216
16059,2216
16060,2216
16061,2216
16062,2216
16063,2216
16064,2216
16065,2216
16066,2216
16067,2216
16068,2216
16069,2216
16070,2216
16071,2216
16072,2216
16073,2216
16074,2216
16075,2216
16076,2216
16077,2216
16078,2216
16079,2216
16080,2216
16081,2216
16082,2216
16083,2216
16084,2216
16085,2216
16086,2216
16087,2216
16088,2216
16089,2216
16090,2216
16091,2216
16092,2216
16093,2216
16094,2216
16095,2216
16096,2216
16097,2216
16098,2216
16099,2216
16100,2216
16101,2216
16102,2216
16103,2216
16104,2216
16105,2216
16106,2216
16107,2216
16108,2216
16109,2216
16110,2216
16111,2216
16112,2216
16113,2216
16114,2216
16115,2216
16116,2216
16117,2216
16118,2216
16119,2216
16120,2216
16121,2216
16122,2216
16123,2216
16124,2216
16125,2216
16126,2216
16127,2216
16128,2216
16129,2216
16130,2216
16131,2216
16132,2216
16133,2216
16134,2216
16135,2216
16136,2216
16137,2216
16138,2216
16139,2216
16140,2216
16141,2216
16142,2216
16143,2216
16144,2216
16145,2216
16146,2216
16147,2216
16148,2216
16149,2216
16150,2216
16151,2216
16152,2216
16153,2216
16154,2216
16155,2216
16156,2216
16157,2216
16158,2216
16159,2216
16160,2216
16161,2216
16162,2216
16163,2216
16164,2216
16165,2216
16166,2216
16167,2216
16168,2216
16169,2216
16170,2216
16171,2216
16172,2216
16173,2216
16174,2216
16175,2216
16176,2216
16177,2216
16178,2216
16179,2216
16180,2216
16181,2216
16182,2216
16183,2216
16184,2216
16185,2216
16186,2216
16187,2216
16188,2216
16189,2216
16190,2216
16191,2216
16192,2216
16193,2216
16194,2216
16195,2216
16196,2216
16197,2216
16198,2216
16199,2216
16200,2216
16201,2216
16202,2216
16203,2216
16204,2216
16205,2216
16206,2216
16207,2216
16208,2216
16209,2216
16210,2216
16211,2216
16212,2216
16213,2216
16214,2216
16215,2216
16216,2216
16217,2216
16218,2216
16219,2216
16220,2216
16221,2216
16222,2216
16223,2216
16224,2216
16225,2216
16226,2216
16227,2216
16228,2216
16229,2216
16230,2216
16231,2216
16232,2216
16233,2216
16234,2216
16235,2216
16236,2216
16237,2216
16238,2216
16239,2216
16240,2216
16241,2216
16242,2216
16243,2216
16244,2216
16245,2216
16246,2216
16247,2216
16248,2216
16249,2216
16250,2216
16251,2216
16252,2216
16253,2216
16254,2216
16255,2216
16256,2216
16257,2216
16258,2216
16259,2216
16260,2216
16261,2216
16262,2216
16263,2216
16264,2216
16265,2216
16266,2216
16267,2216
16268,2216
16269,2216
16270,2216
16271,2216
16272,2216
16273,2216
16274,2216
16275,2216
16276,2216
16277,2216
16278,2216
16279,2216
16280,2216
16281,2216
16282,2216
16283,2216
16284,2216
16285,2216
16286,2216
16287,2216
16288,2216
16289,2216
16290,2216
16291,2216
16292,2216
16293,2216
16294,2216
16295,2216
16296,2216
16297,2216
16298,2216
16299,2216
16300,2216
16301,2216
16302,2216
16303,2216
16304,2216
16305,2216
16306,2216
16307,2216
16308,2216
16309,2216
16310,2216
16311,2216
16312,2216
16313,2216
16314,2216
16315,2216
16316,2216
16317,2216
16318,2216
16319,2216
16320,2216
16321,2216
16322,2216
16323,2216
16324,2216
16325,2216
16326,2216
16327,2216
16328,2216
16329,2216
16330,2216
16331,2216
16332,2216
16333,2216
16334,2216
16335,2216
16336,2216
16337,2216
16338,2216
16339,2216
16340,2216
16341,2216
16342,2216
16343,2216
16344,2216
16345,2216
16346,2216
16347,2216
16348,2216
16349,2216
16350,2216
16351,2216
16352,2216
16353,2216
16354,2216
16355,2216
16356,2216
16357,2216
16358,2216
16359,2216
16360,2216
16361,2216
16362,2216
16363,2216
16364,2216
16365,2216
16366,2216
16367,2216
16368,2216
16369,2216
16370,2216
16371,2216
16372,2216
16373,2216
16374,2216
16375,2216
16376,2216
16377,2216
16378,2216
16379,2216
16380,2216
16381,2216
16382,2216
16383,2216
16384,2216
16385,2216
16386,2216
16387,2216
16388,2216
16389,2216
16390,2216
16391,2216
16392,2216
16393,2216
16394,2216
16395,2216
16396,2216
16397,2216
16398,2216
16399,2216
16400,2216
16401,2216
16402,2216
16403,2216
16404,2216
16405,2216
16406,2216
16407,2216
16408,2216
16409,2216
16410,2216
16411,2216
16412,2216
16413,2216
16414,2216
16415,2216
16416,2216
16417,2216
16418,2216
16419,2216
16420,2216
16421,2216
16422,2216
16423,2216
16424,2216
16425,2216
16426,2216
16427,2216
16428,2216
16429,2216
16430,2216
16431,2216
16432,2216
16433,2216
16434,2216
16435,2216
16436,2216
16437,2216
16438,2216
16439,2216
16440,2216
16441,2216
16442,2216
16443,2216
16444,2216
16445,2216
16446,2216
16447,2216
16448,2216
16449,2216
16450,2216
16451,2216
16452,2216
16453,2216
16454,2216
16455,2216
16456,2216
16457,2216
16458,2216
16459,2216
16460,2216
16461,2216
16462,2216
16463,2216
16464,2216
16465,2216
16466,2216
16467,2216
16468,2216
16469,2216
16470,2216
16471,2216
16472,2216
16473,2216
16474,2216
16475,2216
16476,2216
16477,2216
16478,2216
16479,2216
16480,2216
16481,2216
16482,2216
16483,2216
16484,2216
16485,2216
16486,2216
16487,2216
16488,2216
16489,2216
16490,2216
16491,2216
16492,2216
16493,2216
16494,2216
16495,2216
16496,2216
16497,2216
16498,2216
16499,2216
16500,2216
16501,2216
16502,2216
16503,2216
16504,2216
16505,2216
16506,2216
16507,2216
16508,2216
16509,2216
16510,2216
16511,2216
16512,2216
16513,2216
16514,2216
16515,2216
16516,2216
16517,2216
16518,2216
16519,2216
16520,2216
16521,2216
16522,2216
16523,2216
16524,2216
16525,2216
16526,2216
16527,2216
16528,2216
16529,2216
16530,2216
16531,2216
16532,2216
16533,2216
16534,2216
16535,2216
16536,2216
16537,2216
16538,2216
16539,2216
16540,2216
16541,2216
16542,2216
16543,2216
16544,2216
16545,2216
16546,2216
16547,2216
16548,2216
16549,2216
16550,2216
16551,2216
16552,2216
16553,2216
16554,2216
16555,2216
16556,2216
16557,2216
16558,2216
16559,2216
16560,2216
16561,2216
16562,2216
16563,2216
16564,2216
16565,2216
16566,2216
16567,2216
16568,2216
16569,2216
16570,2216
16571,2216
16572,2216
16573,2216
16574,2216
16575,2216
16576,2216
16577,2216
16578,2216
16579,2216
16580,2216
16581,2216
16582,2216
16583,2216
16584,2216
16585,2216
16586,2216
16587,2216
16588,2216
16589,2216
16590,2216
16591,2216
16592,2216
16593,2216
16594,2216
16595,2216
16596,2216
16597,2216
16598,2216
16599,2216
16600,2216
16601,2216
16602,2216
16603,2216
16604,2216
16605,2216
16606,2216
16607,2216
16608,2216
16609,2216
16610,2216
16611,2216
16612,2216
16613,2216
16614,2216
16615,2216
16616,2216
16617,2216
16618,2216
16619,2216
16620,2216
16621,2216
16622,2216
16623,2216
16624,2216
16625,2216
16626,2216
16627,2216
16628,2216
16629,2216
16630,2216
16631,2216
16632,2216
16633,2216
16634,2216
16635,2216
16636,2216
16637,2216
16638,2216
16639,2216
16640,2216
16641,2216
16642,2216
16643,2216
16644,2216
16645,2216
16646,2216
16647,2216
16648,2216
16649,2216
16650,2216
16651,2216
16652,2216
16653,2216
16654,2216
16655,2216
16656,2216
16657,2216
16658,2216
16659,2216
16660,2216
16661,2216
16662,2216
16663,2216
16664,2216
16665,2216
16666,2216
16667,2216
16668,2216
16669,2216
16670,2216
16671,2216
16672,2216
16673,2216
16674,2216
16675,2216
16676,2216
16677,2216
16678,2216
16679,2216
16680,2216
16681,2216
16682,2216
16683,2216
16684,2216
16685,2216
16686,2216
16687,2216
16688,2216
16689,2216
16690,2216
16691,2216
16692,2216
16693,2216
16694,2216
16695,2216
16696,2216
16697,2216
16698,2216
16699,2216
16700,2216
16701,2216
16702,2216
16703,2216
16704,2216
16705,2216
16706,2216
16707,2216
16708,2216
16709,2216
16710,2216
16711,2216
16712,2216
16713,2216
16714,2216
16715,2216
16716,2216
16717,2216
16718,2216
16719,2216
16720,2216
16721,2216
16722,2216
16723,2216
16724,2216
16725,2216
16726,2216
16727,2216
16728,2216
16729,2216
16730,2216
16731,2216
16732,2216
16733,2216
16734,2216
16735,2216
16736,2216
16737,2216
16738,2216
16739,2216
16740,2216
16741,2216
16742,2216
16743,2216
16744,2216
16745,2216
16746,2216
16747,2216
16748,2216
16749,2216
16750,2216
16751,2216
16752,2216
16753,2216
16754,2216
16755,2216
16756,2216
16757,2216
16758,2216
16759,2216
16760,2216
16761,2216
16762,2216
16763,2216
16764,2216
16765,2216
16766,2216
16767,2216
16768,2216
16769,2216
16770,2216
16771,2216
16772,2216
16773,2216
16774,2216
16775,2216
16776,2216
16777,2216
16778,2216
16779,2216
16780,2216
16781,2216
16782,2216
16783,2216
16784,2216
16785,2216
16786,2216
16787,2216
16788,2216
16789,2216
16790,2216
16791,2216
16792,2216
16793,2216
16794,2216
16795,2216
16796,2216
16797,2216
16798,2216
16799,2216
16800,2216
16801,2216
16802,2216
16803,2216
16804,2216
16805,2216
16806,2216
16807,2216
16808,2216
16809,2216
16810,2216
16811,2216
16812,2216
16813,2216
16814,2216
16815,2216
16816,2216
16817,2216
16818,2216
16819,2216
16820,2216
16821,2216
16822,2216
16823,2216
16824,2216
16825,2216
16826,2216
16827,2216
16828,2216
16829,2216
16830,2216
16831,2216
16832,2216
16833,2216
16834,2216
16835,2216
16836,2216
16837,2216
16838,2216
16839,2216
16840,2216
16841,2216
16842,2216
16843,2216
16844,2216
16845,2216
16846,2216
16847,2216
16848,2216
16849,2216
16850,2216
16851,2216
16852,2216
16853,2216
16854,2216
16855,2216
16856,2216
16857,2216
16858,2216
16859,2216
16860,2216
16861,2216
16862,2216
16863,2216
16864,2216
16865,2216
16866,2216
16867,2216
16868,2216
16869,2216
16870,2216
16871,2216
16872,2216
16873,2216
16874,2216
16875,2216
16876,2216
16877,2216
16878,2216
16879,2216
16880,2216
16881,2216
16882,2216
16883,2216
16884,2216
16885,2216
16886,2216
16887,2216
16888,2216
16889,2216
16890,2216
16891,2216
16892,2216
16893,2216
16894,2216
16895,2216
16896,2216
16897,2216
16898,2216
16899,2216
16900,2216
16901,2216
16902,2216
16903,2216
16904,2216
16905,2216
16906,2216
16907,2216
16908,2216
16909,2216
16910,2216
16911,2216
16912,2216
16913,2216
16914,2216
16915,2216
16916,2216
16917,2216
16918,2216
16919,2216
16920,2216
16921,2216
16922,2216
16923,2216
16924,2216
16925,2216
16926,2216
16927,2216
16928,2216
16929,2216
16930,2216
16931,2216
16932,2216
16933,2216
16934,2216
16935,2216
16936,2216
16937,2216
16938,2216
16939,2216
16940,2216
16941,2216
16942,2216
16943,2216
16944,2216
16945,2216
16946,2216
16947,2216
16948,2216
16949,2216
16950,2216
16951,2216
16952,2216
16953,2216
16954,2216
16955,2216
16956,2216
16957,2216
16958,2216
16959,2216
16960,2216
16961,2216
16962,2216
16963,2216
16964,2216
16965,2216
16966,2216
16967,2216
16968,2216
16969,2216
16970,2216
16971,2216
16972,2216
16973,2216
16974,2216
16975,2216
16976,2216
16977,2216
16978,2216
16979,2216
16980,2216
16981,2216
16982,2216
16983,2216
16984,2216
16985,2216
16986,2216
16987,2216
16988,2216
16989,2216
16990,2216
16991,2216
16992,2216
16993,2216
16994,2216
16995,2216
16996,2216
16997,2216
16998,2216
16999,2216
17000,2216
17001,2216
17002,2216
17003,2216
17004,2216
17005,2216
17006,2216
17007,2216
17008,2216
17009,2216
17010,2216
17011,2216
17012,2216
17013,2216
17014,2216
17015,2216
17016,2216
17017,2216
17018,2216
17019,2216
17020,2216
17021,2216
17022,2216
17023,2216
17024,2216
17025,2216
17026,2216
17027,2216
17028,2216
17029,2216
17030,2216
17031,2216
17032,2216
17033,2216
17034,2216
17035,2216
17036,2216
17037,2216
17038,2216
17039,2216
17040,2216
17041,2216
17042,2216
17043,2216
17044,2216
17045,2216
17046,2216
17047,2216
17048,2216
17049,2216
17050,2216
17051,2216
17052,2216
17053,2216
17054,2216
17055,2216
17056,2216
17057,2216
17058,2216
17059,2216
17060,2216
17061,2216
17062,2216
17063,2216
17064,2216
17065,2216
17066,2216
17067,2216
17068,2216
17069,2216
17070,2216
17071,2216
17072,2216
17073,2216
17074,2216
17075,2216
17076,2216
17077,2216
17078,2216
17079,2216
17080,2216
17081,2216
17082,2216
17083,2216
17084,2216
17085,2216
17086,2216
17087,2216
17088,2216
17089,2216
17090,2216
17091,2216
17092,2216
17093,2216
17094,2216
17095,2216
17096,2216
17097,2216
17098,2216
17099,2216
17100,2216
17101,2216
17102,2216
17103,2216
17104,2216
17105,2216
17106,2216
17107,2216
17108,2216
17109,2216
17110,2216
17111,2216
17112,2216
17113,2216
17114,2216
17115,2216
17116,2216
17117,2216
17118,2216
17119,2216
17120,2216
17121,2216
17122,2216
17123,2216
17124,2216
17125,2216
17126,2216
17127,2216
17128,2216
17129,2216
17130,2216
17131,2216
17132,2216
17133,2216
17134,2216
17135,2216
17136,2216
17137,2216
17138,2216
17139,2216
17140,2216
17141,2216
17142,2216
17143,2216
17144,2216
17145,2216
17146,2216
17147,2216
17148,2216
17149,2216
17150,2216
17151,2216
17152,2216
17153,2216
17154,2216
17155,2216
17156,2216
17157,2216
17158,2216
17159,2216
17160,2216
17161,2216
17162,2216
17163,2216
17164,2216
17165,2216
17166,2216
17167,2216
17168,2216
17169,2216
17170,2216
17171,2216
17172,2216
17173,2216
17174,2216
17175,2216
17176,2216
17177,2216
17178,2216
17179,2216
17180,2216
17181,2216
17182,2216
17183,2216
17184,2216
17185,2216
17186,2216
17187,2216
17188,2216
17189,2216
17190,2216
17191,2216
17192,2216
17193,2216
17194,2216
17195,2216
17196,2216
17197,2216
17198,2216
17199,2216
17200,2216
17201,2216
17202,2216
17203,2216
17204,2216
17205,2216
17206,2216
17207,2216
17208,2216
17209,2216
17210,2216
17211,2216
17212,2216
17213,2216
17214,2216
17215,2216
17216,2216
17217,2216
17218,2216
17219,2216
17220,2216
17221,2216
17222,2216
17223,2216
17224,2216
17225,2216
17226,2216
17227,2216
17228,2216
17229,2216
17230,2216
17231,2216
17232,2216
17233,2216
17234,2216
17235,2216
17236,2216
17237,2216
17238,2216
17239,2216
17240,2216
17241,2216
17242,2216
17243,2216
17244,2216
17245,2216
17246,2216
17247,2216
17248,2216
17249,2216
17250,2216
17251,2216
17252,2216
17253,2216
17254,2216
17255,2216
17256,2216
17257,2216
17258,2216
17259,2216
17260,2216
17261,2216
17262,2216
17263,2216
17264,2216
17265,2216
17266,2216
17267,2216
17268,2216
17269,2216
17270,2216
17271,2216
17272,2216
17273,2216
17274,2216
17275,2216
17276,2216
17277,2216
17278,2216
17279,2216
17280,2216
17281,2216
17282,2216
17283,2216
17284,2216
17285,2216
17286,2216
17287,2216
17288,2216
17289,2216
17290,2216
17291,2216
17292,2216
17293,2216
17294,2216
17295,2216
17296,2216
17297,2216
17298,2216
17299,2216
17300,2216
17301,2216
17302,2216
17303,2216
17304,2216
17305,2216
17306,2216
17307,2216
17308,2216
17309,2216
17310,2216
17311,2216
17312,2216
17313,2216
17314,2216
17315,2216
17316,2216
17317,2216
17318,2216
17319,2216
17320,2216
17321,2216
17322,2216
17323,2216
17324,2216
17325,2216
17326,2216
17327,2216
17328,2216
17329,2216
17330,2216
17331,2216
17332,2216
17333,2216
17334,2216
17335,2216
17336,2216
17337,2216
17338,2216
17339,2216
17340,2216
17341,2216
17342,2216
17343,2216
17344,2216
17345,2216
17346,2216
17347,2216
17348,2216
17349,2216
17350,2216
17351,2216
17352,2216
17353,2216
17354,2216
17355,2216
17356,2216
17357,2216
17358,2216
17359,2216
17360,2216
17361,2216
17362,2216
17363,2216
17364,2216
17365,2216
17366,2216
17367,2216
17368,2216
17369,2216
17370,2216
17371,2216
17372,2216
17373,2216
17374,2216
17375,2216
17376,2216
17377,2216
17378,2216
17379,2216
17380,2216
17381,2216
17382,2216
17383,2216
17384,2216
17385,2216
17386,2216
17387,2216
17388,2216
17389,2216
17390,2216
17391,2216
17392,2216
17393,2216
17394,2216
17395,2216
17396,2216
17397,2216
17398,2216
17399,2216
17400,2216
17401,2216
17402,2216
17403,2216
17404,2216
17405,2216
17406,2216
17407,2216
17408,2216
17409,2216
17410,2216
17411,2216
17412,2216
17413,2216
17414,2216
17415,2216
17416,2216
17417,2216
17418,2216
17419,2216
17420,2216
17421,2216
17422,2216
17423,2216
17424,2216
17425,2216
17426,2216
17427,2216
17428,2216
17429,2216
17430,2216
17431,2216
17432,2216
17433,2216
17434,2216
17435,2216
17436,2216
17437,2216
17438,2216
17439,2216
17440,2216
17441,2216
17442,2216
17443,2216
17444,2216
17445,2216
17446,2216
17447,2216
17448,2216
17449,2216
17450,2216
17451,2216
17452,2216
17453,2216
17454,2216
17455,2216
17456,2216
17457,2216
17458,2216
17459,2216
17460,2216
17461,2216
17462,2216
17463,2216
17464,2216
17465,2216
17466,2216
17467,2216
17468,2216
17469,2216
17470,2216
17471,2216
17472,2216
17473,2216
17474,2216
17475,2216
17476,2216
17477,2216
17478,2216
17479,2216
17480,2216
17481,2216
17482,2216
17483,2216
17484,2216
17485,2216
17486,2216
17487,2216
17488,2216
17489,2216
17490,2216
17491,2216
17492,2216
17493,2216
17494,2216
17495,2216
17496,2216
17497,2216
17498,2216
17499,2216
17500,2216
17501,2216
17502,2216
17503,2216
17504,2216
17505,2216
17506,2216
17507,2216
17508,2216
17509,2216
17510,2216
17511,2216
17512,2216
17513,2216
17514,2216
17515,2216
17516,2216
17517,2216
17518,2216
17519,2216
17520,2216
17521,2216
17522,2216
17523,2216
17524,2216
17525,2216
17526,2216
17527,2216
17528,2216
17529,2216
17530,2216
17531,2216
17532,2216
17533,2216
17534,2216
17535,2216
17536,2216
17537,2216
17538,2216
17539,2216
17540,2216
17541,2216
17542,2216
17543,2216
17544,2216
17545,2216
17546,2216
17547,2216
17548,2216
17549,2216
17550,2216
17551,2216
17552,2216
17553,2216
17554,2216
17555,2216
17556,2216
17557,2216
17558,2216
17559,2216
17560,2216
17561,2216
17562,2216
17563,2216
17564,2216
17565,2216
17566,2216
17567,2216
17568,2216
17569,2216
17570,2216
17571,2216
17572,2216
17573,2216
17574,2216
17575,2216
17576,2216
17577,2216
17578,2216
17579,2216
17580,2216
17581,2216
17582,2216
17583,2216
17584,2216
17585,2216
17586,2216
17587,2216
17588,2216
17589,2216
17590,2216
17591,2216
17592,2216
17593,2216
17594,2216
17595,2216
17596,2216
17597,2216
17598,2216
17599,2216
17600,2216
17601,2216
17602,2216
17603,2216
17604,2216
17605,2216
17606,2216
17607,2216
17608,2216
17609,2216
17610,2216
17611,2216
17612,2216
17613,2216
17614,2216
17615,2216
17616,2216
17617,2216
17618,2216
17619,2216
17620,2216
17621,2216
17622,2216
17623,2216
17624,2216
17625,2216
17626,2216
17627,2216
17628,2216
17629,2216
17630,2216
17631,2216
17632,2216
17633,2216
17634,2216
17635,2216
17636,2216
17637,2216
17638,2216
17639,2216
17640,2216
17641,2216
17642,2216
17643,2216
17644,2216
17645,2216
17646,2216
17647,2216
17648,2216
17649,2216
17650,2216
17651,2216
17652,2216
17653,2216
17654,2216
17655,2216
17656,2216
17657,2216
17658,2216
17659,2216
17660,2216
17661,2216
17662,2216
17663,2216
17664,2216
17665,2216
17666,2216
17667,2216
17668,2216
17669,2216
17670,2216
17671,2216
17672,2216
17673,2216
17674,2216
17675,2216
17676,2216
17677,2216
17678,2216
17679,2216
17680,2216
17681,2216
17682,2216
17683,2216
17684,2216
17685,2216
17686,2216
17687,2216
17688,2216
17689,2216
17690,2216
17691,2216
17692,2216
17693,2216
17694,2216
17695,2216
17696,2216
17697,2216
17698,2216
17699,2216
17700,2216
17701,2216
17702,2216
17703,2216
17704,2216
17705,2216
17706,2216
17707,2216
17708,2216
17709,2216
17710,2216
17711,2216
17712,2216
17713,2216
17714,2216
17715,2216
17716,2216
17717,2216
17718,2216
17719,2216
17720,2216
17721,2216
17722,2216
17723,2216
17724,2216
17725,2216
17726,2216
17727,2216
17728,2216
17729,2216
17730,2216
17731,2216
17732,2216
17733,2216
17734,2216
17735,2216
17736,2216
17737,2216
17738,2216
17739,2216
17740,2216
17741,2216
17742,2216
17743,2216
17744,2216
17745,2216
17746,2216
17747,2216
17748,2216
17749,2216
17750,2216
17751,2216
17752,2216
17753,2216
17754,2216
17755,2216
17756,2216
17757,2216
17758,2216
17759,2216
17760,2216
17761,2216
17762,2216
17763,2216
17764,2216
17765,2216
17766,2216
17767,2216
17768,2216
17769,2216
17770,2216
17771,2216
17772,2216
17773,2216
17774,2216
17775,2216
17776,2216
17777,2216
17778,2216
17779,2216
17780,2216
17781,2216
17782,2216
17783,2216
17784,2216
17785,2216
17786,2216
17787,2216
17788,2216
17789,2216
17790,2216
17791,2216
17792,2216
17793,2216
17794,2216
17795,2216
17796,2216
17797,2216
17798,2216
17799,2216
17800,2216
17801,2216
17802,2216
17803,2216
17804,2216
17805,2216
17806,2216
17807,2216
17808,2216
17809,2216
17810,2216
17811,2216
17812,2216
17813,2216
17814,2216
17815,2216
17816,2216
17817,2216
17818,2216
17819,2216
17820,2216
17821,2216
17822,2216
17823,2216
17824,2216
17825,2216
17826,2216
17827,2216
17828,2216
17829,2216
17830,2216
17831,2216
17832,2216
17833,2216
17834,2216
17835,2216
17836,2216
17837,2216
17838,2216
17839,2216
17840,2216
17841,2216
17842,2216
17843,2216
17844,2216
17845,2216
17846,2216
17847,2216
17848,2216
17849,2216
17850,2216
17851,2216
17852,2216
17853,2216
17854,2216
17855,2216
17856,2216
17857,2216
17858,2216
17859,2216
17860,2216
17861,2216
17862,2216
17863,2216
17864,2216
17865,2216
17866,2216
17867,2216
17868,2216
17869,2216
17870,2216
17871,2216
17872,2216
17873,2216
17874,2216
17875,2216
17876,2216
17877,2216
17878,2216
17879,2216
17880,2216
17881,2216
17882,2216
17883,2216
17884,2216
17885,2216
17886,2216
17887,2216
17888,2216
17889,2216
17890,2216
17891,2216
17892,2216
17893,2216
17894,2216
17895,2216
17896,2216
17897,2216
17898,2216
17899,2216
17900,2216
17901,2216
17902,2216
17903,2216
17904,2216
17905,2216
17906,2216
17907,2216
17908,2216
17909,2216
17910,2216
17911,2216
17912,2216
17913,2216
17914,2216
17915,2216
17916,2216
17917,2216
17918,2216
17919,2216
17920,2216
17921,2216
17922,2216
17923,2216
17924,2216
17925,2216
17926,2216
17927,2216
17928,2216
17929,2216
17930,2216
17931,2216
17932,2216
17933,2216
17934,2216
17935,2216
17936,2216
17937,2216
17938,2216
17939,2216
17940,2216
17941,2216
17942,2216
17943,2216
17944,2216
17945,2216
17946,2216
17947,2216
17948,2216
17949,2216
17950,2216
17951,2216
17952,2216
17953,2216
17954,2216
17955,2216
17956,2216
17957,2216
17958,2216
17959,2216
17960,2216
17961,2216
17962,2216
17963,2216
17964,2216
17965,2216
17966,2216
17967,2216
17968,2216
17969,2216
17970,2216
17971,2216
17972,2216
17973,2216
17974,2216
17975,2216
17976,2216
17977,2216
17978,2216
17979,2216
17980,2216
17981,2216
17982,2216
17983,2216
17984,2216
17985,2216
17986,2216
17987,2216
17988,2216
17989,2216
17990,2216
17991,2216
17992,2216
17993,2216
17994,2216
17995,2216
17996,2216
17997,2216
17998,2216
17999,2216
18000,2216
18001,2216
18002,2216
18003,2216
18004,2216
18005,2216
18006,2216
18007,2216
18008,2216
18009,2216
18010,2216
18011,2216
18012,2216
18013,2216
18014,2216
18015,2216
18016,2216
18017,2216
18018,2216
18019,2216
18020,2216
18021,2216
18022,2216
18023,2216
18024,2216
18025,2216
18026,2216
18027,2216
18028,2216
18029,2216
18030,2216
18031,2216
18032,2216
18033,2216
18034,2216
18035,2216
18036,2216
18037,2216
18038,2216
18039,2216
18040,2216
18041,2216
18042,2216
18043,2216
18044,2216
18045,2216
18046,2216
18047,2216
18048,2216
18049,2216
18050,2216
18051,2216
18052,2216
18053,2216
18054,2216
18055,2216
18056,2216
18057,2216
18058,2216
18059,2216
18060,2216
18061,2216
18062,2216
18063,2216
18064,2216
18065,2216
18066,2216
18067,2216
18068,2216
18069,2216
18070,2216
18071,2216
18072,2216
18073,2216
18074,2216
18075,2216
18076,2216
18077,2216
18078,2216
18079,2216
18080,2216
18081,2216
18082,2216
18083,2216
18084,2216
18085,2216
18086,2216
18087,2216
18088,2216
18089,2216
18090,2216
18091,2216
18092,2216
18093,2216
18094,2216
18095,2216
18096,2216
18097,2216
18098,2216
18099,2216
18100,2216
18101,2216
18102,2216
18103,2216
18104,2216
18105,2216
18106,2216
18107,2216
18108,2216
18109,2216
18110,2216
18111,2216
18112,2216
18113,2216
18114,2216
18115,2216
18116,2216
18117,2216
18118,2216
18119,2216
18120,2216
18121,2216
18122,2216
18123,2216
18124,2216
18125,2216
18126,2216
18127,2216
18128,2216
18129,2216
18130,2216
18131,2216
18132,2216
18133,2216
18134,2216
18135,2216
18136,2216
18137,2216
18138,2216
18139,2216
18140,2216
18141,2216
18142,2216
18143,2216
18144,2216
18145,2216
18146,2216
18147,2216
18148,2216
18149,2216
18150,2216
18151,2216
18152,2216
18153,2216
18154,2216
18155,2216
18156,2216
18157,2216
18158,2216
18159,2216
18160,2216
18161,2216
18162,2216
18163,2216
18164,2216
18165,2216
18166,2216
18167,2216
18168,2216
18169,2216
18170,2216
18171,2216
18172,2216
18173,2216
18174,2216
18175,2216
18176,2216
18177,2216
18178,2216
18179,2216
18180,2216
18181,2216
18182,2216
18183,2216
18184,2216
18185,2216
18186,2216
18187,2216
18188,2216
18189,2216
18190,2216
18191,2216
18192,2216
18193,2216
18194,2216
18195,2216
18196,2216
18197,2216
18198,2216
18199,2216
18200,2216
18201,2216
18202,2216
18203,2216
18204,2216
18205,2216
18206,2216
18207,2216
18208,2216
18209,2216
18210,2216
18211,2216
18212,2216
18213,2216
18214,2216
18215,2216
18216,2216
18217,2216
18218,2216
18219,2216
18220,2216
18221,2216
18222,2216
18223,2216
18224,2216
18225,2216
18226,2216
18227,2216
18228,2216
18229,2216
18230,2216
18231,2216
18232,2216
18233,2216
18234,2216
18235,2216
18236,2216
18237,2216
18238,2216
18239,2216
18240,2216
18241,2216
18242,2216
18243,2216
18244,2216
18245,2216
18246,2216
18247,2216
18248,2216
18249,2216
18250,2216
18251,2216
18252,2216
18253,2216
18254,2216
18255,2216
18256,2216
18257,2216
18258,2216
18259,2216
18260,2216
18261,2216
18262,2216
18263,2216
18264,2216
18265,2216
18266,2216
18267,2216
18268,2216
18269,2216
18270,2216
18271,2216
18272,2216
18273,2216
18274,2216
18275,2216
18276,2216
18277,2216
18278,2216
18279,2216
18280,2216
18281,2216
18282,2216
18283,2216
18284,2216
18285,2216
18286,2216
18287,2216
18288,2216
18289,2216
18290,2216
18291,2216
18292,2216
18293,2216
18294,2216
18295,2216
18296,2216
18297,2216
18298,2216
18299,2216
18300,2216
18301,2216
18302,2216
18303,2216
18304,2216
18305,2216
18306,2216
18307,2216
18308,2216
18309,2216
18310,2216
18311,2216
18312,2216
18313,2216
18314,2216
18315,2216
18316,2216
18317,2216
18318,2216
18319,2216
18320,2216
18321,2216
18322,2216
18323,2216
18324,2216
18325,2216
18326,2216
18327,2216
18328,2216
18329,2216
18330,2216
18331,2216
18332,2216
18333,2216
18334,2216
18335,2216
18336,2216
18337,2216
18338,2216
18339,2216
18340,2216
18341,2216
18342,2216
18343,2216
18344,2216
18345,2216
18346,2216
18347,2216
18348,2216
18349,2216
18350,2216
18351,2216
18352,2216
18353,2216
18354,2216
18355,2216
18356,2216
18357,2216
18358,2216
18359,2216
18360,2216
18361,2216
18362,2216
18363,2216
18364,2216
18365,2216
18366,2216
18367,2216
18368,2216
18369,2216
18370,2216
18371,2216
18372,2216
18373,2216
18374,2216
18375,2216
18376,2216
18377,2216
18378,2216
18379,2216
18380,2216
18381,2216
18382,2216
18383,2216
18384,2216
18385,2216
18386,2216
18387,2216
18388,2216
18389,2216
18390,2216
18391,2216
18392,2216
18393,2216
18394,2216
18395,2216
18396,2216
18397,2216
18398,2216
18399,2216
18400,2216
18401,2216
18402,2216
18403,2216
18404,2216
18405,2216
18406,2216
18407,2216
18408,2216
18409,2216
18410,2216
18411,2216
18412,2216
18413,2216
18414,2216
18415,2216
18416,2216
18417,2216
18418,2216
18419,2216
18420,2216
18421,2216
18422,2216
18423,2216
18424,2216
18425,2216
18426,2216
18427,2216
18428,2216
18429,2216
18430,2216
18431,2216
18432,2216
18433,2216
18434,2216
18435,2216
18436,2216
18437,2216
18438,2216
18439,2216
18440,2216
18441,2216
18442,2216
18443,2216
18444,2216
18445,2216
18446,2216
18447,2216
18448,2216
18449,2216
18450,2216
18451,2216
18452,2216
18453,2216
18454,2216
18455,2216
18456,2216
18457,2216
18458,2216
18459,2216
18460,2216
18461,2216
18462,2216
18463,2216
18464,2216
18465,2216
18466,2216
18467,2216
18468,2216
18469,2216
18470,2216
18471,2216
18472,2216
18473,2216
18474,2216
18475,2216
18476,2216
18477,2216
18478,2216
18479,2216
18480,2216
18481,2216
18482,2216
18483,2216
18484,2216
18485,2216
18486,2216
18487,2216
18488,2216
18489,2216
18490,2216
18491,2216
18492,2216
18493,2216
18494,2216
18495,2216
18496,2216
18497,2216
18498,2216
18499,2216
18500,2216
18501,2216
18502,2216
18503,2216
18504,2216
18505,2216
18506,2216
18507,2216
18508,2216
18509,2216
18510,2216
18511,2216
18512,2216
18513,2216
18514,2216
18515,2216
18516,2216
18517,2216
18518,2216
18519,2216
18520,2216
18521,2216
18522,2216
18523,2216
18524,2216
18525,2216
18526,2216
18527,2216
18528,2216
18529,2216
18530,2216
18531,2216
18532,2216
18533,2216
18534,2216
18535,2216
18536,2216
18537,2216
18538,2216
18539,2216
18540,2216
18541,2216
18542,2216
18543,2216
18544,2216
18545,2216
18546,2216
18547,2216
18548,2216
18549,2216
18550,2216
18551,2216
18552,2216
18553,2216
18554,2216
18555,2216
18556,2216
18557,2216
18558,2216
18559,2216
18560,2216
18561,2216
18562,2216
18563,2216
18564,2216
18565,2216
18566,2216
18567,2216
18568,2216
18569,2216
18570,2216
18571,2216
18572,2216
18573,2216
18574,2216
18575,2216
18576,2216
18577,2216
18578,2216
18579,2216
18580,2216
18581,2216
18582,2216
18583,2216
18584,2216
18585,2216
18586,2216
18587,2216
18588,2216
18589,2216
18590,2216
18591,2216
18592,2216
18593,2216
18594,2216
18595,2216
18596,2216
18597,2216
18598,2216
18599,2216
18600,2216
18601,2216
18602,2216
18603,2216
18604,2216
18605,2216
18606,2216
18607,2216
18608,2216
18609,2216
18610,2216
18611,2216
18612,2216
18613,2216
18614,2216
18615,2216
18616,2216
18617,2216
18618,2216
18619,2216
18620,2216
18621,2216
18622,2216
18623,2216
18624,2216
18625,2216
18626,2216
18627,2216
18628,2216
18629,2216
18630,2216
18631,2216
18632,2216
18633,2216
18634,2216
18635,2216
18636,2216
18637,2216
18638,2216
18639,2216
18640,2216
18641,2216
18642,2216
18643,2216
18644,2216
18645,2216
18646,2216
18647,2216
18648,2216
18649,2216
18650,2216
18651,2216
18652,2216
18653,2216
18654,2216
18655,2216
18656,2216
18657,2216
18658,2216
18659,2216
18660,2216
18661,2216
18662,2216
18663,2216
18664,2216
18665,2216
18666,2216
18667,2216
18668,2216
18669,2216
18670,2216
18671,2216
18672,2216
18673,2216
18674,2216
18675,2216
18676,2216
18677,2216
18678,2216
18679,2216
18680,2216
18681,2216
18682,2216
18683,2216
18684,2216
18685,2216
18686,2216
18687,2216
18688,2216
18689,2216
18690,2216
18691,2216
18692,2216
18693,2216
18694,2216
18695,2216
18696,2216
18697,2216
18698,2216
18699,2216
18700,2216
18701,2216
18702,2216
18703,2216
18704,2216
18705,2216
18706,2216
18707,2216
18708,2216
18709,2216
18710,2216
18711,2216
18712,2216
18713,2216
18714,2216
18715,2216
18716,2216
18717,2216
18718,2216
18719,2216
18720,2216
18721,2216
18722,2216
18723,2216
18724,2216
18725,2216
18726,2216
18727,2216
18728,2216
18729,2216
18730,2216
18731,2216
18732,2216
18733,2216
18734,2216
18735,2216
18736,2216
18737,2216
18738,2216
18739,2216
18740,2216
18741,2216
18742,2216
18743,2216
18744,2216
18745,2216
18746,2216
18747,2216
18748,2216
18749,2216
18750,2216
18751,2216
18752,2216
18753,2216
18754,2216
18755,2216
18756,2216
18757,2216
18758,2216
18759,2216
18760,2216
18761,2216
18762,2216
18763,2216
18764,2216
18765,2216
18766,2216
18767,2216
18768,2216
18769,2216
18770,2216
18771,2216
18772,2216
18773,2216
18774,2216
18775,2216
18776,2216
18777,2216
18778,2216
18779,2216
18780,2216
18781,2216
18782,2216
18783,2216
18784,2216
18785,2216
18786,2216
18787,2216
18788,2216
18789,2216
18790,2216
18791,2216
18792,2216
18793,2216
18794,2216
18795,2216
18796,2216
18797,2216
18798,2216
18799,2216
18800,2216
18801,2216
18802,2216
18803,2216
18804,2216
18805,2216
18806,2216
18807,2216
18808,2216
18809,2216
18810,2216
18811,2216
18812,2216
18813,2216
18814,2216
18815,2216
18816,2216
18817,2216
18818,2216
18819,2216
18820,2216
18821,2216
18822,2216
18823,2216
18824,2216
18825,2216
18826,2216
18827,2216
18828,2216
18829,2216
18830,2216
18831,2216
18832,2216
18833,2216
18834,2216
18835,2216
18836,2216
18837,2216
18838,2216
18839,2216
18840,2216
18841,2216
18842,2216
18843,2216
18844,2216
18845,2216
18846,2216
18847,2216
18848,2216
18849,2216
18850,2216
18851,2216
18852,2216
18853,2216
18854,2216
18855,2216
18856,2216
18857,2216
18858,2216
18859,2216
18860,2216
18861,2216
18862,2216
18863,2216
18864,2216
18865,2216
18866,2216
18867,2216
18868,2216
18869,2216
18870,2216
18871,2216
18872,2216
18873,2216
18874,2216
18875,2216
18876,2216
18877,2216
18878,2216
18879,2216
18880,2216
18881,2216
18882,2216
18883,2216
18884,2216
18885,2216
18886,2216
18887,2216
18888,2216
18889,2216
18890,2216
18891,2216
18892,2216
18893,2216
18894,2216
18895,2216
18896,2216
18897,2216
18898,2216
18899,2216
18900,2216
18901,2216
18902,2216
18903,2216
18904,2216
18905,2216
18906,2216
18907,2216
18908,2216
18909,2216
18910,2216
18911,2216
18912,2216
18913,2216
18914,2216
18915,2216
18916,2216
18917,2216
18918,2216
18919,2216
18920,2216
18921,2216
18922,2216
18923,2216
18924,2216
18925,2216
18926,2216
18927,2216
18928,2216
18929,2216
18930,2216
18931,2216
18932,2216
18933,2216
18934,2216
18935,2216
18936,2216
18937,2216
18938,2216
18939,2216
18940,2216
18941,2216
18942,2216
18943,2216
18944,2216
18945,2216
18946,2216
18947,2216
18948,2216
18949,2216
18950,2216
18951,2216
18952,2216
18953,2216
18954,2216
18955,2216
18956,2216
18957,2216
18958,2216
18959,2216
18960,2216
18961,2216
18962,2216
18963,2216
18964,2216
18965,2216
18966,2216
18967,2216
18968,2216
18969,2216
18970,2216
18971,2216
18972,2216
18973,2216
18974,2216
18975,2216
18976,2216
18977,2216
18978,2216
18979,2216
18980,2216
18981,2216
18982,2216
18983,2216
18984,2216
18985,2216
18986,2216
18987,2216
18988,2216
18989,2216
18990,2216
18991,2216
18992,2216
18993,2216
18994,2216
18995,2216
18996,2216
18997,2216
18998,2216
18999,2216
19000,2216
19001,2216
19002,2216
19003,2216
19004,2216
19005,2216
19006,2216
19007,2216
19008,2216
19009,2216
19010,2216
19011,2216
19012,2216
19013,2216
19014,2216
19015,2216
19016,2216
19017,2216
19018,2216
19019,2216
19020,2216
19021,2216
19022,2216
19023,2216
19024,2216
19025,2216
19026,2216
19027,2216
19028,2216
19029,2216
19030,2216
19031,2216
19032,2216
19033,2216
19034,2216
19035,2216
19036,2216
19037,2216
19038,2216
19039,2216
19040,2216
19041,2216
19042,2216
19043,2216
19044,2216
19045,2216
19046,2216
19047,2216
19048,2216
19049,2216
19050,2216
19051,2216
19052,2216
19053,2216
19054,2216
19055,2216
19056,2216
19057,2216
19058,2216
19059,2216
19060,2216
19061,2216
19062,2216
19063,2216
19064,2216
19065,2216
19066,2216
19067,2216
19068,2216
19069,2216
19070,2216
19071,2216
19072,2216
19073,2216
19074,2216
19075,2216
19076,2216
19077,2216
19078,2216
19079,2216
19080,2216
19081,2216
19082,2216
19083,2216
19084,2216
19085,2216
19086,2216
19087,2216
19088,2216
19089,2216
19090,2216
19091,2216
19092,2216
19093,2216
19094,2216
19095,2216
19096,2216
19097,2216
19098,2216
19099,2216
19100,2216
19101,2216
19102,2216
19103,2216
19104,2216
19105,2216
19106,2216
19107,2216
19108,2216
19109,2216
19110,2216
19111,2216
19112,2216
19113,2216
19114,2216
19115,2216
19116,2216
19117,2216
19118,2216
19119,2216
19120,2216
19121,2216
19122,2216
19123,2216
19124,2216
19125,2216
19126,2216
19127,2216
19128,2216
19129,2216
19130,2216
19131,2216
19132,2216
19133,2216
19134,2216
19135,2216
19136,2216
19137,2216
19138,2216
19139,2216
19140,2216
19141,2216
19142,2216
19143,2216
19144,2216
19145,2216
19146,2216
19147,2216
19148,2216
19149,2216
19150,2216
19151,2216
19152,2216
19153,2216
19154,2216
19155,2216
19156,2216
19157,2216
19158,2216
19159,2216
19160,2216
19161,2216
19162,2216
19163,2216
19164,2216
19165,2216
19166,2216
19167,2216
19168,2216
19169,2216
19170,2216
19171,2216
19172,2216
19173,2216
19174,2216
19175,2216
19176,2216
19177,2216
19178,2216
19179,2216
19180,2216
19181,2216
19182,2216
19183,2216
19184,2216
19185,2216
19186,2216
19187,2216
19188,2216
19189,2216
19190,2216
19191,2216
19192,2216
19193,2216
19194,2216
19195,2216
19196,2216
19197,2216
19198,2216
19199,2216
19200,2216
19201,2216
19202,2216
19203,2216
19204,2216
19205,2216
19206,2216
19207,2216
19208,2216
19209,2216
19210,2216
19211,2216
19212,2216
19213,2216
19214,2216
19215,2216
19216,2216
19217,2216
19218,2216
19219,2216
19220,2216
19221,2216
19222,2216
19223,2216
19224,2216
19225,2216
19226,2216
19227,2216
19228,2216
19229,2216
19230,2216
19231,2216
19232,2216
19233,2216
19234,2216
19235,2216
19236,2216
19237,2216
19238,2216
19239,2216
19240,2216
19241,2216
19242,2216
19243,2216
19244,2216
19245,2216
19246,2216
19247,2216
19248,2216
19249,2216
19250,2216
19251,2216
19252,2216
19253,2216
19254,2216
19255,2216
19256,2216
19257,2216
19258,2216
19259,2216
19260,2216
19261,2216
19262,2216
19263,2216
19264,2216
19265,2216
19266,2216
19267,2216
19268,2216
19269,2216
19270,2216
19271,2216
19272,2216
19273,2216
19274,2216
19275,2216
19276,2216
19277,2216
19278,2216
19279,2216
19280,2216
19281,2216
19282,2216
19283,2216
19284,2216
19285,2216
19286,2216
19287,2216
19288,2216
19289,2216
19290,2216
19291,2216
19292,2216
19293,2216
19294,2216
19295,2216
19296,2216
19297,2216
19298,2216
19299,2216
19300,2216
19301,2216
19302,2216
19303,2216
19304,2216
19305,2216
19306,2216
19307,2216
19308,2216
19309,2216
19310,2216
19311,2216
19312,2216
19313,2216
19314,2216
19315,2216
19316,2216
19317,2216
19318,2216
19319,2216
19320,2216
19321,2216
19322,2216
19323,2216
19324,2216
19325,2216
19326,2216
19327,2216
19328,2216
19329,2216
19330,2216
19331,2216
19332,2216
19333,2216
19334,2216
19335,2216
19336,2216
19337,2216
19338,2216
19339,2216
19340,2216
19341,2216
19342,2216
19343,2216
19344,2216
19345,2216
19346,2216
19347,2216
19348,2216
19349,2216
19350,2216
19351,2216
19352,2216
19353,2216
19354,2216
19355,2216
19356,2216
19357,2216
19358,2216
19359,2216
19360,2216
19361,2216
19362,2216
19363,2216
19364,2216
19365,2216
19366,2216
19367,2216
19368,2216
19369,2216
19370,2216
19371,2216
19372,2216
19373,2216
19374,2216
19375,2216
19376,2216
19377,2216
19378,2216
19379,2216
19380,2216
19381,2216
19382,2216
19383,2216
19384,2216
19385,2216
19386,2216
19387,2216
19388,2216
19389,2216
19390,2216
19391,2216
19392,2216
19393,2216
19394,2216
19395,2216
19396,2216
19397,2216
19398,2216
19399,2216
19400,2216
19401,2216
19402,2216
19403,2216
19404,2216
19405,2216
19406,2216
19407,2216
19408,2216
19409,2216
19410,2216
19411,2216
19412,2216
19413,2216
19414,2216
19415,2216
19416,2216
19417,2216
19418,2216
19419,2216
19420,2216
19421,2216
19422,2216
19423,2216
19424,2216
19425,2216
19426,2216
19427,2216
19428,2216
19429,2216
19430,2216
19431,2216
19432,2216
19433,2216
19434,2216
19435,2216
19436,2216
19437,2216
19438,2216
19439,2216
19440,2216
19441,2216
19442,2216
19443,2216
19444,2216
19445,2216
19446,2216
19447,2216
19448,2216
19449,2216
19450,2216
19451,2216
19452,2216
19453,2216
19454,2216
19455,2216
19456,2216
19457,2216
19458,2216
19459,2216
19460,2216
19461,2216
19462,2216
19463,2216
19464,2216
19465,2216
19466,2216
19467,2216
19468,2216
19469,2216
19470,2216
19471,2216
19472,2216
19473,2216
19474,2216
19475,2216
19476,2216
19477,2216
19478,2216
19479,2216
19480,2216
19481,2216
19482,2216
19483,2216
19484,2216
19485,2216
19486,2216
19487,2216
19488,2216
19489,2216
19490,2216
19491,2216
19492,2216
19493,2216
19494,2216
19495,2216
19496,2216
19497,2216
19498,2216
19499,2216
19500,2216
19501,2216
19502,2216
19503,2216
19504,2216
19505,2216
19506,2216
19507,2216
19508,2216
19509,2216
19510,2216
19511,2216
19512,2216
19513,2216
19514,2216
19515,2216
19516,2216
19517,2216
19518,2216
19519,2216
19520,2216
19521,2216
19522,2216
19523,2216
19524,2216
19525,2216
19526,2216
19527,2216
19528,2216
19529,2216
19530,2216
19531,2216
19532,2216
19533,2216
19534,2216
19535,2216
19536,2216
19537,2216
19538,2216
19539,2216
19540,2216
19541,2216
19542,2216
19543,2216
19544,2216
19545,2216
19546,2216
19547,2216
19548,2216
19549,2216
19550,2216
19551,2216
19552,2216
19553,2216
19554,2216
19555,2216
19556,2216
19557,2216
19558,2216
19559,2216
19560,2216
19561,2216
19562,2216
19563,2216
19564,2216
19565,2216
19566,2216
19567,2216
19568,2216
19569,2216
19570,2216
19571,2216
19572,2216
19573,2216
19574,2216
19575,2216
19576,2216
19577,2216
19578,2216
19579,2216
19580,2216
19581,2216
19582,2216
19583,2216
19584,2216
19585,2216
19586,2216
19587,2216
19588,2216
19589,2216
19590,2216
19591,2216
19592,2216
19593,2216
19594,2216
19595,2216
19596,2216
19597,2216
19598,2216
19599,2216
19600,2216
19601,2216
19602,2216
19603,2216
19604,2216
19605,2216
19606,2216
19607,2216
19608,2216
19609,2216
19610,2216
19611,2216
19612,2216
19613,2216
19614,2216
19615,2216
19616,2216
19617,2216
19618,2216
19619,2216
19620,2216
19621,2216
19622,2216
19623,2216
19624,2216
19625,2216
19626,2216
19627,2216
19628,2216
19629,2216
19630,2216
19631,2216
19632,2216
19633,2216
19634,2216
19635,2216
19636,2216
19637,2216
19638,2216
19639,2216
19640,2216
19641,2216
19642,2216
19643,2216
19644,2216
19645,2216
19646,2216
19647,2216
19648,2216
19649,2216
19650,2216
19651,2216
19652,2216
19653,2216
19654,2216
19655,2216
19656,2216
19657,2216
19658,2216
19659,2216
19660,2216
19661,2216
19662,2216
19663,2216
19664,2216
19665,2216
19666,2216
19667,2216
19668,2216
19669,2216
19670,2216
19671,2216
19672,2216
19673,2216
19674,2216
19675,2216
19676,2216
19677,2216
19678,2216
19679,2216
19680,2216
19681,2216
19682,2216
19683,2216
19684,2216
19685,2216
19686,2216
19687,2216
19688,2216
19689,2216
19690,2216
19691,2216
19692,2216
19693,2216
19694,2216
19695,2216
19696,2216
19697,2216
19698,2216
19699,2216
19700,2216
19701,2216
19702,2216
19703,2216
19704,2216
19705,2216
19706,2216
19707,2216
19708,2216
19709,2216
19710,2216
19711,2216
19712,2216
19713,2216
19714,2216
19715,2216
19716,2216
19717,2216
19718,2216
19719,2216
19720,2216
19721,2216
19722,2216
19723,2216
19724,2216
19725,2216
19726,2216
19727,2216
19728,2216
19729,2216
19730,2216
19731,2216
19732,2216
19733,2216
19734,2216
19735,2216
19736,2216
19737,2216
19738,2216
19739,2216
19740,2216
19741,2216
19742,2216
19743,2216
19744,2216
19745,2216
19746,2216
19747,2216
19748,2216
19749,2216
19750,2216
19751,2216
19752,2216
19753,2216
19754,2216
19755,2216
19756,2216
19757,2216
19758,2216
19759,2216
19760,2216
19761,2216
19762,2216
19763,2216
19764,2216
19765,2216
19766,2216
19767,2216
19768,2216
19769,2216
19770,2216
19771,2216
19772,2216
19773,2216
19774,2216
19775,2216
19776,2216
19777,2216
19778,2216
19779,2216
19780,2216
19781,2216
19782,2216
19783,2216
19784,2216
19785,2216
19786,2216
19787,2216
19788,2216
19789,2216
19790,2216
19791,2216
19792,2216
19793,2216
19794,2216
19795,2216
19796,2216
19797,2216
19798,2216
19799,2216
19800,2216
19801,2216
19802,2216
19803,2216
19804,2216
19805,2216
19806,2216
19807,2216
19808,2216
19809,2216
19810,2216
19811,2216
19812,2216
19813,2216
19814,2216
19815,2216
19816,2216
19817,2216
19818,2216
19819,2216
19820,2216
19821,2216
19822,2216
19823,2216
19824,2216
19825,2216
19826,2216
19827,2216
19828,2216
19829,2216
19830,2216
19831,2216
19832,2216
19833,2216
19834,2216
19835,2216
19836,2216
19837,2216
19838,2216
19839,2216
19840,2216
19841,2216
19842,2216
19843,2216
19844,2216
19845,2216
19846,2216
19847,2216
19848,2216
19849,2216
19850,2216
19851,2216
19852,2216
19853,2216
19854,2216
19855,2216
19856,2216
19857,2216
19858,2216
19859,2216
19860,2216
19861,2216
19862,2216
19863,2216
19864,2216
19865,2216
19866,2216
19867,2216
19868,2216
19869,2216
19870,2216
19871,2216
19872,2216
19873,2216
19874,2216
19875,2216
19876,2216
19877,2216
19878,2216
19879,2216
19880,2216
19881,2216
19882,2216
19883,2216
19884,2216
19885,2216
19886,2216
19887,2216
19888,2216
19889,2216
19890,2216
19891,2216
19892,2216
19893,2216
19894,2216
19895,2216
19896,2216
19897,2216
19898,2216
19899,2216
19900,2216
19901,2216
19902,2216
19903,2216
19904,2216
19905,2216
19906,2216
19907,2216
19908,2216
19909,2216
19910,2216
19911,2216
19912,2216
19913,2216
19914,2216
19915,2216
19916,2216
19917,2216
19918,2216
19919,2216
19920,2216
19921,2216
19922,2216
19923,2216
19924,2216
19925,2216
19926,2216
19927,2216
19928,2216
19929,2216
19930,2216
19931,2216
19932,2216
19933,2216
19934,2216
19935,2216
19936,2216
19937,2216
19938,2216
19939,2216
19940,2216
19941,2216
19942,2216
19943,2216
19944,2216
19945,2216
19946,2216
19947,2216
19948,2216
19949,2216
19950,2216
19951,2216
19952,2216
19953,2216
19954,2216
19955,2216
19956,2216
19957,2216
19958,2216
19959,2216
19960,2216
19961,2216
19962,2216
19963,2216
19964,2216
19965,2216
19966,2216
19967,2216
19968,2216
19969,2216
19970,2216
19971,2216
19972,2216
19973,2216
19974,2216
19975,2216
19976,2216
19977,2216
19978,2216
19979,2216
19980,2216
19981,2216
19982,2216
19983,2216
19984,2216
19985,2216
19986,2216
19987,2216
19988,2216
19989,2216
19990,2216
19991,2216
19992,2216
19993,2216
19994,2216
19995,2216
19996,2216
19997,2216
19998,2216
19999,2216
20000,2216
20001,2216
20002,2216
20003,2216
20004,2216
20005,2216
20006,2216
20007,2216
20008,2216
20009,2216
20010,2216
20011,2216
20012,2216
20013,2216
20014,2216
20015,2216
20016,2216
20017,2216
20018,2216
20019,2216
20020,2216
20021,2216
20022,2216
20023,2216
20024,2216
20025,2216
20026,2216
20027,2216
20028,2216
20029,2216
20030,2216
20031,2216
20032,2216
20033,2216
20034,2216
20035,2216
20036,2216
20037,2216
20038,2216
20039,2216
20040,2216
20041,2216
20042,2216
20043,2216
20044,2216
20045,2216
20046,2216
20047,2216
20048,2216
20049,2216
20050,2216
20051,2216
20052,2216
20053,2216
20054,2216
20055,2216
20056,2216
20057,2216
20058,2216
20059,2216
20060,2216
20061,2216
20062,2216
20063,2216
20064,2216
20065,2216
20066,2216
20067,2216
20068,2216
20069,2216
20070,2216
20071,2216
20072,2216
20073,2216
20074,2216
20075,2216
20076,2216
20077,2216
20078,2216
20079,2216
20080,2216
20081,2216
20082,2216
20083,2216
20084,2216
20085,2216
20086,2216
20087,2216
20088,2216
20089,2216
20090,2216
20091,2216
20092,2216
20093,2216
20094,2216
20095,2216
20096,2216
20097,2216
20098,2216
20099,2216
20100,2216
20101,2216
20102,2216
20103,2216
20104,2216
20105,2216
20106,2216
20107,2216
20108,2216
20109,2216
20110,2216
20111,2216
20112,2216
20113,2216
20114,2216
20115,2216
20116,2216
20117,2216
20118,2216
20119,2216
20120,2216
20121,2216
20122,2216
20123,2216
20124,2216
20125,2216
20126,2216
20127,2216
20128,2216
20129,2216
20130,2216
20131,2216
20132,2216
20133,2216
20134,2216
20135,2216
20136,2216
20137,2216
20138,2216
20139,2216
20140,2216
20141,2216
20142,2216
20143,2216
20144,2216
20145,2216
20146,2216
20147,2216
20148,2216
20149,2216
20150,2216
20151,2216
20152,2216
20153,2216
20154,2216
20155,2216
20156,2216
20157,2216
20158,2216
20159,2216
20160,2216
20161,2216
20162,2216
20163,2216
20164,2216
20165,2216
20166,2216
20167,2216
20168,2216
20169,2216
20170,2216
20171,2216
20172,2216
20173,2216
20174,2216
20175,2216
20176,2216
20177,2216
20178,2216
20179,2216
20180,2216
20181,2216
20182,2216
20183,2216
20184,2216
20185,2216
20186,2216
20187,2216
20188,2216
20189,2216
20190,2216
20191,2216
20192,2216
20193,2216
20194,2216
20195,2216
20196,2216
20197,2216
20198,2216
20199,2216
20200,2216
20201,2216
20202,2216
20203,2216
20204,2216
20205,2216
20206,2216
20207,2216
20208,2216
20209,2216
20210,2216
20211,2216
20212,2216
20213,2216
20214,2216
20215,2216
20216,2216
20217,2216
20218,2216
20219,2216
20220,2216
20221,2216
20222,2216
20223,2216
20224,2216
20225,2216
20226,2216
20227,2216
20228,2216
20229,2216
20230,2216
20231,2216
20232,2216
20233,2216
20234,2216
20235,2216
20236,2216
20237,2216
20238,2216
20239,2216
20240,2216
20241,2216
20242,2216
20243,2216
20244,2216
20245,2216
20246,2216
20247,2216
20248,2216
20249,2216
20250,2216
20251,2216
20252,2216
20253,2216
20254,2216
20255,2216
20256,2216
20257,2216
20258,2216
20259,2216
20260,2216
20261,2216
20262,2216
20263,2216
20264,2216
20265,2216
20266,2216
20267,2216
20268,2216
20269,2216
20270,2216
20271,2216
20272,2216
20273,2216
20274,2216
20275,2216
20276,2216
20277,2216
20278,2216
20279,2216
20280,2216
20281,2216
20282,2216
20283,2216
20284,2216
20285,2216
20286,2216
20287,2216
20288,2216
20289,2216
20290,2216
20291,2216
20292,2216
20293,2216
20294,2216
20295,2216
20296,2216
20297,2216
20298,2216
20299,2216
20300,2216
20301,2216
20302,2216
20303,2216
20304,2216
20305,2216
20306,2216
20307,2216
20308,2216
20309,2216
20310,2216
20311,2216
20312,2216
20313,2216
20314,2216
20315,2216
20316,2216
20317,2216
20318,2216
20319,2216
20320,2216
20321,2216
20322,2216
20323,2216
20324,2216
20325,2216
20326,2216
20327,2216
20328,2216
20329,2216
20330,2216
20331,2216
20332,2216
20333,2216
20334,2216
20335,2216
20336,2216
20337,2216
20338,2216
20339,2216
20340,2216
20341,2216
20342,2216
20343,2216
20344,2216
20345,2216
20346,2216
20347,2216
20348,2216
20349,2216
20350,2216
20351,2216
20352,2216
20353,2216
20354,2216
20355,2216
20356,2216
20357,2216
20358,2216
20359,2216
20360,2216
20361,2216
20362,2216
20363,2216
20364,2216
20365,2216
20366,2216
20367,2216
20368,2216
20369,2216
20370,2216
20371,2216
20372,2216
20373,2216
20374,2216
20375,2216
20376,2216
20377,2216
20378,2216
20379,2216
20380,2216
20381,2216
20382,2216
20383,2216
20384,2216
20385,2216
20386,2216
20387,2216
20388,2216
20389,2216
20390,2216
20391,2216
20392,2216
20393,2216
20394,2216
20395,2216
20396,2216
20397,2216
20398,2216
20399,2216
20400,2216
20401,2216
20402,2216
20403,2216
20404,2216
20405,2216
20406,2216
20407,2216
20408,2216
20409,2216
20410,2216
20411,2216
20412,2216
20413,2216
20414,2216
20415,2216
20416,2216
20417,2216
20418,2216
20419,2216
20420,2216
20421,2216
20422,2216
20423,2216
20424,2216
20425,2216
20426,2216
20427,2216
20428,2216
20429,2216
20430,2216
20431,2216
20432,2216
20433,2216
20434,2216
20435,2216
20436,2216
20437,2216
20438,2216
20439,2216
20440,2216
20441,2216
20442,2216
20443,2216
20444,2216
20445,2216
20446,2216
20447,2216
20448,2216
20449,2216
20450,2216
20451,2216
20452,2216
20453,2216
20454,2216
20455,2216
20456,2216
20457,2216
20458,2216
20459,2216
20460,2216
20461,2216
20462,2216
20463,2216
20464,2216
20465,2216
20466,2216
20467,2216
20468,2216
20469,2216
20470,2216
20471,2216
20472,2216
20473,2216
20474,2216
20475,2216
20476,2216
20477,2216
20478,2216
20479,2216
20480,2216
20481,2216
20482,2216
20483,2216
20484,2216
20485,2216
20486,2216
20487,2216
20488,2216
20489,2216
20490,2216
20491,2216
20492,2216
20493,2216
20494,2216
20495,2216
20496,2216
20497,2216
20498,2216
20499,2216
20500,2216
20501,2216
20502,2216
20503,2216
20504,2216
20505,2216
20506,2216
20507,2216
20508,2216
20509,2216
20510,2216
20511,2216
20512,2216
20513,2216
20514,2216
20515,2216
20516,2216
20517,2216
20518,2216
20519,2216
20520,2216
20521,2216
20522,2216
20523,2216
20524,2216
20525,2216
20526,2216
20527,2216
20528,2216
20529,2216
20530,2216
20531,2216
20532,2216
20533,2216
20534,2216
20535,2216
20536,2216
20537,2216
20538,2216
20539,2216
20540,2216
20541,2216
20542,2216
20543,2216
20544,2216
20545,2216
20546,2216
20547,2216
20548,2216
20549,2216
20550,2216
20551,2216
20552,2216
20553,2216
20554,2216
20555,2216
20556,2216
20557,2216
20558,2216
20559,2216
20560,2216
20561,2216
20562,2216
20563,2216
20564,2216
20565,2216
20566,2216
20567,2216
20568,2216
20569,2216
20570,2216
20571,2216
20572,2216
20573,2216
20574,2216
20575,2216
20576,2216
20577,2216
20578,2216
20579,2216
20580,2216
20581,2216
20582,2216
20583,2216
20584,2216
20585,2216
20586,2216
20587,2216
20588,2216
20589,2216
20590,2216
20591,2216
20592,2216
20593,2216
20594,2216
20595,2216
20596,2216
20597,2216
20598,2216
20599,2216
20600,2216
20601,2216
20602,2216
20603,2216
20604,2216
20605,2216
20606,2216
20607,2216
20608,2216
20609,2216
20610,2216
20611,2216
20612,2216
20613,2216
20614,2216
20615,2216
20616,2216
20617,2216
20618,2216
20619,2216
20620,2216
20621,2216
20622,2216
20623,2216
20624,2216
20625,2216
20626,2216
20627,2216
20628,2216
20629,2216
20630,2216
20631,2216
20632,2216
20633,2216
20634,2216
20635,2216
20636,2216
20637,2216
20638,2216
20639,2216
20640,2216
20641,2216
20642,2216
20643,2216
20644,2216
20645,2216
20646,2216
20647,2216
20648,2216
20649,2216
20650,2216
20651,2216
20652,2216
20653,2216
20654,2216
20655,2216
20656,2216
20657,2216
20658,2216
20659,2216
20660,2216
20661,2216
20662,2216
20663,2216
20664,2216
20665,2216
20666,2216
20667,2216
20668,2216
20669,2216
20670,2216
20671,2216
20672,2216
20673,2216
20674,2216
20675,2216
20676,2216
20677,2216
20678,2216
20679,2216
20680,2216
20681,2216
20682,2216
20683,2216
20684,2216
20685,2216
20686,2216
20687,2216
20688,2216
20689,2216
20690,2216
20691,2216
20692,2216
20693,2216
20694,2216
20695,2216
20696,2216
20697,2216
20698,2216
20699,2216
20700,2216
20701,2216
20702,2216
20703,2216
20704,2216
20705,2216
20706,2216
20707,2216
20708,2216
20709,2216
20710,2216
20711,2216
20712,2216
20713,2216
20714,2216
20715,2216
20716,2216
20717,2216
20718,2216
20719,2216
20720,2216
20721,2216
20722,2216
20723,2216
20724,2216
20725,2216
20726,2216
20727,2216
20728,2216
20729,2216
20730,2216
20731,2216
20732,2216
20733,2216
20734,2216
20735,2216
20736,2216
20737,2216
20738,2216
20739,2216
20740,2216
20741,2216
20742,2216
20743,2216
20744,2216
20745,2216
20746,2216
20747,2216
20748,2216
20749,2216
20750,2216
20751,2216
20752,2216
20753,2216
20754,2216
20755,2216
20756,2216
20757,2216
20758,2216
20759,2216
20760,2216
20761,2216
20762,2216
20763,2216
20764,2216
20765,2216
20766,2216
20767,2216
20768,2216
20769,2216
20770,2216
20771,2216
20772,2216
20773,2216
20774,2216
20775,2216
20776,2216
20777,2216
20778,2216
20779,2216
20780,2216
20781,2216
20782,2216
20783,2216
20784,2216
20785,2216
20786,2216
20787,2216
20788,2216
20789,2216
20790,2216
20791,2216
20792,2216
20793,2216
20794,2216
20795,2216
20796,2216
20797,2216
20798,2216
20799,2216
20800,2216
20801,2216
20802,2216
20803,2216
20804,2216
20805,2216
20806,2216
20807,2216
20808,2216
20809,2216
20810,2216
20811,2216
20812,2216
20813,2216
20814,2216
20815,2216
20816,2216
20817,2216
20818,2216
20819,2216
20820,2216
20821,2216
20822,2216
20823,2216
20824,2216
20825,2216
20826,2216
20827,2216
20828,2216
20829,2216
20830,2216
20831,2216
20832,2216
20833,2216
20834,2216
20835,2216
20836,2216
20837,2216
20838,2216
20839,2216
20840,2216
20841,2216
20842,2216
20843,2216
20844,2216
20845,2216
20846,2216
20847,2216
20848,2216
20849,2216
20850,2216
20851,2216
20852,2216
20853,2216
20854,2216
20855,2216
20856,2216
20857,2216
20858,2216
20859,2216
20860,2216
20861,2216
