tick,tiles
1,0
2,0
3,24
4,24
5,24
6,24
7,24
8,24
9,24
10,24
11,24
12,24
13,24
14,24
15,24
16,24
17,24
18,24
19,24
20,24
21,24
22,24
23,24
24,24
25,24
26,24
27,24
28,24
29,24
30,24
31,24
32,24
33,24
34,24
35,24
36,24
37,24
38,24
39,24
40,24
41,24
42,24
43,24
44,24
45,24
46,24
47,24
48,24
49,24
50,24
51,24
52,24
53,24
54,24
55,24
56,24
57,24
58,24
59,24
60,24
61,24
62,24
63,24
64,24
65,24
66,24
67,24
68,24
69,24
70,24
71,24
72,24
73,24
74,24
75,24
76,24
77,24
78,24
79,24
80,24
81,24
82,24
83,24
84,24
85,24
86,24
87,24
88,24
89,24
90,24
91,24
92,24
93,24
94,24
95,24
96,24
97,24
98,24
99,24
100,24
101,24
102,24
103,24
104,24
105,24
106,24
107,24
108,24
109,24
110,24
111,24
112,24
113,24
114,24
115,24
116,24
117,24
118,24
119,24
120,24
121,24
122,24
123,24
124,24
125,24
126,24
127,24
128,24
129,24
130,24
131,24
132,24
133,24
134,24
135,24
136,24
137,24
138,24
139,24
140,24
141,24
142,24
143,24
144,24
145,24
146,24
147,24
148,24
149,24
150,24
151,24
152,24
153,24
154,24
155,24
156,24
157,24
158,24
159,24
160,24
161,24
162,24
163,24
164,24
165,24
166,24
167,24
168,24
169,24
170,24
171,24
172,24
173,24
174,24
175,24
176,24
177,24
178,24
179,24
180,24
181,24
182,24
183,24
184,24
185,24
186,24
187,24
188,24
189,24
190,24
191,24
192,24
193,24
194,24
195,24
196,24
197,24
198,24
199,24
200,24
201,24
202,24
203,24
204,24
205,24
206,24
207,24
208,24
209,24
210,24
211,24
212,24
213,24
214,24
215,24
216,24
217,24
218,24
219,24
220,24
221,24
222,24
223,24
224,24
225,24
226,24
227,24
228,24
229,24
230,24
231,24
232,24
233,24
234,24
235,24
236,24
237,24
238,24
239,24
240,24
241,24
242,24
243,24
244,24
245,24
246,24
247,24
248,24
249,24
250,24
251,24
252,24
253,24
254,24
255,24
256,24
257,24
258,24
259,24
260,24
261,24
262,24
263,24
264,24
265,24
266,24
267,24
268,24
269,24
270,24
271,24
272,24
273,24
274,24
275,24
276,24
277,24
278,24
279,24
280,24
281,24
282,24
283,24
284,24
285,24
286,24
287,24
288,24
289,24
290,24
291,24
292,24
293,24
294,24
295,24
296,24
297,24
298,24
299,24
300,24
301,24
302,24
303,24
304,24
305,24
306,24
307,24
308,24
309,24
310,24
311,24
312,24
313,24
314,24
315,24
316,24
317,24
318,24
319,24
320,24
321,24
322,24
323,24
324,24
325,24
326,24
327,24
328,24
329,24
330,24
331,24
332,24
333,24
334,24
335,24
336,24
337,24
338,24
339,24
340,24
341,24
342,24
343,24
344,24
345,24
346,24
347,24
348,24
349,24
350,24
351,24
352,24
353,24
354,24
355,24
356,24
357,24
358,24
359,24
360,24
361,24
362,24
363,24
364,24
365,24
366,24
367,24
368,24
369,24
370,24
371,24
372,24
373,24
374,24
375,24
376,24
377,24
378,24
379,24
380,24
381,24
382,24
383,24
384,24
385,24
386,24
387,24
388,24
389,24
390,24
391,24
392,24
393,24
394,24
395,24
396,24
397,24
398,24
399,24
400,24
401,24
402,24
403,24
404,24
405,24
406,24
407,24
408,24
409,24
410,24
411,24
412,24
413,24
414,24
415,24
416,24
417,24
418,24
419,24
420,24
421,24
422,24
423,24
424,24
425,24
426,24
427,24
428,24
429,24
430,24
431,24
432,24
433,24
434,24
435,24
436,24
437,24
438,24
439,24
440,24
441,24
442,24
443,24
444,24
445,24
446,24
447,24
448,24
449,24
450,24
451,24
452,24
453,24
454,24
455,24
456,24
457,24
458,24
459,24
460,24
461,24
462,24
463,24
464,24
465,24
466,24
467,24
468,24
469,24
470,24
471,24
472,24
473,24
474,24
475,24
476,24
477,24
478,24
479,24
480,24
481,24
482,24
483,24
484,24
485,24
486,24
487,24
488,24
489,24
490,24
491,24
492,24
493,24
494,24
495,24
496,24
497,24
498,24
499,24
500,24
501,24
502,24
503,24
504,24
505,24
506,24
507,24
508,24
509,24
510,24
511,24
512,24
513,24
514,24
515,24
516,24
517,24
518,24
519,24
520,24
521,24
522,24
523,24
524,24
525,24
526,24
527,24
528,24
529,24
530,24
531,24
532,24
533,24
534,24
535,24
536,24
537,24
538,24
539,24
540,24
541,24
542,24
543,24
544,24
545,24
546,24
547,24
548,24
549,24
550,24
551,24
552,24
553,24
554,24
555,24
556,24
557,24
558,24
559,24
560,24
561,24
562,24
563,24
564,24
565,24
566,24
567,24
568,24
569,24
570,24
571,24
572,24
573,24
574,24
575,24
576,24
577,24
578,24
579,24
580,24
581,24
582,24
583,24
584,24
585,24
586,24
587,24
588,24
589,24
590,24
591,24
592,24
593,24
594,24
595,24
596,24
597,24
598,24
599,24
600,24
601,24
602,24
603,24
604,24
605,24
606,24
607,24
608,24
609,24
610,24
611,24
612,24
613,24
614,24
615,24
616,24
617,24
618,24
619,24
620,24
621,24
622,24
623,24
624,24
625,24
626,24
627,24
628,24
629,24
630,24
631,24
632,24
633,24
634,24
635,24
636,24
637,24
638,24
639,24
640,24
641,24
642,24
643,24
644,24
645,24
646,24
647,24
648,24
649,24
650,24
651,24
652,24
653,24
654,24
655,24
656,24
657,24
658,24
659,24
660,24
661,24
662,24
663,24
664,24
665,24
666,24
667,24
668,24
669,24
670,24
671,24
672,24
673,24
674,24
675,24
676,24
677,24
678,24
679,24
680,24
681,24
682,24
683,24
684,24
685,24
686,24
687,24
688,24
689,24
690,24
691,24
692,24
693,24
694,24
695,24
696,24
697,24
698,24
699,24
700,24
701,24
702,24
703,24
704,24
705,24
706,24
707,24
708,24
709,24
710,24
711,24
712,24
713,24
714,24
715,24
716,24
717,24
718,24
719,24
720,24
721,24
722,24
723,24
724,24
725,24
726,24
727,24
728,24
729,24
730,24
731,24
732,24
733,24
734,24
735,24
736,24
737,24
738,24
739,24
740,24
741,24
742,24
743,24
744,24
745,24
746,24
747,24
748,24
749,24
750,24
751,24
752,24
753,24
754,24
755,24
756,24
757,24
758,24
759,24
760,24
761,24
762,24
763,24
764,24
765,24
766,24
767,24
768,24
769,24
770,24
771,24
772,24
773,24
774,24
775,24
776,24
777,24
778,24
779,24
780,24
781,24
782,24
783,24
784,24
785,24
786,24
787,24
788,24
789,24
790,24
791,24
792,24
793,24
794,24
795,24
796,24
797,24
798,24
799,24
800,24
801,24
802,24
803,24
804,24
805,24
806,24
807,24
808,24
809,24
810,24
811,24
812,24
813,24
814,24
815,24
816,24
817,24
818,24
819,24
820,24
821,24
822,24
823,24
824,24
825,24
826,24
827,24
828,24
829,24
830,24
831,24
832,24
833,24
834,24
835,24
836,24
837,24
838,24
839,24
840,24
841,24
842,24
843,24
844,24
845,24
846,24
847,24
848,24
849,24
850,24
851,24
852,24
853,24
854,24
855,24
856,24
857,24
858,24
859,24
860,24
861,24
862,24
863,24
864,24
865,24
866,24
867,24
868,24
869,24
870,24
871,24
872,24
873,24
874,24
875,24
876,24
877,24
878,24
879,24
880,24
881,24
882,24
883,24
884,24
885,24
886,24
887,24
888,24
889,24
890,24
891,24
892,24
893,24
894,24
895,24
896,24
897,24
898,24
899,24
900,24
901,24
902,24
903,24
904,24
905,24
906,24
907,24
908,24
909,24
910,24
911,24
912,24
913,24
914,24
915,24
916,24
917,24
918,24
919,24
920,24
921,24
922,24
923,24
924,24
925,24
926,24
927,24
928,24
929,24
930,24
931,24
932,24
933,24
934,24
935,24
936,24
937,24
938,24
939,24
940,24
941,24
942,24
943,24
944,24
945,24
946,24
947,24
948,24
949,24
950,24
951,24
952,24
953,24
954,24
955,24
956,24
957,24
958,24
959,24
960,24
961,24
962,24
963,24
964,24
965,29
966,35
967,42
968,51
969,59
970,68
971,78
972,89
973,101
974,114
975,127
976,142
977,156
978,171
979,187
980,204
981,222
982,240
983,260
984,282
985,305
986,326
987,349
988,371
989,393
990,416
991,442
992,470
993,498
994,525
995,550
996,575
997,602
998,627
999,656
1000,685
1001,715
1002,747
1003,780
1004,814
1005,848
1006,881
1007,914
1008,949
1009,985
1010,1022
1011,1061
1012,1101
1013,1143
1014,1188
1015,1233
1016,1277
1017,1321
1018,1366
1019,1412
1020,1459
1021,1507
1022,1556
1023,1605
1024,1655
1025,1705
1026,1754
1027,1806
1028,1859
1029,1914
1030,1971
1031,2028
1032,2087
1033,2148
1034,2211
1035,2275
1036,2338
1037,2399
1038,2462
1039,2525
1040,2590
1041,2656
1042,2723
1043,2792
1044,2862
1045,2933
1046,3004
1047,3075
1048,3148
1049,3223
1050,3300
1051,3377
1052,3455
1053,3534
1054,3613
1055,3692
1056,3771
1057,3850
1058,3931
1059,4016
1060,4098
1061,4170
1062,4231
1063,4277
1064,4312
1065,4398
1066,4470
1067,4521
1068,4566
1069,4605
1070,4634
1071,4659
1072,4679
1073,4696
1074,4710
1075,4771
1076,4823
1077,4864
1078,4898
1079,4922
1080,4941
1081,4958
1082,4972
1083,4984
1084,4992
1085,5052
1086,5097
1087,5135
1088,5165
1089,5188
1090,5206
1091,5222
1092,5233
1093,5244
1094,5252
1095,5307
1096,5349
1097,5382
1098,5412
1099,5435
1100,5453
1101,5466
1102,5477
1103,5484
1104,5492
1105,5545
1106,5586
1107,5618
1108,5645
1109,5667
1110,5683
1111,5696
1112,5706
1113,5715
1114,5721
1115,5772
1116,5812
1117,5843
1118,5869
1119,5890
1120,5906
1121,5919
1122,5929
1123,5937
1124,5943
1125,5993
1126,6029
1127,6062
1128,6086
1129,6105
1130,6120
1131,6132
1132,6140
1133,6147
1134,6153
1135,6203
1136,6237
1137,6265
1138,6290
1139,6309
1140,6324
1141,6336
1142,6345
1143,6352
1144,6357
1145,6405
1146,6439
1147,6465
1148,6487
1149,6504
1150,6518
1151,6529
1152,6538
1153,6545
1154,6551
1155,6598
1156,6632
1157,6660
1158,6681
1159,6697
1160,6710
1161,6720
1162,6728
1163,6734
1164,6740
1165,6786
1166,6820
1167,6846
1168,6867
1169,6882
1170,6895
1171,6905
1172,6913
1173,6919
1174,6925
1175,6970
1176,7003
1177,7028
1178,7047
1179,7063
1180,7076
1181,7086
1182,7093
1183,7099
1184,7105
1185,7149
1186,7181
1187,7205
1188,7223
1189,7238
1190,7249
1191,7259
1192,7266
1193,7272
1194,7278
1195,7321
1196,7355
1197,7379
1198,7398
1199,7412
1200,7422
1201,7431
1202,7438
1203,7444
1204,7450
1205,7492
1206,7525
1207,7547
1208,7564
1209,7577
1210,7588
1211,7597
1212,7604
1213,7610
1214,7616
1215,7658
1216,7690
1217,7712
1218,7729
1219,7742
1220,7752
1221,7761
1222,7767
1223,7773
1224,7779
1225,7818
1226,7849
1227,7870
1228,7887
1229,7898
1230,7908
1231,7916
1232,7922
1233,7928
1234,7934
1235,7974
1236,8005
1237,8026
1238,8042
1239,8055
1240,8064
1241,8072
1242,8078
1243,8084
1244,8090
1245,8129
1246,8159
1247,8180
1248,8196
1249,8208
1250,8217
1251,8224
1252,8230
1253,8236
1254,8242
1255,8278
1256,8307
1257,8329
1258,8343
1259,8354
1260,8363
1261,8370
1262,8376
1263,8382
1264,8388
1265,8425
1266,8453
1267,8475
1268,8490
1269,8502
1270,8510
1271,8517
1272,8523
1273,8529
1274,8535
1275,8571
1276,8599
1277,8621
1278,8636
1279,8647
1280,8656
1281,8663
1282,8669
1283,8675
1284,8679
1285,8715
1286,8743
1287,8763
1288,8779
1289,8789
1290,8798
1291,8805
1292,8811
1293,8817
1294,8822
1295,8858
1296,8885
1297,8906
1298,8920
1299,8930
1300,8938
1301,8945
1302,8951
1303,8957
1304,8962
1305,8998
1306,9025
1307,9045
1308,9060
1309,9070
1310,9078
1311,9084
1312,9090
1313,9096
1314,9101
1315,9137
1316,9164
1317,9184
1318,9197
1319,9206
1320,9214
1321,9221
1322,9227
1323,9233
1324,9237
1325,9272
1326,9299
1327,9319
1328,9333
1329,9344
1330,9352
1331,9358
1332,9364
1333,9370
1334,9372
1335,9407
1336,9434
1337,9454
1338,9467
1339,9477
1340,9485
1341,9491
1342,9497
1343,9503
1344,9505
1345,9540
1346,9567
1347,9587
1348,9601
1349,9610
1350,9617
1351,9624
1352,9631
1353,9636
1354,9636
1355,9671
1356,9698
1357,9718
1358,9732
1359,9742
1360,9750
1361,9757
1362,9764
1363,9768
1364,9768
1365,9803
1366,9829
1367,9848
1368,9859
1369,9868
1370,9876
1371,9883
1372,9890
1373,9895
1374,9895
1375,9930
1376,9957
1377,9977
1378,9990
1379,9999
1380,10006
1381,10013
1382,10020
1383,10023
1384,10023
1385,10057
1386,10083
1387,10102
1388,10115
1389,10125
1390,10133
1391,10140
1392,10147
1393,10150
1394,10150
1395,10185
1396,10211
1397,10229
1398,10241
1399,10250
1400,10257
1401,10264
1402,10271
1403,10276
1404,10276
1405,10311
1406,10337
1407,10356
1408,10368
1409,10376
1410,10383
1411,10390
1412,10397
1413,10399
1414,10399
1415,10434
1416,10460
1417,10477
1418,10489
1419,10498
1420,10505
1421,10512
1422,10519
1423,10521
1424,10521
1425,10556
1426,10582
1427,10601
1428,10613
1429,10622
1430,10629
1431,10636
1432,10643
1433,10644
1434,10644
1435,10679
1436,10705
1437,10724
1438,10736
1439,10743
1440,10750
1441,10757
1442,10764
1443,10765
1444,10765
1445,10800
1446,10826
1447,10845
1448,10856
1449,10865
1450,10872
1451,10879
1452,10886
1453,10888
1454,10888
1455,10924
1456,10950
1457,10969
1458,10981
1459,10990
1460,10997
1461,11004
1462,11010
1463,11010
1464,11010
1465,11045
1466,11071
1467,11090
1468,11100
1469,11108
1470,11115
1471,11122
1472,11129
1473,11129
1474,11129
1475,11164
1476,11190
1477,11209
1478,11220
1479,11229
1480,11236
1481,11243
1482,11249
1483,11249
1484,11249
1485,11284
1486,11310
1487,11328
1488,11340
1489,11348
1490,11355
1491,11362
1492,11367
1493,11367
1494,11367
1495,11402
1496,11428
1497,11446
1498,11457
1499,11465
1500,11472
1501,11479
1502,11483
1503,11483
1504,11483
1505,11518
1506,11544
1507,11562
1508,11573
1509,11581
1510,11588
1511,11595
1512,11600
1513,11600
1514,11600
1515,11636
1516,11662
1517,11680
1518,11691
1519,11700
1520,11707
1521,11714
1522,11717
1523,11717
1524,11717
1525,11753
1526,11779
1527,11795
1528,11807
1529,11815
1530,11822
1531,11829
1532,11832
1533,11832
1534,11832
1535,11867
1536,11893
1537,11910
1538,11921
1539,11930
1540,11937
1541,11944
1542,11948
1543,11948
1544,11948
1545,11984
1546,12010
1547,12027
1548,12038
1549,12046
1550,12054
1551,12061
1552,12063
1553,12063
1554,12063
1555,12099
1556,12125
1557,12142
1558,12153
1559,12161
1560,12169
1561,12177
1562,12178
1563,12178
1564,12178
1565,12214
1566,12240
1567,12259
1568,12270
1569,12278
1570,12286
1571,12294
1572,12294
1573,12294
1574,12294
1575,12330
1576,12356
1577,12374
1578,12385
1579,12393
1580,12401
1581,12409
1582,12409
1583,12409
1584,12409
1585,12445
1586,12471
1587,12487
1588,12497
1589,12505
1590,12513
1591,12521
1592,12521
1593,12521
1594,12521
1595,12557
1596,12583
1597,12601
1598,12612
1599,12620
1600,12628
1601,12635
1602,12635
1603,12635
1604,12635
1605,12672
1606,12698
1607,12714
1608,12724
1609,12732
1610,12740
1611,12748
1612,12748
1613,12748
1614,12748
1615,12785
1616,12811
1617,12828
1618,12838
1619,12846
1620,12854
1621,12862
1622,12863
1623,12863
1624,12863
1625,12900
1626,12927
1627,12944
1628,12954
1629,12962
1630,12970
1631,12977
1632,12977
1633,12977
1634,12977
1635,13015
1636,13041
1637,13059
1638,13068
1639,13076
1640,13084
1641,13091
1642,13091
1643,13091
1644,13091
1645,13129
1646,13155
1647,13170
1648,13181
1649,13189
1650,13197
1651,13203
1652,13203
1653,13203
1654,13203
1655,13241
1656,13268
1657,13284
1658,13294
1659,13302
1660,13310
1661,13317
1662,13317
1663,13317
1664,13317
1665,13355
1666,13381
1667,13399
1668,13409
1669,13418
1670,13426
1671,13431
1672,13431
1673,13431
1674,13431
1675,13469
1676,13496
1677,13511
1678,13522
1679,13530
1680,13538
1681,13542
1682,13542
1683,13542
1684,13542
1685,13580
1686,13607
1687,13624
1688,13634
1689,13642
1690,13650
1691,13655
1692,13655
1693,13655
1694,13655
1695,13693
1696,13720
1697,13734
1698,13745
1699,13754
1700,13762
1701,13767
1702,13767
1703,13767
1704,13767
1705,13805
1706,13832
1707,13849
1708,13860
1709,13868
1710,13876
1711,13881
1712,13881
1713,13881
1714,13881
1715,13919
1716,13945
1717,13960
1718,13970
1719,13978
1720,13986
1721,13992
1722,13992
1723,13992
1724,13992
1725,14031
1726,14058
1727,14072
1728,14083
1729,14091
1730,14099
1731,14103
1732,14103
1733,14103
1734,14103
1735,14142
1736,14169
1737,14184
1738,14194
1739,14202
1740,14210
1741,14215
1742,14215
1743,14215
1744,14215
1745,14254
1746,14278
1747,14294
1748,14304
1749,14313
1750,14321
1751,14325
1752,14325
1753,14325
1754,14325
1755,14364
1756,14391
1757,14407
1758,14417
1759,14426
1760,14434
1761,14438
1762,14438
1763,14438
1764,14438
1765,14477
1766,14504
1767,14520
1768,14531
1769,14540
1770,14548
1771,14550
1772,14550
1773,14550
1774,14550
1775,14589
1776,14616
1777,14632
1778,14643
1779,14652
1780,14660
1781,14662
1782,14662
1783,14662
1784,14662
1785,14701
1786,14728
1787,14744
1788,14754
1789,14763
1790,14772
1791,14774
1792,14774
1793,14774
1794,14774
1795,14814
1796,14841
1797,14857
1798,14867
1799,14876
1800,14885
1801,14885
1802,14885
1803,14885
1804,14885
1805,14925
1806,14952
1807,14967
1808,14978
1809,14987
1810,14996
1811,14996
1812,14996
1813,14996
1814,14996
1815,15036
1816,15063
1817,15079
1818,15088
1819,15097
1820,15106
1821,15107
1822,15107
1823,15107
1824,15107
1825,15147
1826,15175
1827,15191
1828,15201
1829,15210
1830,15218
1831,15218
1832,15218
1833,15218
1834,15218
1835,15259
1836,15286
1837,15301
1838,15311
1839,15320
1840,15329
1841,15329
1842,15329
1843,15329
1844,15329
1845,15370
1846,15397
1847,15412
1848,15421
1849,15430
1850,15438
1851,15438
1852,15438
1853,15438
1854,15438
1855,15478
1856,15505
1857,15518
1858,15528
1859,15537
1860,15546
1861,15547
1862,15547
1863,15547
1864,15547
1865,15587
1866,15614
1867,15629
1868,15640
1869,15649
1870,15657
1871,15657
1872,15657
1873,15657
1874,15657
1875,15698
1876,15726
1877,15740
1878,15750
1879,15759
1880,15767
1881,15767
1882,15767
1883,15767
1884,15767
1885,15808
1886,15833
1887,15848
1888,15860
1889,15869
1890,15878
1891,15878
1892,15878
1893,15878
1894,15878
1895,15920
1896,15946
1897,15959
1898,15969
1899,15978
1900,15986
1901,15986
1902,15986
1903,15986
1904,15986
1905,16027
1906,16055
1907,16071
1908,16081
1909,16090
1910,16098
1911,16098
1912,16098
1913,16098
1914,16098
1915,16140
1916,16167
1917,16181
1918,16191
1919,16200
1920,16208
1921,16208
1922,16208
1923,16208
1924,16208
1925,16249
1926,16276
1927,16289
1928,16299
1929,16308
1930,16317
1931,16317
1932,16317
1933,16317
1934,16317
1935,16359
1936,16387
1937,16401
1938,16411
1939,16420
1940,16427
1941,16427
1942,16427
1943,16427
1944,16427
1945,16469
1946,16497
1947,16512
1948,16522
1949,16531
1950,16538
1951,16538
1952,16538
1953,16538
1954,16538
1955,16580
1956,16608
1957,16622
1958,16632
1959,16641
1960,16649
1961,16649
1962,16649
1963,16649
1964,16649
1965,16691
1966,16719
1967,16733
1968,16743
1969,16752
1970,16760
1971,16760
1972,16760
1973,16760
1974,16760
1975,16803
1976,16831
1977,16845
1978,16855
1979,16864
1980,16870
1981,16870
1982,16870
1983,16870
1984,16870
1985,16913
1986,16941
1987,16957
1988,16968
1989,16978
1990,16983
1991,16983
1992,16983
1993,16983
1994,16983
1995,17026
1996,17055
1997,17070
1998,17080
1999,17089
2000,17094
2001,17094
2002,17094
2003,17094
2004,17094
2005,17137
2006,17164
2007,17178
2008,17188
2009,17198
2010,17203
2011,17203
2012,17203
2013,17203
2014,17203
2015,17246
2016,17274
2017,17288
2018,17298
2019,17308
2020,17313
2021,17313
2022,17313
2023,17313
2024,17313
2025,17357
2026,17384
2027,17398
2028,17408
2029,17418
2030,17423
2031,17423
2032,17423
2033,17423
2034,17423
2035,17466
2036,17494
2037,17510
2038,17521
2039,17531
2040,17536
2041,17536
2042,17536
2043,17536
2044,17536
2045,17580
2046,17609
2047,17623
2048,17633
2049,17643
2050,17648
2051,17648
2052,17648
2053,17648
2054,17648
2055,17692
2056,17720
2057,17733
2058,17743
2059,17753
2060,17757
2061,17757
2062,17757
2063,17757
2064,17757
2065,17801
2066,17829
2067,17842
2068,17852
2069,17862
2070,17865
2071,17865
2072,17865
2073,17865
2074,17865
2075,17909
2076,17938
2077,17953
2078,17963
2079,17973
2080,17974
2081,17974
2082,17974
2083,17974
2084,17974
2085,18019
2086,18044
2087,18059
2088,18069
2089,18079
2090,18083
2091,18083
2092,18083
2093,18083
2094,18083
2095,18127
2096,18156
2097,18172
2098,18183
2099,18193
2100,18197
2101,18197
2102,18197
2103,18197
2104,18197
2105,18242
2106,18271
2107,18285
2108,18295
2109,18305
2110,18308
2111,18308
2112,18308
2113,18308
2114,18308
2115,18353
2116,18382
2117,18397
2118,18408
2119,18418
2120,18421
2121,18421
2122,18421
2123,18421
2124,18421
2125,18466
2126,18495
2127,18512
2128,18523
2129,18533
2130,18535
2131,18535
2132,18535
2133,18535
2134,18535
2135,18580
2136,18609
2137,18625
2138,18635
2139,18645
2140,18647
2141,18647
2142,18647
2143,18647
2144,18647
2145,18692
2146,18719
2147,18734
2148,18745
2149,18755
2150,18757
2151,18757
2152,18757
2153,18757
2154,18757
2155,18803
2156,18832
2157,18847
2158,18857
2159,18867
2160,18869
2161,18869
2162,18869
2163,18869
2164,18869
2165,18915
2166,18943
2167,18958
2168,18969
2169,18979
2170,18981
2171,18981
2172,18981
2173,18981
2174,18981
2175,19027
2176,19056
2177,19070
2178,19080
2179,19090
2180,19092
2181,19092
2182,19092
2183,19092
2184,19092
2185,19137
2186,19166
2187,19181
2188,19192
2189,19202
2190,19203
2191,19203
2192,19203
2193,19203
2194,19203
2195,19249
2196,19276
2197,19291
2198,19302
2199,19312
2200,19313
2201,19313
2202,19313
2203,19313
2204,19313
2205,19359
2206,19388
2207,19404
2208,19414
2209,19424
2210,19425
2211,19425
2212,19425
2213,19425
2214,19425
2215,19471
2216,19500
2217,19516
2218,19527
2219,19537
2220,19537
2221,19537
2222,19537
2223,19537
2224,19537
2225,19583
2226,19610
2227,19623
2228,19634
2229,19644
2230,19644
2231,19644
2232,19644
2233,19644
2234,19644
2235,19691
2236,19719
2237,19733
2238,19744
2239,19752
2240,19752
2241,19752
2242,19752
2243,19752
2244,19752
2245,19799
2246,19826
2247,19839
2248,19850
2249,19860
2250,19860
2251,19860
2252,19860
2253,19860
2254,19860
2255,19907
2256,19935
2257,19948
2258,19958
2259,19968
2260,19969
2261,19969
2262,19969
2263,19969
2264,19969
2265,20016
2266,20045
2267,20059
2268,20070
2269,20080
2270,20080
2271,20080
2272,20080
2273,20080
2274,20080
2275,20127
2276,20155
2277,20168
2278,20179
2279,20189
2280,20189
2281,20189
2282,20189
2283,20189
2284,20189
2285,20236
2286,20265
2287,20278
2288,20289
2289,20299
2290,20299
2291,20299
2292,20299
2293,20299
2294,20299
2295,20346
2296,20375
2297,20390
2298,20401
2299,20410
2300,20410
2301,20410
2302,20410
2303,20410
2304,20410
2305,20458
2306,20487
2307,20502
2308,20513
2309,20523
2310,20523
2311,20523
2312,20523
2313,20523
2314,20523
2315,20571
2316,20600
2317,20614
2318,20625
2319,20634
2320,20634
2321,20634
2322,20634
2323,20634
2324,20634
2325,20682
2326,20709
2327,20724
2328,20735
2329,20744
2330,20744
2331,20744
2332,20744
2333,20744
2334,20744
2335,20791
2336,20821
2337,20836
2338,20847
2339,20857
2340,20857
2341,20857
2342,20857
2343,20857
2344,20857
2345,20905
2346,20934
2347,20948
2348,20959
2349,20968
2350,20968
2351,20968
2352,20968
2353,20968
2354,20968
2355,21016
2356,21044
2357,21058
2358,21069
2359,21079
2360,21079
2361,21079
2362,21079
2363,21079
2364,21079
2365,21127
2366,21156
2367,21170
2368,21181
2369,21191
2370,21191
2371,21191
2372,21191
2373,21191
2374,21191
2375,21239
2376,21269
2377,21283
2378,21294
2379,21303
2380,21303
2381,21303
2382,21303
2383,21303
2384,21303
2385,21351
2386,21381
2387,21397
2388,21408
2389,21419
2390,21419
2391,21419
2392,21419
2393,21419
2394,21419
2395,21468
2396,21497
2397,21513
2398,21524
2399,21533
2400,21533
2401,21533
2402,21533
2403,21533
2404,21533
2405,21582
2406,21611
2407,21627
2408,21638
2409,21647
2410,21647
2411,21647
2412,21647
2413,21647
2414,21647
2415,21696
2416,21725
2417,21740
2418,21751
2419,21759
2420,21759
2421,21759
2422,21759
2423,21759
2424,21759
2425,21808
2426,21838
2427,21852
2428,21863
2429,21871
2430,21871
2431,21871
2432,21871
2433,21871
2434,21871
2435,21921
2436,21949
2437,21965
2438,21976
2439,21983
2440,21983
2441,21983
2442,21983
2443,21983
2444,21983
2445,22033
2446,22063
2447,22078
2448,22089
2449,22096
2450,22096
2451,22096
2452,22096
2453,22096
2454,22096
2455,22146
2456,22175
2457,22191
2458,22202
2459,22211
2460,22211
2461,22211
2462,22211
2463,22211
2464,22211
2465,22260
2466,22290
2467,22306
2468,22317
2469,22325
2470,22325
2471,22325
2472,22325
2473,22325
2474,22325
2475,22374
2476,22402
2477,22417
2478,22428
2479,22435
2480,22435
2481,22435
2482,22435
2483,22435
2484,22435
2485,22485
2486,22513
2487,22529
2488,22540
2489,22546
2490,22546
2491,22546
2492,22546
2493,22546
2494,22546
2495,22596
2496,22626
2497,22640
2498,22651
2499,22658
2500,22658
2501,22658
2502,22658
2503,22658
2504,22658
2505,22709
2506,22739
2507,22753
2508,22764
2509,22770
2510,22770
2511,22770
2512,22770
2513,22770
2514,22770
2515,22821
2516,22849
2517,22864
2518,22876
2519,22881
2520,22881
2521,22881
2522,22881
2523,22881
2524,22881
2525,22932
2526,22959
2527,22974
2528,22985
2529,22991
2530,22991
2531,22991
2532,22991
2533,22991
2534,22991
2535,23042
2536,23071
2537,23086
2538,23097
2539,23104
2540,23104
2541,23104
2542,23104
2543,23104
2544,23104
2545,23155
2546,23183
2547,23197
2548,23208
2549,23215
2550,23215
2551,23215
2552,23215
2553,23215
2554,23215
2555,23265
2556,23295
2557,23310
2558,23321
2559,23327
2560,23327
2561,23327
2562,23327
2563,23327
2564,23327
2565,23378
2566,23407
2567,23423
2568,23434
2569,23441
2570,23441
2571,23441
2572,23441
2573,23441
2574,23441
2575,23492
2576,23522
2577,23538
2578,23550
2579,23554
2580,23554
2581,23554
2582,23554
2583,23554
2584,23554
2585,23605
2586,23633
2587,23648
2588,23660
2589,23665
2590,23665
2591,23665
2592,23665
2593,23665
2594,23665
2595,23716
2596,23743
2597,23758
2598,23770
2599,23775
2600,23775
2601,23775
2602,23775
2603,23775
2604,23775
2605,23826
2606,23856
2607,23871
2608,23883
2609,23889
2610,23889
2611,23889
2612,23889
2613,23889
2614,23889
2615,23940
2616,23970
2617,23985
2618,23997
2619,24002
2620,24002
2621,24002
2622,24002
2623,24002
2624,24002
2625,24054
2626,24084
2627,24098
2628,24110
2629,24115
2630,24115
2631,24115
2632,24115
2633,24115
2634,24115
2635,24167
2636,24197
2637,24211
2638,24223
2639,24227
2640,24227
2641,24227
2642,24227
2643,24227
2644,24227
2645,24279
2646,24309
2647,24324
2648,24336
2649,24340
2650,24340
2651,24340
2652,24340
2653,24340
2654,24340
2655,24392
2656,24421
2657,24438
2658,24451
2659,24456
2660,24457
2661,24458
2662,24459
2663,24460
2664,24461
2665,24462
2666,24463
2667,24464
2668,24465
2669,24466
2670,24467
2671,24468
2672,24469
2673,24470
2674,24471
2675,24472
2676,24473
2677,24474
2678,24476
2679,24477
2680,24478
2681,24480
2682,24482
2683,24484
2684,24486
2685,24488
2686,24491
2687,24493
2688,24495
2689,24497
2690,24499
2691,24502
2692,24505
2693,24507
2694,24510
2695,24513
2696,24516
2697,24519
2698,24522
2699,24525
2700,24528
2701,24532
2702,24535
2703,24538
2704,24541
2705,24545
2706,24549
2707,24552
2708,24555
2709,24558
2710,24562
2711,24566
2712,24570
2713,24574
2714,24578
2715,24582
2716,24586
2717,24590
2718,24594
2719,24598
2720,24602
2721,24606
2722,24610
2723,24614
2724,24618
2725,24622
2726,24627
2727,24632
2728,24637
2729,24641
2730,24646
2731,24650
2732,24655
2733,24660
2734,24665
2735,24670
2736,24675
2737,24680
2738,24685
2739,24690
2740,24695
2741,24700
2742,24705
2743,24710
2744,24715
2745,24720
2746,24725
2747,24730
2748,24735
2749,24740
2750,24745
2751,24750
2752,24755
2753,24760
2754,24765
2755,24770
2756,24776
2757,24781
2758,24786
2759,24791
2760,24796
2761,24801
2762,24806
2763,24811
2764,24816
2765,24822
2766,24827
2767,24833
2768,24838
2769,24843
2770,24848
2771,24853
2772,24858
2773,24863
2774,24868
2775,24874
2776,24880
2777,24886
2778,24892
2779,24903
2780,24913
2781,24922
2782,24932
2783,24942
2784,24952
2785,24962
2786,24972
2787,24982
2788,24992
2789,25002
2790,25012
2791,25022
2792,25032
2793,25041
2794,25050
2795,25060
2796,25070
2797,25079
2798,25089
2799,25098
2800,25107
2801,25116
2802,25125
2803,25134
2804,25143
2805,25153
2806,25162
2807,25171
2808,25180
2809,25188
2810,25196
2811,25204
2812,25212
2813,25220
2814,25228
2815,25237
2816,25245
2817,25254
2818,25262
2819,25270
2820,25278
2821,25286
2822,25294
2823,25301
2824,25308
2825,25316
2826,25324
2827,25331
2828,25339
2829,25346
2830,25353
2831,25360
2832,25367
2833,25374
2834,25381
2835,25388
2836,25395
2837,25402
2838,25409
2839,25416
2840,25423
2841,25430
2842,25437
2843,25443
2844,25449
2845,25456
2846,25463
2847,25470
2848,25476
2849,25482
2850,25488
2851,25494
2852,25500
2853,25506
2854,25512
2855,25518
2856,25524
2857,25530
2858,25536
2859,25542
2860,25548
2861,25554
2862,25560
2863,25566
2864,25572
2865,25578
2866,25584
2867,25590
2868,25596
2869,25602
2870,25608
2871,25614
2872,25620
2873,25626
2874,25632
2875,25638
2876,25644
2877,25654
2878,25663
2879,25672
2880,25681
2881,25690
2882,25699
2883,25707
2884,25715
2885,25724
2886,25733
2887,25741
2888,25749
2889,25757
2890,25765
2891,25773
2892,25780
2893,25787
2894,25794
2895,25801
2896,25808
2897,25815
2898,25822
2899,25829
2900,25836
2901,25843
2902,25850
2903,25857
2904,25864
2905,25871
2906,25878
2907,25885
2908,25892
2909,25899
2910,25906
2911,25913
2912,25920
2913,25927
2914,25934
2915,25941
2916,25948
2917,25955
2918,25962
2919,25969
2920,25976
2921,25983
2922,25990
2923,25997
2924,26004
2925,26011
2926,26018
2927,26025
2928,26032
2929,26039
2930,26046
2931,26053
2932,26060
2933,26067
2934,26074
2935,26081
2936,26088
2937,26095
2938,26102
2939,26109
2940,26116
2941,26123
2942,26130
2943,26137
2944,26144
2945,26151
2946,26158
2947,26166
2948,26174
2949,26182
2950,26189
2951,26196
2952,26202
2953,26208
2954,26214
2955,26221
2956,26228
2957,26234
2958,26240
2959,26246
2960,26252
2961,26257
2962,26262
2963,26267
2964,26272
2965,26278
2966,26284
2967,26289
2968,26294
2969,26299
2970,26304
2971,26309
2972,26313
2973,26317
2974,26321
2975,26329
2976,26337
2977,26345
2978,26353
2979,26360
2980,26366
2981,26372
2982,26378
2983,26383
2984,26388
2985,26395
2986,26401
2987,26407
2988,26413
2989,26418
2990,26423
2991,26428
2992,26432
2993,26436
2994,26440
2995,26445
2996,26450
2997,26455
2998,26459
2999,26463
3000,26467
3001,26471
3002,26474
3003,26477
3004,26480
3005,26485
3006,26489
3007,26493
3008,26497
3009,26501
3010,26504
3011,26507
3012,26510
3013,26513
3014,26516
3015,26520
3016,26524
3017,26528
3018,26532
3019,26535
3020,26538
3021,26541
3022,26544
3023,26547
3024,26549
3025,26553
3026,26557
3027,26560
3028,26563
3029,26566
3030,26569
3031,26572
3032,26575
3033,26578
3034,26580
3035,26584
3036,26587
3037,26590
3038,26593
3039,26596
3040,26599
3041,26602
3042,26605
3043,26607
3044,26609
3045,26613
3046,26617
3047,26620
3048,26623
3049,26626
3050,26629
3051,26632
3052,26635
3053,26637
3054,26639
3055,26643
3056,26646
3057,26649
3058,26652
3059,26655
3060,26658
3061,26661
3062,26664
3063,26666
3064,26668
3065,26671
3066,26674
3067,26677
3068,26680
3069,26683
3070,26686
3071,26689
3072,26692
3073,26696
3074,26700
3075,26706
3076,26711
3077,26716
3078,26720
3079,26724
3080,26728
3081,26731
3082,26734
3083,26737
3084,26740
3085,26744
3086,26748
3087,26752
3088,26756
3089,26759
3090,26762
3091,26765
3092,26768
3093,26771
3094,26773
3095,26777
3096,26781
3097,26785
3098,26788
3099,26791
3100,26794
3101,26797
3102,26800
3103,26802
3104,26804
3105,26808
3106,26812
3107,26815
3108,26818
3109,26821
3110,26824
3111,26827
3112,26829
3113,26831
3114,26833
3115,26837
3116,26840
3117,26843
3118,26846
3119,26849
3120,26852
3121,26855
3122,26857
3123,26859
3124,26861
3125,26865
3126,26868
3127,26871
3128,26874
3129,26877
3130,26880
3131,26883
3132,26885
3133,26887
3134,26889
3135,26892
3136,26895
3137,26898
3138,26901
3139,26904
3140,26907
3141,26910
3142,26912
3143,26914
3144,26916
3145,26919
3146,26922
3147,26925
3148,26928
3149,26931
3150,26934
3151,26937
3152,26939
3153,26941
3154,26943
3155,26946
3156,26949
3157,26952
3158,26955
3159,26958
3160,26961
3161,26964
3162,26966
3163,26968
3164,26970
3165,26973
3166,26976
3167,26979
3168,26982
3169,26985
3170,26988
3171,26992
3172,26996
3173,27000
3174,27003
3175,27008
3176,27013
3177,27017
3178,27021
3179,27025
3180,27028
3181,27031
3182,27034
3183,27037
3184,27040
3185,27044
3186,27048
3187,27052
3188,27056
3189,27059
3190,27062
3191,27065
3192,27068
3193,27070
3194,27072
3195,27076
3196,27080
3197,27083
3198,27086
3199,27089
3200,27092
3201,27094
3202,27096
3203,27098
3204,27100
3205,27104
3206,27107
3207,27110
3208,27113
3209,27116
3210,27119
3211,27121
3212,27123
3213,27125
3214,27127
3215,27131
3216,27134
3217,27137
3218,27140
3219,27143
3220,27146
3221,27149
3222,27151
3223,27153
3224,27155
3225,27159
3226,27162
3227,27165
3228,27168
3229,27171
3230,27174
3231,27176
3232,27178
3233,27180
3234,27182
3235,27185
3236,27188
3237,27191
3238,27194
3239,27197
3240,27200
3241,27202
3242,27204
3243,27206
3244,27208
3245,27211
3246,27214
3247,27217
3248,27220
3249,27223
3250,27226
3251,27228
3252,27230
3253,27232
3254,27234
3255,27237
3256,27240
3257,27243
3258,27246
3259,27249
3260,27252
3261,27254
3262,27256
3263,27258
3264,27260
3265,27263
3266,27266
3267,27269
3268,27272
3269,27277
3270,27281
3271,27285
3272,27288
3273,27291
3274,27294
3275,27299
3276,27304
3277,27308
3278,27312
3279,27316
3280,27319
3281,27322
3282,27325
3283,27327
3284,27329
3285,27333
3286,27337
3287,27341
3288,27344
3289,27347
3290,27350
3291,27353
3292,27355
3293,27357
3294,27359
3295,27363
3296,27367
3297,27370
3298,27373
3299,27376
3300,27379
3301,27381
3302,27383
3303,27385
3304,27387
3305,27391
3306,27394
3307,27397
3308,27400
3309,27403
3310,27406
3311,27408
3312,27410
3313,27412
3314,27414
3315,27418
3316,27421
3317,27424
3318,27427
3319,27430
3320,27433
3321,27435
3322,27437
3323,27439
3324,27441
3325,27444
3326,27447
3327,27450
3328,27453
3329,27456
3330,27459
3331,27461
3332,27463
3333,27465
3334,27467
3335,27470
3336,27473
3337,27476
3338,27479
3339,27482
3340,27485
3341,27487
3342,27489
3343,27491
3344,27493
3345,27496
3346,27499
3347,27502
3348,27505
3349,27508
3350,27511
3351,27513
3352,27515
3353,27517
3354,27519
3355,27522
3356,27525
3357,27528
3358,27531
3359,27534
3360,27537
3361,27539
3362,27541
3363,27543
3364,27545
3365,27548
3366,27551
3367,27556
3368,27561
3369,27565
3370,27569
3371,27572
3372,27575
3373,27578
3374,27581
3375,27586
3376,27590
3377,27594
3378,27597
3379,27600
3380,27603
3381,27606
3382,27609
3383,27611
3384,27613
3385,27617
3386,27621
3387,27624
3388,27627
3389,27630
3390,27633
3391,27636
3392,27638
3393,27640
3394,27642
3395,27646
3396,27649
3397,27652
3398,27655
3399,27658
3400,27661
3401,27663
3402,27665
3403,27667
3404,27669
3405,27673
3406,27676
3407,27679
3408,27682
3409,27685
3410,27688
3411,27690
3412,27692
3413,27694
3414,27696
3415,27700
3416,27703
3417,27706
3418,27709
3419,27712
3420,27715
3421,27717
3422,27719
3423,27721
3424,27723
3425,27726
3426,27729
3427,27732
3428,27735
3429,27738
3430,27741
3431,27743
3432,27745
3433,27747
3434,27749
3435,27752
3436,27755
3437,27758
3438,27761
3439,27764
3440,27767
3441,27769
3442,27771
3443,27773
3444,27775
3445,27778
3446,27781
3447,27784
3448,27787
3449,27790
3450,27792
3451,27794
3452,27796
3453,27798
3454,27800
3455,27803
3456,27806
3457,27809
3458,27812
3459,27815
3460,27818
3461,27820
3462,27822
3463,27824
3464,27826
3465,27831
3466,27836
3467,27841
3468,27845
3469,27849
3470,27853
3471,27856
3472,27859
3473,27862
3474,27864
3475,27868
3476,27872
3477,27876
3478,27879
3479,27882
3480,27885
3481,27888
3482,27891
3483,27893
3484,27895
3485,27899
3486,27903
3487,27906
3488,27909
3489,27912
3490,27915
3491,27918
3492,27920
3493,27922
3494,27924
3495,27928
3496,27931
3497,27934
3498,27937
3499,27940
3500,27943
3501,27945
3502,27947
3503,27949
3504,27951
3505,27955
3506,27958
3507,27961
3508,27964
3509,27967
3510,27970
3511,27972
3512,27974
3513,27976
3514,27978
3515,27982
3516,27985
3517,27988
3518,27991
3519,27994
3520,27997
3521,27999
3522,28001
3523,28003
3524,28005
3525,28008
3526,28011
3527,28014
3528,28017
3529,28020
3530,28022
3531,28024
3532,28026
3533,28028
3534,28030
3535,28033
3536,28036
3537,28039
3538,28042
3539,28045
3540,28048
3541,28050
3542,28052
3543,28054
3544,28056
3545,28059
3546,28062
3547,28065
3548,28068
3549,28071
3550,28074
3551,28076
3552,28078
3553,28080
3554,28082
3555,28085
3556,28088
3557,28091
3558,28094
3559,28097
3560,28100
3561,28102
3562,28104
3563,28108
3564,28111
3565,28116
3566,28121
3567,28125
3568,28129
3569,28133
3570,28136
3571,28139
3572,28142
3573,28145
3574,28147
3575,28151
3576,28155
3577,28159
3578,28162
3579,28165
3580,28168
3581,28171
3582,28173
3583,28175
3584,28177
3585,28181
3586,28185
3587,28189
3588,28192
3589,28195
3590,28198
3591,28200
3592,28202
3593,28204
3594,28206
3595,28210
3596,28214
3597,28217
3598,28220
3599,28223
3600,28226
3601,28228
3602,28230
3603,28232
3604,28234
3605,28238
3606,28241
3607,28244
3608,28247
3609,28250
3610,28253
3611,28255
3612,28257
3613,28259
3614,28261
3615,28265
3616,28268
3617,28271
3618,28274
3619,28277
3620,28280
3621,28282
3622,28284
3623,28286
3624,28288
3625,28291
3626,28294
3627,28297
3628,28300
3629,28303
3630,28306
3631,28308
3632,28310
3633,28312
3634,28314
3635,28317
3636,28320
3637,28323
3638,28326
3639,28329
3640,28332
3641,28334
3642,28336
3643,28338
3644,28340
3645,28343
3646,28346
3647,28349
3648,28352
3649,28355
3650,28358
3651,28360
3652,28362
3653,28364
3654,28366
3655,28369
3656,28372
3657,28375
3658,28378
3659,28381
3660,28384
3661,28388
3662,28392
3663,28395
3664,28398
3665,28403
3666,28408
3667,28412
3668,28416
3669,28419
3670,28422
3671,28425
3672,28427
3673,28429
3674,28431
3675,28435
3676,28439
3677,28443
3678,28446
3679,28449
3680,28452
3681,28455
3682,28457
3683,28459
3684,28461
3685,28465
3686,28469
3687,28472
3688,28475
3689,28478
3690,28481
3691,28483
3692,28485
3693,28487
3694,28489
3695,28493
3696,28497
3697,28500
3698,28503
3699,28506
3700,28509
3701,28511
3702,28513
3703,28515
3704,28517
3705,28521
3706,28524
3707,28527
3708,28530
3709,28533
3710,28536
3711,28538
3712,28540
3713,28542
3714,28544
3715,28548
3716,28551
3717,28554
3718,28557
3719,28560
3720,28563
3721,28565
3722,28567
3723,28569
3724,28571
3725,28574
3726,28577
3727,28580
3728,28583
3729,28586
3730,28589
3731,28591
3732,28593
3733,28595
3734,28597
3735,28600
3736,28603
3737,28606
3738,28609
3739,28612
3740,28615
3741,28617
3742,28619
3743,28621
3744,28623
3745,28626
3746,28629
3747,28632
3748,28635
3749,28638
3750,28641
3751,28643
3752,28645
3753,28647
3754,28649
3755,28652
3756,28655
3757,28658
3758,28661
3759,28666
3760,28670
3761,28674
3762,28677
3763,28680
3764,28683
3765,28688
3766,28693
3767,28697
3768,28701
3769,28704
3770,28707
3771,28710
3772,28713
3773,28715
3774,28717
3775,28721
3776,28725
3777,28729
3778,28732
3779,28735
3780,28738
3781,28741
3782,28743
3783,28745
3784,28747
3785,28751
3786,28755
3787,28758
3788,28761
3789,28764
3790,28767
3791,28769
3792,28771
3793,28773
3794,28775
3795,28779
3796,28783
3797,28786
3798,28789
3799,28792
3800,28795
3801,28797
3802,28799
3803,28801
3804,28802
3805,28806
3806,28809
3807,28812
3808,28815
3809,28818
3810,28821
3811,28823
3812,28825
3813,28827
3814,28829
3815,28833
3816,28836
3817,28839
3818,28842
3819,28845
3820,28848
3821,28850
3822,28852
3823,28854
3824,28856
3825,28859
3826,28862
3827,28865
3828,28868
3829,28871
3830,28874
3831,28876
3832,28878
3833,28880
3834,28882
3835,28885
3836,28888
3837,28891
3838,28894
3839,28897
3840,28900
3841,28902
3842,28904
3843,28906
3844,28908
3845,28911
3846,28914
3847,28917
3848,28920
3849,28923
3850,28926
3851,28928
3852,28930
3853,28932
3854,28934
3855,28937
3856,28940
3857,28945
3858,28950
3859,28954
3860,28958
3861,28962
3862,28965
3863,28968
3864,28971
3865,28976
3866,28980
3867,28984
3868,28988
3869,28991
3870,28994
3871,28997
3872,29000
3873,29002
3874,29004
3875,29008
3876,29012
3877,29016
3878,29019
3879,29022
3880,29025
3881,29027
3882,29029
3883,29031
3884,29033
3885,29037
3886,29041
3887,29044
3888,29047
3889,29050
3890,29053
3891,29055
3892,29057
3893,29059
3894,29061
3895,29065
3896,29068
3897,29071
3898,29074
3899,29077
3900,29080
3901,29082
3902,29084
3903,29086
3904,29088
3905,29092
3906,29095
3907,29098
3908,29101
3909,29104
3910,29107
3911,29109
3912,29111
3913,29113
3914,29115
3915,29119
3916,29122
3917,29125
3918,29128
3919,29131
3920,29134
3921,29136
3922,29138
3923,29140
3924,29141
3925,29144
3926,29147
3927,29150
3928,29153
3929,29156
3930,29159
3931,29161
3932,29163
3933,29165
3934,29167
3935,29170
3936,29173
3937,29176
3938,29179
3939,29182
3940,29185
3941,29187
3942,29189
3943,29191
3944,29193
3945,29196
3946,29199
3947,29202
3948,29205
3949,29208
3950,29211
3951,29213
3952,29215
3953,29217
3954,29219
3955,29225
3956,29230
3957,29235
3958,29239
3959,29243
3960,29246
3961,29249
3962,29252
3963,29255
3964,29257
3965,29262
3966,29266
3967,29270
3968,29273
3969,29276
3970,29279
3971,29282
3972,29285
3973,29287
3974,29289
3975,29293
3976,29297
3977,29301
3978,29304
3979,29307
3980,29310
3981,29313
3982,29315
3983,29317
3984,29319
3985,29323
3986,29327
3987,29330
3988,29333
3989,29336
3990,29339
3991,29341
3992,29343
3993,29345
3994,29347
3995,29351
3996,29354
3997,29357
3998,29360
3999,29363
4000,29366
4001,29368
4002,29370
4003,29372
4004,29374
4005,29378
4006,29381
4007,29384
4008,29387
4009,29390
4010,29393
4011,29395
4012,29397
4013,29399
4014,29401
4015,29405
4016,29408
4017,29411
4018,29414
4019,29417
4020,29420
4021,29422
4022,29424
4023,29426
4024,29428
4025,29432
4026,29435
4027,29438
4028,29441
4029,29444
4030,29447
4031,29449
4032,29451
4033,29453
4034,29455
4035,29459
4036,29462
4037,29465
4038,29468
4039,29471
4040,29474
4041,29476
4042,29478
4043,29480
4044,29482
4045,29485
4046,29488
4047,29491
4048,29494
4049,29497
4050,29500
4051,29502
4052,29504
4053,29507
4054,29510
4055,29515
4056,29520
4057,29525
4058,29529
4059,29533
4060,29536
4061,29539
4062,29541
4063,29543
4064,29545
4065,29550
4066,29554
4067,29558
4068,29561
4069,29564
4070,29567
4071,29570
4072,29572
4073,29574
4074,29576
4075,29580
4076,29584
4077,29587
4078,29590
4079,29593
4080,29595
4081,29598
4082,29600
4083,29602
4084,29604
4085,29608
4086,29612
4087,29615
4088,29618
4089,29621
4090,29624
4091,29626
4092,29628
4093,29630
4094,29632
4095,29636
4096,29640
4097,29643
4098,29646
4099,29649
4100,29652
4101,29654
4102,29656
4103,29658
4104,29660
4105,29664
4106,29667
4107,29670
4108,29673
4109,29676
4110,29679
4111,29681
4112,29683
4113,29685
4114,29687
4115,29691
4116,29694
4117,29697
4118,29700
4119,29703
4120,29706
4121,29708
4122,29710
4123,29712
4124,29714
4125,29718
4126,29721
4127,29724
4128,29727
4129,29730
4130,29733
4131,29735
4132,29737
4133,29739
4134,29741
4135,29744
4136,29747
4137,29750
4138,29753
4139,29756
4140,29759
4141,29761
4142,29763
4143,29765
4144,29767
4145,29770
4146,29773
4147,29776
4148,29779
4149,29782
4150,29785
4151,29789
4152,29793
4153,29796
4154,29799
4155,29804
4156,29809
4157,29813
4158,29817
4159,29821
4160,29824
4161,29827
4162,29829
4163,29832
4164,29834
4165,29838
4166,29842
4167,29846
4168,29849
4169,29852
4170,29855
4171,29858
4172,29860
4173,29862
4174,29864
4175,29868
4176,29872
4177,29876
4178,29879
4179,29882
4180,29885
4181,29888
4182,29890
4183,29892
4184,29894
4185,29898
4186,29902
4187,29905
4188,29908
4189,29911
4190,29914
4191,29916
4192,29918
4193,29920
4194,29922
4195,29926
4196,29929
4197,29932
4198,29935
4199,29938
4200,29941
4201,29943
4202,29945
4203,29947
4204,29949
4205,29953
4206,29956
4207,29959
4208,29962
4209,29965
4210,29968
4211,29970
4212,29972
4213,29974
4214,29976
4215,29980
4216,29983
4217,29986
4218,29989
4219,29992
4220,29995
4221,29997
4222,29999
4223,30001
4224,30003
4225,30007
4226,30010
4227,30013
4228,30016
4229,30019
4230,30022
4231,30024
4232,30026
4233,30028
4234,30030
4235,30034
4236,30037
4237,30040
4238,30043
4239,30046
4240,30049
4241,30051
4242,30053
4243,30055
4244,30057
4245,30060
4246,30063
4247,30066
4248,30069
4249,30074
4250,30078
4251,30082
4252,30085
4253,30088
4254,30091
4255,30096
4256,30101
4257,30105
4258,30109
4259,30112
4260,30115
4261,30118
4262,30121
4263,30123
4264,30125
4265,30129
4266,30133
4267,30137
4268,30140
4269,30143
4270,30146
4271,30149
4272,30151
4273,30153
4274,30155
4275,30159
4276,30163
4277,30167
4278,30170
4279,30173
4280,30176
4281,30179
4282,30181
4283,30183
4284,30185
4285,30189
4286,30193
4287,30196
4288,30199
4289,30202
4290,30205
4291,30208
4292,30210
4293,30212
4294,30213
4295,30217
4296,30221
4297,30224
4298,30227
4299,30230
4300,30233
4301,30235
4302,30237
4303,30239
4304,30240
4305,30244
4306,30247
4307,30250
4308,30253
4309,30256
4310,30258
4311,30260
4312,30262
4313,30264
4314,30265
4315,30268
4316,30271
4317,30274
4318,30277
4319,30280
4320,30283
4321,30285
4322,30287
4323,30289
4324,30291
4325,30294
4326,30297
4327,30300
4328,30303
4329,30306
4330,30309
4331,30311
4332,30313
4333,30315
4334,30317
4335,30320
4336,30323
4337,30326
4338,30329
4339,30332
4340,30335
4341,30337
4342,30339
4343,30341
4344,30343
4345,30346
4346,30349
4347,30352
4348,30355
4349,30358
4350,30361
4351,30363
4352,30365
4353,30367
4354,30369
4355,30372
4356,30375
4357,30378
4358,30381
4359,30384
4360,30387
4361,30390
4362,30392
4363,30394
4364,30396
4365,30399
4366,30402
4367,30405
4368,30408
4369,30411
4370,30414
4371,30416
4372,30418
4373,30420
4374,30422
4375,30425
4376,30428
4377,30431
4378,30434
4379,30437
4380,30440
4381,30442
4382,30444
4383,30446
4384,30448
4385,30451
4386,30454
4387,30457
4388,30460
4389,30463
4390,30466
4391,30468
4392,30470
4393,30472
4394,30474
4395,30477
4396,30480
4397,30483
4398,30486
4399,30489
4400,30492
4401,30494
4402,30496
4403,30498
4404,30500
4405,30503
4406,30506
4407,30509
4408,30512
4409,30515
4410,30518
4411,30521
4412,30523
4413,30525
4414,30527
4415,30530
4416,30533
4417,30536
4418,30539
4419,30542
4420,30545
4421,30547
4422,30549
4423,30551
4424,30553
4425,30556
4426,30559
4427,30562
4428,30565
4429,30568
4430,30571
4431,30574
4432,30576
4433,30578
4434,30580
4435,30583
4436,30586
4437,30589
4438,30592
4439,30595
4440,30598
4441,30601
4442,30603
4443,30605
4444,30607
4445,30610
4446,30613
4447,30616
4448,30619
4449,30622
4450,30625
4451,30627
4452,30629
4453,30631
4454,30633
4455,30636
4456,30639
4457,30642
4458,30645
4459,30648
4460,30651
4461,30653
4462,30655
4463,30657
4464,30659
4465,30662
4466,30665
4467,30668
4468,30671
4469,30674
4470,30677
4471,30679
4472,30681
4473,30683
4474,30685
4475,30688
4476,30691
4477,30694
4478,30697
4479,30700
4480,30703
4481,30705
4482,30707
4483,30709
4484,30711
4485,30714
4486,30717
4487,30720
4488,30723
4489,30726
4490,30729
4491,30731
4492,30733
4493,30735
4494,30737
4495,30740
4496,30743
4497,30746
4498,30749
4499,30752
4500,30755
4501,30757
4502,30759
4503,30761
4504,30763
4505,30766
4506,30769
4507,30772
4508,30775
4509,30778
4510,30781
4511,30783
4512,30785
4513,30787
4514,30789
4515,30792
4516,30795
4517,30798
4518,30801
4519,30804
4520,30807
4521,30809
4522,30811
4523,30813
4524,30815
4525,30818
4526,30821
4527,30824
4528,30827
4529,30830
4530,30833
4531,30836
4532,30838
4533,30840
4534,30842
4535,30845
4536,30848
4537,30851
4538,30854
4539,30857
4540,30860
4541,30862
4542,30864
4543,30866
4544,30868
4545,30871
4546,30874
4547,30877
4548,30880
4549,30883
4550,30886
4551,30889
4552,30891
4553,30893
4554,30895
4555,30898
4556,30901
4557,30904
4558,30907
4559,30910
4560,30913
4561,30915
4562,30917
4563,30919
4564,30921
4565,30924
4566,30927
4567,30930
4568,30933
4569,30936
4570,30939
4571,30941
4572,30943
4573,30945
4574,30947
4575,30950
4576,30953
4577,30956
4578,30959
4579,30962
4580,30965
4581,30967
4582,30969
4583,30971
4584,30973
4585,30976
4586,30979
4587,30982
4588,30985
4589,30988
4590,30991
4591,30993
4592,30995
4593,30997
4594,30999
4595,31002
4596,31005
4597,31008
4598,31011
4599,31014
4600,31017
4601,31019
4602,31021
4603,31023
4604,31025
4605,31028
4606,31031
4607,31034
4608,31037
4609,31040
4610,31043
4611,31045
4612,31047
4613,31049
4614,31051
4615,31054
4616,31057
4617,31060
4618,31063
4619,31066
4620,31069
4621,31071
4622,31073
4623,31075
4624,31077
4625,31080
4626,31083
4627,31086
4628,31089
4629,31092
4630,31095
4631,31097
4632,31099
4633,31101
4634,31103
4635,31106
4636,31109
4637,31112
4638,31115
4639,31118
4640,31121
4641,30980
4642,30839
4643,30697
4644,30550
4645,30408
4646,30271
4647,30131
4648,29991
4649,29855
4650,29720
4651,29592
4652,29457
4653,29329
4654,29200
4655,29074
4656,28950
4657,28826
4658,28704
4659,28583
4660,28462
4661,28342
4662,28218
4663,28095
4664,27975
4665,27856
4666,27742
4667,27625
4668,27510
4669,27400
4670,27297
4671,27191
4672,27089
4673,26991
4674,26897
4675,26803
4676,26708
4677,26617
4678,26530
4679,26441
4680,26359
4681,26277
4682,26198
4683,26121
4684,26042
4685,25965
4686,25892
4687,25817
4688,25746
4689,25678
4690,25609
4691,25542
4692,25476
4693,25414
4694,25353
4695,25294
4696,25238
4697,25186
4698,25134
4699,25080
4700,25030
4701,24980
4702,24934
4703,24891
4704,24851
4705,24811
4706,24773
4707,24739
4708,24704
4709,24670
4710,24637
4711,24605
4712,24577
4713,24551
4714,24530
4715,24510
4716,24494
4717,24480
4718,24467
4719,24459
4720,24454
4721,24452
4722,24452
4723,24452
4724,24452
4725,24452
4726,24452
4727,24452
4728,24452
4729,24452
4730,24452
4731,24452
4732,24452
4733,24452
4734,24452
4735,24452
4736,24452
4737,24452
4738,24452
4739,24452
4740,24452
4741,24452
4742,24452
4743,24452
4744,24452
4745,24452
4746,24452
4747,24452
4748,24452
4749,24452
4750,24452
4751,24452
4752,24452
4753,24452
4754,24452
4755,24505
4756,24536
4757,24550
4758,24562
4759,24567
4760,24567
4761,24567
4762,24567
4763,24567
4764,24567
4765,24620
4766,24650
4767,24663
4768,24675
4769,24680
4770,24680
4771,24680
4772,24680
4773,24680
4774,24680
4775,24733
4776,24763
4777,24778
4778,24790
4779,24797
4780,24797
4781,24797
4782,24797
4783,24797
4784,24797
4785,24851
4786,24882
4787,24897
4788,24909
4789,24914
4790,24914
4791,24914
4792,24914
4793,24914
4794,24914
4795,24968
4796,24998
4797,25012
4798,25024
4799,25029
4800,25029
4801,25029
4802,25029
4803,25029
4804,25029
4805,25083
4806,25114
4807,25128
4808,25140
4809,25144
4810,25144
4811,25144
4812,25144
4813,25144
4814,25144
4815,25198
4816,25229
4817,25244
4818,25256
4819,25261
4820,25261
4821,25261
4822,25261
4823,25261
4824,25261
4825,25315
4826,25345
4827,25359
4828,25371
4829,25375
4830,25375
4831,25375
4832,25375
4833,25375
4834,25375
4835,25429
4836,25459
4837,25473
4838,25485
4839,25489
4840,25489
4841,25489
4842,25489
4843,25489
4844,25489
4845,25543
4846,25572
4847,25587
4848,25599
4849,25604
4850,25604
4851,25604
4852,25604
4853,25604
4854,25604
4855,25658
4856,25687
4857,25701
4858,25713
4859,25717
4860,25717
4861,25717
4862,25717
4863,25717
4864,25717
4865,25771
4866,25799
4867,25814
4868,25826
4869,25830
4870,25830
4871,25830
4872,25830
4873,25830
4874,25830
4875,25884
4876,25913
4877,25929
4878,25941
4879,25946
4880,25946
4881,25946
4882,25946
4883,25946
4884,25946
4885,26001
4886,26029
4887,26044
4888,26056
4889,26061
4890,26061
4891,26061
4892,26061
4893,26061
4894,26061
4895,26116
4896,26146
4897,26160
4898,26172
4899,26177
4900,26177
4901,26177
4902,26177
4903,26177
4904,26177
4905,26232
4906,26263
4907,26277
4908,26290
4909,26291
4910,26291
4911,26291
4912,26291
4913,26291
4914,26291
4915,26346
4916,26376
4917,26390
4918,26403
4919,26405
4920,26405
4921,26405
4922,26405
4923,26405
4924,26405
4925,26459
4926,26490
4927,26506
4928,26519
4929,26522
4930,26522
4931,26522
4932,26522
4933,26522
4934,26522
4935,26577
4936,26608
4937,26622
4938,26635
4939,26637
4940,26637
4941,26637
4942,26637
4943,26637
4944,26637
4945,26692
4946,26722
4947,26736
4948,26749
4949,26751
4950,26751
4951,26751
4952,26751
4953,26751
4954,26751
4955,26806
4956,26837
4957,26851
4958,26864
4959,26864
4960,26864
4961,26864
4962,26864
4963,26864
4964,26864
4965,26919
4966,26950
4967,26964
4968,26977
4969,26979
4970,26979
4971,26979
4972,26979
4973,26979
4974,26979
4975,27035
4976,27064
4977,27078
4978,27091
4979,27093
4980,27093
4981,27093
4982,27093
4983,27093
4984,27093
4985,27148
4986,27179
4987,27194
4988,27207
4989,27209
4990,27209
4991,27209
4992,27209
4993,27209
4994,27209
4995,27265
4996,27295
4997,27309
4998,27322
4999,27324
5000,27324
5001,27324
5002,27324
5003,27324
5004,27324
5005,27380
5006,27410
5007,27425
5008,27438
5009,27438
5010,27438
5011,27438
5012,27438
5013,27438
5014,27438
5015,27494
5016,27522
5017,27537
5018,27550
5019,27550
5020,27550
5021,27550
5022,27550
5023,27550
5024,27550
5025,27607
5026,27638
5027,27652
5028,27665
5029,27665
5030,27665
5031,27665
5032,27665
5033,27665
5034,27665
5035,27721
5036,27751
5037,27765
5038,27778
5039,27778
5040,27778
5041,27778
5042,27778
5043,27778
5044,27778
5045,27834
5046,27862
5047,27876
5048,27889
5049,27890
5050,27890
5051,27890
5052,27890
5053,27890
5054,27890
5055,27946
5056,27974
5057,27988
5058,28001
5059,28002
5060,28002
5061,28002
5062,28002
5063,28002
5064,28002
5065,28059
5066,28088
5067,28103
5068,28116
5069,28116
5070,28116
5071,28116
5072,28116
5073,28116
5074,28116
5075,28172
5076,28202
5077,28217
5078,28230
5079,28230
5080,28230
5081,28230
5082,28230
5083,28230
5084,28230
5085,28287
5086,28317
5087,28332
5088,28343
5089,28343
5090,28343
5091,28343
5092,28343
5093,28343
5094,28343
5095,28400
5096,28429
5097,28443
5098,28456
5099,28456
5100,28456
5101,28456
5102,28456
5103,28456
5104,28456
5105,28513
5106,28543
5107,28557
5108,28569
5109,28569
5110,28569
5111,28569
5112,28569
5113,28569
5114,28569
5115,28627
5116,28654
5117,28668
5118,28681
5119,28681
5120,28681
5121,28681
5122,28681
5123,28681
5124,28681
5125,28739
5126,28768
5127,28782
5128,28795
5129,28795
5130,28795
5131,28795
5132,28795
5133,28795
5134,28795
5135,28853
5136,28882
5137,28897
5138,28910
5139,28910
5140,28910
5141,28910
5142,28910
5143,28910
5144,28910
5145,28968
5146,28998
5147,29013
5148,29025
5149,29025
5150,29025
5151,29025
5152,29025
5153,29025
5154,29025
5155,29083
5156,29112
5157,29127
5158,29140
5159,29140
5160,29140
5161,29140
5162,29140
5163,29140
5164,29140
5165,29198
5166,29227
5167,29242
5168,29255
5169,29255
5170,29255
5171,29255
5172,29255
5173,29255
5174,29255
5175,29313
5176,29342
5177,29357
5178,29369
5179,29369
5180,29369
5181,29369
5182,29369
5183,29369
5184,29369
5185,29427
5186,29456
5187,29471
5188,29484
5189,29484
5190,29484
5191,29484
5192,29484
5193,29484
5194,29484
5195,29542
5196,29573
5197,29587
5198,29598
5199,29598
5200,29598
5201,29598
5202,29598
5203,29598
5204,29598
5205,29657
5206,29684
5207,29700
5208,29711
5209,29711
5210,29711
5211,29711
5212,29711
5213,29711
5214,29711
5215,29770
5216,29799
5217,29814
5218,29824
5219,29824
5220,29824
5221,29824
5222,29824
5223,29824
5224,29824
5225,29883
5226,29911
5227,29926
5228,29938
5229,29938
5230,29938
5231,29938
5232,29938
5233,29938
5234,29938
5235,29997
5236,30026
5237,30041
5238,30052
5239,30052
5240,30052
5241,30052
5242,30052
5243,30052
5244,30052
5245,30111
5246,30139
5247,30153
5248,30165
5249,30165
5250,30165
5251,30165
5252,30165
5253,30165
5254,30165
5255,30224
5256,30251
5257,30266
5258,30278
5259,30278
5260,30278
5261,30278
5262,30278
5263,30278
5264,30278
5265,30337
5266,30368
5267,30382
5268,30393
5269,30393
5270,30393
5271,30393
5272,30393
5273,30393
5274,30393
5275,30452
5276,30481
5277,30496
5278,30507
5279,30507
5280,30507
5281,30507
5282,30507
5283,30507
5284,30507
5285,30566
5286,30596
5287,30611
5288,30622
5289,30622
5290,30622
5291,30622
5292,30622
5293,30622
5294,30622
5295,30681
5296,30710
5297,30724
5298,30735
5299,30735
5300,30735
5301,30735
5302,30735
5303,30735
5304,30735
5305,30794
5306,30824
5307,30838
5308,30850
5309,30850
5310,30850
5311,30850
5312,30850
5313,30850
5314,30850
5315,30909
5316,30939
5317,30954
5318,30964
5319,30964
5320,30964
5321,30964
5322,30964
5323,30964
5324,30964
5325,31023
5326,31051
5327,31067
5328,31078
5329,31078
5330,31078
5331,31078
5332,31078
5333,31078
5334,31078
5335,31138
5336,31167
5337,31182
5338,31192
5339,31192
5340,31192
5341,31192
5342,31192
5343,31192
5344,31192
5345,31252
5346,31281
5347,31297
5348,31307
5349,31307
5350,31307
5351,31307
5352,31307
5353,31307
5354,31307
5355,31367
5356,31396
5357,31412
5358,31421
5359,31421
5360,31421
5361,31421
5362,31421
5363,31421
5364,31421
5365,31481
5366,31510
5367,31526
5368,31535
5369,31535
5370,31535
5371,31535
5372,31535
5373,31535
5374,31535
5375,31595
5376,31625
5377,31640
5378,31649
5379,31649
5380,31649
5381,31649
5382,31649
5383,31649
5384,31649
5385,31710
5386,31739
5387,31754
5388,31763
5389,31763
5390,31763
5391,31763
5392,31763
5393,31763
5394,31763
5395,31824
5396,31854
5397,31869
5398,31877
5399,31877
5400,31877
5401,31877
5402,31877
5403,31877
5404,31877
5405,31938
5406,31965
5407,31981
5408,31991
5409,31991
5410,31991
5411,31991
5412,31991
5413,31991
5414,31991
5415,32052
5416,32083
5417,32098
5418,32107
5419,32107
5420,32107
5421,32107
5422,32107
5423,32107
5424,32107
5425,32168
5426,32198
5427,32213
5428,32223
5429,32223
5430,32223
5431,32223
5432,32223
5433,32223
5434,32223
5435,32284
5436,32313
5437,32328
5438,32337
5439,32337
5440,32337
5441,32337
5442,32337
5443,32337
5444,32337
5445,32398
5446,32427
5447,32442
5448,32450
5449,32450
5450,32450
5451,32450
5452,32450
5453,32450
5454,32450
5455,32511
5456,32540
5457,32555
5458,32563
5459,32563
5460,32563
5461,32563
5462,32563
5463,32563
5464,32563
5465,32624
5466,32653
5467,32669
5468,32677
5469,32677
5470,32677
5471,32677
5472,32677
5473,32677
5474,32677
5475,32738
5476,32766
5477,32782
5478,32790
5479,32790
5480,32790
5481,32790
5482,32790
5483,32790
5484,32790
5485,32852
5486,32879
5487,32894
5488,32904
5489,32904
5490,32904
5491,32904
5492,32904
5493,32904
5494,32904
5495,32966
5496,32996
5497,33011
5498,33021
5499,33021
5500,33021
5501,33021
5502,33021
5503,33021
5504,33021
5505,33083
5506,33111
5507,33127
5508,33135
5509,33135
5510,33135
5511,33135
5512,33135
5513,33135
5514,33135
5515,33197
5516,33228
5517,33243
5518,33252
5519,33252
5520,33252
5521,33252
5522,33252
5523,33252
5524,33252
5525,33313
5526,33341
5527,33357
5528,33365
5529,33365
5530,33365
5531,33365
5532,33365
5533,33365
5534,33365
5535,33427
5536,33457
5537,33472
5538,33480
5539,33480
5540,33480
5541,33480
5542,33480
5543,33480
5544,33480
5545,33542
5546,33568
5547,33584
5548,33591
5549,33591
5550,33591
5551,33591
5552,33591
5553,33591
5554,33591
5555,33653
5556,33682
5557,33697
5558,33704
5559,33704
5560,33704
5561,33704
5562,33704
5563,33704
5564,33704
5565,33766
5566,33793
5567,33808
5568,33815
5569,33815
5570,33815
5571,33815
5572,33815
5573,33815
5574,33815
5575,33877
5576,33904
5577,33920
5578,33930
5579,33930
5580,33930
5581,33930
5582,33930
5583,33930
5584,33930
5585,33992
5586,34023
5587,34039
5588,34046
5589,34046
5590,34046
5591,34046
5592,34046
5593,34046
5594,34046
5595,34109
5596,34139
5597,34155
5598,34161
5599,34161
5600,34161
5601,34161
5602,34161
5603,34161
5604,34161
5605,34224
5606,34252
5607,34267
5608,34276
5609,34276
5610,34276
5611,34276
5612,34276
5613,34276
5614,34276
5615,34339
5616,34367
5617,34383
5618,34391
5619,34391
5620,34391
5621,34391
5622,34391
5623,34391
5624,34391
5625,34454
5626,34482
5627,34497
5628,34506
5629,34506
5630,34506
5631,34506
5632,34506
5633,34506
5634,34506
5635,34570
5636,34599
5637,34615
5638,34620
5639,34620
5640,34620
5641,34620
5642,34620
5643,34620
5644,34620
5645,34684
5646,34712
5647,34728
5648,34736
5649,34736
5650,34736
5651,34736
5652,34736
5653,34736
5654,34736
5655,34799
5656,34829
5657,34845
5658,34852
5659,34852
5660,34852
5661,34852
5662,34852
5663,34852
5664,34852
5665,34915
5666,34943
5667,34959
5668,34967
5669,34967
5670,34967
5671,34967
5672,34967
5673,34967
5674,34967
5675,35031
5676,35059
5677,35075
5678,35082
5679,35082
5680,35082
5681,35082
5682,35082
5683,35082
5684,35082
5685,35146
5686,35173
5687,35189
5688,35197
5689,35197
5690,35197
5691,35197
5692,35197
5693,35197
5694,35197
5695,35260
5696,35289
5697,35305
5698,35313
5699,35313
5700,35313
5701,35313
5702,35313
5703,35313
5704,35313
5705,35376
5706,35404
5707,35420
5708,35427
5709,35427
5710,35427
5711,35427
5712,35427
5713,35427
5714,35427
5715,35491
5716,35517
5717,35533
5718,35540
5719,35540
5720,35540
5721,35540
5722,35540
5723,35540
5724,35540
5725,35604
5726,35631
5727,35647
5728,35652
5729,35652
5730,35652
5731,35652
5732,35652
5733,35652
5734,35652
5735,35716
5736,35747
5737,35763
5738,35768
5739,35768
5740,35768
5741,35768
5742,35768
5743,35768
5744,35768
5745,35832
5746,35861
5747,35877
5748,35883
5749,35883
5750,35883
5751,35883
5752,35883
5753,35883
5754,35883
5755,35947
5756,35972
5757,35986
5758,35989
5759,35983
5760,35975
5761,35966
5762,35955
5763,35943
5764,35930
5765,35914
5766,35898
5767,35882
5768,35865
5769,35846
5770,35825
5771,35803
5772,35781
5773,35759
5774,35734
5775,35708
5776,35676
5777,35645
5778,35616
5779,35585
5780,35554
5781,35524
5782,35494
5783,35460
5784,35424
5785,35386
5786,35349
5787,35314
5788,35278
5789,35242
5790,35202
5791,35142
5792,35060
5793,34961
5794,34853
5795,34734
5796,34611
5797,34477
5798,34346
5799,34208
5800,34075
5801,33938
5802,33794
5803,33648
5804,33497
5805,33341
5806,33180
5807,33014
5808,32851
5809,32686
5810,32513
5811,32340
5812,32160
5813,31975
5814,31783
5815,31585
5816,31381
5817,31160
5818,30942
5819,30726
5820,30511
5821,30283
5822,30048
5823,29813
5824,29576
5825,29333
5826,29091
5827,28840
5828,28590
5829,28331
5830,28056
5831,27785
5832,27512
5833,27235
5834,26946
5835,26644
5836,26343
5837,26032
5838,25713
5839,25388
5840,25053
5841,24714
5842,24363
5843,24006
5844,23652
5845,23276
5846,22887
5847,22497
5848,22097
5849,21689
5850,21283
5851,20866
5852,20454
5853,20001
5854,19557
5855,19111
5856,18653
5857,18196
5858,17723
5859,17237
5860,16757
5861,16310
5862,16192
5863,16180
5864,16180
5865,16184
5866,16188
5867,16192
5868,16195
5869,16198
5870,16200
5871,16201
5872,16203
5873,16204
5874,16205
5875,16211
5876,16216
5877,16220
5878,16223
5879,16226
5880,16229
5881,16231
5882,16233
5883,16235
5884,16236
5885,16241
5886,16246
5887,16250
5888,16254
5889,16257
5890,16260
5891,16262
5892,16264
5893,16266
5894,16267
5895,16272
5896,16277
5897,16281
5898,16285
5899,16288
5900,16291
5901,16293
5902,16295
5903,16297
5904,16299
5905,16304
5906,16308
5907,16312
5908,16315
5909,16318
5910,16321
5911,16323
5912,16325
5913,16327
5914,16329
5915,16337
5916,16344
5917,16349
5918,16353
5919,16357
5920,16360
5921,16362
5922,16364
5923,16365
5924,16366
5925,16373
5926,16379
5927,16383
5928,16387
5929,16390
5930,16392
5931,16394
5932,16389
5933,16390
5934,16391
5935,16398
5936,16403
5937,16407
5938,16411
5939,16414
5940,16416
5941,16418
5942,16420
5943,16421
5944,16422
5945,16429
5946,16434
5947,16438
5948,16442
5949,16445
5950,16448
5951,16450
5952,16452
5953,16285
5954,16286
5955,16292
5956,16297
5957,16301
5958,16304
5959,16307
5960,16310
5961,16312
5962,16314
5963,16315
5964,16316
5965,16322
5966,16327
5967,16331
5968,16334
5969,16337
5970,16340
5971,16342
5972,16344
5973,16346
5974,16343
5975,16348
5976,16353
5977,16357
5978,16361
5979,16364
5980,16367
5981,16369
5982,16371
5983,16373
5984,16374
5985,16379
5986,16384
5987,16388
5988,16392
5989,16395
5990,16398
5991,16400
5992,16402
5993,16404
5994,16406
5995,16337
5996,16341
5997,16345
5998,16348
5999,16351
6000,16354
6001,16356
6002,16358
6003,16360
6004,16362
6005,16367
6006,16371
6007,16375
6008,16378
6009,16381
6010,16384
6011,16386
6012,16388
6013,16391
6014,16393
6015,16401
6016,16406
6017,16411
6018,16415
6019,16419
6020,16422
6021,16424
6022,16426
6023,16427
6024,16428
6025,16434
6026,16439
6027,16443
6028,16447
6029,16450
6030,16453
6031,16455
6032,16457
6033,16459
6034,16460
6035,16466
6036,16471
6037,16475
6038,16479
6039,16482
6040,16484
6041,16486
6042,16488
6043,16490
6044,16491
6045,16497
6046,16502
6047,16506
6048,16510
6049,16513
6050,16516
6051,16518
6052,16520
6053,16522
6054,16523
6055,16528
6056,16533
6057,16537
6058,16129
6059,16132
6060,16135
6061,16137
6062,16139
6063,16141
6064,16142
6065,16146
6066,16150
6067,16153
6068,16156
6069,16159
6070,16161
6071,16163
6072,16165
6073,16167
6074,16168
6075,16172
6076,16176
6077,16180
6078,16183
6079,16186
6080,16189
6081,16191
6082,16193
6083,16195
6084,16197
6085,16201
6086,16205
6087,16209
6088,16212
6089,16215
6090,16218
6091,16221
6092,16223
6093,16225
6094,16227
6095,16231
6096,16235
6097,16238
6098,16241
6099,16244
6100,16247
6101,16250
6102,16252
6103,16254
6104,16256
6105,16260
6106,16264
6107,16268
6108,16271
6109,16274
6110,16277
6111,16281
6112,16285
6113,16288
6114,16291
6115,16297
6116,16303
6117,16308
6118,16312
6119,16316
6120,16319
6121,16322
6122,16325
6123,16327
6124,16329
6125,16334
6126,16339
6127,16343
6128,16347
6129,16350
6130,16353
6131,16356
6132,16358
6133,16360
6134,16362
6135,16367
6136,16372
6137,16376
6138,16380
6139,16383
6140,16386
6141,16388
6142,16390
6143,16392
6144,16394
6145,16398
6146,16402
6147,16406
6148,16410
6149,16413
6150,16416
6151,16419
6152,16421
6153,16423
6154,16425
6155,16430
6156,16434
6157,16438
6158,16441
6159,16444
6160,16447
6161,16450
6162,16452
6163,16454
6164,16456
6165,16461
6166,16465
6167,16469
6168,16472
6169,16475
6170,16477
6171,16480
6172,16482
6173,16484
6174,16486
6175,16491
6176,16495
6177,16499
6178,16502
6179,16505
6180,16508
6181,16511
6182,16513
6183,16515
6184,16517
6185,16522
6186,16526
6187,16530
6188,16533
6189,16536
6190,16539
6191,16542
6192,16544
6193,16546
6194,16548
6195,16552
6196,16556
6197,16560
6198,16563
6199,16566
6200,16569
6201,16572
6202,16574
6203,16576
6204,16578
6205,16582
6206,16586
6207,16590
6208,16594
6209,16599
6210,16603
6211,16607
6212,16610
6213,16613
6214,16616
6215,16622
6216,16627
6217,16632
6218,16636
6219,16640
6220,16643
6221,16646
6222,16649
6223,16651
6224,16653
6225,16658
6226,16663
6227,16667
6228,16671
6229,16674
6230,16677
6231,16680
6232,16682
6233,16684
6234,16686
6235,16691
6236,16695
6237,16699
6238,16703
6239,16706
6240,16709
6241,16712
6242,16714
6243,16716
6244,16718
6245,16723
6246,16727
6247,16731
6248,16735
6249,16738
6250,16741
6251,16744
6252,16746
6253,16748
6254,16750
6255,16755
6256,16759
6257,16763
6258,16766
6259,16769
6260,16772
6261,16775
6262,16777
6263,16779
6264,16781
6265,16786
6266,16790
6267,16794
6268,16798
6269,16801
6270,16804
6271,16808
6272,16811
6273,16814
6274,16817
6275,16824
6276,16831
6277,16837
6278,16842
6279,16847
6280,16852
6281,16856
6282,16860
6283,16863
6284,16865
6285,16871
6286,16876
6287,16881
6288,16886
6289,16890
6290,16894
6291,16897
6292,16900
6293,16903
6294,16906
6295,16912
6296,16918
6297,16923
6298,16928
6299,16932
6300,16936
6301,16940
6302,16943
6303,16946
6304,16949
6305,16955
6306,16961
6307,16969
6308,16976
6309,16982
6310,16987
6311,16991
6312,16995
6313,16998
6314,17001
6315,17009
6316,17016
6317,17022
6318,17027
6319,17031
6320,17035
6321,17038
6322,17041
6323,17044
6324,17046
6325,17053
6326,17059
6327,17064
6328,17069
6329,17073
6330,17077
6331,17080
6332,17083
6333,17085
6334,17087
6335,17094
6336,17100
6337,17105
6338,17110
6339,17114
6340,17118
6341,17121
6342,17124
6343,17126
6344,17128
6345,17134
6346,17140
6347,17145
6348,17150
6349,17154
6350,17158
6351,17161
6352,17164
6353,17166
6354,17168
6355,17174
6356,17180
6357,17185
6358,17189
6359,17193
6360,17197
6361,17200
6362,17203
6363,17205
6364,17207
6365,17213
6366,17219
6367,17224
6368,17228
6369,17232
6370,17235
6371,17238
6372,17241
6373,17243
6374,17245
6375,17251
6376,17257
6377,17262
6378,17266
6379,17270
6380,17274
6381,17277
6382,17280
6383,17282
6384,17284
6385,17290
6386,17295
6387,17300
6388,17304
6389,17308
6390,17312
6391,17315
6392,17318
6393,17321
6394,17323
6395,17329
6396,17334
6397,17339
6398,17343
6399,17347
6400,17350
6401,17353
6402,17356
6403,17358
6404,17360
6405,17369
6406,17377
6407,17384
6408,17389
6409,17394
6410,17398
6411,17401
6412,17404
6413,17406
6414,17408
6415,17415
6416,17421
6417,17426
6418,17431
6419,17435
6420,17438
6421,17441
6422,17443
6423,17445
6424,17447
6425,17454
6426,17460
6427,17465
6428,17469
6429,17473
6430,17476
6431,17479
6432,17481
6433,17483
6434,17485
6435,17492
6436,17497
6437,17502
6438,17506
6439,17509
6440,17512
6441,17515
6442,17517
6443,17519
6444,17521
6445,17527
6446,17533
6447,17538
6448,17542
6449,17545
6450,17548
6451,17551
6452,17553
6453,17555
6454,17557
6455,17563
6456,17568
6457,17573
6458,17577
6459,17581
6460,17584
6461,17587
6462,17589
6463,17591
6464,17593
6465,17599
6466,17604
6467,17609
6468,17613
6469,17617
6470,17620
6471,17623
6472,17625
6473,17627
6474,17629
6475,17635
6476,17640
6477,17645
6478,17649
6479,17653
6480,17656
6481,17659
6482,17661
6483,17663
6484,17665
6485,17671
6486,17676
6487,17681
6488,17685
6489,17688
6490,17691
6491,17694
6492,17696
6493,17698
6494,17700
6495,17706
6496,17711
6497,17715
6498,17719
6499,17723
6500,17726
6501,17729
6502,17731
6503,17734
6504,17737
6505,17745
6506,17752
6507,17758
6508,17763
6509,17767
6510,17770
6511,17773
6512,17775
6513,17777
6514,17779
6515,17786
6516,17792
6517,17797
6518,17801
6519,17804
6520,17807
6521,17809
6522,17811
6523,17813
6524,17815
6525,17822
6526,17828
6527,17833
6528,17837
6529,17840
6530,17843
6531,17845
6532,17847
6533,17849
6534,17851
6535,17858
6536,17863
6537,17868
6538,17872
6539,17875
6540,17878
6541,17880
6542,17882
6543,17884
6544,17886
6545,17892
6546,17897
6547,17902
6548,17906
6549,17909
6550,17912
6551,17914
6552,17916
6553,17918
6554,17920
6555,17926
6556,17932
6557,17937
6558,17941
6559,17944
6560,17947
6561,17949
6562,17951
6563,17953
6564,17955
6565,17961
6566,17966
6567,17971
6568,17975
6569,17978
6570,17981
6571,17984
6572,17986
6573,17988
6574,17990
6575,17996
6576,18001
6577,18005
6578,18009
6579,18012
6580,18015
6581,18018
6582,18020
6583,18022
6584,18024
6585,18030
6586,18035
6587,18039
6588,18043
6589,18046
6590,18049
6591,18052
6592,18054
6593,18056
6594,18058
6595,18064
6596,18069
6597,18073
6598,18077
6599,18080
6600,18083
6601,18087
6602,18090
6603,18093
6604,18095
6605,18103
6606,18110
6607,18115
6608,18119
6609,18123
6610,18126
6611,18128
6612,18130
6613,18132
6614,18134
6615,18141
6616,18147
6617,18152
6618,18156
6619,18159
6620,18162
6621,18164
6622,18166
6623,18168
6624,18170
6625,18177
6626,18183
6627,18187
6628,18191
6629,18194
6630,18197
6631,18199
6632,18201
6633,18203
6634,18205
6635,18211
6636,18216
6637,18221
6638,18225
6639,18228
6640,18231
6641,18233
6642,18235
6643,18237
6644,18239
6645,18245
6646,18250
6647,18255
6648,18259
6649,18262
6650,18265
6651,18267
6652,18269
6653,18271
6654,18273
6655,18279
6656,18284
6657,18288
6658,18292
6659,18295
6660,18298
6661,18300
6662,18302
6663,18304
6664,18306
6665,18312
6666,18317
6667,18322
6668,18326
6669,18329
6670,18332
6671,18334
6672,18336
6673,18338
6674,18340
6675,18346
6676,18351
6677,18355
6678,18359
6679,18362
6680,18365
6681,18368
6682,18370
6683,18372
6684,18374
6685,18380
6686,18385
6687,18389
6688,18393
6689,18396
6690,18399
6691,18402
6692,18404
6693,18406
6694,18408
6695,18414
6696,18419
6697,18423
6698,18427
6699,18432
6700,18436
6701,18439
6702,18442
6703,18444
6704,18446
6705,18454
6706,18460
6707,18465
6708,18469
6709,18472
6710,18475
6711,18477
6712,18479
6713,18481
6714,18483
6715,18490
6716,18496
6717,18501
6718,18505
6719,18508
6720,18511
6721,18513
6722,18515
6723,18517
6724,18519
6725,18526
6726,18531
6727,18535
6728,18539
6729,18542
6730,18545
6731,18547
6732,18549
6733,18551
6734,18553
6735,18559
6736,18564
6737,18569
6738,18573
6739,18576
6740,18579
6741,18581
6742,18583
6743,18585
6744,18587
6745,18593
6746,18598
6747,18602
6748,18606
6749,18609
6750,18612
6751,18614
6752,18616
6753,18618
6754,18620
6755,18626
6756,18631
6757,18635
6758,18639
6759,18642
6760,18645
6761,18647
6762,18649
6763,18651
6764,18653
6765,18659
6766,18664
6767,18668
6768,18672
6769,18675
6770,18678
6771,18681
6772,18683
6773,18685
6774,18687
6775,18693
6776,18698
6777,18702
6778,18706
6779,18709
6780,18712
6781,18714
6782,18716
6783,18718
6784,18720
6785,18726
6786,18731
6787,18735
6788,18739
6789,18742
6790,18745
6791,18748
6792,18750
6793,18752
6794,18754
6795,18760
6796,18765
6797,18772
6798,18777
6799,18781
6800,18784
6801,18787
6802,18789
6803,18791
6804,18793
6805,18801
6806,18807
6807,18812
6808,18816
6809,18819
6810,18822
6811,18824
6812,18826
6813,18828
6814,18830
6815,18837
6816,18843
6817,18847
6818,18851
6819,18854
6820,18857
6821,18859
6822,18861
6823,18863
6824,18865
6825,18871
6826,18876
6827,18881
6828,18885
6829,18888
6830,18891
6831,18893
6832,18895
6833,18897
6834,18899
6835,18905
6836,18910
6837,18914
6838,18918
6839,18921
6840,18924
6841,18926
6842,18928
6843,18930
6844,18932
6845,18938
6846,18943
6847,18947
6848,18951
6849,18954
6850,18957
6851,18959
6852,18961
6853,18963
6854,18965
6855,18971
6856,18976
6857,18981
6858,18985
6859,18988
6860,18991
6861,18993
6862,18995
6863,18997
6864,18999
6865,19005
6866,19010
6867,19014
6868,19018
6869,19021
6870,19024
6871,19026
6872,19028
6873,19030
6874,19032
6875,19038
6876,19043
6877,19047
6878,19051
6879,19054
6880,19057
6881,19060
6882,19062
6883,19064
6884,19066
6885,19072
6886,19077
6887,19081
6888,19085
6889,19088
6890,19091
6891,19094
6892,19096
6893,19098
6894,19100
6895,19109
6896,19116
6897,19122
6898,19126
6899,19130
6900,19133
6901,19135
6902,19137
6903,19139
6904,19140
6905,19147
6906,19153
6907,19158
6908,19162
6909,19165
6910,19167
6911,19169
6912,19171
6913,19173
6914,19175
6915,19182
6916,19187
6917,19192
6918,19196
6919,19199
6920,19201
6921,19203
6922,19205
6923,19207
6924,19209
6925,19215
6926,19220
6927,19225
6928,19229
6929,19232
6930,19235
6931,19237
6932,19239
6933,19241
6934,19243
6935,19249
6936,19254
6937,19259
6938,19263
6939,19266
6940,19269
6941,19271
6942,19273
6943,19275
6944,19277
6945,19283
6946,19288
6947,19292
6948,19296
6949,19299
6950,19302
6951,19304
6952,19306
6953,19308
6954,19310
6955,19316
6956,19321
6957,19325
6958,19329
6959,19332
6960,19335
6961,19337
6962,19339
6963,19341
6964,19343
6965,19349
6966,19354
6967,19359
6968,19363
6969,19366
6970,19369
6971,19371
6972,19373
6973,19375
6974,19377
6975,19383
6976,19388
6977,19392
6978,19396
6979,19399
6980,19402
6981,19405
6982,19407
6983,19409
6984,19411
6985,19417
6986,19422
6987,19426
6988,19430
6989,19433
6990,19436
6991,19438
6992,19440
6993,19443
6994,19445
6995,19453
6996,19460
6997,19466
6998,19470
6999,19474
7000,19477
7001,19479
7002,19480
7003,19481
7004,19482
7005,19489
7006,19495
7007,19500
7008,19504
7009,19507
7010,19510
7011,19512
7012,19514
7013,19515
7014,19516
7015,19523
7016,19529
7017,19534
7018,19538
7019,19541
7020,19544
7021,19546
7022,19548
7023,19549
7024,19550
7025,19556
7026,19561
7027,19566
7028,19570
7029,19573
7030,19576
7031,19578
7032,19580
7033,19581
7034,19582
7035,19588
7036,19593
7037,19598
7038,19602
7039,19605
7040,19608
7041,19610
7042,19611
7043,19612
7044,19613
7045,19619
7046,19624
7047,19629
7048,19633
7049,19636
7050,19639
7051,19641
7052,19643
7053,19644
7054,19645
7055,19651
7056,19656
7057,19660
7058,19664
7059,19667
7060,19669
7061,19671
7062,19673
7063,19674
7064,19676
7065,19682
7066,19687
7067,19691
7068,19695
7069,19698
7070,19701
7071,19703
7072,19705
7073,19707
7074,19708
7075,19714
7076,19719
7077,19723
7078,19727
7079,19730
7080,19733
7081,19736
7082,19738
7083,19739
7084,19740
7085,19745
7086,19750
7087,19754
7088,19758
7089,19761
7090,19764
7091,19768
7092,19771
7093,19773
7094,19775
7095,19783
7096,19789
7097,19794
7098,19798
7099,19802
7100,19805
7101,19807
7102,19809
7103,19811
7104,19812
7105,19819
7106,19825
7107,19830
7108,19834
7109,19837
7110,19839
7111,19841
7112,19843
7113,19844
7114,19845
7115,19852
7116,19857
7117,19862
7118,19866
7119,19869
7120,19871
7121,19873
7122,19875
7123,19876
7124,19878
7125,19884
7126,19889
7127,19893
7128,19897
7129,19900
7130,19903
7131,19905
7132,19906
7133,19908
7134,19910
7135,19916
7136,19921
7137,19926
7138,19930
7139,19933
7140,19936
7141,19938
7142,19940
7143,19942
7144,19943
7145,19949
7146,19954
7147,19958
7148,19961
7149,19964
7150,19967
7151,19969
7152,19971
7153,19973
7154,19975
7155,19981
7156,19986
7157,19991
7158,19995
7159,19998
7160,20001
7161,20003
7162,20005
7163,20006
7164,20008
7165,20014
7166,20019
7167,20023
7168,20027
7169,20030
7170,20033
7171,20035
7172,20037
7173,20038
7174,20040
7175,20046
7176,20051
7177,20055
7178,20059
7179,20062
7180,20065
7181,20067
7182,20069
7183,20070
7184,20072
7185,20078
7186,20083
7187,20087
7188,20091
7189,20096
7190,20100
7191,20103
7192,20105
7193,20106
7194,20108
7195,20116
7196,20122
7197,20127
7198,20131
7199,20134
7200,20137
7201,20139
7202,20140
7203,20142
7204,20144
7205,20151
7206,20157
7207,20162
7208,20166
7209,20169
7210,20171
7211,20173
7212,20175
7213,20177
7214,20179
7215,20186
7216,20192
7217,20197
7218,20201
7219,20204
7220,20206
7221,20208
7222,20210
7223,20212
7224,20213
7225,20217
7226,20220
7227,20223
7228,20226
7229,20228
7230,20230
7231,20232
7232,20234
7233,20236
7234,20238
7235,20242
7236,20246
7237,20250
7238,20253
7239,20256
7240,20259
7241,20261
7242,20263
7243,20265
7244,20266
7245,20271
7246,20275
7247,20279
7248,20283
7249,20286
7250,20289
7251,20292
7252,20294
7253,20296
7254,20298
7255,20303
7256,20307
7257,20311
7258,20314
7259,20317
7260,20320
7261,20323
7262,20326
7263,20328
7264,20330
7265,20335
7266,20339
7267,20343
7268,20347
7269,20350
7270,20353
7271,20356
7272,20359
7273,20361
7274,20363
7275,20368
7276,20372
7277,20376
7278,20380
7279,20383
7280,20386
7281,20389
7282,20392
7283,20394
7284,20396
7285,20400
7286,20404
7287,20408
7288,20412
7289,20415
7290,20418
7291,20421
7292,20424
7293,20426
7294,20428
7295,20433
7296,20437
7297,20441
7298,20445
7299,20448
7300,20451
7301,20454
7302,20457
7303,20459
7304,20461
7305,20465
7306,20469
7307,20473
7308,20477
7309,20480
7310,20483
7311,20486
7312,20489
7313,20492
7314,20494
7315,20498
7316,20502
7317,20506
7318,20510
7319,20513
7320,20516
7321,20519
7322,20522
7323,20525
7324,20527
7325,20531
7326,20535
7327,20539
7328,20543
7329,20546
7330,20549
7331,20552
7332,20555
7333,20558
7334,20560
7335,20564
7336,20568
7337,20572
7338,20575
7339,20578
7340,20581
7341,20584
7342,20587
7343,20590
7344,20592
7345,20596
7346,20600
7347,20604
7348,20608
7349,20611
7350,20614
7351,20617
7352,20620
7353,20623
7354,20625
7355,20629
7356,20633
7357,20637
7358,20641
7359,20644
7360,20647
7361,20650
7362,20653
7363,20656
7364,20658
7365,20662
7366,20666
7367,20670
7368,20674
7369,20677
7370,20680
7371,20683
7372,20686
7373,20689
7374,20691
7375,20695
7376,20699
7377,20703
7378,20706
7379,20709
7380,20712
7381,20715
7382,20718
7383,20721
7384,20723
7385,20727
7386,20731
7387,20735
7388,20739
7389,20742
7390,20745
7391,20748
7392,20751
7393,20754
7394,20756
7395,20760
7396,20764
7397,20768
7398,20771
7399,20774
7400,20777
7401,20780
7402,20783
7403,20786
7404,20788
7405,20792
7406,20796
7407,20800
7408,20804
7409,20807
7410,20810
7411,20813
7412,20816
7413,20819
7414,20822
7415,20826
7416,20830
7417,20834
7418,20837
7419,20840
7420,20843
7421,20846
7422,20849
7423,20852
7424,20854
7425,20858
7426,20862
7427,20866
7428,20869
7429,20872
7430,20875
7431,20878
7432,20881
7433,20883
7434,20886
7435,20890
7436,20894
7437,20898
7438,20901
7439,20904
7440,20907
7441,20910
7442,20913
7443,20916
7444,20918
7445,20922
7446,20926
7447,20930
7448,20934
7449,20937
7450,20940
7451,20943
7452,20946
7453,20949
7454,20951
7455,20955
7456,20959
7457,20963
7458,20966
7459,20969
7460,20972
7461,20975
7462,20978
7463,20981
7464,20983
7465,20987
7466,20991
7467,20995
7468,20998
7469,21001
7470,21004
7471,21007
7472,21010
7473,21013
7474,21015
7475,21019
7476,21023
7477,21027
7478,21030
7479,21033
7480,21036
7481,21039
7482,21042
7483,21045
7484,21047
7485,21051
7486,21055
7487,21059
7488,21062
7489,21065
7490,21068
7491,21071
7492,21074
7493,21077
7494,21079
7495,21083
7496,21087
7497,21091
7498,21094
7499,21097
7500,21100
7501,21103
7502,21106
7503,21109
7504,21111
7505,21115
7506,21119
7507,21123
7508,21126
7509,21129
7510,21132
7511,21135
7512,21138
7513,21141
7514,21143
7515,21147
7516,21151
7517,21155
7518,21158
7519,21161
7520,21164
7521,21167
7522,21170
7523,21173
7524,21175
7525,21179
7526,21183
7527,21187
7528,21190
7529,21193
7530,21196
7531,21199
7532,21202
7533,21205
7534,21207
7535,21211
7536,21215
7537,21219
7538,21223
7539,21226
7540,21229
7541,21232
7542,21235
7543,21238
7544,21240
7545,21244
7546,21248
7547,21252
7548,21255
7549,21258
7550,21261
7551,21264
7552,21267
7553,21270
7554,21273
7555,21276
7556,21280
7557,21284
7558,21287
7559,21290
7560,21293
7561,21296
7562,21299
7563,21302
7564,21305
7565,21308
7566,21312
7567,21316
7568,21319
7569,21322
7570,21325
7571,21328
7572,21331
7573,21334
7574,21337
7575,21341
7576,21345
7577,21349
7578,21352
7579,21355
7580,21358
7581,20450
7582,19488
7583,18492
7584,17456
7585,16461
7586,15532
7587,14532
7588,13551
7589,12569
7590,11608
7591,10681
7592,9742
7593,8821
7594,7854
7595,6916
7596,5970
7597,5091
7598,4262
7599,3480
7600,2749
7601,2190
7602,1882
7603,1652
7604,1462
7605,1302
7606,1173
7607,1066
7608,967
7609,874
7610,792
7611,714
7612,637
7613,564
7614,501
7615,440
7616,377
7617,324
7618,269
7619,217
7620,167
7621,129
7622,0
7623,0
7624,0
7625,0
7626,0
7627,0
7628,0
7629,0
7630,0
7631,0
7632,0
7633,0
7634,0
7635,0
7636,0
7637,0
7638,0
7639,0
7640,0
7641,0
7642,0
7643,0
7644,0
7645,0
7646,0
7647,0
7648,0
7649,0
7650,0
7651,0
7652,0
7653,0
7654,0
7655,0
7656,0
7657,0
7658,0
7659,0
7660,0
7661,0
7662,0
7663,0
7664,0
7665,0
7666,0
7667,0
7668,0
7669,0
7670,0
7671,0
7672,0
7673,0
7674,0
7675,0
7676,0
7677,0
7678,0
7679,0
7680,0
7681,0
7682,0
7683,0
7684,0
7685,0
7686,0
7687,0
7688,0
7689,0
7690,0
7691,0
7692,0
7693,0
7694,0
7695,0
7696,0
7697,0
7698,0
7699,0
7700,0
7701,0
7702,0
7703,0
7704,0
7705,0
7706,0
7707,0
7708,0
7709,0
7710,0
7711,0
7712,0
7713,0
7714,0
7715,0
7716,0
7717,0
7718,0
7719,0
7720,0
7721,0
7722,0
7723,0
7724,0
7725,0
7726,0
7727,0
7728,0
7729,0
7730,0
7731,0
7732,0
7733,0
7734,0
7735,0
7736,0
7737,0
7738,0
7739,0
7740,0
7741,0
7742,0
7743,0
7744,0
7745,0
7746,0
7747,0
7748,0
7749,0
7750,0
7751,0
7752,0
7753,0
7754,0
7755,0
7756,0
7757,0
7758,0
7759,0
7760,0
7761,0
7762,0
7763,0
7764,0
7765,0
7766,0
7767,0
7768,0
7769,0
7770,0
7771,0
7772,0
7773,0
7774,0
7775,0
7776,0
7777,0
7778,0
7779,0
7780,0
7781,0
7782,0
7783,0
7784,0
7785,0
7786,0
7787,0
7788,0
7789,0
7790,0
7791,0
7792,0
7793,0
7794,0
7795,0
7796,0
7797,0
7798,0
7799,0
7800,0
7801,0
7802,0
7803,0
7804,0
7805,0
7806,0
7807,0
7808,0
7809,0
7810,0
7811,0
7812,0
7813,0
7814,0
7815,0
7816,0
7817,0
7818,0
7819,0
7820,0
7821,0
7822,0
7823,0
7824,0
7825,0
7826,0
7827,0
7828,0
7829,0
7830,0
7831,0
7832,0
7833,0
7834,0
7835,0
7836,0
7837,0
7838,0
7839,0
7840,0
7841,0
7842,0
7843,0
7844,0
7845,0
7846,0
7847,0
7848,0
7849,0
7850,0
7851,0
7852,0
7853,0
7854,0
7855,0
7856,0
7857,0
7858,0
7859,0
7860,0
7861,0
7862,0
7863,0
7864,0
7865,0
7866,0
7867,0
7868,0
7869,0
7870,0
7871,0
7872,0
7873,0
7874,0
7875,0
7876,0
7877,0
7878,0
7879,0
7880,0
7881,0
7882,0
7883,0
7884,0
7885,0
7886,0
7887,0
7888,0
7889,0
7890,0
7891,0
7892,0
7893,0
7894,0
7895,0
7896,0
7897,0
7898,0
7899,0
7900,0
7901,0
7902,0
7903,0
7904,0
7905,0
7906,0
7907,0
7908,0
7909,0
7910,0
7911,0
7912,0
7913,0
7914,0
7915,0
7916,0
7917,0
7918,0
7919,0
7920,0
7921,0
7922,0
7923,0
7924,0
7925,0
7926,0
7927,0
7928,0
7929,0
7930,0
7931,0
7932,0
7933,0
7934,0
7935,0
7936,0
7937,0
7938,0
7939,0
7940,0
7941,0
7942,0
7943,0
7944,0
7945,0
7946,0
7947,0
7948,0
7949,0
7950,0
7951,0
7952,0
7953,0
7954,0
7955,0
7956,0
7957,0
7958,0
7959,0
7960,0
7961,0
7962,0
7963,0
7964,0
7965,0
7966,0
7967,0
7968,0
7969,0
7970,0
7971,0
7972,0
7973,0
7974,0
7975,0
7976,0
7977,0
7978,0
7979,0
7980,0
7981,0
7982,0
7983,0
7984,0
7985,0
7986,0
7987,0
7988,0
7989,0
7990,0
7991,0
7992,0
7993,0
7994,0
7995,0
7996,0
7997,0
7998,0
7999,0
8000,0
8001,0
8002,0
8003,0
8004,0
8005,0
8006,0
8007,0
8008,0
8009,0
8010,0
8011,0
8012,0
8013,0
8014,0
8015,0
8016,0
8017,0
8018,0
8019,0
8020,0
8021,0
8022,0
8023,0
8024,0
8025,0
8026,0
8027,0
8028,0
8029,0
8030,0
8031,0
8032,0
8033,0
8034,0
8035,0
8036,0
8037,0
8038,0
8039,0
8040,0
8041,0
8042,0
8043,0
8044,0
8045,0
8046,0
8047,0
8048,0
8049,0
8050,0
8051,0
8052,0
8053,0
8054,0
8055,0
8056,0
8057,0
8058,0
8059,0
8060,0
8061,0
8062,0
8063,0
8064,0
8065,0
8066,0
8067,0
8068,0
8069,0
8070,0
8071,0
8072,0
8073,0
8074,0
8075,0
8076,0
8077,0
8078,0
8079,0
8080,0
8081,0
8082,0
8083,0
8084,0
8085,0
8086,0
8087,0
8088,0
8089,0
8090,0
8091,0
8092,0
8093,0
8094,0
8095,0
8096,0
8097,0
8098,0
8099,0
8100,0
8101,0
8102,0
8103,0
8104,0
8105,0
8106,0
8107,0
8108,0
8109,0
8110,0
8111,0
8112,0
8113,0
8114,0
8115,0
8116,0
8117,0
8118,0
8119,0
8120,0
8121,0
8122,0
8123,0
8124,0
8125,0
8126,0
8127,0
8128,0
8129,0
8130,0
8131,0
8132,0
8133,0
8134,0
8135,0
8136,0
8137,0
8138,0
8139,0
8140,0
8141,0
8142,0
8143,0
8144,0
8145,0
8146,0
8147,0
8148,0
8149,0
8150,0
8151,0
8152,0
8153,0
8154,0
8155,0
8156,0
8157,0
8158,0
8159,0
8160,0
8161,0
8162,0
8163,0
8164,0
8165,0
8166,0
8167,0
8168,0
8169,0
8170,0
8171,0
8172,0
8173,0
8174,0
8175,0
8176,0
8177,0
8178,0
8179,0
8180,0
8181,0
8182,0
8183,0
8184,0
8185,0
8186,0
8187,0
8188,0
8189,0
8190,0
8191,0
8192,0
8193,0
8194,0
8195,0
8196,0
8197,0
8198,0
8199,0
8200,0
8201,0
8202,0
8203,0
8204,0
8205,0
8206,0
8207,0
8208,0
8209,0
8210,0
8211,0
8212,0
8213,0
8214,0
8215,0
8216,0
8217,0
8218,0
8219,0
8220,0
8221,0
8222,0
8223,0
8224,0
8225,0
8226,0
8227,0
8228,0
8229,0
8230,0
8231,0
8232,0
8233,0
8234,0
8235,0
8236,0
8237,0
8238,0
8239,0
8240,0
8241,0
8242,0
8243,0
8244,0
8245,0
8246,0
8247,0
8248,0
8249,0
8250,0
8251,0
8252,0
8253,0
8254,0
8255,0
8256,0
8257,0
8258,0
8259,0
8260,0
8261,0
8262,0
8263,0
8264,0
8265,0
8266,0
8267,0
8268,0
8269,0
8270,0
8271,0
8272,0
8273,0
8274,0
8275,0
8276,0
8277,0
8278,0
8279,0
8280,0
8281,0
8282,0
8283,0
8284,0
8285,0
8286,0
8287,0
8288,0
8289,0
8290,0
8291,0
8292,0
8293,0
8294,0
8295,0
8296,0
8297,0
8298,0
8299,0
8300,0
8301,0
8302,0
8303,0
8304,0
8305,0
8306,0
8307,0
8308,0
8309,0
8310,0
8311,0
8312,0
8313,0
8314,0
8315,0
8316,0
8317,0
8318,0
8319,0
8320,0
8321,0
8322,0
8323,0
8324,0
8325,0
8326,0
8327,0
8328,0
8329,0
8330,0
8331,0
8332,0
8333,0
8334,0
8335,0
8336,0
8337,0
8338,0
8339,0
8340,0
8341,0
8342,0
8343,0
8344,0
8345,0
8346,0
8347,0
8348,0
8349,0
8350,0
8351,0
8352,0
8353,0
8354,0
8355,0
8356,0
8357,0
8358,0
8359,0
8360,0
8361,0
8362,0
8363,0
8364,0
8365,0
8366,0
8367,0
8368,0
8369,0
8370,0
8371,0
8372,0
8373,0
8374,0
8375,0
8376,0
8377,0
8378,0
8379,0
8380,0
8381,0
8382,0
8383,0
8384,0
8385,0
8386,0
8387,0
8388,0
8389,0
8390,0
8391,0
8392,0
8393,0
8394,0
8395,0
8396,0
8397,0
8398,0
8399,0
8400,0
8401,0
8402,0
8403,0
8404,0
8405,0
8406,0
8407,0
8408,0
8409,0
8410,0
8411,0
8412,0
8413,0
8414,0
8415,0
8416,0
8417,0
8418,0
8419,0
8420,0
8421,0
8422,0
8423,0
8424,0
8425,0
8426,0
8427,0
8428,0
8429,0
8430,0
8431,0
8432,0
8433,0
8434,0
8435,0
8436,0
8437,0
8438,0
8439,0
8440,0
8441,0
8442,0
8443,0
8444,0
8445,0
8446,0
8447,0
8448,0
8449,0
8450,0
8451,0
8452,0
8453,0
8454,0
8455,0
8456,0
8457,0
8458,0
8459,0
8460,0
8461,0
8462,0
8463,0
8464,0
8465,0
8466,0
8467,0
8468,0
8469,0
8470,0
8471,0
8472,0
8473,0
8474,0
8475,0
8476,0
8477,0
8478,0
8479,0
8480,0
8481,0
8482,0
8483,0
8484,0
8485,0
8486,0
8487,0
8488,0
8489,0
8490,0
8491,0
8492,0
8493,0
8494,0
8495,0
8496,0
8497,0
8498,0
8499,0
8500,0
8501,0
8502,0
8503,0
8504,0
8505,0
8506,0
8507,0
8508,0
8509,0
8510,0
8511,0
8512,0
8513,0
8514,0
8515,0
8516,0
8517,0
8518,0
8519,0
8520,0
8521,0
8522,0
8523,0
8524,0
8525,0
8526,0
8527,0
8528,0
8529,0
8530,0
8531,0
8532,0
8533,0
8534,0
8535,0
8536,0
8537,0
8538,0
8539,0
8540,0
8541,0
8542,0
8543,0
8544,0
8545,0
8546,0
8547,0
8548,0
8549,0
8550,0
8551,0
8552,0
8553,0
8554,0
8555,0
8556,0
8557,0
8558,0
8559,0
8560,0
8561,0
8562,0
8563,0
8564,0
8565,0
8566,0
8567,0
8568,0
8569,0
8570,0
8571,0
8572,0
8573,0
8574,0
8575,0
8576,0
8577,0
8578,0
8579,0
8580,0
8581,0
8582,0
8583,0
8584,0
8585,0
8586,0
8587,0
8588,0
8589,0
8590,0
8591,0
8592,0
8593,0
8594,0
8595,0
8596,0
8597,0
8598,0
8599,0
8600,0
8601,0
8602,0
8603,0
8604,0
8605,0
8606,0
8607,0
8608,0
8609,0
8610,0
8611,0
8612,0
8613,0
8614,0
8615,0
8616,0
8617,0
8618,0
8619,0
8620,0
8621,0
8622,0
8623,0
8624,0
8625,0
8626,0
8627,0
8628,0
8629,0
8630,0
8631,0
8632,0
8633,0
8634,0
8635,0
8636,0
8637,0
8638,0
8639,0
8640,0
8641,0
8642,0
8643,0
8644,0
8645,0
8646,0
8647,0
8648,0
8649,0
8650,0
8651,0
8652,0
8653,0
8654,0
8655,0
8656,0
8657,0
8658,0
8659,0
8660,0
8661,0
8662,0
8663,0
8664,0
8665,0
8666,0
8667,0
8668,0
8669,0
8670,0
8671,0
8672,0
8673,0
8674,0
8675,0
8676,0
8677,0
8678,0
8679,0
8680,0
8681,0
8682,0
8683,0
8684,0
8685,0
8686,0
8687,0
8688,0
8689,0
8690,0
8691,0
8692,0
8693,0
8694,0
8695,0
8696,0
8697,0
8698,0
8699,0
8700,0
8701,0
8702,0
8703,0
8704,0
8705,0
8706,0
8707,0
8708,0
8709,0
8710,0
8711,0
8712,0
8713,0
8714,0
8715,0
8716,0
8717,0
8718,0
8719,0
8720,0
8721,0
8722,0
8723,0
8724,0
8725,0
8726,0
8727,0
8728,0
8729,0
8730,0
8731,0
8732,0
8733,0
8734,0
8735,0
8736,0
8737,0
8738,0
8739,0
8740,0
8741,0
8742,0
8743,0
8744,0
8745,0
8746,0
8747,0
8748,0
8749,0
8750,0
8751,0
8752,0
8753,0
8754,0
8755,0
8756,0
8757,0
8758,0
8759,0
8760,0
8761,0
8762,0
8763,0
8764,0
8765,0
8766,0
8767,0
8768,0
8769,0
8770,0
8771,0
8772,0
8773,0
8774,0
8775,0
8776,0
8777,0
8778,0
8779,0
8780,0
8781,0
8782,0
8783,0
8784,0
8785,0
8786,0
8787,0
8788,0
8789,0
8790,0
8791,0
8792,0
8793,0
8794,0
8795,0
8796,0
8797,0
8798,0
8799,0
8800,0
8801,0
8802,0
8803,0
8804,0
8805,0
8806,0
8807,0
8808,0
8809,0
8810,0
8811,0
8812,0
8813,0
8814,0
8815,0
8816,0
8817,0
8818,0
8819,0
8820,0
8821,0
8822,0
8823,0
8824,0
8825,0
8826,0
8827,0
8828,0
8829,0
8830,0
8831,0
8832,0
8833,0
8834,0
8835,0
8836,0
8837,0
8838,0
8839,0
8840,0
8841,0
8842,0
8843,0
8844,0
8845,0
8846,0
8847,0
8848,0
8849,0
8850,0
8851,0
8852,0
8853,0
8854,0
8855,0
8856,0
8857,0
8858,0
8859,0
8860,0
8861,0
8862,0
8863,0
8864,0
8865,0
8866,0
8867,0
8868,0
8869,0
8870,0
8871,0
8872,0
8873,0
8874,0
8875,0
8876,0
8877,0
8878,0
8879,0
8880,0
8881,0
8882,0
8883,0
8884,0
8885,0
8886,0
8887,0
8888,0
8889,0
8890,0
8891,0
8892,0
8893,0
8894,0
8895,0
8896,0
8897,0
8898,0
8899,0
8900,0
8901,0
8902,0
8903,0
8904,0
8905,0
8906,0
8907,0
8908,0
8909,0
8910,0
8911,0
8912,0
8913,0
8914,0
8915,0
8916,0
8917,0
8918,0
8919,0
8920,0
8921,0
8922,0
8923,0
8924,0
8925,0
8926,0
8927,0
8928,0
8929,0
8930,0
8931,0
8932,0
8933,0
8934,0
8935,0
8936,0
8937,0
8938,0
8939,0
8940,0
8941,0
8942,0
8943,0
8944,0
8945,0
8946,0
8947,0
8948,0
8949,0
8950,0
8951,0
8952,0
8953,0
8954,0
8955,0
8956,0
8957,0
8958,0
8959,0
8960,0
8961,0
8962,0
8963,0
8964,0
8965,0
8966,0
8967,0
8968,0
8969,0
8970,0
8971,0
8972,0
8973,0
8974,0
8975,0
8976,0
8977,0
8978,0
8979,0
8980,0
8981,0
8982,0
8983,0
8984,0
8985,0
8986,0
8987,0
8988,0
8989,0
8990,0
8991,0
8992,0
8993,0
8994,0
8995,0
8996,0
8997,0
8998,0
8999,0
9000,0
9001,0
9002,0
9003,0
9004,0
9005,0
9006,0
9007,0
9008,0
9009,0
9010,0
9011,0
9012,0
9013,0
9014,0
9015,0
9016,0
9017,0
9018,0
9019,0
9020,0
9021,0
9022,0
9023,0
9024,0
9025,0
9026,0
9027,0
9028,0
9029,0
9030,0
9031,0
9032,0
9033,0
9034,0
9035,0
9036,0
9037,0
9038,0
9039,0
9040,0
9041,0
9042,0
9043,0
9044,0
9045,0
9046,0
9047,0
9048,0
9049,0
9050,0
9051,0
9052,0
9053,0
9054,0
9055,0
9056,0
9057,0
9058,0
9059,0
9060,0
9061,0
9062,0
9063,0
9064,0
9065,0
9066,0
9067,0
9068,0
9069,0
9070,0
9071,0
9072,0
9073,0
9074,0
9075,0
9076,0
9077,0
9078,0
9079,0
9080,0
9081,0
9082,0
9083,0
9084,0
9085,0
9086,0
9087,0
9088,0
9089,0
9090,0
9091,0
9092,0
9093,0
9094,0
9095,0
9096,0
9097,0
9098,0
9099,0
9100,0
9101,0
9102,0
9103,0
9104,0
9105,0
9106,0
9107,0
9108,0
9109,0
9110,0
9111,0
9112,0
9113,0
9114,0
9115,0
9116,0
9117,0
9118,0
9119,0
9120,0
9121,0
9122,0
9123,0
9124,0
9125,0
9126,0
9127,0
9128,0
9129,0
9130,0
9131,0
9132,0
9133,0
9134,0
9135,0
9136,0
9137,0
9138,0
9139,0
9140,0
9141,0
9142,0
9143,0
9144,0
9145,0
9146,0
9147,0
9148,0
9149,0
9150,0
9151,0
9152,0
9153,0
9154,0
9155,0
9156,0
9157,0
9158,0
9159,0
9160,0
9161,0
9162,0
9163,0
9164,0
9165,0
9166,0
9167,0
9168,0
9169,0
9170,0
9171,0
9172,0
9173,0
9174,0
9175,0
9176,0
9177,0
9178,0
9179,0
9180,0
9181,0
9182,0
9183,0
9184,0
9185,0
9186,0
9187,0
9188,0
9189,0
9190,0
9191,0
9192,0
9193,0
9194,0
9195,0
9196,0
9197,0
9198,0
9199,0
9200,0
9201,0
9202,0
9203,0
9204,0
9205,0
9206,0
9207,0
9208,0
9209,0
9210,0
9211,0
9212,0
9213,0
9214,0
9215,0
9216,0
9217,0
9218,0
9219,0
9220,0
9221,0
9222,0
9223,0
9224,0
9225,0
9226,0
9227,0
9228,0
9229,0
9230,0
9231,0
9232,0
9233,0
9234,0
9235,0
9236,0
9237,0
9238,0
9239,0
9240,0
9241,0
9242,0
9243,0
9244,0
9245,0
9246,0
9247,0
9248,0
9249,0
9250,0
9251,0
9252,0
9253,0
9254,0
9255,0
9256,0
9257,0
9258,0
9259,0
9260,0
9261,0
9262,0
9263,0
9264,0
9265,0
9266,0
9267,0
9268,0
9269,0
9270,0
9271,0
9272,0
9273,0
9274,0
9275,0
9276,0
9277,0
9278,0
9279,0
9280,0
9281,0
9282,0
9283,0
9284,0
9285,0
9286,0
9287,0
9288,0
9289,0
9290,0
9291,0
9292,0
9293,0
9294,0
9295,0
9296,0
9297,0
9298,0
9299,0
9300,0
9301,0
9302,0
9303,0
9304,0
9305,0
9306,0
9307,0
9308,0
9309,0
9310,0
9311,0
9312,0
9313,0
9314,0
9315,0
9316,0
9317,0
9318,0
9319,0
9320,0
9321,0
9322,0
9323,0
9324,0
9325,0
9326,0
9327,0
9328,0
9329,0
9330,0
9331,0
9332,0
9333,0
9334,0
9335,0
9336,0
9337,0
9338,0
9339,0
9340,0
9341,0
9342,0
9343,0
9344,0
9345,0
9346,0
9347,0
9348,0
9349,0
9350,0
9351,0
9352,0
9353,0
9354,0
9355,0
9356,0
9357,0
9358,0
9359,0
9360,0
9361,0
9362,0
9363,0
9364,0
9365,0
9366,0
9367,0
9368,0
9369,0
9370,0
9371,0
9372,0
9373,0
9374,0
9375,0
9376,0
9377,0
9378,0
9379,0
9380,0
9381,0
9382,0
9383,0
9384,0
9385,0
9386,0
9387,0
9388,0
9389,0
9390,0
9391,0
9392,0
9393,0
9394,0
9395,0
9396,0
9397,0
9398,0
9399,0
9400,0
9401,0
9402,0
9403,0
9404,0
9405,0
9406,0
9407,0
9408,0
9409,0
9410,0
9411,0
9412,0
9413,0
9414,0
9415,0
9416,0
9417,0
9418,0
9419,0
9420,0
9421,0
9422,0
9423,0
9424,0
9425,0
9426,0
9427,0
9428,0
9429,0
9430,0
9431,0
9432,0
9433,0
9434,0
9435,0
9436,0
9437,0
9438,0
9439,0
9440,0
9441,0
9442,0
9443,0
9444,0
9445,0
9446,0
9447,0
9448,0
9449,0
9450,0
9451,0
9452,0
9453,0
9454,0
9455,0
9456,0
9457,0
9458,0
9459,0
9460,0
9461,0
9462,0
9463,0
9464,0
9465,0
9466,0
9467,0
9468,0
9469,0
9470,0
9471,0
9472,0
9473,0
9474,0
9475,0
9476,0
9477,0
9478,0
9479,0
9480,0
9481,0
9482,0
9483,0
9484,0
9485,0
9486,0
9487,0
9488,0
9489,0
9490,0
9491,0
9492,0
9493,0
9494,0
9495,0
9496,0
9497,0
9498,0
9499,0
9500,0
9501,0
9502,0
9503,0
9504,0
9505,0
9506,0
9507,0
9508,0
9509,0
9510,0
9511,0
9512,0
9513,0
9514,0
9515,0
9516,0
9517,0
9518,0
9519,0
9520,0
9521,0
9522,0
9523,0
9524,0
9525,0
9526,0
9527,0
9528,0
9529,0
9530,0
9531,0
9532,0
9533,0
9534,0
9535,0
9536,0
9537,0
9538,0
9539,0
9540,0
9541,0
9542,0
9543,0
9544,0
9545,0
9546,0
9547,0
9548,0
9549,0
9550,0
9551,0
9552,0
9553,0
9554,0
9555,0
9556,0
9557,0
9558,0
9559,0
9560,0
9561,0
9562,0
9563,0
9564,0
9565,0
9566,0
9567,0
9568,0
9569,0
9570,0
9571,0
9572,0
9573,0
9574,0
9575,0
9576,0
9577,0
9578,0
9579,0
9580,0
9581,0
9582,0
9583,0
9584,0
9585,0
9586,0
9587,0
9588,0
9589,0
9590,0
9591,0
9592,0
9593,0
9594,0
9595,0
9596,0
9597,0
9598,0
9599,0
9600,0
9601,0
9602,0
9603,0
9604,0
9605,0
9606,0
9607,0
9608,0
9609,0
9610,0
9611,0
9612,0
9613,0
9614,0
9615,0
9616,0
9617,0
9618,0
9619,0
9620,0
9621,0
9622,0
9623,0
9624,0
9625,0
9626,0
9627,0
9628,0
9629,0
9630,0
9631,0
9632,0
9633,0
9634,0
9635,0
9636,0
9637,0
9638,0
9639,0
9640,0
9641,0
9642,0
9643,0
9644,0
9645,0
9646,0
9647,0
9648,0
9649,0
9650,0
9651,0
9652,0
9653,0
9654,0
9655,0
9656,0
9657,0
9658,0
9659,0
9660,0
9661,0
9662,0
9663,0
9664,0
9665,0
9666,0
9667,0
9668,0
9669,0
9670,0
9671,0
9672,0
9673,0
9674,0
9675,0
9676,0
9677,0
9678,0
9679,0
9680,0
9681,0
9682,0
9683,0
9684,0
9685,0
9686,0
9687,0
9688,0
9689,0
9690,0
9691,0
9692,0
9693,0
9694,0
9695,0
9696,0
9697,0
9698,0
9699,0
9700,0
9701,0
9702,0
9703,0
9704,0
9705,0
9706,0
9707,0
9708,0
9709,0
9710,0
9711,0
9712,0
9713,0
9714,0
9715,0
9716,0
9717,0
9718,0
9719,0
9720,0
9721,0
9722,0
9723,0
9724,0
9725,0
9726,0
9727,0
9728,0
9729,0
9730,0
9731,0
9732,0
9733,0
9734,0
9735,0
9736,0
9737,0
9738,0
9739,0
9740,0
9741,0
9742,0
9743,0
9744,0
9745,0
9746,0
9747,0
9748,0
9749,0
9750,0
9751,0
9752,0
9753,0
9754,0
9755,0
9756,0
9757,0
9758,0
9759,0
9760,0
9761,0
9762,0
9763,0
9764,0
9765,0
9766,0
9767,0
9768,0
9769,0
9770,0
9771,0
9772,0
9773,0
9774,0
9775,0
9776,0
9777,0
9778,0
9779,0
9780,0
9781,0
9782,0
9783,0
9784,0
9785,0
9786,0
9787,0
9788,0
9789,0
9790,0
9791,0
9792,0
9793,0
9794,0
9795,0
9796,0
9797,0
9798,0
9799,0
9800,0
9801,0
9802,0
9803,0
9804,0
9805,0
9806,0
9807,0
9808,0
9809,0
9810,0
9811,0
9812,0
9813,0
9814,0
9815,0
9816,0
9817,0
9818,0
9819,0
9820,0
9821,0
9822,0
9823,0
9824,0
9825,0
9826,0
9827,0
9828,0
9829,0
9830,0
9831,0
9832,0
9833,0
9834,0
9835,0
9836,0
9837,0
9838,0
9839,0
9840,0
9841,0
9842,0
9843,0
9844,0
9845,0
9846,0
9847,0
9848,0
9849,0
9850,0
9851,0
9852,0
9853,0
9854,0
9855,0
9856,0
9857,0
9858,0
9859,0
9860,0
9861,0
9862,0
9863,0
9864,0
9865,0
9866,0
9867,0
9868,0
9869,0
9870,0
9871,0
9872,0
9873,0
9874,0
9875,0
9876,0
9877,0
9878,0
9879,0
9880,0
9881,0
9882,0
9883,0
9884,0
9885,0
9886,0
9887,0
9888,0
9889,0
9890,0
9891,0
9892,0
9893,0
9894,0
9895,0
9896,0
9897,0
9898,0
9899,0
9900,0
9901,0
9902,0
9903,0
9904,0
9905,0
9906,0
9907,0
9908,0
9909,0
9910,0
9911,0
9912,0
9913,0
9914,0
9915,0
9916,0
9917,0
9918,0
9919,0
9920,0
9921,0
9922,0
9923,0
9924,0
9925,0
9926,0
9927,0
9928,0
9929,0
9930,0
9931,0
9932,0
9933,0
9934,0
9935,0
9936,0
9937,0
9938,0
9939,0
9940,0
9941,0
9942,0
9943,0
9944,0
9945,0
9946,0
9947,0
9948,0
9949,0
9950,0
9951,0
9952,0
9953,0
9954,0
9955,0
9956,0
9957,0
9958,0
9959,0
9960,0
9961,0
9962,0
9963,0
9964,0
9965,0
9966,0
9967,0
9968,0
9969,0
9970,0
9971,0
9972,0
9973,0
9974,0
9975,0
9976,0
9977,0
9978,0
9979,0
9980,0
9981,0
9982,0
9983,0
9984,0
9985,0
9986,0
9987,0
9988,0
9989,0
9990,0
9991,0
9992,0
9993,0
9994,0
9995,0
9996,0
9997,0
9998,0
9999,0
10000,0
10001,0
10002,0
10003,0
10004,0
10005,0
10006,0
10007,0
10008,0
10009,0
10010,0
10011,0
10012,0
10013,0
10014,0
10015,0
10016,0
10017,0
10018,0
10019,0
10020,0
10021,0
10022,0
10023,0
10024,0
10025,0
10026,0
10027,0
10028,0
10029,0
10030,0
10031,0
10032,0
10033,0
10034,0
10035,0
10036,0
10037,0
10038,0
10039,0
10040,0
10041,0
10042,0
10043,0
10044,0
10045,0
10046,0
10047,0
10048,0
10049,0
10050,0
10051,0
10052,0
10053,0
10054,0
10055,0
10056,0
10057,0
10058,0
10059,0
10060,0
10061,0
10062,0
10063,0
10064,0
10065,0
10066,0
10067,0
10068,0
10069,0
10070,0
10071,0
10072,0
10073,0
10074,0
10075,0
10076,0
10077,0
10078,0
10079,0
10080,0
10081,0
10082,0
10083,0
10084,0
10085,0
10086,0
10087,0
10088,0
10089,0
10090,0
10091,0
10092,0
10093,0
10094,0
10095,0
10096,0
10097,0
10098,0
10099,0
10100,0
10101,0
10102,0
10103,0
10104,0
10105,0
10106,0
10107,0
10108,0
10109,0
10110,0
10111,0
10112,0
10113,0
10114,0
10115,0
10116,0
10117,0
10118,0
10119,0
10120,0
10121,0
10122,0
10123,0
10124,0
10125,0
10126,0
10127,0
10128,0
10129,0
10130,0
10131,0
10132,0
10133,0
10134,0
10135,0
10136,0
10137,0
10138,0
10139,0
10140,0
10141,0
10142,0
10143,0
10144,0
10145,0
10146,0
10147,0
10148,0
10149,0
10150,0
10151,0
10152,0
10153,0
10154,0
10155,0
10156,0
10157,0
10158,0
10159,0
10160,0
10161,0
10162,0
10163,0
10164,0
10165,0
10166,0
10167,0
10168,0
10169,0
10170,0
10171,0
10172,0
10173,0
10174,0
10175,0
10176,0
10177,0
10178,0
10179,0
10180,0
10181,0
10182,0
10183,0
10184,0
10185,0
10186,0
10187,0
10188,0
10189,0
10190,0
10191,0
10192,0
10193,0
10194,0
10195,0
10196,0
10197,0
10198,0
10199,0
10200,0
10201,0
10202,0
10203,0
10204,0
10205,0
10206,0
10207,0
10208,0
10209,0
10210,0
10211,0
10212,0
10213,0
10214,0
10215,0
10216,0
10217,0
10218,0
10219,0
10220,0
10221,0
10222,0
10223,0
10224,0
10225,0
10226,0
10227,0
10228,0
10229,0
10230,0
10231,0
10232,0
10233,0
10234,0
10235,0
10236,0
10237,0
10238,0
10239,0
10240,0
10241,0
10242,0
10243,0
10244,0
10245,0
10246,0
10247,0
10248,0
10249,0
10250,0
10251,0
10252,0
10253,0
10254,0
10255,0
10256,0
10257,0
10258,0
10259,0
10260,0
10261,0
10262,0
10263,0
10264,0
10265,0
10266,0
10267,0
10268,0
10269,0
10270,0
10271,0
10272,0
10273,0
10274,0
10275,0
10276,0
10277,0
10278,0
10279,0
10280,0
10281,0
10282,0
10283,0
10284,0
10285,0
10286,0
10287,0
10288,0
10289,0
10290,0
10291,0
10292,0
10293,0
10294,0
10295,0
10296,0
10297,0
10298,0
10299,0
10300,0
10301,0
10302,0
10303,0
10304,0
10305,0
10306,0
10307,0
10308,0
10309,0
10310,0
10311,0
10312,0
10313,0
10314,0
10315,0
10316,0
10317,0
10318,0
10319,0
10320,0
10321,0
10322,0
10323,0
10324,0
10325,0
10326,0
10327,0
10328,0
10329,0
10330,0
10331,0
10332,0
10333,0
10334,0
10335,0
10336,0
10337,0
10338,0
10339,0
10340,0
10341,0
10342,0
10343,0
10344,0
10345,0
10346,0
10347,0
10348,0
10349,0
10350,0
10351,0
10352,0
10353,0
10354,0
10355,0
10356,0
10357,0
10358,0
10359,0
10360,0
10361,0
10362,0
10363,0
10364,0
10365,0
10366,0
10367,0
10368,0
10369,0
10370,0
10371,0
10372,0
10373,0
10374,0
10375,0
10376,0
10377,0
10378,0
10379,0
10380,0
10381,0
10382,0
10383,0
10384,0
10385,0
10386,0
10387,0
10388,0
10389,0
10390,0
10391,0
10392,0
10393,0
10394,0
10395,0
10396,0
10397,0
10398,0
10399,0
10400,0
10401,0
10402,0
10403,0
10404,0
10405,0
10406,0
10407,0
10408,0
10409,0
10410,0
10411,0
10412,0
10413,0
10414,0
10415,0
10416,0
10417,0
10418,0
10419,0
10420,0
10421,0
10422,0
10423,0
10424,0
10425,0
10426,0
10427,0
10428,0
10429,0
10430,0
10431,0
10432,0
10433,0
10434,0
10435,0
10436,0
10437,0
10438,0
10439,0
10440,0
10441,0
10442,0
10443,0
10444,0
10445,0
10446,0
10447,0
10448,0
10449,0
10450,0
10451,0
10452,0
10453,0
10454,0
10455,0
10456,0
10457,0
10458,0
10459,0
10460,0
10461,0
10462,0
10463,0
10464,0
10465,0
10466,0
10467,0
10468,0
10469,0
10470,0
10471,0
10472,0
10473,0
10474,0
10475,0
10476,0
10477,0
10478,0
10479,0
10480,0
10481,0
10482,0
10483,0
10484,0
10485,0
10486,0
10487,0
10488,0
10489,0
10490,0
10491,0
10492,0
10493,0
10494,0
10495,0
10496,0
10497,0
10498,0
10499,0
10500,0
10501,0
10502,0
10503,0
10504,0
10505,0
10506,0
10507,0
10508,0
10509,0
10510,0
10511,0
10512,0
10513,0
10514,0
10515,0
10516,0
10517,0
10518,0
10519,0
10520,0
10521,0
10522,0
10523,0
10524,0
10525,0
10526,0
10527,0
10528,0
10529,0
10530,0
10531,0
10532,0
10533,0
10534,0
10535,0
10536,0
10537,0
10538,0
10539,0
10540,0
10541,0
10542,0
10543,0
10544,0
10545,0
10546,0
10547,0
10548,0
10549,0
10550,0
10551,0
10552,0
10553,0
10554,0
10555,0
10556,0
10557,0
10558,0
10559,0
10560,0
10561,0
10562,0
10563,0
10564,0
10565,0
10566,0
10567,0
10568,0
10569,0
10570,0
10571,0
10572,0
10573,0
10574,0
10575,0
10576,0
10577,0
10578,0
10579,0
10580,0
10581,0
10582,0
10583,0
10584,0
10585,0
10586,0
10587,0
10588,0
10589,0
10590,0
10591,0
10592,0
10593,0
10594,0
10595,0
10596,0
10597,0
10598,0
10599,0
10600,0
10601,0
10602,0
10603,0
10604,0
10605,0
10606,0
10607,0
10608,0
10609,0
10610,0
10611,0
10612,0
10613,0
10614,0
10615,0
10616,0
10617,0
10618,0
10619,0
10620,0
10621,0
10622,0
10623,0
10624,0
10625,0
10626,0
10627,0
10628,0
10629,0
10630,0
10631,0
10632,0
10633,0
10634,0
10635,0
10636,0
10637,0
10638,0
10639,0
10640,0
10641,0
10642,0
10643,0
10644,0
10645,0
10646,0
10647,0
10648,0
10649,0
10650,0
10651,0
10652,0
10653,0
10654,0
10655,0
10656,0
10657,0
10658,0
10659,0
10660,0
10661,0
10662,0
10663,0
10664,0
10665,0
10666,0
10667,0
10668,0
10669,0
10670,0
10671,0
10672,0
10673,0
10674,0
10675,0
10676,0
10677,0
10678,0
10679,0
10680,0
10681,0
10682,0
10683,0
10684,0
10685,0
10686,0
10687,0
10688,0
10689,0
10690,0
10691,0
10692,0
10693,0
10694,0
10695,0
10696,0
10697,0
10698,0
10699,0
10700,0
10701,0
10702,0
10703,0
10704,0
10705,0
10706,0
10707,0
10708,0
10709,0
10710,0
10711,0
10712,0
10713,0
10714,0
10715,0
10716,0
10717,0
10718,0
10719,0
10720,0
10721,0
10722,0
10723,0
10724,0
10725,0
10726,0
10727,0
10728,0
10729,0
10730,0
10731,0
10732,0
10733,0
10734,0
10735,0
10736,0
10737,0
10738,0
10739,0
10740,0
10741,0
10742,0
10743,0
10744,0
10745,0
10746,0
10747,0
10748,0
10749,0
10750,0
10751,0
10752,0
10753,0
10754,0
10755,0
10756,0
10757,0
10758,0
10759,0
10760,0
10761,0
10762,0
10763,0
10764,0
10765,0
10766,0
10767,0
10768,0
10769,0
10770,0
10771,0
10772,0
10773,0
10774,0
10775,0
10776,0
10777,0
10778,0
10779,0
10780,0
10781,0
10782,0
10783,0
10784,0
10785,0
10786,0
10787,0
10788,0
10789,0
10790,0
10791,0
10792,0
10793,0
10794,0
10795,0
10796,0
10797,0
10798,0
10799,0
10800,0
10801,0
10802,0
10803,0
10804,0
10805,0
10806,0
10807,0
10808,0
10809,0
10810,0
10811,0
10812,0
10813,0
10814,0
10815,0
10816,0
10817,0
10818,0
10819,0
10820,0
10821,0
10822,0
10823,0
10824,0
10825,0
10826,0
10827,0
10828,0
10829,0
10830,0
10831,0
10832,0
10833,0
10834,0
10835,0
10836,0
10837,0
10838,0
10839,0
10840,0
10841,0
10842,0
10843,0
10844,0
10845,0
10846,0
10847,0
10848,0
10849,0
10850,0
10851,0
10852,0
10853,0
10854,0
10855,0
10856,0
10857,0
10858,0
10859,0
10860,0
10861,0
10862,0
10863,0
10864,0
10865,0
10866,0
10867,0
10868,0
10869,0
10870,0
10871,0
10872,0
10873,0
10874,0
10875,0
10876,0
10877,0
10878,0
10879,0
10880,0
10881,0
10882,0
10883,0
10884,0
10885,0
10886,0
10887,0
10888,0
10889,0
10890,0
10891,0
10892,0
10893,0
10894,0
10895,0
10896,0
10897,0
10898,0
10899,0
10900,0
10901,0
10902,0
10903,0
10904,0
10905,0
10906,0
10907,0
10908,0
10909,0
10910,0
10911,0
10912,0
10913,0
10914,0
10915,0
10916,0
10917,0
10918,0
10919,0
10920,0
10921,0
10922,0
10923,0
10924,0
10925,0
10926,0
10927,0
10928,0
10929,0
10930,0
10931,0
10932,0
10933,0
10934,0
10935,0
10936,0
10937,0
10938,0
10939,0
10940,0
10941,0
10942,0
10943,0
10944,0
10945,0
10946,0
10947,0
10948,0
10949,0
10950,0
10951,0
10952,0
10953,0
10954,0
10955,0
10956,0
10957,0
10958,0
10959,0
10960,0
10961,0
10962,0
10963,0
10964,0
10965,0
10966,0
10967,0
10968,0
10969,0
10970,0
10971,0
10972,0
10973,0
10974,0
10975,0
10976,0
10977,0
10978,0
10979,0
10980,0
10981,0
10982,0
10983,0
10984,0
10985,0
10986,0
10987,0
10988,0
10989,0
10990,0
10991,0
10992,0
10993,0
10994,0
10995,0
10996,0
10997,0
10998,0
10999,0
11000,0
11001,0
11002,0
11003,0
11004,0
11005,0
11006,0
11007,0
11008,0
11009,0
11010,0
11011,0
11012,0
11013,0
11014,0
11015,0
11016,0
11017,0
11018,0
11019,0
11020,0
11021,0
11022,0
11023,0
11024,0
11025,0
11026,0
11027,0
11028,0
11029,0
11030,0
11031,0
11032,0
11033,0
11034,0
11035,0
11036,0
11037,0
11038,0
11039,0
11040,0
11041,0
11042,0
11043,0
11044,0
11045,0
11046,0
11047,0
11048,0
11049,0
11050,0
11051,0
11052,0
11053,0
11054,0
11055,0
11056,0
11057,0
11058,0
11059,0
11060,0
11061,0
11062,0
11063,0
11064,0
11065,0
11066,0
11067,0
11068,0
11069,0
11070,0
11071,0
11072,0
11073,0
11074,0
11075,0
11076,0
11077,0
11078,0
11079,0
11080,0
11081,0
11082,0
11083,0
11084,0
11085,0
11086,0
11087,0
11088,0
11089,0
11090,0
11091,0
11092,0
11093,0
11094,0
11095,0
11096,0
11097,0
11098,0
11099,0
11100,0
11101,0
11102,0
11103,0
11104,0
11105,0
11106,0
11107,0
11108,0
11109,0
11110,0
11111,0
11112,0
11113,0
11114,0
11115,0
11116,0
11117,0
11118,0
11119,0
11120,0
11121,0
11122,0
11123,0
11124,0
11125,0
11126,0
11127,0
11128,0
11129,0
11130,0
11131,0
11132,0
11133,0
11134,0
11135,0
11136,0
11137,0
11138,0
11139,0
11140,0
11141,0
11142,0
11143,0
11144,0
11145,0
11146,0
11147,0
11148,0
11149,0
11150,0
11151,0
11152,0
11153,0
11154,0
11155,0
11156,0
11157,0
11158,0
11159,0
11160,0
11161,0
11162,0
11163,0
11164,0
11165,0
11166,0
11167,0
11168,0
11169,0
11170,0
11171,0
11172,0
11173,0
11174,0
11175,0
11176,0
11177,0
11178,0
11179,0
11180,0
11181,0
11182,0
11183,0
11184,0
11185,0
11186,0
11187,0
11188,0
11189,0
11190,0
11191,0
11192,0
11193,0
11194,0
11195,0
11196,0
11197,0
11198,0
11199,0
11200,0
11201,0
11202,0
11203,0
11204,0
11205,0
11206,0
11207,0
11208,0
11209,0
11210,0
11211,0
11212,0
11213,0
11214,0
11215,0
11216,0
11217,0
11218,0
11219,0
11220,0
11221,0
11222,0
11223,0
11224,0
11225,0
11226,0
11227,0
11228,0
11229,0
11230,0
11231,0
11232,0
11233,0
11234,0
11235,0
11236,0
11237,0
11238,0
11239,0
11240,0
11241,0
11242,0
11243,0
11244,0
11245,0
11246,0
11247,0
11248,0
11249,0
11250,0
11251,0
11252,0
11253,0
11254,0
11255,0
11256,0
11257,0
11258,0
11259,0
11260,0
11261,0
11262,0
11263,0
11264,0
11265,0
11266,0
11267,0
11268,0
11269,0
11270,0
11271,0
11272,0
11273,0
11274,0
11275,0
11276,0
11277,0
11278,0
11279,0
11280,0
11281,0
11282,0
11283,0
11284,0
11285,0
11286,0
11287,0
11288,0
11289,0
11290,0
11291,0
11292,0
11293,0
11294,0
11295,0
11296,0
11297,0
11298,0
11299,0
11300,0
11301,0
11302,0
11303,0
11304,0
11305,0
11306,0
11307,0
11308,0
11309,0
11310,0
11311,0
11312,0
11313,0
11314,0
11315,0
11316,0
11317,0
11318,0
11319,0
11320,0
11321,0
11322,0
11323,0
11324,0
11325,0
11326,0
11327,0
11328,0
11329,0
11330,0
11331,0
11332,0
11333,0
11334,0
11335,0
11336,0
11337,0
11338,0
11339,0
11340,0
11341,0
11342,0
11343,0
11344,0
11345,0
11346,0
11347,0
11348,0
11349,0
11350,0
11351,0
11352,0
11353,0
11354,0
11355,0
11356,0
11357,0
11358,0
11359,0
11360,0
11361,0
11362,0
11363,0
11364,0
11365,0
11366,0
11367,0
11368,0
11369,0
11370,0
11371,0
11372,0
11373,0
11374,0
11375,0
11376,0
11377,0
11378,0
11379,0
11380,0
11381,0
11382,0
11383,0
11384,0
11385,0
11386,0
11387,0
11388,0
11389,0
11390,0
11391,0
11392,0
11393,0
11394,0
11395,0
11396,0
11397,0
11398,0
11399,0
11400,0
11401,0
11402,0
11403,0
11404,0
11405,0
11406,0
11407,0
11408,0
11409,0
11410,0
11411,0
11412,0
11413,0
11414,0
11415,0
11416,0
11417,0
11418,0
11419,0
11420,0
11421,0
11422,0
11423,0
11424,0
11425,0
11426,0
11427,0
11428,0
11429,0
11430,0
11431,0
11432,0
11433,0
11434,0
11435,0
11436,0
11437,0
11438,0
11439,0
11440,0
11441,0
11442,0
11443,0
11444,0
11445,0
11446,0
11447,0
11448,0
11449,0
11450,0
11451,0
11452,0
11453,0
11454,0
11455,0
11456,0
11457,0
11458,0
11459,0
11460,0
11461,0
11462,0
11463,0
11464,0
11465,0
11466,0
11467,0
11468,0
11469,0
11470,0
11471,0
11472,0
11473,0
11474,0
11475,0
11476,0
11477,0
11478,0
11479,0
11480,0
11481,0
11482,0
11483,0
11484,0
11485,0
11486,0
11487,0
11488,0
11489,0
11490,0
11491,0
11492,0
11493,0
11494,0
11495,0
11496,0
11497,0
11498,0
11499,0
11500,0
11501,0
11502,0
11503,0
11504,0
11505,0
11506,0
11507,0
11508,0
11509,0
11510,0
11511,0
11512,0
11513,0
11514,0
11515,0
11516,0
11517,0
11518,0
11519,0
11520,0
11521,0
11522,0
11523,0
11524,0
11525,0
11526,0
11527,0
11528,0
11529,0
11530,0
11531,0
11532,0
11533,0
11534,0
11535,0
11536,0
11537,0
11538,0
11539,0
11540,0
11541,0
11542,0
11543,0
11544,0
11545,0
11546,0
11547,0
11548,0
11549,0
11550,0
11551,0
11552,0
11553,0
11554,0
11555,0
11556,0
11557,0
11558,0
11559,0
11560,0
11561,0
11562,0
11563,0
11564,0
11565,0
11566,0
11567,0
11568,0
11569,0
11570,0
11571,0
11572,0
11573,0
11574,0
11575,0
11576,0
11577,0
11578,0
11579,0
11580,0
11581,0
11582,0
11583,0
11584,0
11585,0
11586,0
11587,0
11588,0
11589,0
11590,0
11591,0
11592,0
11593,0
11594,0
11595,0
11596,0
11597,0
11598,0
11599,0
11600,0
11601,0
11602,0
11603,0
11604,0
11605,0
11606,0
11607,0
11608,0
11609,0
11610,0
11611,0
11612,0
11613,0
11614,0
11615,0
11616,0
11617,0
11618,0
11619,0
11620,0
11621,0
11622,0
11623,0
11624,0
11625,0
11626,0
11627,0
11628,0
11629,0
11630,0
11631,0
11632,0
11633,0
11634,0
11635,0
11636,0
11637,0
11638,0
11639,0
11640,0
11641,0
11642,0
11643,0
11644,0
11645,0
11646,0
11647,0
11648,0
11649,0
11650,0
11651,0
11652,0
11653,0
11654,0
11655,0
11656,0
11657,0
11658,0
11659,0
11660,0
11661,0
11662,0
11663,0
11664,0
11665,0
11666,0
11667,0
11668,0
11669,0
11670,0
11671,0
11672,0
11673,0
11674,0
11675,0
11676,0
11677,0
11678,0
11679,0
11680,0
11681,0
11682,0
11683,0
11684,0
11685,0
11686,0
11687,0
11688,0
11689,0
11690,0
11691,0
11692,0
11693,0
11694,0
11695,0
11696,0
11697,0
11698,0
11699,0
11700,0
11701,0
11702,0
11703,0
11704,0
11705,0
11706,0
11707,0
11708,0
11709,0
11710,0
11711,0
11712,0
11713,0
11714,0
11715,0
11716,0
11717,0
11718,0
11719,0
11720,0
11721,0
11722,0
11723,0
11724,0
11725,0
11726,0
11727,0
11728,0
11729,0
11730,0
11731,0
11732,0
11733,0
11734,0
11735,0
11736,0
11737,0
11738,0
11739,0
11740,0
11741,0
11742,0
11743,0
11744,0
11745,0
11746,0
11747,0
11748,0
11749,0
11750,0
11751,0
11752,0
11753,0
11754,0
11755,0
11756,0
11757,0
11758,0
11759,0
11760,0
11761,0
11762,0
11763,0
11764,0
11765,0
11766,0
11767,0
11768,0
11769,0
11770,0
11771,0
11772,0
11773,0
11774,0
11775,0
11776,0
11777,0
11778,0
11779,0
11780,0
11781,0
11782,0
11783,0
11784,0
11785,0
11786,0
11787,0
11788,0
11789,0
11790,0
11791,0
11792,0
11793,0
11794,0
11795,0
11796,0
11797,0
11798,0
11799,0
11800,0
11801,0
11802,0
11803,0
11804,0
11805,0
11806,0
11807,0
11808,0
11809,0
11810,0
11811,0
11812,0
11813,0
11814,0
11815,0
11816,0
11817,0
11818,0
11819,0
11820,0
11821,0
11822,0
11823,0
11824,0
11825,0
11826,0
11827,0
11828,0
11829,0
11830,0
11831,0
11832,0
11833,0
11834,0
11835,0
11836,0
11837,0
11838,0
11839,0
11840,0
11841,0
11842,0
11843,0
11844,0
11845,0
11846,0
11847,0
11848,0
11849,0
11850,0
11851,0
11852,0
11853,0
11854,0
11855,0
11856,0
11857,0
11858,0
11859,0
11860,0
11861,0
11862,0
11863,0
11864,0
11865,0
11866,0
11867,0
11868,0
11869,0
11870,0
11871,0
11872,0
11873,0
11874,0
11875,0
11876,0
11877,0
11878,0
11879,0
11880,0
11881,0
11882,0
11883,0
11884,0
11885,0
11886,0
11887,0
11888,0
11889,0
11890,0
11891,0
11892,0
11893,0
11894,0
11895,0
11896,0
11897,0
11898,0
11899,0
11900,0
11901,0
11902,0
11903,0
11904,0
11905,0
11906,0
11907,0
11908,0
11909,0
11910,0
11911,0
11912,0
11913,0
11914,0
11915,0
11916,0
11917,0
11918,0
11919,0
11920,0
11921,0
11922,0
11923,0
11924,0
11925,0
11926,0
11927,0
11928,0
11929,0
11930,0
11931,0
11932,0
11933,0
11934,0
11935,0
11936,0
11937,0
11938,0
11939,0
11940,0
11941,0
11942,0
11943,0
11944,0
11945,0
11946,0
11947,0
11948,0
11949,0
11950,0
11951,0
11952,0
11953,0
11954,0
11955,0
11956,0
11957,0
11958,0
11959,0
11960,0
11961,0
11962,0
11963,0
11964,0
11965,0
11966,0
11967,0
11968,0
11969,0
11970,0
11971,0
11972,0
11973,0
11974,0
11975,0
11976,0
11977,0
11978,0
11979,0
11980,0
11981,0
11982,0
11983,0
11984,0
11985,0
11986,0
11987,0
11988,0
11989,0
11990,0
11991,0
11992,0
11993,0
11994,0
11995,0
11996,0
11997,0
11998,0
11999,0
12000,0
12001,0
12002,0
12003,0
12004,0
12005,0
12006,0
12007,0
12008,0
12009,0
12010,0
12011,0
12012,0
12013,0
12014,0
12015,0
12016,0
12017,0
12018,0
12019,0
12020,0
12021,0
12022,0
12023,0
12024,0
12025,0
12026,0
12027,0
12028,0
12029,0
12030,0
12031,0
12032,0
12033,0
12034,0
12035,0
12036,0
12037,0
12038,0
12039,0
12040,0
12041,0
12042,0
12043,0
12044,0
12045,0
12046,0
12047,0
12048,0
12049,0
12050,0
12051,0
12052,0
12053,0
12054,0
12055,0
12056,0
12057,0
12058,0
12059,0
12060,0
12061,0
12062,0
12063,0
12064,0
12065,0
12066,0
12067,0
12068,0
12069,0
12070,0
12071,0
12072,0
12073,0
12074,0
12075,0
12076,0
12077,0
12078,0
12079,0
12080,0
12081,0
12082,0
12083,0
12084,0
12085,0
12086,0
12087,0
12088,0
12089,0
12090,0
12091,0
12092,0
12093,0
12094,0
12095,0
12096,0
12097,0
12098,0
12099,0
12100,0
12101,0
12102,0
12103,0
12104,0
12105,0
12106,0
12107,0
12108,0
12109,0
12110,0
12111,0
12112,0
12113,0
12114,0
12115,0
12116,0
12117,0
12118,0
12119,0
12120,0
12121,0
12122,0
12123,0
12124,0
12125,0
12126,0
12127,0
12128,0
12129,0
12130,0
12131,0
12132,0
12133,0
12134,0
12135,0
12136,0
12137,0
12138,0
12139,0
12140,0
12141,0
12142,0
12143,0
12144,0
12145,0
12146,0
12147,0
12148,0
12149,0
12150,0
12151,0
12152,0
12153,0
12154,0
12155,0
12156,0
12157,0
12158,0
12159,0
12160,0
12161,0
12162,0
12163,0
12164,0
12165,0
12166,0
12167,0
12168,0
12169,0
12170,0
12171,0
12172,0
12173,0
12174,0
12175,0
12176,0
12177,0
12178,0
12179,0
12180,0
12181,0
12182,0
12183,0
12184,0
12185,0
12186,0
12187,0
12188,0
12189,0
12190,0
12191,0
12192,0
12193,0
12194,0
12195,0
12196,0
12197,0
12198,0
12199,0
12200,0
12201,0
