tick,tiles
1,0
2,0
3,30
4,30
5,34
6,40
7,45
8,52
9,58
10,64
11,71
12,78
13,85
14,93
15,104
16,117
17,129
18,141
19,155
20,169
21,183
22,198
23,214
24,232
25,248
26,266
27,283
28,302
29,321
30,342
31,362
32,383
33,406
34,429
35,452
36,475
37,499
38,524
39,549
40,576
41,603
42,630
43,659
44,688
45,718
46,748
47,779
48,808
49,839
50,871
51,902
52,933
53,964
54,997
55,1030
56,1062
57,1096
58,1129
59,1163
60,1198
61,1235
62,1270
63,1301
64,1329
65,1368
66,1407
67,1445
68,1481
69,1514
70,1545
71,1573
72,1599
73,1624
74,1646
75,1685
76,1719
77,1751
78,1780
79,1806
80,1830
81,1852
82,1873
83,1891
84,1907
85,1942
86,1973
87,2001
88,2026
89,2050
90,2071
91,2090
92,2107
93,2123
94,2137
95,2170
96,2199
97,2225
98,2248
99,2269
100,2288
101,2305
102,2321
103,2335
104,2348
105,2379
106,2406
107,2430
108,2452
109,2472
110,2489
111,2505
112,2519
113,2532
114,2544
115,2573
116,2599
117,2622
118,2643
119,2662
120,2679
121,2694
122,2708
123,2721
124,2732
125,2762
126,2787
127,2810
128,2830
129,2848
130,2864
131,2878
132,2891
133,2902
134,2912
135,2940
136,2965
137,2988
138,3008
139,3026
140,3042
141,3056
142,3069
143,3080
144,3090
145,3117
146,3142
147,3164
148,3183
149,3200
150,3215
151,3228
152,3239
153,3249
154,3258
155,3285
156,3309
157,3330
158,3349
159,3365
160,3380
161,3393
162,3404
163,3414
164,3423
165,3448
166,3472
167,3493
168,3511
169,3527
170,3541
171,3554
172,3565
173,3575
174,3584
175,3609
176,3631
177,3651
178,3669
179,3685
180,3699
181,3712
182,3723
183,3733
184,3741
185,3766
186,3789
187,3808
188,3826
189,3841
190,3855
191,3867
192,3878
193,3887
194,3895
195,3919
196,3941
197,3960
198,3977
199,3992
200,4006
201,4018
202,4029
203,4038
204,4046
205,4070
206,4092
207,4111
208,4128
209,4143
210,4156
211,4168
212,4178
213,4187
214,4195
215,4219
216,4241
217,4259
218,4276
219,4291
220,4304
221,4316
222,4326
223,4335
224,4343
225,4367
226,4388
227,4406
228,4422
229,4436
230,4449
231,4460
232,4470
233,4479
234,4487
235,4510
236,4531
237,4549
238,4565
239,4579
240,4592
241,4603
242,4613
243,4621
244,4628
245,4650
246,4670
247,4688
248,4704
249,4718
250,4730
251,4741
252,4751
253,4759
254,4766
255,4789
256,4809
257,4827
258,4843
259,4857
260,4869
261,4880
262,4889
263,4897
264,4904
265,4927
266,4947
267,4964
268,4980
269,4994
270,5006
271,5017
272,5026
273,5034
274,5041
275,5064
276,5084
277,5102
278,5117
279,5130
280,5142
281,5152
282,5161
283,5169
284,5176
285,5198
286,5218
287,5235
288,5250
289,5263
290,5275
291,5285
292,5294
293,5302
294,5309
295,5331
296,5351
297,5368
298,5383
299,5396
300,5408
301,5418
302,5427
303,5435
304,5442
305,5464
306,5484
307,5501
308,5516
309,5529
310,5541
311,5551
312,5560
313,5568
314,5575
315,5598
316,5618
317,5635
318,5650
319,5663
320,5675
321,5685
322,5694
323,5701
324,5708
325,5730
326,5749
327,5766
328,5781
329,5794
330,5805
331,5815
332,5824
333,5831
334,5837
335,5859
336,5878
337,5895
338,5910
339,5923
340,5934
341,5944
342,5952
343,5959
344,5966
345,5987
346,6006
347,6022
348,6037
349,6050
350,6061
351,6071
352,6080
353,6087
354,6094
355,6116
356,6135
357,6151
358,6166
359,6178
360,6189
361,6199
362,6207
363,6214
364,6221
365,6243
366,6262
367,6279
368,6293
369,6306
370,6317
371,6327
372,6335
373,6342
374,6348
375,6370
376,6389
377,6405
378,6419
379,6431
380,6442
381,6451
382,6459
383,6466
384,6472
385,6493
386,6512
387,6528
388,6543
389,6555
390,6566
391,6575
392,6584
393,6591
394,6597
395,6619
396,6637
397,6653
398,6667
399,6680
400,6691
401,6700
402,6709
403,6716
404,6722
405,6743
406,6762
407,6778
408,6792
409,6804
410,6815
411,6825
412,6833
413,6840
414,6846
415,6867
416,6885
417,6901
418,6915
419,6927
420,6938
421,6947
422,6955
423,6962
424,6968
425,6989
426,7007
427,7023
428,7037
429,7050
430,7061
431,7070
432,7078
433,7085
434,7092
435,7113
436,7131
437,7147
438,7161
439,7173
440,7184
441,7194
442,7202
443,7210
444,7216
445,7237
446,7256
447,7272
448,7286
449,7298
450,7309
451,7318
452,7326
453,7333
454,7339
455,7360
456,7378
457,7394
458,7408
459,7420
460,7431
461,7440
462,7448
463,7455
464,7461
465,7481
466,7499
467,7515
468,7529
469,7542
470,7553
471,7562
472,7570
473,7577
474,7583
475,7603
476,7621
477,7637
478,7651
479,7663
480,7674
481,7683
482,7691
483,7698
484,7705
485,7725
486,7744
487,7760
488,7774
489,7786
490,7797
491,7806
492,7814
493,7821
494,7827
495,7848
496,7866
497,7882
498,7896
499,7908
500,7919
501,7928
502,7936
503,7943
504,7949
505,7969
506,7987
507,8003
508,8017
509,8029
510,8040
511,8049
512,8057
513,8064
514,8070
515,8091
516,8109
517,8125
518,8139
519,8151
520,8162
521,8171
522,8179
523,8186
524,8192
525,8212
526,8230
527,8245
528,8259
529,8271
530,8281
531,8290
532,8298
533,8305
534,8311
535,8331
536,8349
537,8365
538,8379
539,8391
540,8401
541,8410
542,8418
543,8425
544,8431
545,8451
546,8469
547,8484
548,8498
549,8510
550,8521
551,8530
552,8538
553,8545
554,8551
555,8571
556,8589
557,8604
558,8618
559,8630
560,8641
561,8650
562,8658
563,8665
564,8671
565,8691
566,8709
567,8725
568,8739
569,8751
570,8762
571,8771
572,8779
573,8786
574,8792
575,8812
576,8830
577,8845
578,8859
579,8871
580,8882
581,8891
582,8899
583,8906
584,8912
585,8931
586,8949
587,8965
588,8978
589,8990
590,9001
591,9010
592,9018
593,9025
594,9031
595,9051
596,9068
597,9083
598,9097
599,9109
600,9119
601,9128
602,9136
603,9144
604,9151
605,9171
606,9188
607,9204
608,9217
609,9229
610,9239
611,9248
612,9256
613,9263
614,9270
615,9289
616,9306
617,9321
618,9334
619,9346
620,9357
621,9367
622,9375
623,9382
624,9389
625,9408
626,9425
627,9440
628,9453
629,9465
630,9476
631,9485
632,9493
633,9500
634,9507
635,9526
636,9543
637,9558
638,9572
639,9584
640,9595
641,9604
642,9613
643,9620
644,9627
645,9646
646,9663
647,9678
648,9692
649,9704
650,9715
651,9724
652,9732
653,9740
654,9747
655,9766
656,9783
657,9798
658,9811
659,9823
660,9833
661,9843
662,9851
663,9859
664,9866
665,9885
666,9902
667,9917
668,9930
669,9942
670,9953
671,9962
672,9970
673,9977
674,9984
675,10003
676,10020
677,10035
678,10048
679,10060
680,10071
681,10081
682,10089
683,10097
684,10104
685,10123
686,10140
687,10155
688,10168
689,10180
690,10191
691,10200
692,10209
693,10217
694,10224
695,10242
696,10258
697,10273
698,10286
699,10298
700,10309
701,10318
702,10326
703,10334
704,10341
705,10360
706,10376
707,10391
708,10404
709,10416
710,10427
711,10436
712,10445
713,10453
714,10460
715,10479
716,10496
717,10511
718,10524
719,10536
720,10547
721,10556
722,10564
723,10572
724,10579
725,10598
726,10614
727,10629
728,10642
729,10654
730,10664
731,10674
732,10682
733,10690
734,10697
735,10715
736,10731
737,10746
738,10759
739,10771
740,10782
741,10792
742,10801
743,10809
744,10816
745,10834
746,10850
747,10864
748,10877
749,10889
750,10899
751,10909
752,10918
753,10926
754,10933
755,10950
756,10966
757,10980
758,10993
759,11005
760,11016
761,11026
762,11035
763,11043
764,11050
765,11067
766,11083
767,11098
768,11111
769,11123
770,11134
771,11144
772,11153
773,11161
774,11168
775,11185
776,11201
777,11215
778,11228
779,11240
780,11251
781,11261
782,11270
783,11278
784,11285
785,11302
786,11317
787,11331
788,11344
789,11355
790,11366
791,11376
792,11385
793,11393
794,11400
795,11417
796,11433
797,11447
798,11460
799,11472
800,11483
801,11493
802,11502
803,11510
804,11517
805,11533
806,11549
807,11563
808,11576
809,11587
810,11597
811,11607
812,11616
813,11624
814,11631
815,11647
816,11662
817,11675
818,11688
819,11699
820,11709
821,11719
822,11728
823,11736
824,11744
825,11760
826,11775
827,11788
828,11800
829,11812
830,11823
831,11833
832,11842
833,11850
834,11858
835,11873
836,11888
837,11901
838,11913
839,11924
840,11935
841,11945
842,11954
843,11963
844,11971
845,11986
846,12000
847,12013
848,12025
849,12036
850,12047
851,12057
852,12066
853,12074
854,12082
855,12098
856,12111
857,12124
858,12136
859,12147
860,12158
861,12167
862,12176
863,12185
864,12193
865,12207
866,12220
867,12232
868,12243
869,12253
870,12263
871,12272
872,12281
873,12289
874,12296
875,12309
876,12321
877,12331
878,12341
879,12350
880,12357
881,12364
882,12370
883,12376
884,12382
885,12390
886,12397
887,12402
888,12407
889,12411
890,12415
891,12417
892,12420
893,12422
894,12424
895,12425
896,12425
897,12425
898,12425
899,12425
900,12425
901,12425
902,12425
903,12425
904,12425
905,12425
906,12425
907,12425
908,12425
909,12425
910,12425
911,12425
912,12425
913,12425
914,12425
915,12425
916,12425
917,12425
918,12425
919,12425
920,12425
921,12425
922,12425
923,12425
924,12425
925,12425
926,12425
927,12425
928,12425
929,12425
930,12425
931,12425
932,12425
933,12425
934,12425
935,12425
936,12425
937,12425
938,12425
939,12425
940,12425
941,12425
942,12425
943,12425
944,12425
945,12425
946,12425
947,12425
948,12425
949,12425
950,12425
951,12425
952,12425
953,12425
954,12425
955,12425
956,12425
957,12425
958,12425
959,12425
960,12425
961,12425
962,12425
963,12425
964,12425
965,12425
966,12425
967,12425
968,12425
969,12425
970,12425
971,12425
972,12425
973,12425
974,12425
975,12425
976,12425
977,12425
978,12425
979,12425
980,12425
981,12425
982,12425
983,12425
984,12425
985,12425
986,12425
987,12425
988,12425
989,12425
990,12425
991,12425
992,12425
993,12425
994,12425
995,12425
996,12425
997,12425
998,12425
999,12425
1000,12425
1001,12425
1002,12425
1003,12425
1004,12425
1005,12425
1006,12425
1007,12425
1008,12425
1009,12425
1010,12425
1011,12425
1012,12425
1013,12425
1014,12425
1015,12425
1016,12425
1017,12425
1018,12425
1019,12425
1020,12425
1021,12425
1022,12425
1023,12425
1024,12425
1025,12425
1026,12425
1027,12425
1028,12425
1029,12425
1030,12425
1031,12425
1032,12425
1033,12425
1034,12425
1035,12425
1036,12425
1037,12425
1038,12425
1039,12425
1040,12425
1041,12425
1042,12425
1043,12425
1044,12425
1045,12425
1046,12425
1047,12425
1048,12425
1049,12425
1050,12425
1051,12425
1052,12425
1053,12425
1054,12425
1055,12425
1056,12425
1057,12425
1058,12425
1059,12425
1060,12425
1061,12425
1062,12425
1063,12425
1064,12425
1065,12425
1066,12425
1067,12425
1068,12425
1069,12425
1070,12425
1071,12425
1072,12425
1073,12425
1074,12425
1075,12425
1076,12425
1077,12425
1078,12425
1079,12425
1080,12425
1081,12425
1082,12425
1083,12425
1084,12425
1085,12425
1086,12425
1087,12425
1088,12425
1089,12425
1090,12425
1091,12425
1092,12425
1093,12425
1094,12425
1095,12425
1096,12425
1097,12425
1098,12425
1099,12425
1100,12425
1101,12425
1102,12425
1103,12425
1104,12425
1105,12425
1106,12425
1107,12425
1108,12425
1109,12425
1110,12425
1111,12425
1112,12425
1113,12425
1114,12425
1115,12425
1116,12425
1117,12425
1118,12425
1119,12425
1120,12425
1121,12425
1122,12425
1123,12425
1124,12425
1125,12425
1126,12425
1127,12425
1128,12425
1129,12425
1130,12425
1131,12425
1132,12425
1133,12425
1134,12425
1135,12425
1136,12425
1137,12425
1138,12425
1139,12425
1140,12425
1141,12425
1142,12425
1143,12425
1144,12425
1145,12425
1146,12425
1147,12425
1148,12425
1149,12425
1150,12425
1151,12425
1152,12425
1153,12425
1154,12425
1155,12425
1156,12425
1157,12425
1158,12425
1159,12425
1160,12425
1161,12425
1162,12425
1163,12425
1164,12425
1165,12425
1166,12425
1167,12425
1168,12425
1169,12425
1170,12425
1171,12425
1172,12425
1173,12425
1174,12425
1175,12425
1176,12425
1177,12425
1178,12425
1179,12425
1180,12425
1181,12425
1182,12425
1183,12425
1184,12425
1185,12425
1186,12425
1187,12425
1188,12425
1189,12425
1190,12425
1191,12425
1192,12425
1193,12425
1194,12425
1195,12425
1196,12425
1197,12425
1198,12425
1199,12425
1200,12425
1201,12425
1202,12425
1203,12425
1204,12425
1205,12425
1206,12425
1207,12425
1208,12425
1209,12425
1210,12425
1211,12425
1212,12425
1213,12425
1214,12425
1215,12425
1216,12425
1217,12425
1218,12425
1219,12425
1220,12425
1221,12425
1222,12425
1223,12425
1224,12425
1225,12425
1226,12425
1227,12425
1228,12425
1229,12425
1230,12425
1231,12425
1232,12425
1233,12425
1234,12425
1235,12425
1236,12425
1237,12425
1238,12425
1239,12425
1240,12425
1241,12425
1242,12425
1243,12425
1244,12425
1245,12425
1246,12425
1247,12425
1248,12425
1249,12425
1250,12425
1251,12425
1252,12425
1253,12425
1254,12425
1255,12425
1256,12425
1257,12425
1258,12425
1259,12425
1260,12425
1261,12425
1262,12425
1263,12425
1264,12425
1265,12425
1266,12425
1267,12425
1268,12425
1269,12425
1270,12425
1271,12425
1272,12425
1273,12425
1274,12425
1275,12425
1276,12425
1277,12425
1278,12425
1279,12425
1280,12425
1281,12425
1282,12425
1283,12425
1284,12425
1285,12425
1286,12425
1287,12425
1288,12425
1289,12425
1290,12425
1291,12425
1292,12425
1293,12425
1294,12425
1295,12425
1296,12425
1297,12425
1298,12425
1299,12425
1300,12425
1301,12425
1302,12425
1303,12425
1304,12425
1305,12425
1306,12425
1307,12425
1308,12425
1309,12425
1310,12425
1311,12425
1312,12425
1313,12425
1314,12425
1315,12425
1316,12425
1317,12425
1318,12425
1319,12425
1320,12425
1321,12425
1322,12425
1323,12425
1324,12425
1325,12425
1326,12425
1327,12425
1328,12425
1329,12425
1330,12425
1331,12425
1332,12425
1333,12425
1334,12425
1335,12425
1336,12425
1337,12425
1338,12425
1339,12425
1340,12425
1341,12425
1342,12425
1343,12425
1344,12425
1345,12425
1346,12425
1347,12425
1348,12425
1349,12425
1350,12425
1351,12425
1352,12425
1353,12425
1354,12425
1355,12425
1356,12425
1357,12425
1358,12425
1359,12425
1360,12425
1361,12425
1362,12425
1363,12425
1364,12425
1365,12425
1366,12425
1367,12425
1368,12425
1369,12425
1370,12425
1371,12425
1372,12425
1373,12425
1374,12425
1375,12425
1376,12425
1377,12425
1378,12425
1379,12425
1380,12425
1381,12425
1382,12425
1383,12425
1384,12425
1385,12425
1386,12425
1387,12425
1388,12425
1389,12425
1390,12425
1391,12425
1392,12425
1393,12425
1394,12425
1395,12425
1396,12425
1397,12425
1398,12425
1399,12425
1400,12425
1401,12425
1402,12425
1403,12425
1404,12425
1405,12425
1406,12425
1407,12425
1408,12425
1409,12425
1410,12425
1411,12425
1412,12425
1413,12425
1414,12425
1415,12425
1416,12425
1417,12425
1418,12425
1419,12425
1420,12425
1421,12425
1422,12425
1423,12425
1424,12425
1425,12425
1426,12425
1427,12425
1428,12425
1429,12425
1430,12425
1431,12425
1432,12425
1433,12425
1434,12425
1435,12425
1436,12425
1437,12425
1438,12425
1439,12425
1440,12425
1441,12425
1442,12425
1443,12425
1444,12425
1445,12425
1446,12425
1447,12425
1448,12425
1449,12425
1450,12425
1451,12425
1452,12425
1453,12425
1454,12425
1455,12425
1456,12425
1457,12425
1458,12425
1459,12425
1460,12425
1461,12425
1462,12425
1463,12425
1464,12425
1465,12425
1466,12425
1467,12425
1468,12425
1469,12425
1470,12425
1471,12425
1472,12425
1473,12425
1474,12425
1475,12425
1476,12425
1477,12425
1478,12425
1479,12425
1480,12425
1481,12425
1482,12425
1483,12425
1484,12425
1485,12425
1486,12425
1487,12425
1488,12425
1489,12425
1490,12425
1491,12425
1492,12425
1493,12425
1494,12425
1495,12425
1496,12425
1497,12425
1498,12425
1499,12425
1500,12425
1501,12425
1502,12425
1503,12425
1504,12425
1505,12425
1506,12425
1507,12425
1508,12425
1509,12425
1510,12425
1511,12425
1512,12425
1513,12425
1514,12425
1515,12425
1516,12425
1517,12425
1518,12425
1519,12425
1520,12425
1521,12425
1522,12425
1523,12425
1524,12425
1525,12425
1526,12425
1527,12425
1528,12425
1529,12425
1530,12425
1531,12425
1532,12425
1533,12425
1534,12425
1535,12425
1536,12425
1537,12425
1538,12425
1539,12425
1540,12425
1541,12425
1542,12425
1543,12425
1544,12425
1545,12425
1546,12425
1547,12425
1548,12425
1549,12425
1550,12425
1551,12425
1552,12425
1553,12425
1554,12425
1555,12425
1556,12425
1557,12425
1558,12425
1559,12425
1560,12425
1561,12425
1562,12425
1563,12425
1564,12425
1565,12425
1566,12425
1567,12425
1568,12425
1569,12425
1570,12425
1571,12425
1572,12425
1573,12425
1574,12425
1575,12425
1576,12425
1577,12425
1578,12425
1579,12425
1580,12425
1581,12425
1582,12425
1583,12425
1584,12425
1585,12425
1586,12425
1587,12425
1588,12425
1589,12425
1590,12425
1591,12425
1592,12425
1593,12425
1594,12425
1595,12425
1596,12425
1597,12425
1598,12425
1599,12425
1600,12425
1601,12425
1602,12425
1603,12425
1604,12425
1605,12425
1606,12425
1607,12425
1608,12425
1609,12425
1610,12425
1611,12425
1612,12425
1613,12425
1614,12425
1615,12425
1616,12425
1617,12425
1618,12425
1619,12425
1620,12425
1621,12425
1622,12425
1623,12425
1624,12425
1625,12425
1626,12425
1627,12425
1628,12425
1629,12425
1630,12425
1631,12425
1632,12425
1633,12425
1634,12425
1635,12425
1636,12425
1637,12425
1638,12425
1639,12425
1640,12425
1641,12425
1642,12425
1643,12425
1644,12425
1645,12425
1646,12425
1647,12425
1648,12425
1649,12425
1650,12425
1651,12425
1652,12425
1653,12425
1654,12425
1655,12425
1656,12425
1657,12425
1658,12425
1659,12425
1660,12425
1661,12425
1662,12425
1663,12425
1664,12425
1665,12425
1666,12425
1667,12425
1668,12425
1669,12425
1670,12425
1671,12425
1672,12425
1673,12425
1674,12425
1675,12425
1676,12425
1677,12425
1678,12425
1679,12425
1680,12425
1681,12425
1682,12425
1683,12425
1684,12425
1685,12425
1686,12425
1687,12425
1688,12425
1689,12425
1690,12425
1691,12425
1692,12425
1693,12425
1694,12425
1695,12425
1696,12425
1697,12425
1698,12425
1699,12425
1700,12425
1701,12425
1702,12425
1703,12425
1704,12425
1705,12425
1706,12425
1707,12425
1708,12425
1709,12425
1710,12425
1711,12425
1712,12425
1713,12425
1714,12425
1715,12425
1716,12425
1717,12425
1718,12425
1719,12425
1720,12425
1721,12425
1722,12425
1723,12425
1724,12425
1725,12425
1726,12425
1727,12425
1728,12425
1729,12425
1730,12425
1731,12425
1732,12425
1733,12425
1734,12425
1735,12425
1736,12425
1737,12425
1738,12425
1739,12425
1740,12425
1741,12425
1742,12425
1743,12425
1744,12425
1745,12425
1746,12425
1747,12425
1748,12425
1749,12425
1750,12425
1751,12425
1752,12425
1753,12425
1754,12425
1755,12425
1756,12425
1757,12425
1758,12425
1759,12425
1760,12425
1761,12425
1762,12425
1763,12425
1764,12425
1765,12425
1766,12425
1767,12425
1768,12425
1769,12425
1770,12425
1771,12425
1772,12425
1773,12425
1774,12425
1775,12425
1776,12425
1777,12425
1778,12425
1779,12425
1780,12425
1781,12425
1782,12425
1783,12425
1784,12425
1785,12425
1786,12425
1787,12425
1788,12425
1789,12425
1790,12425
1791,12425
1792,12425
1793,12425
1794,12425
1795,12425
1796,12425
1797,12425
1798,12425
1799,12425
1800,12425
1801,12425
1802,12425
1803,12425
1804,12425
1805,12425
1806,12425
1807,12425
1808,12425
1809,12425
1810,12425
1811,12425
1812,12425
1813,12425
1814,12425
1815,12425
1816,12425
1817,12425
1818,12425
1819,12425
1820,12425
1821,12425
1822,12425
1823,12425
1824,12425
1825,12425
1826,12425
1827,12425
1828,12425
1829,12425
1830,12425
1831,12425
1832,12425
1833,12425
1834,12425
1835,12425
1836,12425
1837,12425
1838,12425
1839,12425
1840,12425
1841,12425
1842,12425
1843,12425
1844,12425
1845,12425
1846,12425
1847,12425
1848,12425
1849,12425
1850,12425
1851,12425
1852,12425
1853,12425
1854,12425
1855,12425
1856,12425
1857,12425
1858,12425
1859,12425
1860,12425
1861,12425
1862,12425
1863,12425
1864,12425
1865,12425
1866,12425
1867,12425
1868,12425
1869,12425
1870,12425
1871,12425
1872,12425
1873,12425
1874,12425
1875,12425
1876,12425
1877,12425
1878,12425
1879,12425
1880,12425
1881,12425
1882,12425
1883,12425
1884,12425
1885,12425
1886,12425
1887,12425
1888,12425
1889,12425
1890,12425
1891,12425
1892,12425
1893,12425
1894,12425
1895,12425
1896,12425
1897,12425
1898,12425
1899,12425
1900,12425
1901,12425
1902,12425
1903,12425
1904,12425
1905,12425
1906,12425
1907,12425
1908,12425
1909,12425
1910,12425
1911,12425
1912,12425
1913,12425
1914,12425
1915,12425
1916,12425
1917,12425
1918,12425
1919,12425
1920,12425
1921,12425
1922,12425
1923,12425
1924,12425
1925,12425
1926,12425
1927,12425
1928,12425
1929,12425
1930,12425
1931,12425
1932,12425
1933,12425
1934,12425
1935,12425
1936,12425
1937,12425
1938,12425
1939,12425
1940,12425
1941,12425
1942,12425
1943,12425
1944,12425
1945,12425
1946,12425
1947,12425
1948,12425
1949,12425
1950,12425
1951,12425
1952,12425
1953,12425
1954,12425
1955,12425
1956,12425
1957,12425
1958,12425
1959,12425
1960,12425
1961,12425
1962,12425
1963,12425
1964,12425
1965,12425
1966,12425
1967,12425
1968,12425
1969,12425
1970,12425
1971,12425
1972,12425
1973,12425
1974,12425
1975,12425
1976,12425
1977,12425
1978,12425
1979,12425
1980,12425
1981,12425
1982,12425
1983,12425
1984,12425
1985,12425
1986,12425
1987,12425
1988,12425
1989,12425
1990,12425
1991,12425
1992,12425
1993,12425
1994,12425
1995,12425
1996,12425
1997,12425
1998,12425
1999,12425
2000,12425
2001,12425
2002,12425
2003,12425
2004,12425
2005,12425
2006,12425
2007,12425
2008,12425
2009,12425
2010,12425
2011,12425
2012,12425
2013,12425
2014,12425
2015,12425
2016,12425
2017,12425
2018,12425
2019,12425
2020,12425
2021,12425
2022,12425
2023,12425
2024,12425
2025,12425
2026,12425
2027,12425
2028,12425
2029,12425
2030,12425
2031,12425
2032,12425
2033,12425
2034,12425
2035,12425
2036,12425
2037,12425
2038,12425
2039,12425
2040,12425
2041,12425
2042,12425
2043,12425
2044,12425
2045,12425
2046,12425
2047,12425
2048,12425
2049,12425
2050,12425
2051,12425
2052,12425
2053,12425
2054,12425
2055,12425
2056,12425
2057,12425
2058,12425
2059,12425
2060,12425
2061,12425
2062,12425
2063,12425
2064,12425
2065,12425
2066,12425
2067,12425
2068,12425
2069,12425
2070,12425
2071,12425
2072,12425
2073,12425
2074,12425
2075,12425
2076,12425
2077,12425
2078,12425
2079,12425
2080,12425
2081,12425
2082,12425
2083,12425
2084,12425
2085,12425
2086,12425
2087,12425
2088,12425
2089,12425
2090,12425
2091,12425
2092,12425
2093,12425
2094,12425
2095,12425
2096,12425
2097,12425
2098,12425
2099,12425
2100,12425
2101,12425
2102,12425
2103,12425
2104,12425
2105,12425
2106,12425
2107,12425
2108,12425
2109,12425
2110,12425
2111,12425
2112,12425
2113,12425
2114,12425
2115,12425
2116,12425
2117,12425
2118,12425
2119,12425
2120,12425
2121,12425
2122,12425
2123,12425
2124,12425
2125,12425
2126,12425
2127,12425
2128,12425
2129,12425
2130,12425
2131,12425
2132,12425
2133,12425
2134,12425
2135,12425
2136,12425
2137,12425
2138,12425
2139,12425
2140,12425
2141,12425
2142,12425
2143,12425
2144,12425
2145,12425
2146,12425
2147,12425
2148,12425
2149,12425
2150,12425
2151,12425
2152,12425
2153,12425
2154,12425
2155,12425
2156,12425
2157,12425
2158,12425
2159,12425
2160,12425
2161,12425
2162,12425
2163,12425
2164,12425
2165,12425
2166,12425
2167,12425
2168,12425
2169,12425
2170,12425
2171,12425
2172,12425
2173,12425
2174,12425
2175,12425
2176,12425
2177,12425
2178,12425
2179,12425
2180,12425
2181,12425
2182,12425
2183,12425
2184,12425
2185,12425
2186,12425
2187,12425
2188,12425
2189,12425
2190,12425
2191,12425
2192,12425
2193,12425
2194,12425
2195,12425
2196,12425
2197,12425
2198,12425
2199,12425
2200,12425
2201,12425
2202,12425
2203,12425
2204,12425
2205,12425
2206,12425
2207,12425
2208,12425
2209,12425
2210,12425
2211,12425
2212,12425
2213,12425
2214,12425
2215,12425
2216,12425
2217,12425
2218,12425
2219,12425
2220,12425
2221,12425
2222,12425
2223,12425
2224,12425
2225,12425
2226,12425
2227,12425
2228,12425
2229,12425
2230,12425
2231,12425
2232,12425
2233,12425
2234,12425
2235,12425
2236,12425
2237,12425
2238,12425
2239,12425
2240,12425
2241,12425
2242,12425
2243,12425
2244,12425
2245,12425
2246,12425
2247,12425
2248,12425
2249,12425
2250,12425
2251,12425
2252,12425
2253,12425
2254,12425
2255,12425
2256,12425
2257,12425
2258,12425
2259,12425
2260,12425
2261,12425
2262,12425
2263,12425
2264,12425
2265,12425
2266,12425
2267,12425
2268,12425
2269,12425
2270,12425
2271,12425
2272,12425
2273,12425
2274,12425
2275,12425
2276,12425
2277,12425
2278,12425
2279,12425
2280,12425
2281,12425
2282,12425
2283,12425
2284,12425
2285,12425
2286,12425
2287,12425
2288,12425
2289,12425
2290,12425
2291,12425
2292,12425
2293,12425
2294,12425
2295,12425
2296,12425
2297,12425
2298,12425
2299,12425
2300,12425
2301,12425
2302,12425
2303,12425
2304,12425
2305,12425
2306,12425
2307,12425
2308,12425
2309,12425
2310,12425
2311,12425
2312,12425
2313,12425
2314,12425
2315,12425
2316,12425
2317,12425
2318,12425
2319,12425
2320,12425
2321,12425
2322,12425
2323,12425
2324,12425
2325,12425
2326,12425
2327,12425
2328,12425
2329,12425
2330,12425
2331,12425
2332,12425
2333,12425
2334,12425
2335,12425
2336,12425
2337,12425
2338,12425
2339,12425
2340,12425
2341,12425
2342,12425
2343,12425
2344,12425
2345,12425
2346,12425
2347,12425
2348,12425
2349,12425
2350,12425
2351,12425
2352,12425
2353,12425
2354,12425
2355,12425
2356,12425
2357,12425
2358,12425
2359,12425
2360,12425
2361,12425
2362,12425
2363,12425
2364,12425
2365,12425
2366,12425
2367,12425
2368,12425
2369,12425
2370,12425
2371,12425
2372,12425
2373,12425
2374,12425
2375,12425
2376,12425
2377,12425
2378,12425
2379,12425
2380,12425
2381,12425
2382,12425
2383,12425
2384,12425
2385,12425
2386,12425
2387,12425
2388,12425
2389,12425
2390,12425
2391,12425
2392,12425
2393,12425
2394,12425
2395,12425
2396,12425
2397,12425
2398,12425
2399,12425
2400,12425
2401,12425
2402,12425
2403,12425
2404,12425
2405,12425
2406,12425
2407,12425
2408,12425
2409,12425
2410,12425
2411,12425
2412,12425
2413,12425
2414,12425
2415,12425
2416,12425
2417,12425
2418,12425
2419,12425
2420,12425
2421,12425
2422,12425
2423,12425
2424,12425
2425,12425
2426,12425
2427,12425
2428,12425
2429,12425
2430,12425
2431,12425
2432,12425
2433,12425
2434,12425
2435,12425
2436,12425
2437,12425
2438,12425
2439,12425
2440,12425
2441,12425
2442,12425
2443,12425
2444,12425
2445,12425
2446,12425
2447,12425
2448,12425
2449,12425
2450,12425
2451,12425
2452,12425
2453,12425
2454,12425
2455,12425
2456,12425
2457,12425
2458,12425
2459,12425
2460,12425
2461,12425
2462,12425
2463,12425
2464,12425
2465,12425
2466,12425
2467,12425
2468,12425
2469,12425
2470,12425
2471,12425
2472,12425
2473,12425
2474,12425
2475,12425
2476,12425
2477,12425
2478,12425
2479,12425
2480,12425
2481,12425
2482,12425
2483,12425
2484,12425
2485,12425
2486,12425
2487,12425
2488,12425
2489,12425
2490,12425
2491,12425
2492,12425
2493,12425
2494,12425
2495,12425
2496,12425
2497,12425
2498,12425
2499,12425
2500,12425
2501,12425
2502,12425
2503,12425
2504,12425
2505,12425
2506,12425
2507,12425
2508,12425
2509,12425
2510,12425
2511,12425
2512,12425
2513,12425
2514,12425
2515,12425
2516,12425
2517,12425
2518,12425
2519,12425
2520,12425
2521,12425
2522,12425
2523,12425
2524,12425
2525,12425
2526,12425
2527,12425
2528,12425
2529,12425
2530,12425
2531,12425
2532,12425
2533,12425
2534,12425
2535,12425
2536,12425
2537,12425
2538,12425
2539,12425
2540,12425
2541,12425
2542,12425
2543,12425
2544,12425
2545,12425
2546,12425
2547,12425
2548,12425
2549,12425
2550,12425
2551,12425
2552,12425
2553,12425
2554,12425
2555,12425
2556,12425
2557,12425
2558,12425
2559,12425
2560,12425
2561,12425
2562,12425
2563,12425
2564,12425
2565,12425
2566,12425
2567,12425
2568,12425
2569,12425
2570,12425
2571,12425
2572,12425
2573,12425
2574,12425
2575,12425
2576,12425
2577,12425
2578,12425
2579,12425
2580,12425
2581,12425
2582,12425
2583,12425
2584,12425
2585,12425
2586,12425
2587,12425
2588,12425
2589,12425
2590,12425
2591,12425
2592,12425
2593,12425
2594,12425
2595,12425
2596,12425
2597,12425
2598,12425
2599,12425
2600,12425
2601,12425
2602,12425
2603,12425
2604,12425
2605,12425
2606,12425
2607,12425
2608,12425
2609,12425
2610,12425
2611,12425
2612,12425
2613,12425
2614,12425
2615,12425
2616,12425
2617,12425
2618,12425
2619,12425
2620,12425
2621,12425
2622,12425
2623,12425
2624,12425
2625,12425
2626,12425
2627,12425
2628,12425
2629,12425
2630,12425
2631,12425
2632,12425
2633,12425
2634,12425
2635,12425
2636,12425
2637,12425
2638,12425
2639,12425
2640,12425
2641,12425
2642,12425
2643,12425
2644,12425
2645,12425
2646,12425
2647,12425
2648,12425
2649,12425
2650,12425
2651,12425
2652,12425
2653,12425
2654,12425
2655,12425
2656,12425
2657,12425
2658,12425
2659,12425
2660,12425
2661,12425
2662,12425
2663,12425
2664,12425
2665,12425
2666,12425
2667,12425
2668,12425
2669,12425
2670,12425
2671,12425
2672,12425
2673,12425
2674,12425
2675,12425
2676,12425
2677,12425
2678,12425
2679,12425
2680,12425
2681,12425
2682,12425
2683,12425
2684,12425
2685,12425
2686,12425
2687,12425
2688,12425
2689,12425
2690,12425
2691,12425
2692,12425
2693,12425
2694,12425
2695,12425
2696,12425
2697,12425
2698,12425
2699,12425
2700,12425
2701,12425
2702,12425
2703,12425
2704,12425
2705,12425
2706,12425
2707,12425
2708,12425
2709,12425
2710,12425
2711,12425
2712,12425
2713,12425
2714,12425
2715,12425
2716,12425
2717,12425
2718,12425
2719,12425
2720,12425
2721,12425
2722,12425
2723,12425
2724,12425
2725,12425
2726,12425
2727,12425
2728,12425
2729,12425
2730,12425
2731,12425
2732,12425
2733,12425
2734,12425
2735,12425
2736,12425
2737,12425
2738,12425
2739,12425
2740,12425
2741,12425
2742,12425
2743,12425
2744,12425
2745,12425
2746,12425
2747,12425
2748,12425
2749,12425
2750,12425
2751,12425
2752,12425
2753,12425
2754,12425
2755,12425
2756,12425
2757,12425
2758,12425
2759,12425
2760,12425
2761,12425
2762,12425
2763,12425
2764,12425
2765,12425
2766,12425
2767,12425
2768,12425
2769,12425
2770,12425
2771,12425
2772,12425
2773,12425
2774,12425
2775,12425
2776,12425
2777,12425
2778,12425
2779,12425
2780,12425
2781,12425
2782,12425
2783,12425
2784,12425
2785,12425
2786,12425
2787,12425
2788,12425
2789,12425
2790,12425
2791,12425
2792,12425
2793,12425
2794,12425
2795,12425
2796,12425
2797,12425
2798,12425
2799,12425
2800,12425
2801,12425
2802,12425
2803,12425
2804,12425
2805,12425
2806,12425
2807,12425
2808,12425
2809,12425
2810,12425
2811,12425
2812,12425
2813,12425
2814,12425
2815,12425
2816,12425
2817,12425
2818,12425
2819,12425
2820,12425
2821,12425
2822,12425
2823,12425
2824,12425
2825,12425
2826,12425
2827,12425
2828,12425
2829,12425
2830,12425
2831,12425
2832,12425
2833,12425
2834,12425
2835,12425
2836,12425
2837,12425
2838,12425
2839,12425
2840,12425
2841,12425
2842,12425
2843,12425
2844,12425
2845,12425
2846,12425
2847,12425
2848,12425
2849,12425
2850,12425
2851,12425
2852,12425
2853,12425
2854,12425
2855,12425
2856,12425
2857,12425
2858,12425
2859,12425
2860,12425
2861,12425
2862,12425
2863,12425
2864,12425
2865,12425
2866,12425
2867,12425
2868,12425
2869,12425
2870,12425
2871,12425
2872,12425
2873,12425
2874,12425
2875,12425
2876,12425
2877,12425
2878,12425
2879,12425
2880,12425
2881,12425
2882,12425
2883,12425
2884,12425
2885,12425
2886,12425
2887,12425
2888,12425
2889,12425
2890,12425
2891,12425
2892,12425
2893,12425
2894,12425
2895,12425
2896,12425
2897,12425
2898,12425
2899,12425
2900,12425
2901,12425
2902,12425
2903,12425
2904,12425
2905,12425
2906,12425
2907,12425
2908,12425
2909,12425
2910,12425
2911,12425
2912,12425
2913,12425
2914,12425
2915,12425
2916,12425
2917,12425
2918,12425
2919,12425
2920,12425
2921,12425
2922,12425
2923,12425
2924,12425
2925,12425
2926,12425
2927,12425
2928,12425
2929,12425
2930,12425
2931,12425
2932,12425
2933,12425
2934,12425
2935,12425
2936,12425
2937,12425
2938,12425
2939,12425
2940,12425
2941,12425
2942,12425
2943,12425
2944,12425
2945,12425
2946,12425
2947,12425
2948,12425
2949,12425
2950,12425
2951,12425
2952,12425
2953,12425
2954,12425
2955,12425
2956,12425
2957,12425
2958,12425
2959,12425
2960,12425
2961,12425
2962,12425
2963,12425
2964,12425
2965,12425
2966,12425
2967,12425
2968,12425
2969,12425
2970,12425
2971,12425
2972,12425
2973,12425
2974,12425
2975,12425
2976,12425
2977,12425
2978,12425
2979,12425
2980,12425
2981,12425
2982,12425
2983,12425
2984,12425
2985,12425
2986,12425
2987,12425
2988,12425
2989,12425
2990,12425
2991,12425
2992,12425
2993,12425
2994,12425
2995,12425
2996,12425
2997,12425
2998,12425
2999,12425
3000,12425
3001,12425
3002,12425
3003,12425
3004,12425
3005,12425
3006,12425
3007,12425
3008,12425
3009,12425
3010,12425
3011,12425
3012,12425
3013,12425
3014,12425
3015,12425
3016,12425
3017,12425
3018,12425
3019,12425
3020,12425
3021,12425
3022,12425
3023,12425
3024,12425
3025,12425
3026,12425
3027,12425
3028,12425
3029,12425
3030,12425
3031,12425
3032,12425
3033,12425
3034,12425
3035,12425
3036,12425
3037,12425
3038,12425
3039,12425
3040,12425
3041,12425
3042,12425
3043,12425
3044,12425
3045,12425
3046,12425
3047,12425
3048,12425
3049,12425
3050,12425
3051,12425
3052,12425
3053,12425
3054,12425
3055,12425
3056,12425
3057,12425
3058,12425
3059,12425
3060,12425
3061,12425
3062,12425
3063,12425
3064,12425
3065,12425
3066,12425
3067,12425
3068,12425
3069,12425
3070,12425
3071,12425
3072,12425
3073,12425
3074,12425
3075,12425
3076,12425
3077,12425
3078,12425
3079,12425
3080,12425
3081,12425
3082,12425
3083,12425
3084,12425
3085,12425
3086,12425
3087,12425
3088,12425
3089,12425
3090,12425
3091,12425
3092,12425
3093,12425
3094,12425
3095,12425
3096,12425
3097,12425
3098,12425
3099,12425
3100,12425
3101,12425
3102,12425
3103,12425
3104,12425
3105,12425
3106,12425
3107,12425
3108,12425
3109,12425
3110,12425
3111,12425
3112,12425
3113,12425
3114,12425
3115,12425
3116,12425
3117,12425
3118,12425
3119,12425
3120,12425
3121,12425
3122,12425
3123,12425
3124,12425
3125,12425
3126,12425
3127,12425
3128,12425
3129,12425
3130,12425
3131,12425
3132,12425
3133,12425
3134,12425
3135,12425
3136,12425
3137,12425
3138,12425
3139,12425
3140,12425
3141,12425
3142,12425
3143,12425
3144,12425
3145,12425
3146,12425
3147,12425
3148,12425
3149,12425
3150,12425
3151,12425
3152,12425
3153,12425
3154,12425
3155,12425
3156,12425
3157,12425
3158,12425
3159,12425
3160,12425
3161,12425
3162,12425
3163,12425
3164,12425
3165,12425
3166,12425
3167,12425
3168,12425
3169,12425
3170,12425
3171,12425
3172,12425
3173,12425
3174,12425
3175,12425
3176,12425
3177,12425
3178,12425
3179,12425
3180,12425
3181,12425
3182,12425
3183,12425
3184,12425
3185,12425
3186,12425
3187,12425
3188,12425
3189,12425
3190,12425
3191,12425
3192,12425
3193,12425
3194,12425
3195,12425
3196,12425
3197,12425
3198,12425
3199,12425
3200,12425
3201,12425
3202,12425
3203,12425
3204,12425
3205,12425
3206,12425
3207,12425
3208,12425
3209,12425
3210,12425
3211,12425
3212,12425
3213,12425
3214,12425
3215,12425
3216,12425
3217,12425
3218,12425
3219,12425
3220,12425
3221,12425
3222,12425
3223,12425
3224,12425
3225,12425
3226,12425
3227,12425
3228,12425
3229,12425
3230,12425
3231,12425
3232,12425
3233,12425
3234,12425
3235,12425
3236,12425
3237,12425
3238,12425
3239,12425
3240,12425
3241,12425
3242,12425
3243,12425
3244,12425
3245,12425
3246,12425
3247,12425
3248,12425
3249,12425
3250,12425
3251,12425
3252,12425
3253,12425
3254,12425
3255,12425
3256,12425
3257,12425
3258,12425
3259,12425
3260,12425
3261,12425
3262,12425
3263,12425
3264,12425
3265,12425
3266,12425
3267,12425
3268,12425
3269,12425
3270,12425
3271,12425
3272,12425
3273,12425
3274,12425
3275,12425
3276,12425
3277,12425
3278,12425
3279,12425
3280,12425
3281,12425
3282,12425
3283,12425
3284,12425
3285,12425
3286,12425
3287,12425
3288,12425
3289,12425
3290,12425
3291,12425
3292,12425
3293,12425
3294,12425
3295,12425
3296,12425
3297,12425
3298,12425
3299,12425
3300,12425
3301,12425
3302,12425
3303,12425
3304,12425
3305,12425
3306,12425
3307,12425
3308,12425
3309,12425
3310,12425
3311,12425
3312,12425
3313,12425
3314,12425
3315,12425
3316,12425
3317,12425
3318,12425
3319,12425
3320,12425
3321,12425
3322,12425
3323,12425
3324,12425
3325,12425
3326,12425
3327,12425
3328,12425
3329,12425
3330,12425
3331,12425
3332,12425
3333,12425
3334,12425
3335,12425
3336,12425
3337,12425
3338,12425
3339,12425
3340,12425
3341,12425
3342,12425
3343,12425
3344,12425
3345,12425
3346,12425
3347,12425
3348,12425
3349,12425
3350,12425
3351,12425
3352,12425
3353,12425
3354,12425
3355,12425
3356,12425
3357,12425
3358,12425
3359,12425
3360,12425
3361,12425
3362,12425
3363,12425
3364,12425
3365,12425
3366,12425
3367,12425
3368,12425
3369,12425
3370,12425
3371,12425
3372,12425
3373,12425
3374,12425
3375,12425
3376,12425
3377,12425
3378,12425
3379,12425
3380,12425
3381,12425
3382,12425
3383,12425
3384,12425
3385,12425
3386,12425
3387,12425
3388,12425
3389,12425
3390,12425
3391,12425
3392,12425
3393,12425
3394,12425
3395,12425
3396,12425
3397,12425
3398,12425
3399,12425
3400,12425
3401,12425
3402,12425
3403,12425
3404,12425
3405,12425
3406,12425
3407,12425
3408,12425
3409,12425
3410,12425
3411,12425
3412,12425
3413,12425
3414,12425
3415,12425
3416,12425
3417,12425
3418,12425
3419,12425
3420,12425
3421,12425
3422,12425
3423,12425
3424,12425
3425,12425
3426,12425
3427,12425
3428,12425
3429,12425
3430,12425
3431,12425
3432,12425
3433,12425
3434,12425
3435,12425
3436,12425
3437,12425
3438,12425
3439,12425
3440,12425
3441,12425
3442,12425
3443,12425
3444,12425
3445,12425
3446,12425
3447,12425
3448,12425
3449,12425
3450,12425
3451,12425
3452,12425
3453,12425
3454,12425
3455,12425
3456,12425
3457,12425
3458,12425
3459,12425
3460,12425
3461,12425
3462,12425
3463,12425
3464,12425
3465,12425
3466,12425
3467,12425
3468,12425
3469,12425
3470,12425
3471,12425
3472,12425
3473,12425
3474,12425
3475,12425
3476,12425
3477,12425
3478,12425
3479,12425
3480,12425
3481,12425
3482,12425
3483,12425
3484,12425
3485,12425
3486,12425
3487,12425
3488,12425
3489,12425
3490,12425
3491,12425
3492,12425
3493,12425
3494,12425
3495,12425
3496,12425
3497,12425
3498,12425
3499,12425
3500,12425
3501,12425
3502,12425
3503,12425
3504,12425
3505,12425
3506,12425
3507,12425
3508,12425
3509,12425
3510,12425
3511,12425
3512,12425
3513,12425
3514,12425
3515,12425
3516,12425
3517,12425
3518,12425
3519,12425
3520,12425
3521,12425
3522,12425
3523,12425
3524,12425
3525,12425
3526,12425
3527,12425
3528,12425
3529,12425
3530,12425
3531,12425
3532,12425
3533,12425
3534,12425
3535,12425
3536,12425
3537,12425
3538,12425
3539,12425
3540,12425
3541,12425
3542,12425
3543,12425
3544,12425
3545,12425
3546,12425
3547,12425
3548,12425
3549,12425
3550,12425
3551,12425
3552,12425
3553,12425
3554,12425
3555,12425
3556,12425
3557,12425
3558,12425
3559,12425
3560,12425
3561,12425
3562,12425
3563,12425
3564,12425
3565,12425
3566,12425
3567,12425
3568,12425
3569,12425
3570,12425
3571,12425
3572,12425
3573,12425
3574,12425
3575,12425
3576,12425
3577,12425
3578,12425
3579,12425
3580,12425
3581,12425
3582,12425
3583,12425
3584,12425
3585,12425
3586,12425
3587,12425
3588,12425
3589,12425
3590,12425
3591,12425
3592,12425
3593,12425
3594,12425
3595,12425
3596,12425
3597,12425
3598,12425
3599,12425
3600,12425
3601,12425
3602,12425
3603,12425
3604,12425
3605,12425
3606,12425
3607,12425
3608,12425
3609,12425
3610,12425
3611,12425
3612,12425
3613,12425
3614,12425
3615,12425
3616,12425
3617,12425
3618,12425
3619,12425
3620,12425
3621,12425
3622,12425
3623,12425
3624,12425
3625,12425
3626,12425
3627,12425
3628,12425
3629,12425
3630,12425
3631,12425
3632,12425
3633,12425
3634,12425
3635,12425
3636,12425
3637,12425
3638,12425
3639,12425
3640,12425
3641,12425
3642,12425
3643,12425
3644,12425
3645,12425
3646,12425
3647,12425
3648,12425
3649,12425
3650,12425
3651,12425
3652,12425
3653,12425
3654,12425
3655,12425
3656,12425
3657,12425
3658,12425
3659,12425
3660,12425
3661,12425
3662,12425
3663,12425
3664,12425
3665,12425
3666,12425
3667,12425
3668,12425
3669,12425
3670,12425
3671,12425
3672,12425
3673,12425
3674,12425
3675,12425
3676,12425
3677,12425
3678,12425
3679,12425
3680,12425
3681,12425
3682,12425
3683,12425
3684,12425
3685,12425
3686,12425
3687,12425
3688,12425
3689,12425
3690,12425
3691,12425
3692,12425
3693,12425
3694,12425
3695,12425
3696,12425
3697,12425
3698,12425
3699,12425
3700,12425
3701,12425
3702,12425
3703,12425
3704,12425
3705,12425
3706,12425
3707,12425
3708,12425
3709,12425
3710,12425
3711,12425
3712,12425
3713,12425
3714,12425
3715,12425
3716,12425
3717,12425
3718,12425
3719,12425
3720,12425
3721,12425
3722,12425
3723,12425
3724,12425
3725,12425
3726,12425
3727,12425
3728,12425
3729,12425
3730,12425
3731,12425
3732,12425
3733,12425
3734,12425
3735,12425
3736,12425
3737,12425
3738,12425
3739,12425
3740,12425
3741,12425
3742,12425
3743,12425
3744,12425
3745,12425
3746,12425
3747,12425
3748,12425
3749,12425
3750,12425
3751,12425
3752,12425
3753,12425
3754,12425
3755,12425
3756,12425
3757,12425
3758,12425
3759,12425
3760,12425
3761,12425
3762,12425
3763,12425
3764,12425
3765,12425
3766,12425
3767,12425
3768,12425
3769,12425
3770,12425
3771,12425
3772,12425
3773,12425
3774,12425
3775,12425
3776,12425
3777,12425
3778,12425
3779,12425
3780,12425
3781,12425
3782,12425
3783,12425
3784,12425
3785,12425
3786,12425
3787,12425
3788,12425
3789,12425
3790,12425
3791,12425
3792,12425
3793,12425
3794,12425
3795,12425
3796,12425
3797,12425
3798,12425
3799,12425
3800,12425
3801,12425
3802,12425
3803,12425
3804,12425
3805,12425
3806,12425
3807,12425
3808,12425
3809,12425
3810,12425
3811,12425
3812,12425
3813,12425
3814,12425
3815,12425
3816,12425
3817,12425
3818,12425
3819,12425
3820,12425
3821,12425
3822,12425
3823,12425
3824,12425
3825,12425
3826,12425
3827,12425
3828,12425
3829,12425
3830,12425
3831,12425
3832,12425
3833,12425
3834,12425
3835,12425
3836,12425
3837,12425
3838,12425
3839,12425
3840,12425
3841,12425
3842,12425
3843,12425
3844,12425
3845,12425
3846,12425
3847,12425
3848,12425
3849,12425
3850,12425
3851,12425
3852,12425
3853,12425
3854,12425
3855,12425
3856,12425
3857,12425
3858,12425
3859,12425
3860,12425
3861,12425
3862,12425
3863,12425
3864,12425
3865,12425
3866,12425
3867,12425
3868,12425
3869,12425
3870,12425
3871,12425
3872,12425
3873,12425
3874,12425
3875,12425
3876,12425
3877,12425
3878,12425
3879,12425
3880,12425
3881,12425
3882,12425
3883,12425
3884,12425
3885,12425
3886,12425
3887,12425
3888,12425
3889,12425
3890,12425
3891,12425
3892,12425
3893,12425
3894,12425
3895,12425
3896,12425
3897,12425
3898,12425
3899,12425
3900,12425
3901,12425
3902,12425
3903,12425
3904,12425
3905,12425
3906,12425
3907,12425
3908,12425
3909,12425
3910,12425
3911,12425
3912,12425
3913,12425
3914,12425
3915,12425
3916,12425
3917,12425
3918,12425
3919,12425
3920,12425
3921,12425
3922,12425
3923,12425
3924,12425
3925,12425
3926,12425
3927,12425
3928,12425
3929,12425
3930,12425
3931,12425
3932,12425
3933,12425
3934,12425
3935,12425
3936,12425
3937,12425
3938,12425
3939,12425
3940,12425
3941,12425
3942,12425
3943,12425
3944,12425
3945,12425
3946,12425
3947,12425
3948,12425
3949,12425
3950,12425
3951,12425
3952,12425
3953,12425
3954,12425
3955,12425
3956,12425
3957,12425
3958,12425
3959,12425
3960,12425
3961,12425
3962,12425
3963,12425
3964,12425
3965,12425
3966,12425
3967,12425
3968,12425
3969,12425
3970,12425
3971,12425
3972,12425
3973,12425
3974,12425
3975,12425
3976,12425
3977,12425
3978,12425
3979,12425
3980,12425
3981,12425
3982,12425
3983,12425
3984,12425
3985,12425
3986,12425
3987,12425
3988,12425
3989,12425
3990,12425
3991,12425
3992,12425
3993,12425
3994,12425
3995,12425
3996,12425
3997,12425
3998,12425
3999,12425
4000,12425
4001,12425
4002,12425
4003,12425
4004,12425
4005,12425
4006,12425
4007,12425
4008,12425
4009,12425
4010,12425
4011,12425
4012,12425
4013,12425
4014,12425
4015,12425
4016,12425
4017,12425
4018,12425
4019,12425
4020,12425
4021,12425
4022,12425
4023,12425
4024,12425
4025,12425
4026,12425
4027,12425
4028,12425
4029,12425
4030,12425
4031,12425
4032,12425
4033,12425
4034,12425
4035,12425
4036,12425
4037,12425
4038,12425
4039,12425
4040,12425
4041,12425
4042,12425
4043,12425
4044,12425
4045,12425
4046,12425
4047,12425
4048,12425
4049,12425
4050,12425
4051,12425
4052,12425
4053,12425
4054,12425
4055,12425
4056,12425
4057,12425
4058,12425
4059,12425
4060,12425
4061,12425
4062,12425
4063,12425
4064,12425
4065,12425
4066,12425
4067,12425
4068,12425
4069,12425
4070,12425
4071,12425
4072,12425
4073,12425
4074,12425
4075,12425
4076,12425
4077,12425
4078,12425
4079,12425
4080,12425
4081,12425
4082,12425
4083,12425
4084,12425
4085,12425
4086,12425
4087,12425
4088,12425
4089,12425
4090,12425
4091,12425
4092,12425
4093,12425
4094,12425
4095,12425
4096,12425
4097,12425
4098,12425
4099,12425
4100,12425
4101,12425
4102,12425
4103,12425
4104,12425
4105,12425
4106,12425
4107,12425
4108,12425
4109,12425
4110,12425
4111,12425
4112,12425
4113,12425
4114,12425
4115,12425
4116,12425
4117,12425
4118,12425
4119,12425
4120,12425
4121,12425
4122,12425
4123,12425
4124,12425
4125,12425
4126,12425
4127,12425
4128,12425
4129,12425
4130,12425
4131,12425
4132,12425
4133,12425
4134,12425
4135,12425
4136,12425
4137,12425
4138,12425
4139,12425
4140,12425
4141,12425
4142,12425
4143,12425
4144,12425
4145,12425
4146,12425
4147,12425
4148,12425
4149,12425
4150,12425
4151,12425
4152,12425
4153,12425
4154,12425
4155,12425
4156,12425
4157,12425
4158,12425
4159,12425
4160,12425
4161,12425
4162,12425
4163,12425
4164,12425
4165,12425
4166,12425
4167,12425
4168,12425
4169,12425
4170,12425
4171,12425
4172,12425
4173,12425
4174,12425
4175,12425
4176,12425
4177,12425
4178,12425
4179,12425
4180,12425
4181,12425
4182,12425
4183,12425
4184,12425
4185,12425
4186,12425
4187,12425
4188,12425
4189,12425
4190,12425
4191,12425
4192,12425
4193,12425
4194,12425
4195,12425
4196,12425
4197,12425
4198,12425
4199,12425
4200,12425
4201,12425
4202,12425
4203,12425
4204,12425
4205,12425
4206,12425
4207,12425
4208,12425
4209,12425
4210,12425
4211,12425
4212,12425
4213,12425
4214,12425
4215,12425
4216,12425
4217,12425
4218,12425
4219,12425
4220,12425
4221,12425
4222,12425
4223,12425
4224,12425
4225,12425
4226,12425
4227,12425
4228,12425
4229,12425
4230,12425
4231,12425
4232,12425
4233,12425
4234,12425
4235,12425
4236,12425
4237,12425
4238,12425
4239,12425
4240,12425
4241,12425
4242,12425
4243,12425
4244,12425
4245,12425
4246,12425
4247,12425
4248,12425
4249,12425
4250,12425
4251,12425
4252,12425
4253,12425
4254,12425
4255,12425
4256,12425
4257,12425
4258,12425
4259,12425
4260,12425
4261,12425
4262,12425
4263,12425
4264,12425
4265,12425
4266,12425
4267,12425
4268,12425
4269,12425
4270,12425
4271,12425
4272,12425
4273,12425
4274,12425
4275,12425
4276,12425
4277,12425
4278,12425
4279,12425
4280,12425
4281,12425
4282,12425
4283,12425
4284,12425
4285,12425
4286,12425
4287,12425
4288,12425
4289,12425
4290,12425
4291,12425
4292,12425
4293,12425
4294,12425
4295,12425
4296,12425
4297,12425
4298,12425
4299,12425
4300,12425
4301,12425
4302,12425
4303,12425
4304,12425
4305,12425
4306,12425
4307,12425
4308,12425
4309,12425
4310,12425
4311,12425
4312,12425
4313,12425
4314,12425
4315,12425
4316,12425
4317,12425
4318,12425
4319,12425
4320,12425
4321,12425
4322,12425
4323,12425
4324,12425
4325,12425
4326,12425
4327,12425
4328,12425
4329,12425
4330,12425
4331,12425
4332,12425
4333,12425
4334,12425
4335,12425
4336,12425
4337,12425
4338,12425
4339,12425
4340,12425
4341,12425
4342,12425
4343,12425
4344,12425
4345,12425
4346,12425
4347,12425
4348,12425
4349,12425
4350,12425
4351,12425
4352,12425
4353,12425
4354,12425
4355,12425
4356,12425
4357,12425
4358,12425
4359,12425
4360,12425
4361,12425
4362,12425
4363,12425
4364,12425
4365,12425
4366,12425
4367,12425
4368,12425
4369,12425
4370,12425
4371,12425
4372,12425
4373,12425
4374,12425
4375,12425
4376,12425
4377,12425
4378,12425
4379,12425
4380,12425
4381,12425
4382,12425
4383,12425
4384,12425
4385,12425
4386,12425
4387,12425
4388,12425
4389,12425
4390,12425
4391,12425
4392,12425
4393,12425
4394,12425
4395,12425
4396,12425
4397,12425
4398,12425
4399,12425
4400,12425
4401,12425
4402,12425
4403,12425
4404,12425
4405,12425
4406,12425
4407,12425
4408,12425
4409,12425
4410,12425
4411,12425
4412,12425
4413,12425
4414,12425
4415,12425
4416,12425
4417,12425
4418,12425
4419,12425
4420,12425
4421,12425
4422,12425
4423,12425
4424,12425
4425,12425
4426,12425
4427,12425
4428,12425
4429,12425
4430,12425
4431,12425
4432,12425
4433,12425
4434,12425
4435,12425
4436,12425
4437,12425
4438,12425
4439,12425
4440,12425
4441,12425
4442,12425
4443,12425
4444,12425
4445,12425
4446,12425
4447,12425
4448,12425
4449,12425
4450,12425
4451,12425
4452,12425
4453,12425
4454,12425
4455,12425
4456,12425
4457,12425
4458,12425
4459,12425
4460,12425
4461,12425
4462,12425
4463,12425
4464,12425
4465,12425
4466,12425
4467,12425
4468,12425
4469,12425
4470,12425
4471,12425
4472,12425
4473,12425
4474,12425
4475,12425
4476,12425
4477,12425
4478,12425
4479,12425
4480,12425
4481,12425
4482,12425
4483,12425
4484,12425
4485,12425
4486,12425
4487,12425
4488,12425
4489,12425
4490,12425
4491,12425
4492,12425
4493,12425
4494,12425
4495,12425
4496,12425
4497,12425
4498,12425
4499,12425
4500,12425
4501,12425
4502,12425
4503,12425
4504,12425
4505,12425
4506,12425
4507,12425
4508,12425
4509,12425
4510,12425
4511,12425
4512,12425
4513,12425
4514,12425
4515,12425
4516,12425
4517,12425
4518,12425
4519,12425
4520,12425
4521,12425
4522,12425
4523,12425
4524,12425
4525,12425
4526,12425
4527,12425
4528,12425
4529,12425
4530,12425
4531,12425
4532,12425
4533,12425
4534,12425
4535,12425
4536,12425
4537,12425
4538,12425
4539,12425
4540,12425
4541,12425
4542,12425
4543,12425
4544,12425
4545,12425
4546,12425
4547,12425
4548,12425
4549,12425
4550,12425
4551,12425
4552,12425
4553,12425
4554,12425
4555,12425
4556,12425
4557,12425
4558,12425
4559,12425
4560,12425
4561,12425
4562,12425
4563,12425
4564,12425
4565,12425
4566,12425
4567,12425
4568,12425
4569,12425
4570,12425
4571,12425
4572,12425
4573,12425
4574,12425
4575,12425
4576,12425
4577,12425
4578,12425
4579,12425
4580,12425
4581,12425
4582,12425
4583,12425
4584,12425
4585,12425
4586,12425
4587,12425
4588,12425
4589,12425
4590,12425
4591,12425
4592,12425
4593,12425
4594,12425
4595,12425
4596,12425
4597,12425
4598,12425
4599,12425
4600,12425
4601,12425
4602,12425
4603,12425
4604,12425
4605,12425
4606,12425
4607,12425
4608,12425
4609,12425
4610,12425
4611,12425
4612,12425
4613,12425
4614,12425
4615,12425
4616,12425
4617,12425
4618,12425
4619,12425
4620,12425
4621,12425
4622,12425
4623,12425
4624,12425
4625,12425
4626,12425
4627,12425
4628,12425
4629,12425
4630,12425
4631,12425
4632,12425
4633,12425
4634,12425
4635,12425
4636,12425
4637,12425
4638,12425
4639,12425
4640,12425
4641,12425
4642,12425
4643,12425
4644,12425
4645,12425
4646,12425
4647,12425
4648,12425
4649,12425
4650,12425
4651,12425
4652,12425
4653,12425
4654,12425
4655,12425
4656,12425
4657,12425
4658,12425
4659,12425
4660,12425
4661,12425
4662,12425
4663,12425
4664,12425
4665,12425
4666,12425
4667,12425
4668,12425
4669,12425
4670,12425
4671,12425
4672,12425
4673,12425
4674,12425
4675,12425
4676,12425
4677,12425
4678,12425
4679,12425
4680,12425
4681,12425
4682,12425
4683,12425
4684,12425
4685,12425
4686,12425
4687,12425
4688,12425
4689,12425
4690,12425
4691,12425
4692,12425
4693,12425
4694,12425
4695,12425
4696,12425
4697,12425
4698,12425
4699,12425
4700,12425
4701,12425
4702,12425
4703,12425
4704,12425
4705,12425
4706,12425
4707,12425
4708,12425
4709,12425
4710,12425
4711,12425
4712,12425
4713,12425
4714,12425
4715,12425
4716,12425
4717,12425
4718,12425
4719,12425
4720,12425
4721,12425
4722,12425
4723,12425
4724,12425
4725,12425
4726,12425
4727,12425
4728,12425
4729,12425
4730,12425
4731,12425
4732,12425
4733,12425
4734,12425
4735,12425
4736,12425
4737,12425
4738,12425
4739,12425
4740,12425
4741,12425
4742,12425
4743,12425
4744,12425
4745,12425
4746,12425
4747,12425
4748,12425
4749,12425
4750,12425
4751,12425
4752,12425
4753,12425
4754,12425
4755,12425
4756,12425
4757,12425
4758,12425
4759,12425
4760,12425
4761,12425
4762,12425
4763,12425
4764,12425
4765,12425
4766,12425
4767,12425
4768,12425
4769,12425
4770,12425
4771,12425
4772,12425
4773,12425
4774,12425
4775,12425
4776,12425
4777,12425
4778,12425
4779,12425
4780,12425
4781,12425
4782,12425
4783,12425
4784,12425
4785,12425
4786,12425
4787,12425
4788,12425
4789,12425
4790,12425
4791,12425
4792,12425
4793,12425
4794,12425
4795,12425
4796,12425
4797,12425
4798,12425
4799,12425
4800,12425
4801,12425
4802,12425
4803,12425
4804,12425
4805,12425
4806,12425
4807,12425
4808,12425
4809,12425
4810,12425
4811,12425
4812,12425
4813,12425
4814,12425
4815,12425
4816,12425
4817,12425
4818,12425
4819,12425
4820,12425
4821,12425
4822,12425
4823,12425
4824,12425
4825,12425
4826,12425
4827,12425
4828,12425
4829,12425
4830,12425
4831,12425
4832,12425
4833,12425
4834,12425
4835,12425
4836,12425
4837,12425
4838,12425
4839,12425
4840,12425
4841,12425
4842,12425
4843,12425
4844,12425
4845,12425
4846,12425
4847,12425
4848,12425
4849,12425
4850,12425
4851,12425
4852,12425
4853,12425
4854,12425
4855,12425
4856,12425
4857,12425
4858,12425
4859,12425
4860,12425
4861,12425
4862,12425
4863,12425
4864,12425
4865,12425
4866,12425
4867,12425
4868,12425
4869,12425
4870,12425
4871,12425
4872,12425
4873,12425
4874,12425
4875,12425
4876,12425
4877,12425
4878,12425
4879,12425
4880,12425
4881,12425
4882,12425
4883,12425
4884,12425
4885,12425
4886,12425
4887,12425
4888,12425
4889,12425
4890,12425
4891,12425
4892,12425
4893,12425
4894,12425
4895,12425
4896,12425
4897,12425
4898,12425
4899,12425
4900,12425
4901,12425
4902,12425
4903,12425
4904,12425
4905,12425
4906,12425
4907,12425
4908,12425
4909,12425
4910,12425
4911,12425
4912,12425
4913,12425
4914,12425
4915,12425
4916,12425
4917,12425
4918,12425
4919,12425
4920,12425
4921,12425
4922,12425
4923,12425
4924,12425
4925,12425
4926,12425
4927,12425
4928,12425
4929,12425
4930,12425
4931,12425
4932,12425
4933,12425
4934,12425
4935,12425
4936,12425
4937,12425
4938,12425
4939,12425
4940,12425
4941,12425
4942,12425
4943,12425
4944,12425
4945,12425
4946,12425
4947,12425
4948,12425
4949,12425
4950,12425
4951,12425
4952,12425
4953,12425
4954,12425
4955,12425
4956,12425
4957,12425
4958,12425
4959,12425
4960,12425
4961,12425
4962,12425
4963,12425
4964,12425
4965,12425
4966,12425
4967,12425
4968,12425
4969,12425
4970,12425
4971,12425
4972,12425
4973,12425
4974,12425
4975,12425
4976,12425
4977,12425
4978,12425
4979,12425
4980,12425
4981,12425
4982,12425
4983,12425
4984,12425
4985,12425
4986,12425
4987,12425
4988,12425
4989,12425
4990,12425
4991,12425
4992,12425
4993,12425
4994,12425
4995,12425
4996,12425
4997,12425
4998,12425
4999,12425
5000,12425
5001,12425
5002,12425
5003,12425
5004,12425
5005,12425
5006,12425
5007,12425
5008,12425
5009,12425
5010,12425
5011,12425
5012,12425
5013,12425
5014,12425
5015,12425
5016,12425
5017,12425
5018,12425
5019,12425
5020,12425
5021,12425
5022,12425
5023,12425
5024,12425
5025,12425
5026,12425
5027,12425
5028,12425
5029,12425
5030,12425
5031,12425
5032,12425
5033,12425
5034,12425
5035,12425
5036,12425
5037,12425
5038,12425
5039,12425
5040,12425
5041,12425
5042,12425
5043,12425
5044,12425
5045,12425
5046,12425
5047,12425
5048,12425
5049,12425
5050,12425
5051,12425
5052,12425
5053,12425
5054,12425
5055,12425
5056,12425
5057,12425
5058,12425
5059,12425
5060,12425
5061,12425
5062,12425
5063,12425
5064,12425
5065,12425
5066,12425
5067,12425
5068,12425
5069,12425
5070,12425
5071,12425
5072,12425
5073,12425
5074,12425
5075,12425
5076,12425
5077,12425
5078,12425
5079,12425
5080,12425
5081,12425
5082,12425
5083,12425
5084,12425
5085,12425
5086,12425
5087,12425
5088,12425
5089,12425
5090,12425
5091,12425
5092,12425
5093,12425
5094,12425
5095,12425
5096,12425
5097,12425
5098,12425
5099,12425
5100,12425
5101,12425
5102,12425
5103,12425
5104,12425
5105,12425
5106,12425
5107,12425
5108,12425
5109,12425
5110,12425
5111,12425
5112,12425
5113,12425
5114,12425
5115,12425
5116,12425
5117,12425
5118,12425
5119,12425
5120,12425
5121,12425
5122,12425
5123,12425
5124,12425
5125,12425
5126,12425
5127,12425
5128,12425
5129,12425
5130,12425
5131,12425
5132,12425
5133,12425
5134,12425
5135,12425
5136,12425
5137,12425
5138,12425
5139,12425
5140,12425
5141,12425
5142,12425
5143,12425
5144,12425
5145,12425
5146,12425
5147,12425
5148,12425
5149,12425
5150,12425
5151,12425
5152,12425
5153,12425
5154,12425
5155,12425
5156,12425
5157,12425
5158,12425
5159,12425
5160,12425
5161,12425
5162,12425
5163,12425
5164,12425
5165,12425
5166,12425
5167,12425
5168,12425
5169,12425
5170,12425
5171,12425
5172,12425
5173,12425
5174,12425
5175,12425
5176,12425
5177,12425
5178,12425
5179,12425
5180,12425
5181,12425
5182,12425
5183,12425
5184,12425
5185,12425
5186,12425
5187,12425
5188,12425
5189,12425
5190,12425
5191,12425
5192,12425
5193,12425
5194,12425
5195,12425
5196,12425
5197,12425
5198,12425
5199,12425
5200,12425
5201,12425
5202,12425
5203,12425
5204,12425
5205,12425
5206,12425
5207,12425
5208,12425
5209,12425
5210,12425
5211,12425
5212,12425
5213,12425
5214,12425
5215,12425
5216,12425
5217,12425
5218,12425
5219,12425
5220,12425
5221,12425
5222,12425
5223,12425
5224,12425
5225,12425
5226,12425
5227,12425
5228,12425
5229,12425
5230,12425
5231,12425
5232,12425
5233,12425
5234,12425
5235,12425
5236,12425
5237,12425
5238,12425
5239,12425
5240,12425
5241,12425
5242,12425
5243,12425
5244,12425
5245,12425
5246,12425
5247,12425
5248,12425
5249,12425
5250,12425
5251,12425
5252,12425
5253,12425
5254,12425
5255,12425
5256,12425
5257,12425
5258,12425
5259,12425
5260,12425
5261,12425
5262,12425
5263,12425
5264,12425
5265,12425
5266,12425
5267,12425
5268,12425
5269,12425
5270,12425
5271,12425
5272,12425
5273,12425
5274,12425
5275,12425
5276,12425
5277,12425
5278,12425
5279,12425
5280,12425
5281,12425
5282,12425
5283,12425
5284,12425
5285,12425
5286,12425
5287,12425
5288,12425
5289,12425
5290,12425
5291,12425
5292,12425
5293,12425
5294,12425
5295,12425
5296,12425
5297,12425
5298,12425
5299,12425
5300,12425
5301,12425
5302,12425
5303,12425
5304,12425
5305,12425
5306,12425
5307,12425
5308,12425
5309,12425
5310,12425
5311,12425
5312,12425
5313,12425
5314,12425
5315,12425
5316,12425
5317,12425
5318,12425
5319,12425
5320,12425
5321,12425
5322,12425
5323,12425
5324,12425
5325,12425
5326,12425
5327,12425
5328,12425
5329,12425
5330,12425
5331,12425
5332,12425
5333,12425
5334,12425
5335,12425
5336,12425
5337,12425
5338,12425
5339,12425
5340,12425
5341,12425
5342,12425
5343,12425
5344,12425
5345,12425
5346,12425
5347,12425
5348,12425
5349,12425
5350,12425
5351,12425
5352,12425
5353,12425
5354,12425
5355,12425
5356,12425
5357,12425
5358,12425
5359,12425
5360,12425
5361,12425
5362,12425
5363,12425
5364,12425
5365,12425
5366,12425
5367,12425
5368,12425
5369,12425
5370,12425
5371,12425
5372,12425
5373,12425
5374,12425
5375,12425
5376,12425
5377,12425
5378,12425
5379,12425
5380,12425
5381,12425
5382,12425
5383,12425
5384,12425
5385,12425
5386,12425
5387,12425
5388,12425
5389,12425
5390,12425
5391,12425
5392,12425
5393,12425
5394,12425
5395,12425
5396,12425
5397,12425
5398,12425
5399,12425
5400,12425
5401,12425
5402,12425
5403,12425
5404,12425
5405,12425
5406,12425
5407,12425
5408,12425
5409,12425
5410,12425
5411,12425
5412,12425
5413,12425
5414,12425
5415,12425
5416,12425
5417,12425
5418,12425
5419,12425
5420,12425
5421,12425
5422,12425
5423,12425
5424,12425
5425,12425
5426,12425
5427,12425
5428,12425
5429,12425
5430,12425
5431,12425
5432,12425
5433,12425
5434,12425
5435,12425
5436,12425
5437,12425
5438,12425
5439,12425
5440,12425
5441,12425
5442,12425
5443,12425
5444,12425
5445,12425
5446,12425
5447,12425
5448,12425
5449,12425
5450,12425
5451,12425
5452,12425
5453,12425
5454,12425
5455,12425
5456,12425
5457,12425
5458,12425
5459,12425
5460,12425
5461,12425
5462,12425
5463,12425
5464,12425
5465,12425
5466,12425
5467,12425
5468,12425
5469,12425
5470,12425
5471,12425
5472,12425
5473,12425
5474,12425
5475,12425
5476,12425
5477,12425
5478,12425
5479,12425
5480,12425
5481,12425
5482,12425
5483,12425
5484,12425
5485,12425
5486,12425
5487,12425
5488,12425
5489,12425
5490,12425
5491,12425
5492,12425
5493,12425
5494,12425
5495,12425
5496,12425
5497,12425
5498,12425
5499,12425
5500,12425
5501,12425
5502,12425
5503,12425
5504,12425
5505,12425
5506,12425
5507,12425
5508,12425
5509,12425
5510,12425
5511,12425
5512,12425
5513,12425
5514,12425
5515,12425
5516,12425
5517,12425
5518,12425
5519,12425
5520,12425
5521,12425
5522,12425
5523,12425
5524,12425
5525,12425
5526,12425
5527,12425
5528,12425
5529,12425
5530,12425
5531,12425
5532,12425
5533,12425
5534,12425
5535,12425
5536,12425
5537,12425
5538,12425
5539,12425
5540,12425
5541,12425
5542,12425
5543,12425
5544,12425
5545,12425
5546,12425
5547,12425
5548,12425
5549,12425
5550,12425
5551,12425
5552,12425
5553,12425
5554,12425
5555,12425
5556,12425
5557,12425
5558,12425
5559,12425
5560,12425
5561,12425
5562,12425
5563,12425
5564,12425
5565,12425
5566,12425
5567,12425
5568,12425
5569,12425
5570,12425
5571,12425
5572,12425
5573,12425
5574,12425
5575,12425
5576,12425
5577,12425
5578,12425
5579,12425
5580,12425
5581,12425
5582,12425
5583,12425
5584,12425
5585,12425
5586,12425
5587,12425
5588,12425
5589,12425
5590,12425
5591,12425
5592,12425
5593,12425
5594,12425
5595,12425
5596,12425
5597,12425
5598,12425
5599,12425
5600,12425
5601,12425
5602,12425
5603,12425
5604,12425
5605,12425
5606,12425
5607,12425
5608,12425
5609,12425
5610,12425
5611,12425
5612,12425
5613,12425
5614,12425
5615,12425
5616,12425
5617,12425
5618,12425
5619,12425
5620,12425
5621,12425
5622,12425
5623,12425
5624,12425
5625,12425
5626,12425
5627,12425
5628,12425
5629,12425
5630,12425
5631,12425
5632,12425
5633,12425
5634,12425
5635,12425
5636,12425
5637,12425
5638,12425
5639,12425
5640,12425
5641,12425
5642,12425
5643,12425
5644,12425
5645,12425
5646,12425
5647,12425
5648,12425
5649,12425
5650,12425
5651,12425
5652,12425
5653,12425
5654,12425
5655,12425
5656,12425
5657,12425
5658,12425
5659,12425
5660,12425
5661,12425
5662,12425
5663,12425
5664,12425
5665,12425
5666,12425
5667,12425
5668,12425
5669,12425
5670,12425
5671,12425
5672,12425
5673,12425
5674,12425
5675,12425
5676,12425
5677,12425
5678,12425
5679,12425
5680,12425
5681,12425
5682,12425
5683,12425
5684,12425
5685,12425
5686,12425
5687,12425
5688,12425
5689,12425
5690,12425
5691,12425
5692,12425
5693,12425
5694,12425
5695,12425
5696,12425
5697,12425
5698,12425
5699,12425
5700,12425
5701,12425
5702,12425
5703,12425
5704,12425
5705,12425
5706,12425
5707,12425
5708,12425
5709,12425
5710,12425
5711,12425
5712,12425
5713,12425
5714,12425
5715,12425
5716,12425
5717,12425
5718,12425
5719,12425
5720,12425
5721,12425
5722,12425
5723,12425
5724,12425
5725,12425
5726,12425
5727,12425
5728,12425
5729,12425
5730,12425
5731,12425
5732,12425
5733,12425
5734,12425
5735,12425
5736,12425
5737,12425
5738,12425
5739,12425
5740,12425
5741,12425
5742,12425
5743,12425
5744,12425
5745,12425
5746,12425
5747,12425
5748,12425
5749,12425
5750,12425
5751,12425
5752,12425
5753,12425
5754,12425
5755,12425
5756,12425
5757,12425
5758,12425
5759,12425
5760,12425
5761,12425
5762,12425
5763,12425
5764,12425
5765,12425
5766,12425
5767,12425
5768,12425
5769,12425
5770,12425
5771,12425
5772,12425
5773,12425
5774,12425
5775,12425
5776,12425
5777,12425
5778,12425
5779,12425
5780,12425
5781,12425
5782,12425
5783,12425
5784,12425
5785,12425
5786,12425
5787,12425
5788,12425
5789,12425
5790,12425
5791,12425
5792,12425
5793,12425
5794,12425
5795,12425
5796,12425
5797,12425
5798,12425
5799,12425
5800,12425
5801,12425
5802,12425
5803,12425
5804,12425
5805,12425
5806,12425
5807,12425
5808,12425
5809,12425
5810,12425
5811,12425
5812,12425
5813,12425
5814,12425
5815,12425
5816,12425
5817,12425
5818,12425
5819,12425
5820,12425
5821,12425
5822,12425
5823,12425
5824,12425
5825,12425
5826,12425
5827,12425
5828,12425
5829,12425
5830,12425
5831,12425
5832,12425
5833,12425
5834,12425
5835,12425
5836,12425
5837,12425
5838,12425
5839,12425
5840,12425
5841,12425
5842,12425
5843,12425
5844,12425
5845,12425
5846,12425
5847,12425
5848,12425
5849,12425
5850,12425
5851,12425
5852,12425
5853,12425
5854,12425
5855,12425
5856,12425
5857,12425
5858,12425
5859,12425
5860,12425
5861,12425
5862,12425
5863,12425
5864,12425
5865,12425
5866,12425
5867,12425
5868,12425
5869,12425
5870,12425
5871,12425
5872,12425
5873,12425
5874,12425
5875,12425
5876,12425
5877,12425
5878,12425
5879,12425
5880,12425
5881,12425
5882,12425
5883,12425
5884,12425
5885,12425
5886,12425
5887,12425
5888,12425
5889,12425
5890,12425
5891,12425
5892,12425
5893,12425
5894,12425
5895,12425
5896,12425
5897,12425
5898,12425
5899,12425
5900,12425
5901,12425
5902,12425
5903,12425
5904,12425
5905,12425
5906,12425
5907,12425
5908,12425
5909,12425
5910,12425
5911,12425
5912,12425
5913,12425
5914,12425
5915,12425
5916,12425
5917,12425
5918,12425
5919,12425
5920,12425
5921,12425
5922,12425
5923,12425
5924,12425
5925,12425
5926,12425
5927,12425
5928,12425
5929,12425
5930,12425
5931,12425
5932,12425
5933,12425
5934,12425
5935,12425
5936,12425
5937,12425
5938,12425
5939,12425
5940,12425
5941,12425
5942,12425
5943,12425
5944,12425
5945,12425
5946,12425
5947,12425
5948,12425
5949,12425
5950,12425
5951,12425
5952,12425
5953,12425
5954,12425
5955,12425
5956,12425
5957,12425
5958,12425
5959,12425
5960,12425
5961,12425
5962,12425
5963,12425
5964,12425
5965,12425
5966,12425
5967,12425
5968,12425
5969,12425
5970,12425
5971,12425
5972,12425
5973,12425
5974,12425
5975,12425
5976,12425
5977,12425
5978,12425
5979,12425
5980,12425
5981,12425
5982,12425
5983,12425
5984,12425
5985,12425
5986,12425
5987,12425
5988,12425
5989,12425
5990,12425
5991,12425
5992,12425
5993,12425
5994,12425
5995,12425
5996,12425
5997,12425
5998,12425
5999,12425
6000,12425
6001,12425
6002,12425
6003,12425
6004,12425
6005,12425
6006,12425
6007,12425
6008,12425
6009,12425
6010,12425
6011,12425
6012,12425
6013,12425
6014,12425
6015,12425
6016,12425
6017,12425
6018,12425
6019,12425
6020,12425
6021,12425
6022,12425
6023,12425
6024,12425
6025,12425
6026,12425
6027,12425
6028,12425
6029,12425
6030,12425
6031,12425
6032,12425
6033,12425
6034,12425
6035,12425
6036,12425
6037,12425
6038,12425
6039,12425
6040,12425
6041,12425
6042,12425
6043,12425
6044,12425
6045,12425
6046,12425
6047,12425
6048,12425
6049,12425
6050,12425
6051,12425
6052,12425
6053,12425
6054,12425
6055,12425
6056,12425
6057,12425
6058,12425
6059,12425
6060,12425
6061,12425
6062,12425
6063,12425
6064,12425
6065,12425
6066,12425
6067,12425
6068,12425
6069,12425
6070,12425
6071,12425
6072,12425
6073,12425
6074,12425
6075,12425
6076,12425
6077,12425
6078,12425
6079,12425
6080,12425
6081,12425
6082,12425
6083,12425
6084,12425
6085,12425
6086,12425
6087,12425
6088,12425
6089,12425
6090,12425
6091,12425
6092,12425
6093,12425
6094,12425
6095,12425
6096,12425
6097,12425
6098,12425
6099,12425
6100,12425
6101,12425
6102,12425
6103,12425
6104,12425
6105,12425
6106,12425
6107,12425
6108,12425
6109,12425
6110,12425
6111,12425
6112,12425
6113,12425
6114,12425
6115,12425
6116,12425
6117,12425
6118,12425
6119,12425
6120,12425
6121,12425
6122,12425
6123,12425
6124,12425
6125,12425
6126,12425
6127,12425
6128,12425
6129,12425
6130,12425
6131,12425
6132,12425
6133,12425
6134,12425
6135,12425
6136,12425
6137,12425
6138,12425
6139,12425
6140,12425
6141,12425
6142,12425
6143,12425
6144,12425
6145,12425
6146,12425
6147,12425
6148,12425
6149,12425
6150,12425
6151,12425
6152,12425
6153,12425
6154,12425
6155,12425
6156,12425
6157,12425
6158,12425
6159,12425
6160,12425
6161,12425
6162,12425
6163,12425
6164,12425
6165,12425
6166,12425
6167,12425
6168,12425
6169,12425
6170,12425
6171,12425
6172,12425
6173,12425
6174,12425
6175,12425
6176,12425
6177,12425
6178,12425
6179,12425
6180,12425
6181,12425
6182,12425
6183,12425
6184,12425
6185,12425
6186,12425
6187,12425
6188,12425
6189,12425
6190,12425
6191,12425
6192,12425
6193,12425
6194,12425
6195,12425
6196,12425
6197,12425
6198,12425
6199,12425
6200,12425
6201,12425
6202,12425
6203,12425
6204,12425
6205,12425
6206,12425
6207,12425
6208,12425
6209,12425
6210,12425
6211,12425
6212,12425
6213,12425
6214,12425
6215,12425
6216,12425
6217,12425
6218,12425
6219,12425
6220,12425
6221,12425
6222,12425
6223,12425
6224,12425
6225,12425
6226,12425
6227,12425
6228,12425
6229,12425
6230,12425
6231,12425
6232,12425
6233,12425
6234,12425
6235,12425
6236,12425
6237,12425
6238,12425
6239,12425
6240,12425
6241,12425
6242,12425
6243,12425
6244,12425
6245,12425
6246,12425
6247,12425
6248,12425
6249,12425
6250,12425
6251,12425
6252,12425
6253,12425
6254,12425
6255,12425
6256,12425
6257,12425
6258,12425
6259,12425
6260,12425
6261,12425
6262,12425
6263,12425
6264,12425
6265,12425
6266,12425
6267,12425
6268,12425
6269,12425
6270,12425
6271,12425
6272,12425
6273,12425
6274,12425
6275,12425
6276,12425
6277,12425
6278,12425
6279,12425
6280,12425
6281,12425
6282,12425
6283,12425
6284,12425
6285,12425
6286,12425
6287,12425
6288,12425
6289,12425
6290,12425
6291,12425
6292,12425
6293,12425
6294,12425
6295,12425
6296,12425
6297,12425
6298,12425
6299,12425
6300,12425
6301,12425
6302,12425
6303,12425
6304,12425
6305,12425
6306,12425
6307,12425
6308,12425
6309,12425
6310,12425
6311,12425
6312,12425
6313,12425
6314,12425
6315,12425
6316,12425
6317,12425
6318,12425
6319,12425
6320,12425
6321,12425
6322,12425
6323,12425
6324,12425
6325,12425
6326,12425
6327,12425
6328,12425
6329,12425
6330,12425
6331,12425
6332,12425
6333,12425
6334,12425
6335,12425
6336,12425
6337,12425
6338,12425
6339,12425
6340,12425
6341,12425
6342,12425
6343,12425
6344,12425
6345,12425
6346,12425
6347,12425
6348,12425
6349,12425
6350,12425
6351,12425
6352,12425
6353,12425
6354,12425
6355,12425
6356,12425
6357,12425
6358,12425
6359,12425
6360,12425
6361,12425
6362,12425
6363,12425
6364,12425
6365,12425
6366,12425
6367,12425
6368,12425
6369,12425
6370,12425
6371,12425
6372,12425
6373,12425
6374,12425
6375,12425
6376,12425
6377,12425
6378,12425
6379,12425
6380,12425
6381,12425
6382,12425
6383,12425
6384,12425
6385,12425
6386,12425
6387,12425
6388,12425
6389,12425
6390,12425
6391,12425
6392,12425
6393,12425
6394,12425
6395,12425
6396,12425
6397,12425
6398,12425
6399,12425
6400,12425
6401,12425
6402,12425
6403,12425
6404,12425
6405,12425
6406,12425
6407,12425
6408,12425
6409,12425
6410,12425
6411,12425
6412,12425
6413,12425
6414,12425
6415,12425
6416,12425
6417,12425
6418,12425
6419,12425
6420,12425
6421,12425
6422,12425
6423,12425
6424,12425
6425,12425
6426,12425
6427,12425
6428,12425
6429,12425
6430,12425
6431,12425
6432,12425
6433,12425
6434,12425
6435,12425
6436,12425
6437,12425
6438,12425
6439,12425
6440,12425
6441,12425
6442,12425
6443,12425
6444,12425
6445,12425
6446,12425
6447,12425
6448,12425
6449,12425
6450,12425
6451,12425
6452,12425
6453,12425
6454,12425
6455,12425
6456,12425
6457,12425
6458,12425
6459,12425
6460,12425
6461,12425
6462,12425
6463,12425
6464,12425
6465,12425
6466,12425
6467,12425
6468,12425
6469,12425
6470,12425
6471,12425
6472,12425
6473,12425
6474,12425
6475,12425
6476,12425
6477,12425
6478,12425
6479,12425
6480,12425
6481,12425
6482,12425
6483,12425
6484,12425
6485,12425
6486,12425
6487,12425
6488,12425
6489,12425
6490,12425
6491,12425
6492,12425
6493,12425
6494,12425
6495,12425
6496,12425
6497,12425
6498,12425
6499,12425
6500,12425
6501,12425
6502,12425
6503,12425
6504,12425
6505,12425
6506,12425
6507,12425
6508,12425
6509,12425
6510,12425
6511,12425
6512,12425
6513,12425
6514,12425
6515,12425
6516,12425
6517,12425
6518,12425
6519,12425
6520,12425
6521,12425
6522,12425
6523,12425
6524,12425
6525,12425
6526,12425
6527,12425
6528,12425
6529,12425
6530,12425
6531,12425
6532,12425
6533,12425
6534,12425
6535,12425
6536,12425
6537,12425
6538,12425
6539,12425
6540,12425
6541,12425
6542,12425
6543,12425
6544,12425
6545,12425
6546,12425
6547,12425
6548,12425
6549,12425
6550,12425
6551,12425
6552,12425
6553,12425
6554,12425
6555,12425
6556,12425
6557,12425
6558,12425
6559,12425
6560,12425
6561,12425
6562,12425
6563,12425
6564,12425
6565,12425
6566,12425
6567,12425
6568,12425
6569,12425
6570,12425
6571,12425
6572,12425
6573,12425
6574,12425
6575,12425
6576,12425
6577,12425
6578,12425
6579,12425
6580,12425
6581,12425
6582,12425
6583,12425
6584,12425
6585,12425
6586,12425
6587,12425
6588,12425
6589,12425
6590,12425
6591,12425
6592,12425
6593,12425
6594,12425
6595,12425
6596,12425
6597,12425
6598,12425
6599,12425
6600,12425
6601,12425
6602,12425
6603,12425
6604,12425
6605,12425
6606,12425
6607,12425
6608,12425
6609,12425
6610,12425
6611,12425
6612,12425
6613,12425
6614,12425
6615,12425
6616,12425
6617,12425
6618,12425
6619,12425
6620,12425
6621,12425
6622,12425
6623,12425
6624,12425
6625,12425
6626,12425
6627,12425
6628,12425
6629,12425
6630,12425
6631,12425
6632,12425
6633,12425
6634,12425
6635,12425
6636,12425
6637,12425
6638,12425
6639,12425
6640,12425
6641,12425
6642,12425
6643,12425
6644,12425
6645,12425
6646,12425
6647,12425
6648,12425
6649,12425
6650,12425
6651,12425
6652,12425
6653,12425
6654,12425
6655,12425
6656,12425
6657,12425
6658,12425
6659,12425
6660,12425
6661,12425
6662,12425
6663,12425
6664,12425
6665,12425
6666,12425
6667,12425
6668,12425
6669,12425
6670,12425
6671,12425
6672,12425
6673,12425
6674,12425
6675,12425
6676,12425
6677,12425
6678,12425
6679,12425
6680,12425
6681,12425
6682,12425
6683,12425
6684,12425
6685,12425
6686,12425
6687,12425
6688,12425
6689,12425
6690,12425
6691,12425
6692,12425
6693,12425
6694,12425
6695,12425
6696,12425
6697,12425
6698,12425
6699,12425
6700,12425
6701,12425
6702,12425
6703,12425
6704,12425
6705,12425
6706,12425
6707,12425
6708,12425
6709,12425
6710,12425
6711,12425
6712,12425
6713,12425
6714,12426
6715,12428
6716,12431
6717,12434
6718,12438
6719,12441
6720,12444
6721,12449
6722,12453
6723,12458
6724,12464
6725,12470
6726,12475
6727,12481
6728,12487
6729,12493
6730,12500
6731,12506
6732,12512
6733,12519
6734,12526
6735,12534
6736,12542
6737,12550
6738,12557
6739,12565
6740,12573
6741,12581
6742,12589
6743,12598
6744,12606
6745,12615
6746,12623
6747,12632
6748,12640
6749,12649
6750,12657
6751,12665
6752,12673
6753,12681
6754,12689
6755,12698
6756,12707
6757,12715
6758,12724
6759,12733
6760,12742
6761,12751
6762,12760
6763,12769
6764,12783
6765,12797
6766,12811
6767,12823
6768,12836
6769,12849
6770,12862
6771,12874
6772,12887
6773,12899
6774,12912
6775,12924
6776,12937
6777,12949
6778,12961
6779,12973
6780,12985
6781,12996
6782,13008
6783,13019
6784,13031
6785,13043
6786,13054
6787,13065
6788,13077
6789,13088
6790,13099
6791,13110
6792,13121
6793,13131
6794,13142
6795,13153
6796,13164
6797,13174
6798,13184
6799,13194
6800,13204
6801,13214
6802,13224
6803,13233
6804,13243
6805,13252
6806,13262
6807,13271
6808,13280
6809,13289
6810,13297
6811,13306
6812,13314
6813,13322
6814,13330
6815,13338
6816,13346
6817,13354
6818,13362
6819,13370
6820,13378
6821,13385
6822,13392
6823,13399
6824,13407
6825,13414
6826,13421
6827,13428
6828,13435
6829,13445
6830,13455
6831,13465
6832,13475
6833,13484
6834,13493
6835,13502
6836,13511
6837,13520
6838,13528
6839,13537
6840,13545
6841,13553
6842,13561
6843,13569
6844,13577
6845,13584
6846,13591
6847,13598
6848,13605
6849,13612
6850,13619
6851,13625
6852,13631
6853,13637
6854,13643
6855,13649
6856,13655
6857,13661
6858,13667
6859,13673
6860,13679
6861,13685
6862,13691
6863,13697
6864,13703
6865,13709
6866,13715
6867,13721
6868,13727
6869,13734
6870,13742
6871,13750
6872,13757
6873,13765
6874,13773
6875,13781
6876,13789
6877,13798
6878,13807
6879,13817
6880,13827
6881,13837
6882,13846
6883,13855
6884,13865
6885,13875
6886,13885
6887,13895
6888,13905
6889,13915
6890,13925
6891,13935
6892,13946
6893,13956
6894,13968
6895,13981
6896,13995
6897,14008
6898,14021
6899,14034
6900,14048
6901,14061
6902,14075
6903,14089
6904,14102
6905,14105
6906,14108
6907,14111
6908,14115
6909,14118
6910,14121
6911,14124
6912,14127
6913,14130
6914,14133
6915,14137
6916,14141
6917,14144
6918,14147
6919,14150
6920,14153
6921,14157
6922,14161
6923,14165
6924,14169
6925,14174
6926,14179
6927,14183
6928,14187
6929,14191
6930,14195
6931,14200
6932,14205
6933,14210
6934,14215
6935,14220
6936,14225
6937,14231
6938,14236
6939,14241
6940,14246
6941,14251
6942,14256
6943,14261
6944,14266
6945,14270
6946,14275
6947,14280
6948,14285
6949,14290
6950,14295
6951,14300
6952,14305
6953,14311
6954,14316
6955,14321
6956,14326
6957,14332
6958,14338
6959,14259
6960,14187
6961,14114
6962,14041
6963,13968
6964,13892
6965,13817
6966,13743
6967,13671
6968,13603
6969,13537
6970,13476
6971,13413
6972,13352
6973,13292
6974,13233
6975,13180
6976,13126
6977,13075
6978,13022
6979,12975
6980,12932
6981,12888
6982,12846
6983,12803
6984,12759
6985,12723
6986,12688
6987,12657
6988,12626
6989,12599
6990,12570
6991,12545
6992,12520
6993,12496
6994,12476
6995,12455
6996,12443
6997,12434
6998,12429
6999,12429
7000,12430
7001,12431
7002,12432
7003,12433
7004,12434
7005,12435
7006,12436
7007,12438
7008,12440
7009,12442
7010,12444
7011,12446
7012,12448
7013,12450
7014,12452
7015,12454
7016,12456
7017,12459
7018,12462
7019,12465
7020,12468
7021,12471
7022,12474
7023,12477
7024,12467
7025,12459
7026,12452
7027,12447
7028,12439
7029,12434
7030,12428
7031,12426
7032,12426
7033,12426
7034,12426
7035,12426
7036,12426
7037,12426
7038,12426
7039,12426
7040,12426
7041,12426
7042,12426
7043,12427
7044,12428
7045,12429
7046,12430
7047,12431
7048,12432
7049,12433
7050,12434
7051,12435
7052,12436
7053,12437
7054,12438
7055,12439
7056,12440
7057,12441
7058,12442
7059,12443
7060,12444
7061,12445
7062,12446
7063,12447
7064,12448
7065,12449
7066,12450
7067,12451
7068,12452
7069,12453
7070,12454
7071,12455
7072,12456
7073,12457
7074,12458
7075,12459
7076,12460
7077,12461
7078,12462
7079,12463
7080,12464
7081,12465
7082,12466
7083,12467
7084,12468
7085,12469
7086,12470
7087,12471
7088,12472
7089,12464
7090,12456
7091,12450
7092,12443
7093,12438
7094,12431
7095,12426
7096,12425
7097,12425
7098,12425
7099,12425
7100,12425
7101,12425
7102,12425
7103,12426
7104,12427
7105,12428
7106,12429
7107,12430
7108,12431
7109,12432
7110,12433
7111,12434
7112,12435
7113,12436
7114,12437
7115,12438
7116,12439
7117,12440
7118,12441
7119,12442
7120,12443
7121,12444
7122,12445
7123,12446
7124,12447
7125,12448
7126,12449
7127,12450
7128,12451
7129,12453
7130,12455
7131,12457
7132,12459
7133,12461
7134,12463
7135,12465
7136,12467
7137,12470
7138,12473
7139,12476
7140,12479
7141,12482
7142,12485
7143,12488
7144,12491
7145,12494
7146,12497
7147,12501
7148,12505
7149,12509
7150,12513
7151,12517
7152,12521
7153,12525
7154,12509
7155,12493
7156,12482
7157,12471
7158,12460
7159,12451
7160,12443
7161,12438
7162,12433
7163,12428
7164,12426
7165,12426
7166,12426
7167,12426
7168,12426
7169,12426
7170,12426
7171,12426
7172,12426
7173,12426
7174,12426
7175,12426
7176,12426
7177,12426
7178,12426
7179,12426
7180,12426
7181,12426
7182,12426
7183,12427
7184,12428
7185,12429
7186,12430
7187,12431
7188,12432
7189,12433
7190,12434
7191,12435
7192,12436
7193,12437
7194,12438
7195,12439
7196,12440
7197,12441
7198,12442
7199,12443
7200,12444
7201,12445
7202,12446
7203,12447
7204,12448
7205,12449
7206,12450
7207,12451
7208,12452
7209,12453
7210,12454
7211,12455
7212,12456
7213,12457
7214,12458
7215,12459
7216,12460
7217,12462
7218,12464
7219,12455
7220,12448
7221,12442
7222,12437
7223,12433
7224,12429
7225,12426
7226,12425
7227,12425
7228,12425
7229,12425
7230,12425
7231,12425
7232,12425
7233,12425
7234,12425
7235,12425
7236,12425
7237,12425
7238,12425
7239,12425
7240,12425
7241,12425
7242,12425
7243,12425
7244,12425
7245,12425
7246,12425
7247,12425
7248,12425
7249,12425
7250,12425
7251,12425
7252,12425
7253,12425
7254,12425
7255,12425
7256,12425
7257,12425
7258,12425
7259,12425
7260,12425
7261,12425
7262,12425
7263,12425
7264,12425
7265,12425
7266,12425
7267,12425
7268,12425
7269,12425
7270,12425
7271,12425
7272,12425
7273,12425
7274,12425
7275,12425
7276,12425
7277,12425
7278,12425
7279,12425
7280,12425
7281,12425
7282,12425
7283,12425
7284,12425
7285,12425
7286,12425
7287,12425
7288,12425
7289,12425
7290,12425
7291,12425
7292,12425
7293,12425
7294,12425
7295,12425
7296,12425
7297,12425
7298,12425
7299,12425
7300,12425
7301,12425
7302,12425
7303,12425
7304,12425
7305,12425
7306,12426
7307,12427
7308,12428
7309,12429
7310,12430
7311,12431
7312,12432
7313,12433
7314,12434
7315,12435
7316,12436
7317,12437
7318,12438
7319,12439
7320,12440
7321,12441
7322,12442
7323,12443
7324,12444
7325,12445
7326,12446
7327,12448
7328,12450
7329,12452
7330,12454
7331,12456
7332,12458
7333,12460
7334,12462
7335,12464
7336,12466
7337,12468
7338,12470
7339,12472
7340,12474
7341,12476
7342,12478
7343,12480
7344,12482
7345,12484
7346,12486
7347,12488
7348,12490
7349,12480
7350,12471
7351,12460
7352,12450
7353,12439
7354,12432
7355,12427
7356,12426
7357,12425
7358,12425
7359,12425
7360,12425
7361,12426
7362,12427
7363,12428
7364,12429
7365,12430
7366,12431
7367,12432
7368,12433
7369,12434
7370,12435
7371,12436
7372,12437
7373,12438
7374,12439
7375,12440
7376,12441
7377,12442
7378,12443
7379,12444
7380,12445
7381,12446
7382,12447
7383,12448
7384,12449
7385,12450
7386,12451
7387,12452
7388,12453
7389,12454
7390,12455
7391,12456
7392,12457
7393,12458
7394,12459
7395,12460
7396,12461
7397,12463
7398,12465
7399,12467
7400,12469
7401,12471
7402,12473
7403,12475
7404,12477
7405,12479
7406,12481
7407,12484
7408,12487
7409,12490
7410,12493
7411,12496
7412,12499
7413,12502
7414,12488
7415,12476
7416,12464
7417,12455
7418,12447
7419,12440
7420,12434
7421,12430
7422,12427
7423,12426
7424,12426
7425,12426
7426,12426
7427,12426
7428,12426
7429,12426
7430,12426
7431,12426
7432,12426
7433,12426
7434,12426
7435,12426
7436,12426
7437,12426
7438,12426
7439,12426
7440,12426
7441,12427
7442,12428
7443,12429
7444,12430
7445,12431
7446,12432
7447,12433
7448,12434
7449,12435
7450,12436
7451,12437
7452,12438
7453,12439
7454,12440
7455,12441
7456,12442
7457,12443
7458,12444
7459,12445
7460,12446
7461,12447
7462,12448
7463,12449
7464,12450
7465,12451
7466,12452
7467,12453
7468,12454
7469,12455
7470,12456
7471,12457
7472,12458
7473,12459
7474,12460
7475,12461
7476,12462
7477,12464
7478,12466
7479,12468
7480,12470
7481,12472
7482,12474
7483,12476
7484,12478
7485,12480
7486,12482
7487,12485
7488,12488
7489,12491
7490,12494
7491,12497
7492,12500
7493,12503
7494,12506
7495,12509
7496,12512
7497,12515
7498,12518
7499,12521
7500,12524
7501,12527
7502,12530
7503,12533
7504,12536
7505,12539
7506,12542
7507,12546
7508,12550
7509,12554
7510,12558
7511,12562
7512,12566
7513,12570
7514,12574
7515,12578
7516,12582
7517,12586
7518,12590
7519,12595
7520,12600
7521,12605
7522,12610
7523,12615
7524,12620
7525,12625
7526,12630
7527,12635
7528,12640
7529,12645
7530,12650
7531,12655
7532,12660
7533,12665
7534,12670
7535,12675
7536,12680
7537,12685
7538,12690
7539,12695
7540,12700
7541,12705
7542,12710
7543,12715
7544,12691
7545,12668
7546,12643
7547,12618
7548,12596
7549,12577
7550,12561
7551,12545
7552,12527
7553,12513
7554,12500
7555,12487
7556,12475
7557,12467
7558,12458
7559,12449
7560,12442
7561,12437
7562,12433
7563,12427
7564,12426
7565,12426
7566,12426
7567,12426
7568,12426
7569,12426
7570,12426
7571,12426
7572,12426
7573,12426
7574,12426
7575,12426
7576,12426
7577,12426
7578,12426
7579,12426
7580,12426
7581,12426
7582,12426
7583,12426
7584,12426
7585,12426
7586,12426
7587,12426
7588,12426
7589,12426
7590,12426
7591,12426
7592,12426
7593,12426
7594,12426
7595,12426
7596,12426
7597,12426
7598,12426
7599,12426
7600,12426
7601,12426
7602,12426
7603,12426
7604,12426
7605,12426
7606,12426
7607,12426
7608,12426
7609,12426
7610,12426
7611,12426
7612,12426
7613,12426
7614,12426
7615,12426
7616,12426
7617,12426
7618,12426
7619,12426
7620,12426
7621,12426
7622,12426
7623,12427
7624,12428
7625,12429
7626,12430
7627,12431
7628,12432
7629,12433
7630,12434
7631,12435
7632,12436
7633,12437
7634,12438
7635,12439
7636,12440
7637,12441
7638,12442
7639,12443
7640,12444
7641,12445
7642,12446
7643,12447
7644,12448
7645,12449
7646,12450
7647,12451
7648,12452
7649,12453
7650,12454
7651,12455
7652,12456
7653,12457
7654,12458
7655,12459
7656,12460
7657,12462
7658,12464
7659,12466
7660,12468
7661,12470
7662,12472
7663,12474
7664,12476
7665,12478
7666,12480
7667,12483
7668,12486
7669,12489
7670,12492
7671,12495
7672,12498
7673,12501
7674,12504
7675,12507
7676,12510
7677,12513
7678,12516
7679,12519
7680,12522
7681,12525
7682,12528
7683,12531
7684,12534
7685,12537
7686,12540
7687,12543
7688,12546
7689,12550
7690,12553
7691,12556
7692,12559
7693,12562
7694,12566
7695,12569
7696,12573
7697,12576
7698,12579
7699,12583
7700,12586
7701,12589
7702,12593
7703,12596
7704,12599
7705,12603
7706,12606
7707,12609
7708,12612
7709,12616
7710,12619
7711,12622
7712,12625
7713,12628
7714,12631
7715,12634
7716,12638
7717,12641
7718,12644
7719,12647
7720,12650
7721,12654
7722,12659
7723,12663
7724,12668
7725,12673
7726,12678
7727,12683
7728,12689
7729,12694
7730,12701
7731,12706
7732,12711
7733,12716
7734,12722
7735,12727
7736,12732
7737,12737
7738,12743
7739,12749
7740,12755
7741,12761
7742,12767
7743,12774
7744,12780
7745,12787
7746,12793
7747,12799
7748,12805
7749,12812
7750,12819
7751,12826
7752,12833
7753,12840
7754,12847
7755,12854
7756,12861
7757,12868
7758,12875
7759,12881
7760,12888
7761,12894
7762,12900
7763,12907
7764,12914
7765,12920
7766,12927
7767,12934
7768,12941
7769,12948
7770,12955
7771,12962
7772,12969
7773,12976
7774,12983
7775,12990
7776,12997
7777,13004
7778,13012
7779,13020
7780,13027
7781,13034
7782,13041
7783,13048
7784,13055
7785,13062
7786,13069
7787,13076
7788,13083
7789,13090
7790,13099
7791,13106
7792,13113
7793,13120
7794,13127
7795,13134
7796,13141
7797,13148
7798,13155
7799,13162
7800,13169
7801,13176
7802,13183
7803,13190
7804,13197
7805,13206
7806,13213
7807,13220
7808,13227
7809,13234
7810,13241
7811,13248
7812,13255
7813,13262
7814,13270
7815,13277
7816,13284
7817,13292
7818,13299
7819,13306
7820,13313
7821,13320
7822,13328
7823,13335
7824,13342
7825,13349
7826,13356
7827,13363
7828,13370
7829,13377
7830,13384
7831,13391
7832,13398
7833,13405
7834,13412
7835,13419
7836,13426
7837,13433
7838,13440
7839,13447
7840,13454
7841,13461
7842,13468
7843,13475
7844,13482
7845,13489
7846,13496
7847,13503
7848,13510
7849,13517
7850,13524
7851,13531
7852,13538
7853,13545
7854,13551
7855,13557
7856,13563
7857,13569
7858,13575
7859,13581
7860,13587
7861,13593
7862,13599
7863,13604
7864,13609
7865,13614
7866,13619
7867,13624
7868,13629
7869,13634
7870,13639
7871,13644
7872,13649
7873,13654
7874,13659
7875,13664
7876,13669
7877,13674
7878,13679
7879,13684
7880,13689
7881,13694
7882,13699
7883,13704
7884,13709
7885,13714
7886,13719
7887,13724
7888,13729
7889,13734
7890,13739
7891,13744
7892,13749
7893,13754
7894,13759
7895,13764
7896,13769
7897,13774
7898,13779
7899,13784
7900,13789
7901,13794
7902,13799
7903,13804
7904,13809
7905,13814
7906,13819
7907,13823
7908,13827
7909,13831
7910,13835
7911,13839
7912,13843
7913,13847
7914,13851
7915,13855
7916,13858
7917,13861
7918,13864
7919,13867
7920,13870
7921,13873
7922,13876
7923,13878
7924,13879
7925,13880
7926,13881
7927,13882
7928,13883
7929,13884
7930,13885
7931,13886
7932,13887
7933,13888
7934,13844
7935,13802
7936,13758
7937,13712
7938,13665
7939,13619
7940,13571
7941,13522
7942,13473
7943,13427
7944,13381
7945,13334
7946,13286
7947,13239
7948,13195
7949,13146
7950,13103
7951,13061
7952,13016
7953,12980
7954,12948
7955,12921
7956,12892
7957,12866
7958,12838
7959,12811
7960,12783
7961,12757
7962,12731
7963,12704
7964,12678
7965,12653
7966,12630
7967,12608
7968,12588
7969,12570
7970,12550
7971,12533
7972,12518
7973,12501
7974,12486
7975,12474
7976,12463
7977,12455
7978,12448
7979,12441
7980,12436
7981,12431
7982,12427
7983,12425
7984,12425
7985,12425
7986,12425
7987,12425
7988,12425
7989,12425
7990,12425
7991,12425
7992,12425
7993,12425
7994,12425
7995,12425
7996,12425
7997,12425
7998,12425
7999,12425
8000,12425
8001,12425
8002,12425
8003,12425
8004,12425
8005,12425
8006,12425
8007,12425
8008,12425
8009,12425
8010,12425
8011,12425
8012,12425
8013,12425
8014,12425
8015,12425
8016,12425
8017,12425
8018,12425
8019,12425
8020,12425
8021,12425
8022,12425
8023,12425
8024,12425
8025,12425
8026,12425
8027,12425
8028,12425
8029,12425
8030,12425
8031,12425
8032,12425
8033,12425
8034,12425
8035,12425
8036,12425
8037,12425
8038,12425
8039,12425
8040,12425
8041,12425
8042,12425
8043,12425
8044,12425
8045,12425
8046,12425
8047,12425
8048,12425
8049,12425
8050,12425
8051,12425
8052,12425
8053,12425
8054,12425
8055,12425
8056,12425
8057,12425
8058,12425
8059,12425
8060,12425
8061,12425
8062,12425
8063,12425
8064,12425
8065,12425
8066,12425
8067,12425
8068,12425
8069,12425
8070,12425
8071,12425
8072,12425
8073,12425
8074,12425
8075,12425
8076,12425
8077,12425
8078,12425
8079,12425
8080,12425
8081,12425
8082,12425
8083,12425
8084,12425
8085,12425
8086,12425
8087,12425
8088,12425
8089,12425
8090,12425
8091,12425
8092,12425
8093,12425
8094,12425
8095,12425
8096,12425
8097,12425
8098,12425
8099,12425
8100,12425
8101,12425
8102,12425
8103,12425
8104,12425
8105,12425
8106,12425
8107,12425
8108,12425
8109,12425
8110,12425
8111,12425
8112,12425
8113,12425
8114,12425
8115,12425
8116,12425
8117,12425
8118,12425
8119,12425
8120,12425
8121,12425
8122,12425
8123,12425
8124,12425
8125,12425
8126,12425
8127,12425
8128,12425
8129,12425
8130,12425
8131,12425
8132,12425
8133,12425
8134,12425
8135,12425
8136,12425
8137,12425
8138,12425
8139,12425
8140,12425
8141,12425
8142,12425
8143,12425
8144,12425
8145,12425
8146,12425
8147,12425
8148,12425
8149,12425
8150,12425
8151,12425
8152,12425
8153,12425
8154,12425
8155,12425
8156,12425
8157,12425
8158,12425
8159,12425
8160,12425
8161,12425
8162,12425
8163,12425
8164,12425
8165,12425
8166,12425
8167,12425
8168,12425
8169,12425
8170,12425
8171,12425
8172,12425
8173,12425
8174,12425
8175,12425
8176,12425
8177,12425
8178,12425
8179,12425
8180,12425
8181,12425
8182,12425
8183,12425
8184,12425
8185,12425
8186,12425
8187,12425
8188,12425
8189,12425
8190,12425
8191,12425
8192,12425
8193,12425
8194,12426
8195,12427
8196,12428
8197,12429
8198,12430
8199,12431
8200,12432
8201,12433
8202,12434
8203,12435
8204,12436
8205,12437
8206,12438
8207,12439
8208,12440
8209,12441
8210,12442
8211,12443
8212,12444
8213,12445
8214,12446
8215,12447
8216,12448
8217,12449
8218,12450
8219,12451
8220,12452
8221,12453
8222,12454
8223,12455
8224,12456
8225,12457
8226,12458
8227,12459
8228,12460
8229,12461
8230,12462
8231,12463
8232,12464
8233,12465
8234,12466
8235,12467
8236,12468
8237,12469
8238,12470
8239,12471
8240,12472
8241,12473
8242,12474
8243,12474
8244,12473
8245,12469
8246,12465
8247,12458
8248,12450
8249,12441
8250,12432
8251,12421
8252,12407
8253,12393
8254,12380
8255,12363
8256,12348
8257,12330
8258,12312
8259,12295
8260,12278
8261,12258
8262,12237
8263,12214
8264,12192
8265,12165
8266,12141
8267,12116
8268,12089
8269,12061
8270,12033
8271,12004
8272,11974
8273,11944
8274,11913
8275,11875
8276,11845
8277,11813
8278,11781
8279,11749
8280,11716
8281,11684
8282,11650
8283,11615
8284,11582
8285,11538
8286,11503
8287,11469
8288,11434
8289,11397
8290,11359
8291,11320
8292,11280
8293,11241
8294,11201
8295,11152
8296,11102
8297,11053
8298,11003
8299,10954
8300,10906
8301,10853
8302,10801
8303,10750
8304,10696
8305,10628
8306,10558
8307,10490
8308,10422
8309,10348
8310,10276
8311,10208
8312,10139
8313,10070
8314,9996
8315,9913
8316,9828
8317,9744
8318,9659
8319,9574
8320,9484
8321,9398
8322,9311
8323,9222
8324,9127
8325,9035
8326,8941
8327,8845
8328,8749
8329,8651
8330,8551
8331,8458
8332,8365
8333,8270
8334,8179
8335,8085
8336,7994
8337,7899
8338,7809
8339,7719
8340,7628
8341,7535
8342,7444
8343,7353
8344,7262
8345,7160
8346,7073
8347,6986
8348,6900
8349,6814
8350,6728
8351,6644
8352,6561
8353,6480
8354,6396
8355,6296
8356,6218
8357,6143
8358,6068
8359,5994
8360,5918
8361,5845
8362,5772
8363,5701
8364,5631
8365,5549
8366,5485
8367,5421
8368,5359
8369,5301
8370,5244
8371,5189
8372,5136
8373,5085
8374,5036
8375,4979
8376,4934
8377,4891
8378,4850
8379,4811
8380,4773
8381,4737
8382,4702
8383,4669
8384,4637
8385,4600
8386,4572
8387,4545
8388,4519
8389,4494
8390,4470
8391,4447
8392,4426
8393,4406
8394,4386
8395,4363
8396,4345
8397,4328
8398,4312
8399,4297
8400,4282
8401,4268
8402,4269
8403,4270
8404,4272
8405,4274
8406,4276
8407,4278
8408,4281
8409,4284
8410,4286
8411,4288
8412,4291
8413,4293
8414,4296
8415,4299
8416,4303
8417,4306
8418,4309
8419,4312
8420,4315
8421,4318
8422,4321
8423,4324
8424,4327
8425,4330
8426,4333
8427,4336
8428,4339
8429,4342
8430,4344
8431,4347
8432,4350
8433,4353
8434,4356
8435,4359
8436,4362
8437,4365
8438,4368
8439,4372
8440,4376
8441,4380
8442,4384
8443,4388
8444,4392
8445,4396
8446,4400
8447,4404
8448,4408
8449,4412
8450,4417
8451,4421
8452,4425
8453,4429
8454,4435
8455,4441
8456,4447
8457,4453
8458,4459
8459,4466
8460,4472
8461,4478
8462,4484
8463,4490
8464,4496
8465,4502
8466,4508
8467,4515
8468,4521
8469,4527
8470,4533
8471,4539
8472,4545
8473,4551
8474,4557
8475,4564
8476,4570
8477,4577
8478,4583
8479,4589
8480,4596
8481,4603
8482,4609
8483,4615
8484,4621
8485,4628
8486,4634
8487,4640
8488,4646
8489,4652
8490,4658
8491,4663
8492,4668
8493,4674
8494,4680
8495,4685
8496,4690
8497,4696
8498,4701
8499,4706
8500,4711
8501,4717
8502,4722
8503,4727
8504,4732
8505,4785
8506,4835
8507,4883
8508,4928
8509,4972
8510,5017
8511,5062
8512,5106
8513,5148
8514,5190
8515,5229
8516,5264
8517,5303
8518,5338
8519,5392
8520,5443
8521,5491
8522,5537
8523,5581
8524,5625
8525,5666
8526,5703
8527,5742
8528,5777
8529,5811
8530,5845
8531,5857
8532,5869
8533,5881
8534,5893
8535,5904
8536,5916
8537,5927
8538,5938
8539,5948
8540,5958
8541,5968
8542,5978
8543,5988
8544,5999
8545,6009
8546,6018
8547,6027
8548,6036
8549,6044
8550,6054
8551,6064
8552,6073
8553,6082
8554,6091
8555,6099
8556,6109
8557,6119
8558,6129
8559,6138
8560,6147
8561,6156
8562,6165
8563,6174
8564,6183
8565,6192
8566,6200
8567,6210
8568,6220
8569,6228
8570,6237
8571,6246
8572,6254
8573,6263
8574,6272
8575,6281
8576,6289
8577,6298
8578,6306
8579,6316
8580,6325
8581,6334
8582,6343
8583,6353
8584,6172
8585,5989
8586,5795
8587,5605
8588,5404
8589,5209
8590,5016
8591,4821
8592,4624
8593,4436
8594,4244
8595,4058
8596,3869
8597,3678
8598,3497
8599,3317
8600,3138
8601,2977
8602,2819
8603,2671
8604,2524
8605,2375
8606,2230
8607,2086
8608,1952
8609,1819
8610,1684
8611,1555
8612,1434
8613,1319
8614,1206
8615,1096
8616,986
8617,882
8618,784
8619,684
8620,586
8621,499
8622,421
8623,357
8624,318
8625,292
8626,264
8627,242
8628,217
8629,195
8630,171
8631,148
8632,128
8633,111
8634,0
8635,0
8636,0
8637,0
8638,0
8639,0
8640,0
8641,0
8642,0
8643,0
8644,0
8645,0
8646,0
8647,0
8648,0
8649,0
8650,0
8651,0
8652,0
8653,0
8654,0
8655,0
8656,0
8657,0
8658,0
8659,0
8660,0
8661,0
8662,0
8663,0
8664,0
8665,0
8666,0
8667,0
8668,0
8669,0
8670,0
8671,0
8672,0
8673,0
8674,0
8675,0
8676,0
8677,0
8678,0
8679,0
8680,0
8681,0
8682,0
8683,0
8684,0
8685,0
8686,0
8687,0
8688,0
8689,0
8690,0
8691,0
8692,0
8693,0
8694,0
8695,0
8696,0
8697,0
8698,0
8699,0
8700,0
8701,0
8702,0
8703,0
8704,0
8705,0
8706,0
8707,0
8708,0
8709,0
8710,0
8711,0
8712,0
8713,0
8714,0
8715,0
8716,0
8717,0
8718,0
8719,0
8720,0
8721,0
8722,0
8723,0
8724,0
8725,0
8726,0
8727,0
8728,0
8729,0
8730,0
8731,0
8732,0
8733,0
8734,0
8735,0
8736,0
8737,0
8738,0
8739,0
8740,0
8741,0
8742,0
8743,0
8744,0
8745,0
8746,0
8747,0
8748,0
8749,0
8750,0
8751,0
8752,0
8753,0
8754,0
8755,0
8756,0
8757,0
8758,0
8759,0
8760,0
8761,0
8762,0
8763,0
8764,0
8765,0
8766,0
8767,0
8768,0
8769,0
8770,0
8771,0
8772,0
8773,0
8774,0
8775,0
8776,0
8777,0
8778,0
8779,0
8780,0
8781,0
8782,0
8783,0
8784,0
8785,0
8786,0
8787,0
8788,0
8789,0
8790,0
8791,0
8792,0
8793,0
8794,0
8795,0
8796,0
8797,0
8798,0
8799,0
8800,0
8801,0
8802,0
8803,0
8804,0
8805,0
8806,0
8807,0
8808,0
8809,0
8810,0
8811,0
8812,0
8813,0
8814,0
8815,0
8816,0
8817,0
8818,0
8819,0
8820,0
8821,0
8822,0
8823,0
8824,0
8825,0
8826,0
8827,0
8828,0
8829,0
8830,0
8831,0
8832,0
8833,0
8834,0
8835,0
8836,0
8837,0
8838,0
8839,0
8840,0
8841,0
8842,0
8843,0
8844,0
8845,0
8846,0
8847,0
8848,0
8849,0
8850,0
8851,0
8852,0
8853,0
8854,0
8855,0
8856,0
8857,0
8858,0
8859,0
8860,0
8861,0
8862,0
8863,0
8864,0
8865,0
8866,0
8867,0
8868,0
8869,0
8870,0
8871,0
8872,0
8873,0
8874,0
8875,0
8876,0
8877,0
8878,0
8879,0
8880,0
8881,0
8882,0
8883,0
8884,0
8885,0
8886,0
8887,0
8888,0
8889,0
8890,0
8891,0
8892,0
8893,0
8894,0
8895,0
8896,0
8897,0
8898,0
8899,0
8900,0
8901,0
8902,0
8903,0
8904,0
8905,0
8906,0
8907,0
8908,0
8909,0
8910,0
8911,0
8912,0
8913,0
8914,0
8915,0
8916,0
8917,0
8918,0
8919,0
8920,0
8921,0
8922,0
8923,0
8924,0
8925,0
8926,0
8927,0
8928,0
8929,0
8930,0
8931,0
8932,0
8933,0
8934,0
8935,0
8936,0
8937,0
8938,0
8939,0
8940,0
8941,0
8942,0
8943,0
8944,0
8945,0
8946,0
8947,0
8948,0
8949,0
8950,0
8951,0
8952,0
8953,0
8954,0
8955,0
8956,0
8957,0
8958,0
8959,0
8960,0
8961,0
8962,0
8963,0
8964,0
8965,0
8966,0
8967,0
8968,0
8969,0
8970,0
8971,0
8972,0
8973,0
8974,0
8975,0
8976,0
8977,0
8978,0
8979,0
8980,0
8981,0
8982,0
8983,0
8984,0
8985,0
8986,0
8987,0
8988,0
8989,0
8990,0
8991,0
8992,0
8993,0
8994,0
8995,0
8996,0
8997,0
8998,0
8999,0
9000,0
9001,0
9002,0
9003,0
9004,0
9005,0
9006,0
9007,0
9008,0
9009,0
9010,0
9011,0
9012,0
9013,0
9014,0
9015,0
9016,0
9017,0
9018,0
9019,0
9020,0
9021,0
9022,0
9023,0
9024,0
9025,0
9026,0
9027,0
9028,0
9029,0
9030,0
9031,0
9032,0
9033,0
9034,0
9035,0
9036,0
9037,0
9038,0
9039,0
9040,0
9041,0
9042,0
9043,0
9044,0
9045,0
9046,0
9047,0
9048,0
9049,0
9050,0
9051,0
9052,0
9053,0
9054,0
9055,0
9056,0
9057,0
9058,0
9059,0
9060,0
9061,0
9062,0
9063,0
9064,0
9065,0
9066,0
9067,0
9068,0
9069,0
9070,0
9071,0
9072,0
9073,0
9074,0
9075,0
9076,0
9077,0
9078,0
9079,0
9080,0
9081,0
9082,0
9083,0
9084,0
9085,0
9086,0
9087,0
9088,0
9089,0
9090,0
9091,0
9092,0
9093,0
9094,0
9095,0
9096,0
9097,0
9098,0
9099,0
9100,0
9101,0
9102,0
9103,0
9104,0
9105,0
9106,0
9107,0
9108,0
9109,0
9110,0
9111,0
9112,0
9113,0
9114,0
9115,0
9116,0
9117,0
9118,0
9119,0
9120,0
9121,0
9122,0
9123,0
9124,0
9125,0
9126,0
9127,0
9128,0
9129,0
9130,0
9131,0
9132,0
9133,0
9134,0
9135,0
9136,0
9137,0
9138,0
9139,0
9140,0
9141,0
9142,0
9143,0
9144,0
9145,0
9146,0
9147,0
9148,0
9149,0
9150,0
9151,0
9152,0
9153,0
9154,0
9155,0
9156,0
9157,0
9158,0
9159,0
9160,0
9161,0
9162,0
9163,0
9164,0
9165,0
9166,0
9167,0
9168,0
9169,0
9170,0
9171,0
9172,0
9173,0
9174,0
9175,0
9176,0
9177,0
9178,0
9179,0
9180,0
9181,0
9182,0
9183,0
9184,0
9185,0
9186,0
9187,0
9188,0
9189,0
9190,0
9191,0
9192,0
9193,0
9194,0
9195,0
9196,0
9197,0
9198,0
9199,0
9200,0
9201,0
9202,0
9203,0
9204,0
9205,0
9206,0
9207,0
9208,0
9209,0
9210,0
9211,0
9212,0
9213,0
9214,0
9215,0
9216,0
9217,0
9218,0
9219,0
9220,0
9221,0
9222,0
9223,0
9224,0
9225,0
9226,0
9227,0
9228,0
9229,0
9230,0
9231,0
9232,0
9233,0
9234,0
9235,0
9236,0
9237,0
9238,0
9239,0
9240,0
9241,0
9242,0
9243,0
9244,0
9245,0
9246,0
9247,0
9248,0
9249,0
9250,0
9251,0
9252,0
9253,0
9254,0
9255,0
9256,0
9257,0
9258,0
9259,0
9260,0
9261,0
9262,0
9263,0
9264,0
9265,0
9266,0
9267,0
9268,0
9269,0
9270,0
9271,0
9272,0
9273,0
9274,0
9275,0
9276,0
9277,0
9278,0
9279,0
9280,0
9281,0
9282,0
9283,0
9284,0
9285,0
9286,0
9287,0
9288,0
9289,0
9290,0
9291,0
9292,0
9293,0
9294,0
9295,0
9296,0
9297,0
9298,0
9299,0
9300,0
9301,0
9302,0
9303,0
9304,0
9305,0
9306,0
9307,0
9308,0
9309,0
9310,0
9311,0
9312,0
9313,0
9314,0
9315,0
9316,0
9317,0
9318,0
9319,0
9320,0
9321,0
9322,0
9323,0
9324,0
9325,0
9326,0
9327,0
9328,0
9329,0
9330,0
9331,0
9332,0
9333,0
9334,0
9335,0
9336,0
9337,0
9338,0
9339,0
9340,0
9341,0
9342,0
9343,0
9344,0
9345,0
9346,0
9347,0
9348,0
9349,0
9350,0
9351,0
9352,0
9353,0
9354,0
9355,0
9356,0
9357,0
9358,0
9359,0
9360,0
9361,0
9362,0
9363,0
9364,0
9365,0
9366,0
9367,0
9368,0
9369,0
9370,0
9371,0
9372,0
9373,0
9374,0
9375,0
9376,0
9377,0
9378,0
9379,0
9380,0
9381,0
9382,0
9383,0
9384,0
9385,0
9386,0
9387,0
9388,0
9389,0
9390,0
9391,0
9392,0
9393,0
9394,0
9395,0
9396,0
9397,0
9398,0
9399,0
9400,0
9401,0
9402,0
9403,0
9404,0
9405,0
9406,0
9407,0
9408,0
9409,0
9410,0
9411,0
9412,0
9413,0
9414,0
9415,0
9416,0
9417,0
9418,0
9419,0
9420,0
9421,0
9422,0
9423,0
9424,0
9425,0
9426,0
9427,0
9428,0
9429,0
9430,0
9431,0
9432,0
9433,0
9434,0
9435,0
9436,0
9437,0
9438,0
9439,0
9440,0
9441,0
9442,0
9443,0
9444,0
9445,0
9446,0
9447,0
9448,0
9449,0
9450,0
9451,0
9452,0
9453,0
9454,0
9455,0
9456,0
9457,0
9458,0
9459,0
9460,0
9461,0
9462,0
9463,0
9464,0
9465,0
9466,0
9467,0
9468,0
9469,0
9470,0
9471,0
9472,0
9473,0
9474,0
9475,0
9476,0
9477,0
9478,0
9479,0
9480,0
9481,0
9482,0
9483,0
9484,0
9485,0
9486,0
9487,0
9488,0
9489,0
9490,0
9491,0
9492,0
9493,0
9494,0
9495,0
9496,0
9497,0
9498,0
9499,0
9500,0
9501,0
9502,0
9503,0
9504,0
9505,0
9506,0
9507,0
9508,0
9509,0
9510,0
9511,0
9512,0
9513,0
9514,0
9515,0
9516,0
9517,0
9518,0
9519,0
9520,0
9521,0
9522,0
9523,0
9524,0
9525,0
9526,0
9527,0
9528,0
9529,0
9530,0
9531,0
9532,0
9533,0
9534,0
9535,0
9536,0
9537,0
9538,0
9539,0
9540,0
9541,0
9542,0
9543,0
9544,0
9545,0
9546,0
9547,0
9548,0
9549,0
9550,0
9551,0
9552,0
9553,0
9554,0
9555,0
9556,0
9557,0
9558,0
9559,0
9560,0
9561,0
9562,0
9563,0
9564,0
9565,0
9566,0
9567,0
9568,0
9569,0
9570,0
9571,0
9572,0
9573,0
9574,0
9575,0
9576,0
9577,0
9578,0
9579,0
9580,0
9581,0
9582,0
9583,0
9584,0
9585,0
9586,0
9587,0
9588,0
9589,0
9590,0
9591,0
9592,0
9593,0
9594,0
9595,0
9596,0
9597,0
9598,0
9599,0
9600,0
9601,0
9602,0
9603,0
9604,0
9605,0
9606,0
9607,0
9608,0
9609,0
9610,0
9611,0
9612,0
9613,0
9614,0
9615,0
9616,0
9617,0
9618,0
9619,0
9620,0
9621,0
9622,0
9623,0
9624,0
9625,0
9626,0
9627,0
9628,0
9629,0
9630,0
9631,0
9632,0
9633,0
9634,0
9635,0
9636,0
9637,0
9638,0
9639,0
9640,0
9641,0
9642,0
9643,0
9644,0
9645,0
9646,0
9647,0
9648,0
9649,0
9650,0
9651,0
9652,0
9653,0
9654,0
9655,0
9656,0
9657,0
9658,0
9659,0
9660,0
9661,0
9662,0
9663,0
9664,0
9665,0
9666,0
9667,0
9668,0
9669,0
9670,0
9671,0
9672,0
9673,0
9674,0
9675,0
9676,0
9677,0
9678,0
9679,0
9680,0
9681,0
9682,0
9683,0
9684,0
9685,0
9686,0
9687,0
9688,0
9689,0
9690,0
9691,0
9692,0
9693,0
9694,0
9695,0
9696,0
9697,0
9698,0
9699,0
9700,0
9701,0
9702,0
9703,0
9704,0
9705,0
9706,0
9707,0
9708,0
9709,0
9710,0
9711,0
9712,0
9713,0
9714,0
9715,0
9716,0
9717,0
9718,0
9719,0
9720,0
9721,0
9722,0
9723,0
9724,0
9725,0
9726,0
9727,0
9728,0
9729,0
9730,0
9731,0
9732,0
9733,0
9734,0
9735,0
9736,0
9737,0
9738,0
9739,0
9740,0
9741,0
9742,0
9743,0
9744,0
9745,0
9746,0
9747,0
9748,0
9749,0
9750,0
9751,0
9752,0
9753,0
9754,0
9755,0
9756,0
9757,0
9758,0
9759,0
9760,0
9761,0
9762,0
9763,0
9764,0
9765,0
9766,0
9767,0
9768,0
9769,0
9770,0
9771,0
9772,0
9773,0
9774,0
9775,0
9776,0
9777,0
9778,0
9779,0
9780,0
9781,0
9782,0
9783,0
9784,0
9785,0
9786,0
9787,0
9788,0
9789,0
9790,0
9791,0
9792,0
9793,0
9794,0
9795,0
9796,0
9797,0
9798,0
9799,0
9800,0
9801,0
9802,0
9803,0
9804,0
9805,0
9806,0
9807,0
9808,0
9809,0
9810,0
9811,0
9812,0
9813,0
9814,0
9815,0
9816,0
9817,0
9818,0
9819,0
9820,0
9821,0
9822,0
9823,0
9824,0
9825,0
9826,0
9827,0
9828,0
9829,0
9830,0
9831,0
9832,0
9833,0
9834,0
9835,0
9836,0
9837,0
9838,0
9839,0
9840,0
9841,0
9842,0
9843,0
9844,0
9845,0
9846,0
9847,0
9848,0
9849,0
9850,0
9851,0
9852,0
9853,0
9854,0
9855,0
9856,0
9857,0
9858,0
9859,0
9860,0
9861,0
9862,0
9863,0
9864,0
9865,0
9866,0
9867,0
9868,0
9869,0
9870,0
9871,0
9872,0
9873,0
9874,0
9875,0
9876,0
9877,0
9878,0
9879,0
9880,0
9881,0
9882,0
9883,0
9884,0
9885,0
9886,0
9887,0
9888,0
9889,0
9890,0
9891,0
9892,0
9893,0
9894,0
9895,0
9896,0
9897,0
9898,0
9899,0
9900,0
9901,0
9902,0
9903,0
9904,0
9905,0
9906,0
9907,0
9908,0
9909,0
9910,0
9911,0
9912,0
9913,0
9914,0
9915,0
9916,0
9917,0
9918,0
9919,0
9920,0
9921,0
9922,0
9923,0
9924,0
9925,0
9926,0
9927,0
9928,0
9929,0
9930,0
9931,0
9932,0
9933,0
9934,0
9935,0
9936,0
9937,0
9938,0
9939,0
9940,0
9941,0
9942,0
9943,0
9944,0
9945,0
9946,0
9947,0
9948,0
9949,0
9950,0
9951,0
9952,0
9953,0
9954,0
9955,0
9956,0
9957,0
9958,0
9959,0
9960,0
9961,0
9962,0
9963,0
9964,0
9965,0
9966,0
9967,0
9968,0
9969,0
9970,0
9971,0
9972,0
9973,0
9974,0
9975,0
9976,0
9977,0
9978,0
9979,0
9980,0
9981,0
9982,0
9983,0
9984,0
9985,0
9986,0
9987,0
9988,0
9989,0
9990,0
9991,0
9992,0
9993,0
9994,0
9995,0
9996,0
9997,0
9998,0
9999,0
10000,0
10001,0
10002,0
10003,0
10004,0
10005,0
10006,0
10007,0
10008,0
10009,0
10010,0
10011,0
10012,0
10013,0
10014,0
10015,0
10016,0
10017,0
10018,0
10019,0
10020,0
10021,0
10022,0
10023,0
10024,0
10025,0
10026,0
10027,0
10028,0
10029,0
10030,0
10031,0
10032,0
10033,0
10034,0
10035,0
10036,0
10037,0
10038,0
10039,0
10040,0
10041,0
10042,0
10043,0
10044,0
10045,0
10046,0
10047,0
10048,0
10049,0
10050,0
10051,0
10052,0
10053,0
10054,0
10055,0
10056,0
10057,0
10058,0
10059,0
10060,0
10061,0
10062,0
10063,0
10064,0
10065,0
10066,0
10067,0
10068,0
10069,0
10070,0
10071,0
10072,0
10073,0
10074,0
10075,0
10076,0
10077,0
10078,0
10079,0
10080,0
10081,0
10082,0
10083,0
10084,0
10085,0
10086,0
10087,0
10088,0
10089,0
10090,0
10091,0
10092,0
10093,0
10094,0
10095,0
10096,0
10097,0
10098,0
10099,0
10100,0
10101,0
10102,0
10103,0
10104,0
10105,0
10106,0
10107,0
10108,0
10109,0
10110,0
10111,0
10112,0
10113,0
10114,0
10115,0
10116,0
10117,0
10118,0
10119,0
10120,0
10121,0
10122,0
10123,0
10124,0
10125,0
10126,0
10127,0
10128,0
10129,0
10130,0
10131,0
10132,0
10133,0
10134,0
10135,0
10136,0
10137,0
10138,0
10139,0
10140,0
10141,0
10142,0
10143,0
10144,0
10145,0
10146,0
10147,0
10148,0
10149,0
10150,0
10151,0
10152,0
10153,0
10154,0
10155,0
10156,0
10157,0
10158,0
10159,0
10160,0
10161,0
10162,0
10163,0
10164,0
10165,0
10166,0
10167,0
10168,0
10169,0
10170,0
10171,0
10172,0
10173,0
10174,0
10175,0
10176,0
10177,0
10178,0
10179,0
10180,0
10181,0
10182,0
10183,0
10184,0
10185,0
10186,0
10187,0
10188,0
10189,0
10190,0
10191,0
10192,0
10193,0
10194,0
10195,0
10196,0
10197,0
10198,0
10199,0
10200,0
10201,0
10202,0
10203,0
10204,0
10205,0
10206,0
10207,0
10208,0
10209,0
10210,0
10211,0
10212,0
10213,0
10214,0
10215,0
10216,0
10217,0
10218,0
10219,0
10220,0
10221,0
10222,0
10223,0
10224,0
10225,0
10226,0
10227,0
10228,0
10229,0
10230,0
10231,0
10232,0
10233,0
10234,0
10235,0
10236,0
10237,0
10238,0
10239,0
10240,0
10241,0
10242,0
10243,0
10244,0
10245,0
10246,0
10247,0
10248,0
10249,0
10250,0
10251,0
10252,0
10253,0
10254,0
10255,0
10256,0
10257,0
10258,0
10259,0
10260,0
10261,0
10262,0
10263,0
10264,0
10265,0
10266,0
10267,0
10268,0
10269,0
10270,0
10271,0
10272,0
10273,0
10274,0
10275,0
10276,0
10277,0
10278,0
10279,0
10280,0
10281,0
10282,0
10283,0
10284,0
10285,0
10286,0
10287,0
10288,0
10289,0
10290,0
10291,0
10292,0
10293,0
10294,0
10295,0
10296,0
10297,0
10298,0
10299,0
10300,0
10301,0
10302,0
10303,0
10304,0
10305,0
10306,0
10307,0
10308,0
10309,0
10310,0
10311,0
10312,0
10313,0
10314,0
10315,0
10316,0
10317,0
10318,0
10319,0
10320,0
10321,0
10322,0
10323,0
10324,0
10325,0
10326,0
10327,0
10328,0
10329,0
10330,0
10331,0
10332,0
10333,0
10334,0
10335,0
10336,0
10337,0
10338,0
10339,0
10340,0
10341,0
10342,0
10343,0
10344,0
10345,0
10346,0
10347,0
10348,0
10349,0
10350,0
10351,0
10352,0
10353,0
10354,0
10355,0
10356,0
10357,0
10358,0
10359,0
10360,0
10361,0
10362,0
10363,0
10364,0
10365,0
10366,0
10367,0
10368,0
10369,0
10370,0
10371,0
10372,0
10373,0
10374,0
10375,0
10376,0
10377,0
10378,0
10379,0
10380,0
10381,0
10382,0
10383,0
10384,0
10385,0
10386,0
10387,0
10388,0
10389,0
10390,0
10391,0
10392,0
10393,0
10394,0
10395,0
10396,0
10397,0
10398,0
10399,0
10400,0
10401,0
10402,0
10403,0
10404,0
10405,0
10406,0
10407,0
10408,0
10409,0
10410,0
10411,0
10412,0
10413,0
10414,0
10415,0
10416,0
10417,0
10418,0
10419,0
10420,0
10421,0
10422,0
10423,0
10424,0
10425,0
10426,0
10427,0
10428,0
10429,0
10430,0
10431,0
10432,0
10433,0
10434,0
10435,0
10436,0
10437,0
10438,0
10439,0
10440,0
10441,0
10442,0
10443,0
10444,0
10445,0
10446,0
10447,0
10448,0
10449,0
10450,0
10451,0
10452,0
10453,0
10454,0
10455,0
10456,0
10457,0
10458,0
10459,0
10460,0
10461,0
10462,0
10463,0
10464,0
10465,0
10466,0
10467,0
10468,0
10469,0
10470,0
10471,0
10472,0
10473,0
10474,0
10475,0
10476,0
10477,0
10478,0
10479,0
10480,0
10481,0
10482,0
10483,0
10484,0
10485,0
10486,0
10487,0
10488,0
10489,0
10490,0
10491,0
10492,0
10493,0
10494,0
10495,0
10496,0
10497,0
10498,0
10499,0
10500,0
10501,0
10502,0
10503,0
10504,0
10505,0
10506,0
10507,0
10508,0
10509,0
10510,0
10511,0
10512,0
10513,0
10514,0
10515,0
10516,0
10517,0
10518,0
10519,0
10520,0
10521,0
10522,0
10523,0
10524,0
10525,0
10526,0
10527,0
10528,0
10529,0
10530,0
10531,0
10532,0
10533,0
10534,0
10535,0
10536,0
10537,0
10538,0
10539,0
10540,0
10541,0
10542,0
10543,0
10544,0
10545,0
10546,0
10547,0
10548,0
10549,0
10550,0
10551,0
10552,0
10553,0
10554,0
10555,0
10556,0
10557,0
10558,0
10559,0
10560,0
10561,0
10562,0
10563,0
10564,0
10565,0
10566,0
10567,0
10568,0
10569,0
10570,0
10571,0
10572,0
10573,0
10574,0
10575,0
10576,0
10577,0
10578,0
10579,0
10580,0
10581,0
10582,0
10583,0
10584,0
10585,0
10586,0
10587,0
10588,0
10589,0
10590,0
10591,0
10592,0
10593,0
10594,0
10595,0
10596,0
10597,0
10598,0
10599,0
10600,0
10601,0
10602,0
10603,0
10604,0
10605,0
10606,0
10607,0
10608,0
10609,0
10610,0
10611,0
10612,0
10613,0
10614,0
10615,0
10616,0
10617,0
10618,0
10619,0
10620,0
10621,0
10622,0
10623,0
10624,0
10625,0
10626,0
10627,0
10628,0
10629,0
10630,0
10631,0
10632,0
10633,0
10634,0
10635,0
10636,0
10637,0
10638,0
10639,0
10640,0
10641,0
10642,0
10643,0
10644,0
10645,0
10646,0
10647,0
10648,0
10649,0
10650,0
10651,0
10652,0
10653,0
10654,0
10655,0
10656,0
10657,0
10658,0
10659,0
10660,0
10661,0
10662,0
10663,0
10664,0
10665,0
10666,0
10667,0
10668,0
10669,0
10670,0
10671,0
10672,0
10673,0
10674,0
10675,0
10676,0
10677,0
10678,0
10679,0
10680,0
10681,0
10682,0
10683,0
10684,0
10685,0
10686,0
10687,0
10688,0
10689,0
10690,0
10691,0
10692,0
10693,0
10694,0
10695,0
10696,0
10697,0
10698,0
10699,0
10700,0
10701,0
10702,0
10703,0
10704,0
10705,0
10706,0
10707,0
10708,0
10709,0
10710,0
10711,0
10712,0
10713,0
10714,0
10715,0
10716,0
10717,0
10718,0
10719,0
10720,0
10721,0
10722,0
10723,0
10724,0
10725,0
10726,0
10727,0
10728,0
10729,0
10730,0
10731,0
10732,0
10733,0
10734,0
10735,0
10736,0
10737,0
10738,0
10739,0
10740,0
10741,0
10742,0
10743,0
10744,0
10745,0
10746,0
10747,0
10748,0
10749,0
10750,0
10751,0
10752,0
10753,0
10754,0
10755,0
10756,0
10757,0
10758,0
10759,0
10760,0
10761,0
10762,0
10763,0
10764,0
10765,0
10766,0
10767,0
10768,0
10769,0
10770,0
10771,0
10772,0
10773,0
10774,0
10775,0
10776,0
10777,0
10778,0
10779,0
10780,0
10781,0
10782,0
10783,0
10784,0
10785,0
10786,0
10787,0
10788,0
10789,0
10790,0
10791,0
10792,0
10793,0
10794,0
10795,0
10796,0
10797,0
10798,0
10799,0
10800,0
10801,0
10802,0
10803,0
10804,0
10805,0
10806,0
10807,0
10808,0
10809,0
10810,0
10811,0
10812,0
10813,0
10814,0
10815,0
10816,0
10817,0
10818,0
10819,0
10820,0
10821,0
10822,0
10823,0
10824,0
10825,0
10826,0
10827,0
10828,0
10829,0
10830,0
10831,0
10832,0
10833,0
10834,0
10835,0
10836,0
10837,0
10838,0
10839,0
10840,0
10841,0
10842,0
10843,0
10844,0
10845,0
10846,0
10847,0
10848,0
10849,0
10850,0
10851,0
10852,0
10853,0
10854,0
10855,0
10856,0
10857,0
10858,0
10859,0
10860,0
10861,0
10862,0
10863,0
10864,0
10865,0
10866,0
10867,0
10868,0
10869,0
10870,0
10871,0
10872,0
10873,0
10874,0
10875,0
10876,0
10877,0
10878,0
10879,0
10880,0
10881,0
10882,0
10883,0
10884,0
10885,0
10886,0
10887,0
10888,0
10889,0
10890,0
10891,0
10892,0
10893,0
10894,0
10895,0
10896,0
10897,0
10898,0
10899,0
10900,0
10901,0
10902,0
10903,0
10904,0
10905,0
10906,0
10907,0
10908,0
10909,0
10910,0
10911,0
10912,0
10913,0
10914,0
10915,0
10916,0
10917,0
10918,0
10919,0
10920,0
10921,0
10922,0
10923,0
10924,0
10925,0
10926,0
10927,0
10928,0
10929,0
10930,0
10931,0
10932,0
10933,0
10934,0
10935,0
10936,0
10937,0
10938,0
10939,0
10940,0
10941,0
10942,0
10943,0
10944,0
10945,0
10946,0
10947,0
10948,0
10949,0
10950,0
10951,0
10952,0
10953,0
10954,0
10955,0
10956,0
10957,0
10958,0
10959,0
10960,0
10961,0
10962,0
10963,0
10964,0
10965,0
10966,0
10967,0
10968,0
10969,0
10970,0
10971,0
10972,0
10973,0
10974,0
10975,0
10976,0
10977,0
10978,0
10979,0
10980,0
10981,0
10982,0
10983,0
10984,0
10985,0
10986,0
10987,0
10988,0
10989,0
10990,0
10991,0
10992,0
10993,0
10994,0
10995,0
10996,0
10997,0
10998,0
10999,0
11000,0
11001,0
11002,0
11003,0
11004,0
11005,0
11006,0
11007,0
11008,0
11009,0
11010,0
11011,0
11012,0
11013,0
11014,0
11015,0
11016,0
11017,0
11018,0
11019,0
11020,0
11021,0
11022,0
11023,0
11024,0
11025,0
11026,0
11027,0
11028,0
11029,0
11030,0
11031,0
11032,0
11033,0
11034,0
11035,0
11036,0
11037,0
11038,0
11039,0
11040,0
11041,0
11042,0
11043,0
11044,0
11045,0
11046,0
11047,0
11048,0
11049,0
11050,0
11051,0
11052,0
11053,0
11054,0
11055,0
11056,0
11057,0
11058,0
11059,0
11060,0
11061,0
11062,0
11063,0
11064,0
11065,0
11066,0
11067,0
11068,0
11069,0
11070,0
11071,0
11072,0
11073,0
11074,0
11075,0
11076,0
11077,0
11078,0
11079,0
11080,0
11081,0
11082,0
11083,0
11084,0
11085,0
11086,0
11087,0
11088,0
11089,0
11090,0
11091,0
11092,0
11093,0
11094,0
11095,0
11096,0
11097,0
11098,0
11099,0
11100,0
11101,0
11102,0
11103,0
11104,0
11105,0
11106,0
11107,0
11108,0
11109,0
11110,0
11111,0
11112,0
11113,0
11114,0
11115,0
11116,0
11117,0
11118,0
11119,0
11120,0
11121,0
11122,0
11123,0
11124,0
11125,0
11126,0
11127,0
11128,0
11129,0
11130,0
11131,0
11132,0
11133,0
11134,0
11135,0
11136,0
11137,0
11138,0
11139,0
11140,0
11141,0
11142,0
11143,0
11144,0
11145,0
11146,0
11147,0
11148,0
11149,0
11150,0
11151,0
11152,0
11153,0
11154,0
11155,0
11156,0
11157,0
11158,0
11159,0
11160,0
11161,0
11162,0
11163,0
11164,0
11165,0
11166,0
11167,0
11168,0
11169,0
11170,0
11171,0
11172,0
11173,0
11174,0
11175,0
11176,0
11177,0
11178,0
11179,0
11180,0
11181,0
11182,0
11183,0
11184,0
11185,0
11186,0
11187,0
11188,0
11189,0
11190,0
11191,0
11192,0
11193,0
11194,0
11195,0
11196,0
11197,0
11198,0
11199,0
11200,0
11201,0
11202,0
11203,0
11204,0
11205,0
11206,0
11207,0
11208,0
11209,0
11210,0
11211,0
11212,0
11213,0
11214,0
11215,0
11216,0
11217,0
11218,0
11219,0
11220,0
11221,0
11222,0
11223,0
11224,0
11225,0
11226,0
11227,0
11228,0
11229,0
11230,0
11231,0
11232,0
11233,0
11234,0
11235,0
11236,0
11237,0
11238,0
11239,0
11240,0
11241,0
11242,0
11243,0
11244,0
11245,0
11246,0
11247,0
11248,0
11249,0
11250,0
11251,0
11252,0
11253,0
11254,0
11255,0
11256,0
11257,0
11258,0
11259,0
11260,0
11261,0
11262,0
11263,0
11264,0
11265,0
11266,0
11267,0
11268,0
11269,0
11270,0
11271,0
11272,0
11273,0
11274,0
11275,0
11276,0
11277,0
11278,0
11279,0
11280,0
11281,0
11282,0
11283,0
11284,0
11285,0
11286,0
11287,0
11288,0
11289,0
11290,0
11291,0
11292,0
11293,0
11294,0
11295,0
11296,0
11297,0
11298,0
11299,0
11300,0
11301,0
11302,0
11303,0
11304,0
11305,0
11306,0
11307,0
11308,0
11309,0
11310,0
11311,0
11312,0
11313,0
11314,0
11315,0
11316,0
11317,0
11318,0
11319,0
11320,0
11321,0
11322,0
11323,0
11324,0
11325,0
11326,0
11327,0
11328,0
11329,0
11330,0
11331,0
11332,0
11333,0
11334,0
11335,0
11336,0
11337,0
11338,0
11339,0
11340,0
11341,0
11342,0
11343,0
11344,0
11345,0
11346,0
11347,0
11348,0
11349,0
11350,0
11351,0
11352,0
11353,0
11354,0
11355,0
11356,0
11357,0
11358,0
11359,0
11360,0
11361,0
11362,0
11363,0
11364,0
11365,0
11366,0
11367,0
11368,0
11369,0
11370,0
11371,0
11372,0
11373,0
11374,0
11375,0
11376,0
11377,0
11378,0
11379,0
11380,0
11381,0
11382,0
11383,0
11384,0
11385,0
11386,0
11387,0
11388,0
11389,0
11390,0
11391,0
11392,0
11393,0
11394,0
11395,0
11396,0
11397,0
11398,0
11399,0
11400,0
11401,0
11402,0
11403,0
11404,0
11405,0
11406,0
11407,0
11408,0
11409,0
11410,0
11411,0
11412,0
11413,0
11414,0
11415,0
11416,0
11417,0
11418,0
11419,0
11420,0
11421,0
11422,0
11423,0
11424,0
11425,0
11426,0
11427,0
11428,0
11429,0
11430,0
11431,0
11432,0
11433,0
11434,0
11435,0
11436,0
11437,0
11438,0
11439,0
11440,0
11441,0
11442,0
11443,0
11444,0
11445,0
11446,0
11447,0
11448,0
11449,0
11450,0
11451,0
11452,0
11453,0
11454,0
11455,0
11456,0
11457,0
11458,0
11459,0
11460,0
11461,0
11462,0
11463,0
11464,0
11465,0
11466,0
11467,0
11468,0
11469,0
11470,0
11471,0
11472,0
11473,0
11474,0
11475,0
11476,0
11477,0
11478,0
11479,0
11480,0
11481,0
11482,0
11483,0
11484,0
11485,0
11486,0
11487,0
11488,0
11489,0
11490,0
11491,0
11492,0
11493,0
11494,0
11495,0
11496,0
11497,0
11498,0
11499,0
11500,0
11501,0
11502,0
11503,0
11504,0
11505,0
11506,0
11507,0
11508,0
11509,0
11510,0
11511,0
11512,0
11513,0
11514,0
11515,0
11516,0
11517,0
11518,0
11519,0
11520,0
11521,0
11522,0
11523,0
11524,0
11525,0
11526,0
11527,0
11528,0
11529,0
11530,0
11531,0
11532,0
11533,0
11534,0
11535,0
11536,0
11537,0
11538,0
11539,0
11540,0
11541,0
11542,0
11543,0
11544,0
11545,0
11546,0
11547,0
11548,0
11549,0
11550,0
11551,0
11552,0
11553,0
11554,0
11555,0
11556,0
11557,0
11558,0
11559,0
11560,0
11561,0
11562,0
11563,0
11564,0
11565,0
11566,0
11567,0
11568,0
11569,0
11570,0
11571,0
11572,0
11573,0
11574,0
11575,0
11576,0
11577,0
11578,0
11579,0
11580,0
11581,0
11582,0
11583,0
11584,0
11585,0
11586,0
11587,0
11588,0
11589,0
11590,0
11591,0
11592,0
11593,0
11594,0
11595,0
11596,0
11597,0
11598,0
11599,0
11600,0
11601,0
11602,0
11603,0
11604,0
11605,0
11606,0
11607,0
11608,0
11609,0
11610,0
11611,0
11612,0
11613,0
11614,0
11615,0
11616,0
11617,0
11618,0
11619,0
11620,0
11621,0
11622,0
11623,0
11624,0
11625,0
11626,0
11627,0
11628,0
11629,0
11630,0
11631,0
11632,0
11633,0
11634,0
11635,0
11636,0
11637,0
11638,0
11639,0
11640,0
11641,0
11642,0
11643,0
11644,0
11645,0
11646,0
11647,0
11648,0
11649,0
11650,0
11651,0
11652,0
11653,0
11654,0
11655,0
11656,0
11657,0
11658,0
11659,0
11660,0
11661,0
11662,0
11663,0
11664,0
11665,0
11666,0
11667,0
11668,0
11669,0
11670,0
11671,0
11672,0
11673,0
11674,0
11675,0
11676,0
11677,0
11678,0
11679,0
11680,0
11681,0
11682,0
11683,0
11684,0
11685,0
11686,0
11687,0
11688,0
11689,0
11690,0
11691,0
11692,0
11693,0
11694,0
11695,0
11696,0
11697,0
11698,0
11699,0
11700,0
11701,0
11702,0
11703,0
11704,0
11705,0
11706,0
11707,0
11708,0
11709,0
11710,0
11711,0
11712,0
11713,0
11714,0
11715,0
11716,0
11717,0
11718,0
11719,0
11720,0
11721,0
11722,0
11723,0
11724,0
11725,0
11726,0
11727,0
11728,0
11729,0
11730,0
11731,0
11732,0
11733,0
11734,0
11735,0
11736,0
11737,0
11738,0
11739,0
11740,0
11741,0
11742,0
11743,0
11744,0
11745,0
11746,0
11747,0
11748,0
11749,0
11750,0
11751,0
11752,0
11753,0
11754,0
11755,0
11756,0
11757,0
11758,0
11759,0
11760,0
11761,0
11762,0
11763,0
11764,0
11765,0
11766,0
11767,0
11768,0
11769,0
11770,0
11771,0
11772,0
11773,0
11774,0
11775,0
11776,0
11777,0
11778,0
11779,0
11780,0
11781,0
11782,0
11783,0
11784,0
11785,0
11786,0
11787,0
11788,0
11789,0
11790,0
11791,0
11792,0
11793,0
11794,0
11795,0
11796,0
11797,0
11798,0
11799,0
11800,0
11801,0
11802,0
11803,0
11804,0
11805,0
11806,0
11807,0
11808,0
11809,0
11810,0
11811,0
11812,0
11813,0
11814,0
11815,0
11816,0
11817,0
11818,0
11819,0
11820,0
11821,0
11822,0
11823,0
11824,0
11825,0
11826,0
11827,0
11828,0
11829,0
11830,0
11831,0
11832,0
11833,0
11834,0
11835,0
11836,0
11837,0
11838,0
11839,0
11840,0
11841,0
11842,0
11843,0
11844,0
11845,0
11846,0
11847,0
11848,0
11849,0
11850,0
11851,0
11852,0
11853,0
11854,0
11855,0
11856,0
11857,0
11858,0
11859,0
11860,0
11861,0
11862,0
11863,0
11864,0
11865,0
11866,0
11867,0
11868,0
11869,0
11870,0
11871,0
11872,0
11873,0
11874,0
11875,0
11876,0
11877,0
11878,0
11879,0
11880,0
11881,0
11882,0
11883,0
11884,0
11885,0
11886,0
11887,0
11888,0
11889,0
11890,0
11891,0
11892,0
11893,0
11894,0
11895,0
11896,0
11897,0
11898,0
11899,0
11900,0
11901,0
11902,0
11903,0
11904,0
11905,0
11906,0
11907,0
11908,0
11909,0
11910,0
11911,0
11912,0
11913,0
11914,0
11915,0
11916,0
11917,0
11918,0
11919,0
11920,0
11921,0
11922,0
11923,0
11924,0
11925,0
11926,0
11927,0
11928,0
11929,0
11930,0
11931,0
11932,0
11933,0
11934,0
11935,0
11936,0
11937,0
11938,0
11939,0
11940,0
11941,0
11942,0
11943,0
11944,0
11945,0
11946,0
11947,0
11948,0
11949,0
11950,0
11951,0
11952,0
11953,0
11954,0
11955,0
11956,0
11957,0
11958,0
11959,0
11960,0
11961,0
11962,0
11963,0
11964,0
11965,0
11966,0
11967,0
11968,0
11969,0
11970,0
11971,0
11972,0
11973,0
11974,0
11975,0
11976,0
11977,0
11978,0
11979,0
11980,0
11981,0
11982,0
11983,0
11984,0
11985,0
11986,0
11987,0
11988,0
11989,0
11990,0
11991,0
11992,0
11993,0
11994,0
11995,0
11996,0
11997,0
11998,0
11999,0
12000,0
12001,0
12002,0
12003,0
12004,0
12005,0
12006,0
12007,0
12008,0
12009,0
12010,0
12011,0
12012,0
12013,0
12014,0
12015,0
12016,0
12017,0
12018,0
12019,0
12020,0
12021,0
12022,0
12023,0
12024,0
12025,0
12026,0
12027,0
12028,0
12029,0
12030,0
12031,0
12032,0
12033,0
12034,0
12035,0
12036,0
12037,0
12038,0
12039,0
12040,0
12041,0
12042,0
12043,0
12044,0
12045,0
12046,0
12047,0
12048,0
12049,0
12050,0
12051,0
12052,0
12053,0
12054,0
12055,0
12056,0
12057,0
12058,0
12059,0
12060,0
12061,0
12062,0
12063,0
12064,0
12065,0
12066,0
12067,0
12068,0
12069,0
12070,0
12071,0
12072,0
12073,0
12074,0
12075,0
12076,0
12077,0
12078,0
12079,0
12080,0
12081,0
12082,0
12083,0
12084,0
12085,0
12086,0
12087,0
12088,0
12089,0
12090,0
12091,0
12092,0
12093,0
12094,0
12095,0
12096,0
12097,0
12098,0
12099,0
12100,0
12101,0
12102,0
12103,0
12104,0
12105,0
12106,0
12107,0
12108,0
12109,0
12110,0
12111,0
12112,0
12113,0
12114,0
12115,0
12116,0
12117,0
12118,0
12119,0
12120,0
12121,0
12122,0
12123,0
12124,0
12125,0
12126,0
12127,0
12128,0
12129,0
12130,0
12131,0
12132,0
12133,0
12134,0
12135,0
12136,0
12137,0
12138,0
12139,0
12140,0
12141,0
12142,0
12143,0
12144,0
12145,0
12146,0
12147,0
12148,0
12149,0
12150,0
12151,0
12152,0
12153,0
12154,0
12155,0
12156,0
12157,0
12158,0
12159,0
12160,0
12161,0
12162,0
12163,0
12164,0
12165,0
12166,0
12167,0
12168,0
12169,0
12170,0
12171,0
12172,0
12173,0
12174,0
12175,0
12176,0
12177,0
12178,0
12179,0
12180,0
12181,0
12182,0
12183,0
12184,0
12185,0
12186,0
12187,0
12188,0
12189,0
12190,0
12191,0
12192,0
12193,0
12194,0
12195,0
12196,0
12197,0
12198,0
12199,0
12200,0
12201,0
12202,0
12203,0
12204,0
12205,0
12206,0
12207,0
12208,0
12209,0
12210,0
12211,0
12212,0
12213,0
12214,0
12215,0
12216,0
12217,0
12218,0
12219,0
12220,0
12221,0
12222,0
12223,0
12224,0
12225,0
12226,0
12227,0
12228,0
12229,0
12230,0
12231,0
12232,0
12233,0
12234,0
12235,0
12236,0
12237,0
12238,0
12239,0
12240,0
12241,0
12242,0
12243,0
12244,0
12245,0
12246,0
12247,0
12248,0
12249,0
12250,0
12251,0
12252,0
12253,0
12254,0
12255,0
12256,0
12257,0
12258,0
12259,0
12260,0
12261,0
12262,0
12263,0
12264,0
12265,0
12266,0
12267,0
12268,0
12269,0
12270,0
12271,0
12272,0
12273,0
12274,0
12275,0
12276,0
12277,0
12278,0
12279,0
12280,0
12281,0
12282,0
12283,0
12284,0
12285,0
12286,0
12287,0
12288,0
12289,0
12290,0
12291,0
12292,0
12293,0
12294,0
12295,0
12296,0
12297,0
12298,0
12299,0
12300,0
12301,0
12302,0
12303,0
12304,0
12305,0
12306,0
12307,0
12308,0
12309,0
12310,0
12311,0
12312,0
12313,0
12314,0
12315,0
12316,0
12317,0
12318,0
12319,0
12320,0
12321,0
12322,0
12323,0
12324,0
12325,0
12326,0
12327,0
12328,0
12329,0
12330,0
12331,0
12332,0
12333,0
12334,0
12335,0
12336,0
12337,0
12338,0
12339,0
12340,0
12341,0
12342,0
12343,0
12344,0
12345,0
12346,0
12347,0
12348,0
12349,0
12350,0
12351,0
12352,0
12353,0
12354,0
12355,0
12356,0
12357,0
12358,0
12359,0
12360,0
12361,0
12362,0
12363,0
12364,0
12365,0
12366,0
12367,0
12368,0
12369,0
12370,0
12371,0
12372,0
12373,0
12374,0
12375,0
12376,0
12377,0
12378,0
12379,0
12380,0
12381,0
12382,0
12383,0
12384,0
12385,0
12386,0
12387,0
12388,0
12389,0
12390,0
12391,0
12392,0
12393,0
12394,0
12395,0
12396,0
12397,0
12398,0
12399,0
12400,0
12401,0
12402,0
12403,0
12404,0
12405,0
12406,0
12407,0
12408,0
12409,0
12410,0
12411,0
12412,0
12413,0
12414,0
12415,0
12416,0
12417,0
12418,0
12419,0
12420,0
12421,0
12422,0
12423,0
12424,0
12425,0
12426,0
12427,0
12428,0
12429,0
12430,0
12431,0
12432,0
12433,0
12434,0
12435,0
12436,0
12437,0
12438,0
12439,0
12440,0
12441,0
12442,0
12443,0
12444,0
12445,0
12446,0
12447,0
12448,0
12449,0
12450,0
12451,0
12452,0
12453,0
12454,0
12455,0
12456,0
12457,0
12458,0
12459,0
12460,0
12461,0
12462,0
12463,0
12464,0
12465,0
12466,0
12467,0
12468,0
12469,0
12470,0
12471,0
12472,0
12473,0
12474,0
12475,0
12476,0
12477,0
12478,0
12479,0
12480,0
12481,0
12482,0
12483,0
12484,0
12485,0
12486,0
12487,0
12488,0
12489,0
12490,0
12491,0
12492,0
12493,0
12494,0
12495,0
12496,0
12497,0
12498,0
12499,0
12500,0
12501,0
12502,0
12503,0
12504,0
12505,0
12506,0
12507,0
12508,0
12509,0
12510,0
12511,0
12512,0
12513,0
12514,0
12515,0
12516,0
12517,0
12518,0
12519,0
12520,0
12521,0
12522,0
12523,0
12524,0
12525,0
12526,0
12527,0
12528,0
12529,0
12530,0
12531,0
12532,0
12533,0
12534,0
12535,0
12536,0
12537,0
12538,0
12539,0
12540,0
12541,0
12542,0
12543,0
12544,0
12545,0
12546,0
12547,0
12548,0
12549,0
12550,0
12551,0
12552,0
12553,0
12554,0
12555,0
12556,0
12557,0
12558,0
12559,0
12560,0
12561,0
12562,0
12563,0
12564,0
12565,0
12566,0
12567,0
12568,0
12569,0
12570,0
12571,0
12572,0
12573,0
12574,0
12575,0
12576,0
12577,0
12578,0
12579,0
12580,0
12581,0
12582,0
12583,0
12584,0
12585,0
12586,0
12587,0
12588,0
12589,0
12590,0
12591,0
12592,0
12593,0
12594,0
12595,0
12596,0
12597,0
12598,0
12599,0
12600,0
12601,0
12602,0
12603,0
12604,0
12605,0
12606,0
12607,0
12608,0
12609,0
12610,0
12611,0
12612,0
12613,0
12614,0
12615,0
12616,0
12617,0
12618,0
12619,0
12620,0
12621,0
12622,0
12623,0
12624,0
12625,0
12626,0
12627,0
12628,0
12629,0
12630,0
12631,0
12632,0
12633,0
12634,0
12635,0
12636,0
12637,0
12638,0
12639,0
12640,0
12641,0
12642,0
12643,0
12644,0
12645,0
12646,0
12647,0
12648,0
12649,0
12650,0
12651,0
12652,0
12653,0
12654,0
12655,0
12656,0
12657,0
12658,0
12659,0
12660,0
12661,0
12662,0
12663,0
12664,0
12665,0
12666,0
12667,0
12668,0
12669,0
12670,0
12671,0
12672,0
12673,0
12674,0
12675,0
12676,0
12677,0
12678,0
12679,0
12680,0
12681,0
12682,0
12683,0
12684,0
12685,0
12686,0
12687,0
12688,0
12689,0
12690,0
12691,0
12692,0
12693,0
12694,0
12695,0
12696,0
12697,0
12698,0
12699,0
12700,0
12701,0
12702,0
12703,0
12704,0
12705,0
12706,0
12707,0
12708,0
12709,0
12710,0
12711,0
12712,0
12713,0
12714,0
12715,0
12716,0
12717,0
12718,0
12719,0
12720,0
12721,0
12722,0
12723,0
12724,0
12725,0
12726,0
12727,0
12728,0
12729,0
12730,0
12731,0
12732,0
12733,0
12734,0
12735,0
12736,0
12737,0
12738,0
12739,0
12740,0
12741,0
12742,0
12743,0
12744,0
12745,0
12746,0
12747,0
12748,0
12749,0
12750,0
12751,0
12752,0
12753,0
12754,0
12755,0
12756,0
12757,0
12758,0
12759,0
12760,0
12761,0
12762,0
12763,0
12764,0
12765,0
12766,0
12767,0
12768,0
12769,0
12770,0
12771,0
12772,0
12773,0
12774,0
12775,0
12776,0
12777,0
12778,0
12779,0
12780,0
12781,0
12782,0
12783,0
12784,0
12785,0
12786,0
12787,0
12788,0
12789,0
12790,0
12791,0
12792,0
12793,0
12794,0
12795,0
12796,0
12797,0
12798,0
12799,0
12800,0
12801,0
12802,0
12803,0
12804,0
12805,0
12806,0
12807,0
12808,0
12809,0
12810,0
12811,0
12812,0
12813,0
12814,0
12815,0
12816,0
12817,0
12818,0
12819,0
12820,0
12821,0
12822,0
12823,0
12824,0
12825,0
12826,0
12827,0
12828,0
12829,0
12830,0
12831,0
12832,0
12833,0
12834,0
12835,0
12836,0
12837,0
12838,0
12839,0
12840,0
12841,0
12842,0
12843,0
12844,0
12845,0
12846,0
12847,0
12848,0
12849,0
12850,0
12851,0
12852,0
12853,0
12854,0
12855,0
12856,0
12857,0
12858,0
12859,0
12860,0
12861,0
12862,0
12863,0
12864,0
12865,0
12866,0
12867,0
12868,0
12869,0
12870,0
12871,0
12872,0
12873,0
12874,0
12875,0
12876,0
12877,0
12878,0
12879,0
12880,0
12881,0
12882,0
12883,0
12884,0
12885,0
12886,0
12887,0
12888,0
12889,0
12890,0
12891,0
12892,0
12893,0
12894,0
12895,0
12896,0
12897,0
12898,0
12899,0
12900,0
12901,0
12902,0
12903,0
12904,0
12905,0
12906,0
12907,0
12908,0
12909,0
12910,0
12911,0
12912,0
12913,0
12914,0
12915,0
12916,0
12917,0
12918,0
12919,0
12920,0
12921,0
12922,0
12923,0
12924,0
12925,0
12926,0
12927,0
12928,0
12929,0
12930,0
12931,0
12932,0
12933,0
12934,0
12935,0
12936,0
12937,0
12938,0
12939,0
12940,0
12941,0
12942,0
12943,0
12944,0
12945,0
12946,0
12947,0
12948,0
12949,0
12950,0
12951,0
12952,0
12953,0
12954,0
12955,0
12956,0
12957,0
12958,0
12959,0
12960,0
12961,0
12962,0
12963,0
12964,0
12965,0
12966,0
12967,0
12968,0
12969,0
12970,0
12971,0
12972,0
12973,0
12974,0
12975,0
12976,0
12977,0
12978,0
12979,0
12980,0
12981,0
12982,0
12983,0
12984,0
12985,0
12986,0
12987,0
12988,0
12989,0
12990,0
12991,0
12992,0
12993,0
12994,0
12995,0
12996,0
12997,0
12998,0
12999,0
13000,0
13001,0
13002,0
13003,0
13004,0
13005,0
13006,0
13007,0
13008,0
13009,0
13010,0
13011,0
13012,0
13013,0
13014,0
13015,0
13016,0
13017,0
13018,0
13019,0
13020,0
13021,0
13022,0
13023,0
13024,0
13025,0
13026,0
13027,0
13028,0
13029,0
13030,0
13031,0
13032,0
13033,0
13034,0
13035,0
13036,0
13037,0
13038,0
13039,0
13040,0
13041,0
13042,0
13043,0
13044,0
13045,0
13046,0
13047,0
13048,0
13049,0
13050,0
13051,0
13052,0
13053,0
13054,0
13055,0
13056,0
13057,0
13058,0
13059,0
13060,0
13061,0
13062,0
13063,0
13064,0
13065,0
13066,0
13067,0
13068,0
13069,0
13070,0
13071,0
13072,0
13073,0
13074,0
13075,0
13076,0
13077,0
13078,0
13079,0
13080,0
13081,0
13082,0
13083,0
13084,0
13085,0
13086,0
13087,0
13088,0
13089,0
13090,0
13091,0
13092,0
13093,0
13094,0
13095,0
13096,0
13097,0
13098,0
13099,0
13100,0
13101,0
13102,0
13103,0
13104,0
13105,0
13106,0
13107,0
13108,0
13109,0
13110,0
13111,0
13112,0
13113,0
13114,0
13115,0
13116,0
13117,0
13118,0
13119,0
13120,0
13121,0
13122,0
13123,0
13124,0
13125,0
13126,0
13127,0
13128,0
13129,0
13130,0
13131,0
13132,0
13133,0
13134,0
13135,0
13136,0
13137,0
13138,0
13139,0
13140,0
13141,0
13142,0
13143,0
13144,0
13145,0
13146,0
13147,0
13148,0
13149,0
13150,0
13151,0
13152,0
13153,0
13154,0
13155,0
13156,0
13157,0
13158,0
13159,0
13160,0
13161,0
13162,0
13163,0
13164,0
13165,0
13166,0
13167,0
13168,0
13169,0
13170,0
13171,0
13172,0
13173,0
13174,0
13175,0
13176,0
13177,0
13178,0
13179,0
13180,0
13181,0
13182,0
13183,0
13184,0
13185,0
13186,0
13187,0
13188,0
13189,0
13190,0
13191,0
13192,0
13193,0
13194,0
13195,0
13196,0
13197,0
13198,0
13199,0
13200,0
13201,0
13202,0
13203,0
13204,0
13205,0
13206,0
13207,0
13208,0
13209,0
13210,0
13211,0
13212,0
13213,0
13214,0
13215,0
13216,0
13217,0
13218,0
13219,0
13220,0
13221,0
13222,0
13223,0
13224,0
13225,0
13226,0
13227,0
13228,0
13229,0
13230,0
13231,0
13232,0
13233,0
13234,0
13235,0
13236,0
13237,0
13238,0
13239,0
13240,0
13241,0
13242,0
13243,0
13244,0
13245,0
13246,0
13247,0
13248,0
13249,0
13250,0
13251,0
13252,0
13253,0
13254,0
13255,0
13256,0
13257,0
13258,0
13259,0
13260,0
13261,0
13262,0
13263,0
13264,0
13265,0
13266,0
13267,0
13268,0
13269,0
13270,0
13271,0
13272,0
13273,0
13274,0
13275,0
13276,0
13277,0
13278,0
13279,0
13280,0
13281,0
13282,0
13283,0
13284,0
13285,0
13286,0
13287,0
13288,0
13289,0
13290,0
13291,0
13292,0
13293,0
13294,0
13295,0
13296,0
13297,0
13298,0
13299,0
13300,0
13301,0
13302,0
13303,0
13304,0
13305,0
13306,0
13307,0
13308,0
13309,0
13310,0
13311,0
13312,0
13313,0
13314,0
13315,0
13316,0
13317,0
13318,0
13319,0
13320,0
13321,0
13322,0
13323,0
13324,0
13325,0
13326,0
13327,0
13328,0
13329,0
13330,0
13331,0
13332,0
13333,0
13334,0
13335,0
13336,0
13337,0
13338,0
13339,0
13340,0
13341,0
13342,0
13343,0
13344,0
13345,0
13346,0
13347,0
13348,0
13349,0
13350,0
13351,0
13352,0
13353,0
13354,0
13355,0
13356,0
13357,0
13358,0
13359,0
13360,0
13361,0
13362,0
13363,0
13364,0
13365,0
13366,0
13367,0
13368,0
13369,0
13370,0
13371,0
13372,0
13373,0
13374,0
13375,0
13376,0
13377,0
13378,0
13379,0
13380,0
13381,0
13382,0
13383,0
13384,0
13385,0
13386,0
13387,0
13388,0
13389,0
13390,0
13391,0
13392,0
13393,0
13394,0
13395,0
13396,0
13397,0
13398,0
13399,0
13400,0
13401,0
13402,0
13403,0
13404,0
13405,0
13406,0
13407,0
13408,0
13409,0
13410,0
13411,0
13412,0
13413,0
13414,0
13415,0
13416,0
13417,0
13418,0
13419,0
13420,0
13421,0
13422,0
13423,0
13424,0
13425,0
13426,0
13427,0
13428,0
13429,0
13430,0
13431,0
13432,0
13433,0
13434,0
13435,0
13436,0
13437,0
13438,0
13439,0
13440,0
13441,0
13442,0
13443,0
13444,0
13445,0
13446,0
13447,0
13448,0
13449,0
13450,0
13451,0
13452,0
13453,0
13454,0
13455,0
13456,0
13457,0
13458,0
13459,0
13460,0
13461,0
13462,0
13463,0
13464,0
13465,0
13466,0
13467,0
13468,0
13469,0
13470,0
13471,0
13472,0
13473,0
13474,0
13475,0
13476,0
13477,0
13478,0
13479,0
13480,0
13481,0
13482,0
13483,0
13484,0
13485,0
13486,0
13487,0
13488,0
13489,0
13490,0
13491,0
13492,0
13493,0
13494,0
13495,0
13496,0
13497,0
13498,0
13499,0
13500,0
13501,0
13502,0
13503,0
13504,0
13505,0
13506,0
13507,0
13508,0
13509,0
13510,0
13511,0
13512,0
13513,0
13514,0
13515,0
13516,0
13517,0
13518,0
13519,0
13520,0
13521,0
13522,0
13523,0
13524,0
13525,0
13526,0
13527,0
13528,0
13529,0
13530,0
13531,0
13532,0
13533,0
13534,0
13535,0
13536,0
13537,0
13538,0
13539,0
13540,0
13541,0
13542,0
13543,0
13544,0
13545,0
13546,0
13547,0
13548,0
13549,0
13550,0
13551,0
13552,0
13553,0
13554,0
13555,0
13556,0
13557,0
13558,0
13559,0
13560,0
13561,0
13562,0
13563,0
13564,0
13565,0
13566,0
13567,0
13568,0
13569,0
13570,0
13571,0
13572,0
13573,0
13574,0
13575,0
13576,0
13577,0
13578,0
13579,0
13580,0
13581,0
13582,0
13583,0
13584,0
13585,0
13586,0
13587,0
13588,0
13589,0
13590,0
13591,0
13592,0
13593,0
13594,0
13595,0
13596,0
13597,0
13598,0
13599,0
13600,0
13601,0
13602,0
13603,0
13604,0
13605,0
13606,0
13607,0
13608,0
13609,0
13610,0
13611,0
13612,0
13613,0
13614,0
13615,0
13616,0
13617,0
13618,0
13619,0
13620,0
13621,0
13622,0
13623,0
13624,0
13625,0
13626,0
13627,0
13628,0
13629,0
13630,0
13631,0
13632,0
13633,0
13634,0
13635,0
13636,0
13637,0
13638,0
13639,0
13640,0
13641,0
13642,0
13643,0
13644,0
13645,0
13646,0
13647,0
13648,0
13649,0
13650,0
13651,0
13652,0
13653,0
13654,0
13655,0
13656,0
13657,0
13658,0
13659,0
13660,0
13661,0
13662,0
13663,0
13664,0
13665,0
13666,0
13667,0
13668,0
13669,0
13670,0
13671,0
13672,0
13673,0
13674,0
13675,0
13676,0
13677,0
13678,0
13679,0
13680,0
13681,0
13682,0
13683,0
13684,0
13685,0
13686,0
13687,0
13688,0
13689,0
13690,0
13691,0
13692,0
13693,0
13694,0
13695,0
13696,0
13697,0
13698,0
13699,0
13700,0
13701,0
13702,0
13703,0
13704,0
13705,0
13706,0
13707,0
13708,0
13709,0
13710,0
13711,0
13712,0
13713,0
13714,0
13715,0
13716,0
13717,0
13718,0
13719,0
13720,0
13721,0
13722,0
13723,0
13724,0
13725,0
13726,0
13727,0
13728,0
13729,0
13730,0
13731,0
13732,0
13733,0
13734,0
13735,0
13736,0
13737,0
13738,0
13739,0
13740,0
13741,0
13742,0
13743,0
13744,0
13745,0
13746,0
13747,0
13748,0
13749,0
13750,0
13751,0
13752,0
13753,0
13754,0
13755,0
13756,0
13757,0
13758,0
13759,0
13760,0
13761,0
13762,0
13763,0
13764,0
13765,0
13766,0
13767,0
13768,0
13769,0
13770,0
13771,0
13772,0
13773,0
13774,0
13775,0
13776,0
13777,0
13778,0
13779,0
13780,0
13781,0
13782,0
13783,0
13784,0
13785,0
13786,0
13787,0
13788,0
13789,0
13790,0
13791,0
13792,0
13793,0
13794,0
13795,0
13796,0
13797,0
13798,0
13799,0
13800,0
13801,0
13802,0
13803,0
13804,0
13805,0
13806,0
13807,0
13808,0
13809,0
13810,0
13811,0
13812,0
13813,0
13814,0
13815,0
13816,0
13817,0
13818,0
13819,0
13820,0
13821,0
13822,0
13823,0
13824,0
13825,0
13826,0
13827,0
13828,0
13829,0
13830,0
13831,0
13832,0
13833,0
13834,0
13835,0
13836,0
13837,0
13838,0
13839,0
13840,0
13841,0
13842,0
13843,0
13844,0
13845,0
13846,0
13847,0
13848,0
13849,0
13850,0
13851,0
13852,0
13853,0
13854,0
13855,0
13856,0
13857,0
13858,0
13859,0
13860,0
13861,0
13862,0
13863,0
13864,0
13865,0
13866,0
13867,0
13868,0
13869,0
13870,0
13871,0
13872,0
13873,0
13874,0
13875,0
13876,0
13877,0
13878,0
13879,0
13880,0
13881,0
13882,0
13883,0
13884,0
13885,0
13886,0
13887,0
13888,0
13889,0
13890,0
13891,0
13892,0
13893,0
13894,0
13895,0
13896,0
13897,0
13898,0
13899,0
13900,0
13901,0
13902,0
13903,0
13904,0
13905,0
13906,0
13907,0
13908,0
13909,0
13910,0
13911,0
13912,0
13913,0
13914,0
13915,0
13916,0
13917,0
13918,0
13919,0
13920,0
13921,0
13922,0
13923,0
13924,0
13925,0
13926,0
13927,0
13928,0
13929,0
13930,0
13931,0
13932,0
13933,0
13934,0
13935,0
13936,0
13937,0
13938,0
13939,0
13940,0
13941,0
13942,0
13943,0
13944,0
13945,0
13946,0
13947,0
13948,0
13949,0
13950,0
13951,0
13952,0
13953,0
13954,0
13955,0
13956,0
13957,0
13958,0
13959,0
13960,0
13961,0
13962,0
13963,0
13964,0
13965,0
13966,0
13967,0
13968,0
13969,0
13970,0
13971,0
13972,0
13973,0
13974,0
13975,0
13976,0
13977,0
13978,0
13979,0
13980,0
13981,0
13982,0
13983,0
13984,0
13985,0
13986,0
13987,0
13988,0
13989,0
13990,0
13991,0
13992,0
13993,0
13994,0
13995,0
13996,0
13997,0
13998,0
13999,0
14000,0
14001,0
14002,0
14003,0
14004,0
14005,0
14006,0
14007,0
14008,0
14009,0
14010,0
14011,0
14012,0
14013,0
14014,0
14015,0
14016,0
14017,0
14018,0
14019,0
14020,0
14021,0
14022,0
14023,0
14024,0
14025,0
14026,0
14027,0
14028,0
14029,0
14030,0
14031,0
14032,0
14033,0
14034,0
14035,0
14036,0
14037,0
14038,0
14039,0
14040,0
14041,0
14042,0
14043,0
14044,0
14045,0
14046,0
14047,0
14048,0
14049,0
14050,0
14051,0
14052,0
14053,0
14054,0
14055,0
14056,0
14057,0
14058,0
14059,0
14060,0
14061,0
14062,0
14063,0
14064,0
14065,0
14066,0
14067,0
14068,0
14069,0
14070,0
14071,0
14072,0
14073,0
14074,0
14075,0
14076,0
14077,0
14078,0
14079,0
14080,0
14081,0
14082,0
14083,0
14084,0
14085,0
14086,0
14087,0
14088,0
14089,0
14090,0
14091,0
14092,0
14093,0
14094,0
14095,0
14096,0
14097,0
14098,0
14099,0
14100,0
14101,0
14102,0
14103,0
14104,0
14105,0
14106,0
14107,0
14108,0
14109,0
14110,0
14111,0
14112,0
14113,0
14114,0
14115,0
14116,0
14117,0
14118,0
14119,0
14120,0
14121,0
14122,0
14123,0
14124,0
14125,0
14126,0
14127,0
14128,0
14129,0
14130,0
14131,0
14132,0
14133,0
14134,0
14135,0
14136,0
14137,0
14138,0
14139,0
14140,0
14141,0
14142,0
14143,0
14144,0
14145,0
14146,0
14147,0
14148,0
14149,0
14150,0
14151,0
14152,0
14153,0
14154,0
14155,0
14156,0
14157,0
14158,0
14159,0
14160,0
14161,0
14162,0
14163,0
14164,0
14165,0
14166,0
14167,0
14168,0
14169,0
14170,0
14171,0
14172,0
14173,0
14174,0
14175,0
14176,0
14177,0
14178,0
14179,0
14180,0
14181,0
14182,0
14183,0
14184,0
14185,0
14186,0
14187,0
14188,0
14189,0
14190,0
14191,0
14192,0
14193,0
14194,0
14195,0
14196,0
14197,0
14198,0
14199,0
14200,0
14201,0
14202,0
14203,0
14204,0
14205,0
14206,0
14207,0
14208,0
14209,0
14210,0
14211,0
14212,0
14213,0
14214,0
14215,0
14216,0
14217,0
14218,0
14219,0
14220,0
14221,0
14222,0
14223,0
14224,0
14225,0
14226,0
14227,0
14228,0
14229,0
14230,0
14231,0
14232,0
14233,0
14234,0
14235,0
14236,0
14237,0
14238,0
14239,0
14240,0
14241,0
14242,0
14243,0
14244,0
14245,0
14246,0
14247,0
14248,0
14249,0
14250,0
14251,0
14252,0
14253,0
14254,0
14255,0
14256,0
14257,0
14258,0
14259,0
14260,0
14261,0
14262,0
14263,0
14264,0
14265,0
14266,0
14267,0
14268,0
14269,0
14270,0
14271,0
14272,0
14273,0
14274,0
14275,0
14276,0
14277,0
14278,0
14279,0
14280,0
14281,0
14282,0
14283,0
14284,0
14285,0
14286,0
14287,0
14288,0
14289,0
14290,0
14291,0
14292,0
14293,0
14294,0
14295,0
14296,0
14297,0
14298,0
14299,0
14300,0
14301,0
14302,0
14303,0
14304,0
14305,0
14306,0
14307,0
14308,0
14309,0
14310,0
14311,0
14312,0
14313,0
14314,0
14315,0
14316,0
14317,0
14318,0
14319,0
14320,0
14321,0
14322,0
14323,0
14324,0
14325,0
14326,0
14327,0
14328,0
14329,0
14330,0
14331,0
14332,0
14333,0
14334,0
14335,0
14336,0
14337,0
14338,0
14339,0
14340,0
14341,0
14342,0
14343,0
14344,0
14345,0
14346,0
14347,0
14348,0
14349,0
14350,0
14351,0
14352,0
14353,0
14354,0
14355,0
14356,0
14357,0
14358,0
14359,0
14360,0
14361,0
14362,0
14363,0
14364,0
14365,0
14366,0
14367,0
14368,0
14369,0
14370,0
14371,0
14372,0
14373,0
14374,0
14375,0
14376,0
14377,0
14378,0
14379,0
14380,0
14381,0
14382,0
14383,0
14384,0
14385,0
14386,0
14387,0
14388,0
14389,0
14390,0
14391,0
14392,0
14393,0
14394,0
14395,0
14396,0
14397,0
14398,0
14399,0
14400,0
14401,0
14402,0
14403,0
14404,0
14405,0
14406,0
14407,0
14408,0
14409,0
14410,0
14411,0
14412,0
14413,0
14414,0
14415,0
14416,0
14417,0
14418,0
14419,0
14420,0
14421,0
14422,0
14423,0
14424,0
14425,0
14426,0
14427,0
14428,0
14429,0
14430,0
14431,0
14432,0
14433,0
14434,0
14435,0
14436,0
14437,0
14438,0
14439,0
14440,0
14441,0
14442,0
14443,0
14444,0
14445,0
14446,0
14447,0
14448,0
14449,0
14450,0
14451,0
14452,0
14453,0
14454,0
14455,0
14456,0
14457,0
14458,0
14459,0
14460,0
14461,0
14462,0
14463,0
14464,0
14465,0
14466,0
14467,0
14468,0
14469,0
14470,0
14471,0
14472,0
14473,0
14474,0
14475,0
14476,0
14477,0
14478,0
14479,0
14480,0
14481,0
14482,0
14483,0
14484,0
14485,0
14486,0
14487,0
14488,0
14489,0
14490,0
14491,0
14492,0
14493,0
14494,0
14495,0
14496,0
14497,0
14498,0
14499,0
14500,0
14501,0
14502,0
14503,0
14504,0
14505,0
14506,0
14507,0
14508,0
14509,0
14510,0
14511,0
14512,0
14513,0
14514,0
14515,0
14516,0
14517,0
14518,0
14519,0
14520,0
14521,0
14522,0
14523,0
14524,0
14525,0
14526,0
14527,0
14528,0
14529,0
14530,0
14531,0
14532,0
14533,0
14534,0
14535,0
14536,0
14537,0
14538,0
14539,0
14540,0
14541,0
14542,0
14543,0
14544,0
14545,0
14546,0
14547,0
14548,0
14549,0
14550,0
14551,0
14552,0
14553,0
14554,0
14555,0
14556,0
14557,0
14558,0
14559,0
14560,0
14561,0
14562,0
14563,0
14564,0
14565,0
14566,0
14567,0
14568,0
14569,0
14570,0
14571,0
14572,0
14573,0
14574,0
14575,0
14576,0
14577,0
14578,0
14579,0
14580,0
14581,0
14582,0
14583,0
14584,0
14585,0
14586,0
14587,0
14588,0
14589,0
14590,0
14591,0
14592,0
14593,0
14594,0
14595,0
14596,0
14597,0
14598,0
14599,0
14600,0
14601,0
14602,0
14603,0
14604,0
14605,0
14606,0
14607,0
14608,0
14609,0
14610,0
14611,0
14612,0
14613,0
14614,0
14615,0
14616,0
14617,0
14618,0
14619,0
14620,0
14621,0
14622,0
14623,0
14624,0
14625,0
14626,0
14627,0
14628,0
14629,0
14630,0
14631,0
14632,0
14633,0
14634,0
14635,0
14636,0
14637,0
14638,0
14639,0
14640,0
14641,0
14642,0
14643,0
14644,0
14645,0
14646,0
14647,0
14648,0
14649,0
14650,0
14651,0
14652,0
14653,0
14654,0
14655,0
14656,0
14657,0
14658,0
14659,0
14660,0
14661,0
14662,0
14663,0
14664,0
14665,0
14666,0
14667,0
14668,0
14669,0
14670,0
14671,0
14672,0
14673,0
14674,0
14675,0
14676,0
14677,0
14678,0
14679,0
14680,0
14681,0
14682,0
14683,0
14684,0
14685,0
14686,0
14687,0
14688,0
14689,0
14690,0
14691,0
14692,0
14693,0
14694,0
14695,0
14696,0
14697,0
14698,0
14699,0
14700,0
14701,0
14702,0
14703,0
14704,0
14705,0
14706,0
14707,0
14708,0
14709,0
14710,0
14711,0
14712,0
14713,0
14714,0
14715,0
14716,0
14717,0
14718,0
14719,0
14720,0
14721,0
14722,0
14723,0
14724,0
14725,0
14726,0
14727,0
14728,0
14729,0
14730,0
14731,0
14732,0
14733,0
14734,0
14735,0
14736,0
14737,0
14738,0
14739,0
14740,0
14741,0
14742,0
14743,0
14744,0
14745,0
14746,0
14747,0
14748,0
14749,0
14750,0
14751,0
14752,0
14753,0
14754,0
14755,0
14756,0
14757,0
14758,0
14759,0
14760,0
14761,0
14762,0
14763,0
14764,0
14765,0
14766,0
14767,0
14768,0
14769,0
14770,0
14771,0
14772,0
14773,0
14774,0
14775,0
14776,0
14777,0
14778,0
14779,0
14780,0
14781,0
14782,0
14783,0
14784,0
14785,0
14786,0
14787,0
14788,0
14789,0
14790,0
14791,0
14792,0
14793,0
14794,0
14795,0
14796,0
14797,0
14798,0
14799,0
14800,0
14801,0
14802,0
14803,0
14804,0
14805,0
14806,0
14807,0
14808,0
14809,0
14810,0
14811,0
14812,0
14813,0
14814,0
14815,0
14816,0
14817,0
14818,0
14819,0
14820,0
14821,0
14822,0
14823,0
14824,0
14825,0
14826,0
14827,0
14828,0
14829,0
14830,0
14831,0
14832,0
14833,0
14834,0
14835,0
14836,0
14837,0
14838,0
14839,0
14840,0
14841,0
14842,0
14843,0
14844,0
14845,0
14846,0
14847,0
14848,0
14849,0
14850,0
14851,0
14852,0
14853,0
14854,0
14855,0
14856,0
14857,0
14858,0
14859,0
14860,0
14861,0
14862,0
14863,0
14864,0
14865,0
14866,0
14867,0
14868,0
14869,0
14870,0
14871,0
14872,0
14873,0
14874,0
14875,0
14876,0
14877,0
14878,0
14879,0
14880,0
14881,0
14882,0
14883,0
14884,0
14885,0
14886,0
14887,0
14888,0
14889,0
14890,0
14891,0
14892,0
14893,0
14894,0
14895,0
14896,0
14897,0
14898,0
14899,0
14900,0
14901,0
14902,0
14903,0
14904,0
14905,0
14906,0
14907,0
14908,0
14909,0
14910,0
14911,0
14912,0
14913,0
14914,0
14915,0
14916,0
14917,0
14918,0
14919,0
14920,0
14921,0
14922,0
14923,0
14924,0
14925,0
14926,0
14927,0
14928,0
14929,0
14930,0
14931,0
14932,0
14933,0
14934,0
14935,0
14936,0
14937,0
14938,0
14939,0
14940,0
14941,0
14942,0
14943,0
14944,0
14945,0
14946,0
14947,0
14948,0
14949,0
14950,0
14951,0
14952,0
14953,0
14954,0
14955,0
14956,0
14957,0
14958,0
14959,0
14960,0
14961,0
14962,0
14963,0
14964,0
14965,0
14966,0
14967,0
14968,0
14969,0
14970,0
14971,0
14972,0
14973,0
14974,0
14975,0
14976,0
14977,0
14978,0
14979,0
14980,0
14981,0
14982,0
14983,0
14984,0
14985,0
14986,0
14987,0
14988,0
14989,0
14990,0
14991,0
14992,0
14993,0
14994,0
14995,0
14996,0
14997,0
14998,0
14999,0
15000,0
15001,0
15002,0
15003,0
15004,0
15005,0
15006,0
15007,0
15008,0
15009,0
15010,0
15011,0
15012,0
15013,0
15014,0
15015,0
15016,0
15017,0
15018,0
15019,0
15020,0
15021,0
15022,0
15023,0
15024,0
15025,0
15026,0
15027,0
15028,0
15029,0
15030,0
15031,0
15032,0
15033,0
15034,0
15035,0
15036,0
15037,0
15038,0
15039,0
15040,0
15041,0
15042,0
15043,0
15044,0
15045,0
15046,0
15047,0
15048,0
15049,0
15050,0
15051,0
15052,0
15053,0
15054,0
15055,0
15056,0
15057,0
15058,0
15059,0
15060,0
15061,0
15062,0
15063,0
15064,0
15065,0
15066,0
15067,0
15068,0
15069,0
15070,0
15071,0
15072,0
15073,0
15074,0
15075,0
15076,0
15077,0
15078,0
15079,0
15080,0
15081,0
15082,0
15083,0
15084,0
15085,0
15086,0
15087,0
15088,0
15089,0
15090,0
15091,0
15092,0
15093,0
15094,0
15095,0
15096,0
15097,0
15098,0
15099,0
15100,0
15101,0
15102,0
15103,0
15104,0
15105,0
15106,0
15107,0
15108,0
15109,0
15110,0
15111,0
15112,0
15113,0
15114,0
15115,0
15116,0
15117,0
15118,0
15119,0
15120,0
15121,0
15122,0
15123,0
15124,0
15125,0
15126,0
15127,0
15128,0
15129,0
15130,0
15131,0
15132,0
15133,0
15134,0
15135,0
15136,0
15137,0
15138,0
15139,0
15140,0
15141,0
15142,0
15143,0
15144,0
15145,0
15146,0
15147,0
15148,0
15149,0
15150,0
15151,0
15152,0
15153,0
15154,0
15155,0
15156,0
15157,0
15158,0
15159,0
15160,0
15161,0
15162,0
15163,0
15164,0
15165,0
15166,0
15167,0
15168,0
15169,0
15170,0
15171,0
15172,0
15173,0
15174,0
15175,0
15176,0
15177,0
15178,0
15179,0
15180,0
15181,0
15182,0
15183,0
15184,0
15185,0
15186,0
15187,0
15188,0
15189,0
15190,0
15191,0
15192,0
15193,0
15194,0
15195,0
15196,0
15197,0
15198,0
15199,0
15200,0
15201,0
15202,0
15203,0
15204,0
15205,0
15206,0
15207,0
15208,0
15209,0
15210,0
15211,0
15212,0
15213,0
15214,0
15215,0
15216,0
15217,0
15218,0
15219,0
15220,0
15221,0
15222,0
15223,0
15224,0
15225,0
15226,0
15227,0
15228,0
15229,0
15230,0
15231,0
15232,0
15233,0
15234,0
15235,0
15236,0
15237,0
15238,0
15239,0
15240,0
15241,0
15242,0
15243,0
15244,0
15245,0
15246,0
15247,0
15248,0
15249,0
15250,0
15251,0
15252,0
15253,0
15254,0
15255,0
15256,0
15257,0
15258,0
15259,0
15260,0
15261,0
15262,0
15263,0
15264,0
15265,0
15266,0
15267,0
15268,0
15269,0
15270,0
15271,0
15272,0
15273,0
15274,0
15275,0
15276,0
15277,0
15278,0
15279,0
15280,0
15281,0
15282,0
15283,0
15284,0
15285,0
15286,0
15287,0
15288,0
15289,0
15290,0
15291,0
15292,0
15293,0
15294,0
15295,0
15296,0
15297,0
15298,0
15299,0
15300,0
15301,0
15302,0
15303,0
15304,0
15305,0
15306,0
15307,0
15308,0
15309,0
15310,0
15311,0
15312,0
15313,0
15314,0
15315,0
15316,0
15317,0
15318,0
15319,0
15320,0
15321,0
15322,0
15323,0
15324,0
15325,0
15326,0
15327,0
15328,0
15329,0
15330,0
15331,0
15332,0
15333,0
15334,0
15335,0
15336,0
15337,0
15338,0
15339,0
15340,0
15341,0
15342,0
15343,0
15344,0
15345,0
15346,0
15347,0
15348,0
15349,0
15350,0
15351,0
15352,0
15353,0
15354,0
15355,0
15356,0
15357,0
15358,0
15359,0
15360,0
15361,0
15362,0
15363,0
15364,0
15365,0
15366,0
15367,0
15368,0
15369,0
15370,0
15371,0
15372,0
15373,0
15374,0
15375,0
15376,0
15377,0
15378,0
15379,0
15380,0
15381,0
15382,0
15383,0
15384,0
15385,0
15386,0
15387,0
15388,0
15389,0
15390,0
15391,0
15392,0
15393,0
15394,0
15395,0
15396,0
15397,0
15398,0
15399,0
15400,0
15401,0
15402,0
15403,0
15404,0
15405,0
15406,0
15407,0
15408,0
15409,0
15410,0
15411,0
15412,0
15413,0
15414,0
15415,0
15416,0
15417,0
15418,0
15419,0
15420,0
15421,0
15422,0
15423,0
15424,0
15425,0
15426,0
15427,0
15428,0
15429,0
15430,0
15431,0
15432,0
15433,0
15434,0
15435,0
15436,0
15437,0
15438,0
15439,0
15440,0
15441,0
15442,0
15443,0
15444,0
15445,0
15446,0
15447,0
15448,0
15449,0
15450,0
15451,0
15452,0
15453,0
15454,0
15455,0
15456,0
15457,0
15458,0
15459,0
15460,0
15461,0
15462,0
15463,0
15464,0
15465,0
15466,0
15467,0
15468,0
15469,0
15470,0
15471,0
15472,0
15473,0
15474,0
15475,0
15476,0
15477,0
15478,0
15479,0
15480,0
15481,0
15482,0
15483,0
15484,0
15485,0
15486,0
15487,0
15488,0
15489,0
15490,0
15491,0
15492,0
15493,0
15494,0
15495,0
15496,0
15497,0
15498,0
15499,0
15500,0
15501,0
15502,0
15503,0
15504,0
15505,0
15506,0
15507,0
15508,0
15509,0
15510,0
15511,0
15512,0
15513,0
15514,0
15515,0
15516,0
15517,0
15518,0
15519,0
15520,0
15521,0
15522,0
15523,0
15524,0
15525,0
15526,0
15527,0
15528,0
15529,0
15530,0
15531,0
15532,0
15533,0
15534,0
15535,0
15536,0
15537,0
15538,0
15539,0
15540,0
15541,0
15542,0
15543,0
15544,0
15545,0
15546,0
15547,0
15548,0
15549,0
15550,0
15551,0
15552,0
15553,0
15554,0
15555,0
15556,0
15557,0
15558,0
15559,0
15560,0
15561,0
15562,0
15563,0
15564,0
15565,0
15566,0
15567,0
15568,0
15569,0
15570,0
15571,0
15572,0
15573,0
15574,0
15575,0
15576,0
15577,0
15578,0
15579,0
15580,0
15581,0
15582,0
15583,0
15584,0
15585,0
15586,0
15587,0
15588,0
15589,0
15590,0
15591,0
15592,0
15593,0
15594,0
15595,0
15596,0
15597,0
15598,0
15599,0
15600,0
15601,0
15602,0
15603,0
15604,0
15605,0
15606,0
15607,0
15608,0
15609,0
15610,0
15611,0
15612,0
15613,0
15614,0
15615,0
15616,0
15617,0
15618,0
15619,0
15620,0
15621,0
15622,0
15623,0
15624,0
15625,0
15626,0
15627,0
15628,0
15629,0
15630,0
15631,0
15632,0
15633,0
15634,0
15635,0
15636,0
15637,0
15638,0
15639,0
15640,0
15641,0
15642,0
15643,0
15644,0
15645,0
15646,0
15647,0
15648,0
15649,0
15650,0
15651,0
15652,0
15653,0
15654,0
15655,0
15656,0
15657,0
15658,0
15659,0
15660,0
15661,0
15662,0
15663,0
15664,0
15665,0
15666,0
15667,0
15668,0
15669,0
15670,0
15671,0
15672,0
15673,0
15674,0
15675,0
15676,0
15677,0
15678,0
15679,0
15680,0
15681,0
15682,0
15683,0
15684,0
15685,0
15686,0
15687,0
15688,0
15689,0
15690,0
15691,0
15692,0
15693,0
15694,0
15695,0
15696,0
15697,0
15698,0
15699,0
15700,0
15701,0
15702,0
15703,0
15704,0
15705,0
15706,0
15707,0
15708,0
15709,0
15710,0
15711,0
15712,0
15713,0
15714,0
15715,0
15716,0
15717,0
15718,0
15719,0
15720,0
15721,0
15722,0
15723,0
15724,0
15725,0
15726,0
15727,0
15728,0
15729,0
15730,0
15731,0
15732,0
15733,0
15734,0
15735,0
15736,0
15737,0
15738,0
15739,0
15740,0
15741,0
15742,0
15743,0
15744,0
15745,0
15746,0
15747,0
15748,0
15749,0
15750,0
15751,0
15752,0
15753,0
15754,0
15755,0
15756,0
15757,0
15758,0
15759,0
15760,0
15761,0
15762,0
15763,0
15764,0
15765,0
15766,0
15767,0
15768,0
15769,0
15770,0
15771,0
15772,0
15773,0
15774,0
15775,0
15776,0
15777,0
15778,0
15779,0
15780,0
15781,0
15782,0
15783,0
15784,0
15785,0
15786,0
15787,0
15788,0
15789,0
15790,0
15791,0
15792,0
15793,0
15794,0
15795,0
15796,0
15797,0
15798,0
15799,0
15800,0
15801,0
15802,0
15803,0
15804,0
15805,0
15806,0
15807,0
15808,0
15809,0
15810,0
15811,0
15812,0
15813,0
15814,0
15815,0
15816,0
15817,0
15818,0
15819,0
15820,0
15821,0
15822,0
15823,0
15824,0
15825,0
15826,0
15827,0
15828,0
15829,0
15830,0
15831,0
15832,0
15833,0
15834,0
15835,0
15836,0
15837,0
15838,0
15839,0
15840,0
15841,0
15842,0
15843,0
15844,0
15845,0
15846,0
15847,0
15848,0
15849,0
15850,0
15851,0
15852,0
15853,0
15854,0
15855,0
15856,0
15857,0
15858,0
15859,0
15860,0
15861,0
15862,0
15863,0
15864,0
15865,0
15866,0
15867,0
15868,0
15869,0
15870,0
15871,0
15872,0
15873,0
15874,0
15875,0
15876,0
15877,0
15878,0
15879,0
15880,0
15881,0
15882,0
15883,0
15884,0
15885,0
15886,0
15887,0
15888,0
15889,0
15890,0
15891,0
15892,0
15893,0
15894,0
15895,0
15896,0
15897,0
15898,0
15899,0
15900,0
15901,0
15902,0
15903,0
15904,0
15905,0
15906,0
15907,0
15908,0
15909,0
15910,0
15911,0
15912,0
15913,0
15914,0
15915,0
15916,0
15917,0
15918,0
15919,0
15920,0
15921,0
15922,0
15923,0
15924,0
15925,0
15926,0
15927,0
15928,0
15929,0
15930,0
15931,0
15932,0
15933,0
15934,0
15935,0
15936,0
15937,0
15938,0
15939,0
15940,0
15941,0
15942,0
15943,0
15944,0
15945,0
15946,0
15947,0
15948,0
15949,0
15950,0
15951,0
15952,0
15953,0
15954,0
15955,0
15956,0
15957,0
15958,0
15959,0
15960,0
15961,0
15962,0
15963,0
15964,0
15965,0
15966,0
15967,0
15968,0
15969,0
15970,0
15971,0
15972,0
15973,0
15974,0
15975,0
15976,0
15977,0
15978,0
15979,0
15980,0
15981,0
15982,0
15983,0
15984,0
15985,0
15986,0
15987,0
15988,0
15989,0
15990,0
15991,0
15992,0
15993,0
15994,0
15995,0
15996,0
15997,0
15998,0
15999,0
16000,0
16001,0
16002,0
16003,0
16004,0
16005,0
16006,0
16007,0
16008,0
16009,0
16010,0
16011,0
16012,0
16013,0
16014,0
16015,0
16016,0
16017,0
16018,0
16019,0
16020,0
16021,0
16022,0
16023,0
16024,0
16025,0
16026,0
16027,0
16028,0
16029,0
16030,0
16031,0
16032,0
16033,0
16034,0
16035,0
16036,0
16037,0
16038,0
16039,0
16040,0
16041,0
16042,0
16043,0
16044,0
16045,0
16046,0
16047,0
16048,0
16049,0
16050,0
16051,0
16052,0
16053,0
16054,0
16055,0
16056,0
16057,0
16058,0
16059,0
16060,0
16061,0
16062,0
16063,0
16064,0
16065,0
16066,0
16067,0
16068,0
16069,0
16070,0
16071,0
16072,0
16073,0
16074,0
16075,0
16076,0
16077,0
16078,0
16079,0
16080,0
16081,0
16082,0
16083,0
16084,0
16085,0
16086,0
16087,0
16088,0
16089,0
16090,0
16091,0
16092,0
16093,0
16094,0
16095,0
16096,0
16097,0
16098,0
16099,0
16100,0
16101,0
16102,0
16103,0
16104,0
16105,0
16106,0
16107,0
16108,0
16109,0
16110,0
16111,0
16112,0
16113,0
16114,0
16115,0
16116,0
16117,0
16118,0
16119,0
16120,0
16121,0
16122,0
16123,0
16124,0
16125,0
16126,0
16127,0
16128,0
16129,0
16130,0
16131,0
16132,0
16133,0
16134,0
16135,0
16136,0
16137,0
16138,0
16139,0
16140,0
16141,0
16142,0
16143,0
16144,0
16145,0
16146,0
16147,0
16148,0
16149,0
16150,0
16151,0
16152,0
16153,0
16154,0
16155,0
16156,0
16157,0
16158,0
16159,0
16160,0
16161,0
16162,0
16163,0
16164,0
16165,0
16166,0
16167,0
16168,0
16169,0
16170,0
16171,0
16172,0
16173,0
16174,0
16175,0
16176,0
16177,0
16178,0
16179,0
16180,0
16181,0
16182,0
16183,0
16184,0
16185,0
16186,0
16187,0
16188,0
16189,0
16190,0
16191,0
16192,0
16193,0
16194,0
16195,0
16196,0
16197,0
16198,0
16199,0
16200,0
16201,0
16202,0
16203,0
16204,0
16205,0
16206,0
16207,0
16208,0
16209,0
16210,0
16211,0
16212,0
16213,0
16214,0
16215,0
16216,0
16217,0
16218,0
16219,0
16220,0
16221,0
16222,0
16223,0
16224,0
16225,0
16226,0
16227,0
16228,0
16229,0
16230,0
16231,0
16232,0
16233,0
16234,0
16235,0
16236,0
16237,0
16238,0
16239,0
16240,0
16241,0
16242,0
16243,0
16244,0
16245,0
16246,0
16247,0
16248,0
16249,0
16250,0
16251,0
16252,0
16253,0
16254,0
16255,0
16256,0
16257,0
16258,0
16259,0
16260,0
16261,0
16262,0
16263,0
16264,0
16265,0
16266,0
16267,0
16268,0
16269,0
16270,0
16271,0
16272,0
16273,0
16274,0
16275,0
16276,0
16277,0
16278,0
16279,0
16280,0
16281,0
16282,0
16283,0
16284,0
16285,0
16286,0
16287,0
16288,0
16289,0
16290,0
16291,0
16292,0
16293,0
16294,0
16295,0
16296,0
16297,0
16298,0
16299,0
16300,0
16301,0
16302,0
16303,0
16304,0
16305,0
16306,0
16307,0
16308,0
16309,0
16310,0
16311,0
16312,0
16313,0
16314,0
16315,0
16316,0
16317,0
16318,0
16319,0
16320,0
16321,0
16322,0
16323,0
16324,0
16325,0
16326,0
16327,0
16328,0
16329,0
16330,0
16331,0
16332,0
16333,0
16334,0
16335,0
16336,0
16337,0
16338,0
16339,0
16340,0
16341,0
16342,0
16343,0
16344,0
16345,0
16346,0
16347,0
16348,0
16349,0
16350,0
16351,0
16352,0
16353,0
16354,0
16355,0
16356,0
16357,0
16358,0
16359,0
16360,0
16361,0
16362,0
16363,0
16364,0
16365,0
16366,0
16367,0
16368,0
16369,0
16370,0
16371,0
16372,0
16373,0
16374,0
16375,0
16376,0
16377,0
16378,0
16379,0
16380,0
16381,0
16382,0
16383,0
16384,0
16385,0
16386,0
16387,0
16388,0
16389,0
16390,0
16391,0
16392,0
16393,0
16394,0
16395,0
16396,0
16397,0
16398,0
16399,0
16400,0
16401,0
16402,0
16403,0
16404,0
16405,0
16406,0
16407,0
16408,0
16409,0
16410,0
16411,0
16412,0
16413,0
16414,0
16415,0
16416,0
16417,0
16418,0
16419,0
16420,0
16421,0
16422,0
16423,0
16424,0
16425,0
16426,0
16427,0
16428,0
16429,0
16430,0
16431,0
16432,0
16433,0
16434,0
16435,0
16436,0
16437,0
16438,0
16439,0
16440,0
16441,0
16442,0
16443,0
16444,0
16445,0
16446,0
16447,0
16448,0
16449,0
16450,0
16451,0
16452,0
16453,0
16454,0
16455,0
16456,0
16457,0
16458,0
16459,0
16460,0
16461,0
16462,0
16463,0
16464,0
16465,0
16466,0
16467,0
16468,0
16469,0
16470,0
16471,0
16472,0
16473,0
16474,0
16475,0
16476,0
16477,0
16478,0
16479,0
16480,0
16481,0
16482,0
16483,0
16484,0
16485,0
16486,0
16487,0
16488,0
16489,0
16490,0
16491,0
16492,0
16493,0
16494,0
16495,0
16496,0
16497,0
16498,0
16499,0
16500,0
16501,0
16502,0
16503,0
16504,0
16505,0
16506,0
16507,0
16508,0
16509,0
16510,0
16511,0
16512,0
16513,0
16514,0
16515,0
16516,0
16517,0
16518,0
16519,0
16520,0
16521,0
16522,0
16523,0
16524,0
16525,0
16526,0
16527,0
16528,0
16529,0
16530,0
16531,0
16532,0
16533,0
16534,0
16535,0
16536,0
16537,0
16538,0
16539,0
16540,0
16541,0
16542,0
16543,0
16544,0
16545,0
16546,0
16547,0
16548,0
16549,0
16550,0
16551,0
16552,0
16553,0
16554,0
16555,0
16556,0
16557,0
16558,0
16559,0
16560,0
16561,0
16562,0
16563,0
16564,0
16565,0
16566,0
16567,0
16568,0
16569,0
16570,0
16571,0
16572,0
16573,0
16574,0
16575,0
16576,0
16577,0
16578,0
16579,0
16580,0
16581,0
16582,0
16583,0
16584,0
16585,0
16586,0
16587,0
16588,0
16589,0
16590,0
16591,0
16592,0
16593,0
16594,0
16595,0
16596,0
16597,0
16598,0
16599,0
16600,0
16601,0
16602,0
16603,0
16604,0
16605,0
16606,0
16607,0
16608,0
16609,0
16610,0
16611,0
16612,0
16613,0
16614,0
16615,0
16616,0
16617,0
16618,0
16619,0
16620,0
16621,0
16622,0
16623,0
16624,0
16625,0
16626,0
16627,0
16628,0
16629,0
16630,0
16631,0
16632,0
16633,0
16634,0
16635,0
16636,0
16637,0
16638,0
16639,0
16640,0
16641,0
16642,0
16643,0
16644,0
16645,0
16646,0
16647,0
16648,0
16649,0
16650,0
16651,0
16652,0
16653,0
16654,0
16655,0
16656,0
16657,0
16658,0
16659,0
16660,0
16661,0
16662,0
16663,0
16664,0
16665,0
16666,0
16667,0
16668,0
16669,0
16670,0
16671,0
16672,0
16673,0
16674,0
16675,0
16676,0
16677,0
16678,0
16679,0
16680,0
16681,0
16682,0
16683,0
16684,0
16685,0
16686,0
16687,0
16688,0
16689,0
16690,0
16691,0
16692,0
16693,0
16694,0
16695,0
16696,0
16697,0
16698,0
16699,0
16700,0
16701,0
16702,0
16703,0
16704,0
16705,0
16706,0
16707,0
16708,0
16709,0
16710,0
16711,0
16712,0
16713,0
16714,0
16715,0
16716,0
16717,0
16718,0
16719,0
16720,0
16721,0
16722,0
16723,0
16724,0
16725,0
16726,0
16727,0
16728,0
16729,0
16730,0
16731,0
16732,0
16733,0
16734,0
16735,0
16736,0
16737,0
16738,0
16739,0
16740,0
16741,0
16742,0
16743,0
16744,0
16745,0
16746,0
16747,0
16748,0
16749,0
16750,0
16751,0
16752,0
16753,0
16754,0
16755,0
16756,0
16757,0
16758,0
16759,0
16760,0
16761,0
16762,0
16763,0
16764,0
16765,0
16766,0
16767,0
16768,0
16769,0
16770,0
16771,0
16772,0
16773,0
16774,0
16775,0
16776,0
16777,0
16778,0
16779,0
16780,0
16781,0
16782,0
16783,0
16784,0
16785,0
16786,0
16787,0
16788,0
16789,0
16790,0
16791,0
16792,0
16793,0
16794,0
16795,0
16796,0
16797,0
16798,0
16799,0
16800,0
16801,0
16802,0
16803,0
16804,0
16805,0
16806,0
16807,0
16808,0
16809,0
16810,0
16811,0
16812,0
16813,0
16814,0
16815,0
16816,0
16817,0
16818,0
16819,0
16820,0
16821,0
16822,0
16823,0
16824,0
16825,0
16826,0
16827,0
16828,0
16829,0
16830,0
16831,0
16832,0
16833,0
16834,0
16835,0
16836,0
16837,0
16838,0
16839,0
16840,0
16841,0
16842,0
16843,0
16844,0
16845,0
16846,0
16847,0
16848,0
16849,0
16850,0
16851,0
16852,0
16853,0
16854,0
16855,0
16856,0
16857,0
16858,0
16859,0
16860,0
16861,0
16862,0
16863,0
16864,0
16865,0
16866,0
16867,0
16868,0
16869,0
16870,0
16871,0
16872,0
16873,0
16874,0
16875,0
16876,0
16877,0
16878,0
16879,0
16880,0
16881,0
16882,0
16883,0
16884,0
16885,0
16886,0
16887,0
16888,0
16889,0
16890,0
16891,0
16892,0
16893,0
16894,0
16895,0
16896,0
16897,0
16898,0
16899,0
16900,0
16901,0
16902,0
16903,0
16904,0
16905,0
16906,0
16907,0
16908,0
16909,0
16910,0
16911,0
16912,0
16913,0
16914,0
16915,0
16916,0
16917,0
16918,0
16919,0
16920,0
16921,0
16922,0
16923,0
16924,0
16925,0
16926,0
16927,0
16928,0
16929,0
16930,0
16931,0
16932,0
16933,0
16934,0
16935,0
16936,0
16937,0
16938,0
16939,0
16940,0
16941,0
16942,0
16943,0
16944,0
16945,0
16946,0
16947,0
16948,0
16949,0
16950,0
16951,0
16952,0
16953,0
16954,0
16955,0
16956,0
16957,0
16958,0
16959,0
16960,0
16961,0
16962,0
16963,0
16964,0
16965,0
16966,0
16967,0
16968,0
16969,0
16970,0
16971,0
16972,0
16973,0
16974,0
16975,0
16976,0
16977,0
16978,0
16979,0
16980,0
16981,0
16982,0
16983,0
16984,0
16985,0
16986,0
16987,0
16988,0
16989,0
16990,0
16991,0
16992,0
16993,0
16994,0
16995,0
16996,0
16997,0
16998,0
16999,0
17000,0
17001,0
17002,0
17003,0
17004,0
17005,0
17006,0
17007,0
17008,0
17009,0
17010,0
17011,0
17012,0
17013,0
17014,0
17015,0
17016,0
17017,0
17018,0
17019,0
17020,0
17021,0
17022,0
17023,0
17024,0
17025,0
17026,0
17027,0
17028,0
17029,0
17030,0
17031,0
17032,0
17033,0
17034,0
17035,0
17036,0
17037,0
17038,0
17039,0
17040,0
17041,0
17042,0
17043,0
17044,0
17045,0
17046,0
17047,0
17048,0
17049,0
17050,0
17051,0
17052,0
17053,0
17054,0
17055,0
17056,0
17057,0
17058,0
17059,0
17060,0
17061,0
17062,0
17063,0
17064,0
17065,0
17066,0
17067,0
17068,0
17069,0
17070,0
17071,0
17072,0
17073,0
17074,0
17075,0
17076,0
17077,0
17078,0
17079,0
17080,0
17081,0
17082,0
17083,0
17084,0
17085,0
17086,0
17087,0
17088,0
17089,0
17090,0
17091,0
17092,0
17093,0
17094,0
17095,0
17096,0
17097,0
17098,0
17099,0
17100,0
17101,0
17102,0
17103,0
17104,0
17105,0
17106,0
17107,0
17108,0
17109,0
17110,0
17111,0
17112,0
17113,0
17114,0
17115,0
17116,0
17117,0
17118,0
17119,0
17120,0
17121,0
17122,0
17123,0
17124,0
17125,0
17126,0
17127,0
17128,0
17129,0
17130,0
17131,0
17132,0
17133,0
17134,0
17135,0
17136,0
17137,0
17138,0
17139,0
17140,0
17141,0
17142,0
17143,0
17144,0
17145,0
17146,0
17147,0
17148,0
17149,0
17150,0
17151,0
17152,0
17153,0
17154,0
17155,0
17156,0
17157,0
17158,0
17159,0
17160,0
17161,0
17162,0
17163,0
17164,0
17165,0
17166,0
17167,0
17168,0
17169,0
17170,0
17171,0
17172,0
17173,0
17174,0
17175,0
17176,0
17177,0
17178,0
17179,0
17180,0
17181,0
17182,0
17183,0
17184,0
17185,0
17186,0
17187,0
17188,0
17189,0
17190,0
17191,0
17192,0
17193,0
17194,0
17195,0
17196,0
17197,0
17198,0
17199,0
17200,0
17201,0
17202,0
17203,0
17204,0
17205,0
17206,0
17207,0
17208,0
17209,0
17210,0
17211,0
17212,0
17213,0
17214,0
17215,0
17216,0
17217,0
17218,0
17219,0
17220,0
17221,0
17222,0
17223,0
17224,0
17225,0
17226,0
17227,0
17228,0
17229,0
17230,0
17231,0
17232,0
17233,0
17234,0
17235,0
17236,0
17237,0
17238,0
17239,0
17240,0
17241,0
17242,0
17243,0
17244,0
17245,0
17246,0
17247,0
17248,0
17249,0
17250,0
17251,0
17252,0
17253,0
17254,0
17255,0
17256,0
17257,0
17258,0
17259,0
17260,0
17261,0
17262,0
17263,0
17264,0
17265,0
17266,0
17267,0
17268,0
17269,0
17270,0
17271,0
17272,0
17273,0
17274,0
17275,0
17276,0
17277,0
17278,0
17279,0
17280,0
17281,0
17282,0
17283,0
17284,0
17285,0
17286,0
17287,0
17288,0
17289,0
17290,0
17291,0
17292,0
17293,0
17294,0
17295,0
17296,0
17297,0
17298,0
17299,0
17300,0
17301,0
17302,0
17303,0
17304,0
17305,0
17306,0
17307,0
17308,0
17309,0
17310,0
17311,0
17312,0
17313,0
17314,0
17315,0
17316,0
17317,0
17318,0
17319,0
17320,0
17321,0
17322,0
17323,0
17324,0
17325,0
17326,0
17327,0
17328,0
17329,0
17330,0
17331,0
17332,0
17333,0
17334,0
17335,0
17336,0
17337,0
17338,0
17339,0
17340,0
17341,0
17342,0
17343,0
17344,0
17345,0
17346,0
17347,0
17348,0
17349,0
17350,0
17351,0
17352,0
17353,0
17354,0
17355,0
17356,0
17357,0
17358,0
17359,0
17360,0
17361,0
17362,0
17363,0
17364,0
17365,0
17366,0
17367,0
17368,0
17369,0
17370,0
17371,0
17372,0
17373,0
17374,0
17375,0
17376,0
17377,0
17378,0
17379,0
17380,0
17381,0
17382,0
17383,0
17384,0
17385,0
17386,0
17387,0
17388,0
17389,0
17390,0
17391,0
17392,0
17393,0
17394,0
17395,0
17396,0
17397,0
17398,0
17399,0
17400,0
17401,0
17402,0
17403,0
17404,0
17405,0
17406,0
17407,0
17408,0
17409,0
17410,0
17411,0
17412,0
17413,0
17414,0
17415,0
17416,0
17417,0
17418,0
17419,0
17420,0
17421,0
17422,0
17423,0
17424,0
17425,0
17426,0
17427,0
17428,0
17429,0
17430,0
17431,0
17432,0
17433,0
17434,0
17435,0
17436,0
17437,0
17438,0
17439,0
17440,0
17441,0
17442,0
17443,0
17444,0
17445,0
17446,0
17447,0
17448,0
17449,0
17450,0
17451,0
17452,0
17453,0
17454,0
17455,0
17456,0
17457,0
17458,0
17459,0
17460,0
17461,0
17462,0
17463,0
17464,0
17465,0
17466,0
17467,0
17468,0
17469,0
17470,0
17471,0
17472,0
17473,0
17474,0
17475,0
17476,0
17477,0
17478,0
17479,0
17480,0
17481,0
17482,0
17483,0
17484,0
17485,0
17486,0
17487,0
17488,0
17489,0
17490,0
17491,0
17492,0
17493,0
17494,0
17495,0
17496,0
17497,0
17498,0
17499,0
17500,0
17501,0
17502,0
17503,0
17504,0
17505,0
17506,0
17507,0
17508,0
17509,0
17510,0
17511,0
17512,0
17513,0
17514,0
17515,0
17516,0
17517,0
17518,0
17519,0
17520,0
17521,0
17522,0
17523,0
17524,0
17525,0
17526,0
17527,0
17528,0
17529,0
17530,0
17531,0
17532,0
17533,0
17534,0
17535,0
17536,0
17537,0
17538,0
17539,0
17540,0
17541,0
17542,0
17543,0
17544,0
17545,0
17546,0
17547,0
17548,0
17549,0
17550,0
17551,0
17552,0
17553,0
17554,0
17555,0
17556,0
17557,0
17558,0
17559,0
17560,0
17561,0
17562,0
17563,0
17564,0
17565,0
17566,0
17567,0
17568,0
17569,0
17570,0
17571,0
17572,0
17573,0
17574,0
17575,0
17576,0
17577,0
17578,0
17579,0
17580,0
17581,0
17582,0
17583,0
17584,0
17585,0
17586,0
17587,0
17588,0
17589,0
17590,0
17591,0
17592,0
17593,0
17594,0
17595,0
17596,0
17597,0
17598,0
17599,0
17600,0
17601,0
17602,0
17603,0
17604,0
17605,0
17606,0
17607,0
17608,0
17609,0
17610,0
17611,0
17612,0
17613,0
17614,0
17615,0
17616,0
17617,0
17618,0
17619,0
17620,0
17621,0
17622,0
17623,0
17624,0
17625,0
17626,0
17627,0
17628,0
17629,0
17630,0
17631,0
17632,0
17633,0
17634,0
17635,0
17636,0
17637,0
17638,0
17639,0
17640,0
17641,0
17642,0
17643,0
17644,0
17645,0
17646,0
17647,0
17648,0
17649,0
17650,0
17651,0
17652,0
17653,0
17654,0
17655,0
17656,0
17657,0
17658,0
17659,0
17660,0
17661,0
17662,0
17663,0
17664,0
17665,0
17666,0
17667,0
17668,0
17669,0
17670,0
17671,0
17672,0
17673,0
17674,0
17675,0
17676,0
17677,0
17678,0
17679,0
17680,0
17681,0
17682,0
17683,0
17684,0
17685,0
17686,0
17687,0
17688,0
17689,0
17690,0
17691,0
17692,0
17693,0
17694,0
17695,0
17696,0
17697,0
17698,0
17699,0
17700,0
17701,0
17702,0
17703,0
17704,0
17705,0
17706,0
17707,0
17708,0
17709,0
17710,0
17711,0
17712,0
17713,0
17714,0
17715,0
17716,0
17717,0
17718,0
17719,0
17720,0
17721,0
17722,0
17723,0
17724,0
17725,0
17726,0
17727,0
17728,0
17729,0
17730,0
17731,0
17732,0
17733,0
17734,0
17735,0
17736,0
17737,0
17738,0
17739,0
17740,0
17741,0
17742,0
17743,0
17744,0
17745,0
17746,0
17747,0
17748,0
17749,0
17750,0
17751,0
17752,0
17753,0
17754,0
17755,0
17756,0
17757,0
17758,0
17759,0
17760,0
17761,0
17762,0
17763,0
17764,0
17765,0
17766,0
17767,0
17768,0
17769,0
17770,0
17771,0
17772,0
17773,0
17774,0
17775,0
17776,0
17777,0
17778,0
17779,0
17780,0
17781,0
17782,0
17783,0
17784,0
17785,0
17786,0
17787,0
17788,0
17789,0
17790,0
17791,0
17792,0
17793,0
17794,0
17795,0
17796,0
17797,0
17798,0
17799,0
17800,0
17801,0
17802,0
17803,0
17804,0
17805,0
17806,0
17807,0
17808,0
17809,0
17810,0
17811,0
17812,0
17813,0
17814,0
17815,0
17816,0
17817,0
17818,0
17819,0
17820,0
17821,0
17822,0
17823,0
17824,0
17825,0
17826,0
17827,0
17828,0
17829,0
17830,0
17831,0
17832,0
17833,0
17834,0
17835,0
17836,0
17837,0
17838,0
17839,0
17840,0
17841,0
17842,0
17843,0
17844,0
17845,0
17846,0
17847,0
17848,0
17849,0
17850,0
17851,0
17852,0
17853,0
17854,0
17855,0
17856,0
17857,0
17858,0
17859,0
17860,0
17861,0
17862,0
17863,0
17864,0
17865,0
17866,0
17867,0
17868,0
17869,0
17870,0
17871,0
17872,0
17873,0
17874,0
17875,0
17876,0
17877,0
17878,0
17879,0
17880,0
17881,0
17882,0
17883,0
17884,0
17885,0
17886,0
17887,0
17888,0
17889,0
17890,0
17891,0
17892,0
17893,0
17894,0
17895,0
17896,0
17897,0
17898,0
17899,0
17900,0
17901,0
17902,0
17903,0
17904,0
17905,0
17906,0
17907,0
17908,0
17909,0
17910,0
17911,0
17912,0
17913,0
17914,0
17915,0
17916,0
17917,0
17918,0
17919,0
17920,0
17921,0
17922,0
17923,0
17924,0
17925,0
17926,0
17927,0
17928,0
17929,0
17930,0
17931,0
17932,0
17933,0
17934,0
17935,0
17936,0
17937,0
17938,0
17939,0
17940,0
17941,0
17942,0
17943,0
17944,0
17945,0
17946,0
17947,0
17948,0
17949,0
17950,0
17951,0
17952,0
17953,0
17954,0
17955,0
17956,0
17957,0
17958,0
17959,0
17960,0
17961,0
17962,0
17963,0
17964,0
17965,0
17966,0
17967,0
17968,0
17969,0
17970,0
17971,0
17972,0
17973,0
17974,0
17975,0
17976,0
17977,0
17978,0
17979,0
17980,0
17981,0
17982,0
17983,0
17984,0
17985,0
17986,0
17987,0
17988,0
17989,0
17990,0
17991,0
17992,0
17993,0
17994,0
17995,0
17996,0
17997,0
17998,0
17999,0
18000,0
18001,0
18002,0
18003,0
18004,0
18005,0
18006,0
18007,0
18008,0
18009,0
18010,0
18011,0
18012,0
18013,0
18014,0
18015,0
18016,0
18017,0
18018,0
18019,0
18020,0
18021,0
18022,0
18023,0
18024,0
18025,0
18026,0
18027,0
18028,0
18029,0
18030,0
18031,0
18032,0
18033,0
18034,0
18035,0
18036,0
18037,0
18038,0
18039,0
18040,0
18041,0
18042,0
18043,0
18044,0
18045,0
18046,0
18047,0
18048,0
18049,0
18050,0
18051,0
18052,0
18053,0
18054,0
18055,0
18056,0
18057,0
18058,0
18059,0
18060,0
18061,0
18062,0
18063,0
18064,0
18065,0
18066,0
18067,0
18068,0
18069,0
18070,0
18071,0
18072,0
18073,0
18074,0
18075,0
18076,0
18077,0
18078,0
18079,0
18080,0
18081,0
18082,0
18083,0
18084,0
18085,0
18086,0
18087,0
18088,0
18089,0
18090,0
18091,0
18092,0
18093,0
18094,0
18095,0
18096,0
18097,0
18098,0
18099,0
18100,0
18101,0
18102,0
18103,0
18104,0
18105,0
18106,0
18107,0
18108,0
18109,0
18110,0
18111,0
18112,0
18113,0
18114,0
18115,0
18116,0
18117,0
18118,0
18119,0
18120,0
18121,0
18122,0
18123,0
18124,0
18125,0
18126,0
18127,0
18128,0
18129,0
18130,0
18131,0
18132,0
18133,0
18134,0
18135,0
18136,0
18137,0
18138,0
18139,0
18140,0
18141,0
18142,0
18143,0
18144,0
18145,0
18146,0
18147,0
18148,0
18149,0
18150,0
18151,0
18152,0
18153,0
18154,0
18155,0
18156,0
18157,0
18158,0
18159,0
18160,0
18161,0
18162,0
18163,0
18164,0
18165,0
18166,0
18167,0
18168,0
18169,0
18170,0
18171,0
18172,0
18173,0
18174,0
18175,0
18176,0
18177,0
18178,0
18179,0
18180,0
18181,0
18182,0
18183,0
18184,0
18185,0
18186,0
18187,0
18188,0
18189,0
18190,0
18191,0
18192,0
18193,0
18194,0
18195,0
18196,0
18197,0
18198,0
18199,0
18200,0
18201,0
18202,0
18203,0
18204,0
18205,0
18206,0
18207,0
18208,0
18209,0
18210,0
18211,0
18212,0
18213,0
18214,0
18215,0
18216,0
18217,0
18218,0
18219,0
18220,0
18221,0
18222,0
18223,0
18224,0
18225,0
18226,0
18227,0
18228,0
18229,0
18230,0
18231,0
18232,0
18233,0
18234,0
18235,0
18236,0
18237,0
18238,0
18239,0
18240,0
18241,0
18242,0
18243,0
18244,0
18245,0
18246,0
18247,0
18248,0
18249,0
18250,0
18251,0
18252,0
18253,0
18254,0
18255,0
18256,0
18257,0
18258,0
18259,0
18260,0
18261,0
18262,0
18263,0
18264,0
18265,0
18266,0
18267,0
18268,0
18269,0
18270,0
18271,0
18272,0
18273,0
18274,0
18275,0
18276,0
18277,0
18278,0
18279,0
18280,0
18281,0
18282,0
18283,0
18284,0
18285,0
18286,0
18287,0
18288,0
18289,0
18290,0
18291,0
18292,0
18293,0
18294,0
18295,0
18296,0
18297,0
18298,0
18299,0
18300,0
18301,0
18302,0
18303,0
18304,0
18305,0
18306,0
18307,0
18308,0
18309,0
18310,0
18311,0
18312,0
18313,0
18314,0
18315,0
18316,0
18317,0
18318,0
18319,0
18320,0
18321,0
18322,0
18323,0
18324,0
18325,0
18326,0
18327,0
18328,0
18329,0
18330,0
18331,0
18332,0
18333,0
18334,0
18335,0
18336,0
18337,0
18338,0
18339,0
18340,0
18341,0
18342,0
18343,0
18344,0
18345,0
18346,0
18347,0
18348,0
18349,0
18350,0
18351,0
18352,0
18353,0
18354,0
18355,0
18356,0
18357,0
18358,0
18359,0
18360,0
18361,0
18362,0
18363,0
18364,0
18365,0
18366,0
18367,0
18368,0
18369,0
18370,0
18371,0
18372,0
18373,0
18374,0
18375,0
18376,0
18377,0
18378,0
18379,0
18380,0
18381,0
18382,0
18383,0
18384,0
18385,0
18386,0
18387,0
18388,0
18389,0
18390,0
18391,0
18392,0
18393,0
18394,0
18395,0
18396,0
18397,0
18398,0
18399,0
18400,0
18401,0
18402,0
18403,0
18404,0
18405,0
18406,0
18407,0
18408,0
18409,0
18410,0
18411,0
18412,0
18413,0
18414,0
18415,0
18416,0
18417,0
18418,0
18419,0
18420,0
18421,0
18422,0
18423,0
18424,0
18425,0
18426,0
18427,0
18428,0
18429,0
18430,0
18431,0
18432,0
18433,0
18434,0
18435,0
18436,0
18437,0
18438,0
18439,0
18440,0
18441,0
18442,0
18443,0
18444,0
18445,0
18446,0
18447,0
18448,0
18449,0
18450,0
18451,0
18452,0
18453,0
18454,0
18455,0
18456,0
18457,0
18458,0
18459,0
18460,0
18461,0
18462,0
18463,0
18464,0
18465,0
18466,0
18467,0
18468,0
18469,0
18470,0
18471,0
18472,0
18473,0
18474,0
18475,0
18476,0
18477,0
18478,0
18479,0
18480,0
18481,0
18482,0
18483,0
18484,0
18485,0
18486,0
18487,0
18488,0
18489,0
18490,0
18491,0
18492,0
18493,0
18494,0
18495,0
18496,0
18497,0
18498,0
18499,0
18500,0
18501,0
18502,0
18503,0
18504,0
18505,0
18506,0
18507,0
18508,0
18509,0
18510,0
18511,0
18512,0
18513,0
18514,0
18515,0
18516,0
18517,0
18518,0
18519,0
18520,0
18521,0
18522,0
18523,0
18524,0
18525,0
18526,0
18527,0
18528,0
18529,0
18530,0
18531,0
18532,0
18533,0
18534,0
18535,0
18536,0
18537,0
18538,0
18539,0
18540,0
18541,0
18542,0
18543,0
18544,0
18545,0
18546,0
18547,0
18548,0
18549,0
18550,0
18551,0
18552,0
18553,0
18554,0
18555,0
18556,0
18557,0
18558,0
18559,0
18560,0
18561,0
18562,0
18563,0
18564,0
18565,0
18566,0
18567,0
18568,0
18569,0
18570,0
18571,0
18572,0
18573,0
18574,0
18575,0
18576,0
18577,0
18578,0
18579,0
18580,0
18581,0
18582,0
18583,0
18584,0
18585,0
18586,0
18587,0
18588,0
18589,0
18590,0
18591,0
18592,0
18593,0
18594,0
18595,0
18596,0
18597,0
18598,0
18599,0
18600,0
18601,0
18602,0
18603,0
18604,0
18605,0
18606,0
18607,0
18608,0
18609,0
18610,0
18611,0
18612,0
18613,0
18614,0
18615,0
18616,0
18617,0
18618,0
18619,0
18620,0
18621,0
18622,0
18623,0
18624,0
18625,0
18626,0
18627,0
18628,0
18629,0
18630,0
18631,0
18632,0
18633,0
18634,0
18635,0
18636,0
18637,0
18638,0
18639,0
18640,0
18641,0
18642,0
18643,0
18644,0
18645,0
18646,0
18647,0
18648,0
18649,0
18650,0
18651,0
18652,0
18653,0
18654,0
18655,0
18656,0
18657,0
18658,0
18659,0
18660,0
18661,0
18662,0
18663,0
18664,0
18665,0
18666,0
18667,0
18668,0
18669,0
18670,0
18671,0
18672,0
18673,0
18674,0
18675,0
18676,0
18677,0
18678,0
18679,0
18680,0
18681,0
18682,0
18683,0
18684,0
18685,0
18686,0
18687,0
18688,0
18689,0
18690,0
18691,0
18692,0
18693,0
18694,0
18695,0
18696,0
18697,0
18698,0
18699,0
18700,0
18701,0
18702,0
18703,0
18704,0
18705,0
18706,0
18707,0
18708,0
18709,0
18710,0
18711,0
18712,0
18713,0
18714,0
18715,0
18716,0
18717,0
18718,0
18719,0
18720,0
18721,0
18722,0
18723,0
18724,0
18725,0
18726,0
18727,0
18728,0
18729,0
18730,0
18731,0
18732,0
18733,0
18734,0
18735,0
18736,0
18737,0
18738,0
18739,0
18740,0
18741,0
18742,0
18743,0
18744,0
18745,0
18746,0
18747,0
18748,0
18749,0
18750,0
18751,0
18752,0
18753,0
18754,0
18755,0
18756,0
18757,0
18758,0
18759,0
18760,0
18761,0
18762,0
18763,0
18764,0
18765,0
18766,0
18767,0
18768,0
18769,0
18770,0
18771,0
18772,0
18773,0
18774,0
18775,0
18776,0
18777,0
18778,0
18779,0
18780,0
18781,0
18782,0
18783,0
18784,0
18785,0
18786,0
18787,0
18788,0
18789,0
18790,0
18791,0
18792,0
18793,0
18794,0
18795,0
18796,0
18797,0
18798,0
18799,0
18800,0
18801,0
18802,0
18803,0
18804,0
18805,0
18806,0
18807,0
18808,0
18809,0
18810,0
18811,0
18812,0
18813,0
18814,0
18815,0
18816,0
18817,0
18818,0
18819,0
18820,0
18821,0
18822,0
18823,0
18824,0
18825,0
18826,0
18827,0
18828,0
18829,0
18830,0
18831,0
18832,0
18833,0
18834,0
18835,0
18836,0
18837,0
18838,0
18839,0
18840,0
18841,0
18842,0
18843,0
18844,0
18845,0
18846,0
18847,0
18848,0
18849,0
18850,0
18851,0
18852,0
18853,0
18854,0
18855,0
18856,0
18857,0
18858,0
18859,0
18860,0
18861,0
18862,0
18863,0
18864,0
18865,0
18866,0
18867,0
18868,0
18869,0
18870,0
18871,0
18872,0
18873,0
18874,0
18875,0
18876,0
18877,0
18878,0
18879,0
18880,0
18881,0
18882,0
18883,0
18884,0
18885,0
18886,0
18887,0
18888,0
18889,0
18890,0
18891,0
18892,0
18893,0
18894,0
18895,0
18896,0
18897,0
18898,0
18899,0
18900,0
18901,0
18902,0
18903,0
18904,0
18905,0
18906,0
18907,0
18908,0
18909,0
18910,0
18911,0
18912,0
18913,0
18914,0
18915,0
18916,0
18917,0
18918,0
18919,0
18920,0
18921,0
18922,0
18923,0
18924,0
18925,0
18926,0
18927,0
18928,0
18929,0
18930,0
18931,0
18932,0
18933,0
18934,0
18935,0
18936,0
18937,0
18938,0
18939,0
18940,0
18941,0
18942,0
18943,0
18944,0
18945,0
18946,0
18947,0
18948,0
18949,0
18950,0
18951,0
18952,0
18953,0
18954,0
18955,0
18956,0
18957,0
18958,0
18959,0
18960,0
18961,0
18962,0
18963,0
18964,0
18965,0
18966,0
18967,0
18968,0
18969,0
18970,0
18971,0
18972,0
18973,0
18974,0
18975,0
18976,0
18977,0
18978,0
18979,0
18980,0
18981,0
18982,0
18983,0
18984,0
18985,0
18986,0
18987,0
18988,0
18989,0
18990,0
18991,0
18992,0
18993,0
18994,0
18995,0
18996,0
18997,0
18998,0
18999,0
19000,0
19001,0
19002,0
19003,0
19004,0
19005,0
19006,0
19007,0
19008,0
19009,0
19010,0
19011,0
19012,0
19013,0
19014,0
19015,0
19016,0
19017,0
19018,0
19019,0
19020,0
19021,0
19022,0
19023,0
19024,0
19025,0
19026,0
19027,0
19028,0
19029,0
19030,0
19031,0
19032,0
19033,0
19034,0
19035,0
19036,0
19037,0
19038,0
19039,0
19040,0
19041,0
19042,0
19043,0
19044,0
19045,0
19046,0
19047,0
19048,0
19049,0
19050,0
19051,0
19052,0
19053,0
19054,0
19055,0
19056,0
19057,0
19058,0
19059,0
19060,0
19061,0
19062,0
19063,0
19064,0
19065,0
19066,0
19067,0
19068,0
19069,0
19070,0
19071,0
19072,0
19073,0
19074,0
19075,0
19076,0
19077,0
19078,0
19079,0
19080,0
19081,0
19082,0
19083,0
19084,0
19085,0
19086,0
19087,0
19088,0
19089,0
19090,0
19091,0
19092,0
19093,0
19094,0
19095,0
19096,0
19097,0
19098,0
19099,0
19100,0
19101,0
19102,0
19103,0
19104,0
19105,0
19106,0
19107,0
19108,0
19109,0
19110,0
19111,0
19112,0
19113,0
19114,0
19115,0
19116,0
19117,0
19118,0
19119,0
19120,0
19121,0
19122,0
19123,0
19124,0
19125,0
19126,0
19127,0
19128,0
19129,0
19130,0
19131,0
19132,0
19133,0
19134,0
19135,0
19136,0
19137,0
19138,0
19139,0
19140,0
19141,0
19142,0
19143,0
19144,0
19145,0
19146,0
19147,0
19148,0
19149,0
19150,0
19151,0
19152,0
19153,0
19154,0
19155,0
19156,0
19157,0
19158,0
19159,0
19160,0
19161,0
19162,0
19163,0
19164,0
19165,0
19166,0
19167,0
19168,0
19169,0
19170,0
19171,0
19172,0
19173,0
19174,0
19175,0
19176,0
19177,0
19178,0
19179,0
19180,0
19181,0
19182,0
19183,0
19184,0
19185,0
19186,0
19187,0
19188,0
19189,0
19190,0
19191,0
19192,0
19193,0
19194,0
19195,0
19196,0
19197,0
19198,0
19199,0
19200,0
19201,0
19202,0
19203,0
19204,0
19205,0
19206,0
19207,0
19208,0
19209,0
19210,0
19211,0
19212,0
19213,0
19214,0
19215,0
19216,0
19217,0
19218,0
19219,0
19220,0
19221,0
19222,0
19223,0
19224,0
19225,0
19226,0
19227,0
19228,0
19229,0
19230,0
19231,0
19232,0
19233,0
19234,0
19235,0
19236,0
19237,0
19238,0
19239,0
19240,0
19241,0
19242,0
19243,0
19244,0
19245,0
19246,0
19247,0
19248,0
19249,0
19250,0
19251,0
19252,0
19253,0
19254,0
19255,0
19256,0
19257,0
19258,0
19259,0
19260,0
19261,0
19262,0
19263,0
19264,0
19265,0
19266,0
19267,0
19268,0
19269,0
19270,0
19271,0
19272,0
19273,0
19274,0
19275,0
19276,0
19277,0
19278,0
19279,0
19280,0
19281,0
19282,0
19283,0
19284,0
19285,0
19286,0
19287,0
19288,0
19289,0
19290,0
19291,0
19292,0
19293,0
19294,0
19295,0
19296,0
19297,0
19298,0
19299,0
19300,0
19301,0
19302,0
19303,0
19304,0
19305,0
19306,0
19307,0
19308,0
19309,0
19310,0
19311,0
19312,0
19313,0
19314,0
19315,0
19316,0
19317,0
19318,0
19319,0
19320,0
19321,0
19322,0
19323,0
19324,0
19325,0
19326,0
19327,0
19328,0
19329,0
19330,0
19331,0
19332,0
19333,0
19334,0
19335,0
19336,0
19337,0
19338,0
19339,0
19340,0
19341,0
19342,0
19343,0
19344,0
19345,0
19346,0
19347,0
19348,0
19349,0
19350,0
19351,0
19352,0
19353,0
19354,0
19355,0
19356,0
19357,0
19358,0
19359,0
19360,0
19361,0
19362,0
19363,0
19364,0
19365,0
19366,0
19367,0
19368,0
19369,0
19370,0
19371,0
19372,0
19373,0
19374,0
19375,0
19376,0
19377,0
19378,0
19379,0
19380,0
19381,0
19382,0
19383,0
19384,0
19385,0
19386,0
19387,0
19388,0
19389,0
19390,0
19391,0
19392,0
19393,0
19394,0
19395,0
19396,0
19397,0
19398,0
19399,0
19400,0
19401,0
19402,0
19403,0
19404,0
19405,0
19406,0
19407,0
19408,0
19409,0
19410,0
19411,0
19412,0
19413,0
19414,0
19415,0
19416,0
19417,0
19418,0
19419,0
19420,0
19421,0
19422,0
19423,0
19424,0
19425,0
19426,0
19427,0
19428,0
19429,0
19430,0
19431,0
19432,0
19433,0
19434,0
19435,0
19436,0
19437,0
19438,0
19439,0
19440,0
19441,0
19442,0
19443,0
19444,0
19445,0
19446,0
19447,0
19448,0
19449,0
19450,0
19451,0
19452,0
19453,0
19454,0
19455,0
19456,0
19457,0
19458,0
19459,0
19460,0
19461,0
19462,0
19463,0
19464,0
19465,0
19466,0
19467,0
19468,0
19469,0
19470,0
19471,0
19472,0
19473,0
19474,0
19475,0
19476,0
19477,0
19478,0
19479,0
19480,0
19481,0
19482,0
19483,0
19484,0
19485,0
19486,0
19487,0
19488,0
19489,0
19490,0
19491,0
19492,0
19493,0
19494,0
19495,0
19496,0
19497,0
19498,0
19499,0
19500,0
19501,0
19502,0
19503,0
19504,0
19505,0
19506,0
19507,0
19508,0
19509,0
19510,0
19511,0
19512,0
19513,0
19514,0
19515,0
19516,0
19517,0
19518,0
19519,0
19520,0
19521,0
19522,0
19523,0
19524,0
19525,0
19526,0
19527,0
19528,0
19529,0
19530,0
19531,0
19532,0
19533,0
19534,0
19535,0
19536,0
19537,0
19538,0
19539,0
19540,0
19541,0
19542,0
19543,0
19544,0
19545,0
19546,0
19547,0
19548,0
19549,0
19550,0
19551,0
19552,0
19553,0
19554,0
19555,0
19556,0
19557,0
19558,0
19559,0
19560,0
19561,0
19562,0
19563,0
19564,0
19565,0
19566,0
19567,0
19568,0
19569,0
19570,0
19571,0
19572,0
19573,0
19574,0
19575,0
19576,0
19577,0
19578,0
19579,0
19580,0
19581,0
19582,0
19583,0
19584,0
19585,0
19586,0
19587,0
19588,0
19589,0
19590,0
19591,0
19592,0
19593,0
19594,0
19595,0
19596,0
19597,0
19598,0
19599,0
19600,0
19601,0
19602,0
19603,0
19604,0
19605,0
19606,0
19607,0
19608,0
19609,0
19610,0
19611,0
19612,0
19613,0
19614,0
19615,0
19616,0
19617,0
19618,0
19619,0
19620,0
19621,0
19622,0
19623,0
19624,0
19625,0
19626,0
19627,0
19628,0
19629,0
19630,0
19631,0
19632,0
19633,0
19634,0
19635,0
19636,0
19637,0
19638,0
19639,0
19640,0
19641,0
19642,0
19643,0
19644,0
19645,0
19646,0
19647,0
19648,0
19649,0
19650,0
19651,0
19652,0
19653,0
19654,0
19655,0
19656,0
19657,0
19658,0
19659,0
19660,0
19661,0
19662,0
19663,0
19664,0
19665,0
19666,0
19667,0
19668,0
19669,0
19670,0
19671,0
19672,0
19673,0
19674,0
19675,0
19676,0
19677,0
19678,0
19679,0
19680,0
19681,0
19682,0
19683,0
19684,0
19685,0
19686,0
19687,0
19688,0
19689,0
19690,0
19691,0
19692,0
19693,0
19694,0
19695,0
19696,0
19697,0
19698,0
19699,0
19700,0
19701,0
19702,0
19703,0
19704,0
19705,0
19706,0
19707,0
19708,0
19709,0
19710,0
19711,0
19712,0
19713,0
19714,0
19715,0
19716,0
19717,0
19718,0
19719,0
19720,0
19721,0
19722,0
19723,0
19724,0
19725,0
19726,0
19727,0
19728,0
19729,0
19730,0
19731,0
19732,0
19733,0
19734,0
19735,0
19736,0
19737,0
19738,0
19739,0
19740,0
19741,0
19742,0
19743,0
19744,0
19745,0
19746,0
19747,0
19748,0
19749,0
19750,0
19751,0
19752,0
19753,0
19754,0
19755,0
19756,0
19757,0
19758,0
19759,0
19760,0
19761,0
19762,0
19763,0
19764,0
19765,0
19766,0
19767,0
19768,0
19769,0
19770,0
19771,0
19772,0
19773,0
19774,0
19775,0
19776,0
19777,0
19778,0
19779,0
19780,0
19781,0
19782,0
19783,0
19784,0
19785,0
19786,0
19787,0
19788,0
19789,0
19790,0
19791,0
19792,0
19793,0
19794,0
19795,0
19796,0
19797,0
19798,0
19799,0
19800,0
19801,0
19802,0
19803,0
19804,0
19805,0
19806,0
19807,0
19808,0
19809,0
19810,0
19811,0
19812,0
19813,0
19814,0
19815,0
19816,0
19817,0
19818,0
19819,0
19820,0
19821,0
19822,0
19823,0
19824,0
19825,0
19826,0
19827,0
19828,0
19829,0
19830,0
19831,0
19832,0
19833,0
19834,0
19835,0
19836,0
19837,0
19838,0
19839,0
19840,0
19841,0
19842,0
19843,0
19844,0
19845,0
19846,0
19847,0
19848,0
19849,0
19850,0
19851,0
19852,0
19853,0
19854,0
19855,0
19856,0
19857,0
19858,0
19859,0
19860,0
19861,0
19862,0
19863,0
19864,0
19865,0
19866,0
19867,0
19868,0
19869,0
19870,0
19871,0
19872,0
19873,0
19874,0
19875,0
19876,0
19877,0
19878,0
19879,0
19880,0
19881,0
19882,0
19883,0
19884,0
19885,0
19886,0
19887,0
19888,0
19889,0
19890,0
19891,0
19892,0
19893,0
19894,0
19895,0
19896,0
19897,0
19898,0
19899,0
19900,0
19901,0
19902,0
19903,0
19904,0
19905,0
19906,0
19907,0
19908,0
19909,0
19910,0
19911,0
19912,0
19913,0
19914,0
19915,0
19916,0
19917,0
19918,0
19919,0
19920,0
19921,0
19922,0
19923,0
19924,0
19925,0
19926,0
19927,0
19928,0
19929,0
19930,0
19931,0
19932,0
19933,0
19934,0
19935,0
19936,0
19937,0
19938,0
19939,0
19940,0
19941,0
19942,0
19943,0
19944,0
19945,0
19946,0
19947,0
19948,0
19949,0
19950,0
19951,0
19952,0
19953,0
19954,0
19955,0
19956,0
19957,0
19958,0
19959,0
19960,0
19961,0
19962,0
19963,0
19964,0
19965,0
19966,0
19967,0
19968,0
19969,0
19970,0
19971,0
19972,0
19973,0
19974,0
19975,0
19976,0
19977,0
19978,0
19979,0
19980,0
19981,0
19982,0
19983,0
19984,0
19985,0
19986,0
19987,0
19988,0
19989,0
19990,0
19991,0
19992,0
19993,0
19994,0
19995,0
19996,0
19997,0
19998,0
19999,0
20000,0
20001,0
20002,0
20003,0
20004,0
20005,0
20006,0
20007,0
20008,0
20009,0
20010,0
20011,0
20012,0
20013,0
20014,0
20015,0
20016,0
20017,0
20018,0
20019,0
20020,0
20021,0
20022,0
20023,0
20024,0
20025,0
20026,0
20027,0
20028,0
20029,0
20030,0
20031,0
20032,0
20033,0
20034,0
20035,0
20036,0
20037,0
20038,0
20039,0
20040,0
20041,0
20042,0
20043,0
20044,0
20045,0
20046,0
20047,0
20048,0
20049,0
20050,0
20051,0
20052,0
20053,0
20054,0
20055,0
20056,0
20057,0
20058,0
20059,0
20060,0
20061,0
20062,0
20063,0
20064,0
20065,0
20066,0
20067,0
20068,0
20069,0
20070,0
20071,0
20072,0
20073,0
20074,0
20075,0
20076,0
20077,0
20078,0
20079,0
20080,0
20081,0
20082,0
20083,0
20084,0
20085,0
20086,0
20087,0
20088,0
20089,0
20090,0
20091,0
20092,0
20093,0
20094,0
20095,0
20096,0
20097,0
20098,0
20099,0
20100,0
20101,0
20102,0
20103,0
20104,0
20105,0
20106,0
20107,0
20108,0
20109,0
20110,0
20111,0
20112,0
20113,0
20114,0
20115,0
20116,0
20117,0
20118,0
20119,0
20120,0
20121,0
20122,0
20123,0
20124,0
20125,0
20126,0
20127,0
20128,0
20129,0
20130,0
20131,0
20132,0
20133,0
20134,0
20135,0
20136,0
20137,0
20138,0
20139,0
20140,0
20141,0
20142,0
20143,0
20144,0
20145,0
20146,0
20147,0
20148,0
20149,0
20150,0
20151,0
20152,0
20153,0
20154,0
20155,0
20156,0
20157,0
20158,0
20159,0
20160,0
20161,0
20162,0
20163,0
20164,0
20165,0
20166,0
20167,0
20168,0
20169,0
20170,0
20171,0
20172,0
20173,0
20174,0
20175,0
20176,0
20177,0
20178,0
20179,0
20180,0
20181,0
20182,0
20183,0
20184,0
20185,0
20186,0
20187,0
20188,0
20189,0
20190,0
20191,0
20192,0
20193,0
20194,0
20195,0
20196,0
20197,0
20198,0
20199,0
20200,0
20201,0
20202,0
20203,0
20204,0
20205,0
20206,0
20207,0
20208,0
20209,0
20210,0
20211,0
20212,0
20213,0
20214,0
20215,0
20216,0
20217,0
20218,0
20219,0
20220,0
20221,0
20222,0
20223,0
20224,0
20225,0
20226,0
20227,0
20228,0
20229,0
20230,0
20231,0
20232,0
20233,0
20234,0
20235,0
20236,0
20237,0
20238,0
20239,0
20240,0
20241,0
20242,0
20243,0
20244,0
20245,0
20246,0
20247,0
20248,0
20249,0
20250,0
20251,0
20252,0
20253,0
20254,0
20255,0
20256,0
20257,0
20258,0
20259,0
20260,0
20261,0
20262,0
20263,0
20264,0
20265,0
20266,0
20267,0
20268,0
20269,0
20270,0
20271,0
20272,0
20273,0
20274,0
20275,0
20276,0
20277,0
20278,0
20279,0
20280,0
20281,0
20282,0
20283,0
20284,0
20285,0
20286,0
20287,0
20288,0
20289,0
20290,0
20291,0
20292,0
20293,0
20294,0
20295,0
20296,0
20297,0
20298,0
20299,0
20300,0
20301,0
20302,0
20303,0
20304,0
20305,0
20306,0
20307,0
20308,0
20309,0
20310,0
20311,0
20312,0
20313,0
20314,0
20315,0
20316,0
20317,0
20318,0
20319,0
20320,0
20321,0
20322,0
20323,0
20324,0
20325,0
20326,0
20327,0
20328,0
20329,0
20330,0
20331,0
20332,0
20333,0
20334,0
20335,0
20336,0
20337,0
20338,0
20339,0
20340,0
20341,0
20342,0
20343,0
20344,0
20345,0
20346,0
20347,0
20348,0
20349,0
20350,0
20351,0
20352,0
20353,0
20354,0
20355,0
20356,0
20357,0
20358,0
20359,0
20360,0
20361,0
20362,0
20363,0
20364,0
20365,0
20366,0
20367,0
20368,0
20369,0
20370,0
20371,0
20372,0
20373,0
20374,0
20375,0
20376,0
20377,0
20378,0
20379,0
20380,0
20381,0
20382,0
20383,0
20384,0
20385,0
20386,0
20387,0
20388,0
20389,0
20390,0
20391,0
20392,0
20393,0
20394,0
20395,0
20396,0
20397,0
20398,0
20399,0
20400,0
20401,0
20402,0
20403,0
20404,0
20405,0
20406,0
20407,0
20408,0
20409,0
20410,0
20411,0
20412,0
20413,0
20414,0
20415,0
20416,0
20417,0
20418,0
20419,0
20420,0
20421,0
20422,0
20423,0
20424,0
20425,0
20426,0
20427,0
20428,0
20429,0
20430,0
20431,0
20432,0
20433,0
20434,0
20435,0
20436,0
20437,0
20438,0
20439,0
20440,0
20441,0
20442,0
20443,0
20444,0
20445,0
20446,0
20447,0
20448,0
20449,0
20450,0
20451,0
20452,0
20453,0
20454,0
20455,0
20456,0
20457,0
20458,0
20459,0
20460,0
20461,0
20462,0
20463,0
20464,0
20465,0
20466,0
20467,0
20468,0
20469,0
20470,0
20471,0
20472,0
20473,0
20474,0
20475,0
20476,0
20477,0
20478,0
20479,0
20480,0
20481,0
20482,0
20483,0
20484,0
20485,0
20486,0
20487,0
20488,0
20489,0
20490,0
20491,0
20492,0
20493,0
20494,0
20495,0
20496,0
20497,0
20498,0
20499,0
20500,0
20501,0
20502,0
20503,0
20504,0
20505,0
20506,0
20507,0
20508,0
20509,0
20510,0
20511,0
20512,0
20513,0
20514,0
20515,0
20516,0
20517,0
20518,0
20519,0
20520,0
20521,0
20522,0
20523,0
20524,0
20525,0
20526,0
20527,0
20528,0
20529,0
20530,0
20531,0
20532,0
20533,0
20534,0
20535,0
20536,0
20537,0
20538,0
20539,0
20540,0
20541,0
20542,0
20543,0
20544,0
20545,0
20546,0
20547,0
20548,0
20549,0
20550,0
20551,0
20552,0
20553,0
20554,0
20555,0
20556,0
20557,0
20558,0
20559,0
20560,0
20561,0
20562,0
20563,0
20564,0
20565,0
20566,0
20567,0
20568,0
20569,0
20570,0
20571,0
20572,0
20573,0
20574,0
20575,0
20576,0
20577,0
20578,0
20579,0
20580,0
20581,0
20582,0
20583,0
20584,0
20585,0
20586,0
20587,0
20588,0
20589,0
20590,0
20591,0
20592,0
20593,0
20594,0
20595,0
20596,0
20597,0
20598,0
20599,0
20600,0
20601,0
20602,0
20603,0
20604,0
20605,0
20606,0
20607,0
20608,0
20609,0
20610,0
20611,0
20612,0
20613,0
20614,0
20615,0
20616,0
20617,0
20618,0
20619,0
20620,0
20621,0
20622,0
20623,0
20624,0
20625,0
20626,0
20627,0
20628,0
20629,0
20630,0
20631,0
20632,0
20633,0
20634,0
20635,0
20636,0
20637,0
20638,0
20639,0
20640,0
20641,0
20642,0
20643,0
20644,0
20645,0
20646,0
20647,0
20648,0
20649,0
20650,0
20651,0
20652,0
20653,0
20654,0
20655,0
20656,0
20657,0
20658,0
20659,0
20660,0
20661,0
20662,0
20663,0
20664,0
20665,0
20666,0
20667,0
20668,0
20669,0
20670,0
20671,0
20672,0
20673,0
20674,0
20675,0
20676,0
20677,0
20678,0
20679,0
20680,0
20681,0
20682,0
20683,0
20684,0
20685,0
20686,0
20687,0
20688,0
20689,0
20690,0
20691,0
20692,0
20693,0
20694,0
20695,0
20696,0
20697,0
20698,0
20699,0
20700,0
20701,0
20702,0
20703,0
20704,0
20705,0
20706,0
20707,0
20708,0
20709,0
20710,0
20711,0
20712,0
20713,0
20714,0
20715,0
20716,0
20717,0
20718,0
20719,0
20720,0
20721,0
20722,0
20723,0
20724,0
20725,0
20726,0
20727,0
20728,0
20729,0
20730,0
20731,0
20732,0
20733,0
20734,0
20735,0
20736,0
20737,0
20738,0
20739,0
20740,0
20741,0
20742,0
20743,0
20744,0
20745,0
20746,0
20747,0
20748,0
20749,0
20750,0
20751,0
20752,0
20753,0
20754,0
20755,0
20756,0
20757,0
20758,0
20759,0
20760,0
20761,0
20762,0
20763,0
20764,0
20765,0
20766,0
20767,0
20768,0
20769,0
20770,0
20771,0
20772,0
20773,0
20774,0
20775,0
20776,0
20777,0
20778,0
20779,0
20780,0
20781,0
20782,0
20783,0
20784,0
20785,0
20786,0
20787,0
20788,0
20789,0
20790,0
20791,0
20792,0
20793,0
20794,0
20795,0
20796,0
20797,0
20798,0
20799,0
20800,0
20801,0
20802,0
20803,0
20804,0
20805,0
20806,0
20807,0
20808,0
20809,0
20810,0
20811,0
20812,0
20813,0
20814,0
20815,0
20816,0
20817,0
20818,0
20819,0
20820,0
20821,0
20822,0
20823,0
20824,0
20825,0
20826,0
20827,0
20828,0
20829,0
20830,0
20831,0
20832,0
20833,0
20834,0
20835,0
20836,0
20837,0
20838,0
20839,0
20840,0
20841,0
20842,0
20843,0
20844,0
20845,0
20846,0
20847,0
20848,0
20849,0
20850,0
20851,0
20852,0
20853,0
20854,0
20855,0
20856,0
20857,0
20858,0
20859,0
20860,0
20861,0
20862,0
20863,0
20864,0
20865,0
20866,0
20867,0
20868,0
20869,0
20870,0
20871,0
20872,0
20873,0
20874,0
20875,0
20876,0
20877,0
20878,0
20879,0
20880,0
20881,0
20882,0
20883,0
20884,0
20885,0
20886,0
20887,0
20888,0
20889,0
20890,0
20891,0
20892,0
20893,0
20894,0
20895,0
20896,0
20897,0
20898,0
20899,0
20900,0
20901,0
20902,0
20903,0
20904,0
20905,0
20906,0
20907,0
20908,0
20909,0
20910,0
20911,0
20912,0
20913,0
20914,0
20915,0
20916,0
20917,0
20918,0
20919,0
20920,0
20921,0
20922,0
20923,0
20924,0
20925,0
20926,0
20927,0
20928,0
20929,0
20930,0
20931,0
20932,0
20933,0
20934,0
20935,0
20936,0
20937,0
20938,0
20939,0
20940,0
20941,0
20942,0
20943,0
20944,0
20945,0
20946,0
20947,0
20948,0
20949,0
20950,0
20951,0
20952,0
20953,0
20954,0
20955,0
20956,0
20957,0
20958,0
20959,0
20960,0
20961,0
20962,0
20963,0
20964,0
20965,0
20966,0
20967,0
20968,0
20969,0
20970,0
20971,0
20972,0
20973,0
20974,0
20975,0
20976,0
20977,0
20978,0
20979,0
20980,0
20981,0
20982,0
20983,0
20984,0
20985,0
20986,0
20987,0
20988,0
20989,0
20990,0
20991,0
20992,0
20993,0
20994,0
20995,0
20996,0
20997,0
20998,0
20999,0
21000,0
21001,0
21002,0
21003,0
21004,0
21005,0
21006,0
21007,0
21008,0
21009,0
21010,0
21011,0
21012,0
21013,0
21014,0
21015,0
21016,0
21017,0
21018,0
21019,0
21020,0
21021,0
21022,0
21023,0
21024,0
21025,0
21026,0
21027,0
21028,0
21029,0
21030,0
21031,0
21032,0
21033,0
21034,0
21035,0
21036,0
21037,0
21038,0
21039,0
21040,0
21041,0
21042,0
21043,0
21044,0
21045,0
21046,0
21047,0
21048,0
21049,0
21050,0
21051,0
21052,0
21053,0
21054,0
21055,0
21056,0
21057,0
21058,0
21059,0
21060,0
21061,0
21062,0
21063,0
21064,0
21065,0
21066,0
21067,0
21068,0
21069,0
21070,0
21071,0
21072,0
21073,0
21074,0
21075,0
21076,0
21077,0
21078,0
21079,0
21080,0
21081,0
21082,0
21083,0
21084,0
21085,0
21086,0
21087,0
21088,0
21089,0
21090,0
21091,0
21092,0
21093,0
21094,0
21095,0
21096,0
21097,0
21098,0
21099,0
21100,0
21101,0
21102,0
21103,0
21104,0
21105,0
21106,0
21107,0
21108,0
21109,0
21110,0
21111,0
21112,0
21113,0
21114,0
21115,0
21116,0
21117,0
21118,0
21119,0
21120,0
21121,0
21122,0
21123,0
21124,0
21125,0
21126,0
21127,0
21128,0
21129,0
21130,0
21131,0
21132,0
21133,0
21134,0
21135,0
21136,0
21137,0
21138,0
21139,0
21140,0
21141,0
21142,0
21143,0
21144,0
21145,0
21146,0
21147,0
21148,0
21149,0
21150,0
21151,0
21152,0
21153,0
21154,0
21155,0
21156,0
21157,0
21158,0
21159,0
21160,0
21161,0
21162,0
21163,0
21164,0
21165,0
21166,0
21167,0
21168,0
21169,0
21170,0
21171,0
21172,0
21173,0
21174,0
21175,0
21176,0
21177,0
21178,0
21179,0
21180,0
21181,0
21182,0
21183,0
21184,0
21185,0
21186,0
21187,0
21188,0
21189,0
21190,0
21191,0
21192,0
21193,0
21194,0
21195,0
21196,0
21197,0
21198,0
21199,0
21200,0
21201,0
21202,0
21203,0
21204,0
21205,0
21206,0
21207,0
21208,0
21209,0
21210,0
21211,0
21212,0
21213,0
21214,0
21215,0
21216,0
21217,0
21218,0
21219,0
21220,0
21221,0
21222,0
21223,0
21224,0
21225,0
21226,0
21227,0
21228,0
21229,0
21230,0
21231,0
21232,0
21233,0
21234,0
21235,0
21236,0
21237,0
21238,0
21239,0
21240,0
21241,0
21242,0
21243,0
21244,0
21245,0
21246,0
21247,0
21248,0
21249,0
21250,0
21251,0
21252,0
21253,0
21254,0
21255,0
21256,0
21257,0
21258,0
21259,0
21260,0
21261,0
21262,0
21263,0
21264,0
21265,0
21266,0
21267,0
21268,0
21269,0
21270,0
21271,0
21272,0
21273,0
21274,0
21275,0
21276,0
21277,0
21278,0
21279,0
21280,0
21281,0
21282,0
21283,0
21284,0
21285,0
21286,0
21287,0
21288,0
21289,0
21290,0
21291,0
21292,0
21293,0
21294,0
21295,0
21296,0
21297,0
21298,0
21299,0
21300,0
21301,0
21302,0
21303,0
21304,0
21305,0
21306,0
21307,0
21308,0
21309,0
21310,0
21311,0
21312,0
21313,0
21314,0
21315,0
21316,0
21317,0
21318,0
21319,0
21320,0
21321,0
21322,0
21323,0
21324,0
21325,0
21326,0
21327,0
21328,0
21329,0
21330,0
21331,0
21332,0
21333,0
21334,0
21335,0
21336,0
21337,0
21338,0
21339,0
21340,0
21341,0
21342,0
21343,0
21344,0
21345,0
21346,0
21347,0
21348,0
21349,0
21350,0
21351,0
21352,0
21353,0
21354,0
21355,0
21356,0
21357,0
21358,0
21359,0
21360,0
21361,0
21362,0
21363,0
21364,0
21365,0
21366,0
21367,0
21368,0
21369,0
21370,0
21371,0
21372,0
21373,0
21374,0
21375,0
21376,0
21377,0
21378,0
21379,0
21380,0
21381,0
21382,0
21383,0
21384,0
21385,0
21386,0
21387,0
21388,0
21389,0
21390,0
21391,0
21392,0
21393,0
21394,0
21395,0
21396,0
21397,0
21398,0
21399,0
21400,0
21401,0
21402,0
21403,0
21404,0
21405,0
21406,0
21407,0
21408,0
21409,0
21410,0
21411,0
21412,0
21413,0
21414,0
21415,0
21416,0
21417,0
21418,0
21419,0
21420,0
21421,0
21422,0
21423,0
21424,0
21425,0
21426,0
21427,0
21428,0
21429,0
21430,0
21431,0
21432,0
21433,0
21434,0
21435,0
21436,0
21437,0
21438,0
21439,0
21440,0
21441,0
21442,0
21443,0
21444,0
21445,0
21446,0
21447,0
21448,0
21449,0
21450,0
21451,0
21452,0
21453,0
21454,0
21455,0
21456,0
21457,0
21458,0
21459,0
21460,0
21461,0
21462,0
21463,0
21464,0
21465,0
21466,0
21467,0
21468,0
21469,0
21470,0
21471,0
21472,0
21473,0
21474,0
21475,0
21476,0
21477,0
21478,0
21479,0
21480,0
21481,0
21482,0
21483,0
21484,0
21485,0
21486,0
21487,0
21488,0
21489,0
21490,0
21491,0
21492,0
21493,0
21494,0
21495,0
21496,0
21497,0
21498,0
21499,0
21500,0
21501,0
21502,0
21503,0
21504,0
21505,0
21506,0
21507,0
21508,0
21509,0
21510,0
21511,0
21512,0
21513,0
21514,0
21515,0
21516,0
21517,0
21518,0
21519,0
21520,0
21521,0
21522,0
21523,0
21524,0
21525,0
21526,0
21527,0
21528,0
21529,0
21530,0
21531,0
21532,0
21533,0
21534,0
21535,0
21536,0
21537,0
21538,0
21539,0
21540,0
21541,0
21542,0
21543,0
21544,0
21545,0
21546,0
21547,0
21548,0
21549,0
21550,0
21551,0
21552,0
21553,0
21554,0
21555,0
21556,0
21557,0
21558,0
21559,0
21560,0
21561,0
21562,0
21563,0
21564,0
21565,0
21566,0
21567,0
21568,0
21569,0
21570,0
21571,0
21572,0
21573,0
21574,0
21575,0
21576,0
21577,0
21578,0
21579,0
21580,0
21581,0
21582,0
21583,0
21584,0
21585,0
21586,0
21587,0
21588,0
21589,0
21590,0
21591,0
21592,0
21593,0
21594,0
21595,0
21596,0
21597,0
21598,0
21599,0
21600,0
21601,0
21602,0
21603,0
21604,0
21605,0
21606,0
21607,0
21608,0
21609,0
21610,0
21611,0
21612,0
21613,0
21614,0
21615,0
21616,0
21617,0
21618,0
21619,0
21620,0
21621,0
21622,0
21623,0
21624,0
21625,0
21626,0
21627,0
21628,0
21629,0
21630,0
21631,0
21632,0
21633,0
21634,0
21635,0
21636,0
21637,0
21638,0
21639,0
21640,0
21641,0
21642,0
21643,0
21644,0
21645,0
21646,0
21647,0
21648,0
21649,0
21650,0
21651,0
21652,0
21653,0
21654,0
21655,0
21656,0
21657,0
21658,0
21659,0
21660,0
21661,0
21662,0
21663,0
21664,0
21665,0
21666,0
21667,0
21668,0
21669,0
21670,0
21671,0
21672,0
21673,0
21674,0
21675,0
21676,0
21677,0
21678,0
21679,0
21680,0
21681,0
21682,0
21683,0
21684,0
21685,0
21686,0
21687,0
21688,0
21689,0
21690,0
21691,0
21692,0
21693,0
21694,0
21695,0
21696,0
21697,0
21698,0
21699,0
21700,0
21701,0
21702,0
21703,0
21704,0
21705,0
21706,0
21707,0
21708,0
21709,0
21710,0
21711,0
21712,0
21713,0
21714,0
21715,0
21716,0
21717,0
21718,0
21719,0
21720,0
21721,0
21722,0
21723,0
21724,0
21725,0
21726,0
21727,0
21728,0
21729,0
21730,0
21731,0
21732,0
21733,0
21734,0
21735,0
21736,0
21737,0
21738,0
21739,0
21740,0
21741,0
21742,0
21743,0
21744,0
21745,0
21746,0
21747,0
21748,0
21749,0
21750,0
21751,0
21752,0
21753,0
21754,0
21755,0
21756,0
21757,0
21758,0
21759,0
21760,0
21761,0
21762,0
21763,0
21764,0
21765,0
21766,0
21767,0
21768,0
21769,0
21770,0
21771,0
21772,0
21773,0
21774,0
21775,0
21776,0
21777,0
21778,0
21779,0
21780,0
21781,0
21782,0
21783,0
21784,0
21785,0
21786,0
21787,0
21788,0
21789,0
21790,0
21791,0
21792,0
21793,0
21794,0
21795,0
21796,0
21797,0
21798,0
21799,0
21800,0
21801,0
21802,0
21803,0
21804,0
21805,0
21806,0
21807,0
21808,0
21809,0
21810,0
21811,0
21812,0
21813,0
21814,0
21815,0
21816,0
21817,0
21818,0
21819,0
21820,0
21821,0
21822,0
21823,0
21824,0
21825,0
21826,0
21827,0
21828,0
21829,0
21830,0
21831,0
21832,0
21833,0
21834,0
21835,0
21836,0
21837,0
21838,0
21839,0
21840,0
21841,0
21842,0
21843,0
21844,0
21845,0
21846,0
21847,0
21848,0
21849,0
21850,0
21851,0
21852,0
21853,0
21854,0
21855,0
21856,0
21857,0
21858,0
21859,0
21860,0
21861,0
21862,0
21863,0
21864,0
21865,0
21866,0
21867,0
21868,0
21869,0
21870,0
21871,0
21872,0
21873,0
21874,0
21875,0
21876,0
21877,0
21878,0
21879,0
21880,0
21881,0
21882,0
21883,0
21884,0
21885,0
21886,0
21887,0
21888,0
21889,0
21890,0
21891,0
21892,0
21893,0
21894,0
21895,0
21896,0
21897,0
21898,0
21899,0
21900,0
21901,0
21902,0
21903,0
21904,0
21905,0
21906,0
21907,0
21908,0
21909,0
21910,0
21911,0
21912,0
21913,0
21914,0
21915,0
21916,0
21917,0
21918,0
21919,0
21920,0
21921,0
21922,0
21923,0
21924,0
21925,0
21926,0
21927,0
21928,0
21929,0
21930,0
21931,0
21932,0
21933,0
21934,0
21935,0
21936,0
21937,0
21938,0
21939,0
21940,0
21941,0
21942,0
21943,0
21944,0
21945,0
21946,0
21947,0
21948,0
21949,0
21950,0
21951,0
21952,0
21953,0
21954,0
21955,0
21956,0
21957,0
21958,0
21959,0
21960,0
21961,0
21962,0
21963,0
21964,0
21965,0
21966,0
21967,0
21968,0
21969,0
21970,0
21971,0
21972,0
21973,0
21974,0
21975,0
21976,0
21977,0
21978,0
21979,0
21980,0
21981,0
21982,0
21983,0
21984,0
21985,0
21986,0
21987,0
21988,0
21989,0
21990,0
21991,0
21992,0
21993,0
21994,0
21995,0
21996,0
21997,0
21998,0
21999,0
22000,0
22001,0
22002,0
22003,0
22004,0
22005,0
22006,0
22007,0
22008,0
22009,0
22010,0
22011,0
22012,0
22013,0
22014,0
22015,0
22016,0
22017,0
22018,0
22019,0
22020,0
22021,0
22022,0
22023,0
22024,0
22025,0
22026,0
22027,0
22028,0
22029,0
22030,0
22031,0
22032,0
22033,0
22034,0
22035,0
22036,0
22037,0
22038,0
22039,0
22040,0
22041,0
22042,0
22043,0
22044,0
22045,0
22046,0
22047,0
22048,0
22049,0
22050,0
22051,0
22052,0
22053,0
22054,0
22055,0
22056,0
22057,0
22058,0
22059,0
22060,0
22061,0
22062,0
22063,0
22064,0
22065,0
22066,0
22067,0
22068,0
22069,0
22070,0
22071,0
22072,0
22073,0
22074,0
22075,0
22076,0
22077,0
22078,0
22079,0
22080,0
22081,0
22082,0
22083,0
22084,0
22085,0
22086,0
22087,0
22088,0
22089,0
22090,0
22091,0
22092,0
22093,0
22094,0
22095,0
22096,0
22097,0
22098,0
22099,0
22100,0
22101,0
22102,0
22103,0
22104,0
22105,0
22106,0
22107,0
22108,0
22109,0
22110,0
22111,0
22112,0
22113,0
22114,0
22115,0
22116,0
22117,0
22118,0
22119,0
22120,0
22121,0
22122,0
22123,0
22124,0
22125,0
22126,0
22127,0
22128,0
22129,0
22130,0
22131,0
22132,0
22133,0
22134,0
22135,0
22136,0
22137,0
22138,0
22139,0
22140,0
22141,0
22142,0
22143,0
22144,0
22145,0
22146,0
22147,0
22148,0
22149,0
22150,0
22151,0
22152,0
22153,0
22154,0
22155,0
22156,0
22157,0
22158,0
22159,0
22160,0
22161,0
22162,0
22163,0
22164,0
22165,0
22166,0
22167,0
22168,0
22169,0
22170,0
22171,0
22172,0
22173,0
22174,0
22175,0
22176,0
22177,0
22178,0
22179,0
22180,0
22181,0
22182,0
22183,0
22184,0
22185,0
22186,0
22187,0
22188,0
22189,0
22190,0
22191,0
22192,0
22193,0
22194,0
22195,0
22196,0
22197,0
22198,0
22199,0
22200,0
22201,0
22202,0
22203,0
22204,0
22205,0
22206,0
22207,0
22208,0
22209,0
22210,0
22211,0
22212,0
22213,0
22214,0
22215,0
22216,0
22217,0
22218,0
22219,0
22220,0
22221,0
22222,0
22223,0
22224,0
22225,0
22226,0
22227,0
22228,0
22229,0
22230,0
22231,0
22232,0
22233,0
22234,0
22235,0
22236,0
22237,0
22238,0
22239,0
22240,0
22241,0
22242,0
22243,0
22244,0
22245,0
22246,0
22247,0
22248,0
22249,0
22250,0
22251,0
22252,0
22253,0
22254,0
22255,0
22256,0
22257,0
22258,0
22259,0
22260,0
22261,0
22262,0
22263,0
22264,0
22265,0
22266,0
22267,0
22268,0
22269,0
22270,0
22271,0
22272,0
22273,0
22274,0
22275,0
22276,0
22277,0
22278,0
22279,0
22280,0
22281,0
22282,0
22283,0
22284,0
22285,0
22286,0
22287,0
22288,0
22289,0
22290,0
22291,0
22292,0
22293,0
22294,0
22295,0
22296,0
22297,0
22298,0
22299,0
22300,0
22301,0
22302,0
22303,0
22304,0
22305,0
22306,0
22307,0
22308,0
22309,0
22310,0
22311,0
22312,0
22313,0
22314,0
22315,0
22316,0
22317,0
22318,0
22319,0
22320,0
22321,0
22322,0
22323,0
22324,0
22325,0
22326,0
22327,0
22328,0
22329,0
22330,0
22331,0
22332,0
22333,0
22334,0
22335,0
22336,0
22337,0
22338,0
22339,0
22340,0
22341,0
