tick,tiles
1,0
2,52
3,52
4,52
5,52
6,52
7,52
8,52
9,52
10,52
11,52
12,52
13,52
14,60
15,69
16,78
17,88
18,97
19,107
20,117
21,127
22,137
23,146
24,164
25,184
26,204
27,225
28,246
29,268
30,289
31,309
32,330
33,350
34,381
35,411
36,443
37,476
38,509
39,540
40,569
41,596
42,622
43,645
44,685
45,723
46,762
47,797
48,830
49,861
50,889
51,914
52,935
53,954
54,997
55,1033
56,1067
57,1097
58,1124
59,1149
60,1171
61,1190
62,1207
63,1222
64,1263
65,1297
66,1327
67,1354
68,1377
69,1398
70,1416
71,1431
72,1444
73,1456
74,1492
75,1523
76,1550
77,1573
78,1594
79,1612
80,1628
81,1642
82,1653
83,1663
84,1698
85,1729
86,1754
87,1776
88,1795
89,1812
90,1827
91,1840
92,1850
93,1859
94,1893
95,1921
96,1945
97,1966
98,1984
99,1999
100,2012
101,2023
102,2032
103,2040
104,2073
105,2101
106,2124
107,2145
108,2162
109,2176
110,2188
111,2199
112,2208
113,2215
114,2247
115,2274
116,2297
117,2317
118,2333
119,2347
120,2358
121,2368
122,2376
123,2383
124,2414
125,2440
126,2462
127,2481
128,2496
129,2509
130,2520
131,2529
132,2537
133,2543
134,2574
135,2599
136,2620
137,2637
138,2652
139,2665
140,2675
141,2684
142,2691
143,2697
144,2727
145,2751
146,2772
147,2789
148,2803
149,2815
150,2825
151,2833
152,2840
153,2846
154,2875
155,2900
156,2920
157,2937
158,2950
159,2961
160,2970
161,2978
162,2984
163,2989
164,3018
165,3042
166,3062
167,3078
168,3091
169,3102
170,3111
171,3118
172,3124
173,3129
174,3157
175,3180
176,3199
177,3215
178,3228
179,3238
180,3247
181,3254
182,3260
183,3265
184,3293
185,3316
186,3335
187,3351
188,3363
189,3373
190,3381
191,3388
192,3393
193,3398
194,3425
195,3447
196,3465
197,3480
198,3492
199,3502
200,3510
201,3517
202,3522
203,3527
204,3554
205,3576
206,3594
207,3609
208,3621
209,3630
210,3638
211,3644
212,3649
213,3654
214,3681
215,3703
216,3721
217,3735
218,3746
219,3755
220,3762
221,3768
222,3773
223,3778
224,3805
225,3826
226,3844
227,3858
228,3869
229,3878
230,3885
231,3891
232,3896
233,3901
234,3927
235,3948
236,3965
237,3978
238,3989
239,3998
240,4005
241,4010
242,4015
243,4020
244,4046
245,4067
246,4084
247,4097
248,4107
249,4115
250,4122
251,4127
252,4132
253,4137
254,4163
255,4184
256,4200
257,4213
258,4224
259,4232
260,4239
261,4244
262,4249
263,4254
264,4280
265,4300
266,4316
267,4329
268,4339
269,4348
270,4354
271,4359
272,4364
273,4369
274,4395
275,4415
276,4431
277,4444
278,4454
279,4462
280,4468
281,4473
282,4478
283,4483
284,4508
285,4528
286,4544
287,4556
288,4566
289,4574
290,4580
291,4585
292,4590
293,4595
294,4620
295,4640
296,4656
297,4668
298,4677
299,4685
300,4691
301,4696
302,4701
303,4706
304,4731
305,4751
306,4767
307,4779
308,4788
309,4795
310,4801
311,4806
312,4811
313,4816
314,4841
315,4861
316,4876
317,4888
318,4897
319,4904
320,4910
321,4916
322,4922
323,4926
324,4950
325,4969
326,4984
327,4996
328,5005
329,5012
330,5018
331,5024
332,5030
333,5033
334,5057
335,5076
336,5091
337,5102
338,5111
339,5118
340,5124
341,5130
342,5136
343,5139
344,5164
345,5183
346,5198
347,5209
348,5218
349,5225
350,5231
351,5237
352,5243
353,5245
354,5270
355,5289
356,5303
357,5314
358,5323
359,5330
360,5336
361,5342
362,5348
363,5351
364,5376
365,5395
366,5410
367,5421
368,5430
369,5437
370,5443
371,5449
372,5455
373,5456
374,5481
375,5500
376,5515
377,5526
378,5535
379,5542
380,5548
381,5554
382,5560
383,5560
384,5586
385,5605
386,5619
387,5630
388,5638
389,5645
390,5651
391,5657
392,5663
393,5664
394,5690
395,5709
396,5724
397,5735
398,5743
399,5749
400,5755
401,5761
402,5767
403,5767
404,5793
405,5812
406,5826
407,5837
408,5845
409,5851
410,5857
411,5863
412,5869
413,5870
414,5896
415,5915
416,5929
417,5940
418,5949
419,5955
420,5961
421,5967
422,5972
423,5972
424,5998
425,6017
426,6031
427,6042
428,6050
429,6057
430,6063
431,6069
432,6074
433,6074
434,6099
435,6118
436,6132
437,6143
438,6152
439,6158
440,6164
441,6170
442,6175
443,6175
444,6200
445,6219
446,6234
447,6245
448,6253
449,6259
450,6265
451,6271
452,6275
453,6275
454,6301
455,6320
456,6334
457,6345
458,6353
459,6359
460,6365
461,6371
462,6375
463,6375
464,6401
465,6420
466,6434
467,6445
468,6453
469,6459
470,6465
471,6471
472,6475
473,6475
474,6501
475,6520
476,6535
477,6546
478,6554
479,6560
480,6566
481,6572
482,6575
483,6575
484,6601
485,6621
486,6635
487,6646
488,6654
489,6661
490,6667
491,6673
492,6674
493,6674
494,6700
495,6719
496,6733
497,6744
498,6752
499,6759
500,6765
501,6772
502,6773
503,6773
504,6800
505,6819
506,6833
507,6844
508,6852
509,6859
510,6866
511,6872
512,6872
513,6872
514,6899
515,6919
516,6933
517,6944
518,6952
519,6959
520,6966
521,6971
522,6971
523,6971
524,6998
525,7018
526,7032
527,7043
528,7051
529,7058
530,7065
531,7070
532,7070
533,7070
534,7097
535,7117
536,7131
537,7142
538,7150
539,7157
540,7164
541,7169
542,7169
543,7169
544,7196
545,7216
546,7231
547,7241
548,7249
549,7256
550,7263
551,7269
552,7269
553,7269
554,7297
555,7317
556,7331
557,7341
558,7349
559,7356
560,7363
561,7368
562,7368
563,7368
564,7396
565,7416
566,7430
567,7440
568,7448
569,7455
570,7462
571,7466
572,7466
573,7466
574,7494
575,7514
576,7528
577,7539
578,7547
579,7554
580,7561
581,7565
582,7565
583,7565
584,7593
585,7613
586,7627
587,7637
588,7645
589,7652
590,7659
591,7663
592,7663
593,7663
594,7691
595,7711
596,7725
597,7735
598,7743
599,7750
600,7757
601,7761
602,7761
603,7761
604,7789
605,7809
606,7824
607,7835
608,7843
609,7850
610,7857
611,7859
612,7859
613,7859
614,7887
615,7907
616,7922
617,7932
618,7940
619,7947
620,7954
621,7957
622,7957
623,7957
624,7986
625,8006
626,8020
627,8031
628,8039
629,8046
630,8053
631,8055
632,8055
633,8055
634,8084
635,8104
636,8119
637,8129
638,8137
639,8144
640,8151
641,8154
642,8154
643,8154
644,8183
645,8203
646,8218
647,8228
648,8236
649,8243
650,8250
651,8251
652,8251
653,8251
654,8280
655,8300
656,8315
657,8325
658,8333
659,8340
660,8347
661,8348
662,8348
663,8348
664,8377
665,8398
666,8412
667,8422
668,8430
669,8437
670,8444
671,8445
672,8445
673,8445
674,8474
675,8495
676,8509
677,8519
678,8527
679,8535
680,8542
681,8543
682,8543
683,8543
684,8572
685,8593
686,8607
687,8617
688,8625
689,8632
690,8640
691,8640
692,8640
693,8640
694,8670
695,8690
696,8705
697,8715
698,8723
699,8731
700,8738
701,8738
702,8738
703,8738
704,8767
705,8788
706,8803
707,8813
708,8821
709,8829
710,8836
711,8836
712,8836
713,8836
714,8866
715,8887
716,8902
717,8912
718,8920
719,8928
720,8934
721,8934
722,8934
723,8934
724,8964
725,8985
726,8999
727,9009
728,9017
729,9025
730,9032
731,9032
732,9032
733,9032
734,9063
735,9084
736,9098
737,9108
738,9116
739,9124
740,9131
741,9131
742,9131
743,9131
744,9162
745,9183
746,9198
747,9208
748,9216
749,9224
750,9230
751,9230
752,9230
753,9230
754,9261
755,9282
756,9296
757,9306
758,9314
759,9322
760,9329
761,9329
762,9329
763,9329
764,9359
765,9380
766,9395
767,9405
768,9413
769,9421
770,9427
771,9427
772,9427
773,9427
774,9458
775,9479
776,9494
777,9504
778,9512
779,9520
780,9526
781,9526
782,9526
783,9526
784,9557
785,9578
786,9593
787,9603
788,9611
789,9619
790,9624
791,9624
792,9624
793,9624
794,9655
795,9676
796,9691
797,9701
798,9709
799,9717
800,9721
801,9721
802,9721
803,9721
804,9752
805,9773
806,9788
807,9798
808,9806
809,9814
810,9818
811,9818
812,9818
813,9818
814,9849
815,9870
816,9885
817,9895
818,9903
819,9911
820,9916
821,9916
822,9916
823,9916
824,9947
825,9968
826,9983
827,9993
828,10001
829,10009
830,10013
831,10013
832,10013
833,10013
834,10044
835,10065
836,10080
837,10090
838,10098
839,10106
840,10110
841,10110
842,10110
843,10110
844,10143
845,10164
846,10179
847,10189
848,10197
849,10205
850,10209
851,10209
852,10209
853,10209
854,10242
855,10264
856,10278
857,10288
858,10296
859,10304
860,10308
861,10308
862,10308
863,10308
864,10340
865,10362
866,10377
867,10387
868,10395
869,10403
870,10406
871,10406
872,10406
873,10406
874,10439
875,10461
876,10476
877,10486
878,10494
879,10502
880,10505
881,10505
882,10505
883,10505
884,10538
885,10560
886,10574
887,10584
888,10592
889,10600
890,10604
891,10604
892,10604
893,10604
894,10637
895,10659
896,10673
897,10683
898,10692
899,10700
900,10703
901,10703
902,10703
903,10703
904,10736
905,10758
906,10773
907,10783
908,10791
909,10799
910,10802
911,10802
912,10802
913,10802
914,10835
915,10857
916,10871
917,10881
918,10889
919,10897
920,10900
921,10900
922,10900
923,10900
924,10933
925,10955
926,10970
927,10980
928,10989
929,10997
930,10999
931,10999
932,10999
933,10999
934,11032
935,11054
936,11069
937,11079
938,11088
939,11097
940,11097
941,11097
942,11097
943,11097
944,11130
945,11152
946,11167
947,11177
948,11186
949,11194
950,11196
951,11196
952,11196
953,11196
954,11229
955,11251
956,11266
957,11276
958,11285
959,11294
960,11295
961,11295
962,11295
963,11295
964,11328
965,11350
966,11364
967,11374
968,11383
969,11392
970,11392
971,11392
972,11392
973,11392
974,11425
975,11447
976,11462
977,11472
978,11481
979,11490
980,11490
981,11490
982,11490
983,11490
984,11523
985,11545
986,11560
987,11570
988,11579
989,11588
990,11588
991,11588
992,11588
993,11588
994,11621
995,11643
996,11658
997,11668
998,11677
999,11686
1000,11686
1001,11686
1002,11686
1003,11686
1004,11719
1005,11741
1006,11756
1007,11766
1008,11775
1009,11784
1010,11784
1011,11784
1012,11784
1013,11784
1014,11818
1015,11840
1016,11855
1017,11865
1018,11874
1019,11882
1020,11882
1021,11882
1022,11882
1023,11882
1024,11915
1025,11937
1026,11952
1027,11962
1028,11971
1029,11980
1030,11980
1031,11980
1032,11980
1033,11980
1034,12014
1035,12037
1036,12052
1037,12062
1038,12071
1039,12078
1040,12078
1041,12078
1042,12078
1043,12078
1044,12112
1045,12134
1046,12149
1047,12159
1048,12168
1049,12176
1050,12176
1051,12176
1052,12176
1053,12176
1054,12211
1055,12234
1056,12248
1057,12258
1058,12267
1059,12275
1060,12275
1061,12275
1062,12275
1063,12275
1064,12311
1065,12334
1066,12349
1067,12359
1068,12368
1069,12375
1070,12375
1071,12375
1072,12375
1073,12375
1074,12411
1075,12433
1076,12448
1077,12458
1078,12467
1079,12475
1080,12475
1081,12475
1082,12475
1083,12475
1084,12511
1085,12534
1086,12549
1087,12559
1088,12568
1089,12575
1090,12575
1091,12575
1092,12575
1093,12575
1094,12611
1095,12634
1096,12649
1097,12659
1098,12668
1099,12675
1100,12675
1101,12675
1102,12675
1103,12675
1104,12712
1105,12735
1106,12749
1107,12759
1108,12768
1109,12775
1110,12775
1111,12775
1112,12775
1113,12775
1114,12812
1115,12835
1116,12849
1117,12859
1118,12868
1119,12875
1120,12875
1121,12875
1122,12875
1123,12875
1124,12912
1125,12935
1126,12950
1127,12960
1128,12969
1129,12975
1130,12975
1131,12975
1132,12975
1133,12975
1134,13012
1135,13035
1136,13049
1137,13059
1138,13068
1139,13075
1140,13075
1141,13075
1142,13075
1143,13075
1144,13112
1145,13135
1146,13149
1147,13159
1148,13168
1149,13174
1150,13174
1151,13174
1152,13174
1153,13174
1154,13210
1155,13233
1156,13248
1157,13258
1158,13267
1159,13275
1160,13275
1161,13275
1162,13275
1163,13275
1164,13311
1165,13334
1166,13348
1167,13358
1168,13367
1169,13373
1170,13373
1171,13373
1172,13373
1173,13373
1174,13409
1175,13432
1176,13447
1177,13457
1178,13466
1179,13472
1180,13472
1181,13472
1182,13472
1183,13472
1184,13508
1185,13531
1186,13546
1187,13556
1188,13565
1189,13570
1190,13570
1191,13570
1192,13570
1193,13570
1194,13607
1195,13630
1196,13645
1197,13655
1198,13665
1199,13668
1200,13668
1201,13668
1202,13668
1203,13668
1204,13705
1205,13728
1206,13742
1207,13752
1208,13761
1209,13766
1210,13766
1211,13766
1212,13766
1213,13766
1214,13803
1215,13826
1216,13840
1217,13850
1218,13859
1219,13864
1220,13864
1221,13864
1222,13864
1223,13864
1224,13901
1225,13924
1226,13938
1227,13948
1228,13958
1229,13963
1230,13963
1231,13963
1232,13963
1233,13963
1234,14000
1235,14023
1236,14037
1237,14047
1238,14057
1239,14062
1240,14062
1241,14062
1242,14062
1243,14062
1244,14099
1245,14122
1246,14137
1247,14147
1248,14157
1249,14161
1250,14161
1251,14161
1252,14161
1253,14161
1254,14199
1255,14222
1256,14237
1257,14247
1258,14257
1259,14261
1260,14261
1261,14261
1262,14261
1263,14261
1264,14298
1265,14321
1266,14336
1267,14346
1268,14356
1269,14359
1270,14359
1271,14359
1272,14359
1273,14359
1274,14396
1275,14419
1276,14434
1277,14444
1278,14454
1279,14458
1280,14458
1281,14458
1282,14458
1283,14458
1284,14496
1285,14519
1286,14533
1287,14543
1288,14553
1289,14557
1290,14557
1291,14557
1292,14557
1293,14557
1294,14595
1295,14618
1296,14632
1297,14642
1298,14652
1299,14656
1300,14656
1301,14656
1302,14656
1303,14656
1304,14694
1305,14717
1306,14732
1307,14742
1308,14752
1309,14755
1310,14755
1311,14755
1312,14755
1313,14755
1314,14794
1315,14817
1316,14832
1317,14842
1318,14852
1319,14855
1320,14855
1321,14855
1322,14855
1323,14855
1324,14893
1325,14916
1326,14931
1327,14941
1328,14951
1329,14955
1330,14955
1331,14955
1332,14955
1333,14955
1334,14994
1335,15017
1336,15031
1337,15041
1338,15051
1339,15056
1340,15056
1341,15056
1342,15056
1343,15056
1344,15096
1345,15119
1346,15134
1347,15144
1348,15154
1349,15157
1350,15157
1351,15157
1352,15157
1353,15157
1354,15196
1355,15219
1356,15234
1357,15244
1358,15254
1359,15259
1360,15259
1361,15259
1362,15259
1363,15259
1364,15300
1365,15323
1366,15338
1367,15348
1368,15358
1369,15361
1370,15361
1371,15361
1372,15361
1373,15361
1374,15402
1375,15425
1376,15439
1377,15449
1378,15459
1379,15463
1380,15463
1381,15463
1382,15463
1383,15463
1384,15503
1385,15527
1386,15541
1387,15551
1388,15561
1389,15564
1390,15564
1391,15564
1392,15564
1393,15564
1394,15604
1395,15627
1396,15642
1397,15652
1398,15662
1399,15665
1400,15665
1401,15665
1402,15665
1403,15665
1404,15705
1405,15728
1406,15743
1407,15753
1408,15763
1409,15765
1410,15765
1411,15765
1412,15765
1413,15765
1414,15803
1415,15826
1416,15841
1417,15851
1418,15861
1419,15864
1420,15864
1421,15864
1422,15864
1423,15864
1424,15903
1425,15927
1426,15941
1427,15951
1428,15961
1429,15964
1430,15964
1431,15964
1432,15964
1433,15964
1434,16004
1435,16028
1436,16042
1437,16052
1438,16062
1439,16064
1440,16064
1441,16064
1442,16064
1443,16064
1444,16103
1445,16127
1446,16141
1447,16151
1448,16161
1449,16162
1450,16162
1451,16162
1452,16162
1453,16162
1454,16202
1455,16226
1456,16240
1457,16250
1458,16260
1459,16263
1460,16263
1461,16263
1462,16263
1463,16263
1464,16304
1465,16328
1466,16342
1467,16352
1468,16362
1469,16364
1470,16364
1471,16364
1472,16364
1473,16364
1474,16406
1475,16429
1476,16444
1477,16454
1478,16464
1479,16466
1480,16466
1481,16466
1482,16466
1483,16466
1484,16508
1485,16531
1486,16545
1487,16555
1488,16565
1489,16567
1490,16567
1491,16567
1492,16567
1493,16567
1494,16609
1495,16633
1496,16647
1497,16657
1498,16667
1499,16668
1500,16668
1501,16668
1502,16668
1503,16668
1504,16709
1505,16732
1506,16746
1507,16756
1508,16767
1509,16769
1510,16769
1511,16769
1512,16769
1513,16769
1514,16809
1515,16833
1516,16847
1517,16858
1518,16869
1519,16869
1520,16869
1521,16869
1522,16869
1523,16869
1524,16909
1525,16933
1526,16947
1527,16958
1528,16968
1529,16968
1530,16968
1531,16968
1532,16968
1533,16968
1534,17008
1535,17031
1536,17045
1537,17056
1538,17066
1539,17067
1540,17067
1541,17067
1542,17067
1543,17067
1544,17107
1545,17131
1546,17145
1547,17156
1548,17167
1549,17167
1550,17167
1551,17167
1552,17167
1553,17167
1554,17207
1555,17231
1556,17245
1557,17256
1558,17266
1559,17266
1560,17266
1561,17266
1562,17266
1563,17266
1564,17306
1565,17330
1566,17344
1567,17355
1568,17365
1569,17365
1570,17365
1571,17365
1572,17365
1573,17365
1574,17406
1575,17430
1576,17444
1577,17455
1578,17464
1579,17464
1580,17464
1581,17464
1582,17464
1583,17464
1584,17506
1585,17529
1586,17543
1587,17554
1588,17564
1589,17564
1590,17564
1591,17564
1592,17564
1593,17564
1594,17603
1595,17627
1596,17641
1597,17652
1598,17662
1599,17662
1600,17662
1601,17662
1602,17662
1603,17662
1604,17701
1605,17725
1606,17739
1607,17749
1608,17759
1609,17761
1610,17761
1611,17761
1612,17761
1613,17761
1614,17801
1615,17825
1616,17839
1617,17849
1618,17859
1619,17859
1620,17859
1621,17859
1622,17859
1623,17859
1624,17899
1625,17922
1626,17936
1627,17946
1628,17956
1629,17958
1630,17958
1631,17958
1632,17958
1633,17958
1634,17998
1635,18021
1636,18035
1637,18045
1638,18055
1639,18057
1640,18057
1641,18057
1642,18057
1643,18057
1644,18097
1645,18121
1646,18135
1647,18145
1648,18155
1649,18157
1650,18157
1651,18157
1652,18157
1653,18157
1654,18197
1655,18220
1656,18235
1657,18246
1658,18256
1659,18257
1660,18257
1661,18257
1662,18257
1663,18257
1664,18297
1665,18320
1666,18334
1667,18344
1668,18354
1669,18357
1670,18357
1671,18357
1672,18357
1673,18357
1674,18398
1675,18421
1676,18435
1677,18445
1678,18455
1679,18457
1680,18457
1681,18457
1682,18457
1683,18457
1684,18497
1685,18520
1686,18535
1687,18545
1688,18555
1689,18558
1690,18558
1691,18558
1692,18558
1693,18558
1694,18598
1695,18621
1696,18636
1697,18646
1698,18656
1699,18658
1700,18658
1701,18658
1702,18658
1703,18658
1704,18698
1705,18721
1706,18736
1707,18746
1708,18756
1709,18758
1710,18758
1711,18758
1712,18758
1713,18758
1714,18797
1715,18820
1716,18835
1717,18845
1718,18855
1719,18857
1720,18857
1721,18857
1722,18857
1723,18857
1724,18896
1725,18920
1726,18934
1727,18944
1728,18954
1729,18957
1730,18957
1731,18957
1732,18957
1733,18957
1734,18997
1735,19021
1736,19035
1737,19045
1738,19055
1739,19057
1740,19057
1741,19057
1742,19057
1743,19057
1744,19096
1745,19119
1746,19134
1747,19144
1748,19154
1749,19157
1750,19157
1751,19157
1752,19157
1753,19157
1754,19197
1755,19220
1756,19235
1757,19245
1758,19255
1759,19257
1760,19257
1761,19257
1762,19257
1763,19257
1764,19296
1765,19320
1766,19334
1767,19344
1768,19354
1769,19356
1770,19356
1771,19356
1772,19356
1773,19356
1774,19395
1775,19418
1776,19433
1777,19443
1778,19453
1779,19455
1780,19455
1781,19455
1782,19455
1783,19455
1784,19494
1785,19517
1786,19532
1787,19542
1788,19552
1789,19554
1790,19554
1791,19554
1792,19554
1793,19554
1794,19593
1795,19616
1796,19631
1797,19641
1798,19651
1799,19654
1800,19654
1801,19654
1802,19654
1803,19654
1804,19693
1805,19717
1806,19731
1807,19741
1808,19751
1809,19754
1810,19754
1811,19754
1812,19754
1813,19754
1814,19793
1815,19817
1816,19832
1817,19842
1818,19852
1819,19854
1820,19854
1821,19854
1822,19854
1823,19854
1824,19894
1825,19918
1826,19932
1827,19942
1828,19952
1829,19954
1830,19954
1831,19954
1832,19954
1833,19954
1834,19993
1835,20016
1836,20031
1837,20041
1838,20051
1839,20054
1840,20054
1841,20054
1842,20054
1843,20054
1844,20094
1845,20117
1846,20131
1847,20141
1848,20151
1849,20154
1850,20154
1851,20154
1852,20154
1853,20154
1854,20194
1855,20218
1856,20232
1857,20242
1858,20252
1859,20256
1860,20256
1861,20256
1862,20256
1863,20256
1864,20297
1865,20321
1866,20335
1867,20345
1868,20355
1869,20357
1870,20357
1871,20357
1872,20357
1873,20357
1874,20398
1875,20422
1876,20436
1877,20446
1878,20456
1879,20458
1880,20458
1881,20458
1882,20458
1883,20458
1884,20498
1885,20522
1886,20536
1887,20546
1888,20556
1889,20559
1890,20559
1891,20559
1892,20559
1893,20559
1894,20600
1895,20624
1896,20639
1897,20649
1898,20659
1899,20660
1900,20660
1901,20660
1902,20660
1903,20660
1904,20700
1905,20724
1906,20738
1907,20748
1908,20758
1909,20760
1910,20760
1911,20760
1912,20760
1913,20760
1914,20800
1915,20824
1916,20838
1917,20848
1918,20858
1919,20860
1920,20860
1921,20860
1922,20860
1923,20860
1924,20900
1925,20924
1926,20938
1927,20948
1928,20958
1929,20961
1930,20961
1931,20961
1932,20961
1933,20961
1934,21001
1935,21025
1936,21039
1937,21049
1938,21059
1939,21061
1940,21061
1941,21061
1942,21061
1943,21061
1944,21101
1945,21125
1946,21139
1947,21149
1948,21159
1949,21162
1950,21162
1951,21162
1952,21162
1953,21162
1954,21203
1955,21227
1956,21241
1957,21251
1958,21261
1959,21263
1960,21263
1961,21263
1962,21263
1963,21263
1964,21304
1965,21328
1966,21342
1967,21352
1968,21362
1969,21364
1970,21364
1971,21364
1972,21364
1973,21364
1974,21404
1975,21428
1976,21442
1977,21452
1978,21462
1979,21465
1980,21465
1981,21465
1982,21465
1983,21465
1984,21505
1985,21529
1986,21543
1987,21553
1988,21563
1989,21564
1990,21564
1991,21564
1992,21564
1993,21564
1994,21604
1995,21628
1996,21642
1997,21652
1998,21662
1999,21665
2000,21665
2001,21665
2002,21665
2003,21665
2004,21706
2005,21730
2006,21745
2007,21755
2008,21765
2009,21767
2010,21767
2011,21767
2012,21767
2013,21767
2014,21808
2015,21832
2016,21846
2017,21856
2018,21866
2019,21868
2020,21868
2021,21868
2022,21868
2023,21868
2024,21907
2025,21931
2026,21946
2027,21956
2028,21966
2029,21967
2030,21967
2031,21967
2032,21967
2033,21967
2034,22007
2035,22030
2036,22044
2037,22055
2038,22065
2039,22067
2040,22067
2041,22067
2042,22067
2043,22067
2044,22107
2045,22131
2046,22145
2047,22155
2048,22165
2049,22167
2050,22167
2051,22167
2052,22167
2053,22167
2054,22206
2055,22230
2056,22245
2057,22255
2058,22265
2059,22267
2060,22267
2061,22267
2062,22267
2063,22267
2064,22306
2065,22330
2066,22344
2067,22354
2068,22364
2069,22367
2070,22367
2071,22367
2072,22367
2073,22367
2074,22406
2075,22429
2076,22444
2077,22454
2078,22464
2079,22466
2080,22466
2081,22466
2082,22466
2083,22466
2084,22506
2085,22529
2086,22543
2087,22553
2088,22563
2089,22566
2090,22566
2091,22566
2092,22566
2093,22566
2094,22606
2095,22630
2096,22644
2097,22654
2098,22664
2099,22667
2100,22667
2101,22667
2102,22667
2103,22667
2104,22707
2105,22731
2106,22745
2107,22755
2108,22765
2109,22768
2110,22768
2111,22768
2112,22768
2113,22768
2114,22809
2115,22832
2116,22847
2117,22857
2118,22867
2119,22868
2120,22868
2121,22868
2122,22868
2123,22868
2124,22907
2125,22931
2126,22946
2127,22957
2128,22967
2129,22969
2130,22969
2131,22969
2132,22969
2133,22969
2134,23009
2135,23033
2136,23047
2137,23057
2138,23067
2139,23069
2140,23069
2141,23069
2142,23069
2143,23069
2144,23110
2145,23133
2146,23147
2147,23157
2148,23167
2149,23170
2150,23170
2151,23170
2152,23170
2153,23170
2154,23210
2155,23234
2156,23248
2157,23258
2158,23268
2159,23270
2160,23270
2161,23270
2162,23270
2163,23270
2164,23310
2165,23334
2166,23348
2167,23359
2168,23369
2169,23370
2170,23370
2171,23370
2172,23370
2173,23370
2174,23411
2175,23435
2176,23449
2177,23459
2178,23469
2179,23471
2180,23471
2181,23471
2182,23471
2183,23471
2184,23511
2185,23535
2186,23549
2187,23560
2188,23570
2189,23571
2190,23571
2191,23571
2192,23571
2193,23571
2194,23611
2195,23635
2196,23649
2197,23660
2198,23670
2199,23671
2200,23671
2201,23671
2202,23671
2203,23671
2204,23711
2205,23735
2206,23749
2207,23760
2208,23770
2209,23770
2210,23770
2211,23770
2212,23770
2213,23770
2214,23811
2215,23835
2216,23849
2217,23859
2218,23869
2219,23871
2220,23871
2221,23871
2222,23871
2223,23871
2224,23912
2225,23936
2226,23950
2227,23960
2228,23970
2229,23971
2230,23971
2231,23971
2232,23971
2233,23971
2234,24012
2235,24036
2236,24050
2237,24061
2238,24071
2239,24071
2240,24071
2241,24071
2242,24071
2243,24071
2244,24112
2245,24136
2246,24150
2247,24160
2248,24170
2249,24171
2250,24171
2251,24171
2252,24171
2253,24171
2254,24212
2255,24236
2256,24250
2257,24261
2258,24271
2259,24271
2260,24271
2261,24271
2262,24271
2263,24271
2264,24312
2265,24336
2266,24350
2267,24360
2268,24370
2269,24372
2270,24372
2271,24372
2272,24372
2273,24372
2274,24413
2275,24436
2276,24451
2277,24462
2278,24472
2279,24472
2280,24472
2281,24472
2282,24472
2283,24472
2284,24513
2285,24537
2286,24551
2287,24561
2288,24572
2289,24573
2290,24573
2291,24573
2292,24573
2293,24573
2294,24614
2295,24638
2296,24652
2297,24663
2298,24673
2299,24673
2300,24673
2301,24673
2302,24673
2303,24673
2304,24714
2305,24738
2306,24753
2307,24764
2308,24774
2309,24774
2310,24774
2311,24774
2312,24774
2313,24774
2314,24815
2315,24839
2316,24853
2317,24864
2318,24875
2319,24875
2320,24875
2321,24875
2322,24875
2323,24875
2324,24917
2325,24941
2326,24955
2327,24966
2328,24977
2329,24977
2330,24977
2331,24977
2332,24977
2333,24977
2334,25019
2335,25043
2336,25057
2337,25068
2338,25078
2339,25078
2340,25078
2341,25078
2342,25078
2343,25078
2344,25119
2345,25143
2346,25157
2347,25168
2348,25178
2349,25178
2350,25178
2351,25178
2352,25178
2353,25178
2354,25219
2355,25243
2356,25257
2357,25268
2358,25278
2359,25278
2360,25278
2361,25278
2362,25278
2363,25278
2364,25318
2365,25342
2366,25356
2367,25366
2368,25376
2369,25377
2370,25377
2371,25377
2372,25377
2373,25377
2374,25418
2375,25442
2376,25456
2377,25467
2378,25478
2379,25478
2380,25478
2381,25478
2382,25478
2383,25478
2384,25518
2385,25542
2386,25556
2387,25567
2388,25577
2389,25577
2390,25577
2391,25577
2392,25577
2393,25577
2394,25617
2395,25641
2396,25656
2397,25667
2398,25677
2399,25677
2400,25677
2401,25677
2402,25677
2403,25677
2404,25717
2405,25741
2406,25755
2407,25766
2408,25776
2409,25776
2410,25776
2411,25776
2412,25776
2413,25776
2414,25816
2415,25840
2416,25854
2417,25865
2418,25875
2419,25875
2420,25875
2421,25875
2422,25875
2423,25875
2424,25915
2425,25939
2426,25953
2427,25964
2428,25974
2429,25975
2430,25975
2431,25975
2432,25975
2433,25975
2434,26016
2435,26040
2436,26054
2437,26065
2438,26075
2439,26075
2440,26075
2441,26075
2442,26075
2443,26075
2444,26116
2445,26140
2446,26154
2447,26165
2448,26175
2449,26175
2450,26175
2451,26175
2452,26175
2453,26175
2454,26216
2455,26240
2456,26254
2457,26265
2458,26276
2459,26277
2460,26277
2461,26277
2462,26277
2463,26277
2464,26319
2465,26343
2466,26357
2467,26368
2468,26378
2469,26378
2470,26378
2471,26378
2472,26378
2473,26378
2474,26419
2475,26443
2476,26457
2477,26468
2478,26479
2479,26479
2480,26479
2481,26479
2482,26479
2483,26479
2484,26521
2485,26545
2486,26559
2487,26570
2488,26581
2489,26581
2490,26581
2491,26581
2492,26581
2493,26581
2494,26623
2495,26647
2496,26661
2497,26672
2498,26683
2499,26683
2500,26683
2501,26683
2502,26683
2503,26683
2504,26726
2505,26750
2506,26765
2507,26776
2508,26785
2509,26785
2510,26785
2511,26785
2512,26785
2513,26785
2514,26827
2515,26851
2516,26865
2517,26876
2518,26887
2519,26887
2520,26887
2521,26887
2522,26887
2523,26887
2524,26931
2525,26955
2526,26969
2527,26980
2528,26990
2529,26990
2530,26990
2531,26990
2532,26990
2533,26990
2534,27032
2535,27056
2536,27070
2537,27081
2538,27091
2539,27091
2540,27091
2541,27091
2542,27091
2543,27091
2544,27134
2545,27158
2546,27172
2547,27183
2548,27193
2549,27193
2550,27193
2551,27193
2552,27193
2553,27193
2554,27236
2555,27260
2556,27274
2557,27285
2558,27295
2559,27295
2560,27295
2561,27295
2562,27295
2563,27295
2564,27338
2565,27362
2566,27376
2567,27387
2568,27398
2569,27398
2570,27398
2571,27398
2572,27398
2573,27398
2574,27442
2575,27466
2576,27480
2577,27491
2578,27501
2579,27501
2580,27501
2581,27501
2582,27501
2583,27501
2584,27544
2585,27568
2586,27582
2587,27593
2588,27603
2589,27603
2590,27603
2591,27603
2592,27603
2593,27603
2594,27645
2595,27669
2596,27683
2597,27694
2598,27705
2599,27705
2600,27705
2601,27705
2602,27705
2603,27705
2604,27748
2605,27772
2606,27786
2607,27797
2608,27807
2609,27807
2610,27807
2611,27807
2612,27807
2613,27807
2614,27849
2615,27873
2616,27887
2617,27898
2618,27909
2619,27909
2620,27909
2621,27909
2622,27909
2623,27909
2624,27951
2625,27975
2626,27989
2627,28000
2628,28010
2629,28010
2630,28010
2631,28010
2632,28010
2633,28010
2634,28051
2635,28075
2636,28090
2637,28101
2638,28111
2639,28111
2640,28111
2641,28111
2642,28111
2643,28111
2644,28153
2645,28177
2646,28191
2647,28202
2648,28212
2649,28212
2650,28212
2651,28212
2652,28212
2653,28212
2654,28256
2655,28280
2656,28294
2657,28305
2658,28315
2659,28315
2660,28315
2661,28315
2662,28315
2663,28315
2664,28357
2665,28381
2666,28395
2667,28406
2668,28416
2669,28416
2670,28416
2671,28416
2672,28416
2673,28416
2674,28459
2675,28483
2676,28497
2677,28508
2678,28519
2679,28519
2680,28519
2681,28519
2682,28519
2683,28519
2684,28562
2685,28586
2686,28600
2687,28611
2688,28621
2689,28621
2690,28621
2691,28621
2692,28621
2693,28621
2694,28664
2695,28688
2696,28702
2697,28713
2698,28723
2699,28723
2700,28723
2701,28723
2702,28723
2703,28723
2704,28766
2705,28790
2706,28804
2707,28815
2708,28826
2709,28826
2710,28826
2711,28826
2712,28826
2713,28826
2714,28869
2715,28893
2716,28907
2717,28918
2718,28928
2719,28928
2720,28928
2721,28928
2722,28928
2723,28928
2724,28970
2725,28995
2726,29009
2727,29020
2728,29030
2729,29030
2730,29030
2731,29030
2732,29030
2733,29030
2734,29073
2735,29097
2736,29111
2737,29122
2738,29132
2739,29132
2740,29132
2741,29132
2742,29132
2743,29132
2744,29174
2745,29198
2746,29212
2747,29223
2748,29233
2749,29233
2750,29233
2751,29233
2752,29233
2753,29233
2754,29275
2755,29299
2756,29313
2757,29324
2758,29334
2759,29334
2760,29334
2761,29334
2762,29334
2763,29334
2764,29377
2765,29401
2766,29415
2767,29426
2768,29436
2769,29436
2770,29436
2771,29436
2772,29436
2773,29436
2774,29479
2775,29503
2776,29518
2777,29529
2778,29538
2779,29538
2780,29538
2781,29538
2782,29538
2783,29538
2784,29581
2785,29605
2786,29619
2787,29630
2788,29641
2789,29641
2790,29641
2791,29641
2792,29641
2793,29641
2794,29684
2795,29708
2796,29722
2797,29733
2798,29744
2799,29745
2800,29745
2801,29745
2802,29745
2803,29745
2804,29788
2805,29812
2806,29826
2807,29837
2808,29848
2809,29849
2810,29849
2811,29849
2812,29849
2813,29849
2814,29892
2815,29916
2816,29930
2817,29941
2818,29952
2819,29952
2820,29952
2821,29952
2822,29952
2823,29952
2824,29995
2825,30019
2826,30033
2827,30044
2828,30054
2829,30054
2830,30054
2831,30054
2832,30054
2833,30054
2834,30097
2835,30121
2836,30135
2837,30146
2838,30156
2839,30156
2840,30156
2841,30156
2842,30156
2843,30156
2844,30199
2845,30223
2846,30237
2847,30248
2848,30259
2849,30259
2850,30259
2851,30259
2852,30259
2853,30259
2854,30302
2855,30326
2856,30340
2857,30351
2858,30362
2859,30362
2860,30362
2861,30362
2862,30362
2863,30362
2864,30405
2865,30429
2866,30443
2867,30454
2868,30464
2869,30464
2870,30464
2871,30464
2872,30464
2873,30464
2874,30507
2875,30531
2876,30546
2877,30557
2878,30566
2879,30566
2880,30566
2881,30566
2882,30566
2883,30566
2884,30609
2885,30633
2886,30647
2887,30658
2888,30668
2889,30668
2890,30668
2891,30668
2892,30668
2893,30668
2894,30711
2895,30735
2896,30749
2897,30760
2898,30770
2899,30770
2900,30770
2901,30770
2902,30770
2903,30770
2904,30812
2905,30836
2906,30850
2907,30861
2908,30871
2909,30871
2910,30871
2911,30871
2912,30871
2913,30871
2914,30914
2915,30938
2916,30952
2917,30963
2918,30972
2919,30972
2920,30972
2921,30972
2922,30972
2923,30972
2924,31014
2925,31038
2926,31053
2927,31064
2928,31073
2929,31073
2930,31073
2931,31073
2932,31073
2933,31073
2934,31115
2935,31139
2936,31153
2937,31164
2938,31174
2939,31174
2940,31174
2941,31174
2942,31174
2943,31174
2944,31215
2945,31239
2946,31254
2947,31265
2948,31274
2949,31274
2950,31274
2951,31274
2952,31274
2953,31274
2954,31317
2955,31341
2956,31355
2957,31366
2958,31375
2959,31375
2960,31375
2961,31375
2962,31375
2963,31375
2964,31417
2965,31441
2966,31455
2967,31466
2968,31475
2969,31475
2970,31475
2971,31475
2972,31475
2973,31475
2974,31517
2975,31541
2976,31556
2977,31567
2978,31575
2979,31575
2980,31575
2981,31575
2982,31575
2983,31575
2984,31618
2985,31642
2986,31656
2987,31667
2988,31676
2989,31676
2990,31676
2991,31676
2992,31676
2993,31676
2994,31718
2995,31743
2996,31757
2997,31768
2998,31778
2999,31778
3000,31778
3001,31778
3002,31778
3003,31778
3004,31821
3005,31846
3006,31860
3007,31871
3008,31879
3009,31879
3010,31879
3011,31879
3012,31879
3013,31879
3014,31922
3015,31946
3016,31960
3017,31971
3018,31981
3019,31981
3020,31981
3021,31981
3022,31981
3023,31981
3024,32025
3025,32049
3026,32063
3027,32074
3028,32082
3029,32082
3030,32082
3031,32082
3032,32082
3033,32082
3034,32125
3035,32149
3036,32163
3037,32174
3038,32182
3039,32182
3040,32182
3041,32182
3042,32182
3043,32182
3044,32225
3045,32250
3046,32264
3047,32276
3048,32284
3049,32284
3050,32284
3051,32284
3052,32284
3053,32284
3054,32328
3055,32352
3056,32366
3057,32378
3058,32386
3059,32386
3060,32386
3061,32386
3062,32386
3063,32386
3064,32430
3065,32454
3066,32469
3067,32480
3068,32488
3069,32488
3070,32488
3071,32488
3072,32488
3073,32488
3074,32531
3075,32556
3076,32570
3077,32582
3078,32590
3079,32590
3080,32590
3081,32590
3082,32590
3083,32590
3084,32634
3085,32659
3086,32673
3087,32685
3088,32691
3089,32691
3090,32691
3091,32691
3092,32691
3093,32691
3094,32735
3095,32759
3096,32773
3097,32785
3098,32793
3099,32793
3100,32793
3101,32793
3102,32793
3103,32793
3104,32837
3105,32862
3106,32876
3107,32888
3108,32894
3109,32894
3110,32894
3111,32894
3112,32894
3113,32894
3114,32939
3115,32963
3116,32977
3117,32989
3118,32996
3119,32996
3120,32996
3121,32996
3122,32996
3123,32996
3124,33040
3125,33064
3126,33078
3127,33090
3128,33097
3129,33097
3130,33097
3131,33097
3132,33097
3133,33097
3134,33140
3135,33165
3136,33180
3137,33192
3138,33198
3139,33198
3140,33198
3141,33198
3142,33198
3143,33198
3144,33242
3145,33266
3146,33281
3147,33293
3148,33299
3149,33299
3150,33299
3151,33299
3152,33299
3153,33299
3154,33343
3155,33368
3156,33382
3157,33394
3158,33400
3159,33400
3160,33400
3161,33400
3162,33400
3163,33400
3164,33444
3165,33468
3166,33483
3167,33495
3168,33502
3169,33502
3170,33502
3171,33502
3172,33502
3173,33502
3174,33546
3175,33571
3176,33585
3177,33597
3178,33603
3179,33603
3180,33603
3181,33603
3182,33603
3183,33603
3184,33647
3185,33671
3186,33686
3187,33698
3188,33704
3189,33704
3190,33704
3191,33704
3192,33704
3193,33704
3194,33748
3195,33772
3196,33787
3197,33799
3198,33805
3199,33805
3200,33805
3201,33805
3202,33805
3203,33805
3204,33850
3205,33874
3206,33888
3207,33900
3208,33906
3209,33906
3210,33906
3211,33906
3212,33906
3213,33906
3214,33949
3215,33974
3216,33988
3217,34000
3218,34006
3219,34006
3220,34006
3221,34006
3222,34006
3223,34006
3224,34050
3225,34075
3226,34089
3227,34101
3228,34106
3229,34106
3230,34106
3231,34106
3232,34106
3233,34106
3234,34149
3235,34174
3236,34188
3237,34200
3238,34206
3239,34206
3240,34206
3241,34206
3242,34206
3243,34206
3244,34250
3245,34274
3246,34288
3247,34300
3248,34306
3249,34306
3250,34306
3251,34306
3252,34306
3253,34306
3254,34350
3255,34375
3256,34389
3257,34401
3258,34407
3259,34407
3260,34407
3261,34407
3262,34407
3263,34407
3264,34452
3265,34476
3266,34491
3267,34503
3268,34508
3269,34508
3270,34508
3271,34508
3272,34508
3273,34508
3274,34553
3275,34578
3276,34593
3277,34605
3278,34611
3279,34611
3280,34611
3281,34611
3282,34611
3283,34611
3284,34657
3285,34682
3286,34696
3287,34708
3288,34714
3289,34714
3290,34714
3291,34714
3292,34714
3293,34714
3294,34759
3295,34784
3296,34799
3297,34811
3298,34816
3299,34816
3300,34816
3301,34816
3302,34816
3303,34816
3304,34862
3305,34886
3306,34900
3307,34912
3308,34918
3309,34918
3310,34918
3311,34918
3312,34918
3313,34918
3314,34964
3315,34989
3316,35004
3317,35016
3318,35020
3319,35020
3320,35020
3321,35020
3322,35020
3323,35020
3324,35066
3325,35091
3326,35105
3327,35117
3328,35122
3329,35122
3330,35122
3331,35122
3332,35122
3333,35122
3334,35168
3335,35193
3336,35207
3337,35219
3338,35224
3339,35224
3340,35224
3341,35224
3342,35224
3343,35224
3344,35270
3345,35295
3346,35309
3347,35321
3348,35327
3349,35327
3350,35327
3351,35327
3352,35327
3353,35327
3354,35375
3355,35400
3356,35414
3357,35426
3358,35431
3359,35431
3360,35431
3361,35431
3362,35431
3363,35431
3364,35478
3365,35503
3366,35517
3367,35529
3368,35534
3369,35534
3370,35534
3371,35534
3372,35534
3373,35534
3374,35582
3375,35607
3376,35621
3377,35633
3378,35638
3379,35638
3380,35638
3381,35638
3382,35638
3383,35638
3384,35685
3385,35710
3386,35724
3387,35736
3388,35740
3389,35740
3390,35740
3391,35740
3392,35740
3393,35740
3394,35787
3395,35812
3396,35826
3397,35838
3398,35842
3399,35842
3400,35842
3401,35842
3402,35842
3403,35842
3404,35888
3405,35912
3406,35926
3407,35938
3408,35942
3409,35942
3410,35942
3411,35942
3412,35942
3413,35942
3414,35988
3415,36012
3416,36026
3417,36038
3418,36043
3419,36043
3420,36043
3421,36043
3422,36043
3423,36043
3424,36089
3425,36114
3426,36128
3427,36140
3428,36145
3429,36145
3430,36145
3431,36145
3432,36145
3433,36145
3434,36192
3435,36217
3436,36231
3437,36243
3438,36247
3439,36247
3440,36247
3441,36247
3442,36247
3443,36247
3444,36293
3445,36318
3446,36332
3447,36344
3448,36349
3449,36349
3450,36349
3451,36349
3452,36349
3453,36349
3454,36396
3455,36421
3456,36435
3457,36447
3458,36451
3459,36451
3460,36451
3461,36451
3462,36451
3463,36451
3464,36498
3465,36523
3466,36537
3467,36549
3468,36553
3469,36553
3470,36553
3471,36553
3472,36553
3473,36553
3474,36599
3475,36624
3476,36638
3477,36650
3478,36655
3479,36655
3480,36655
3481,36655
3482,36655
3483,36655
3484,36702
3485,36727
3486,36741
3487,36753
3488,36756
3489,36756
3490,36756
3491,36756
3492,36756
3493,36756
3494,36802
3495,36827
3496,36841
3497,36853
3498,36857
3499,36857
3500,36857
3501,36857
3502,36857
3503,36857
3504,36903
3505,36928
3506,36942
3507,36954
3508,36958
3509,36958
3510,36958
3511,36958
3512,36958
3513,36958
3514,37004
3515,37029
3516,37043
3517,37055
3518,37059
3519,37059
3520,37059
3521,37059
3522,37059
3523,37059
3524,37106
3525,37131
3526,37145
3527,37157
3528,37161
3529,37161
3530,37161
3531,37161
3532,37161
3533,37161
3534,37207
3535,37232
3536,37246
3537,37258
3538,37262
3539,37262
3540,37262
3541,37262
3542,37262
3543,37262
3544,37309
3545,37334
3546,37348
3547,37360
3548,37363
3549,37363
3550,37363
3551,37363
3552,37363
3553,37363
3554,37409
3555,37434
3556,37448
3557,37460
3558,37464
3559,37464
3560,37464
3561,37464
3562,37464
3563,37464
3564,37510
3565,37535
3566,37549
3567,37562
3568,37564
3569,37564
3570,37564
3571,37564
3572,37564
3573,37564
3574,37611
3575,37636
3576,37650
3577,37663
3578,37665
3579,37665
3580,37665
3581,37665
3582,37665
3583,37665
3584,37712
3585,37737
3586,37751
3587,37764
3588,37767
3589,37767
3590,37767
3591,37767
3592,37767
3593,37767
3594,37815
3595,37840
3596,37854
3597,37866
3598,37869
3599,37869
3600,37869
3601,37869
3602,37869
3603,37869
3604,37917
3605,37942
3606,37956
3607,37969
3608,37972
3609,37972
3610,37972
3611,37972
3612,37972
3613,37972
3614,38021
3615,38046
3616,38060
3617,38073
3618,38075
3619,38075
3620,38075
3621,38075
3622,38075
3623,38075
3624,38123
3625,38148
3626,38162
3627,38175
3628,38178
3629,38178
3630,38178
3631,38178
3632,38178
3633,38178
3634,38228
3635,38253
3636,38267
3637,38280
3638,38282
3639,38282
3640,38282
3641,38282
3642,38282
3643,38282
3644,38332
3645,38357
3646,38371
3647,38384
3648,38386
3649,38386
3650,38386
3651,38386
3652,38386
3653,38386
3654,38436
3655,38461
3656,38475
3657,38488
3658,38491
3659,38491
3660,38491
3661,38491
3662,38491
3663,38491
3664,38540
3665,38565
3666,38579
3667,38592
3668,38595
3669,38595
3670,38595
3671,38595
3672,38595
3673,38595
3674,38645
3675,38670
3676,38684
3677,38697
3678,38699
3679,38699
3680,38699
3681,38699
3682,38699
3683,38699
3684,38750
3685,38775
3686,38789
3687,38802
3688,38804
3689,38804
3690,38804
3691,38804
3692,38804
3693,38804
3694,38856
3695,38881
3696,38895
3697,38908
3698,38910
3699,38910
3700,38910
3701,38910
3702,38910
3703,38910
3704,38962
3705,38987
3706,39001
3707,39014
3708,39015
3709,39015
3710,39015
3711,39015
3712,39015
3713,39015
3714,39066
3715,39091
3716,39105
3717,39118
3718,39120
3719,39120
3720,39120
3721,39120
3722,39120
3723,39120
3724,39170
3725,39195
3726,39209
3727,39222
3728,39224
3729,39224
3730,39224
3731,39224
3732,39224
3733,39224
3734,39274
3735,39299
3736,39313
3737,39326
3738,39328
3739,39328
3740,39328
3741,39328
3742,39328
3743,39328
3744,39378
3745,39403
3746,39417
3747,39430
3748,39431
3749,39431
3750,39431
3751,39431
3752,39431
3753,39431
3754,39480
3755,39505
3756,39519
3757,39532
3758,39533
3759,39533
3760,39533
3761,39533
3762,39533
3763,39533
3764,39583
3765,39608
3766,39622
3767,39635
3768,39637
3769,39637
3770,39637
3771,39637
3772,39637
3773,39637
3774,39688
3775,39713
3776,39727
3777,39740
3778,39742
3779,39742
3780,39742
3781,39742
3782,39742
3783,39742
3784,39793
3785,39818
3786,39832
3787,39845
3788,39848
3789,39848
3790,39848
3791,39848
3792,39848
3793,39848
3794,39899
3795,39924
3796,39938
3797,39951
3798,39952
3799,39952
3800,39952
3801,39952
3802,39952
3803,39952
3804,40003
3805,40028
3806,40042
3807,40055
3808,40056
3809,40056
3810,40056
3811,40056
3812,40056
3813,40056
3814,40107
3815,40132
3816,40146
3817,40159
3818,40162
3819,40162
3820,40162
3821,40162
3822,40162
3823,40162
3824,40214
3825,40239
3826,40253
3827,40266
3828,40267
3829,40267
3830,40267
3831,40267
3832,40267
3833,40267
3834,40319
3835,40344
3836,40359
3837,40372
3838,40373
3839,40373
3840,40373
3841,40373
3842,40373
3843,40373
3844,40425
3845,40450
3846,40464
3847,40477
3848,40478
3849,40478
3850,40478
3851,40478
3852,40478
3853,40478
3854,40531
3855,40556
3856,40570
3857,40583
3858,40584
3859,40584
3860,40584
3861,40584
3862,40584
3863,40584
3864,40637
3865,40662
3866,40676
3867,40689
3868,40689
3869,40689
3870,40689
3871,40689
3872,40689
3873,40689
3874,40741
3875,40766
3876,40780
3877,40793
3878,40794
3879,40794
3880,40794
3881,40794
3882,40794
3883,40794
3884,40846
3885,40871
3886,40885
3887,40898
3888,40898
3889,40898
3890,40898
3891,40898
3892,40898
3893,40898
3894,40949
3895,40974
3896,40988
3897,41001
3898,41002
3899,41002
3900,41002
3901,41002
3902,41002
3903,41002
3904,41054
3905,41079
3906,41093
3907,41106
3908,41106
3909,41106
3910,41106
3911,41106
3912,41106
3913,41106
3914,41159
3915,41184
3916,41198
3917,41211
3918,41211
3919,41211
3920,41211
3921,41211
3922,41211
3923,41211
3924,41262
3925,41287
3926,41301
3927,41314
3928,41316
3929,41316
3930,41316
3931,41316
3932,41316
3933,41316
3934,41368
3935,41393
3936,41407
3937,41420
3938,41421
3939,41421
3940,41421
3941,41421
3942,41421
3943,41421
3944,41471
3945,41496
3946,41511
3947,41524
3948,41525
3949,41525
3950,41525
3951,41525
3952,41525
3953,41525
3954,41577
3955,41602
3956,41616
3957,41629
3958,41629
3959,41629
3960,41629
3961,41629
3962,41629
3963,41629
3964,41680
3965,41705
3966,41719
3967,41732
3968,41735
3969,41735
3970,41735
3971,41735
3972,41735
3973,41735
3974,41786
3975,41811
3976,41825
3977,41838
3978,41840
3979,41840
3980,41840
3981,41840
3982,41840
3983,41840
3984,41892
3985,41918
3986,41932
3987,41945
3988,41946
3989,41946
3990,41946
3991,41946
3992,41946
3993,41946
3994,41996
3995,42021
3996,42035
3997,42048
3998,42050
3999,42050
4000,42050
4001,42050
4002,42050
4003,42050
4004,42100
4005,42125
4006,42139
4007,42152
4008,42154
4009,42154
4010,42154
4011,42154
4012,42154
4013,42154
4014,42204
4015,42229
4016,42243
4017,42256
4018,42258
4019,42258
4020,42258
4021,42258
4022,42258
4023,42258
4024,42308
4025,42333
4026,42347
4027,42360
4028,42363
4029,42363
4030,42363
4031,42363
4032,42363
4033,42363
4034,42414
4035,42439
4036,42454
4037,42467
4038,42468
4039,42468
4040,42468
4041,42468
4042,42468
4043,42468
4044,42518
4045,42543
4046,42557
4047,42570
4048,42571
4049,42571
4050,42571
4051,42571
4052,42571
4053,42571
4054,42622
4055,42647
4056,42661
4057,42674
4058,42675
4059,42675
4060,42675
4061,42675
4062,42675
4063,42675
4064,42725
4065,42750
4066,42764
4067,42777
4068,42779
4069,42779
4070,42779
4071,42779
4072,42779
4073,42779
4074,42829
4075,42854
4076,42868
4077,42881
4078,42883
4079,42883
4080,42883
4081,42883
4082,42883
4083,42883
4084,42933
4085,42958
4086,42972
4087,42985
4088,42987
4089,42987
4090,42987
4091,42987
4092,42987
4093,42987
4094,43037
4095,43062
4096,43077
4097,43090
4098,43091
4099,43091
4100,43091
4101,43091
4102,43091
4103,43091
4104,43141
4105,43166
4106,43180
4107,43193
4108,43194
4109,43194
4110,43194
4111,43194
4112,43194
4113,43194
4114,43244
4115,43269
4116,43283
4117,43296
4118,43296
4119,43296
4120,43296
4121,43296
4122,43296
4123,43296
4124,43346
4125,43371
4126,43385
4127,43398
4128,43400
4129,43400
4130,43400
4131,43400
4132,43400
4133,43400
4134,43451
4135,43476
4136,43491
4137,43504
4138,43505
4139,43505
4140,43505
4141,43505
4142,43505
4143,43505
4144,43555
4145,43580
4146,43594
4147,43607
4148,43609
4149,43609
4150,43609
4151,43609
4152,43609
4153,43609
4154,43660
4155,43685
4156,43699
4157,43712
4158,43714
4159,43714
4160,43714
4161,43714
4162,43714
4163,43714
4164,43766
4165,43791
4166,43805
4167,43818
4168,43820
4169,43820
4170,43820
4171,43820
4172,43820
4173,43820
4174,43872
4175,43897
4176,43911
4177,43924
4178,43925
4179,43925
4180,43925
4181,43925
4182,43925
4183,43925
4184,43977
4185,44002
4186,44016
4187,44029
4188,44031
4189,44031
4190,44031
4191,44031
4192,44031
4193,44031
4194,44083
4195,44108
4196,44122
4197,44135
4198,44135
4199,44135
4200,44135
4201,44135
4202,44135
4203,44135
4204,44187
4205,44212
4206,44226
4207,44239
4208,44241
4209,44241
4210,44241
4211,44241
4212,44241
4213,44241
4214,44295
4215,44320
4216,44334
4217,44346
4218,44346
4219,44346
4220,44346
4221,44346
4222,44346
4223,44346
4224,44398
4225,44423
4226,44437
4227,44450
4228,44451
4229,44451
4230,44451
4231,44451
4232,44451
4233,44451
4234,44503
4235,44529
4236,44543
4237,44556
4238,44556
4239,44556
4240,44556
4241,44556
4242,44556
4243,44556
4244,44608
4245,44633
4246,44648
4247,44660
4248,44660
4249,44660
4250,44660
4251,44660
4252,44660
4253,44660
4254,44712
4255,44737
4256,44751
4257,44765
4258,44765
4259,44765
4260,44765
4261,44765
4262,44765
4263,44765
4264,44817
4265,44842
4266,44856
4267,44869
4268,44869
4269,44869
4270,44869
4271,44869
4272,44869
4273,44869
4274,44921
4275,44946
4276,44960
4277,44973
4278,44973
4279,44973
4280,44973
4281,44973
4282,44973
4283,44973
4284,45025
4285,45050
4286,45065
4287,45077
4288,45077
4289,45077
4290,45077
4291,45077
4292,45077
4293,45077
4294,45129
4295,45154
4296,45169
4297,45181
4298,45181
4299,45181
4300,45181
4301,45181
4302,45181
4303,45181
4304,45233
4305,45258
4306,45273
4307,45286
4308,45286
4309,45286
4310,45286
4311,45286
4312,45286
4313,45286
4314,45339
4315,45364
4316,45378
4317,45390
4318,45390
4319,45390
4320,45390
4321,45390
4322,45390
4323,45390
4324,45443
4325,45468
4326,45483
4327,45495
4328,45495
4329,45495
4330,45495
4331,45495
4332,45495
4333,45495
4334,45548
4335,45573
4336,45587
4337,45599
4338,45599
4339,45599
4340,45599
4341,45599
4342,45599
4343,45599
4344,45652
4345,45677
4346,45691
4347,45704
4348,45704
4349,45704
4350,45704
4351,45704
4352,45704
4353,45704
4354,45757
4355,45782
4356,45796
4357,45809
4358,45809
4359,45809
4360,45809
4361,45809
4362,45809
4363,45809
4364,45863
4365,45888
4366,45902
4367,45914
4368,45914
4369,45914
4370,45914
4371,45914
4372,45914
4373,45914
4374,45967
4375,45992
4376,46006
4377,46018
4378,46018
4379,46018
4380,46018
4381,46018
4382,46018
4383,46018
4384,46070
4385,46095
4386,46110
4387,46121
4388,46121
4389,46121
4390,46121
4391,46121
4392,46121
4393,46121
4394,46174
4395,46199
4396,46214
4397,46225
4398,46225
4399,46225
4400,46225
4401,46225
4402,46225
4403,46225
4404,46278
4405,46303
4406,46318
4407,46330
4408,46330
4409,46330
4410,46330
4411,46330
4412,46330
4413,46330
4414,46383
4415,46408
4416,46422
4417,46433
4418,46433
4419,46433
4420,46433
4421,46433
4422,46433
4423,46433
4424,46486
4425,46511
4426,46526
4427,46537
4428,46537
4429,46537
4430,46537
4431,46537
4432,46537
4433,46537
4434,46590
4435,46615
4436,46629
4437,46641
4438,46641
4439,46641
4440,46641
4441,46641
4442,46641
4443,46641
4444,46694
4445,46719
4446,46734
4447,46744
4448,46744
4449,46744
4450,46744
4451,46744
4452,46744
4453,46744
4454,46796
4455,46821
4456,46836
4457,46846
4458,46846
4459,46846
4460,46846
4461,46846
4462,46846
4463,46846
4464,46899
4465,46924
4466,46939
4467,46950
4468,46950
4469,46950
4470,46950
4471,46950
4472,46950
4473,46950
4474,47003
4475,47028
4476,47042
4477,47054
4478,47054
4479,47054
4480,47054
4481,47054
4482,47054
4483,47054
4484,47107
4485,47132
4486,47147
4487,47158
4488,47158
4489,47158
4490,47158
4491,47158
4492,47158
4493,47158
4494,47209
4495,47234
4496,47248
4497,47262
4498,47262
4499,47262
4500,47262
4501,47262
4502,47262
4503,47262
4504,47315
4505,47340
4506,47354
4507,47366
4508,47366
4509,47366
4510,47366
4511,47366
4512,47366
4513,47366
4514,47418
4515,47443
4516,47457
4517,47469
4518,47469
4519,47469
4520,47469
4521,47469
4522,47469
4523,47469
4524,47520
4525,47545
4526,47559
4527,47572
4528,47572
4529,47572
4530,47572
4531,47572
4532,47572
4533,47572
4534,47624
4535,47649
4536,47663
4537,47675
4538,47675
4539,47675
4540,47675
4541,47675
4542,47675
4543,47675
4544,47727
4545,47752
4546,47766
4547,47779
4548,47779
4549,47779
4550,47779
4551,47779
4552,47779
4553,47779
4554,47830
4555,47855
4556,47869
4557,47882
4558,47882
4559,47882
4560,47882
4561,47882
4562,47882
4563,47882
4564,47934
4565,47959
4566,47973
4567,47986
4568,47986
4569,47986
4570,47986
4571,47986
4572,47986
4573,47986
4574,48038
4575,48063
4576,48077
4577,48091
4578,48092
4579,48092
4580,48092
4581,48092
4582,48092
4583,48092
4584,48144
4585,48169
4586,48183
4587,48197
4588,48197
4589,48197
4590,48197
4591,48197
4592,48197
4593,48197
4594,48249
4595,48274
4596,48288
4597,48301
4598,48301
4599,48301
4600,48301
4601,48301
4602,48301
4603,48301
4604,48352
4605,48377
4606,48391
4607,48404
4608,48404
4609,48404
4610,48404
4611,48404
4612,48404
4613,48404
4614,48456
4615,48481
4616,48496
4617,48510
4618,48511
4619,48511
4620,48511
4621,48511
4622,48511
4623,48511
4624,48563
4625,48588
4626,48602
4627,48616
4628,48616
4629,48616
4630,48616
4631,48616
4632,48616
4633,48616
4634,48667
4635,48692
4636,48707
4637,48719
4638,48719
4639,48719
4640,48719
4641,48719
4642,48719
4643,48719
4644,48770
4645,48795
4646,48809
4647,48823
4648,48823
4649,48823
4650,48823
4651,48823
4652,48823
4653,48823
4654,48875
4655,48900
4656,48914
4657,48927
4658,48927
4659,48927
4660,48927
4661,48927
4662,48927
4663,48927
4664,48979
4665,49004
4666,49018
4667,49031
4668,49031
4669,49031
4670,49031
4671,49031
4672,49031
4673,49031
4674,49083
4675,49108
4676,49122
4677,49135
4678,49135
4679,49135
4680,49135
4681,49135
4682,49135
4683,49135
4684,49187
4685,49212
4686,49226
4687,49238
4688,49238
4689,49238
4690,49238
4691,49238
4692,49238
4693,49238
4694,49290
4695,49315
4696,49329
4697,49342
4698,49342
4699,49342
4700,49342
4701,49342
4702,49342
4703,49342
4704,49394
4705,49419
4706,49434
4707,49447
4708,49447
4709,49447
4710,49447
4711,49447
4712,49447
4713,49447
4714,49500
4715,49525
4716,49539
4717,49551
4718,49551
4719,49551
4720,49551
4721,49551
4722,49551
4723,49551
4724,49603
4725,49628
4726,49642
4727,49654
4728,49654
4729,49654
4730,49654
4731,49654
4732,49654
4733,49654
4734,49704
4735,49729
4736,49744
4737,49757
4738,49757
4739,49757
4740,49757
4741,49757
4742,49757
4743,49757
4744,49808
4745,49833
4746,49847
4747,49860
4748,49860
4749,49860
4750,49860
4751,49860
4752,49860
4753,49860
4754,49912
4755,49937
4756,49952
4757,49965
4758,49965
4759,49965
4760,49965
4761,49965
4762,49965
4763,49965
4764,50017
4765,50042
4766,50056
4767,50070
4768,50071
4769,50071
4770,50071
4771,50071
4772,50071
4773,50071
4774,50122
4775,50147
4776,50161
4777,50174
4778,50174
4779,50174
4780,50174
4781,50174
4782,50174
4783,50174
4784,50225
4785,50250
4786,50264
4787,50278
4788,50278
4789,50278
4790,50278
4791,50278
4792,50278
4793,50278
4794,50330
4795,50355
4796,50370
4797,50382
4798,50382
4799,50382
4800,50382
4801,50382
4802,50382
4803,50382
4804,50434
4805,50459
4806,50473
4807,50486
4808,50486
4809,50486
4810,50486
4811,50486
4812,50486
4813,50486
4814,50537
4815,50562
4816,50576
4817,50590
4818,50590
4819,50590
4820,50590
4821,50590
4822,50590
4823,50590
4824,50641
4825,50666
4826,50680
4827,50693
4828,50693
4829,50693
4830,50693
4831,50693
4832,50693
4833,50693
4834,50743
4835,50768
4836,50782
4837,50794
4838,50794
4839,50794
4840,50794
4841,50794
4842,50794
4843,50794
4844,50844
4845,50869
4846,50883
4847,50895
4848,50895
4849,50895
4850,50895
4851,50895
4852,50895
4853,50895
4854,50945
4855,50970
4856,50984
4857,50997
4858,50997
4859,50997
4860,50997
4861,50997
4862,50997
4863,50997
4864,51047
4865,51072
4866,51086
4867,51099
4868,51099
4869,51099
4870,51099
4871,51099
4872,51099
4873,51099
4874,51149
4875,51174
4876,51188
4877,51200
4878,51200
4879,51200
4880,51200
4881,51200
4882,51200
4883,51200
4884,51249
4885,51274
4886,51288
4887,51300
4888,51300
4889,51300
4890,51300
4891,51300
4892,51300
4893,51300
4894,51349
4895,51374
4896,51388
4897,51401
4898,51401
4899,51401
4900,51401
4901,51401
4902,51401
4903,51401
4904,51450
4905,51475
4906,51489
4907,51501
4908,51501
4909,51501
4910,51501
4911,51501
4912,51501
4913,51501
4914,51550
4915,51575
4916,51589
4917,51602
4918,51602
4919,51602
4920,51602
4921,51602
4922,51602
4923,51602
4924,51652
4925,51677
4926,51691
4927,51704
4928,51704
4929,51704
4930,51704
4931,51704
4932,51704
4933,51704
4934,51754
4935,51779
4936,51793
4937,51807
4938,51807
4939,51807
4940,51807
4941,51807
4942,51807
4943,51807
4944,51858
4945,51883
4946,51897
4947,51910
4948,51910
4949,51910
4950,51910
4951,51910
4952,51910
4953,51910
4954,51960
4955,51985
4956,51999
4957,52011
4958,52011
4959,52011
4960,52011
4961,52011
4962,52011
4963,52011
4964,52060
4965,52085
4966,52099
4967,52112
4968,52112
4969,52112
4970,52112
4971,52112
4972,52112
4973,52112
4974,52162
4975,52187
4976,52201
4977,52214
4978,52214
4979,52214
4980,52214
4981,52214
4982,52214
4983,52214
4984,52265
4985,52290
4986,52304
4987,52317
4988,52318
4989,52318
4990,52318
4991,52318
4992,52318
4993,52318
4994,52370
4995,52395
4996,52409
4997,52422
4998,52423
4999,52423
5000,52423
5001,52423
5002,52423
5003,52423
5004,52475
5005,52500
5006,52515
5007,52528
5008,52528
5009,52528
5010,52528
5011,52528
5012,52528
5013,52528
5014,52579
5015,52605
5016,52619
5017,52631
5018,52631
5019,52631
5020,52631
5021,52631
5022,52631
5023,52631
5024,52681
5025,52706
5026,52720
5027,52734
5028,52734
5029,52734
5030,52734
5031,52734
5032,52734
5033,52734
5034,52785
5035,52810
5036,52824
5037,52838
5038,52838
5039,52838
5040,52838
5041,52838
5042,52838
5043,52838
5044,52891
5045,52916
5046,52930
5047,52944
5048,52944
5049,52944
5050,52944
5051,52944
5052,52944
5053,52944
5054,52997
5055,53022
5056,53037
5057,53049
5058,53049
5059,53049
5060,53049
5061,53049
5062,53049
5063,53049
5064,53103
5065,53128
5066,53142
5067,53155
5068,53155
5069,53155
5070,53155
5071,53155
5072,53155
5073,53155
5074,53208
5075,53233
5076,53248
5077,53262
5078,53262
5079,53262
5080,53262
5081,53262
5082,53262
5083,53262
5084,53316
5085,53341
5086,53355
5087,53368
5088,53368
5089,53368
5090,53368
5091,53368
5092,53368
5093,53368
5094,53423
5095,53448
5096,53462
5097,53475
5098,53475
5099,53475
5100,53475
5101,53475
5102,53475
5103,53475
5104,53529
5105,53554
5106,53569
5107,53582
5108,53582
5109,53582
5110,53582
5111,53582
5112,53582
5113,53582
5114,53582
5115,53582
5116,53582
5117,53582
5118,53582
5119,53582
5120,53582
5121,53582
5122,53582
5123,53582
5124,53648
5125,53679
5126,53697
5127,53711
5128,53717
5129,53717
5130,53717
5131,53717
5132,53717
5133,53717
5134,53783
5135,53814
5136,53830
5137,53844
5138,53849
5139,53849
5140,53849
5141,53849
5142,53849
5143,53849
5144,53914
5145,53944
5146,53962
5147,53976
5148,53982
5149,53982
5150,53982
5151,53982
5152,53982
5153,53982
5154,54046
5155,54076
5156,54093
5157,54107
5158,54110
5159,54110
5160,54110
5161,54110
5162,54110
5163,54110
5164,54173
5165,54203
5166,54219
5167,54233
5168,54236
5169,54236
5170,54236
5171,54236
5172,54236
5173,54236
5174,54298
5175,54327
5176,54343
5177,54357
5178,54361
5179,54361
5180,54361
5181,54361
5182,54361
5183,54361
5184,54361
5185,54361
5186,54361
5187,54361
5188,54361
5189,54361
5190,54361
5191,54361
5192,54361
5193,54361
5194,54361
5195,54361
5196,54361
5197,54361
5198,54361
5199,54361
5200,54361
5201,54361
5202,54361
5203,54361
5204,54361
5205,54361
5206,54361
5207,54361
5208,54361
5209,54361
5210,54361
5211,54361
5212,54361
5213,54361
5214,54361
5215,54361
5216,54361
5217,54361
5218,54361
5219,54361
5220,54361
5221,54361
5222,54361
5223,54361
5224,54361
5225,54361
5226,54361
5227,54361
5228,54361
5229,54361
5230,54361
5231,54361
5232,54361
5233,54361
5234,54361
5235,54361
5236,54361
5237,54361
5238,54361
5239,54361
5240,54361
5241,54361
5242,54361
5243,54361
5244,54361
5245,54361
5246,54361
5247,54361
5248,54361
5249,54361
5250,54361
5251,54361
5252,54361
5253,54361
5254,54361
5255,54361
5256,54361
5257,54361
5258,54361
5259,54361
5260,54361
5261,54361
5262,54361
5263,54361
5264,54361
5265,54361
5266,54361
5267,54361
5268,54361
5269,54361
5270,54361
5271,54361
5272,54361
5273,54361
5274,54361
5275,54361
5276,54361
5277,54361
5278,54361
5279,54361
5280,54361
5281,54361
5282,54361
5283,54361
5284,54361
5285,54361
5286,54361
5287,54361
5288,54361
5289,54361
5290,54361
5291,54361
5292,54361
5293,54361
5294,54361
5295,54361
5296,54361
5297,54361
5298,54361
5299,54361
5300,54361
5301,54361
5302,54361
5303,54361
5304,54361
5305,54361
5306,54361
5307,54361
5308,54361
5309,54361
5310,54361
5311,54361
5312,54361
5313,54361
5314,54361
5315,54361
5316,54361
5317,54361
5318,54361
5319,54361
5320,54361
5321,54361
5322,54361
5323,54361
5324,54361
5325,54361
5326,54361
5327,54361
5328,54361
5329,54361
5330,54361
5331,54361
5332,54361
5333,54361
5334,54361
5335,54361
5336,54361
5337,54361
5338,54361
5339,54361
5340,54361
5341,54361
5342,54361
5343,54361
5344,54361
5345,54361
5346,54361
5347,54361
5348,54361
5349,54361
5350,54361
5351,54361
5352,54361
5353,54361
5354,54361
5355,54361
5356,54361
5357,54361
5358,54361
5359,54361
5360,54361
5361,54361
5362,54361
5363,54361
5364,54361
5365,54361
5366,54361
5367,54361
5368,54361
5369,54361
5370,54361
5371,54361
5372,54361
5373,54361
5374,54361
5375,54361
5376,54361
5377,54361
5378,54361
5379,54361
5380,54361
5381,54361
5382,54361
5383,54361
5384,54361
5385,54361
5386,54361
5387,54361
5388,54361
5389,54361
5390,54361
5391,54361
5392,54361
5393,54361
5394,54361
5395,54361
5396,54361
5397,54361
5398,54361
5399,54361
5400,54361
5401,54361
5402,54361
5403,54361
5404,54361
5405,54361
5406,54361
5407,54361
5408,54361
5409,54361
5410,54361
5411,54361
5412,54361
5413,54361
5414,54361
5415,54361
5416,54361
5417,54361
5418,54361
5419,54361
5420,54361
5421,54361
5422,54361
5423,54361
5424,54361
5425,54361
5426,54361
5427,54361
5428,54361
5429,54361
5430,54361
5431,54361
5432,54361
5433,54361
5434,54361
5435,54361
5436,54361
5437,54361
5438,54361
5439,54361
5440,54361
5441,54361
5442,54361
5443,54361
5444,54361
5445,54361
5446,54361
5447,54361
5448,54361
5449,54361
5450,54361
5451,54361
5452,54361
5453,54361
5454,54361
5455,54361
5456,54361
5457,54361
5458,54361
5459,54361
5460,54361
5461,54361
5462,54361
5463,54361
5464,54361
5465,54361
5466,54361
5467,54361
5468,54361
5469,54361
5470,54361
5471,54361
5472,54361
5473,54361
5474,54361
5475,54361
5476,54361
5477,54361
5478,54361
5479,54361
5480,54361
5481,54361
5482,54361
5483,54361
5484,54361
5485,54361
5486,54361
5487,54361
5488,54361
5489,54361
5490,54361
5491,54361
5492,54361
5493,54361
5494,54361
5495,54361
5496,54361
5497,54361
5498,54361
5499,54361
5500,54361
5501,54361
5502,54361
5503,54361
5504,54361
5505,54361
5506,54361
5507,54361
5508,54361
5509,54361
5510,54361
5511,54361
5512,54361
5513,54361
5514,54361
5515,54361
5516,54361
5517,54361
5518,54361
5519,54361
5520,54361
5521,54361
5522,54361
5523,54361
5524,54361
5525,54361
5526,54361
5527,54361
5528,54361
5529,54361
5530,54361
5531,54361
5532,54361
5533,54361
5534,54361
5535,54361
5536,54361
5537,54361
5538,54361
5539,54361
5540,54361
5541,54361
5542,54361
5543,54361
5544,54361
5545,54361
5546,54361
5547,54361
5548,54361
5549,54361
5550,54361
5551,54361
5552,54361
5553,54361
5554,54361
5555,54361
5556,54361
5557,54361
5558,54361
5559,54361
5560,54361
5561,54361
5562,54361
5563,54361
5564,54361
5565,54361
5566,54361
5567,54361
5568,54361
5569,54361
5570,54361
5571,54361
5572,54361
5573,54361
5574,54361
5575,54361
5576,54361
5577,54361
5578,54361
5579,54361
5580,54361
5581,54361
5582,54361
5583,54361
5584,54361
5585,54361
5586,54361
5587,54361
5588,54361
5589,54361
5590,54361
5591,54361
5592,54361
5593,54361
5594,54361
5595,54361
5596,54361
5597,54361
5598,54361
5599,54361
5600,54361
5601,54361
5602,54361
5603,54361
5604,54361
5605,54361
5606,54361
5607,54361
5608,54361
5609,54361
5610,54361
5611,54361
5612,54361
5613,54361
5614,54361
5615,54361
5616,54361
5617,54361
5618,54361
5619,54361
5620,54361
5621,54361
5622,54361
5623,54361
5624,54361
5625,54361
5626,54361
5627,54361
5628,54361
5629,54361
5630,54361
5631,54361
5632,54361
5633,54361
5634,54361
5635,54361
5636,54361
5637,54361
5638,54361
5639,54361
5640,54361
5641,54361
5642,54361
5643,54361
5644,54361
5645,54361
5646,54361
5647,54361
5648,54361
5649,54361
5650,54361
5651,54361
5652,54361
5653,54361
5654,54361
5655,54361
5656,54361
5657,54361
5658,54361
5659,54361
5660,54361
5661,54361
5662,54361
5663,54361
5664,54361
5665,54361
5666,54361
5667,54361
5668,54361
5669,54361
5670,54361
5671,54361
5672,54361
5673,54361
5674,54361
5675,54361
5676,54361
5677,54361
5678,54361
5679,54361
5680,54361
5681,54361
5682,54361
5683,54361
5684,54361
5685,54361
5686,54361
5687,54361
5688,54361
5689,54361
5690,54361
5691,54361
5692,54361
5693,54361
5694,54361
5695,54361
5696,54361
5697,54361
5698,54361
5699,54361
5700,54361
5701,54361
5702,54361
5703,54361
5704,54361
5705,54361
5706,54361
5707,54361
5708,54361
5709,54361
5710,54361
5711,54361
5712,54361
5713,54361
5714,54361
5715,54361
5716,54361
5717,54361
5718,54361
5719,54361
5720,54361
5721,54361
5722,54361
5723,54361
5724,54361
5725,54361
5726,54361
5727,54361
5728,54361
5729,54361
5730,54361
5731,54361
5732,54361
5733,54361
5734,54361
5735,54361
5736,54361
5737,54361
5738,54361
5739,54361
5740,54361
5741,54361
5742,54361
5743,54361
5744,54361
5745,54361
5746,54361
5747,54361
5748,54361
5749,54361
5750,54361
5751,54361
5752,54361
5753,54361
5754,54361
5755,54361
5756,54361
5757,54361
5758,54361
5759,54361
5760,54361
5761,54361
5762,54361
5763,54361
5764,54361
5765,54361
5766,54361
5767,54361
5768,54361
5769,54361
5770,54361
5771,54361
5772,54361
5773,54361
5774,54361
5775,54361
5776,54361
5777,54361
5778,54361
5779,54361
5780,54361
5781,54361
5782,54361
5783,54361
5784,54361
5785,54361
5786,54361
5787,54361
5788,54361
5789,54361
5790,54361
5791,54361
5792,54361
5793,54361
5794,54361
5795,54361
5796,54361
5797,54361
5798,54361
5799,54361
5800,54361
5801,54361
5802,54361
5803,54361
5804,54361
5805,54361
5806,54361
5807,54361
5808,54361
5809,54361
5810,54361
5811,54361
5812,54361
5813,54361
5814,54361
5815,54361
5816,54361
5817,54361
5818,54361
5819,54361
5820,54361
5821,54361
5822,54361
5823,54361
5824,54361
5825,54361
5826,54361
5827,54361
5828,54361
5829,54361
5830,54361
5831,54361
5832,54361
5833,54361
5834,54361
5835,54361
5836,54361
5837,54361
5838,54361
5839,54361
5840,54361
5841,54361
5842,54361
5843,54361
5844,54361
5845,54361
5846,54361
5847,54361
5848,54361
5849,54361
5850,54361
5851,54361
5852,54361
5853,54361
5854,54361
5855,54361
5856,54361
5857,54361
5858,54361
5859,54361
5860,54361
5861,54361
5862,54361
5863,54361
5864,54361
5865,54361
5866,54361
5867,54361
5868,54361
5869,54361
5870,54361
5871,54361
5872,54361
5873,54361
5874,54361
5875,54361
5876,54361
5877,54361
5878,54361
5879,54361
5880,54361
5881,54361
5882,54361
5883,54361
5884,54361
5885,54361
5886,54361
5887,54361
5888,54361
5889,54361
5890,54361
5891,54361
5892,54361
5893,54361
5894,54361
5895,54361
5896,54361
5897,54361
5898,54361
5899,54361
5900,54361
5901,54361
5902,54361
5903,54361
5904,54361
5905,54361
5906,54361
5907,54361
5908,54361
5909,54361
5910,54361
5911,54361
5912,54361
5913,54361
5914,54361
5915,54361
5916,54361
5917,54361
5918,54361
5919,54361
5920,54361
5921,54361
5922,54361
5923,54361
5924,54361
5925,54361
5926,54361
5927,54361
5928,54361
5929,54361
5930,54361
5931,54361
5932,54361
5933,54361
5934,54361
5935,54361
5936,54361
5937,54361
5938,54361
5939,54361
5940,54361
5941,54361
5942,54361
5943,54361
5944,54361
5945,54361
5946,54361
5947,54361
5948,54361
5949,54361
5950,54361
5951,54361
5952,54361
5953,54361
5954,54361
5955,54361
5956,54361
5957,54361
5958,54361
5959,54361
5960,54361
5961,54361
5962,54361
5963,54361
5964,54361
5965,54361
5966,54361
5967,54361
5968,54361
5969,54361
5970,54361
5971,54361
5972,54361
5973,54361
5974,54361
5975,54361
5976,54361
5977,54361
5978,54361
5979,54361
5980,54361
5981,54361
5982,54361
5983,54361
5984,54361
5985,54361
5986,54361
5987,54361
5988,54361
5989,54361
5990,54361
5991,54361
5992,54361
5993,54361
5994,54361
5995,54361
5996,54361
5997,54361
5998,54361
5999,54361
6000,54361
6001,54361
6002,54361
6003,54361
6004,54361
6005,54361
6006,54361
6007,54361
6008,54361
6009,54361
6010,54361
6011,54361
6012,54361
6013,54361
6014,54361
6015,54361
6016,54361
6017,54361
6018,54361
6019,54361
6020,54361
6021,54361
6022,54361
6023,54361
6024,54361
6025,54361
6026,54361
6027,54361
6028,54361
6029,54361
6030,54361
6031,54361
6032,54361
6033,54361
6034,54361
6035,54361
6036,54361
6037,54361
6038,54361
6039,54361
6040,54361
6041,54361
6042,54361
6043,54361
6044,54361
6045,54361
6046,54361
6047,54361
6048,54361
6049,54361
6050,54361
6051,54361
6052,54361
6053,54361
6054,54361
6055,54361
6056,54361
6057,54361
6058,54361
6059,54361
6060,54361
6061,54361
6062,54361
6063,54361
6064,54361
6065,54361
6066,54361
6067,54361
6068,54361
6069,54361
6070,54361
6071,54361
6072,54361
6073,54361
6074,54361
6075,54361
6076,54361
6077,54361
6078,54361
6079,54361
6080,54361
6081,54361
6082,54361
6083,54361
6084,54361
6085,54361
6086,54361
6087,54361
6088,54361
6089,54361
6090,54361
6091,54361
6092,54361
6093,54361
6094,54361
6095,54361
6096,54361
6097,54361
6098,54361
6099,54361
6100,54361
6101,54361
6102,54361
6103,54361
6104,54361
6105,54361
6106,54361
6107,54361
6108,54361
6109,54361
6110,54361
6111,54361
6112,54361
6113,54361
6114,54361
6115,54361
6116,54361
6117,54361
6118,54361
6119,54361
6120,54361
6121,54361
6122,54361
6123,54361
6124,54361
6125,54361
6126,54361
6127,54361
6128,54361
6129,54361
6130,54361
6131,54361
6132,54361
6133,54361
6134,54361
6135,54361
6136,54361
6137,54361
6138,54361
6139,54361
6140,54361
6141,54361
6142,54361
6143,54361
6144,54361
6145,54361
6146,54361
6147,54361
6148,54361
6149,54361
6150,54361
6151,54361
6152,54361
6153,54361
6154,54361
6155,54361
6156,54361
6157,54361
6158,54361
6159,54361
6160,54361
6161,54361
6162,54361
6163,54361
6164,54361
6165,54361
6166,54361
6167,54361
6168,54361
6169,54361
6170,54361
6171,54361
6172,54361
6173,54361
6174,54361
6175,54361
6176,54361
6177,54361
6178,54361
6179,54361
6180,54361
6181,54361
6182,54361
6183,54361
6184,54361
6185,54361
6186,54361
6187,54361
6188,54361
6189,54361
6190,54361
6191,54361
6192,54361
6193,54361
6194,54361
6195,54361
6196,54361
6197,54361
6198,54361
6199,54361
6200,54361
6201,54361
6202,54361
6203,54361
6204,54361
6205,54361
6206,54361
6207,54361
6208,54361
6209,54361
6210,54361
6211,54361
6212,54361
6213,54361
6214,54361
6215,54361
6216,54361
6217,54361
6218,54361
6219,54361
6220,54361
6221,54361
6222,54361
6223,54361
6224,54361
6225,54361
6226,54361
6227,54361
6228,54361
6229,54361
6230,54361
6231,54361
6232,54361
6233,54361
6234,54361
6235,54361
6236,54361
6237,54361
6238,54361
6239,54361
6240,54361
6241,54361
6242,54361
6243,54361
6244,54361
6245,54361
6246,54361
6247,54361
6248,54361
6249,54361
6250,54361
6251,54361
6252,54361
6253,54361
6254,54361
6255,54361
6256,54361
6257,54361
6258,54361
6259,54361
6260,54361
6261,54361
6262,54361
6263,54361
6264,54361
6265,54361
6266,54361
6267,54361
6268,54361
6269,54361
6270,54361
6271,54361
6272,54361
6273,54361
6274,54361
6275,54361
6276,54361
6277,54361
6278,54361
6279,54361
6280,54361
6281,54361
6282,54361
6283,54361
6284,54361
6285,54361
6286,54361
6287,54361
6288,54361
6289,54361
6290,54361
6291,54361
6292,54361
6293,54361
6294,54361
6295,54361
6296,54361
6297,54361
6298,54361
6299,54361
6300,54361
6301,54361
6302,54361
6303,54361
6304,54361
6305,54361
6306,54361
6307,54361
6308,54361
6309,54361
6310,54361
6311,54361
6312,54361
6313,54361
6314,54361
6315,54361
6316,54361
6317,54361
6318,54361
6319,54361
6320,54361
6321,54361
6322,54361
6323,54361
6324,54361
6325,54361
6326,54361
6327,54361
6328,54361
6329,54361
6330,54361
6331,54361
6332,54361
6333,54361
6334,54361
6335,54361
6336,54361
6337,54361
6338,54361
6339,54361
6340,54361
6341,54361
6342,54361
6343,54361
6344,54361
6345,54361
6346,54361
6347,54361
6348,54361
6349,54361
6350,54361
6351,54361
6352,54361
6353,54361
6354,54361
6355,54361
6356,54361
6357,54361
6358,54361
6359,54361
6360,54361
6361,54361
6362,54361
6363,54361
6364,54361
6365,54361
6366,54361
6367,54361
6368,54361
6369,54361
6370,54361
6371,54361
6372,54361
6373,54361
6374,54361
6375,54361
6376,54361
6377,54361
6378,54361
6379,54361
6380,54361
6381,54361
6382,54361
6383,54361
6384,54361
6385,54361
6386,54361
6387,54361
6388,54361
6389,54361
6390,54361
6391,54361
6392,54361
6393,54361
6394,54361
6395,54361
6396,54361
6397,54361
6398,54361
6399,54361
6400,54361
6401,54361
6402,54361
6403,54361
6404,54361
6405,54361
6406,54361
6407,54361
6408,54361
6409,54361
6410,54361
6411,54361
6412,54361
6413,54361
6414,54361
6415,54361
6416,54361
6417,54361
6418,54361
6419,54361
6420,54361
6421,54361
6422,54361
6423,54361
6424,54361
6425,54361
6426,54361
6427,54361
6428,54361
6429,54361
6430,54361
6431,54361
6432,54361
6433,54361
6434,54361
6435,54361
6436,54361
6437,54361
6438,54361
6439,54361
6440,54361
6441,54361
6442,54361
6443,54361
6444,54361
6445,54361
6446,54361
6447,54361
6448,54361
6449,54361
6450,54361
6451,54361
6452,54361
6453,54361
6454,54361
6455,54361
6456,54361
6457,54361
6458,54361
6459,54361
6460,54361
6461,54361
6462,54361
6463,54361
6464,54361
6465,54361
6466,54361
6467,54361
6468,54361
6469,54361
6470,54361
6471,54361
6472,54361
6473,54361
6474,54361
6475,54361
6476,54361
6477,54361
6478,54361
6479,54361
6480,54361
6481,54361
6482,54361
6483,54361
6484,54361
6485,54361
6486,54361
6487,54361
6488,54361
6489,54361
6490,54361
6491,54361
6492,54361
6493,54361
6494,54361
6495,54361
6496,54361
6497,54361
6498,54361
6499,54361
6500,54361
6501,54361
6502,54361
6503,54361
6504,54361
6505,54361
6506,54361
6507,54361
6508,54361
6509,54361
6510,54361
6511,54361
6512,54361
6513,54361
6514,54361
6515,54361
6516,54361
6517,54361
6518,54361
6519,54361
6520,54361
6521,54361
6522,54361
6523,54361
6524,54361
6525,54361
6526,54361
6527,54361
6528,54361
6529,54361
6530,54361
6531,54361
6532,54361
6533,54361
6534,54361
6535,54361
6536,54361
6537,54361
6538,54361
6539,54361
6540,54361
6541,54361
6542,54361
6543,54361
6544,54361
6545,54361
6546,54361
6547,54361
6548,54361
6549,54361
6550,54361
6551,54361
6552,54361
6553,54361
6554,54361
6555,54361
6556,54361
6557,54361
6558,54361
6559,54361
6560,54361
6561,54361
6562,54361
6563,54361
6564,54361
6565,54361
6566,54361
6567,54361
6568,54361
6569,54361
6570,54361
6571,54361
6572,54361
6573,54361
6574,54361
6575,54361
6576,54361
6577,54361
6578,54361
6579,54361
6580,54361
6581,54361
6582,54361
6583,54361
6584,54361
6585,54361
6586,54361
6587,54361
6588,54361
6589,54361
6590,54361
6591,54361
6592,54361
6593,54361
6594,54361
6595,54361
6596,54361
6597,54361
6598,54361
6599,54361
6600,54361
6601,54361
6602,54361
6603,54361
6604,54361
6605,54361
6606,54361
6607,54361
6608,54361
6609,54361
6610,54361
6611,54361
6612,54361
6613,54361
6614,54361
6615,54361
6616,54361
6617,54361
6618,54361
6619,54361
6620,54361
6621,54361
6622,54361
6623,54361
6624,54361
6625,54361
6626,54361
6627,54361
6628,54361
6629,54361
6630,54361
6631,54361
6632,54361
6633,54361
6634,54361
6635,54361
6636,54361
6637,54361
6638,54361
6639,54361
6640,54361
6641,54361
6642,54361
6643,54361
6644,54361
6645,54361
6646,54361
6647,54361
6648,54361
6649,54361
6650,54361
6651,54361
6652,54361
6653,54361
6654,54361
6655,54361
6656,54361
6657,54361
6658,54361
6659,54361
6660,54361
6661,54361
6662,54361
6663,54361
6664,54361
6665,54361
6666,54361
6667,54361
6668,54361
6669,54361
6670,54361
6671,54361
6672,54361
6673,54361
6674,54361
6675,54361
6676,54361
6677,54361
6678,54361
6679,54361
6680,54361
6681,54361
6682,54361
6683,54361
6684,54361
6685,54361
6686,54361
6687,54361
6688,54361
6689,54361
6690,54361
6691,54361
6692,54361
6693,54361
6694,54361
6695,54361
6696,54361
6697,54361
6698,54361
6699,54361
6700,54361
6701,54361
6702,54361
6703,54361
6704,54361
6705,54361
6706,54361
6707,54361
6708,54361
6709,54361
6710,54361
6711,54361
6712,54361
6713,54361
6714,54361
6715,54361
6716,54361
6717,54361
6718,54361
6719,54361
6720,54361
6721,54361
6722,54361
6723,54361
6724,54361
6725,54361
6726,54361
6727,54361
6728,54361
6729,54361
6730,54361
6731,54361
6732,54361
6733,54361
6734,54361
6735,54361
6736,54361
6737,54361
6738,54361
6739,54361
6740,54361
6741,54361
6742,54361
6743,54361
6744,54361
6745,54361
6746,54361
6747,54361
6748,54361
6749,54361
6750,54361
6751,54361
6752,54361
6753,54361
6754,54361
6755,54361
6756,54361
6757,54361
6758,54361
6759,54361
6760,54361
6761,54361
6762,54361
6763,54361
6764,54361
6765,54361
6766,54361
6767,54361
6768,54361
6769,54361
6770,54361
6771,54361
6772,54361
6773,54361
6774,54361
6775,54361
6776,54361
6777,54361
6778,54361
6779,54361
6780,54361
6781,54361
6782,54361
6783,54361
6784,54361
6785,54361
6786,54361
6787,54361
6788,54361
6789,54361
6790,54361
6791,54361
6792,54361
6793,54361
6794,54361
6795,54361
6796,54361
6797,54361
6798,54361
6799,54361
6800,54361
6801,54361
6802,54361
6803,54361
6804,54361
6805,54361
6806,54361
6807,54361
6808,54361
6809,54361
6810,54361
6811,54361
6812,54361
6813,54361
6814,54361
6815,54361
6816,54361
6817,54361
6818,54361
6819,54361
6820,54361
6821,54361
6822,54361
6823,54361
6824,54361
6825,54361
6826,54361
6827,54361
6828,54361
6829,54361
6830,54361
6831,54361
6832,54361
6833,54361
6834,54361
6835,54361
6836,54361
6837,54361
6838,54361
6839,54361
6840,54361
6841,54361
6842,54361
6843,54361
6844,54361
6845,54361
6846,54361
6847,54361
6848,54361
6849,54361
6850,54361
6851,54361
6852,54361
6853,54361
6854,54361
6855,54361
6856,54361
6857,54361
6858,54361
6859,54361
6860,54361
6861,54361
6862,54361
6863,54361
6864,54361
6865,54361
6866,54361
6867,54361
6868,54361
6869,54361
6870,54361
6871,54361
6872,54361
6873,54361
6874,54361
6875,54361
6876,54361
6877,54361
6878,54361
6879,54361
6880,54361
6881,54361
6882,54361
6883,54361
6884,54361
6885,54361
6886,54361
6887,54361
6888,54361
6889,54361
6890,54361
6891,54361
6892,54361
6893,54361
6894,54361
6895,54361
6896,54361
6897,54361
6898,54361
6899,54361
6900,54361
6901,54361
6902,54361
6903,54361
6904,54361
6905,54361
6906,54361
6907,54361
6908,54361
6909,54361
6910,54361
6911,54361
6912,54361
6913,54361
6914,54361
6915,54361
6916,54361
6917,54361
6918,54361
6919,54361
6920,54361
6921,54361
6922,54361
6923,54361
6924,54361
6925,54361
6926,54361
6927,54361
6928,54361
6929,54361
6930,54361
6931,54361
6932,54361
6933,54361
6934,54361
6935,54361
6936,54361
6937,54361
6938,54361
6939,54361
6940,54361
6941,54361
6942,54361
6943,54361
6944,54361
6945,54361
6946,54361
6947,54361
6948,54361
6949,54361
6950,54361
6951,54361
6952,54361
6953,54361
6954,54361
6955,54361
6956,54361
6957,54361
6958,54361
6959,54361
6960,54361
6961,54361
6962,54361
6963,54361
6964,54361
6965,54361
6966,54361
6967,54361
6968,54361
6969,54361
6970,54361
6971,54361
6972,54361
6973,54361
6974,54361
6975,54361
6976,54361
6977,54361
6978,54361
6979,54361
6980,54361
6981,54361
6982,54361
6983,54361
6984,54361
6985,54361
6986,54361
6987,54361
6988,54361
6989,54361
6990,54361
6991,54361
6992,54361
6993,54361
6994,54361
6995,54361
6996,54361
6997,54361
6998,54361
6999,54361
7000,54361
7001,54361
7002,54361
7003,54361
7004,54361
7005,54361
7006,54361
7007,54361
7008,54361
7009,54361
7010,54361
7011,54361
7012,54361
7013,54361
7014,54361
7015,54361
7016,54361
7017,54361
7018,54361
7019,54361
7020,54361
7021,54361
7022,54361
7023,54361
7024,54361
7025,54361
7026,54361
7027,54361
7028,54361
7029,54361
7030,54361
7031,54361
7032,54361
7033,54361
7034,54361
7035,54361
7036,54361
7037,54361
7038,54361
7039,54361
7040,54361
7041,54361
7042,54361
7043,54361
7044,54361
7045,54361
7046,54361
7047,54361
7048,54361
7049,54361
7050,54361
7051,54361
7052,54361
7053,54361
7054,54361
7055,54361
7056,54361
7057,54361
7058,54361
7059,54361
7060,54361
7061,54361
7062,54361
7063,54361
7064,54361
7065,54361
7066,54361
7067,54361
7068,54361
7069,54361
7070,54361
7071,54361
7072,54361
7073,54361
7074,54361
7075,54361
7076,54361
7077,54361
7078,54361
7079,54361
7080,54361
7081,54361
7082,54361
7083,54361
7084,54361
7085,54361
7086,54361
7087,54361
7088,54361
7089,54361
7090,54361
7091,54361
7092,54361
7093,54361
7094,54361
7095,54361
7096,54361
7097,54361
7098,54361
7099,54361
7100,54361
7101,54361
7102,54361
7103,54361
7104,54361
7105,54361
7106,54361
7107,54361
7108,54361
7109,54361
7110,54361
7111,54361
7112,54361
7113,54361
7114,54361
7115,54361
7116,54361
7117,54361
7118,54361
7119,54361
7120,54361
7121,54361
7122,54361
7123,54361
7124,54361
7125,54361
7126,54361
7127,54361
7128,54361
7129,54361
7130,54361
7131,54361
7132,54361
7133,54361
7134,54361
7135,54361
7136,54361
7137,54361
7138,54361
7139,54361
7140,54361
7141,54361
7142,54361
7143,54361
7144,54361
7145,54361
7146,54361
7147,54361
7148,54361
7149,54361
7150,54361
7151,54361
7152,54361
7153,54361
7154,54361
7155,54361
7156,54361
7157,54361
7158,54361
7159,54361
7160,54361
7161,54361
7162,54361
7163,54361
7164,54361
7165,54361
7166,54361
7167,54361
7168,54361
7169,54361
7170,54361
7171,54361
7172,54361
7173,54361
7174,54361
7175,54361
7176,54361
7177,54361
7178,54361
7179,54361
7180,54361
7181,54361
7182,54361
7183,54361
7184,54361
7185,54361
7186,54361
7187,54361
7188,54361
7189,54361
7190,54361
7191,54361
7192,54361
7193,54361
7194,54361
7195,54361
7196,54361
7197,54361
7198,54361
7199,54361
7200,54361
7201,54361
7202,54361
7203,54361
7204,54361
7205,54361
7206,54361
7207,54361
7208,54361
7209,54361
7210,54361
7211,54361
7212,54361
7213,54361
7214,54361
7215,54361
7216,54361
7217,54361
7218,54361
7219,54361
7220,54361
7221,54361
7222,54361
7223,54361
7224,54361
7225,54361
7226,54361
7227,54361
7228,54361
7229,54361
7230,54361
7231,54361
7232,54361
7233,54361
7234,54361
7235,54361
7236,54361
7237,54361
7238,54361
7239,54361
7240,54361
7241,54361
7242,54361
7243,54361
7244,54361
7245,54361
7246,54361
7247,54361
7248,54361
7249,54361
7250,54361
7251,54361
7252,54361
7253,54361
7254,54361
7255,54361
7256,54361
7257,54361
7258,54361
7259,54361
7260,54361
7261,54361
7262,54361
7263,54361
7264,54361
7265,54361
7266,54361
7267,54361
7268,54361
7269,54361
7270,54361
7271,54361
7272,54361
7273,54361
7274,54361
7275,54361
7276,54361
7277,54361
7278,54361
7279,54361
7280,54361
7281,54361
7282,54361
7283,54361
7284,54361
7285,54361
7286,54361
7287,54361
7288,54361
7289,54361
7290,54361
7291,54361
7292,54361
7293,54361
7294,54361
7295,54361
7296,54361
7297,54361
7298,54361
7299,54361
7300,54361
7301,54361
7302,54361
7303,54361
7304,54361
7305,54361
7306,54361
7307,54361
7308,54361
7309,54361
7310,54361
7311,54361
7312,54361
7313,54361
7314,54361
7315,54361
7316,54361
7317,54361
7318,54361
7319,54361
7320,54361
7321,54361
7322,54361
7323,54361
7324,54361
7325,54361
7326,54361
7327,54361
7328,54361
7329,54361
7330,54361
7331,54361
7332,54361
7333,54361
7334,54361
7335,54361
7336,54361
7337,54361
7338,54361
7339,54361
7340,54361
7341,54361
7342,54361
7343,54361
7344,54361
7345,54361
7346,54361
7347,54361
7348,54361
7349,54361
7350,54361
7351,54361
7352,54361
7353,54361
7354,54361
7355,54361
7356,54361
7357,54361
7358,54361
7359,54361
7360,54361
7361,54361
7362,54361
7363,54361
7364,54361
7365,54361
7366,54361
7367,54361
7368,54361
7369,54361
7370,54361
7371,54361
7372,54361
7373,54361
7374,54361
7375,54361
7376,54361
7377,54361
7378,54361
7379,54361
7380,54361
7381,54361
7382,54361
7383,54361
7384,54361
7385,54361
7386,54361
7387,54361
7388,54361
7389,54361
7390,54361
7391,54361
7392,54361
7393,54361
7394,54361
7395,54361
7396,54361
7397,54361
7398,54361
7399,54361
7400,54361
7401,54361
7402,54361
7403,54361
7404,54361
7405,54361
7406,54361
7407,54361
7408,54361
7409,54361
7410,54361
7411,54361
7412,54361
7413,54361
7414,54361
7415,54361
7416,54361
7417,54361
7418,54361
7419,54361
7420,54361
7421,54361
7422,54361
7423,54361
7424,54361
7425,54361
7426,54361
7427,54361
7428,54361
7429,54361
7430,54361
7431,54361
7432,54361
7433,54361
7434,54361
7435,54361
7436,54361
7437,54361
7438,54361
7439,54361
7440,54361
7441,54361
7442,54361
7443,54361
7444,54361
7445,54361
7446,54361
7447,54361
7448,54361
7449,54361
7450,54361
7451,54361
7452,54361
7453,54361
7454,54361
7455,54361
7456,54361
7457,54361
7458,54361
7459,54361
7460,54361
7461,54361
7462,54361
7463,54361
7464,54361
7465,54361
7466,54361
7467,54361
7468,54361
7469,54361
7470,54361
7471,54361
7472,54361
7473,54361
7474,54361
7475,54361
7476,54361
7477,54361
7478,54361
7479,54361
7480,54361
7481,54361
7482,54361
7483,54361
7484,54361
7485,54361
7486,54361
7487,54361
7488,54361
7489,54361
7490,54361
7491,54361
7492,54361
7493,54361
7494,54361
7495,54361
7496,54361
7497,54361
7498,54361
7499,54361
7500,54361
7501,54361
7502,54361
7503,54361
7504,54361
7505,54361
7506,54361
7507,54361
7508,54361
7509,54361
7510,54361
7511,54361
7512,54361
7513,54361
7514,54361
7515,54361
7516,54361
7517,54361
7518,54361
7519,54361
7520,54361
7521,54361
7522,54361
7523,54361
7524,54361
7525,54361
7526,54361
7527,54361
7528,54361
7529,54361
7530,54361
7531,54361
7532,54361
7533,54361
7534,54361
7535,54361
7536,54361
7537,54361
7538,54361
7539,54361
7540,54361
7541,54361
7542,54361
7543,54361
7544,54361
7545,54361
7546,54361
7547,54361
7548,54361
7549,54361
7550,54361
7551,54361
7552,54361
7553,54361
7554,54361
7555,54361
7556,54361
7557,54361
7558,54361
7559,54361
7560,54361
7561,54361
7562,54361
7563,54361
7564,54361
7565,54361
7566,54361
7567,54361
7568,54361
7569,54361
7570,54361
7571,54361
7572,54361
7573,54361
7574,54361
7575,54361
7576,54361
7577,54361
7578,54361
7579,54361
7580,54361
7581,54361
7582,54361
7583,54361
7584,54361
7585,54361
7586,54361
7587,54361
7588,54361
7589,54361
7590,54361
7591,54361
7592,54361
7593,54361
7594,54361
7595,54361
7596,54361
7597,54361
7598,54361
7599,54361
7600,54361
7601,54361
7602,54361
7603,54361
7604,54361
7605,54361
7606,54361
7607,54361
7608,54361
7609,54361
7610,54361
7611,54361
7612,54361
7613,54361
7614,54361
7615,54361
7616,54361
7617,54361
7618,54361
7619,54361
7620,54361
7621,54361
7622,54361
7623,54361
7624,54361
7625,54361
7626,54361
7627,54361
7628,54361
7629,54361
7630,54361
7631,54361
7632,54361
7633,54361
7634,54361
7635,54361
7636,54361
7637,54361
7638,54361
7639,54361
7640,54361
7641,54361
7642,54361
7643,54361
7644,54361
7645,54361
7646,54361
7647,54361
7648,54361
7649,54361
7650,54361
7651,54361
7652,54361
7653,54361
7654,54361
7655,54361
7656,54361
7657,54361
7658,54361
7659,54361
7660,54361
7661,54361
7662,54361
7663,54361
7664,54361
7665,54361
7666,54361
7667,54361
7668,54361
7669,54361
7670,54361
7671,54361
7672,54361
7673,54361
7674,54361
7675,54361
7676,54361
7677,54361
7678,54361
7679,54361
7680,54361
7681,54361
7682,54361
7683,54361
7684,54361
7685,54361
7686,54361
7687,54361
7688,54361
7689,54361
7690,54361
7691,54361
7692,54361
7693,54361
7694,54361
7695,54361
7696,54361
7697,54361
7698,54361
7699,54361
7700,54361
7701,54361
7702,54361
7703,54361
7704,54361
7705,54361
7706,54361
7707,54361
7708,54361
7709,54361
7710,54361
7711,54361
7712,54361
7713,54361
7714,54361
7715,54361
7716,54361
7717,54361
7718,54361
7719,54361
7720,54361
7721,54361
7722,54361
7723,54361
7724,54361
7725,54361
7726,54361
7727,54361
7728,54361
7729,54361
7730,54361
7731,54361
7732,54361
7733,54361
7734,54361
7735,54361
7736,54361
7737,54361
7738,54361
7739,54361
7740,54361
7741,54361
7742,54361
7743,54361
7744,54361
7745,54361
7746,54361
7747,54361
7748,54361
7749,54361
7750,54361
7751,54361
7752,54361
7753,54361
7754,54361
7755,54361
7756,54361
7757,54361
7758,54361
7759,54361
7760,54361
7761,54361
7762,54361
7763,54361
7764,54361
7765,54361
7766,54361
7767,54361
7768,54361
7769,54361
7770,54361
7771,54361
7772,54361
7773,54361
7774,54361
7775,54361
7776,54361
7777,54361
7778,54361
7779,54361
7780,54361
7781,54361
7782,54361
7783,54361
7784,54361
7785,54361
7786,54361
7787,54361
7788,54361
7789,54361
7790,54361
7791,54361
7792,54361
7793,54361
7794,54361
7795,54361
7796,54361
7797,54361
7798,54361
7799,54361
7800,54361
7801,54361
7802,54361
7803,54361
7804,54361
7805,54361
7806,54361
7807,54361
7808,54361
7809,54361
7810,54361
7811,54361
7812,54361
7813,54361
7814,54361
7815,54361
7816,54361
7817,54361
7818,54361
7819,54361
7820,54361
7821,54361
7822,54361
7823,54361
7824,54361
7825,54361
7826,54361
7827,54361
7828,54361
7829,54361
7830,54361
7831,54361
7832,54361
7833,54361
7834,54361
7835,54361
7836,54361
7837,54361
7838,54361
7839,54361
7840,54361
7841,54361
7842,54361
7843,54361
7844,54361
7845,54361
7846,54361
7847,54361
7848,54361
7849,54361
7850,54361
7851,54361
7852,54361
7853,54361
7854,54361
7855,54361
7856,54361
7857,54361
7858,54361
7859,54361
7860,54361
7861,54361
7862,54361
7863,54361
7864,54361
7865,54361
7866,54361
7867,54361
7868,54361
7869,54361
7870,54361
7871,54361
7872,54361
7873,54361
7874,54361
7875,54361
7876,54361
7877,54361
7878,54361
7879,54361
7880,54361
7881,54361
7882,54361
7883,54361
7884,54361
7885,54361
7886,54361
7887,54361
7888,54361
7889,54361
7890,54361
7891,54361
7892,54361
7893,54361
7894,54361
7895,54361
7896,54361
7897,54361
7898,54361
7899,54361
7900,54361
7901,54361
7902,54361
7903,54361
7904,54361
7905,54361
7906,54361
7907,54361
7908,54361
7909,54361
7910,54361
7911,54361
7912,54361
7913,54361
7914,54361
7915,54361
7916,54361
7917,54361
7918,54361
7919,54361
7920,54361
7921,54361
7922,54361
7923,54361
7924,54361
7925,54361
7926,54361
7927,54361
7928,54361
7929,54361
7930,54361
7931,54361
7932,54361
7933,54361
7934,54361
7935,54361
7936,54361
7937,54361
7938,54361
7939,54361
7940,54361
7941,54361
7942,54361
7943,54361
7944,54361
7945,54361
7946,54361
7947,54361
7948,54361
7949,54361
7950,54361
7951,54361
7952,54361
7953,54361
7954,54361
7955,54361
7956,54361
7957,54361
7958,54361
7959,54361
7960,54361
7961,54361
7962,54361
7963,54361
7964,54361
7965,54361
7966,54361
7967,54361
7968,54361
7969,54361
7970,54361
7971,54361
7972,54361
7973,54361
7974,54361
7975,54361
7976,54361
7977,54361
7978,54361
7979,54361
7980,54361
7981,54361
7982,54361
7983,54361
7984,54361
7985,54361
7986,54361
7987,54361
7988,54361
7989,54361
7990,54361
7991,54361
7992,54361
7993,54361
7994,54361
7995,54361
7996,54361
7997,54361
7998,54361
7999,54361
8000,54361
8001,54361
8002,54361
8003,54361
8004,54361
8005,54361
8006,54361
8007,54361
8008,54361
8009,54361
8010,54361
8011,54361
8012,54361
8013,54361
8014,54361
8015,54361
8016,54361
8017,54361
8018,54361
8019,54361
8020,54361
8021,54361
8022,54361
8023,54361
8024,54361
8025,54361
8026,54361
8027,54361
8028,54361
8029,54361
8030,54361
8031,54361
8032,54361
8033,54361
8034,54361
8035,54361
8036,54361
8037,54361
8038,54361
8039,54361
8040,54361
8041,54361
8042,54361
8043,54361
8044,54361
8045,54361
8046,54361
8047,54361
8048,54361
8049,54361
8050,54361
8051,54361
8052,54361
8053,54361
8054,54361
8055,54361
8056,54361
8057,54361
8058,54361
8059,54361
8060,54361
8061,54361
8062,54361
8063,54361
8064,54361
8065,54361
8066,54361
8067,54361
8068,54361
8069,54361
8070,54361
8071,54361
8072,54361
8073,54361
8074,54361
8075,54361
8076,54361
8077,54361
8078,54361
8079,54361
8080,54361
8081,54361
8082,54361
8083,54361
8084,54361
8085,54361
8086,54361
8087,54361
8088,54361
8089,54361
8090,54361
8091,54361
8092,54361
8093,54361
8094,54361
8095,54361
8096,54361
8097,54361
8098,54361
8099,54361
8100,54361
8101,54361
8102,54361
8103,54361
8104,54361
8105,54361
8106,54361
8107,54361
8108,54361
8109,54361
8110,54361
8111,54361
8112,54361
8113,54361
8114,54361
8115,54361
8116,54361
8117,54361
8118,54361
8119,54361
8120,54361
8121,54361
8122,54361
8123,54361
8124,54361
8125,54361
8126,54361
8127,54361
8128,54361
8129,54361
8130,54361
8131,54361
8132,54361
8133,54361
8134,54361
8135,54361
8136,54361
8137,54361
8138,54361
8139,54361
8140,54361
8141,54361
8142,54361
8143,54361
8144,54361
8145,54361
8146,54361
8147,54361
8148,54361
8149,54361
8150,54361
8151,54361
8152,54361
8153,54361
8154,54361
8155,54361
8156,54361
8157,54361
8158,54361
8159,54361
8160,54361
8161,54361
8162,54361
8163,54361
8164,54361
8165,54361
8166,54361
8167,54361
8168,54361
8169,54361
8170,54361
8171,54361
8172,54361
8173,54361
8174,54361
8175,54361
8176,54361
8177,54361
8178,54361
8179,54361
8180,54361
8181,54361
8182,54361
8183,54361
8184,54361
8185,54361
8186,54361
8187,54361
8188,54361
8189,54361
8190,54361
8191,54361
8192,54361
8193,54361
8194,54361
8195,54361
8196,54361
8197,54361
8198,54361
8199,54361
8200,54361
8201,54361
8202,54361
8203,54361
8204,54361
8205,54361
8206,54361
8207,54361
8208,54361
8209,54361
8210,54361
8211,54361
8212,54361
8213,54361
8214,54361
8215,54361
8216,54361
8217,54361
8218,54361
8219,54361
8220,54361
8221,54361
8222,54361
8223,54361
8224,54361
8225,54361
8226,54361
8227,54361
8228,54361
8229,54361
8230,54361
8231,54361
8232,54361
8233,54361
8234,54361
8235,54361
8236,54361
8237,54361
8238,54361
8239,54361
8240,54361
8241,54361
8242,54361
8243,54361
8244,54361
8245,54361
8246,54361
8247,54361
8248,54361
8249,54361
8250,54361
8251,54361
8252,54361
8253,54361
8254,54361
8255,54361
8256,54361
8257,54361
8258,54361
8259,54361
8260,54361
8261,54361
8262,54361
8263,54361
8264,54361
8265,54361
8266,54361
8267,54361
8268,54361
8269,54361
8270,54361
8271,54361
8272,54361
8273,54361
8274,54361
8275,54361
8276,54361
8277,54361
8278,54361
8279,54361
8280,54361
8281,54361
8282,54361
8283,54361
8284,54361
8285,54361
8286,54361
8287,54361
8288,54361
8289,54361
8290,54361
8291,54361
8292,54361
8293,54361
8294,54361
8295,54361
8296,54361
8297,54361
8298,54361
8299,54361
8300,54361
8301,54361
8302,54361
8303,54361
8304,54361
8305,54361
8306,54361
8307,54361
8308,54361
8309,54361
8310,54361
8311,54361
8312,54361
8313,54361
8314,54361
8315,54361
8316,54361
8317,54361
8318,54361
8319,54361
8320,54361
8321,54361
8322,54361
8323,54361
8324,54361
8325,54361
8326,54361
8327,54361
8328,54361
8329,54361
8330,54361
8331,54361
8332,54361
8333,54361
8334,54361
8335,54361
8336,54361
8337,54361
8338,54361
8339,54361
8340,54361
8341,54361
8342,54361
8343,54361
8344,54361
8345,54361
8346,54361
8347,54361
8348,54361
8349,54361
8350,54361
8351,54361
8352,54361
8353,54361
8354,54361
8355,54361
8356,54361
8357,54361
8358,54361
8359,54361
8360,54361
8361,54361
8362,54361
8363,54361
8364,54361
8365,54361
8366,54361
8367,54361
8368,54361
8369,54361
8370,54361
8371,54361
8372,54361
8373,54361
8374,54361
8375,54361
8376,54361
8377,54361
8378,54361
8379,54361
8380,54361
8381,54361
8382,54361
8383,54361
8384,54361
8385,54361
8386,54361
8387,54361
8388,54361
8389,54361
8390,54361
8391,54361
8392,54361
8393,54361
8394,54361
8395,54361
8396,54361
8397,54361
8398,54361
8399,54361
8400,54361
8401,54361
8402,54361
8403,54361
8404,54361
8405,54361
8406,54361
8407,54361
8408,54361
8409,54361
8410,54361
8411,54361
8412,54361
8413,54361
8414,54361
8415,54361
8416,54361
8417,54361
8418,54361
8419,54361
8420,54361
8421,54361
8422,54361
8423,54361
8424,54361
8425,54361
8426,54361
8427,54361
8428,54361
8429,54361
8430,54361
8431,54361
8432,54361
8433,54361
8434,54361
8435,54361
8436,54361
8437,54361
8438,54361
8439,54361
8440,54361
8441,54361
8442,54361
8443,54361
8444,54361
8445,54361
8446,54361
8447,54361
8448,54361
8449,54361
8450,54361
8451,54361
8452,54361
8453,54361
8454,54361
8455,54361
8456,54361
8457,54361
8458,54361
8459,54361
8460,54361
8461,54361
8462,54361
8463,54361
8464,54361
8465,54361
8466,54361
8467,54361
8468,54361
8469,54361
8470,54361
8471,54361
8472,54361
8473,54361
8474,54361
8475,54361
8476,54361
8477,54361
8478,54361
8479,54361
8480,54361
8481,54361
8482,54361
8483,54361
8484,54361
8485,54361
8486,54361
8487,54361
8488,54361
8489,54361
8490,54361
8491,54361
8492,54361
8493,54361
8494,54361
8495,54361
8496,54361
8497,54361
8498,54361
8499,54361
8500,54361
8501,54361
8502,54361
8503,54361
8504,54361
8505,54361
8506,54361
8507,54361
8508,54361
8509,54361
8510,54361
8511,54361
8512,54361
8513,54361
8514,54361
8515,54361
8516,54361
8517,54361
8518,54361
8519,54361
8520,54361
8521,54361
8522,54361
8523,54361
8524,54361
8525,54361
8526,54361
8527,54361
8528,54361
8529,54361
8530,54361
8531,54361
8532,54361
8533,54361
8534,54361
8535,54361
8536,54361
8537,54361
8538,54361
8539,54361
8540,54361
8541,54361
8542,54361
8543,54361
8544,54361
8545,54361
8546,54361
8547,54361
8548,54361
8549,54361
8550,54361
8551,54361
8552,54361
8553,54361
8554,54361
8555,54361
8556,54361
8557,54361
8558,54361
8559,54361
8560,54361
8561,54361
8562,54361
8563,54361
8564,54361
8565,54361
8566,54361
8567,54361
8568,54361
8569,54361
8570,54361
8571,54361
8572,54361
8573,54361
8574,54361
8575,54361
8576,54361
8577,54361
8578,54361
8579,54361
8580,54361
8581,54361
8582,54361
8583,54361
8584,54361
8585,54361
8586,54361
8587,54361
8588,54361
8589,54361
8590,54361
8591,54361
8592,54361
8593,54361
8594,54361
8595,54361
8596,54361
8597,54361
8598,54361
8599,54361
8600,54361
8601,54361
8602,54361
8603,54361
8604,54361
8605,54361
8606,54361
8607,54361
8608,54361
8609,54361
8610,54361
8611,54361
8612,54361
8613,54361
8614,54361
8615,54361
8616,54361
8617,54361
8618,54361
8619,54361
8620,54361
8621,54361
8622,54361
8623,54361
8624,54361
8625,54361
8626,54361
8627,54361
8628,54361
8629,54361
8630,54361
8631,54361
8632,54361
8633,54361
8634,54361
8635,54361
8636,54361
8637,54361
8638,54361
8639,54361
8640,54361
8641,54361
8642,54361
8643,54361
8644,54361
8645,54361
8646,54361
8647,54361
8648,54361
8649,54361
8650,54361
8651,54361
8652,54361
8653,54361
8654,54361
8655,54361
8656,54361
8657,54361
8658,54361
8659,54361
8660,54361
8661,54361
8662,54361
8663,54361
8664,54361
8665,54361
8666,54361
8667,54361
8668,54361
8669,54361
8670,54361
8671,54361
8672,54361
8673,54361
8674,54361
8675,54361
8676,54361
8677,54361
8678,54361
8679,54361
8680,54361
8681,54361
8682,54361
8683,54361
8684,54361
8685,54361
8686,54361
8687,54361
8688,54361
8689,54361
8690,54361
8691,54361
8692,54361
8693,54361
8694,54361
8695,54361
8696,54361
8697,54361
8698,54361
8699,54361
8700,54361
8701,54361
8702,54361
8703,54361
8704,54361
8705,54361
8706,54361
8707,54361
8708,54361
8709,54361
8710,54361
8711,54361
8712,54361
8713,54361
8714,54361
8715,54361
8716,54361
8717,54361
8718,54361
8719,54361
8720,54361
8721,54361
8722,54361
8723,54361
8724,54361
8725,54361
8726,54361
8727,54361
8728,54361
8729,54361
8730,54361
8731,54361
8732,54361
8733,54361
8734,54361
8735,54361
8736,54361
8737,54361
8738,54361
8739,54361
8740,54361
8741,54361
8742,54361
8743,54361
8744,54361
8745,54361
8746,54361
8747,54361
8748,54361
8749,54361
8750,54361
8751,54361
8752,54361
8753,54361
8754,54361
8755,54361
8756,54361
8757,54361
8758,54361
8759,54361
8760,54361
8761,54361
8762,54361
8763,54361
8764,54361
8765,54361
8766,54361
8767,54361
8768,54361
8769,54361
8770,54361
8771,54361
8772,54361
8773,54361
8774,54361
8775,54361
8776,54361
8777,54361
8778,54361
8779,54361
8780,54361
8781,54361
8782,54361
8783,54361
8784,54361
8785,54361
8786,54361
8787,54361
8788,54361
8789,54361
8790,54361
8791,54361
8792,54361
8793,54361
8794,54361
8795,54361
8796,54361
8797,54361
8798,54361
8799,54361
8800,54361
8801,54361
8802,54361
8803,54361
8804,54361
8805,54361
8806,54361
8807,54361
8808,54361
8809,54361
8810,54361
8811,54361
8812,54361
8813,54361
8814,54361
8815,54361
8816,54361
8817,54361
8818,54361
8819,54361
8820,54361
8821,54361
8822,54361
8823,54361
8824,54361
8825,54361
8826,54361
8827,54361
8828,54361
8829,54361
8830,54361
8831,54361
8832,54361
8833,54361
8834,54361
8835,54361
8836,54361
8837,54361
8838,54361
8839,54361
8840,54361
8841,54361
8842,54361
8843,54361
8844,54361
8845,54361
8846,54361
8847,54361
8848,54361
8849,54361
8850,54361
8851,54361
8852,54361
8853,54361
8854,54361
8855,54361
8856,54361
8857,54361
8858,54361
8859,54361
8860,54361
8861,54361
8862,54361
8863,54361
8864,54361
8865,54361
8866,54361
8867,54361
8868,54361
8869,54361
8870,54361
8871,54361
8872,54361
8873,54361
8874,54361
8875,54361
8876,54361
8877,54361
8878,54361
8879,54361
8880,54361
8881,54361
8882,54361
8883,54361
8884,54361
8885,54361
8886,54361
8887,54361
8888,54361
8889,54361
8890,54361
8891,54361
8892,54361
8893,54361
8894,54361
8895,54361
8896,54361
8897,54361
8898,54361
8899,54361
8900,54361
8901,54361
8902,54361
8903,54361
8904,54361
8905,54361
8906,54361
8907,54361
8908,54361
8909,54361
8910,54361
8911,54361
8912,54361
8913,54361
8914,54361
8915,54361
8916,54361
8917,54361
8918,54361
8919,54361
8920,54361
8921,54361
8922,54361
8923,54361
8924,54361
8925,54361
8926,54361
8927,54361
8928,54361
8929,54361
8930,54361
8931,54361
8932,54361
8933,54361
8934,54361
8935,54361
8936,54361
8937,54361
8938,54361
8939,54361
8940,54361
8941,54361
8942,54361
8943,54361
8944,54361
8945,54361
8946,54361
8947,54361
8948,54361
8949,54361
8950,54361
8951,54361
8952,54361
8953,54361
8954,54361
8955,54361
8956,54361
8957,54361
8958,54361
8959,54361
8960,54361
8961,54361
8962,54361
8963,54361
8964,54361
8965,54361
8966,54361
8967,54361
8968,54361
8969,54361
8970,54361
8971,54361
8972,54361
8973,54361
8974,54361
8975,54361
8976,54361
8977,54361
8978,54361
8979,54361
8980,54361
8981,54361
8982,54361
8983,54361
8984,54361
8985,54361
8986,54361
8987,54361
8988,54361
8989,54361
8990,54361
8991,54361
8992,54361
8993,54361
8994,54361
8995,54361
8996,54361
8997,54361
8998,54361
8999,54361
9000,54361
9001,54361
9002,54361
9003,54361
9004,54361
9005,54361
9006,54361
9007,54361
9008,54361
9009,54361
9010,54361
9011,54361
9012,54361
9013,54361
9014,54361
9015,54361
9016,54361
9017,54361
9018,54361
9019,54361
9020,54361
9021,54361
9022,54361
9023,54361
9024,54361
9025,54361
9026,54361
9027,54361
9028,54361
9029,54361
9030,54361
9031,54361
9032,54361
9033,54361
9034,54361
9035,54361
9036,54361
9037,54361
9038,54361
9039,54361
9040,54361
9041,54361
9042,54361
9043,54361
9044,54361
9045,54361
9046,54361
9047,54361
9048,54361
9049,54361
9050,54361
9051,54361
9052,54361
9053,54361
9054,54361
9055,54361
9056,54361
9057,54361
9058,54361
9059,54361
9060,54361
9061,54361
9062,54361
9063,54361
9064,54361
9065,54361
9066,54361
9067,54361
9068,54361
9069,54361
9070,54361
9071,54361
9072,54361
9073,54361
9074,54361
9075,54361
9076,54361
9077,54361
9078,54361
9079,54361
9080,54361
9081,54361
9082,54361
9083,54361
9084,54361
9085,54361
9086,54361
9087,54361
9088,54361
9089,54361
9090,54361
9091,54361
9092,54361
9093,54361
9094,54361
9095,54361
9096,54361
9097,54361
9098,54361
9099,54361
9100,54361
9101,54361
9102,54361
9103,54361
9104,54361
9105,54361
9106,54361
9107,54361
9108,54361
9109,54361
9110,54361
9111,54361
9112,54361
9113,54361
9114,54361
9115,54361
9116,54361
9117,54361
9118,54361
9119,54361
9120,54361
9121,54361
9122,54361
9123,54361
9124,54361
9125,54361
9126,54361
9127,54361
9128,54361
9129,54361
9130,54361
9131,54361
9132,54361
9133,54361
9134,54361
9135,54361
9136,54361
9137,54361
9138,54361
9139,54361
9140,54361
9141,54361
9142,54361
9143,54361
9144,54361
9145,54361
9146,54361
9147,54361
9148,54361
9149,54361
9150,54361
9151,54361
9152,54361
9153,54361
9154,54361
9155,54361
9156,54361
9157,54361
9158,54361
9159,54361
9160,54361
9161,54361
9162,54361
9163,54361
9164,54361
9165,54361
9166,54361
9167,54361
9168,54361
9169,54361
9170,54361
9171,54361
9172,54361
9173,54361
9174,54361
9175,54361
9176,54361
9177,54361
9178,54361
9179,54361
9180,54361
9181,54361
9182,54361
9183,54361
9184,54361
9185,54361
9186,54361
9187,54361
9188,54361
9189,54361
9190,54361
9191,54361
9192,54361
9193,54361
9194,54361
9195,54361
9196,54361
9197,54361
9198,54361
9199,54361
9200,54361
9201,54361
9202,54361
9203,54361
9204,54361
9205,54361
9206,54361
9207,54361
9208,54361
9209,54361
9210,54361
9211,54361
9212,54361
9213,54361
9214,54361
9215,54361
9216,54361
9217,54361
9218,54361
9219,54361
9220,54361
9221,54361
9222,54361
9223,54361
9224,54361
9225,54361
9226,54361
9227,54361
9228,54361
9229,54361
9230,54361
9231,54361
9232,54361
9233,54361
9234,54361
9235,54361
9236,54361
9237,54361
9238,54361
9239,54361
9240,54361
9241,54361
9242,54361
9243,54361
9244,54361
9245,54361
9246,54361
9247,54361
9248,54361
9249,54361
9250,54361
9251,54361
9252,54361
9253,54361
9254,54361
9255,54361
9256,54361
9257,54361
9258,54361
9259,54361
9260,54361
9261,54361
9262,54361
9263,54361
9264,54361
9265,54361
9266,54361
9267,54361
9268,54361
9269,54361
9270,54361
9271,54361
9272,54361
9273,54361
9274,54361
9275,54361
9276,54361
9277,54361
9278,54361
9279,54361
9280,54361
9281,54361
9282,54361
9283,54361
9284,54361
9285,54361
9286,54361
9287,54361
9288,54361
9289,54361
9290,54361
9291,54361
9292,54361
9293,54361
9294,54361
9295,54361
9296,54361
9297,54361
9298,54361
9299,54361
9300,54361
9301,54361
9302,54361
9303,54361
9304,54361
9305,54361
9306,54361
9307,54361
9308,54361
9309,54361
9310,54361
9311,54361
9312,54361
9313,54361
9314,54361
9315,54361
9316,54361
9317,54361
9318,54361
9319,54361
9320,54361
9321,54361
9322,54361
9323,54361
9324,54361
9325,54361
9326,54361
9327,54361
9328,54361
9329,54361
9330,54361
9331,54361
9332,54361
9333,54361
9334,54361
9335,54361
9336,54361
9337,54361
9338,54361
9339,54361
9340,54361
9341,54361
9342,54361
9343,54361
9344,54361
9345,54361
9346,54361
9347,54361
9348,54361
9349,54361
9350,54361
9351,54361
9352,54361
9353,54361
9354,54361
9355,54361
9356,54361
9357,54361
9358,54361
9359,54361
9360,54361
9361,54361
9362,54361
9363,54361
9364,54361
9365,54361
9366,54361
9367,54361
9368,54361
9369,54361
9370,54361
9371,54361
9372,54361
9373,54361
9374,54361
9375,54361
9376,54361
9377,54361
9378,54361
9379,54361
9380,54361
9381,54361
9382,54361
9383,54361
9384,54361
9385,54361
9386,54361
9387,54361
9388,54361
9389,54361
9390,54361
9391,54361
9392,54361
9393,54361
9394,54361
9395,54361
9396,54361
9397,54361
9398,54361
9399,54361
9400,54361
9401,54361
9402,54361
9403,54361
9404,54361
9405,54361
9406,54361
9407,54361
9408,54361
9409,54361
9410,54361
9411,54361
9412,54361
9413,54361
9414,54361
9415,54361
9416,54361
9417,54361
9418,54361
9419,54361
9420,54361
9421,54361
9422,54361
9423,54361
9424,54361
9425,54361
9426,54361
9427,54361
9428,54361
9429,54361
9430,54361
9431,54361
9432,54361
9433,54361
9434,54361
9435,54361
9436,54361
9437,54361
9438,54361
9439,54361
9440,54361
9441,54361
9442,54361
9443,54361
9444,54361
9445,54361
9446,54361
9447,54361
9448,54361
9449,54361
9450,54361
9451,54361
9452,54361
9453,54361
9454,54361
9455,54361
9456,54361
9457,54361
9458,54361
9459,54361
9460,54361
9461,54361
9462,54361
9463,54361
9464,54361
9465,54361
9466,54361
9467,54361
9468,54361
9469,54361
9470,54361
9471,54361
9472,54361
9473,54361
9474,54361
9475,54361
9476,54361
9477,54361
9478,54361
9479,54361
9480,54361
9481,54361
9482,54361
9483,54361
9484,54361
9485,54361
9486,54361
9487,54361
9488,54361
9489,54361
9490,54361
9491,54361
9492,54361
9493,54361
9494,54361
9495,54361
9496,54361
9497,54361
9498,54361
9499,54361
9500,54361
9501,54361
9502,54361
9503,54361
9504,54361
9505,54361
9506,54361
9507,54361
9508,54361
9509,54361
9510,54361
9511,54361
9512,54361
9513,54361
9514,54494
9515,54627
9516,54758
9517,54889
9518,55019
9519,55150
9520,55281
9521,55413
9522,55546
9523,55674
9524,55804
9525,55926
9526,56047
9527,56166
9528,56286
9529,56402
9530,56519
9531,56637
9532,56754
9533,56871
9534,56989
9535,57100
9536,57213
9537,57327
9538,57441
9539,57558
9540,57671
9541,57792
9542,57913
9543,58030
9544,58145
9545,58255
9546,58368
9547,58481
9548,58592
9549,58705
9550,58819
9551,58932
9552,59046
9553,59166
9554,59281
9555,59390
9556,59501
9557,59612
9558,59724
9559,59836
9560,59947
9561,60060
9562,60178
9563,60299
9564,60416
9565,60526
9566,60637
9567,60744
9568,60851
9569,60961
9570,61073
9571,61185
9572,61295
9573,61406
9574,61518
9575,61626
9576,61736
9577,61843
9578,61951
9579,62059
9580,62169
9581,62280
9582,62397
9583,62510
9584,62623
9585,62733
9586,62844
9587,62957
9588,63073
9589,63187
9590,63302
9591,63419
9592,63539
9593,63658
9594,63775
9595,63885
9596,63993
9597,64104
9598,64215
9599,64327
9600,64439
9601,64552
9602,64664
9603,64778
9604,64891
9605,64999
9606,65108
9607,65219
9608,65330
9609,65442
9610,65550
9611,65661
9612,65772
9613,65885
9614,65996
9615,66102
9616,66209
9617,66315
9618,66424
9619,66531
9620,66639
9621,66749
9622,66863
9623,66977
9624,67094
9625,67203
9626,67310
9627,67423
9628,67534
9629,67642
9630,67749
9631,67857
9632,67962
9633,68068
9634,68171
9635,68268
9636,68368
9637,68465
9638,68559
9639,68656
9640,68756
9641,68859
9642,68958
9643,69061
9644,69163
9645,69259
9646,69350
9647,69440
9648,69530
9649,69622
9650,69714
9651,69804
9652,69898
9653,69995
9654,70086
9655,70174
9656,70264
9657,70353
9658,70442
9659,70531
9660,70619
9661,70710
9662,70801
9663,70894
9664,70987
9665,71075
9666,71164
9667,71253
9668,71343
9669,71432
9670,71523
9671,71614
9672,71702
9673,71792
9674,71884
9675,71972
9676,72060
9677,72151
9678,72242
9679,72332
9680,72421
9681,72512
9682,72604
9683,72703
9684,72808
9685,72906
9686,73004
9687,73103
9688,73206
9689,73306
9690,73406
9691,73510
9692,73615
9693,73720
9694,73823
9695,73920
9696,74014
9697,74102
9698,74184
9699,74265
9700,74344
9701,74425
9702,74504
9703,74580
9704,74659
9705,74734
9706,74810
9707,74886
9708,74963
9709,75043
9710,75122
9711,75202
9712,75282
9713,75361
9714,75442
9715,75518
9716,75594
9717,75674
9718,75749
9719,75828
9720,75905
9721,75984
9722,76063
9723,76142
9724,76224
9725,76300
9726,76379
9727,76454
9728,76525
9729,76596
9730,76670
9731,76743
9732,76817
9733,76893
9734,76971
9735,77043
9736,77115
9737,77188
9738,77261
9739,77334
9740,77405
9741,77474
9742,77543
9743,77610
9744,77682
9745,77749
9746,77814
9747,77881
9748,77950
9749,78018
9750,78083
9751,78151
9752,78218
9753,78288
9754,78357
9755,78422
9756,78488
9757,78555
9758,78622
9759,78691
9760,78758
9761,78827
9762,78897
9763,78962
9764,79029
9765,79091
9766,79152
9767,79213
9768,79276
9769,79339
9770,79402
9771,79465
9772,79529
9773,79592
9774,79654
9775,79715
9776,79774
9777,79837
9778,79898
9779,79962
9780,80025
9781,80084
9782,80145
9783,80205
9784,80264
9785,80320
9786,80376
9787,80432
9788,80488
9789,80544
9790,80602
9791,80659
9792,80715
9793,80770
9794,80825
9795,80877
9796,80930
9797,80985
9798,81039
9799,81093
9800,81148
9801,81207
9802,81259
9803,81311
9804,81365
9805,81418
9806,81469
9807,81517
9808,81568
9809,81619
9810,81669
9811,81717
9812,81767
9813,81815
9814,81863
9815,81907
9816,81955
9817,82002
9818,82050
9819,82097
9820,82144
9821,82192
9822,82240
9823,82288
9824,82337
9825,82381
9826,82426
9827,82470
9828,82517
9829,82564
9830,82611
9831,82655
9832,82699
9833,82743
9834,82788
9835,82832
9836,82874
9837,82917
9838,82961
9839,83009
9840,83057
9841,83104
9842,83152
9843,83198
9844,83243
9845,83285
9846,83329
9847,83374
9848,83418
9849,83464
9850,83510
9851,83554
9852,83598
9853,83643
9854,83687
9855,83727
9856,83768
9857,83810
9858,83852
9859,83896
9860,83940
9861,83987
9862,84033
9863,84081
9864,84129
9865,84172
9866,84214
9867,84258
9868,84304
9869,84349
9870,84394
9871,84441
9872,84488
9873,84533
9874,84581
9875,84623
9876,84666
9877,84710
9878,84756
9879,84798
9880,84843
9881,84890
9882,84940
9883,84990
9884,85040
9885,85086
9886,85130
9887,85173
9888,85216
9889,85255
9890,85297
9891,85335
9892,85376
9893,85415
9894,85457
9895,85496
9896,85537
9897,85578
9898,85620
9899,85666
9900,85710
9901,85752
9902,85794
9903,85838
9904,85884
9905,85927
9906,85969
9907,86011
9908,86053
9909,86095
9910,86135
9911,86177
9912,86218
9913,86258
9914,86297
9915,86331
9916,86364
9917,86395
9918,86427
9919,86458
9920,86488
9921,86518
9922,86547
9923,86574
9924,86603
9925,86628
9926,86652
9927,86677
9928,86702
9929,86725
9930,86746
9931,86767
9932,86787
9933,86806
9934,86827
9935,86846
9936,86864
9937,86882
9938,86902
9939,86923
9940,86943
9941,86963
9942,86982
9943,87001
9944,87017
9945,87032
9946,87047
9947,87062
9948,87078
9949,87095
9950,87110
9951,87125
9952,87141
9953,87154
9954,87170
9955,87182
9956,87196
9957,87210
9958,87224
9959,87238
9960,87253
9961,87266
9962,87279
9963,87294
9964,87309
9965,87322
9966,87337
9967,87352
9968,87365
9969,87379
9970,87392
9971,87406
9972,87420
9973,87435
9974,87448
9975,87461
9976,87475
9977,87489
9978,87503
9979,87518
9980,87534
9981,87548
9982,87561
9983,87573
9984,87586
9985,87599
9986,87613
9987,87625
9988,87637
9989,87649
9990,87661
9991,87673
9992,87684
9993,87696
9994,87708
9995,87719
9996,87727
9997,87735
9998,87742
9999,87749
10000,87755
10001,87762
10002,87769
10003,87775
10004,87780
10005,87786
10006,87792
10007,87798
10008,87803
10009,87809
10010,87814
10011,87820
10012,87826
10013,87832
10014,87837
10015,87843
10016,87849
10017,87855
10018,87862
10019,87867
10020,87873
10021,87878
10022,87882
10023,87886
10024,87890
10025,87895
10026,87900
10027,87904
10028,87908
10029,87914
10030,87919
10031,87924
10032,87931
10033,87937
10034,87943
10035,87947
10036,87951
10037,87955
10038,87961
10039,87969
10040,87974
10041,87979
10042,87986
10043,87992
10044,87997
10045,88003
10046,88009
10047,88011
10048,88013
10049,88017
10050,88018
10051,88018
10052,88018
10053,88018
10054,88018
10055,88018
10056,88018
10057,88018
10058,88018
10059,88018
10060,88018
10061,88018
10062,88018
10063,88018
10064,88018
10065,88018
10066,88018
10067,88018
10068,88018
10069,88018
10070,88018
10071,88018
10072,88018
10073,88018
10074,88018
10075,88018
10076,88018
10077,88018
10078,88018
10079,88018
10080,88018
10081,88018
10082,88018
10083,88018
10084,88018
10085,88018
10086,88018
10087,88018
10088,88018
10089,88018
10090,88018
10091,88018
10092,88018
10093,88018
10094,88018
10095,88018
10096,88018
10097,88018
10098,88018
10099,88018
10100,88018
10101,88018
10102,88018
10103,88018
10104,88018
10105,88018
10106,88018
10107,88018
10108,88018
10109,88018
10110,88018
10111,88018
10112,88018
10113,88018
10114,88018
10115,88018
10116,88018
10117,88018
10118,88018
10119,88018
10120,88018
10121,88018
10122,88018
10123,88018
10124,88018
10125,88018
10126,88018
10127,88018
10128,88018
10129,88018
10130,88018
10131,88018
10132,88018
10133,88018
10134,88018
10135,88018
10136,88018
10137,88018
10138,88018
10139,88018
10140,88018
10141,88018
10142,88018
10143,88018
10144,88018
10145,88018
10146,88018
10147,88018
10148,88018
10149,88018
10150,88018
10151,88018
10152,88018
10153,88018
10154,88018
10155,88018
10156,88018
10157,88018
10158,88018
10159,88018
10160,88018
10161,88018
10162,88018
10163,88018
10164,88018
10165,88018
10166,88018
10167,88018
10168,88018
10169,88018
10170,88018
10171,88018
10172,88018
10173,88018
10174,88018
10175,88018
10176,88018
10177,88018
10178,88018
10179,88018
10180,88018
10181,88018
10182,88018
10183,88018
10184,88018
10185,88018
10186,88018
10187,88018
10188,88018
10189,88018
10190,88018
10191,88018
10192,88018
10193,88018
10194,88018
10195,88018
10196,88018
10197,88018
10198,88018
10199,88018
10200,88018
10201,88018
10202,88018
10203,88018
10204,88018
10205,88018
10206,88018
10207,88018
10208,88018
10209,88018
10210,88018
10211,88018
10212,88018
10213,88018
10214,88018
10215,88018
10216,88018
10217,88018
10218,88018
10219,88018
10220,88018
10221,88018
10222,88018
10223,88018
10224,88018
10225,88018
10226,88018
10227,88018
10228,88018
10229,88018
10230,88018
10231,88018
10232,88018
10233,88018
10234,88018
10235,88018
10236,88018
10237,88018
10238,88018
10239,88018
10240,88018
10241,88018
10242,88018
10243,88018
10244,88018
10245,88018
10246,88018
10247,88018
10248,88018
10249,88018
10250,88018
10251,88018
10252,88018
10253,88018
10254,88018
10255,88018
10256,88018
10257,88018
10258,88018
10259,88018
10260,88018
10261,88018
10262,88018
10263,88018
10264,88018
10265,88018
10266,88018
10267,88018
10268,88018
10269,88018
10270,88018
10271,88018
10272,88018
10273,88018
10274,88018
10275,88018
10276,88018
10277,88018
10278,88018
10279,88018
10280,88018
10281,88018
10282,88018
10283,88018
10284,88018
10285,88018
10286,88018
10287,88018
10288,88018
10289,88018
10290,88018
10291,88018
10292,88018
10293,88018
10294,88018
10295,88018
10296,88018
10297,88018
10298,88018
10299,88018
10300,88018
10301,88018
10302,88018
10303,88018
10304,88018
10305,88018
10306,88018
10307,88018
10308,88018
10309,88018
10310,88018
10311,88018
10312,88018
10313,88018
10314,88018
10315,88018
10316,88018
10317,88018
10318,88018
10319,88018
10320,88018
10321,88018
10322,88018
10323,88018
10324,88018
10325,88018
10326,88018
10327,88018
10328,88018
10329,88018
10330,88018
10331,88018
10332,88018
10333,88018
10334,88018
10335,88018
10336,88018
10337,88018
10338,88018
10339,88018
10340,88018
10341,88018
10342,88018
10343,88018
10344,88018
10345,88018
10346,88018
10347,88018
10348,88018
10349,88018
10350,88018
10351,88018
10352,88018
10353,88018
10354,88018
10355,88018
10356,88018
10357,88018
10358,88018
10359,88018
10360,88018
10361,88018
10362,88018
10363,88018
10364,88018
10365,88018
10366,88018
10367,88018
10368,88018
10369,88018
10370,88018
10371,88018
10372,88018
10373,88018
10374,88018
10375,88018
10376,88018
10377,88018
10378,88018
10379,88018
10380,88018
10381,88018
10382,88018
10383,88018
10384,88018
10385,88018
10386,88018
10387,88018
10388,88018
10389,88018
10390,88018
10391,88018
10392,88018
10393,88018
10394,88018
10395,88018
10396,88018
10397,88018
10398,88018
10399,88018
10400,88018
10401,88018
10402,88018
10403,88018
10404,88018
10405,88018
10406,88018
10407,88018
10408,88018
10409,88018
10410,88018
10411,88018
10412,88018
10413,88018
10414,88018
10415,88018
10416,88018
10417,88018
10418,88018
10419,88018
10420,88018
10421,88018
10422,88018
10423,88018
10424,88018
10425,88018
10426,88018
10427,88018
10428,88018
10429,88018
10430,88018
10431,88018
10432,88018
10433,88018
10434,88018
10435,88018
10436,88018
10437,88018
10438,88018
10439,88018
10440,88018
10441,88018
10442,88018
10443,88018
10444,88018
10445,88018
10446,88018
10447,88018
10448,88018
10449,88018
10450,88018
10451,88018
10452,88018
10453,88018
10454,88018
10455,88018
10456,88018
10457,88018
10458,88018
10459,88018
10460,88018
10461,88018
10462,88018
10463,88018
10464,88018
10465,88018
10466,88018
10467,88018
10468,88018
10469,88018
10470,88018
10471,88018
10472,88018
10473,88018
10474,88018
10475,88018
10476,88018
10477,88018
10478,88018
10479,88018
10480,88018
10481,88018
10482,88018
10483,88018
10484,88018
10485,88018
10486,88018
10487,88018
10488,88018
10489,88018
10490,88018
10491,88018
10492,88018
10493,88018
10494,88018
10495,88018
10496,88018
10497,88018
10498,88018
10499,88018
10500,88018
10501,88018
10502,88018
10503,88018
10504,88018
10505,88018
10506,88018
10507,88018
10508,88018
10509,88018
10510,88018
10511,88018
10512,88018
10513,88018
10514,88018
10515,88018
10516,88018
10517,88018
10518,88018
10519,88018
10520,88018
10521,88018
10522,88018
10523,88018
10524,88018
10525,88018
10526,88018
10527,88018
10528,88018
10529,88018
10530,88018
10531,88018
10532,88018
10533,88018
10534,88018
10535,88018
10536,88018
10537,88018
10538,88018
10539,88018
10540,88018
10541,88018
10542,88018
10543,88018
10544,88018
10545,88018
10546,88018
10547,88018
10548,88018
10549,88018
10550,88018
10551,88018
10552,88018
10553,88018
10554,88018
10555,88018
10556,88018
10557,88018
10558,88018
10559,88018
10560,88018
10561,88018
10562,88018
10563,88018
10564,88018
10565,88018
10566,88018
10567,88018
10568,88018
10569,88018
10570,88018
10571,88018
10572,88018
10573,88018
10574,88018
10575,88018
10576,88018
10577,88018
10578,88018
10579,88018
10580,88018
10581,88018
10582,88018
10583,88018
10584,88018
10585,88018
10586,88018
10587,88018
10588,88018
10589,88018
10590,88018
10591,88018
10592,88018
10593,88018
10594,88018
10595,88018
10596,88018
10597,88018
10598,88018
10599,88018
10600,88018
10601,88018
10602,88018
10603,88018
10604,88018
10605,88018
10606,88018
10607,88018
10608,88018
10609,88018
10610,88018
10611,88018
10612,88018
10613,88018
10614,88018
10615,88018
10616,88018
10617,88018
10618,88018
10619,88018
10620,88018
10621,88018
10622,88018
10623,88018
10624,88018
10625,88018
10626,88018
10627,88018
10628,88018
10629,88018
10630,88018
10631,88018
10632,88018
10633,88018
10634,88018
10635,88018
10636,88018
10637,88018
10638,88018
10639,88018
10640,88018
10641,88018
10642,88018
10643,88018
10644,88018
10645,88018
10646,88018
10647,88018
10648,88018
10649,88018
10650,88018
10651,88018
10652,88018
10653,88018
10654,88018
10655,88018
10656,88018
10657,88018
10658,88018
10659,88018
10660,88018
10661,88018
10662,88018
10663,88018
10664,88018
10665,88018
10666,88018
10667,88018
10668,88018
10669,88018
10670,88018
10671,88018
10672,88018
10673,88018
10674,88018
10675,88018
10676,88018
10677,88018
10678,88018
10679,88018
10680,88018
10681,88018
10682,88018
10683,88018
10684,88018
10685,88018
10686,88018
10687,88018
10688,88018
10689,88018
10690,88018
10691,88018
10692,88018
10693,88018
10694,88018
10695,88018
10696,88018
10697,88018
10698,88018
10699,88018
10700,88018
10701,88018
10702,88018
10703,88018
10704,88018
10705,88018
10706,88018
10707,88018
10708,88018
10709,88018
10710,88018
10711,88018
10712,88018
10713,88018
10714,88018
10715,88018
10716,88018
10717,88018
10718,88018
10719,88018
10720,88018
10721,88018
10722,88018
10723,88018
10724,88018
10725,88018
10726,88018
10727,88018
10728,88018
10729,88018
10730,88018
10731,88018
10732,88018
10733,88018
10734,88018
10735,88018
10736,88018
10737,88018
10738,88018
10739,88018
10740,88018
10741,88018
10742,88018
10743,88018
10744,88018
10745,88018
10746,88018
10747,88018
10748,88018
10749,88018
10750,88018
10751,88018
10752,88018
10753,88018
10754,88018
10755,88018
10756,88018
10757,88018
10758,88018
10759,88018
10760,88018
10761,88018
10762,88018
10763,88018
10764,88018
10765,88018
10766,88018
10767,88018
10768,88018
10769,88018
10770,88018
10771,88018
10772,88018
10773,88018
10774,88018
10775,88018
10776,88018
10777,88018
10778,88018
10779,88018
10780,88018
10781,88018
10782,88018
10783,88018
10784,88018
10785,88018
10786,88018
10787,88018
10788,88018
10789,88018
10790,88018
10791,88018
10792,88018
10793,88018
10794,88018
10795,88018
10796,88018
10797,88018
10798,88018
10799,88018
10800,88018
10801,88018
10802,88018
10803,88018
10804,88018
10805,88018
10806,88018
10807,88018
10808,88018
10809,88018
10810,88018
10811,88018
10812,88018
10813,88018
10814,88018
10815,88018
10816,88018
10817,88018
10818,88018
10819,88018
10820,88018
10821,88018
10822,88018
10823,88018
10824,88018
10825,88018
10826,88018
10827,88018
10828,88018
10829,88018
10830,88018
10831,88018
10832,88018
10833,88018
10834,88018
10835,88018
10836,88018
10837,88018
10838,88018
10839,88018
10840,88018
10841,88018
10842,88018
10843,88018
10844,88018
10845,88018
10846,88018
10847,88018
10848,88018
10849,88018
10850,88018
10851,88018
10852,88018
10853,88018
10854,88018
10855,88018
10856,88018
10857,88018
10858,88018
10859,88018
10860,88018
10861,88018
10862,88018
10863,88018
10864,88018
10865,88018
10866,88018
10867,88018
10868,88018
10869,88018
10870,88018
10871,88018
10872,88018
10873,88018
10874,88018
10875,88018
10876,88018
10877,88018
10878,88018
10879,88018
10880,88018
10881,88018
10882,88018
10883,88018
10884,88018
10885,88018
10886,88018
10887,88018
10888,88018
10889,88018
10890,88018
10891,88018
10892,88018
10893,88018
10894,88018
10895,88018
10896,88018
10897,88018
10898,88018
10899,88018
10900,88018
10901,88018
10902,88018
10903,88018
10904,88018
10905,88018
10906,88018
10907,88018
10908,88018
10909,88018
10910,88018
10911,88018
10912,88018
10913,88018
10914,88018
10915,88018
10916,88018
10917,88018
10918,88018
10919,88018
10920,88018
10921,88018
10922,88018
10923,88018
10924,88018
10925,88018
10926,88018
10927,88018
10928,88018
10929,88018
10930,88018
10931,88018
10932,88018
10933,88018
10934,88018
10935,88018
10936,88018
10937,88018
10938,88018
10939,88018
10940,88018
10941,88018
10942,88018
10943,88018
10944,88018
10945,88018
10946,88018
10947,88018
10948,88018
10949,88018
10950,88018
10951,88018
10952,88018
10953,88018
10954,88018
10955,88018
10956,88018
10957,88018
10958,88018
10959,88018
10960,88018
10961,88018
10962,88018
10963,88018
10964,88018
10965,88018
10966,88018
10967,88018
10968,88018
10969,88018
10970,88018
10971,88018
10972,88018
10973,88018
10974,88018
10975,88018
10976,88018
10977,88018
10978,88018
10979,88018
10980,88018
10981,88018
10982,88018
10983,88018
10984,88018
10985,88018
10986,88018
10987,88018
10988,88018
10989,88018
10990,88018
10991,88018
10992,88018
10993,88018
10994,88018
10995,88018
10996,88018
10997,88018
10998,88018
10999,88018
11000,88018
11001,88018
11002,88018
11003,88018
11004,88018
11005,88018
11006,88018
11007,88018
11008,88018
11009,88018
11010,88018
11011,88018
11012,88018
11013,88018
11014,88018
11015,88018
11016,88018
11017,88018
11018,88018
11019,88018
11020,88018
11021,88018
11022,88018
11023,88018
11024,88018
11025,88018
11026,88018
11027,88018
11028,88018
11029,88018
11030,88018
11031,88018
11032,88018
11033,88018
11034,88018
11035,88018
11036,88018
11037,88018
11038,88018
11039,88018
11040,88018
11041,88018
11042,88018
11043,88018
11044,88018
11045,88018
11046,88018
11047,88018
11048,88018
11049,88018
11050,88018
11051,88018
11052,88018
11053,88018
11054,88018
11055,88018
11056,88018
11057,88018
11058,88018
11059,88018
11060,88018
11061,88018
11062,88018
11063,88018
11064,88018
11065,88018
11066,88018
11067,88018
11068,88018
11069,88018
11070,88018
11071,88018
11072,88018
11073,88018
11074,88018
11075,88018
11076,88018
11077,88018
11078,88018
11079,88018
11080,88018
11081,88018
11082,88018
11083,88018
11084,88018
11085,88018
11086,88018
11087,88018
11088,88018
11089,88018
11090,88018
11091,88018
11092,88018
11093,88018
11094,88018
11095,88018
11096,88018
11097,88018
11098,88018
11099,88018
11100,88018
11101,88018
11102,88018
11103,88018
11104,88018
11105,88018
11106,88018
11107,88018
11108,88018
11109,88018
11110,88018
11111,88018
11112,87661
11113,87272
11114,86872
11115,86468
11116,86043
11117,85606
11118,85129
11119,84634
11120,84099
11121,83537
11122,82936
11123,82283
11124,81624
11125,80977
11126,80353
11127,79738
11128,79134
11129,78548
11130,77982
11131,77404
11132,76874
11133,76361
11134,75807
11135,75231
11136,74668
11137,74122
11138,73585
11139,73007
11140,72428
11141,71879
11142,71311
11143,70699
11144,70104
11145,69475
11146,68890
11147,68274
11148,67602
11149,66948
11150,66295
11151,65644
11152,65033
11153,64486
11154,63915
11155,63366
11156,62831
11157,62297
11158,61747
11159,61185
11160,60635
11161,60148
11162,59730
11163,59327
11164,58901
11165,58461
11166,58005
11167,57553
11168,57120
11169,56689
11170,56246
11171,55816
11172,55377
11173,54928
11174,54495
11175,54060
11176,53617
11177,53164
11178,52709
11179,52236
11180,51776
11181,51311
11182,50853
11183,50384
11184,49919
11185,49424
11186,48938
11187,48449
11188,47941
11189,47472
11190,46984
11191,46516
11192,46035
11193,45553
11194,45073
11195,44577
11196,44051
11197,43530
11198,43039
11199,42548
11200,42072
11201,41592
11202,41109
11203,40625
11204,40158
11205,39716
11206,39282
11207,38862
11208,38435
11209,37996
11210,37554
11211,37136
11212,36710
11213,36265
11214,35793
11215,35321
11216,34878
11217,34409
11218,33950
11219,33517
11220,33068
11221,32630
11222,32187
11223,31760
11224,31295
11225,30828
11226,30330
11227,29834
11228,29340
11229,28836
11230,28342
11231,27840
11232,27301
11233,26768
11234,26233
11235,25706
11236,25211
11237,24711
11238,24233
11239,23688
11240,23173
11241,22656
11242,22131
11243,21650
11244,21181
11245,20758
11246,20310
11247,19857
11248,19433
11249,19011
11250,18588
11251,18153
11252,17724
11253,17311
11254,16916
11255,16522
11256,16127
11257,15724
11258,15330
11259,14923
11260,14500
11261,14067
11262,13644
11263,13206
11264,12796
11265,12412
11266,12027
11267,11651
11268,11274
11269,10896
11270,10539
11271,10159
11272,9781
11273,9393
11274,9012
11275,8624
11276,8220
11277,7814
11278,7384
11279,6974
11280,6577
11281,6159
11282,5746
11283,5370
11284,5011
11285,4695
11286,4417
11287,4148
11288,3886
11289,3653
11290,3447
11291,3257
11292,3073
11293,2934
11294,2807
11295,2702
11296,2604
11297,2516
11298,2441
11299,2378
11300,2315
11301,2250
11302,2195
11303,2142
11304,2080
11305,2028
11306,1971
11307,1909
11308,1851
11309,1789
11310,1729
11311,1678
11312,1628
11313,1578
11314,1531
11315,1481
11316,1434
11317,1386
11318,1339
11319,1293
11320,1249
11321,1201
11322,1156
11323,1107
11324,1050
11325,1010
11326,966
11327,926
11328,879
11329,828
11330,777
11331,724
11332,674
11333,630
11334,584
11335,540
11336,499
11337,449
11338,390
11339,345
11340,313
11341,284
11342,262
11343,242
11344,221
11345,202
11346,180
11347,165
11348,154
11349,137
11350,120
11351,0
11352,0
11353,0
11354,0
11355,0
11356,0
11357,0
11358,0
11359,0
11360,0
11361,0
11362,0
11363,0
11364,0
11365,0
11366,0
11367,0
11368,0
11369,0
11370,0
11371,0
11372,0
11373,0
11374,0
11375,0
11376,0
11377,0
11378,0
11379,0
11380,0
11381,0
11382,0
11383,0
11384,0
11385,0
11386,0
11387,0
11388,0
11389,0
11390,0
11391,0
11392,0
11393,0
11394,0
11395,0
11396,0
11397,0
11398,0
11399,0
11400,0
11401,0
11402,0
11403,0
11404,0
11405,0
11406,0
11407,0
11408,0
11409,0
11410,0
11411,0
11412,0
11413,0
11414,0
11415,0
11416,0
11417,0
11418,0
11419,0
11420,0
11421,0
11422,0
11423,0
11424,0
11425,0
11426,0
11427,0
11428,0
11429,0
11430,0
11431,0
11432,0
11433,0
11434,0
11435,0
11436,0
11437,0
11438,0
11439,0
11440,0
11441,0
11442,0
11443,0
11444,0
11445,0
11446,0
11447,0
11448,0
11449,0
11450,0
11451,0
11452,0
11453,0
11454,0
11455,0
11456,0
11457,0
11458,0
11459,0
11460,0
11461,0
11462,0
11463,0
11464,0
11465,0
11466,0
11467,0
11468,0
11469,0
11470,0
11471,0
11472,0
11473,0
11474,0
11475,0
11476,0
11477,0
11478,0
11479,0
11480,0
11481,0
11482,0
11483,0
11484,0
11485,0
11486,0
11487,0
11488,0
11489,0
11490,0
11491,0
11492,0
11493,0
11494,0
11495,0
11496,0
11497,0
11498,0
11499,0
11500,0
11501,0
11502,0
11503,0
11504,0
11505,0
11506,0
11507,0
11508,0
11509,0
11510,0
11511,0
11512,0
11513,0
11514,0
11515,0
11516,0
11517,0
11518,0
11519,0
11520,0
11521,0
11522,0
11523,0
11524,0
11525,0
11526,0
11527,0
11528,0
11529,0
11530,0
11531,0
11532,0
11533,0
11534,0
11535,0
11536,0
11537,0
11538,0
11539,0
11540,0
11541,0
11542,0
11543,0
11544,0
11545,0
11546,0
11547,0
11548,0
11549,0
11550,0
11551,0
11552,0
11553,0
11554,0
11555,0
11556,0
11557,0
11558,0
11559,0
11560,0
11561,0
11562,0
11563,0
11564,0
11565,0
11566,0
11567,0
11568,0
11569,0
11570,0
11571,0
11572,0
11573,0
11574,0
11575,0
11576,0
11577,0
11578,0
11579,0
11580,0
11581,0
11582,0
11583,0
11584,0
11585,0
11586,0
11587,0
11588,0
11589,0
11590,0
11591,0
11592,0
11593,0
11594,0
11595,0
11596,0
11597,0
11598,0
11599,0
11600,0
11601,0
11602,0
11603,0
11604,0
11605,0
11606,0
11607,0
11608,0
11609,0
11610,0
11611,0
11612,0
11613,0
11614,0
11615,0
11616,0
11617,0
11618,0
11619,0
11620,0
11621,0
11622,0
11623,0
11624,0
11625,0
11626,0
11627,0
11628,0
11629,0
11630,0
11631,0
11632,0
11633,0
11634,0
11635,0
11636,0
11637,0
11638,0
11639,0
11640,0
11641,0
11642,0
11643,0
11644,0
11645,0
11646,0
11647,0
11648,0
11649,0
11650,0
11651,0
11652,0
11653,0
11654,0
11655,0
11656,0
11657,0
11658,0
11659,0
11660,0
11661,0
11662,0
11663,0
11664,0
11665,0
11666,0
11667,0
11668,0
11669,0
11670,0
11671,0
11672,0
11673,0
11674,0
11675,0
11676,0
11677,0
11678,0
11679,0
11680,0
11681,0
11682,0
11683,0
11684,0
11685,0
11686,0
11687,0
11688,0
11689,0
11690,0
11691,0
11692,0
11693,0
11694,0
11695,0
11696,0
11697,0
11698,0
11699,0
11700,0
11701,0
11702,0
11703,0
11704,0
11705,0
11706,0
11707,0
11708,0
11709,0
11710,0
11711,0
11712,0
11713,0
11714,0
11715,0
11716,0
11717,0
11718,0
11719,0
11720,0
11721,0
11722,0
11723,0
11724,0
11725,0
11726,0
11727,0
11728,0
11729,0
11730,0
11731,0
11732,0
11733,0
11734,0
11735,0
11736,0
11737,0
11738,0
11739,0
11740,0
11741,0
11742,0
11743,0
11744,0
11745,0
11746,0
11747,0
11748,0
11749,0
11750,0
11751,0
11752,0
11753,0
11754,0
11755,0
11756,0
11757,0
11758,0
11759,0
11760,0
11761,0
11762,0
11763,0
11764,0
11765,0
11766,0
11767,0
11768,0
11769,0
11770,0
11771,0
11772,0
11773,0
11774,0
11775,0
11776,0
11777,0
11778,0
11779,0
11780,0
11781,0
11782,0
11783,0
11784,0
11785,0
11786,0
11787,0
11788,0
11789,0
11790,0
11791,0
11792,0
11793,0
11794,0
11795,0
11796,0
11797,0
11798,0
11799,0
11800,0
11801,0
11802,0
11803,0
11804,0
11805,0
11806,0
11807,0
11808,0
11809,0
11810,0
11811,0
11812,0
11813,0
11814,0
11815,0
11816,0
11817,0
11818,0
11819,0
11820,0
11821,0
11822,0
11823,0
11824,0
11825,0
11826,0
11827,0
11828,0
11829,0
11830,0
11831,0
11832,0
11833,0
11834,0
11835,0
11836,0
11837,0
11838,0
11839,0
11840,0
11841,0
11842,0
11843,0
11844,0
11845,0
11846,0
11847,0
11848,0
11849,0
11850,0
11851,0
11852,0
11853,0
11854,0
11855,0
11856,0
11857,0
11858,0
11859,0
11860,0
11861,0
11862,0
11863,0
11864,0
11865,0
11866,0
11867,0
11868,0
11869,0
11870,0
11871,0
11872,0
11873,0
11874,0
11875,0
11876,0
11877,0
11878,0
11879,0
11880,0
11881,0
11882,0
11883,0
11884,0
11885,0
11886,0
11887,0
11888,0
11889,0
11890,0
11891,0
11892,0
11893,0
11894,0
11895,0
11896,0
11897,0
11898,0
11899,0
11900,0
11901,0
11902,0
11903,0
11904,0
11905,0
11906,0
11907,0
11908,0
11909,0
11910,0
11911,0
11912,0
11913,0
11914,0
11915,0
11916,0
11917,0
11918,0
11919,0
11920,0
11921,0
11922,0
11923,0
11924,0
11925,0
11926,0
11927,0
11928,0
11929,0
11930,0
11931,0
11932,0
11933,0
11934,0
11935,0
11936,0
11937,0
11938,0
11939,0
11940,0
11941,0
11942,0
11943,0
11944,0
11945,0
11946,0
11947,0
11948,0
11949,0
11950,0
11951,0
11952,0
11953,0
11954,0
11955,0
11956,0
11957,0
11958,0
11959,0
11960,0
11961,0
11962,0
11963,0
11964,0
11965,0
11966,0
11967,0
11968,0
11969,0
11970,0
11971,0
11972,0
11973,0
11974,0
11975,0
11976,0
11977,0
11978,0
11979,0
11980,0
11981,0
11982,0
11983,0
11984,0
11985,0
11986,0
11987,0
11988,0
11989,0
11990,0
11991,0
11992,0
11993,0
11994,0
11995,0
11996,0
11997,0
11998,0
11999,0
12000,0
12001,0
12002,0
12003,0
12004,0
12005,0
12006,0
12007,0
12008,0
12009,0
12010,0
12011,0
12012,0
12013,0
12014,0
12015,0
12016,0
12017,0
12018,0
12019,0
12020,0
12021,0
12022,0
12023,0
12024,0
12025,0
12026,0
12027,0
12028,0
12029,0
12030,0
12031,0
12032,0
12033,0
12034,0
12035,0
12036,0
12037,0
12038,0
12039,0
12040,0
12041,0
12042,0
12043,0
12044,0
12045,0
12046,0
12047,0
12048,0
12049,0
12050,0
12051,0
12052,0
12053,0
12054,0
12055,0
12056,0
12057,0
12058,0
12059,0
12060,0
12061,0
12062,0
12063,0
12064,0
12065,0
12066,0
12067,0
12068,0
12069,0
12070,0
12071,0
12072,0
12073,0
12074,0
12075,0
12076,0
12077,0
12078,0
12079,0
12080,0
12081,0
12082,0
12083,0
12084,0
12085,0
12086,0
12087,0
12088,0
12089,0
12090,0
12091,0
12092,0
12093,0
12094,0
12095,0
12096,0
12097,0
12098,0
12099,0
12100,0
12101,0
12102,0
12103,0
12104,0
12105,0
12106,0
12107,0
12108,0
12109,0
12110,0
12111,0
12112,0
12113,0
12114,0
12115,0
12116,0
12117,0
12118,0
12119,0
12120,0
12121,0
12122,0
12123,0
12124,0
12125,0
12126,0
12127,0
12128,0
12129,0
12130,0
12131,0
12132,0
12133,0
12134,0
12135,0
12136,0
12137,0
12138,0
12139,0
12140,0
12141,0
12142,0
12143,0
12144,0
12145,0
12146,0
12147,0
12148,0
12149,0
12150,0
12151,0
12152,0
12153,0
12154,0
12155,0
12156,0
12157,0
12158,0
12159,0
12160,0
12161,0
12162,0
12163,0
12164,0
12165,0
12166,0
12167,0
12168,0
12169,0
12170,0
12171,0
12172,0
12173,0
12174,0
12175,0
12176,0
12177,0
12178,0
12179,0
12180,0
12181,0
12182,0
12183,0
12184,0
12185,0
12186,0
12187,0
12188,0
12189,0
12190,0
12191,0
12192,0
12193,0
12194,0
12195,0
12196,0
12197,0
12198,0
12199,0
12200,0
12201,0
12202,0
12203,0
12204,0
12205,0
12206,0
12207,0
12208,0
12209,0
12210,0
12211,0
12212,0
12213,0
12214,0
12215,0
12216,0
12217,0
12218,0
12219,0
12220,0
12221,0
12222,0
12223,0
12224,0
12225,0
12226,0
12227,0
12228,0
12229,0
12230,0
12231,0
12232,0
12233,0
12234,0
12235,0
12236,0
12237,0
12238,0
12239,0
12240,0
12241,0
12242,0
12243,0
12244,0
12245,0
12246,0
12247,0
12248,0
12249,0
12250,0
12251,0
12252,0
12253,0
12254,0
12255,0
12256,0
12257,0
12258,0
12259,0
12260,0
12261,0
12262,0
12263,0
12264,0
12265,0
12266,0
12267,0
12268,0
12269,0
12270,0
12271,0
12272,0
12273,0
12274,0
12275,0
12276,0
12277,0
12278,0
12279,0
12280,0
12281,0
12282,0
12283,0
12284,0
12285,0
12286,0
12287,0
12288,0
12289,0
12290,0
12291,0
12292,0
12293,0
12294,0
12295,0
12296,0
12297,0
12298,0
12299,0
12300,0
12301,0
12302,0
12303,0
12304,0
12305,0
12306,0
12307,0
12308,0
12309,0
12310,0
12311,0
12312,0
12313,0
12314,0
12315,0
12316,0
12317,0
12318,0
12319,0
12320,0
12321,0
12322,0
12323,0
12324,0
12325,0
12326,0
12327,0
12328,0
12329,0
12330,0
12331,0
12332,0
12333,0
12334,0
12335,0
12336,0
12337,0
12338,0
12339,0
12340,0
12341,0
12342,0
12343,0
12344,0
12345,0
12346,0
12347,0
12348,0
12349,0
12350,0
12351,0
12352,0
12353,0
12354,0
12355,0
12356,0
12357,0
12358,0
12359,0
12360,0
12361,0
12362,0
12363,0
12364,0
12365,0
12366,0
12367,0
12368,0
12369,0
12370,0
12371,0
12372,0
12373,0
12374,0
12375,0
12376,0
12377,0
12378,0
12379,0
12380,0
12381,0
12382,0
12383,0
12384,0
12385,0
12386,0
12387,0
12388,0
12389,0
12390,0
12391,0
12392,0
12393,0
12394,0
12395,0
12396,0
12397,0
12398,0
12399,0
12400,0
12401,0
12402,0
12403,0
12404,0
12405,0
12406,0
12407,0
12408,0
12409,0
12410,0
12411,0
12412,0
12413,0
12414,0
12415,0
12416,0
12417,0
12418,0
12419,0
12420,0
12421,0
12422,0
12423,0
12424,0
12425,0
12426,0
12427,0
12428,0
12429,0
12430,0
12431,0
12432,0
12433,0
12434,0
12435,0
12436,0
12437,0
12438,0
12439,0
12440,0
12441,0
12442,0
12443,0
12444,0
12445,0
12446,0
12447,0
12448,0
12449,0
12450,0
12451,0
12452,0
12453,0
12454,0
12455,0
12456,0
12457,0
12458,0
12459,0
12460,0
12461,0
12462,0
12463,0
12464,0
12465,0
12466,0
12467,0
12468,0
12469,0
12470,0
12471,0
12472,0
12473,0
12474,0
12475,0
12476,0
12477,0
12478,0
12479,0
12480,0
12481,0
12482,0
12483,0
12484,0
12485,0
12486,0
12487,0
12488,0
12489,0
12490,0
12491,0
12492,0
12493,0
12494,0
12495,0
12496,0
12497,0
12498,0
12499,0
12500,0
12501,0
12502,0
12503,0
12504,0
12505,0
12506,0
12507,0
12508,0
12509,0
12510,0
12511,0
12512,0
12513,0
12514,0
12515,0
12516,0
12517,0
12518,0
12519,0
12520,0
12521,0
12522,0
12523,0
12524,0
12525,0
12526,0
12527,0
12528,0
12529,0
12530,0
12531,0
12532,0
12533,0
12534,0
12535,0
12536,0
12537,0
12538,0
12539,0
12540,0
12541,0
12542,0
12543,0
12544,0
12545,0
12546,0
12547,0
12548,0
12549,0
12550,0
12551,0
12552,0
12553,0
12554,0
12555,0
12556,0
12557,0
12558,0
12559,0
12560,0
12561,0
12562,0
12563,0
12564,0
12565,0
12566,0
12567,0
12568,0
12569,0
12570,0
12571,0
12572,0
12573,0
12574,0
12575,0
12576,0
12577,0
12578,0
12579,0
12580,0
12581,0
12582,0
12583,0
12584,0
12585,0
12586,0
12587,0
12588,0
12589,0
12590,0
12591,0
12592,0
12593,0
12594,0
12595,0
12596,0
12597,0
12598,0
12599,0
12600,0
12601,0
12602,0
12603,0
12604,0
12605,0
12606,0
12607,0
12608,0
12609,0
12610,0
12611,0
12612,0
12613,0
12614,0
12615,0
12616,0
12617,0
12618,0
12619,0
12620,0
12621,0
12622,0
12623,0
12624,0
12625,0
12626,0
12627,0
12628,0
12629,0
12630,0
12631,0
12632,0
12633,0
12634,0
12635,0
12636,0
12637,0
12638,0
12639,0
12640,0
12641,0
12642,0
12643,0
12644,0
12645,0
12646,0
12647,0
12648,0
12649,0
12650,0
12651,0
12652,0
12653,0
12654,0
12655,0
12656,0
12657,0
12658,0
12659,0
12660,0
12661,0
12662,0
12663,0
12664,0
12665,0
12666,0
12667,0
12668,0
12669,0
12670,0
12671,0
12672,0
12673,0
12674,0
12675,0
12676,0
12677,0
12678,0
12679,0
12680,0
12681,0
12682,0
12683,0
12684,0
12685,0
12686,0
12687,0
12688,0
12689,0
12690,0
12691,0
12692,0
12693,0
12694,0
12695,0
12696,0
12697,0
12698,0
12699,0
12700,0
12701,0
12702,0
12703,0
12704,0
12705,0
12706,0
12707,0
12708,0
12709,0
12710,0
12711,0
12712,0
12713,0
12714,0
12715,0
12716,0
12717,0
12718,0
12719,0
12720,0
12721,0
12722,0
12723,0
12724,0
12725,0
12726,0
12727,0
12728,0
12729,0
12730,0
12731,0
12732,0
12733,0
12734,0
12735,0
12736,0
12737,0
12738,0
12739,0
12740,0
12741,0
12742,0
12743,0
12744,0
12745,0
12746,0
12747,0
12748,0
12749,0
12750,0
12751,0
12752,0
12753,0
12754,0
12755,0
12756,0
12757,0
12758,0
12759,0
12760,0
12761,0
12762,0
12763,0
12764,0
12765,0
12766,0
12767,0
12768,0
12769,0
12770,0
12771,0
12772,0
12773,0
12774,0
12775,0
12776,0
12777,0
12778,0
12779,0
12780,0
12781,0
12782,0
12783,0
12784,0
12785,0
12786,0
12787,0
12788,0
12789,0
12790,0
12791,0
12792,0
12793,0
12794,0
12795,0
12796,0
12797,0
12798,0
12799,0
12800,0
12801,0
12802,0
12803,0
12804,0
12805,0
12806,0
12807,0
12808,0
12809,0
12810,0
12811,0
12812,0
12813,0
12814,0
12815,0
12816,0
12817,0
12818,0
12819,0
12820,0
12821,0
12822,0
12823,0
12824,0
12825,0
12826,0
12827,0
12828,0
12829,0
12830,0
12831,0
12832,0
12833,0
12834,0
12835,0
12836,0
12837,0
12838,0
12839,0
12840,0
12841,0
12842,0
12843,0
12844,0
12845,0
12846,0
12847,0
12848,0
12849,0
12850,0
12851,0
12852,0
12853,0
12854,0
12855,0
12856,0
12857,0
12858,0
12859,0
12860,0
12861,0
12862,0
12863,0
12864,0
12865,0
12866,0
12867,0
12868,0
12869,0
12870,0
12871,0
12872,0
12873,0
12874,0
12875,0
12876,0
12877,0
12878,0
12879,0
12880,0
12881,0
12882,0
12883,0
12884,0
12885,0
12886,0
12887,0
12888,0
12889,0
12890,0
12891,0
12892,0
12893,0
12894,0
12895,0
12896,0
12897,0
12898,0
12899,0
12900,0
12901,0
12902,0
12903,0
12904,0
12905,0
12906,0
12907,0
12908,0
12909,0
12910,0
12911,0
12912,0
12913,0
12914,0
12915,0
12916,0
12917,0
12918,0
12919,0
12920,0
12921,0
12922,0
12923,0
12924,0
12925,0
12926,0
12927,0
12928,0
12929,0
12930,0
12931,0
12932,0
12933,0
12934,0
12935,0
12936,0
12937,0
12938,0
12939,0
12940,0
12941,0
12942,0
12943,0
12944,0
12945,0
12946,0
12947,0
12948,0
12949,0
12950,0
12951,0
12952,0
12953,0
12954,0
12955,0
12956,0
12957,0
12958,0
12959,0
12960,0
12961,0
12962,0
12963,0
12964,0
12965,0
12966,0
12967,0
12968,0
12969,0
12970,0
12971,0
12972,0
12973,0
12974,0
12975,0
12976,0
12977,0
12978,0
12979,0
12980,0
12981,0
12982,0
12983,0
12984,0
12985,0
12986,0
12987,0
12988,0
12989,0
12990,0
12991,0
12992,0
12993,0
12994,0
12995,0
12996,0
12997,0
12998,0
12999,0
13000,0
13001,0
13002,0
13003,0
13004,0
13005,0
13006,0
13007,0
13008,0
13009,0
13010,0
13011,0
13012,0
13013,0
13014,0
13015,0
13016,0
13017,0
13018,0
13019,0
13020,0
13021,0
13022,0
13023,0
13024,0
13025,0
13026,0
13027,0
13028,0
13029,0
13030,0
13031,0
13032,0
13033,0
13034,0
13035,0
13036,0
13037,0
13038,0
13039,0
13040,0
13041,0
13042,0
13043,0
13044,0
13045,0
13046,0
13047,0
13048,0
13049,0
13050,0
13051,0
13052,0
13053,0
13054,0
13055,0
13056,0
13057,0
13058,0
13059,0
13060,0
13061,0
13062,0
13063,0
13064,0
13065,0
13066,0
13067,0
13068,0
13069,0
13070,0
13071,0
13072,0
13073,0
13074,0
13075,0
13076,0
13077,0
13078,0
13079,0
13080,0
13081,0
13082,0
13083,0
13084,0
13085,0
13086,0
13087,0
13088,0
13089,0
13090,0
13091,0
13092,0
13093,0
13094,0
13095,0
13096,0
13097,0
13098,0
13099,0
13100,0
13101,0
13102,0
13103,0
13104,0
13105,0
13106,0
13107,0
13108,0
13109,0
13110,0
13111,0
13112,0
13113,0
13114,0
13115,0
13116,0
13117,0
13118,0
13119,0
13120,0
13121,0
13122,0
13123,0
13124,0
13125,0
13126,0
13127,0
13128,0
13129,0
13130,0
13131,0
13132,0
13133,0
13134,0
13135,0
13136,0
13137,0
13138,0
13139,0
13140,0
13141,0
13142,0
13143,0
13144,0
13145,0
13146,0
13147,0
13148,0
13149,0
13150,0
13151,0
13152,0
13153,0
13154,0
13155,0
13156,0
13157,0
13158,0
13159,0
13160,0
13161,0
13162,0
13163,0
13164,0
13165,0
13166,0
13167,0
13168,0
13169,0
13170,0
13171,0
13172,0
13173,0
13174,0
13175,0
13176,0
13177,0
13178,0
13179,0
13180,0
13181,0
13182,0
13183,0
13184,0
13185,0
13186,0
13187,0
13188,0
13189,0
13190,0
13191,0
13192,0
13193,0
13194,0
13195,0
13196,0
13197,0
13198,0
13199,0
13200,0
13201,0
13202,0
13203,0
13204,0
13205,0
13206,0
13207,0
13208,0
13209,0
13210,0
13211,0
13212,0
13213,0
13214,0
13215,0
13216,0
13217,0
13218,0
13219,0
13220,0
13221,0
13222,0
13223,0
13224,0
13225,0
13226,0
13227,0
13228,0
13229,0
13230,0
13231,0
13232,0
13233,0
13234,0
13235,0
13236,0
13237,0
13238,0
13239,0
13240,0
13241,0
13242,0
13243,0
13244,0
13245,0
13246,0
13247,0
13248,0
13249,0
13250,0
13251,0
13252,0
13253,0
13254,0
13255,0
13256,0
13257,0
13258,0
13259,0
13260,0
13261,0
13262,0
13263,0
13264,0
13265,0
13266,0
13267,0
13268,0
13269,0
13270,0
13271,0
13272,0
13273,0
13274,0
13275,0
13276,0
13277,0
13278,0
13279,0
13280,0
13281,0
13282,0
13283,0
13284,0
13285,0
13286,0
13287,0
13288,0
13289,0
13290,0
13291,0
13292,0
13293,0
13294,0
13295,0
13296,0
13297,0
13298,0
13299,0
13300,0
13301,0
13302,0
13303,0
13304,0
13305,0
13306,0
13307,0
13308,0
13309,0
13310,0
13311,0
13312,0
13313,0
13314,0
13315,0
13316,0
13317,0
13318,0
13319,0
13320,0
13321,0
13322,0
13323,0
13324,0
13325,0
13326,0
13327,0
13328,0
13329,0
13330,0
13331,0
13332,0
13333,0
13334,0
13335,0
13336,0
13337,0
13338,0
13339,0
13340,0
13341,0
13342,0
13343,0
13344,0
13345,0
13346,0
13347,0
13348,0
13349,0
13350,0
13351,0
13352,0
13353,0
13354,0
13355,0
13356,0
13357,0
13358,0
13359,0
13360,0
13361,0
13362,0
13363,0
13364,0
13365,0
13366,0
13367,0
13368,0
13369,0
13370,0
13371,0
13372,0
13373,0
13374,0
13375,0
13376,0
13377,0
13378,0
13379,0
13380,0
13381,0
13382,0
13383,0
13384,0
13385,0
13386,0
13387,0
13388,0
13389,0
13390,0
13391,0
13392,0
13393,0
13394,0
13395,0
13396,0
13397,0
13398,0
13399,0
13400,0
13401,0
13402,0
13403,0
13404,0
13405,0
13406,0
13407,0
13408,0
13409,0
13410,0
13411,0
13412,0
13413,0
13414,0
13415,0
13416,0
13417,0
13418,0
13419,0
13420,0
13421,0
13422,0
13423,0
13424,0
13425,0
13426,0
13427,0
13428,0
13429,0
13430,0
13431,0
13432,0
13433,0
13434,0
13435,0
13436,0
13437,0
13438,0
13439,0
13440,0
13441,0
13442,0
13443,0
13444,0
13445,0
13446,0
13447,0
13448,0
13449,0
13450,0
13451,0
13452,0
13453,0
13454,0
13455,0
13456,0
13457,0
13458,0
13459,0
13460,0
13461,0
13462,0
13463,0
13464,0
13465,0
13466,0
13467,0
13468,0
13469,0
13470,0
13471,0
13472,0
13473,0
13474,0
13475,0
13476,0
13477,0
13478,0
13479,0
13480,0
13481,0
13482,0
13483,0
13484,0
13485,0
13486,0
13487,0
13488,0
13489,0
13490,0
13491,0
13492,0
13493,0
13494,0
13495,0
13496,0
13497,0
13498,0
13499,0
13500,0
13501,0
13502,0
13503,0
13504,0
13505,0
13506,0
13507,0
13508,0
13509,0
13510,0
13511,0
13512,0
13513,0
13514,0
13515,0
13516,0
13517,0
13518,0
13519,0
13520,0
13521,0
13522,0
13523,0
13524,0
13525,0
13526,0
13527,0
13528,0
13529,0
13530,0
13531,0
13532,0
13533,0
13534,0
13535,0
13536,0
13537,0
13538,0
13539,0
13540,0
13541,0
13542,0
13543,0
13544,0
13545,0
13546,0
13547,0
13548,0
13549,0
13550,0
13551,0
13552,0
13553,0
13554,0
13555,0
13556,0
13557,0
13558,0
13559,0
13560,0
13561,0
13562,0
13563,0
13564,0
13565,0
13566,0
13567,0
13568,0
13569,0
13570,0
13571,0
13572,0
13573,0
13574,0
13575,0
13576,0
13577,0
13578,0
13579,0
13580,0
13581,0
13582,0
13583,0
13584,0
13585,0
13586,0
13587,0
13588,0
13589,0
13590,0
13591,0
13592,0
13593,0
13594,0
13595,0
13596,0
13597,0
13598,0
13599,0
13600,0
13601,0
13602,0
13603,0
13604,0
13605,0
13606,0
13607,0
13608,0
13609,0
13610,0
13611,0
13612,0
13613,0
13614,0
13615,0
13616,0
13617,0
13618,0
13619,0
13620,0
13621,0
13622,0
13623,0
13624,0
13625,0
13626,0
13627,0
13628,0
13629,0
13630,0
13631,0
13632,0
13633,0
13634,0
13635,0
13636,0
13637,0
13638,0
13639,0
13640,0
13641,0
13642,0
13643,0
13644,0
13645,0
13646,0
13647,0
13648,0
13649,0
13650,0
13651,0
13652,0
13653,0
13654,0
13655,0
13656,0
13657,0
13658,0
13659,0
13660,0
13661,0
13662,0
13663,0
13664,0
13665,0
13666,0
13667,0
13668,0
13669,0
13670,0
13671,0
13672,0
13673,0
13674,0
13675,0
13676,0
13677,0
13678,0
13679,0
13680,0
13681,0
13682,0
13683,0
13684,0
13685,0
13686,0
13687,0
13688,0
13689,0
13690,0
13691,0
13692,0
13693,0
13694,0
13695,0
13696,0
13697,0
13698,0
13699,0
13700,0
13701,0
13702,0
13703,0
13704,0
13705,0
13706,0
13707,0
13708,0
13709,0
13710,0
13711,0
13712,0
13713,0
13714,0
13715,0
13716,0
13717,0
13718,0
13719,0
13720,0
13721,0
13722,0
13723,0
13724,0
13725,0
13726,0
13727,0
13728,0
13729,0
13730,0
13731,0
13732,0
13733,0
13734,0
13735,0
13736,0
13737,0
13738,0
13739,0
13740,0
13741,0
13742,0
13743,0
13744,0
13745,0
13746,0
13747,0
13748,0
13749,0
13750,0
13751,0
13752,0
13753,0
13754,0
13755,0
13756,0
13757,0
13758,0
13759,0
13760,0
13761,0
13762,0
13763,0
13764,0
13765,0
13766,0
13767,0
13768,0
13769,0
13770,0
13771,0
13772,0
13773,0
13774,0
13775,0
13776,0
13777,0
13778,0
13779,0
13780,0
13781,0
13782,0
13783,0
13784,0
13785,0
13786,0
13787,0
13788,0
13789,0
13790,0
13791,0
13792,0
13793,0
13794,0
13795,0
13796,0
13797,0
13798,0
13799,0
13800,0
13801,0
13802,0
13803,0
13804,0
13805,0
13806,0
13807,0
13808,0
13809,0
13810,0
13811,0
13812,0
13813,0
13814,0
13815,0
13816,0
13817,0
13818,0
13819,0
13820,0
13821,0
13822,0
13823,0
13824,0
13825,0
13826,0
13827,0
13828,0
13829,0
13830,0
13831,0
13832,0
13833,0
13834,0
13835,0
13836,0
13837,0
13838,0
13839,0
13840,0
13841,0
13842,0
13843,0
13844,0
13845,0
13846,0
13847,0
13848,0
13849,0
13850,0
13851,0
13852,0
13853,0
13854,0
13855,0
13856,0
13857,0
13858,0
13859,0
13860,0
13861,0
13862,0
13863,0
13864,0
13865,0
13866,0
13867,0
13868,0
13869,0
13870,0
13871,0
13872,0
13873,0
13874,0
13875,0
13876,0
13877,0
13878,0
13879,0
13880,0
13881,0
13882,0
13883,0
13884,0
13885,0
13886,0
13887,0
13888,0
13889,0
13890,0
13891,0
13892,0
13893,0
13894,0
13895,0
13896,0
13897,0
13898,0
13899,0
13900,0
13901,0
13902,0
13903,0
13904,0
13905,0
13906,0
13907,0
13908,0
13909,0
13910,0
13911,0
13912,0
13913,0
13914,0
13915,0
13916,0
13917,0
13918,0
13919,0
13920,0
13921,0
13922,0
13923,0
13924,0
13925,0
13926,0
13927,0
13928,0
13929,0
13930,0
13931,0
13932,0
13933,0
13934,0
13935,0
13936,0
13937,0
13938,0
13939,0
13940,0
13941,0
13942,0
13943,0
13944,0
13945,0
13946,0
13947,0
13948,0
13949,0
13950,0
13951,0
13952,0
13953,0
13954,0
13955,0
13956,0
13957,0
13958,0
13959,0
13960,0
13961,0
13962,0
13963,0
13964,0
13965,0
13966,0
13967,0
13968,0
13969,0
13970,0
13971,0
13972,0
13973,0
13974,0
13975,0
13976,0
13977,0
13978,0
13979,0
13980,0
13981,0
13982,0
13983,0
13984,0
13985,0
13986,0
13987,0
13988,0
13989,0
13990,0
13991,0
13992,0
13993,0
13994,0
13995,0
13996,0
13997,0
13998,0
13999,0
14000,0
14001,0
14002,0
14003,0
14004,0
14005,0
14006,0
14007,0
14008,0
14009,0
14010,0
14011,0
14012,0
14013,0
14014,0
14015,0
14016,0
14017,0
14018,0
14019,0
14020,0
14021,0
14022,0
14023,0
14024,0
14025,0
14026,0
14027,0
14028,0
14029,0
14030,0
14031,0
14032,0
14033,0
14034,0
14035,0
14036,0
14037,0
14038,0
14039,0
14040,0
14041,0
14042,0
14043,0
14044,0
14045,0
14046,0
14047,0
14048,0
14049,0
14050,0
14051,0
14052,0
14053,0
14054,0
14055,0
14056,0
14057,0
14058,0
14059,0
14060,0
14061,0
14062,0
14063,0
14064,0
14065,0
14066,0
14067,0
14068,0
14069,0
14070,0
14071,0
14072,0
14073,0
14074,0
14075,0
14076,0
14077,0
14078,0
14079,0
14080,0
14081,0
14082,0
14083,0
14084,0
14085,0
14086,0
14087,0
14088,0
14089,0
14090,0
14091,0
14092,0
14093,0
14094,0
14095,0
14096,0
14097,0
14098,0
14099,0
14100,0
14101,0
14102,0
14103,0
14104,0
14105,0
14106,0
14107,0
14108,0
14109,0
14110,0
14111,0
14112,0
14113,0
14114,0
14115,0
14116,0
14117,0
14118,0
14119,0
14120,0
14121,0
14122,0
14123,0
14124,0
14125,0
14126,0
14127,0
14128,0
14129,0
14130,0
14131,0
14132,0
14133,0
14134,0
14135,0
14136,0
14137,0
14138,0
14139,0
14140,0
14141,0
14142,0
14143,0
14144,0
14145,0
14146,0
14147,0
14148,0
14149,0
14150,0
14151,0
14152,0
14153,0
14154,0
14155,0
14156,0
14157,0
14158,0
14159,0
14160,0
14161,0
14162,0
14163,0
14164,0
14165,0
14166,0
14167,0
14168,0
14169,0
14170,0
14171,0
14172,0
14173,0
14174,0
14175,0
14176,0
14177,0
14178,0
14179,0
14180,0
14181,0
14182,0
14183,0
14184,0
14185,0
14186,0
14187,0
14188,0
14189,0
14190,0
14191,0
14192,0
14193,0
14194,0
14195,0
14196,0
14197,0
14198,0
14199,0
14200,0
14201,0
14202,0
14203,0
14204,0
14205,0
14206,0
14207,0
14208,0
14209,0
14210,0
14211,0
14212,0
14213,0
14214,0
14215,0
14216,0
14217,0
14218,0
14219,0
14220,0
14221,0
14222,0
14223,0
14224,0
14225,0
14226,0
14227,0
14228,0
14229,0
14230,0
14231,0
14232,0
14233,0
14234,0
14235,0
14236,0
14237,0
14238,0
14239,0
14240,0
14241,0
14242,0
14243,0
14244,0
14245,0
14246,0
14247,0
14248,0
14249,0
14250,0
14251,0
14252,0
14253,0
14254,0
14255,0
14256,0
14257,0
14258,0
14259,0
14260,0
14261,0
14262,0
14263,0
14264,0
14265,0
14266,0
14267,0
14268,0
14269,0
14270,0
14271,0
14272,0
14273,0
14274,0
14275,0
14276,0
14277,0
14278,0
14279,0
14280,0
14281,0
14282,0
14283,0
14284,0
14285,0
14286,0
14287,0
14288,0
14289,0
14290,0
14291,0
14292,0
14293,0
14294,0
14295,0
14296,0
14297,0
14298,0
14299,0
14300,0
14301,0
14302,0
14303,0
14304,0
14305,0
14306,0
14307,0
14308,0
14309,0
14310,0
14311,0
14312,0
14313,0
14314,0
14315,0
14316,0
14317,0
14318,0
14319,0
14320,0
14321,0
14322,0
14323,0
14324,0
14325,0
14326,0
14327,0
14328,0
14329,0
14330,0
14331,0
14332,0
14333,0
14334,0
14335,0
14336,0
14337,0
14338,0
14339,0
14340,0
14341,0
14342,0
14343,0
14344,0
14345,0
14346,0
14347,0
14348,0
14349,0
14350,0
14351,0
14352,0
14353,0
14354,0
14355,0
14356,0
14357,0
14358,0
14359,0
14360,0
14361,0
14362,0
14363,0
14364,0
14365,0
14366,0
14367,0
14368,0
14369,0
14370,0
14371,0
14372,0
14373,0
14374,0
14375,0
14376,0
14377,0
14378,0
14379,0
14380,0
14381,0
14382,0
14383,0
14384,0
14385,0
14386,0
14387,0
14388,0
14389,0
14390,0
14391,0
14392,0
14393,0
14394,0
14395,0
14396,0
14397,0
14398,0
14399,0
14400,0
14401,0
14402,0
14403,0
14404,0
14405,0
14406,0
14407,0
14408,0
14409,0
14410,0
14411,0
14412,0
14413,0
14414,0
14415,0
14416,0
14417,0
14418,0
14419,0
14420,0
14421,0
14422,0
14423,0
14424,0
14425,0
14426,0
14427,0
14428,0
14429,0
14430,0
14431,0
14432,0
14433,0
14434,0
14435,0
14436,0
14437,0
14438,0
14439,0
14440,0
14441,0
14442,0
14443,0
14444,0
14445,0
14446,0
14447,0
14448,0
14449,0
14450,0
14451,0
14452,0
14453,0
14454,0
14455,0
14456,0
14457,0
14458,0
14459,0
14460,0
14461,0
14462,0
14463,0
14464,0
14465,0
14466,0
14467,0
14468,0
14469,0
14470,0
14471,0
14472,0
14473,0
14474,0
14475,0
14476,0
14477,0
14478,0
14479,0
14480,0
14481,0
14482,0
14483,0
14484,0
14485,0
14486,0
14487,0
14488,0
14489,0
14490,0
14491,0
14492,0
14493,0
14494,0
14495,0
14496,0
14497,0
14498,0
14499,0
14500,0
14501,0
14502,0
14503,0
14504,0
14505,0
14506,0
14507,0
14508,0
14509,0
14510,0
14511,0
14512,0
14513,0
14514,0
14515,0
14516,0
14517,0
14518,0
14519,0
14520,0
14521,0
14522,0
14523,0
14524,0
14525,0
14526,0
14527,0
14528,0
14529,0
14530,0
14531,0
14532,0
14533,0
14534,0
14535,0
14536,0
14537,0
14538,0
14539,0
14540,0
14541,0
14542,0
14543,0
14544,0
14545,0
14546,0
14547,0
14548,0
14549,0
14550,0
14551,0
14552,0
14553,0
14554,0
14555,0
14556,0
14557,0
14558,0
14559,0
14560,0
14561,0
14562,0
14563,0
14564,0
14565,0
14566,0
14567,0
14568,0
14569,0
14570,0
14571,0
14572,0
14573,0
14574,0
14575,0
14576,0
14577,0
14578,0
14579,0
14580,0
14581,0
14582,0
14583,0
14584,0
14585,0
14586,0
14587,0
14588,0
14589,0
14590,0
14591,0
14592,0
14593,0
14594,0
14595,0
14596,0
14597,0
14598,0
14599,0
14600,0
14601,0
14602,0
14603,0
14604,0
14605,0
14606,0
14607,0
14608,0
14609,0
14610,0
14611,0
14612,0
14613,0
14614,0
14615,0
14616,0
14617,0
14618,0
14619,0
14620,0
14621,0
14622,0
14623,0
14624,0
14625,0
14626,0
14627,0
14628,0
14629,0
14630,0
14631,0
14632,0
14633,0
14634,0
14635,0
14636,0
14637,0
14638,0
14639,0
14640,0
14641,0
14642,0
14643,0
14644,0
14645,0
14646,0
14647,0
14648,0
14649,0
14650,0
14651,0
14652,0
14653,0
14654,0
14655,0
14656,0
14657,0
14658,0
14659,0
14660,0
14661,0
14662,0
14663,0
14664,0
14665,0
14666,0
14667,0
14668,0
14669,0
14670,0
14671,0
14672,0
14673,0
14674,0
14675,0
14676,0
14677,0
14678,0
14679,0
14680,0
14681,0
14682,0
14683,0
14684,0
14685,0
14686,0
14687,0
14688,0
14689,0
14690,0
14691,0
14692,0
14693,0
14694,0
14695,0
14696,0
14697,0
14698,0
14699,0
14700,0
14701,0
14702,0
14703,0
14704,0
14705,0
14706,0
14707,0
14708,0
14709,0
14710,0
14711,0
14712,0
14713,0
14714,0
14715,0
14716,0
14717,0
14718,0
14719,0
14720,0
14721,0
14722,0
14723,0
14724,0
14725,0
14726,0
14727,0
14728,0
14729,0
14730,0
14731,0
14732,0
14733,0
14734,0
14735,0
14736,0
14737,0
14738,0
14739,0
14740,0
14741,0
14742,0
14743,0
14744,0
14745,0
14746,0
14747,0
14748,0
14749,0
14750,0
14751,0
14752,0
14753,0
14754,0
14755,0
14756,0
14757,0
14758,0
14759,0
14760,0
14761,0
14762,0
14763,0
14764,0
14765,0
14766,0
14767,0
14768,0
14769,0
14770,0
14771,0
14772,0
14773,0
14774,0
14775,0
14776,0
14777,0
14778,0
14779,0
14780,0
14781,0
14782,0
14783,0
14784,0
14785,0
14786,0
14787,0
14788,0
14789,0
14790,0
14791,0
14792,0
14793,0
14794,0
14795,0
14796,0
14797,0
14798,0
14799,0
14800,0
14801,0
14802,0
14803,0
14804,0
14805,0
14806,0
14807,0
14808,0
14809,0
14810,0
14811,0
14812,0
14813,0
14814,0
14815,0
14816,0
14817,0
14818,0
14819,0
14820,0
14821,0
14822,0
14823,0
14824,0
14825,0
14826,0
14827,0
14828,0
14829,0
14830,0
14831,0
14832,0
14833,0
14834,0
14835,0
14836,0
14837,0
14838,0
14839,0
14840,0
14841,0
14842,0
14843,0
14844,0
14845,0
14846,0
14847,0
14848,0
14849,0
14850,0
14851,0
14852,0
14853,0
14854,0
14855,0
14856,0
14857,0
14858,0
14859,0
14860,0
14861,0
14862,0
14863,0
14864,0
14865,0
14866,0
14867,0
14868,0
14869,0
14870,0
14871,0
14872,0
14873,0
14874,0
14875,0
14876,0
14877,0
14878,0
14879,0
14880,0
14881,0
14882,0
14883,0
14884,0
14885,0
14886,0
14887,0
14888,0
14889,0
14890,0
14891,0
14892,0
14893,0
14894,0
14895,0
14896,0
14897,0
14898,0
14899,0
14900,0
14901,0
14902,0
14903,0
14904,0
14905,0
14906,0
14907,0
14908,0
14909,0
14910,0
14911,0
14912,0
14913,0
14914,0
14915,0
14916,0
14917,0
14918,0
14919,0
14920,0
14921,0
14922,0
14923,0
14924,0
14925,0
14926,0
14927,0
14928,0
14929,0
14930,0
14931,0
14932,0
14933,0
14934,0
14935,0
14936,0
14937,0
14938,0
14939,0
14940,0
14941,0
14942,0
14943,0
14944,0
14945,0
14946,0
14947,0
14948,0
14949,0
14950,0
14951,0
14952,0
14953,0
14954,0
14955,0
14956,0
14957,0
14958,0
14959,0
14960,0
14961,0
14962,0
14963,0
14964,0
14965,0
14966,0
14967,0
14968,0
14969,0
14970,0
14971,0
14972,0
14973,0
14974,0
14975,0
14976,0
14977,0
14978,0
14979,0
14980,0
14981,0
14982,0
14983,0
14984,0
14985,0
14986,0
14987,0
14988,0
14989,0
14990,0
14991,0
14992,0
14993,0
14994,0
14995,0
14996,0
14997,0
14998,0
14999,0
15000,0
15001,0
15002,0
15003,0
15004,0
15005,0
15006,0
15007,0
15008,0
15009,0
15010,0
15011,0
15012,0
15013,0
15014,0
15015,0
15016,0
15017,0
15018,0
15019,0
15020,0
15021,0
15022,0
15023,0
15024,0
15025,0
15026,0
15027,0
15028,0
15029,0
15030,0
15031,0
15032,0
15033,0
15034,0
15035,0
15036,0
15037,0
15038,0
15039,0
15040,0
15041,0
15042,0
15043,0
15044,0
15045,0
15046,0
15047,0
15048,0
15049,0
15050,0
15051,0
15052,0
15053,0
15054,0
15055,0
15056,0
15057,0
15058,0
15059,0
15060,0
15061,0
15062,0
15063,0
15064,0
15065,0
15066,0
15067,0
15068,0
15069,0
15070,0
15071,0
15072,0
15073,0
15074,0
15075,0
15076,0
15077,0
15078,0
15079,0
15080,0
15081,0
15082,0
15083,0
15084,0
15085,0
15086,0
15087,0
15088,0
15089,0
15090,0
15091,0
15092,0
15093,0
15094,0
15095,0
15096,0
15097,0
15098,0
15099,0
15100,0
15101,0
15102,0
15103,0
15104,0
15105,0
15106,0
15107,0
15108,0
15109,0
15110,0
15111,0
15112,0
15113,0
15114,0
15115,0
15116,0
15117,0
15118,0
15119,0
15120,0
15121,0
15122,0
15123,0
15124,0
15125,0
15126,0
15127,0
15128,0
15129,0
15130,0
15131,0
15132,0
15133,0
15134,0
15135,0
15136,0
15137,0
15138,0
15139,0
15140,0
15141,0
15142,0
15143,0
15144,0
15145,0
15146,0
15147,0
15148,0
15149,0
15150,0
15151,0
15152,0
15153,0
15154,0
15155,0
15156,0
15157,0
15158,0
15159,0
15160,0
15161,0
15162,0
15163,0
15164,0
15165,0
15166,0
15167,0
15168,0
15169,0
15170,0
15171,0
15172,0
15173,0
15174,0
15175,0
15176,0
15177,0
15178,0
15179,0
15180,0
15181,0
15182,0
15183,0
15184,0
15185,0
15186,0
15187,0
15188,0
15189,0
15190,0
15191,0
15192,0
15193,0
15194,0
15195,0
15196,0
15197,0
15198,0
15199,0
15200,0
15201,0
15202,0
15203,0
15204,0
15205,0
15206,0
15207,0
15208,0
15209,0
15210,0
15211,0
15212,0
15213,0
15214,0
15215,0
15216,0
15217,0
15218,0
15219,0
15220,0
15221,0
15222,0
15223,0
15224,0
15225,0
15226,0
15227,0
15228,0
15229,0
15230,0
15231,0
15232,0
15233,0
15234,0
15235,0
15236,0
15237,0
15238,0
15239,0
15240,0
15241,0
15242,0
15243,0
15244,0
15245,0
15246,0
15247,0
15248,0
15249,0
15250,0
15251,0
15252,0
15253,0
15254,0
15255,0
15256,0
15257,0
15258,0
15259,0
15260,0
15261,0
15262,0
15263,0
15264,0
15265,0
15266,0
15267,0
15268,0
15269,0
15270,0
15271,0
15272,0
15273,0
15274,0
15275,0
15276,0
15277,0
15278,0
15279,0
15280,0
15281,0
15282,0
15283,0
15284,0
15285,0
15286,0
15287,0
15288,0
15289,0
15290,0
15291,0
15292,0
15293,0
15294,0
15295,0
15296,0
15297,0
15298,0
15299,0
15300,0
15301,0
15302,0
15303,0
15304,0
15305,0
15306,0
15307,0
15308,0
15309,0
15310,0
15311,0
15312,0
15313,0
15314,0
15315,0
15316,0
15317,0
15318,0
15319,0
15320,0
15321,0
15322,0
15323,0
15324,0
15325,0
15326,0
15327,0
15328,0
15329,0
15330,0
15331,0
15332,0
15333,0
15334,0
15335,0
15336,0
15337,0
15338,0
15339,0
15340,0
15341,0
15342,0
15343,0
15344,0
15345,0
15346,0
15347,0
15348,0
15349,0
15350,0
15351,0
15352,0
15353,0
15354,0
15355,0
15356,0
15357,0
15358,0
15359,0
15360,0
15361,0
15362,0
15363,0
15364,0
15365,0
15366,0
15367,0
15368,0
15369,0
15370,0
15371,0
15372,0
15373,0
15374,0
15375,0
15376,0
15377,0
15378,0
15379,0
15380,0
15381,0
15382,0
15383,0
15384,0
15385,0
15386,0
15387,0
15388,0
15389,0
15390,0
15391,0
15392,0
15393,0
15394,0
15395,0
15396,0
15397,0
15398,0
15399,0
15400,0
15401,0
15402,0
15403,0
15404,0
15405,0
15406,0
15407,0
15408,0
15409,0
15410,0
15411,0
15412,0
15413,0
15414,0
15415,0
15416,0
15417,0
15418,0
15419,0
15420,0
15421,0
15422,0
15423,0
15424,0
15425,0
15426,0
15427,0
15428,0
15429,0
15430,0
15431,0
15432,0
15433,0
15434,0
15435,0
15436,0
15437,0
15438,0
15439,0
15440,0
15441,0
15442,0
15443,0
15444,0
15445,0
15446,0
15447,0
15448,0
15449,0
15450,0
15451,0
15452,0
15453,0
15454,0
15455,0
15456,0
15457,0
15458,0
15459,0
15460,0
15461,0
15462,0
15463,0
15464,0
15465,0
15466,0
15467,0
15468,0
15469,0
15470,0
15471,0
15472,0
15473,0
15474,0
15475,0
15476,0
15477,0
15478,0
15479,0
15480,0
15481,0
15482,0
15483,0
15484,0
15485,0
15486,0
15487,0
15488,0
15489,0
15490,0
15491,0
15492,0
15493,0
15494,0
15495,0
15496,0
15497,0
15498,0
15499,0
15500,0
15501,0
15502,0
15503,0
15504,0
15505,0
15506,0
15507,0
15508,0
15509,0
15510,0
15511,0
15512,0
15513,0
15514,0
15515,0
15516,0
15517,0
15518,0
15519,0
15520,0
15521,0
15522,0
15523,0
15524,0
15525,0
15526,0
15527,0
15528,0
15529,0
15530,0
15531,0
15532,0
15533,0
15534,0
15535,0
15536,0
15537,0
15538,0
15539,0
15540,0
15541,0
15542,0
15543,0
15544,0
15545,0
15546,0
15547,0
15548,0
15549,0
15550,0
15551,0
15552,0
15553,0
15554,0
15555,0
15556,0
15557,0
15558,0
15559,0
15560,0
15561,0
15562,0
15563,0
15564,0
15565,0
15566,0
15567,0
15568,0
15569,0
15570,0
15571,0
15572,0
15573,0
15574,0
15575,0
15576,0
15577,0
15578,0
15579,0
15580,0
15581,0
15582,0
15583,0
15584,0
15585,0
15586,0
15587,0
15588,0
15589,0
15590,0
15591,0
15592,0
15593,0
15594,0
15595,0
15596,0
15597,0
15598,0
15599,0
15600,0
15601,0
15602,0
15603,0
15604,0
15605,0
15606,0
15607,0
15608,0
15609,0
15610,0
15611,0
15612,0
15613,0
15614,0
15615,0
15616,0
15617,0
15618,0
15619,0
15620,0
15621,0
15622,0
15623,0
15624,0
15625,0
15626,0
15627,0
15628,0
15629,0
15630,0
15631,0
15632,0
15633,0
15634,0
15635,0
15636,0
15637,0
15638,0
15639,0
15640,0
15641,0
15642,0
15643,0
15644,0
15645,0
15646,0
15647,0
15648,0
15649,0
15650,0
15651,0
15652,0
15653,0
15654,0
15655,0
15656,0
15657,0
15658,0
15659,0
15660,0
15661,0
15662,0
15663,0
15664,0
15665,0
15666,0
15667,0
15668,0
15669,0
15670,0
15671,0
15672,0
15673,0
15674,0
15675,0
15676,0
15677,0
15678,0
15679,0
15680,0
15681,0
15682,0
15683,0
15684,0
15685,0
15686,0
15687,0
15688,0
15689,0
15690,0
15691,0
15692,0
15693,0
15694,0
15695,0
15696,0
15697,0
15698,0
15699,0
15700,0
15701,0
15702,0
15703,0
15704,0
15705,0
15706,0
15707,0
15708,0
15709,0
15710,0
15711,0
15712,0
15713,0
15714,0
15715,0
15716,0
15717,0
15718,0
15719,0
15720,0
15721,0
15722,0
15723,0
15724,0
15725,0
15726,0
15727,0
15728,0
15729,0
15730,0
15731,0
15732,0
15733,0
15734,0
15735,0
15736,0
15737,0
15738,0
15739,0
15740,0
15741,0
15742,0
15743,0
15744,0
15745,0
15746,0
15747,0
15748,0
15749,0
15750,0
15751,0
15752,0
15753,0
15754,0
15755,0
15756,0
15757,0
15758,0
15759,0
15760,0
15761,0
15762,0
15763,0
15764,0
15765,0
15766,0
15767,0
15768,0
15769,0
15770,0
15771,0
15772,0
15773,0
15774,0
15775,0
15776,0
15777,0
15778,0
15779,0
15780,0
15781,0
15782,0
15783,0
15784,0
15785,0
15786,0
15787,0
15788,0
15789,0
15790,0
15791,0
15792,0
15793,0
15794,0
15795,0
15796,0
15797,0
15798,0
15799,0
15800,0
15801,0
15802,0
15803,0
15804,0
15805,0
15806,0
15807,0
15808,0
15809,0
15810,0
15811,0
15812,0
15813,0
15814,0
15815,0
15816,0
15817,0
15818,0
15819,0
15820,0
15821,0
15822,0
15823,0
15824,0
15825,0
15826,0
15827,0
15828,0
15829,0
15830,0
15831,0
15832,0
15833,0
15834,0
15835,0
15836,0
15837,0
15838,0
15839,0
15840,0
15841,0
15842,0
15843,0
15844,0
15845,0
15846,0
15847,0
15848,0
15849,0
15850,0
15851,0
15852,0
15853,0
15854,0
15855,0
15856,0
15857,0
15858,0
15859,0
15860,0
15861,0
15862,0
15863,0
15864,0
15865,0
15866,0
15867,0
15868,0
15869,0
15870,0
15871,0
15872,0
15873,0
15874,0
15875,0
15876,0
15877,0
15878,0
15879,0
15880,0
15881,0
15882,0
15883,0
15884,0
15885,0
15886,0
15887,0
15888,0
15889,0
15890,0
15891,0
15892,0
15893,0
15894,0
15895,0
15896,0
15897,0
15898,0
15899,0
15900,0
15901,0
15902,0
15903,0
15904,0
15905,0
15906,0
15907,0
15908,0
15909,0
15910,0
15911,0
15912,0
15913,0
15914,0
15915,0
15916,0
15917,0
15918,0
15919,0
15920,0
15921,0
15922,0
15923,0
15924,0
15925,0
15926,0
15927,0
15928,0
15929,0
15930,0
15931,0
15932,0
15933,0
15934,0
15935,0
15936,0
15937,0
15938,0
15939,0
15940,0
15941,0
15942,0
15943,0
15944,0
15945,0
15946,0
15947,0
15948,0
15949,0
15950,0
15951,0
15952,0
15953,0
15954,0
15955,0
15956,0
15957,0
15958,0
15959,0
15960,0
15961,0
15962,0
15963,0
15964,0
15965,0
15966,0
15967,0
15968,0
15969,0
15970,0
15971,0
15972,0
15973,0
15974,0
15975,0
15976,0
15977,0
15978,0
15979,0
15980,0
15981,0
15982,0
15983,0
15984,0
15985,0
15986,0
15987,0
15988,0
15989,0
15990,0
15991,0
15992,0
15993,0
15994,0
15995,0
15996,0
15997,0
15998,0
15999,0
16000,0
16001,0
16002,0
16003,0
16004,0
16005,0
16006,0
16007,0
16008,0
16009,0
16010,0
16011,0
16012,0
16013,0
16014,0
16015,0
16016,0
16017,0
16018,0
16019,0
16020,0
16021,0
16022,0
16023,0
16024,0
16025,0
16026,0
16027,0
16028,0
16029,0
16030,0
16031,0
16032,0
16033,0
16034,0
16035,0
16036,0
16037,0
16038,0
16039,0
16040,0
16041,0
16042,0
16043,0
16044,0
16045,0
16046,0
16047,0
16048,0
16049,0
16050,0
16051,0
16052,0
16053,0
16054,0
16055,0
16056,0
16057,0
16058,0
16059,0
16060,0
16061,0
16062,0
16063,0
16064,0
16065,0
16066,0
16067,0
16068,0
16069,0
16070,0
16071,0
16072,0
16073,0
16074,0
16075,0
16076,0
16077,0
16078,0
16079,0
16080,0
16081,0
16082,0
16083,0
16084,0
16085,0
16086,0
16087,0
16088,0
16089,0
16090,0
16091,0
16092,0
16093,0
16094,0
16095,0
16096,0
16097,0
16098,0
16099,0
16100,0
16101,0
16102,0
16103,0
16104,0
16105,0
16106,0
16107,0
16108,0
16109,0
16110,0
16111,0
16112,0
16113,0
16114,0
16115,0
16116,0
16117,0
16118,0
16119,0
16120,0
16121,0
16122,0
16123,0
16124,0
16125,0
16126,0
16127,0
16128,0
16129,0
16130,0
16131,0
16132,0
16133,0
16134,0
16135,0
16136,0
16137,0
16138,0
16139,0
16140,0
16141,0
16142,0
16143,0
16144,0
16145,0
16146,0
16147,0
16148,0
16149,0
16150,0
16151,0
16152,0
16153,0
16154,0
16155,0
16156,0
16157,0
16158,0
16159,0
16160,0
16161,0
16162,0
16163,0
16164,0
16165,0
16166,0
16167,0
16168,0
16169,0
16170,0
16171,0
16172,0
16173,0
16174,0
16175,0
16176,0
16177,0
16178,0
16179,0
16180,0
16181,0
16182,0
16183,0
16184,0
16185,0
16186,0
16187,0
16188,0
16189,0
16190,0
16191,0
16192,0
16193,0
16194,0
16195,0
16196,0
16197,0
16198,0
16199,0
16200,0
16201,0
16202,0
16203,0
16204,0
16205,0
16206,0
16207,0
16208,0
16209,0
16210,0
16211,0
16212,0
16213,0
16214,0
16215,0
16216,0
16217,0
16218,0
16219,0
16220,0
16221,0
16222,0
16223,0
16224,0
16225,0
16226,0
16227,0
16228,0
16229,0
16230,0
16231,0
16232,0
16233,0
16234,0
16235,0
16236,0
16237,0
16238,0
16239,0
16240,0
16241,0
16242,0
16243,0
16244,0
16245,0
16246,0
16247,0
16248,0
16249,0
16250,0
16251,0
16252,0
16253,0
16254,0
16255,0
16256,0
16257,0
16258,0
16259,0
16260,0
16261,0
16262,0
16263,0
16264,0
16265,0
16266,0
16267,0
16268,0
16269,0
16270,0
16271,0
16272,0
16273,0
16274,0
16275,0
16276,0
16277,0
16278,0
16279,0
16280,0
16281,0
16282,0
16283,0
16284,0
16285,0
16286,0
16287,0
16288,0
16289,0
16290,0
16291,0
16292,0
16293,0
16294,0
16295,0
16296,0
16297,0
16298,0
16299,0
16300,0
16301,0
16302,0
16303,0
16304,0
16305,0
16306,0
16307,0
16308,0
16309,0
16310,0
16311,0
16312,0
16313,0
16314,0
16315,0
16316,0
16317,0
16318,0
16319,0
16320,0
16321,0
16322,0
16323,0
16324,0
16325,0
16326,0
16327,0
16328,0
16329,0
16330,0
16331,0
16332,0
16333,0
16334,0
16335,0
16336,0
16337,0
16338,0
16339,0
16340,0
16341,0
16342,0
16343,0
16344,0
16345,0
16346,0
16347,0
16348,0
16349,0
16350,0
16351,0
16352,0
16353,0
16354,0
16355,0
16356,0
16357,0
16358,0
16359,0
16360,0
16361,0
16362,0
16363,0
16364,0
16365,0
16366,0
16367,0
16368,0
16369,0
16370,0
16371,0
16372,0
16373,0
16374,0
16375,0
16376,0
16377,0
16378,0
16379,0
16380,0
16381,0
16382,0
16383,0
16384,0
16385,0
16386,0
16387,0
16388,0
16389,0
16390,0
16391,0
16392,0
16393,0
16394,0
16395,0
16396,0
16397,0
16398,0
16399,0
16400,0
16401,0
16402,0
16403,0
16404,0
16405,0
16406,0
16407,0
16408,0
16409,0
16410,0
16411,0
16412,0
16413,0
16414,0
16415,0
16416,0
16417,0
16418,0
16419,0
16420,0
16421,0
16422,0
16423,0
16424,0
16425,0
16426,0
16427,0
16428,0
16429,0
16430,0
16431,0
16432,0
16433,0
16434,0
16435,0
16436,0
16437,0
16438,0
16439,0
16440,0
16441,0
16442,0
16443,0
16444,0
16445,0
16446,0
16447,0
16448,0
16449,0
16450,0
16451,0
16452,0
16453,0
16454,0
16455,0
16456,0
16457,0
16458,0
16459,0
16460,0
16461,0
16462,0
16463,0
16464,0
16465,0
16466,0
16467,0
16468,0
16469,0
16470,0
16471,0
16472,0
16473,0
16474,0
16475,0
16476,0
16477,0
16478,0
16479,0
16480,0
16481,0
16482,0
16483,0
16484,0
16485,0
16486,0
16487,0
16488,0
16489,0
16490,0
16491,0
16492,0
16493,0
16494,0
16495,0
16496,0
16497,0
16498,0
16499,0
16500,0
16501,0
16502,0
16503,0
16504,0
16505,0
16506,0
16507,0
16508,0
16509,0
16510,0
16511,0
16512,0
16513,0
16514,0
16515,0
16516,0
16517,0
16518,0
16519,0
16520,0
16521,0
16522,0
16523,0
16524,0
16525,0
16526,0
16527,0
16528,0
16529,0
16530,0
16531,0
16532,0
16533,0
16534,0
16535,0
16536,0
16537,0
16538,0
16539,0
16540,0
16541,0
16542,0
16543,0
16544,0
16545,0
16546,0
16547,0
16548,0
16549,0
16550,0
16551,0
16552,0
16553,0
16554,0
16555,0
16556,0
16557,0
16558,0
16559,0
16560,0
16561,0
16562,0
16563,0
16564,0
16565,0
16566,0
16567,0
16568,0
16569,0
16570,0
16571,0
16572,0
16573,0
16574,0
16575,0
16576,0
16577,0
16578,0
16579,0
16580,0
16581,0
16582,0
16583,0
16584,0
16585,0
16586,0
16587,0
16588,0
16589,0
16590,0
16591,0
16592,0
16593,0
16594,0
16595,0
16596,0
16597,0
16598,0
16599,0
16600,0
16601,0
16602,0
16603,0
16604,0
16605,0
16606,0
16607,0
16608,0
16609,0
16610,0
16611,0
16612,0
16613,0
16614,0
16615,0
16616,0
16617,0
16618,0
16619,0
16620,0
16621,0
16622,0
16623,0
16624,0
16625,0
16626,0
16627,0
16628,0
16629,0
16630,0
16631,0
16632,0
16633,0
16634,0
16635,0
16636,0
16637,0
16638,0
16639,0
16640,0
16641,0
16642,0
16643,0
16644,0
16645,0
16646,0
16647,0
16648,0
16649,0
16650,0
16651,0
16652,0
16653,0
16654,0
16655,0
16656,0
16657,0
16658,0
16659,0
16660,0
16661,0
16662,0
16663,0
16664,0
16665,0
16666,0
16667,0
16668,0
16669,0
16670,0
16671,0
16672,0
16673,0
16674,0
16675,0
16676,0
16677,0
16678,0
16679,0
16680,0
16681,0
16682,0
16683,0
16684,0
16685,0
16686,0
16687,0
16688,0
16689,0
16690,0
16691,0
16692,0
16693,0
16694,0
16695,0
16696,0
16697,0
16698,0
16699,0
16700,0
16701,0
16702,0
16703,0
16704,0
16705,0
16706,0
16707,0
16708,0
16709,0
16710,0
16711,0
16712,0
16713,0
16714,0
16715,0
16716,0
16717,0
16718,0
16719,0
16720,0
16721,0
16722,0
16723,0
16724,0
16725,0
16726,0
16727,0
16728,0
16729,0
16730,0
16731,0
16732,0
16733,0
16734,0
16735,0
16736,0
16737,0
16738,0
16739,0
16740,0
16741,0
16742,0
16743,0
16744,0
16745,0
16746,0
16747,0
16748,0
16749,0
16750,0
16751,0
16752,0
16753,0
16754,0
16755,0
16756,0
16757,0
16758,0
16759,0
16760,0
16761,0
16762,0
16763,0
16764,0
16765,0
16766,0
16767,0
16768,0
16769,0
16770,0
16771,0
16772,0
16773,0
16774,0
16775,0
16776,0
16777,0
16778,0
16779,0
16780,0
16781,0
16782,0
16783,0
16784,0
16785,0
16786,0
16787,0
16788,0
16789,0
16790,0
16791,0
16792,0
16793,0
16794,0
16795,0
16796,0
16797,0
16798,0
16799,0
16800,0
16801,0
16802,0
16803,0
16804,0
16805,0
16806,0
16807,0
16808,0
16809,0
16810,0
16811,0
16812,0
16813,0
16814,0
16815,0
16816,0
16817,0
16818,0
16819,0
16820,0
16821,0
16822,0
16823,0
16824,0
16825,0
16826,0
16827,0
16828,0
16829,0
16830,0
16831,0
16832,0
16833,0
16834,0
16835,0
16836,0
16837,0
16838,0
16839,0
16840,0
16841,0
16842,0
16843,0
16844,0
16845,0
16846,0
16847,0
16848,0
16849,0
16850,0
16851,0
16852,0
16853,0
16854,0
16855,0
16856,0
16857,0
16858,0
16859,0
16860,0
16861,0
16862,0
16863,0
16864,0
16865,0
16866,0
16867,0
16868,0
16869,0
16870,0
16871,0
16872,0
16873,0
16874,0
16875,0
16876,0
16877,0
16878,0
16879,0
16880,0
16881,0
16882,0
16883,0
16884,0
16885,0
16886,0
16887,0
16888,0
16889,0
16890,0
16891,0
16892,0
16893,0
16894,0
16895,0
16896,0
16897,0
16898,0
16899,0
16900,0
16901,0
16902,0
16903,0
16904,0
16905,0
16906,0
16907,0
16908,0
16909,0
16910,0
16911,0
16912,0
16913,0
16914,0
16915,0
16916,0
16917,0
16918,0
16919,0
16920,0
16921,0
16922,0
16923,0
16924,0
16925,0
16926,0
16927,0
16928,0
16929,0
16930,0
16931,0
16932,0
16933,0
16934,0
16935,0
16936,0
16937,0
16938,0
16939,0
16940,0
16941,0
16942,0
16943,0
16944,0
16945,0
16946,0
16947,0
16948,0
16949,0
16950,0
16951,0
16952,0
16953,0
16954,0
16955,0
16956,0
16957,0
16958,0
16959,0
16960,0
16961,0
16962,0
16963,0
16964,0
16965,0
16966,0
16967,0
16968,0
16969,0
16970,0
16971,0
16972,0
16973,0
16974,0
16975,0
16976,0
16977,0
16978,0
16979,0
16980,0
16981,0
16982,0
16983,0
16984,0
16985,0
16986,0
16987,0
16988,0
16989,0
16990,0
16991,0
16992,0
16993,0
16994,0
16995,0
16996,0
16997,0
16998,0
16999,0
17000,0
17001,0
17002,0
17003,0
17004,0
17005,0
17006,0
17007,0
17008,0
17009,0
17010,0
17011,0
17012,0
17013,0
17014,0
17015,0
17016,0
17017,0
17018,0
17019,0
17020,0
17021,0
17022,0
17023,0
17024,0
17025,0
17026,0
17027,0
17028,0
17029,0
17030,0
17031,0
17032,0
17033,0
17034,0
17035,0
17036,0
17037,0
17038,0
17039,0
17040,0
17041,0
17042,0
17043,0
17044,0
17045,0
17046,0
17047,0
17048,0
17049,0
17050,0
17051,0
17052,0
17053,0
17054,0
17055,0
17056,0
17057,0
17058,0
17059,0
17060,0
17061,0
17062,0
17063,0
17064,0
17065,0
17066,0
17067,0
17068,0
17069,0
17070,0
17071,0
17072,0
17073,0
17074,0
17075,0
17076,0
17077,0
17078,0
17079,0
17080,0
17081,0
17082,0
17083,0
17084,0
17085,0
17086,0
17087,0
17088,0
17089,0
17090,0
17091,0
17092,0
17093,0
17094,0
17095,0
17096,0
17097,0
17098,0
17099,0
17100,0
17101,0
17102,0
17103,0
17104,0
17105,0
17106,0
17107,0
17108,0
17109,0
17110,0
17111,0
17112,0
17113,0
17114,0
17115,0
17116,0
17117,0
17118,0
17119,0
17120,0
17121,0
17122,0
17123,0
17124,0
17125,0
17126,0
17127,0
17128,0
17129,0
17130,0
17131,0
17132,0
17133,0
17134,0
17135,0
17136,0
17137,0
17138,0
17139,0
17140,0
17141,0
17142,0
17143,0
17144,0
17145,0
17146,0
17147,0
17148,0
17149,0
17150,0
17151,0
17152,0
17153,0
17154,0
17155,0
17156,0
17157,0
17158,0
17159,0
17160,0
17161,0
17162,0
17163,0
17164,0
17165,0
17166,0
17167,0
17168,0
17169,0
17170,0
17171,0
17172,0
17173,0
17174,0
17175,0
17176,0
17177,0
17178,0
17179,0
17180,0
17181,0
17182,0
17183,0
17184,0
17185,0
17186,0
17187,0
17188,0
17189,0
17190,0
17191,0
17192,0
17193,0
17194,0
17195,0
17196,0
17197,0
17198,0
17199,0
17200,0
17201,0
17202,0
17203,0
17204,0
17205,0
17206,0
17207,0
17208,0
17209,0
17210,0
17211,0
17212,0
17213,0
17214,0
17215,0
17216,0
17217,0
17218,0
17219,0
17220,0
17221,0
17222,0
17223,0
17224,0
17225,0
17226,0
17227,0
17228,0
17229,0
17230,0
17231,0
17232,0
17233,0
17234,0
17235,0
17236,0
17237,0
17238,0
17239,0
17240,0
17241,0
17242,0
17243,0
17244,0
17245,0
17246,0
17247,0
17248,0
17249,0
17250,0
17251,0
17252,0
17253,0
17254,0
17255,0
17256,0
17257,0
17258,0
17259,0
17260,0
17261,0
17262,0
17263,0
17264,0
17265,0
17266,0
17267,0
17268,0
17269,0
17270,0
17271,0
17272,0
17273,0
17274,0
17275,0
17276,0
17277,0
17278,0
17279,0
17280,0
17281,0
17282,0
17283,0
17284,0
17285,0
17286,0
17287,0
17288,0
17289,0
17290,0
17291,0
17292,0
17293,0
17294,0
17295,0
17296,0
17297,0
17298,0
17299,0
17300,0
17301,0
17302,0
17303,0
17304,0
17305,0
17306,0
17307,0
17308,0
17309,0
17310,0
17311,0
17312,0
17313,0
17314,0
17315,0
17316,0
17317,0
17318,0
17319,0
17320,0
17321,0
17322,0
17323,0
17324,0
17325,0
17326,0
17327,0
17328,0
17329,0
17330,0
17331,0
17332,0
17333,0
17334,0
17335,0
17336,0
17337,0
17338,0
17339,0
17340,0
17341,0
17342,0
17343,0
17344,0
17345,0
17346,0
17347,0
17348,0
17349,0
17350,0
17351,0
17352,0
17353,0
17354,0
17355,0
17356,0
17357,0
17358,0
17359,0
17360,0
17361,0
17362,0
17363,0
17364,0
17365,0
17366,0
17367,0
17368,0
17369,0
17370,0
17371,0
17372,0
17373,0
17374,0
17375,0
17376,0
17377,0
17378,0
17379,0
17380,0
17381,0
17382,0
17383,0
17384,0
17385,0
17386,0
17387,0
17388,0
17389,0
17390,0
17391,0
17392,0
17393,0
17394,0
17395,0
17396,0
17397,0
17398,0
17399,0
17400,0
17401,0
17402,0
17403,0
17404,0
17405,0
17406,0
17407,0
17408,0
17409,0
17410,0
17411,0
17412,0
17413,0
17414,0
17415,0
17416,0
17417,0
17418,0
17419,0
17420,0
17421,0
17422,0
17423,0
17424,0
17425,0
17426,0
17427,0
17428,0
17429,0
17430,0
17431,0
17432,0
17433,0
17434,0
17435,0
17436,0
17437,0
17438,0
17439,0
17440,0
17441,0
17442,0
17443,0
17444,0
17445,0
17446,0
17447,0
17448,0
17449,0
17450,0
17451,0
17452,0
17453,0
17454,0
17455,0
17456,0
17457,0
17458,0
17459,0
17460,0
17461,0
17462,0
17463,0
17464,0
17465,0
17466,0
17467,0
17468,0
17469,0
17470,0
17471,0
17472,0
17473,0
17474,0
17475,0
17476,0
17477,0
17478,0
17479,0
17480,0
17481,0
17482,0
17483,0
17484,0
17485,0
17486,0
17487,0
17488,0
17489,0
17490,0
17491,0
17492,0
17493,0
17494,0
17495,0
17496,0
17497,0
17498,0
17499,0
17500,0
17501,0
17502,0
17503,0
17504,0
17505,0
17506,0
17507,0
17508,0
17509,0
17510,0
17511,0
17512,0
17513,0
17514,0
17515,0
17516,0
17517,0
17518,0
17519,0
17520,0
17521,0
17522,0
17523,0
17524,0
17525,0
17526,0
17527,0
17528,0
17529,0
17530,0
17531,0
17532,0
17533,0
17534,0
17535,0
17536,0
17537,0
17538,0
17539,0
17540,0
17541,0
17542,0
17543,0
17544,0
17545,0
17546,0
17547,0
17548,0
17549,0
17550,0
17551,0
17552,0
17553,0
17554,0
17555,0
17556,0
17557,0
17558,0
17559,0
17560,0
17561,0
17562,0
17563,0
17564,0
17565,0
17566,0
17567,0
17568,0
17569,0
17570,0
17571,0
17572,0
17573,0
17574,0
17575,0
17576,0
17577,0
17578,0
17579,0
17580,0
17581,0
17582,0
17583,0
17584,0
17585,0
17586,0
17587,0
17588,0
17589,0
17590,0
17591,0
17592,0
17593,0
17594,0
17595,0
17596,0
17597,0
17598,0
17599,0
17600,0
17601,0
17602,0
17603,0
17604,0
17605,0
17606,0
17607,0
17608,0
17609,0
17610,0
17611,0
17612,0
17613,0
17614,0
17615,0
17616,0
17617,0
17618,0
17619,0
17620,0
17621,0
17622,0
17623,0
17624,0
17625,0
17626,0
17627,0
17628,0
17629,0
17630,0
17631,0
17632,0
17633,0
17634,0
17635,0
17636,0
17637,0
17638,0
17639,0
17640,0
17641,0
17642,0
17643,0
17644,0
17645,0
17646,0
17647,0
17648,0
17649,0
17650,0
17651,0
17652,0
17653,0
17654,0
17655,0
17656,0
17657,0
17658,0
17659,0
17660,0
17661,0
17662,0
17663,0
17664,0
17665,0
17666,0
17667,0
17668,0
17669,0
17670,0
17671,0
17672,0
17673,0
17674,0
17675,0
17676,0
17677,0
17678,0
17679,0
17680,0
17681,0
17682,0
17683,0
17684,0
17685,0
17686,0
17687,0
17688,0
17689,0
17690,0
17691,0
17692,0
17693,0
17694,0
17695,0
17696,0
17697,0
17698,0
17699,0
17700,0
17701,0
17702,0
17703,0
17704,0
17705,0
17706,0
17707,0
17708,0
17709,0
17710,0
17711,0
17712,0
17713,0
17714,0
17715,0
17716,0
17717,0
17718,0
17719,0
17720,0
17721,0
17722,0
17723,0
17724,0
17725,0
17726,0
17727,0
17728,0
17729,0
17730,0
17731,0
17732,0
17733,0
17734,0
17735,0
17736,0
17737,0
17738,0
17739,0
17740,0
17741,0
17742,0
17743,0
17744,0
17745,0
17746,0
17747,0
17748,0
17749,0
17750,0
17751,0
17752,0
17753,0
17754,0
17755,0
17756,0
17757,0
17758,0
17759,0
17760,0
17761,0
17762,0
17763,0
17764,0
17765,0
17766,0
17767,0
17768,0
17769,0
17770,0
17771,0
17772,0
17773,0
17774,0
17775,0
17776,0
17777,0
17778,0
17779,0
17780,0
17781,0
17782,0
17783,0
17784,0
17785,0
17786,0
17787,0
17788,0
17789,0
17790,0
17791,0
17792,0
17793,0
17794,0
17795,0
17796,0
17797,0
17798,0
17799,0
17800,0
17801,0
17802,0
17803,0
17804,0
17805,0
17806,0
17807,0
17808,0
17809,0
17810,0
17811,0
17812,0
17813,0
17814,0
17815,0
17816,0
17817,0
17818,0
17819,0
17820,0
17821,0
17822,0
17823,0
17824,0
17825,0
17826,0
17827,0
17828,0
17829,0
17830,0
17831,0
17832,0
17833,0
17834,0
17835,0
17836,0
17837,0
17838,0
17839,0
17840,0
17841,0
17842,0
17843,0
17844,0
17845,0
17846,0
17847,0
17848,0
17849,0
17850,0
17851,0
17852,0
17853,0
17854,0
17855,0
17856,0
17857,0
17858,0
17859,0
17860,0
17861,0
17862,0
17863,0
17864,0
17865,0
17866,0
17867,0
17868,0
17869,0
17870,0
17871,0
17872,0
17873,0
17874,0
17875,0
17876,0
17877,0
17878,0
17879,0
17880,0
17881,0
17882,0
17883,0
17884,0
17885,0
17886,0
17887,0
17888,0
17889,0
17890,0
17891,0
17892,0
17893,0
17894,0
17895,0
17896,0
17897,0
17898,0
17899,0
17900,0
17901,0
17902,0
17903,0
17904,0
17905,0
17906,0
17907,0
17908,0
17909,0
17910,0
17911,0
17912,0
17913,0
17914,0
17915,0
17916,0
17917,0
17918,0
17919,0
17920,0
17921,0
17922,0
17923,0
17924,0
17925,0
17926,0
17927,0
17928,0
17929,0
17930,0
17931,0
17932,0
17933,0
17934,0
17935,0
17936,0
17937,0
17938,0
17939,0
17940,0
17941,0
17942,0
17943,0
17944,0
17945,0
17946,0
17947,0
17948,0
17949,0
17950,0
17951,0
17952,0
17953,0
17954,0
17955,0
17956,0
17957,0
17958,0
17959,0
17960,0
17961,0
17962,0
17963,0
17964,0
17965,0
17966,0
17967,0
17968,0
17969,0
17970,0
17971,0
17972,0
17973,0
17974,0
17975,0
17976,0
17977,0
17978,0
17979,0
17980,0
17981,0
17982,0
17983,0
17984,0
17985,0
17986,0
17987,0
17988,0
17989,0
17990,0
17991,0
17992,0
17993,0
17994,0
17995,0
17996,0
17997,0
17998,0
17999,0
18000,0
18001,0
18002,0
18003,0
18004,0
18005,0
18006,0
18007,0
18008,0
18009,0
18010,0
18011,0
18012,0
18013,0
18014,0
18015,0
18016,0
18017,0
18018,0
18019,0
18020,0
18021,0
18022,0
18023,0
18024,0
18025,0
18026,0
18027,0
18028,0
18029,0
18030,0
18031,0
18032,0
18033,0
18034,0
18035,0
18036,0
18037,0
18038,0
18039,0
18040,0
18041,0
18042,0
18043,0
18044,0
18045,0
18046,0
18047,0
18048,0
18049,0
18050,0
18051,0
18052,0
18053,0
18054,0
18055,0
18056,0
18057,0
18058,0
18059,0
18060,0
18061,0
18062,0
18063,0
18064,0
18065,0
18066,0
18067,0
18068,0
18069,0
18070,0
18071,0
18072,0
18073,0
18074,0
18075,0
18076,0
18077,0
18078,0
18079,0
18080,0
18081,0
18082,0
18083,0
18084,0
18085,0
18086,0
18087,0
18088,0
18089,0
18090,0
18091,0
18092,0
18093,0
18094,0
18095,0
18096,0
18097,0
18098,0
18099,0
18100,0
18101,0
18102,0
18103,0
18104,0
18105,0
18106,0
18107,0
18108,0
18109,0
18110,0
18111,0
18112,0
18113,0
18114,0
18115,0
18116,0
18117,0
18118,0
18119,0
18120,0
18121,0
18122,0
18123,0
18124,0
18125,0
18126,0
18127,0
18128,0
18129,0
18130,0
18131,0
18132,0
18133,0
18134,0
18135,0
18136,0
18137,0
18138,0
18139,0
18140,0
18141,0
18142,0
18143,0
18144,0
18145,0
18146,0
18147,0
18148,0
18149,0
18150,0
18151,0
18152,0
18153,0
18154,0
18155,0
18156,0
18157,0
18158,0
18159,0
18160,0
18161,0
18162,0
18163,0
18164,0
18165,0
18166,0
18167,0
18168,0
18169,0
18170,0
18171,0
18172,0
18173,0
18174,0
18175,0
18176,0
18177,0
18178,0
18179,0
18180,0
18181,0
18182,0
18183,0
18184,0
18185,0
18186,0
18187,0
18188,0
18189,0
18190,0
18191,0
18192,0
18193,0
18194,0
18195,0
18196,0
18197,0
18198,0
18199,0
18200,0
18201,0
18202,0
18203,0
18204,0
18205,0
18206,0
18207,0
18208,0
18209,0
18210,0
18211,0
18212,0
18213,0
18214,0
18215,0
18216,0
18217,0
18218,0
18219,0
18220,0
18221,0
18222,0
18223,0
18224,0
18225,0
18226,0
18227,0
18228,0
18229,0
18230,0
18231,0
18232,0
18233,0
18234,0
18235,0
18236,0
18237,0
18238,0
18239,0
18240,0
18241,0
18242,0
18243,0
18244,0
18245,0
18246,0
18247,0
18248,0
18249,0
18250,0
18251,0
18252,0
18253,0
18254,0
18255,0
18256,0
18257,0
18258,0
18259,0
18260,0
18261,0
18262,0
18263,0
18264,0
18265,0
18266,0
18267,0
18268,0
18269,0
18270,0
18271,0
18272,0
18273,0
18274,0
18275,0
18276,0
18277,0
18278,0
18279,0
18280,0
18281,0
18282,0
18283,0
18284,0
18285,0
18286,0
18287,0
18288,0
18289,0
18290,0
18291,0
18292,0
18293,0
18294,0
18295,0
18296,0
18297,0
18298,0
18299,0
18300,0
18301,0
18302,0
18303,0
18304,0
18305,0
18306,0
18307,0
18308,0
18309,0
18310,0
18311,0
18312,0
18313,0
18314,0
18315,0
18316,0
18317,0
18318,0
18319,0
18320,0
18321,0
18322,0
18323,0
18324,0
18325,0
18326,0
18327,0
18328,0
18329,0
18330,0
18331,0
18332,0
18333,0
18334,0
18335,0
18336,0
18337,0
18338,0
18339,0
18340,0
18341,0
18342,0
18343,0
18344,0
18345,0
18346,0
18347,0
18348,0
18349,0
18350,0
18351,0
18352,0
18353,0
18354,0
18355,0
18356,0
18357,0
18358,0
18359,0
18360,0
18361,0
18362,0
18363,0
18364,0
18365,0
18366,0
18367,0
18368,0
18369,0
18370,0
18371,0
18372,0
18373,0
18374,0
18375,0
18376,0
18377,0
18378,0
18379,0
18380,0
18381,0
18382,0
18383,0
18384,0
18385,0
18386,0
18387,0
18388,0
18389,0
18390,0
18391,0
18392,0
18393,0
18394,0
18395,0
18396,0
18397,0
18398,0
18399,0
18400,0
18401,0
18402,0
18403,0
18404,0
18405,0
18406,0
18407,0
18408,0
18409,0
18410,0
18411,0
18412,0
18413,0
18414,0
18415,0
18416,0
18417,0
18418,0
18419,0
18420,0
18421,0
18422,0
18423,0
18424,0
18425,0
18426,0
18427,0
18428,0
18429,0
18430,0
18431,0
18432,0
18433,0
18434,0
18435,0
18436,0
18437,0
18438,0
18439,0
18440,0
18441,0
18442,0
18443,0
18444,0
18445,0
18446,0
18447,0
18448,0
18449,0
18450,0
18451,0
18452,0
18453,0
18454,0
18455,0
18456,0
18457,0
18458,0
18459,0
18460,0
18461,0
18462,0
18463,0
18464,0
18465,0
18466,0
18467,0
18468,0
18469,0
18470,0
18471,0
18472,0
18473,0
18474,0
18475,0
18476,0
18477,0
18478,0
18479,0
18480,0
18481,0
18482,0
18483,0
18484,0
18485,0
18486,0
18487,0
18488,0
18489,0
18490,0
18491,0
18492,0
18493,0
18494,0
18495,0
18496,0
18497,0
18498,0
18499,0
18500,0
18501,0
18502,0
18503,0
18504,0
18505,0
18506,0
18507,0
18508,0
18509,0
18510,0
18511,0
18512,0
18513,0
18514,0
18515,0
18516,0
18517,0
18518,0
18519,0
18520,0
18521,0
18522,0
18523,0
18524,0
18525,0
18526,0
18527,0
18528,0
18529,0
18530,0
18531,0
18532,0
18533,0
18534,0
18535,0
18536,0
18537,0
18538,0
18539,0
18540,0
18541,0
18542,0
18543,0
18544,0
18545,0
18546,0
18547,0
18548,0
18549,0
18550,0
18551,0
18552,0
18553,0
18554,0
18555,0
18556,0
18557,0
18558,0
18559,0
18560,0
18561,0
18562,0
18563,0
18564,0
18565,0
18566,0
18567,0
18568,0
18569,0
18570,0
18571,0
18572,0
18573,0
18574,0
18575,0
18576,0
18577,0
18578,0
18579,0
18580,0
18581,0
18582,0
18583,0
18584,0
18585,0
18586,0
18587,0
18588,0
18589,0
18590,0
18591,0
18592,0
18593,0
18594,0
18595,0
18596,0
18597,0
18598,0
18599,0
18600,0
18601,0
18602,0
18603,0
18604,0
18605,0
18606,0
18607,0
18608,0
18609,0
18610,0
18611,0
18612,0
18613,0
18614,0
18615,0
18616,0
18617,0
18618,0
18619,0
18620,0
18621,0
18622,0
18623,0
18624,0
18625,0
18626,0
18627,0
18628,0
18629,0
18630,0
18631,0
18632,0
18633,0
18634,0
18635,0
18636,0
18637,0
18638,0
18639,0
18640,0
18641,0
18642,0
18643,0
18644,0
18645,0
18646,0
18647,0
18648,0
18649,0
18650,0
18651,0
18652,0
18653,0
18654,0
18655,0
18656,0
18657,0
18658,0
18659,0
18660,0
18661,0
18662,0
18663,0
18664,0
18665,0
18666,0
18667,0
18668,0
18669,0
18670,0
18671,0
18672,0
18673,0
18674,0
18675,0
18676,0
18677,0
18678,0
18679,0
18680,0
18681,0
18682,0
18683,0
18684,0
18685,0
18686,0
18687,0
18688,0
18689,0
18690,0
18691,0
18692,0
18693,0
18694,0
18695,0
18696,0
18697,0
18698,0
18699,0
18700,0
18701,0
18702,0
18703,0
18704,0
18705,0
18706,0
18707,0
18708,0
18709,0
18710,0
18711,0
18712,0
18713,0
18714,0
18715,0
18716,0
18717,0
18718,0
18719,0
18720,0
18721,0
18722,0
18723,0
18724,0
18725,0
18726,0
18727,0
18728,0
18729,0
18730,0
18731,0
18732,0
18733,0
18734,0
18735,0
18736,0
18737,0
18738,0
18739,0
18740,0
18741,0
18742,0
18743,0
18744,0
18745,0
18746,0
18747,0
18748,0
18749,0
18750,0
18751,0
18752,0
18753,0
18754,0
18755,0
18756,0
18757,0
18758,0
18759,0
18760,0
18761,0
18762,0
18763,0
18764,0
18765,0
18766,0
18767,0
18768,0
18769,0
18770,0
18771,0
18772,0
18773,0
18774,0
18775,0
18776,0
18777,0
18778,0
18779,0
18780,0
18781,0
18782,0
18783,0
18784,0
18785,0
18786,0
18787,0
18788,0
18789,0
18790,0
18791,0
18792,0
18793,0
18794,0
18795,0
18796,0
18797,0
18798,0
18799,0
18800,0
18801,0
18802,0
18803,0
18804,0
18805,0
18806,0
18807,0
18808,0
18809,0
18810,0
18811,0
18812,0
18813,0
18814,0
18815,0
18816,0
18817,0
18818,0
18819,0
18820,0
18821,0
18822,0
18823,0
18824,0
18825,0
18826,0
18827,0
18828,0
18829,0
18830,0
18831,0
18832,0
18833,0
18834,0
18835,0
18836,0
18837,0
18838,0
18839,0
18840,0
18841,0
18842,0
18843,0
18844,0
18845,0
18846,0
18847,0
18848,0
18849,0
18850,0
18851,0
18852,0
18853,0
18854,0
18855,0
18856,0
18857,0
18858,0
18859,0
18860,0
18861,0
18862,0
18863,0
18864,0
18865,0
18866,0
18867,0
18868,0
18869,0
18870,0
18871,0
18872,0
18873,0
18874,0
18875,0
18876,0
18877,0
18878,0
18879,0
18880,0
18881,0
18882,0
18883,0
18884,0
18885,0
18886,0
18887,0
18888,0
18889,0
18890,0
18891,0
18892,0
18893,0
18894,0
18895,0
18896,0
18897,0
18898,0
18899,0
18900,0
18901,0
18902,0
18903,0
18904,0
18905,0
18906,0
18907,0
18908,0
18909,0
18910,0
18911,0
18912,0
18913,0
18914,0
18915,0
18916,0
18917,0
18918,0
18919,0
18920,0
18921,0
18922,0
18923,0
18924,0
18925,0
18926,0
18927,0
18928,0
18929,0
18930,0
18931,0
18932,0
18933,0
18934,0
18935,0
18936,0
18937,0
18938,0
18939,0
18940,0
18941,0
18942,0
18943,0
18944,0
18945,0
18946,0
18947,0
18948,0
18949,0
18950,0
18951,0
18952,0
18953,0
18954,0
18955,0
18956,0
18957,0
18958,0
18959,0
18960,0
18961,0
18962,0
18963,0
18964,0
18965,0
18966,0
18967,0
18968,0
18969,0
18970,0
18971,0
18972,0
18973,0
18974,0
18975,0
18976,0
18977,0
18978,0
18979,0
18980,0
18981,0
18982,0
18983,0
18984,0
18985,0
18986,0
18987,0
18988,0
18989,0
18990,0
18991,0
18992,0
18993,0
18994,0
18995,0
18996,0
18997,0
18998,0
18999,0
19000,0
19001,0
19002,0
19003,0
19004,0
19005,0
19006,0
19007,0
19008,0
19009,0
19010,0
19011,0
19012,0
19013,0
19014,0
19015,0
19016,0
19017,0
19018,0
19019,0
19020,0
19021,0
19022,0
19023,0
19024,0
19025,0
19026,0
19027,0
19028,0
19029,0
19030,0
19031,0
19032,0
19033,0
19034,0
19035,0
19036,0
19037,0
19038,0
19039,0
19040,0
19041,0
19042,0
19043,0
19044,0
19045,0
19046,0
19047,0
19048,0
19049,0
19050,0
19051,0
19052,0
19053,0
19054,0
19055,0
19056,0
19057,0
19058,0
19059,0
19060,0
19061,0
19062,0
19063,0
19064,0
19065,0
19066,0
19067,0
19068,0
19069,0
19070,0
19071,0
19072,0
19073,0
19074,0
19075,0
19076,0
19077,0
19078,0
19079,0
19080,0
19081,0
19082,0
19083,0
19084,0
19085,0
19086,0
19087,0
19088,0
19089,0
19090,0
19091,0
19092,0
19093,0
19094,0
19095,0
19096,0
19097,0
19098,0
19099,0
19100,0
19101,0
19102,0
19103,0
19104,0
19105,0
19106,0
19107,0
19108,0
19109,0
19110,0
19111,0
19112,0
19113,0
19114,0
19115,0
19116,0
19117,0
19118,0
19119,0
19120,0
19121,0
19122,0
19123,0
19124,0
19125,0
19126,0
19127,0
19128,0
19129,0
19130,0
19131,0
19132,0
19133,0
19134,0
19135,0
19136,0
19137,0
19138,0
19139,0
19140,0
19141,0
19142,0
19143,0
19144,0
19145,0
19146,0
19147,0
19148,0
19149,0
19150,0
19151,0
19152,0
19153,0
19154,0
19155,0
19156,0
19157,0
19158,0
19159,0
19160,0
19161,0
19162,0
19163,0
19164,0
19165,0
19166,0
19167,0
19168,0
19169,0
19170,0
19171,0
19172,0
19173,0
19174,0
19175,0
19176,0
19177,0
19178,0
19179,0
19180,0
19181,0
19182,0
19183,0
19184,0
19185,0
19186,0
19187,0
19188,0
19189,0
19190,0
19191,0
19192,0
19193,0
19194,0
19195,0
19196,0
19197,0
19198,0
19199,0
19200,0
19201,0
19202,0
19203,0
19204,0
19205,0
19206,0
19207,0
19208,0
19209,0
19210,0
19211,0
19212,0
19213,0
19214,0
19215,0
19216,0
19217,0
19218,0
19219,0
19220,0
19221,0
19222,0
19223,0
19224,0
19225,0
19226,0
19227,0
19228,0
19229,0
19230,0
19231,0
19232,0
19233,0
19234,0
19235,0
19236,0
19237,0
19238,0
19239,0
19240,0
19241,0
19242,0
19243,0
19244,0
19245,0
19246,0
19247,0
19248,0
19249,0
19250,0
19251,0
19252,0
19253,0
19254,0
19255,0
19256,0
19257,0
19258,0
19259,0
19260,0
19261,0
19262,0
19263,0
19264,0
19265,0
19266,0
19267,0
19268,0
19269,0
19270,0
19271,0
19272,0
19273,0
19274,0
19275,0
19276,0
19277,0
19278,0
19279,0
19280,0
19281,0
19282,0
19283,0
19284,0
19285,0
19286,0
19287,0
19288,0
19289,0
19290,0
19291,0
19292,0
19293,0
19294,0
19295,0
19296,0
19297,0
19298,0
19299,0
19300,0
19301,0
19302,0
19303,0
19304,0
19305,0
19306,0
19307,0
19308,0
19309,0
19310,0
19311,0
19312,0
19313,0
19314,0
19315,0
19316,0
19317,0
19318,0
19319,0
19320,0
19321,0
19322,0
19323,0
19324,0
19325,0
19326,0
19327,0
19328,0
19329,0
19330,0
19331,0
19332,0
19333,0
19334,0
19335,0
19336,0
19337,0
19338,0
19339,0
19340,0
19341,0
19342,0
19343,0
19344,0
19345,0
19346,0
19347,0
19348,0
19349,0
19350,0
19351,0
19352,0
19353,0
19354,0
19355,0
19356,0
19357,0
19358,0
19359,0
19360,0
19361,0
19362,0
19363,0
19364,0
19365,0
19366,0
19367,0
19368,0
19369,0
19370,0
19371,0
19372,0
19373,0
19374,0
19375,0
19376,0
19377,0
19378,0
19379,0
19380,0
19381,0
19382,0
19383,0
19384,0
19385,0
19386,0
19387,0
19388,0
19389,0
19390,0
19391,0
19392,0
19393,0
19394,0
19395,0
19396,0
19397,0
19398,0
19399,0
19400,0
19401,0
19402,0
19403,0
19404,0
19405,0
19406,0
19407,0
19408,0
19409,0
19410,0
19411,0
19412,0
19413,0
19414,0
19415,0
19416,0
19417,0
19418,0
19419,0
19420,0
19421,0
19422,0
19423,0
19424,0
19425,0
19426,0
19427,0
19428,0
19429,0
19430,0
19431,0
19432,0
19433,0
19434,0
19435,0
19436,0
19437,0
19438,0
19439,0
19440,0
19441,0
19442,0
19443,0
19444,0
19445,0
19446,0
19447,0
19448,0
19449,0
19450,0
19451,0
19452,0
19453,0
19454,0
19455,0
19456,0
19457,0
19458,0
19459,0
19460,0
19461,0
19462,0
19463,0
19464,0
19465,0
19466,0
19467,0
19468,0
19469,0
19470,0
19471,0
19472,0
19473,0
19474,0
19475,0
19476,0
19477,0
19478,0
19479,0
19480,0
19481,0
19482,0
19483,0
19484,0
19485,0
19486,0
19487,0
19488,0
19489,0
19490,0
19491,0
19492,0
19493,0
19494,0
19495,0
19496,0
19497,0
19498,0
19499,0
19500,0
19501,0
19502,0
19503,0
19504,0
19505,0
19506,0
19507,0
19508,0
19509,0
19510,0
19511,0
19512,0
19513,0
19514,0
19515,0
19516,0
19517,0
19518,0
19519,0
19520,0
19521,0
19522,0
19523,0
19524,0
19525,0
19526,0
19527,0
19528,0
19529,0
19530,0
19531,0
19532,0
19533,0
19534,0
19535,0
19536,0
19537,0
19538,0
19539,0
19540,0
19541,0
19542,0
19543,0
19544,0
19545,0
19546,0
19547,0
19548,0
19549,0
19550,0
19551,0
19552,0
19553,0
19554,0
19555,0
19556,0
19557,0
19558,0
19559,0
19560,0
19561,0
19562,0
19563,0
19564,0
19565,0
19566,0
19567,0
19568,0
19569,0
19570,0
19571,0
19572,0
19573,0
19574,0
19575,0
19576,0
19577,0
19578,0
19579,0
19580,0
19581,0
19582,0
19583,0
19584,0
19585,0
19586,0
19587,0
19588,0
19589,0
19590,0
19591,0
19592,0
19593,0
19594,0
19595,0
19596,0
19597,0
19598,0
19599,0
19600,0
19601,0
19602,0
19603,0
19604,0
19605,0
19606,0
19607,0
19608,0
19609,0
19610,0
19611,0
19612,0
19613,0
19614,0
19615,0
19616,0
19617,0
19618,0
19619,0
19620,0
19621,0
19622,0
19623,0
19624,0
19625,0
19626,0
19627,0
19628,0
19629,0
19630,0
19631,0
19632,0
19633,0
19634,0
19635,0
19636,0
19637,0
19638,0
19639,0
19640,0
19641,0
19642,0
19643,0
19644,0
19645,0
19646,0
19647,0
19648,0
19649,0
19650,0
19651,0
19652,0
19653,0
19654,0
19655,0
19656,0
19657,0
19658,0
19659,0
19660,0
19661,0
19662,0
19663,0
19664,0
19665,0
19666,0
19667,0
19668,0
19669,0
19670,0
19671,0
19672,0
19673,0
19674,0
19675,0
19676,0
19677,0
19678,0
19679,0
19680,0
19681,0
19682,0
19683,0
19684,0
19685,0
19686,0
19687,0
19688,0
19689,0
19690,0
19691,0
19692,0
19693,0
19694,0
19695,0
19696,0
19697,0
19698,0
19699,0
19700,0
19701,0
19702,0
19703,0
19704,0
19705,0
19706,0
19707,0
19708,0
19709,0
19710,0
19711,0
19712,0
19713,0
19714,0
19715,0
19716,0
19717,0
19718,0
19719,0
19720,0
19721,0
19722,0
19723,0
19724,0
19725,0
19726,0
19727,0
19728,0
19729,0
19730,0
19731,0
19732,0
19733,0
19734,0
19735,0
19736,0
19737,0
19738,0
19739,0
19740,0
19741,0
19742,0
19743,0
19744,0
19745,0
19746,0
19747,0
19748,0
19749,0
19750,0
19751,0
19752,0
19753,0
19754,0
19755,0
19756,0
19757,0
19758,0
19759,0
19760,0
19761,0
19762,0
19763,0
19764,0
19765,0
19766,0
19767,0
19768,0
19769,0
19770,0
19771,0
19772,0
19773,0
19774,0
19775,0
19776,0
19777,0
19778,0
19779,0
19780,0
19781,0
19782,0
19783,0
19784,0
19785,0
19786,0
19787,0
19788,0
19789,0
19790,0
19791,0
19792,0
19793,0
19794,0
19795,0
19796,0
19797,0
19798,0
19799,0
19800,0
19801,0
19802,0
19803,0
19804,0
19805,0
19806,0
19807,0
19808,0
19809,0
19810,0
19811,0
19812,0
19813,0
19814,0
19815,0
19816,0
19817,0
19818,0
19819,0
19820,0
19821,0
19822,0
19823,0
19824,0
19825,0
19826,0
19827,0
19828,0
19829,0
19830,0
19831,0
19832,0
19833,0
19834,0
19835,0
19836,0
19837,0
19838,0
19839,0
19840,0
19841,0
19842,0
19843,0
19844,0
19845,0
19846,0
19847,0
19848,0
19849,0
19850,0
19851,0
19852,0
19853,0
19854,0
19855,0
19856,0
19857,0
19858,0
19859,0
19860,0
19861,0
19862,0
19863,0
19864,0
19865,0
19866,0
19867,0
19868,0
19869,0
19870,0
19871,0
19872,0
19873,0
19874,0
19875,0
19876,0
19877,0
19878,0
19879,0
19880,0
19881,0
19882,0
19883,0
19884,0
19885,0
19886,0
19887,0
19888,0
19889,0
19890,0
19891,0
19892,0
19893,0
19894,0
19895,0
19896,0
19897,0
19898,0
19899,0
19900,0
19901,0
19902,0
19903,0
19904,0
19905,0
19906,0
19907,0
19908,0
19909,0
19910,0
19911,0
19912,0
19913,0
19914,0
19915,0
19916,0
19917,0
19918,0
19919,0
19920,0
19921,0
19922,0
19923,0
19924,0
19925,0
19926,0
19927,0
19928,0
19929,0
19930,0
19931,0
19932,0
19933,0
19934,0
19935,0
19936,0
19937,0
19938,0
19939,0
19940,0
19941,0
19942,0
19943,0
19944,0
19945,0
19946,0
19947,0
19948,0
19949,0
19950,0
19951,0
19952,0
19953,0
19954,0
19955,0
19956,0
19957,0
19958,0
19959,0
19960,0
19961,0
19962,0
19963,0
19964,0
19965,0
19966,0
19967,0
19968,0
19969,0
19970,0
19971,0
19972,0
19973,0
19974,0
19975,0
19976,0
19977,0
19978,0
19979,0
19980,0
19981,0
19982,0
19983,0
19984,0
19985,0
19986,0
19987,0
19988,0
19989,0
19990,0
19991,0
19992,0
19993,0
19994,0
19995,0
19996,0
19997,0
19998,0
19999,0
20000,0
20001,0
20002,0
20003,0
20004,0
20005,0
20006,0
20007,0
20008,0
20009,0
20010,0
20011,0
20012,0
20013,0
20014,0
20015,0
20016,0
20017,0
20018,0
20019,0
20020,0
20021,0
20022,0
20023,0
20024,0
20025,0
20026,0
20027,0
20028,0
20029,0
20030,0
20031,0
20032,0
20033,0
20034,0
20035,0
20036,0
20037,0
20038,0
20039,0
20040,0
20041,0
20042,0
20043,0
20044,0
20045,0
20046,0
20047,0
20048,0
20049,0
20050,0
20051,0
20052,0
20053,0
20054,0
20055,0
20056,0
20057,0
20058,0
20059,0
20060,0
20061,0
20062,0
20063,0
20064,0
20065,0
20066,0
20067,0
20068,0
20069,0
20070,0
20071,0
20072,0
20073,0
20074,0
20075,0
20076,0
20077,0
20078,0
20079,0
20080,0
20081,0
20082,0
20083,0
20084,0
20085,0
20086,0
20087,0
20088,0
20089,0
20090,0
20091,0
20092,0
20093,0
20094,0
20095,0
20096,0
20097,0
20098,0
20099,0
20100,0
20101,0
20102,0
20103,0
20104,0
20105,0
20106,0
20107,0
20108,0
20109,0
20110,0
20111,0
20112,0
20113,0
20114,0
20115,0
20116,0
20117,0
20118,0
20119,0
20120,0
20121,0
20122,0
20123,0
20124,0
20125,0
20126,0
20127,0
20128,0
20129,0
20130,0
20131,0
20132,0
20133,0
20134,0
20135,0
20136,0
20137,0
20138,0
20139,0
20140,0
20141,0
20142,0
20143,0
20144,0
20145,0
20146,0
20147,0
20148,0
20149,0
20150,0
20151,0
20152,0
20153,0
20154,0
20155,0
20156,0
20157,0
20158,0
20159,0
20160,0
20161,0
20162,0
20163,0
20164,0
20165,0
20166,0
20167,0
20168,0
20169,0
20170,0
20171,0
20172,0
20173,0
20174,0
20175,0
20176,0
20177,0
20178,0
20179,0
20180,0
20181,0
20182,0
20183,0
20184,0
20185,0
20186,0
20187,0
20188,0
20189,0
20190,0
20191,0
20192,0
20193,0
20194,0
20195,0
20196,0
20197,0
20198,0
20199,0
20200,0
20201,0
20202,0
20203,0
20204,0
20205,0
20206,0
20207,0
20208,0
20209,0
20210,0
20211,0
20212,0
20213,0
20214,0
20215,0
20216,0
20217,0
20218,0
20219,0
20220,0
20221,0
20222,0
20223,0
20224,0
20225,0
20226,0
20227,0
20228,0
20229,0
20230,0
20231,0
20232,0
20233,0
20234,0
20235,0
20236,0
20237,0
20238,0
20239,0
20240,0
20241,0
20242,0
20243,0
20244,0
20245,0
20246,0
20247,0
20248,0
20249,0
20250,0
20251,0
20252,0
20253,0
20254,0
20255,0
20256,0
20257,0
20258,0
20259,0
20260,0
20261,0
20262,0
20263,0
20264,0
20265,0
20266,0
20267,0
20268,0
20269,0
20270,0
20271,0
20272,0
20273,0
20274,0
20275,0
20276,0
20277,0
20278,0
20279,0
20280,0
20281,0
20282,0
20283,0
20284,0
20285,0
20286,0
20287,0
20288,0
20289,0
20290,0
20291,0
20292,0
20293,0
20294,0
20295,0
20296,0
20297,0
20298,0
20299,0
20300,0
20301,0
20302,0
20303,0
20304,0
20305,0
20306,0
20307,0
20308,0
20309,0
20310,0
20311,0
20312,0
20313,0
20314,0
20315,0
20316,0
20317,0
20318,0
20319,0
20320,0
20321,0
20322,0
20323,0
20324,0
20325,0
20326,0
20327,0
20328,0
20329,0
20330,0
20331,0
20332,0
20333,0
20334,0
20335,0
20336,0
20337,0
20338,0
20339,0
20340,0
20341,0
20342,0
20343,0
20344,0
20345,0
20346,0
20347,0
20348,0
20349,0
20350,0
20351,0
20352,0
20353,0
20354,0
20355,0
20356,0
20357,0
20358,0
20359,0
20360,0
20361,0
20362,0
20363,0
20364,0
20365,0
20366,0
20367,0
20368,0
20369,0
20370,0
20371,0
20372,0
20373,0
20374,0
20375,0
20376,0
20377,0
20378,0
20379,0
20380,0
20381,0
20382,0
20383,0
20384,0
20385,0
20386,0
20387,0
20388,0
20389,0
20390,0
20391,0
20392,0
20393,0
20394,0
20395,0
20396,0
20397,0
20398,0
20399,0
20400,0
20401,0
20402,0
20403,0
20404,0
20405,0
20406,0
20407,0
20408,0
20409,0
20410,0
20411,0
20412,0
20413,0
20414,0
20415,0
20416,0
20417,0
20418,0
20419,0
20420,0
20421,0
20422,0
20423,0
20424,0
20425,0
20426,0
20427,0
20428,0
20429,0
20430,0
20431,0
20432,0
20433,0
20434,0
20435,0
20436,0
20437,0
20438,0
20439,0
20440,0
20441,0
20442,0
20443,0
20444,0
20445,0
20446,0
20447,0
20448,0
20449,0
20450,0
20451,0
20452,0
20453,0
20454,0
20455,0
20456,0
20457,0
20458,0
20459,0
20460,0
20461,0
20462,0
20463,0
20464,0
20465,0
20466,0
20467,0
20468,0
20469,0
20470,0
20471,0
20472,0
20473,0
20474,0
20475,0
20476,0
20477,0
20478,0
20479,0
20480,0
20481,0
20482,0
20483,0
20484,0
20485,0
20486,0
20487,0
20488,0
20489,0
20490,0
20491,0
20492,0
20493,0
20494,0
20495,0
20496,0
20497,0
20498,0
20499,0
20500,0
20501,0
20502,0
20503,0
20504,0
20505,0
20506,0
20507,0
20508,0
20509,0
20510,0
20511,0
20512,0
20513,0
20514,0
20515,0
20516,0
20517,0
20518,0
20519,0
20520,0
20521,0
20522,0
20523,0
20524,0
20525,0
20526,0
20527,0
20528,0
20529,0
20530,0
20531,0
20532,0
20533,0
20534,0
20535,0
20536,0
20537,0
20538,0
20539,0
20540,0
20541,0
20542,0
20543,0
20544,0
20545,0
20546,0
20547,0
20548,0
20549,0
20550,0
20551,0
20552,0
20553,0
20554,0
20555,0
20556,0
20557,0
20558,0
20559,0
20560,0
20561,0
20562,0
20563,0
20564,0
20565,0
20566,0
20567,0
20568,0
20569,0
20570,0
20571,0
20572,0
20573,0
20574,0
20575,0
20576,0
20577,0
20578,0
20579,0
20580,0
20581,0
20582,0
20583,0
20584,0
20585,0
20586,0
20587,0
20588,0
20589,0
20590,0
20591,0
20592,0
20593,0
20594,0
20595,0
20596,0
20597,0
20598,0
20599,0
20600,0
20601,0
20602,0
20603,0
20604,0
20605,0
20606,0
20607,0
20608,0
20609,0
20610,0
20611,0
20612,0
20613,0
20614,0
20615,0
20616,0
20617,0
20618,0
20619,0
20620,0
20621,0
20622,0
20623,0
20624,0
20625,0
20626,0
20627,0
20628,0
20629,0
20630,0
20631,0
20632,0
20633,0
20634,0
20635,0
20636,0
20637,0
20638,0
20639,0
20640,0
20641,0
20642,0
20643,0
20644,0
20645,0
20646,0
20647,0
20648,0
20649,0
20650,0
20651,0
20652,0
20653,0
20654,0
20655,0
20656,0
20657,0
20658,0
20659,0
20660,0
20661,0
20662,0
20663,0
20664,0
20665,0
20666,0
20667,0
20668,0
20669,0
20670,0
20671,0
20672,0
20673,0
20674,0
20675,0
20676,0
20677,0
20678,0
20679,0
20680,0
20681,0
20682,0
20683,0
20684,0
20685,0
20686,0
20687,0
20688,0
20689,0
20690,0
20691,0
20692,0
20693,0
20694,0
20695,0
20696,0
20697,0
20698,0
20699,0
20700,0
20701,0
20702,0
20703,0
20704,0
20705,0
20706,0
20707,0
20708,0
20709,0
20710,0
20711,0
20712,0
20713,0
20714,0
20715,0
20716,0
20717,0
20718,0
20719,0
20720,0
20721,0
20722,0
20723,0
20724,0
20725,0
20726,0
20727,0
20728,0
20729,0
20730,0
20731,0
20732,0
20733,0
20734,0
20735,0
20736,0
20737,0
20738,0
20739,0
20740,0
20741,0
20742,0
20743,0
20744,0
20745,0
20746,0
20747,0
20748,0
20749,0
20750,0
20751,0
20752,0
20753,0
20754,0
20755,0
20756,0
20757,0
20758,0
20759,0
20760,0
20761,0
20762,0
20763,0
20764,0
20765,0
20766,0
20767,0
20768,0
20769,0
20770,0
20771,0
20772,0
20773,0
20774,0
20775,0
20776,0
20777,0
20778,0
20779,0
20780,0
20781,0
20782,0
20783,0
20784,0
20785,0
20786,0
20787,0
20788,0
20789,0
20790,0
20791,0
20792,0
20793,0
20794,0
20795,0
20796,0
20797,0
20798,0
20799,0
20800,0
20801,0
20802,0
20803,0
20804,0
20805,0
20806,0
20807,0
20808,0
20809,0
20810,0
20811,0
20812,0
20813,0
20814,0
20815,0
20816,0
20817,0
20818,0
20819,0
20820,0
20821,0
20822,0
20823,0
20824,0
20825,0
20826,0
20827,0
20828,0
20829,0
20830,0
20831,0
20832,0
20833,0
20834,0
20835,0
20836,0
20837,0
20838,0
20839,0
20840,0
20841,0
20842,0
20843,0
20844,0
20845,0
20846,0
20847,0
20848,0
20849,0
20850,0
20851,0
20852,0
20853,0
20854,0
20855,0
20856,0
20857,0
20858,0
20859,0
20860,0
20861,0
20862,0
20863,0
20864,0
20865,0
20866,0
20867,0
20868,0
20869,0
20870,0
20871,0
20872,0
20873,0
20874,0
20875,0
20876,0
20877,0
20878,0
20879,0
20880,0
20881,0
20882,0
20883,0
20884,0
20885,0
20886,0
20887,0
20888,0
20889,0
20890,0
20891,0
20892,0
20893,0
20894,0
20895,0
20896,0
20897,0
20898,0
20899,0
20900,0
20901,0
20902,0
20903,0
20904,0
20905,0
20906,0
20907,0
20908,0
20909,0
20910,0
20911,0
20912,0
20913,0
20914,0
20915,0
20916,0
20917,0
20918,0
20919,0
20920,0
20921,0
20922,0
20923,0
20924,0
20925,0
20926,0
20927,0
20928,0
20929,0
20930,0
20931,0
20932,0
20933,0
20934,0
20935,0
20936,0
20937,0
20938,0
20939,0
20940,0
20941,0
20942,0
20943,0
20944,0
20945,0
20946,0
20947,0
20948,0
20949,0
20950,0
20951,0
20952,0
20953,0
20954,0
20955,0
20956,0
20957,0
20958,0
20959,0
20960,0
20961,0
20962,0
20963,0
20964,0
20965,0
20966,0
20967,0
20968,0
20969,0
20970,0
20971,0
20972,0
20973,0
20974,0
20975,0
20976,0
20977,0
20978,0
20979,0
20980,0
20981,0
20982,0
20983,0
20984,0
20985,0
20986,0
20987,0
20988,0
20989,0
20990,0
20991,0
20992,0
20993,0
20994,0
20995,0
20996,0
20997,0
20998,0
20999,0
21000,0
21001,0
21002,0
21003,0
21004,0
21005,0
21006,0
21007,0
21008,0
21009,0
21010,0
21011,0
21012,0
21013,0
21014,0
21015,0
21016,0
21017,0
21018,0
21019,0
21020,0
21021,0
21022,0
21023,0
21024,0
21025,0
21026,0
21027,0
21028,0
21029,0
21030,0
21031,0
21032,0
21033,0
21034,0
21035,0
21036,0
21037,0
21038,0
21039,0
21040,0
21041,0
21042,0
21043,0
21044,0
21045,0
21046,0
21047,0
21048,0
21049,0
21050,0
21051,0
21052,0
21053,0
21054,0
21055,0
21056,0
21057,0
21058,0
21059,0
21060,0
21061,0
21062,0
21063,0
21064,0
21065,0
21066,0
21067,0
21068,0
21069,0
21070,0
21071,0
21072,0
21073,0
21074,0
21075,0
21076,0
21077,0
21078,0
21079,0
21080,0
21081,0
21082,0
21083,0
21084,0
21085,0
21086,0
21087,0
21088,0
21089,0
21090,0
21091,0
21092,0
21093,0
21094,0
21095,0
21096,0
21097,0
21098,0
21099,0
21100,0
21101,0
21102,0
21103,0
21104,0
21105,0
21106,0
21107,0
21108,0
21109,0
21110,0
21111,0
21112,0
21113,0
21114,0
21115,0
21116,0
21117,0
21118,0
21119,0
21120,0
21121,0
21122,0
21123,0
21124,0
21125,0
21126,0
21127,0
21128,0
21129,0
21130,0
21131,0
21132,0
21133,0
21134,0
21135,0
21136,0
21137,0
21138,0
21139,0
21140,0
21141,0
21142,0
21143,0
21144,0
21145,0
21146,0
21147,0
21148,0
21149,0
21150,0
21151,0
21152,0
21153,0
21154,0
21155,0
21156,0
21157,0
21158,0
21159,0
21160,0
21161,0
21162,0
21163,0
21164,0
21165,0
21166,0
21167,0
21168,0
21169,0
21170,0
21171,0
21172,0
21173,0
21174,0
21175,0
21176,0
21177,0
21178,0
21179,0
21180,0
21181,0
21182,0
21183,0
21184,0
21185,0
21186,0
21187,0
21188,0
21189,0
21190,0
21191,0
21192,0
21193,0
21194,0
21195,0
21196,0
21197,0
21198,0
21199,0
21200,0
21201,0
21202,0
21203,0
21204,0
21205,0
21206,0
21207,0
21208,0
21209,0
21210,0
21211,0
21212,0
21213,0
21214,0
21215,0
21216,0
21217,0
21218,0
21219,0
21220,0
21221,0
21222,0
21223,0
21224,0
21225,0
21226,0
21227,0
21228,0
21229,0
21230,0
21231,0
21232,0
21233,0
21234,0
21235,0
21236,0
21237,0
21238,0
21239,0
21240,0
21241,0
21242,0
21243,0
21244,0
21245,0
21246,0
21247,0
21248,0
21249,0
21250,0
21251,0
21252,0
21253,0
21254,0
21255,0
21256,0
21257,0
21258,0
21259,0
21260,0
21261,0
21262,0
21263,0
21264,0
21265,0
21266,0
21267,0
21268,0
21269,0
21270,0
21271,0
21272,0
21273,0
21274,0
21275,0
21276,0
21277,0
21278,0
21279,0
21280,0
21281,0
21282,0
21283,0
21284,0
21285,0
21286,0
21287,0
21288,0
21289,0
21290,0
21291,0
21292,0
21293,0
21294,0
21295,0
21296,0
21297,0
21298,0
21299,0
21300,0
21301,0
21302,0
21303,0
21304,0
21305,0
21306,0
21307,0
21308,0
21309,0
21310,0
21311,0
21312,0
21313,0
21314,0
21315,0
21316,0
21317,0
21318,0
21319,0
21320,0
21321,0
21322,0
21323,0
21324,0
21325,0
21326,0
21327,0
21328,0
21329,0
21330,0
21331,0
21332,0
21333,0
21334,0
21335,0
21336,0
21337,0
21338,0
21339,0
21340,0
21341,0
21342,0
21343,0
21344,0
21345,0
21346,0
21347,0
21348,0
21349,0
21350,0
21351,0
21352,0
21353,0
21354,0
21355,0
21356,0
21357,0
21358,0
21359,0
21360,0
21361,0
21362,0
21363,0
21364,0
21365,0
21366,0
21367,0
21368,0
21369,0
21370,0
21371,0
21372,0
21373,0
21374,0
21375,0
21376,0
21377,0
21378,0
21379,0
21380,0
21381,0
21382,0
21383,0
21384,0
21385,0
21386,0
21387,0
21388,0
21389,0
21390,0
21391,0
21392,0
21393,0
21394,0
21395,0
21396,0
21397,0
21398,0
21399,0
21400,0
21401,0
21402,0
21403,0
21404,0
21405,0
21406,0
21407,0
21408,0
21409,0
21410,0
21411,0
21412,0
21413,0
21414,0
21415,0
21416,0
21417,0
21418,0
21419,0
21420,0
21421,0
21422,0
21423,0
21424,0
21425,0
21426,0
21427,0
21428,0
21429,0
21430,0
21431,0
21432,0
21433,0
21434,0
21435,0
21436,0
21437,0
21438,0
21439,0
21440,0
21441,0
21442,0
21443,0
21444,0
21445,0
21446,0
21447,0
21448,0
21449,0
21450,0
21451,0
21452,0
21453,0
21454,0
21455,0
21456,0
21457,0
21458,0
21459,0
21460,0
21461,0
21462,0
21463,0
21464,0
21465,0
21466,0
21467,0
21468,0
21469,0
21470,0
21471,0
21472,0
21473,0
21474,0
21475,0
21476,0
21477,0
21478,0
21479,0
21480,0
21481,0
21482,0
21483,0
21484,0
21485,0
21486,0
21487,0
21488,0
21489,0
21490,0
21491,0
21492,0
21493,0
21494,0
21495,0
21496,0
21497,0
21498,0
21499,0
21500,0
21501,0
21502,0
21503,0
21504,0
21505,0
21506,0
21507,0
21508,0
21509,0
21510,0
21511,0
21512,0
21513,0
21514,0
21515,0
21516,0
21517,0
21518,0
21519,0
21520,0
21521,0
21522,0
21523,0
21524,0
21525,0
21526,0
21527,0
21528,0
21529,0
21530,0
21531,0
21532,0
21533,0
21534,0
21535,0
21536,0
21537,0
21538,0
21539,0
21540,0
21541,0
21542,0
21543,0
21544,0
21545,0
21546,0
21547,0
21548,0
21549,0
21550,0
21551,0
21552,0
21553,0
21554,0
21555,0
21556,0
21557,0
21558,0
21559,0
21560,0
21561,0
21562,0
21563,0
21564,0
21565,0
21566,0
21567,0
21568,0
21569,0
21570,0
21571,0
21572,0
21573,0
21574,0
21575,0
21576,0
21577,0
21578,0
21579,0
21580,0
21581,0
21582,0
21583,0
21584,0
21585,0
21586,0
21587,0
21588,0
21589,0
21590,0
21591,0
21592,0
21593,0
21594,0
21595,0
21596,0
21597,0
21598,0
21599,0
21600,0
21601,0
21602,0
21603,0
21604,0
21605,0
21606,0
21607,0
21608,0
21609,0
21610,0
21611,0
21612,0
21613,0
21614,0
21615,0
21616,0
21617,0
21618,0
21619,0
21620,0
21621,0
21622,0
21623,0
21624,0
21625,0
21626,0
21627,0
21628,0
21629,0
21630,0
21631,0
21632,0
21633,0
21634,0
21635,0
21636,0
21637,0
21638,0
21639,0
21640,0
21641,0
21642,0
21643,0
21644,0
21645,0
21646,0
21647,0
21648,0
21649,0
21650,0
21651,0
21652,0
21653,0
21654,0
21655,0
21656,0
21657,0
21658,0
21659,0
21660,0
21661,0
21662,0
21663,0
21664,0
21665,0
21666,0
21667,0
21668,0
21669,0
21670,0
21671,0
21672,0
21673,0
21674,0
21675,0
21676,0
21677,0
21678,0
21679,0
21680,0
21681,0
21682,0
21683,0
21684,0
21685,0
21686,0
21687,0
21688,0
21689,0
21690,0
21691,0
21692,0
21693,0
21694,0
21695,0
21696,0
21697,0
21698,0
21699,0
21700,0
21701,0
21702,0
21703,0
21704,0
21705,0
21706,0
21707,0
21708,0
21709,0
21710,0
21711,0
21712,0
21713,0
21714,0
21715,0
21716,0
21717,0
21718,0
21719,0
21720,0
21721,0
21722,0
21723,0
21724,0
21725,0
21726,0
21727,0
21728,0
21729,0
21730,0
21731,0
21732,0
21733,0
21734,0
21735,0
21736,0
21737,0
21738,0
21739,0
21740,0
21741,0
21742,0
21743,0
21744,0
21745,0
21746,0
21747,0
21748,0
21749,0
21750,0
21751,0
21752,0
21753,0
21754,0
21755,0
21756,0
21757,0
21758,0
21759,0
21760,0
21761,0
21762,0
21763,0
21764,0
21765,0
21766,0
21767,0
21768,0
21769,0
21770,0
21771,0
21772,0
21773,0
21774,0
21775,0
21776,0
21777,0
21778,0
21779,0
21780,0
21781,0
21782,0
21783,0
21784,0
21785,0
21786,0
21787,0
21788,0
21789,0
21790,0
21791,0
21792,0
21793,0
21794,0
21795,0
21796,0
21797,0
21798,0
21799,0
21800,0
21801,0
21802,0
21803,0
21804,0
21805,0
21806,0
21807,0
21808,0
21809,0
21810,0
21811,0
21812,0
21813,0
21814,0
21815,0
21816,0
21817,0
21818,0
21819,0
21820,0
21821,0
21822,0
21823,0
21824,0
21825,0
21826,0
21827,0
21828,0
21829,0
21830,0
21831,0
21832,0
21833,0
21834,0
21835,0
21836,0
21837,0
21838,0
21839,0
21840,0
21841,0
21842,0
21843,0
21844,0
21845,0
21846,0
21847,0
21848,0
21849,0
21850,0
21851,0
21852,0
21853,0
21854,0
21855,0
21856,0
21857,0
21858,0
21859,0
21860,0
21861,0
21862,0
21863,0
21864,0
21865,0
21866,0
21867,0
21868,0
21869,0
21870,0
21871,0
21872,0
21873,0
21874,0
21875,0
21876,0
21877,0
21878,0
21879,0
21880,0
21881,0
21882,0
21883,0
21884,0
21885,0
21886,0
21887,0
21888,0
21889,0
21890,0
21891,0
21892,0
21893,0
21894,0
21895,0
21896,0
21897,0
21898,0
21899,0
21900,0
21901,0
21902,0
21903,0
21904,0
21905,0
21906,0
21907,0
21908,0
21909,0
21910,0
21911,0
21912,0
21913,0
21914,0
21915,0
21916,0
21917,0
21918,0
21919,0
21920,0
21921,0
21922,0
21923,0
21924,0
21925,0
21926,0
21927,0
21928,0
21929,0
21930,0
21931,0
21932,0
21933,0
21934,0
21935,0
21936,0
21937,0
21938,0
21939,0
21940,0
21941,0
21942,0
21943,0
21944,0
21945,0
21946,0
21947,0
21948,0
21949,0
21950,0
21951,0
21952,0
21953,0
21954,0
21955,0
21956,0
21957,0
21958,0
21959,0
21960,0
21961,0
21962,0
21963,0
21964,0
21965,0
21966,0
21967,0
21968,0
21969,0
21970,0
21971,0
21972,0
21973,0
21974,0
21975,0
21976,0
21977,0
21978,0
21979,0
21980,0
21981,0
21982,0
21983,0
21984,0
21985,0
21986,0
21987,0
21988,0
21989,0
21990,0
21991,0
21992,0
21993,0
21994,0
21995,0
21996,0
21997,0
21998,0
21999,0
22000,0
22001,0
22002,0
22003,0
22004,0
22005,0
22006,0
22007,0
22008,0
22009,0
22010,0
22011,0
22012,0
22013,0
22014,0
22015,0
22016,0
22017,0
22018,0
22019,0
22020,0
22021,0
22022,0
22023,0
22024,0
22025,0
22026,0
22027,0
22028,0
22029,0
22030,0
22031,0
22032,0
22033,0
22034,0
22035,0
22036,0
22037,0
22038,0
22039,0
22040,0
22041,0
22042,0
22043,0
22044,0
22045,0
22046,0
22047,0
22048,0
22049,0
22050,0
22051,0
22052,0
22053,0
22054,0
22055,0
22056,0
22057,0
22058,0
22059,0
22060,0
22061,0
22062,0
22063,0
22064,0
22065,0
22066,0
22067,0
22068,0
22069,0
22070,0
22071,0
22072,0
22073,0
22074,0
22075,0
22076,0
22077,0
22078,0
22079,0
22080,0
22081,0
22082,0
22083,0
22084,0
22085,0
22086,0
22087,0
22088,0
22089,0
22090,0
22091,0
22092,0
22093,0
22094,0
22095,0
22096,0
22097,0
22098,0
22099,0
22100,0
22101,0
22102,0
22103,0
22104,0
22105,0
22106,0
22107,0
22108,0
22109,0
22110,0
22111,0
22112,0
22113,0
22114,0
22115,0
22116,0
22117,0
22118,0
22119,0
22120,0
22121,0
22122,0
22123,0
22124,0
22125,0
22126,0
22127,0
22128,0
22129,0
22130,0
22131,0
22132,0
22133,0
22134,0
22135,0
22136,0
22137,0
22138,0
22139,0
22140,0
22141,0
22142,0
22143,0
22144,0
22145,0
22146,0
22147,0
22148,0
22149,0
22150,0
22151,0
22152,0
22153,0
22154,0
22155,0
22156,0
22157,0
22158,0
22159,0
22160,0
22161,0
22162,0
22163,0
22164,0
22165,0
22166,0
22167,0
22168,0
22169,0
22170,0
22171,0
22172,0
22173,0
22174,0
22175,0
22176,0
22177,0
22178,0
22179,0
22180,0
22181,0
22182,0
22183,0
22184,0
22185,0
22186,0
22187,0
22188,0
22189,0
22190,0
22191,0
22192,0
22193,0
22194,0
22195,0
22196,0
22197,0
22198,0
22199,0
22200,0
22201,0
22202,0
22203,0
22204,0
22205,0
22206,0
22207,0
22208,0
22209,0
22210,0
22211,0
22212,0
22213,0
22214,0
22215,0
22216,0
22217,0
22218,0
22219,0
22220,0
22221,0
22222,0
22223,0
22224,0
22225,0
22226,0
22227,0
22228,0
22229,0
22230,0
22231,0
22232,0
22233,0
22234,0
22235,0
22236,0
22237,0
22238,0
22239,0
22240,0
22241,0
22242,0
22243,0
22244,0
22245,0
22246,0
22247,0
22248,0
22249,0
22250,0
22251,0
22252,0
22253,0
22254,0
22255,0
22256,0
22257,0
22258,0
22259,0
22260,0
22261,0
22262,0
22263,0
22264,0
22265,0
22266,0
22267,0
22268,0
22269,0
22270,0
22271,0
22272,0
22273,0
22274,0
22275,0
22276,0
22277,0
22278,0
22279,0
22280,0
22281,0
22282,0
22283,0
22284,0
22285,0
22286,0
22287,0
22288,0
22289,0
22290,0
22291,0
22292,0
22293,0
22294,0
22295,0
22296,0
22297,0
22298,0
22299,0
22300,0
22301,0
22302,0
22303,0
22304,0
22305,0
22306,0
22307,0
22308,0
22309,0
22310,0
22311,0
22312,0
22313,0
22314,0
22315,0
22316,0
22317,0
22318,0
22319,0
22320,0
22321,0
22322,0
22323,0
22324,0
22325,0
22326,0
22327,0
22328,0
22329,0
22330,0
22331,0
22332,0
22333,0
22334,0
22335,0
22336,0
22337,0
22338,0
22339,0
22340,0
22341,0
22342,0
22343,0
22344,0
22345,0
22346,0
22347,0
22348,0
22349,0
22350,0
22351,0
22352,0
22353,0
22354,0
22355,0
22356,0
22357,0
22358,0
22359,0
22360,0
22361,0
22362,0
22363,0
22364,0
22365,0
22366,0
22367,0
22368,0
22369,0
22370,0
22371,0
22372,0
22373,0
22374,0
22375,0
22376,0
22377,0
22378,0
22379,0
22380,0
22381,0
22382,0
22383,0
22384,0
22385,0
22386,0
22387,0
22388,0
22389,0
22390,0
22391,0
22392,0
22393,0
22394,0
22395,0
22396,0
22397,0
22398,0
22399,0
22400,0
22401,0
22402,0
22403,0
22404,0
22405,0
22406,0
22407,0
22408,0
22409,0
22410,0
22411,0
22412,0
22413,0
22414,0
22415,0
22416,0
22417,0
22418,0
22419,0
22420,0
22421,0
22422,0
22423,0
22424,0
22425,0
22426,0
22427,0
22428,0
22429,0
22430,0
22431,0
22432,0
22433,0
22434,0
22435,0
22436,0
22437,0
22438,0
22439,0
22440,0
22441,0
22442,0
22443,0
22444,0
22445,0
22446,0
22447,0
22448,0
22449,0
22450,0
22451,0
22452,0
22453,0
22454,0
22455,0
22456,0
22457,0
22458,0
22459,0
22460,0
22461,0
22462,0
22463,0
22464,0
22465,0
22466,0
22467,0
22468,0
22469,0
22470,0
22471,0
22472,0
22473,0
22474,0
22475,0
22476,0
22477,0
22478,0
22479,0
22480,0
22481,0
22482,0
22483,0
22484,0
22485,0
22486,0
22487,0
22488,0
22489,0
22490,0
22491,0
22492,0
22493,0
22494,0
22495,0
22496,0
22497,0
22498,0
22499,0
22500,0
22501,0
22502,0
22503,0
22504,0
22505,0
22506,0
22507,0
22508,0
22509,0
22510,0
22511,0
22512,0
22513,0
22514,0
22515,0
22516,0
22517,0
22518,0
22519,0
22520,0
22521,0
22522,0
22523,0
22524,0
22525,0
22526,0
22527,0
22528,0
22529,0
22530,0
22531,0
22532,0
22533,0
22534,0
22535,0
22536,0
22537,0
22538,0
22539,0
22540,0
22541,0
22542,0
22543,0
22544,0
22545,0
22546,0
22547,0
22548,0
22549,0
22550,0
22551,0
22552,0
22553,0
22554,0
22555,0
22556,0
22557,0
22558,0
22559,0
22560,0
22561,0
22562,0
22563,0
22564,0
22565,0
22566,0
22567,0
22568,0
22569,0
22570,0
22571,0
22572,0
22573,0
22574,0
22575,0
22576,0
22577,0
22578,0
22579,0
22580,0
22581,0
22582,0
22583,0
22584,0
22585,0
22586,0
22587,0
22588,0
22589,0
22590,0
22591,0
22592,0
22593,0
22594,0
22595,0
22596,0
22597,0
22598,0
22599,0
22600,0
22601,0
22602,0
22603,0
22604,0
22605,0
22606,0
22607,0
22608,0
22609,0
22610,0
22611,0
22612,0
22613,0
22614,0
22615,0
22616,0
22617,0
22618,0
22619,0
22620,0
22621,0
22622,0
22623,0
22624,0
22625,0
22626,0
22627,0
22628,0
22629,0
22630,0
22631,0
22632,0
22633,0
22634,0
22635,0
22636,0
22637,0
22638,0
22639,0
22640,0
22641,0
22642,0
22643,0
22644,0
22645,0
22646,0
22647,0
22648,0
22649,0
22650,0
22651,0
22652,0
22653,0
22654,0
22655,0
22656,0
22657,0
22658,0
22659,0
22660,0
22661,0
22662,0
22663,0
22664,0
22665,0
22666,0
22667,0
22668,0
22669,0
22670,0
22671,0
22672,0
22673,0
22674,0
22675,0
22676,0
22677,0
22678,0
22679,0
22680,0
22681,0
22682,0
22683,0
22684,0
22685,0
22686,0
22687,0
22688,0
22689,0
22690,0
22691,0
22692,0
22693,0
22694,0
22695,0
22696,0
22697,0
22698,0
22699,0
22700,0
22701,0
22702,0
22703,0
22704,0
22705,0
22706,0
22707,0
22708,0
22709,0
22710,0
22711,0
22712,0
22713,0
22714,0
22715,0
22716,0
22717,0
22718,0
22719,0
22720,0
22721,0
22722,0
22723,0
22724,0
22725,0
22726,0
22727,0
22728,0
22729,0
22730,0
22731,0
22732,0
22733,0
22734,0
22735,0
22736,0
22737,0
22738,0
22739,0
22740,0
22741,0
22742,0
22743,0
22744,0
22745,0
22746,0
22747,0
22748,0
22749,0
22750,0
22751,0
22752,0
22753,0
22754,0
22755,0
22756,0
22757,0
22758,0
22759,0
22760,0
22761,0
22762,0
22763,0
22764,0
22765,0
22766,0
22767,0
22768,0
22769,0
22770,0
22771,0
22772,0
22773,0
22774,0
22775,0
22776,0
22777,0
22778,0
22779,0
22780,0
22781,0
22782,0
22783,0
22784,0
22785,0
22786,0
22787,0
22788,0
22789,0
22790,0
22791,0
22792,0
22793,0
22794,0
22795,0
22796,0
22797,0
22798,0
22799,0
22800,0
22801,0
22802,0
22803,0
22804,0
22805,0
22806,0
22807,0
22808,0
22809,0
22810,0
22811,0
22812,0
22813,0
22814,0
22815,0
22816,0
22817,0
22818,0
22819,0
22820,0
22821,0
22822,0
22823,0
22824,0
22825,0
22826,0
22827,0
22828,0
22829,0
22830,0
22831,0
22832,0
22833,0
22834,0
22835,0
22836,0
22837,0
22838,0
22839,0
22840,0
22841,0
22842,0
22843,0
22844,0
22845,0
22846,0
22847,0
22848,0
22849,0
22850,0
22851,0
22852,0
22853,0
22854,0
22855,0
22856,0
22857,0
22858,0
22859,0
22860,0
22861,0
22862,0
22863,0
22864,0
22865,0
22866,0
22867,0
22868,0
22869,0
22870,0
22871,0
22872,0
22873,0
22874,0
22875,0
22876,0
22877,0
22878,0
22879,0
22880,0
22881,0
22882,0
22883,0
22884,0
22885,0
22886,0
22887,0
22888,0
22889,0
22890,0
22891,0
22892,0
22893,0
22894,0
22895,0
22896,0
22897,0
22898,0
22899,0
22900,0
22901,0
22902,0
22903,0
22904,0
22905,0
22906,0
22907,0
22908,0
22909,0
22910,0
22911,0
22912,0
22913,0
22914,0
22915,0
22916,0
22917,0
22918,0
22919,0
22920,0
22921,0
22922,0
22923,0
22924,0
22925,0
22926,0
22927,0
22928,0
22929,0
22930,0
22931,0
22932,0
22933,0
22934,0
22935,0
22936,0
22937,0
22938,0
22939,0
22940,0
22941,0
22942,0
22943,0
22944,0
22945,0
22946,0
22947,0
22948,0
22949,0
22950,0
22951,0
22952,0
22953,0
22954,0
22955,0
22956,0
22957,0
22958,0
22959,0
22960,0
22961,0
22962,0
22963,0
22964,0
22965,0
22966,0
22967,0
22968,0
22969,0
22970,0
22971,0
22972,0
22973,0
22974,0
22975,0
22976,0
22977,0
22978,0
22979,0
22980,0
22981,0
22982,0
22983,0
22984,0
22985,0
22986,0
22987,0
22988,0
22989,0
22990,0
22991,0
22992,0
22993,0
22994,0
22995,0
22996,0
22997,0
22998,0
22999,0
23000,0
23001,0
23002,0
23003,0
23004,0
23005,0
23006,0
23007,0
23008,0
23009,0
23010,0
23011,0
23012,0
23013,0
23014,0
23015,0
23016,0
23017,0
23018,0
23019,0
23020,0
23021,0
23022,0
23023,0
23024,0
23025,0
23026,0
23027,0
23028,0
23029,0
23030,0
23031,0
23032,0
23033,0
23034,0
23035,0
23036,0
23037,0
23038,0
23039,0
23040,0
23041,0
23042,0
23043,0
23044,0
23045,0
23046,0
23047,0
23048,0
23049,0
23050,0
23051,0
23052,0
23053,0
23054,0
23055,0
23056,0
23057,0
23058,0
23059,0
23060,0
23061,0
23062,0
23063,0
23064,0
23065,0
23066,0
23067,0
23068,0
23069,0
23070,0
23071,0
23072,0
23073,0
23074,0
23075,0
23076,0
23077,0
23078,0
23079,0
23080,0
23081,0
23082,0
23083,0
23084,0
23085,0
23086,0
23087,0
23088,0
23089,0
23090,0
23091,0
23092,0
23093,0
23094,0
23095,0
23096,0
23097,0
23098,0
23099,0
23100,0
23101,0
23102,0
23103,0
23104,0
23105,0
23106,0
23107,0
23108,0
23109,0
23110,0
23111,0
23112,0
23113,0
23114,0
23115,0
23116,0
23117,0
23118,0
23119,0
23120,0
23121,0
23122,0
23123,0
23124,0
23125,0
23126,0
23127,0
23128,0
23129,0
23130,0
23131,0
23132,0
23133,0
23134,0
23135,0
23136,0
23137,0
23138,0
23139,0
23140,0
23141,0
23142,0
23143,0
23144,0
23145,0
23146,0
23147,0
23148,0
23149,0
23150,0
23151,0
23152,0
23153,0
23154,0
23155,0
23156,0
23157,0
23158,0
23159,0
23160,0
23161,0
23162,0
23163,0
23164,0
23165,0
23166,0
23167,0
23168,0
23169,0
23170,0
23171,0
23172,0
23173,0
23174,0
23175,0
23176,0
23177,0
23178,0
23179,0
23180,0
23181,0
23182,0
23183,0
23184,0
23185,0
23186,0
23187,0
23188,0
23189,0
23190,0
23191,0
23192,0
23193,0
23194,0
23195,0
23196,0
23197,0
23198,0
23199,0
23200,0
23201,0
23202,0
23203,0
23204,0
23205,0
23206,0
23207,0
23208,0
23209,0
23210,0
23211,0
23212,0
23213,0
23214,0
23215,0
23216,0
23217,0
23218,0
23219,0
23220,0
23221,0
23222,0
23223,0
23224,0
23225,0
23226,0
23227,0
23228,0
23229,0
23230,0
23231,0
23232,0
23233,0
23234,0
23235,0
23236,0
23237,0
23238,0
23239,0
23240,0
23241,0
23242,0
23243,0
23244,0
23245,0
23246,0
23247,0
23248,0
23249,0
23250,0
23251,0
23252,0
23253,0
23254,0
23255,0
23256,0
23257,0
23258,0
23259,0
23260,0
23261,0
23262,0
23263,0
23264,0
23265,0
23266,0
23267,0
23268,0
23269,0
23270,0
23271,0
23272,0
23273,0
23274,0
23275,0
23276,0
23277,0
23278,0
23279,0
23280,0
23281,0
23282,0
23283,0
23284,0
23285,0
23286,0
23287,0
23288,0
23289,0
23290,0
23291,0
23292,0
23293,0
23294,0
23295,0
23296,0
23297,0
23298,0
23299,0
23300,0
23301,0
23302,0
23303,0
23304,0
23305,0
23306,0
23307,0
23308,0
23309,0
23310,0
23311,0
23312,0
23313,0
23314,0
23315,0
23316,0
23317,0
23318,0
23319,0
23320,0
23321,0
23322,0
23323,0
23324,0
23325,0
23326,0
23327,0
23328,0
23329,0
23330,0
23331,0
23332,0
23333,0
23334,0
23335,0
23336,0
23337,0
23338,0
23339,0
23340,0
23341,0
23342,0
23343,0
23344,0
23345,0
23346,0
23347,0
23348,0
23349,0
23350,0
23351,0
23352,0
23353,0
23354,0
23355,0
23356,0
23357,0
23358,0
23359,0
23360,0
23361,0
23362,0
23363,0
23364,0
23365,0
23366,0
23367,0
23368,0
23369,0
23370,0
23371,0
23372,0
23373,0
23374,0
23375,0
23376,0
23377,0
23378,0
23379,0
23380,0
23381,0
23382,0
23383,0
23384,0
23385,0
23386,0
23387,0
23388,0
23389,0
23390,0
23391,0
23392,0
23393,0
23394,0
23395,0
23396,0
23397,0
23398,0
23399,0
23400,0
23401,0
23402,0
23403,0
23404,0
23405,0
23406,0
23407,0
23408,0
23409,0
23410,0
23411,0
23412,0
23413,0
23414,0
23415,0
23416,0
23417,0
23418,0
23419,0
23420,0
23421,0
23422,0
23423,0
23424,0
23425,0
23426,0
23427,0
23428,0
23429,0
23430,0
23431,0
23432,0
23433,0
23434,0
23435,0
23436,0
23437,0
23438,0
23439,0
23440,0
23441,0
23442,0
23443,0
23444,0
23445,0
23446,0
23447,0
23448,0
23449,0
23450,0
23451,0
23452,0
23453,0
23454,0
23455,0
23456,0
23457,0
23458,0
23459,0
23460,0
23461,0
23462,0
23463,0
23464,0
23465,0
23466,0
23467,0
23468,0
23469,0
23470,0
23471,0
23472,0
23473,0
23474,0
23475,0
23476,0
23477,0
23478,0
23479,0
23480,0
23481,0
23482,0
23483,0
23484,0
23485,0
23486,0
23487,0
23488,0
23489,0
23490,0
23491,0
23492,0
23493,0
23494,0
23495,0
23496,0
23497,0
23498,0
23499,0
23500,0
23501,0
23502,0
23503,0
23504,0
23505,0
23506,0
23507,0
23508,0
23509,0
23510,0
23511,0
23512,0
23513,0
23514,0
23515,0
23516,0
23517,0
23518,0
23519,0
23520,0
23521,0
23522,0
23523,0
23524,0
23525,0
23526,0
23527,0
23528,0
23529,0
23530,0
23531,0
23532,0
23533,0
23534,0
23535,0
23536,0
23537,0
23538,0
23539,0
23540,0
23541,0
23542,0
23543,0
23544,0
23545,0
23546,0
23547,0
23548,0
23549,0
23550,0
23551,0
23552,0
23553,0
23554,0
23555,0
23556,0
23557,0
23558,0
23559,0
23560,0
23561,0
23562,0
23563,0
23564,0
23565,0
23566,0
23567,0
23568,0
23569,0
23570,0
23571,0
23572,0
23573,0
23574,0
23575,0
23576,0
23577,0
23578,0
23579,0
23580,0
23581,0
23582,0
23583,0
23584,0
23585,0
23586,0
23587,0
23588,0
23589,0
23590,0
23591,0
23592,0
23593,0
23594,0
23595,0
23596,0
23597,0
23598,0
23599,0
23600,0
23601,0
23602,0
23603,0
23604,0
23605,0
23606,0
23607,0
23608,0
23609,0
23610,0
23611,0
23612,0
23613,0
23614,0
23615,0
23616,0
23617,0
23618,0
23619,0
23620,0
23621,0
23622,0
23623,0
23624,0
23625,0
23626,0
23627,0
23628,0
23629,0
23630,0
23631,0
23632,0
23633,0
23634,0
23635,0
23636,0
23637,0
23638,0
23639,0
23640,0
23641,0
23642,0
23643,0
23644,0
23645,0
23646,0
23647,0
23648,0
23649,0
23650,0
23651,0
23652,0
23653,0
23654,0
23655,0
23656,0
23657,0
23658,0
23659,0
23660,0
23661,0
23662,0
23663,0
23664,0
23665,0
23666,0
23667,0
23668,0
23669,0
23670,0
23671,0
23672,0
23673,0
23674,0
23675,0
23676,0
23677,0
23678,0
23679,0
23680,0
23681,0
23682,0
23683,0
23684,0
23685,0
23686,0
23687,0
23688,0
23689,0
23690,0
23691,0
23692,0
23693,0
23694,0
23695,0
23696,0
23697,0
23698,0
23699,0
23700,0
23701,0
23702,0
23703,0
23704,0
23705,0
23706,0
23707,0
23708,0
23709,0
23710,0
23711,0
23712,0
23713,0
23714,0
23715,0
23716,0
23717,0
23718,0
23719,0
23720,0
23721,0
23722,0
23723,0
23724,0
23725,0
23726,0
23727,0
23728,0
23729,0
23730,0
23731,0
23732,0
23733,0
23734,0
23735,0
23736,0
23737,0
23738,0
23739,0
23740,0
23741,0
23742,0
23743,0
23744,0
23745,0
23746,0
23747,0
23748,0
23749,0
23750,0
23751,0
23752,0
23753,0
23754,0
23755,0
23756,0
23757,0
23758,0
23759,0
23760,0
23761,0
23762,0
23763,0
23764,0
23765,0
23766,0
23767,0
23768,0
23769,0
23770,0
23771,0
23772,0
23773,0
23774,0
23775,0
23776,0
23777,0
23778,0
23779,0
23780,0
23781,0
23782,0
23783,0
23784,0
23785,0
23786,0
23787,0
23788,0
23789,0
23790,0
23791,0
23792,0
23793,0
23794,0
23795,0
23796,0
23797,0
23798,0
23799,0
23800,0
23801,0
23802,0
23803,0
23804,0
23805,0
23806,0
23807,0
23808,0
23809,0
23810,0
23811,0
23812,0
23813,0
23814,0
23815,0
23816,0
23817,0
23818,0
23819,0
23820,0
23821,0
23822,0
23823,0
23824,0
23825,0
23826,0
23827,0
23828,0
23829,0
23830,0
23831,0
23832,0
23833,0
23834,0
23835,0
23836,0
23837,0
23838,0
23839,0
23840,0
23841,0
23842,0
23843,0
23844,0
23845,0
23846,0
23847,0
23848,0
23849,0
23850,0
23851,0
23852,0
23853,0
23854,0
23855,0
23856,0
23857,0
23858,0
23859,0
23860,0
23861,0
23862,0
23863,0
23864,0
23865,0
23866,0
23867,0
23868,0
23869,0
23870,0
23871,0
23872,0
23873,0
23874,0
23875,0
23876,0
23877,0
23878,0
23879,0
23880,0
23881,0
23882,0
23883,0
23884,0
23885,0
23886,0
23887,0
23888,0
23889,0
23890,0
23891,0
23892,0
23893,0
23894,0
23895,0
23896,0
23897,0
23898,0
23899,0
23900,0
23901,0
23902,0
23903,0
23904,0
23905,0
23906,0
23907,0
23908,0
23909,0
23910,0
23911,0
23912,0
23913,0
23914,0
23915,0
23916,0
23917,0
23918,0
23919,0
23920,0
23921,0
23922,0
23923,0
23924,0
23925,0
23926,0
23927,0
23928,0
23929,0
23930,0
23931,0
23932,0
23933,0
23934,0
23935,0
23936,0
23937,0
23938,0
23939,0
23940,0
23941,0
23942,0
23943,0
23944,0
23945,0
23946,0
23947,0
23948,0
23949,0
23950,0
23951,0
23952,0
23953,0
23954,0
23955,0
23956,0
23957,0
23958,0
23959,0
23960,0
23961,0
23962,0
23963,0
23964,0
23965,0
23966,0
23967,0
23968,0
23969,0
23970,0
23971,0
23972,0
23973,0
23974,0
23975,0
23976,0
23977,0
23978,0
23979,0
23980,0
23981,0
23982,0
23983,0
23984,0
23985,0
23986,0
23987,0
23988,0
23989,0
23990,0
23991,0
23992,0
23993,0
23994,0
23995,0
23996,0
23997,0
23998,0
23999,0
24000,0
24001,0
24002,0
24003,0
24004,0
24005,0
24006,0
24007,0
24008,0
24009,0
24010,0
24011,0
24012,0
24013,0
24014,0
24015,0
24016,0
24017,0
24018,0
24019,0
24020,0
24021,0
24022,0
24023,0
24024,0
24025,0
24026,0
24027,0
24028,0
24029,0
24030,0
24031,0
24032,0
24033,0
24034,0
24035,0
24036,0
24037,0
24038,0
24039,0
24040,0
24041,0
24042,0
24043,0
24044,0
24045,0
24046,0
24047,0
24048,0
24049,0
24050,0
24051,0
24052,0
24053,0
24054,0
24055,0
24056,0
24057,0
24058,0
24059,0
24060,0
24061,0
24062,0
24063,0
24064,0
24065,0
24066,0
24067,0
24068,0
24069,0
24070,0
24071,0
24072,0
24073,0
24074,0
24075,0
24076,0
24077,0
24078,0
24079,0
24080,0
24081,0
24082,0
24083,0
24084,0
24085,0
24086,0
24087,0
24088,0
24089,0
24090,0
24091,0
24092,0
24093,0
24094,0
24095,0
24096,0
24097,0
24098,0
24099,0
24100,0
24101,0
24102,0
24103,0
24104,0
24105,0
24106,0
24107,0
24108,0
24109,0
24110,0
24111,0
24112,0
24113,0
24114,0
24115,0
24116,0
24117,0
24118,0
24119,0
24120,0
24121,0
24122,0
24123,0
24124,0
24125,0
24126,0
24127,0
24128,0
24129,0
24130,0
24131,0
24132,0
24133,0
24134,0
24135,0
24136,0
24137,0
24138,0
24139,0
24140,0
24141,0
24142,0
24143,0
24144,0
24145,0
24146,0
24147,0
24148,0
24149,0
24150,0
24151,0
24152,0
24153,0
24154,0
24155,0
24156,0
24157,0
24158,0
24159,0
24160,0
24161,0
24162,0
24163,0
24164,0
24165,0
24166,0
24167,0
24168,0
24169,0
24170,0
24171,0
24172,0
24173,0
24174,0
24175,0
24176,0
24177,0
24178,0
24179,0
24180,0
24181,0
24182,0
24183,0
24184,0
24185,0
24186,0
24187,0
24188,0
24189,0
24190,0
24191,0
24192,0
24193,0
24194,0
24195,0
24196,0
24197,0
24198,0
24199,0
24200,0
24201,0
24202,0
24203,0
24204,0
24205,0
24206,0
24207,0
24208,0
24209,0
24210,0
24211,0
24212,0
24213,0
24214,0
24215,0
24216,0
24217,0
24218,0
24219,0
24220,0
24221,0
24222,0
24223,0
24224,0
24225,0
24226,0
24227,0
24228,0
24229,0
24230,0
24231,0
24232,0
24233,0
24234,0
24235,0
24236,0
24237,0
24238,0
24239,0
24240,0
24241,0
24242,0
24243,0
24244,0
24245,0
24246,0
24247,0
24248,0
24249,0
24250,0
24251,0
24252,0
24253,0
24254,0
24255,0
24256,0
24257,0
24258,0
24259,0
24260,0
24261,0
24262,0
24263,0
24264,0
24265,0
24266,0
24267,0
24268,0
24269,0
24270,0
24271,0
24272,0
24273,0
24274,0
24275,0
24276,0
24277,0
24278,0
24279,0
24280,0
24281,0
24282,0
24283,0
24284,0
24285,0
24286,0
24287,0
24288,0
24289,0
24290,0
24291,0
24292,0
24293,0
24294,0
24295,0
24296,0
24297,0
24298,0
24299,0
24300,0
24301,0
24302,0
24303,0
24304,0
24305,0
24306,0
24307,0
24308,0
24309,0
24310,0
24311,0
24312,0
24313,0
24314,0
24315,0
24316,0
24317,0
24318,0
24319,0
24320,0
24321,0
24322,0
24323,0
24324,0
24325,0
24326,0
24327,0
24328,0
24329,0
24330,0
24331,0
24332,0
24333,0
24334,0
24335,0
24336,0
24337,0
24338,0
24339,0
24340,0
24341,0
24342,0
24343,0
24344,0
24345,0
24346,0
24347,0
24348,0
24349,0
24350,0
24351,0
24352,0
24353,0
24354,0
24355,0
24356,0
24357,0
24358,0
24359,0
24360,0
24361,0
24362,0
24363,0
24364,0
24365,0
24366,0
24367,0
24368,0
24369,0
24370,0
24371,0
24372,0
24373,0
24374,0
24375,0
24376,0
24377,0
24378,0
24379,0
24380,0
24381,0
24382,0
24383,0
24384,0
24385,0
24386,0
24387,0
24388,0
24389,0
24390,0
24391,0
24392,0
24393,0
24394,0
24395,0
24396,0
24397,0
24398,0
24399,0
24400,0
24401,0
24402,0
24403,0
24404,0
24405,0
24406,0
24407,0
24408,0
24409,0
24410,0
24411,0
24412,0
24413,0
24414,0
24415,0
24416,0
24417,0
24418,0
24419,0
24420,0
24421,0
24422,0
24423,0
24424,0
24425,0
24426,0
24427,0
24428,0
24429,0
24430,0
24431,0
24432,0
24433,0
24434,0
24435,0
24436,0
24437,0
24438,0
24439,0
24440,0
24441,0
24442,0
24443,0
24444,0
24445,0
24446,0
24447,0
24448,0
24449,0
24450,0
24451,0
24452,0
24453,0
24454,0
24455,0
24456,0
24457,0
24458,0
24459,0
24460,0
24461,0
24462,0
24463,0
24464,0
24465,0
24466,0
24467,0
24468,0
24469,0
24470,0
24471,0
24472,0
24473,0
24474,0
24475,0
24476,0
24477,0
24478,0
24479,0
24480,0
24481,0
24482,0
24483,0
24484,0
24485,0
24486,0
24487,0
24488,0
24489,0
24490,0
24491,0
24492,0
24493,0
24494,0
24495,0
24496,0
24497,0
24498,0
24499,0
24500,0
24501,0
24502,0
24503,0
24504,0
24505,0
24506,0
24507,0
24508,0
24509,0
24510,0
24511,0
24512,0
24513,0
24514,0
24515,0
24516,0
24517,0
24518,0
24519,0
24520,0
24521,0
24522,0
24523,0
24524,0
24525,0
24526,0
24527,0
24528,0
24529,0
24530,0
24531,0
24532,0
24533,0
24534,0
24535,0
24536,0
24537,0
24538,0
24539,0
24540,0
24541,0
24542,0
24543,0
24544,0
24545,0
24546,0
24547,0
24548,0
24549,0
24550,0
24551,0
24552,0
24553,0
24554,0
24555,0
24556,0
24557,0
24558,0
24559,0
24560,0
24561,0
24562,0
24563,0
24564,0
24565,0
24566,0
24567,0
24568,0
24569,0
24570,0
24571,0
24572,0
24573,0
24574,0
24575,0
24576,0
24577,0
24578,0
24579,0
24580,0
24581,0
24582,0
24583,0
24584,0
24585,0
24586,0
24587,0
24588,0
24589,0
24590,0
24591,0
24592,0
24593,0
24594,0
24595,0
24596,0
24597,0
24598,0
24599,0
24600,0
24601,0
24602,0
24603,0
24604,0
24605,0
24606,0
24607,0
24608,0
24609,0
24610,0
24611,0
24612,0
24613,0
24614,0
24615,0
24616,0
24617,0
24618,0
24619,0
24620,0
24621,0
24622,0
24623,0
24624,0
24625,0
24626,0
24627,0
24628,0
24629,0
24630,0
24631,0
24632,0
24633,0
24634,0
24635,0
24636,0
24637,0
24638,0
24639,0
24640,0
24641,0
24642,0
24643,0
24644,0
24645,0
24646,0
24647,0
24648,0
24649,0
24650,0
24651,0
24652,0
24653,0
24654,0
24655,0
24656,0
24657,0
24658,0
24659,0
24660,0
24661,0
24662,0
24663,0
24664,0
24665,0
24666,0
24667,0
24668,0
24669,0
24670,0
24671,0
24672,0
24673,0
24674,0
24675,0
24676,0
24677,0
24678,0
24679,0
24680,0
24681,0
24682,0
24683,0
24684,0
24685,0
24686,0
24687,0
24688,0
24689,0
24690,0
24691,0
24692,0
24693,0
24694,0
24695,0
24696,0
24697,0
24698,0
24699,0
24700,0
24701,0
24702,0
24703,0
24704,0
24705,0
24706,0
24707,0
24708,0
24709,0
24710,0
24711,0
24712,0
24713,0
24714,0
24715,0
24716,0
24717,0
24718,0
24719,0
24720,0
24721,0
24722,0
24723,0
24724,0
24725,0
24726,0
24727,0
24728,0
24729,0
24730,0
24731,0
24732,0
24733,0
24734,0
24735,0
24736,0
24737,0
24738,0
24739,0
24740,0
24741,0
24742,0
24743,0
24744,0
24745,0
24746,0
24747,0
24748,0
24749,0
24750,0
24751,0
24752,0
24753,0
24754,0
24755,0
24756,0
24757,0
24758,0
24759,0
24760,0
24761,0
24762,0
24763,0
24764,0
24765,0
24766,0
24767,0
24768,0
24769,0
24770,0
24771,0
24772,0
24773,0
24774,0
24775,0
24776,0
24777,0
24778,0
24779,0
24780,0
24781,0
24782,0
24783,0
24784,0
24785,0
24786,0
24787,0
24788,0
24789,0
24790,0
24791,0
24792,0
24793,0
24794,0
24795,0
24796,0
24797,0
24798,0
24799,0
24800,0
24801,0
24802,0
24803,0
24804,0
24805,0
24806,0
24807,0
24808,0
24809,0
24810,0
24811,0
24812,0
24813,0
24814,0
24815,0
24816,0
24817,0
24818,0
24819,0
24820,0
24821,0
24822,0
24823,0
24824,0
24825,0
24826,0
24827,0
24828,0
24829,0
24830,0
24831,0
24832,0
24833,0
24834,0
24835,0
24836,0
24837,0
24838,0
24839,0
24840,0
24841,0
24842,0
24843,0
24844,0
24845,0
24846,0
24847,0
24848,0
24849,0
24850,0
24851,0
24852,0
24853,0
24854,0
24855,0
24856,0
24857,0
24858,0
24859,0
24860,0
24861,0
24862,0
24863,0
24864,0
24865,0
24866,0
24867,0
24868,0
24869,0
24870,0
24871,0
24872,0
24873,0
24874,0
24875,0
24876,0
24877,0
24878,0
24879,0
24880,0
24881,0
24882,0
24883,0
24884,0
24885,0
24886,0
24887,0
24888,0
24889,0
24890,0
24891,0
24892,0
24893,0
24894,0
24895,0
24896,0
24897,0
24898,0
24899,0
24900,0
24901,0
24902,0
24903,0
24904,0
24905,0
24906,0
24907,0
24908,0
24909,0
24910,0
24911,0
24912,0
24913,0
24914,0
24915,0
24916,0
24917,0
24918,0
24919,0
24920,0
24921,0
24922,0
24923,0
24924,0
24925,0
24926,0
24927,0
24928,0
24929,0
24930,0
24931,0
24932,0
24933,0
24934,0
24935,0
24936,0
24937,0
24938,0
24939,0
24940,0
24941,0
24942,0
24943,0
24944,0
24945,0
24946,0
24947,0
24948,0
24949,0
24950,0
24951,0
24952,0
24953,0
24954,0
24955,0
24956,0
24957,0
24958,0
24959,0
24960,0
24961,0
24962,0
24963,0
24964,0
24965,0
24966,0
24967,0
24968,0
24969,0
24970,0
24971,0
24972,0
24973,0
24974,0
24975,0
24976,0
24977,0
24978,0
24979,0
24980,0
24981,0
24982,0
24983,0
24984,0
24985,0
24986,0
24987,0
24988,0
24989,0
24990,0
24991,0
24992,0
24993,0
24994,0
24995,0
24996,0
24997,0
24998,0
24999,0
25000,0
25001,0
25002,0
25003,0
25004,0
25005,0
25006,0
25007,0
25008,0
25009,0
25010,0
25011,0
25012,0
25013,0
25014,0
25015,0
25016,0
25017,0
25018,0
25019,0
25020,0
25021,0
25022,0
25023,0
25024,0
25025,0
25026,0
25027,0
25028,0
25029,0
25030,0
25031,0
25032,0
25033,0
25034,0
25035,0
25036,0
25037,0
25038,0
25039,0
25040,0
25041,0
25042,0
25043,0
25044,0
25045,0
25046,0
25047,0
25048,0
25049,0
25050,0
25051,0
25052,0
25053,0
25054,0
25055,0
25056,0
25057,0
25058,0
25059,0
25060,0
25061,0
25062,0
25063,0
25064,0
25065,0
25066,0
25067,0
25068,0
25069,0
25070,0
25071,0
25072,0
25073,0
25074,0
25075,0
25076,0
25077,0
25078,0
25079,0
25080,0
25081,0
25082,0
25083,0
25084,0
25085,0
25086,0
25087,0
25088,0
25089,0
25090,0
25091,0
25092,0
25093,0
25094,0
25095,0
25096,0
25097,0
25098,0
25099,0
25100,0
25101,0
25102,0
25103,0
25104,0
25105,0
25106,0
25107,0
25108,0
25109,0
25110,0
25111,0
25112,0
25113,0
25114,0
25115,0
25116,0
25117,0
25118,0
25119,0
25120,0
25121,0
25122,0
25123,0
25124,0
25125,0
25126,0
25127,0
25128,0
25129,0
25130,0
25131,0
25132,0
25133,0
25134,0
25135,0
25136,0
25137,0
25138,0
25139,0
25140,0
25141,0
25142,0
25143,0
25144,0
25145,0
25146,0
25147,0
25148,0
25149,0
25150,0
25151,0
25152,0
25153,0
25154,0
25155,0
25156,0
25157,0
25158,0
25159,0
25160,0
25161,0
25162,0
25163,0
25164,0
25165,0
25166,0
25167,0
25168,0
25169,0
25170,0
25171,0
25172,0
25173,0
25174,0
25175,0
25176,0
25177,0
25178,0
25179,0
25180,0
25181,0
25182,0
25183,0
25184,0
25185,0
25186,0
25187,0
25188,0
25189,0
25190,0
25191,0
25192,0
25193,0
25194,0
25195,0
25196,0
25197,0
25198,0
25199,0
25200,0
25201,0
25202,0
25203,0
25204,0
25205,0
25206,0
25207,0
25208,0
25209,0
25210,0
25211,0
25212,0
25213,0
25214,0
25215,0
25216,0
25217,0
25218,0
25219,0
25220,0
25221,0
25222,0
25223,0
25224,0
25225,0
25226,0
25227,0
25228,0
25229,0
25230,0
25231,0
25232,0
25233,0
25234,0
25235,0
25236,0
25237,0
25238,0
25239,0
25240,0
25241,0
25242,0
25243,0
25244,0
25245,0
25246,0
25247,0
25248,0
25249,0
25250,0
25251,0
25252,0
25253,0
25254,0
25255,0
25256,0
25257,0
25258,0
25259,0
25260,0
25261,0
25262,0
25263,0
25264,0
25265,0
25266,0
25267,0
25268,0
25269,0
25270,0
25271,0
25272,0
25273,0
25274,0
25275,0
25276,0
25277,0
25278,0
25279,0
25280,0
25281,0
25282,0
25283,0
25284,0
25285,0
25286,0
25287,0
25288,0
25289,0
25290,0
25291,0
25292,0
25293,0
25294,0
25295,0
25296,0
25297,0
25298,0
25299,0
25300,0
25301,0
25302,0
25303,0
25304,0
25305,0
25306,0
25307,0
25308,0
25309,0
25310,0
25311,0
25312,0
25313,0
25314,0
25315,0
25316,0
25317,0
25318,0
25319,0
25320,0
25321,0
25322,0
25323,0
25324,0
25325,0
25326,0
25327,0
25328,0
25329,0
25330,0
25331,0
25332,0
25333,0
25334,0
25335,0
25336,0
25337,0
25338,0
25339,0
25340,0
25341,0
25342,0
25343,0
25344,0
25345,0
25346,0
25347,0
25348,0
25349,0
25350,0
25351,0
25352,0
25353,0
25354,0
25355,0
25356,0
25357,0
25358,0
25359,0
25360,0
25361,0
25362,0
25363,0
25364,0
25365,0
25366,0
25367,0
25368,0
25369,0
25370,0
25371,0
25372,0
25373,0
25374,0
25375,0
25376,0
25377,0
25378,0
25379,0
25380,0
25381,0
25382,0
25383,0
25384,0
25385,0
25386,0
25387,0
25388,0
25389,0
25390,0
25391,0
25392,0
25393,0
25394,0
25395,0
25396,0
25397,0
25398,0
25399,0
25400,0
25401,0
25402,0
25403,0
25404,0
25405,0
25406,0
25407,0
25408,0
25409,0
25410,0
25411,0
25412,0
25413,0
25414,0
25415,0
25416,0
25417,0
25418,0
25419,0
25420,0
25421,0
25422,0
25423,0
25424,0
25425,0
25426,0
25427,0
25428,0
25429,0
25430,0
25431,0
25432,0
25433,0
25434,0
25435,0
25436,0
25437,0
25438,0
25439,0
25440,0
25441,0
25442,0
25443,0
25444,0
25445,0
25446,0
25447,0
25448,0
25449,0
25450,0
25451,0
25452,0
25453,0
25454,0
25455,0
25456,0
25457,0
25458,0
25459,0
25460,0
25461,0
25462,0
25463,0
25464,0
25465,0
25466,0
25467,0
25468,0
25469,0
25470,0
25471,0
25472,0
25473,0
25474,0
25475,0
25476,0
25477,0
25478,0
25479,0
25480,0
25481,0
25482,0
25483,0
25484,0
25485,0
25486,0
25487,0
25488,0
25489,0
25490,0
25491,0
25492,0
25493,0
25494,0
25495,0
25496,0
25497,0
25498,0
25499,0
25500,0
25501,0
25502,0
25503,0
25504,0
25505,0
25506,0
25507,0
25508,0
25509,0
25510,0
25511,0
25512,0
25513,0
25514,0
25515,0
25516,0
25517,0
25518,0
25519,0
25520,0
25521,0
25522,0
25523,0
25524,0
25525,0
25526,0
25527,0
25528,0
25529,0
25530,0
25531,0
25532,0
25533,0
25534,0
25535,0
25536,0
25537,0
25538,0
25539,0
25540,0
25541,0
25542,0
25543,0
25544,0
25545,0
25546,0
25547,0
25548,0
25549,0
25550,0
25551,0
25552,0
25553,0
25554,0
25555,0
25556,0
25557,0
25558,0
25559,0
25560,0
25561,0
25562,0
25563,0
25564,0
25565,0
25566,0
25567,0
25568,0
25569,0
25570,0
25571,0
25572,0
25573,0
25574,0
25575,0
25576,0
25577,0
25578,0
25579,0
25580,0
25581,0
25582,0
25583,0
25584,0
25585,0
25586,0
25587,0
25588,0
25589,0
25590,0
25591,0
25592,0
25593,0
25594,0
25595,0
25596,0
25597,0
25598,0
25599,0
25600,0
25601,0
25602,0
25603,0
25604,0
25605,0
25606,0
25607,0
25608,0
25609,0
25610,0
25611,0
25612,0
25613,0
25614,0
25615,0
25616,0
25617,0
25618,0
25619,0
25620,0
25621,0
25622,0
25623,0
25624,0
25625,0
25626,0
25627,0
25628,0
25629,0
25630,0
25631,0
25632,0
25633,0
25634,0
25635,0
25636,0
25637,0
25638,0
25639,0
25640,0
25641,0
25642,0
25643,0
25644,0
25645,0
25646,0
25647,0
25648,0
25649,0
25650,0
25651,0
25652,0
25653,0
25654,0
25655,0
25656,0
25657,0
25658,0
25659,0
25660,0
25661,0
25662,0
25663,0
25664,0
25665,0
25666,0
25667,0
25668,0
25669,0
25670,0
25671,0
25672,0
25673,0
25674,0
25675,0
25676,0
25677,0
25678,0
25679,0
25680,0
25681,0
25682,0
25683,0
25684,0
25685,0
25686,0
25687,0
25688,0
25689,0
25690,0
25691,0
25692,0
25693,0
25694,0
25695,0
25696,0
25697,0
25698,0
25699,0
25700,0
25701,0
25702,0
25703,0
25704,0
25705,0
25706,0
25707,0
25708,0
25709,0
25710,0
25711,0
25712,0
25713,0
25714,0
25715,0
25716,0
25717,0
25718,0
25719,0
25720,0
25721,0
25722,0
25723,0
25724,0
25725,0
25726,0
25727,0
25728,0
25729,0
25730,0
25731,0
25732,0
25733,0
25734,0
25735,0
25736,0
25737,0
25738,0
25739,0
25740,0
25741,0
25742,0
25743,0
25744,0
25745,0
25746,0
25747,0
25748,0
25749,0
25750,0
25751,0
25752,0
25753,0
25754,0
25755,0
25756,0
25757,0
25758,0
25759,0
25760,0
25761,0
25762,0
25763,0
25764,0
25765,0
25766,0
25767,0
25768,0
25769,0
25770,0
25771,0
25772,0
25773,0
25774,0
25775,0
25776,0
25777,0
25778,0
25779,0
25780,0
25781,0
25782,0
25783,0
25784,0
25785,0
25786,0
25787,0
25788,0
25789,0
25790,0
25791,0
25792,0
25793,0
25794,0
25795,0
25796,0
25797,0
25798,0
25799,0
25800,0
25801,0
25802,0
25803,0
25804,0
25805,0
25806,0
25807,0
25808,0
25809,0
25810,0
25811,0
25812,0
25813,0
25814,0
25815,0
25816,0
25817,0
25818,0
25819,0
25820,0
25821,0
25822,0
25823,0
25824,0
25825,0
25826,0
25827,0
25828,0
25829,0
25830,0
25831,0
25832,0
25833,0
25834,0
25835,0
25836,0
25837,0
25838,0
25839,0
25840,0
25841,0
25842,0
25843,0
25844,0
25845,0
25846,0
25847,0
25848,0
25849,0
25850,0
25851,0
25852,0
25853,0
25854,0
25855,0
25856,0
25857,0
25858,0
25859,0
25860,0
25861,0
25862,0
25863,0
25864,0
25865,0
25866,0
25867,0
25868,0
25869,0
25870,0
25871,0
25872,0
25873,0
25874,0
25875,0
25876,0
25877,0
25878,0
25879,0
25880,0
25881,0
25882,0
25883,0
25884,0
25885,0
25886,0
25887,0
25888,0
25889,0
25890,0
25891,0
25892,0
25893,0
25894,0
25895,0
25896,0
25897,0
25898,0
25899,0
25900,0
25901,0
25902,0
25903,0
25904,0
25905,0
25906,0
25907,0
25908,0
25909,0
25910,0
25911,0
25912,0
25913,0
25914,0
25915,0
25916,0
25917,0
25918,0
25919,0
25920,0
25921,0
25922,0
25923,0
25924,0
25925,0
25926,0
25927,0
25928,0
25929,0
25930,0
25931,0
25932,0
25933,0
25934,0
25935,0
25936,0
25937,0
25938,0
25939,0
25940,0
25941,0
25942,0
25943,0
25944,0
25945,0
25946,0
25947,0
25948,0
25949,0
25950,0
25951,0
25952,0
25953,0
25954,0
25955,0
25956,0
25957,0
25958,0
25959,0
25960,0
25961,0
25962,0
25963,0
25964,0
25965,0
25966,0
25967,0
25968,0
25969,0
25970,0
25971,0
25972,0
25973,0
25974,0
25975,0
25976,0
25977,0
25978,0
25979,0
25980,0
25981,0
25982,0
25983,0
25984,0
25985,0
25986,0
25987,0
25988,0
25989,0
25990,0
25991,0
25992,0
25993,0
25994,0
25995,0
25996,0
25997,0
25998,0
25999,0
26000,0
26001,0
26002,0
26003,0
26004,0
26005,0
26006,0
26007,0
26008,0
26009,0
26010,0
26011,0
26012,0
26013,0
26014,0
26015,0
26016,0
26017,0
26018,0
26019,0
26020,0
26021,0
26022,0
26023,0
26024,0
26025,0
26026,0
26027,0
26028,0
26029,0
26030,0
26031,0
26032,0
26033,0
26034,0
26035,0
26036,0
26037,0
26038,0
26039,0
26040,0
26041,0
26042,0
26043,0
26044,0
26045,0
26046,0
26047,0
26048,0
26049,0
26050,0
26051,0
26052,0
26053,0
26054,0
26055,0
26056,0
26057,0
26058,0
26059,0
26060,0
26061,0
26062,0
26063,0
26064,0
26065,0
26066,0
26067,0
26068,0
26069,0
26070,0
26071,0
26072,0
26073,0
26074,0
26075,0
26076,0
26077,0
26078,0
26079,0
26080,0
26081,0
26082,0
26083,0
26084,0
26085,0
26086,0
26087,0
26088,0
26089,0
26090,0
26091,0
26092,0
26093,0
26094,0
26095,0
26096,0
26097,0
26098,0
26099,0
26100,0
26101,0
26102,0
26103,0
26104,0
26105,0
26106,0
26107,0
26108,0
26109,0
26110,0
26111,0
26112,0
26113,0
26114,0
26115,0
26116,0
26117,0
26118,0
26119,0
26120,0
26121,0
26122,0
26123,0
26124,0
26125,0
26126,0
26127,0
26128,0
26129,0
26130,0
26131,0
26132,0
26133,0
26134,0
26135,0
26136,0
26137,0
26138,0
26139,0
26140,0
26141,0
26142,0
26143,0
26144,0
26145,0
26146,0
26147,0
26148,0
26149,0
26150,0
26151,0
26152,0
26153,0
26154,0
26155,0
26156,0
26157,0
26158,0
26159,0
26160,0
26161,0
26162,0
26163,0
26164,0
26165,0
26166,0
26167,0
26168,0
26169,0
26170,0
26171,0
26172,0
26173,0
26174,0
26175,0
26176,0
26177,0
26178,0
26179,0
26180,0
26181,0
26182,0
26183,0
26184,0
26185,0
26186,0
26187,0
26188,0
26189,0
26190,0
26191,0
26192,0
26193,0
26194,0
26195,0
26196,0
26197,0
26198,0
26199,0
26200,0
26201,0
26202,0
26203,0
26204,0
26205,0
26206,0
26207,0
26208,0
26209,0
26210,0
26211,0
26212,0
26213,0
26214,0
26215,0
26216,0
26217,0
26218,0
26219,0
26220,0
26221,0
26222,0
26223,0
26224,0
26225,0
26226,0
26227,0
26228,0
26229,0
26230,0
26231,0
26232,0
26233,0
26234,0
26235,0
26236,0
26237,0
26238,0
26239,0
26240,0
26241,0
26242,0
26243,0
26244,0
26245,0
26246,0
26247,0
26248,0
26249,0
26250,0
26251,0
26252,0
26253,0
26254,0
26255,0
26256,0
26257,0
26258,0
26259,0
26260,0
26261,0
26262,0
26263,0
26264,0
26265,0
26266,0
26267,0
26268,0
26269,0
26270,0
26271,0
26272,0
26273,0
26274,0
26275,0
26276,0
26277,0
26278,0
26279,0
26280,0
26281,0
26282,0
26283,0
26284,0
26285,0
26286,0
26287,0
26288,0
26289,0
26290,0
26291,0
26292,0
26293,0
26294,0
26295,0
26296,0
26297,0
26298,0
26299,0
26300,0
26301,0
26302,0
26303,0
26304,0
26305,0
26306,0
26307,0
26308,0
26309,0
26310,0
26311,0
26312,0
26313,0
26314,0
26315,0
26316,0
26317,0
26318,0
26319,0
26320,0
26321,0
26322,0
26323,0
26324,0
26325,0
26326,0
26327,0
26328,0
26329,0
26330,0
26331,0
26332,0
26333,0
26334,0
26335,0
26336,0
26337,0
26338,0
26339,0
26340,0
26341,0
26342,0
26343,0
26344,0
26345,0
26346,0
26347,0
26348,0
26349,0
26350,0
26351,0
26352,0
26353,0
26354,0
26355,0
26356,0
26357,0
26358,0
26359,0
26360,0
26361,0
26362,0
26363,0
26364,0
26365,0
26366,0
26367,0
26368,0
26369,0
26370,0
26371,0
26372,0
26373,0
26374,0
26375,0
26376,0
26377,0
26378,0
26379,0
26380,0
26381,0
26382,0
26383,0
26384,0
26385,0
26386,0
26387,0
26388,0
26389,0
26390,0
26391,0
26392,0
26393,0
26394,0
26395,0
26396,0
26397,0
26398,0
26399,0
26400,0
26401,0
26402,0
26403,0
26404,0
26405,0
26406,0
26407,0
26408,0
26409,0
26410,0
26411,0
26412,0
26413,0
26414,0
26415,0
26416,0
26417,0
26418,0
26419,0
26420,0
26421,0
26422,0
26423,0
26424,0
26425,0
26426,0
26427,0
26428,0
26429,0
26430,0
26431,0
26432,0
26433,0
26434,0
26435,0
26436,0
26437,0
26438,0
26439,0
26440,0
26441,0
26442,0
26443,0
26444,0
26445,0
26446,0
26447,0
26448,0
26449,0
26450,0
26451,0
26452,0
26453,0
26454,0
26455,0
26456,0
26457,0
26458,0
26459,0
26460,0
26461,0
26462,0
26463,0
26464,0
26465,0
26466,0
26467,0
26468,0
26469,0
26470,0
26471,0
26472,0
26473,0
26474,0
26475,0
26476,0
26477,0
26478,0
26479,0
26480,0
26481,0
26482,0
26483,0
26484,0
26485,0
26486,0
26487,0
26488,0
26489,0
26490,0
26491,0
26492,0
26493,0
26494,0
26495,0
26496,0
26497,0
26498,0
26499,0
26500,0
26501,0
26502,0
26503,0
26504,0
26505,0
26506,0
26507,0
26508,0
26509,0
26510,0
26511,0
26512,0
26513,0
26514,0
26515,0
26516,0
26517,0
26518,0
26519,0
26520,0
26521,0
26522,0
26523,0
26524,0
26525,0
26526,0
26527,0
26528,0
26529,0
26530,0
26531,0
26532,0
26533,0
26534,0
26535,0
26536,0
26537,0
26538,0
26539,0
26540,0
26541,0
26542,0
26543,0
26544,0
26545,0
26546,0
26547,0
26548,0
26549,0
26550,0
26551,0
26552,0
26553,0
26554,0
26555,0
26556,0
26557,0
26558,0
26559,0
26560,0
26561,0
26562,0
26563,0
26564,0
26565,0
26566,0
26567,0
26568,0
26569,0
26570,0
26571,0
26572,0
26573,0
26574,0
26575,0
26576,0
26577,0
26578,0
26579,0
26580,0
26581,0
26582,0
26583,0
26584,0
26585,0
26586,0
26587,0
26588,0
26589,0
26590,0
26591,0
26592,0
26593,0
26594,0
26595,0
26596,0
26597,0
26598,0
26599,0
26600,0
26601,0
26602,0
26603,0
26604,0
26605,0
26606,0
26607,0
26608,0
26609,0
26610,0
26611,0
26612,0
26613,0
26614,0
26615,0
26616,0
26617,0
26618,0
26619,0
26620,0
26621,0
26622,0
26623,0
26624,0
26625,0
26626,0
26627,0
26628,0
26629,0
26630,0
26631,0
26632,0
26633,0
26634,0
26635,0
26636,0
26637,0
26638,0
26639,0
26640,0
26641,0
26642,0
26643,0
26644,0
26645,0
26646,0
26647,0
26648,0
26649,0
26650,0
26651,0
26652,0
26653,0
26654,0
26655,0
26656,0
26657,0
26658,0
26659,0
26660,0
26661,0
26662,0
26663,0
26664,0
26665,0
26666,0
26667,0
26668,0
26669,0
26670,0
26671,0
26672,0
26673,0
26674,0
26675,0
26676,0
26677,0
26678,0
26679,0
26680,0
26681,0
26682,0
26683,0
26684,0
26685,0
26686,0
26687,0
26688,0
26689,0
26690,0
26691,0
26692,0
26693,0
26694,0
26695,0
26696,0
26697,0
26698,0
26699,0
26700,0
26701,0
26702,0
26703,0
26704,0
26705,0
26706,0
26707,0
26708,0
26709,0
26710,0
26711,0
26712,0
26713,0
26714,0
26715,0
26716,0
26717,0
26718,0
26719,0
26720,0
26721,0
26722,0
26723,0
26724,0
26725,0
26726,0
26727,0
26728,0
26729,0
26730,0
26731,0
26732,0
26733,0
26734,0
26735,0
26736,0
26737,0
26738,0
26739,0
26740,0
26741,0
26742,0
26743,0
26744,0
26745,0
26746,0
26747,0
26748,0
26749,0
26750,0
26751,0
26752,0
26753,0
26754,0
26755,0
26756,0
26757,0
26758,0
26759,0
26760,0
26761,0
26762,0
26763,0
26764,0
26765,0
26766,0
26767,0
26768,0
26769,0
26770,0
26771,0
26772,0
26773,0
26774,0
26775,0
26776,0
26777,0
26778,0
26779,0
26780,0
26781,0
26782,0
26783,0
26784,0
26785,0
26786,0
26787,0
26788,0
26789,0
26790,0
26791,0
26792,0
26793,0
26794,0
26795,0
26796,0
26797,0
26798,0
26799,0
26800,0
26801,0
26802,0
26803,0
26804,0
26805,0
26806,0
26807,0
26808,0
26809,0
26810,0
26811,0
26812,0
26813,0
26814,0
26815,0
26816,0
26817,0
26818,0
26819,0
26820,0
26821,0
26822,0
26823,0
26824,0
26825,0
26826,0
26827,0
26828,0
26829,0
26830,0
26831,0
26832,0
26833,0
26834,0
26835,0
26836,0
26837,0
26838,0
26839,0
26840,0
26841,0
26842,0
26843,0
26844,0
26845,0
26846,0
26847,0
26848,0
26849,0
26850,0
26851,0
26852,0
26853,0
26854,0
26855,0
26856,0
26857,0
26858,0
26859,0
26860,0
26861,0
26862,0
26863,0
26864,0
26865,0
26866,0
26867,0
26868,0
26869,0
26870,0
26871,0
26872,0
26873,0
26874,0
26875,0
26876,0
26877,0
26878,0
26879,0
26880,0
26881,0
26882,0
26883,0
26884,0
26885,0
26886,0
26887,0
26888,0
26889,0
26890,0
26891,0
26892,0
26893,0
26894,0
26895,0
26896,0
26897,0
26898,0
26899,0
26900,0
26901,0
26902,0
26903,0
26904,0
26905,0
26906,0
26907,0
26908,0
26909,0
26910,0
26911,0
26912,0
26913,0
26914,0
26915,0
26916,0
26917,0
26918,0
26919,0
26920,0
26921,0
26922,0
26923,0
26924,0
26925,0
26926,0
26927,0
26928,0
26929,0
26930,0
26931,0
26932,0
26933,0
26934,0
26935,0
26936,0
26937,0
26938,0
26939,0
26940,0
26941,0
26942,0
26943,0
26944,0
26945,0
26946,0
26947,0
26948,0
26949,0
26950,0
26951,0
26952,0
26953,0
26954,0
26955,0
26956,0
26957,0
26958,0
26959,0
26960,0
26961,0
26962,0
26963,0
26964,0
26965,0
26966,0
26967,0
26968,0
26969,0
26970,0
26971,0
26972,0
26973,0
26974,0
26975,0
26976,0
26977,0
26978,0
26979,0
26980,0
26981,0
26982,0
26983,0
26984,0
26985,0
26986,0
26987,0
26988,0
26989,0
26990,0
26991,0
26992,0
26993,0
26994,0
26995,0
26996,0
26997,0
26998,0
26999,0
27000,0
27001,0
27002,0
27003,0
27004,0
27005,0
27006,0
27007,0
27008,0
27009,0
27010,0
27011,0
27012,0
27013,0
27014,0
27015,0
27016,0
27017,0
27018,0
27019,0
27020,0
27021,0
27022,0
27023,0
27024,0
27025,0
27026,0
27027,0
27028,0
27029,0
27030,0
27031,0
27032,0
27033,0
27034,0
27035,0
27036,0
27037,0
27038,0
27039,0
27040,0
27041,0
27042,0
27043,0
27044,0
27045,0
27046,0
27047,0
27048,0
27049,0
27050,0
27051,0
27052,0
27053,0
27054,0
27055,0
27056,0
27057,0
27058,0
27059,0
27060,0
27061,0
27062,0
27063,0
27064,0
27065,0
27066,0
27067,0
27068,0
27069,0
27070,0
27071,0
27072,0
27073,0
27074,0
27075,0
27076,0
27077,0
27078,0
27079,0
27080,0
27081,0
27082,0
27083,0
27084,0
27085,0
27086,0
27087,0
27088,0
27089,0
27090,0
27091,0
27092,0
27093,0
27094,0
27095,0
27096,0
27097,0
27098,0
27099,0
27100,0
27101,0
27102,0
27103,0
27104,0
27105,0
27106,0
27107,0
27108,0
27109,0
27110,0
27111,0
27112,0
27113,0
27114,0
27115,0
27116,0
27117,0
27118,0
27119,0
27120,0
27121,0
27122,0
27123,0
27124,0
27125,0
27126,0
27127,0
27128,0
27129,0
27130,0
27131,0
27132,0
27133,0
27134,0
27135,0
27136,0
27137,0
27138,0
27139,0
27140,0
27141,0
27142,0
27143,0
27144,0
27145,0
27146,0
27147,0
27148,0
27149,0
27150,0
27151,0
27152,0
27153,0
27154,0
27155,0
27156,0
27157,0
27158,0
27159,0
27160,0
27161,0
27162,0
27163,0
27164,0
27165,0
27166,0
27167,0
27168,0
27169,0
27170,0
27171,0
27172,0
27173,0
27174,0
27175,0
27176,0
27177,0
27178,0
27179,0
27180,0
27181,0
27182,0
27183,0
27184,0
27185,0
27186,0
27187,0
27188,0
27189,0
27190,0
27191,0
27192,0
27193,0
27194,0
27195,0
27196,0
27197,0
27198,0
27199,0
27200,0
27201,0
27202,0
27203,0
27204,0
27205,0
27206,0
27207,0
27208,0
27209,0
27210,0
27211,0
27212,0
27213,0
27214,0
27215,0
27216,0
27217,0
27218,0
27219,0
27220,0
27221,0
27222,0
27223,0
27224,0
27225,0
27226,0
27227,0
27228,0
27229,0
27230,0
27231,0
27232,0
27233,0
27234,0
27235,0
27236,0
27237,0
27238,0
27239,0
27240,0
27241,0
27242,0
27243,0
27244,0
27245,0
27246,0
27247,0
27248,0
27249,0
27250,0
27251,0
27252,0
27253,0
27254,0
27255,0
27256,0
27257,0
27258,0
27259,0
27260,0
27261,0
27262,0
27263,0
27264,0
27265,0
27266,0
27267,0
27268,0
27269,0
27270,0
27271,0
27272,0
27273,0
27274,0
27275,0
27276,0
27277,0
27278,0
27279,0
27280,0
27281,0
27282,0
27283,0
27284,0
27285,0
27286,0
27287,0
27288,0
27289,0
27290,0
27291,0
27292,0
27293,0
27294,0
27295,0
27296,0
27297,0
27298,0
27299,0
27300,0
27301,0
27302,0
27303,0
27304,0
27305,0
27306,0
27307,0
27308,0
27309,0
27310,0
27311,0
27312,0
27313,0
27314,0
27315,0
27316,0
27317,0
27318,0
27319,0
27320,0
27321,0
27322,0
27323,0
27324,0
27325,0
27326,0
27327,0
27328,0
27329,0
27330,0
27331,0
27332,0
27333,0
27334,0
27335,0
27336,0
27337,0
27338,0
27339,0
27340,0
27341,0
27342,0
27343,0
27344,0
27345,0
27346,0
27347,0
27348,0
27349,0
27350,0
27351,0
27352,0
27353,0
27354,0
27355,0
27356,0
27357,0
27358,0
27359,0
27360,0
27361,0
27362,0
27363,0
27364,0
27365,0
27366,0
27367,0
27368,0
27369,0
27370,0
27371,0
27372,0
27373,0
27374,0
27375,0
27376,0
27377,0
27378,0
27379,0
27380,0
27381,0
27382,0
27383,0
27384,0
27385,0
27386,0
27387,0
27388,0
27389,0
27390,0
27391,0
27392,0
27393,0
27394,0
27395,0
27396,0
27397,0
27398,0
27399,0
27400,0
27401,0
27402,0
27403,0
27404,0
27405,0
27406,0
27407,0
27408,0
27409,0
27410,0
27411,0
27412,0
27413,0
27414,0
27415,0
27416,0
27417,0
27418,0
27419,0
27420,0
27421,0
27422,0
27423,0
27424,0
27425,0
27426,0
27427,0
27428,0
27429,0
27430,0
27431,0
27432,0
27433,0
27434,0
27435,0
27436,0
27437,0
27438,0
27439,0
27440,0
27441,0
27442,0
27443,0
27444,0
27445,0
27446,0
27447,0
27448,0
27449,0
27450,0
27451,0
27452,0
27453,0
27454,0
27455,0
27456,0
27457,0
27458,0
27459,0
27460,0
27461,0
27462,0
27463,0
27464,0
27465,0
27466,0
27467,0
27468,0
27469,0
27470,0
27471,0
27472,0
27473,0
27474,0
27475,0
27476,0
27477,0
27478,0
27479,0
27480,0
27481,0
27482,0
27483,0
27484,0
27485,0
27486,0
27487,0
27488,0
27489,0
27490,0
27491,0
27492,0
27493,0
27494,0
27495,0
27496,0
27497,0
27498,0
27499,0
27500,0
27501,0
27502,0
27503,0
27504,0
27505,0
27506,0
27507,0
27508,0
27509,0
27510,0
27511,0
27512,0
27513,0
27514,0
27515,0
27516,0
27517,0
27518,0
27519,0
27520,0
27521,0
27522,0
27523,0
27524,0
27525,0
27526,0
27527,0
27528,0
27529,0
27530,0
27531,0
27532,0
27533,0
27534,0
27535,0
27536,0
27537,0
27538,0
27539,0
27540,0
27541,0
27542,0
27543,0
27544,0
27545,0
27546,0
27547,0
27548,0
27549,0
27550,0
27551,0
27552,0
27553,0
27554,0
27555,0
27556,0
27557,0
27558,0
27559,0
27560,0
27561,0
27562,0
27563,0
27564,0
27565,0
27566,0
27567,0
27568,0
27569,0
27570,0
27571,0
27572,0
27573,0
27574,0
27575,0
27576,0
27577,0
27578,0
27579,0
27580,0
27581,0
27582,0
27583,0
27584,0
27585,0
27586,0
27587,0
27588,0
27589,0
27590,0
27591,0
27592,0
27593,0
27594,0
27595,0
27596,0
27597,0
27598,0
27599,0
27600,0
27601,0
27602,0
27603,0
27604,0
27605,0
27606,0
27607,0
27608,0
27609,0
27610,0
27611,0
27612,0
27613,0
27614,0
27615,0
27616,0
27617,0
27618,0
27619,0
27620,0
27621,0
27622,0
27623,0
27624,0
27625,0
27626,0
27627,0
27628,0
27629,0
27630,0
27631,0
27632,0
27633,0
27634,0
27635,0
27636,0
27637,0
27638,0
27639,0
27640,0
27641,0
27642,0
27643,0
27644,0
27645,0
27646,0
27647,0
27648,0
27649,0
27650,0
27651,0
27652,0
27653,0
27654,0
27655,0
27656,0
27657,0
27658,0
27659,0
27660,0
27661,0
27662,0
27663,0
27664,0
27665,0
27666,0
27667,0
27668,0
27669,0
27670,0
27671,0
27672,0
27673,0
27674,0
27675,0
27676,0
27677,0
27678,0
27679,0
27680,0
27681,0
27682,0
27683,0
27684,0
27685,0
27686,0
27687,0
27688,0
27689,0
27690,0
27691,0
27692,0
27693,0
27694,0
27695,0
27696,0
27697,0
27698,0
27699,0
27700,0
27701,0
27702,0
27703,0
27704,0
27705,0
27706,0
27707,0
27708,0
27709,0
27710,0
27711,0
27712,0
27713,0
27714,0
27715,0
27716,0
27717,0
27718,0
27719,0
27720,0
27721,0
27722,0
27723,0
27724,0
27725,0
27726,0
27727,0
27728,0
27729,0
27730,0
27731,0
27732,0
27733,0
27734,0
27735,0
27736,0
27737,0
27738,0
27739,0
27740,0
27741,0
27742,0
27743,0
27744,0
27745,0
27746,0
27747,0
27748,0
27749,0
27750,0
27751,0
27752,0
27753,0
27754,0
27755,0
27756,0
27757,0
27758,0
27759,0
27760,0
27761,0
27762,0
27763,0
27764,0
27765,0
27766,0
27767,0
27768,0
27769,0
27770,0
27771,0
27772,0
27773,0
27774,0
27775,0
27776,0
27777,0
27778,0
27779,0
27780,0
27781,0
27782,0
27783,0
27784,0
27785,0
27786,0
27787,0
27788,0
27789,0
27790,0
27791,0
27792,0
27793,0
27794,0
27795,0
27796,0
27797,0
27798,0
27799,0
27800,0
27801,0
27802,0
27803,0
27804,0
27805,0
27806,0
27807,0
27808,0
27809,0
27810,0
27811,0
27812,0
27813,0
27814,0
27815,0
27816,0
27817,0
27818,0
27819,0
27820,0
27821,0
27822,0
27823,0
27824,0
27825,0
27826,0
27827,0
27828,0
27829,0
27830,0
27831,0
27832,0
27833,0
27834,0
27835,0
27836,0
27837,0
27838,0
27839,0
27840,0
27841,0
27842,0
27843,0
27844,0
27845,0
27846,0
27847,0
27848,0
27849,0
27850,0
27851,0
27852,0
27853,0
27854,0
27855,0
27856,0
27857,0
27858,0
27859,0
27860,0
27861,0
27862,0
27863,0
27864,0
27865,0
27866,0
27867,0
27868,0
27869,0
27870,0
27871,0
27872,0
27873,0
27874,0
27875,0
27876,0
27877,0
27878,0
27879,0
27880,0
27881,0
27882,0
27883,0
27884,0
27885,0
27886,0
27887,0
27888,0
27889,0
27890,0
27891,0
27892,0
27893,0
27894,0
27895,0
27896,0
27897,0
27898,0
27899,0
27900,0
27901,0
27902,0
27903,0
27904,0
27905,0
27906,0
27907,0
27908,0
27909,0
27910,0
27911,0
27912,0
27913,0
27914,0
27915,0
27916,0
27917,0
27918,0
27919,0
27920,0
27921,0
27922,0
27923,0
27924,0
27925,0
27926,0
27927,0
27928,0
27929,0
27930,0
27931,0
27932,0
27933,0
27934,0
27935,0
27936,0
27937,0
27938,0
27939,0
27940,0
27941,0
27942,0
27943,0
27944,0
27945,0
27946,0
27947,0
27948,0
27949,0
27950,0
27951,0
27952,0
27953,0
27954,0
27955,0
27956,0
27957,0
27958,0
27959,0
27960,0
27961,0
27962,0
27963,0
27964,0
27965,0
27966,0
27967,0
27968,0
27969,0
27970,0
27971,0
27972,0
27973,0
27974,0
27975,0
27976,0
27977,0
27978,0
27979,0
27980,0
27981,0
27982,0
27983,0
27984,0
27985,0
27986,0
27987,0
27988,0
27989,0
27990,0
27991,0
27992,0
27993,0
27994,0
27995,0
27996,0
27997,0
27998,0
27999,0
28000,0
28001,0
28002,0
28003,0
28004,0
28005,0
28006,0
28007,0
28008,0
28009,0
28010,0
28011,0
28012,0
28013,0
28014,0
28015,0
28016,0
28017,0
28018,0
28019,0
28020,0
28021,0
28022,0
28023,0
28024,0
28025,0
28026,0
28027,0
28028,0
28029,0
28030,0
28031,0
28032,0
28033,0
28034,0
28035,0
28036,0
28037,0
28038,0
28039,0
28040,0
28041,0
28042,0
28043,0
28044,0
28045,0
28046,0
28047,0
28048,0
28049,0
28050,0
28051,0
28052,0
28053,0
28054,0
28055,0
28056,0
28057,0
28058,0
28059,0
28060,0
28061,0
28062,0
28063,0
28064,0
28065,0
28066,0
28067,0
28068,0
28069,0
28070,0
28071,0
28072,0
28073,0
28074,0
28075,0
28076,0
28077,0
28078,0
28079,0
28080,0
28081,0
28082,0
28083,0
28084,0
28085,0
28086,0
28087,0
28088,0
28089,0
28090,0
28091,0
28092,0
28093,0
28094,0
28095,0
28096,0
28097,0
28098,0
28099,0
28100,0
28101,0
28102,0
28103,0
28104,0
28105,0
28106,0
28107,0
28108,0
28109,0
28110,0
28111,0
28112,0
28113,0
28114,0
28115,0
28116,0
28117,0
28118,0
28119,0
28120,0
28121,0
28122,0
28123,0
28124,0
28125,0
28126,0
28127,0
28128,0
28129,0
28130,0
28131,0
28132,0
28133,0
28134,0
28135,0
28136,0
28137,0
28138,0
28139,0
28140,0
28141,0
28142,0
28143,0
28144,0
28145,0
28146,0
28147,0
28148,0
28149,0
28150,0
28151,0
28152,0
28153,0
28154,0
28155,0
28156,0
28157,0
28158,0
28159,0
28160,0
28161,0
28162,0
28163,0
28164,0
28165,0
28166,0
28167,0
28168,0
28169,0
28170,0
28171,0
28172,0
28173,0
28174,0
28175,0
28176,0
28177,0
28178,0
28179,0
28180,0
28181,0
28182,0
28183,0
28184,0
28185,0
28186,0
28187,0
28188,0
28189,0
28190,0
28191,0
28192,0
28193,0
28194,0
28195,0
28196,0
28197,0
28198,0
28199,0
28200,0
28201,0
28202,0
28203,0
28204,0
28205,0
28206,0
28207,0
28208,0
28209,0
28210,0
28211,0
28212,0
28213,0
28214,0
28215,0
28216,0
28217,0
28218,0
28219,0
28220,0
28221,0
28222,0
28223,0
28224,0
28225,0
28226,0
28227,0
28228,0
28229,0
28230,0
28231,0
28232,0
28233,0
28234,0
28235,0
28236,0
28237,0
28238,0
28239,0
28240,0
28241,0
28242,0
28243,0
28244,0
28245,0
28246,0
28247,0
28248,0
28249,0
28250,0
28251,0
28252,0
28253,0
28254,0
28255,0
28256,0
28257,0
28258,0
28259,0
28260,0
28261,0
28262,0
28263,0
28264,0
28265,0
28266,0
28267,0
28268,0
28269,0
28270,0
28271,0
28272,0
28273,0
28274,0
28275,0
28276,0
28277,0
28278,0
28279,0
28280,0
28281,0
28282,0
28283,0
28284,0
28285,0
28286,0
28287,0
28288,0
28289,0
28290,0
28291,0
28292,0
28293,0
28294,0
28295,0
28296,0
28297,0
28298,0
28299,0
28300,0
28301,0
28302,0
28303,0
28304,0
28305,0
28306,0
28307,0
28308,0
28309,0
28310,0
28311,0
28312,0
28313,0
28314,0
28315,0
28316,0
28317,0
28318,0
28319,0
28320,0
28321,0
28322,0
28323,0
28324,0
28325,0
28326,0
28327,0
28328,0
28329,0
28330,0
28331,0
28332,0
28333,0
28334,0
28335,0
28336,0
28337,0
28338,0
28339,0
28340,0
28341,0
28342,0
28343,0
28344,0
28345,0
28346,0
28347,0
28348,0
28349,0
28350,0
28351,0
28352,0
28353,0
28354,0
28355,0
28356,0
28357,0
28358,0
28359,0
28360,0
28361,0
28362,0
28363,0
28364,0
28365,0
28366,0
28367,0
28368,0
28369,0
28370,0
28371,0
28372,0
28373,0
28374,0
28375,0
28376,0
28377,0
28378,0
28379,0
28380,0
28381,0
28382,0
28383,0
28384,0
28385,0
28386,0
28387,0
28388,0
28389,0
28390,0
28391,0
28392,0
28393,0
28394,0
28395,0
28396,0
28397,0
28398,0
28399,0
28400,0
28401,0
28402,0
28403,0
28404,0
28405,0
28406,0
28407,0
28408,0
28409,0
28410,0
28411,0
28412,0
28413,0
28414,0
28415,0
28416,0
28417,0
28418,0
28419,0
28420,0
28421,0
28422,0
28423,0
28424,0
28425,0
28426,0
28427,0
28428,0
28429,0
28430,0
28431,0
28432,0
28433,0
28434,0
28435,0
28436,0
28437,0
28438,0
28439,0
28440,0
28441,0
28442,0
28443,0
28444,0
28445,0
28446,0
28447,0
28448,0
28449,0
28450,0
28451,0
28452,0
28453,0
28454,0
28455,0
28456,0
28457,0
28458,0
28459,0
28460,0
28461,0
28462,0
28463,0
28464,0
28465,0
28466,0
28467,0
28468,0
28469,0
28470,0
28471,0
28472,0
28473,0
28474,0
28475,0
28476,0
28477,0
28478,0
28479,0
28480,0
28481,0
28482,0
28483,0
28484,0
28485,0
28486,0
28487,0
28488,0
28489,0
28490,0
28491,0
28492,0
28493,0
28494,0
28495,0
28496,0
28497,0
28498,0
28499,0
28500,0
28501,0
28502,0
28503,0
28504,0
28505,0
28506,0
28507,0
28508,0
28509,0
28510,0
28511,0
28512,0
28513,0
28514,0
28515,0
28516,0
28517,0
28518,0
28519,0
28520,0
28521,0
28522,0
28523,0
28524,0
28525,0
28526,0
28527,0
28528,0
28529,0
28530,0
28531,0
28532,0
28533,0
28534,0
28535,0
28536,0
28537,0
28538,0
28539,0
28540,0
28541,0
28542,0
28543,0
28544,0
28545,0
28546,0
28547,0
28548,0
28549,0
28550,0
28551,0
28552,0
28553,0
28554,0
28555,0
28556,0
28557,0
28558,0
28559,0
28560,0
28561,0
28562,0
28563,0
28564,0
28565,0
28566,0
28567,0
28568,0
28569,0
28570,0
28571,0
28572,0
28573,0
28574,0
28575,0
28576,0
28577,0
28578,0
28579,0
28580,0
28581,0
28582,0
28583,0
28584,0
28585,0
28586,0
28587,0
28588,0
28589,0
28590,0
28591,0
28592,0
28593,0
28594,0
28595,0
28596,0
28597,0
28598,0
28599,0
28600,0
28601,0
28602,0
28603,0
28604,0
28605,0
28606,0
28607,0
28608,0
28609,0
28610,0
28611,0
28612,0
28613,0
28614,0
28615,0
28616,0
28617,0
28618,0
28619,0
28620,0
28621,0
28622,0
28623,0
28624,0
28625,0
28626,0
28627,0
28628,0
28629,0
28630,0
28631,0
28632,0
28633,0
28634,0
28635,0
28636,0
28637,0
28638,0
28639,0
28640,0
28641,0
28642,0
28643,0
28644,0
28645,0
28646,0
28647,0
28648,0
28649,0
28650,0
28651,0
28652,0
28653,0
28654,0
28655,0
28656,0
28657,0
28658,0
28659,0
28660,0
28661,0
28662,0
28663,0
28664,0
28665,0
28666,0
28667,0
28668,0
28669,0
28670,0
28671,0
28672,0
28673,0
28674,0
28675,0
28676,0
28677,0
28678,0
28679,0
28680,0
28681,0
28682,0
28683,0
28684,0
28685,0
28686,0
28687,0
28688,0
28689,0
28690,0
28691,0
28692,0
28693,0
28694,0
28695,0
28696,0
28697,0
28698,0
28699,0
28700,0
28701,0
28702,0
28703,0
28704,0
28705,0
28706,0
28707,0
28708,0
28709,0
28710,0
28711,0
28712,0
28713,0
28714,0
28715,0
28716,0
28717,0
28718,0
28719,0
28720,0
28721,0
28722,0
28723,0
28724,0
28725,0
28726,0
28727,0
28728,0
28729,0
28730,0
28731,0
28732,0
28733,0
28734,0
28735,0
28736,0
28737,0
28738,0
28739,0
28740,0
28741,0
28742,0
28743,0
28744,0
28745,0
28746,0
28747,0
28748,0
28749,0
28750,0
28751,0
28752,0
28753,0
28754,0
28755,0
28756,0
28757,0
28758,0
28759,0
28760,0
28761,0
28762,0
28763,0
28764,0
28765,0
28766,0
28767,0
28768,0
28769,0
28770,0
28771,0
28772,0
28773,0
28774,0
28775,0
28776,0
28777,0
28778,0
28779,0
28780,0
28781,0
28782,0
28783,0
28784,0
28785,0
28786,0
28787,0
28788,0
28789,0
28790,0
28791,0
28792,0
28793,0
28794,0
28795,0
28796,0
28797,0
28798,0
28799,0
28800,0
28801,0
28802,0
28803,0
28804,0
28805,0
28806,0
28807,0
28808,0
28809,0
28810,0
28811,0
28812,0
28813,0
28814,0
28815,0
28816,0
28817,0
28818,0
28819,0
28820,0
28821,0
28822,0
28823,0
28824,0
28825,0
28826,0
28827,0
28828,0
28829,0
28830,0
28831,0
28832,0
28833,0
28834,0
28835,0
28836,0
28837,0
28838,0
28839,0
28840,0
28841,0
28842,0
28843,0
28844,0
28845,0
28846,0
28847,0
28848,0
28849,0
28850,0
28851,0
28852,0
28853,0
28854,0
28855,0
28856,0
28857,0
28858,0
28859,0
28860,0
28861,0
28862,0
28863,0
28864,0
28865,0
28866,0
28867,0
28868,0
28869,0
28870,0
28871,0
28872,0
28873,0
28874,0
28875,0
28876,0
28877,0
28878,0
28879,0
28880,0
28881,0
28882,0
28883,0
28884,0
28885,0
28886,0
28887,0
28888,0
28889,0
28890,0
28891,0
28892,0
28893,0
28894,0
28895,0
28896,0
28897,0
28898,0
28899,0
28900,0
28901,0
28902,0
28903,0
28904,0
28905,0
28906,0
28907,0
28908,0
28909,0
28910,0
28911,0
28912,0
28913,0
28914,0
28915,0
28916,0
28917,0
28918,0
28919,0
28920,0
28921,0
28922,0
28923,0
28924,0
28925,0
28926,0
28927,0
28928,0
28929,0
28930,0
28931,0
28932,0
28933,0
28934,0
28935,0
28936,0
28937,0
28938,0
28939,0
28940,0
28941,0
28942,0
28943,0
28944,0
28945,0
28946,0
28947,0
28948,0
28949,0
28950,0
28951,0
28952,0
28953,0
28954,0
28955,0
28956,0
28957,0
28958,0
28959,0
28960,0
28961,0
28962,0
28963,0
28964,0
28965,0
28966,0
28967,0
28968,0
28969,0
28970,0
28971,0
28972,0
28973,0
28974,0
28975,0
28976,0
28977,0
28978,0
28979,0
28980,0
28981,0
28982,0
28983,0
28984,0
28985,0
28986,0
28987,0
28988,0
28989,0
28990,0
28991,0
28992,0
28993,0
28994,0
28995,0
28996,0
28997,0
28998,0
28999,0
29000,0
29001,0
29002,0
29003,0
29004,0
29005,0
29006,0
29007,0
29008,0
29009,0
29010,0
29011,0
29012,0
29013,0
29014,0
29015,0
29016,0
29017,0
29018,0
29019,0
29020,0
29021,0
29022,0
29023,0
29024,0
29025,0
29026,0
29027,0
29028,0
29029,0
29030,0
29031,0
29032,0
29033,0
29034,0
29035,0
29036,0
29037,0
29038,0
29039,0
29040,0
29041,0
29042,0
29043,0
29044,0
29045,0
29046,0
29047,0
29048,0
29049,0
29050,0
29051,0
29052,0
29053,0
29054,0
29055,0
29056,0
29057,0
29058,0
29059,0
29060,0
29061,0
29062,0
29063,0
29064,0
29065,0
29066,0
29067,0
29068,0
29069,0
29070,0
29071,0
29072,0
29073,0
29074,0
29075,0
29076,0
29077,0
29078,0
29079,0
29080,0
29081,0
29082,0
29083,0
29084,0
29085,0
29086,0
29087,0
29088,0
29089,0
29090,0
29091,0
29092,0
29093,0
29094,0
29095,0
29096,0
29097,0
29098,0
29099,0
29100,0
29101,0
29102,0
29103,0
29104,0
29105,0
29106,0
29107,0
29108,0
29109,0
29110,0
29111,0
29112,0
29113,0
29114,0
29115,0
29116,0
29117,0
29118,0
29119,0
29120,0
29121,0
29122,0
29123,0
29124,0
29125,0
29126,0
29127,0
29128,0
29129,0
29130,0
29131,0
29132,0
29133,0
29134,0
29135,0
29136,0
29137,0
29138,0
29139,0
29140,0
29141,0
29142,0
29143,0
29144,0
29145,0
29146,0
29147,0
29148,0
29149,0
29150,0
29151,0
29152,0
29153,0
29154,0
29155,0
29156,0
29157,0
29158,0
29159,0
29160,0
29161,0
29162,0
29163,0
29164,0
29165,0
29166,0
29167,0
29168,0
29169,0
29170,0
29171,0
29172,0
29173,0
29174,0
29175,0
29176,0
29177,0
29178,0
29179,0
29180,0
29181,0
29182,0
29183,0
29184,0
29185,0
29186,0
29187,0
29188,0
29189,0
29190,0
29191,0
29192,0
29193,0
29194,0
29195,0
29196,0
29197,0
29198,0
29199,0
29200,0
29201,0
29202,0
29203,0
29204,0
29205,0
29206,0
29207,0
29208,0
29209,0
29210,0
29211,0
29212,0
29213,0
29214,0
29215,0
29216,0
29217,0
29218,0
29219,0
29220,0
29221,0
29222,0
29223,0
29224,0
29225,0
29226,0
29227,0
29228,0
29229,0
29230,0
29231,0
29232,0
29233,0
29234,0
29235,0
29236,0
29237,0
29238,0
29239,0
29240,0
29241,0
29242,0
29243,0
29244,0
29245,0
29246,0
29247,0
29248,0
29249,0
29250,0
29251,0
29252,0
29253,0
29254,0
29255,0
29256,0
29257,0
29258,0
29259,0
29260,0
29261,0
29262,0
29263,0
29264,0
29265,0
29266,0
29267,0
29268,0
29269,0
29270,0
29271,0
29272,0
29273,0
29274,0
29275,0
29276,0
29277,0
29278,0
29279,0
29280,0
29281,0
29282,0
29283,0
29284,0
29285,0
29286,0
29287,0
29288,0
29289,0
29290,0
29291,0
29292,0
29293,0
29294,0
29295,0
29296,0
29297,0
29298,0
29299,0
29300,0
29301,0
29302,0
29303,0
29304,0
29305,0
29306,0
29307,0
29308,0
29309,0
29310,0
29311,0
29312,0
29313,0
29314,0
29315,0
29316,0
29317,0
29318,0
29319,0
29320,0
29321,0
29322,0
29323,0
29324,0
29325,0
29326,0
29327,0
29328,0
29329,0
29330,0
29331,0
29332,0
29333,0
29334,0
29335,0
29336,0
29337,0
29338,0
29339,0
29340,0
29341,0
29342,0
29343,0
29344,0
29345,0
29346,0
29347,0
29348,0
29349,0
29350,0
29351,0
29352,0
29353,0
29354,0
29355,0
29356,0
29357,0
29358,0
29359,0
29360,0
29361,0
29362,0
29363,0
29364,0
29365,0
29366,0
29367,0
29368,0
29369,0
29370,0
29371,0
29372,0
29373,0
29374,0
29375,0
29376,0
29377,0
29378,0
29379,0
29380,0
29381,0
29382,0
29383,0
29384,0
29385,0
29386,0
29387,0
29388,0
29389,0
29390,0
29391,0
29392,0
29393,0
29394,0
29395,0
29396,0
29397,0
29398,0
29399,0
29400,0
29401,0
29402,0
29403,0
29404,0
29405,0
29406,0
29407,0
29408,0
29409,0
29410,0
29411,0
29412,0
29413,0
29414,0
29415,0
29416,0
29417,0
29418,0
29419,0
29420,0
29421,0
29422,0
29423,0
29424,0
29425,0
29426,0
29427,0
29428,0
29429,0
29430,0
29431,0
29432,0
29433,0
29434,0
29435,0
29436,0
29437,0
29438,0
29439,0
29440,0
29441,0
29442,0
29443,0
29444,0
29445,0
29446,0
29447,0
29448,0
29449,0
29450,0
29451,0
29452,0
29453,0
29454,0
29455,0
29456,0
29457,0
29458,0
29459,0
29460,0
29461,0
29462,0
29463,0
29464,0
29465,0
29466,0
29467,0
29468,0
29469,0
29470,0
29471,0
29472,0
29473,0
29474,0
29475,0
29476,0
29477,0
29478,0
29479,0
29480,0
29481,0
29482,0
29483,0
29484,0
29485,0
29486,0
29487,0
29488,0
29489,0
29490,0
29491,0
29492,0
29493,0
29494,0
29495,0
29496,0
29497,0
29498,0
29499,0
29500,0
29501,0
29502,0
29503,0
29504,0
29505,0
29506,0
29507,0
29508,0
29509,0
29510,0
29511,0
29512,0
29513,0
29514,0
29515,0
29516,0
29517,0
29518,0
29519,0
29520,0
29521,0
29522,0
29523,0
29524,0
29525,0
29526,0
29527,0
29528,0
29529,0
29530,0
29531,0
29532,0
29533,0
29534,0
29535,0
29536,0
29537,0
29538,0
29539,0
29540,0
29541,0
29542,0
29543,0
29544,0
29545,0
29546,0
29547,0
29548,0
29549,0
29550,0
29551,0
29552,0
29553,0
29554,0
29555,0
29556,0
29557,0
29558,0
29559,0
29560,0
29561,0
29562,0
29563,0
29564,0
29565,0
29566,0
29567,0
29568,0
29569,0
29570,0
29571,0
29572,0
29573,0
29574,0
29575,0
29576,0
29577,0
29578,0
29579,0
29580,0
29581,0
29582,0
29583,0
29584,0
29585,0
29586,0
29587,0
29588,0
29589,0
29590,0
29591,0
29592,0
29593,0
29594,0
29595,0
29596,0
29597,0
29598,0
29599,0
29600,0
29601,0
29602,0
29603,0
29604,0
29605,0
29606,0
29607,0
29608,0
29609,0
29610,0
29611,0
29612,0
29613,0
29614,0
29615,0
29616,0
29617,0
29618,0
29619,0
29620,0
29621,0
29622,0
29623,0
29624,0
29625,0
29626,0
29627,0
29628,0
29629,0
29630,0
29631,0
29632,0
29633,0
29634,0
29635,0
29636,0
29637,0
29638,0
29639,0
29640,0
29641,0
29642,0
29643,0
29644,0
29645,0
29646,0
29647,0
29648,0
29649,0
29650,0
29651,0
29652,0
29653,0
29654,0
29655,0
29656,0
29657,0
29658,0
29659,0
29660,0
29661,0
29662,0
29663,0
29664,0
29665,0
29666,0
29667,0
29668,0
29669,0
29670,0
29671,0
29672,0
29673,0
29674,0
29675,0
29676,0
29677,0
29678,0
29679,0
29680,0
29681,0
29682,0
29683,0
29684,0
29685,0
29686,0
29687,0
29688,0
29689,0
29690,0
29691,0
29692,0
29693,0
29694,0
29695,0
29696,0
29697,0
29698,0
29699,0
29700,0
29701,0
29702,0
29703,0
29704,0
29705,0
29706,0
29707,0
29708,0
29709,0
29710,0
29711,0
29712,0
29713,0
29714,0
29715,0
29716,0
29717,0
29718,0
29719,0
29720,0
29721,0
29722,0
29723,0
29724,0
29725,0
29726,0
29727,0
29728,0
29729,0
29730,0
29731,0
29732,0
29733,0
29734,0
29735,0
29736,0
29737,0
29738,0
29739,0
29740,0
29741,0
29742,0
29743,0
29744,0
29745,0
29746,0
29747,0
29748,0
29749,0
29750,0
29751,0
29752,0
29753,0
29754,0
29755,0
29756,0
29757,0
29758,0
29759,0
29760,0
29761,0
29762,0
29763,0
29764,0
29765,0
29766,0
29767,0
29768,0
29769,0
29770,0
29771,0
29772,0
29773,0
29774,0
29775,0
29776,0
29777,0
29778,0
29779,0
29780,0
29781,0
29782,0
29783,0
29784,0
29785,0
29786,0
29787,0
29788,0
29789,0
29790,0
29791,0
29792,0
29793,0
29794,0
29795,0
29796,0
29797,0
29798,0
29799,0
29800,0
29801,0
29802,0
29803,0
29804,0
29805,0
29806,0
29807,0
29808,0
29809,0
29810,0
29811,0
29812,0
29813,0
29814,0
29815,0
29816,0
29817,0
29818,0
29819,0
29820,0
29821,0
29822,0
29823,0
29824,0
29825,0
29826,0
29827,0
29828,0
29829,0
29830,0
29831,0
29832,0
29833,0
29834,0
29835,0
29836,0
29837,0
29838,0
29839,0
29840,0
29841,0
29842,0
29843,0
29844,0
29845,0
29846,0
29847,0
29848,0
29849,0
29850,0
29851,0
29852,0
29853,0
29854,0
29855,0
29856,0
29857,0
29858,0
29859,0
29860,0
29861,0
29862,0
29863,0
29864,0
29865,0
29866,0
29867,0
29868,0
29869,0
29870,0
29871,0
29872,0
29873,0
29874,0
29875,0
29876,0
29877,0
29878,0
29879,0
29880,0
29881,0
29882,0
29883,0
29884,0
29885,0
29886,0
29887,0
29888,0
29889,0
29890,0
29891,0
29892,0
29893,0
29894,0
29895,0
29896,0
29897,0
29898,0
29899,0
29900,0
29901,0
29902,0
29903,0
29904,0
29905,0
29906,0
29907,0
29908,0
29909,0
29910,0
29911,0
29912,0
29913,0
29914,0
29915,0
29916,0
29917,0
29918,0
29919,0
29920,0
29921,0
29922,0
29923,0
29924,0
29925,0
29926,0
29927,0
29928,0
29929,0
29930,0
29931,0
29932,0
29933,0
29934,0
29935,0
29936,0
29937,0
29938,0
29939,0
29940,0
29941,0
29942,0
29943,0
29944,0
29945,0
29946,0
29947,0
29948,0
29949,0
29950,0
29951,0
29952,0
29953,0
29954,0
29955,0
29956,0
29957,0
29958,0
29959,0
29960,0
29961,0
29962,0
29963,0
29964,0
29965,0
29966,0
29967,0
29968,0
29969,0
29970,0
29971,0
29972,0
29973,0
29974,0
29975,0
29976,0
29977,0
29978,0
29979,0
29980,0
29981,0
29982,0
29983,0
29984,0
29985,0
29986,0
29987,0
29988,0
29989,0
29990,0
29991,0
29992,0
29993,0
29994,0
29995,0
29996,0
29997,0
29998,0
29999,0
30000,0
30001,0
30002,0
30003,0
30004,0
30005,0
30006,0
30007,0
30008,0
30009,0
30010,0
30011,0
30012,0
30013,0
30014,0
30015,0
30016,0
30017,0
30018,0
30019,0
30020,0
30021,0
30022,0
30023,0
30024,0
30025,0
30026,0
30027,0
30028,0
30029,0
30030,0
30031,0
30032,0
30033,0
30034,0
30035,0
30036,0
30037,0
30038,0
30039,0
30040,0
30041,0
30042,0
30043,0
30044,0
30045,0
30046,0
30047,0
30048,0
30049,0
30050,0
30051,0
30052,0
30053,0
30054,0
30055,0
30056,0
30057,0
30058,0
30059,0
30060,0
30061,0
30062,0
30063,0
30064,0
30065,0
30066,0
30067,0
30068,0
30069,0
30070,0
30071,0
30072,0
30073,0
30074,0
30075,0
30076,0
30077,0
30078,0
30079,0
30080,0
30081,0
30082,0
30083,0
30084,0
30085,0
30086,0
30087,0
30088,0
30089,0
30090,0
30091,0
30092,0
30093,0
30094,0
30095,0
30096,0
30097,0
30098,0
30099,0
30100,0
30101,0
30102,0
30103,0
30104,0
30105,0
30106,0
30107,0
30108,0
30109,0
30110,0
30111,0
30112,0
30113,0
30114,0
30115,0
30116,0
30117,0
30118,0
30119,0
30120,0
30121,0
30122,0
30123,0
30124,0
30125,0
30126,0
30127,0
30128,0
30129,0
30130,0
30131,0
30132,0
30133,0
30134,0
30135,0
30136,0
30137,0
30138,0
30139,0
30140,0
30141,0
30142,0
30143,0
30144,0
30145,0
30146,0
30147,0
30148,0
30149,0
30150,0
30151,0
30152,0
30153,0
30154,0
30155,0
30156,0
30157,0
30158,0
30159,0
30160,0
30161,0
30162,0
30163,0
30164,0
30165,0
30166,0
30167,0
30168,0
30169,0
30170,0
30171,0
30172,0
30173,0
30174,0
30175,0
30176,0
30177,0
30178,0
30179,0
30180,0
30181,0
30182,0
30183,0
30184,0
30185,0
30186,0
30187,0
30188,0
30189,0
30190,0
30191,0
30192,0
30193,0
30194,0
30195,0
30196,0
30197,0
30198,0
30199,0
30200,0
30201,0
30202,0
30203,0
30204,0
30205,0
30206,0
30207,0
30208,0
30209,0
30210,0
30211,0
30212,0
30213,0
30214,0
30215,0
30216,0
30217,0
30218,0
30219,0
30220,0
30221,0
30222,0
30223,0
30224,0
30225,0
30226,0
30227,0
30228,0
30229,0
30230,0
30231,0
30232,0
30233,0
30234,0
30235,0
30236,0
30237,0
30238,0
30239,0
30240,0
30241,0
30242,0
30243,0
30244,0
30245,0
30246,0
30247,0
30248,0
30249,0
30250,0
30251,0
30252,0
30253,0
30254,0
30255,0
30256,0
30257,0
30258,0
30259,0
30260,0
30261,0
30262,0
30263,0
30264,0
30265,0
30266,0
30267,0
30268,0
30269,0
30270,0
30271,0
30272,0
30273,0
30274,0
30275,0
30276,0
30277,0
30278,0
30279,0
30280,0
30281,0
30282,0
30283,0
30284,0
30285,0
30286,0
30287,0
30288,0
30289,0
30290,0
30291,0
30292,0
30293,0
30294,0
30295,0
30296,0
30297,0
30298,0
30299,0
30300,0
30301,0
30302,0
30303,0
30304,0
30305,0
30306,0
30307,0
30308,0
30309,0
30310,0
30311,0
30312,0
30313,0
30314,0
30315,0
30316,0
30317,0
30318,0
30319,0
30320,0
30321,0
30322,0
30323,0
30324,0
30325,0
30326,0
30327,0
30328,0
30329,0
30330,0
30331,0
30332,0
30333,0
30334,0
30335,0
30336,0
30337,0
30338,0
30339,0
30340,0
30341,0
30342,0
30343,0
30344,0
30345,0
30346,0
30347,0
30348,0
30349,0
30350,0
30351,0
30352,0
30353,0
30354,0
30355,0
30356,0
30357,0
30358,0
30359,0
30360,0
30361,0
30362,0
30363,0
30364,0
30365,0
30366,0
30367,0
30368,0
30369,0
30370,0
30371,0
30372,0
30373,0
30374,0
30375,0
30376,0
30377,0
30378,0
30379,0
30380,0
30381,0
30382,0
30383,0
30384,0
30385,0
30386,0
30387,0
30388,0
30389,0
30390,0
30391,0
30392,0
30393,0
30394,0
30395,0
30396,0
30397,0
30398,0
30399,0
30400,0
30401,0
30402,0
30403,0
30404,0
30405,0
30406,0
30407,0
30408,0
30409,0
30410,0
30411,0
30412,0
30413,0
30414,0
30415,0
30416,0
30417,0
30418,0
30419,0
30420,0
30421,0
30422,0
30423,0
30424,0
30425,0
30426,0
30427,0
30428,0
30429,0
30430,0
30431,0
30432,0
30433,0
30434,0
30435,0
30436,0
30437,0
30438,0
30439,0
30440,0
30441,0
30442,0
30443,0
30444,0
30445,0
30446,0
30447,0
30448,0
30449,0
30450,0
30451,0
30452,0
30453,0
30454,0
30455,0
30456,0
30457,0
30458,0
30459,0
30460,0
30461,0
30462,0
30463,0
30464,0
30465,0
30466,0
30467,0
30468,0
30469,0
30470,0
30471,0
30472,0
30473,0
30474,0
30475,0
30476,0
30477,0
30478,0
30479,0
30480,0
30481,0
30482,0
30483,0
30484,0
30485,0
30486,0
30487,0
30488,0
30489,0
30490,0
30491,0
30492,0
30493,0
30494,0
30495,0
30496,0
30497,0
30498,0
30499,0
30500,0
30501,0
30502,0
30503,0
30504,0
30505,0
30506,0
30507,0
30508,0
30509,0
30510,0
30511,0
30512,0
30513,0
30514,0
30515,0
30516,0
30517,0
30518,0
30519,0
30520,0
30521,0
30522,0
30523,0
30524,0
30525,0
30526,0
30527,0
30528,0
30529,0
30530,0
30531,0
30532,0
30533,0
30534,0
30535,0
30536,0
30537,0
30538,0
30539,0
30540,0
30541,0
30542,0
30543,0
30544,0
30545,0
30546,0
30547,0
30548,0
30549,0
30550,0
30551,0
30552,0
30553,0
30554,0
30555,0
30556,0
30557,0
30558,0
30559,0
30560,0
30561,0
30562,0
30563,0
30564,0
30565,0
30566,0
30567,0
30568,0
30569,0
30570,0
30571,0
30572,0
30573,0
30574,0
30575,0
30576,0
30577,0
30578,0
30579,0
30580,0
30581,0
30582,0
30583,0
30584,0
30585,0
30586,0
30587,0
30588,0
30589,0
30590,0
30591,0
30592,0
30593,0
30594,0
30595,0
30596,0
30597,0
30598,0
30599,0
30600,0
30601,0
30602,0
30603,0
30604,0
30605,0
30606,0
30607,0
30608,0
30609,0
30610,0
30611,0
30612,0
30613,0
30614,0
30615,0
30616,0
30617,0
30618,0
30619,0
30620,0
30621,0
30622,0
30623,0
30624,0
30625,0
30626,0
30627,0
30628,0
30629,0
30630,0
30631,0
30632,0
30633,0
30634,0
30635,0
30636,0
30637,0
30638,0
30639,0
30640,0
30641,0
30642,0
30643,0
30644,0
30645,0
30646,0
30647,0
30648,0
30649,0
30650,0
30651,0
30652,0
30653,0
30654,0
30655,0
30656,0
30657,0
30658,0
30659,0
30660,0
30661,0
30662,0
30663,0
30664,0
30665,0
30666,0
30667,0
30668,0
30669,0
30670,0
30671,0
30672,0
30673,0
30674,0
30675,0
30676,0
30677,0
30678,0
30679,0
30680,0
30681,0
30682,0
30683,0
30684,0
30685,0
30686,0
30687,0
30688,0
30689,0
30690,0
30691,0
30692,0
30693,0
30694,0
30695,0
30696,0
30697,0
30698,0
30699,0
30700,0
30701,0
30702,0
30703,0
30704,0
30705,0
30706,0
30707,0
30708,0
30709,0
30710,0
30711,0
30712,0
30713,0
30714,0
30715,0
30716,0
30717,0
30718,0
30719,0
30720,0
30721,0
30722,0
30723,0
30724,0
30725,0
30726,0
30727,0
30728,0
30729,0
30730,0
30731,0
30732,0
30733,0
30734,0
30735,0
30736,0
30737,0
30738,0
30739,0
30740,0
30741,0
30742,0
30743,0
30744,0
30745,0
30746,0
30747,0
30748,0
30749,0
30750,0
30751,0
30752,0
30753,0
30754,0
30755,0
30756,0
30757,0
30758,0
30759,0
30760,0
30761,0
30762,0
30763,0
30764,0
30765,0
30766,0
30767,0
30768,0
30769,0
30770,0
30771,0
30772,0
30773,0
30774,0
30775,0
30776,0
30777,0
30778,0
30779,0
30780,0
30781,0
30782,0
30783,0
30784,0
30785,0
30786,0
30787,0
30788,0
30789,0
30790,0
30791,0
30792,0
30793,0
30794,0
30795,0
30796,0
30797,0
30798,0
30799,0
30800,0
30801,0
30802,0
30803,0
30804,0
30805,0
30806,0
30807,0
30808,0
30809,0
30810,0
30811,0
30812,0
30813,0
30814,0
30815,0
30816,0
30817,0
30818,0
30819,0
30820,0
30821,0
30822,0
30823,0
30824,0
30825,0
30826,0
30827,0
30828,0
30829,0
30830,0
30831,0
30832,0
30833,0
30834,0
30835,0
30836,0
30837,0
30838,0
30839,0
30840,0
30841,0
30842,0
30843,0
30844,0
30845,0
30846,0
30847,0
30848,0
30849,0
30850,0
30851,0
30852,0
30853,0
30854,0
30855,0
30856,0
30857,0
30858,0
30859,0
30860,0
30861,0
30862,0
30863,0
30864,0
30865,0
30866,0
30867,0
30868,0
30869,0
30870,0
30871,0
30872,0
30873,0
30874,0
30875,0
30876,0
30877,0
30878,0
30879,0
30880,0
30881,0
30882,0
30883,0
30884,0
30885,0
30886,0
30887,0
30888,0
30889,0
30890,0
30891,0
30892,0
30893,0
30894,0
30895,0
30896,0
30897,0
30898,0
30899,0
30900,0
30901,0
30902,0
30903,0
30904,0
30905,0
30906,0
30907,0
30908,0
30909,0
30910,0
30911,0
30912,0
30913,0
30914,0
30915,0
30916,0
30917,0
30918,0
30919,0
30920,0
30921,0
30922,0
30923,0
30924,0
30925,0
30926,0
30927,0
30928,0
30929,0
30930,0
30931,0
30932,0
30933,0
30934,0
30935,0
30936,0
30937,0
30938,0
30939,0
30940,0
30941,0
30942,0
30943,0
30944,0
30945,0
30946,0
30947,0
30948,0
30949,0
30950,0
30951,0
30952,0
30953,0
30954,0
30955,0
30956,0
30957,0
30958,0
30959,0
30960,0
30961,0
30962,0
30963,0
30964,0
30965,0
30966,0
30967,0
30968,0
30969,0
30970,0
30971,0
30972,0
30973,0
30974,0
30975,0
30976,0
30977,0
30978,0
30979,0
30980,0
30981,0
30982,0
30983,0
30984,0
30985,0
30986,0
30987,0
30988,0
30989,0
30990,0
30991,0
30992,0
30993,0
30994,0
30995,0
30996,0
30997,0
30998,0
30999,0
31000,0
31001,0
31002,0
31003,0
31004,0
31005,0
31006,0
31007,0
31008,0
31009,0
31010,0
31011,0
31012,0
31013,0
31014,0
31015,0
31016,0
31017,0
31018,0
31019,0
31020,0
31021,0
31022,0
31023,0
31024,0
31025,0
31026,0
31027,0
31028,0
31029,0
31030,0
31031,0
31032,0
31033,0
31034,0
31035,0
31036,0
31037,0
31038,0
31039,0
31040,0
31041,0
31042,0
31043,0
31044,0
31045,0
31046,0
31047,0
31048,0
31049,0
31050,0
31051,0
31052,0
31053,0
31054,0
31055,0
31056,0
31057,0
31058,0
31059,0
31060,0
31061,0
31062,0
31063,0
31064,0
31065,0
31066,0
31067,0
31068,0
31069,0
31070,0
31071,0
31072,0
31073,0
31074,0
31075,0
31076,0
31077,0
31078,0
31079,0
31080,0
31081,0
31082,0
31083,0
31084,0
31085,0
31086,0
31087,0
31088,0
31089,0
31090,0
31091,0
31092,0
31093,0
31094,0
31095,0
31096,0
31097,0
31098,0
31099,0
31100,0
31101,0
31102,0
31103,0
31104,0
31105,0
31106,0
31107,0
31108,0
31109,0
31110,0
31111,0
31112,0
31113,0
31114,0
31115,0
31116,0
31117,0
31118,0
31119,0
31120,0
31121,0
31122,0
31123,0
31124,0
31125,0
31126,0
31127,0
31128,0
31129,0
31130,0
31131,0
31132,0
31133,0
31134,0
31135,0
31136,0
31137,0
31138,0
31139,0
31140,0
31141,0
31142,0
31143,0
31144,0
31145,0
31146,0
31147,0
31148,0
31149,0
31150,0
31151,0
31152,0
31153,0
31154,0
31155,0
31156,0
31157,0
31158,0
31159,0
31160,0
31161,0
31162,0
31163,0
31164,0
31165,0
31166,0
31167,0
31168,0
31169,0
31170,0
31171,0
31172,0
31173,0
31174,0
31175,0
31176,0
31177,0
31178,0
31179,0
31180,0
31181,0
31182,0
31183,0
31184,0
31185,0
31186,0
31187,0
31188,0
31189,0
31190,0
31191,0
31192,0
31193,0
31194,0
31195,0
31196,0
31197,0
31198,0
31199,0
31200,0
31201,0
31202,0
31203,0
31204,0
31205,0
31206,0
31207,0
31208,0
31209,0
31210,0
31211,0
31212,0
31213,0
31214,0
31215,0
31216,0
31217,0
31218,0
31219,0
31220,0
31221,0
31222,0
31223,0
31224,0
31225,0
31226,0
31227,0
31228,0
31229,0
31230,0
31231,0
31232,0
31233,0
31234,0
31235,0
31236,0
31237,0
31238,0
31239,0
31240,0
31241,0
31242,0
31243,0
31244,0
31245,0
31246,0
31247,0
31248,0
31249,0
31250,0
31251,0
31252,0
31253,0
31254,0
31255,0
31256,0
31257,0
31258,0
31259,0
31260,0
31261,0
31262,0
31263,0
31264,0
31265,0
31266,0
31267,0
31268,0
31269,0
31270,0
31271,0
31272,0
31273,0
31274,0
31275,0
31276,0
31277,0
31278,0
31279,0
31280,0
31281,0
31282,0
31283,0
31284,0
31285,0
31286,0
31287,0
31288,0
31289,0
31290,0
31291,0
31292,0
31293,0
31294,0
31295,0
31296,0
31297,0
31298,0
31299,0
31300,0
31301,0
31302,0
31303,0
31304,0
31305,0
31306,0
31307,0
31308,0
31309,0
31310,0
31311,0
31312,0
31313,0
31314,0
31315,0
31316,0
31317,0
31318,0
31319,0
31320,0
31321,0
31322,0
31323,0
31324,0
31325,0
31326,0
31327,0
31328,0
31329,0
31330,0
31331,0
31332,0
31333,0
31334,0
31335,0
31336,0
31337,0
31338,0
31339,0
31340,0
31341,0
31342,0
31343,0
31344,0
31345,0
31346,0
31347,0
31348,0
31349,0
31350,0
31351,0
31352,0
31353,0
31354,0
31355,0
31356,0
31357,0
31358,0
31359,0
31360,0
31361,0
31362,0
31363,0
31364,0
31365,0
31366,0
31367,0
31368,0
31369,0
31370,0
31371,0
31372,0
31373,0
31374,0
31375,0
31376,0
31377,0
31378,0
31379,0
31380,0
31381,0
31382,0
31383,0
31384,0
31385,0
31386,0
31387,0
31388,0
31389,0
31390,0
31391,0
31392,0
31393,0
31394,0
31395,0
31396,0
31397,0
31398,0
31399,0
31400,0
31401,0
31402,0
31403,0
31404,0
31405,0
31406,0
31407,0
31408,0
31409,0
31410,0
31411,0
31412,0
31413,0
31414,0
31415,0
31416,0
31417,0
31418,0
31419,0
31420,0
31421,0
31422,0
31423,0
31424,0
31425,0
31426,0
31427,0
31428,0
31429,0
31430,0
31431,0
31432,0
31433,0
31434,0
31435,0
31436,0
31437,0
31438,0
31439,0
31440,0
31441,0
31442,0
31443,0
31444,0
31445,0
31446,0
31447,0
31448,0
31449,0
31450,0
31451,0
31452,0
31453,0
31454,0
31455,0
31456,0
31457,0
31458,0
31459,0
31460,0
31461,0
31462,0
31463,0
31464,0
31465,0
31466,0
31467,0
31468,0
31469,0
31470,0
31471,0
31472,0
31473,0
31474,0
31475,0
31476,0
31477,0
31478,0
31479,0
31480,0
31481,0
31482,0
31483,0
31484,0
31485,0
31486,0
31487,0
31488,0
31489,0
31490,0
31491,0
31492,0
31493,0
31494,0
31495,0
31496,0
31497,0
31498,0
31499,0
31500,0
31501,0
31502,0
31503,0
31504,0
31505,0
31506,0
31507,0
31508,0
31509,0
31510,0
31511,0
31512,0
31513,0
31514,0
31515,0
31516,0
31517,0
31518,0
31519,0
31520,0
31521,0
31522,0
31523,0
31524,0
31525,0
31526,0
31527,0
31528,0
31529,0
31530,0
31531,0
31532,0
31533,0
31534,0
31535,0
31536,0
31537,0
31538,0
31539,0
31540,0
31541,0
31542,0
31543,0
31544,0
31545,0
31546,0
31547,0
31548,0
31549,0
31550,0
31551,0
31552,0
31553,0
31554,0
31555,0
31556,0
31557,0
31558,0
31559,0
31560,0
31561,0
31562,0
31563,0
31564,0
31565,0
31566,0
31567,0
31568,0
31569,0
31570,0
31571,0
31572,0
31573,0
31574,0
31575,0
31576,0
31577,0
31578,0
31579,0
31580,0
31581,0
31582,0
31583,0
31584,0
31585,0
31586,0
31587,0
31588,0
31589,0
31590,0
31591,0
31592,0
31593,0
31594,0
31595,0
31596,0
31597,0
31598,0
31599,0
31600,0
31601,0
31602,0
31603,0
31604,0
31605,0
31606,0
31607,0
31608,0
31609,0
31610,0
31611,0
31612,0
31613,0
31614,0
31615,0
31616,0
31617,0
31618,0
31619,0
31620,0
31621,0
31622,0
31623,0
31624,0
31625,0
31626,0
31627,0
31628,0
31629,0
31630,0
31631,0
31632,0
31633,0
31634,0
31635,0
31636,0
31637,0
31638,0
31639,0
31640,0
31641,0
31642,0
31643,0
31644,0
31645,0
31646,0
31647,0
31648,0
31649,0
31650,0
31651,0
31652,0
31653,0
31654,0
31655,0
31656,0
31657,0
31658,0
31659,0
31660,0
31661,0
31662,0
31663,0
31664,0
31665,0
31666,0
31667,0
31668,0
31669,0
31670,0
31671,0
31672,0
31673,0
31674,0
31675,0
31676,0
31677,0
31678,0
31679,0
31680,0
31681,0
31682,0
31683,0
31684,0
31685,0
31686,0
31687,0
31688,0
31689,0
31690,0
31691,0
31692,0
31693,0
31694,0
31695,0
31696,0
31697,0
31698,0
31699,0
31700,0
31701,0
31702,0
31703,0
31704,0
31705,0
31706,0
31707,0
31708,0
31709,0
31710,0
31711,0
31712,0
31713,0
31714,0
31715,0
31716,0
31717,0
31718,0
31719,0
31720,0
31721,0
31722,0
31723,0
31724,0
31725,0
31726,0
31727,0
31728,0
31729,0
31730,0
31731,0
31732,0
31733,0
31734,0
31735,0
31736,0
31737,0
31738,0
31739,0
31740,0
31741,0
31742,0
31743,0
31744,0
31745,0
31746,0
31747,0
31748,0
31749,0
31750,0
31751,0
31752,0
31753,0
31754,0
31755,0
31756,0
31757,0
31758,0
31759,0
31760,0
31761,0
31762,0
31763,0
31764,0
31765,0
31766,0
31767,0
31768,0
31769,0
31770,0
31771,0
31772,0
31773,0
31774,0
31775,0
31776,0
31777,0
31778,0
31779,0
31780,0
31781,0
31782,0
31783,0
31784,0
31785,0
31786,0
31787,0
31788,0
31789,0
31790,0
31791,0
31792,0
31793,0
31794,0
31795,0
31796,0
31797,0
31798,0
31799,0
31800,0
31801,0
31802,0
31803,0
31804,0
31805,0
31806,0
31807,0
31808,0
31809,0
31810,0
31811,0
31812,0
31813,0
31814,0
31815,0
31816,0
31817,0
31818,0
31819,0
31820,0
31821,0
31822,0
31823,0
31824,0
31825,0
31826,0
31827,0
31828,0
31829,0
31830,0
31831,0
31832,0
31833,0
31834,0
31835,0
31836,0
31837,0
31838,0
31839,0
31840,0
31841,0
31842,0
31843,0
31844,0
31845,0
31846,0
31847,0
31848,0
31849,0
31850,0
31851,0
31852,0
31853,0
31854,0
31855,0
31856,0
31857,0
31858,0
31859,0
31860,0
31861,0
31862,0
31863,0
31864,0
31865,0
31866,0
31867,0
31868,0
31869,0
31870,0
31871,0
31872,0
31873,0
31874,0
31875,0
31876,0
31877,0
31878,0
31879,0
31880,0
31881,0
31882,0
31883,0
31884,0
31885,0
31886,0
31887,0
31888,0
31889,0
31890,0
31891,0
31892,0
31893,0
31894,0
31895,0
31896,0
31897,0
31898,0
31899,0
31900,0
31901,0
31902,0
31903,0
31904,0
31905,0
31906,0
31907,0
31908,0
31909,0
31910,0
31911,0
