tick,tiles
1,0
2,52
3,52
4,52
5,52
6,52
7,52
8,52
9,52
10,52
11,52
12,52
13,52
14,52
15,52
16,52
17,52
18,52
19,52
20,52
21,52
22,52
23,52
24,52
25,52
26,52
27,52
28,52
29,52
30,52
31,52
32,52
33,52
34,52
35,52
36,52
37,52
38,52
39,52
40,52
41,52
42,52
43,52
44,52
45,52
46,52
47,52
48,52
49,52
50,52
51,52
52,52
53,52
54,52
55,52
56,52
57,52
58,52
59,52
60,52
61,52
62,52
63,52
64,52
65,52
66,52
67,52
68,52
69,52
70,52
71,52
72,52
73,52
74,52
75,52
76,52
77,52
78,52
79,52
80,52
81,52
82,52
83,52
84,52
85,52
86,52
87,52
88,52
89,52
90,52
91,52
92,52
93,52
94,52
95,52
96,52
97,52
98,52
99,52
100,52
101,52
102,52
103,52
104,52
105,52
106,52
107,52
108,52
109,52
110,52
111,52
112,52
113,52
114,52
115,52
116,52
117,52
118,52
119,52
120,52
121,52
122,52
123,52
124,52
125,52
126,52
127,52
128,52
129,52
130,52
131,52
132,52
133,52
134,52
135,52
136,52
137,52
138,52
139,52
140,52
141,52
142,52
143,52
144,52
145,52
146,52
147,52
148,52
149,52
150,52
151,52
152,52
153,52
154,52
155,52
156,52
157,52
158,52
159,52
160,52
161,52
162,52
163,52
164,52
165,52
166,52
167,52
168,52
169,52
170,52
171,52
172,52
173,52
174,52
175,52
176,52
177,52
178,52
179,52
180,52
181,52
182,52
183,52
184,52
185,52
186,52
187,52
188,52
189,52
190,52
191,52
192,52
193,52
194,52
195,52
196,52
197,52
198,52
199,52
200,52
201,52
202,52
203,52
204,52
205,52
206,52
207,52
208,52
209,52
210,52
211,52
212,52
213,52
214,52
215,52
216,52
217,52
218,52
219,52
220,52
221,52
222,52
223,52
224,52
225,52
226,52
227,52
228,52
229,52
230,52
231,52
232,52
233,52
234,52
235,52
236,52
237,52
238,52
239,52
240,52
241,52
242,52
243,52
244,52
245,52
246,52
247,52
248,52
249,52
250,52
251,52
252,52
253,52
254,52
255,52
256,52
257,52
258,52
259,52
260,52
261,52
262,52
263,52
264,52
265,52
266,52
267,52
268,52
269,52
270,52
271,52
272,52
273,52
274,52
275,52
276,52
277,52
278,52
279,52
280,52
281,52
282,52
283,52
284,52
285,52
286,52
287,52
288,52
289,52
290,52
291,52
292,52
293,52
294,52
295,52
296,52
297,52
298,52
299,52
300,52
301,52
302,52
303,52
304,52
305,52
306,52
307,52
308,52
309,52
310,52
311,52
312,52
313,52
314,52
315,52
316,52
317,52
318,52
319,52
320,52
321,52
322,52
323,52
324,52
325,52
326,52
327,52
328,52
329,52
330,52
331,52
332,52
333,52
334,52
335,52
336,52
337,52
338,52
339,52
340,52
341,52
342,52
343,52
344,52
345,52
346,52
347,52
348,52
349,52
350,52
351,52
352,52
353,52
354,52
355,52
356,52
357,52
358,52
359,52
360,52
361,52
362,52
363,52
364,52
365,52
366,52
367,52
368,52
369,52
370,52
371,52
372,52
373,52
374,52
375,52
376,52
377,52
378,52
379,52
380,52
381,52
382,52
383,52
384,52
385,52
386,52
387,52
388,52
389,52
390,52
391,52
392,52
393,52
394,52
395,52
396,52
397,52
398,52
399,52
400,52
401,52
402,52
403,52
404,52
405,52
406,52
407,52
408,52
409,52
410,52
411,52
412,52
413,52
414,52
415,52
416,52
417,52
418,52
419,52
420,52
421,52
422,52
423,52
424,52
425,52
426,52
427,52
428,52
429,52
430,52
431,52
432,52
433,52
434,52
435,52
436,52
437,52
438,52
439,52
440,52
441,52
442,52
443,52
444,52
445,52
446,52
447,52
448,52
449,52
450,52
451,52
452,52
453,52
454,52
455,52
456,52
457,52
458,52
459,52
460,52
461,52
462,52
463,52
464,52
465,52
466,52
467,52
468,52
469,52
470,52
471,52
472,52
473,52
474,52
475,52
476,52
477,52
478,52
479,52
480,52
481,52
482,52
483,52
484,52
485,52
486,52
487,52
488,52
489,52
490,52
491,52
492,52
493,52
494,52
495,52
496,52
497,52
498,52
499,52
500,52
501,52
502,52
503,52
504,52
505,52
506,52
507,52
508,52
509,52
510,52
511,52
512,52
513,52
514,52
515,52
516,52
517,52
518,52
519,52
520,52
521,52
522,52
523,52
524,52
525,52
526,52
527,52
528,52
529,52
530,52
531,52
532,52
533,52
534,52
535,52
536,52
537,52
538,52
539,52
540,52
541,52
542,52
543,52
544,52
545,52
546,52
547,52
548,52
549,52
550,52
551,52
552,52
553,52
554,52
555,52
556,52
557,52
558,52
559,52
560,52
561,52
562,52
563,52
564,52
565,52
566,52
567,52
568,52
569,52
570,52
571,52
572,52
573,52
574,52
575,52
576,52
577,52
578,52
579,52
580,52
581,52
582,52
583,52
584,52
585,52
586,52
587,52
588,52
589,52
590,52
591,52
592,52
593,52
594,52
595,52
596,52
597,52
598,52
599,52
600,52
601,52
602,52
603,52
604,52
605,52
606,52
607,52
608,52
609,52
610,52
611,52
612,52
613,52
614,52
615,52
616,52
617,52
618,52
619,52
620,52
621,52
622,52
623,52
624,52
625,52
626,52
627,52
628,52
629,52
630,52
631,52
632,52
633,52
634,52
635,52
636,52
637,52
638,52
639,52
640,52
641,52
642,52
643,52
644,52
645,52
646,52
647,52
648,52
649,52
650,52
651,52
652,52
653,52
654,52
655,52
656,52
657,52
658,52
659,52
660,52
661,52
662,52
663,52
664,52
665,52
666,52
667,52
668,52
669,52
670,52
671,52
672,52
673,52
674,52
675,52
676,52
677,52
678,52
679,52
680,52
681,52
682,52
683,52
684,52
685,52
686,52
687,52
688,52
689,52
690,52
691,52
692,52
693,52
694,52
695,52
696,52
697,52
698,52
699,52
700,52
701,52
702,52
703,52
704,52
705,52
706,52
707,52
708,52
709,52
710,52
711,52
712,52
713,52
714,52
715,52
716,52
717,52
718,52
719,52
720,52
721,52
722,52
723,52
724,52
725,52
726,52
727,52
728,52
729,52
730,52
731,52
732,52
733,52
734,52
735,52
736,52
737,52
738,52
739,52
740,52
741,52
742,52
743,52
744,52
745,52
746,52
747,52
748,52
749,52
750,52
751,52
752,52
753,52
754,52
755,52
756,52
757,52
758,52
759,52
760,52
761,52
762,52
763,52
764,52
765,52
766,52
767,52
768,52
769,52
770,52
771,52
772,52
773,52
774,52
775,52
776,52
777,52
778,52
779,52
780,52
781,52
782,52
783,52
784,52
785,52
786,52
787,52
788,52
789,52
790,52
791,52
792,52
793,52
794,52
795,52
796,52
797,52
798,52
799,52
800,52
801,52
802,52
803,52
804,52
805,52
806,52
807,52
808,52
809,52
810,52
811,52
812,52
813,52
814,52
815,52
816,52
817,52
818,52
819,52
820,52
821,52
822,52
823,52
824,52
825,52
826,52
827,52
828,52
829,52
830,52
831,52
832,52
833,52
834,52
835,52
836,52
837,52
838,52
839,52
840,52
841,52
842,52
843,52
844,52
845,52
846,52
847,52
848,52
849,52
850,52
851,52
852,52
853,52
854,52
855,52
856,52
857,52
858,52
859,52
860,52
861,52
862,52
863,52
864,52
865,52
866,52
867,52
868,52
869,52
870,52
871,52
872,52
873,52
874,52
875,52
876,52
877,52
878,52
879,52
880,52
881,52
882,52
883,52
884,52
885,52
886,52
887,52
888,52
889,52
890,52
891,52
892,52
893,52
894,52
895,52
896,52
897,52
898,52
899,52
900,52
901,52
902,52
903,52
904,52
905,52
906,52
907,52
908,52
909,52
910,52
911,52
912,52
913,52
914,64
915,76
916,91
917,107
918,124
919,142
920,162
921,184
922,204
923,227
924,252
925,277
926,302
927,330
928,360
929,390
930,422
931,455
932,488
933,521
934,557
935,593
936,631
937,670
938,710
939,754
940,798
941,843
942,890
943,939
944,989
945,1038
946,1089
947,1139
948,1191
949,1243
950,1298
951,1355
952,1413
953,1472
954,1532
955,1593
956,1655
957,1718
958,1783
959,1851
960,1918
961,1987
962,2058
963,2130
964,2203
965,2276
966,2350
967,2425
968,2501
969,2579
970,2655
971,2735
972,2816
973,2897
974,2979
975,3060
976,3142
977,3226
978,3310
979,3395
980,3478
981,3563
982,3648
983,3735
984,3821
985,3906
986,3992
987,4079
988,4170
989,4262
990,4355
991,4448
992,4542
993,4637
994,4735
995,4830
996,4928
997,5025
998,5126
999,5228
1000,5330
1001,5434
1002,5540
1003,5647
1004,5755
1005,5860
1006,5966
1007,6073
1008,6181
1009,6292
1010,6402
1011,6512
1012,6623
1013,6735
1014,6848
1015,6959
1016,7070
1017,7183
1018,7296
1019,7407
1020,7520
1021,7634
1022,7751
1023,7867
1024,7982
1025,8097
1026,8212
1027,8327
1028,8442
1029,8560
1030,8679
1031,8801
1032,8923
1033,9042
1034,9167
1035,9288
1036,9409
1037,9507
1038,9581
1039,9636
1040,9676
1041,9705
1042,9727
1043,9743
1044,9849
1045,9926
1046,9983
1047,10026
1048,10058
1049,10081
1050,10098
1051,10111
1052,10120
1053,10127
1054,10219
1055,10289
1056,10340
1057,10377
1058,10404
1059,10425
1060,10440
1061,10451
1062,10459
1063,10466
1064,10553
1065,10617
1066,10665
1067,10700
1068,10726
1069,10745
1070,10759
1071,10769
1072,10777
1073,10784
1074,10865
1075,10926
1076,10971
1077,11004
1078,11028
1079,11046
1080,11059
1081,11069
1082,11076
1083,11083
1084,11161
1085,11219
1086,11262
1087,11293
1088,11316
1089,11333
1090,11345
1091,11354
1092,11361
1093,11368
1094,11443
1095,11497
1096,11537
1097,11567
1098,11589
1099,11605
1100,11617
1101,11625
1102,11632
1103,11639
1104,11710
1105,11761
1106,11799
1107,11827
1108,11848
1109,11863
1110,11874
1111,11882
1112,11889
1113,11896
1114,11964
1115,12012
1116,12048
1117,12074
1118,12093
1119,12107
1120,12117
1121,12125
1122,12132
1123,12139
1124,12203
1125,12251
1126,12285
1127,12310
1128,12329
1129,12343
1130,12353
1131,12360
1132,12367
1133,12374
1134,12436
1135,12483
1136,12515
1137,12539
1138,12556
1139,12569
1140,12578
1141,12585
1142,12592
1143,12599
1144,12658
1145,12703
1146,12735
1147,12758
1148,12775
1149,12787
1150,12796
1151,12803
1152,12810
1153,12817
1154,12874
1155,12916
1156,12946
1157,12968
1158,12984
1159,12996
1160,13004
1161,13011
1162,13018
1163,13025
1164,13079
1165,13120
1166,13149
1167,13170
1168,13186
1169,13197
1170,13205
1171,13212
1172,13219
1173,13226
1174,13279
1175,13319
1176,13348
1177,13368
1178,13383
1179,13394
1180,13402
1181,13409
1182,13416
1183,13421
1184,13472
1185,13510
1186,13538
1187,13558
1188,13572
1189,13583
1190,13591
1191,13598
1192,13605
1193,13610
1194,13660
1195,13697
1196,13724
1197,13743
1198,13757
1199,13768
1200,13776
1201,13783
1202,13790
1203,13794
1204,13843
1205,13880
1206,13906
1207,13924
1208,13938
1209,13948
1210,13955
1211,13962
1212,13969
1213,13973
1214,14022
1215,14058
1216,14084
1217,14102
1218,14115
1219,14124
1220,14131
1221,14138
1222,14145
1223,14148
1224,14195
1225,14230
1226,14255
1227,14273
1228,14286
1229,14295
1230,14302
1231,14309
1232,14316
1233,14318
1234,14365
1235,14399
1236,14424
1237,14442
1238,14454
1239,14463
1240,14470
1241,14477
1242,14484
1243,14485
1244,14531
1245,14565
1246,14589
1247,14606
1248,14618
1249,14627
1250,14634
1251,14641
1252,14648
1253,14648
1254,14693
1255,14726
1256,14750
1257,14767
1258,14779
1259,14788
1260,14795
1261,14802
1262,14808
1263,14808
1264,14852
1265,14885
1266,14908
1267,14925
1268,14937
1269,14945
1270,14952
1271,14959
1272,14965
1273,14965
1274,15008
1275,15040
1276,15063
1277,15079
1278,15091
1279,15099
1280,15106
1281,15113
1282,15119
1283,15119
1284,15162
1285,15194
1286,15216
1287,15232
1288,15243
1289,15251
1290,15258
1291,15265
1292,15271
1293,15271
1294,15313
1295,15344
1296,15366
1297,15382
1298,15394
1299,15402
1300,15409
1301,15416
1302,15421
1303,15421
1304,15463
1305,15494
1306,15516
1307,15532
1308,15543
1309,15551
1310,15558
1311,15565
1312,15569
1313,15569
1314,15611
1315,15641
1316,15663
1317,15678
1318,15689
1319,15697
1320,15704
1321,15711
1322,15715
1323,15715
1324,15756
1325,15786
1326,15807
1327,15822
1328,15833
1329,15841
1330,15848
1331,15855
1332,15859
1333,15859
1334,15900
1335,15930
1336,15951
1337,15966
1338,15977
1339,15985
1340,15992
1341,15999
1342,16001
1343,16001
1344,16041
1345,16070
1346,16091
1347,16105
1348,16116
1349,16124
1350,16131
1351,16138
1352,16141
1353,16141
1354,16181
1355,16210
1356,16231
1357,16246
1358,16256
1359,16264
1360,16271
1361,16278
1362,16280
1363,16280
1364,16320
1365,16348
1366,16368
1367,16383
1368,16393
1369,16401
1370,16408
1371,16415
1372,16418
1373,16418
1374,16457
1375,16485
1376,16506
1377,16520
1378,16530
1379,16538
1380,16545
1381,16552
1382,16555
1383,16555
1384,16594
1385,16622
1386,16642
1387,16656
1388,16666
1389,16674
1390,16681
1391,16688
1392,16691
1393,16691
1394,16729
1395,16757
1396,16777
1397,16791
1398,16801
1399,16809
1400,16816
1401,16823
1402,16825
1403,16825
1404,16863
1405,16890
1406,16910
1407,16924
1408,16934
1409,16942
1410,16949
1411,16956
1412,16959
1413,16959
1414,16997
1415,17024
1416,17044
1417,17058
1418,17068
1419,17076
1420,17083
1421,17090
1422,17092
1423,17092
1424,17130
1425,17157
1426,17177
1427,17191
1428,17200
1429,17207
1430,17214
1431,17221
1432,17224
1433,17224
1434,17261
1435,17288
1436,17308
1437,17322
1438,17332
1439,17340
1440,17347
1441,17354
1442,17354
1443,17354
1444,17391
1445,17418
1446,17437
1447,17451
1448,17461
1449,17469
1450,17476
1451,17483
1452,17484
1453,17484
1454,17521
1455,17548
1456,17567
1457,17581
1458,17591
1459,17598
1460,17605
1461,17612
1462,17614
1463,17614
1464,17651
1465,17678
1466,17697
1467,17710
1468,17720
1469,17727
1470,17734
1471,17741
1472,17743
1473,17743
1474,17780
1475,17807
1476,17826
1477,17839
1478,17848
1479,17856
1480,17863
1481,17870
1482,17871
1483,17871
1484,17908
1485,17934
1486,17953
1487,17966
1488,17975
1489,17982
1490,17989
1491,17996
1492,17998
1493,17998
1494,18035
1495,18062
1496,18081
1497,18094
1498,18104
1499,18111
1500,18118
1501,18125
1502,18125
1503,18125
1504,18162
1505,18189
1506,18208
1507,18221
1508,18230
1509,18237
1510,18244
1511,18251
1512,18251
1513,18251
1514,18288
1515,18314
1516,18333
1517,18346
1518,18355
1519,18363
1520,18370
1521,18377
1522,18377
1523,18377
1524,18414
1525,18440
1526,18459
1527,18472
1528,18481
1529,18488
1530,18495
1531,18502
1532,18503
1533,18503
1534,18539
1535,18565
1536,18584
1537,18597
1538,18606
1539,18613
1540,18620
1541,18627
1542,18628
1543,18628
1544,18664
1545,18690
1546,18709
1547,18722
1548,18731
1549,18738
1550,18745
1551,18752
1552,18753
1553,18753
1554,18789
1555,18815
1556,18834
1557,18847
1558,18856
1559,18864
1560,18871
1561,18878
1562,18878
1563,18878
1564,18914
1565,18940
1566,18959
1567,18972
1568,18981
1569,18988
1570,18995
1571,19002
1572,19002
1573,19002
1574,19038
1575,19064
1576,19082
1577,19095
1578,19104
1579,19111
1580,19118
1581,19125
1582,19126
1583,19126
1584,19162
1585,19188
1586,19207
1587,19220
1588,19229
1589,19236
1590,19243
1591,19249
1592,19249
1593,19249
1594,19285
1595,19311
1596,19330
1597,19342
1598,19351
1599,19358
1600,19365
1601,19372
1602,19372
1603,19372
1604,19408
1605,19434
1606,19452
1607,19464
1608,19473
1609,19481
1610,19489
1611,19495
1612,19495
1613,19495
1614,19531
1615,19557
1616,19575
1617,19588
1618,19598
1619,19606
1620,19614
1621,19617
1622,19617
1623,19617
1624,19653
1625,19679
1626,19697
1627,19709
1628,19718
1629,19726
1630,19734
1631,19739
1632,19739
1633,19739
1634,19775
1635,19801
1636,19820
1637,19833
1638,19842
1639,19850
1640,19858
1641,19862
1642,19862
1643,19862
1644,19898
1645,19924
1646,19943
1647,19955
1648,19964
1649,19972
1650,19980
1651,19984
1652,19984
1653,19984
1654,20021
1655,20047
1656,20065
1657,20078
1658,20086
1659,20094
1660,20102
1661,20105
1662,20105
1663,20105
1664,20142
1665,20168
1666,20186
1667,20197
1668,20206
1669,20214
1670,20222
1671,20226
1672,20226
1673,20226
1674,20263
1675,20289
1676,20307
1677,20319
1678,20328
1679,20336
1680,20344
1681,20347
1682,20347
1683,20347
1684,20384
1685,20410
1686,20429
1687,20442
1688,20450
1689,20458
1690,20466
1691,20468
1692,20468
1693,20468
1694,20505
1695,20532
1696,20550
1697,20562
1698,20571
1699,20579
1700,20587
1701,20589
1702,20589
1703,20589
1704,20627
1705,20653
1706,20671
1707,20683
1708,20692
1709,20700
1710,20708
1711,20710
1712,20710
1713,20710
1714,20748
1715,20774
1716,20793
1717,20805
1718,20814
1719,20822
1720,20830
1721,20832
1722,20832
1723,20832
1724,20870
1725,20896
1726,20914
1727,20927
1728,20936
1729,20944
1730,20952
1731,20953
1732,20953
1733,20953
1734,20990
1735,21017
1736,21035
1737,21047
1738,21056
1739,21064
1740,21072
1741,21074
1742,21074
1743,21074
1744,21112
1745,21139
1746,21157
1747,21170
1748,21179
1749,21187
1750,21195
1751,21196
1752,21196
1753,21196
1754,21234
1755,21261
1756,21279
1757,21292
1758,21301
1759,21309
1760,21317
1761,21317
1762,21317
1763,21317
1764,21355
1765,21382
1766,21401
1767,21413
1768,21421
1769,21429
1770,21437
1771,21438
1772,21438
1773,21438
1774,21477
1775,21503
1776,21521
1777,21533
1778,21541
1779,21549
1780,21557
1781,21559
1782,21559
1783,21559
1784,21598
1785,21624
1786,21642
1787,21655
1788,21664
1789,21672
1790,21680
1791,21680
1792,21680
1793,21680
1794,21718
1795,21745
1796,21763
1797,21776
1798,21785
1799,21793
1800,21801
1801,21801
1802,21801
1803,21801
1804,21839
1805,21866
1806,21884
1807,21896
1808,21905
1809,21913
1810,21921
1811,21922
1812,21922
1813,21922
1814,21960
1815,21987
1816,22006
1817,22018
1818,22027
1819,22035
1820,22042
1821,22042
1822,22042
1823,22042
1824,22081
1825,22108
1826,22126
1827,22137
1828,22146
1829,22154
1830,22162
1831,22163
1832,22163
1833,22163
1834,22202
1835,22229
1836,22247
1837,22259
1838,22268
1839,22276
1840,22283
1841,22283
1842,22283
1843,22283
1844,22322
1845,22349
1846,22367
1847,22379
1848,22388
1849,22396
1850,22404
1851,22404
1852,22404
1853,22404
1854,22443
1855,22470
1856,22488
1857,22500
1858,22509
1859,22517
1860,22525
1861,22525
1862,22525
1863,22525
1864,22564
1865,22591
1866,22609
1867,22620
1868,22629
1869,22637
1870,22645
1871,22645
1872,22645
1873,22645
1874,22684
1875,22711
1876,22729
1877,22741
1878,22750
1879,22758
1880,22766
1881,22766
1882,22766
1883,22766
1884,22805
1885,22832
1886,22851
1887,22863
1888,22872
1889,22881
1890,22887
1891,22887
1892,22887
1893,22887
1894,22927
1895,22954
1896,22972
1897,22984
1898,22993
1899,23002
1900,23008
1901,23008
1902,23008
1903,23008
1904,23048
1905,23075
1906,23093
1907,23105
1908,23114
1909,23123
1910,23129
1911,23129
1912,23129
1913,23129
1914,23169
1915,23196
1916,23215
1917,23227
1918,23236
1919,23245
1920,23250
1921,23250
1922,23250
1923,23250
1924,23290
1925,23318
1926,23336
1927,23348
1928,23357
1929,23366
1930,23371
1931,23371
1932,23371
1933,23371
1934,23411
1935,23439
1936,23457
1937,23469
1938,23478
1939,23487
1940,23492
1941,23492
1942,23492
1943,23492
1944,23532
1945,23559
1946,23577
1947,23589
1948,23598
1949,23607
1950,23612
1951,23612
1952,23612
1953,23612
1954,23653
1955,23680
1956,23698
1957,23710
1958,23719
1959,23728
1960,23734
1961,23734
1962,23734
1963,23734
1964,23775
1965,23802
1966,23820
1967,23832
1968,23841
1969,23850
1970,23855
1971,23855
1972,23855
1973,23855
1974,23896
1975,23923
1976,23941
1977,23953
1978,23962
1979,23971
1980,23977
1981,23977
1982,23977
1983,23977
1984,24018
1985,24046
1986,24064
1987,24076
1988,24085
1989,24094
1990,24098
1991,24098
1992,24098
1993,24098
1994,24139
1995,24167
1996,24185
1997,24197
1998,24206
1999,24215
2000,24220
2001,24220
2002,24220
2003,24220
2004,24261
2005,24289
2006,24307
2007,24319
2008,24328
2009,24337
2010,24342
2011,24342
2012,24342
2013,24342
2014,24383
2015,24411
2016,24429
2017,24441
2018,24450
2019,24459
2020,24463
2021,24463
2022,24463
2023,24463
2024,24505
2025,24532
2026,24551
2027,24563
2028,24572
2029,24581
2030,24583
2031,24583
2032,24583
2033,24583
2034,24625
2035,24652
2036,24670
2037,24682
2038,24691
2039,24700
2040,24704
2041,24704
2042,24704
2043,24704
2044,24745
2045,24773
2046,24791
2047,24802
2048,24811
2049,24820
2050,24824
2051,24824
2052,24824
2053,24824
2054,24866
2055,24894
2056,24912
2057,24924
2058,24933
2059,24942
2060,24945
2061,24945
2062,24945
2063,24945
2064,24987
2065,25015
2066,25033
2067,25045
2068,25054
2069,25063
2070,25066
2071,25066
2072,25066
2073,25066
2074,25108
2075,25136
2076,25154
2077,25165
2078,25174
2079,25183
2080,25187
2081,25187
2082,25187
2083,25187
2084,25228
2085,25256
2086,25274
2087,25286
2088,25295
2089,25304
2090,25307
2091,25307
2092,25307
2093,25307
2094,25349
2095,25377
2096,25394
2097,25406
2098,25415
2099,25424
2100,25428
2101,25428
2102,25428
2103,25428
2104,25470
2105,25498
2106,25516
2107,25528
2108,25537
2109,25546
2110,25548
2111,25548
2112,25548
2113,25548
2114,25590
2115,25618
2116,25636
2117,25647
2118,25656
2119,25665
2120,25668
2121,25668
2122,25668
2123,25668
2124,25710
2125,25738
2126,25756
2127,25768
2128,25777
2129,25786
2130,25789
2131,25789
2132,25789
2133,25789
2134,25831
2135,25859
2136,25877
2137,25889
2138,25898
2139,25907
2140,25910
2141,25910
2142,25910
2143,25910
2144,25952
2145,25980
2146,25998
2147,26010
2148,26019
2149,26028
2150,26031
2151,26031
2152,26031
2153,26031
2154,26073
2155,26101
2156,26119
2157,26131
2158,26140
2159,26149
2160,26151
2161,26151
2162,26151
2163,26151
2164,26193
2165,26221
2166,26239
2167,26251
2168,26260
2169,26269
2170,26271
2171,26271
2172,26271
2173,26271
2174,26313
2175,26341
2176,26359
2177,26370
2178,26379
2179,26388
2180,26392
2181,26392
2182,26392
2183,26392
2184,26434
2185,26462
2186,26480
2187,26492
2188,26501
2189,26510
2190,26513
2191,26513
2192,26513
2193,26513
2194,26556
2195,26584
2196,26602
2197,26613
2198,26622
2199,26631
2200,26634
2201,26634
2202,26634
2203,26634
2204,26677
2205,26705
2206,26723
2207,26734
2208,26743
2209,26752
2210,26752
2211,26752
2212,26752
2213,26752
2214,26794
2215,26822
2216,26839
2217,26850
2218,26859
2219,26868
2220,26872
2221,26872
2222,26872
2223,26872
2224,26914
2225,26942
2226,26960
2227,26972
2228,26981
2229,26990
2230,26991
2231,26991
2232,26991
2233,26991
2234,27033
2235,27061
2236,27078
2237,27089
2238,27098
2239,27107
2240,27110
2241,27110
2242,27110
2243,27110
2244,27153
2245,27181
2246,27199
2247,27210
2248,27219
2249,27228
2250,27229
2251,27229
2252,27229
2253,27229
2254,27271
2255,27299
2256,27317
2257,27328
2258,27337
2259,27346
2260,27348
2261,27348
2262,27348
2263,27348
2264,27390
2265,27418
2266,27436
2267,27447
2268,27456
2269,27465
2270,27468
2271,27468
2272,27468
2273,27468
2274,27510
2275,27538
2276,27556
2277,27567
2278,27576
2279,27585
2280,27587
2281,27587
2282,27587
2283,27587
2284,27629
2285,27657
2286,27675
2287,27686
2288,27695
2289,27704
2290,27708
2291,27708
2292,27708
2293,27708
2294,27750
2295,27778
2296,27796
2297,27807
2298,27816
2299,27825
2300,27828
2301,27828
2302,27828
2303,27828
2304,27869
2305,27897
2306,27915
2307,27926
2308,27935
2309,27944
2310,27948
2311,27948
2312,27948
2313,27948
2314,27990
2315,28018
2316,28036
2317,28047
2318,28056
2319,28065
2320,28067
2321,28067
2322,28067
2323,28067
2324,28109
2325,28137
2326,28155
2327,28166
2328,28175
2329,28184
2330,28187
2331,28187
2332,28187
2333,28187
2334,28229
2335,28257
2336,28275
2337,28287
2338,28296
2339,28305
2340,28307
2341,28307
2342,28307
2343,28307
2344,28349
2345,28377
2346,28394
2347,28405
2348,28414
2349,28423
2350,28426
2351,28426
2352,28426
2353,28426
2354,28468
2355,28496
2356,28514
2357,28525
2358,28534
2359,28543
2360,28546
2361,28546
2362,28546
2363,28546
2364,28588
2365,28616
2366,28634
2367,28646
2368,28655
2369,28664
2370,28666
2371,28666
2372,28666
2373,28666
2374,28708
2375,28736
2376,28753
2377,28764
2378,28773
2379,28782
2380,28785
2381,28785
2382,28785
2383,28785
2384,28827
2385,28855
2386,28873
2387,28884
2388,28893
2389,28902
2390,28904
2391,28904
2392,28904
2393,28904
2394,28946
2395,28974
2396,28992
2397,29003
2398,29012
2399,29021
2400,29023
2401,29023
2402,29023
2403,29023
2404,29065
2405,29093
2406,29111
2407,29122
2408,29131
2409,29140
2410,29142
2411,29142
2412,29142
2413,29142
2414,29185
2415,29213
2416,29231
2417,29242
2418,29251
2419,29260
2420,29260
2421,29260
2422,29260
2423,29260
2424,29302
2425,29330
2426,29348
2427,29359
2428,29368
2429,29377
2430,29378
2431,29378
2432,29378
2433,29378
2434,29421
2435,29449
2436,29467
2437,29478
2438,29487
2439,29496
2440,29497
2441,29497
2442,29497
2443,29497
2444,29540
2445,29568
2446,29585
2447,29596
2448,29605
2449,29614
2450,29615
2451,29615
2452,29615
2453,29615
2454,29658
2455,29686
2456,29704
2457,29715
2458,29724
2459,29733
2460,29735
2461,29735
2462,29735
2463,29735
2464,29778
2465,29806
2466,29824
2467,29835
2468,29844
2469,29853
2470,29854
2471,29854
2472,29854
2473,29854
2474,29897
2475,29925
2476,29943
2477,29955
2478,29964
2479,29973
2480,29974
2481,29974
2482,29974
2483,29974
2484,30017
2485,30045
2486,30064
2487,30075
2488,30085
2489,30094
2490,30094
2491,30094
2492,30094
2493,30094
2494,30138
2495,30166
2496,30184
2497,30195
2498,30205
2499,30214
2500,30214
2501,30214
2502,30214
2503,30214
2504,30257
2505,30286
2506,30304
2507,30316
2508,30326
2509,30333
2510,30333
2511,30333
2512,30333
2513,30333
2514,30377
2515,30405
2516,30423
2517,30434
2518,30444
2519,30453
2520,30453
2521,30453
2522,30453
2523,30453
2524,30497
2525,30526
2526,30544
2527,30555
2528,30565
2529,30572
2530,30572
2531,30572
2532,30572
2533,30572
2534,30615
2535,30644
2536,30662
2537,30673
2538,30683
2539,30691
2540,30691
2541,30691
2542,30691
2543,30691
2544,30735
2545,30763
2546,30781
2547,30791
2548,30801
2549,30810
2550,30810
2551,30810
2552,30810
2553,30810
2554,30854
2555,30883
2556,30901
2557,30912
2558,30922
2559,30931
2560,30931
2561,30931
2562,30931
2563,30931
2564,30975
2565,31004
2566,31022
2567,31033
2568,31043
2569,31051
2570,31051
2571,31051
2572,31051
2573,31051
2574,31095
2575,31123
2576,31141
2577,31152
2578,31162
2579,31171
2580,31171
2581,31171
2582,31171
2583,31171
2584,31215
2585,31243
2586,31261
2587,31273
2588,31283
2589,31291
2590,31291
2591,31291
2592,31291
2593,31291
2594,31335
2595,31364
2596,31381
2597,31392
2598,31402
2599,31412
2600,31412
2601,31412
2602,31412
2603,31412
2604,31456
2605,31485
2606,31503
2607,31514
2608,31524
2609,31533
2610,31533
2611,31533
2612,31533
2613,31533
2614,31578
2615,31606
2616,31624
2617,31636
2618,31646
2619,31653
2620,31653
2621,31653
2622,31653
2623,31653
2624,31698
2625,31726
2626,31743
2627,31754
2628,31764
2629,31773
2630,31773
2631,31773
2632,31773
2633,31773
2634,31818
2635,31847
2636,31864
2637,31875
2638,31885
2639,31893
2640,31893
2641,31893
2642,31893
2643,31893
2644,31938
2645,31967
2646,31984
2647,31995
2648,32005
2649,32013
2650,32013
2651,32013
2652,32013
2653,32013
2654,32058
2655,32087
2656,32105
2657,32116
2658,32126
2659,32133
2660,32133
2661,32133
2662,32133
2663,32133
2664,32178
2665,32207
2666,32225
2667,32236
2668,32246
2669,32253
2670,32253
2671,32253
2672,32253
2673,32253
2674,32298
2675,32327
2676,32344
2677,32355
2678,32365
2679,32373
2680,32373
2681,32373
2682,32373
2683,32373
2684,32418
2685,32447
2686,32465
2687,32476
2688,32486
2689,32493
2690,32493
2691,32493
2692,32493
2693,32493
2694,32537
2695,32566
2696,32584
2697,32595
2698,32605
2699,32612
2700,32612
2701,32612
2702,32612
2703,32612
2704,32657
2705,32686
2706,32703
2707,32713
2708,32723
2709,32731
2710,32731
2711,32731
2712,32731
2713,32731
2714,32775
2715,32804
2716,32822
2717,32833
2718,32843
2719,32850
2720,32850
2721,32850
2722,32850
2723,32850
2724,32895
2725,32923
2726,32941
2727,32952
2728,32962
2729,32970
2730,32970
2731,32970
2732,32970
2733,32970
2734,33015
2735,33044
2736,33061
2737,33072
2738,33082
2739,33090
2740,33090
2741,33090
2742,33090
2743,33090
2744,33135
2745,33163
2746,33181
2747,33191
2748,33201
2749,33210
2750,33210
2751,33210
2752,33210
2753,33210
2754,33255
2755,33284
2756,33302
2757,33313
2758,33323
2759,33330
2760,33330
2761,33330
2762,33330
2763,33330
2764,33375
2765,33404
2766,33422
2767,33432
2768,33442
2769,33450
2770,33450
2771,33450
2772,33450
2773,33450
2774,33495
2775,33524
2776,33542
2777,33552
2778,33562
2779,33570
2780,33570
2781,33570
2782,33570
2783,33570
2784,33615
2785,33644
2786,33662
2787,33673
2788,33683
2789,33689
2790,33689
2791,33689
2792,33689
2793,33689
2794,33734
2795,33763
2796,33780
2797,33791
2798,33801
2799,33809
2800,33809
2801,33809
2802,33809
2803,33809
2804,33855
2805,33884
2806,33901
2807,33912
2808,33922
2809,33928
2810,33928
2811,33928
2812,33928
2813,33928
2814,33973
2815,34002
2816,34019
2817,34030
2818,34040
2819,34048
2820,34048
2821,34048
2822,34048
2823,34048
2824,34093
2825,34122
2826,34140
2827,34152
2828,34162
2829,34168
2830,34168
2831,34168
2832,34168
2833,34168
2834,34214
2835,34243
2836,34260
2837,34271
2838,34281
2839,34289
2840,34289
2841,34289
2842,34289
2843,34289
2844,34335
2845,34364
2846,34382
2847,34393
2848,34403
2849,34409
2850,34409
2851,34409
2852,34409
2853,34409
2854,34455
2855,34484
2856,34501
2857,34511
2858,34521
2859,34528
2860,34528
2861,34528
2862,34528
2863,34528
2864,34574
2865,34603
2866,34621
2867,34632
2868,34642
2869,34648
2870,34648
2871,34648
2872,34648
2873,34648
2874,34694
2875,34723
2876,34741
2877,34752
2878,34762
2879,34768
2880,34768
2881,34768
2882,34768
2883,34768
2884,34814
2885,34843
2886,34861
2887,34872
2888,34882
2889,34888
2890,34888
2891,34888
2892,34888
2893,34888
2894,34934
2895,34963
2896,34981
2897,34992
2898,35002
2899,35008
2900,35008
2901,35008
2902,35008
2903,35008
2904,35054
2905,35082
2906,35100
2907,35111
2908,35121
2909,35127
2910,35127
2911,35127
2912,35127
2913,35127
2914,35173
2915,35202
2916,35220
2917,35231
2918,35241
2919,35246
2920,35246
2921,35246
2922,35246
2923,35246
2924,35292
2925,35321
2926,35338
2927,35349
2928,35359
2929,35366
2930,35366
2931,35366
2932,35366
2933,35366
2934,35412
2935,35441
2936,35459
2937,35471
2938,35481
2939,35487
2940,35487
2941,35487
2942,35487
2943,35487
2944,35533
2945,35562
2946,35579
2947,35590
2948,35600
2949,35605
2950,35605
2951,35605
2952,35605
2953,35605
2954,35652
2955,35681
2956,35698
2957,35708
2958,35718
2959,35724
2960,35724
2961,35724
2962,35724
2963,35724
2964,35770
2965,35799
2966,35816
2967,35827
2968,35837
2969,35843
2970,35843
2971,35843
2972,35843
2973,35843
2974,35890
2975,35919
2976,35936
2977,35946
2978,35956
2979,35962
2980,35962
2981,35962
2982,35962
2983,35962
2984,36009
2985,36038
2986,36056
2987,36067
2988,36077
2989,36080
2990,36080
2991,36080
2992,36080
2993,36080
2994,36127
2995,36156
2996,36173
2997,36184
2998,36194
2999,36198
3000,36198
3001,36198
3002,36198
3003,36198
3004,36245
3005,36274
3006,36290
3007,36301
3008,36311
3009,36317
3010,36317
3011,36317
3012,36317
3013,36317
3014,36364
3015,36393
3016,36410
3017,36421
3018,36431
3019,36436
3020,36436
3021,36436
3022,36436
3023,36436
3024,36483
3025,36512
3026,36528
3027,36539
3028,36549
3029,36555
3030,36555
3031,36555
3032,36555
3033,36555
3034,36602
3035,36631
3036,36649
3037,36660
3038,36670
3039,36674
3040,36674
3041,36674
3042,36674
3043,36674
3044,36721
3045,36750
3046,36767
3047,36778
3048,36788
3049,36794
3050,36794
3051,36794
3052,36794
3053,36794
3054,36841
3055,36870
3056,36887
3057,36898
3058,36908
3059,36913
3060,36913
3061,36913
3062,36913
3063,36913
3064,36960
3065,36989
3066,37007
3067,37018
3068,37029
3069,37032
3070,37032
3071,37032
3072,37032
3073,37032
3074,37079
3075,37108
3076,37124
3077,37135
3078,37146
3079,37151
3080,37151
3081,37151
3082,37151
3083,37151
3084,37198
3085,37227
3086,37245
3087,37256
3088,37266
3089,37270
3090,37270
3091,37270
3092,37270
3093,37270
3094,37318
3095,37347
3096,37364
3097,37375
3098,37386
3099,37391
3100,37391
3101,37391
3102,37391
3103,37391
3104,37438
3105,37467
3106,37485
3107,37497
3108,37508
3109,37510
3110,37510
3111,37510
3112,37510
3113,37510
3114,37557
3115,37587
3116,37603
3117,37614
3118,37624
3119,37629
3120,37629
3121,37629
3122,37629
3123,37629
3124,37676
3125,37705
3126,37723
3127,37734
3128,37745
3129,37748
3130,37748
3131,37748
3132,37748
3133,37748
3134,37795
3135,37824
3136,37841
3137,37852
3138,37862
3139,37867
3140,37867
3141,37867
3142,37867
3143,37867
3144,37914
3145,37943
3146,37960
3147,37971
3148,37981
3149,37987
3150,37987
3151,37987
3152,37987
3153,37987
3154,38034
3155,38063
3156,38081
3157,38093
3158,38103
3159,38107
3160,38107
3161,38107
3162,38107
3163,38107
3164,38154
3165,38184
3166,38200
3167,38211
3168,38221
3169,38227
3170,38227
3171,38227
3172,38227
3173,38227
3174,38274
3175,38303
3176,38321
3177,38332
3178,38343
3179,38346
3180,38346
3181,38346
3182,38346
3183,38346
3184,38394
3185,38422
3186,38438
3187,38449
3188,38460
3189,38465
3190,38465
3191,38465
3192,38465
3193,38465
3194,38513
3195,38542
3196,38560
3197,38571
3198,38582
3199,38583
3200,38583
3201,38583
3202,38583
3203,38583
3204,38631
3205,38660
3206,38677
3207,38688
3208,38699
3209,38702
3210,38702
3211,38702
3212,38702
3213,38702
3214,38750
3215,38779
3216,38796
3217,38807
3218,38818
3219,38820
3220,38820
3221,38820
3222,38820
3223,38820
3224,38868
3225,38897
3226,38914
3227,38925
3228,38936
3229,38939
3230,38939
3231,38939
3232,38939
3233,38939
3234,38987
3235,39016
3236,39034
3237,39045
3238,39056
3239,39057
3240,39057
3241,39057
3242,39057
3243,39057
3244,39105
3245,39133
3246,39148
3247,39159
3248,39170
3249,39174
3250,39174
3251,39174
3252,39174
3253,39174
3254,39222
3255,39251
3256,39268
3257,39279
3258,39290
3259,39292
3260,39292
3261,39292
3262,39292
3263,39292
3264,39340
3265,39369
3266,39385
3267,39396
3268,39407
3269,39411
3270,39411
3271,39411
3272,39411
3273,39411
3274,39459
3275,39488
3276,39506
3277,39517
3278,39528
3279,39528
3280,39528
3281,39528
3282,39528
3283,39528
3284,39576
3285,39605
3286,39621
3287,39632
3288,39643
3289,39646
3290,39646
3291,39646
3292,39646
3293,39646
3294,39694
3295,39723
3296,39740
3297,39751
3298,39762
3299,39765
3300,39765
3301,39765
3302,39765
3303,39765
3304,39813
3305,39843
3306,39859
3307,39870
3308,39881
3309,39884
3310,39884
3311,39884
3312,39884
3313,39884
3314,39932
3315,39962
3316,39979
3317,39990
3318,40001
3319,40003
3320,40003
3321,40003
3322,40003
3323,40003
3324,40051
3325,40081
3326,40098
3327,40109
3328,40120
3329,40122
3330,40122
3331,40122
3332,40122
3333,40122
3334,40170
3335,40200
3336,40217
3337,40228
3338,40239
3339,40241
3340,40241
3341,40241
3342,40241
3343,40241
3344,40289
3345,40319
3346,40336
3347,40347
3348,40358
3349,40361
3350,40361
3351,40361
3352,40361
3353,40361
3354,40410
3355,40440
3356,40457
3357,40469
3358,40480
3359,40482
3360,40482
3361,40482
3362,40482
3363,40482
3364,40531
3365,40561
3366,40578
3367,40589
3368,40600
3369,40602
3370,40602
3371,40602
3372,40602
3373,40602
3374,40651
3375,40681
3376,40699
3377,40710
3378,40721
3379,40722
3380,40722
3381,40722
3382,40722
3383,40722
3384,40771
3385,40801
3386,40819
3387,40830
3388,40841
3389,40841
3390,40841
3391,40841
3392,40841
3393,40841
3394,40890
3395,40919
3396,40936
3397,40947
3398,40958
3399,40961
3400,40961
3401,40961
3402,40961
3403,40961
3404,41010
3405,41040
3406,41057
3407,41068
3408,41079
3409,41081
3410,41081
3411,41081
3412,41081
3413,41081
3414,41130
3415,41160
3416,41177
3417,41188
3418,41199
3419,41200
3420,41200
3421,41200
3422,41200
3423,41200
3424,41249
3425,41279
3426,41296
3427,41307
3428,41318
3429,41319
3430,41319
3431,41319
3432,41319
3433,41319
3434,41368
3435,41397
3436,41414
3437,41425
3438,41436
3439,41437
3440,41437
3441,41437
3442,41437
3443,41437
3444,41486
3445,41516
3446,41533
3447,41544
3448,41555
3449,41557
3450,41557
3451,41557
3452,41557
3453,41557
3454,41605
3455,41634
3456,41652
3457,41663
3458,41673
3459,41676
3460,41676
3461,41676
3462,41676
3463,41676
3464,41723
3465,41752
3466,41768
3467,41779
3468,41789
3469,41796
3470,41796
3471,41796
3472,41796
3473,41796
3474,41842
3475,41871
3476,41889
3477,41901
3478,41911
3479,41916
3480,41916
3481,41916
3482,41916
3483,41916
3484,41962
3485,41991
3486,42008
3487,42019
3488,42029
3489,42036
3490,42036
3491,42036
3492,42036
3493,42036
3494,42081
3495,42110
3496,42128
3497,42139
3498,42149
3499,42156
3500,42156
3501,42156
3502,42156
3503,42156
3504,42200
3505,42228
3506,42246
3507,42257
3508,42267
3509,42275
3510,42275
3511,42275
3512,42275
3513,42275
3514,42319
3515,42347
3516,42365
3517,42376
3518,42385
3519,42394
3520,42394
3521,42394
3522,42394
3523,42394
3524,42438
3525,42466
3526,42483
3527,42493
3528,42502
3529,42511
3530,42513
3531,42513
3532,42513
3533,42513
3534,42556
3535,42584
3536,42601
3537,42612
3538,42621
3539,42630
3540,42631
3541,42631
3542,42631
3543,42631
3544,42673
3545,42701
3546,42719
3547,42730
3548,42739
3549,42748
3550,42750
3551,42750
3552,42750
3553,42750
3554,42792
3555,42820
3556,42838
3557,42849
3558,42858
3559,42867
3560,42869
3561,42869
3562,42869
3563,42869
3564,42911
3565,42938
3566,42956
3567,42967
3568,42976
3569,42985
3570,42988
3571,42988
3572,42988
3573,42988
3574,43029
3575,43056
3576,43074
3577,43085
3578,43094
3579,43102
3580,43107
3581,43107
3582,43107
3583,43107
3584,43147
3585,43174
3586,43192
3587,43203
3588,43211
3589,43219
3590,43226
3591,43226
3592,43226
3593,43226
3594,43264
3595,43291
3596,43309
3597,43320
3598,43328
3599,43336
3600,43344
3601,43345
3602,43345
3603,43345
3604,43383
3605,43409
3606,43427
3607,43439
3608,43447
3609,43455
3610,43463
3611,43464
3612,43464
3613,43464
3614,43501
3615,43527
3616,43545
3617,43556
3618,43564
3619,43572
3620,43580
3621,43583
3622,43583
3623,43583
3624,43619
3625,43645
3626,43663
3627,43675
3628,43684
3629,43692
3630,43700
3631,43703
3632,43703
3633,43703
3634,43739
3635,43765
3636,43783
3637,43795
3638,43803
3639,43811
3640,43819
3641,43823
3642,43823
3643,43823
3644,43859
3645,43885
3646,43903
3647,43915
3648,43923
3649,43930
3650,43937
3651,43943
3652,43943
3653,43943
3654,43978
3655,44004
3656,44022
3657,44035
3658,44043
3659,44050
3660,44057
3661,44063
3662,44063
3663,44063
3664,44098
3665,44123
3666,44141
3667,44152
3668,44161
3669,44168
3670,44175
3671,44182
3672,44183
3673,44183
3674,44217
3675,44242
3676,44260
3677,44272
3678,44280
3679,44287
3680,44294
3681,44301
3682,44303
3683,44303
3684,44337
3685,44361
3686,44379
3687,44391
3688,44399
3689,44406
3690,44413
3691,44420
3692,44423
3693,44423
3694,44455
3695,44479
3696,44497
3697,44509
3698,44518
3699,44525
3700,44531
3701,44537
3702,44542
3703,44542
3704,44573
3705,44596
3706,44613
3707,44624
3708,44633
3709,44640
3710,44646
3711,44652
3712,44658
3713,44661
3714,44691
3715,44714
3716,44731
3717,44744
3718,44753
3719,44760
3720,44766
3721,44772
3722,44778
3723,44781
3724,44811
3725,44834
3726,44851
3727,44862
3728,44871
3729,44878
3730,44884
3731,44890
3732,44896
3733,44900
3734,44930
3735,44953
3736,44970
3737,44982
3738,44990
3739,44997
3740,45003
3741,45009
3742,45015
3743,45019
3744,45048
3745,45071
3746,45088
3747,45099
3748,45108
3749,45115
3750,45121
3751,45127
3752,45133
3753,45137
3754,45166
3755,45189
3756,45206
3757,45219
3758,45228
3759,45235
3760,45241
3761,45247
3762,45253
3763,45256
3764,45286
3765,45309
3766,45326
3767,45338
3768,45346
3769,45353
3770,45359
3771,45365
3772,45371
3773,45375
3774,45404
3775,45427
3776,45444
3777,45457
3778,45466
3779,45473
3780,45479
3781,45485
3782,45491
3783,45494
3784,45523
3785,45545
3786,45562
3787,45575
3788,45585
3789,45592
3790,45598
3791,45604
3792,45610
3793,45613
3794,45642
3795,45664
3796,45681
3797,45694
3798,45703
3799,45710
3800,45716
3801,45722
3802,45728
3803,45731
3804,45760
3805,45783
3806,45800
3807,45813
3808,45822
3809,45829
3810,45835
3811,45841
3812,45847
3813,45850
3814,45879
3815,45902
3816,45919
3817,45930
3818,45940
3819,45948
3820,45954
3821,45960
3822,45966
3823,45969
3824,45998
3825,46021
3826,46038
3827,46050
3828,46059
3829,46066
3830,46072
3831,46078
3832,46084
3833,46087
3834,46116
3835,46138
3836,46155
3837,46167
3838,46176
3839,46183
3840,46189
3841,46195
3842,46201
3843,46205
3844,46234
3845,46256
3846,46273
3847,46285
3848,46294
3849,46301
3850,46307
3851,46313
3852,46319
3853,46323
3854,46352
3855,46374
3856,46391
3857,46403
3858,46412
3859,46419
3860,46425
3861,46431
3862,46437
3863,46442
3864,46471
3865,46493
3866,46510
3867,46522
3868,46531
3869,46538
3870,46544
3871,46550
3872,46556
3873,46560
3874,46589
3875,46611
3876,46628
3877,46640
3878,46648
3879,46655
3880,46661
3881,46667
3882,46673
3883,46678
3884,46707
3885,46730
3886,46747
3887,46760
3888,46769
3889,46776
3890,46782
3891,46788
3892,46794
3893,46797
3894,46826
3895,46848
3896,46866
3897,46878
3898,46887
3899,46894
3900,46900
3901,46906
3902,46912
3903,46914
3904,46943
3905,46966
3906,46983
3907,46995
3908,47004
3909,47011
3910,47017
3911,47023
3912,47029
3913,47032
3914,47062
3915,47085
3916,47101
3917,47112
3918,47122
3919,47129
3920,47135
3921,47141
3922,47147
3923,47150
3924,47180
3925,47203
3926,47220
3927,47233
3928,47242
3929,47249
3930,47255
3931,47261
3932,47267
3933,47269
3934,47299
3935,47322
3936,47339
3937,47351
3938,47360
3939,47367
3940,47373
3941,47379
3942,47385
3943,47388
3944,47418
3945,47441
3946,47458
3947,47470
3948,47479
3949,47486
3950,47492
3951,47498
3952,47504
3953,47507
3954,47536
3955,47559
3956,47576
3957,47588
3958,47597
3959,47605
3960,47611
3961,47617
3962,47623
3963,47626
3964,47656
3965,47679
3966,47696
3967,47708
3968,47717
3969,47724
3970,47730
3971,47736
3972,47742
3973,47746
3974,47775
3975,47798
3976,47815
3977,47828
3978,47837
3979,47844
3980,47850
3981,47856
3982,47862
3983,47866
3984,47895
3985,47918
3986,47935
3987,47948
3988,47957
3989,47964
3990,47970
3991,47976
3992,47982
3993,47984
3994,48013
3995,48036
3996,48053
3997,48066
3998,48076
3999,48083
4000,48089
4001,48095
4002,48101
4003,48104
4004,48133
4005,48156
4006,48173
4007,48185
4008,48194
4009,48201
4010,48207
4011,48213
4012,48219
4013,48222
4014,48251
4015,48274
4016,48291
4017,48304
4018,48313
4019,48320
4020,48326
4021,48332
4022,48338
4023,48341
4024,48370
4025,48393
4026,48410
4027,48423
4028,48432
4029,48439
4030,48445
4031,48451
4032,48457
4033,48460
4034,48489
4035,48512
4036,48529
4037,48540
4038,48549
4039,48557
4040,48563
4041,48569
4042,48575
4043,48578
4044,48607
4045,48630
4046,48647
4047,48660
4048,48668
4049,48675
4050,48681
4051,48687
4052,48693
4053,48697
4054,48726
4055,48749
4056,48766
4057,48779
4058,48788
4059,48795
4060,48801
4061,48807
4062,48813
4063,48816
4064,48845
4065,48868
4066,48885
4067,48897
4068,48905
4069,48913
4070,48919
4071,48925
4072,48931
4073,48934
4074,48963
4075,48986
4076,49003
4077,49015
4078,49024
4079,49030
4080,49036
4081,49042
4082,49048
4083,49051
4084,49080
4085,49102
4086,49119
4087,49131
4088,49140
4089,49147
4090,49153
4091,49159
4092,49165
4093,49168
4094,49197
4095,49220
4096,49236
4097,49248
4098,49257
4099,49265
4100,49271
4101,49277
4102,49283
4103,49287
4104,49316
4105,49338
4106,49355
4107,49367
4108,49376
4109,49384
4110,49390
4111,49396
4112,49402
4113,49404
4114,49433
4115,49455
4116,49472
4117,49484
4118,49493
4119,49500
4120,49506
4121,49512
4122,49518
4123,49522
4124,49551
4125,49573
4126,49590
4127,49603
4128,49612
4129,49619
4130,49625
4131,49631
4132,49637
4133,49640
4134,49669
4135,49691
4136,49708
4137,49720
4138,49729
4139,49737
4140,49743
4141,49749
4142,49755
4143,49758
4144,49787
4145,49809
4146,49826
4147,49839
4148,49848
4149,49854
4150,49860
4151,49866
4152,49872
4153,49875
4154,49904
4155,49926
4156,49943
4157,49954
4158,49963
4159,49970
4160,49976
4161,49982
4162,49988
4163,49991
4164,50020
4165,50043
4166,50060
4167,50072
4168,50080
4169,50088
4170,50094
4171,50100
4172,50106
4173,50108
4174,50138
4175,50161
4176,50178
4177,50189
4178,50198
4179,50205
4180,50211
4181,50217
4182,50223
4183,50226
4184,50255
4185,50278
4186,50295
4187,50307
4188,50316
4189,50323
4190,50329
4191,50335
4192,50341
4193,50344
4194,50373
4195,50396
4196,50413
4197,50424
4198,50433
4199,50440
4200,50446
4201,50452
4202,50458
4203,50461
4204,50490
4205,50513
4206,50530
4207,50542
4208,50551
4209,50558
4210,50564
4211,50570
4212,50576
4213,50578
4214,50607
4215,50629
4216,50646
4217,50658
4218,50667
4219,50674
4220,50680
4221,50686
4222,50692
4223,50696
4224,50725
4225,50748
4226,50765
4227,50777
4228,50785
4229,50792
4230,50798
4231,50804
4232,50810
4233,50813
4234,50842
4235,50865
4236,50882
4237,50894
4238,50902
4239,50909
4240,50915
4241,50921
4242,50927
4243,50930
4244,50959
4245,50982
4246,50999
4247,51011
4248,51020
4249,51027
4250,51033
4251,51039
4252,51045
4253,51047
4254,51076
4255,51099
4256,51116
4257,51128
4258,51137
4259,51144
4260,51150
4261,51156
4262,51162
4263,51164
4264,51193
4265,51216
4266,51233
4267,51246
4268,51255
4269,51262
4270,51268
4271,51274
4272,51280
4273,51283
4274,51312
4275,51334
4276,51350
4277,51362
4278,51370
4279,51377
4280,51383
4281,51389
4282,51395
4283,51400
4284,51428
4285,51450
4286,51467
4287,51480
4288,51489
4289,51496
4290,51502
4291,51508
4292,51514
4293,51518
4294,51546
4295,51568
4296,51585
4297,51597
4298,51606
4299,51613
4300,51619
4301,51625
4302,51631
4303,51634
4304,51662
4305,51684
4306,51701
4307,51714
4308,51723
4309,51729
4310,51735
4311,51741
4312,51747
4313,51752
4314,51780
4315,51802
4316,51819
4317,51831
4318,51840
4319,51848
4320,51854
4321,51860
4322,51866
4323,51871
4324,51897
4325,51918
4326,51934
4327,51945
4328,51954
4329,51961
4330,51967
4331,51972
4332,51977
4333,51982
4334,52008
4335,52029
4336,52045
4337,52056
4338,52066
4339,52074
4340,52081
4341,52086
4342,52091
4343,52096
4344,52122
4345,52143
4346,52159
4347,52171
4348,52180
4349,52189
4350,52195
4351,52201
4352,52206
4353,52211
4354,52236
4355,52256
4356,52271
4357,52283
4358,52293
4359,52301
4360,52308
4361,52314
4362,52319
4363,52324
4364,52349
4365,52369
4366,52385
4367,52397
4368,52407
4369,52416
4370,52423
4371,52429
4372,52434
4373,52438
4374,52462
4375,52482
4376,52497
4377,52509
4378,52520
4379,52528
4380,52536
4381,52542
4382,52547
4383,52551
4384,52574
4385,52594
4386,52609
4387,52621
4388,52633
4389,52641
4390,52649
4391,52655
4392,52660
4393,52664
4394,52687
4395,52706
4396,52722
4397,52733
4398,52743
4399,52753
4400,52760
4401,52767
4402,52773
4403,52777
4404,52799
4405,52817
4406,52831
4407,52843
4408,52854
4409,52863
4410,52871
4411,52877
4412,52883
4413,52888
4414,52909
4415,52927
4416,52940
4417,52951
4418,52962
4419,52972
4420,52980
4421,52986
4422,52992
4423,52998
4424,53018
4425,53036
4426,53049
4427,53061
4428,53072
4429,53081
4430,53089
4431,53095
4432,53102
4433,53107
4434,53127
4435,53144
4436,53157
4437,53170
4438,53181
4439,53191
4440,53199
4441,53206
4442,53213
4443,53218
4444,53238
4445,53254
4446,53268
4447,53280
4448,53291
4449,53301
4450,53310
4451,53317
4452,53324
4453,53330
4454,53350
4455,53367
4456,53380
4457,53392
4458,53403
4459,53413
4460,53422
4461,53429
4462,53435
4463,53441
4464,53460
4465,53477
4466,53490
4467,53502
4468,53513
4469,53523
4470,53532
4471,53539
4472,53546
4473,53552
4474,53571
4475,53588
4476,53601
4477,53613
4478,53624
4479,53634
4480,53643
4481,53651
4482,53657
4483,53663
4484,53681
4485,53697
4486,53709
4487,53721
4488,53732
4489,53742
4490,53751
4491,53759
4492,53766
4493,53773
4494,53792
4495,53808
4496,53821
4497,53834
4498,53845
4499,53855
4500,53864
4501,53872
4502,53879
4503,53886
4504,53904
4505,53919
4506,53932
4507,53946
4508,53957
4509,53967
4510,53976
4511,53984
4512,53992
4513,53998
4514,54016
4515,54031
4516,54045
4517,54057
4518,54068
4519,54077
4520,54086
4521,54094
4522,54101
4523,54107
4524,54124
4525,54139
4526,54152
4527,54165
4528,54176
4529,54187
4530,54196
4531,54204
4532,54212
4533,54219
4534,54236
4535,54251
4536,54266
4537,54278
4538,54290
4539,54301
4540,54311
4541,54319
4542,54327
4543,54334
4544,54352
4545,54366
4546,54380
4547,54393
4548,54405
4549,54416
4550,54426
4551,54434
4552,54442
4553,54449
4554,54467
4555,54482
4556,54496
4557,54509
4558,54520
4559,54531
4560,54541
4561,54550
4562,54558
4563,54565
4564,54583
4565,54599
4566,54613
4567,54626
4568,54638
4569,54648
4570,54658
4571,54667
4572,54675
4573,54682
4574,54700
4575,54716
4576,54730
4577,54743
4578,54755
4579,54766
4580,54776
4581,54785
4582,54793
4583,54800
4584,54818
4585,54834
4586,54848
4587,54861
4588,54873
4589,54884
4590,54894
4591,54903
4592,54911
4593,54919
4594,54937
4595,54953
4596,54967
4597,54980
4598,54992
4599,55003
4600,55013
4601,55022
4602,55030
4603,55037
4604,55055
4605,55071
4606,55085
4607,55098
4608,55110
4609,55121
4610,55131
4611,55140
4612,55148
4613,55156
4614,55173
4615,55189
4616,55203
4617,55216
4618,55228
4619,55239
4620,55249
4621,55259
4622,55267
4623,55275
4624,55292
4625,55309
4626,55323
4627,55336
4628,55348
4629,55359
4630,55369
4631,55379
4632,55387
4633,55395
4634,55412
4635,55428
4636,55442
4637,55455
4638,55467
4639,55478
4640,55488
4641,55498
4642,55506
4643,55514
4644,55531
4645,55548
4646,55562
4647,55576
4648,55589
4649,55600
4650,55611
4651,55620
4652,55629
4653,55637
4654,55654
4655,55669
4656,55683
4657,55697
4658,55709
4659,55720
4660,55730
4661,55740
4662,55749
4663,55757
4664,55774
4665,55790
4666,55804
4667,55817
4668,55829
4669,55840
4670,55851
4671,55861
4672,55870
4673,55878
4674,55896
4675,55912
4676,55927
4677,55940
4678,55952
4679,55963
4680,55973
4681,55983
4682,55992
4683,56000
4684,56018
4685,56034
4686,56048
4687,56061
4688,56073
4689,56085
4690,56096
4691,56105
4692,56113
4693,56121
4694,56138
4695,56155
4696,56169
4697,56183
4698,56195
4699,56206
4700,56216
4701,56225
4702,56234
4703,56242
4704,56259
4705,56275
4706,56289
4707,56303
4708,56315
4709,56327
4710,56337
4711,56346
4712,56355
4713,56363
4714,56380
4715,56396
4716,56410
4717,56424
4718,56436
4719,56448
4720,56458
4721,56468
4722,56477
4723,56485
4724,56503
4725,56519
4726,56533
4727,56547
4728,56559
4729,56570
4730,56580
4731,56590
4732,56599
4733,56607
4734,56624
4735,56640
4736,56654
4737,56668
4738,56680
4739,56692
4740,56703
4741,56713
4742,56722
4743,56730
4744,56738
4745,56745
4746,56752
4747,56758
4748,56764
4749,56769
4750,56773
4751,56777
4752,56781
4753,56785
4754,56788
4755,56791
4756,56794
4757,56796
4758,56798
4759,56800
4760,56802
4761,56804
4762,56806
4763,56808
4764,56810
4765,56812
4766,56814
4767,56816
4768,56818
4769,56818
4770,56818
4771,56818
4772,56818
4773,56818
4774,56828
4775,56837
4776,56846
4777,56854
4778,56862
4779,56869
4780,56875
4781,56881
4782,56886
4783,56891
4784,56906
4785,56920
4786,56932
4787,56943
4788,56953
4789,56962
4790,56970
4791,56978
4792,56985
4793,56992
4794,57008
4795,57023
4796,57037
4797,57049
4798,57061
4799,57072
4800,57081
4801,57090
4802,57099
4803,57107
4804,57123
4805,57138
4806,57152
4807,57165
4808,57177
4809,57188
4810,57198
4811,57207
4812,57216
4813,57224
4814,57242
4815,57258
4816,57272
4817,57285
4818,57298
4819,57310
4820,57320
4821,57330
4822,57339
4823,57347
4824,57364
4825,57380
4826,57394
4827,57408
4828,57421
4829,57433
4830,57444
4831,57453
4832,57462
4833,57470
4834,57487
4835,57503
4836,57517
4837,57530
4838,57542
4839,57554
4840,57564
4841,57574
4842,57583
4843,57591
4844,57608
4845,57624
4846,57639
4847,57652
4848,57665
4849,57676
4850,57687
4851,57697
4852,57706
4853,57714
4854,57731
4855,57746
4856,57760
4857,57774
4858,57787
4859,57799
4860,57810
4861,57820
4862,57829
4863,57838
4864,57855
4865,57870
4866,57884
4867,57897
4868,57909
4869,57920
4870,57931
4871,57941
4872,57950
4873,57958
4874,57975
4875,57991
4876,58005
4877,58018
4878,58030
4879,58041
4880,58052
4881,58061
4882,58070
4883,58078
4884,58094
4885,58109
4886,58123
4887,58136
4888,58148
4889,58159
4890,58169
4891,58179
4892,58188
4893,58196
4894,58212
4895,58227
4896,58241
4897,58254
4898,58267
4899,58278
4900,58288
4901,58298
4902,58307
4903,58316
4904,58333
4905,58348
4906,58362
4907,58376
4908,58388
4909,58399
4910,58410
4911,58420
4912,58430
4913,58439
4914,58456
4915,58472
4916,58486
4917,58499
4918,58511
4919,58523
4920,58534
4921,58544
4922,58554
4923,58563
4924,58580
4925,58596
4926,58611
4927,58625
4928,58637
4929,58649
4930,58660
4931,58670
4932,58679
4933,58688
4934,58706
4935,58722
4936,58736
4937,58750
4938,58762
4939,58773
4940,58784
4941,58794
4942,58804
4943,58813
4944,58831
4945,58846
4946,58861
4947,58874
4948,58886
4949,58897
4950,58908
4951,58919
4952,58928
4953,58937
4954,58953
4955,58969
4956,58983
4957,58997
4958,59010
4959,59022
4960,59033
4961,59043
4962,59052
4963,59061
4964,59078
4965,59094
4966,59109
4967,59123
4968,59135
4969,59147
4970,59158
4971,59169
4972,59178
4973,59187
4974,59204
4975,59219
4976,59233
4977,59246
4978,59259
4979,59270
4980,59281
4981,59291
4982,59300
4983,59309
4984,59325
4985,59341
4986,59355
4987,59369
4988,59381
4989,59392
4990,59403
4991,59413
4992,59422
4993,59430
4994,59447
4995,59462
4996,59476
4997,59489
4998,59501
4999,59512
5000,59523
5001,59533
5002,59542
5003,59550
5004,59566
5005,59581
5006,59595
5007,59608
5008,59620
5009,59631
5010,59642
5011,59652
5012,59661
5013,59669
5014,59685
5015,59700
5016,59714
5017,59727
5018,59739
5019,59750
5020,59761
5021,59771
5022,59780
5023,59789
5024,59806
5025,59821
5026,59835
5027,59848
5028,59861
5029,59873
5030,59884
5031,59894
5032,59903
5033,59912
5034,59928
5035,59943
5036,59958
5037,59971
5038,59984
5039,59995
5040,60005
5041,60015
5042,60025
5043,60034
5044,60051
5045,60066
5046,60080
5047,60093
5048,60105
5049,60116
5050,60127
5051,60137
5052,60146
5053,60155
5054,60171
5055,60187
5056,60201
5057,60214
5058,60226
5059,60237
5060,60248
5061,60258
5062,60267
5063,60276
5064,60292
5065,60306
5066,60320
5067,60332
5068,60344
5069,60355
5070,60365
5071,60374
5072,60383
5073,60391
5074,60406
5075,60419
5076,60432
5077,60444
5078,60455
5079,60465
5080,60475
5081,60485
5082,60493
5083,60501
5084,60515
5085,60528
5086,60541
5087,60552
5088,60563
5089,60573
5090,60583
5091,60593
5092,60602
5093,60610
5094,60623
5095,60636
5096,60648
5097,60659
5098,60670
5099,60680
5100,60689
5101,60699
5102,60708
5103,60717
5104,60732
5105,60745
5106,60758
5107,60769
5108,60780
5109,60789
5110,60799
5111,60808
5112,60817
5113,60825
5114,60837
5115,60847
5116,60857
5117,60865
5118,60873
5119,60881
5120,60889
5121,60897
5122,60904
5123,60911
5124,60921
5125,60930
5126,60937
5127,60945
5128,60951
5129,60957
5130,60963
5131,60969
5132,60974
5133,60978
5134,60985
5135,60991
5136,60995
5137,60999
5138,61001
5139,61003
5140,61003
5141,61003
5142,61003
5143,61003
5144,61003
5145,61003
5146,61003
5147,61003
5148,61003
5149,61003
5150,61003
5151,61003
5152,61003
5153,61003
5154,61003
5155,61003
5156,61003
5157,61003
5158,61003
5159,61003
5160,61003
5161,61003
5162,61003
5163,61003
5164,61003
5165,61003
5166,61003
5167,61003
5168,61003
5169,61003
5170,61003
5171,61003
5172,61003
5173,61003
5174,61003
5175,61003
5176,61003
5177,61003
5178,61003
5179,61003
5180,61003
5181,61003
5182,61003
5183,61003
5184,61003
5185,61003
5186,61003
5187,61003
5188,61003
5189,61003
5190,61003
5191,61003
5192,61003
5193,61003
5194,61003
5195,61003
5196,61003
5197,61003
5198,61003
5199,61003
5200,61003
5201,61003
5202,61003
5203,61003
5204,61003
5205,61003
5206,61003
5207,61003
5208,61003
5209,61003
5210,61003
5211,61003
5212,61003
5213,61003
5214,61003
5215,61003
5216,61003
5217,61003
5218,61003
5219,61003
5220,61003
5221,61003
5222,61003
5223,61003
5224,61003
5225,61003
5226,61003
5227,61003
5228,61003
5229,61003
5230,61003
5231,61003
5232,61003
5233,61003
5234,61003
5235,61003
5236,61003
5237,61003
5238,61003
5239,61003
5240,61003
5241,61003
5242,61003
5243,61003
5244,61003
5245,61003
5246,61003
5247,61003
5248,61003
5249,61003
5250,61003
5251,61003
5252,61003
5253,61003
5254,61003
5255,61003
5256,61003
5257,61003
5258,61003
5259,61003
5260,61003
5261,61003
5262,61003
5263,61003
5264,61003
5265,61003
5266,61003
5267,61003
5268,61003
5269,61003
5270,61003
5271,61003
5272,61003
5273,61003
5274,61003
5275,61003
5276,61003
5277,61003
5278,61003
5279,61003
5280,61003
5281,61003
5282,61003
5283,61003
5284,61003
5285,61003
5286,61003
5287,61003
5288,61003
5289,61003
5290,61003
5291,61003
5292,61003
5293,61003
5294,61003
5295,61003
5296,61003
5297,61003
5298,61003
5299,61003
5300,61003
5301,61003
5302,61003
5303,61003
5304,61003
5305,61003
5306,61003
5307,61003
5308,61003
5309,61003
5310,61003
5311,61003
5312,61003
5313,61003
5314,61003
5315,61003
5316,61003
5317,61003
5318,61003
5319,61003
5320,61003
5321,61003
5322,61003
5323,61003
5324,61003
5325,61003
5326,61003
5327,61003
5328,61003
5329,61003
5330,61003
5331,61003
5332,61003
5333,61003
5334,61003
5335,61003
5336,61003
5337,61003
5338,61003
5339,61003
5340,61003
5341,61003
5342,61003
5343,61003
5344,61003
5345,61003
5346,61003
5347,61003
5348,61003
5349,61003
5350,61003
5351,61003
5352,61003
5353,61003
5354,61003
5355,61003
5356,61003
5357,61003
5358,61003
5359,61003
5360,61003
5361,61003
5362,61003
5363,61003
5364,61003
5365,61003
5366,61003
5367,61003
5368,61003
5369,61003
5370,61003
5371,61003
5372,61003
5373,61003
5374,61003
5375,61003
5376,61003
5377,61003
5378,61003
5379,61003
5380,61003
5381,61003
5382,61003
5383,61003
5384,61003
5385,61003
5386,61003
5387,61003
5388,61003
5389,61003
5390,61003
5391,61003
5392,61003
5393,61003
5394,61003
5395,61003
5396,61003
5397,61003
5398,61003
5399,61003
5400,61003
5401,61003
5402,61003
5403,61003
5404,61003
5405,61003
5406,61003
5407,61003
5408,61003
5409,61003
5410,61003
5411,61003
5412,61003
5413,61003
5414,61003
5415,61003
5416,61003
5417,61003
5418,61003
5419,61003
5420,61003
5421,61003
5422,61003
5423,61003
5424,61003
5425,61003
5426,61003
5427,61003
5428,61003
5429,61003
5430,61003
5431,61003
5432,61003
5433,61003
5434,61003
5435,61003
5436,61003
5437,61003
5438,61003
5439,61003
5440,61003
5441,61003
5442,61003
5443,61003
5444,61003
5445,61003
5446,61003
5447,61003
5448,61003
5449,61003
5450,61003
5451,61003
5452,61003
5453,61003
5454,61003
5455,61003
5456,61003
5457,61003
5458,61003
5459,61003
5460,61003
5461,61003
5462,61003
5463,61003
5464,61003
5465,61003
5466,61003
5467,61003
5468,61003
5469,61003
5470,61003
5471,61003
5472,61003
5473,61003
5474,61003
5475,61003
5476,61003
5477,61003
5478,61003
5479,61003
5480,61003
5481,61003
5482,61003
5483,61003
5484,61003
5485,61003
5486,61003
5487,61003
5488,61003
5489,61003
5490,61003
5491,61003
5492,61003
5493,61003
5494,61003
5495,61003
5496,61003
5497,61003
5498,61003
5499,61003
5500,61003
5501,61003
5502,61003
5503,61003
5504,61003
5505,61003
5506,61003
5507,61003
5508,61003
5509,61003
5510,61003
5511,61003
5512,61003
5513,61003
5514,61003
5515,61003
5516,61003
5517,61003
5518,61003
5519,61003
5520,61003
5521,61003
5522,61003
5523,61003
5524,61003
5525,61003
5526,61003
5527,61003
5528,61003
5529,61003
5530,61003
5531,61003
5532,61003
5533,61003
5534,61003
5535,61003
5536,61003
5537,61003
5538,61003
5539,61003
5540,61003
5541,61003
5542,61003
5543,61003
5544,61003
5545,61003
5546,61003
5547,61003
5548,61003
5549,61003
5550,61003
5551,61003
5552,61003
5553,61003
5554,61003
5555,61003
5556,61003
5557,61003
5558,61003
5559,61003
5560,61003
5561,61003
5562,61003
5563,61003
5564,61003
5565,61003
5566,61003
5567,61003
5568,61003
5569,61003
5570,61003
5571,61003
5572,61003
5573,61003
5574,61003
5575,61003
5576,61003
5577,61003
5578,61003
5579,61003
5580,61003
5581,61003
5582,61003
5583,61003
5584,61003
5585,61003
5586,61003
5587,61003
5588,61003
5589,61003
5590,61003
5591,61003
5592,61003
5593,61003
5594,61003
5595,61003
5596,61003
5597,61003
5598,61003
5599,61003
5600,61003
5601,61003
5602,61003
5603,61003
5604,61003
5605,61003
5606,61003
5607,61003
5608,61003
5609,61003
5610,61003
5611,61003
5612,61003
5613,61003
5614,61003
5615,61003
5616,61003
5617,61003
5618,61003
5619,61003
5620,61003
5621,61003
5622,61003
5623,61003
5624,61003
5625,61003
5626,61003
5627,61003
5628,61003
5629,61003
5630,61003
5631,61003
5632,61003
5633,61003
5634,61003
5635,61003
5636,61003
5637,61003
5638,61003
5639,61003
5640,61003
5641,61003
5642,61003
5643,61003
5644,61003
5645,61003
5646,61003
5647,61003
5648,61003
5649,61003
5650,61003
5651,61003
5652,61003
5653,61003
5654,61003
5655,61003
5656,61003
5657,61003
5658,61003
5659,61003
5660,61003
5661,61003
5662,61003
5663,61003
5664,61003
5665,61003
5666,61003
5667,61003
5668,61003
5669,61003
5670,61003
5671,61003
5672,61003
5673,61003
5674,61003
5675,61003
5676,61003
5677,61003
5678,61003
5679,61003
5680,61003
5681,61003
5682,61003
5683,61003
5684,61003
5685,61003
5686,61003
5687,61003
5688,61003
5689,61003
5690,61003
5691,61003
5692,61003
5693,61003
5694,61003
5695,61003
5696,61003
5697,61003
5698,61003
5699,61003
5700,61003
5701,61003
5702,61003
5703,61003
5704,61003
5705,61003
5706,61003
5707,61003
5708,61003
5709,61003
5710,61003
5711,61003
5712,61003
5713,61003
5714,61003
5715,61003
5716,61003
5717,61003
5718,61003
5719,61003
5720,61003
5721,61003
5722,61003
5723,61003
5724,61003
5725,61003
5726,61003
5727,61003
5728,61003
5729,61003
5730,61003
5731,61003
5732,61003
5733,61003
5734,61003
5735,61003
5736,61003
5737,61003
5738,61003
5739,61003
5740,61003
5741,61003
5742,61003
5743,61003
5744,61003
5745,61003
5746,61003
5747,61003
5748,61003
5749,61003
5750,61003
5751,61003
5752,61003
5753,61003
5754,61003
5755,61003
5756,61003
5757,61003
5758,61003
5759,61003
5760,61003
5761,61003
5762,61003
5763,61003
5764,61003
5765,61003
5766,61003
5767,61003
5768,61003
5769,61003
5770,61003
5771,61003
5772,61003
5773,61003
5774,61003
5775,61003
5776,61003
5777,61003
5778,61003
5779,61003
5780,61003
5781,61003
5782,61003
5783,61003
5784,61003
5785,61003
5786,61003
5787,61003
5788,61003
5789,61003
5790,61003
5791,61003
5792,61003
5793,61003
5794,61003
5795,61003
5796,61003
5797,61003
5798,61003
5799,61003
5800,61003
5801,61003
5802,61003
5803,61003
5804,61003
5805,61003
5806,61003
5807,61003
5808,61003
5809,61003
5810,61003
5811,61003
5812,61003
5813,61003
5814,61003
5815,61003
5816,61003
5817,61003
5818,61003
5819,61003
5820,61003
5821,61003
5822,61003
5823,61003
5824,61003
5825,61003
5826,61003
5827,61003
5828,61003
5829,61003
5830,61003
5831,61003
5832,61003
5833,61003
5834,61003
5835,61003
5836,61003
5837,61003
5838,61003
5839,61003
5840,61003
5841,61003
5842,61003
5843,61003
5844,61003
5845,61003
5846,61003
5847,61003
5848,61003
5849,61003
5850,61003
5851,61003
5852,61003
5853,61003
5854,61003
5855,61003
5856,61003
5857,61003
5858,61003
5859,61003
5860,61003
5861,61003
5862,61003
5863,61003
5864,61003
5865,61003
5866,61003
5867,61003
5868,61003
5869,61003
5870,61003
5871,61003
5872,61003
5873,61003
5874,61003
5875,61003
5876,61003
5877,61003
5878,61003
5879,61003
5880,61003
5881,61003
5882,61003
5883,61003
5884,61003
5885,61003
5886,61003
5887,61003
5888,61003
5889,61003
5890,61003
5891,61003
5892,61003
5893,61003
5894,61003
5895,61003
5896,61003
5897,61003
5898,61003
5899,61003
5900,61003
5901,61003
5902,61003
5903,61003
5904,61003
5905,61003
5906,61003
5907,61003
5908,61003
5909,61003
5910,61003
5911,61003
5912,61003
5913,61003
5914,61003
5915,61003
5916,61003
5917,61003
5918,61003
5919,61003
5920,61003
5921,61003
5922,61003
5923,61003
5924,61003
5925,61003
5926,61003
5927,61003
5928,61003
5929,61003
5930,61003
5931,61003
5932,61003
5933,61003
5934,61003
5935,61003
5936,61003
5937,61003
5938,61003
5939,61003
5940,61003
5941,61003
5942,61003
5943,61003
5944,61003
5945,61003
5946,61003
5947,61003
5948,61003
5949,61003
5950,61003
5951,61003
5952,61003
5953,61004
5954,61005
5955,61006
5956,61007
5957,61008
5958,61009
5959,61010
5960,61011
5961,61012
5962,61013
5963,61014
5964,61019
5965,61025
5966,61031
5967,61037
5968,61044
5969,61051
5970,61059
5971,61067
5972,61076
5973,61086
5974,61103
5975,61123
5976,61143
5977,61164
5978,61189
5979,61212
5980,61239
5981,61268
5982,61300
5983,61333
5984,61366
5985,61402
5986,61439
5987,61478
5988,61519
5989,61562
5990,61609
5991,61660
5992,61712
5993,61767
5994,61822
5995,61878
5996,61936
5997,61996
5998,62061
5999,62128
6000,62197
6001,62268
6002,62339
6003,62414
6004,62489
6005,62564
6006,62636
6007,62710
6008,62789
6009,62868
6010,62950
6011,63032
6012,63111
6013,63195
6014,63280
6015,63367
6016,63454
6017,63542
6018,63634
6019,63726
6020,63821
6021,63918
6022,64017
6023,64114
6024,64217
6025,64317
6026,64419
6027,64523
6028,64629
6029,64738
6030,64846
6031,64957
6032,65068
6033,65179
6034,65293
6035,65406
6036,65516
6037,65630
6038,65747
6039,65865
6040,65987
6041,66113
6042,66240
6043,66368
6044,66493
6045,66611
6046,66731
6047,66852
6048,66978
6049,67103
6050,67229
6051,67357
6052,67484
6053,67610
6054,67738
6055,67862
6056,67987
6057,68113
6058,68241
6059,68366
6060,68495
6061,68624
6062,68755
6063,68892
6064,69029
6065,69161
6066,69296
6067,69436
6068,69578
6069,69724
6070,69877
6071,70025
6072,70173
6073,70325
6074,70477
6075,70621
6076,70771
6077,70923
6078,71078
6079,71234
6080,71393
6081,71555
6082,71719
6083,71879
6084,72044
6085,72201
6086,72361
6087,72526
6088,72693
6089,72860
6090,73031
6091,73207
6092,73382
6093,73566
6094,73749
6095,73924
6096,74099
6097,74281
6098,74465
6099,74651
6100,74838
6101,75025
6102,75212
6103,75403
6104,75594
6105,75778
6106,75969
6107,76163
6108,76359
6109,76562
6110,76768
6111,76975
6112,77186
6113,77399
6114,77610
6115,77819
6116,78031
6117,78253
6118,78476
6119,78706
6120,78938
6121,79173
6122,79409
6123,79647
6124,79887
6125,80117
6126,80349
6127,80579
6128,80815
6129,81050
6130,81284
6131,81518
6132,81747
6133,81981
6134,82210
6135,82435
6136,82664
6137,82893
6138,83118
6139,83339
6140,83562
6141,83782
6142,84001
6143,84217
6144,84434
6145,84639
6146,84837
6147,85033
6148,85218
6149,85406
6150,85597
6151,85790
6152,85982
6153,86167
6154,86351
6155,86522
6156,86702
6157,86885
6158,87077
6159,87263
6160,87447
6161,87629
6162,87813
6163,88004
6164,88192
6165,88364
6166,88543
6167,88729
6168,88918
6169,89115
6170,89311
6171,89509
6172,89701
6173,89900
6174,90090
6175,90266
6176,90446
6177,90625
6178,90811
6179,90997
6180,91186
6181,91373
6182,91560
6183,91737
6184,91907
6185,92067
6186,92237
6187,92409
6188,92585
6189,92760
6190,92932
6191,93096
6192,93259
6193,93430
6194,93591
6195,93737
6196,93892
6197,94048
6198,94208
6199,94371
6200,94539
6201,94708
6202,94879
6203,95046
6204,95210
6205,95366
6206,95525
6207,95690
6208,95852
6209,96018
6210,96191
6211,96364
6212,96540
6213,96720
6214,96893
6215,97055
6216,97216
6217,97388
6218,97561
6219,97733
6220,97899
6221,98064
6222,98235
6223,98409
6224,98577
6225,98734
6226,98896
6227,99062
6228,99229
6229,99397
6230,99563
6231,99728
6232,99897
6233,100064
6234,100228
6235,100379
6236,100540
6237,100703
6238,100870
6239,101036
6240,101201
6241,101365
6242,101529
6243,101699
6244,101864
6245,102021
6246,102183
6247,102347
6248,102514
6249,102678
6250,102846
6251,103004
6252,103156
6253,103307
6254,103451
6255,103588
6256,103734
6257,103881
6258,104029
6259,104175
6260,104321
6261,104467
6262,104617
6263,104765
6264,104911
6265,105049
6266,105195
6267,105344
6268,105490
6269,105637
6270,105787
6271,105935
6272,106087
6273,106237
6274,106382
6275,106521
6276,106672
6277,106821
6278,106969
6279,107125
6280,107282
6281,107436
6282,107580
6283,107731
6284,107877
6285,108011
6286,108156
6287,108303
6288,108452
6289,108603
6290,108752
6291,108900
6292,109038
6293,109177
6294,109314
6295,109442
6296,109573
6297,109703
6298,109834
6299,109970
6300,110098
6301,110235
6302,110368
6303,110501
6304,110635
6305,110759
6306,110891
6307,111021
6308,111156
6309,111296
6310,111433
6311,111571
6312,111707
6313,111837
6314,111969
6315,112088
6316,112212
6317,112334
6318,112451
6319,112571
6320,112688
6321,112804
6322,112915
6323,113023
6324,113121
6325,113215
6326,113313
6327,113409
6328,113508
6329,113606
6330,113704
6331,113799
6332,113895
6333,113989
6334,114082
6335,114168
6336,114260
6337,114354
6338,114448
6339,114540
6340,114627
6341,114714
6342,114799
6343,114884
6344,114962
6345,115038
6346,115115
6347,115194
6348,115274
6349,115352
6350,115432
6351,115511
6352,115589
6353,115662
6354,115734
6355,115805
6356,115878
6357,115949
6358,116024
6359,116101
6360,116173
6361,116244
6362,116321
6363,116396
6364,116466
6365,116535
6366,116605
6367,116678
6368,116751
6369,116821
6370,116887
6371,116961
6372,117031
6373,117106
6374,117169
6375,117227
6376,117281
6377,117331
6378,117385
6379,117441
6380,117496
6381,117551
6382,117609
6383,117666
6384,117723
6385,117781
6386,117837
6387,117898
6388,117961
6389,118025
6390,118092
6391,118162
6392,118231
6393,118302
6394,118373
6395,118443
6396,118515
6397,118590
6398,118668
6399,118750
6400,118828
6401,118910
6402,118994
6403,119082
6404,119168
6405,119250
6406,119330
6407,119421
6408,119512
6409,119598
6410,119686
6411,119773
6412,119866
6413,119958
6414,120048
6415,120134
6416,120225
6417,120318
6418,120412
6419,120506
6420,120602
6421,120699
6422,120802
6423,120903
6424,121006
6425,121104
6426,121204
6427,121309
6428,121417
6429,121532
6430,121651
6431,121773
6432,121898
6433,122018
6434,122139
6435,122253
6436,122375
6437,122497
6438,122631
6439,122766
6440,122913
6441,123057
6442,123204
6443,123351
6444,123500
6445,123642
6446,123787
6447,123954
6448,124127
6449,124306
6450,124484
6451,124661
6452,124838
6453,125007
6454,125179
6455,125340
6456,125503
6457,125675
6458,125870
6459,126070
6460,126298
6461,126525
6462,126763
6463,127009
6464,127246
6465,127472
6466,127704
6467,127944
6468,128203
6469,128473
6470,128759
6471,129051
6472,129347
6473,129643
6474,129929
6475,130204
6476,130499
6477,130817
6478,131143
6479,131475
6480,131819
6481,132160
6482,132506
6483,132862
6484,133214
6485,133553
6486,133904
6487,134269
6488,134638
6489,134990
6490,135328
6491,135649
6492,135971
6493,136283
6494,136572
6495,136834
6496,137079
6497,137324
6498,137561
6499,137766
6500,137959
6501,138138
6502,138302
6503,138459
6504,138601
6505,138732
6506,138852
6507,138967
6508,139072
6509,139173
6510,139267
6511,139357
6512,139440
6513,139519
6514,139598
6515,139666
6516,139734
6517,139795
6518,139854
6519,139986
6520,140038
6521,140088
6522,140132
6523,140174
6524,140217
6525,140259
6526,140294
6527,140330
6528,140362
6529,140397
6530,140432
6531,140468
6532,140499
6533,140511
6534,140527
6535,140544
6536,140561
6537,140577
6538,140593
6539,140606
6540,140619
6541,140634
6542,140648
6543,140663
6544,140680
6545,140697
6546,140713
6547,140729
6548,140743
6549,140757
6550,140769
6551,140781
6552,140792
6553,140804
6554,140817
6555,140830
6556,140843
6557,140856
6558,140868
6559,140880
6560,140890
6561,140899
6562,140908
6563,140917
6564,140928
6565,140939
6566,140950
6567,140960
6568,140970
6569,140980
6570,140989
6571,140997
6572,141006
6573,141013
6574,141022
6575,141031
6576,141040
6577,141049
6578,141058
6579,141066
6580,141074
6581,141082
6582,141089
6583,141095
6584,141102
6585,141109
6586,141116
6587,141122
6588,141128
6589,141134
6590,141140
6591,141146
6592,141152
6593,141157
6594,141163
6595,141169
6596,141175
6597,141181
6598,141187
6599,141193
6600,141198
6601,141203
6602,141208
6603,141213
6604,141219
6605,141224
6606,141229
6607,141234
6608,141239
6609,141244
6610,141249
6611,141254
6612,141259
6613,141263
6614,141268
6615,141273
6616,141278
6617,141283
6618,141288
6619,141293
6620,141298
6621,141303
6622,141308
6623,141313
6624,141319
6625,141325
6626,141331
6627,141336
6628,141341
6629,141346
6630,141351
6631,141355
6632,141359
6633,141363
6634,141368
6635,141373
6636,141378
6637,141383
6638,141388
6639,141393
6640,141397
6641,141401
6642,141405
6643,141408
6644,141413
6645,141418
6646,141423
6647,141428
6648,141432
6649,141436
6650,141440
6651,141443
6652,141446
6653,141449
6654,141453
6655,141457
6656,141461
6657,141465
6658,141469
6659,141472
6660,141475
6661,141478
6662,141481
6663,141484
6664,141488
6665,141492
6666,141496
6667,141500
6668,141504
6669,141507
6670,141510
6671,141513
6672,141516
6673,141519
6674,141523
6675,141527
6676,141531
6677,141535
6678,141538
6679,141541
6680,141544
6681,141547
6682,141550
6683,141553
6684,141556
6685,141560
6686,141564
6687,141567
6688,141570
6689,141573
6690,141576
6691,141579
6692,141582
6693,141585
6694,141588
6695,141592
6696,141596
6697,141599
6698,141602
6699,141605
6700,141608
6701,141342
6702,141081
6703,140809
6704,140527
6705,140242
6706,139962
6707,139686
6708,139405
6709,139112
6710,138824
6711,138536
6712,138262
6713,137994
6714,137719
6715,137439
6716,137169
6717,136898
6718,136622
6719,136341
6720,136062
6721,135785
6722,135504
6723,135222
6724,134949
6725,134667
6726,134391
6727,134123
6728,133843
6729,133554
6730,133274
6731,132991
6732,132702
6733,132401
6734,132128
6735,131866
6736,131600
6737,131335
6738,131072
6739,130824
6740,130582
6741,130334
6742,130084
6743,129849
6744,129608
6745,129372
6746,129133
6747,128896
6748,128670
6749,128441
6750,128198
6751,127970
6752,127744
6753,127521
6754,127282
6755,127036
6756,126786
6757,126531
6758,126297
6759,126072
6760,125851
6761,125642
6762,125439
6763,125237
6764,125041
6765,124845
6766,124655
6767,124464
6768,124272
6769,124084
6770,123904
6771,123736
6772,123559
6773,123373
6774,123196
6775,123018
6776,122840
6777,122658
6778,122479
6779,122301
6780,122129
6781,121956
6782,121780
6783,121597
6784,121421
6785,121249
6786,121084
6787,120919
6788,120753
6789,120594
6790,120446
6791,120314
6792,120179
6793,120049
6794,119926
6795,119804
6796,119692
6797,119584
6798,119475
6799,119360
6800,119250
6801,119142
6802,119031
6803,118919
6804,118802
6805,118693
6806,118590
6807,118487
6808,118379
6809,118269
6810,118157
6811,118044
6812,117922
6813,117787
6814,117658
6815,117524
6816,117389
6817,117266
6818,117144
6819,117024
6820,116919
6821,116830
6822,116739
6823,116645
6824,116553
6825,116459
6826,116366
6827,116273
6828,116178
6829,116086
6830,116001
6831,115914
6832,115828
6833,115740
6834,115653
6835,115554
6836,115465
6837,115371
6838,115273
6839,115173
6840,115081
6841,114991
6842,114899
6843,114816
6844,114727
6845,114619
6846,114498
6847,114358
6848,114212
6849,114066
6850,113919
6851,113766
6852,113613
6853,113457
6854,113295
6855,113131
6856,112960
6857,112785
6858,112600
6859,112442
6860,112281
6861,112124
6862,111962
6863,111795
6864,111618
6865,111444
6866,111263
6867,111087
6868,110907
6869,110719
6870,110534
6871,110352
6872,110161
6873,109958
6874,109756
6875,109541
6876,109329
6877,109105
6878,108883
6879,108666
6880,108445
6881,108223
6882,107992
6883,107761
6884,107523
6885,107281
6886,107029
6887,106775
6888,106502
6889,106243
6890,105981
6891,105721
6892,105456
6893,105178
6894,104900
6895,104619
6896,104330
6897,104036
6898,103752
6899,103474
6900,103190
6901,102911
6902,102617
6903,102329
6904,102035
6905,101746
6906,101450
6907,101183
6908,100920
6909,100677
6910,100445
6911,100195
6912,99962
6913,99726
6914,99496
6915,99276
6916,99051
6917,98828
6918,98604
6919,98396
6920,98171
6921,97965
6922,97757
6923,97557
6924,97364
6925,97161
6926,96968
6927,96775
6928,96581
6929,96395
6930,96202
6931,96007
6932,95817
6933,95621
6934,95420
6935,95209
6936,95000
6937,94796
6938,94585
6939,94377
6940,94180
6941,93984
6942,93795
6943,93602
6944,93403
6945,93200
6946,92987
6947,92783
6948,92587
6949,92386
6950,92179
6951,91974
6952,91769
6953,91565
6954,91358
6955,91153
6956,90944
6957,90734
6958,90530
6959,90329
6960,90125
6961,89923
6962,89716
6963,89506
6964,89303
6965,89098
6966,88894
6967,88691
6968,88492
6969,88290
6970,88076
6971,87859
6972,87653
6973,87440
6974,87232
6975,87021
6976,86809
6977,86597
6978,86373
6979,86157
6980,85941
6981,85723
6982,85507
6983,85295
6984,85087
6985,84886
6986,84677
6987,84466
6988,84257
6989,84042
6990,83827
6991,83622
6992,83427
6993,83227
6994,83025
6995,82818
6996,82606
6997,82395
6998,82174
6999,81958
7000,81744
7001,81540
7002,81343
7003,81150
7004,80952
7005,80754
7006,80561
7007,80361
7008,80166
7009,79969
7010,79771
7011,79573
7012,79371
7013,79174
7014,78987
7015,78797
7016,78611
7017,78418
7018,78222
7019,78025
7020,77828
7021,77639
7022,77452
7023,77259
7024,77066
7025,76875
7026,76683
7027,76477
7028,76258
7029,76044
7030,75834
7031,75612
7032,75390
7033,75179
7034,74973
7035,74761
7036,74541
7037,74312
7038,74093
7039,73874
7040,73659
7041,73447
7042,73235
7043,73032
7044,72830
7045,72631
7046,72404
7047,72212
7048,72014
7049,71811
7050,71615
7051,71417
7052,71222
7053,71017
7054,70817
7055,70628
7056,70436
7057,70249
7058,70058
7059,69870
7060,69679
7061,69490
7062,69298
7063,69112
7064,68925
7065,68730
7066,68548
7067,68354
7068,68161
7069,67976
7070,67792
7071,67605
7072,67422
7073,67247
7074,67075
7075,66907
7076,66745
7077,66578
7078,66413
7079,66251
7080,66092
7081,65938
7082,65780
7083,65614
7084,65448
7085,65285
7086,65126
7087,64973
7088,64817
7089,64665
7090,64528
7091,64423
7092,64363
7093,64329
7094,64330
7095,64331
7096,64331
7097,64331
7098,64331
7099,64331
7100,64331
7101,64209
7102,64092
7103,63978
7104,63866
7105,63757
7106,63652
7107,63551
7108,63450
7109,63348
7110,63250
7111,63155
7112,63056
7113,62955
7114,62853
7115,62755
7116,62663
7117,62575
7118,62490
7119,62405
7120,62325
7121,62246
7122,62168
7123,62092
7124,62024
7125,61958
7126,61890
7127,61821
7128,61753
7129,61688
7130,61626
7131,61569
7132,61514
7133,61464
7134,61419
7135,61376
7136,61336
7137,61295
7138,61257
7139,61219
7140,61185
7141,61153
7142,61127
7143,61105
7144,61080
7145,61061
7146,61045
7147,61029
7148,61013
7149,61004
7150,61003
7151,61003
7152,61003
7153,61003
7154,61003
7155,61003
7156,61003
7157,61003
7158,61003
7159,61003
7160,61003
7161,61003
7162,61003
7163,61003
7164,61003
7165,61003
7166,61003
7167,61003
7168,61003
7169,61003
7170,61003
7171,61003
7172,61003
7173,61003
7174,61003
7175,61003
7176,61003
7177,61003
7178,61003
7179,61003
7180,61003
7181,61003
7182,61003
7183,61003
7184,61003
7185,61003
7186,61003
7187,61003
7188,61003
7189,61003
7190,61003
7191,61003
7192,61003
7193,61003
7194,61003
7195,61003
7196,61003
7197,61003
7198,61003
7199,61003
7200,61003
7201,61003
7202,61003
7203,61003
7204,61003
7205,61003
7206,61003
7207,61003
7208,61003
7209,61003
7210,61003
7211,61003
7212,61003
7213,61003
7214,61003
7215,61003
7216,61003
7217,61003
7218,61003
7219,61003
7220,61003
7221,61003
7222,61003
7223,61003
7224,61003
7225,61003
7226,61003
7227,61003
7228,61003
7229,61003
7230,61003
7231,61003
7232,61003
7233,61003
7234,61003
7235,61003
7236,61003
7237,61003
7238,61003
7239,61003
7240,61003
7241,61003
7242,61003
7243,61003
7244,61003
7245,61003
7246,61003
7247,61003
7248,61003
7249,61003
7250,61003
7251,61003
7252,61003
7253,61003
7254,61003
7255,61003
7256,61003
7257,61003
7258,61003
7259,61003
7260,61003
7261,61003
7262,61003
7263,61003
7264,61003
7265,61003
7266,61003
7267,61003
7268,61003
7269,61003
7270,61003
7271,61003
7272,61003
7273,61003
7274,61003
7275,61003
7276,61003
7277,61003
7278,61003
7279,61003
7280,61003
7281,61003
7282,61003
7283,61003
7284,61003
7285,61003
7286,61003
7287,61003
7288,61003
7289,61003
7290,61003
7291,61003
7292,61003
7293,61003
7294,61003
7295,61003
7296,61003
7297,61003
7298,61003
7299,61003
7300,61003
7301,61003
7302,61003
7303,61003
7304,61003
7305,61003
7306,61003
7307,61003
7308,61003
7309,61003
7310,61003
7311,61003
7312,61003
7313,61003
7314,61003
7315,61003
7316,61003
7317,61003
7318,61003
7319,61003
7320,61003
7321,61003
7322,61003
7323,61003
7324,61003
7325,61003
7326,61003
7327,61003
7328,61003
7329,61003
7330,61003
7331,61003
7332,61003
7333,61003
7334,61003
7335,61003
7336,61003
7337,61003
7338,61003
7339,61003
7340,61003
7341,61003
7342,61003
7343,61003
7344,61003
7345,61003
7346,61003
7347,61003
7348,61003
7349,61003
7350,61003
7351,61003
7352,61003
7353,61003
7354,61003
7355,61003
7356,61003
7357,61003
7358,61003
7359,61003
7360,61003
7361,61003
7362,61003
7363,61003
7364,61003
7365,61003
7366,61003
7367,61003
7368,61003
7369,61003
7370,61003
7371,61003
7372,61003
7373,61003
7374,61003
7375,61003
7376,61003
7377,61003
7378,61003
7379,61003
7380,61003
7381,61003
7382,61003
7383,61003
7384,61003
7385,61003
7386,61003
7387,61003
7388,61003
7389,61003
7390,61003
7391,61003
7392,61003
7393,61003
7394,61003
7395,61003
7396,61003
7397,61003
7398,61003
7399,61003
7400,61003
7401,61003
7402,61003
7403,61003
7404,61003
7405,61003
7406,61003
7407,61003
7408,61003
7409,61003
7410,61003
7411,61003
7412,61003
7413,61003
7414,61003
7415,61003
7416,61003
7417,61003
7418,61003
7419,61003
7420,61003
7421,61003
7422,61003
7423,61003
7424,61003
7425,61003
7426,61003
7427,61003
7428,61003
7429,61003
7430,61003
7431,61003
7432,61003
7433,61003
7434,61003
7435,61003
7436,61003
7437,61003
7438,61003
7439,61003
7440,61003
7441,61003
7442,61003
7443,61003
7444,61003
7445,61003
7446,61003
7447,61003
7448,61003
7449,61003
7450,61003
7451,61003
7452,61003
7453,61003
7454,61003
7455,61003
7456,61003
7457,61003
7458,61003
7459,61003
7460,61003
7461,61003
7462,61003
7463,61003
7464,61003
7465,61003
7466,61003
7467,61003
7468,61003
7469,61003
7470,61003
7471,61003
7472,61003
7473,61003
7474,61003
7475,61003
7476,61003
7477,61003
7478,61003
7479,61003
7480,61003
7481,61003
7482,61003
7483,61003
7484,61003
7485,61003
7486,61003
7487,61003
7488,61003
7489,61003
7490,61003
7491,61003
7492,61003
7493,61003
7494,61003
7495,61003
7496,61003
7497,61003
7498,61003
7499,61003
7500,61003
7501,61003
7502,61003
7503,61003
7504,61003
7505,61003
7506,61003
7507,61003
7508,61003
7509,61003
7510,61003
7511,61003
7512,61003
7513,61003
7514,61003
7515,61003
7516,61003
7517,61003
7518,61003
7519,61003
7520,61003
7521,61003
7522,61003
7523,61003
7524,61003
7525,61003
7526,61003
7527,61003
7528,61003
7529,61003
7530,61003
7531,61003
7532,61003
7533,61003
7534,61003
7535,61003
7536,61003
7537,61003
7538,61003
7539,61003
7540,61003
7541,61003
7542,61003
7543,61003
7544,61003
7545,61003
7546,61003
7547,61003
7548,61003
7549,61003
7550,61003
7551,61003
7552,61003
7553,61003
7554,61003
7555,61003
7556,61003
7557,61003
7558,61003
7559,61003
7560,61003
7561,61003
7562,61003
7563,61003
7564,61003
7565,61003
7566,61003
7567,61003
7568,61003
7569,61003
7570,61003
7571,61003
7572,61003
7573,61003
7574,61003
7575,61003
7576,61003
7577,61003
7578,61003
7579,61003
7580,61003
7581,61003
7582,61003
7583,61003
7584,61003
7585,61003
7586,61003
7587,61003
7588,61003
7589,61003
7590,61003
7591,61003
7592,61003
7593,61003
7594,61003
7595,61003
7596,61003
7597,61003
7598,61003
7599,61003
7600,61003
7601,61003
7602,61003
7603,61003
7604,61003
7605,61003
7606,61003
7607,61003
7608,61003
7609,61003
7610,61003
7611,61003
7612,61003
7613,61003
7614,61003
7615,61003
7616,61003
7617,61003
7618,61003
7619,61003
7620,61003
7621,61003
7622,61003
7623,61003
7624,61003
7625,61003
7626,61003
7627,61003
7628,61003
7629,61003
7630,61003
7631,61003
7632,61003
7633,61003
7634,61003
7635,61003
7636,61003
7637,61003
7638,61003
7639,61003
7640,61003
7641,61003
7642,61003
7643,61003
7644,61003
7645,61003
7646,61003
7647,61003
7648,61003
7649,61003
7650,61003
7651,61003
7652,61003
7653,61003
7654,61003
7655,61003
7656,61003
7657,61003
7658,61003
7659,61003
7660,61003
7661,61003
7662,61003
7663,61003
7664,61003
7665,61003
7666,61003
7667,61003
7668,61003
7669,61003
7670,61003
7671,61003
7672,61003
7673,61003
7674,61003
7675,61003
7676,61003
7677,61003
7678,61003
7679,61003
7680,61003
7681,61003
7682,61003
7683,61003
7684,61003
7685,61003
7686,61003
7687,61003
7688,61003
7689,61003
7690,61003
7691,61003
7692,61003
7693,61003
7694,61003
7695,61003
7696,61003
7697,61003
7698,61003
7699,61003
7700,61003
7701,61003
7702,61003
7703,61003
7704,61003
7705,61003
7706,61003
7707,61003
7708,61003
7709,61003
7710,61003
7711,61003
7712,61003
7713,61003
7714,61003
7715,61003
7716,61003
7717,61003
7718,61003
7719,61003
7720,61003
7721,61003
7722,61003
7723,61003
7724,61003
7725,61003
7726,61003
7727,61003
7728,61003
7729,61003
7730,61003
7731,61003
7732,61003
7733,61003
7734,61003
7735,61003
7736,61003
7737,61003
7738,61003
7739,61003
7740,61003
7741,61003
7742,61003
7743,61003
7744,61003
7745,61003
7746,61003
7747,61003
7748,61003
7749,61003
7750,61003
7751,61003
7752,61003
7753,61003
7754,61003
7755,61003
7756,61003
7757,61003
7758,61003
7759,61003
7760,61003
7761,61003
7762,61003
7763,61003
7764,61003
7765,61003
7766,61003
7767,61003
7768,61003
7769,61003
7770,61003
7771,61003
7772,61003
7773,61003
7774,61003
7775,61003
7776,61003
7777,61003
7778,61003
7779,61003
7780,61003
7781,61003
7782,61003
7783,61003
7784,61003
7785,61003
7786,61003
7787,61003
7788,61003
7789,61003
7790,61003
7791,61003
7792,61003
7793,61003
7794,61003
7795,61003
7796,61003
7797,61003
7798,61003
7799,61003
7800,61003
7801,61003
7802,61003
7803,61003
7804,61003
7805,61003
7806,61003
7807,61003
7808,61003
7809,61003
7810,61003
7811,61003
7812,61003
7813,61003
7814,61003
7815,61003
7816,61003
7817,61003
7818,61003
7819,61003
7820,61003
7821,61003
7822,61003
7823,61003
7824,61003
7825,61003
7826,61003
7827,61003
7828,61003
7829,61003
7830,61003
7831,61003
7832,61003
7833,61003
7834,61003
7835,61003
7836,61003
7837,61003
7838,61003
7839,61003
7840,61003
7841,61003
7842,61003
7843,61003
7844,61003
7845,61003
7846,61003
7847,61003
7848,61003
7849,61003
7850,61003
7851,61003
7852,61003
7853,61003
7854,61003
7855,61003
7856,61003
7857,61003
7858,61003
7859,61003
7860,61003
7861,61003
7862,61003
7863,61003
7864,61003
7865,61003
7866,61003
7867,61003
7868,61003
7869,61003
7870,61003
7871,61003
7872,61003
7873,61003
7874,61003
7875,61003
7876,61003
7877,61003
7878,61003
7879,61003
7880,61003
7881,61003
7882,61003
7883,61003
7884,61003
7885,61003
7886,61003
7887,61003
7888,61003
7889,61003
7890,61003
7891,61003
7892,61003
7893,61003
7894,61003
7895,61003
7896,61003
7897,61003
7898,61003
7899,61003
7900,61003
7901,61003
7902,61003
7903,61003
7904,61003
7905,61003
7906,61003
7907,61003
7908,61003
7909,61003
7910,61003
7911,61003
7912,61003
7913,61003
7914,61003
7915,61003
7916,61003
7917,61003
7918,61003
7919,61003
7920,61003
7921,61003
7922,61003
7923,61003
7924,61003
7925,61003
7926,61003
7927,61003
7928,61003
7929,61003
7930,61003
7931,61003
7932,61003
7933,61003
7934,61003
7935,61003
7936,61003
7937,61003
7938,61003
7939,61003
7940,61003
7941,61003
7942,61003
7943,61003
7944,61003
7945,61003
7946,61003
7947,61003
7948,61003
7949,61003
7950,61003
7951,61003
7952,61003
7953,61003
7954,61003
7955,61003
7956,61003
7957,61003
7958,61003
7959,61003
7960,61003
7961,61003
7962,61003
7963,61003
7964,61003
7965,61003
7966,61003
7967,61003
7968,61003
7969,61003
7970,61003
7971,61003
7972,61003
7973,61003
7974,61003
7975,61003
7976,61003
7977,61003
7978,61003
7979,61003
7980,61003
7981,61003
7982,61003
7983,61003
7984,61003
7985,61003
7986,61003
7987,61003
7988,61003
7989,61003
7990,61003
7991,61003
7992,61003
7993,61003
7994,61003
7995,61003
7996,61003
7997,61003
7998,61003
7999,61003
8000,61003
8001,61003
8002,61003
8003,61003
8004,61003
8005,61003
8006,61003
8007,61003
8008,61003
8009,61003
8010,61003
8011,61003
8012,61003
8013,61003
8014,61003
8015,61003
8016,61003
8017,61003
8018,61003
8019,61003
8020,61003
8021,61003
8022,61003
8023,61003
8024,61003
8025,61003
8026,61003
8027,61003
8028,61003
8029,61003
8030,61003
8031,61003
8032,61003
8033,61003
8034,61003
8035,61003
8036,61003
8037,61003
8038,61003
8039,61003
8040,61003
8041,61003
8042,61003
8043,61003
8044,61003
8045,61003
8046,61003
8047,61003
8048,61003
8049,61003
8050,61003
8051,61003
8052,61003
8053,61003
8054,61003
8055,61003
8056,61003
8057,61003
8058,61003
8059,61003
8060,61003
8061,61003
8062,61003
8063,61003
8064,61003
8065,61003
8066,61003
8067,61003
8068,61003
8069,61003
8070,61003
8071,61003
8072,61003
8073,61003
8074,61003
8075,61003
8076,61003
8077,61003
8078,61003
8079,61003
8080,61003
8081,61003
8082,61003
8083,61003
8084,61003
8085,61003
8086,61003
8087,61003
8088,61003
8089,61003
8090,61003
8091,61003
8092,61003
8093,61003
8094,61003
8095,61003
8096,61003
8097,61003
8098,61003
8099,61003
8100,61003
8101,61003
8102,61003
8103,61003
8104,61003
8105,61003
8106,61003
8107,61003
8108,61003
8109,61003
8110,61003
8111,61003
8112,61003
8113,61003
8114,61003
8115,61003
8116,61003
8117,61003
8118,61003
8119,61003
8120,61003
8121,61003
8122,61003
8123,61003
8124,61003
8125,61003
8126,61003
8127,61003
8128,61003
8129,61003
8130,61003
8131,61003
8132,61003
8133,61003
8134,61003
8135,61003
8136,61003
8137,61003
8138,61003
8139,61003
8140,61003
8141,61003
8142,61003
8143,61003
8144,61003
8145,61003
8146,61003
8147,61003
8148,61003
8149,61003
8150,61003
8151,61003
8152,61003
8153,61003
8154,61003
8155,61003
8156,61003
8157,61003
8158,61003
8159,61003
8160,61003
8161,61003
8162,61003
8163,61003
8164,61003
8165,61003
8166,61003
8167,61003
8168,61003
8169,61003
8170,61003
8171,61003
8172,61003
8173,61003
8174,61003
8175,61003
8176,61003
8177,61003
8178,61003
8179,61003
8180,61003
8181,61003
8182,61003
8183,61003
8184,61003
8185,61003
8186,61003
8187,61003
8188,61003
8189,61003
8190,61003
8191,61003
8192,61003
8193,61003
8194,61003
8195,61003
8196,61003
8197,61003
8198,61003
8199,61003
8200,61003
8201,61003
8202,61003
8203,61003
8204,61003
8205,61003
8206,61003
8207,61003
8208,61003
8209,61003
8210,61003
8211,61003
8212,61003
8213,61003
8214,61003
8215,61003
8216,61003
8217,61003
8218,61003
8219,61003
8220,61003
8221,61003
8222,61003
8223,61003
8224,61003
8225,61003
8226,61003
8227,61003
8228,61003
8229,61003
8230,61003
8231,61003
8232,61003
8233,61003
8234,61003
8235,61003
8236,61003
8237,61003
8238,61003
8239,61003
8240,61003
8241,61003
8242,61003
8243,61003
8244,61003
8245,61003
8246,61003
8247,61003
8248,61003
8249,61003
8250,61003
8251,61003
8252,61003
8253,61003
8254,61003
8255,61003
8256,61003
8257,61003
8258,61003
8259,61003
8260,61003
8261,61003
8262,61003
8263,61003
8264,61003
8265,61003
8266,61003
8267,61003
8268,61003
8269,61003
8270,61003
8271,61003
8272,61003
8273,61003
8274,61003
8275,61003
8276,61003
8277,61003
8278,61003
8279,61003
8280,61003
8281,61003
8282,61003
8283,61003
8284,61003
8285,61003
8286,61003
8287,61003
8288,61003
8289,61003
8290,61003
8291,61003
8292,61003
8293,61003
8294,61003
8295,61003
8296,61003
8297,61003
8298,61003
8299,61003
8300,61003
8301,61003
8302,61003
8303,61003
8304,61003
8305,61003
8306,61003
8307,61003
8308,61003
8309,61003
8310,61003
8311,61003
8312,61003
8313,61003
8314,61003
8315,61003
8316,61003
8317,61003
8318,61003
8319,61003
8320,61003
8321,61003
8322,61003
8323,61003
8324,61003
8325,61003
8326,61003
8327,61003
8328,61003
8329,61003
8330,61003
8331,61003
8332,61003
8333,61003
8334,61003
8335,61003
8336,61003
8337,61003
8338,61003
8339,61003
8340,61003
8341,61003
8342,61003
8343,61003
8344,61003
8345,61003
8346,61003
8347,61003
8348,61003
8349,61003
8350,61003
8351,61003
8352,61003
8353,61003
8354,61003
8355,61003
8356,61003
8357,61003
8358,61003
8359,61003
8360,61003
8361,61003
8362,61003
8363,61004
8364,61005
8365,61006
8366,61007
8367,61008
8368,61009
8369,61010
8370,61011
8371,61012
8372,61013
8373,61014
8374,61015
8375,61016
8376,61017
8377,61019
8378,61021
8379,61022
8380,61023
8381,61013
8382,61009
8383,61006
8384,61004
8385,61003
8386,61003
8387,61003
8388,61003
8389,61003
8390,61003
8391,61003
8392,61003
8393,61003
8394,61003
8395,61003
8396,61003
8397,61003
8398,61003
8399,61003
8400,61003
8401,61003
8402,61003
8403,61003
8404,61003
8405,61003
8406,61003
8407,61003
8408,61003
8409,61003
8410,61003
8411,61003
8412,61003
8413,61003
8414,61003
8415,61003
8416,61003
8417,61003
8418,61003
8419,61003
8420,61003
8421,61003
8422,61003
8423,61003
8424,61003
8425,61003
8426,61003
8427,61003
8428,61003
8429,61003
8430,61003
8431,61003
8432,61003
8433,61003
8434,61003
8435,61003
8436,61003
8437,61003
8438,61003
8439,61003
8440,61003
8441,61003
8442,61003
8443,61003
8444,61003
8445,61003
8446,61003
8447,61003
8448,61003
8449,61003
8450,61003
8451,61003
8452,61003
8453,61003
8454,61003
8455,61003
8456,61003
8457,61003
8458,61003
8459,61003
8460,61003
8461,61003
8462,61003
8463,61003
8464,61003
8465,61003
8466,61003
8467,61003
8468,61003
8469,61003
8470,61003
8471,61003
8472,61003
8473,61003
8474,61003
8475,61003
8476,61003
8477,61003
8478,61003
8479,61003
8480,61003
8481,61003
8482,61003
8483,61003
8484,61003
8485,61003
8486,61003
8487,61003
8488,61003
8489,61003
8490,61003
8491,61003
8492,61003
8493,61003
8494,61003
8495,61003
8496,61003
8497,61003
8498,61003
8499,61003
8500,61003
8501,61003
8502,61003
8503,61003
8504,61003
8505,61003
8506,61003
8507,61003
8508,61003
8509,61003
8510,61003
8511,61003
8512,61003
8513,61003
8514,61003
8515,61003
8516,61003
8517,61003
8518,61003
8519,61003
8520,61003
8521,61003
8522,61003
8523,61003
8524,61003
8525,61003
8526,61003
8527,61003
8528,61003
8529,61003
8530,61003
8531,61003
8532,61003
8533,61003
8534,61003
8535,61003
8536,61003
8537,61003
8538,61003
8539,61003
8540,61003
8541,61003
8542,61003
8543,61003
8544,61003
8545,61003
8546,61003
8547,61003
8548,61003
8549,61003
8550,61003
8551,61003
8552,61003
8553,61003
8554,61003
8555,61003
8556,61003
8557,61003
8558,61003
8559,61003
8560,61003
8561,61003
8562,61003
8563,61003
8564,61003
8565,61003
8566,61003
8567,61003
8568,61003
8569,61003
8570,61003
8571,61003
8572,61003
8573,61003
8574,61003
8575,61003
8576,61003
8577,61003
8578,61003
8579,61003
8580,61003
8581,61003
8582,61003
8583,61003
8584,61003
8585,61003
8586,61003
8587,61003
8588,61003
8589,61003
8590,61003
8591,61003
8592,61003
8593,61003
8594,61003
8595,61003
8596,61003
8597,61003
8598,61003
8599,61003
8600,61003
8601,61003
8602,61003
8603,61003
8604,61003
8605,61003
8606,61003
8607,61003
8608,61003
8609,61003
8610,61003
8611,61003
8612,61003
8613,61003
8614,61003
8615,61003
8616,61003
8617,61003
8618,61003
8619,61003
8620,61003
8621,61003
8622,61003
8623,61003
8624,61003
8625,61003
8626,61003
8627,61003
8628,61003
8629,61003
8630,61003
8631,61003
8632,61003
8633,61003
8634,61003
8635,61003
8636,61003
8637,61003
8638,61003
8639,61003
8640,61003
8641,61003
8642,61003
8643,61003
8644,61003
8645,61003
8646,61003
8647,61003
8648,61003
8649,61003
8650,61003
8651,61003
8652,61003
8653,61003
8654,61003
8655,61003
8656,61003
8657,61003
8658,61003
8659,61003
8660,61003
8661,61003
8662,61003
8663,61003
8664,61003
8665,61003
8666,61003
8667,61003
8668,61003
8669,61003
8670,61003
8671,61003
8672,61003
8673,61003
8674,61003
8675,61003
8676,61003
8677,61003
8678,61003
8679,61003
8680,61003
8681,61003
8682,61003
8683,61003
8684,61003
8685,61003
8686,61003
8687,61003
8688,61003
8689,61003
8690,61003
8691,61003
8692,61003
8693,61003
8694,61003
8695,61003
8696,61003
8697,61003
8698,61003
8699,61003
8700,61003
8701,61003
8702,61003
8703,61003
8704,61003
8705,61003
8706,61003
8707,61003
8708,61003
8709,61003
8710,61003
8711,61003
8712,61003
8713,61003
8714,61003
8715,61003
8716,61003
8717,61003
8718,61003
8719,61003
8720,61003
8721,61003
8722,61003
8723,61003
8724,61003
8725,61003
8726,61002
8727,61001
8728,60999
8729,60996
8730,60993
8731,60991
8732,60989
8733,60987
8734,60986
8735,60985
8736,60983
8737,60982
8738,60980
8739,60978
8740,60977
8741,60976
8742,60975
8743,60973
8744,60974
8745,60975
8746,60976
8747,60977
8748,60978
8749,60979
8750,60980
8751,60981
8752,60982
8753,60983
8754,60984
8755,60985
8756,60986
8757,60987
8758,60988
8759,60989
8760,60990
8761,60991
8762,60992
8763,60993
8764,60994
8765,60995
8766,60996
8767,60997
8768,60998
8769,60999
8770,61000
8771,61001
8772,61002
8773,61003
8774,61003
8775,61003
8776,61003
8777,61003
8778,61003
8779,61003
8780,61003
8781,61003
8782,61003
8783,61003
8784,61003
8785,61003
8786,61003
8787,61003
8788,61003
8789,61003
8790,61003
8791,61003
8792,61003
8793,61003
8794,61003
8795,61003
8796,61003
8797,61003
8798,61003
8799,61003
8800,61003
8801,61003
8802,61003
8803,61003
8804,61003
8805,61003
8806,61003
8807,61003
8808,61003
8809,61003
8810,61003
8811,61003
8812,61003
8813,61003
8814,61003
8815,61003
8816,61003
8817,61003
8818,61003
8819,61003
8820,61003
8821,61003
8822,61003
8823,61003
8824,61003
8825,61003
8826,61003
8827,61003
8828,61003
8829,61003
8830,61003
8831,61003
8832,61003
8833,61003
8834,61003
8835,61003
8836,61003
8837,61003
8838,61003
8839,61003
8840,61003
8841,61003
8842,61003
8843,61003
8844,61003
8845,61003
8846,61003
8847,61003
8848,61003
8849,61003
8850,61003
8851,61003
8852,61003
8853,61003
8854,61003
8855,61003
8856,61003
8857,61003
8858,61003
8859,61003
8860,61003
8861,61003
8862,61003
8863,61003
8864,61003
8865,61003
8866,61003
8867,61003
8868,61003
8869,61003
8870,61003
8871,61003
8872,61003
8873,61003
8874,61003
8875,61003
8876,61003
8877,61003
8878,61003
8879,61003
8880,61003
8881,61003
8882,61003
8883,61003
8884,61003
8885,61003
8886,61003
8887,61003
8888,61003
8889,61003
8890,61003
8891,61003
8892,61003
8893,61003
8894,61003
8895,61003
8896,61003
8897,61003
8898,61003
8899,61003
8900,61003
8901,61003
8902,61003
8903,61003
8904,61003
8905,61003
8906,61003
8907,61003
8908,61003
8909,61003
8910,61003
8911,61003
8912,61003
8913,61003
8914,61003
8915,61003
8916,61003
8917,61003
8918,61003
8919,61003
8920,61003
8921,61003
8922,61003
8923,61003
8924,61003
8925,61003
8926,61003
8927,61003
8928,61003
8929,61003
8930,61003
8931,61003
8932,61003
8933,61003
8934,61003
8935,61003
8936,61003
8937,61003
8938,61003
8939,61003
8940,61003
8941,61003
8942,61003
8943,61003
8944,61003
8945,61003
8946,61003
8947,61003
8948,61003
8949,61003
8950,61003
8951,61003
8952,61003
8953,61003
8954,61003
8955,61003
8956,61003
8957,61003
8958,61003
8959,61003
8960,61003
8961,61003
8962,61003
8963,61003
8964,61003
8965,61003
8966,61003
8967,61003
8968,61003
8969,61003
8970,61003
8971,61003
8972,61003
8973,61003
8974,61003
8975,61003
8976,61003
8977,61003
8978,61003
8979,61003
8980,61003
8981,61003
8982,61003
8983,61003
8984,61003
8985,61003
8986,61003
8987,61003
8988,61003
8989,61003
8990,61003
8991,61003
8992,61003
8993,61003
8994,61003
8995,61003
8996,61003
8997,61003
8998,61003
8999,61003
9000,61003
9001,61003
9002,61003
9003,61003
9004,61003
9005,61003
9006,61003
9007,61003
9008,61003
9009,61003
9010,61003
9011,61003
9012,61003
9013,61003
9014,61003
9015,61003
9016,61003
9017,61003
9018,61003
9019,61003
9020,61003
9021,61003
9022,61003
9023,61003
9024,61003
9025,61003
9026,61003
9027,61003
9028,61003
9029,61003
9030,61003
9031,61003
9032,61003
9033,61003
9034,61003
9035,61003
9036,61003
9037,61003
9038,61003
9039,61003
9040,61003
9041,61003
9042,61003
9043,61003
9044,61003
9045,61003
9046,61002
9047,61001
9048,60999
9049,60996
9050,60993
9051,60991
9052,60989
9053,60987
9054,60986
9055,60985
9056,60983
9057,60982
9058,60980
9059,60978
9060,60977
9061,60976
9062,60975
9063,60973
9064,60974
9065,60975
9066,60976
9067,60977
9068,60978
9069,60979
9070,60980
9071,60981
9072,60982
9073,60983
9074,60984
9075,60985
9076,60986
9077,60987
9078,60988
9079,60989
9080,60990
9081,60991
9082,60992
9083,60993
9084,60994
9085,60995
9086,60996
9087,60997
9088,60998
9089,60999
9090,61000
9091,61001
9092,61002
9093,61003
9094,61003
9095,61003
9096,61003
9097,61003
9098,61003
9099,61003
9100,61003
9101,61003
9102,61003
9103,61003
9104,61003
9105,61003
9106,61003
9107,61003
9108,61003
9109,61003
9110,61003
9111,61003
9112,61003
9113,61003
9114,61003
9115,61003
9116,61003
9117,61003
9118,61003
9119,61003
9120,61003
9121,61003
9122,61003
9123,61003
9124,61003
9125,61003
9126,61003
9127,61003
9128,61003
9129,61003
9130,61003
9131,61003
9132,61003
9133,61003
9134,61003
9135,61003
9136,61003
9137,61003
9138,61003
9139,61003
9140,61003
9141,61003
9142,61003
9143,61003
9144,61003
9145,61003
9146,61003
9147,61003
9148,61003
9149,61003
9150,61003
9151,61003
9152,61003
9153,61003
9154,61003
9155,61003
9156,61003
9157,61003
9158,61003
9159,61003
9160,61003
9161,61003
9162,61003
9163,61003
9164,61003
9165,61003
9166,61003
9167,61003
9168,61003
9169,61003
9170,61003
9171,61003
9172,61003
9173,61003
9174,61003
9175,61003
9176,61003
9177,61003
9178,61003
9179,61003
9180,61003
9181,61003
9182,61003
9183,61003
9184,61003
9185,61003
9186,61003
9187,61003
9188,61003
9189,61003
9190,61003
9191,61003
9192,61003
9193,61003
9194,61003
9195,61003
9196,61003
9197,61003
9198,61003
9199,61003
9200,61003
9201,61003
9202,61003
9203,61003
9204,61003
9205,61003
9206,61003
9207,61003
9208,61003
9209,61003
9210,61003
9211,61003
9212,61003
9213,61003
9214,61003
9215,61003
9216,61003
9217,61003
9218,61003
9219,61003
9220,61003
9221,61003
9222,61003
9223,61003
9224,61003
9225,61003
9226,61003
9227,61003
9228,61003
9229,61003
9230,61003
9231,61003
9232,61003
9233,61003
9234,61003
9235,61003
9236,61003
9237,61003
9238,61003
9239,61003
9240,61003
9241,61003
9242,61003
9243,61003
9244,61003
9245,61003
9246,61003
9247,61003
9248,61003
9249,61003
9250,61003
9251,61003
9252,61003
9253,61003
9254,61003
9255,61003
9256,61003
9257,61003
9258,61003
9259,61003
9260,61003
9261,61003
9262,61003
9263,61003
9264,61003
9265,61003
9266,61003
9267,61003
9268,61003
9269,61003
9270,61003
9271,61003
9272,61003
9273,61003
9274,61003
9275,61003
9276,61003
9277,61003
9278,61003
9279,61003
9280,61003
9281,61003
9282,61003
9283,61003
9284,61003
9285,61003
9286,61003
9287,61003
9288,61003
9289,61003
9290,61003
9291,61003
9292,61003
9293,61003
9294,61003
9295,61003
9296,61003
9297,61003
9298,61003
9299,61003
9300,61003
9301,61003
9302,61003
9303,61003
9304,61003
9305,61003
9306,61003
9307,61003
9308,61003
9309,61003
9310,61003
9311,61003
9312,61003
9313,61003
9314,61003
9315,61003
9316,61003
9317,61003
9318,61003
9319,61003
9320,61003
9321,61003
9322,61003
9323,61003
9324,61003
9325,61003
9326,61003
9327,61003
9328,61003
9329,61003
9330,61003
9331,61003
9332,61003
9333,61003
9334,61003
9335,61003
9336,61003
9337,61003
9338,61003
9339,61003
9340,61003
9341,61003
9342,61003
9343,61003
9344,61003
9345,61003
9346,61003
9347,61003
9348,61003
9349,61003
9350,61003
9351,61003
9352,61003
9353,61003
9354,61003
9355,61003
9356,61003
9357,61003
9358,61003
9359,61003
9360,61003
9361,61003
9362,61003
9363,61003
9364,61003
9365,61003
9366,61003
9367,61003
9368,61003
9369,61003
9370,61003
9371,61003
9372,61003
9373,61003
9374,61003
9375,61003
9376,61003
9377,61003
9378,61003
9379,61003
9380,61003
9381,61003
9382,61003
9383,61003
9384,61003
9385,61003
9386,61003
9387,61003
9388,61003
9389,61003
9390,61003
9391,61003
9392,61003
9393,61003
9394,61003
9395,61003
9396,61003
9397,61003
9398,61003
9399,61003
9400,61003
9401,61003
9402,61003
9403,61003
9404,61003
9405,61003
9406,61003
9407,61003
9408,61003
9409,61003
9410,61003
9411,61003
9412,61003
9413,61003
9414,61003
9415,61003
9416,61003
9417,61003
9418,61003
9419,61003
9420,61003
9421,61003
9422,61003
9423,61003
9424,61003
9425,61003
9426,61003
9427,61003
9428,61003
9429,61003
9430,61003
9431,61003
9432,61003
9433,61003
9434,61003
9435,61003
9436,61003
9437,61003
9438,61003
9439,61003
9440,61003
9441,61003
9442,61003
9443,61003
9444,61003
9445,61003
9446,61002
9447,61001
9448,60999
9449,60996
9450,60994
9451,60992
9452,60990
9453,60988
9454,60987
9455,60986
9456,60985
9457,60984
9458,60983
9459,60982
9460,60981
9461,60980
9462,60978
9463,60976
9464,60977
9465,60978
9466,60979
9467,60980
9468,60981
9469,60982
9470,60983
9471,60984
9472,60985
9473,60986
9474,60987
9475,60988
9476,60989
9477,60990
9478,60991
9479,60992
9480,60993
9481,60994
9482,60995
9483,60996
9484,60997
9485,60998
9486,60999
9487,61000
9488,61001
9489,61002
9490,61003
9491,61003
9492,61003
9493,61003
9494,61003
9495,61003
9496,61003
9497,61003
9498,61003
9499,61003
9500,61003
9501,61003
9502,61003
9503,61003
9504,61003
9505,61003
9506,61003
9507,61003
9508,61003
9509,61003
9510,61003
9511,61003
9512,61003
9513,61003
9514,61003
9515,61003
9516,61003
9517,61003
9518,61003
9519,61003
9520,61003
9521,61003
9522,61003
9523,61003
9524,61003
9525,61003
9526,61003
9527,61003
9528,61003
9529,61003
9530,61003
9531,61003
9532,61003
9533,61003
9534,61003
9535,61003
9536,61003
9537,61003
9538,61003
9539,61003
9540,61003
9541,61003
9542,61003
9543,61003
9544,61003
9545,61003
9546,61003
9547,61003
9548,61003
9549,61003
9550,61003
9551,61003
9552,61003
9553,61003
9554,61003
9555,61003
9556,61003
9557,61003
9558,61003
9559,61003
9560,61003
9561,61003
9562,61003
9563,61003
9564,61003
9565,61003
9566,61003
9567,61003
9568,61003
9569,61003
9570,61003
9571,61003
9572,61003
9573,61003
9574,61003
9575,61003
9576,61003
9577,61003
9578,61003
9579,61003
9580,61003
9581,61003
9582,61003
9583,61003
9584,61003
9585,61003
9586,61003
9587,61003
9588,61003
9589,61003
9590,61003
9591,61003
9592,61003
9593,61003
9594,61003
9595,61003
9596,61003
9597,61003
9598,61003
9599,61003
9600,61003
9601,61003
9602,61003
9603,61004
9604,61005
9605,61006
9606,61007
9607,61008
9608,61009
9609,61010
9610,61011
9611,61012
9612,61013
9613,61014
9614,61016
9615,61018
9616,61020
9617,61022
9618,61024
9619,61026
9620,61028
9621,61030
9622,61032
9623,61035
9624,61039
9625,61043
9626,61047
9627,61051
9628,61056
9629,61061
9630,61066
9631,61072
9632,61078
9633,61085
9634,61093
9635,61102
9636,61111
9637,61120
9638,61129
9639,61139
9640,61149
9641,61159
9642,61169
9643,61180
9644,61194
9645,61207
9646,61221
9647,61235
9648,61250
9649,61266
9650,61283
9651,61301
9652,61320
9653,61339
9654,61361
9655,61383
9656,61405
9657,61428
9658,61452
9659,61476
9660,61500
9661,61483
9662,61468
9663,61452
9664,61445
9665,61438
9666,61431
9667,61424
9668,61417
9669,61410
9670,61403
9671,61396
9672,61389
9673,61382
9674,61387
9675,61393
9676,61398
9677,61403
9678,61409
9679,61415
9680,61421
9681,61426
9682,61432
9683,61438
9684,61445
9685,61452
9686,61459
9687,61466
9688,61473
9689,61480
9690,61487
9691,61494
9692,61501
9693,61508
9694,61519
9695,61529
9696,61539
9697,61550
9698,61561
9699,61572
9700,61583
9701,61594
9702,61604
9703,61615
9704,61629
9705,61644
9706,61658
9707,61672
9708,61686
9709,61701
9710,61716
9711,61730
9712,61744
9713,61759
9714,61777
9715,61795
9716,61814
9717,61833
9718,61852
9719,61871
9720,61890
9721,61910
9722,61930
9723,61950
9724,61973
9725,61995
9726,62018
9727,62041
9728,62065
9729,62088
9730,62111
9731,62135
9732,62159
9733,62182
9734,62209
9735,62235
9736,62260
9737,62286
9738,62311
9739,62337
9740,62362
9741,62393
9742,62424
9743,62454
9744,62488
9745,62521
9746,62554
9747,62586
9748,62618
9749,62649
9750,62681
9751,62714
9752,62747
9753,62780
9754,62815
9755,62850
9756,62885
9757,62920
9758,62954
9759,62989
9760,63022
9761,63055
9762,63089
9763,63123
9764,63160
9765,63196
9766,63232
9767,63267
9768,63302
9769,63338
9770,63375
9771,63410
9772,63446
9773,63482
9774,63513
9775,63544
9776,63575
9777,63606
9778,63637
9779,63667
9780,63698
9781,63730
9782,63761
9783,63792
9784,63825
9785,63858
9786,63890
9787,63923
9788,63955
9789,63988
9790,64021
9791,64054
9792,64087
9793,64121
9794,64155
9795,64189
9796,64223
9797,64257
9798,64290
9799,64324
9800,64358
9801,64391
9802,64425
9803,64458
9804,64493
9805,64528
9806,64563
9807,64597
9808,64631
9809,64665
9810,64698
9811,64731
9812,64764
9813,64797
9814,64831
9815,64865
9816,64898
9817,64931
9818,64964
9819,64997
9820,65030
9821,65062
9822,65094
9823,65127
9824,65161
9825,65194
9826,65226
9827,65258
9828,65289
9829,65320
9830,65350
9831,65381
9832,65411
9833,65441
9834,65472
9835,65502
9836,65532
9837,65562
9838,65591
9839,65621
9840,65650
9841,65680
9842,65710
9843,65740
9844,65770
9845,65800
9846,65831
9847,65861
9848,65891
9849,65921
9850,65950
9851,65979
9852,66008
9853,66037
9854,66067
9855,66097
9856,66126
9857,66155
9858,66184
9859,66213
9860,66242
9861,66271
9862,66300
9863,66329
9864,66359
9865,66389
9866,66418
9867,66446
9868,66475
9869,66504
9870,66532
9871,66560
9872,66588
9873,66616
9874,66644
9875,66673
9876,66701
9877,66729
9878,66757
9879,66785
9880,66813
9881,66840
9882,66867
9883,66894
9884,66921
9885,66948
9886,66975
9887,67002
9888,67029
9889,67055
9890,67081
9891,67107
9892,67133
9893,67159
9894,67186
9895,67212
9896,67238
9897,67264
9898,67290
9899,67316
9900,67342
9901,67192
9902,67045
9903,66892
9904,66742
9905,66589
9906,66437
9907,66280
9908,66132
9909,65983
9910,65845
9911,65704
9912,65563
9913,65425
9914,65292
9915,65160
9916,65025
9917,64897
9918,64765
9919,64635
9920,64504
9921,64378
9922,64260
9923,64143
9924,64023
9925,63906
9926,63792
9927,63682
9928,63571
9929,63468
9930,63365
9931,63267
9932,63168
9933,63073
9934,62985
9935,62904
9936,62826
9937,62755
9938,62686
9939,62619
9940,62551
9941,62485
9942,62426
9943,62367
9944,62310
9945,62257
9946,62201
9947,62150
9948,62106
9949,62060
9950,62018
9951,61975
9952,61934
9953,61896
9954,61860
9955,61825
9956,61791
9957,61762
9958,61737
9959,61713
9960,61689
9961,61669
9962,61650
9963,61631
9964,61610
9965,61588
9966,61566
9967,61544
9968,61523
9969,61504
9970,61485
9971,61467
9972,61448
9973,61429
9974,61410
9975,61391
9976,61372
9977,61352
9978,61328
9979,61309
9980,61291
9981,61272
9982,61254
9983,61238
9984,61220
9985,61205
9986,61188
9987,61170
9988,61153
9989,61138
9990,61121
9991,61108
9992,61094
9993,61075
9994,61058
9995,61038
9996,61025
9997,61015
9998,61007
9999,61003
10000,61003
10001,61003
10002,61003
10003,61003
10004,61003
10005,61003
10006,61003
10007,61003
10008,61003
10009,61003
10010,61003
10011,61003
10012,61003
10013,61003
10014,61003
10015,61003
10016,61003
10017,61003
10018,61003
10019,61003
10020,61003
10021,61003
10022,61003
10023,61003
10024,61003
10025,61003
10026,61003
10027,61003
10028,61003
10029,61003
10030,61003
10031,61003
10032,61003
10033,61003
10034,61003
10035,61003
10036,61003
10037,61003
10038,61003
10039,61003
10040,61003
10041,61003
10042,61003
10043,61003
10044,61003
10045,61003
10046,61003
10047,61003
10048,61003
10049,61003
10050,61003
10051,61003
10052,61003
10053,61003
10054,61003
10055,61003
10056,61003
10057,61003
10058,61003
10059,61003
10060,61003
10061,61003
10062,61003
10063,61003
10064,61003
10065,61003
10066,61003
10067,61003
10068,61003
10069,61003
10070,61003
10071,61003
10072,61003
10073,61003
10074,61003
10075,61003
10076,61003
10077,61003
10078,61003
10079,61003
10080,61003
10081,61003
10082,61003
10083,61003
10084,61003
10085,61003
10086,61003
10087,61003
10088,61003
10089,61003
10090,61003
10091,61003
10092,61003
10093,61003
10094,61003
10095,61003
10096,61003
10097,61003
10098,61003
10099,61003
10100,61003
10101,61003
10102,61003
10103,61003
10104,61003
10105,61003
10106,61003
10107,61003
10108,61003
10109,61003
10110,61003
10111,61003
10112,61003
10113,61003
10114,61003
10115,61003
10116,61003
10117,61003
10118,61003
10119,61003
10120,61003
10121,61003
10122,61003
10123,61003
10124,61003
10125,61003
10126,61003
10127,61003
10128,61003
10129,61003
10130,61003
10131,61003
10132,61003
10133,61003
10134,61003
10135,61003
10136,61003
10137,61003
10138,61003
10139,61003
10140,61003
10141,61003
10142,61003
10143,61003
10144,61003
10145,61003
10146,61003
10147,61003
10148,61003
10149,61003
10150,61003
10151,61003
10152,61003
10153,61003
10154,61003
10155,61003
10156,61003
10157,61003
10158,61003
10159,61003
10160,61003
10161,61003
10162,61003
10163,61003
10164,61003
10165,61003
10166,61003
10167,61003
10168,61003
10169,61003
10170,61003
10171,61003
10172,61003
10173,61003
10174,61003
10175,61003
10176,61003
10177,61003
10178,61003
10179,61003
10180,61003
10181,61003
10182,61003
10183,61003
10184,61003
10185,61003
10186,61003
10187,61003
10188,61003
10189,61003
10190,61003
10191,61003
10192,61003
10193,61003
10194,61003
10195,61003
10196,61003
10197,61003
10198,61003
10199,61003
10200,61003
10201,61003
10202,61003
10203,61003
10204,61003
10205,61003
10206,61003
10207,61003
10208,61003
10209,61003
10210,61003
10211,61003
10212,61003
10213,61003
10214,61003
10215,61003
10216,61003
10217,61003
10218,61003
10219,61003
10220,61003
10221,61003
10222,61003
10223,61003
10224,61003
10225,61003
10226,61003
10227,61003
10228,61003
10229,61003
10230,61003
10231,61003
10232,61003
10233,61003
10234,61003
10235,61003
10236,61003
10237,61003
10238,61003
10239,61003
10240,61003
10241,61003
10242,61003
10243,61003
10244,61003
10245,61003
10246,61003
10247,61003
10248,61003
10249,61003
10250,61003
10251,61003
10252,61003
10253,61003
10254,61003
10255,61003
10256,61003
10257,61003
10258,61003
10259,61003
10260,61003
10261,61003
10262,61003
10263,61003
10264,61003
10265,61003
10266,61003
10267,61003
10268,61003
10269,61003
10270,61003
10271,61003
10272,61003
10273,61003
10274,61003
10275,61003
10276,61003
10277,61003
10278,61003
10279,61003
10280,61003
10281,61003
10282,61003
10283,61003
10284,61003
10285,61003
10286,61003
10287,61003
10288,61003
10289,61003
10290,61003
10291,61003
10292,61003
10293,61003
10294,61003
10295,61003
10296,61003
10297,61003
10298,61003
10299,61003
10300,61003
10301,61003
10302,61003
10303,61003
10304,61003
10305,61003
10306,61003
10307,61003
10308,61003
10309,61003
10310,61003
10311,61003
10312,61003
10313,61003
10314,61003
10315,61003
10316,61003
10317,61003
10318,61003
10319,61003
10320,61003
10321,61003
10322,61003
10323,61003
10324,61003
10325,61003
10326,61003
10327,61003
10328,61003
10329,61003
10330,61003
10331,61003
10332,61003
10333,61003
10334,61003
10335,61003
10336,61003
10337,61003
10338,61003
10339,61003
10340,61003
10341,61003
10342,61003
10343,61003
10344,61003
10345,61003
10346,61003
10347,61003
10348,61003
10349,61003
10350,61003
10351,61003
10352,61003
10353,61003
10354,61003
10355,61003
10356,61003
10357,61003
10358,61003
10359,61003
10360,61003
10361,61003
10362,61003
10363,61003
10364,61003
10365,61003
10366,61003
10367,61003
10368,61003
10369,61003
10370,61003
10371,61003
10372,61003
10373,61003
10374,61003
10375,61003
10376,61003
10377,61003
10378,61003
10379,61003
10380,61003
10381,61003
10382,61003
10383,61003
10384,61003
10385,61003
10386,61003
10387,61003
10388,61003
10389,61003
10390,61003
10391,61003
10392,61003
10393,61003
10394,61003
10395,61003
10396,61003
10397,61003
10398,61003
10399,61003
10400,61003
10401,61003
10402,61003
10403,61003
10404,61003
10405,61003
10406,61003
10407,61003
10408,61003
10409,61003
10410,61003
10411,61003
10412,61003
10413,61003
10414,61003
10415,61003
10416,61003
10417,61003
10418,61003
10419,61003
10420,61003
10421,61003
10422,61003
10423,61003
10424,61003
10425,61003
10426,61003
10427,61003
10428,61003
10429,61003
10430,61003
10431,61003
10432,61003
10433,61003
10434,61003
10435,61003
10436,61003
10437,61003
10438,61003
10439,61003
10440,61003
10441,61003
10442,61003
10443,61003
10444,61003
10445,61003
10446,61003
10447,61003
10448,61003
10449,61003
10450,61003
10451,61003
10452,61003
10453,61003
10454,61003
10455,61003
10456,61003
10457,61003
10458,61003
10459,61003
10460,61003
10461,61003
10462,61003
10463,61003
10464,61003
10465,61003
10466,61003
10467,61003
10468,61003
10469,61003
10470,61003
10471,61003
10472,61003
10473,61003
10474,61003
10475,61003
10476,61003
10477,61003
10478,61003
10479,61003
10480,61003
10481,61003
10482,61003
10483,61003
10484,61003
10485,61003
10486,61002
10487,61000
10488,60997
10489,60995
10490,60993
10491,60990
10492,60987
10493,60984
10494,60982
10495,60979
10496,60975
10497,60972
10498,60969
10499,60966
10500,60963
10501,60959
10502,60955
10503,60950
10504,60947
10505,60944
10506,60941
10507,60938
10508,60935
10509,60932
10510,60930
10511,60928
10512,60926
10513,60924
10514,60925
10515,60926
10516,60927
10517,60928
10518,60929
10519,60930
10520,60931
10521,60932
10522,60933
10523,60934
10524,60936
10525,60938
10526,60940
10527,60942
10528,60944
10529,60945
10530,60946
10531,60948
10532,60950
10533,60951
10534,60953
10535,60954
10536,60955
10537,60956
10538,60957
10539,60958
10540,60959
10541,60949
10542,60941
10543,60931
10544,60921
10545,60907
10546,60889
10547,60870
10548,60850
10549,60831
10550,60806
10551,60778
10552,60749
10553,60717
10554,60684
10555,60645
10556,60610
10557,60578
10558,60547
10559,60512
10560,60471
10561,60430
10562,60391
10563,60352
10564,60312
10565,60272
10566,60230
10567,60184
10568,60133
10569,60085
10570,60031
10571,59974
10572,59917
10573,59858
10574,59796
10575,59730
10576,59661
10577,59596
10578,59522
10579,59443
10580,59368
10581,59295
10582,59215
10583,59134
10584,59048
10585,58961
10586,58867
10587,58771
10588,58672
10589,58569
10590,58465
10591,58362
10592,58259
10593,58150
10594,58041
10595,57929
10596,57821
10597,57710
10598,57598
10599,57485
10600,57365
10601,57243
10602,57124
10603,57001
10604,56881
10605,56759
10606,56635
10607,56512
10608,56383
10609,56258
10610,56135
10611,56013
10612,55888
10613,55760
10614,55631
10615,55500
10616,55371
10617,55234
10618,55102
10619,54967
10620,54832
10621,54692
10622,54549
10623,54404
10624,54259
10625,54114
10626,53964
10627,53814
10628,53657
10629,53498
10630,53330
10631,53162
10632,52995
10633,52826
10634,52653
10635,52483
10636,52308
10637,52125
10638,51948
10639,51771
10640,51589
10641,51405
10642,51218
10643,51029
10644,50832
10645,50634
10646,50433
10647,50229
10648,50023
10649,49806
10650,49584
10651,49366
10652,49149
10653,48925
10654,48701
10655,48467
10656,48233
10657,47990
10658,47741
10659,47487
10660,47232
10661,46979
10662,46727
10663,46467
10664,46207
10665,45944
10666,45687
10667,45424
10668,45169
10669,44919
10670,44665
10671,44412
10672,44156
10673,43904
10674,43652
10675,43398
10676,43137
10677,42881
10678,42627
10679,42368
10680,42110
10681,41857
10682,41604
10683,41346
10684,41089
10685,40851
10686,40648
10687,40488
10688,40370
10689,40286
10690,40224
10691,40179
10692,40144
10693,40110
10694,40113
10695,40115
10696,40117
10697,40119
10698,40121
10699,40123
10700,40125
10701,40132
10702,40138
10703,40143
10704,40159
10705,40173
10706,40186
10707,40198
10708,40208
10709,40217
10710,40226
10711,40234
10712,40241
10713,40248
10714,40263
10715,40277
10716,40290
10717,40302
10718,40313
10719,40323
10720,40332
10721,40340
10722,40347
10723,40354
10724,40368
10725,40381
10726,40393
10727,40404
10728,40415
10729,40425
10730,40434
10731,40442
10732,40449
10733,40456
10734,40469
10735,40482
10736,40494
10737,40505
10738,40515
10739,40524
10740,40532
10741,40540
10742,40547
10743,40554
10744,40566
10745,40578
10746,40589
10747,40599
10748,40608
10749,40617
10750,40625
10751,40633
10752,40640
10753,40646
10754,40657
10755,40668
10756,40678
10757,40688
10758,40697
10759,40705
10760,40713
10761,40720
10762,40727
10763,40733
10764,40744
10765,40754
10766,40763
10767,40772
10768,40781
10769,40789
10770,40796
10771,40803
10772,40809
10773,40815
10774,40825
10775,40834
10776,40843
10777,40851
10778,40859
10779,40862
10780,40865
10781,40868
10782,40871
10783,40874
10784,40879
10785,40883
10786,40887
10787,40891
10788,40895
10789,40899
10790,40903
10791,40907
10792,40911
10793,40915
10794,40920
10795,40925
10796,40930
10797,40935
10798,40940
10799,40944
10800,40948
10801,40952
10802,40956
10803,40960
10804,40965
10805,40970
10806,40975
10807,40980
10808,40985
10809,40990
10810,40995
10811,41000
10812,41005
10813,41009
10814,41015
10815,41020
10816,41025
10817,41030
10818,41035
10819,41040
10820,41045
10821,41050
10822,41055
10823,41060
10824,41066
10825,41071
10826,41076
10827,41081
10828,41086
10829,41091
10830,41096
10831,41101
10832,41106
10833,41111
10834,41117
10835,41123
10836,41128
10837,41133
10838,41138
10839,41143
10840,41148
10841,41153
10842,41158
10843,41163
10844,41169
10845,41175
10846,41180
10847,41185
10848,41190
10849,41195
10850,41200
10851,41205
10852,41210
10853,41215
10854,41221
10855,41226
10856,41231
10857,41236
10858,41241
10859,41246
10860,41251
10861,41271
10862,41289
10863,41306
10864,41325
10865,41343
10866,41359
10867,41374
10868,41388
10869,41401
10870,41412
10871,41423
10872,41433
10873,41442
10874,41454
10875,41465
10876,41476
10877,41486
10878,41495
10879,41503
10880,41511
10881,41518
10882,41525
10883,41531
10884,41540
10885,41548
10886,41556
10887,41563
10888,41570
10889,41576
10890,41582
10891,41588
10892,41593
10893,41598
10894,41606
10895,41613
10896,41620
10897,41626
10898,41632
10899,41637
10900,41642
10901,41647
10902,41651
10903,41655
10904,41662
10905,41668
10906,41674
10907,41679
10908,41684
10909,41689
10910,41693
10911,41697
10912,41701
10913,41705
10914,41711
10915,41717
10916,41722
10917,41727
10918,41732
10919,41737
10920,41741
10921,41745
10922,41749
10923,41752
10924,41758
10925,41763
10926,41768
10927,41773
10928,41778
10929,41782
10930,41786
10931,41790
10932,41794
10933,41797
10934,41802
10935,41807
10936,41812
10937,41817
10938,41821
10939,41825
10940,41829
10941,41834
10942,41839
10943,41844
10944,41851
10945,41858
10946,41864
10947,41870
10948,41875
10949,41880
10950,41885
10951,41889
10952,41893
10953,41896
10954,41902
10955,41908
10956,41914
10957,41919
10958,41924
10959,41928
10960,41932
10961,41936
10962,41939
10963,41942
10964,41948
10965,41953
10966,41958
10967,41963
10968,41967
10969,41971
10970,41975
10971,41979
10972,41982
10973,41985
10974,41990
10975,41995
10976,42000
10977,42004
10978,42008
10979,42012
10980,42016
10981,42019
10982,42022
10983,42025
10984,42030
10985,42035
10986,42040
10987,42044
10988,42048
10989,42052
10990,42055
10991,42058
10992,42061
10993,42064
10994,42069
10995,42074
10996,42078
10997,42082
10998,42086
10999,42090
11000,42093
11001,42096
11002,42099
11003,42102
11004,42107
11005,42112
11006,42116
11007,42120
11008,42124
11009,42128
11010,42131
11011,42134
11012,42137
11013,42140
11014,42145
11015,42149
11016,42153
11017,42157
11018,42161
11019,42164
11020,42167
11021,42172
11022,42176
11023,42180
11024,42186
11025,42192
11026,42197
11027,42202
11028,42207
11029,42211
11030,42215
11031,42219
11032,42222
11033,42225
11034,42231
11035,42236
11036,42241
11037,42245
11038,42249
11039,42253
11040,42256
11041,42259
11042,42262
11043,42265
11044,42270
11045,42275
11046,42279
11047,42283
11048,42287
11049,42291
11050,42294
11051,42297
11052,42300
11053,42303
11054,42308
11055,42312
11056,42316
11057,42320
11058,42324
11059,42327
11060,42330
11061,42333
11062,42336
11063,42339
11064,42344
11065,42348
11066,42352
11067,42356
11068,42360
11069,42363
11070,42366
11071,42369
11072,42372
11073,42375
11074,42379
11075,42383
11076,42387
11077,42391
11078,42394
11079,42397
11080,42400
11081,42403
11082,42406
11083,42409
11084,42413
11085,42417
11086,42421
11087,42425
11088,42428
11089,42431
11090,42434
11091,42437
11092,42440
11093,42443
11094,42447
11095,42451
11096,42455
11097,42459
11098,42462
11099,42465
11100,42468
11101,42472
11102,42476
11103,42480
11104,42486
11105,42491
11106,42496
11107,42501
11108,42505
11109,42509
11110,42513
11111,42516
11112,42519
11113,42522
11114,42527
11115,42532
11116,42536
11117,42540
11118,42544
11119,42547
11120,42550
11121,42553
11122,42556
11123,42559
11124,42564
11125,42568
11126,42572
11127,42576
11128,42580
11129,42583
11130,42586
11131,42589
11132,42592
11133,42594
11134,42598
11135,42602
11136,42606
11137,42610
11138,42613
11139,42616
11140,42619
11141,42622
11142,42625
11143,42627
11144,42631
11145,42635
11146,42639
11147,42643
11148,42646
11149,42649
11150,42652
11151,42655
11152,42658
11153,42660
11154,42664
11155,42668
11156,42672
11157,42676
11158,42679
11159,42682
11160,42685
11161,42688
11162,42691
11163,42693
11164,42697
11165,42701
11166,42705
11167,42708
11168,42711
11169,42714
11170,42717
11171,42720
11172,42723
11173,42725
11174,42729
11175,42733
11176,42737
11177,42740
11178,42743
11179,42746
11180,42749
11181,42753
11182,42757
11183,42760
11184,42766
11185,42771
11186,42776
11187,42780
11188,42784
11189,42788
11190,42791
11191,42794
11192,42797
11193,42800
11194,42805
11195,42810
11196,42814
11197,42818
11198,42822
11199,42825
11200,42828
11201,42831
11202,42834
11203,42836
11204,42840
11205,42844
11206,42848
11207,42852
11208,42855
11209,42858
11210,42861
11211,42864
11212,42867
11213,42870
11214,42875
11215,42880
11216,42885
11217,42890
11218,42894
11219,42898
11220,42902
11221,42906
11222,42910
11223,42913
11224,42921
11225,42929
11226,42931
11227,42933
11228,42935
11229,42937
11230,42939
11231,42941
11232,42943
11233,42945
11234,42947
11235,42949
11236,42951
11237,42953
11238,42955
11239,42957
11240,42959
11241,42961
11242,42963
11243,42965
11244,42967
11245,42969
11246,42971
11247,42973
11248,42975
11249,42977
11250,42979
11251,42981
11252,42983
11253,42985
11254,42988
11255,42991
11256,42994
11257,42997
11258,43000
11259,43003
11260,43006
11261,42771
11262,42541
11263,42306
11264,42070
11265,41828
11266,41589
11267,41338
11268,41076
11269,40807
11270,40533
11271,40263
11272,40000
11273,39739
11274,39475
11275,39213
11276,38941
11277,38673
11278,38398
11279,38115
11280,37838
11281,37552
11282,37258
11283,36965
11284,36672
11285,36372
11286,36066
11287,35760
11288,35451
11289,35137
11290,34810
11291,34492
11292,34166
11293,33838
11294,33510
11295,33175
11296,32832
11297,32493
11298,32156
11299,31831
11300,31487
11301,31152
11302,30803
11303,30451
11304,30088
11305,29716
11306,29344
11307,28977
11308,28610
11309,28232
11310,27864
11311,27492
11312,27118
11313,26741
11314,26361
11315,25974
11316,25570
11317,25167
11318,24764
11319,24377
11320,23974
11321,23567
11322,23155
11323,22740
11324,22326
11325,21908
11326,21492
11327,21069
11328,20645
11329,20218
11330,19781
11331,19347
11332,18900
11333,18438
11334,17969
11335,17487
11336,17004
11337,16513
11338,16004
11339,15501
11340,14987
11341,14463
11342,13933
11343,13417
11344,12914
11345,12402
11346,11911
11347,11435
11348,10950
11349,10493
11350,10074
11351,9668
11352,9272
11353,8868
11354,8483
11355,8092
11356,7705
11357,7318
11358,6957
11359,6594
11360,6236
11361,5896
11362,5562
11363,5228
11364,4910
11365,4598
11366,4310
11367,4037
11368,3762
11369,3474
11370,3198
11371,2918
11372,2653
11373,2385
11374,2129
11375,1921
11376,1728
11377,1545
11378,1372
11379,1212
11380,1067
11381,932
11382,803
11383,683
11384,581
11385,498
11386,434
11387,385
11388,341
11389,303
11390,263
11391,220
11392,185
11393,152
11394,123
11395,0
11396,0
11397,0
11398,0
11399,0
11400,0
11401,0
11402,0
11403,0
11404,0
11405,0
11406,0
11407,0
11408,0
11409,0
11410,0
11411,0
11412,0
11413,0
11414,0
11415,0
11416,0
11417,0
11418,0
11419,0
11420,0
11421,0
11422,0
11423,0
11424,0
11425,0
11426,0
11427,0
11428,0
11429,0
11430,0
11431,0
11432,0
11433,0
11434,0
11435,0
11436,0
11437,0
11438,0
11439,0
11440,0
11441,0
11442,0
11443,0
11444,0
11445,0
11446,0
11447,0
11448,0
11449,0
11450,0
11451,0
11452,0
11453,0
11454,0
11455,0
11456,0
11457,0
11458,0
11459,0
11460,0
11461,0
11462,0
11463,0
11464,0
11465,0
11466,0
11467,0
11468,0
11469,0
11470,0
11471,0
11472,0
11473,0
11474,0
11475,0
11476,0
11477,0
11478,0
11479,0
11480,0
11481,0
11482,0
11483,0
11484,0
11485,0
11486,0
11487,0
11488,0
11489,0
11490,0
11491,0
11492,0
11493,0
11494,0
11495,0
11496,0
11497,0
11498,0
11499,0
11500,0
11501,0
11502,0
11503,0
11504,0
11505,0
11506,0
11507,0
11508,0
11509,0
11510,0
11511,0
11512,0
11513,0
11514,0
11515,0
11516,0
11517,0
11518,0
11519,0
11520,0
11521,0
11522,0
11523,0
11524,0
11525,0
11526,0
11527,0
11528,0
11529,0
11530,0
11531,0
11532,0
11533,0
11534,0
11535,0
11536,0
11537,0
11538,0
11539,0
11540,0
11541,0
11542,0
11543,0
11544,0
11545,0
11546,0
11547,0
11548,0
11549,0
11550,0
11551,0
11552,0
11553,0
11554,0
11555,0
11556,0
11557,0
11558,0
11559,0
11560,0
11561,0
11562,0
11563,0
11564,0
11565,0
11566,0
11567,0
11568,0
11569,0
11570,0
11571,0
11572,0
11573,0
11574,0
11575,0
11576,0
11577,0
11578,0
11579,0
11580,0
11581,0
11582,0
11583,0
11584,0
11585,0
11586,0
11587,0
11588,0
11589,0
11590,0
11591,0
11592,0
11593,0
11594,0
11595,0
11596,0
11597,0
11598,0
11599,0
11600,0
11601,0
11602,0
11603,0
11604,0
11605,0
11606,0
11607,0
11608,0
11609,0
11610,0
11611,0
11612,0
11613,0
11614,0
11615,0
11616,0
11617,0
11618,0
11619,0
11620,0
11621,0
11622,0
11623,0
11624,0
11625,0
11626,0
11627,0
11628,0
11629,0
11630,0
11631,0
11632,0
11633,0
11634,0
11635,0
11636,0
11637,0
11638,0
11639,0
11640,0
11641,0
11642,0
11643,0
11644,0
11645,0
11646,0
11647,0
11648,0
11649,0
11650,0
11651,0
11652,0
11653,0
11654,0
11655,0
11656,0
11657,0
11658,0
11659,0
11660,0
11661,0
11662,0
11663,0
11664,0
11665,0
11666,0
11667,0
11668,0
11669,0
11670,0
11671,0
11672,0
11673,0
11674,0
11675,0
11676,0
11677,0
11678,0
11679,0
11680,0
11681,0
11682,0
11683,0
11684,0
11685,0
11686,0
11687,0
11688,0
11689,0
11690,0
11691,0
11692,0
11693,0
11694,0
11695,0
11696,0
11697,0
11698,0
11699,0
11700,0
11701,0
11702,0
11703,0
11704,0
11705,0
11706,0
11707,0
11708,0
11709,0
11710,0
11711,0
11712,0
11713,0
11714,0
11715,0
11716,0
11717,0
11718,0
11719,0
11720,0
11721,0
11722,0
11723,0
11724,0
11725,0
11726,0
11727,0
11728,0
11729,0
11730,0
11731,0
11732,0
11733,0
11734,0
11735,0
11736,0
11737,0
11738,0
11739,0
11740,0
11741,0
11742,0
11743,0
11744,0
11745,0
11746,0
11747,0
11748,0
11749,0
11750,0
11751,0
11752,0
11753,0
11754,0
11755,0
11756,0
11757,0
11758,0
11759,0
11760,0
11761,0
11762,0
11763,0
11764,0
11765,0
11766,0
11767,0
11768,0
11769,0
11770,0
11771,0
11772,0
11773,0
11774,0
11775,0
11776,0
11777,0
11778,0
11779,0
11780,0
11781,0
11782,0
11783,0
11784,0
11785,0
11786,0
11787,0
11788,0
11789,0
11790,0
11791,0
11792,0
11793,0
11794,0
11795,0
11796,0
11797,0
11798,0
11799,0
11800,0
11801,0
11802,0
11803,0
11804,0
11805,0
11806,0
11807,0
11808,0
11809,0
11810,0
11811,0
11812,0
11813,0
11814,0
11815,0
11816,0
11817,0
11818,0
11819,0
11820,0
11821,0
11822,0
11823,0
11824,0
11825,0
11826,0
11827,0
11828,0
11829,0
11830,0
11831,0
11832,0
11833,0
11834,0
11835,0
11836,0
11837,0
11838,0
11839,0
11840,0
11841,0
11842,0
11843,0
11844,0
11845,0
11846,0
11847,0
11848,0
11849,0
11850,0
11851,0
11852,0
11853,0
11854,0
11855,0
11856,0
11857,0
11858,0
11859,0
11860,0
11861,0
11862,0
11863,0
11864,0
11865,0
11866,0
11867,0
11868,0
11869,0
11870,0
11871,0
11872,0
11873,0
11874,0
11875,0
11876,0
11877,0
11878,0
11879,0
11880,0
11881,0
11882,0
11883,0
11884,0
11885,0
11886,0
11887,0
11888,0
11889,0
11890,0
11891,0
11892,0
11893,0
11894,0
11895,0
11896,0
11897,0
11898,0
11899,0
11900,0
11901,0
11902,0
11903,0
11904,0
11905,0
11906,0
11907,0
11908,0
11909,0
11910,0
11911,0
11912,0
11913,0
11914,0
11915,0
11916,0
11917,0
11918,0
11919,0
11920,0
11921,0
11922,0
11923,0
11924,0
11925,0
11926,0
11927,0
11928,0
11929,0
11930,0
11931,0
11932,0
11933,0
11934,0
11935,0
11936,0
11937,0
11938,0
11939,0
11940,0
11941,0
11942,0
11943,0
11944,0
11945,0
11946,0
11947,0
11948,0
11949,0
11950,0
11951,0
11952,0
11953,0
11954,0
11955,0
11956,0
11957,0
11958,0
11959,0
11960,0
11961,0
11962,0
11963,0
11964,0
11965,0
11966,0
11967,0
11968,0
11969,0
11970,0
11971,0
11972,0
11973,0
11974,0
11975,0
11976,0
11977,0
11978,0
11979,0
11980,0
11981,0
11982,0
11983,0
11984,0
11985,0
11986,0
11987,0
11988,0
11989,0
11990,0
11991,0
11992,0
11993,0
11994,0
11995,0
11996,0
11997,0
11998,0
11999,0
12000,0
12001,0
12002,0
12003,0
12004,0
12005,0
12006,0
12007,0
12008,0
12009,0
12010,0
12011,0
12012,0
12013,0
12014,0
12015,0
12016,0
12017,0
12018,0
12019,0
12020,0
12021,0
12022,0
12023,0
12024,0
12025,0
12026,0
12027,0
12028,0
12029,0
12030,0
12031,0
12032,0
12033,0
12034,0
12035,0
12036,0
12037,0
12038,0
12039,0
12040,0
12041,0
12042,0
12043,0
12044,0
12045,0
12046,0
12047,0
12048,0
12049,0
12050,0
12051,0
12052,0
12053,0
12054,0
12055,0
12056,0
12057,0
12058,0
12059,0
12060,0
12061,0
12062,0
12063,0
12064,0
12065,0
12066,0
12067,0
12068,0
12069,0
12070,0
12071,0
12072,0
12073,0
12074,0
12075,0
12076,0
12077,0
12078,0
12079,0
12080,0
12081,0
12082,0
12083,0
12084,0
12085,0
12086,0
12087,0
12088,0
12089,0
12090,0
12091,0
12092,0
12093,0
12094,0
12095,0
12096,0
12097,0
12098,0
12099,0
12100,0
12101,0
12102,0
12103,0
12104,0
12105,0
12106,0
12107,0
12108,0
12109,0
12110,0
12111,0
12112,0
12113,0
12114,0
12115,0
12116,0
12117,0
12118,0
12119,0
12120,0
12121,0
12122,0
12123,0
12124,0
12125,0
12126,0
12127,0
12128,0
12129,0
12130,0
12131,0
12132,0
12133,0
12134,0
12135,0
12136,0
12137,0
12138,0
12139,0
12140,0
12141,0
12142,0
12143,0
12144,0
12145,0
12146,0
12147,0
12148,0
12149,0
12150,0
12151,0
12152,0
12153,0
12154,0
12155,0
12156,0
12157,0
12158,0
12159,0
12160,0
12161,0
12162,0
12163,0
12164,0
12165,0
12166,0
12167,0
12168,0
12169,0
12170,0
12171,0
12172,0
12173,0
12174,0
12175,0
12176,0
12177,0
12178,0
12179,0
12180,0
12181,0
12182,0
12183,0
12184,0
12185,0
12186,0
12187,0
12188,0
12189,0
12190,0
12191,0
12192,0
12193,0
12194,0
12195,0
12196,0
12197,0
12198,0
12199,0
12200,0
12201,0
12202,0
12203,0
12204,0
12205,0
12206,0
12207,0
12208,0
12209,0
12210,0
12211,0
12212,0
12213,0
12214,0
12215,0
12216,0
12217,0
12218,0
12219,0
12220,0
12221,0
12222,0
12223,0
12224,0
12225,0
12226,0
12227,0
12228,0
12229,0
12230,0
12231,0
12232,0
12233,0
12234,0
12235,0
12236,0
12237,0
12238,0
12239,0
12240,0
12241,0
12242,0
12243,0
12244,0
12245,0
12246,0
12247,0
12248,0
12249,0
12250,0
12251,0
12252,0
12253,0
12254,0
12255,0
12256,0
12257,0
12258,0
12259,0
12260,0
12261,0
12262,0
12263,0
12264,0
12265,0
12266,0
12267,0
12268,0
12269,0
12270,0
12271,0
12272,0
12273,0
12274,0
12275,0
12276,0
12277,0
12278,0
12279,0
12280,0
12281,0
12282,0
12283,0
12284,0
12285,0
12286,0
12287,0
12288,0
12289,0
12290,0
12291,0
12292,0
12293,0
12294,0
12295,0
12296,0
12297,0
12298,0
12299,0
12300,0
12301,0
12302,0
12303,0
12304,0
12305,0
12306,0
12307,0
12308,0
12309,0
12310,0
12311,0
12312,0
12313,0
12314,0
12315,0
12316,0
12317,0
12318,0
12319,0
12320,0
12321,0
12322,0
12323,0
12324,0
12325,0
12326,0
12327,0
12328,0
12329,0
12330,0
12331,0
12332,0
12333,0
12334,0
12335,0
12336,0
12337,0
12338,0
12339,0
12340,0
12341,0
12342,0
12343,0
12344,0
12345,0
12346,0
12347,0
12348,0
12349,0
12350,0
12351,0
12352,0
12353,0
12354,0
12355,0
12356,0
12357,0
12358,0
12359,0
12360,0
12361,0
12362,0
12363,0
12364,0
12365,0
12366,0
12367,0
12368,0
12369,0
12370,0
12371,0
12372,0
12373,0
12374,0
12375,0
12376,0
12377,0
12378,0
12379,0
12380,0
12381,0
12382,0
12383,0
12384,0
12385,0
12386,0
12387,0
12388,0
12389,0
12390,0
12391,0
12392,0
12393,0
12394,0
12395,0
12396,0
12397,0
12398,0
12399,0
12400,0
12401,0
12402,0
12403,0
12404,0
12405,0
12406,0
12407,0
12408,0
12409,0
12410,0
12411,0
12412,0
12413,0
12414,0
12415,0
12416,0
12417,0
12418,0
12419,0
12420,0
12421,0
12422,0
12423,0
12424,0
12425,0
12426,0
12427,0
12428,0
12429,0
12430,0
12431,0
12432,0
12433,0
12434,0
12435,0
12436,0
12437,0
12438,0
12439,0
12440,0
12441,0
12442,0
12443,0
12444,0
12445,0
12446,0
12447,0
12448,0
12449,0
12450,0
12451,0
12452,0
12453,0
12454,0
12455,0
12456,0
12457,0
12458,0
12459,0
12460,0
12461,0
12462,0
12463,0
12464,0
12465,0
12466,0
12467,0
12468,0
12469,0
12470,0
12471,0
12472,0
12473,0
12474,0
12475,0
12476,0
12477,0
12478,0
12479,0
12480,0
12481,0
12482,0
12483,0
12484,0
12485,0
12486,0
12487,0
12488,0
12489,0
12490,0
12491,0
12492,0
12493,0
12494,0
12495,0
12496,0
12497,0
12498,0
12499,0
12500,0
12501,0
12502,0
12503,0
12504,0
12505,0
12506,0
12507,0
12508,0
12509,0
12510,0
12511,0
12512,0
12513,0
12514,0
12515,0
12516,0
12517,0
12518,0
12519,0
12520,0
12521,0
12522,0
12523,0
12524,0
12525,0
12526,0
12527,0
12528,0
12529,0
12530,0
12531,0
12532,0
12533,0
12534,0
12535,0
12536,0
12537,0
12538,0
12539,0
12540,0
12541,0
12542,0
12543,0
12544,0
12545,0
12546,0
12547,0
12548,0
12549,0
12550,0
12551,0
12552,0
12553,0
12554,0
12555,0
12556,0
12557,0
12558,0
12559,0
12560,0
12561,0
12562,0
12563,0
12564,0
12565,0
12566,0
12567,0
12568,0
12569,0
12570,0
12571,0
12572,0
12573,0
12574,0
12575,0
12576,0
12577,0
12578,0
12579,0
12580,0
12581,0
12582,0
12583,0
12584,0
12585,0
12586,0
12587,0
12588,0
12589,0
12590,0
12591,0
12592,0
12593,0
12594,0
12595,0
12596,0
12597,0
12598,0
12599,0
12600,0
12601,0
12602,0
12603,0
12604,0
12605,0
12606,0
12607,0
12608,0
12609,0
12610,0
12611,0
12612,0
12613,0
12614,0
12615,0
12616,0
12617,0
12618,0
12619,0
12620,0
12621,0
12622,0
12623,0
12624,0
12625,0
12626,0
12627,0
12628,0
12629,0
12630,0
12631,0
12632,0
12633,0
12634,0
12635,0
12636,0
12637,0
12638,0
12639,0
12640,0
12641,0
12642,0
12643,0
12644,0
12645,0
12646,0
12647,0
12648,0
12649,0
12650,0
12651,0
12652,0
12653,0
12654,0
12655,0
12656,0
12657,0
12658,0
12659,0
12660,0
12661,0
12662,0
12663,0
12664,0
12665,0
12666,0
12667,0
12668,0
12669,0
12670,0
12671,0
12672,0
12673,0
12674,0
12675,0
12676,0
12677,0
12678,0
12679,0
12680,0
12681,0
12682,0
12683,0
12684,0
12685,0
12686,0
12687,0
12688,0
12689,0
12690,0
12691,0
12692,0
12693,0
12694,0
12695,0
12696,0
12697,0
12698,0
12699,0
12700,0
12701,0
12702,0
12703,0
12704,0
12705,0
12706,0
12707,0
12708,0
12709,0
12710,0
12711,0
12712,0
12713,0
12714,0
12715,0
12716,0
12717,0
12718,0
12719,0
12720,0
12721,0
12722,0
12723,0
12724,0
12725,0
12726,0
12727,0
12728,0
12729,0
12730,0
12731,0
12732,0
12733,0
12734,0
12735,0
12736,0
12737,0
12738,0
12739,0
12740,0
12741,0
12742,0
12743,0
12744,0
12745,0
12746,0
12747,0
12748,0
12749,0
12750,0
12751,0
12752,0
12753,0
12754,0
12755,0
12756,0
12757,0
12758,0
12759,0
12760,0
12761,0
12762,0
12763,0
12764,0
12765,0
12766,0
12767,0
12768,0
12769,0
12770,0
12771,0
12772,0
12773,0
12774,0
12775,0
12776,0
12777,0
12778,0
12779,0
12780,0
12781,0
12782,0
12783,0
12784,0
12785,0
12786,0
12787,0
12788,0
12789,0
12790,0
12791,0
12792,0
12793,0
12794,0
12795,0
12796,0
12797,0
12798,0
12799,0
12800,0
12801,0
12802,0
12803,0
12804,0
12805,0
12806,0
12807,0
12808,0
12809,0
12810,0
12811,0
12812,0
12813,0
12814,0
12815,0
12816,0
12817,0
12818,0
12819,0
12820,0
12821,0
12822,0
12823,0
12824,0
12825,0
12826,0
12827,0
12828,0
12829,0
12830,0
12831,0
12832,0
12833,0
12834,0
12835,0
12836,0
12837,0
12838,0
12839,0
12840,0
12841,0
12842,0
12843,0
12844,0
12845,0
12846,0
12847,0
12848,0
12849,0
12850,0
12851,0
12852,0
12853,0
12854,0
12855,0
12856,0
12857,0
12858,0
12859,0
12860,0
12861,0
12862,0
12863,0
12864,0
12865,0
12866,0
12867,0
12868,0
12869,0
12870,0
12871,0
12872,0
12873,0
12874,0
12875,0
12876,0
12877,0
12878,0
12879,0
12880,0
12881,0
12882,0
12883,0
12884,0
12885,0
12886,0
12887,0
12888,0
12889,0
12890,0
12891,0
12892,0
12893,0
12894,0
12895,0
12896,0
12897,0
12898,0
12899,0
12900,0
12901,0
12902,0
12903,0
12904,0
12905,0
12906,0
12907,0
12908,0
12909,0
12910,0
12911,0
12912,0
12913,0
12914,0
12915,0
12916,0
12917,0
12918,0
12919,0
12920,0
12921,0
12922,0
12923,0
12924,0
12925,0
12926,0
12927,0
12928,0
12929,0
12930,0
12931,0
12932,0
12933,0
12934,0
12935,0
12936,0
12937,0
12938,0
12939,0
12940,0
12941,0
12942,0
12943,0
12944,0
12945,0
12946,0
12947,0
12948,0
12949,0
12950,0
12951,0
12952,0
12953,0
12954,0
12955,0
12956,0
12957,0
12958,0
12959,0
12960,0
12961,0
12962,0
12963,0
12964,0
12965,0
12966,0
12967,0
12968,0
12969,0
12970,0
12971,0
12972,0
12973,0
12974,0
12975,0
12976,0
12977,0
12978,0
12979,0
12980,0
12981,0
12982,0
12983,0
12984,0
12985,0
12986,0
12987,0
12988,0
12989,0
12990,0
12991,0
12992,0
12993,0
12994,0
12995,0
12996,0
12997,0
12998,0
12999,0
13000,0
13001,0
13002,0
13003,0
13004,0
13005,0
13006,0
13007,0
13008,0
13009,0
13010,0
13011,0
13012,0
13013,0
13014,0
13015,0
13016,0
13017,0
13018,0
13019,0
13020,0
13021,0
13022,0
13023,0
13024,0
13025,0
13026,0
13027,0
13028,0
13029,0
13030,0
13031,0
13032,0
13033,0
13034,0
13035,0
13036,0
13037,0
13038,0
13039,0
13040,0
13041,0
13042,0
13043,0
13044,0
13045,0
13046,0
13047,0
13048,0
13049,0
13050,0
13051,0
13052,0
13053,0
13054,0
13055,0
13056,0
13057,0
13058,0
13059,0
13060,0
13061,0
13062,0
13063,0
13064,0
13065,0
13066,0
13067,0
13068,0
13069,0
13070,0
13071,0
13072,0
13073,0
13074,0
13075,0
13076,0
13077,0
13078,0
13079,0
13080,0
13081,0
13082,0
13083,0
13084,0
13085,0
13086,0
13087,0
13088,0
13089,0
13090,0
13091,0
13092,0
13093,0
13094,0
13095,0
13096,0
13097,0
13098,0
13099,0
13100,0
13101,0
13102,0
13103,0
13104,0
13105,0
13106,0
13107,0
13108,0
13109,0
13110,0
13111,0
13112,0
13113,0
13114,0
13115,0
13116,0
13117,0
13118,0
13119,0
13120,0
13121,0
13122,0
13123,0
13124,0
13125,0
13126,0
13127,0
13128,0
13129,0
13130,0
13131,0
13132,0
13133,0
13134,0
13135,0
13136,0
13137,0
13138,0
13139,0
13140,0
13141,0
13142,0
13143,0
13144,0
13145,0
13146,0
13147,0
13148,0
13149,0
13150,0
13151,0
13152,0
13153,0
13154,0
13155,0
13156,0
13157,0
13158,0
13159,0
13160,0
13161,0
13162,0
13163,0
13164,0
13165,0
13166,0
13167,0
13168,0
13169,0
13170,0
13171,0
13172,0
13173,0
13174,0
13175,0
13176,0
13177,0
13178,0
13179,0
13180,0
13181,0
13182,0
13183,0
13184,0
13185,0
13186,0
13187,0
13188,0
13189,0
13190,0
13191,0
