tick,tiles
1,0
2,0
3,22
4,22
5,22
6,22
7,22
8,22
9,22
10,22
11,22
12,22
13,22
14,22
15,22
16,22
17,22
18,22
19,22
20,22
21,22
22,22
23,22
24,22
25,22
26,22
27,22
28,22
29,22
30,22
31,22
32,22
33,22
34,22
35,22
36,22
37,22
38,22
39,22
40,22
41,22
42,22
43,22
44,22
45,22
46,22
47,22
48,22
49,22
50,22
51,22
52,22
53,22
54,22
55,22
56,22
57,22
58,22
59,22
60,22
61,22
62,22
63,22
64,22
65,22
66,22
67,22
68,22
69,22
70,22
71,22
72,22
73,22
74,22
75,22
76,22
77,22
78,22
79,22
80,22
81,22
82,22
83,22
84,22
85,22
86,22
87,22
88,22
89,22
90,22
91,22
92,22
93,22
94,22
95,22
96,22
97,22
98,22
99,22
100,22
101,22
102,22
103,22
104,22
105,22
106,22
107,22
108,22
109,22
110,22
111,22
112,22
113,22
114,22
115,22
116,22
117,22
118,22
119,22
120,22
121,22
122,22
123,22
124,22
125,22
126,22
127,22
128,22
129,22
130,22
131,22
132,22
133,22
134,22
135,22
136,22
137,22
138,22
139,22
140,22
141,22
142,22
143,22
144,22
145,22
146,22
147,22
148,22
149,22
150,22
151,22
152,22
153,22
154,22
155,22
156,22
157,22
158,22
159,22
160,22
161,22
162,22
163,22
164,22
165,22
166,22
167,22
168,22
169,22
170,22
171,22
172,22
173,22
174,22
175,22
176,22
177,22
178,22
179,22
180,22
181,22
182,22
183,22
184,22
185,22
186,22
187,22
188,22
189,22
190,22
191,22
192,22
193,22
194,22
195,22
196,22
197,22
198,22
199,22
200,22
201,22
202,22
203,22
204,22
205,22
206,22
207,22
208,22
209,22
210,22
211,22
212,22
213,22
214,22
215,22
216,22
217,22
218,22
219,22
220,22
221,22
222,22
223,22
224,22
225,22
226,22
227,22
228,22
229,22
230,22
231,22
232,22
233,22
234,22
235,22
236,22
237,22
238,22
239,22
240,22
241,22
242,22
243,22
244,22
245,22
246,22
247,22
248,22
249,22
250,22
251,22
252,22
253,22
254,22
255,22
256,22
257,22
258,22
259,22
260,22
261,22
262,22
263,22
264,22
265,22
266,22
267,22
268,22
269,22
270,22
271,22
272,22
273,22
274,22
275,22
276,22
277,22
278,22
279,22
280,22
281,22
282,22
283,22
284,22
285,22
286,22
287,22
288,22
289,22
290,22
291,22
292,22
293,22
294,22
295,22
296,22
297,22
298,22
299,22
300,22
301,22
302,22
303,22
304,22
305,22
306,22
307,22
308,22
309,22
310,22
311,22
312,22
313,22
314,22
315,22
316,22
317,22
318,22
319,22
320,22
321,22
322,22
323,22
324,22
325,22
326,22
327,22
328,22
329,22
330,22
331,22
332,22
333,22
334,22
335,22
336,22
337,22
338,22
339,22
340,22
341,22
342,22
343,22
344,22
345,22
346,22
347,22
348,22
349,22
350,22
351,22
352,22
353,22
354,22
355,22
356,22
357,22
358,22
359,22
360,22
361,22
362,22
363,22
364,22
365,22
366,22
367,22
368,22
369,22
370,22
371,22
372,22
373,22
374,22
375,22
376,22
377,22
378,22
379,22
380,22
381,22
382,22
383,22
384,22
385,22
386,22
387,22
388,22
389,22
390,22
391,22
392,22
393,22
394,22
395,22
396,22
397,22
398,22
399,22
400,22
401,22
402,22
403,22
404,22
405,22
406,22
407,22
408,22
409,22
410,22
411,22
412,22
413,22
414,22
415,22
416,22
417,22
418,22
419,22
420,22
421,22
422,22
423,22
424,22
425,22
426,22
427,22
428,22
429,22
430,22
431,22
432,22
433,22
434,22
435,22
436,22
437,22
438,22
439,22
440,22
441,22
442,22
443,22
444,22
445,22
446,22
447,22
448,22
449,22
450,22
451,22
452,22
453,22
454,22
455,22
456,22
457,22
458,22
459,22
460,22
461,22
462,22
463,22
464,22
465,22
466,22
467,22
468,22
469,22
470,22
471,22
472,22
473,22
474,22
475,22
476,22
477,22
478,22
479,22
480,22
481,22
482,22
483,22
484,22
485,22
486,22
487,22
488,22
489,22
490,22
491,22
492,22
493,22
494,22
495,22
496,22
497,22
498,22
499,22
500,22
501,22
502,22
503,22
504,22
505,22
506,22
507,22
508,22
509,22
510,22
511,22
512,22
513,22
514,22
515,22
516,22
517,22
518,22
519,22
520,22
521,22
522,22
523,22
524,22
525,22
526,22
527,22
528,22
529,22
530,22
531,22
532,22
533,22
534,22
535,22
536,22
537,22
538,22
539,22
540,22
541,22
542,22
543,22
544,22
545,22
546,22
547,22
548,22
549,22
550,22
551,22
552,22
553,22
554,22
555,22
556,22
557,22
558,22
559,22
560,22
561,22
562,22
563,22
564,22
565,22
566,22
567,22
568,22
569,22
570,22
571,22
572,22
573,22
574,22
575,22
576,22
577,22
578,22
579,22
580,22
581,22
582,22
583,22
584,22
585,22
586,22
587,22
588,22
589,22
590,22
591,22
592,22
593,22
594,22
595,22
596,22
597,22
598,22
599,22
600,22
601,22
602,22
603,22
604,22
605,22
606,22
607,22
608,22
609,22
610,22
611,22
612,22
613,22
614,22
615,22
616,22
617,22
618,22
619,22
620,22
621,22
622,22
623,22
624,22
625,22
626,22
627,22
628,22
629,22
630,22
631,22
632,22
633,22
634,22
635,22
636,22
637,22
638,22
639,22
640,22
641,22
642,22
643,22
644,22
645,22
646,22
647,22
648,22
649,22
650,22
651,22
652,22
653,22
654,22
655,22
656,22
657,22
658,22
659,22
660,22
661,22
662,22
663,22
664,22
665,22
666,22
667,22
668,22
669,22
670,22
671,22
672,22
673,22
674,22
675,22
676,22
677,22
678,22
679,22
680,22
681,22
682,22
683,22
684,22
685,22
686,22
687,22
688,22
689,22
690,22
691,22
692,22
693,22
694,22
695,22
696,22
697,22
698,22
699,22
700,22
701,22
702,22
703,22
704,22
705,22
706,22
707,22
708,22
709,22
710,22
711,22
712,22
713,22
714,22
715,22
716,22
717,22
718,22
719,22
720,22
721,22
722,22
723,22
724,22
725,22
726,22
727,22
728,22
729,22
730,22
731,22
732,22
733,22
734,22
735,22
736,22
737,22
738,22
739,22
740,22
741,22
742,22
743,22
744,22
745,22
746,22
747,22
748,22
749,22
750,22
751,22
752,22
753,22
754,22
755,22
756,22
757,22
758,22
759,22
760,22
761,22
762,22
763,22
764,22
765,22
766,22
767,22
768,22
769,22
770,22
771,22
772,22
773,22
774,22
775,22
776,22
777,22
778,22
779,22
780,22
781,22
782,22
783,22
784,22
785,22
786,22
787,22
788,22
789,22
790,22
791,22
792,22
793,22
794,22
795,22
796,22
797,22
798,22
799,22
800,22
801,22
802,22
803,22
804,22
805,22
806,22
807,22
808,22
809,22
810,22
811,22
812,22
813,22
814,22
815,22
816,22
817,22
818,22
819,22
820,22
821,22
822,22
823,22
824,22
825,22
826,22
827,22
828,22
829,22
830,22
831,22
832,22
833,22
834,22
835,22
836,22
837,22
838,22
839,22
840,22
841,22
842,22
843,22
844,22
845,22
846,22
847,22
848,22
849,22
850,22
851,22
852,22
853,22
854,22
855,22
856,22
857,22
858,22
859,22
860,22
861,22
862,22
863,22
864,22
865,22
866,22
867,22
868,22
869,22
870,22
871,22
872,22
873,22
874,22
875,22
876,22
877,22
878,22
879,22
880,22
881,22
882,22
883,22
884,22
885,22
886,22
887,22
888,22
889,22
890,22
891,22
892,22
893,22
894,22
895,22
896,22
897,22
898,22
899,22
900,22
901,22
902,22
903,22
904,22
905,22
906,22
907,22
908,22
909,22
910,22
911,22
912,22
913,22
914,22
915,22
916,22
917,22
918,22
919,22
920,22
921,22
922,22
923,22
924,22
925,22
926,22
927,22
928,22
929,22
930,22
931,22
932,22
933,22
934,22
935,22
936,22
937,22
938,22
939,22
940,22
941,22
942,22
943,22
944,22
945,22
946,22
947,22
948,22
949,22
950,22
951,22
952,22
953,22
954,22
955,22
956,22
957,22
958,22
959,22
960,22
961,22
962,22
963,22
964,22
965,22
966,22
967,22
968,22
969,22
970,22
971,22
972,22
973,22
974,22
975,22
976,22
977,22
978,22
979,22
980,22
981,22
982,22
983,22
984,22
985,22
986,22
987,22
988,22
989,22
990,22
991,22
992,22
993,22
994,22
995,22
996,22
997,22
998,22
999,22
1000,22
1001,22
1002,22
1003,22
1004,22
1005,22
1006,22
1007,22
1008,22
1009,22
1010,22
1011,22
1012,22
1013,22
1014,22
1015,22
1016,22
1017,22
1018,22
1019,22
1020,22
1021,22
1022,22
1023,22
1024,22
1025,22
1026,22
1027,22
1028,22
1029,22
1030,22
1031,22
1032,22
1033,22
1034,22
1035,22
1036,22
1037,22
1038,22
1039,22
1040,22
1041,22
1042,22
1043,22
1044,22
1045,22
1046,22
1047,22
1048,22
1049,22
1050,22
1051,22
1052,22
1053,22
1054,22
1055,22
1056,22
1057,22
1058,22
1059,22
1060,22
1061,22
1062,22
1063,22
1064,22
1065,22
1066,22
1067,22
1068,22
1069,22
1070,22
1071,22
1072,22
1073,22
1074,22
1075,22
1076,22
1077,22
1078,22
1079,22
1080,22
1081,22
1082,22
1083,22
1084,22
1085,22
1086,22
1087,22
1088,22
1089,22
1090,22
1091,22
1092,22
1093,22
1094,22
1095,22
1096,22
1097,22
1098,22
1099,22
1100,22
1101,22
1102,22
1103,22
1104,22
1105,22
1106,22
1107,22
1108,22
1109,22
1110,22
1111,22
1112,22
1113,22
1114,22
1115,22
1116,22
1117,22
1118,22
1119,22
1120,22
1121,22
1122,22
1123,22
1124,22
1125,22
1126,22
1127,22
1128,22
1129,22
1130,22
1131,22
1132,22
1133,22
1134,22
1135,22
1136,22
1137,22
1138,22
1139,22
1140,22
1141,22
1142,22
1143,22
1144,22
1145,22
1146,22
1147,22
1148,22
1149,22
1150,22
1151,22
1152,22
1153,22
1154,22
1155,22
1156,22
1157,22
1158,22
1159,22
1160,22
1161,22
1162,22
1163,22
1164,22
1165,22
1166,22
1167,22
1168,22
1169,22
1170,22
1171,22
1172,22
1173,22
1174,22
1175,22
1176,22
1177,22
1178,22
1179,22
1180,22
1181,22
1182,22
1183,22
1184,22
1185,22
1186,22
1187,22
1188,22
1189,22
1190,22
1191,22
1192,22
1193,22
1194,22
1195,22
1196,22
1197,22
1198,22
1199,22
1200,22
1201,22
1202,22
1203,22
1204,22
1205,22
1206,22
1207,22
1208,22
1209,22
1210,22
1211,22
1212,22
1213,22
1214,22
1215,22
1216,22
1217,22
1218,22
1219,22
1220,22
1221,22
1222,22
1223,22
1224,22
1225,22
1226,22
1227,22
1228,22
1229,22
1230,22
1231,22
1232,22
1233,22
1234,22
1235,22
1236,22
1237,22
1238,22
1239,22
1240,22
1241,22
1242,22
1243,22
1244,22
1245,22
1246,22
1247,22
1248,22
1249,22
1250,22
1251,22
1252,22
1253,22
1254,22
1255,22
1256,22
1257,22
1258,22
1259,22
1260,22
1261,22
1262,22
1263,22
1264,22
1265,22
1266,22
1267,22
1268,22
1269,22
1270,22
1271,22
1272,22
1273,22
1274,22
1275,22
1276,22
1277,22
1278,22
1279,22
1280,22
1281,22
1282,22
1283,22
1284,22
1285,22
1286,22
1287,22
1288,22
1289,22
1290,22
1291,22
1292,22
1293,22
1294,22
1295,22
1296,22
1297,22
1298,22
1299,22
1300,22
1301,22
1302,22
1303,22
1304,22
1305,22
1306,22
1307,22
1308,22
1309,22
1310,22
1311,22
1312,22
1313,22
1314,22
1315,22
1316,22
1317,22
1318,22
1319,22
1320,22
1321,22
1322,22
1323,22
1324,22
1325,22
1326,22
1327,22
1328,22
1329,22
1330,22
1331,22
1332,22
1333,22
1334,22
1335,22
1336,22
1337,22
1338,22
1339,22
1340,22
1341,22
1342,22
1343,22
1344,22
1345,22
1346,22
1347,22
1348,22
1349,22
1350,22
1351,22
1352,22
1353,22
1354,22
1355,22
1356,22
1357,22
1358,22
1359,22
1360,22
1361,22
1362,22
1363,22
1364,22
1365,22
1366,22
1367,22
1368,22
1369,22
1370,22
1371,22
1372,22
1373,22
1374,22
1375,22
1376,22
1377,22
1378,22
1379,22
1380,22
1381,22
1382,22
1383,22
1384,22
1385,22
1386,22
1387,22
1388,22
1389,22
1390,22
1391,22
1392,22
1393,22
1394,22
1395,22
1396,22
1397,22
1398,22
1399,22
1400,22
1401,22
1402,22
1403,22
1404,22
1405,22
1406,22
1407,22
1408,22
1409,22
1410,22
1411,22
1412,22
1413,22
1414,22
1415,22
1416,22
1417,22
1418,22
1419,22
1420,22
1421,22
1422,22
1423,22
1424,22
1425,22
1426,22
1427,22
1428,22
1429,22
1430,22
1431,22
1432,22
1433,22
1434,22
1435,22
1436,22
1437,22
1438,22
1439,22
1440,22
1441,22
1442,22
1443,22
1444,22
1445,22
1446,22
1447,22
1448,22
1449,22
1450,22
1451,22
1452,22
1453,22
1454,22
1455,22
1456,22
1457,22
1458,22
1459,22
1460,22
1461,22
1462,22
1463,22
1464,22
1465,22
1466,22
1467,22
1468,22
1469,22
1470,22
1471,22
1472,22
1473,22
1474,22
1475,22
1476,22
1477,22
1478,22
1479,22
1480,22
1481,22
1482,22
1483,22
1484,22
1485,22
1486,22
1487,22
1488,22
1489,22
1490,22
1491,22
1492,22
1493,22
1494,22
1495,22
1496,22
1497,22
1498,22
1499,22
1500,22
1501,22
1502,22
1503,22
1504,22
1505,22
1506,22
1507,22
1508,22
1509,22
1510,22
1511,22
1512,22
1513,22
1514,22
1515,22
1516,22
1517,22
1518,22
1519,22
1520,22
1521,22
1522,22
1523,22
1524,22
1525,22
1526,22
1527,22
1528,22
1529,22
1530,22
1531,22
1532,22
1533,22
1534,22
1535,22
1536,22
1537,22
1538,22
1539,22
1540,22
1541,22
1542,22
1543,22
1544,22
1545,22
1546,22
1547,22
1548,22
1549,22
1550,22
1551,22
1552,22
1553,22
1554,22
1555,22
1556,22
1557,22
1558,22
1559,22
1560,22
1561,22
1562,22
1563,22
1564,22
1565,22
1566,22
1567,22
1568,22
1569,22
1570,22
1571,22
1572,22
1573,22
1574,22
1575,22
1576,22
1577,22
1578,22
1579,22
1580,22
1581,22
1582,22
1583,22
1584,22
1585,22
1586,22
1587,22
1588,22
1589,22
1590,22
1591,22
1592,22
1593,22
1594,22
1595,22
1596,22
1597,22
1598,22
1599,22
1600,22
1601,22
1602,22
1603,22
1604,22
1605,22
1606,22
1607,22
1608,22
1609,22
1610,22
1611,22
1612,22
1613,22
1614,22
1615,22
1616,22
1617,22
1618,22
1619,22
1620,22
1621,22
1622,22
1623,22
1624,22
1625,22
1626,22
1627,22
1628,22
1629,22
1630,22
1631,22
1632,22
1633,22
1634,22
1635,22
1636,22
1637,22
1638,22
1639,22
1640,22
1641,22
1642,22
1643,22
1644,22
1645,22
1646,22
1647,22
1648,22
1649,22
1650,22
1651,22
1652,22
1653,22
1654,22
1655,22
1656,22
1657,22
1658,22
1659,22
1660,22
1661,22
1662,22
1663,22
1664,22
1665,22
1666,22
1667,22
1668,22
1669,22
1670,22
1671,22
1672,22
1673,22
1674,22
1675,22
1676,22
1677,22
1678,22
1679,22
1680,22
1681,22
1682,22
1683,22
1684,22
1685,22
1686,22
1687,22
1688,22
1689,22
1690,22
1691,22
1692,22
1693,22
1694,22
1695,22
1696,22
1697,22
1698,22
1699,22
1700,22
1701,22
1702,22
1703,22
1704,22
1705,22
1706,22
1707,22
1708,22
1709,22
1710,22
1711,22
1712,22
1713,22
1714,22
1715,22
1716,22
1717,22
1718,22
1719,22
1720,22
1721,22
1722,22
1723,22
1724,22
1725,22
1726,22
1727,22
1728,22
1729,22
1730,22
1731,22
1732,22
1733,22
1734,22
1735,22
1736,22
1737,22
1738,22
1739,22
1740,22
1741,22
1742,22
1743,22
1744,22
1745,22
1746,22
1747,22
1748,22
1749,22
1750,22
1751,22
1752,22
1753,22
1754,22
1755,22
1756,22
1757,22
1758,22
1759,22
1760,22
1761,22
1762,22
1763,22
1764,22
1765,22
1766,22
1767,22
1768,22
1769,22
1770,22
1771,22
1772,22
1773,22
1774,22
1775,22
1776,22
1777,22
1778,22
1779,22
1780,22
1781,22
1782,22
1783,22
1784,22
1785,22
1786,22
1787,22
1788,22
1789,22
1790,22
1791,22
1792,22
1793,22
1794,22
1795,22
1796,22
1797,22
1798,22
1799,22
1800,22
1801,22
1802,22
1803,22
1804,22
1805,22
1806,22
1807,22
1808,22
1809,22
1810,22
1811,22
1812,22
1813,22
1814,22
1815,22
1816,22
1817,22
1818,22
1819,22
1820,22
1821,22
1822,22
1823,22
1824,22
1825,22
1826,22
1827,22
1828,22
1829,22
1830,22
1831,22
1832,22
1833,22
1834,22
1835,22
1836,22
1837,22
1838,22
1839,22
1840,22
1841,22
1842,22
1843,22
1844,22
1845,22
1846,22
1847,22
1848,22
1849,22
1850,22
1851,22
1852,22
1853,22
1854,22
1855,22
1856,22
1857,22
1858,22
1859,22
1860,22
1861,22
1862,22
1863,22
1864,22
1865,22
1866,22
1867,22
1868,22
1869,22
1870,22
1871,22
1872,22
1873,22
1874,22
1875,22
1876,22
1877,22
1878,22
1879,22
1880,22
1881,22
1882,22
1883,22
1884,22
1885,22
1886,22
1887,22
1888,22
1889,22
1890,22
1891,22
1892,22
1893,22
1894,22
1895,22
1896,22
1897,22
1898,22
1899,22
1900,22
1901,22
1902,22
1903,22
1904,22
1905,22
1906,22
1907,22
1908,22
1909,22
1910,22
1911,22
1912,22
1913,22
1914,22
1915,22
1916,22
1917,22
1918,22
1919,22
1920,22
1921,22
1922,22
1923,22
1924,22
1925,22
1926,22
1927,22
1928,22
1929,22
1930,22
1931,22
1932,22
1933,22
1934,22
1935,22
1936,22
1937,22
1938,22
1939,22
1940,22
1941,22
1942,22
1943,22
1944,22
1945,22
1946,22
1947,22
1948,22
1949,22
1950,22
1951,22
1952,22
1953,22
1954,22
1955,22
1956,22
1957,22
1958,22
1959,22
1960,22
1961,22
1962,22
1963,22
1964,22
1965,22
1966,22
1967,22
1968,22
1969,22
1970,22
1971,22
1972,22
1973,22
1974,22
1975,22
1976,22
1977,22
1978,22
1979,22
1980,22
1981,22
1982,22
1983,22
1984,22
1985,22
1986,22
1987,22
1988,22
1989,22
1990,22
1991,22
1992,22
1993,22
1994,22
1995,22
1996,22
1997,22
1998,22
1999,22
2000,22
2001,22
2002,22
2003,22
2004,22
2005,22
2006,22
2007,22
2008,22
2009,22
2010,22
2011,22
2012,22
2013,22
2014,22
2015,22
2016,22
2017,22
2018,22
2019,22
2020,22
2021,22
2022,22
2023,22
2024,22
2025,22
2026,22
2027,22
2028,22
2029,22
2030,22
2031,22
2032,22
2033,22
2034,22
2035,22
2036,22
2037,22
2038,22
2039,22
2040,22
2041,22
2042,22
2043,22
2044,22
2045,22
2046,22
2047,22
2048,22
2049,22
2050,22
2051,22
2052,22
2053,22
2054,22
2055,22
2056,22
2057,22
2058,22
2059,22
2060,22
2061,22
2062,22
2063,22
2064,22
2065,22
2066,22
2067,22
2068,22
2069,22
2070,22
2071,22
2072,22
2073,22
2074,22
2075,22
2076,22
2077,22
2078,22
2079,22
2080,22
2081,22
2082,22
2083,22
2084,22
2085,22
2086,22
2087,22
2088,22
2089,22
2090,22
2091,22
2092,22
2093,22
2094,22
2095,22
2096,22
2097,22
2098,22
2099,22
2100,22
2101,22
2102,22
2103,22
2104,22
2105,22
2106,22
2107,22
2108,22
2109,22
2110,22
2111,22
2112,22
2113,22
2114,22
2115,22
2116,22
2117,22
2118,22
2119,22
2120,22
2121,22
2122,22
2123,22
2124,22
2125,22
2126,22
2127,22
2128,22
2129,22
2130,22
2131,22
2132,22
2133,22
2134,22
2135,22
2136,22
2137,22
2138,22
2139,22
2140,22
2141,22
2142,22
2143,22
2144,22
2145,22
2146,22
2147,22
2148,22
2149,22
2150,22
2151,22
2152,22
2153,22
2154,22
2155,22
2156,22
2157,22
2158,22
2159,22
2160,22
2161,22
2162,22
2163,22
2164,22
2165,22
2166,22
2167,22
2168,22
2169,22
2170,22
2171,22
2172,22
2173,22
2174,22
2175,22
2176,22
2177,22
2178,22
2179,22
2180,22
2181,22
2182,22
2183,22
2184,22
2185,22
2186,22
2187,22
2188,22
2189,22
2190,22
2191,22
2192,22
2193,22
2194,22
2195,22
2196,22
2197,22
2198,22
2199,22
2200,22
2201,22
2202,22
2203,22
2204,22
2205,22
2206,22
2207,22
2208,22
2209,22
2210,22
2211,22
2212,22
2213,22
2214,22
2215,22
2216,22
2217,22
2218,22
2219,22
2220,22
2221,22
2222,22
2223,22
2224,22
2225,22
2226,22
2227,22
2228,22
2229,22
2230,22
2231,22
2232,22
2233,22
2234,22
2235,22
2236,22
2237,22
2238,22
2239,22
2240,22
2241,22
2242,22
2243,22
2244,22
2245,22
2246,22
2247,22
2248,22
2249,22
2250,22
2251,22
2252,22
2253,22
2254,22
2255,22
2256,22
2257,22
2258,22
2259,22
2260,22
2261,22
2262,22
2263,22
2264,22
2265,22
2266,22
2267,22
2268,22
2269,22
2270,22
2271,22
2272,22
2273,22
2274,22
2275,22
2276,22
2277,22
2278,22
2279,22
2280,22
2281,22
2282,22
2283,22
2284,22
2285,22
2286,22
2287,22
2288,22
2289,22
2290,22
2291,22
2292,22
2293,22
2294,22
2295,22
2296,22
2297,22
2298,22
2299,22
2300,22
2301,22
2302,22
2303,22
2304,22
2305,22
2306,22
2307,22
2308,22
2309,22
2310,22
2311,22
2312,22
2313,22
2314,22
2315,22
2316,22
2317,22
2318,22
2319,22
2320,22
2321,22
2322,22
2323,22
2324,22
2325,22
2326,22
2327,22
2328,22
2329,22
2330,22
2331,22
2332,22
2333,22
2334,22
2335,22
2336,22
2337,22
2338,22
2339,22
2340,22
2341,22
2342,22
2343,22
2344,22
2345,22
2346,22
2347,22
2348,22
2349,22
2350,22
2351,22
2352,22
2353,22
2354,22
2355,22
2356,22
2357,22
2358,22
2359,22
2360,22
2361,22
2362,22
2363,22
2364,22
2365,22
2366,22
2367,22
2368,22
2369,22
2370,22
2371,22
2372,22
2373,22
2374,22
2375,22
2376,22
2377,22
2378,22
2379,22
2380,22
2381,22
2382,22
2383,22
2384,22
2385,22
2386,22
2387,22
2388,22
2389,22
2390,22
2391,22
2392,22
2393,22
2394,22
2395,22
2396,22
2397,22
2398,22
2399,22
2400,22
2401,22
2402,22
2403,22
2404,22
2405,22
2406,22
2407,22
2408,22
2409,22
2410,22
2411,22
2412,22
2413,22
2414,22
2415,22
2416,22
2417,22
2418,22
2419,22
2420,22
2421,22
2422,22
2423,22
2424,22
2425,22
2426,22
2427,22
2428,22
2429,22
2430,22
2431,22
2432,22
2433,22
2434,22
2435,22
2436,22
2437,22
2438,22
2439,22
2440,22
2441,22
2442,22
2443,22
2444,22
2445,22
2446,22
2447,22
2448,22
2449,22
2450,22
2451,22
2452,22
2453,22
2454,22
2455,22
2456,22
2457,22
2458,22
2459,22
2460,22
2461,22
2462,22
2463,22
2464,22
2465,22
2466,22
2467,22
2468,22
2469,22
2470,22
2471,22
2472,22
2473,22
2474,22
2475,22
2476,22
2477,22
2478,22
2479,22
2480,22
2481,22
2482,22
2483,22
2484,22
2485,22
2486,22
2487,22
2488,22
2489,22
2490,22
2491,22
2492,22
2493,22
2494,22
2495,22
2496,22
2497,22
2498,22
2499,22
2500,22
2501,22
2502,22
2503,22
2504,22
2505,22
2506,22
2507,22
2508,22
2509,22
2510,22
2511,22
2512,22
2513,22
2514,22
2515,22
2516,22
2517,22
2518,22
2519,22
2520,22
2521,22
2522,22
2523,22
2524,22
2525,22
2526,22
2527,22
2528,22
2529,22
2530,22
2531,22
2532,22
2533,22
2534,22
2535,22
2536,22
2537,22
2538,22
2539,22
2540,22
2541,22
2542,22
2543,22
2544,22
2545,22
2546,22
2547,22
2548,22
2549,22
2550,22
2551,22
2552,22
2553,22
2554,22
2555,22
2556,22
2557,22
2558,22
2559,22
2560,22
2561,22
2562,22
2563,22
2564,22
2565,22
2566,22
2567,22
2568,22
2569,22
2570,22
2571,22
2572,22
2573,22
2574,22
2575,22
2576,22
2577,22
2578,22
2579,22
2580,22
2581,22
2582,22
2583,22
2584,22
2585,22
2586,22
2587,22
2588,22
2589,22
2590,22
2591,22
2592,22
2593,22
2594,22
2595,22
2596,22
2597,22
2598,22
2599,22
2600,22
2601,22
2602,22
2603,22
2604,22
2605,22
2606,22
2607,22
2608,22
2609,22
2610,22
2611,22
2612,22
2613,22
2614,22
2615,22
2616,22
2617,22
2618,22
2619,22
2620,22
2621,22
2622,22
2623,22
2624,22
2625,22
2626,22
2627,22
2628,22
2629,22
2630,22
2631,22
2632,22
2633,22
2634,22
2635,22
2636,22
2637,22
2638,22
2639,22
2640,22
2641,22
2642,22
2643,22
2644,22
2645,22
2646,22
2647,22
2648,22
2649,22
2650,22
2651,22
2652,22
2653,22
2654,22
2655,22
2656,22
2657,22
2658,22
2659,22
2660,22
2661,22
2662,22
2663,22
2664,22
2665,22
2666,22
2667,22
2668,22
2669,22
2670,22
2671,22
2672,22
2673,22
2674,22
2675,22
2676,22
2677,22
2678,22
2679,22
2680,22
2681,22
2682,22
2683,22
2684,22
2685,22
2686,22
2687,22
2688,22
2689,22
2690,22
2691,22
2692,22
2693,22
2694,22
2695,22
2696,22
2697,22
2698,22
2699,22
2700,22
2701,22
2702,22
2703,22
2704,22
2705,22
2706,22
2707,22
2708,22
2709,22
2710,22
2711,22
2712,22
2713,22
2714,22
2715,22
2716,22
2717,22
2718,22
2719,22
2720,22
2721,22
2722,22
2723,22
2724,22
2725,22
2726,22
2727,22
2728,22
2729,22
2730,22
2731,22
2732,22
2733,22
2734,22
2735,22
2736,22
2737,22
2738,22
2739,22
2740,22
2741,22
2742,22
2743,22
2744,22
2745,22
2746,22
2747,22
2748,22
2749,22
2750,22
2751,22
2752,22
2753,22
2754,22
2755,22
2756,22
2757,22
2758,22
2759,22
2760,22
2761,22
2762,22
2763,22
2764,22
2765,22
2766,22
2767,22
2768,22
2769,22
2770,22
2771,22
2772,22
2773,22
2774,22
2775,22
2776,22
2777,22
2778,22
2779,22
2780,22
2781,22
2782,22
2783,22
2784,22
2785,22
2786,22
2787,22
2788,22
2789,22
2790,22
2791,22
2792,22
2793,22
2794,22
2795,22
2796,22
2797,22
2798,22
2799,22
2800,22
2801,22
2802,22
2803,22
2804,22
2805,22
2806,22
2807,22
2808,22
2809,22
2810,22
2811,22
2812,22
2813,22
2814,22
2815,22
2816,22
2817,22
2818,22
2819,22
2820,22
2821,22
2822,22
2823,22
2824,22
2825,22
2826,22
2827,22
2828,22
2829,22
2830,22
2831,22
2832,22
2833,22
2834,22
2835,22
2836,22
2837,22
2838,22
2839,22
2840,22
2841,22
2842,22
2843,22
2844,22
2845,22
2846,22
2847,22
2848,22
2849,22
2850,22
2851,22
2852,22
2853,22
2854,22
2855,22
2856,22
2857,22
2858,22
2859,22
2860,22
2861,22
2862,22
2863,22
2864,22
2865,22
2866,22
2867,22
2868,22
2869,22
2870,22
2871,22
2872,22
2873,22
2874,22
2875,22
2876,22
2877,22
2878,22
2879,22
2880,22
2881,22
2882,22
2883,22
2884,22
2885,22
2886,22
2887,22
2888,22
2889,22
2890,22
2891,22
2892,22
2893,22
2894,22
2895,22
2896,22
2897,22
2898,22
2899,22
2900,22
2901,22
2902,22
2903,22
2904,22
2905,22
2906,22
2907,22
2908,22
2909,22
2910,22
2911,22
2912,22
2913,22
2914,22
2915,22
2916,22
2917,22
2918,22
2919,22
2920,22
2921,22
2922,22
2923,22
2924,22
2925,22
2926,22
2927,22
2928,22
2929,22
2930,22
2931,22
2932,22
2933,22
2934,22
2935,22
2936,22
2937,22
2938,22
2939,22
2940,22
2941,22
2942,22
2943,22
2944,22
2945,22
2946,22
2947,22
2948,22
2949,22
2950,22
2951,22
2952,22
2953,22
2954,22
2955,22
2956,22
2957,22
2958,22
2959,22
2960,22
2961,22
2962,22
2963,22
2964,22
2965,22
2966,22
2967,22
2968,22
2969,22
2970,22
2971,22
2972,22
2973,22
2974,22
2975,22
2976,22
2977,22
2978,22
2979,22
2980,22
2981,22
2982,22
2983,22
2984,22
2985,22
2986,22
2987,22
2988,22
2989,22
2990,22
2991,22
2992,22
2993,22
2994,22
2995,22
2996,22
2997,22
2998,22
2999,22
3000,22
3001,22
3002,22
3003,22
3004,22
3005,22
3006,22
3007,22
3008,22
3009,22
3010,22
3011,22
3012,22
3013,22
3014,22
3015,22
3016,22
3017,22
3018,22
3019,22
3020,22
3021,22
3022,22
3023,22
3024,22
3025,22
3026,22
3027,22
3028,22
3029,22
3030,22
3031,22
3032,22
3033,22
3034,22
3035,22
3036,22
3037,22
3038,22
3039,22
3040,22
3041,22
3042,22
3043,22
3044,22
3045,22
3046,22
3047,22
3048,22
3049,22
3050,22
3051,22
3052,22
3053,22
3054,22
3055,22
3056,22
3057,22
3058,22
3059,22
3060,22
3061,22
3062,22
3063,22
3064,22
3065,22
3066,22
3067,22
3068,22
3069,22
3070,22
3071,22
3072,22
3073,22
3074,22
3075,22
3076,22
3077,22
3078,22
3079,22
3080,22
3081,22
3082,22
3083,22
3084,22
3085,22
3086,22
3087,22
3088,22
3089,22
3090,22
3091,22
3092,22
3093,22
3094,22
3095,22
3096,22
3097,22
3098,22
3099,22
3100,22
3101,22
3102,22
3103,22
3104,22
3105,22
3106,22
3107,22
3108,22
3109,22
3110,22
3111,22
3112,22
3113,22
3114,22
3115,22
3116,22
3117,22
3118,22
3119,22
3120,22
3121,22
3122,22
3123,22
3124,22
3125,22
3126,22
3127,22
3128,22
3129,22
3130,22
3131,22
3132,22
3133,22
3134,22
3135,22
3136,22
3137,22
3138,22
3139,22
3140,22
3141,22
3142,22
3143,22
3144,22
3145,22
3146,22
3147,22
3148,22
3149,22
3150,22
3151,22
3152,22
3153,22
3154,22
3155,22
3156,22
3157,22
3158,22
3159,22
3160,22
3161,22
3162,22
3163,22
3164,22
3165,22
3166,22
3167,22
3168,22
3169,22
3170,22
3171,22
3172,22
3173,22
3174,22
3175,22
3176,22
3177,22
3178,22
3179,22
3180,22
3181,22
3182,22
3183,22
3184,22
3185,22
3186,22
3187,22
3188,22
3189,22
3190,22
3191,22
3192,22
3193,22
3194,22
3195,22
3196,22
3197,22
3198,22
3199,22
3200,22
3201,22
3202,22
3203,22
3204,22
3205,22
3206,22
3207,22
3208,22
3209,22
3210,22
3211,22
3212,22
3213,22
3214,22
3215,22
3216,22
3217,22
3218,22
3219,22
3220,22
3221,22
3222,22
3223,22
3224,22
3225,22
3226,22
3227,22
3228,22
3229,22
3230,22
3231,22
3232,22
3233,22
3234,22
3235,22
3236,22
3237,22
3238,22
3239,22
3240,22
3241,22
3242,22
3243,22
3244,22
3245,22
3246,22
3247,22
3248,22
3249,22
3250,22
3251,22
3252,22
3253,22
3254,22
3255,22
3256,22
3257,22
3258,22
3259,22
3260,22
3261,22
3262,22
3263,22
3264,22
3265,22
3266,22
3267,22
3268,22
3269,22
3270,22
3271,22
3272,22
3273,22
3274,22
3275,22
3276,22
3277,22
3278,22
3279,22
3280,22
3281,22
3282,22
3283,22
3284,22
3285,22
3286,22
3287,22
3288,22
3289,22
3290,22
3291,22
3292,22
3293,22
3294,22
3295,22
3296,22
3297,22
3298,22
3299,22
3300,22
3301,22
3302,22
3303,22
3304,22
3305,22
3306,22
3307,22
3308,22
3309,22
3310,22
3311,22
3312,22
3313,22
3314,22
3315,22
3316,22
3317,22
3318,22
3319,22
3320,22
3321,22
3322,22
3323,22
3324,22
3325,22
3326,22
3327,22
3328,22
3329,22
3330,22
3331,22
3332,22
3333,22
3334,22
3335,22
3336,22
3337,22
3338,22
3339,22
3340,22
3341,22
3342,22
3343,22
3344,22
3345,22
3346,22
3347,22
3348,22
3349,22
3350,22
3351,22
3352,22
3353,22
3354,22
3355,22
3356,22
3357,22
3358,22
3359,22
3360,22
3361,22
3362,22
3363,22
3364,22
3365,22
3366,22
3367,22
3368,22
3369,22
3370,22
3371,22
3372,22
3373,22
3374,22
3375,22
3376,22
3377,22
3378,22
3379,22
3380,22
3381,22
3382,22
3383,22
3384,22
3385,22
3386,22
3387,22
3388,22
3389,22
3390,22
3391,22
3392,22
3393,22
3394,22
3395,22
3396,22
3397,22
3398,22
3399,22
3400,22
3401,22
3402,22
3403,22
3404,22
3405,22
3406,22
3407,22
3408,22
3409,22
3410,22
3411,22
3412,22
3413,22
3414,22
3415,22
3416,22
3417,22
3418,22
3419,22
3420,22
3421,22
3422,22
3423,22
3424,22
3425,22
3426,22
3427,22
3428,22
3429,22
3430,22
3431,22
3432,22
3433,22
3434,22
3435,22
3436,22
3437,22
3438,22
3439,22
3440,22
3441,22
3442,22
3443,22
3444,22
3445,22
3446,22
3447,22
3448,22
3449,22
3450,22
3451,22
3452,22
3453,22
3454,22
3455,22
3456,22
3457,22
3458,22
3459,22
3460,22
3461,22
3462,22
3463,22
3464,22
3465,22
3466,22
3467,22
3468,22
3469,22
3470,22
3471,22
3472,22
3473,22
3474,22
3475,22
3476,22
3477,22
3478,22
3479,22
3480,22
3481,22
3482,22
3483,22
3484,22
3485,22
3486,22
3487,22
3488,22
3489,22
3490,22
3491,22
3492,22
3493,22
3494,22
3495,22
3496,22
3497,22
3498,22
3499,22
3500,22
3501,22
3502,22
3503,22
3504,22
3505,22
3506,22
3507,22
3508,22
3509,22
3510,22
3511,23
3512,24
3513,25
3514,26
3515,27
3516,28
3517,29
3518,30
3519,31
3520,32
3521,33
3522,34
3523,35
3524,36
3525,37
3526,38
3527,39
3528,40
3529,41
3530,42
3531,43
3532,44
3533,45
3534,46
3535,47
3536,48
3537,49
3538,50
3539,51
3540,52
3541,53
3542,54
3543,55
3544,56
3545,57
3546,58
3547,59
3548,60
3549,61
3550,62
3551,63
3552,64
3553,65
3554,66
3555,68
3556,69
3557,70
3558,71
3559,73
3560,74
3561,75
3562,77
3563,78
3564,79
3565,80
3566,82
3567,83
3568,84
3569,86
3570,88
3571,89
3572,90
3573,92
3574,94
3575,96
3576,98
3577,99
3578,101
3579,102
3580,104
3581,105
3582,106
3583,107
3584,108
3585,110
3586,111
3587,112
3588,113
3589,114
3590,115
3591,116
3592,117
3593,118
3594,120
3595,122
3596,124
3597,126
3598,128
3599,130
3600,132
3601,135
3602,138
3603,141
3604,144
3605,147
3606,150
3607,153
3608,156
3609,159
3610,162
3611,165
3612,168
3613,170
3614,172
3615,174
3616,177
3617,179
3618,181
3619,183
3620,185
3621,187
3622,189
3623,191
3624,193
3625,195
3626,197
3627,199
3628,201
3629,203
3630,205
3631,209
3632,212
3633,215
3634,218
3635,221
3636,224
3637,227
3638,230
3639,233
3640,236
3641,239
3642,242
3643,245
3644,248
3645,251
3646,254
3647,257
3648,260
3649,263
3650,266
3651,269
3652,272
3653,275
3654,278
3655,281
3656,285
3657,289
3658,293
3659,297
3660,301
3661,305
3662,309
3663,313
3664,317
3665,321
3666,325
3667,329
3668,333
3669,337
3670,341
3671,345
3672,349
3673,353
3674,357
3675,361
3676,365
3677,369
3678,373
3679,377
3680,382
3681,387
3682,392
3683,397
3684,402
3685,407
3686,412
3687,417
3688,422
3689,427
3690,432
3691,437
3692,442
3693,447
3694,452
3695,457
3696,461
3697,465
3698,469
3699,473
3700,477
3701,481
3702,486
3703,490
3704,494
3705,499
3706,503
3707,507
3708,511
3709,515
3710,519
3711,523
3712,527
3713,531
3714,535
3715,539
3716,543
3717,547
3718,551
3719,555
3720,560
3721,565
3722,570
3723,575
3724,580
3725,585
3726,590
3727,595
3728,600
3729,605
3730,610
3731,615
3732,620
3733,625
3734,630
3735,635
3736,640
3737,645
3738,650
3739,655
3740,660
3741,665
3742,670
3743,675
3744,680
3745,685
3746,690
3747,695
3748,700
3749,705
3750,710
3751,715
3752,720
3753,725
3754,730
3755,735
3756,740
3757,745
3758,750
3759,756
3760,762
3761,768
3762,774
3763,780
3764,786
3765,792
3766,798
3767,804
3768,810
3769,816
3770,822
3771,828
3772,834
3773,840
3774,846
3775,852
3776,858
3777,864
3778,870
3779,876
3780,882
3781,888
3782,894
3783,900
3784,906
3785,912
3786,918
3787,924
3788,930
3789,936
3790,942
3791,948
3792,954
3793,960
3794,966
3795,972
3796,978
3797,984
3798,990
3799,996
3800,1002
3801,1008
3802,1014
3803,1020
3804,1026
3805,1032
3806,1038
3807,1044
3808,1050
3809,1056
3810,1062
3811,1068
3812,1074
3813,1080
3814,1086
3815,1092
3816,1097
3817,1102
3818,1107
3819,1112
3820,1117
3821,1122
3822,1127
3823,1132
3824,1137
3825,1142
3826,1147
3827,1152
3828,1157
3829,1162
3830,1167
3831,1172
3832,1177
3833,1182
3834,1187
3835,1191
3836,1195
3837,1199
3838,1204
3839,1209
3840,1214
3841,1219
3842,1224
3843,1229
3844,1235
3845,1241
3846,1247
3847,1253
3848,1259
3849,1265
3850,1271
3851,1277
3852,1283
3853,1289
3854,1295
3855,1301
3856,1307
3857,1313
3858,1319
3859,1324
3860,1329
3861,1333
3862,1337
3863,1341
3864,1345
3865,1349
3866,1353
3867,1358
3868,1363
3869,1368
3870,1372
3871,1376
3872,1380
3873,1384
3874,1388
3875,1392
3876,1396
3877,1400
3878,1404
3879,1408
3880,1412
3881,1416
3882,1420
3883,1424
3884,1428
3885,1432
3886,1436
3887,1441
3888,1446
3889,1451
3890,1456
3891,1461
3892,1466
3893,1471
3894,1476
3895,1481
3896,1486
3897,1491
3898,1496
3899,1502
3900,1508
3901,1514
3902,1520
3903,1526
3904,1532
3905,1538
3906,1544
3907,1550
3908,1556
3909,1562
3910,1568
3911,1574
3912,1579
3913,1584
3914,1589
3915,1594
3916,1600
3917,1606
3918,1612
3919,1618
3920,1624
3921,1630
3922,1636
3923,1642
3924,1648
3925,1654
3926,1660
3927,1666
3928,1672
3929,1678
3930,1684
3931,1690
3932,1696
3933,1702
3934,1708
3935,1714
3936,1720
3937,1726
3938,1732
3939,1738
3940,1744
3941,1750
3942,1756
3943,1762
3944,1768
3945,1774
3946,1780
3947,1786
3948,1792
3949,1798
3950,1804
3951,1810
3952,1816
3953,1822
3954,1828
3955,1834
3956,1840
3957,1846
3958,1852
3959,1858
3960,1864
3961,1870
3962,1876
3963,1882
3964,1888
3965,1893
3966,1898
3967,1903
3968,1908
3969,1913
3970,1918
3971,1923
3972,1928
3973,1933
3974,1938
3975,1943
3976,1948
3977,1953
3978,1958
3979,1963
3980,1968
3981,1973
3982,1978
3983,1983
3984,1988
3985,1993
3986,1998
3987,2003
3988,2008
3989,2013
3990,2018
3991,2023
3992,2028
3993,2032
3994,2036
3995,2040
3996,2044
3997,2048
3998,2052
3999,2056
4000,2060
4001,2064
4002,2068
4003,2072
4004,2076
4005,2080
4006,2084
4007,2088
4008,2092
4009,2096
4010,2099
4011,2102
4012,2105
4013,2108
4014,2111
4015,2114
4016,2116
4017,2117
4018,2118
4019,2119
4020,2120
4021,2121
4022,2122
4023,2123
4024,2124
4025,2125
4026,2126
4027,2127
4028,2128
4029,2129
4030,2130
4031,2131
4032,2131
4033,2131
4034,2131
4035,2131
4036,2131
4037,2131
4038,2131
4039,2131
4040,2131
4041,2131
4042,2131
4043,2131
4044,2131
4045,2131
4046,2131
4047,2131
4048,2131
4049,2131
4050,2131
4051,2131
4052,2131
4053,2131
4054,2131
4055,2131
4056,2131
4057,2131
4058,2131
4059,2131
4060,2131
4061,2131
4062,2131
4063,2131
4064,2131
4065,2131
4066,2131
4067,2131
4068,2131
4069,2131
4070,2131
4071,2131
4072,2131
4073,2131
4074,2131
4075,2131
4076,2131
4077,2131
4078,2131
4079,2131
4080,2131
4081,2131
4082,2131
4083,2131
4084,2131
4085,2131
4086,2131
4087,2131
4088,2131
4089,2131
4090,2131
4091,2131
4092,2131
4093,2131
4094,2131
4095,2131
4096,2131
4097,2131
4098,2131
4099,2131
4100,2131
4101,2131
4102,2131
4103,2131
4104,2131
4105,2131
4106,2131
4107,2131
4108,2131
4109,2131
4110,2131
4111,2131
4112,2131
4113,2131
4114,2131
4115,2131
4116,2131
4117,2131
4118,2131
4119,2131
4120,2131
4121,2131
4122,2131
4123,2131
4124,2131
4125,2131
4126,2131
4127,2131
4128,2131
4129,2131
4130,2131
4131,2131
4132,2131
4133,2131
4134,2131
4135,2131
4136,2131
4137,2131
4138,2131
4139,2131
4140,2131
4141,2131
4142,2131
4143,2131
4144,2131
4145,2131
4146,2131
4147,2131
4148,2131
4149,2131
4150,2131
4151,2131
4152,2131
4153,2131
4154,2131
4155,2131
4156,2131
4157,2131
4158,2131
4159,2131
4160,2131
4161,2131
4162,2131
4163,2131
4164,2131
4165,2131
4166,2131
4167,2131
4168,2131
4169,2131
4170,2131
4171,2131
4172,2131
4173,2131
4174,2131
4175,2131
4176,2131
4177,2131
4178,2131
4179,2131
4180,2131
4181,2131
4182,2131
4183,2131
4184,2131
4185,2131
4186,2131
4187,2131
4188,2131
4189,2131
4190,2131
4191,2131
4192,2131
4193,2131
4194,2131
4195,2131
4196,2131
4197,2131
4198,2131
4199,2131
4200,2131
4201,2131
4202,2131
4203,2131
4204,2131
4205,2131
4206,2131
4207,2131
4208,2131
4209,2131
4210,2131
4211,2131
4212,2131
4213,2131
4214,2131
4215,2131
4216,2131
4217,2131
4218,2131
4219,2131
4220,2131
4221,2131
4222,2131
4223,2131
4224,2131
4225,2131
4226,2131
4227,2131
4228,2131
4229,2131
4230,2131
4231,2131
4232,2131
4233,2131
4234,2131
4235,2131
4236,2131
4237,2131
4238,2131
4239,2131
4240,2131
4241,2131
4242,2131
4243,2131
4244,2131
4245,2131
4246,2131
4247,2131
4248,2131
4249,2131
4250,2131
4251,2131
4252,2131
4253,2131
4254,2131
4255,2131
4256,2131
4257,2131
4258,2131
4259,2131
4260,2131
4261,2131
4262,2131
4263,2131
4264,2131
4265,2131
4266,2131
4267,2131
4268,2131
4269,2131
4270,2131
4271,2131
4272,2131
4273,2131
4274,2131
4275,2131
4276,2131
4277,2131
4278,2131
4279,2131
4280,2131
4281,2131
4282,2131
4283,2131
4284,2131
4285,2131
4286,2131
4287,2131
4288,2131
4289,2131
4290,2131
4291,2131
4292,2131
4293,2131
4294,2131
4295,2131
4296,2131
4297,2131
4298,2131
4299,2131
4300,2131
4301,2131
4302,2131
4303,2131
4304,2131
4305,2131
4306,2131
4307,2131
4308,2131
4309,2131
4310,2131
4311,2131
4312,2131
4313,2131
4314,2131
4315,2131
4316,2131
4317,2131
4318,2131
4319,2131
4320,2131
4321,2131
4322,2131
4323,2131
4324,2131
4325,2131
4326,2131
4327,2131
4328,2131
4329,2131
4330,2131
4331,2131
4332,2131
4333,2131
4334,2131
4335,2131
4336,2131
4337,2131
4338,2131
4339,2131
4340,2131
4341,2131
4342,2131
4343,2131
4344,2131
4345,2131
4346,2131
4347,2131
4348,2131
4349,2131
4350,2131
4351,2131
4352,2131
4353,2131
4354,2131
4355,2131
4356,2131
4357,2131
4358,2131
4359,2131
4360,2131
4361,2131
4362,2131
4363,2131
4364,2131
4365,2131
4366,2131
4367,2131
4368,2131
4369,2131
4370,2131
4371,2131
4372,2131
4373,2131
4374,2131
4375,2131
4376,2131
4377,2131
4378,2131
4379,2131
4380,2131
4381,2131
4382,2131
4383,2131
4384,2131
4385,2131
4386,2131
4387,2131
4388,2131
4389,2131
4390,2131
4391,2131
4392,2131
4393,2131
4394,2131
4395,2131
4396,2131
4397,2131
4398,2131
4399,2131
4400,2131
4401,2131
4402,2131
4403,2131
4404,2131
4405,2131
4406,2131
4407,2131
4408,2131
4409,2131
4410,2131
4411,2131
4412,2131
4413,2131
4414,2131
4415,2131
4416,2131
4417,2131
4418,2131
4419,2131
4420,2131
4421,2131
4422,2131
4423,2131
4424,2131
4425,2131
4426,2131
4427,2131
4428,2131
4429,2131
4430,2131
4431,2131
4432,2131
4433,2131
4434,2131
4435,2131
4436,2131
4437,2131
4438,2131
4439,2131
4440,2131
4441,2131
4442,2131
4443,2131
4444,2131
4445,2131
4446,2131
4447,2131
4448,2131
4449,2131
4450,2131
4451,2131
4452,2131
4453,2131
4454,2131
4455,2131
4456,2131
4457,2131
4458,2131
4459,2131
4460,2131
4461,2131
4462,2131
4463,2131
4464,2131
4465,2131
4466,2131
4467,2131
4468,2131
4469,2131
4470,2131
4471,2131
4472,2131
4473,2131
4474,2131
4475,2131
4476,2131
4477,2131
4478,2131
4479,2131
4480,2131
4481,2131
4482,2131
4483,2131
4484,2131
4485,2131
4486,2131
4487,2131
4488,2131
4489,2131
4490,2131
4491,2131
4492,2131
4493,2131
4494,2131
4495,2131
4496,2131
4497,2131
4498,2131
4499,2131
4500,2131
4501,2131
4502,2131
4503,2131
4504,2131
4505,2131
4506,2131
4507,2131
4508,2131
4509,2131
4510,2131
4511,2131
4512,2131
4513,2131
4514,2131
4515,2131
4516,2131
4517,2131
4518,2131
4519,2131
4520,2131
4521,2131
4522,2131
4523,2131
4524,2131
4525,2131
4526,2131
4527,2131
4528,2131
4529,2131
4530,2131
4531,2131
4532,2131
4533,2131
4534,2131
4535,2131
4536,2131
4537,2131
4538,2131
4539,2131
4540,2131
4541,2131
4542,2131
4543,2131
4544,2131
4545,2131
4546,2131
4547,2131
4548,2131
4549,2131
4550,2131
4551,2131
4552,2131
4553,2131
4554,2131
4555,2131
4556,2131
4557,2131
4558,2131
4559,2131
4560,2131
4561,2131
4562,2131
4563,2131
4564,2131
4565,2131
4566,2131
4567,2131
4568,2131
4569,2131
4570,2131
4571,2131
4572,2131
4573,2131
4574,2131
4575,2131
4576,2131
4577,2131
4578,2131
4579,2131
4580,2131
4581,2131
4582,2131
4583,2131
4584,2131
4585,2131
4586,2131
4587,2131
4588,2131
4589,2131
4590,2131
4591,2131
4592,2131
4593,2131
4594,2131
4595,2131
4596,2131
4597,2131
4598,2131
4599,2131
4600,2131
4601,2131
4602,2131
4603,2131
4604,2131
4605,2131
4606,2131
4607,2131
4608,2131
4609,2131
4610,2131
4611,2131
4612,2131
4613,2131
4614,2131
4615,2131
4616,2131
4617,2131
4618,2131
4619,2131
4620,2131
4621,2131
4622,2131
4623,2131
4624,2131
4625,2131
4626,2131
4627,2131
4628,2131
4629,2131
4630,2131
4631,2131
4632,2131
4633,2131
4634,2131
4635,2131
4636,2131
4637,2131
4638,2131
4639,2131
4640,2131
4641,2131
4642,2131
4643,2131
4644,2131
4645,2131
4646,2131
4647,2131
4648,2131
4649,2131
4650,2131
4651,2131
4652,2131
4653,2131
4654,2131
4655,2131
4656,2131
4657,2131
4658,2131
4659,2131
4660,2131
4661,2131
4662,2131
4663,2131
4664,2131
4665,2131
4666,2131
4667,2131
4668,2131
4669,2131
4670,2131
4671,2131
4672,2131
4673,2131
4674,2131
4675,2131
4676,2131
4677,2131
4678,2131
4679,2131
4680,2131
4681,2131
4682,2131
4683,2131
4684,2131
4685,2131
4686,2131
4687,2131
4688,2131
4689,2131
4690,2131
4691,2131
4692,2131
4693,2131
4694,2131
4695,2131
4696,2131
4697,2131
4698,2131
4699,2131
4700,2131
4701,2131
4702,2131
4703,2131
4704,2131
4705,2131
4706,2131
4707,2131
4708,2131
4709,2131
4710,2131
4711,2131
4712,2131
4713,2131
4714,2131
4715,2131
4716,2131
4717,2131
4718,2131
4719,2131
4720,2131
4721,2131
4722,2131
4723,2131
4724,2131
4725,2131
4726,2131
4727,2131
4728,2131
4729,2131
4730,2131
4731,2131
4732,2131
4733,2131
4734,2131
4735,2131
4736,2131
4737,2131
4738,2131
4739,2131
4740,2131
4741,2131
4742,2131
4743,2131
4744,2131
4745,2131
4746,2131
4747,2131
4748,2131
4749,2131
4750,2131
4751,2131
4752,2131
4753,2131
4754,2131
4755,2131
4756,2131
4757,2131
4758,2131
4759,2131
4760,2131
4761,2131
4762,2131
4763,2131
4764,2131
4765,2131
4766,2131
4767,2131
4768,2131
4769,2131
4770,2131
4771,2131
4772,2131
4773,2131
4774,2131
4775,2131
4776,2131
4777,2131
4778,2131
4779,2131
4780,2131
4781,2131
4782,2131
4783,2131
4784,2131
4785,2131
4786,2131
4787,2131
4788,2131
4789,2131
4790,2131
4791,2131
4792,2131
4793,2131
4794,2131
4795,2131
4796,2131
4797,2131
4798,2131
4799,2131
4800,2131
4801,2131
4802,2131
4803,2131
4804,2131
4805,2131
4806,2131
4807,2131
4808,2131
4809,2131
4810,2131
4811,2131
4812,2131
4813,2131
4814,2131
4815,2131
4816,2131
4817,2131
4818,2131
4819,2131
4820,2131
4821,2131
4822,2131
4823,2131
4824,2131
4825,2131
4826,2131
4827,2131
4828,2131
4829,2131
4830,2131
4831,2131
4832,2131
4833,2131
4834,2131
4835,2131
4836,2131
4837,2131
4838,2131
4839,2131
4840,2131
4841,2131
4842,2131
4843,2131
4844,2131
4845,2131
4846,2131
4847,2131
4848,2131
4849,2131
4850,2131
4851,2131
4852,2131
4853,2131
4854,2131
4855,2131
4856,2131
4857,2131
4858,2131
4859,2131
4860,2131
4861,2131
4862,2131
4863,2131
4864,2131
4865,2131
4866,2131
4867,2131
4868,2131
4869,2131
4870,2131
4871,2131
4872,2131
4873,2131
4874,2131
4875,2131
4876,2131
4877,2131
4878,2131
4879,2131
4880,2131
4881,2131
4882,2131
4883,2131
4884,2131
4885,2131
4886,2131
4887,2131
4888,2131
4889,2131
4890,2131
4891,2131
4892,2131
4893,2131
4894,2131
4895,2131
4896,2131
4897,2131
4898,2131
4899,2131
4900,2131
4901,2131
4902,2131
4903,2131
4904,2131
4905,2131
4906,2131
4907,2131
4908,2131
4909,2131
4910,2131
4911,2131
4912,2131
4913,2131
4914,2131
4915,2131
4916,2131
4917,2131
4918,2131
4919,2131
4920,2131
4921,2131
4922,2131
4923,2131
4924,2131
4925,2131
4926,2131
4927,2131
4928,2131
4929,2131
4930,2131
4931,2131
4932,2131
4933,2131
4934,2131
4935,2131
4936,2131
4937,2131
4938,2131
4939,2131
4940,2131
4941,2131
4942,2131
4943,2131
4944,2131
4945,2131
4946,2131
4947,2131
4948,2131
4949,2131
4950,2131
4951,2131
4952,2131
4953,2131
4954,2131
4955,2131
4956,2131
4957,2131
4958,2131
4959,2131
4960,2131
4961,2131
4962,2131
4963,2131
4964,2131
4965,2131
4966,2131
4967,2131
4968,2131
4969,2131
4970,2131
4971,2131
4972,2131
4973,2131
4974,2131
4975,2131
4976,2131
4977,2131
4978,2131
4979,2131
4980,2131
4981,2131
4982,2131
4983,2131
4984,2131
4985,2131
4986,2131
4987,2131
4988,2131
4989,2131
4990,2131
4991,2131
4992,2131
4993,2131
4994,2131
4995,2131
4996,2131
4997,2131
4998,2131
4999,2131
5000,2131
5001,2131
5002,2131
5003,2131
5004,2131
5005,2131
5006,2131
5007,2131
5008,2131
5009,2131
5010,2131
5011,2131
5012,2131
5013,2131
5014,2131
5015,2131
5016,2131
5017,2131
5018,2131
5019,2061
5020,1992
5021,1924
5022,1852
5023,1780
5024,1704
5025,1627
5026,1553
5027,1483
5028,1413
5029,1336
5030,1259
5031,1186
5032,1112
5033,1036
5034,964
5035,893
5036,822
5037,750
5038,679
5039,605
5040,531
5041,462
5042,394
5043,337
5044,287
5045,244
5046,206
5047,174
5048,144
5049,118
5050,22
5051,23
5052,24
5053,25
5054,26
5055,27
5056,28
5057,29
5058,30
5059,31
5060,32
5061,33
5062,34
5063,35
5064,36
5065,37
5066,38
5067,39
5068,40
5069,41
5070,42
5071,43
5072,44
5073,45
5074,46
5075,47
5076,48
5077,49
5078,50
5079,51
5080,52
5081,54
5082,56
5083,58
5084,60
5085,62
5086,64
5087,66
5088,68
5089,70
5090,72
5091,74
5092,76
5093,78
5094,80
5095,82
5096,84
5097,86
5098,88
5099,90
5100,92
5101,94
5102,96
5103,98
5104,100
5105,102
5106,104
5107,106
5108,108
5109,110
5110,111
5111,113
5112,115
5113,117
5114,103
5115,22
5116,22
5117,22
5118,22
5119,22
5120,22
5121,22
5122,23
5123,24
5124,25
5125,26
5126,27
5127,28
5128,29
5129,30
5130,31
5131,32
5132,33
5133,34
5134,35
5135,37
5136,39
5137,41
5138,43
5139,45
5140,47
5141,49
5142,51
5143,53
5144,55
5145,57
5146,59
5147,61
5148,63
5149,65
5150,67
5151,69
5152,71
5153,74
5154,77
5155,80
5156,83
5157,86
5158,89
5159,92
5160,94
5161,96
5162,98
5163,100
5164,102
5165,103
5166,104
5167,105
5168,106
5169,107
5170,109
5171,111
5172,113
5173,115
5174,117
5175,119
5176,121
5177,123
5178,125
5179,127
5180,129
5181,131
5182,133
5183,135
5184,137
5185,139
5186,140
5187,141
5188,142
5189,143
5190,144
5191,145
5192,146
5193,147
5194,148
5195,149
5196,150
5197,151
5198,152
5199,154
5200,156
5201,158
5202,160
5203,162
5204,164
5205,166
5206,168
5207,169
5208,170
5209,153
5210,137
5211,119
5212,103
5213,22
5214,22
5215,22
5216,22
5217,22
5218,22
5219,22
5220,22
5221,22
5222,22
5223,22
5224,22
5225,22
5226,22
5227,22
5228,22
5229,22
5230,22
5231,22
5232,22
5233,22
5234,22
5235,22
5236,22
5237,22
5238,22
5239,22
5240,22
5241,22
5242,22
5243,22
5244,22
5245,22
5246,22
5247,22
5248,22
5249,22
5250,22
5251,22
5252,22
5253,22
5254,22
5255,22
5256,22
5257,22
5258,22
5259,22
5260,22
5261,22
5262,22
5263,22
5264,22
5265,22
5266,22
5267,22
5268,22
5269,22
5270,22
5271,22
5272,22
5273,22
5274,22
5275,22
5276,22
5277,22
5278,22
5279,22
5280,22
5281,22
5282,22
5283,22
5284,22
5285,22
5286,22
5287,22
5288,22
5289,22
5290,22
5291,22
5292,22
5293,22
5294,22
5295,22
5296,22
5297,22
5298,22
5299,22
5300,22
5301,22
5302,22
5303,22
5304,22
5305,22
5306,22
5307,22
5308,22
5309,22
5310,22
5311,22
5312,22
5313,22
5314,22
5315,22
5316,22
5317,22
5318,22
5319,22
5320,22
5321,22
5322,22
5323,22
5324,22
5325,22
5326,22
5327,22
5328,22
5329,22
5330,22
5331,22
5332,22
5333,22
5334,22
5335,22
5336,22
5337,22
5338,22
5339,22
5340,22
5341,22
5342,22
5343,22
5344,22
5345,22
5346,22
5347,22
5348,22
5349,22
5350,22
5351,22
5352,22
5353,22
5354,22
5355,22
5356,22
5357,22
5358,22
5359,22
5360,22
5361,22
5362,22
5363,22
5364,22
5365,22
5366,22
5367,22
5368,22
5369,22
5370,22
5371,22
5372,22
5373,22
5374,22
5375,22
5376,22
5377,22
5378,22
5379,22
5380,22
5381,22
5382,22
5383,22
5384,22
5385,22
5386,22
5387,22
5388,22
5389,22
5390,22
5391,22
5392,22
5393,22
5394,22
5395,22
5396,22
5397,22
5398,22
5399,22
5400,22
5401,22
5402,22
5403,22
5404,22
5405,22
5406,22
5407,22
5408,22
5409,22
5410,22
5411,22
5412,22
5413,22
5414,22
5415,22
5416,22
5417,22
5418,22
5419,22
5420,22
5421,22
5422,22
5423,22
5424,22
5425,22
5426,22
5427,22
5428,22
5429,22
5430,22
5431,22
5432,22
5433,22
5434,22
5435,22
5436,22
5437,22
5438,22
5439,22
5440,22
5441,22
5442,22
5443,22
5444,22
5445,22
5446,22
5447,22
5448,22
5449,22
5450,22
5451,22
5452,22
5453,22
5454,22
5455,22
5456,22
5457,22
5458,22
5459,22
5460,22
5461,22
5462,22
5463,22
5464,22
5465,22
5466,22
5467,22
5468,22
5469,22
5470,22
5471,22
5472,22
5473,22
5474,22
5475,22
5476,22
5477,22
5478,22
5479,22
5480,22
5481,22
5482,22
5483,22
5484,22
5485,22
5486,22
5487,22
5488,22
5489,22
5490,22
5491,22
5492,22
5493,22
5494,22
5495,22
5496,22
5497,22
5498,22
5499,22
5500,22
5501,22
5502,22
5503,22
5504,22
5505,22
5506,22
5507,22
5508,22
5509,22
5510,22
5511,22
5512,22
5513,22
5514,22
5515,22
5516,22
5517,22
5518,22
5519,22
5520,22
5521,22
5522,22
5523,22
5524,22
5525,22
5526,22
5527,22
5528,22
5529,22
5530,22
5531,22
5532,22
5533,22
5534,22
5535,22
5536,22
5537,22
5538,22
5539,22
5540,22
5541,22
5542,22
5543,22
5544,22
5545,22
5546,22
5547,22
5548,22
5549,22
5550,22
5551,22
5552,22
5553,22
5554,22
5555,22
5556,22
5557,22
5558,22
5559,22
5560,22
5561,22
5562,22
5563,22
5564,22
5565,22
5566,22
5567,22
5568,22
5569,22
5570,22
5571,22
5572,22
5573,22
5574,22
5575,22
5576,22
5577,22
5578,22
5579,22
5580,22
5581,22
5582,22
5583,22
5584,22
5585,22
5586,22
5587,22
5588,22
5589,22
5590,22
5591,22
5592,22
5593,22
5594,22
5595,22
5596,22
5597,22
5598,22
5599,22
5600,22
5601,22
5602,22
5603,22
5604,22
5605,22
5606,22
5607,22
5608,22
5609,22
5610,22
5611,22
5612,22
5613,22
5614,22
5615,22
5616,22
5617,22
5618,22
5619,22
5620,22
5621,22
5622,22
5623,22
5624,22
5625,22
5626,22
5627,22
5628,22
5629,22
5630,22
5631,22
5632,22
5633,22
5634,22
5635,22
5636,22
5637,22
5638,22
5639,22
5640,22
5641,22
5642,22
5643,22
5644,22
5645,22
5646,22
5647,22
5648,22
5649,22
5650,22
5651,22
5652,22
5653,22
5654,22
5655,22
5656,22
5657,22
5658,22
5659,22
5660,22
5661,22
5662,22
5663,22
5664,22
5665,22
5666,22
5667,22
5668,22
5669,22
5670,22
5671,22
5672,22
5673,22
5674,22
5675,22
5676,22
5677,22
5678,22
5679,22
5680,22
5681,22
5682,22
5683,22
5684,22
5685,22
5686,22
5687,22
5688,22
5689,22
5690,22
5691,22
5692,22
5693,22
5694,22
5695,22
5696,22
5697,22
5698,22
5699,22
5700,22
5701,22
5702,22
5703,22
5704,22
5705,22
5706,22
5707,22
5708,22
5709,22
5710,22
5711,22
5712,22
5713,22
5714,22
5715,22
5716,22
5717,22
5718,22
5719,22
5720,22
5721,22
5722,22
5723,22
5724,22
5725,22
5726,22
5727,22
5728,22
5729,22
5730,22
5731,22
5732,22
5733,22
5734,22
5735,22
5736,22
5737,22
5738,22
5739,22
5740,22
5741,22
5742,22
5743,22
5744,22
5745,22
5746,22
5747,22
5748,22
5749,22
5750,22
5751,22
5752,22
5753,22
5754,22
5755,22
5756,22
5757,22
5758,22
5759,22
5760,22
5761,22
5762,22
5763,22
5764,22
5765,22
5766,22
5767,22
5768,22
5769,22
5770,22
5771,22
5772,22
5773,22
5774,22
5775,22
5776,22
5777,22
5778,22
5779,22
5780,22
5781,22
5782,22
5783,22
5784,22
5785,22
5786,22
5787,22
5788,22
5789,22
5790,22
5791,22
5792,22
5793,22
5794,22
5795,22
5796,22
5797,22
5798,22
5799,22
5800,22
5801,22
5802,22
5803,22
5804,22
5805,22
5806,22
5807,22
5808,22
5809,22
5810,22
5811,22
5812,22
5813,22
5814,22
5815,22
5816,22
5817,22
5818,22
5819,22
5820,22
5821,22
5822,22
5823,22
5824,22
5825,22
5826,22
5827,22
5828,22
5829,22
5830,22
5831,22
5832,22
5833,22
5834,22
5835,22
5836,22
5837,22
5838,22
5839,22
5840,22
5841,22
5842,22
5843,22
5844,22
5845,22
5846,22
5847,22
5848,22
5849,22
5850,22
5851,22
5852,22
5853,22
5854,22
5855,22
5856,22
5857,22
5858,22
5859,22
5860,22
5861,22
5862,22
5863,22
5864,22
5865,22
5866,22
5867,22
5868,22
5869,22
5870,22
5871,22
5872,22
5873,22
5874,22
5875,22
5876,22
5877,22
5878,22
5879,22
5880,22
5881,22
5882,22
5883,22
5884,22
5885,22
5886,22
5887,22
5888,22
5889,22
5890,22
5891,22
5892,22
5893,22
5894,22
5895,22
5896,22
5897,22
5898,22
5899,22
5900,22
5901,22
5902,22
5903,22
5904,22
5905,22
5906,22
5907,22
5908,22
5909,22
5910,22
5911,22
5912,22
5913,22
5914,22
5915,22
5916,22
5917,22
5918,22
5919,22
5920,22
5921,22
5922,22
5923,22
5924,22
5925,22
5926,22
5927,22
5928,22
5929,22
5930,22
5931,22
5932,22
5933,22
5934,22
5935,22
5936,22
5937,22
5938,22
5939,22
5940,22
5941,22
5942,22
5943,22
5944,22
5945,22
5946,22
5947,22
5948,22
5949,22
5950,22
5951,22
5952,22
5953,22
5954,22
5955,22
5956,22
5957,22
5958,22
5959,22
5960,22
5961,22
5962,22
5963,22
5964,22
5965,22
5966,22
5967,22
5968,22
5969,22
5970,22
5971,22
5972,22
5973,22
5974,22
5975,22
5976,22
5977,22
5978,22
5979,22
5980,22
5981,22
5982,22
5983,22
5984,22
5985,22
5986,22
5987,22
5988,22
5989,22
5990,22
5991,22
5992,22
5993,22
5994,22
5995,22
5996,22
5997,22
5998,22
5999,22
6000,22
6001,22
6002,22
6003,22
6004,22
6005,22
6006,22
6007,22
6008,22
6009,22
6010,22
6011,22
6012,22
6013,22
6014,22
6015,22
6016,22
6017,22
6018,22
6019,22
6020,22
6021,22
6022,22
6023,22
6024,22
6025,22
6026,22
6027,22
6028,22
6029,22
6030,22
6031,22
6032,22
6033,22
6034,22
6035,22
6036,22
6037,22
6038,22
6039,22
6040,22
6041,22
6042,22
6043,22
6044,22
6045,22
6046,22
6047,22
6048,22
6049,22
6050,22
6051,22
6052,22
6053,22
6054,22
6055,22
6056,22
6057,22
6058,22
6059,22
6060,22
6061,22
6062,22
6063,22
6064,22
6065,22
6066,22
6067,22
6068,22
6069,22
6070,22
6071,22
6072,22
6073,22
6074,22
6075,22
6076,22
6077,22
6078,22
6079,22
6080,22
6081,22
6082,22
6083,22
6084,22
6085,22
6086,22
6087,22
6088,22
6089,22
6090,22
6091,22
6092,22
6093,22
6094,22
6095,22
6096,22
6097,22
6098,22
6099,22
6100,22
6101,22
6102,22
6103,22
6104,22
6105,22
6106,22
6107,22
6108,22
6109,22
6110,22
6111,22
6112,22
6113,22
6114,22
6115,22
6116,22
6117,22
6118,22
6119,22
6120,22
6121,22
6122,22
6123,22
6124,22
6125,22
6126,22
6127,22
6128,22
6129,22
6130,22
6131,22
6132,22
6133,22
6134,22
6135,22
6136,22
6137,22
6138,22
6139,22
6140,22
6141,22
6142,22
6143,22
6144,22
6145,22
6146,22
6147,22
6148,22
6149,22
6150,22
6151,22
6152,22
6153,22
6154,22
6155,22
6156,22
6157,22
6158,22
6159,22
6160,22
6161,22
6162,22
6163,22
6164,22
6165,22
6166,22
6167,22
6168,22
6169,22
6170,22
6171,22
6172,22
6173,22
6174,22
6175,22
6176,22
6177,22
6178,22
6179,22
6180,22
6181,22
6182,22
6183,22
6184,22
6185,22
6186,22
6187,22
6188,22
6189,22
6190,22
6191,22
6192,22
6193,22
6194,22
6195,22
6196,22
6197,22
6198,22
6199,22
6200,22
6201,22
6202,22
6203,22
6204,22
6205,22
6206,22
6207,22
6208,22
6209,22
6210,22
6211,22
6212,22
6213,22
6214,22
6215,22
6216,22
6217,22
6218,22
6219,22
6220,22
6221,22
6222,22
6223,22
6224,22
6225,22
6226,22
6227,22
6228,22
6229,22
6230,22
6231,22
6232,22
6233,22
6234,22
6235,22
6236,22
6237,22
6238,22
6239,22
6240,22
6241,22
6242,22
6243,22
6244,22
6245,22
6246,22
6247,22
6248,22
6249,22
6250,22
6251,22
6252,22
6253,22
6254,22
6255,22
6256,22
6257,22
6258,22
6259,22
6260,22
6261,22
6262,22
6263,22
6264,22
6265,22
6266,22
6267,22
6268,22
6269,22
6270,22
6271,22
6272,22
6273,22
6274,22
6275,22
6276,22
6277,22
6278,22
6279,22
6280,22
6281,22
6282,22
6283,22
6284,22
6285,22
6286,22
6287,22
6288,22
6289,22
6290,22
6291,22
6292,22
6293,22
6294,22
6295,22
6296,22
6297,22
6298,22
6299,22
6300,22
6301,22
6302,22
6303,22
6304,22
6305,22
6306,22
6307,22
6308,22
6309,22
6310,22
6311,22
6312,22
6313,22
6314,22
6315,22
6316,22
6317,22
6318,22
6319,22
6320,22
6321,22
6322,22
6323,22
6324,22
6325,22
6326,22
6327,22
6328,22
6329,22
6330,22
6331,22
6332,22
6333,22
6334,22
6335,22
6336,22
6337,22
6338,22
6339,22
6340,22
6341,22
6342,22
6343,22
6344,22
6345,22
6346,22
6347,22
6348,22
6349,22
6350,22
6351,22
6352,22
6353,22
6354,22
6355,22
6356,22
6357,22
6358,22
6359,22
6360,22
6361,22
6362,22
6363,22
6364,22
6365,22
6366,22
6367,22
6368,22
6369,22
6370,22
6371,22
6372,22
6373,22
6374,22
6375,22
6376,22
6377,22
6378,22
6379,22
6380,22
6381,22
6382,22
6383,22
6384,22
6385,22
6386,22
6387,22
6388,22
6389,22
6390,22
6391,22
6392,22
6393,22
6394,22
6395,22
6396,22
6397,22
6398,22
6399,22
6400,22
6401,22
6402,22
6403,22
6404,22
6405,22
6406,22
6407,22
6408,22
6409,22
6410,22
6411,22
6412,22
6413,22
6414,22
6415,22
6416,22
6417,22
6418,22
6419,22
6420,22
6421,22
6422,22
6423,22
6424,22
6425,22
6426,22
6427,22
6428,22
6429,22
6430,22
6431,22
6432,22
6433,22
6434,22
6435,22
6436,22
6437,22
6438,22
6439,22
6440,22
6441,22
6442,22
6443,22
6444,22
6445,22
6446,22
6447,22
6448,22
6449,22
6450,22
6451,22
6452,22
6453,22
6454,21
6455,0
6456,0
6457,0
6458,0
6459,0
6460,0
6461,0
6462,0
6463,0
6464,0
6465,0
6466,0
6467,0
6468,0
6469,0
6470,0
6471,0
6472,0
6473,0
6474,0
6475,0
6476,0
6477,0
6478,0
6479,0
6480,0
6481,0
6482,0
6483,0
6484,0
6485,0
6486,0
6487,0
6488,0
6489,0
6490,0
6491,0
6492,0
6493,0
6494,0
6495,0
6496,0
6497,0
6498,0
6499,0
6500,0
6501,0
6502,0
6503,0
6504,0
6505,0
6506,0
6507,0
6508,0
6509,0
6510,0
6511,0
6512,0
6513,0
6514,0
6515,0
6516,0
6517,0
6518,0
6519,0
6520,0
6521,0
6522,0
6523,0
6524,0
6525,0
6526,0
6527,0
6528,0
6529,0
6530,0
6531,0
6532,0
6533,0
6534,0
6535,0
6536,0
6537,0
6538,0
6539,0
6540,0
6541,0
6542,0
6543,0
6544,0
6545,0
6546,0
6547,0
6548,0
6549,0
6550,0
6551,0
6552,0
6553,0
6554,0
6555,0
6556,0
6557,0
6558,0
6559,0
6560,0
6561,0
6562,0
6563,0
6564,0
6565,0
6566,0
6567,0
6568,0
6569,0
6570,0
6571,0
6572,0
6573,0
6574,0
6575,0
6576,0
6577,0
6578,0
6579,0
6580,0
6581,0
6582,0
6583,0
6584,0
6585,0
6586,0
6587,0
6588,0
6589,0
6590,0
6591,0
6592,0
6593,0
6594,0
6595,0
6596,0
6597,0
6598,0
6599,0
6600,0
6601,0
6602,0
6603,0
6604,0
6605,0
6606,0
6607,0
6608,0
6609,0
6610,0
6611,0
6612,0
6613,0
6614,0
6615,0
6616,0
6617,0
6618,0
6619,0
6620,0
6621,0
6622,0
6623,0
6624,0
6625,0
6626,0
6627,0
6628,0
6629,0
6630,0
6631,0
6632,0
6633,0
6634,0
6635,0
6636,0
6637,0
6638,0
6639,0
6640,0
6641,0
6642,0
6643,0
6644,0
6645,0
6646,0
6647,0
6648,0
6649,0
6650,0
6651,0
6652,0
6653,0
6654,0
6655,0
6656,0
6657,0
6658,0
6659,0
6660,0
6661,0
6662,0
6663,0
6664,0
6665,0
6666,0
6667,0
6668,0
6669,0
6670,0
6671,0
6672,0
6673,0
6674,0
6675,0
6676,0
6677,0
6678,0
6679,0
6680,0
6681,0
6682,0
6683,0
6684,0
6685,0
6686,0
6687,0
6688,0
6689,0
6690,0
6691,0
6692,0
6693,0
6694,0
6695,0
6696,0
6697,0
6698,0
6699,0
6700,0
6701,0
6702,0
6703,0
6704,0
6705,0
6706,0
6707,0
6708,0
6709,0
6710,0
6711,0
6712,0
6713,0
6714,0
6715,0
6716,0
6717,0
6718,0
6719,0
6720,0
6721,0
6722,0
6723,0
6724,0
6725,0
6726,0
6727,0
6728,0
6729,0
6730,0
6731,0
6732,0
6733,0
6734,0
6735,0
6736,0
6737,0
6738,0
6739,0
6740,0
6741,0
6742,0
6743,0
6744,0
6745,0
6746,0
6747,0
6748,0
6749,0
6750,0
6751,0
6752,0
6753,0
6754,0
6755,0
6756,0
6757,0
6758,0
6759,0
6760,0
6761,0
6762,0
6763,0
6764,0
6765,0
6766,0
6767,0
6768,0
6769,0
6770,0
6771,0
6772,0
6773,0
6774,0
6775,0
6776,0
6777,0
6778,0
6779,0
6780,0
6781,0
6782,0
6783,0
6784,0
6785,0
6786,0
6787,0
6788,0
6789,0
6790,0
6791,0
6792,0
6793,0
6794,0
6795,0
6796,0
6797,0
6798,0
6799,0
6800,0
6801,0
6802,0
6803,0
6804,0
6805,0
6806,0
6807,0
6808,0
6809,0
6810,0
6811,0
6812,0
6813,0
6814,0
6815,0
6816,0
6817,0
6818,0
6819,0
6820,0
6821,0
6822,0
6823,0
6824,0
6825,0
6826,0
6827,0
6828,0
6829,0
6830,0
6831,0
6832,0
6833,0
6834,0
6835,0
6836,0
6837,0
6838,0
6839,0
6840,0
6841,0
6842,0
6843,0
6844,0
6845,0
6846,0
6847,0
6848,0
6849,0
6850,0
6851,0
6852,0
6853,0
6854,0
6855,0
6856,0
6857,0
6858,0
6859,0
6860,0
6861,0
6862,0
6863,0
6864,0
6865,0
6866,0
6867,0
6868,0
6869,0
6870,0
6871,0
6872,0
6873,0
6874,0
6875,0
6876,0
6877,0
6878,0
6879,0
6880,0
6881,0
6882,0
6883,0
6884,0
6885,0
6886,0
6887,0
6888,0
6889,0
6890,0
6891,0
6892,0
6893,0
6894,0
6895,0
6896,0
6897,0
6898,0
6899,0
6900,0
6901,0
6902,0
6903,0
6904,0
6905,0
6906,0
6907,0
6908,0
6909,0
6910,0
6911,0
6912,0
6913,0
6914,0
6915,0
6916,0
6917,0
6918,0
6919,0
6920,0
6921,0
6922,0
6923,0
6924,0
6925,0
6926,0
6927,0
6928,0
6929,0
6930,0
6931,0
6932,0
6933,0
6934,0
6935,0
6936,0
6937,0
6938,0
6939,0
6940,0
6941,0
6942,0
6943,0
6944,0
6945,0
6946,0
6947,0
6948,0
6949,0
6950,0
6951,0
6952,0
6953,0
6954,0
6955,0
6956,0
6957,0
6958,0
6959,0
6960,0
6961,0
6962,0
6963,0
6964,0
6965,0
6966,0
6967,0
6968,0
6969,0
6970,0
6971,0
6972,0
6973,0
6974,0
6975,0
6976,0
6977,0
6978,0
6979,0
6980,0
6981,0
6982,0
6983,0
6984,0
6985,0
6986,0
6987,0
6988,0
6989,0
6990,0
6991,0
6992,0
6993,0
6994,0
6995,0
6996,0
6997,0
6998,0
6999,0
7000,0
7001,0
7002,0
7003,0
7004,0
7005,0
7006,0
7007,0
7008,0
7009,0
7010,0
7011,0
7012,0
7013,0
7014,0
7015,0
7016,0
7017,0
7018,0
7019,0
7020,0
7021,0
7022,0
7023,0
7024,0
7025,0
7026,0
7027,0
7028,0
7029,0
7030,0
7031,0
7032,0
7033,0
7034,0
7035,0
7036,0
7037,0
7038,0
7039,0
7040,0
7041,0
7042,0
7043,0
7044,0
7045,0
7046,0
7047,0
7048,0
7049,0
7050,0
7051,0
7052,0
7053,0
7054,0
7055,0
7056,0
7057,0
7058,0
7059,0
7060,0
7061,0
7062,0
7063,0
7064,0
7065,0
7066,0
7067,0
7068,0
7069,0
7070,0
7071,0
7072,0
7073,0
7074,0
7075,0
7076,0
7077,0
7078,0
7079,0
7080,0
7081,0
7082,0
7083,0
7084,0
7085,0
7086,0
7087,0
7088,0
7089,0
7090,0
7091,0
7092,0
7093,0
7094,0
7095,0
7096,0
7097,0
7098,0
7099,0
7100,0
7101,0
7102,0
7103,0
7104,0
7105,0
7106,0
7107,0
7108,0
7109,0
7110,0
7111,0
7112,0
7113,0
7114,0
7115,0
7116,0
7117,0
7118,0
7119,0
7120,0
7121,0
7122,0
7123,0
7124,0
7125,0
7126,0
7127,0
7128,0
7129,0
7130,0
7131,0
7132,0
7133,0
7134,0
7135,0
7136,0
7137,0
7138,0
7139,0
7140,0
7141,0
7142,0
7143,0
7144,0
7145,0
7146,0
7147,0
7148,0
7149,0
7150,0
7151,0
7152,0
7153,0
7154,0
7155,0
7156,0
7157,0
7158,0
7159,0
7160,0
7161,0
7162,0
7163,0
7164,0
7165,0
7166,0
7167,0
7168,0
7169,0
7170,0
7171,0
7172,0
7173,0
7174,0
7175,0
7176,0
7177,0
7178,0
7179,0
7180,0
7181,0
7182,0
7183,0
7184,0
7185,0
7186,0
7187,0
7188,0
7189,0
7190,0
7191,0
7192,0
7193,0
7194,0
7195,0
7196,0
7197,0
7198,0
7199,0
7200,0
7201,0
7202,0
7203,0
7204,0
7205,0
7206,0
7207,0
7208,0
7209,0
7210,0
7211,0
7212,0
7213,0
7214,0
7215,0
7216,0
7217,0
7218,0
7219,0
7220,0
7221,0
7222,0
7223,0
7224,0
7225,0
7226,0
7227,0
7228,0
7229,0
7230,0
7231,0
7232,0
7233,0
7234,0
7235,0
7236,0
7237,0
7238,0
7239,0
7240,0
7241,0
7242,0
7243,0
7244,0
7245,0
7246,0
7247,0
7248,0
7249,0
7250,0
7251,0
7252,0
7253,0
7254,0
7255,0
7256,0
7257,0
7258,0
7259,0
7260,0
7261,0
7262,0
7263,0
7264,0
7265,0
7266,0
7267,0
7268,0
7269,0
7270,0
7271,0
7272,0
7273,0
7274,0
7275,0
7276,0
7277,0
7278,0
7279,0
7280,0
7281,0
7282,0
7283,0
7284,0
7285,0
7286,0
7287,0
7288,0
7289,0
7290,0
7291,0
7292,0
7293,0
7294,0
7295,0
7296,0
7297,0
7298,0
7299,0
7300,0
7301,0
7302,0
7303,0
7304,0
7305,0
7306,0
7307,0
7308,0
7309,0
7310,0
7311,0
7312,0
7313,0
7314,0
7315,0
7316,0
7317,0
7318,0
7319,0
7320,0
7321,0
7322,0
7323,0
7324,0
7325,0
7326,0
7327,0
7328,0
7329,0
7330,0
7331,0
7332,0
7333,0
7334,0
7335,0
7336,0
7337,0
7338,0
7339,0
7340,0
7341,0
7342,0
7343,0
7344,0
7345,0
7346,0
7347,0
7348,0
7349,0
7350,0
7351,0
7352,0
7353,0
7354,0
7355,0
7356,0
7357,0
7358,0
7359,0
7360,0
7361,0
7362,0
7363,0
7364,0
7365,0
7366,0
7367,0
7368,0
7369,0
7370,0
7371,0
7372,0
7373,0
7374,0
7375,0
7376,0
7377,0
7378,0
7379,0
7380,0
7381,0
7382,0
7383,0
7384,0
7385,0
7386,0
7387,0
7388,0
7389,0
7390,0
7391,0
7392,0
7393,0
7394,0
7395,0
7396,0
7397,0
7398,0
7399,0
7400,0
7401,0
7402,0
7403,0
7404,0
7405,0
7406,0
7407,0
7408,0
7409,0
7410,0
7411,0
7412,0
7413,0
7414,0
7415,0
7416,0
7417,0
7418,0
7419,0
7420,0
7421,0
7422,0
7423,0
7424,0
7425,0
7426,0
7427,0
7428,0
7429,0
7430,0
7431,0
7432,0
7433,0
7434,0
7435,0
7436,0
7437,0
7438,0
7439,0
7440,0
7441,0
7442,0
7443,0
7444,0
7445,0
7446,0
7447,0
7448,0
7449,0
7450,0
7451,0
7452,0
7453,0
7454,0
7455,0
7456,0
7457,0
7458,0
7459,0
7460,0
7461,0
7462,0
7463,0
7464,0
7465,0
7466,0
7467,0
7468,0
7469,0
7470,0
7471,0
7472,0
7473,0
7474,0
7475,0
7476,0
7477,0
7478,0
7479,0
7480,0
7481,0
7482,0
7483,0
7484,0
7485,0
7486,0
7487,0
7488,0
7489,0
7490,0
7491,0
7492,0
7493,0
7494,0
7495,0
7496,0
7497,0
7498,0
7499,0
7500,0
7501,0
7502,0
7503,0
7504,0
7505,0
7506,0
7507,0
7508,0
7509,0
7510,0
7511,0
7512,0
7513,0
7514,0
7515,0
7516,0
7517,0
7518,0
7519,0
7520,0
7521,0
7522,0
7523,0
7524,0
7525,0
7526,0
7527,0
7528,0
7529,0
7530,0
7531,0
7532,0
7533,0
7534,0
7535,0
7536,0
7537,0
7538,0
7539,0
7540,0
7541,0
7542,0
7543,0
7544,0
7545,0
7546,0
7547,0
7548,0
7549,0
7550,0
7551,0
7552,0
7553,0
7554,0
7555,0
7556,0
7557,0
7558,0
7559,0
7560,0
7561,0
7562,0
7563,0
7564,0
7565,0
7566,0
7567,0
7568,0
7569,0
7570,0
7571,0
7572,0
7573,0
7574,0
7575,0
7576,0
7577,0
7578,0
7579,0
7580,0
7581,0
7582,0
7583,0
7584,0
7585,0
7586,0
7587,0
7588,0
7589,0
7590,0
7591,0
7592,0
7593,0
7594,0
7595,0
7596,0
7597,0
7598,0
7599,0
7600,0
7601,0
7602,0
7603,0
7604,0
7605,0
7606,0
7607,0
7608,0
7609,0
7610,0
7611,0
7612,0
7613,0
7614,0
7615,0
7616,0
7617,0
7618,0
7619,0
7620,0
7621,0
7622,0
7623,0
7624,0
7625,0
7626,0
7627,0
7628,0
7629,0
7630,0
7631,0
7632,0
7633,0
7634,0
7635,0
7636,0
7637,0
7638,0
7639,0
7640,0
7641,0
7642,0
7643,0
7644,0
7645,0
7646,0
7647,0
7648,0
7649,0
7650,0
7651,0
7652,0
7653,0
7654,0
7655,0
7656,0
7657,0
7658,0
7659,0
7660,0
7661,0
7662,0
7663,0
7664,0
7665,0
7666,0
7667,0
7668,0
7669,0
7670,0
7671,0
7672,0
7673,0
7674,0
7675,0
7676,0
7677,0
7678,0
7679,0
7680,0
7681,0
7682,0
7683,0
7684,0
7685,0
7686,0
7687,0
7688,0
7689,0
7690,0
7691,0
7692,0
7693,0
7694,0
7695,0
7696,0
7697,0
7698,0
7699,0
7700,0
7701,0
7702,0
7703,0
7704,0
7705,0
7706,0
7707,0
7708,0
7709,0
7710,0
7711,0
7712,0
7713,0
7714,0
7715,0
7716,0
7717,0
7718,0
7719,0
7720,0
7721,0
7722,0
7723,0
7724,0
7725,0
7726,0
7727,0
7728,0
7729,0
7730,0
7731,0
7732,0
7733,0
7734,0
7735,0
7736,0
7737,0
7738,0
7739,0
7740,0
7741,0
7742,0
7743,0
7744,0
7745,0
7746,0
7747,0
7748,0
7749,0
7750,0
7751,0
7752,0
7753,0
7754,0
7755,0
7756,0
7757,0
7758,0
7759,0
7760,0
7761,0
7762,0
7763,0
7764,0
7765,0
7766,0
7767,0
7768,0
7769,0
7770,0
7771,0
7772,0
7773,0
7774,0
7775,0
7776,0
7777,0
7778,0
7779,0
7780,0
7781,0
7782,0
7783,0
7784,0
7785,0
7786,0
7787,0
7788,0
7789,0
7790,0
7791,0
7792,0
7793,0
7794,0
7795,0
7796,0
7797,0
7798,0
7799,0
7800,0
7801,0
7802,0
7803,0
7804,0
7805,0
7806,0
7807,0
7808,0
7809,0
7810,0
7811,0
7812,0
7813,0
7814,0
7815,0
7816,0
7817,0
7818,0
7819,0
7820,0
7821,0
7822,0
7823,0
7824,0
7825,0
7826,0
7827,0
7828,0
7829,0
7830,0
7831,0
7832,0
7833,0
7834,0
7835,0
7836,0
7837,0
7838,0
7839,0
7840,0
7841,0
7842,0
7843,0
7844,0
7845,0
7846,0
7847,0
7848,0
7849,0
7850,0
7851,0
7852,0
7853,0
7854,0
7855,0
7856,0
7857,0
7858,0
7859,0
7860,0
7861,0
7862,0
7863,0
7864,0
7865,0
7866,0
7867,0
7868,0
7869,0
7870,0
7871,0
7872,0
7873,0
7874,0
7875,0
7876,0
7877,0
7878,0
7879,0
7880,0
7881,0
7882,0
7883,0
7884,0
7885,0
7886,0
7887,0
7888,0
7889,0
7890,0
7891,0
7892,0
7893,0
7894,0
7895,0
7896,0
7897,0
7898,0
7899,0
7900,0
7901,0
7902,0
7903,0
7904,0
7905,0
7906,0
7907,0
7908,0
7909,0
7910,0
7911,0
7912,0
7913,0
7914,0
7915,0
7916,0
7917,0
7918,0
7919,0
7920,0
7921,0
7922,0
7923,0
7924,0
7925,0
7926,0
7927,0
7928,0
7929,0
7930,0
7931,0
7932,0
7933,0
7934,0
7935,0
7936,0
7937,0
7938,0
7939,0
7940,0
7941,0
7942,0
7943,0
7944,0
7945,0
7946,0
7947,0
7948,0
7949,0
7950,0
7951,0
7952,0
7953,0
7954,0
7955,0
7956,0
7957,0
7958,0
7959,0
7960,0
7961,0
7962,0
7963,0
7964,0
7965,0
7966,0
7967,0
7968,0
7969,0
7970,0
7971,0
7972,0
7973,0
7974,0
7975,0
7976,0
7977,0
7978,0
7979,0
7980,0
7981,0
7982,0
7983,0
7984,0
7985,0
7986,0
7987,0
7988,0
7989,0
7990,0
7991,0
7992,0
7993,0
7994,0
7995,0
7996,0
7997,0
7998,0
7999,0
8000,0
8001,0
8002,0
8003,0
8004,0
8005,0
8006,0
8007,0
8008,0
8009,0
8010,0
8011,0
8012,0
8013,0
8014,0
8015,0
8016,0
8017,0
8018,0
8019,0
8020,0
8021,0
8022,0
8023,0
8024,0
8025,0
8026,0
8027,0
8028,0
8029,0
8030,0
8031,0
8032,0
8033,0
8034,0
8035,0
8036,0
8037,0
8038,0
8039,0
8040,0
8041,0
8042,0
8043,0
8044,0
8045,0
8046,0
8047,0
8048,0
8049,0
8050,0
8051,0
8052,0
8053,0
8054,0
8055,0
8056,0
8057,0
8058,0
8059,0
8060,0
8061,0
8062,0
8063,0
8064,0
8065,0
8066,0
8067,0
8068,0
8069,0
8070,0
8071,0
8072,0
8073,0
8074,0
8075,0
8076,0
8077,0
8078,0
8079,0
8080,0
8081,0
8082,0
8083,0
8084,0
8085,0
8086,0
8087,0
8088,0
8089,0
8090,0
8091,0
8092,0
8093,0
8094,0
8095,0
8096,0
8097,0
8098,0
8099,0
8100,0
8101,0
8102,0
8103,0
8104,0
8105,0
8106,0
8107,0
8108,0
8109,0
8110,0
8111,0
8112,0
8113,0
8114,0
8115,0
8116,0
8117,0
8118,0
8119,0
8120,0
8121,0
8122,0
8123,0
8124,0
8125,0
8126,0
8127,0
8128,0
8129,0
8130,0
8131,0
8132,0
8133,0
8134,0
8135,0
8136,0
8137,0
8138,0
8139,0
8140,0
8141,0
8142,0
8143,0
8144,0
8145,0
8146,0
8147,0
8148,0
8149,0
8150,0
8151,0
8152,0
8153,0
8154,0
8155,0
8156,0
8157,0
8158,0
8159,0
8160,0
8161,0
8162,0
8163,0
8164,0
8165,0
8166,0
8167,0
8168,0
8169,0
8170,0
8171,0
8172,0
8173,0
8174,0
8175,0
8176,0
8177,0
8178,0
8179,0
8180,0
8181,0
8182,0
8183,0
8184,0
8185,0
8186,0
8187,0
8188,0
8189,0
8190,0
8191,0
8192,0
8193,0
8194,0
8195,0
8196,0
8197,0
8198,0
8199,0
8200,0
8201,0
8202,0
8203,0
8204,0
8205,0
8206,0
8207,0
8208,0
8209,0
8210,0
8211,0
8212,0
8213,0
8214,0
8215,0
8216,0
8217,0
8218,0
8219,0
8220,0
8221,0
8222,0
8223,0
8224,0
8225,0
8226,0
8227,0
8228,0
8229,0
8230,0
8231,0
8232,0
8233,0
8234,0
8235,0
8236,0
8237,0
8238,0
8239,0
8240,0
8241,0
8242,0
8243,0
8244,0
8245,0
8246,0
8247,0
8248,0
8249,0
8250,0
8251,0
8252,0
8253,0
8254,0
8255,0
8256,0
8257,0
8258,0
8259,0
8260,0
8261,0
8262,0
8263,0
8264,0
8265,0
8266,0
8267,0
8268,0
8269,0
8270,0
8271,0
8272,0
8273,0
8274,0
8275,0
8276,0
8277,0
8278,0
8279,0
8280,0
8281,0
8282,0
8283,0
8284,0
8285,0
8286,0
8287,0
8288,0
8289,0
8290,0
8291,0
8292,0
8293,0
8294,0
8295,0
8296,0
8297,0
8298,0
8299,0
8300,0
8301,0
8302,0
8303,0
8304,0
8305,0
8306,0
8307,0
8308,0
8309,0
8310,0
8311,0
8312,0
8313,0
8314,0
8315,0
8316,0
8317,0
8318,0
8319,0
8320,0
8321,0
8322,0
8323,0
8324,0
8325,0
8326,0
8327,0
8328,0
8329,0
8330,0
8331,0
8332,0
8333,0
8334,0
8335,0
8336,0
8337,0
8338,0
8339,0
8340,0
8341,0
8342,0
8343,0
8344,0
8345,0
8346,0
8347,0
8348,0
8349,0
8350,0
8351,0
8352,0
8353,0
8354,0
8355,0
8356,0
8357,0
8358,0
8359,0
8360,0
8361,0
8362,0
8363,0
8364,0
8365,0
8366,0
8367,0
8368,0
8369,0
8370,0
8371,0
8372,0
8373,0
8374,0
8375,0
8376,0
8377,0
8378,0
8379,0
8380,0
8381,0
8382,0
8383,0
8384,0
8385,0
8386,0
8387,0
8388,0
8389,0
8390,0
8391,0
8392,0
8393,0
8394,0
8395,0
8396,0
8397,0
8398,0
8399,0
8400,0
8401,0
8402,0
8403,0
8404,0
8405,0
8406,0
8407,0
8408,0
8409,0
8410,0
8411,0
8412,0
8413,0
8414,0
8415,0
8416,0
8417,0
8418,0
8419,0
8420,0
8421,0
8422,0
8423,0
8424,0
8425,0
8426,0
8427,0
8428,0
8429,0
8430,0
8431,0
8432,0
8433,0
8434,0
8435,0
8436,0
8437,0
8438,0
8439,0
8440,0
8441,0
8442,0
8443,0
8444,0
8445,0
8446,0
8447,0
8448,0
8449,0
8450,0
8451,0
8452,0
8453,0
8454,0
8455,0
8456,0
8457,0
8458,0
8459,0
8460,0
8461,0
8462,0
8463,0
8464,0
8465,0
8466,0
8467,0
8468,0
8469,0
8470,0
8471,0
8472,0
8473,0
8474,0
8475,0
8476,0
8477,0
8478,0
8479,0
8480,0
8481,0
8482,0
8483,0
8484,0
8485,0
8486,0
8487,0
8488,0
8489,0
8490,0
8491,0
8492,0
8493,0
8494,0
8495,0
8496,0
8497,0
8498,0
8499,0
8500,0
8501,0
8502,0
8503,0
8504,0
8505,0
8506,0
8507,0
8508,0
8509,0
8510,0
8511,0
8512,0
8513,0
8514,0
8515,0
8516,0
8517,0
8518,0
8519,0
8520,0
8521,0
8522,0
8523,0
8524,0
8525,0
8526,0
8527,0
8528,0
8529,0
8530,0
8531,0
8532,0
8533,0
8534,0
8535,0
8536,0
8537,0
8538,0
8539,0
8540,0
8541,0
8542,0
8543,0
8544,0
8545,0
8546,0
8547,0
8548,0
8549,0
8550,0
8551,0
8552,0
8553,0
8554,0
8555,0
8556,0
8557,0
8558,0
8559,0
8560,0
8561,0
8562,0
8563,0
8564,0
8565,0
8566,0
8567,0
8568,0
8569,0
8570,0
8571,0
8572,0
8573,0
8574,0
8575,0
8576,0
8577,0
8578,0
8579,0
8580,0
8581,0
8582,0
8583,0
8584,0
8585,0
8586,0
8587,0
8588,0
8589,0
8590,0
8591,0
8592,0
8593,0
8594,0
8595,0
8596,0
8597,0
8598,0
8599,0
8600,0
8601,0
8602,0
8603,0
8604,0
8605,0
8606,0
8607,0
8608,0
8609,0
8610,0
8611,0
8612,0
8613,0
8614,0
8615,0
8616,0
8617,0
8618,0
8619,0
8620,0
8621,0
8622,0
8623,0
8624,0
8625,0
8626,0
8627,0
8628,0
8629,0
8630,0
8631,0
8632,0
8633,0
8634,0
8635,0
8636,0
8637,0
8638,0
8639,0
8640,0
8641,0
8642,0
8643,0
8644,0
8645,0
8646,0
8647,0
8648,0
8649,0
8650,0
8651,0
8652,0
8653,0
8654,0
8655,0
8656,0
8657,0
8658,0
8659,0
8660,0
8661,0
8662,0
8663,0
8664,0
8665,0
8666,0
8667,0
8668,0
8669,0
8670,0
8671,0
8672,0
8673,0
8674,0
8675,0
8676,0
8677,0
8678,0
8679,0
8680,0
8681,0
8682,0
8683,0
8684,0
8685,0
8686,0
8687,0
8688,0
8689,0
8690,0
8691,0
8692,0
8693,0
8694,0
8695,0
8696,0
8697,0
8698,0
8699,0
8700,0
8701,0
8702,0
8703,0
8704,0
8705,0
8706,0
8707,0
8708,0
8709,0
8710,0
8711,0
8712,0
8713,0
8714,0
8715,0
8716,0
8717,0
8718,0
8719,0
8720,0
8721,0
8722,0
8723,0
8724,0
8725,0
8726,0
8727,0
8728,0
8729,0
8730,0
8731,0
8732,0
8733,0
8734,0
8735,0
8736,0
8737,0
8738,0
8739,0
8740,0
8741,0
8742,0
8743,0
8744,0
8745,0
8746,0
8747,0
8748,0
8749,0
8750,0
8751,0
8752,0
8753,0
8754,0
8755,0
8756,0
8757,0
8758,0
8759,0
8760,0
8761,0
8762,0
8763,0
8764,0
8765,0
8766,0
8767,0
8768,0
8769,0
8770,0
8771,0
8772,0
8773,0
8774,0
8775,0
8776,0
8777,0
8778,0
8779,0
8780,0
8781,0
8782,0
8783,0
8784,0
8785,0
8786,0
8787,0
8788,0
8789,0
8790,0
8791,0
8792,0
8793,0
8794,0
8795,0
8796,0
8797,0
8798,0
8799,0
8800,0
8801,0
8802,0
8803,0
8804,0
8805,0
8806,0
8807,0
8808,0
8809,0
8810,0
8811,0
8812,0
8813,0
8814,0
8815,0
8816,0
8817,0
8818,0
8819,0
8820,0
8821,0
8822,0
8823,0
8824,0
8825,0
8826,0
8827,0
8828,0
8829,0
8830,0
8831,0
8832,0
8833,0
8834,0
8835,0
8836,0
8837,0
8838,0
8839,0
8840,0
8841,0
8842,0
8843,0
8844,0
8845,0
8846,0
8847,0
8848,0
8849,0
8850,0
8851,0
8852,0
8853,0
8854,0
8855,0
8856,0
8857,0
8858,0
8859,0
8860,0
8861,0
8862,0
8863,0
8864,0
8865,0
8866,0
8867,0
8868,0
8869,0
8870,0
8871,0
8872,0
8873,0
8874,0
8875,0
8876,0
8877,0
8878,0
8879,0
8880,0
8881,0
8882,0
8883,0
8884,0
8885,0
8886,0
8887,0
8888,0
8889,0
8890,0
8891,0
8892,0
8893,0
8894,0
8895,0
8896,0
8897,0
8898,0
8899,0
8900,0
8901,0
8902,0
8903,0
8904,0
8905,0
8906,0
8907,0
8908,0
8909,0
8910,0
8911,0
8912,0
8913,0
8914,0
8915,0
8916,0
8917,0
8918,0
8919,0
8920,0
8921,0
8922,0
8923,0
8924,0
8925,0
8926,0
8927,0
8928,0
8929,0
8930,0
8931,0
8932,0
8933,0
8934,0
8935,0
8936,0
8937,0
8938,0
8939,0
8940,0
8941,0
8942,0
8943,0
8944,0
8945,0
8946,0
8947,0
8948,0
8949,0
8950,0
8951,0
8952,0
8953,0
8954,0
8955,0
8956,0
8957,0
8958,0
8959,0
8960,0
8961,0
8962,0
8963,0
8964,0
8965,0
8966,0
8967,0
8968,0
8969,0
8970,0
8971,0
8972,0
8973,0
8974,0
8975,0
8976,0
8977,0
8978,0
8979,0
8980,0
8981,0
8982,0
8983,0
8984,0
8985,0
8986,0
8987,0
8988,0
8989,0
8990,0
8991,0
8992,0
8993,0
8994,0
8995,0
8996,0
8997,0
8998,0
8999,0
9000,0
9001,0
9002,0
9003,0
9004,0
9005,0
9006,0
9007,0
9008,0
9009,0
9010,0
9011,0
9012,0
9013,0
9014,0
9015,0
9016,0
9017,0
9018,0
9019,0
9020,0
9021,0
9022,0
9023,0
9024,0
9025,0
9026,0
9027,0
9028,0
9029,0
9030,0
9031,0
9032,0
9033,0
9034,0
9035,0
9036,0
9037,0
9038,0
9039,0
9040,0
9041,0
9042,0
9043,0
9044,0
9045,0
9046,0
9047,0
9048,0
9049,0
9050,0
9051,0
9052,0
9053,0
9054,0
9055,0
9056,0
9057,0
9058,0
9059,0
9060,0
9061,0
9062,0
9063,0
9064,0
9065,0
9066,0
9067,0
9068,0
9069,0
9070,0
9071,0
9072,0
9073,0
9074,0
9075,0
9076,0
9077,0
9078,0
9079,0
9080,0
9081,0
9082,0
9083,0
9084,0
9085,0
9086,0
9087,0
9088,0
9089,0
9090,0
9091,0
9092,0
9093,0
9094,0
9095,0
9096,0
9097,0
9098,0
9099,0
9100,0
9101,0
9102,0
9103,0
9104,0
9105,0
9106,0
9107,0
9108,0
9109,0
9110,0
9111,0
9112,0
9113,0
9114,0
9115,0
9116,0
9117,0
9118,0
9119,0
9120,0
9121,0
9122,0
9123,0
9124,0
9125,0
9126,0
9127,0
9128,0
9129,0
9130,0
9131,0
9132,0
9133,0
9134,0
9135,0
9136,0
9137,0
9138,0
9139,0
9140,0
9141,0
9142,0
9143,0
9144,0
9145,0
9146,0
9147,0
9148,0
9149,0
9150,0
9151,0
9152,0
9153,0
9154,0
9155,0
9156,0
9157,0
9158,0
9159,0
9160,0
9161,0
9162,0
9163,0
9164,0
9165,0
9166,0
9167,0
9168,0
9169,0
9170,0
9171,0
9172,0
9173,0
9174,0
9175,0
9176,0
9177,0
9178,0
9179,0
9180,0
9181,0
9182,0
9183,0
9184,0
9185,0
9186,0
9187,0
9188,0
9189,0
9190,0
9191,0
9192,0
9193,0
9194,0
9195,0
9196,0
9197,0
9198,0
9199,0
9200,0
9201,0
9202,0
9203,0
9204,0
9205,0
9206,0
9207,0
9208,0
9209,0
9210,0
9211,0
9212,0
9213,0
9214,0
9215,0
9216,0
9217,0
9218,0
9219,0
9220,0
9221,0
9222,0
9223,0
9224,0
9225,0
9226,0
9227,0
9228,0
9229,0
9230,0
9231,0
9232,0
9233,0
9234,0
9235,0
9236,0
9237,0
9238,0
9239,0
9240,0
9241,0
9242,0
9243,0
9244,0
9245,0
9246,0
9247,0
9248,0
9249,0
9250,0
9251,0
9252,0
9253,0
9254,0
9255,0
9256,0
9257,0
9258,0
9259,0
9260,0
9261,0
9262,0
9263,0
9264,0
9265,0
9266,0
9267,0
9268,0
9269,0
9270,0
9271,0
9272,0
9273,0
9274,0
9275,0
9276,0
9277,0
9278,0
9279,0
9280,0
9281,0
9282,0
9283,0
9284,0
9285,0
9286,0
9287,0
9288,0
9289,0
9290,0
9291,0
9292,0
9293,0
9294,0
9295,0
9296,0
9297,0
9298,0
9299,0
9300,0
9301,0
9302,0
9303,0
9304,0
9305,0
9306,0
9307,0
9308,0
9309,0
9310,0
9311,0
9312,0
9313,0
9314,0
9315,0
9316,0
9317,0
9318,0
9319,0
9320,0
9321,0
9322,0
9323,0
9324,0
9325,0
9326,0
9327,0
9328,0
9329,0
9330,0
9331,0
9332,0
9333,0
9334,0
9335,0
9336,0
9337,0
9338,0
9339,0
9340,0
9341,0
9342,0
9343,0
9344,0
9345,0
9346,0
9347,0
9348,0
9349,0
9350,0
9351,0
9352,0
9353,0
9354,0
9355,0
9356,0
9357,0
9358,0
9359,0
9360,0
9361,0
9362,0
9363,0
9364,0
9365,0
9366,0
9367,0
9368,0
9369,0
9370,0
9371,0
9372,0
9373,0
9374,0
9375,0
9376,0
9377,0
9378,0
9379,0
9380,0
9381,0
9382,0
9383,0
9384,0
9385,0
9386,0
9387,0
9388,0
9389,0
9390,0
9391,0
9392,0
9393,0
9394,0
9395,0
9396,0
9397,0
9398,0
9399,0
9400,0
9401,0
9402,0
9403,0
9404,0
9405,0
9406,0
9407,0
9408,0
9409,0
9410,0
9411,0
9412,0
9413,0
9414,0
9415,0
9416,0
9417,0
9418,0
9419,0
9420,0
9421,0
9422,0
9423,0
9424,0
9425,0
9426,0
9427,0
9428,0
9429,0
9430,0
9431,0
9432,0
9433,0
9434,0
9435,0
9436,0
9437,0
9438,0
9439,0
9440,0
9441,0
9442,0
9443,0
9444,0
9445,0
9446,0
9447,0
9448,0
9449,0
9450,0
9451,0
9452,0
9453,0
9454,0
9455,0
9456,0
9457,0
9458,0
9459,0
9460,0
9461,0
9462,0
9463,0
9464,0
9465,0
9466,0
9467,0
9468,0
9469,0
9470,0
9471,0
9472,0
9473,0
9474,0
9475,0
9476,0
9477,0
9478,0
9479,0
9480,0
9481,0
9482,0
9483,0
9484,0
9485,0
9486,0
9487,0
9488,0
9489,0
9490,0
9491,0
9492,0
9493,0
9494,0
9495,0
9496,0
9497,0
9498,0
9499,0
9500,0
9501,0
9502,0
9503,0
9504,0
9505,0
9506,0
9507,0
9508,0
9509,0
9510,0
9511,0
9512,0
9513,0
9514,0
9515,0
9516,0
9517,0
9518,0
9519,0
9520,0
9521,0
9522,0
9523,0
9524,0
9525,0
9526,0
9527,0
9528,0
9529,0
9530,0
9531,0
9532,0
9533,0
9534,0
9535,0
9536,0
9537,0
9538,0
9539,0
9540,0
9541,0
9542,0
9543,0
9544,0
9545,0
9546,0
9547,0
9548,0
9549,0
9550,0
9551,0
9552,0
9553,0
9554,0
9555,0
9556,0
9557,0
9558,0
9559,0
9560,0
9561,0
9562,0
9563,0
9564,0
9565,0
9566,0
9567,0
9568,0
9569,0
9570,0
9571,0
9572,0
9573,0
9574,0
9575,0
9576,0
9577,0
9578,0
9579,0
9580,0
9581,0
9582,0
9583,0
9584,0
9585,0
9586,0
9587,0
9588,0
9589,0
9590,0
9591,0
9592,0
9593,0
9594,0
9595,0
9596,0
9597,0
9598,0
9599,0
9600,0
9601,0
9602,0
9603,0
9604,0
9605,0
9606,0
9607,0
9608,0
9609,0
9610,0
9611,0
9612,0
9613,0
9614,0
9615,0
9616,0
9617,0
9618,0
9619,0
9620,0
9621,0
9622,0
9623,0
9624,0
9625,0
9626,0
9627,0
9628,0
9629,0
9630,0
9631,0
9632,0
9633,0
9634,0
9635,0
9636,0
9637,0
9638,0
9639,0
9640,0
9641,0
9642,0
9643,0
9644,0
9645,0
9646,0
9647,0
9648,0
9649,0
9650,0
9651,0
9652,0
9653,0
9654,0
9655,0
9656,0
9657,0
9658,0
9659,0
9660,0
9661,0
9662,0
9663,0
9664,0
9665,0
9666,0
9667,0
9668,0
9669,0
9670,0
9671,0
9672,0
9673,0
9674,0
9675,0
9676,0
9677,0
9678,0
9679,0
9680,0
9681,0
9682,0
9683,0
9684,0
9685,0
9686,0
9687,0
9688,0
9689,0
9690,0
9691,0
9692,0
9693,0
9694,0
9695,0
9696,0
9697,0
9698,0
9699,0
9700,0
9701,0
9702,0
9703,0
9704,0
9705,0
9706,0
9707,0
9708,0
9709,0
9710,0
9711,0
9712,0
9713,0
9714,0
9715,0
9716,0
9717,0
9718,0
9719,0
9720,0
9721,0
9722,0
9723,0
9724,0
9725,0
9726,0
9727,0
9728,0
9729,0
9730,0
9731,0
9732,0
9733,0
9734,0
9735,0
9736,0
9737,0
9738,0
9739,0
9740,0
9741,0
9742,0
9743,0
9744,0
9745,0
9746,0
9747,0
9748,0
9749,0
9750,0
9751,0
9752,0
9753,0
9754,0
9755,0
9756,0
9757,0
9758,0
9759,0
9760,0
9761,0
9762,0
9763,0
9764,0
9765,0
9766,0
9767,0
9768,0
9769,0
9770,0
9771,0
9772,0
9773,0
9774,0
9775,0
9776,0
9777,0
9778,0
9779,0
9780,0
9781,0
9782,0
9783,0
9784,0
9785,0
9786,0
9787,0
9788,0
9789,0
9790,0
9791,0
9792,0
9793,0
9794,0
9795,0
9796,0
9797,0
9798,0
9799,0
9800,0
9801,0
9802,0
9803,0
9804,0
9805,0
9806,0
9807,0
9808,0
9809,0
9810,0
9811,0
9812,0
9813,0
9814,0
9815,0
9816,0
9817,0
9818,0
9819,0
9820,0
9821,0
9822,0
9823,0
9824,0
9825,0
9826,0
9827,0
9828,0
9829,0
9830,0
9831,0
9832,0
9833,0
9834,0
9835,0
9836,0
9837,0
9838,0
9839,0
9840,0
9841,0
9842,0
9843,0
9844,0
9845,0
9846,0
9847,0
9848,0
9849,0
9850,0
9851,0
9852,0
9853,0
9854,0
9855,0
9856,0
9857,0
9858,0
9859,0
9860,0
9861,0
9862,0
9863,0
9864,0
9865,0
9866,0
9867,0
9868,0
9869,0
9870,0
9871,0
9872,0
9873,0
9874,0
9875,0
9876,0
9877,0
9878,0
9879,0
9880,0
9881,0
9882,0
9883,0
9884,0
9885,0
9886,0
9887,0
9888,0
9889,0
9890,0
9891,0
9892,0
9893,0
9894,0
9895,0
9896,0
9897,0
9898,0
9899,0
9900,0
9901,0
9902,0
9903,0
9904,0
9905,0
9906,0
9907,0
9908,0
9909,0
9910,0
9911,0
9912,0
9913,0
9914,0
9915,0
9916,0
9917,0
9918,0
9919,0
9920,0
9921,0
9922,0
9923,0
9924,0
9925,0
9926,0
9927,0
9928,0
9929,0
9930,0
9931,0
9932,0
9933,0
9934,0
9935,0
9936,0
9937,0
9938,0
9939,0
9940,0
9941,0
9942,0
9943,0
9944,0
9945,0
9946,0
9947,0
9948,0
9949,0
9950,0
9951,0
9952,0
9953,0
9954,0
9955,0
9956,0
9957,0
9958,0
9959,0
9960,0
9961,0
9962,0
9963,0
9964,0
9965,0
9966,0
9967,0
9968,0
9969,0
9970,0
9971,0
9972,0
9973,0
9974,0
9975,0
9976,0
9977,0
9978,0
9979,0
9980,0
9981,0
9982,0
9983,0
9984,0
9985,0
9986,0
9987,0
9988,0
9989,0
9990,0
9991,0
9992,0
9993,0
9994,0
9995,0
9996,0
9997,0
9998,0
9999,0
10000,0
10001,0
10002,0
10003,0
10004,0
10005,0
10006,0
10007,0
10008,0
10009,0
10010,0
10011,0
10012,0
10013,0
10014,0
10015,0
10016,0
10017,0
10018,0
10019,0
10020,0
10021,0
10022,0
10023,0
10024,0
10025,0
10026,0
10027,0
10028,0
10029,0
10030,0
10031,0
10032,0
10033,0
10034,0
10035,0
10036,0
10037,0
10038,0
10039,0
10040,0
10041,0
10042,0
10043,0
10044,0
10045,0
10046,0
10047,0
10048,0
10049,0
10050,0
10051,0
10052,0
10053,0
10054,0
10055,0
10056,0
10057,0
10058,0
10059,0
10060,0
10061,0
10062,0
10063,0
10064,0
10065,0
10066,0
10067,0
10068,0
10069,0
10070,0
10071,0
10072,0
10073,0
10074,0
10075,0
10076,0
10077,0
10078,0
10079,0
10080,0
10081,0
10082,0
10083,0
10084,0
10085,0
10086,0
10087,0
10088,0
10089,0
10090,0
10091,0
10092,0
10093,0
10094,0
10095,0
10096,0
10097,0
10098,0
10099,0
10100,0
10101,0
10102,0
10103,0
10104,0
10105,0
10106,0
10107,0
10108,0
10109,0
10110,0
10111,0
10112,0
10113,0
10114,0
10115,0
10116,0
10117,0
10118,0
10119,0
10120,0
10121,0
10122,0
10123,0
10124,0
10125,0
10126,0
10127,0
10128,0
10129,0
10130,0
10131,0
10132,0
10133,0
10134,0
10135,0
10136,0
10137,0
10138,0
10139,0
10140,0
10141,0
10142,0
10143,0
10144,0
10145,0
10146,0
10147,0
10148,0
10149,0
10150,0
10151,0
10152,0
10153,0
10154,0
10155,0
10156,0
10157,0
10158,0
10159,0
10160,0
10161,0
10162,0
10163,0
10164,0
10165,0
10166,0
10167,0
10168,0
10169,0
10170,0
10171,0
10172,0
10173,0
10174,0
10175,0
10176,0
10177,0
10178,0
10179,0
10180,0
10181,0
10182,0
10183,0
10184,0
10185,0
10186,0
10187,0
10188,0
10189,0
10190,0
10191,0
10192,0
10193,0
10194,0
10195,0
10196,0
10197,0
10198,0
10199,0
10200,0
10201,0
10202,0
10203,0
10204,0
10205,0
10206,0
10207,0
10208,0
10209,0
10210,0
10211,0
10212,0
10213,0
10214,0
10215,0
10216,0
10217,0
10218,0
10219,0
10220,0
10221,0
10222,0
10223,0
10224,0
10225,0
10226,0
10227,0
10228,0
10229,0
10230,0
10231,0
10232,0
10233,0
10234,0
10235,0
10236,0
10237,0
10238,0
10239,0
10240,0
10241,0
10242,0
10243,0
10244,0
10245,0
10246,0
10247,0
10248,0
10249,0
10250,0
10251,0
10252,0
10253,0
10254,0
10255,0
10256,0
10257,0
10258,0
10259,0
10260,0
10261,0
10262,0
10263,0
10264,0
10265,0
10266,0
10267,0
10268,0
10269,0
10270,0
10271,0
10272,0
10273,0
10274,0
10275,0
10276,0
10277,0
10278,0
10279,0
10280,0
10281,0
10282,0
10283,0
10284,0
10285,0
10286,0
10287,0
10288,0
10289,0
10290,0
10291,0
10292,0
10293,0
10294,0
10295,0
10296,0
10297,0
10298,0
10299,0
10300,0
10301,0
10302,0
10303,0
10304,0
10305,0
10306,0
10307,0
10308,0
10309,0
10310,0
10311,0
10312,0
10313,0
10314,0
10315,0
10316,0
10317,0
10318,0
10319,0
10320,0
10321,0
10322,0
10323,0
10324,0
10325,0
10326,0
10327,0
10328,0
10329,0
10330,0
10331,0
10332,0
10333,0
10334,0
10335,0
10336,0
10337,0
10338,0
10339,0
10340,0
10341,0
10342,0
10343,0
10344,0
10345,0
10346,0
10347,0
10348,0
10349,0
10350,0
10351,0
10352,0
10353,0
10354,0
10355,0
10356,0
10357,0
10358,0
10359,0
10360,0
10361,0
10362,0
10363,0
10364,0
10365,0
10366,0
10367,0
10368,0
10369,0
10370,0
10371,0
10372,0
10373,0
10374,0
10375,0
10376,0
10377,0
10378,0
10379,0
10380,0
10381,0
10382,0
10383,0
10384,0
10385,0
10386,0
10387,0
10388,0
10389,0
10390,0
10391,0
10392,0
10393,0
10394,0
10395,0
10396,0
10397,0
10398,0
10399,0
10400,0
10401,0
10402,0
10403,0
10404,0
10405,0
10406,0
10407,0
10408,0
10409,0
10410,0
10411,0
10412,0
10413,0
10414,0
10415,0
10416,0
10417,0
10418,0
10419,0
10420,0
10421,0
10422,0
10423,0
10424,0
10425,0
10426,0
10427,0
10428,0
10429,0
10430,0
10431,0
10432,0
10433,0
10434,0
10435,0
10436,0
10437,0
10438,0
10439,0
10440,0
10441,0
10442,0
10443,0
10444,0
10445,0
10446,0
10447,0
10448,0
10449,0
10450,0
10451,0
10452,0
10453,0
10454,0
10455,0
10456,0
10457,0
10458,0
10459,0
10460,0
10461,0
10462,0
10463,0
10464,0
10465,0
10466,0
10467,0
10468,0
10469,0
10470,0
10471,0
10472,0
10473,0
10474,0
10475,0
10476,0
10477,0
10478,0
10479,0
10480,0
10481,0
10482,0
10483,0
10484,0
10485,0
10486,0
10487,0
10488,0
10489,0
10490,0
10491,0
10492,0
10493,0
10494,0
10495,0
10496,0
10497,0
10498,0
10499,0
10500,0
10501,0
10502,0
10503,0
10504,0
10505,0
10506,0
10507,0
10508,0
10509,0
10510,0
10511,0
10512,0
10513,0
10514,0
10515,0
10516,0
10517,0
10518,0
10519,0
10520,0
10521,0
10522,0
10523,0
10524,0
10525,0
10526,0
10527,0
10528,0
10529,0
10530,0
10531,0
10532,0
10533,0
10534,0
10535,0
10536,0
10537,0
10538,0
10539,0
10540,0
10541,0
10542,0
10543,0
10544,0
10545,0
10546,0
10547,0
10548,0
10549,0
10550,0
10551,0
10552,0
10553,0
10554,0
10555,0
10556,0
10557,0
10558,0
10559,0
10560,0
10561,0
10562,0
10563,0
10564,0
10565,0
10566,0
10567,0
10568,0
10569,0
10570,0
10571,0
10572,0
10573,0
10574,0
10575,0
10576,0
10577,0
10578,0
10579,0
10580,0
10581,0
10582,0
10583,0
10584,0
10585,0
10586,0
10587,0
10588,0
10589,0
10590,0
10591,0
10592,0
10593,0
10594,0
10595,0
10596,0
10597,0
10598,0
10599,0
10600,0
10601,0
10602,0
10603,0
10604,0
10605,0
10606,0
10607,0
10608,0
10609,0
10610,0
10611,0
10612,0
10613,0
10614,0
10615,0
10616,0
10617,0
10618,0
10619,0
10620,0
10621,0
10622,0
10623,0
10624,0
10625,0
10626,0
10627,0
10628,0
10629,0
10630,0
10631,0
10632,0
10633,0
10634,0
10635,0
10636,0
10637,0
10638,0
10639,0
10640,0
10641,0
10642,0
10643,0
10644,0
10645,0
10646,0
10647,0
10648,0
10649,0
10650,0
10651,0
10652,0
10653,0
10654,0
10655,0
10656,0
10657,0
10658,0
10659,0
10660,0
10661,0
10662,0
10663,0
10664,0
10665,0
10666,0
10667,0
10668,0
10669,0
10670,0
10671,0
10672,0
10673,0
10674,0
10675,0
10676,0
10677,0
10678,0
10679,0
10680,0
10681,0
10682,0
10683,0
10684,0
10685,0
10686,0
10687,0
10688,0
10689,0
10690,0
10691,0
10692,0
10693,0
10694,0
10695,0
10696,0
10697,0
10698,0
10699,0
10700,0
10701,0
10702,0
10703,0
10704,0
10705,0
10706,0
10707,0
10708,0
10709,0
10710,0
10711,0
10712,0
10713,0
10714,0
10715,0
10716,0
10717,0
10718,0
10719,0
10720,0
10721,0
10722,0
10723,0
10724,0
10725,0
10726,0
10727,0
10728,0
10729,0
10730,0
10731,0
10732,0
10733,0
10734,0
10735,0
10736,0
10737,0
10738,0
10739,0
10740,0
10741,0
10742,0
10743,0
10744,0
10745,0
10746,0
10747,0
10748,0
10749,0
10750,0
10751,0
10752,0
10753,0
10754,0
10755,0
10756,0
10757,0
10758,0
10759,0
10760,0
10761,0
10762,0
10763,0
10764,0
10765,0
10766,0
10767,0
10768,0
10769,0
10770,0
10771,0
10772,0
10773,0
10774,0
10775,0
10776,0
10777,0
10778,0
10779,0
10780,0
10781,0
10782,0
10783,0
10784,0
10785,0
10786,0
10787,0
10788,0
10789,0
10790,0
10791,0
10792,0
10793,0
10794,0
10795,0
10796,0
10797,0
10798,0
10799,0
10800,0
10801,0
10802,0
10803,0
10804,0
10805,0
10806,0
10807,0
10808,0
10809,0
10810,0
10811,0
10812,0
10813,0
10814,0
10815,0
10816,0
10817,0
10818,0
10819,0
10820,0
10821,0
10822,0
10823,0
10824,0
10825,0
10826,0
10827,0
10828,0
10829,0
10830,0
10831,0
10832,0
10833,0
10834,0
10835,0
10836,0
10837,0
10838,0
10839,0
10840,0
10841,0
10842,0
10843,0
10844,0
10845,0
10846,0
10847,0
10848,0
10849,0
10850,0
10851,0
10852,0
10853,0
10854,0
10855,0
10856,0
10857,0
10858,0
10859,0
10860,0
10861,0
10862,0
10863,0
10864,0
10865,0
10866,0
10867,0
10868,0
10869,0
10870,0
10871,0
10872,0
10873,0
10874,0
10875,0
10876,0
10877,0
10878,0
10879,0
10880,0
10881,0
10882,0
10883,0
10884,0
10885,0
10886,0
10887,0
10888,0
10889,0
10890,0
10891,0
10892,0
10893,0
10894,0
10895,0
10896,0
10897,0
10898,0
10899,0
10900,0
10901,0
10902,0
10903,0
10904,0
10905,0
10906,0
10907,0
10908,0
10909,0
10910,0
10911,0
10912,0
10913,0
10914,0
10915,0
10916,0
10917,0
10918,0
10919,0
10920,0
10921,0
10922,0
10923,0
10924,0
10925,0
10926,0
10927,0
10928,0
10929,0
10930,0
10931,0
10932,0
10933,0
10934,0
10935,0
10936,0
10937,0
10938,0
10939,0
10940,0
10941,0
10942,0
10943,0
10944,0
10945,0
10946,0
10947,0
10948,0
10949,0
10950,0
10951,0
10952,0
10953,0
10954,0
10955,0
10956,0
10957,0
10958,0
10959,0
10960,0
10961,0
10962,0
10963,0
10964,0
10965,0
10966,0
10967,0
10968,0
10969,0
10970,0
10971,0
10972,0
10973,0
10974,0
10975,0
10976,0
10977,0
10978,0
10979,0
10980,0
10981,0
10982,0
10983,0
10984,0
10985,0
10986,0
10987,0
10988,0
10989,0
10990,0
10991,0
10992,0
10993,0
10994,0
10995,0
10996,0
10997,0
10998,0
10999,0
11000,0
11001,0
11002,0
11003,0
11004,0
11005,0
11006,0
11007,0
11008,0
11009,0
11010,0
11011,0
11012,0
11013,0
11014,0
11015,0
11016,0
11017,0
11018,0
11019,0
11020,0
11021,0
11022,0
11023,0
11024,0
11025,0
11026,0
11027,0
11028,0
11029,0
11030,0
11031,0
11032,0
11033,0
11034,0
11035,0
11036,0
11037,0
11038,0
11039,0
11040,0
11041,0
11042,0
11043,0
11044,0
11045,0
11046,0
11047,0
11048,0
11049,0
11050,0
11051,0
11052,0
11053,0
11054,0
11055,0
11056,0
11057,0
11058,0
11059,0
11060,0
11061,0
11062,0
11063,0
11064,0
11065,0
11066,0
11067,0
11068,0
11069,0
11070,0
11071,0
11072,0
11073,0
11074,0
11075,0
11076,0
11077,0
11078,0
11079,0
11080,0
11081,0
11082,0
11083,0
11084,0
11085,0
11086,0
11087,0
11088,0
11089,0
11090,0
11091,0
11092,0
11093,0
11094,0
11095,0
11096,0
11097,0
11098,0
11099,0
11100,0
11101,0
11102,0
11103,0
11104,0
11105,0
11106,0
11107,0
11108,0
11109,0
11110,0
11111,0
11112,0
11113,0
11114,0
11115,0
11116,0
11117,0
11118,0
11119,0
11120,0
11121,0
11122,0
11123,0
11124,0
11125,0
11126,0
11127,0
11128,0
11129,0
11130,0
11131,0
11132,0
11133,0
11134,0
11135,0
11136,0
11137,0
11138,0
11139,0
11140,0
11141,0
11142,0
11143,0
11144,0
11145,0
11146,0
11147,0
11148,0
11149,0
11150,0
11151,0
11152,0
11153,0
11154,0
11155,0
11156,0
11157,0
11158,0
11159,0
11160,0
11161,0
11162,0
11163,0
11164,0
11165,0
11166,0
11167,0
11168,0
11169,0
11170,0
11171,0
11172,0
11173,0
11174,0
11175,0
11176,0
11177,0
11178,0
11179,0
11180,0
11181,0
11182,0
11183,0
11184,0
11185,0
11186,0
11187,0
11188,0
11189,0
11190,0
11191,0
11192,0
11193,0
11194,0
11195,0
11196,0
11197,0
11198,0
11199,0
11200,0
11201,0
11202,0
11203,0
11204,0
11205,0
11206,0
11207,0
11208,0
11209,0
11210,0
11211,0
11212,0
11213,0
11214,0
11215,0
11216,0
11217,0
11218,0
11219,0
11220,0
11221,0
11222,0
11223,0
11224,0
11225,0
11226,0
11227,0
11228,0
11229,0
11230,0
11231,0
11232,0
11233,0
11234,0
11235,0
11236,0
11237,0
11238,0
11239,0
11240,0
11241,0
11242,0
11243,0
11244,0
11245,0
11246,0
11247,0
11248,0
11249,0
11250,0
11251,0
11252,0
11253,0
11254,0
11255,0
11256,0
11257,0
11258,0
11259,0
11260,0
11261,0
11262,0
11263,0
11264,0
11265,0
11266,0
11267,0
11268,0
11269,0
11270,0
11271,0
11272,0
11273,0
11274,0
11275,0
11276,0
11277,0
11278,0
11279,0
11280,0
11281,0
11282,0
11283,0
11284,0
11285,0
11286,0
11287,0
11288,0
11289,0
11290,0
11291,0
11292,0
11293,0
11294,0
11295,0
11296,0
11297,0
11298,0
11299,0
11300,0
11301,0
11302,0
11303,0
11304,0
11305,0
11306,0
11307,0
11308,0
11309,0
11310,0
11311,0
11312,0
11313,0
11314,0
11315,0
11316,0
11317,0
11318,0
11319,0
11320,0
11321,0
11322,0
11323,0
11324,0
11325,0
11326,0
11327,0
11328,0
11329,0
11330,0
11331,0
11332,0
11333,0
11334,0
11335,0
11336,0
11337,0
11338,0
11339,0
11340,0
11341,0
11342,0
11343,0
11344,0
11345,0
11346,0
11347,0
11348,0
11349,0
11350,0
11351,0
11352,0
11353,0
11354,0
11355,0
11356,0
11357,0
11358,0
11359,0
11360,0
11361,0
11362,0
11363,0
11364,0
11365,0
11366,0
11367,0
11368,0
11369,0
11370,0
11371,0
11372,0
11373,0
11374,0
11375,0
11376,0
11377,0
11378,0
11379,0
11380,0
11381,0
11382,0
11383,0
11384,0
11385,0
11386,0
11387,0
11388,0
11389,0
11390,0
11391,0
11392,0
11393,0
11394,0
11395,0
11396,0
11397,0
11398,0
11399,0
11400,0
11401,0
11402,0
11403,0
11404,0
11405,0
11406,0
11407,0
11408,0
11409,0
11410,0
11411,0
11412,0
11413,0
11414,0
11415,0
11416,0
11417,0
11418,0
11419,0
11420,0
11421,0
11422,0
11423,0
11424,0
11425,0
11426,0
11427,0
11428,0
11429,0
11430,0
11431,0
11432,0
11433,0
11434,0
11435,0
11436,0
11437,0
11438,0
11439,0
11440,0
11441,0
11442,0
11443,0
11444,0
11445,0
11446,0
11447,0
11448,0
11449,0
11450,0
11451,0
11452,0
11453,0
11454,0
11455,0
11456,0
11457,0
11458,0
11459,0
11460,0
11461,0
11462,0
11463,0
11464,0
11465,0
11466,0
11467,0
11468,0
11469,0
11470,0
11471,0
11472,0
11473,0
11474,0
11475,0
11476,0
11477,0
11478,0
11479,0
11480,0
11481,0
11482,0
11483,0
11484,0
11485,0
11486,0
11487,0
11488,0
11489,0
11490,0
11491,0
11492,0
11493,0
11494,0
11495,0
11496,0
11497,0
11498,0
11499,0
11500,0
11501,0
11502,0
11503,0
11504,0
11505,0
11506,0
11507,0
11508,0
11509,0
11510,0
11511,0
11512,0
11513,0
11514,0
11515,0
11516,0
11517,0
11518,0
11519,0
11520,0
11521,0
11522,0
11523,0
11524,0
11525,0
11526,0
11527,0
11528,0
11529,0
11530,0
11531,0
11532,0
11533,0
11534,0
11535,0
11536,0
11537,0
11538,0
11539,0
11540,0
11541,0
11542,0
11543,0
11544,0
11545,0
11546,0
11547,0
11548,0
11549,0
11550,0
11551,0
11552,0
11553,0
11554,0
11555,0
11556,0
11557,0
11558,0
11559,0
11560,0
11561,0
11562,0
11563,0
11564,0
11565,0
11566,0
11567,0
11568,0
11569,0
11570,0
11571,0
11572,0
11573,0
11574,0
11575,0
11576,0
11577,0
11578,0
11579,0
11580,0
11581,0
11582,0
11583,0
11584,0
11585,0
11586,0
11587,0
11588,0
11589,0
11590,0
11591,0
11592,0
11593,0
11594,0
11595,0
11596,0
11597,0
11598,0
11599,0
11600,0
11601,0
11602,0
11603,0
11604,0
11605,0
11606,0
11607,0
11608,0
11609,0
11610,0
11611,0
11612,0
11613,0
11614,0
11615,0
11616,0
11617,0
11618,0
11619,0
11620,0
11621,0
11622,0
11623,0
11624,0
11625,0
11626,0
11627,0
11628,0
11629,0
11630,0
11631,0
11632,0
11633,0
11634,0
11635,0
11636,0
11637,0
11638,0
11639,0
11640,0
11641,0
11642,0
11643,0
11644,0
11645,0
11646,0
11647,0
11648,0
11649,0
11650,0
11651,0
11652,0
11653,0
11654,0
11655,0
11656,0
11657,0
11658,0
11659,0
11660,0
11661,0
11662,0
11663,0
11664,0
11665,0
11666,0
11667,0
11668,0
11669,0
11670,0
11671,0
11672,0
11673,0
11674,0
11675,0
11676,0
11677,0
11678,0
11679,0
11680,0
11681,0
11682,0
11683,0
11684,0
11685,0
11686,0
11687,0
11688,0
11689,0
11690,0
11691,0
11692,0
11693,0
11694,0
11695,0
11696,0
11697,0
11698,0
11699,0
11700,0
11701,0
11702,0
11703,0
11704,0
11705,0
11706,0
11707,0
11708,0
11709,0
11710,0
11711,0
11712,0
11713,0
11714,0
11715,0
11716,0
11717,0
11718,0
11719,0
11720,0
11721,0
11722,0
11723,0
11724,0
11725,0
11726,0
11727,0
11728,0
11729,0
11730,0
11731,0
11732,0
11733,0
11734,0
11735,0
11736,0
11737,0
11738,0
11739,0
11740,0
11741,0
11742,0
11743,0
11744,0
11745,0
11746,0
11747,0
11748,0
11749,0
11750,0
11751,0
11752,0
11753,0
11754,0
11755,0
11756,0
11757,0
11758,0
11759,0
11760,0
11761,0
11762,0
11763,0
11764,0
11765,0
11766,0
11767,0
11768,0
11769,0
11770,0
11771,0
11772,0
11773,0
11774,0
11775,0
11776,0
11777,0
11778,0
11779,0
11780,0
11781,0
11782,0
11783,0
11784,0
11785,0
11786,0
11787,0
11788,0
11789,0
11790,0
11791,0
11792,0
11793,0
11794,0
11795,0
11796,0
11797,0
11798,0
11799,0
11800,0
11801,0
11802,0
11803,0
11804,0
11805,0
11806,0
11807,0
11808,0
11809,0
11810,0
11811,0
11812,0
11813,0
11814,0
11815,0
11816,0
11817,0
11818,0
11819,0
11820,0
11821,0
11822,0
11823,0
11824,0
11825,0
11826,0
11827,0
11828,0
11829,0
11830,0
11831,0
11832,0
11833,0
11834,0
11835,0
11836,0
11837,0
11838,0
11839,0
11840,0
11841,0
11842,0
11843,0
11844,0
11845,0
11846,0
11847,0
11848,0
11849,0
11850,0
11851,0
11852,0
11853,0
11854,0
11855,0
11856,0
11857,0
11858,0
11859,0
11860,0
11861,0
11862,0
11863,0
11864,0
11865,0
11866,0
11867,0
11868,0
11869,0
11870,0
11871,0
11872,0
11873,0
11874,0
11875,0
11876,0
11877,0
11878,0
11879,0
11880,0
11881,0
11882,0
11883,0
11884,0
11885,0
11886,0
11887,0
11888,0
11889,0
11890,0
11891,0
11892,0
11893,0
11894,0
11895,0
11896,0
11897,0
11898,0
11899,0
11900,0
11901,0
11902,0
11903,0
11904,0
11905,0
11906,0
11907,0
11908,0
11909,0
11910,0
11911,0
11912,0
11913,0
11914,0
11915,0
11916,0
11917,0
11918,0
11919,0
11920,0
11921,0
11922,0
11923,0
11924,0
11925,0
11926,0
11927,0
11928,0
11929,0
11930,0
11931,0
11932,0
11933,0
11934,0
11935,0
11936,0
11937,0
11938,0
11939,0
11940,0
11941,0
11942,0
11943,0
11944,0
11945,0
11946,0
11947,0
11948,0
11949,0
11950,0
11951,0
11952,0
11953,0
11954,0
11955,0
11956,0
11957,0
11958,0
11959,0
11960,0
11961,0
11962,0
11963,0
11964,0
11965,0
11966,0
11967,0
11968,0
11969,0
11970,0
11971,0
11972,0
11973,0
11974,0
11975,0
11976,0
11977,0
11978,0
11979,0
11980,0
11981,0
11982,0
11983,0
11984,0
11985,0
11986,0
11987,0
11988,0
11989,0
11990,0
11991,0
11992,0
11993,0
11994,0
11995,0
11996,0
11997,0
11998,0
11999,0
12000,0
12001,0
12002,0
12003,0
12004,0
12005,0
12006,0
12007,0
12008,0
12009,0
12010,0
12011,0
12012,0
12013,0
12014,0
12015,0
12016,0
12017,0
12018,0
12019,0
12020,0
12021,0
12022,0
12023,0
12024,0
12025,0
12026,0
12027,0
12028,0
12029,0
12030,0
12031,0
12032,0
12033,0
12034,0
12035,0
12036,0
12037,0
12038,0
12039,0
12040,0
12041,0
12042,0
12043,0
12044,0
12045,0
12046,0
12047,0
12048,0
12049,0
12050,0
12051,0
12052,0
12053,0
12054,0
12055,0
12056,0
12057,0
12058,0
12059,0
12060,0
12061,0
12062,0
12063,0
12064,0
12065,0
12066,0
12067,0
12068,0
12069,0
12070,0
12071,0
12072,0
12073,0
12074,0
12075,0
12076,0
12077,0
12078,0
12079,0
12080,0
12081,0
12082,0
12083,0
12084,0
12085,0
12086,0
12087,0
12088,0
12089,0
12090,0
12091,0
12092,0
12093,0
12094,0
12095,0
12096,0
12097,0
12098,0
12099,0
12100,0
12101,0
12102,0
12103,0
12104,0
12105,0
12106,0
12107,0
12108,0
12109,0
12110,0
12111,0
12112,0
12113,0
12114,0
12115,0
12116,0
12117,0
12118,0
12119,0
12120,0
12121,0
12122,0
12123,0
12124,0
12125,0
12126,0
12127,0
12128,0
12129,0
12130,0
12131,0
12132,0
12133,0
12134,0
12135,0
12136,0
12137,0
12138,0
12139,0
12140,0
12141,0
12142,0
12143,0
12144,0
12145,0
12146,0
12147,0
12148,0
12149,0
12150,0
12151,0
12152,0
12153,0
12154,0
12155,0
12156,0
12157,0
12158,0
12159,0
12160,0
12161,0
12162,0
12163,0
12164,0
12165,0
12166,0
12167,0
12168,0
12169,0
12170,0
12171,0
12172,0
12173,0
12174,0
12175,0
12176,0
12177,0
12178,0
12179,0
12180,0
12181,0
12182,0
12183,0
12184,0
12185,0
12186,0
12187,0
12188,0
12189,0
12190,0
12191,0
12192,0
12193,0
12194,0
12195,0
12196,0
12197,0
12198,0
12199,0
12200,0
12201,0
12202,0
12203,0
12204,0
12205,0
12206,0
12207,0
12208,0
12209,0
12210,0
12211,0
12212,0
12213,0
12214,0
12215,0
12216,0
12217,0
12218,0
12219,0
12220,0
12221,0
12222,0
12223,0
12224,0
12225,0
12226,0
12227,0
12228,0
12229,0
12230,0
12231,0
12232,0
12233,0
12234,0
12235,0
12236,0
12237,0
12238,0
12239,0
12240,0
12241,0
12242,0
12243,0
12244,0
12245,0
12246,0
12247,0
12248,0
12249,0
12250,0
12251,0
12252,0
12253,0
12254,0
12255,0
12256,0
12257,0
12258,0
12259,0
12260,0
12261,0
12262,0
12263,0
12264,0
12265,0
12266,0
12267,0
12268,0
12269,0
12270,0
12271,0
12272,0
12273,0
12274,0
12275,0
12276,0
12277,0
12278,0
12279,0
12280,0
12281,0
12282,0
12283,0
12284,0
12285,0
12286,0
12287,0
12288,0
12289,0
12290,0
12291,0
12292,0
12293,0
12294,0
12295,0
12296,0
12297,0
12298,0
12299,0
12300,0
12301,0
12302,0
12303,0
12304,0
12305,0
12306,0
12307,0
12308,0
12309,0
12310,0
12311,0
12312,0
12313,0
12314,0
12315,0
12316,0
12317,0
12318,0
12319,0
12320,0
12321,0
12322,0
12323,0
12324,0
12325,0
12326,0
12327,0
12328,0
12329,0
12330,0
12331,0
12332,0
12333,0
12334,0
12335,0
12336,0
12337,0
12338,0
12339,0
12340,0
12341,0
12342,0
12343,0
12344,0
12345,0
12346,0
12347,0
12348,0
12349,0
12350,0
12351,0
12352,0
12353,0
12354,0
12355,0
12356,0
12357,0
12358,0
12359,0
12360,0
12361,0
12362,0
12363,0
12364,0
12365,0
12366,0
12367,0
12368,0
12369,0
12370,0
12371,0
12372,0
12373,0
12374,0
12375,0
12376,0
12377,0
12378,0
12379,0
12380,0
12381,0
12382,0
12383,0
12384,0
12385,0
12386,0
12387,0
12388,0
12389,0
12390,0
12391,0
12392,0
12393,0
12394,0
12395,0
12396,0
12397,0
12398,0
12399,0
12400,0
12401,0
12402,0
12403,0
12404,0
12405,0
12406,0
12407,0
12408,0
12409,0
12410,0
12411,0
12412,0
12413,0
12414,0
12415,0
12416,0
12417,0
12418,0
12419,0
12420,0
12421,0
12422,0
12423,0
12424,0
12425,0
12426,0
12427,0
12428,0
12429,0
12430,0
12431,0
12432,0
12433,0
12434,0
12435,0
12436,0
12437,0
12438,0
12439,0
12440,0
12441,0
12442,0
12443,0
12444,0
12445,0
12446,0
12447,0
12448,0
12449,0
12450,0
12451,0
12452,0
12453,0
12454,0
12455,0
12456,0
12457,0
12458,0
12459,0
12460,0
12461,0
12462,0
12463,0
12464,0
12465,0
12466,0
12467,0
12468,0
12469,0
12470,0
12471,0
12472,0
12473,0
12474,0
12475,0
12476,0
12477,0
12478,0
12479,0
12480,0
12481,0
12482,0
12483,0
12484,0
12485,0
12486,0
12487,0
12488,0
12489,0
12490,0
12491,0
12492,0
12493,0
12494,0
12495,0
12496,0
12497,0
12498,0
12499,0
12500,0
12501,0
12502,0
12503,0
12504,0
12505,0
12506,0
12507,0
12508,0
12509,0
12510,0
12511,0
12512,0
12513,0
12514,0
12515,0
12516,0
12517,0
12518,0
12519,0
12520,0
12521,0
12522,0
12523,0
12524,0
12525,0
12526,0
12527,0
12528,0
12529,0
12530,0
12531,0
12532,0
12533,0
12534,0
12535,0
12536,0
12537,0
12538,0
12539,0
12540,0
12541,0
12542,0
12543,0
12544,0
12545,0
12546,0
12547,0
12548,0
12549,0
12550,0
12551,0
12552,0
12553,0
12554,0
12555,0
12556,0
12557,0
12558,0
12559,0
12560,0
12561,0
12562,0
12563,0
12564,0
12565,0
12566,0
12567,0
12568,0
12569,0
12570,0
12571,0
12572,0
12573,0
12574,0
12575,0
12576,0
12577,0
12578,0
12579,0
12580,0
12581,0
12582,0
12583,0
12584,0
12585,0
12586,0
12587,0
12588,0
12589,0
12590,0
12591,0
12592,0
12593,0
12594,0
12595,0
12596,0
12597,0
12598,0
12599,0
12600,0
12601,0
12602,0
12603,0
12604,0
12605,0
12606,0
12607,0
12608,0
12609,0
12610,0
12611,0
12612,0
12613,0
12614,0
12615,0
12616,0
12617,0
12618,0
12619,0
12620,0
12621,0
12622,0
12623,0
12624,0
12625,0
12626,0
12627,0
12628,0
12629,0
12630,0
12631,0
12632,0
12633,0
12634,0
12635,0
12636,0
12637,0
12638,0
12639,0
12640,0
12641,0
12642,0
12643,0
12644,0
12645,0
12646,0
12647,0
12648,0
12649,0
12650,0
12651,0
12652,0
12653,0
12654,0
12655,0
12656,0
12657,0
12658,0
12659,0
12660,0
12661,0
12662,0
12663,0
12664,0
12665,0
12666,0
12667,0
12668,0
12669,0
12670,0
12671,0
12672,0
12673,0
12674,0
12675,0
12676,0
12677,0
12678,0
12679,0
12680,0
12681,0
12682,0
12683,0
12684,0
12685,0
12686,0
12687,0
12688,0
12689,0
12690,0
12691,0
12692,0
12693,0
12694,0
12695,0
12696,0
12697,0
12698,0
12699,0
12700,0
12701,0
12702,0
12703,0
12704,0
12705,0
12706,0
12707,0
12708,0
12709,0
12710,0
12711,0
12712,0
12713,0
12714,0
12715,0
12716,0
12717,0
12718,0
12719,0
12720,0
12721,0
12722,0
12723,0
12724,0
12725,0
12726,0
12727,0
12728,0
12729,0
12730,0
12731,0
12732,0
12733,0
12734,0
12735,0
12736,0
12737,0
12738,0
12739,0
12740,0
12741,0
12742,0
12743,0
12744,0
12745,0
12746,0
12747,0
12748,0
12749,0
12750,0
12751,0
12752,0
12753,0
12754,0
12755,0
12756,0
12757,0
12758,0
12759,0
12760,0
12761,0
12762,0
12763,0
12764,0
12765,0
12766,0
12767,0
12768,0
12769,0
12770,0
12771,0
12772,0
12773,0
12774,0
12775,0
12776,0
12777,0
12778,0
12779,0
12780,0
12781,0
12782,0
12783,0
12784,0
12785,0
12786,0
12787,0
12788,0
12789,0
12790,0
12791,0
12792,0
12793,0
12794,0
12795,0
12796,0
12797,0
12798,0
12799,0
12800,0
12801,0
12802,0
12803,0
12804,0
12805,0
12806,0
12807,0
12808,0
12809,0
12810,0
12811,0
12812,0
12813,0
12814,0
12815,0
12816,0
12817,0
12818,0
12819,0
12820,0
12821,0
12822,0
12823,0
12824,0
12825,0
12826,0
12827,0
12828,0
12829,0
12830,0
12831,0
12832,0
12833,0
12834,0
12835,0
12836,0
12837,0
12838,0
12839,0
12840,0
12841,0
12842,0
12843,0
12844,0
12845,0
12846,0
12847,0
12848,0
12849,0
12850,0
12851,0
12852,0
12853,0
12854,0
12855,0
12856,0
12857,0
12858,0
12859,0
12860,0
12861,0
12862,0
12863,0
12864,0
12865,0
12866,0
12867,0
12868,0
12869,0
12870,0
12871,0
12872,0
12873,0
12874,0
12875,0
12876,0
12877,0
12878,0
12879,0
12880,0
12881,0
12882,0
12883,0
12884,0
12885,0
12886,0
12887,0
12888,0
12889,0
12890,0
12891,0
12892,0
12893,0
12894,0
12895,0
12896,0
12897,0
12898,0
12899,0
12900,0
12901,0
12902,0
12903,0
12904,0
12905,0
12906,0
12907,0
12908,0
12909,0
12910,0
12911,0
12912,0
12913,0
12914,0
12915,0
12916,0
12917,0
12918,0
12919,0
12920,0
12921,0
12922,0
12923,0
12924,0
12925,0
12926,0
12927,0
12928,0
12929,0
12930,0
12931,0
12932,0
12933,0
12934,0
12935,0
12936,0
12937,0
12938,0
12939,0
12940,0
12941,0
12942,0
12943,0
12944,0
12945,0
12946,0
12947,0
12948,0
12949,0
12950,0
12951,0
12952,0
12953,0
12954,0
12955,0
12956,0
12957,0
12958,0
12959,0
12960,0
12961,0
12962,0
12963,0
12964,0
12965,0
12966,0
12967,0
12968,0
12969,0
12970,0
12971,0
12972,0
12973,0
12974,0
12975,0
12976,0
12977,0
12978,0
12979,0
12980,0
12981,0
12982,0
12983,0
12984,0
12985,0
12986,0
12987,0
12988,0
12989,0
12990,0
12991,0
12992,0
12993,0
12994,0
12995,0
12996,0
12997,0
12998,0
12999,0
13000,0
13001,0
13002,0
13003,0
13004,0
13005,0
13006,0
13007,0
13008,0
13009,0
13010,0
13011,0
13012,0
13013,0
13014,0
13015,0
13016,0
13017,0
13018,0
13019,0
13020,0
13021,0
13022,0
13023,0
13024,0
13025,0
13026,0
13027,0
13028,0
13029,0
13030,0
13031,0
13032,0
13033,0
13034,0
13035,0
13036,0
13037,0
13038,0
13039,0
13040,0
13041,0
13042,0
13043,0
13044,0
13045,0
13046,0
13047,0
13048,0
13049,0
13050,0
13051,0
13052,0
13053,0
13054,0
13055,0
13056,0
13057,0
13058,0
13059,0
13060,0
13061,0
13062,0
13063,0
13064,0
13065,0
13066,0
13067,0
13068,0
13069,0
13070,0
13071,0
13072,0
13073,0
13074,0
13075,0
13076,0
13077,0
13078,0
13079,0
13080,0
13081,0
13082,0
13083,0
13084,0
13085,0
13086,0
13087,0
13088,0
13089,0
13090,0
13091,0
13092,0
13093,0
13094,0
13095,0
13096,0
13097,0
13098,0
13099,0
13100,0
13101,0
13102,0
13103,0
13104,0
13105,0
13106,0
13107,0
13108,0
13109,0
13110,0
13111,0
13112,0
13113,0
13114,0
13115,0
13116,0
13117,0
13118,0
13119,0
13120,0
13121,0
13122,0
13123,0
13124,0
13125,0
13126,0
13127,0
13128,0
13129,0
13130,0
13131,0
13132,0
13133,0
13134,0
13135,0
13136,0
13137,0
13138,0
13139,0
13140,0
13141,0
13142,0
13143,0
13144,0
13145,0
13146,0
13147,0
13148,0
13149,0
13150,0
13151,0
13152,0
13153,0
13154,0
13155,0
13156,0
13157,0
13158,0
13159,0
13160,0
13161,0
13162,0
13163,0
13164,0
13165,0
13166,0
13167,0
13168,0
13169,0
13170,0
13171,0
13172,0
13173,0
13174,0
13175,0
13176,0
13177,0
13178,0
13179,0
13180,0
13181,0
13182,0
13183,0
13184,0
13185,0
13186,0
13187,0
13188,0
13189,0
13190,0
13191,0
13192,0
13193,0
13194,0
13195,0
13196,0
13197,0
13198,0
13199,0
13200,0
13201,0
13202,0
13203,0
13204,0
13205,0
13206,0
13207,0
13208,0
13209,0
13210,0
13211,0
13212,0
13213,0
13214,0
13215,0
13216,0
13217,0
13218,0
13219,0
13220,0
13221,0
13222,0
13223,0
13224,0
13225,0
13226,0
13227,0
13228,0
13229,0
13230,0
13231,0
13232,0
13233,0
13234,0
13235,0
13236,0
13237,0
13238,0
13239,0
13240,0
13241,0
13242,0
13243,0
13244,0
13245,0
13246,0
13247,0
13248,0
13249,0
13250,0
13251,0
13252,0
13253,0
13254,0
13255,0
13256,0
13257,0
13258,0
13259,0
13260,0
13261,0
13262,0
13263,0
13264,0
13265,0
13266,0
13267,0
13268,0
13269,0
13270,0
13271,0
13272,0
13273,0
13274,0
13275,0
13276,0
13277,0
13278,0
13279,0
13280,0
13281,0
13282,0
13283,0
13284,0
13285,0
13286,0
13287,0
13288,0
13289,0
13290,0
13291,0
13292,0
13293,0
13294,0
13295,0
13296,0
13297,0
13298,0
13299,0
13300,0
13301,0
13302,0
13303,0
13304,0
13305,0
13306,0
13307,0
13308,0
13309,0
13310,0
13311,0
13312,0
13313,0
13314,0
13315,0
13316,0
13317,0
13318,0
13319,0
13320,0
13321,0
13322,0
13323,0
13324,0
13325,0
13326,0
13327,0
13328,0
13329,0
13330,0
13331,0
13332,0
13333,0
13334,0
13335,0
13336,0
13337,0
13338,0
13339,0
13340,0
13341,0
13342,0
13343,0
13344,0
13345,0
13346,0
13347,0
13348,0
13349,0
13350,0
13351,0
13352,0
13353,0
13354,0
13355,0
13356,0
13357,0
13358,0
13359,0
13360,0
13361,0
13362,0
13363,0
13364,0
13365,0
13366,0
13367,0
13368,0
13369,0
13370,0
13371,0
13372,0
13373,0
13374,0
13375,0
13376,0
13377,0
13378,0
13379,0
13380,0
13381,0
13382,0
13383,0
13384,0
13385,0
13386,0
13387,0
13388,0
13389,0
13390,0
13391,0
13392,0
13393,0
13394,0
13395,0
13396,0
13397,0
13398,0
13399,0
13400,0
13401,0
13402,0
13403,0
13404,0
13405,0
13406,0
13407,0
13408,0
13409,0
13410,0
13411,0
13412,0
13413,0
13414,0
13415,0
13416,0
13417,0
13418,0
13419,0
13420,0
13421,0
13422,0
13423,0
13424,0
13425,0
13426,0
13427,0
13428,0
13429,0
13430,0
13431,0
13432,0
13433,0
13434,0
13435,0
13436,0
13437,0
13438,0
13439,0
13440,0
13441,0
13442,0
13443,0
13444,0
13445,0
13446,0
13447,0
13448,0
13449,0
13450,0
13451,0
13452,0
13453,0
13454,0
13455,0
13456,0
13457,0
13458,0
13459,0
13460,0
13461,0
13462,0
13463,0
13464,0
13465,0
13466,0
13467,0
13468,0
13469,0
13470,0
13471,0
13472,0
13473,0
13474,0
13475,0
13476,0
13477,0
13478,0
13479,0
13480,0
13481,0
13482,0
13483,0
13484,0
13485,0
13486,0
13487,0
13488,0
13489,0
13490,0
13491,0
13492,0
13493,0
13494,0
13495,0
13496,0
13497,0
13498,0
13499,0
13500,0
13501,0
13502,0
13503,0
13504,0
13505,0
13506,0
13507,0
13508,0
13509,0
13510,0
13511,0
13512,0
13513,0
13514,0
13515,0
13516,0
13517,0
13518,0
13519,0
13520,0
13521,0
13522,0
13523,0
13524,0
13525,0
13526,0
13527,0
13528,0
13529,0
13530,0
13531,0
13532,0
13533,0
13534,0
13535,0
13536,0
13537,0
13538,0
13539,0
13540,0
13541,0
13542,0
13543,0
13544,0
13545,0
13546,0
13547,0
13548,0
13549,0
13550,0
13551,0
13552,0
13553,0
13554,0
13555,0
13556,0
13557,0
13558,0
13559,0
13560,0
13561,0
13562,0
13563,0
13564,0
13565,0
13566,0
13567,0
13568,0
13569,0
13570,0
13571,0
13572,0
13573,0
13574,0
13575,0
13576,0
13577,0
13578,0
13579,0
13580,0
13581,0
13582,0
13583,0
13584,0
13585,0
13586,0
13587,0
13588,0
13589,0
13590,0
13591,0
13592,0
13593,0
13594,0
13595,0
13596,0
13597,0
13598,0
13599,0
13600,0
13601,0
13602,0
13603,0
13604,0
13605,0
13606,0
13607,0
13608,0
13609,0
13610,0
13611,0
13612,0
13613,0
13614,0
13615,0
13616,0
13617,0
13618,0
13619,0
13620,0
13621,0
13622,0
13623,0
13624,0
13625,0
13626,0
13627,0
13628,0
13629,0
13630,0
13631,0
13632,0
13633,0
13634,0
13635,0
13636,0
13637,0
13638,0
13639,0
13640,0
13641,0
13642,0
13643,0
13644,0
13645,0
13646,0
13647,0
13648,0
13649,0
13650,0
13651,0
13652,0
13653,0
13654,0
13655,0
13656,0
13657,0
13658,0
13659,0
13660,0
13661,0
13662,0
13663,0
13664,0
13665,0
13666,0
13667,0
13668,0
13669,0
13670,0
13671,0
13672,0
13673,0
13674,0
13675,0
13676,0
13677,0
13678,0
13679,0
13680,0
13681,0
13682,0
13683,0
13684,0
13685,0
13686,0
13687,0
13688,0
13689,0
13690,0
13691,0
13692,0
13693,0
13694,0
13695,0
13696,0
13697,0
13698,0
13699,0
13700,0
13701,0
13702,0
13703,0
13704,0
13705,0
13706,0
13707,0
13708,0
13709,0
13710,0
13711,0
13712,0
13713,0
13714,0
13715,0
13716,0
13717,0
13718,0
13719,0
13720,0
13721,0
13722,0
13723,0
13724,0
13725,0
13726,0
13727,0
13728,0
13729,0
13730,0
13731,0
13732,0
13733,0
13734,0
13735,0
13736,0
13737,0
13738,0
13739,0
13740,0
13741,0
13742,0
13743,0
13744,0
13745,0
13746,0
13747,0
13748,0
13749,0
13750,0
13751,0
13752,0
13753,0
13754,0
13755,0
13756,0
13757,0
13758,0
13759,0
13760,0
13761,0
13762,0
13763,0
13764,0
13765,0
13766,0
13767,0
13768,0
13769,0
13770,0
13771,0
13772,0
13773,0
13774,0
13775,0
13776,0
13777,0
13778,0
13779,0
13780,0
13781,0
13782,0
13783,0
13784,0
13785,0
13786,0
13787,0
13788,0
13789,0
13790,0
13791,0
13792,0
13793,0
13794,0
13795,0
13796,0
13797,0
13798,0
13799,0
13800,0
13801,0
13802,0
13803,0
13804,0
13805,0
13806,0
13807,0
13808,0
13809,0
13810,0
13811,0
13812,0
13813,0
13814,0
13815,0
13816,0
13817,0
13818,0
13819,0
13820,0
13821,0
13822,0
13823,0
13824,0
13825,0
13826,0
13827,0
13828,0
13829,0
13830,0
13831,0
13832,0
13833,0
13834,0
13835,0
13836,0
13837,0
13838,0
13839,0
13840,0
13841,0
13842,0
13843,0
13844,0
13845,0
13846,0
13847,0
13848,0
13849,0
13850,0
13851,0
13852,0
13853,0
13854,0
13855,0
13856,0
13857,0
13858,0
13859,0
13860,0
13861,0
13862,0
13863,0
13864,0
13865,0
13866,0
13867,0
13868,0
13869,0
13870,0
13871,0
13872,0
13873,0
13874,0
13875,0
13876,0
13877,0
13878,0
13879,0
13880,0
13881,0
13882,0
13883,0
13884,0
13885,0
13886,0
13887,0
13888,0
13889,0
13890,0
13891,0
13892,0
13893,0
13894,0
13895,0
13896,0
13897,0
13898,0
13899,0
13900,0
13901,0
13902,0
13903,0
13904,0
13905,0
13906,0
13907,0
13908,0
13909,0
13910,0
13911,0
13912,0
13913,0
13914,0
13915,0
13916,0
13917,0
13918,0
13919,0
13920,0
13921,0
13922,0
13923,0
13924,0
13925,0
13926,0
13927,0
13928,0
13929,0
13930,0
13931,0
13932,0
13933,0
13934,0
13935,0
13936,0
13937,0
13938,0
13939,0
13940,0
13941,0
13942,0
13943,0
13944,0
13945,0
13946,0
13947,0
13948,0
13949,0
13950,0
13951,0
13952,0
13953,0
13954,0
13955,0
13956,0
13957,0
13958,0
13959,0
13960,0
13961,0
13962,0
13963,0
13964,0
13965,0
13966,0
13967,0
13968,0
13969,0
13970,0
13971,0
13972,0
13973,0
13974,0
13975,0
13976,0
13977,0
13978,0
13979,0
13980,0
13981,0
13982,0
13983,0
13984,0
13985,0
13986,0
13987,0
13988,0
13989,0
13990,0
13991,0
13992,0
13993,0
13994,0
13995,0
13996,0
13997,0
13998,0
13999,0
14000,0
14001,0
14002,0
14003,0
14004,0
14005,0
14006,0
14007,0
14008,0
14009,0
14010,0
14011,0
14012,0
14013,0
14014,0
14015,0
14016,0
14017,0
14018,0
14019,0
14020,0
14021,0
14022,0
14023,0
14024,0
14025,0
14026,0
14027,0
14028,0
14029,0
14030,0
14031,0
14032,0
14033,0
14034,0
14035,0
14036,0
14037,0
14038,0
14039,0
14040,0
14041,0
14042,0
14043,0
14044,0
14045,0
14046,0
14047,0
14048,0
14049,0
14050,0
14051,0
14052,0
14053,0
14054,0
14055,0
14056,0
14057,0
14058,0
14059,0
14060,0
14061,0
14062,0
14063,0
14064,0
14065,0
14066,0
14067,0
14068,0
14069,0
14070,0
14071,0
14072,0
14073,0
14074,0
14075,0
14076,0
14077,0
14078,0
14079,0
14080,0
14081,0
14082,0
14083,0
14084,0
14085,0
14086,0
14087,0
14088,0
14089,0
14090,0
14091,0
14092,0
14093,0
14094,0
14095,0
14096,0
14097,0
14098,0
14099,0
14100,0
14101,0
14102,0
14103,0
14104,0
14105,0
14106,0
14107,0
14108,0
14109,0
14110,0
14111,0
14112,0
14113,0
14114,0
14115,0
14116,0
14117,0
14118,0
14119,0
14120,0
14121,0
14122,0
14123,0
14124,0
14125,0
14126,0
14127,0
14128,0
14129,0
14130,0
14131,0
14132,0
14133,0
14134,0
14135,0
14136,0
14137,0
14138,0
14139,0
14140,0
14141,0
14142,0
14143,0
14144,0
14145,0
14146,0
14147,0
14148,0
14149,0
14150,0
14151,0
14152,0
14153,0
14154,0
14155,0
14156,0
14157,0
14158,0
14159,0
14160,0
14161,0
14162,0
14163,0
14164,0
14165,0
14166,0
14167,0
14168,0
14169,0
14170,0
14171,0
14172,0
14173,0
14174,0
14175,0
14176,0
14177,0
14178,0
14179,0
14180,0
14181,0
14182,0
14183,0
14184,0
14185,0
14186,0
14187,0
14188,0
14189,0
14190,0
14191,0
14192,0
14193,0
14194,0
14195,0
14196,0
14197,0
14198,0
14199,0
14200,0
14201,0
14202,0
14203,0
14204,0
14205,0
14206,0
14207,0
14208,0
14209,0
14210,0
14211,0
14212,0
14213,0
14214,0
14215,0
14216,0
14217,0
14218,0
14219,0
14220,0
14221,0
14222,0
14223,0
14224,0
14225,0
14226,0
14227,0
14228,0
14229,0
14230,0
14231,0
14232,0
14233,0
14234,0
14235,0
14236,0
14237,0
14238,0
14239,0
14240,0
14241,0
14242,0
14243,0
14244,0
14245,0
14246,0
14247,0
14248,0
14249,0
14250,0
14251,0
14252,0
14253,0
14254,0
14255,0
14256,0
14257,0
14258,0
14259,0
14260,0
14261,0
14262,0
14263,0
14264,0
14265,0
14266,0
14267,0
14268,0
14269,0
14270,0
14271,0
14272,0
14273,0
14274,0
14275,0
14276,0
14277,0
14278,0
14279,0
14280,0
14281,0
14282,0
14283,0
14284,0
14285,0
14286,0
14287,0
14288,0
14289,0
14290,0
14291,0
14292,0
14293,0
14294,0
14295,0
14296,0
14297,0
14298,0
14299,0
14300,0
14301,0
14302,0
14303,0
14304,0
14305,0
14306,0
14307,0
14308,0
14309,0
14310,0
14311,0
14312,0
14313,0
14314,0
14315,0
14316,0
14317,0
14318,0
14319,0
14320,0
14321,0
14322,0
14323,0
14324,0
14325,0
14326,0
14327,0
14328,0
14329,0
14330,0
14331,0
14332,0
14333,0
14334,0
14335,0
14336,0
14337,0
14338,0
14339,0
14340,0
14341,0
14342,0
14343,0
14344,0
14345,0
14346,0
14347,0
14348,0
14349,0
14350,0
14351,0
14352,0
14353,0
14354,0
14355,0
14356,0
14357,0
14358,0
14359,0
14360,0
14361,0
14362,0
14363,0
14364,0
14365,0
14366,0
14367,0
14368,0
14369,0
14370,0
14371,0
14372,0
14373,0
14374,0
14375,0
14376,0
14377,0
14378,0
14379,0
14380,0
14381,0
14382,0
14383,0
14384,0
14385,0
14386,0
14387,0
14388,0
14389,0
14390,0
14391,0
14392,0
14393,0
14394,0
14395,0
14396,0
14397,0
14398,0
14399,0
14400,0
14401,0
14402,0
14403,0
14404,0
14405,0
14406,0
14407,0
14408,0
14409,0
14410,0
14411,0
14412,0
14413,0
14414,0
14415,0
14416,0
14417,0
14418,0
14419,0
14420,0
14421,0
14422,0
14423,0
14424,0
14425,0
14426,0
14427,0
14428,0
14429,0
14430,0
14431,0
14432,0
14433,0
14434,0
14435,0
14436,0
14437,0
14438,0
14439,0
14440,0
14441,0
14442,0
14443,0
14444,0
14445,0
14446,0
14447,0
14448,0
14449,0
14450,0
14451,0
14452,0
14453,0
14454,0
14455,0
14456,0
14457,0
14458,0
14459,0
14460,0
14461,0
14462,0
14463,0
14464,0
14465,0
14466,0
14467,0
14468,0
14469,0
14470,0
14471,0
14472,0
14473,0
14474,0
14475,0
14476,0
14477,0
14478,0
14479,0
14480,0
14481,0
14482,0
14483,0
14484,0
14485,0
14486,0
14487,0
14488,0
14489,0
14490,0
14491,0
14492,0
14493,0
14494,0
14495,0
14496,0
14497,0
14498,0
14499,0
14500,0
14501,0
14502,0
14503,0
14504,0
14505,0
14506,0
14507,0
14508,0
14509,0
14510,0
14511,0
14512,0
14513,0
14514,0
14515,0
14516,0
14517,0
14518,0
14519,0
14520,0
14521,0
14522,0
14523,0
14524,0
14525,0
14526,0
14527,0
14528,0
14529,0
14530,0
14531,0
14532,0
14533,0
14534,0
14535,0
14536,0
14537,0
14538,0
14539,0
14540,0
14541,0
14542,0
14543,0
14544,0
14545,0
14546,0
14547,0
14548,0
14549,0
14550,0
14551,0
14552,0
14553,0
14554,0
14555,0
14556,0
14557,0
14558,0
14559,0
14560,0
14561,0
14562,0
14563,0
14564,0
14565,0
14566,0
14567,0
14568,0
14569,0
14570,0
14571,0
14572,0
14573,0
14574,0
14575,0
14576,0
14577,0
14578,0
14579,0
14580,0
14581,0
14582,0
14583,0
14584,0
14585,0
14586,0
14587,0
14588,0
14589,0
14590,0
14591,0
14592,0
14593,0
14594,0
14595,0
14596,0
14597,0
14598,0
14599,0
14600,0
14601,0
14602,0
14603,0
14604,0
14605,0
14606,0
14607,0
14608,0
14609,0
14610,0
14611,0
14612,0
14613,0
14614,0
14615,0
14616,0
14617,0
14618,0
14619,0
14620,0
14621,0
14622,0
14623,0
14624,0
14625,0
14626,0
14627,0
14628,0
14629,0
14630,0
14631,0
14632,0
14633,0
14634,0
14635,0
14636,0
14637,0
14638,0
14639,0
14640,0
14641,0
14642,0
14643,0
14644,0
14645,0
14646,0
14647,0
14648,0
14649,0
14650,0
14651,0
14652,0
14653,0
14654,0
14655,0
14656,0
14657,0
14658,0
14659,0
14660,0
14661,0
14662,0
14663,0
14664,0
14665,0
14666,0
14667,0
14668,0
14669,0
14670,0
14671,0
14672,0
14673,0
14674,0
14675,0
14676,0
14677,0
14678,0
14679,0
14680,0
14681,0
14682,0
14683,0
14684,0
14685,0
14686,0
14687,0
14688,0
14689,0
14690,0
14691,0
14692,0
14693,0
14694,0
14695,0
14696,0
14697,0
14698,0
14699,0
14700,0
14701,0
14702,0
14703,0
14704,0
14705,0
14706,0
14707,0
14708,0
14709,0
14710,0
14711,0
14712,0
14713,0
14714,0
14715,0
14716,0
14717,0
14718,0
14719,0
14720,0
14721,0
14722,0
14723,0
14724,0
14725,0
14726,0
14727,0
14728,0
14729,0
14730,0
14731,0
14732,0
14733,0
14734,0
14735,0
14736,0
14737,0
14738,0
14739,0
14740,0
14741,0
14742,0
14743,0
14744,0
14745,0
14746,0
14747,0
14748,0
14749,0
14750,0
14751,0
14752,0
14753,0
14754,0
14755,0
14756,0
14757,0
14758,0
14759,0
14760,0
14761,0
14762,0
14763,0
14764,0
14765,0
14766,0
14767,0
14768,0
14769,0
14770,0
14771,0
14772,0
14773,0
14774,0
14775,0
14776,0
14777,0
14778,0
14779,0
14780,0
14781,0
14782,0
14783,0
14784,0
14785,0
14786,0
14787,0
14788,0
14789,0
14790,0
14791,0
14792,0
14793,0
14794,0
14795,0
14796,0
14797,0
14798,0
14799,0
14800,0
14801,0
14802,0
14803,0
14804,0
14805,0
14806,0
14807,0
14808,0
14809,0
14810,0
14811,0
14812,0
14813,0
14814,0
14815,0
14816,0
14817,0
14818,0
14819,0
14820,0
14821,0
14822,0
14823,0
14824,0
14825,0
14826,0
14827,0
14828,0
14829,0
14830,0
14831,0
14832,0
14833,0
14834,0
14835,0
14836,0
14837,0
14838,0
14839,0
14840,0
14841,0
14842,0
14843,0
14844,0
14845,0
14846,0
14847,0
14848,0
14849,0
14850,0
14851,0
14852,0
14853,0
14854,0
14855,0
14856,0
14857,0
14858,0
14859,0
14860,0
14861,0
14862,0
14863,0
14864,0
14865,0
14866,0
14867,0
14868,0
14869,0
14870,0
14871,0
14872,0
14873,0
14874,0
14875,0
14876,0
14877,0
14878,0
14879,0
14880,0
14881,0
14882,0
14883,0
14884,0
14885,0
14886,0
14887,0
14888,0
14889,0
14890,0
14891,0
14892,0
14893,0
14894,0
14895,0
14896,0
14897,0
14898,0
14899,0
14900,0
14901,0
14902,0
14903,0
14904,0
14905,0
14906,0
14907,0
14908,0
14909,0
14910,0
14911,0
14912,0
14913,0
14914,0
14915,0
14916,0
14917,0
14918,0
14919,0
14920,0
14921,0
14922,0
14923,0
14924,0
14925,0
14926,0
14927,0
14928,0
14929,0
14930,0
14931,0
14932,0
14933,0
14934,0
14935,0
14936,0
14937,0
14938,0
14939,0
14940,0
14941,0
14942,0
14943,0
14944,0
14945,0
14946,0
14947,0
14948,0
14949,0
14950,0
14951,0
14952,0
14953,0
14954,0
14955,0
14956,0
14957,0
14958,0
14959,0
14960,0
14961,0
14962,0
14963,0
14964,0
14965,0
14966,0
14967,0
14968,0
14969,0
14970,0
14971,0
14972,0
14973,0
14974,0
14975,0
14976,0
14977,0
14978,0
14979,0
14980,0
14981,0
14982,0
14983,0
14984,0
14985,0
14986,0
14987,0
14988,0
14989,0
14990,0
14991,0
14992,0
14993,0
14994,0
14995,0
14996,0
14997,0
14998,0
14999,0
15000,0
15001,0
15002,0
15003,0
15004,0
15005,0
15006,0
15007,0
15008,0
15009,0
15010,0
15011,0
15012,0
15013,0
15014,0
15015,0
15016,0
15017,0
15018,0
15019,0
15020,0
15021,0
15022,0
15023,0
15024,0
15025,0
15026,0
15027,0
15028,0
15029,0
15030,0
15031,0
15032,0
15033,0
15034,0
15035,0
15036,0
15037,0
15038,0
15039,0
15040,0
15041,0
15042,0
15043,0
15044,0
15045,0
15046,0
15047,0
15048,0
15049,0
15050,0
15051,0
15052,0
15053,0
15054,0
15055,0
15056,0
15057,0
15058,0
15059,0
15060,0
15061,0
15062,0
15063,0
15064,0
15065,0
15066,0
15067,0
15068,0
15069,0
15070,0
15071,0
15072,0
15073,0
15074,0
15075,0
15076,0
15077,0
15078,0
15079,0
15080,0
15081,0
15082,0
15083,0
15084,0
15085,0
15086,0
15087,0
15088,0
15089,0
15090,0
15091,0
15092,0
15093,0
15094,0
15095,0
15096,0
15097,0
15098,0
15099,0
15100,0
15101,0
15102,0
15103,0
15104,0
15105,0
15106,0
15107,0
15108,0
15109,0
15110,0
15111,0
15112,0
15113,0
15114,0
15115,0
15116,0
15117,0
15118,0
15119,0
15120,0
15121,0
15122,0
15123,0
15124,0
15125,0
15126,0
15127,0
15128,0
15129,0
15130,0
15131,0
15132,0
15133,0
15134,0
15135,0
15136,0
15137,0
15138,0
15139,0
15140,0
15141,0
15142,0
15143,0
15144,0
15145,0
15146,0
15147,0
15148,0
15149,0
15150,0
15151,0
15152,0
15153,0
15154,0
15155,0
15156,0
15157,0
15158,0
15159,0
15160,0
15161,0
15162,0
15163,0
15164,0
15165,0
15166,0
15167,0
15168,0
15169,0
15170,0
15171,0
15172,0
15173,0
15174,0
15175,0
15176,0
15177,0
15178,0
15179,0
15180,0
15181,0
15182,0
15183,0
15184,0
15185,0
15186,0
15187,0
15188,0
15189,0
15190,0
15191,0
15192,0
15193,0
15194,0
15195,0
15196,0
15197,0
15198,0
15199,0
15200,0
15201,0
15202,0
15203,0
15204,0
15205,0
15206,0
15207,0
15208,0
15209,0
15210,0
15211,0
15212,0
15213,0
15214,0
15215,0
15216,0
15217,0
15218,0
15219,0
15220,0
15221,0
15222,0
15223,0
15224,0
15225,0
15226,0
15227,0
15228,0
15229,0
15230,0
15231,0
15232,0
15233,0
15234,0
15235,0
15236,0
15237,0
15238,0
15239,0
15240,0
15241,0
15242,0
15243,0
15244,0
15245,0
15246,0
15247,0
15248,0
15249,0
15250,0
15251,0
15252,0
15253,0
15254,0
15255,0
15256,0
15257,0
15258,0
15259,0
15260,0
15261,0
15262,0
15263,0
15264,0
15265,0
15266,0
15267,0
15268,0
15269,0
15270,0
15271,0
15272,0
15273,0
15274,0
15275,0
15276,0
15277,0
15278,0
15279,0
15280,0
15281,0
15282,0
15283,0
15284,0
15285,0
15286,0
15287,0
15288,0
15289,0
15290,0
15291,0
15292,0
15293,0
15294,0
15295,0
15296,0
15297,0
15298,0
15299,0
15300,0
15301,0
15302,0
15303,0
15304,0
15305,0
15306,0
15307,0
15308,0
15309,0
15310,0
15311,0
15312,0
15313,0
15314,0
15315,0
15316,0
15317,0
15318,0
15319,0
15320,0
15321,0
15322,0
15323,0
15324,0
15325,0
15326,0
15327,0
15328,0
15329,0
15330,0
15331,0
15332,0
15333,0
15334,0
15335,0
15336,0
15337,0
15338,0
15339,0
15340,0
15341,0
15342,0
15343,0
15344,0
15345,0
15346,0
15347,0
15348,0
15349,0
15350,0
15351,0
15352,0
15353,0
15354,0
15355,0
15356,0
15357,0
15358,0
15359,0
15360,0
15361,0
15362,0
15363,0
15364,0
15365,0
15366,0
15367,0
15368,0
15369,0
15370,0
15371,0
15372,0
15373,0
15374,0
15375,0
15376,0
15377,0
15378,0
15379,0
15380,0
15381,0
15382,0
15383,0
15384,0
15385,0
15386,0
15387,0
15388,0
15389,0
15390,0
15391,0
15392,0
15393,0
15394,0
15395,0
15396,0
15397,0
15398,0
15399,0
15400,0
15401,0
15402,0
15403,0
15404,0
15405,0
15406,0
15407,0
15408,0
15409,0
15410,0
15411,0
15412,0
15413,0
15414,0
15415,0
15416,0
15417,0
15418,0
15419,0
15420,0
15421,0
15422,0
15423,0
15424,0
15425,0
15426,0
15427,0
15428,0
15429,0
15430,0
15431,0
15432,0
15433,0
15434,0
15435,0
15436,0
15437,0
15438,0
15439,0
15440,0
15441,0
15442,0
15443,0
15444,0
15445,0
15446,0
15447,0
15448,0
15449,0
15450,0
15451,0
15452,0
15453,0
15454,0
15455,0
15456,0
15457,0
15458,0
15459,0
15460,0
15461,0
15462,0
15463,0
15464,0
15465,0
15466,0
15467,0
15468,0
15469,0
15470,0
15471,0
15472,0
15473,0
15474,0
15475,0
15476,0
15477,0
15478,0
15479,0
15480,0
15481,0
15482,0
15483,0
15484,0
15485,0
15486,0
15487,0
15488,0
15489,0
15490,0
15491,0
15492,0
15493,0
15494,0
15495,0
15496,0
15497,0
15498,0
15499,0
15500,0
15501,0
15502,0
15503,0
15504,0
15505,0
15506,0
15507,0
15508,0
15509,0
15510,0
15511,0
15512,0
15513,0
15514,0
15515,0
15516,0
15517,0
15518,0
15519,0
15520,0
15521,0
15522,0
15523,0
15524,0
15525,0
15526,0
15527,0
15528,0
15529,0
15530,0
15531,0
15532,0
15533,0
15534,0
15535,0
15536,0
15537,0
15538,0
15539,0
15540,0
15541,0
15542,0
15543,0
15544,0
15545,0
15546,0
15547,0
15548,0
15549,0
15550,0
15551,0
15552,0
15553,0
15554,0
15555,0
15556,0
15557,0
15558,0
15559,0
15560,0
15561,0
15562,0
15563,0
15564,0
15565,0
15566,0
15567,0
15568,0
15569,0
15570,0
15571,0
15572,0
15573,0
15574,0
15575,0
15576,0
15577,0
15578,0
15579,0
15580,0
15581,0
15582,0
15583,0
15584,0
15585,0
15586,0
15587,0
15588,0
15589,0
15590,0
15591,0
15592,0
15593,0
15594,0
15595,0
15596,0
15597,0
15598,0
15599,0
15600,0
15601,0
15602,0
15603,0
15604,0
15605,0
15606,0
15607,0
15608,0
15609,0
15610,0
15611,0
15612,0
15613,0
15614,0
15615,0
15616,0
15617,0
15618,0
15619,0
15620,0
15621,0
15622,0
15623,0
15624,0
15625,0
15626,0
15627,0
15628,0
15629,0
15630,0
15631,0
15632,0
15633,0
15634,0
15635,0
15636,0
15637,0
15638,0
15639,0
15640,0
15641,0
15642,0
15643,0
15644,0
15645,0
15646,0
15647,0
15648,0
15649,0
15650,0
15651,0
15652,0
15653,0
15654,0
15655,0
15656,0
15657,0
15658,0
15659,0
15660,0
15661,0
15662,0
15663,0
15664,0
15665,0
15666,0
15667,0
15668,0
15669,0
15670,0
15671,0
15672,0
15673,0
15674,0
15675,0
15676,0
15677,0
15678,0
15679,0
15680,0
15681,0
15682,0
15683,0
15684,0
15685,0
15686,0
15687,0
15688,0
15689,0
15690,0
15691,0
15692,0
15693,0
15694,0
15695,0
15696,0
15697,0
15698,0
15699,0
15700,0
15701,0
15702,0
15703,0
15704,0
15705,0
15706,0
15707,0
15708,0
15709,0
15710,0
15711,0
15712,0
15713,0
15714,0
15715,0
15716,0
15717,0
15718,0
15719,0
15720,0
15721,0
15722,0
15723,0
15724,0
15725,0
15726,0
15727,0
15728,0
15729,0
15730,0
15731,0
15732,0
15733,0
15734,0
15735,0
15736,0
15737,0
15738,0
15739,0
15740,0
15741,0
15742,0
15743,0
15744,0
15745,0
15746,0
15747,0
15748,0
15749,0
15750,0
15751,0
15752,0
15753,0
15754,0
15755,0
15756,0
15757,0
15758,0
15759,0
15760,0
15761,0
15762,0
15763,0
15764,0
15765,0
15766,0
15767,0
15768,0
15769,0
15770,0
15771,0
15772,0
15773,0
15774,0
15775,0
15776,0
15777,0
15778,0
15779,0
15780,0
15781,0
15782,0
15783,0
15784,0
15785,0
15786,0
15787,0
15788,0
15789,0
15790,0
15791,0
15792,0
15793,0
15794,0
15795,0
15796,0
15797,0
15798,0
15799,0
15800,0
15801,0
15802,0
15803,0
15804,0
15805,0
15806,0
15807,0
15808,0
15809,0
15810,0
15811,0
15812,0
15813,0
15814,0
15815,0
15816,0
15817,0
15818,0
15819,0
15820,0
15821,0
15822,0
15823,0
15824,0
15825,0
15826,0
15827,0
15828,0
15829,0
15830,0
15831,0
15832,0
15833,0
15834,0
15835,0
15836,0
15837,0
15838,0
15839,0
15840,0
15841,0
15842,0
15843,0
15844,0
15845,0
15846,0
15847,0
15848,0
15849,0
15850,0
15851,0
15852,0
15853,0
15854,0
15855,0
15856,0
15857,0
15858,0
15859,0
15860,0
15861,0
15862,0
15863,0
15864,0
15865,0
15866,0
15867,0
15868,0
15869,0
15870,0
15871,0
15872,0
15873,0
15874,0
15875,0
15876,0
15877,0
15878,0
15879,0
15880,0
15881,0
15882,0
15883,0
15884,0
15885,0
15886,0
15887,0
15888,0
15889,0
15890,0
15891,0
15892,0
15893,0
15894,0
15895,0
15896,0
15897,0
15898,0
15899,0
15900,0
15901,0
15902,0
15903,0
15904,0
15905,0
15906,0
15907,0
15908,0
15909,0
15910,0
15911,0
15912,0
15913,0
15914,0
15915,0
15916,0
15917,0
15918,0
15919,0
15920,0
15921,0
15922,0
15923,0
15924,0
15925,0
15926,0
15927,0
15928,0
15929,0
15930,0
15931,0
15932,0
15933,0
15934,0
15935,0
15936,0
15937,0
15938,0
15939,0
15940,0
15941,0
15942,0
15943,0
15944,0
15945,0
15946,0
15947,0
15948,0
15949,0
15950,0
15951,0
15952,0
15953,0
15954,0
15955,0
15956,0
15957,0
15958,0
15959,0
15960,0
15961,0
15962,0
15963,0
15964,0
15965,0
15966,0
15967,0
15968,0
15969,0
15970,0
15971,0
15972,0
15973,0
15974,0
15975,0
15976,0
15977,0
15978,0
15979,0
15980,0
15981,0
15982,0
15983,0
15984,0
15985,0
15986,0
15987,0
15988,0
15989,0
15990,0
15991,0
15992,0
15993,0
15994,0
15995,0
15996,0
15997,0
15998,0
15999,0
16000,0
16001,0
16002,0
16003,0
16004,0
16005,0
16006,0
16007,0
16008,0
16009,0
16010,0
16011,0
16012,0
16013,0
16014,0
16015,0
16016,0
16017,0
16018,0
16019,0
16020,0
16021,0
16022,0
16023,0
16024,0
16025,0
16026,0
16027,0
16028,0
16029,0
16030,0
16031,0
16032,0
16033,0
16034,0
16035,0
16036,0
16037,0
16038,0
16039,0
16040,0
16041,0
16042,0
16043,0
16044,0
16045,0
16046,0
16047,0
16048,0
16049,0
16050,0
16051,0
16052,0
16053,0
16054,0
16055,0
16056,0
16057,0
16058,0
16059,0
16060,0
16061,0
16062,0
16063,0
16064,0
16065,0
16066,0
16067,0
16068,0
16069,0
16070,0
16071,0
16072,0
16073,0
16074,0
16075,0
16076,0
16077,0
16078,0
16079,0
16080,0
16081,0
16082,0
16083,0
16084,0
16085,0
16086,0
16087,0
16088,0
16089,0
16090,0
16091,0
16092,0
16093,0
16094,0
16095,0
16096,0
16097,0
16098,0
16099,0
16100,0
16101,0
16102,0
16103,0
16104,0
16105,0
16106,0
16107,0
16108,0
16109,0
16110,0
16111,0
16112,0
16113,0
16114,0
16115,0
16116,0
16117,0
16118,0
16119,0
16120,0
16121,0
16122,0
16123,0
16124,0
16125,0
16126,0
16127,0
16128,0
16129,0
16130,0
16131,0
16132,0
16133,0
16134,0
16135,0
16136,0
16137,0
16138,0
16139,0
16140,0
16141,0
16142,0
16143,0
16144,0
16145,0
16146,0
16147,0
16148,0
16149,0
16150,0
16151,0
16152,0
16153,0
16154,0
16155,0
16156,0
16157,0
16158,0
16159,0
16160,0
16161,0
16162,0
16163,0
16164,0
16165,0
16166,0
16167,0
16168,0
16169,0
16170,0
16171,0
16172,0
16173,0
16174,0
16175,0
16176,0
16177,0
16178,0
16179,0
16180,0
16181,0
16182,0
16183,0
16184,0
16185,0
16186,0
16187,0
16188,0
16189,0
16190,0
16191,0
16192,0
16193,0
16194,0
16195,0
16196,0
16197,0
16198,0
16199,0
16200,0
16201,0
16202,0
16203,0
16204,0
16205,0
16206,0
16207,0
16208,0
16209,0
16210,0
16211,0
16212,0
16213,0
16214,0
16215,0
16216,0
16217,0
16218,0
16219,0
16220,0
16221,0
16222,0
16223,0
16224,0
16225,0
16226,0
16227,0
16228,0
16229,0
16230,0
16231,0
16232,0
16233,0
16234,0
16235,0
16236,0
16237,0
16238,0
16239,0
16240,0
16241,0
16242,0
16243,0
16244,0
16245,0
16246,0
16247,0
16248,0
16249,0
16250,0
16251,0
16252,0
16253,0
16254,0
16255,0
16256,0
16257,0
16258,0
16259,0
16260,0
16261,0
16262,0
16263,0
16264,0
16265,0
16266,0
16267,0
16268,0
16269,0
16270,0
16271,0
16272,0
16273,0
16274,0
16275,0
16276,0
16277,0
16278,0
16279,0
16280,0
16281,0
16282,0
16283,0
16284,0
16285,0
16286,0
16287,0
16288,0
16289,0
16290,0
16291,0
16292,0
16293,0
16294,0
16295,0
16296,0
16297,0
16298,0
16299,0
16300,0
16301,0
16302,0
16303,0
16304,0
16305,0
16306,0
16307,0
16308,0
16309,0
16310,0
16311,0
16312,0
16313,0
16314,0
16315,0
16316,0
16317,0
16318,0
16319,0
16320,0
16321,0
16322,0
16323,0
16324,0
16325,0
16326,0
16327,0
16328,0
16329,0
16330,0
16331,0
16332,0
16333,0
16334,0
16335,0
16336,0
16337,0
16338,0
16339,0
16340,0
16341,0
16342,0
16343,0
16344,0
16345,0
16346,0
16347,0
16348,0
16349,0
16350,0
16351,0
16352,0
16353,0
16354,0
16355,0
16356,0
16357,0
16358,0
16359,0
16360,0
16361,0
16362,0
16363,0
16364,0
16365,0
16366,0
16367,0
16368,0
16369,0
16370,0
16371,0
16372,0
16373,0
16374,0
16375,0
16376,0
16377,0
16378,0
16379,0
16380,0
16381,0
16382,0
16383,0
16384,0
16385,0
16386,0
16387,0
16388,0
16389,0
16390,0
16391,0
16392,0
16393,0
16394,0
16395,0
16396,0
16397,0
16398,0
16399,0
16400,0
16401,0
16402,0
16403,0
16404,0
16405,0
16406,0
16407,0
16408,0
16409,0
16410,0
16411,0
16412,0
16413,0
16414,0
16415,0
16416,0
16417,0
16418,0
16419,0
16420,0
16421,0
16422,0
16423,0
16424,0
16425,0
16426,0
16427,0
16428,0
16429,0
16430,0
16431,0
16432,0
16433,0
16434,0
16435,0
16436,0
16437,0
16438,0
16439,0
16440,0
16441,0
16442,0
16443,0
16444,0
16445,0
16446,0
16447,0
16448,0
16449,0
16450,0
16451,0
16452,0
16453,0
16454,0
16455,0
16456,0
16457,0
16458,0
16459,0
16460,0
16461,0
16462,0
16463,0
16464,0
16465,0
16466,0
16467,0
16468,0
16469,0
16470,0
16471,0
16472,0
16473,0
16474,0
16475,0
16476,0
16477,0
16478,0
16479,0
16480,0
16481,0
16482,0
16483,0
16484,0
16485,0
16486,0
16487,0
16488,0
16489,0
16490,0
16491,0
16492,0
16493,0
16494,0
16495,0
16496,0
16497,0
16498,0
16499,0
16500,0
16501,0
16502,0
16503,0
16504,0
16505,0
16506,0
16507,0
16508,0
16509,0
16510,0
16511,0
16512,0
16513,0
16514,0
16515,0
16516,0
16517,0
16518,0
16519,0
16520,0
16521,0
16522,0
16523,0
16524,0
16525,0
16526,0
16527,0
16528,0
16529,0
16530,0
16531,0
16532,0
16533,0
16534,0
16535,0
16536,0
16537,0
16538,0
16539,0
16540,0
16541,0
16542,0
16543,0
16544,0
16545,0
16546,0
16547,0
16548,0
16549,0
16550,0
16551,0
16552,0
16553,0
16554,0
16555,0
16556,0
16557,0
16558,0
16559,0
16560,0
16561,0
16562,0
16563,0
16564,0
16565,0
16566,0
16567,0
16568,0
16569,0
16570,0
16571,0
16572,0
16573,0
16574,0
16575,0
16576,0
16577,0
16578,0
16579,0
16580,0
16581,0
16582,0
16583,0
16584,0
16585,0
16586,0
16587,0
16588,0
16589,0
16590,0
16591,0
16592,0
16593,0
16594,0
16595,0
16596,0
16597,0
16598,0
16599,0
16600,0
16601,0
16602,0
16603,0
16604,0
16605,0
16606,0
16607,0
16608,0
16609,0
16610,0
16611,0
16612,0
16613,0
16614,0
16615,0
16616,0
16617,0
16618,0
16619,0
16620,0
16621,0
16622,0
16623,0
16624,0
16625,0
16626,0
16627,0
16628,0
16629,0
16630,0
16631,0
16632,0
16633,0
16634,0
16635,0
16636,0
16637,0
16638,0
16639,0
16640,0
16641,0
16642,0
16643,0
16644,0
16645,0
16646,0
16647,0
16648,0
16649,0
16650,0
16651,0
16652,0
16653,0
16654,0
16655,0
16656,0
16657,0
16658,0
16659,0
16660,0
16661,0
16662,0
16663,0
16664,0
16665,0
16666,0
16667,0
16668,0
16669,0
16670,0
16671,0
16672,0
16673,0
16674,0
16675,0
16676,0
16677,0
16678,0
16679,0
16680,0
16681,0
16682,0
16683,0
16684,0
16685,0
16686,0
16687,0
16688,0
16689,0
16690,0
16691,0
16692,0
16693,0
16694,0
16695,0
16696,0
16697,0
16698,0
16699,0
16700,0
16701,0
16702,0
16703,0
16704,0
16705,0
16706,0
16707,0
16708,0
16709,0
16710,0
16711,0
16712,0
16713,0
16714,0
16715,0
16716,0
16717,0
16718,0
16719,0
16720,0
16721,0
16722,0
16723,0
16724,0
16725,0
16726,0
16727,0
16728,0
16729,0
16730,0
16731,0
16732,0
16733,0
16734,0
16735,0
16736,0
16737,0
16738,0
16739,0
16740,0
16741,0
16742,0
16743,0
16744,0
16745,0
16746,0
16747,0
16748,0
16749,0
16750,0
16751,0
16752,0
16753,0
16754,0
16755,0
16756,0
16757,0
16758,0
16759,0
16760,0
16761,0
16762,0
16763,0
16764,0
16765,0
16766,0
16767,0
16768,0
16769,0
16770,0
16771,0
16772,0
16773,0
16774,0
16775,0
16776,0
16777,0
16778,0
16779,0
16780,0
16781,0
16782,0
16783,0
16784,0
16785,0
16786,0
16787,0
16788,0
16789,0
16790,0
16791,0
16792,0
16793,0
16794,0
16795,0
16796,0
16797,0
16798,0
16799,0
16800,0
16801,0
16802,0
16803,0
16804,0
16805,0
16806,0
16807,0
16808,0
16809,0
16810,0
16811,0
16812,0
16813,0
16814,0
16815,0
16816,0
16817,0
16818,0
16819,0
16820,0
16821,0
16822,0
16823,0
16824,0
16825,0
16826,0
16827,0
16828,0
16829,0
16830,0
16831,0
16832,0
16833,0
16834,0
16835,0
16836,0
16837,0
16838,0
16839,0
16840,0
16841,0
16842,0
16843,0
16844,0
16845,0
16846,0
16847,0
16848,0
16849,0
16850,0
16851,0
16852,0
16853,0
16854,0
16855,0
16856,0
16857,0
16858,0
16859,0
16860,0
16861,0
16862,0
16863,0
16864,0
16865,0
16866,0
16867,0
16868,0
16869,0
16870,0
16871,0
16872,0
16873,0
16874,0
16875,0
16876,0
16877,0
16878,0
16879,0
16880,0
16881,0
16882,0
16883,0
16884,0
16885,0
16886,0
16887,0
16888,0
16889,0
16890,0
16891,0
16892,0
16893,0
16894,0
16895,0
16896,0
16897,0
16898,0
16899,0
16900,0
16901,0
16902,0
16903,0
16904,0
16905,0
16906,0
16907,0
16908,0
16909,0
16910,0
16911,0
16912,0
16913,0
16914,0
16915,0
16916,0
16917,0
16918,0
16919,0
16920,0
16921,0
16922,0
16923,0
16924,0
16925,0
16926,0
16927,0
16928,0
16929,0
16930,0
16931,0
16932,0
16933,0
16934,0
16935,0
16936,0
16937,0
16938,0
16939,0
16940,0
16941,0
16942,0
16943,0
16944,0
16945,0
16946,0
16947,0
16948,0
16949,0
16950,0
16951,0
16952,0
16953,0
16954,0
16955,0
16956,0
16957,0
16958,0
16959,0
16960,0
16961,0
16962,0
16963,0
16964,0
16965,0
16966,0
16967,0
16968,0
16969,0
16970,0
16971,0
16972,0
16973,0
16974,0
16975,0
16976,0
16977,0
16978,0
16979,0
16980,0
16981,0
16982,0
16983,0
16984,0
16985,0
16986,0
16987,0
16988,0
16989,0
16990,0
16991,0
16992,0
16993,0
16994,0
16995,0
16996,0
16997,0
16998,0
16999,0
17000,0
17001,0
17002,0
17003,0
17004,0
17005,0
17006,0
17007,0
17008,0
17009,0
17010,0
17011,0
17012,0
17013,0
17014,0
17015,0
17016,0
17017,0
17018,0
17019,0
17020,0
17021,0
17022,0
17023,0
17024,0
17025,0
17026,0
17027,0
17028,0
17029,0
17030,0
17031,0
17032,0
17033,0
17034,0
17035,0
17036,0
17037,0
17038,0
17039,0
17040,0
17041,0
17042,0
17043,0
17044,0
17045,0
17046,0
17047,0
17048,0
17049,0
17050,0
17051,0
17052,0
17053,0
17054,0
17055,0
17056,0
17057,0
17058,0
17059,0
17060,0
17061,0
17062,0
17063,0
17064,0
17065,0
17066,0
17067,0
17068,0
17069,0
17070,0
17071,0
17072,0
17073,0
17074,0
17075,0
17076,0
17077,0
17078,0
17079,0
17080,0
17081,0
17082,0
17083,0
17084,0
17085,0
17086,0
17087,0
17088,0
17089,0
17090,0
17091,0
17092,0
17093,0
17094,0
17095,0
17096,0
17097,0
17098,0
17099,0
17100,0
17101,0
17102,0
17103,0
17104,0
17105,0
17106,0
17107,0
17108,0
17109,0
17110,0
17111,0
17112,0
17113,0
17114,0
17115,0
17116,0
17117,0
17118,0
17119,0
17120,0
17121,0
17122,0
17123,0
17124,0
17125,0
17126,0
17127,0
17128,0
17129,0
17130,0
17131,0
17132,0
17133,0
17134,0
17135,0
17136,0
17137,0
17138,0
17139,0
17140,0
17141,0
17142,0
17143,0
17144,0
17145,0
17146,0
17147,0
17148,0
17149,0
17150,0
17151,0
17152,0
17153,0
17154,0
17155,0
17156,0
17157,0
17158,0
17159,0
17160,0
17161,0
17162,0
17163,0
17164,0
17165,0
17166,0
17167,0
17168,0
17169,0
17170,0
17171,0
17172,0
17173,0
17174,0
17175,0
17176,0
17177,0
17178,0
17179,0
17180,0
17181,0
17182,0
17183,0
17184,0
17185,0
17186,0
17187,0
17188,0
17189,0
17190,0
17191,0
17192,0
17193,0
17194,0
17195,0
17196,0
17197,0
17198,0
17199,0
17200,0
17201,0
17202,0
17203,0
17204,0
17205,0
17206,0
17207,0
17208,0
17209,0
17210,0
17211,0
17212,0
17213,0
17214,0
17215,0
17216,0
17217,0
17218,0
17219,0
17220,0
17221,0
17222,0
17223,0
17224,0
17225,0
17226,0
17227,0
17228,0
17229,0
17230,0
17231,0
17232,0
17233,0
17234,0
17235,0
17236,0
17237,0
17238,0
17239,0
17240,0
17241,0
17242,0
17243,0
17244,0
17245,0
17246,0
17247,0
17248,0
17249,0
17250,0
17251,0
17252,0
17253,0
17254,0
17255,0
17256,0
17257,0
17258,0
17259,0
17260,0
17261,0
17262,0
17263,0
17264,0
17265,0
17266,0
17267,0
17268,0
17269,0
17270,0
17271,0
17272,0
17273,0
17274,0
17275,0
17276,0
17277,0
17278,0
17279,0
17280,0
17281,0
17282,0
17283,0
17284,0
17285,0
17286,0
17287,0
17288,0
17289,0
17290,0
17291,0
17292,0
17293,0
17294,0
17295,0
17296,0
17297,0
17298,0
17299,0
17300,0
17301,0
17302,0
17303,0
17304,0
17305,0
17306,0
17307,0
17308,0
17309,0
17310,0
17311,0
17312,0
17313,0
17314,0
17315,0
17316,0
17317,0
17318,0
17319,0
17320,0
17321,0
17322,0
17323,0
17324,0
17325,0
17326,0
17327,0
17328,0
17329,0
17330,0
17331,0
17332,0
17333,0
17334,0
17335,0
17336,0
17337,0
17338,0
17339,0
17340,0
17341,0
17342,0
17343,0
17344,0
17345,0
17346,0
17347,0
17348,0
17349,0
17350,0
17351,0
17352,0
17353,0
17354,0
17355,0
17356,0
17357,0
17358,0
17359,0
17360,0
17361,0
17362,0
17363,0
17364,0
17365,0
17366,0
17367,0
17368,0
17369,0
17370,0
17371,0
17372,0
17373,0
17374,0
17375,0
17376,0
17377,0
17378,0
17379,0
17380,0
17381,0
17382,0
17383,0
17384,0
17385,0
17386,0
17387,0
17388,0
17389,0
17390,0
17391,0
17392,0
17393,0
17394,0
17395,0
17396,0
17397,0
17398,0
17399,0
17400,0
17401,0
17402,0
17403,0
17404,0
17405,0
17406,0
17407,0
17408,0
17409,0
17410,0
17411,0
17412,0
17413,0
17414,0
17415,0
17416,0
17417,0
17418,0
17419,0
17420,0
17421,0
17422,0
17423,0
17424,0
17425,0
17426,0
17427,0
17428,0
17429,0
17430,0
17431,0
17432,0
17433,0
17434,0
17435,0
17436,0
17437,0
17438,0
17439,0
17440,0
17441,0
17442,0
17443,0
17444,0
17445,0
17446,0
17447,0
17448,0
17449,0
17450,0
17451,0
17452,0
17453,0
17454,0
17455,0
17456,0
17457,0
17458,0
17459,0
17460,0
17461,0
17462,0
17463,0
17464,0
17465,0
17466,0
17467,0
17468,0
17469,0
17470,0
17471,0
17472,0
17473,0
17474,0
17475,0
17476,0
17477,0
17478,0
17479,0
17480,0
17481,0
17482,0
17483,0
17484,0
17485,0
17486,0
17487,0
17488,0
17489,0
17490,0
17491,0
17492,0
17493,0
17494,0
17495,0
17496,0
17497,0
17498,0
17499,0
17500,0
17501,0
17502,0
17503,0
17504,0
17505,0
17506,0
17507,0
17508,0
17509,0
17510,0
17511,0
17512,0
17513,0
17514,0
17515,0
17516,0
17517,0
17518,0
17519,0
17520,0
17521,0
17522,0
17523,0
17524,0
17525,0
17526,0
17527,0
17528,0
17529,0
17530,0
17531,0
17532,0
17533,0
17534,0
17535,0
17536,0
17537,0
17538,0
17539,0
17540,0
17541,0
17542,0
17543,0
17544,0
17545,0
17546,0
17547,0
17548,0
17549,0
17550,0
17551,0
17552,0
17553,0
17554,0
17555,0
17556,0
17557,0
17558,0
17559,0
17560,0
17561,0
17562,0
17563,0
17564,0
17565,0
17566,0
17567,0
17568,0
17569,0
17570,0
17571,0
17572,0
17573,0
17574,0
17575,0
17576,0
17577,0
17578,0
17579,0
17580,0
17581,0
17582,0
17583,0
17584,0
17585,0
17586,0
17587,0
17588,0
17589,0
17590,0
17591,0
17592,0
17593,0
17594,0
17595,0
17596,0
17597,0
17598,0
17599,0
17600,0
17601,0
17602,0
17603,0
17604,0
17605,0
17606,0
17607,0
17608,0
17609,0
17610,0
17611,0
17612,0
17613,0
17614,0
17615,0
17616,0
17617,0
17618,0
17619,0
17620,0
17621,0
17622,0
17623,0
17624,0
17625,0
17626,0
17627,0
17628,0
17629,0
17630,0
17631,0
17632,0
17633,0
17634,0
17635,0
17636,0
17637,0
17638,0
17639,0
17640,0
17641,0
17642,0
17643,0
17644,0
17645,0
17646,0
17647,0
17648,0
17649,0
17650,0
17651,0
17652,0
17653,0
17654,0
17655,0
17656,0
17657,0
17658,0
17659,0
17660,0
17661,0
17662,0
17663,0
17664,0
17665,0
17666,0
17667,0
17668,0
17669,0
17670,0
17671,0
17672,0
17673,0
17674,0
17675,0
17676,0
17677,0
17678,0
17679,0
17680,0
17681,0
17682,0
17683,0
17684,0
17685,0
17686,0
17687,0
17688,0
17689,0
17690,0
17691,0
17692,0
17693,0
17694,0
17695,0
17696,0
17697,0
17698,0
17699,0
17700,0
17701,0
17702,0
17703,0
17704,0
17705,0
17706,0
17707,0
17708,0
17709,0
17710,0
17711,0
17712,0
17713,0
17714,0
17715,0
17716,0
17717,0
17718,0
17719,0
17720,0
17721,0
17722,0
17723,0
17724,0
17725,0
17726,0
17727,0
17728,0
17729,0
17730,0
17731,0
17732,0
17733,0
17734,0
17735,0
17736,0
17737,0
17738,0
17739,0
17740,0
17741,0
17742,0
17743,0
17744,0
17745,0
17746,0
17747,0
17748,0
17749,0
17750,0
17751,0
17752,0
17753,0
17754,0
17755,0
17756,0
17757,0
17758,0
17759,0
17760,0
17761,0
17762,0
17763,0
17764,0
17765,0
17766,0
17767,0
17768,0
17769,0
17770,0
17771,0
17772,0
17773,0
17774,0
17775,0
17776,0
17777,0
17778,0
17779,0
17780,0
17781,0
17782,0
17783,0
17784,0
17785,0
17786,0
17787,0
17788,0
17789,0
17790,0
17791,0
17792,0
17793,0
17794,0
17795,0
17796,0
17797,0
17798,0
17799,0
17800,0
17801,0
17802,0
17803,0
17804,0
17805,0
17806,0
17807,0
17808,0
17809,0
17810,0
17811,0
17812,0
17813,0
17814,0
17815,0
17816,0
17817,0
17818,0
17819,0
17820,0
17821,0
17822,0
17823,0
17824,0
17825,0
17826,0
17827,0
17828,0
17829,0
17830,0
17831,0
17832,0
17833,0
17834,0
17835,0
17836,0
17837,0
17838,0
17839,0
17840,0
17841,0
17842,0
17843,0
17844,0
17845,0
17846,0
17847,0
17848,0
17849,0
17850,0
17851,0
17852,0
17853,0
17854,0
17855,0
17856,0
17857,0
17858,0
17859,0
17860,0
17861,0
17862,0
17863,0
17864,0
17865,0
17866,0
17867,0
17868,0
17869,0
17870,0
17871,0
17872,0
17873,0
17874,0
17875,0
17876,0
17877,0
17878,0
17879,0
17880,0
17881,0
17882,0
17883,0
17884,0
17885,0
17886,0
17887,0
17888,0
17889,0
17890,0
17891,0
17892,0
17893,0
17894,0
17895,0
17896,0
17897,0
17898,0
17899,0
17900,0
17901,0
17902,0
17903,0
17904,0
17905,0
17906,0
17907,0
17908,0
17909,0
17910,0
17911,0
17912,0
17913,0
17914,0
17915,0
17916,0
17917,0
17918,0
17919,0
17920,0
17921,0
17922,0
17923,0
17924,0
17925,0
17926,0
17927,0
17928,0
17929,0
17930,0
17931,0
17932,0
17933,0
17934,0
17935,0
17936,0
17937,0
17938,0
17939,0
17940,0
17941,0
17942,0
17943,0
17944,0
17945,0
17946,0
17947,0
17948,0
17949,0
17950,0
17951,0
17952,0
17953,0
17954,0
17955,0
17956,0
17957,0
17958,0
17959,0
17960,0
17961,0
17962,0
17963,0
17964,0
17965,0
17966,0
17967,0
17968,0
17969,0
17970,0
17971,0
17972,0
17973,0
17974,0
17975,0
17976,0
17977,0
17978,0
17979,0
17980,0
17981,0
17982,0
17983,0
17984,0
17985,0
17986,0
17987,0
17988,0
17989,0
17990,0
17991,0
17992,0
17993,0
17994,0
17995,0
17996,0
17997,0
17998,0
17999,0
18000,0
18001,0
18002,0
18003,0
18004,0
18005,0
18006,0
18007,0
18008,0
18009,0
18010,0
18011,0
18012,0
18013,0
18014,0
18015,0
18016,0
18017,0
18018,0
18019,0
18020,0
18021,0
18022,0
18023,0
18024,0
18025,0
18026,0
18027,0
18028,0
18029,0
18030,0
18031,0
18032,0
18033,0
18034,0
18035,0
18036,0
18037,0
18038,0
18039,0
18040,0
18041,0
18042,0
18043,0
18044,0
18045,0
18046,0
18047,0
18048,0
18049,0
18050,0
18051,0
18052,0
18053,0
18054,0
18055,0
18056,0
18057,0
18058,0
18059,0
18060,0
18061,0
18062,0
18063,0
18064,0
18065,0
18066,0
18067,0
18068,0
18069,0
18070,0
18071,0
18072,0
18073,0
18074,0
18075,0
18076,0
18077,0
18078,0
18079,0
18080,0
18081,0
18082,0
18083,0
18084,0
18085,0
18086,0
18087,0
18088,0
18089,0
18090,0
18091,0
18092,0
18093,0
18094,0
18095,0
18096,0
18097,0
18098,0
18099,0
18100,0
18101,0
18102,0
18103,0
18104,0
18105,0
18106,0
18107,0
18108,0
18109,0
18110,0
18111,0
18112,0
18113,0
18114,0
18115,0
18116,0
18117,0
18118,0
18119,0
18120,0
18121,0
18122,0
18123,0
18124,0
18125,0
18126,0
18127,0
18128,0
18129,0
18130,0
18131,0
18132,0
18133,0
18134,0
18135,0
18136,0
18137,0
18138,0
18139,0
18140,0
18141,0
18142,0
18143,0
18144,0
18145,0
18146,0
18147,0
18148,0
18149,0
18150,0
18151,0
18152,0
18153,0
18154,0
18155,0
18156,0
18157,0
18158,0
18159,0
18160,0
18161,0
18162,0
18163,0
18164,0
18165,0
18166,0
18167,0
18168,0
18169,0
18170,0
18171,0
18172,0
18173,0
18174,0
18175,0
18176,0
18177,0
18178,0
18179,0
18180,0
18181,0
18182,0
18183,0
18184,0
18185,0
18186,0
18187,0
18188,0
18189,0
18190,0
18191,0
18192,0
18193,0
18194,0
18195,0
18196,0
18197,0
18198,0
18199,0
18200,0
18201,0
18202,0
18203,0
18204,0
18205,0
18206,0
18207,0
18208,0
18209,0
18210,0
18211,0
18212,0
18213,0
18214,0
18215,0
18216,0
18217,0
18218,0
18219,0
18220,0
18221,0
18222,0
18223,0
18224,0
18225,0
18226,0
18227,0
18228,0
18229,0
18230,0
18231,0
18232,0
18233,0
18234,0
18235,0
18236,0
18237,0
18238,0
18239,0
18240,0
18241,0
18242,0
18243,0
18244,0
18245,0
18246,0
18247,0
18248,0
18249,0
18250,0
18251,0
18252,0
18253,0
18254,0
18255,0
18256,0
18257,0
18258,0
18259,0
18260,0
18261,0
18262,0
18263,0
18264,0
18265,0
18266,0
18267,0
18268,0
18269,0
18270,0
18271,0
18272,0
18273,0
18274,0
18275,0
18276,0
18277,0
18278,0
18279,0
18280,0
18281,0
18282,0
18283,0
18284,0
18285,0
18286,0
18287,0
18288,0
18289,0
18290,0
18291,0
18292,0
18293,0
18294,0
18295,0
18296,0
18297,0
18298,0
18299,0
18300,0
18301,0
18302,0
18303,0
18304,0
18305,0
18306,0
18307,0
18308,0
18309,0
18310,0
18311,0
18312,0
18313,0
18314,0
18315,0
18316,0
18317,0
18318,0
18319,0
18320,0
18321,0
18322,0
18323,0
18324,0
18325,0
18326,0
18327,0
18328,0
18329,0
18330,0
18331,0
18332,0
18333,0
18334,0
18335,0
18336,0
18337,0
18338,0
18339,0
18340,0
18341,0
18342,0
18343,0
18344,0
18345,0
18346,0
18347,0
18348,0
18349,0
18350,0
18351,0
18352,0
18353,0
18354,0
18355,0
18356,0
18357,0
18358,0
18359,0
18360,0
18361,0
18362,0
18363,0
18364,0
18365,0
18366,0
18367,0
18368,0
18369,0
18370,0
18371,0
18372,0
18373,0
18374,0
18375,0
18376,0
18377,0
18378,0
18379,0
18380,0
18381,0
18382,0
18383,0
18384,0
18385,0
18386,0
18387,0
18388,0
18389,0
18390,0
18391,0
18392,0
18393,0
18394,0
18395,0
18396,0
18397,0
18398,0
18399,0
18400,0
18401,0
18402,0
18403,0
18404,0
18405,0
18406,0
18407,0
18408,0
18409,0
18410,0
18411,0
18412,0
18413,0
18414,0
18415,0
18416,0
18417,0
18418,0
18419,0
18420,0
18421,0
18422,0
18423,0
18424,0
18425,0
18426,0
18427,0
18428,0
18429,0
18430,0
18431,0
18432,0
18433,0
18434,0
18435,0
18436,0
18437,0
18438,0
18439,0
18440,0
18441,0
18442,0
18443,0
18444,0
18445,0
18446,0
18447,0
18448,0
18449,0
18450,0
18451,0
18452,0
18453,0
18454,0
18455,0
18456,0
18457,0
18458,0
18459,0
18460,0
18461,0
18462,0
18463,0
18464,0
18465,0
18466,0
18467,0
18468,0
18469,0
18470,0
18471,0
18472,0
18473,0
18474,0
18475,0
18476,0
18477,0
18478,0
18479,0
18480,0
18481,0
18482,0
18483,0
18484,0
18485,0
18486,0
18487,0
18488,0
18489,0
18490,0
18491,0
18492,0
18493,0
18494,0
18495,0
18496,0
18497,0
18498,0
18499,0
18500,0
18501,0
18502,0
18503,0
18504,0
18505,0
18506,0
18507,0
18508,0
18509,0
18510,0
18511,0
18512,0
18513,0
18514,0
18515,0
18516,0
18517,0
18518,0
18519,0
18520,0
18521,0
18522,0
18523,0
18524,0
18525,0
18526,0
18527,0
18528,0
18529,0
18530,0
18531,0
18532,0
18533,0
18534,0
18535,0
18536,0
18537,0
18538,0
18539,0
18540,0
18541,0
18542,0
18543,0
18544,0
18545,0
18546,0
18547,0
18548,0
18549,0
18550,0
18551,0
18552,0
18553,0
18554,0
18555,0
18556,0
18557,0
18558,0
18559,0
18560,0
18561,0
18562,0
18563,0
18564,0
18565,0
18566,0
18567,0
18568,0
18569,0
18570,0
18571,0
18572,0
18573,0
18574,0
18575,0
18576,0
18577,0
18578,0
18579,0
18580,0
18581,0
18582,0
18583,0
18584,0
18585,0
18586,0
18587,0
18588,0
18589,0
18590,0
18591,0
18592,0
18593,0
18594,0
18595,0
18596,0
18597,0
18598,0
18599,0
18600,0
18601,0
18602,0
18603,0
18604,0
18605,0
18606,0
18607,0
18608,0
18609,0
18610,0
18611,0
18612,0
18613,0
18614,0
18615,0
18616,0
18617,0
18618,0
18619,0
18620,0
18621,0
18622,0
18623,0
18624,0
18625,0
18626,0
18627,0
18628,0
18629,0
18630,0
18631,0
18632,0
18633,0
18634,0
18635,0
18636,0
18637,0
18638,0
18639,0
18640,0
18641,0
18642,0
18643,0
18644,0
18645,0
18646,0
18647,0
18648,0
18649,0
18650,0
18651,0
18652,0
18653,0
18654,0
18655,0
18656,0
18657,0
18658,0
18659,0
18660,0
18661,0
18662,0
18663,0
18664,0
18665,0
18666,0
18667,0
18668,0
18669,0
18670,0
18671,0
18672,0
18673,0
18674,0
18675,0
18676,0
18677,0
18678,0
18679,0
18680,0
18681,0
18682,0
18683,0
18684,0
18685,0
18686,0
18687,0
18688,0
18689,0
18690,0
18691,0
18692,0
18693,0
18694,0
18695,0
18696,0
18697,0
18698,0
18699,0
18700,0
18701,0
18702,0
18703,0
18704,0
18705,0
18706,0
18707,0
18708,0
18709,0
18710,0
18711,0
18712,0
18713,0
18714,0
18715,0
18716,0
18717,0
18718,0
18719,0
18720,0
18721,0
18722,0
18723,0
18724,0
18725,0
18726,0
18727,0
18728,0
18729,0
18730,0
18731,0
18732,0
18733,0
18734,0
18735,0
18736,0
18737,0
18738,0
18739,0
18740,0
18741,0
18742,0
18743,0
18744,0
18745,0
18746,0
18747,0
18748,0
18749,0
18750,0
18751,0
18752,0
18753,0
18754,0
18755,0
18756,0
18757,0
18758,0
18759,0
18760,0
18761,0
18762,0
18763,0
18764,0
18765,0
18766,0
18767,0
18768,0
18769,0
18770,0
18771,0
18772,0
18773,0
18774,0
18775,0
18776,0
18777,0
18778,0
18779,0
18780,0
18781,0
18782,0
18783,0
18784,0
18785,0
18786,0
18787,0
18788,0
18789,0
18790,0
18791,0
18792,0
18793,0
18794,0
18795,0
18796,0
18797,0
18798,0
18799,0
18800,0
18801,0
18802,0
18803,0
18804,0
18805,0
18806,0
18807,0
18808,0
18809,0
18810,0
18811,0
18812,0
18813,0
18814,0
18815,0
18816,0
18817,0
18818,0
18819,0
18820,0
18821,0
18822,0
18823,0
18824,0
18825,0
18826,0
18827,0
18828,0
18829,0
18830,0
18831,0
18832,0
18833,0
18834,0
18835,0
18836,0
18837,0
18838,0
18839,0
18840,0
18841,0
18842,0
18843,0
18844,0
18845,0
18846,0
18847,0
18848,0
18849,0
18850,0
18851,0
18852,0
18853,0
18854,0
18855,0
18856,0
18857,0
18858,0
18859,0
18860,0
18861,0
18862,0
18863,0
18864,0
18865,0
18866,0
18867,0
18868,0
18869,0
18870,0
18871,0
18872,0
18873,0
18874,0
18875,0
18876,0
18877,0
18878,0
18879,0
18880,0
18881,0
18882,0
18883,0
18884,0
18885,0
18886,0
18887,0
18888,0
18889,0
18890,0
18891,0
18892,0
18893,0
18894,0
18895,0
18896,0
18897,0
18898,0
18899,0
18900,0
18901,0
18902,0
18903,0
18904,0
18905,0
18906,0
18907,0
18908,0
18909,0
18910,0
18911,0
18912,0
18913,0
18914,0
18915,0
18916,0
18917,0
18918,0
18919,0
18920,0
18921,0
18922,0
18923,0
18924,0
18925,0
18926,0
18927,0
18928,0
18929,0
18930,0
18931,0
18932,0
18933,0
18934,0
18935,0
18936,0
18937,0
18938,0
18939,0
18940,0
18941,0
18942,0
18943,0
18944,0
18945,0
18946,0
18947,0
18948,0
18949,0
18950,0
18951,0
18952,0
18953,0
18954,0
18955,0
18956,0
18957,0
18958,0
18959,0
18960,0
18961,0
18962,0
18963,0
18964,0
18965,0
18966,0
18967,0
18968,0
18969,0
18970,0
18971,0
18972,0
18973,0
18974,0
18975,0
18976,0
18977,0
18978,0
18979,0
18980,0
18981,0
18982,0
18983,0
18984,0
18985,0
18986,0
18987,0
18988,0
18989,0
18990,0
18991,0
18992,0
18993,0
18994,0
18995,0
18996,0
18997,0
18998,0
18999,0
19000,0
19001,0
19002,0
19003,0
19004,0
19005,0
19006,0
19007,0
19008,0
19009,0
19010,0
19011,0
19012,0
19013,0
19014,0
19015,0
19016,0
19017,0
19018,0
19019,0
19020,0
19021,0
19022,0
19023,0
19024,0
19025,0
19026,0
19027,0
19028,0
19029,0
19030,0
19031,0
19032,0
19033,0
19034,0
19035,0
19036,0
19037,0
19038,0
19039,0
19040,0
19041,0
19042,0
19043,0
19044,0
19045,0
19046,0
19047,0
19048,0
19049,0
19050,0
19051,0
19052,0
19053,0
19054,0
19055,0
19056,0
19057,0
19058,0
19059,0
19060,0
19061,0
19062,0
19063,0
19064,0
19065,0
19066,0
19067,0
19068,0
19069,0
19070,0
19071,0
19072,0
19073,0
19074,0
19075,0
19076,0
19077,0
19078,0
19079,0
19080,0
19081,0
19082,0
19083,0
19084,0
19085,0
19086,0
19087,0
19088,0
19089,0
19090,0
19091,0
19092,0
19093,0
19094,0
19095,0
19096,0
19097,0
19098,0
19099,0
19100,0
19101,0
19102,0
19103,0
19104,0
19105,0
19106,0
19107,0
19108,0
19109,0
19110,0
19111,0
19112,0
19113,0
19114,0
19115,0
19116,0
19117,0
19118,0
19119,0
19120,0
19121,0
19122,0
19123,0
19124,0
19125,0
19126,0
19127,0
19128,0
19129,0
19130,0
19131,0
19132,0
19133,0
19134,0
19135,0
19136,0
19137,0
19138,0
19139,0
19140,0
19141,0
19142,0
19143,0
19144,0
19145,0
19146,0
19147,0
19148,0
19149,0
19150,0
19151,0
19152,0
19153,0
19154,0
19155,0
19156,0
19157,0
19158,0
19159,0
19160,0
19161,0
19162,0
19163,0
19164,0
19165,0
19166,0
19167,0
19168,0
19169,0
19170,0
19171,0
19172,0
19173,0
19174,0
19175,0
19176,0
19177,0
19178,0
19179,0
19180,0
19181,0
19182,0
19183,0
19184,0
19185,0
19186,0
19187,0
19188,0
19189,0
19190,0
19191,0
19192,0
19193,0
19194,0
19195,0
19196,0
19197,0
19198,0
19199,0
19200,0
19201,0
19202,0
19203,0
19204,0
19205,0
19206,0
19207,0
19208,0
19209,0
19210,0
19211,0
19212,0
19213,0
19214,0
19215,0
19216,0
19217,0
19218,0
19219,0
19220,0
19221,0
19222,0
19223,0
19224,0
19225,0
19226,0
19227,0
19228,0
19229,0
19230,0
19231,0
19232,0
19233,0
19234,0
19235,0
19236,0
19237,0
19238,0
19239,0
19240,0
19241,0
19242,0
19243,0
19244,0
19245,0
19246,0
19247,0
19248,0
19249,0
19250,0
19251,0
19252,0
19253,0
19254,0
19255,0
19256,0
19257,0
19258,0
19259,0
19260,0
19261,0
19262,0
19263,0
19264,0
19265,0
19266,0
19267,0
19268,0
19269,0
19270,0
19271,0
19272,0
19273,0
19274,0
19275,0
19276,0
19277,0
19278,0
19279,0
19280,0
19281,0
19282,0
19283,0
19284,0
19285,0
19286,0
19287,0
19288,0
19289,0
19290,0
19291,0
19292,0
19293,0
19294,0
19295,0
19296,0
19297,0
19298,0
19299,0
19300,0
19301,0
19302,0
19303,0
19304,0
19305,0
19306,0
19307,0
19308,0
19309,0
19310,0
19311,0
19312,0
19313,0
19314,0
19315,0
19316,0
19317,0
19318,0
19319,0
19320,0
19321,0
19322,0
19323,0
19324,0
19325,0
19326,0
19327,0
19328,0
19329,0
19330,0
19331,0
19332,0
19333,0
19334,0
19335,0
19336,0
19337,0
19338,0
19339,0
19340,0
19341,0
19342,0
19343,0
19344,0
19345,0
19346,0
19347,0
19348,0
19349,0
19350,0
19351,0
19352,0
19353,0
19354,0
19355,0
19356,0
19357,0
19358,0
19359,0
19360,0
19361,0
19362,0
19363,0
19364,0
19365,0
19366,0
19367,0
19368,0
19369,0
19370,0
19371,0
19372,0
19373,0
19374,0
19375,0
19376,0
19377,0
19378,0
19379,0
19380,0
19381,0
19382,0
19383,0
19384,0
19385,0
19386,0
19387,0
19388,0
19389,0
19390,0
19391,0
19392,0
19393,0
19394,0
19395,0
19396,0
19397,0
19398,0
19399,0
19400,0
19401,0
19402,0
19403,0
19404,0
19405,0
19406,0
19407,0
19408,0
19409,0
19410,0
19411,0
19412,0
19413,0
19414,0
19415,0
19416,0
19417,0
19418,0
19419,0
19420,0
19421,0
19422,0
19423,0
19424,0
19425,0
19426,0
19427,0
19428,0
19429,0
19430,0
19431,0
19432,0
19433,0
19434,0
19435,0
19436,0
19437,0
19438,0
19439,0
19440,0
19441,0
19442,0
19443,0
19444,0
19445,0
19446,0
19447,0
19448,0
19449,0
19450,0
19451,0
19452,0
19453,0
19454,0
19455,0
19456,0
19457,0
19458,0
19459,0
19460,0
19461,0
19462,0
19463,0
19464,0
19465,0
19466,0
19467,0
19468,0
19469,0
19470,0
19471,0
19472,0
19473,0
19474,0
19475,0
19476,0
19477,0
19478,0
19479,0
19480,0
19481,0
19482,0
19483,0
19484,0
19485,0
19486,0
19487,0
19488,0
19489,0
19490,0
19491,0
19492,0
19493,0
19494,0
19495,0
19496,0
19497,0
19498,0
19499,0
19500,0
19501,0
19502,0
19503,0
19504,0
19505,0
19506,0
19507,0
19508,0
19509,0
19510,0
19511,0
19512,0
19513,0
19514,0
19515,0
19516,0
19517,0
19518,0
19519,0
19520,0
19521,0
19522,0
19523,0
19524,0
19525,0
19526,0
19527,0
19528,0
19529,0
19530,0
19531,0
19532,0
19533,0
19534,0
19535,0
19536,0
19537,0
19538,0
19539,0
19540,0
19541,0
19542,0
19543,0
19544,0
19545,0
19546,0
19547,0
19548,0
19549,0
19550,0
19551,0
19552,0
19553,0
19554,0
19555,0
19556,0
19557,0
19558,0
19559,0
19560,0
19561,0
19562,0
19563,0
19564,0
19565,0
19566,0
19567,0
19568,0
19569,0
19570,0
19571,0
19572,0
19573,0
19574,0
19575,0
19576,0
19577,0
19578,0
19579,0
19580,0
19581,0
19582,0
19583,0
19584,0
19585,0
19586,0
19587,0
19588,0
19589,0
19590,0
19591,0
19592,0
19593,0
19594,0
19595,0
19596,0
19597,0
19598,0
19599,0
19600,0
19601,0
19602,0
19603,0
19604,0
19605,0
19606,0
19607,0
19608,0
19609,0
19610,0
19611,0
19612,0
19613,0
19614,0
19615,0
19616,0
19617,0
19618,0
19619,0
19620,0
19621,0
19622,0
19623,0
19624,0
19625,0
19626,0
19627,0
19628,0
19629,0
19630,0
19631,0
19632,0
19633,0
19634,0
19635,0
19636,0
19637,0
19638,0
19639,0
19640,0
19641,0
19642,0
19643,0
19644,0
19645,0
19646,0
19647,0
19648,0
19649,0
19650,0
19651,0
19652,0
19653,0
19654,0
19655,0
19656,0
19657,0
19658,0
19659,0
19660,0
19661,0
19662,0
19663,0
19664,0
19665,0
19666,0
19667,0
19668,0
19669,0
19670,0
19671,0
19672,0
19673,0
19674,0
19675,0
19676,0
19677,0
19678,0
19679,0
19680,0
19681,0
19682,0
19683,0
19684,0
19685,0
19686,0
19687,0
19688,0
19689,0
19690,0
19691,0
19692,0
19693,0
19694,0
19695,0
19696,0
19697,0
19698,0
19699,0
19700,0
19701,0
19702,0
19703,0
19704,0
19705,0
19706,0
19707,0
19708,0
19709,0
19710,0
19711,0
19712,0
19713,0
19714,0
19715,0
19716,0
19717,0
19718,0
19719,0
19720,0
19721,0
19722,0
19723,0
19724,0
19725,0
19726,0
19727,0
19728,0
19729,0
19730,0
19731,0
19732,0
19733,0
19734,0
19735,0
19736,0
19737,0
19738,0
19739,0
19740,0
19741,0
19742,0
19743,0
19744,0
19745,0
19746,0
19747,0
19748,0
19749,0
19750,0
19751,0
19752,0
19753,0
19754,0
19755,0
19756,0
19757,0
19758,0
19759,0
19760,0
19761,0
19762,0
19763,0
19764,0
19765,0
19766,0
19767,0
19768,0
19769,0
19770,0
19771,0
19772,0
19773,0
19774,0
19775,0
19776,0
19777,0
19778,0
19779,0
19780,0
19781,0
19782,0
19783,0
19784,0
19785,0
19786,0
19787,0
19788,0
19789,0
19790,0
19791,0
19792,0
19793,0
19794,0
19795,0
19796,0
19797,0
19798,0
19799,0
19800,0
19801,0
19802,0
19803,0
19804,0
19805,0
19806,0
19807,0
19808,0
19809,0
19810,0
19811,0
19812,0
19813,0
19814,0
19815,0
19816,0
19817,0
19818,0
19819,0
19820,0
19821,0
