tick,tiles
1,0
2,30
3,30
4,30
5,30
6,30
7,30
8,30
9,30
10,30
11,30
12,30
13,30
14,30
15,30
16,30
17,30
18,30
19,30
20,30
21,30
22,30
23,30
24,30
25,30
26,30
27,30
28,30
29,30
30,30
31,30
32,30
33,30
34,30
35,30
36,30
37,30
38,30
39,30
40,30
41,30
42,30
43,30
44,30
45,30
46,30
47,30
48,30
49,30
50,30
51,30
52,30
53,30
54,30
55,30
56,30
57,30
58,30
59,30
60,30
61,30
62,30
63,30
64,30
65,30
66,30
67,30
68,30
69,30
70,30
71,30
72,30
73,30
74,30
75,30
76,30
77,30
78,30
79,30
80,30
81,30
82,30
83,30
84,30
85,30
86,30
87,30
88,30
89,30
90,30
91,30
92,30
93,30
94,30
95,30
96,30
97,30
98,30
99,30
100,30
101,30
102,30
103,30
104,30
105,30
106,30
107,30
108,30
109,30
110,30
111,30
112,30
113,30
114,30
115,30
116,30
117,30
118,30
119,30
120,30
121,30
122,30
123,30
124,30
125,30
126,30
127,30
128,30
129,30
130,30
131,30
132,30
133,30
134,30
135,30
136,30
137,30
138,30
139,30
140,30
141,30
142,30
143,30
144,30
145,30
146,30
147,30
148,30
149,30
150,30
151,30
152,30
153,30
154,30
155,30
156,30
157,30
158,30
159,30
160,30
161,30
162,30
163,30
164,30
165,30
166,30
167,30
168,30
169,30
170,30
171,30
172,30
173,30
174,30
175,30
176,30
177,30
178,30
179,30
180,30
181,30
182,30
183,30
184,30
185,30
186,30
187,30
188,30
189,30
190,30
191,30
192,30
193,30
194,30
195,30
196,30
197,30
198,30
199,30
200,30
201,30
202,30
203,30
204,30
205,30
206,30
207,30
208,30
209,30
210,30
211,30
212,30
213,30
214,30
215,30
216,30
217,30
218,30
219,30
220,30
221,30
222,30
223,30
224,30
225,30
226,30
227,30
228,30
229,30
230,30
231,30
232,30
233,30
234,30
235,30
236,30
237,30
238,30
239,30
240,30
241,30
242,30
243,30
244,30
245,30
246,30
247,30
248,30
249,30
250,30
251,30
252,30
253,30
254,30
255,30
256,30
257,30
258,30
259,30
260,30
261,30
262,30
263,30
264,30
265,30
266,30
267,30
268,30
269,30
270,30
271,30
272,30
273,30
274,30
275,30
276,30
277,30
278,30
279,30
280,30
281,30
282,30
283,30
284,30
285,30
286,30
287,30
288,30
289,30
290,30
291,30
292,30
293,30
294,30
295,30
296,30
297,30
298,30
299,30
300,30
301,30
302,30
303,30
304,30
305,30
306,30
307,30
308,30
309,30
310,30
311,30
312,30
313,30
314,30
315,30
316,30
317,30
318,30
319,30
320,30
321,30
322,30
323,30
324,30
325,30
326,30
327,30
328,30
329,30
330,30
331,30
332,30
333,30
334,30
335,30
336,30
337,30
338,30
339,30
340,30
341,30
342,30
343,30
344,30
345,30
346,30
347,30
348,30
349,30
350,30
351,30
352,30
353,30
354,30
355,30
356,30
357,30
358,30
359,30
360,30
361,30
362,30
363,30
364,30
365,30
366,30
367,30
368,30
369,30
370,30
371,30
372,30
373,30
374,30
375,30
376,30
377,30
378,30
379,30
380,30
381,30
382,30
383,30
384,30
385,30
386,30
387,30
388,30
389,30
390,30
391,30
392,30
393,30
394,30
395,30
396,30
397,30
398,30
399,30
400,30
401,30
402,30
403,30
404,30
405,30
406,30
407,30
408,30
409,30
410,30
411,30
412,30
413,30
414,30
415,30
416,30
417,30
418,30
419,30
420,30
421,30
422,30
423,30
424,30
425,30
426,30
427,30
428,30
429,30
430,30
431,30
432,30
433,30
434,30
435,30
436,30
437,30
438,30
439,30
440,30
441,30
442,30
443,30
444,30
445,30
446,30
447,30
448,30
449,30
450,30
451,30
452,30
453,30
454,30
455,30
456,30
457,30
458,30
459,30
460,30
461,30
462,30
463,30
464,30
465,30
466,30
467,30
468,30
469,30
470,30
471,30
472,30
473,30
474,30
475,30
476,30
477,30
478,30
479,30
480,30
481,30
482,30
483,30
484,30
485,30
486,30
487,30
488,30
489,30
490,30
491,30
492,30
493,30
494,30
495,30
496,30
497,30
498,30
499,30
500,30
501,30
502,30
503,30
504,30
505,30
506,30
507,30
508,30
509,30
510,30
511,30
512,30
513,30
514,30
515,30
516,30
517,30
518,30
519,30
520,30
521,30
522,30
523,30
524,30
525,30
526,30
527,30
528,30
529,30
530,30
531,30
532,30
533,30
534,30
535,30
536,30
537,30
538,30
539,30
540,30
541,30
542,30
543,30
544,30
545,30
546,30
547,30
548,30
549,30
550,30
551,30
552,30
553,30
554,30
555,30
556,30
557,30
558,30
559,30
560,30
561,30
562,30
563,30
564,30
565,30
566,30
567,30
568,30
569,30
570,30
571,30
572,30
573,30
574,30
575,30
576,30
577,30
578,30
579,30
580,30
581,30
582,30
583,30
584,30
585,30
586,30
587,30
588,30
589,30
590,30
591,30
592,30
593,30
594,30
595,30
596,30
597,30
598,30
599,30
600,30
601,30
602,30
603,30
604,30
605,30
606,30
607,30
608,30
609,30
610,30
611,30
612,30
613,30
614,30
615,30
616,30
617,30
618,30
619,30
620,30
621,30
622,30
623,30
624,30
625,30
626,30
627,30
628,30
629,30
630,30
631,30
632,30
633,30
634,30
635,30
636,30
637,30
638,30
639,30
640,30
641,30
642,30
643,30
644,30
645,30
646,30
647,30
648,30
649,30
650,30
651,30
652,30
653,30
654,30
655,30
656,30
657,30
658,30
659,30
660,30
661,30
662,30
663,30
664,30
665,30
666,30
667,30
668,30
669,30
670,30
671,30
672,30
673,30
674,30
675,30
676,30
677,30
678,30
679,30
680,30
681,30
682,30
683,30
684,30
685,30
686,30
687,30
688,30
689,30
690,30
691,30
692,30
693,30
694,30
695,30
696,30
697,30
698,30
699,30
700,30
701,30
702,30
703,30
704,30
705,30
706,30
707,30
708,30
709,30
710,30
711,30
712,30
713,30
714,30
715,30
716,30
717,30
718,30
719,30
720,30
721,30
722,30
723,30
724,30
725,30
726,30
727,30
728,30
729,30
730,30
731,30
732,30
733,30
734,30
735,30
736,30
737,30
738,30
739,30
740,30
741,30
742,30
743,30
744,30
745,30
746,30
747,30
748,30
749,30
750,30
751,30
752,30
753,30
754,30
755,30
756,30
757,30
758,30
759,30
760,30
761,30
762,30
763,30
764,30
765,30
766,30
767,30
768,30
769,30
770,30
771,30
772,30
773,30
774,30
775,30
776,30
777,30
778,30
779,30
780,30
781,30
782,30
783,30
784,30
785,30
786,30
787,30
788,30
789,30
790,30
791,30
792,30
793,30
794,30
795,30
796,30
797,30
798,30
799,30
800,30
801,30
802,30
803,30
804,30
805,30
806,30
807,30
808,30
809,30
810,30
811,30
812,30
813,30
814,30
815,30
816,30
817,30
818,30
819,30
820,30
821,30
822,30
823,30
824,30
825,30
826,30
827,30
828,30
829,30
830,30
831,30
832,30
833,30
834,30
835,30
836,30
837,30
838,30
839,30
840,30
841,30
842,30
843,30
844,30
845,30
846,30
847,30
848,30
849,30
850,30
851,30
852,30
853,30
854,30
855,30
856,30
857,30
858,30
859,30
860,30
861,30
862,30
863,30
864,30
865,30
866,30
867,30
868,30
869,30
870,30
871,30
872,30
873,30
874,30
875,30
876,30
877,30
878,30
879,30
880,30
881,30
882,30
883,30
884,30
885,30
886,30
887,30
888,30
889,30
890,30
891,30
892,30
893,30
894,30
895,30
896,30
897,30
898,30
899,30
900,30
901,30
902,30
903,30
904,30
905,30
906,30
907,30
908,30
909,30
910,30
911,30
912,30
913,30
914,30
915,30
916,30
917,30
918,30
919,30
920,30
921,30
922,30
923,30
924,30
925,30
926,30
927,30
928,30
929,30
930,30
931,30
932,30
933,30
934,30
935,30
936,30
937,30
938,30
939,30
940,30
941,30
942,30
943,30
944,30
945,30
946,30
947,30
948,30
949,30
950,30
951,30
952,30
953,30
954,30
955,30
956,30
957,30
958,30
959,30
960,30
961,30
962,30
963,30
964,30
965,30
966,30
967,30
968,30
969,30
970,30
971,30
972,30
973,30
974,30
975,30
976,30
977,30
978,30
979,30
980,30
981,30
982,30
983,30
984,30
985,30
986,30
987,30
988,30
989,30
990,30
991,30
992,30
993,30
994,30
995,30
996,30
997,30
998,30
999,30
1000,30
1001,30
1002,30
1003,30
1004,30
1005,30
1006,30
1007,30
1008,30
1009,30
1010,30
1011,30
1012,30
1013,30
1014,30
1015,30
1016,30
1017,30
1018,30
1019,30
1020,30
1021,30
1022,30
1023,30
1024,30
1025,30
1026,30
1027,30
1028,30
1029,30
1030,30
1031,30
1032,30
1033,30
1034,30
1035,30
1036,30
1037,30
1038,30
1039,30
1040,30
1041,30
1042,30
1043,30
1044,30
1045,30
1046,30
1047,30
1048,30
1049,30
1050,30
1051,30
1052,30
1053,30
1054,30
1055,30
1056,30
1057,30
1058,30
1059,30
1060,30
1061,30
1062,30
1063,30
1064,30
1065,30
1066,30
1067,30
1068,30
1069,30
1070,30
1071,30
1072,30
1073,30
1074,30
1075,30
1076,30
1077,30
1078,30
1079,30
1080,30
1081,30
1082,30
1083,30
1084,30
1085,30
1086,30
1087,30
1088,30
1089,30
1090,30
1091,30
1092,30
1093,30
1094,30
1095,30
1096,30
1097,30
1098,30
1099,30
1100,30
1101,30
1102,30
1103,30
1104,30
1105,30
1106,30
1107,30
1108,30
1109,30
1110,30
1111,30
1112,30
1113,30
1114,30
1115,30
1116,30
1117,30
1118,30
1119,30
1120,30
1121,30
1122,30
1123,30
1124,30
1125,30
1126,30
1127,30
1128,30
1129,30
1130,30
1131,30
1132,30
1133,30
1134,30
1135,30
1136,30
1137,30
1138,30
1139,30
1140,30
1141,30
1142,30
1143,30
1144,30
1145,30
1146,30
1147,30
1148,30
1149,30
1150,30
1151,30
1152,30
1153,30
1154,30
1155,30
1156,30
1157,30
1158,30
1159,30
1160,30
1161,30
1162,30
1163,30
1164,30
1165,30
1166,30
1167,30
1168,30
1169,30
1170,30
1171,30
1172,30
1173,30
1174,30
1175,30
1176,30
1177,30
1178,30
1179,30
1180,30
1181,30
1182,30
1183,30
1184,30
1185,30
1186,30
1187,30
1188,30
1189,30
1190,30
1191,30
1192,30
1193,30
1194,30
1195,30
1196,30
1197,30
1198,30
1199,30
1200,30
1201,30
1202,30
1203,30
1204,30
1205,30
1206,30
1207,30
1208,30
1209,30
1210,30
1211,30
1212,30
1213,30
1214,30
1215,30
1216,30
1217,30
1218,30
1219,30
1220,30
1221,30
1222,30
1223,30
1224,30
1225,30
1226,30
1227,30
1228,30
1229,30
1230,30
1231,30
1232,30
1233,30
1234,30
1235,30
1236,30
1237,30
1238,30
1239,30
1240,30
1241,30
1242,30
1243,30
1244,30
1245,30
1246,30
1247,30
1248,30
1249,30
1250,30
1251,30
1252,30
1253,30
1254,30
1255,30
1256,30
1257,30
1258,30
1259,30
1260,30
1261,30
1262,30
1263,30
1264,30
1265,30
1266,30
1267,30
1268,30
1269,30
1270,30
1271,30
1272,30
1273,30
1274,30
1275,30
1276,30
1277,30
1278,30
1279,30
1280,30
1281,30
1282,30
1283,30
1284,30
1285,30
1286,30
1287,30
1288,30
1289,30
1290,30
1291,30
1292,30
1293,30
1294,30
1295,30
1296,30
1297,30
1298,30
1299,30
1300,30
1301,30
1302,30
1303,30
1304,30
1305,30
1306,30
1307,30
1308,30
1309,30
1310,30
1311,30
1312,30
1313,30
1314,30
1315,30
1316,30
1317,30
1318,30
1319,30
1320,30
1321,30
1322,30
1323,30
1324,30
1325,30
1326,30
1327,30
1328,30
1329,30
1330,30
1331,30
1332,30
1333,30
1334,30
1335,30
1336,30
1337,30
1338,30
1339,30
1340,30
1341,30
1342,30
1343,30
1344,30
1345,30
1346,30
1347,30
1348,30
1349,30
1350,30
1351,30
1352,30
1353,30
1354,30
1355,30
1356,30
1357,30
1358,30
1359,30
1360,30
1361,30
1362,30
1363,30
1364,30
1365,30
1366,30
1367,30
1368,30
1369,30
1370,30
1371,30
1372,30
1373,30
1374,30
1375,30
1376,30
1377,30
1378,30
1379,30
1380,30
1381,30
1382,30
1383,30
1384,30
1385,30
1386,30
1387,30
1388,30
1389,30
1390,30
1391,30
1392,30
1393,30
1394,30
1395,30
1396,30
1397,30
1398,30
1399,30
1400,30
1401,30
1402,30
1403,30
1404,30
1405,30
1406,30
1407,30
1408,30
1409,30
1410,30
1411,30
1412,30
1413,30
1414,30
1415,30
1416,30
1417,30
1418,30
1419,30
1420,30
1421,30
1422,30
1423,30
1424,30
1425,30
1426,30
1427,30
1428,30
1429,30
1430,30
1431,30
1432,30
1433,30
1434,30
1435,30
1436,30
1437,30
1438,30
1439,30
1440,30
1441,30
1442,30
1443,30
1444,30
1445,30
1446,30
1447,30
1448,30
1449,30
1450,30
1451,30
1452,30
1453,30
1454,30
1455,30
1456,30
1457,30
1458,30
1459,30
1460,30
1461,30
1462,30
1463,30
1464,30
1465,30
1466,30
1467,30
1468,30
1469,30
1470,30
1471,30
1472,30
1473,30
1474,30
1475,30
1476,30
1477,30
1478,30
1479,30
1480,30
1481,30
1482,30
1483,30
1484,30
1485,30
1486,30
1487,30
1488,30
1489,30
1490,30
1491,30
1492,30
1493,30
1494,30
1495,30
1496,30
1497,30
1498,30
1499,30
1500,30
1501,30
1502,30
1503,30
1504,30
1505,30
1506,30
1507,30
1508,30
1509,30
1510,30
1511,30
1512,30
1513,30
1514,30
1515,30
1516,30
1517,30
1518,30
1519,30
1520,30
1521,30
1522,30
1523,30
1524,30
1525,30
1526,30
1527,30
1528,30
1529,30
1530,30
1531,30
1532,30
1533,30
1534,30
1535,30
1536,30
1537,30
1538,30
1539,30
1540,30
1541,30
1542,30
1543,30
1544,30
1545,30
1546,30
1547,30
1548,30
1549,30
1550,30
1551,30
1552,30
1553,30
1554,30
1555,30
1556,30
1557,30
1558,30
1559,30
1560,30
1561,30
1562,30
1563,30
1564,30
1565,30
1566,30
1567,30
1568,30
1569,30
1570,30
1571,30
1572,30
1573,30
1574,30
1575,30
1576,30
1577,30
1578,30
1579,30
1580,30
1581,30
1582,30
1583,30
1584,30
1585,30
1586,30
1587,30
1588,30
1589,30
1590,30
1591,30
1592,30
1593,30
1594,30
1595,30
1596,30
1597,30
1598,30
1599,30
1600,30
1601,30
1602,30
1603,30
1604,30
1605,30
1606,30
1607,30
1608,30
1609,30
1610,30
1611,30
1612,30
1613,30
1614,30
1615,30
1616,30
1617,30
1618,30
1619,30
1620,30
1621,30
1622,30
1623,30
1624,30
1625,30
1626,30
1627,30
1628,30
1629,30
1630,30
1631,30
1632,30
1633,30
1634,30
1635,30
1636,30
1637,30
1638,30
1639,30
1640,30
1641,30
1642,30
1643,30
1644,30
1645,30
1646,30
1647,30
1648,30
1649,30
1650,30
1651,30
1652,30
1653,30
1654,30
1655,30
1656,30
1657,30
1658,30
1659,30
1660,30
1661,30
1662,30
1663,30
1664,30
1665,30
1666,30
1667,30
1668,30
1669,30
1670,30
1671,30
1672,30
1673,30
1674,30
1675,30
1676,30
1677,30
1678,30
1679,30
1680,30
1681,30
1682,30
1683,30
1684,30
1685,30
1686,30
1687,30
1688,30
1689,30
1690,30
1691,30
1692,30
1693,30
1694,30
1695,30
1696,30
1697,30
1698,30
1699,30
1700,30
1701,30
1702,30
1703,30
1704,30
1705,30
1706,30
1707,30
1708,30
1709,30
1710,30
1711,30
1712,30
1713,30
1714,30
1715,30
1716,30
1717,30
1718,30
1719,30
1720,30
1721,30
1722,30
1723,30
1724,30
1725,30
1726,30
1727,30
1728,30
1729,30
1730,30
1731,30
1732,30
1733,30
1734,30
1735,30
1736,30
1737,30
1738,30
1739,30
1740,30
1741,30
1742,30
1743,30
1744,30
1745,30
1746,30
1747,30
1748,30
1749,30
1750,30
1751,30
1752,30
1753,30
1754,30
1755,30
1756,30
1757,30
1758,30
1759,30
1760,30
1761,30
1762,30
1763,30
1764,30
1765,30
1766,30
1767,30
1768,30
1769,30
1770,30
1771,30
1772,30
1773,30
1774,30
1775,30
1776,30
1777,30
1778,30
1779,30
1780,30
1781,30
1782,30
1783,30
1784,30
1785,30
1786,30
1787,30
1788,30
1789,30
1790,30
1791,30
1792,30
1793,30
1794,30
1795,30
1796,30
1797,30
1798,30
1799,30
1800,30
1801,30
1802,30
1803,30
1804,30
1805,30
1806,30
1807,30
1808,30
1809,30
1810,30
1811,30
1812,30
1813,30
1814,30
1815,30
1816,30
1817,30
1818,30
1819,30
1820,30
1821,30
1822,30
1823,30
1824,30
1825,30
1826,30
1827,30
1828,30
1829,30
1830,30
1831,30
1832,30
1833,30
1834,30
1835,30
1836,30
1837,30
1838,30
1839,30
1840,30
1841,30
1842,30
1843,30
1844,30
1845,30
1846,30
1847,30
1848,30
1849,30
1850,30
1851,30
1852,30
1853,30
1854,30
1855,30
1856,30
1857,30
1858,30
1859,30
1860,30
1861,30
1862,30
1863,30
1864,30
1865,30
1866,30
1867,30
1868,30
1869,30
1870,30
1871,30
1872,30
1873,30
1874,30
1875,30
1876,30
1877,30
1878,30
1879,30
1880,30
1881,30
1882,30
1883,30
1884,30
1885,30
1886,30
1887,30
1888,30
1889,30
1890,30
1891,30
1892,30
1893,30
1894,30
1895,30
1896,30
1897,30
1898,30
1899,30
1900,30
1901,30
1902,30
1903,30
1904,30
1905,30
1906,30
1907,30
1908,30
1909,30
1910,30
1911,30
1912,30
1913,30
1914,30
1915,30
1916,30
1917,30
1918,30
1919,30
1920,30
1921,30
1922,30
1923,30
1924,30
1925,30
1926,30
1927,30
1928,30
1929,30
1930,30
1931,30
1932,30
1933,30
1934,30
1935,30
1936,30
1937,30
1938,30
1939,30
1940,30
1941,30
1942,30
1943,30
1944,30
1945,30
1946,30
1947,30
1948,30
1949,30
1950,30
1951,30
1952,30
1953,30
1954,30
1955,30
1956,30
1957,30
1958,30
1959,30
1960,30
1961,30
1962,30
1963,30
1964,30
1965,30
1966,30
1967,30
1968,30
1969,30
1970,30
1971,30
1972,30
1973,30
1974,30
1975,30
1976,30
1977,30
1978,30
1979,30
1980,30
1981,30
1982,30
1983,30
1984,30
1985,30
1986,30
1987,30
1988,30
1989,30
1990,30
1991,30
1992,30
1993,30
1994,30
1995,30
1996,30
1997,30
1998,30
1999,30
2000,30
2001,30
2002,30
2003,30
2004,30
2005,30
2006,30
2007,30
2008,30
2009,30
2010,30
2011,30
2012,30
2013,30
2014,30
2015,30
2016,30
2017,30
2018,30
2019,30
2020,30
2021,30
2022,30
2023,30
2024,30
2025,30
2026,30
2027,30
2028,30
2029,30
2030,30
2031,30
2032,30
2033,30
2034,30
2035,30
2036,30
2037,30
2038,30
2039,30
2040,30
2041,30
2042,30
2043,30
2044,30
2045,30
2046,30
2047,30
2048,30
2049,30
2050,30
2051,30
2052,30
2053,30
2054,30
2055,30
2056,30
2057,30
2058,30
2059,30
2060,30
2061,30
2062,30
2063,30
2064,30
2065,30
2066,30
2067,30
2068,30
2069,30
2070,30
2071,30
2072,30
2073,30
2074,30
2075,30
2076,30
2077,30
2078,30
2079,30
2080,30
2081,30
2082,30
2083,30
2084,30
2085,30
2086,30
2087,30
2088,30
2089,30
2090,30
2091,30
2092,30
2093,30
2094,30
2095,30
2096,30
2097,30
2098,30
2099,30
2100,30
2101,30
2102,30
2103,30
2104,30
2105,30
2106,30
2107,30
2108,30
2109,30
2110,30
2111,30
2112,30
2113,30
2114,30
2115,30
2116,30
2117,30
2118,30
2119,30
2120,30
2121,30
2122,30
2123,30
2124,30
2125,30
2126,30
2127,30
2128,30
2129,30
2130,30
2131,30
2132,30
2133,30
2134,30
2135,30
2136,30
2137,30
2138,30
2139,30
2140,30
2141,30
2142,30
2143,30
2144,30
2145,30
2146,30
2147,30
2148,30
2149,30
2150,30
2151,30
2152,30
2153,30
2154,30
2155,30
2156,30
2157,30
2158,30
2159,30
2160,30
2161,30
2162,30
2163,30
2164,30
2165,30
2166,30
2167,30
2168,30
2169,30
2170,30
2171,30
2172,30
2173,30
2174,30
2175,30
2176,30
2177,30
2178,30
2179,30
2180,30
2181,30
2182,30
2183,30
2184,30
2185,30
2186,30
2187,30
2188,30
2189,30
2190,30
2191,30
2192,30
2193,30
2194,30
2195,30
2196,30
2197,30
2198,30
2199,30
2200,30
2201,30
2202,30
2203,30
2204,30
2205,30
2206,30
2207,30
2208,30
2209,30
2210,30
2211,30
2212,30
2213,30
2214,30
2215,30
2216,30
2217,30
2218,30
2219,30
2220,30
2221,30
2222,30
2223,30
2224,30
2225,30
2226,30
2227,30
2228,30
2229,30
2230,30
2231,30
2232,30
2233,30
2234,30
2235,30
2236,30
2237,30
2238,30
2239,30
2240,30
2241,30
2242,30
2243,30
2244,30
2245,30
2246,30
2247,30
2248,30
2249,30
2250,30
2251,30
2252,30
2253,30
2254,30
2255,30
2256,30
2257,30
2258,30
2259,30
2260,30
2261,30
2262,30
2263,30
2264,30
2265,30
2266,30
2267,30
2268,30
2269,30
2270,30
2271,30
2272,30
2273,30
2274,30
2275,30
2276,30
2277,30
2278,30
2279,30
2280,30
2281,30
2282,30
2283,30
2284,30
2285,30
2286,30
2287,30
2288,30
2289,30
2290,30
2291,30
2292,30
2293,30
2294,30
2295,30
2296,30
2297,30
2298,30
2299,30
2300,30
2301,30
2302,30
2303,30
2304,30
2305,30
2306,30
2307,30
2308,30
2309,30
2310,30
2311,30
2312,30
2313,30
2314,30
2315,30
2316,30
2317,30
2318,30
2319,30
2320,30
2321,30
2322,30
2323,30
2324,30
2325,30
2326,30
2327,30
2328,30
2329,30
2330,30
2331,30
2332,30
2333,30
2334,30
2335,30
2336,30
2337,30
2338,30
2339,30
2340,30
2341,30
2342,30
2343,30
2344,30
2345,30
2346,30
2347,30
2348,30
2349,30
2350,30
2351,30
2352,30
2353,30
2354,30
2355,30
2356,30
2357,30
2358,30
2359,30
2360,30
2361,30
2362,30
2363,30
2364,30
2365,30
2366,30
2367,30
2368,30
2369,30
2370,30
2371,30
2372,30
2373,30
2374,30
2375,30
2376,30
2377,30
2378,30
2379,30
2380,30
2381,30
2382,30
2383,30
2384,30
2385,30
2386,30
2387,30
2388,30
2389,30
2390,30
2391,30
2392,30
2393,30
2394,30
2395,30
2396,30
2397,30
2398,30
2399,30
2400,30
2401,30
2402,30
2403,30
2404,30
2405,30
2406,30
2407,30
2408,30
2409,30
2410,30
2411,30
2412,30
2413,30
2414,30
2415,30
2416,30
2417,30
2418,30
2419,30
2420,30
2421,30
2422,30
2423,30
2424,30
2425,30
2426,30
2427,30
2428,30
2429,30
2430,30
2431,30
2432,30
2433,30
2434,30
2435,30
2436,30
2437,30
2438,30
2439,30
2440,30
2441,30
2442,30
2443,30
2444,30
2445,30
2446,30
2447,30
2448,30
2449,30
2450,30
2451,30
2452,30
2453,30
2454,30
2455,30
2456,30
2457,30
2458,30
2459,30
2460,30
2461,30
2462,30
2463,30
2464,30
2465,30
2466,30
2467,30
2468,30
2469,30
2470,30
2471,30
2472,30
2473,30
2474,30
2475,30
2476,30
2477,30
2478,30
2479,30
2480,30
2481,30
2482,30
2483,30
2484,30
2485,30
2486,30
2487,30
2488,30
2489,30
2490,30
2491,30
2492,30
2493,30
2494,30
2495,30
2496,30
2497,30
2498,30
2499,30
2500,30
2501,30
2502,30
2503,30
2504,30
2505,30
2506,30
2507,30
2508,30
2509,30
2510,30
2511,30
2512,30
2513,30
2514,30
2515,30
2516,30
2517,30
2518,30
2519,30
2520,30
2521,30
2522,30
2523,30
2524,30
2525,30
2526,30
2527,30
2528,30
2529,30
2530,30
2531,30
2532,30
2533,30
2534,30
2535,30
2536,30
2537,30
2538,30
2539,30
2540,30
2541,30
2542,30
2543,30
2544,30
2545,30
2546,30
2547,30
2548,30
2549,30
2550,30
2551,30
2552,30
2553,30
2554,30
2555,30
2556,30
2557,30
2558,30
2559,30
2560,30
2561,30
2562,30
2563,30
2564,30
2565,30
2566,30
2567,30
2568,30
2569,30
2570,30
2571,30
2572,30
2573,30
2574,30
2575,30
2576,30
2577,30
2578,30
2579,30
2580,30
2581,30
2582,30
2583,30
2584,30
2585,30
2586,30
2587,30
2588,30
2589,30
2590,30
2591,30
2592,30
2593,30
2594,30
2595,30
2596,30
2597,30
2598,30
2599,30
2600,30
2601,30
2602,30
2603,30
2604,30
2605,30
2606,30
2607,30
2608,30
2609,30
2610,30
2611,30
2612,30
2613,30
2614,30
2615,30
2616,30
2617,30
2618,30
2619,30
2620,30
2621,30
2622,30
2623,30
2624,30
2625,30
2626,30
2627,30
2628,30
2629,30
2630,30
2631,30
2632,30
2633,30
2634,30
2635,30
2636,30
2637,30
2638,30
2639,30
2640,30
2641,30
2642,30
2643,30
2644,30
2645,30
2646,30
2647,30
2648,30
2649,30
2650,30
2651,30
2652,30
2653,30
2654,30
2655,30
2656,30
2657,30
2658,30
2659,30
2660,30
2661,30
2662,30
2663,30
2664,30
2665,30
2666,30
2667,30
2668,30
2669,30
2670,30
2671,30
2672,30
2673,30
2674,30
2675,30
2676,30
2677,30
2678,30
2679,30
2680,30
2681,30
2682,30
2683,30
2684,30
2685,30
2686,30
2687,30
2688,30
2689,30
2690,30
2691,30
2692,30
2693,30
2694,30
2695,30
2696,30
2697,30
2698,30
2699,30
2700,30
2701,30
2702,30
2703,30
2704,30
2705,30
2706,30
2707,30
2708,30
2709,30
2710,30
2711,30
2712,30
2713,30
2714,30
2715,30
2716,30
2717,30
2718,30
2719,30
2720,30
2721,30
2722,30
2723,30
2724,30
2725,30
2726,30
2727,30
2728,30
2729,30
2730,30
2731,30
2732,30
2733,30
2734,30
2735,30
2736,30
2737,30
2738,30
2739,30
2740,30
2741,30
2742,30
2743,30
2744,30
2745,30
2746,30
2747,30
2748,30
2749,30
2750,30
2751,30
2752,30
2753,30
2754,30
2755,30
2756,30
2757,30
2758,30
2759,30
2760,30
2761,30
2762,30
2763,30
2764,30
2765,30
2766,30
2767,30
2768,30
2769,30
2770,30
2771,30
2772,30
2773,30
2774,30
2775,30
2776,30
2777,30
2778,30
2779,30
2780,30
2781,30
2782,30
2783,30
2784,30
2785,30
2786,30
2787,30
2788,30
2789,30
2790,30
2791,30
2792,30
2793,30
2794,30
2795,30
2796,30
2797,30
2798,30
2799,30
2800,30
2801,30
2802,30
2803,30
2804,30
2805,30
2806,30
2807,30
2808,30
2809,30
2810,30
2811,30
2812,30
2813,30
2814,30
2815,30
2816,30
2817,30
2818,30
2819,30
2820,30
2821,30
2822,30
2823,30
2824,30
2825,30
2826,30
2827,30
2828,30
2829,30
2830,30
2831,30
2832,30
2833,30
2834,30
2835,30
2836,30
2837,30
2838,30
2839,30
2840,30
2841,30
2842,30
2843,30
2844,30
2845,30
2846,30
2847,30
2848,30
2849,30
2850,30
2851,30
2852,30
2853,30
2854,30
2855,30
2856,30
2857,30
2858,30
2859,30
2860,30
2861,30
2862,30
2863,30
2864,30
2865,30
2866,30
2867,30
2868,30
2869,30
2870,30
2871,30
2872,30
2873,30
2874,30
2875,30
2876,30
2877,30
2878,30
2879,30
2880,30
2881,30
2882,30
2883,30
2884,30
2885,30
2886,30
2887,30
2888,30
2889,30
2890,30
2891,30
2892,30
2893,30
2894,30
2895,30
2896,30
2897,30
2898,30
2899,30
2900,30
2901,30
2902,30
2903,30
2904,30
2905,30
2906,30
2907,30
2908,30
2909,30
2910,30
2911,30
2912,30
2913,30
2914,30
2915,30
2916,30
2917,30
2918,30
2919,30
2920,30
2921,30
2922,30
2923,30
2924,30
2925,30
2926,30
2927,30
2928,30
2929,30
2930,30
2931,30
2932,30
2933,30
2934,30
2935,30
2936,30
2937,30
2938,30
2939,30
2940,30
2941,30
2942,30
2943,30
2944,30
2945,30
2946,30
2947,30
2948,30
2949,30
2950,30
2951,30
2952,30
2953,30
2954,30
2955,30
2956,30
2957,30
2958,30
2959,30
2960,30
2961,30
2962,30
2963,30
2964,30
2965,30
2966,30
2967,30
2968,30
2969,30
2970,30
2971,30
2972,30
2973,30
2974,30
2975,30
2976,30
2977,30
2978,30
2979,30
2980,30
2981,30
2982,30
2983,30
2984,30
2985,30
2986,30
2987,30
2988,30
2989,30
2990,30
2991,30
2992,30
2993,30
2994,30
2995,30
2996,30
2997,30
2998,30
2999,30
3000,30
3001,30
3002,30
3003,30
3004,30
3005,30
3006,30
3007,30
3008,30
3009,30
3010,30
3011,30
3012,30
3013,30
3014,30
3015,30
3016,30
3017,30
3018,30
3019,30
3020,30
3021,30
3022,30
3023,30
3024,30
3025,30
3026,30
3027,30
3028,30
3029,30
3030,30
3031,30
3032,30
3033,30
3034,30
3035,30
3036,30
3037,30
3038,30
3039,30
3040,30
3041,30
3042,30
3043,30
3044,30
3045,30
3046,30
3047,31
3048,32
3049,33
3050,34
3051,35
3052,36
3053,37
3054,38
3055,40
3056,42
3057,44
3058,46
3059,47
3060,49
3061,51
3062,53
3063,54
3064,56
3065,59
3066,61
3067,63
3068,65
3069,67
3070,70
3071,73
3072,76
3073,80
3074,86
3075,91
3076,96
3077,101
3078,106
3079,111
3080,117
3081,122
3082,128
3083,134
3084,141
3085,149
3086,156
3087,163
3088,171
3089,179
3090,188
3091,196
3092,204
3093,212
3094,222
3095,232
3096,242
3097,253
3098,264
3099,275
3100,286
3101,298
3102,309
3103,321
3104,333
3105,346
3106,358
3107,371
3108,384
3109,397
3110,410
3111,424
3112,438
3113,452
3114,467
3115,483
3116,497
3117,511
3118,526
3119,540
3120,555
3121,569
3122,584
3123,598
3124,614
3125,631
3126,646
3127,661
3128,675
3129,690
3130,705
3131,719
3132,734
3133,748
3134,763
3135,778
3136,793
3137,808
3138,822
3139,836
3140,851
3141,866
3142,880
3143,895
3144,910
3145,933
3146,958
3147,981
3148,1004
3149,1028
3150,1050
3151,1075
3152,1098
3153,1119
3154,1143
3155,1166
3156,1188
3157,1210
3158,1232
3159,1253
3160,1274
3161,1294
3162,1315
3163,1334
3164,1355
3165,1375
3166,1395
3167,1413
3168,1431
3169,1449
3170,1467
3171,1484
3172,1501
3173,1518
3174,1536
3175,1553
3176,1571
3177,1587
3178,1603
3179,1619
3180,1634
3181,1649
3182,1664
3183,1678
3184,1695
3185,1710
3186,1725
3187,1740
3188,1754
3189,1767
3190,1780
3191,1793
3192,1805
3193,1817
3194,1831
3195,1843
3196,1855
3197,1867
3198,1879
3199,1891
3200,1902
3201,1912
3202,1923
3203,1933
3204,1944
3205,1955
3206,1966
3207,1976
3208,1986
3209,1996
3210,2006
3211,2015
3212,2024
3213,2033
3214,2043
3215,2052
3216,2061
3217,2070
3218,2084
3219,2098
3220,2111
3221,2124
3222,2137
3223,2149
3224,2162
3225,2174
3226,2186
3227,2198
3228,2209
3229,2220
3230,2231
3231,2242
3232,2252
3233,2261
3234,2272
3235,2283
3236,2293
3237,2302
3238,2312
3239,2322
3240,2332
3241,2342
3242,2352
3243,2361
3244,2372
3245,2382
3246,2392
3247,2402
3248,2411
3249,2421
3250,2431
3251,2442
3252,2453
3253,2463
3254,2473
3255,2484
3256,2494
3257,2504
3258,2514
3259,2524
3260,2534
3261,2545
3262,2556
3263,2565
3264,2576
3265,2587
3266,2597
3267,2607
3268,2616
3269,2625
3270,2633
3271,2640
3272,2647
3273,2654
3274,2664
3275,2673
3276,2680
3277,2687
3278,2693
3279,2699
3280,2704
3281,2709
3282,2714
3283,2719
3284,2726
3285,2733
3286,2739
3287,2744
3288,2749
3289,2754
3290,2758
3291,2764
3292,2770
3293,2775
3294,2784
3295,2791
3296,2797
3297,2803
3298,2808
3299,2813
3300,2817
3301,2821
3302,2825
3303,2828
3304,2835
3305,2841
3306,2846
3307,2850
3308,2854
3309,2858
3310,2861
3311,2864
3312,2867
3313,2869
3314,2875
3315,2880
3316,2884
3317,2888
3318,2892
3319,2895
3320,2898
3321,2901
3322,2904
3323,2906
3324,2911
3325,2916
3326,2921
3327,2925
3328,2928
3329,2931
3330,2934
3331,2937
3332,2939
3333,2941
3334,2946
3335,2951
3336,2955
3337,2958
3338,2961
3339,2964
3340,2967
3341,2969
3342,2971
3343,2973
3344,2978
3345,2982
3346,2985
3347,2988
3348,2991
3349,2994
3350,2997
3351,2999
3352,3001
3353,3003
3354,3007
3355,3011
3356,3014
3357,3017
3358,3020
3359,3023
3360,3026
3361,3028
3362,3030
3363,3032
3364,3039
3365,3044
3366,3049
3367,3053
3368,3057
3369,3060
3370,3063
3371,3066
3372,3069
3373,3071
3374,3076
3375,3081
3376,3085
3377,3089
3378,3092
3379,3095
3380,3098
3381,3100
3382,3102
3383,3104
3384,3109
3385,3114
3386,3118
3387,3121
3388,3124
3389,3127
3390,3129
3391,3131
3392,3133
3393,3135
3394,3139
3395,3143
3396,3147
3397,3150
3398,3153
3399,3156
3400,3158
3401,3160
3402,3162
3403,3164
3404,3168
3405,3172
3406,3175
3407,3178
3408,3181
3409,3183
3410,3185
3411,3187
3412,3189
3413,3191
3414,3195
3415,3199
3416,3202
3417,3205
3418,3208
3419,3210
3420,3212
3421,3214
3422,3216
3423,3218
3424,3222
3425,3226
3426,3229
3427,3232
3428,3235
3429,3237
3430,3239
3431,3241
3432,3243
3433,3245
3434,3249
3435,3252
3436,3255
3437,3259
3438,3262
3439,3265
3440,3268
3441,3270
3442,3272
3443,3274
3444,3279
3445,3283
3446,3287
3447,3290
3448,3293
3449,3295
3450,3297
3451,3299
3452,3301
3453,3303
3454,3308
3455,3312
3456,3315
3457,3318
3458,3321
3459,3323
3460,3325
3461,3327
3462,3329
3463,3331
3464,3335
3465,3339
3466,3342
3467,3345
3468,3347
3469,3349
3470,3351
3471,3353
3472,3355
3473,3356
3474,3360
3475,3363
3476,3366
3477,3369
3478,3371
3479,3373
3480,3375
3481,3377
3482,3379
3483,3381
3484,3385
3485,3388
3486,3391
3487,3394
3488,3396
3489,3398
3490,3400
3491,3402
3492,3404
3493,3406
3494,3410
3495,3413
3496,3416
3497,3418
3498,3420
3499,3422
3500,3424
3501,3426
3502,3428
3503,3430
3504,3434
3505,3437
3506,3440
3507,3442
3508,3444
3509,3446
3510,3449
3511,3452
3512,3455
3513,3457
3514,3462
3515,3466
3516,3469
3517,3472
3518,3475
3519,3478
3520,3480
3521,3482
3522,3484
3523,3486
3524,3490
3525,3494
3526,3498
3527,3501
3528,3503
3529,3505
3530,3507
3531,3509
3532,3511
3533,3512
3534,3516
3535,3520
3536,3523
3537,3526
3538,3528
3539,3530
3540,3532
3541,3534
3542,3536
3543,3538
3544,3542
3545,3546
3546,3549
3547,3552
3548,3554
3549,3556
3550,3558
3551,3560
3552,3562
3553,3563
3554,3567
3555,3570
3556,3573
3557,3575
3558,3577
3559,3579
3560,3581
3561,3583
3562,3585
3563,3586
3564,3590
3565,3593
3566,3596
3567,3598
3568,3600
3569,3602
3570,3604
3571,3606
3572,3608
3573,3610
3574,3614
3575,3617
3576,3620
3577,3622
3578,3624
3579,3626
3580,3628
3581,3630
3582,3632
3583,3634
3584,3639
3585,3643
3586,3646
3587,3649
3588,3652
3589,3654
3590,3656
3591,3658
3592,3660
3593,3662
3594,3666
3595,3670
3596,3673
3597,3676
3598,3678
3599,3680
3600,3682
3601,3684
3602,3686
3603,3687
3604,3691
3605,3695
3606,3698
3607,3701
3608,3703
3609,3705
3610,3707
3611,3709
3612,3711
3613,3712
3614,3716
3615,3720
3616,3723
3617,3725
3618,3727
3619,3729
3620,3731
3621,3733
3622,3735
3623,3737
3624,3740
3625,3743
3626,3746
3627,3749
3628,3752
3629,3754
3630,3756
3631,3758
3632,3760
3633,3761
3634,3765
3635,3768
3636,3771
3637,3773
3638,3775
3639,3777
3640,3779
3641,3781
3642,3783
3643,3785
3644,3789
3645,3792
3646,3795
3647,3797
3648,3799
3649,3801
3650,3803
3651,3805
3652,3807
3653,3809
3654,3812
3655,3815
3656,3819
3657,3822
3658,3825
3659,3828
3660,3830
3661,3832
3662,3834
3663,3836
3664,3840
3665,3844
3666,3848
3667,3851
3668,3853
3669,3855
3670,3857
3671,3859
3672,3860
3673,3861
3674,3865
3675,3869
3676,3872
3677,3875
3678,3877
3679,3879
3680,3881
3681,3883
3682,3884
3683,3885
3684,3889
3685,3892
3686,3895
3687,3897
3688,3899
3689,3901
3690,3903
3691,3905
3692,3907
3693,3908
3694,3912
3695,3915
3696,3918
3697,3920
3698,3922
3699,3924
3700,3926
3701,3928
3702,3929
3703,3931
3704,3935
3705,3938
3706,3941
3707,3944
3708,3946
3709,3948
3710,3950
3711,3952
3712,3953
3713,3954
3714,3958
3715,3961
3716,3964
3717,3966
3718,3968
3719,3970
3720,3972
3721,3974
3722,3976
3723,3977
3724,3980
3725,3983
3726,3986
3727,3988
3728,3990
3729,3993
3730,3996
3731,3999
3732,4001
3733,4003
3734,4008
3735,4012
3736,4015
3737,4018
3738,4020
3739,4022
3740,4024
3741,4026
3742,4028
3743,4029
3744,4033
3745,4037
3746,4040
3747,4043
3748,4045
3749,4047
3750,4049
3751,4051
3752,4052
3753,4053
3754,4057
3755,4060
3756,4063
3757,4065
3758,4067
3759,4069
3760,4071
3761,4073
3762,4075
3763,4076
3764,4080
3765,4083
3766,4086
3767,4088
3768,4090
3769,4092
3770,4094
3771,4096
3772,4097
3773,4098
3774,4102
3775,4105
3776,4108
3777,4110
3778,4112
3779,4114
3780,4116
3781,4118
3782,4119
3783,4120
3784,4124
3785,4127
3786,4129
3787,4131
3788,4133
3789,4135
3790,4137
3791,4139
3792,4140
3793,4141
3794,4145
3795,4148
3796,4150
3797,4152
3798,4154
3799,4156
3800,4158
3801,4160
3802,4162
3803,4164
3804,4169
3805,4173
3806,4176
3807,4179
3808,4182
3809,4184
3810,4186
3811,4188
3812,4190
3813,4191
3814,4195
3815,4199
3816,4202
3817,4204
3818,4206
3819,4208
3820,4210
3821,4212
3822,4213
3823,4214
3824,4218
3825,4221
3826,4224
3827,4226
3828,4228
3829,4230
3830,4232
3831,4234
3832,4235
3833,4236
3834,4240
3835,4243
3836,4246
3837,4248
3838,4250
3839,4252
3840,4254
3841,4256
3842,4257
3843,4258
3844,4262
3845,4265
3846,4268
3847,4270
3848,4272
3849,4274
3850,4276
3851,4278
3852,4279
3853,4280
3854,4284
3855,4287
3856,4290
3857,4292
3858,4294
3859,4296
3860,4298
3861,4300
3862,4302
3863,4303
3864,4307
3865,4310
3866,4313
3867,4315
3868,4317
3869,4319
3870,4321
3871,4323
3872,4324
3873,4325
3874,4328
3875,4332
3876,4336
3877,4339
3878,4342
3879,4344
3880,4346
3881,4348
3882,4350
3883,4351
3884,4355
3885,4358
3886,4361
3887,4364
3888,4366
3889,4368
3890,4370
3891,4372
3892,4373
3893,4374
3894,4378
3895,4381
3896,4384
3897,4386
3898,4388
3899,4390
3900,4392
3901,4394
3902,4395
3903,4396
3904,4399
3905,4402
3906,4405
3907,4407
3908,4409
3909,4411
3910,4413
3911,4415
3912,4416
3913,4417
3914,4420
3915,4423
3916,4426
3917,4428
3918,4430
3919,4432
3920,4434
3921,4436
3922,4437
3923,4438
3924,4441
3925,4444
3926,4447
3927,4449
3928,4451
3929,4453
3930,4455
3931,4457
3932,4458
3933,4459
3934,4462
3935,4465
3936,4468
3937,4470
3938,4472
3939,4474
3940,4476
3941,4478
3942,4479
3943,4480
3944,4483
3945,4486
3946,4488
3947,4490
3948,4493
3949,4496
3950,4498
3951,4500
3952,4502
3953,4504
3954,4509
3955,4513
3956,4516
3957,4519
3958,4521
3959,4523
3960,4525
3961,4527
3962,4528
3963,4529
3964,4533
3965,4536
3966,4539
3967,4542
3968,4544
3969,4546
3970,4548
3971,4550
3972,4551
3973,4552
3974,4556
3975,4559
3976,4562
3977,4564
3978,4566
3979,4568
3980,4570
3981,4572
3982,4573
3983,4574
3984,4578
3985,4581
3986,4584
3987,4586
3988,4588
3989,4590
3990,4592
3991,4594
3992,4596
3993,4597
3994,4601
3995,4604
3996,4607
3997,4609
3998,4611
3999,4613
4000,4615
4001,4617
4002,4618
4003,4619
4004,4622
4005,4625
4006,4628
4007,4630
4008,4632
4009,4634
4010,4636
4011,4638
4012,4640
4013,4642
4014,4645
4015,4648
4016,4651
4017,4653
4018,4655
4019,4657
4020,4659
4021,4661
4022,4663
4023,4665
4024,4670
4025,4674
4026,4677
4027,4680
4028,4682
4029,4684
4030,4686
4031,4688
4032,4689
4033,4690
4034,4694
4035,4697
4036,4700
4037,4703
4038,4705
4039,4707
4040,4709
4041,4711
4042,4712
4043,4713
4044,4717
4045,4720
4046,4723
4047,4725
4048,4727
4049,4729
4050,4731
4051,4733
4052,4735
4053,4736
4054,4740
4055,4743
4056,4746
4057,4748
4058,4750
4059,4752
4060,4754
4061,4756
4062,4757
4063,4758
4064,4762
4065,4765
4066,4768
4067,4770
4068,4772
4069,4774
4070,4776
4071,4778
4072,4779
4073,4780
4074,4784
4075,4787
4076,4790
4077,4792
4078,4794
4079,4796
4080,4798
4081,4800
4082,4802
4083,4803
4084,4807
4085,4810
4086,4813
4087,4815
4088,4817
4089,4819
4090,4821
4091,4823
4092,4824
4093,4825
4094,4830
4095,4834
4096,4837
4097,4840
4098,4843
4099,4845
4100,4847
4101,4849
4102,4851
4103,4853
4104,4857
4105,4861
4106,4865
4107,4868
4108,4870
4109,4872
4110,4874
4111,4876
4112,4877
4113,4878
4114,4882
4115,4886
4116,4889
4117,4892
4118,4894
4119,4896
4120,4898
4121,4900
4122,4901
4123,4902
4124,4906
4125,4909
4126,4912
4127,4914
4128,4916
4129,4918
4130,4920
4131,4922
4132,4923
4133,4924
4134,4928
4135,4931
4136,4934
4137,4936
4138,4938
4139,4940
4140,4942
4141,4944
4142,4945
4143,4946
4144,4950
4145,4953
4146,4956
4147,4958
4148,4960
4149,4962
4150,4964
4151,4966
4152,4968
4153,4970
4154,4974
4155,4977
4156,4980
4157,4983
4158,4985
4159,4987
4160,4989
4161,4991
4162,4992
4163,4993
4164,4997
4165,5000
4166,5003
4167,5006
4168,5009
4169,5012
4170,5014
4171,5016
4172,5018
4173,5020
4174,5025
4175,5029
4176,5032
4177,5035
4178,5037
4179,5039
4180,5041
4181,5043
4182,5044
4183,5045
4184,5049
4185,5053
4186,5056
4187,5059
4188,5061
4189,5063
4190,5065
4191,5067
4192,5068
4193,5069
4194,5073
4195,5077
4196,5080
4197,5082
4198,5084
4199,5086
4200,5088
4201,5090
4202,5091
4203,5092
4204,5096
4205,5099
4206,5102
4207,5104
4208,5106
4209,5108
4210,5110
4211,5112
4212,5114
4213,5115
4214,5119
4215,5122
4216,5125
4217,5127
4218,5129
4219,5131
4220,5133
4221,5135
4222,5137
4223,5138
4224,5142
4225,5145
4226,5148
4227,5150
4228,5152
4229,5154
4230,5156
4231,5158
4232,5160
4233,5162
4234,5166
4235,5169
4236,5172
4237,5175
4238,5177
4239,5179
4240,5182
4241,5184
4242,5186
4243,5188
4244,5193
4245,5197
4246,5200
4247,5203
4248,5205
4249,5207
4250,5209
4251,5211
4252,5213
4253,5215
4254,5219
4255,5223
4256,5226
4257,5229
4258,5232
4259,5234
4260,5236
4261,5238
4262,5239
4263,5240
4264,5244
4265,5248
4266,5251
4267,5254
4268,5256
4269,5258
4270,5260
4271,5262
4272,5263
4273,5264
4274,5268
4275,5272
4276,5275
4277,5277
4278,5279
4279,5281
4280,5283
4281,5285
4282,5287
4283,5288
4284,5292
4285,5295
4286,5298
4287,5300
4288,5302
4289,5304
4290,5306
4291,5308
4292,5309
4293,5310
4294,5314
4295,5317
4296,5320
4297,5322
4298,5324
4299,5326
4300,5328
4301,5330
4302,5332
4303,5333
4304,5337
4305,5340
4306,5343
4307,5345
4308,5347
4309,5349
4310,5351
4311,5353
4312,5355
4313,5357
4314,5362
4315,5366
4316,5369
4317,5372
4318,5375
4319,5377
4320,5379
4321,5381
4322,5383
4323,5384
4324,5388
4325,5392
4326,5395
4327,5398
4328,5400
4329,5402
4330,5404
4331,5406
4332,5408
4333,5409
4334,5413
4335,5417
4336,5420
4337,5423
4338,5425
4339,5427
4340,5429
4341,5431
4342,5432
4343,5433
4344,5437
4345,5440
4346,5443
4347,5445
4348,5447
4349,5449
4350,5451
4351,5453
4352,5454
4353,5456
4354,5460
4355,5464
4356,5467
4357,5470
4358,5472
4359,5474
4360,5476
4361,5478
4362,5479
4363,5480
4364,5483
4365,5486
4366,5489
4367,5492
4368,5494
4369,5496
4370,5498
4371,5500
4372,5502
4373,5503
4374,5507
4375,5510
4376,5513
4377,5515
4378,5517
4379,5519
4380,5521
4381,5523
4382,5525
4383,5526
4384,5530
4385,5533
4386,5537
4387,5540
4388,5543
4389,5546
4390,5549
4391,5551
4392,5553
4393,5555
4394,5560
4395,5564
4396,5568
4397,5571
4398,5574
4399,5576
4400,5578
4401,5580
4402,5582
4403,5583
4404,5587
4405,5591
4406,5594
4407,5597
4408,5599
4409,5601
4410,5603
4411,5605
4412,5606
4413,5607
4414,5611
4415,5615
4416,5618
4417,5620
4418,5622
4419,5624
4420,5626
4421,5628
4422,5629
4423,5630
4424,5634
4425,5637
4426,5640
4427,5642
4428,5644
4429,5646
4430,5648
4431,5650
4432,5652
4433,5653
4434,5657
4435,5660
4436,5663
4437,5665
4438,5667
4439,5669
4440,5671
4441,5673
4442,5674
4443,5675
4444,5679
4445,5682
4446,5685
4447,5687
4448,5689
4449,5691
4450,5693
4451,5695
4452,5697
4453,5698
4454,5702
4455,5705
4456,5708
4457,5710
4458,5712
4459,5715
4460,5718
4461,5720
4462,5722
4463,5724
4464,5729
4465,5733
4466,5737
4467,5740
4468,5743
4469,5745
4470,5747
4471,5749
4472,5751
4473,5752
4474,5756
4475,5760
4476,5763
4477,5766
4478,5768
4479,5770
4480,5772
4481,5774
4482,5775
4483,5776
4484,5780
4485,5784
4486,5787
4487,5790
4488,5792
4489,5794
4490,5796
4491,5798
4492,5799
4493,5800
4494,5804
4495,5807
4496,5810
4497,5813
4498,5815
4499,5817
4500,5819
4501,5821
4502,5822
4503,5823
4504,5827
4505,5830
4506,5833
4507,5835
4508,5837
4509,5839
4510,5841
4511,5843
4512,5844
4513,5845
4514,5849
4515,5852
4516,5855
4517,5857
4518,5859
4519,5861
4520,5863
4521,5865
4522,5867
4523,5868
4524,5872
4525,5875
4526,5878
4527,5880
4528,5882
4529,5884
4530,5886
4531,5888
4532,5890
4533,5892
4534,5897
4535,5901
4536,5904
4537,5907
4538,5910
4539,5912
4540,5914
4541,5916
4542,5918
4543,5920
4544,5924
4545,5928
4546,5931
4547,5934
4548,5936
4549,5938
4550,5940
4551,5942
4552,5943
4553,5944
4554,5948
4555,5952
4556,5955
4557,5958
4558,5960
4559,5962
4560,5964
4561,5966
4562,5967
4563,5968
4564,5972
4565,5976
4566,5979
4567,5982
4568,5984
4569,5986
4570,5988
4571,5990
4572,5991
4573,5992
4574,5996
4575,5999
4576,6002
4577,6005
4578,6007
4579,6009
4580,6011
4581,6013
4582,6014
4583,6015
4584,6019
4585,6022
4586,6025
4587,6027
4588,6029
4589,6031
4590,6033
4591,6035
4592,6037
4593,6038
4594,6042
4595,6045
4596,6048
4597,6050
4598,6052
4599,6054
4600,6056
4601,6058
4602,6060
4603,6061
4604,6065
4605,6069
4606,6073
4607,6076
4608,6079
4609,6081
4610,6084
4611,6086
4612,6088
4613,6090
4614,6095
4615,6099
4616,6102
4617,6105
4618,6107
4619,6109
4620,6111
4621,6113
4622,6115
4623,6116
4624,6120
4625,6124
4626,6127
4627,6130
4628,6132
4629,6134
4630,6136
4631,6138
4632,6140
4633,6141
4634,6145
4635,6149
4636,6152
4637,6155
4638,6157
4639,6159
4640,6161
4641,6163
4642,6164
4643,6165
4644,6169
4645,6172
4646,6175
4647,6178
4648,6180
4649,6182
4650,6184
4651,6186
4652,6188
4653,6189
4654,6193
4655,6196
4656,6199
4657,6201
4658,6203
4659,6205
4660,6207
4661,6209
4662,6211
4663,6212
4664,6216
4665,6219
4666,6222
4667,6224
4668,6226
4669,6228
4670,6230
4671,6232
4672,6234
4673,6236
4674,6240
4675,6243
4676,6246
4677,6248
4678,6251
4679,6254
4680,6256
4681,6258
4682,6260
4683,6262
4684,6267
4685,6271
4686,6274
4687,6277
4688,6279
4689,6281
4690,6283
4691,6285
4692,6286
4693,6287
4694,6291
4695,6294
4696,6297
4697,6300
4698,6302
4699,6304
4700,6306
4701,6308
4702,6309
4703,6310
4704,6314
4705,6317
4706,6320
4707,6323
4708,6325
4709,6327
4710,6329
4711,6331
4712,6332
4713,6333
4714,6337
4715,6340
4716,6343
4717,6346
4718,6348
4719,6350
4720,6352
4721,6354
4722,6355
4723,6356
4724,6360
4725,6363
4726,6366
4727,6368
4728,6370
4729,6372
4730,6374
4731,6376
4732,6378
4733,6380
4734,6384
4735,6387
4736,6390
4737,6392
4738,6394
4739,6396
4740,6398
4741,6400
4742,6402
4743,6403
4744,6407
4745,6410
4746,6413
4747,6415
4748,6417
4749,6419
4750,6421
4751,6423
4752,6425
4753,6427
4754,6432
4755,6436
4756,6439
4757,6442
4758,6445
4759,6447
4760,6449
4761,6451
4762,6453
4763,6455
4764,6459
4765,6463
4766,6467
4767,6470
4768,6472
4769,6474
4770,6476
4771,6478
4772,6479
4773,6480
4774,6484
4775,6488
4776,6491
4777,6494
4778,6496
4779,6498
4780,6500
4781,6502
4782,6503
4783,6504
4784,6508
4785,6511
4786,6514
4787,6517
4788,6519
4789,6521
4790,6523
4791,6525
4792,6526
4793,6527
4794,6531
4795,6534
4796,6537
4797,6539
4798,6541
4799,6543
4800,6545
4801,6547
4802,6549
4803,6550
4804,6553
4805,6556
4806,6559
4807,6561
4808,6563
4809,6565
4810,6567
4811,6569
4812,6571
4813,6572
4814,6575
4815,6578
4816,6581
4817,6583
4818,6585
4819,6587
4820,6589
4821,6591
4822,6593
4823,6595
4824,6600
4825,6604
4826,6607
4827,6610
4828,6613
4829,6615
4830,6617
4831,6619
4832,6621
4833,6622
4834,6627
4835,6631
4836,6634
4837,6637
4838,6639
4839,6641
4840,6643
4841,6645
4842,6646
4843,6647
4844,6651
4845,6654
4846,6657
4847,6660
4848,6662
4849,6664
4850,6666
4851,6668
4852,6669
4853,6670
4854,6674
4855,6677
4856,6680
4857,6683
4858,6685
4859,6687
4860,6689
4861,6691
4862,6693
4863,6694
4864,6698
4865,6701
4866,6704
4867,6707
4868,6709
4869,6711
4870,6713
4871,6715
4872,6717
4873,6718
4874,6722
4875,6725
4876,6728
4877,6731
4878,6733
4879,6735
4880,6737
4881,6739
4882,6741
4883,6743
4884,6747
4885,6750
4886,6753
4887,6756
4888,6758
4889,6760
4890,6762
4891,6764
4892,6766
4893,6767
4894,6771
4895,6774
4896,6777
4897,6780
4898,6783
4899,6786
4900,6789
4901,6791
4902,6793
4903,6795
4904,6800
4905,6804
4906,6808
4907,6812
4908,6815
4909,6817
4910,6819
4911,6821
4912,6823
4913,6824
4914,6828
4915,6832
4916,6835
4917,6838
4918,6840
4919,6842
4920,6844
4921,6846
4922,6848
4923,6849
4924,6853
4925,6856
4926,6859
4927,6862
4928,6864
4929,6866
4930,6868
4931,6870
4932,6871
4933,6873
4934,6877
4935,6880
4936,6883
4937,6886
4938,6888
4939,6890
4940,6892
4941,6894
4942,6896
4943,6897
4944,6901
4945,6904
4946,6907
4947,6909
4948,6911
4949,6913
4950,6915
4951,6917
4952,6919
4953,6920
4954,6924
4955,6927
4956,6930
4957,6932
4958,6934
4959,6936
4960,6938
4961,6940
4962,6942
4963,6943
4964,6946
4965,6949
4966,6952
4967,6955
4968,6957
4969,6959
4970,6962
4971,6964
4972,6966
4973,6968
4974,6972
4975,6976
4976,6979
4977,6982
4978,6985
4979,6987
4980,6989
4981,6991
4982,6993
4983,6994
4984,6998
4985,7001
4986,7004
4987,7007
4988,7009
4989,7011
4990,7013
4991,7015
4992,7017
4993,7018
4994,7022
4995,7025
4996,7028
4997,7031
4998,7033
4999,7035
5000,7037
5001,7039
5002,7041
5003,7042
5004,7046
5005,7049
5006,7052
5007,7055
5008,7057
5009,7059
5010,7061
5011,7063
5012,7065
5013,7066
5014,7070
5015,7073
5016,7076
5017,7079
5018,7081
5019,7083
5020,7085
5021,7087
5022,7089
5023,7091
5024,7095
5025,7098
5026,7101
5027,7104
5028,7106
5029,7108
5030,7110
5031,7112
5032,7114
5033,7115
5034,7119
5035,7122
5036,7125
5037,7128
5038,7130
5039,7132
5040,7134
5041,7136
5042,7138
5043,7140
5044,7145
5045,7149
5046,7153
5047,7156
5048,7159
5049,7161
5050,7163
5051,7165
5052,7167
5053,7168
5054,7173
5055,7176
5056,7179
5057,7182
5058,7184
5059,7186
5060,7188
5061,7190
5062,7192
5063,7193
5064,7197
5065,7201
5066,7204
5067,7207
5068,7209
5069,7211
5070,7213
5071,7215
5072,7216
5073,7217
5074,7221
5075,7224
5076,7227
5077,7230
5078,7232
5079,7234
5080,7236
5081,7238
5082,7240
5083,7241
5084,7244
5085,7247
5086,7250
5087,7253
5088,7255
5089,7257
5090,7259
5091,7261
5092,7263
5093,7264
5094,7268
5095,7271
5096,7274
5097,7276
5098,7278
5099,7280
5100,7282
5101,7284
5102,7286
5103,7287
5104,7291
5105,7294
5106,7297
5107,7299
5108,7301
5109,7303
5110,7305
5111,7307
5112,7309
5113,7310
5114,7313
5115,7316
5116,7320
5117,7323
5118,7326
5119,7329
5120,7331
5121,7333
5122,7335
5123,7337
5124,7342
5125,7346
5126,7349
5127,7352
5128,7355
5129,7357
5130,7359
5131,7361
5132,7363
5133,7364
5134,7369
5135,7373
5136,7376
5137,7379
5138,7381
5139,7383
5140,7385
5141,7387
5142,7389
5143,7390
5144,7394
5145,7398
5146,7401
5147,7404
5148,7406
5149,7408
5150,7410
5151,7412
5152,7413
5153,7414
5154,7418
5155,7421
5156,7424
5157,7427
5158,7429
5159,7431
5160,7433
5161,7435
5162,7437
5163,7438
5164,7442
5165,7445
5166,7448
5167,7451
5168,7453
5169,7455
5170,7457
5171,7459
5172,7461
5173,7462
5174,7466
5175,7469
5176,7472
5177,7475
5178,7477
5179,7479
5180,7481
5181,7483
5182,7485
5183,7486
5184,7490
5185,7493
5186,7496
5187,7498
5188,7500
5189,7503
5190,7506
5191,7508
5192,7510
5193,7512
5194,7517
5195,7521
5196,7524
5197,7527
5198,7530
5199,7532
5200,7534
5201,7536
5202,7538
5203,7540
5204,7545
5205,7549
5206,7552
5207,7555
5208,7557
5209,7559
5210,7561
5211,7563
5212,7565
5213,7566
5214,7570
5215,7574
5216,7577
5217,7580
5218,7582
5219,7584
5220,7586
5221,7588
5222,7589
5223,7590
5224,7594
5225,7598
5226,7601
5227,7604
5228,7606
5229,7608
5230,7610
5231,7612
5232,7613
5233,7614
5234,7618
5235,7622
5236,7625
5237,7626
5238,7627
5239,7628
5240,7629
5241,7630
5242,7631
5243,7632
5244,7634
5245,7636
5246,7638
5247,7640
5248,7642
5249,7644
5250,7646
5251,7648
5252,7649
5253,7650
5254,7652
5255,7655
5256,7657
5257,7659
5258,7661
5259,7663
5260,7665
5261,7667
5262,7669
5263,7671
5264,7674
5265,7677
5266,7680
5267,7683
5268,7685
5269,7687
5270,7689
5271,7691
5272,7693
5273,7695
5274,7698
5275,7701
5276,7704
5277,7707
5278,7710
5279,7712
5280,7714
5281,7716
5282,7718
5283,7720
5284,7723
5285,7726
5286,7729
5287,7732
5288,7734
5289,7736
5290,7738
5291,7740
5292,7742
5293,7744
5294,7747
5295,7750
5296,7753
5297,7755
5298,7757
5299,7759
5300,7761
5301,7763
5302,7765
5303,7767
5304,7770
5305,7773
5306,7776
5307,7778
5308,7780
5309,7782
5310,7784
5311,7786
5312,7788
5313,7790
5314,7793
5315,7796
5316,7799
5317,7801
5318,7803
5319,7805
5320,7807
5321,7809
5322,7811
5323,7813
5324,7816
5325,7819
5326,7822
5327,7825
5328,7827
5329,7829
5330,7831
5331,7833
5332,7835
5333,7837
5334,7840
5335,7849
5336,7856
5337,7862
5338,7864
5339,7866
5340,7868
5341,7870
5342,7872
5343,7874
5344,7876
5345,7878
5346,7880
5347,7882
5348,7884
5349,7886
5350,7888
5351,7890
5352,7892
5353,7894
5354,7896
5355,7898
5356,7900
5357,7902
5358,7904
5359,7906
5360,7908
5361,7910
5362,7912
5363,7914
5364,7917
5365,7919
5366,7921
5367,7923
5368,7925
5369,7927
5370,7929
5371,7931
5372,7933
5373,7935
5374,7938
5375,7940
5376,7942
5377,7944
5378,7946
5379,7948
5380,7950
5381,7952
5382,7954
5383,7956
5384,7959
5385,7961
5386,7963
5387,7965
5388,7967
5389,7969
5390,7971
5391,7973
5392,7975
5393,7977
5394,7980
5395,7983
5396,7985
5397,7987
5398,7989
5399,7991
5400,7993
5401,7995
5402,7997
5403,7999
5404,8002
5405,8005
5406,8007
5407,8009
5408,8012
5409,8014
5410,8016
5411,8018
5412,8020
5413,8022
5414,8025
5415,8028
5416,8031
5417,8034
5418,8036
5419,8038
5420,8040
5421,8042
5422,8044
5423,8046
5424,8049
5425,8052
5426,8055
5427,8058
5428,8060
5429,8062
5430,8064
5431,8066
5432,8068
5433,8070
5434,8073
5435,8076
5436,8079
5437,8082
5438,8084
5439,8086
5440,8088
5441,8090
5442,8092
5443,8094
5444,8097
5445,8100
5446,8103
5447,8106
5448,8108
5449,8110
5450,8112
5451,8114
5452,8116
5453,8118
5454,8121
5455,8124
5456,8127
5457,8130
5458,8132
5459,8134
5460,8136
5461,8138
5462,8140
5463,8142
5464,8145
5465,8148
5466,8151
5467,8153
5468,8155
5469,8157
5470,8159
5471,8161
5472,8163
5473,8165
5474,8168
5475,8171
5476,8174
5477,8176
5478,8178
5479,8180
5480,8182
5481,8192
5482,8201
5483,8208
5484,8218
5485,8227
5486,8234
5487,8240
5488,8245
5489,8249
5490,8253
5491,8257
5492,8260
5493,8263
5494,8269
5495,8274
5496,8279
5497,8283
5498,8286
5499,8289
5500,8291
5501,8293
5502,8295
5503,8297
5504,8302
5505,8306
5506,8309
5507,8312
5508,8315
5509,8317
5510,8319
5511,8321
5512,8323
5513,8324
5514,8328
5515,8331
5516,8334
5517,8337
5518,8339
5519,8341
5520,8343
5521,8345
5522,8347
5523,8348
5524,8352
5525,8355
5526,8358
5527,8361
5528,8363
5529,8365
5530,8367
5531,8369
5532,8371
5533,8372
5534,8376
5535,8379
5536,8382
5537,8385
5538,8387
5539,8389
5540,8391
5541,8393
5542,8395
5543,8396
5544,8400
5545,8403
5546,8406
5547,8409
5548,8411
5549,8413
5550,8415
5551,8417
5552,8419
5553,8420
5554,8425
5555,8429
5556,8433
5557,8436
5558,8439
5559,8441
5560,8443
5561,8445
5562,8447
5563,8448
5564,8453
5565,8457
5566,8460
5567,8463
5568,8465
5569,8467
5570,8469
5571,8471
5572,8472
5573,8473
5574,8477
5575,8481
5576,8484
5577,8487
5578,8489
5579,8491
5580,8493
5581,8495
5582,8496
5583,8497
5584,8501
5585,8504
5586,8507
5587,8510
5588,8512
5589,8514
5590,8516
5591,8518
5592,8519
5593,8520
5594,8524
5595,8527
5596,8530
5597,8533
5598,8535
5599,8537
5600,8539
5601,8541
5602,8543
5603,8544
5604,8548
5605,8551
5606,8554
5607,8557
5608,8559
5609,8561
5610,8563
5611,8565
5612,8567
5613,8568
5614,8572
5615,8575
5616,8578
5617,8581
5618,8583
5619,8585
5620,8587
5621,8589
5622,8591
5623,8593
5624,8597
5625,8601
5626,8604
5627,8607
5628,8610
5629,8613
5630,8615
5631,8617
5632,8619
5633,8620
5634,8625
5635,8629
5636,8632
5637,8635
5638,8638
5639,8640
5640,8642
5641,8644
5642,8646
5643,8647
5644,8652
5645,8656
5646,8659
5647,8662
5648,8664
5649,8666
5650,8668
5651,8670
5652,8671
5653,8672
5654,8676
5655,8680
5656,8683
5657,8686
5658,8688
5659,8690
5660,8692
5661,8694
5662,8696
5663,8697
5664,8701
5665,8704
5666,8707
5667,8710
5668,8712
5669,8714
5670,8716
5671,8718
5672,8720
5673,8721
5674,8725
5675,8728
5676,8731
5677,8734
5678,8736
5679,8738
5680,8740
5681,8742
5682,8744
5683,8745
5684,8749
5685,8752
5686,8755
5687,8758
5688,8760
5689,8762
5690,8764
5691,8766
5692,8768
5693,8769
5694,8773
5695,8776
5696,8779
5697,8782
5698,8784
5699,8786
5700,8789
5701,8791
5702,8793
5703,8795
5704,8800
5705,8804
5706,8808
5707,8811
5708,8814
5709,8816
5710,8818
5711,8820
5712,8822
5713,8824
5714,8829
5715,8833
5716,8836
5717,8839
5718,8841
5719,8843
5720,8845
5721,8847
5722,8849
5723,8850
5724,8855
5725,8859
5726,8862
5727,8865
5728,8867
5729,8869
5730,8871
5731,8873
5732,8874
5733,8875
5734,8880
5735,8884
5736,8887
5737,8890
5738,8892
5739,8894
5740,8896
5741,8898
5742,8899
5743,8900
5744,8904
5745,8907
5746,8910
5747,8913
5748,8915
5749,8917
5750,8919
5751,8921
5752,8923
5753,8924
5754,8928
5755,8931
5756,8934
5757,8937
5758,8939
5759,8941
5760,8943
5761,8945
5762,8947
5763,8948
5764,8952
5765,8955
5766,8958
5767,8961
5768,8963
5769,8965
5770,8967
5771,8969
5772,8971
5773,8973
5774,8978
5775,8982
5776,8986
5777,8989
5778,8992
5779,8994
5780,8996
5781,8998
5782,9000
5783,9001
5784,9006
5785,9010
5786,9013
5787,9016
5788,9018
5789,9020
5790,9022
5791,9024
5792,9025
5793,9026
5794,9031
5795,9034
5796,9037
5797,9040
5798,9042
5799,9044
5800,9046
5801,9048
5802,9050
5803,9051
5804,9055
5805,9058
5806,9061
5807,9064
5808,9066
5809,9068
5810,9070
5811,9072
5812,9074
5813,9076
5814,9080
5815,9084
5816,9087
5817,9090
5818,9092
5819,9094
5820,9096
5821,9098
5822,9100
5823,9101
5824,9105
5825,9109
5826,9112
5827,9115
5828,9117
5829,9119
5830,9121
5831,9123
5832,9125
5833,9127
5834,9131
5835,9135
5836,9138
5837,9141
5838,9143
5839,9145
5840,9147
5841,9149
5842,9151
5843,9152
5844,9156
5845,9160
5846,9164
5847,9168
5848,9171
5849,9174
5850,9176
5851,9178
5852,9180
5853,9182
5854,9187
5855,9192
5856,9196
5857,9199
5858,9202
5859,9204
5860,9206
5861,9208
5862,9210
5863,9211
5864,9216
5865,9220
5866,9223
5867,9226
5868,9228
5869,9230
5870,9232
5871,9234
5872,9236
5873,9237
5874,9242
5875,9246
5876,9249
5877,9252
5878,9254
5879,9256
5880,9258
5881,9260
5882,9262
5883,9263
5884,9267
5885,9271
5886,9274
5887,9277
5888,9279
5889,9281
5890,9283
5891,9285
5892,9287
5893,9288
5894,9292
5895,9295
5896,9298
5897,9301
5898,9303
5899,9305
5900,9307
5901,9309
5902,9311
5903,9312
5904,9316
5905,9319
5906,9322
5907,9325
5908,9327
5909,9329
5910,9331
5911,9333
5912,9335
5913,9337
5914,9341
5915,9344
5916,9347
5917,9350
5918,9352
5919,9355
5920,9358
5921,9360
5922,9362
5923,9364
5924,9369
5925,9374
5926,9378
5927,9381
5928,9384
5929,9386
5930,9388
5931,9390
5932,9392
5933,9393
5934,9398
5935,9402
5936,9405
5937,9408
5938,9410
5939,9412
5940,9414
5941,9416
5942,9418
5943,9419
5944,9423
5945,9427
5946,9430
5947,9433
5948,9435
5949,9437
5950,9439
5951,9441
5952,9443
5953,9444
5954,9448
5955,9451
5956,9454
5957,9457
5958,9459
5959,9461
5960,9463
5961,9465
5962,9467
5963,9468
5964,9472
5965,9475
5966,9478
5967,9481
5968,9483
5969,9485
5970,9487
5971,9489
5972,9491
5973,9493
5974,9497
5975,9501
5976,9504
5977,9507
5978,9509
5979,9511
5980,9513
5981,9515
5982,9517
5983,9518
5984,9522
5985,9525
5986,9528
5987,9531
5988,9533
5989,9535
5990,9537
5991,9539
5992,9541
5993,9543
5994,9549
5995,9553
5996,9557
5997,9560
5998,9563
5999,9566
6000,9568
6001,9570
6002,9572
6003,9574
6004,9579
6005,9583
6006,9586
6007,9589
6008,9592
6009,9594
6010,9596
6011,9598
6012,9600
6013,9601
6014,9606
6015,9609
6016,9612
6017,9615
6018,9617
6019,9619
6020,9621
6021,9623
6022,9625
6023,9626
6024,9630
6025,9633
6026,9636
6027,9639
6028,9641
6029,9643
6030,9645
6031,9647
6032,9649
6033,9650
6034,9654
6035,9657
6036,9660
6037,9663
6038,9666
6039,9668
6040,9670
6041,9672
6042,9674
6043,9675
6044,9679
6045,9682
6046,9685
6047,9688
6048,9690
6049,9692
6050,9694
6051,9696
6052,9698
6053,9700
6054,9704
6055,9707
6056,9710
6057,9713
6058,9715
6059,9717
6060,9719
6061,9721
6062,9723
6063,9725
6064,9729
6065,9733
6066,9737
6067,9740
6068,9743
6069,9746
6070,9748
6071,9750
6072,9752
6073,9754
6074,9759
6075,9763
6076,9766
6077,9769
6078,9772
6079,9774
6080,9776
6081,9778
6082,9780
6083,9781
6084,9786
6085,9790
6086,9793
6087,9796
6088,9798
6089,9800
6090,9802
6091,9804
6092,9806
6093,9807
6094,9811
6095,9814
6096,9817
6097,9820
6098,9822
6099,9824
6100,9826
6101,9828
6102,9830
6103,9831
6104,9835
6105,9838
6106,9841
6107,9844
6108,9846
6109,9848
6110,9850
6111,9852
6112,9854
6113,9856
6114,9860
6115,9863
6116,9866
6117,9869
6118,9871
6119,9873
6120,9875
6121,9877
6122,9879
6123,9881
6124,9885
6125,9888
6126,9891
6127,9894
6128,9896
6129,9898
6130,9900
6131,9902
6132,9904
6133,9906
6134,9910
6135,9913
6136,9916
6137,9919
6138,9922
6139,9925
6140,9928
6141,9930
6142,9932
6143,9934
6144,9939
6145,9944
6146,9948
6147,9951
6148,9954
6149,9956
6150,9958
6151,9960
6152,9962
6153,9964
6154,9969
6155,9973
6156,9977
6157,9980
6158,9983
6159,9985
6160,9987
6161,9989
6162,9991
6163,9992
6164,9996
6165,10000
6166,10003
6167,10006
6168,10009
6169,10011
6170,10013
6171,10015
6172,10017
6173,10018
6174,10022
6175,10026
6176,10029
6177,10032
6178,10034
6179,10036
6180,10038
6181,10040
6182,10042
6183,10043
6184,10047
6185,10050
6186,10053
6187,10056
6188,10058
6189,10060
6190,10062
6191,10064
6192,10066
6193,10068
6194,10072
6195,10075
6196,10078
6197,10081
6198,10083
6199,10085
6200,10087
6201,10089
6202,10091
6203,10093
6204,10097
6205,10100
6206,10103
6207,10106
6208,10108
6209,10110
6210,10112
6211,10115
6212,10118
6213,10120
6214,10126
6215,10131
6216,10135
6217,10138
6218,10141
6219,10144
6220,10146
6221,10148
6222,10150
6223,10152
6224,10157
6225,10161
6226,10165
6227,10168
6228,10171
6229,10173
6230,10175
6231,10177
6232,10178
6233,10179
6234,10183
6235,10187
6236,10190
6237,10193
6238,10196
6239,10198
6240,10200
6241,10202
6242,10204
6243,10205
6244,10210
6245,10213
6246,10216
6247,10219
6248,10222
6249,10224
6250,10226
6251,10228
6252,10230
6253,10231
6254,10235
6255,10239
6256,10242
6257,10245
6258,10247
6259,10249
6260,10251
6261,10253
6262,10255
6263,10256
6264,10260
6265,10264
6266,10267
6267,10270
6268,10272
6269,10274
6270,10276
6271,10278
6272,10280
6273,10282
6274,10286
6275,10289
6276,10292
6277,10295
6278,10297
6279,10299
6280,10301
6281,10303
6282,10305
6283,10307
6284,10313
6285,10317
6286,10321
6287,10324
6288,10327
6289,10329
6290,10331
6291,10333
6292,10335
6293,10337
6294,10342
6295,10346
6296,10350
6297,10353
6298,10356
6299,10358
6300,10360
6301,10362
6302,10364
6303,10365
6304,10370
6305,10374
6306,10377
6307,10380
6308,10383
6309,10385
6310,10387
6311,10389
6312,10391
6313,10392
6314,10396
6315,10400
6316,10403
6317,10406
6318,10409
6319,10411
6320,10413
6321,10415
6322,10417
6323,10418
6324,10422
6325,10426
6326,10429
6327,10432
6328,10435
6329,10437
6330,10439
6331,10441
6332,10443
6333,10445
6334,10449
6335,10452
6336,10455
6337,10458
6338,10460
6339,10462
6340,10464
6341,10466
6342,10468
6343,10470
6344,10474
6345,10477
6346,10480
6347,10483
6348,10485
6349,10487
6350,10489
6351,10491
6352,10493
6353,10495
6354,10499
6355,10502
6356,10505
6357,10509
6358,10512
6359,10515
6360,10518
6361,10520
6362,10522
6363,10524
6364,10529
6365,10534
6366,10538
6367,10541
6368,10544
6369,10547
6370,10549
6371,10551
6372,10553
6373,10555
6374,10560
6375,10564
6376,10567
6377,10570
6378,10573
6379,10575
6380,10577
6381,10579
6382,10581
6383,10582
6384,10586
6385,10590
6386,10593
6387,10596
6388,10599
6389,10601
6390,10603
6391,10605
6392,10607
6393,10608
6394,10612
6395,10616
6396,10619
6397,10622
6398,10625
6399,10627
6400,10629
6401,10631
6402,10633
6403,10635
6404,10639
6405,10643
6406,10646
6407,10649
6408,10651
6409,10653
6410,10655
6411,10657
6412,10659
6413,10661
6414,10665
6415,10669
6416,10672
6417,10675
6418,10678
6419,10680
6420,10682
6421,10684
6422,10686
6423,10688
6424,10692
6425,10696
6426,10699
6427,10702
6428,10704
6429,10706
6430,10709
6431,10712
6432,10714
6433,10716
6434,10721
6435,10726
6436,10730
6437,10733
6438,10736
6439,10739
6440,10741
6441,10743
6442,10745
6443,10747
6444,10752
6445,10756
6446,10759
6447,10762
6448,10765
6449,10767
6450,10769
6451,10771
6452,10773
6453,10774
6454,10779
6455,10783
6456,10786
6457,10789
6458,10792
6459,10794
6460,10796
6461,10798
6462,10800
6463,10801
6464,10805
6465,10809
6466,10812
6467,10815
6468,10818
6469,10820
6470,10822
6471,10824
6472,10826
6473,10828
6474,10832
6475,10835
6476,10838
6477,10841
6478,10844
6479,10846
6480,10848
6481,10850
6482,10852
6483,10854
6484,10858
6485,10862
6486,10865
6487,10868
6488,10870
6489,10872
6490,10874
6491,10876
6492,10878
6493,10880
6494,10884
6495,10887
6496,10890
6497,10893
6498,10895
6499,10897
6500,10899
6501,10901
6502,10903
6503,10905
6504,10911
6505,10915
6506,10919
6507,10922
6508,10925
6509,10928
6510,10931
6511,10933
6512,10935
6513,10937
6514,10942
6515,10947
6516,10951
6517,10955
6518,10958
6519,10960
6520,10962
6521,10964
6522,10966
6523,10968
6524,10973
6525,10977
6526,10981
6527,10984
6528,10987
6529,10989
6530,10991
6531,10993
6532,10995
6533,10996
6534,11001
6535,11005
6536,11008
6537,11011
6538,11014
6539,11016
6540,11018
6541,11020
6542,11022
6543,11023
6544,11027
6545,11031
6546,11034
6547,11037
6548,11040
6549,11042
6550,11044
6551,11046
6552,11048
6553,11050
6554,11054
6555,11057
6556,11060
6557,11063
6558,11066
6559,11068
6560,11070
6561,11072
6562,11074
6563,11076
6564,11080
6565,11083
6566,11086
6567,11089
6568,11092
6569,11094
6570,11096
6571,11098
6572,11100
6573,11102
6574,11106
6575,11109
6576,11113
6577,11117
6578,11120
6579,11123
6580,11126
6581,11128
6582,11130
6583,11132
6584,11137
6585,11141
6586,11144
6587,11147
6588,11150
6589,11152
6590,11154
6591,11156
6592,11158
6593,11160
6594,11165
6595,11169
6596,11172
6597,11175
6598,11178
6599,11180
6600,11182
6601,11184
6602,11186
6603,11187
6604,11192
6605,11196
6606,11199
6607,11202
6608,11204
6609,11206
6610,11208
6611,11210
6612,11212
6613,11214
6614,11218
6615,11222
6616,11226
6617,11229
6618,11231
6619,11233
6620,11235
6621,11237
6622,11239
6623,11241
6624,11245
6625,11249
6626,11252
6627,11255
6628,11257
6629,11259
6630,11261
6631,11263
6632,11265
6633,11267
6634,11271
6635,11275
6636,11278
6637,11281
6638,11283
6639,11285
6640,11287
6641,11289
6642,11291
6643,11293
6644,11297
6645,11301
6646,11304
6647,11307
6648,11309
6649,11312
6650,11315
6651,11317
6652,11319
6653,11321
6654,11327
6655,11332
6656,11336
6657,11339
6658,11342
6659,11345
6660,11347
6661,11349
6662,11351
6663,11353
6664,11358
6665,11363
6666,11367
6667,11370
6668,11373
6669,11375
6670,11377
6671,11379
6672,11381
6673,11383
6674,11388
6675,11392
6676,11396
6677,11399
6678,11402
6679,11404
6680,11406
6681,11408
6682,11410
6683,11411
6684,11416
6685,11420
6686,11423
6687,11426
6688,11429
6689,11431
6690,11433
6691,11435
6692,11437
6693,11439
6694,11443
6695,11447
6696,11450
6697,11453
6698,11456
6699,11458
6700,11460
6701,11462
6702,11464
6703,11466
6704,11470
6705,11474
6706,11477
6707,11480
6708,11482
6709,11484
6710,11486
6711,11488
6712,11490
6713,11492
6714,11496
6715,11499
6716,11502
6717,11505
6718,11508
6719,11510
6720,11512
6721,11514
6722,11516
6723,11518
6724,11524
6725,11528
6726,11532
6727,11535
6728,11538
6729,11541
6730,11543
6731,11545
6732,11547
6733,11549
6734,11554
6735,11559
6736,11562
6737,11565
6738,11568
6739,11570
6740,11572
6741,11574
6742,11576
6743,11578
6744,11583
6745,11587
6746,11591
6747,11594
6748,11597
6749,11599
6750,11601
6751,11603
6752,11605
6753,11607
6754,11612
6755,11616
6756,11619
6757,11622
6758,11625
6759,11627
6760,11629
6761,11631
6762,11633
6763,11634
6764,11638
6765,11642
6766,11645
6767,11648
6768,11651
6769,11653
6770,11655
6771,11657
6772,11659
6773,11661
6774,11665
6775,11669
6776,11672
6777,11675
6778,11678
6779,11680
6780,11682
6781,11684
6782,11686
6783,11687
6784,11691
6785,11695
6786,11698
6787,11701
6788,11703
6789,11705
6790,11707
6791,11709
6792,11711
6793,11713
6794,11717
6795,11722
6796,11726
6797,11730
6798,11733
6799,11736
6800,11738
6801,11740
6802,11742
6803,11744
6804,11749
6805,11754
6806,11758
6807,11761
6808,11764
6809,11766
6810,11768
6811,11770
6812,11772
6813,11774
6814,11779
6815,11783
6816,11786
6817,11789
6818,11792
6819,11794
6820,11796
6821,11798
6822,11800
6823,11802
6824,11807
6825,11811
6826,11814
6827,11817
6828,11820
6829,11822
6830,11824
6831,11826
6832,11828
6833,11830
6834,11834
6835,11838
6836,11841
6837,11844
6838,11847
6839,11849
6840,11851
6841,11853
6842,11855
6843,11856
6844,11860
6845,11864
6846,11867
6847,11870
6848,11873
6849,11875
6850,11877
6851,11879
6852,11881
6853,11883
6854,11887
6855,11890
6856,11893
6857,11896
6858,11898
6859,11900
6860,11902
6861,11904
6862,11906
6863,11908
6864,11912
6865,11915
6866,11918
6867,11921
6868,11925
6869,11928
6870,11931
6871,11933
6872,11935
6873,11937
6874,11942
6875,11946
6876,11950
6877,11953
6878,11956
6879,11959
6880,11961
6881,11963
6882,11965
6883,11967
6884,11972
6885,11976
6886,11980
6887,11983
6888,11986
6889,11988
6890,11990
6891,11992
6892,11994
6893,11995
6894,12000
6895,12004
6896,12007
6897,12010
6898,12013
6899,12015
6900,12017
6901,12019
6902,12021
6903,12023
6904,12027
6905,12031
6906,12034
6907,12037
6908,12040
6909,12042
6910,12044
6911,12046
6912,12048
6913,12049
6914,12053
6915,12057
6916,12060
6917,12063
6918,12065
6919,12067
6920,12069
6921,12071
6922,12073
6923,12075
6924,12079
6925,12082
6926,12085
6927,12088
6928,12091
6929,12093
6930,12095
6931,12097
6932,12099
6933,12101
6934,12105
6935,12108
6936,12111
6937,12114
6938,12116
6939,12118
6940,12120
6941,12123
6942,12126
6943,12128
6944,12134
6945,12139
6946,12143
6947,12146
6948,12149
6949,12152
6950,12154
6951,12156
6952,12158
6953,12160
6954,12165
6955,12169
6956,12172
6957,12175
6958,12178
6959,12180
6960,12182
6961,12184
6962,12186
6963,12188
6964,12193
6965,12197
6966,12200
6967,12203
6968,12206
6969,12208
6970,12210
6971,12212
6972,12214
6973,12216
6974,12221
6975,12225
6976,12228
6977,12231
6978,12234
6979,12236
6980,12238
6981,12240
6982,12242
6983,12244
6984,12248
6985,12252
6986,12255
6987,12258
6988,12261
6989,12263
6990,12265
6991,12267
6992,12269
6993,12270
6994,12274
6995,12278
6996,12281
6997,12284
6998,12287
6999,12289
7000,12291
7001,12293
7002,12295
7003,12297
7004,12301
7005,12304
7006,12307
7007,12310
7008,12313
7009,12315
7010,12317
7011,12319
7012,12321
7013,12323
7014,12328
7015,12332
7016,12336
7017,12339
7018,12342
7019,12345
7020,12347
7021,12349
7022,12351
7023,12353
7024,12358
7025,12363
7026,12367
7027,12370
7028,12373
7029,12375
7030,12377
7031,12379
7032,12381
7033,12383
7034,12388
7035,12392
7036,12395
7037,12398
7038,12401
7039,12403
7040,12405
7041,12407
7042,12409
7043,12411
7044,12416
7045,12420
7046,12423
7047,12426
7048,12429
7049,12431
7050,12433
7051,12435
7052,12437
7053,12438
7054,12442
7055,12446
7056,12449
7057,12452
7058,12455
7059,12457
7060,12459
7061,12461
7062,12463
7063,12464
7064,12468
7065,12472
7066,12475
7067,12478
7068,12481
7069,12483
7070,12485
7071,12487
7072,12489
7073,12491
7074,12495
7075,12498
7076,12501
7077,12504
7078,12507
7079,12509
7080,12511
7081,12513
7082,12515
7083,12517
7084,12521
7085,12524
7086,12527
7087,12531
7088,12534
7089,12537
7090,12540
7091,12542
7092,12544
7093,12546
7094,12552
7095,12557
7096,12561
7097,12564
7098,12567
7099,12570
7100,12572
7101,12574
7102,12576
7103,12578
7104,12583
7105,12587
7106,12590
7107,12593
7108,12596
7109,12598
7110,12600
7111,12602
7112,12604
7113,12605
7114,12609
7115,12613
7116,12617
7117,12620
7118,12623
7119,12625
7120,12627
7121,12629
7122,12631
7123,12633
7124,12638
7125,12641
7126,12644
7127,12647
7128,12650
7129,12652
7130,12654
7131,12656
7132,12658
7133,12660
7134,12664
7135,12668
7136,12671
7137,12674
7138,12677
7139,12679
7140,12681
7141,12683
7142,12685
7143,12687
7144,12691
7145,12695
7146,12698
7147,12701
7148,12704
7149,12706
7150,12708
7151,12710
7152,12712
7153,12714
7154,12718
7155,12721
7156,12724
7157,12727
7158,12729
7159,12731
7160,12734
7161,12737
7162,12739
7163,12741
7164,12746
7165,12750
7166,12754
7167,12757
7168,12760
7169,12763
7170,12765
7171,12767
7172,12769
7173,12771
7174,12776
7175,12781
7176,12785
7177,12788
7178,12791
7179,12793
7180,12795
7181,12797
7182,12799
7183,12801
7184,12806
7185,12810
7186,12813
7187,12816
7188,12819
7189,12821
7190,12823
7191,12825
7192,12827
7193,12829
7194,12834
7195,12837
7196,12840
7197,12843
7198,12846
7199,12848
7200,12850
7201,12852
7202,12854
7203,12855
7204,12860
7205,12863
7206,12866
7207,12869
7208,12872
7209,12874
7210,12876
7211,12878
7212,12880
7213,12882
7214,12886
7215,12890
7216,12893
7217,12896
7218,12899
7219,12901
7220,12903
7221,12905
7222,12907
7223,12909
7224,12913
7225,12916
7226,12919
7227,12922
7228,12925
7229,12927
7230,12929
7231,12931
7232,12933
7233,12935
7234,12941
7235,12945
7236,12949
7237,12952
7238,12955
7239,12958
7240,12960
7241,12962
7242,12964
7243,12966
7244,12971
7245,12976
7246,12980
7247,12983
7248,12986
7249,12988
7250,12990
7251,12992
7252,12994
7253,12996
7254,13001
7255,13005
7256,13008
7257,13011
7258,13014
7259,13016
7260,13018
7261,13020
7262,13022
7263,13024
7264,13028
7265,13032
7266,13035
7267,13038
7268,13041
7269,13043
7270,13045
7271,13047
7272,13049
7273,13051
7274,13056
7275,13059
7276,13062
7277,13065
7278,13068
7279,13070
7280,13072
7281,13074
7282,13076
7283,13078
7284,13082
7285,13086
7286,13089
7287,13092
7288,13095
7289,13097
7290,13099
7291,13101
7292,13103
7293,13105
7294,13109
7295,13113
7296,13116
7297,13119
7298,13122
7299,13124
7300,13126
7301,13128
7302,13130
7303,13132
7304,13136
7305,13140
7306,13144
7307,13148
7308,13151
7309,13154
7310,13157
7311,13159
7312,13161
7313,13163
7314,13168
7315,13173
7316,13177
7317,13180
7318,13183
7319,13186
7320,13188
7321,13190
7322,13192
7323,13194
7324,13199
7325,13203
7326,13206
7327,13209
7328,13212
7329,13214
7330,13216
7331,13218
7332,13220
7333,13222
7334,13227
7335,13231
7336,13234
7337,13237
7338,13240
7339,13242
7340,13244
7341,13246
7342,13248
7343,13250
7344,13254
7345,13258
7346,13261
7347,13264
7348,13267
7349,13269
7350,13271
7351,13273
7352,13275
7353,13277
7354,13281
7355,13285
7356,13288
7357,13291
7358,13294
7359,13296
7360,13298
7361,13300
7362,13302
7363,13304
7364,13308
7365,13312
7366,13315
7367,13318
7368,13321
7369,13323
7370,13325
7371,13327
7372,13329
7373,13331
7374,13335
7375,13339
7376,13342
7377,13345
7378,13348
7379,13351
7380,13354
7381,13357
7382,13360
7383,13362
7384,13368
7385,13373
7386,13377
7387,13381
7388,13384
7389,13387
7390,13389
7391,13391
7392,13393
7393,13395
7394,13400
7395,13404
7396,13408
7397,13411
7398,13414
7399,13417
7400,13419
7401,13421
7402,13423
7403,13425
7404,13430
7405,13434
7406,13437
7407,13440
7408,13443
7409,13445
7410,13447
7411,13449
7412,13451
7413,13453
7414,13458
7415,13462
7416,13465
7417,13468
7418,13471
7419,13473
7420,13475
7421,13477
7422,13479
7423,13481
7424,13485
7425,13489
7426,13492
7427,13495
7428,13498
7429,13500
7430,13502
7431,13504
7432,13506
7433,13508
7434,13512
7435,13515
7436,13518
7437,13521
7438,13524
7439,13526
7440,13528
7441,13530
7442,13532
7443,13534
7444,13538
7445,13541
7446,13544
7447,13547
7448,13550
7449,13552
7450,13554
7451,13556
7452,13559
7453,13562
7454,13568
7455,13573
7456,13577
7457,13581
7458,13584
7459,13587
7460,13589
7461,13591
7462,13593
7463,13595
7464,13600
7465,13605
7466,13609
7467,13612
7468,13615
7469,13618
7470,13620
7471,13622
7472,13624
7473,13626
7474,13631
7475,13635
7476,13639
7477,13642
7478,13645
7479,13647
7480,13649
7481,13651
7482,13653
7483,13655
7484,13660
7485,13664
7486,13667
7487,13670
7488,13673
7489,13675
7490,13677
7491,13679
7492,13681
7493,13683
7494,13688
7495,13692
7496,13695
7497,13698
7498,13701
7499,13703
7500,13705
7501,13706
7502,13707
7503,13708
7504,13710
7505,13712
7506,13714
7507,13715
7508,13716
7509,13717
7510,13718
7511,13719
7512,13720
7513,13721
7514,13723
7515,13725
7516,13727
7517,13729
7518,13731
7519,13733
7520,13735
7521,13737
7522,13738
7523,13739
7524,13741
7525,13744
7526,13746
7527,13748
7528,13750
7529,13752
7530,13754
7531,13756
7532,13758
7533,13760
7534,13763
7535,13765
7536,13767
7537,13769
7538,13771
7539,13773
7540,13775
7541,13777
7542,13779
7543,13781
7544,13784
7545,13787
7546,13790
7547,13792
7548,13794
7549,13796
7550,13798
7551,13800
7552,13802
7553,13804
7554,13807
7555,13810
7556,13813
7557,13816
7558,13818
7559,13820
7560,13822
7561,13824
7562,13826
7563,13828
7564,13831
7565,13834
7566,13837
7567,13840
7568,13842
7569,13844
7570,13846
7571,13848
7572,13850
7573,13852
7574,13855
7575,13858
7576,13861
7577,13864
7578,13867
7579,13869
7580,13871
7581,13873
7582,13875
7583,13877
7584,13880
7585,13883
7586,13886
7587,13889
7588,13892
7589,13894
7590,13896
7591,13898
7592,13900
7593,13902
7594,13905
7595,13908
7596,13911
7597,13914
7598,13924
7599,13933
7600,13942
7601,13950
7602,13957
7603,13964
7604,13973
7605,13981
7606,13989
7607,13996
7608,14001
7609,14005
7610,14009
7611,14013
7612,14016
7613,14019
7614,14025
7615,14031
7616,14036
7617,14041
7618,14044
7619,14047
7620,14050
7621,14053
7622,14055
7623,14057
7624,14062
7625,14067
7626,14071
7627,14074
7628,14077
7629,14080
7630,14082
7631,14084
7632,14086
7633,14088
7634,14092
7635,14096
7636,14099
7637,14102
7638,14105
7639,14108
7640,14110
7641,14112
7642,14114
7643,14116
7644,14120
7645,14124
7646,14127
7647,14130
7648,14133
7649,14135
7650,14137
7651,14139
7652,14141
7653,14143
7654,14147
7655,14151
7656,14154
7657,14157
7658,14160
7659,14162
7660,14164
7661,14166
7662,14168
7663,14170
7664,14174
7665,14177
7666,14180
7667,14183
7668,14186
7669,14188
7670,14189
7671,14190
7672,14191
7673,14192
7674,14194
7675,14196
7676,14198
7677,14199
7678,14200
7679,14201
7680,14202
7681,14203
7682,14204
7683,14205
7684,14207
7685,14209
7686,14211
7687,14213
7688,14215
7689,14216
7690,14217
7691,14218
7692,14219
7693,14220
7694,14222
7695,14224
7696,14226
7697,14228
7698,14230
7699,14232
7700,14234
7701,14236
7702,14238
7703,14240
7704,14242
7705,14244
7706,14246
7707,14248
7708,14250
7709,14252
7710,14254
7711,14256
7712,14258
7713,14260
7714,14262
7715,14264
7716,14266
7717,14268
7718,14270
7719,14272
7720,14274
7721,14276
7722,14278
7723,14280
7724,14283
7725,14285
7726,14287
7727,14289
7728,14291
7729,14293
7730,14295
7731,14297
7732,14299
7733,14301
7734,14304
7735,14306
7736,14308
7737,14310
7738,14312
7739,14314
7740,14316
7741,14318
7742,14320
7743,14322
7744,14325
7745,14328
7746,14331
7747,14334
7748,14337
7749,14340
7750,14342
7751,14344
7752,14346
7753,14348
7754,14351
7755,14354
7756,14357
7757,14360
7758,14363
7759,14366
7760,14368
7761,14370
7762,14372
7763,14374
7764,14377
7765,14380
7766,14383
7767,14386
7768,14389
7769,14392
7770,14395
7771,14397
7772,14399
7773,14401
7774,14404
7775,14407
7776,14410
7777,14413
7778,14416
7779,14419
7780,14421
7781,14423
7782,14425
7783,14427
7784,14430
7785,14433
7786,14436
7787,14439
7788,14442
7789,14445
7790,14448
7791,14450
7792,14452
7793,14454
7794,14457
7795,14460
7796,14463
7797,14466
7798,14469
7799,14472
7800,14474
7801,14476
7802,14479
7803,14482
7804,14485
7805,14488
7806,14491
7807,14494
7808,14497
7809,14500
7810,14503
7811,14505
7812,14507
7813,14509
7814,14512
7815,14515
7816,14518
7817,14531
7818,14543
7819,14555
7820,14566
7821,14575
7822,14583
7823,14590
7824,14600
7825,14609
7826,14617
7827,14624
7828,14630
7829,14636
7830,14641
7831,14645
7832,14648
7833,14651
7834,14658
7835,14664
7836,14669
7837,14674
7838,14678
7839,14681
7840,14684
7841,14687
7842,14689
7843,14691
7844,14696
7845,14701
7846,14705
7847,14709
7848,14712
7849,14715
7850,14717
7851,14719
7852,14721
7853,14723
7854,14728
7855,14732
7856,14736
7857,14739
7858,14740
7859,14741
7860,14742
7861,14743
7862,14744
7863,14745
7864,14746
7865,14747
7866,14748
7867,14749
7868,14750
7869,14751
7870,14752
7871,14753
7872,14754
7873,14755
7874,14757
7875,14759
7876,14760
7877,14761
7878,14762
7879,14763
7880,14764
7881,14765
7882,14766
7883,14767
7884,14769
7885,14771
7886,14773
7887,14775
7888,14777
7889,14779
7890,14781
7891,14783
7892,14785
7893,14787
7894,14789
7895,14791
7896,14793
7897,14795
7898,14797
7899,14799
7900,14801
7901,14803
7902,14805
7903,14807
7904,14810
7905,14812
7906,14814
7907,14816
7908,14818
7909,14820
7910,14822
7911,14824
7912,14826
7913,14828
7914,14830
7915,14832
7916,14834
7917,14836
7918,14838
7919,14840
7920,14842
7921,14844
7922,14846
7923,14848
7924,14850
7925,14852
7926,14854
7927,14856
7928,14858
7929,14860
7930,14862
7931,14864
7932,14866
7933,14868
7934,14870
7935,14872
7936,14874
7937,14876
7938,14878
7939,14880
7940,14882
7941,14884
7942,14886
7943,14888
7944,14891
7945,14893
7946,14895
7947,14897
7948,14899
7949,14901
7950,14903
7951,14905
7952,14907
7953,14909
7954,14912
7955,14915
7956,14917
7957,14919
7958,14921
7959,14923
7960,14925
7961,14927
7962,14929
7963,14932
7964,14935
7965,14938
7966,14941
7967,14944
7968,14947
7969,14950
7970,14953
7971,14956
7972,14958
7973,14961
7974,14964
7975,14967
7976,14970
7977,14973
7978,14976
7979,14979
7980,14982
7981,14985
7982,14987
7983,14989
7984,14992
7985,14995
7986,14998
7987,15001
7988,15004
7989,15007
7990,15010
7991,15013
7992,15015
7993,15017
7994,15020
7995,15023
7996,15026
7997,15029
7998,15032
7999,15035
8000,15038
8001,15040
8002,15042
8003,15044
8004,15047
8005,15050
8006,15053
8007,15056
8008,15059
8009,15062
8010,15065
8011,15067
8012,15069
8013,15071
8014,15074
8015,15077
8016,15080
8017,15083
8018,15086
8019,15089
8020,15092
8021,15095
8022,15098
8023,15101
8024,15104
8025,15107
8026,15110
8027,15113
8028,15116
8029,15119
8030,15121
8031,15123
8032,15125
8033,15127
8034,15130
8035,15133
8036,15148
8037,15161
8038,15174
8039,15186
8040,15197
8041,15206
8042,15214
8043,15221
8044,15231
8045,15240
8046,15248
8047,15255
8048,15261
8049,15266
8050,15270
8051,15274
8052,15277
8053,15280
8054,15286
8055,15292
8056,15297
8057,15301
8058,15305
8059,15308
8060,15311
8061,15314
8062,15316
8063,15318
8064,15323
8065,15327
8066,15331
8067,15334
8068,15337
8069,15340
8070,15342
8071,15344
8072,15346
8073,15348
8074,15353
8075,15357
8076,15360
8077,15363
8078,15366
8079,15369
8080,15371
8081,15373
8082,15375
8083,15377
8084,15381
8085,15385
8086,15388
8087,15391
8088,15394
8089,15397
8090,15399
8091,15401
8092,15403
8093,15405
8094,15409
8095,15413
8096,15416
8097,15419
8098,15422
8099,15424
8100,15426
8101,15428
8102,15430
8103,15432
8104,15436
8105,15439
8106,15442
8107,15445
8108,15448
8109,15451
8110,15454
8111,15456
8112,15458
8113,15460
8114,15465
8115,15469
8116,15473
8117,15476
8118,15479
8119,15482
8120,15484
8121,15486
8122,15488
8123,15490
8124,15495
8125,15499
8126,15502
8127,15505
8128,15508
8129,15510
8130,15512
8131,15514
8132,15516
8133,15518
8134,15522
8135,15526
8136,15529
8137,15532
8138,15535
8139,15537
8140,15539
8141,15541
8142,15543
8143,15545
8144,15549
8145,15553
8146,15556
8147,15559
8148,15562
8149,15564
8150,15566
8151,15568
8152,15570
8153,15572
8154,15576
8155,15579
8156,15582
8157,15585
8158,15588
8159,15590
8160,15592
8161,15594
8162,15596
8163,15598
8164,15602
8165,15605
8166,15608
8167,15611
8168,15614
8169,15616
8170,15618
8171,15620
8172,15622
8173,15624
8174,15628
8175,15631
8176,15634
8177,15637
8178,15640
8179,15642
8180,15644
8181,15646
8182,15649
8183,15651
8184,15656
8185,15661
8186,15665
8187,15668
8188,15671
8189,15674
8190,15676
8191,15678
8192,15680
8193,15682
8194,15687
8195,15692
8196,15696
8197,15699
8198,15702
8199,15705
8200,15707
8201,15709
8202,15711
8203,15713
8204,15718
8205,15722
8206,15725
8207,15728
8208,15731
8209,15733
8210,15735
8211,15737
8212,15739
8213,15741
8214,15746
8215,15750
8216,15753
8217,15756
8218,15759
8219,15761
8220,15763
8221,15765
8222,15767
8223,15769
8224,15774
8225,15778
8226,15782
8227,15785
8228,15788
8229,15790
8230,15792
8231,15794
8232,15796
8233,15798
8234,15803
8235,15807
8236,15810
8237,15813
8238,15816
8239,15818
8240,15820
8241,15822
8242,15824
8243,15826
8244,15831
8245,15835
8246,15838
8247,15841
8248,15844
8249,15846
8250,15848
8251,15850
8252,15852
8253,15854
8254,15859
8255,15864
8256,15868
8257,15872
8258,15875
8259,15878
8260,15881
8261,15883
8262,15885
8263,15887
8264,15893
8265,15898
8266,15902
8267,15905
8268,15908
8269,15910
8270,15912
8271,15914
8272,15916
8273,15918
8274,15923
8275,15927
8276,15930
8277,15933
8278,15936
8279,15938
8280,15940
8281,15942
8282,15944
8283,15946
8284,15951
8285,15955
8286,15958
8287,15961
8288,15964
8289,15966
8290,15968
8291,15970
8292,15972
8293,15974
8294,15979
8295,15983
8296,15986
8297,15989
8298,15992
8299,15994
8300,15996
8301,15998
8302,16000
8303,16002
8304,16007
8305,16010
8306,16013
8307,16016
8308,16019
8309,16021
8310,16023
8311,16025
8312,16027
8313,16029
8314,16033
8315,16037
8316,16040
8317,16043
8318,16046
8319,16048
8320,16050
8321,16052
8322,16054
8323,16056
8324,16060
8325,16064
8326,16067
8327,16070
8328,16074
8329,16077
8330,16080
8331,16083
8332,16086
8333,16088
8334,16094
8335,16099
8336,16103
8337,16106
8338,16109
8339,16112
8340,16114
8341,16116
8342,16118
8343,16120
8344,16125
8345,16130
8346,16134
8347,16138
8348,16141
8349,16143
8350,16145
8351,16147
8352,16149
8353,16151
8354,16156
8355,16160
8356,16163
8357,16166
8358,16169
8359,16171
8360,16173
8361,16175
8362,16177
8363,16179
8364,16184
8365,16188
8366,16192
8367,16195
8368,16198
8369,16200
8370,16202
8371,16204
8372,16206
8373,16208
8374,16213
8375,16217
8376,16220
8377,16223
8378,16226
8379,16228
8380,16230
8381,16232
8382,16234
8383,16236
8384,16241
8385,16245
8386,16248
8387,16251
8388,16254
8389,16256
8390,16258
8391,16260
8392,16262
8393,16264
8394,16268
8395,16272
8396,16275
8397,16278
8398,16281
8399,16284
8400,16286
8401,16289
8402,16292
8403,16295
8404,16301
8405,16306
8406,16311
8407,16315
8408,16318
8409,16321
8410,16324
8411,16326
8412,16328
8413,16330
8414,16335
8415,16340
8416,16344
8417,16347
8418,16350
8419,16353
8420,16355
8421,16357
8422,16359
8423,16361
8424,16366
8425,16371
8426,16375
8427,16378
8428,16381
8429,16383
8430,16385
8431,16387
8432,16389
8433,16391
8434,16396
8435,16401
8436,16405
8437,16408
8438,16411
8439,16413
8440,16415
8441,16417
8442,16419
8443,16421
8444,16426
8445,16430
8446,16434
8447,16437
8448,16440
8449,16442
8450,16444
8451,16446
8452,16448
8453,16450
8454,16454
8455,16458
8456,16461
8457,16464
8458,16467
8459,16470
8460,16472
8461,16474
8462,16476
8463,16478
8464,16483
8465,16487
8466,16490
8467,16493
8468,16496
8469,16498
8470,16500
8471,16502
8472,16504
8473,16506
8474,16512
8475,16517
8476,16521
8477,16525
8478,16528
8479,16531
8480,16533
8481,16535
8482,16537
8483,16539
8484,16544
8485,16549
8486,16553
8487,16556
8488,16559
8489,16561
8490,16563
8491,16565
8492,16567
8493,16568
8494,16573
8495,16577
8496,16581
8497,16584
8498,16587
8499,16589
8500,16591
8501,16593
8502,16595
8503,16597
8504,16602
8505,16606
8506,16609
8507,16612
8508,16615
8509,16617
8510,16619
8511,16621
8512,16623
8513,16625
8514,16630
8515,16634
8516,16638
8517,16642
8518,16645
8519,16647
8520,16649
8521,16651
8522,16653
8523,16655
8524,16660
8525,16664
8526,16668
8527,16671
8528,16674
8529,16676
8530,16678
8531,16680
8532,16682
8533,16684
8534,16688
8535,16692
8536,16696
8537,16699
8538,16702
8539,16704
8540,16706
8541,16708
8542,16710
8543,16712
8544,16717
8545,16721
8546,16724
8547,16728
8548,16732
8549,16735
8550,16738
8551,16740
8552,16742
8553,16744
8554,16750
8555,16755
8556,16759
8557,16762
8558,16765
8559,16768
8560,16770
8561,16772
8562,16774
8563,16776
8564,16781
8565,16786
8566,16789
8567,16792
8568,16795
8569,16798
8570,16800
8571,16802
8572,16804
8573,16805
8574,16810
8575,16814
8576,16817
8577,16820
8578,16823
8579,16825
8580,16827
8581,16829
8582,16831
8583,16833
8584,16838
8585,16842
8586,16846
8587,16849
8588,16852
8589,16854
8590,16856
8591,16858
8592,16860
8593,16862
8594,16867
8595,16871
8596,16874
8597,16877
8598,16880
8599,16882
8600,16884
8601,16886
8602,16888
8603,16890
8604,16894
8605,16898
8606,16901
8607,16904
8608,16907
8609,16910
8610,16912
8611,16914
8612,16916
8613,16918
8614,16923
8615,16927
8616,16930
8617,16933
8618,16936
8619,16938
8620,16941
8621,16944
8622,16946
8623,16948
8624,16954
8625,16959
8626,16963
8627,16966
8628,16969
8629,16972
8630,16974
8631,16976
8632,16978
8633,16980
8634,16985
8635,16990
8636,16994
8637,16997
8638,17000
8639,17003
8640,17005
8641,17007
8642,17009
8643,17011
8644,17016
8645,17020
8646,17024
8647,17027
8648,17030
8649,17032
8650,17034
8651,17036
8652,17038
8653,17040
8654,17045
8655,17049
8656,17052
8657,17055
8658,17058
8659,17060
8660,17062
8661,17064
8662,17066
8663,17068
8664,17073
8665,17077
8666,17081
8667,17084
8668,17087
8669,17089
8670,17091
8671,17093
8672,17095
8673,17097
8674,17102
8675,17106
8676,17110
8677,17114
8678,17117
8679,17119
8680,17121
8681,17123
8682,17125
8683,17127
8684,17132
8685,17136
8686,17139
8687,17142
8688,17145
8689,17148
8690,17150
8691,17152
8692,17154
8693,17156
8694,17162
8695,17167
8696,17171
8697,17175
8698,17178
8699,17181
8700,17183
8701,17185
8702,17187
8703,17189
8704,17195
8705,17199
8706,17203
8707,17206
8708,17209
8709,17212
8710,17214
8711,17216
8712,17218
8713,17220
8714,17225
8715,17229
8716,17232
8717,17235
8718,17238
8719,17240
8720,17242
8721,17244
8722,17246
8723,17248
8724,17253
8725,17257
8726,17260
8727,17263
8728,17266
8729,17268
8730,17270
8731,17272
8732,17274
8733,17276
8734,17281
8735,17285
8736,17288
8737,17291
8738,17294
8739,17296
8740,17298
8741,17300
8742,17302
8743,17304
8744,17309
8745,17313
8746,17316
8747,17319
8748,17322
8749,17324
8750,17326
8751,17328
8752,17330
8753,17332
8754,17337
8755,17341
8756,17344
8757,17347
8758,17350
8759,17352
8760,17354
8761,17355
8762,17356
8763,17357
8764,17358
8765,17359
8766,17360
8767,17361
8768,17362
8769,17363
8770,17364
8771,17365
8772,17366
8773,17367
8774,17369
8775,17371
8776,17373
8777,17375
8778,17377
8779,17378
8780,17379
8781,17380
8782,17381
8783,17382
8784,17384
8785,17386
8786,17388
8787,17390
8788,17392
8789,17394
8790,17396
8791,17398
8792,17400
8793,17402
8794,17404
8795,17406
8796,17408
8797,17410
8798,17412
8799,17414
8800,17416
8801,17418
8802,17420
8803,17422
8804,17425
8805,17427
8806,17429
8807,17431
8808,17433
8809,17435
8810,17437
8811,17439
8812,17441
8813,17443
8814,17446
8815,17448
8816,17450
8817,17452
8818,17454
8819,17456
8820,17458
8821,17460
8822,17462
8823,17464
8824,17467
8825,17470
8826,17472
8827,17474
8828,17476
8829,17478
8830,17480
8831,17482
8832,17484
8833,17486
8834,17489
8835,17492
8836,17495
8837,17497
8838,17499
8839,17512
8840,17525
8841,17536
8842,17546
8843,17554
8844,17565
8845,17575
8846,17584
8847,17592
8848,17599
8849,17604
8850,17609
8851,17613
8852,17616
8853,17619
8854,17626
8855,17632
8856,17638
8857,17642
8858,17646
8859,17649
8860,17652
8861,17655
8862,17657
8863,17658
8864,17659
8865,17660
8866,17661
8867,17662
8868,17663
8869,17664
8870,17665
8871,17666
8872,17667
8873,17668
8874,17670
8875,17672
8876,17674
8877,17676
8878,17677
8879,17678
8880,17679
8881,17680
8882,17681
8883,17682
8884,17684
8885,17686
8886,17688
8887,17690
8888,17692
8889,17693
8890,17694
8891,17695
8892,17696
8893,17697
8894,17699
8895,17701
8896,17703
8897,17705
8898,17707
8899,17709
8900,17711
8901,17713
8902,17715
8903,17717
8904,17719
8905,17721
8906,17723
8907,17725
8908,17727
8909,17729
8910,17731
8911,17733
8912,17735
8913,17737
8914,17739
8915,17742
8916,17744
8917,17746
8918,17748
8919,17750
8920,17752
8921,17754
8922,17756
8923,17758
8924,17761
8925,17763
8926,17765
8927,17767
8928,17769
8929,17771
8930,17773
8931,17775
8932,17777
8933,17779
8934,17782
8935,17785
8936,17788
8937,17790
8938,17792
8939,17794
8940,17796
8941,17798
8942,17800
8943,17802
8944,17805
8945,17808
8946,17811
8947,17814
8948,17816
8949,17818
8950,17820
8951,17822
8952,17824
8953,17826
8954,17829
8955,17832
8956,17835
8957,17838
8958,17840
8959,17842
8960,17844
8961,17846
8962,17848
8963,17850
8964,17853
8965,17856
8966,17859
8967,17862
8968,17865
8969,17867
8970,17869
8971,17871
8972,17873
8973,17875
8974,17878
8975,17881
8976,17884
8977,17887
8978,17890
8979,17893
8980,17895
8981,17897
8982,17899
8983,17901
8984,17904
8985,17920
8986,17935
8987,17949
8988,17961
8989,17971
8990,17981
8991,17989
8992,17995
8993,18000
8994,18009
8995,18017
8996,18024
8997,18031
8998,18037
8999,18041
9000,18045
9001,18048
9002,18051
9003,18054
9004,18060
9005,18066
9006,18071
9007,18075
9008,18079
9009,18082
9010,18085
9011,18087
9012,18089
9013,18091
9014,18096
9015,18100
9016,18104
9017,18107
9018,18110
9019,18113
9020,18115
9021,18117
9022,18119
9023,18121
9024,18125
9025,18129
9026,18132
9027,18135
9028,18138
9029,18140
9030,18142
9031,18144
9032,18146
9033,18148
9034,18152
9035,18156
9036,18159
9037,18162
9038,18165
9039,18167
9040,18169
9041,18171
9042,18173
9043,18175
9044,18179
9045,18183
9046,18186
9047,18189
9048,18192
9049,18194
9050,18196
9051,18198
9052,18200
9053,18202
9054,18206
9055,18209
9056,18212
9057,18215
9058,18219
9059,18222
9060,18225
9061,18227
9062,18229
9063,18231
9064,18236
9065,18241
9066,18245
9067,18248
9068,18251
9069,18254
9070,18256
9071,18258
9072,18260
9073,18262
9074,18266
9075,18270
9076,18273
9077,18276
9078,18279
9079,18281
9080,18283
9081,18285
9082,18287
9083,18288
9084,18293
9085,18297
9086,18300
9087,18303
9088,18306
9089,18308
9090,18310
9091,18312
9092,18314
9093,18316
9094,18320
9095,18324
9096,18327
9097,18330
9098,18333
9099,18335
9100,18337
9101,18339
9102,18341
9103,18343
9104,18347
9105,18351
9106,18354
9107,18357
9108,18360
9109,18362
9110,18364
9111,18366
9112,18368
9113,18370
9114,18374
9115,18378
9116,18381
9117,18384
9118,18387
9119,18389
9120,18391
9121,18393
9122,18395
9123,18397
9124,18401
9125,18405
9126,18408
9127,18411
9128,18414
9129,18416
9130,18418
9131,18421
9132,18423
9133,18425
9134,18431
9135,18436
9136,18440
9137,18444
9138,18447
9139,18450
9140,18452
9141,18454
9142,18456
9143,18458
9144,18463
9145,18467
9146,18471
9147,18474
9148,18477
9149,18480
9150,18482
9151,18484
9152,18486
9153,18487
9154,18492
9155,18496
9156,18499
9157,18502
9158,18505
9159,18507
9160,18509
9161,18511
9162,18513
9163,18515
9164,18520
9165,18524
9166,18528
9167,18531
9168,18534
9169,18536
9170,18538
9171,18540
9172,18542
9173,18544
9174,18549
9175,18553
9176,18556
9177,18559
9178,18562
9179,18565
9180,18567
9181,18569
9182,18571
9183,18573
9184,18578
9185,18582
9186,18586
9187,18589
9188,18592
9189,18594
9190,18596
9191,18598
9192,18600
9193,18602
9194,18607
9195,18611
9196,18614
9197,18617
9198,18620
9199,18623
9200,18625
9201,18627
9202,18629
9203,18631
9204,18637
9205,18642
9206,18646
9207,18650
9208,18653
9209,18656
9210,18658
9211,18660
9212,18662
9213,18664
9214,18669
9215,18673
9216,18677
9217,18680
9218,18683
9219,18685
9220,18687
9221,18689
9222,18691
9223,18693
9224,18698
9225,18702
9226,18706
9227,18709
9228,18712
9229,18714
9230,18716
9231,18718
9232,18720
9233,18722
9234,18727
9235,18731
9236,18734
9237,18737
9238,18740
9239,18742
9240,18744
9241,18746
9242,18748
9243,18750
9244,18755
9245,18759
9246,18762
9247,18765
9248,18768
9249,18770
9250,18772
9251,18774
9252,18776
9253,18778
9254,18783
9255,18787
9256,18790
9257,18793
9258,18796
9259,18798
9260,18800
9261,18802
9262,18804
9263,18806
9264,18811
9265,18815
9266,18818
9267,18821
9268,18824
9269,18826
9270,18828
9271,18830
9272,18832
9273,18834
9274,18838
9275,18841
9276,18844
9277,18848
9278,18852
9279,18855
9280,18858
9281,18860
9282,18862
9283,18864
9284,18870
9285,18874
9286,18878
9287,18881
9288,18884
9289,18887
9290,18889
9291,18891
9292,18893
9293,18895
9294,18900
9295,18904
9296,18908
9297,18911
9298,18914
9299,18916
9300,18918
9301,18920
9302,18922
9303,18924
9304,18929
9305,18933
9306,18936
9307,18939
9308,18942
9309,18944
9310,18946
9311,18948
9312,18950
9313,18952
9314,18956
9315,18960
9316,18963
9317,18966
9318,18969
9319,18971
9320,18973
9321,18975
9322,18977
9323,18979
9324,18984
9325,18988
9326,18991
9327,18994
9328,18997
9329,18999
9330,19001
9331,19003
9332,19005
9333,19007
9334,19012
9335,19016
9336,19019
9337,19022
9338,19025
9339,19027
9340,19029
9341,19031
9342,19033
9343,19035
9344,19039
9345,19043
9346,19046
9347,19049
9348,19052
9349,19054
9350,19057
9351,19060
9352,19062
9353,19064
9354,19070
9355,19075
9356,19079
9357,19082
9358,19085
9359,19088
9360,19091
9361,19093
9362,19095
9363,19097
9364,19103
9365,19108
9366,19112
9367,19116
9368,19119
9369,19121
9370,19123
9371,19125
9372,19127
9373,19129
9374,19134
9375,19139
9376,19143
9377,19146
9378,19149
9379,19151
9380,19153
9381,19155
9382,19157
9383,19158
9384,19163
9385,19167
9386,19170
9387,19173
9388,19176
9389,19178
9390,19180
9391,19182
9392,19184
9393,19185
9394,19189
9395,19193
9396,19196
9397,19199
9398,19202
9399,19204
9400,19206
9401,19208
9402,19210
9403,19212
9404,19217
9405,19221
9406,19224
9407,19227
9408,19230
9409,19232
9410,19234
9411,19236
9412,19238
9413,19240
9414,19245
9415,19249
9416,19252
9417,19255
9418,19258
9419,19261
9420,19263
9421,19265
9422,19267
9423,19269
9424,19275
9425,19280
9426,19284
9427,19288
9428,19291
9429,19294
9430,19296
9431,19298
9432,19300
9433,19302
9434,19308
9435,19313
9436,19317
9437,19320
9438,19323
9439,19326
9440,19328
9441,19330
9442,19332
9443,19334
9444,19339
9445,19344
9446,19347
9447,19350
9448,19353
9449,19355
9450,19357
9451,19359
9452,19361
9453,19363
9454,19368
9455,19372
9456,19375
9457,19378
9458,19381
9459,19383
9460,19385
9461,19387
9462,19389
9463,19391
9464,19396
9465,19400
9466,19403
9467,19406
9468,19409
9469,19411
9470,19413
9471,19415
9472,19417
9473,19419
9474,19424
9475,19428
9476,19431
9477,19434
9478,19437
9479,19439
9480,19441
9481,19443
9482,19445
9483,19447
9484,19452
9485,19456
9486,19459
9487,19462
9488,19465
9489,19467
9490,19469
9491,19471
9492,19473
9493,19475
9494,19479
9495,19483
9496,19487
9497,19491
9498,19494
9499,19497
9500,19500
9501,19502
9502,19504
9503,19506
9504,19512
9505,19516
9506,19520
9507,19523
9508,19526
9509,19529
9510,19531
9511,19533
9512,19535
9513,19537
9514,19542
9515,19546
9516,19549
9517,19552
9518,19555
9519,19557
9520,19559
9521,19561
9522,19563
9523,19564
9524,19569
9525,19573
9526,19577
9527,19580
9528,19583
9529,19585
9530,19587
9531,19589
9532,19591
9533,19592
9534,19597
9535,19601
9536,19604
9537,19607
9538,19610
9539,19612
9540,19614
9541,19616
9542,19618
9543,19620
9544,19625
9545,19629
9546,19632
9547,19635
9548,19638
9549,19640
9550,19642
9551,19644
9552,19646
9553,19648
9554,19652
9555,19656
9556,19659
9557,19662
9558,19665
9559,19667
9560,19669
9561,19671
9562,19673
9563,19675
9564,19679
9565,19683
9566,19686
9567,19689
9568,19692
9569,19695
9570,19698
9571,19700
9572,19702
9573,19704
9574,19710
9575,19714
9576,19718
9577,19721
9578,19724
9579,19727
9580,19729
9581,19731
9582,19733
9583,19735
9584,19740
9585,19744
9586,19748
9587,19751
9588,19754
9589,19756
9590,19758
9591,19760
9592,19762
9593,19764
9594,19769
9595,19774
9596,19777
9597,19780
9598,19783
9599,19785
9600,19787
9601,19789
9602,19791
9603,19793
9604,19798
9605,19803
9606,19807
9607,19810
9608,19813
9609,19815
9610,19817
9611,19819
9612,19821
9613,19823
9614,19828
9615,19832
9616,19836
9617,19839
9618,19842
9619,19844
9620,19846
9621,19848
9622,19850
9623,19852
9624,19857
9625,19861
9626,19864
9627,19867
9628,19870
9629,19872
9630,19874
9631,19876
9632,19878
9633,19880
9634,19885
9635,19889
9636,19893
9637,19896
9638,19899
9639,19902
9640,19904
9641,19906
9642,19909
9643,19911
9644,19917
9645,19923
9646,19927
9647,19931
9648,19934
9649,19937
9650,19939
9651,19941
9652,19943
9653,19945
9654,19950
9655,19955
9656,19959
9657,19962
9658,19965
9659,19968
9660,19970
9661,19972
9662,19974
9663,19975
9664,19980
9665,19984
9666,19988
9667,19991
9668,19994
9669,19996
9670,19998
9671,20000
9672,20002
9673,20004
9674,20009
9675,20013
9676,20016
9677,20019
9678,20022
9679,20024
9680,20026
9681,20028
9682,20030
9683,20032
9684,20037
9685,20041
9686,20044
9687,20047
9688,20050
9689,20052
9690,20054
9691,20056
9692,20058
9693,20060
9694,20065
9695,20069
9696,20072
9697,20075
9698,20078
9699,20080
9700,20082
9701,20084
9702,20086
9703,20088
9704,20092
9705,20096
9706,20099
9707,20102
9708,20105
9709,20107
9710,20109
9711,20111
9712,20113
9713,20115
9714,20119
9715,20124
9716,20128
9717,20132
9718,20135
9719,20138
9720,20141
9721,20143
9722,20145
9723,20147
9724,20153
9725,20158
9726,20162
9727,20165
9728,20168
9729,20171
9730,20173
9731,20175
9732,20177
9733,20178
9734,20183
9735,20187
9736,20191
9737,20194
9738,20197
9739,20199
9740,20201
9741,20203
9742,20205
9743,20206
9744,20211
9745,20215
9746,20218
9747,20221
9748,20224
9749,20226
9750,20228
9751,20230
9752,20232
9753,20234
9754,20239
9755,20243
9756,20246
9757,20249
9758,20252
9759,20254
9760,20256
9761,20258
9762,20260
9763,20262
9764,20267
9765,20271
9766,20274
9767,20277
9768,20280
9769,20282
9770,20284
9771,20286
9772,20288
9773,20290
9774,20295
9775,20299
9776,20302
9777,20305
9778,20308
9779,20310
9780,20312
9781,20314
9782,20316
9783,20318
9784,20322
9785,20326
9786,20329
9787,20332
9788,20336
9789,20339
9790,20342
9791,20344
9792,20346
9793,20348
9794,20354
9795,20358
9796,20362
9797,20365
9798,20368
9799,20371
9800,20373
9801,20375
9802,20377
9803,20379
9804,20384
9805,20389
9806,20393
9807,20396
9808,20399
9809,20402
9810,20404
9811,20406
9812,20408
9813,20410
9814,20415
9815,20419
9816,20423
9817,20426
9818,20429
9819,20431
9820,20433
9821,20435
9822,20437
9823,20439
9824,20444
9825,20449
9826,20453
9827,20456
9828,20459
9829,20461
9830,20463
9831,20465
9832,20467
9833,20469
9834,20474
9835,20478
9836,20482
9837,20485
9838,20488
9839,20490
9840,20492
9841,20494
9842,20496
9843,20498
9844,20503
9845,20507
9846,20510
9847,20513
9848,20516
9849,20518
9850,20520
9851,20522
9852,20524
9853,20526
9854,20531
9855,20535
9856,20538
9857,20541
9858,20544
9859,20546
9860,20548
9861,20551
9862,20553
9863,20555
9864,20561
9865,20566
9866,20570
9867,20574
9868,20577
9869,20580
9870,20582
9871,20584
9872,20586
9873,20588
9874,20593
9875,20597
9876,20601
9877,20604
9878,20607
9879,20609
9880,20611
9881,20613
9882,20615
9883,20617
9884,20622
9885,20626
9886,20629
9887,20632
9888,20635
9889,20637
9890,20639
9891,20641
9892,20643
9893,20644
9894,20649
9895,20653
9896,20656
9897,20659
9898,20662
9899,20664
9900,20666
9901,20668
9902,20670
9903,20672
9904,20677
9905,20681
9906,20684
9907,20687
9908,20690
9909,20692
9910,20694
9911,20696
9912,20698
9913,20700
9914,20705
9915,20709
9916,20712
9917,20715
9918,20718
9919,20720
9920,20722
9921,20724
9922,20726
9923,20728
9924,20733
9925,20737
9926,20740
9927,20743
9928,20746
9929,20748
9930,20750
9931,20752
9932,20754
9933,20756
9934,20763
9935,20768
9936,20772
9937,20776
9938,20779
9939,20782
9940,20784
9941,20786
9942,20788
9943,20790
9944,20795
9945,20799
9946,20803
9947,20806
9948,20809
9949,20811
9950,20813
9951,20815
9952,20817
9953,20819
9954,20824
9955,20828
9956,20831
9957,20834
9958,20837
9959,20839
9960,20841
9961,20843
9962,20845
9963,20847
9964,20852
9965,20856
9966,20859
9967,20862
9968,20865
9969,20867
9970,20869
9971,20871
9972,20873
9973,20875
9974,20880
9975,20884
9976,20887
9977,20890
9978,20893
9979,20895
9980,20897
9981,20899
9982,20901
9983,20903
9984,20907
9985,20911
9986,20914
9987,20917
9988,20920
9989,20922
9990,20924
9991,20926
9992,20928
9993,20930
9994,20935
9995,20939
9996,20942
9997,20945
9998,20948
9999,20950
10000,20952
10001,20954
10002,20956
10003,20958
10004,20963
10005,20967
10006,20970
10007,20974
10008,20978
10009,20981
10010,20984
10011,20987
10012,20989
10013,20991
10014,20997
10015,21002
10016,21007
10017,21010
10018,21013
10019,21016
10020,21018
10021,21020
10022,21022
10023,21024
10024,21029
10025,21034
10026,21038
10027,21041
10028,21044
10029,21047
10030,21049
10031,21051
10032,21053
10033,21055
10034,21060
10035,21064
10036,21067
10037,21070
10038,21073
10039,21075
10040,21077
10041,21079
10042,21081
10043,21083
10044,21088
10045,21092
10046,21095
10047,21098
10048,21101
10049,21103
10050,21105
10051,21107
10052,21109
10053,21111
10054,21115
10055,21119
10056,21122
10057,21125
10058,21128
10059,21131
10060,21133
10061,21135
10062,21137
10063,21139
10064,21144
10065,21148
10066,21151
10067,21154
10068,21157
10069,21159
10070,21161
10071,21163
10072,21165
10073,21167
10074,21172
10075,21176
10076,21179
10077,21182
10078,21185
10079,21187
10080,21190
10081,21193
10082,21195
10083,21197
10084,21203
10085,21207
10086,21211
10087,21214
10088,21217
10089,21220
10090,21222
10091,21224
10092,21226
10093,21228
10094,21233
10095,21237
10096,21241
10097,21244
10098,21247
10099,21250
10100,21252
10101,21254
10102,21256
10103,21258
10104,21263
10105,21267
10106,21270
10107,21273
10108,21276
10109,21278
10110,21280
10111,21282
10112,21284
10113,21286
10114,21290
10115,21294
10116,21297
10117,21300
10118,21303
10119,21305
10120,21307
10121,21309
10122,21311
10123,21313
10124,21317
10125,21321
10126,21324
10127,21327
10128,21330
10129,21332
10130,21334
10131,21336
10132,21338
10133,21340
10134,21344
10135,21348
10136,21351
10137,21354
10138,21357
10139,21360
10140,21362
10141,21364
10142,21366
10143,21368
10144,21372
10145,21376
10146,21379
10147,21382
10148,21385
10149,21387
10150,21389
10151,21391
10152,21393
10153,21395
10154,21401
10155,21406
10156,21410
10157,21414
10158,21417
10159,21420
10160,21422
10161,21424
10162,21426
10163,21428
10164,21434
10165,21439
10166,21443
10167,21446
10168,21449
10169,21452
10170,21454
10171,21456
10172,21458
10173,21459
10174,21464
10175,21468
10176,21472
10177,21475
10178,21478
10179,21480
10180,21482
10181,21484
10182,21486
10183,21488
10184,21493
10185,21497
10186,21500
10187,21503
10188,21506
10189,21508
10190,21510
10191,21512
10192,21514
10193,21516
10194,21520
10195,21524
10196,21527
10197,21530
10198,21533
10199,21535
10200,21537
10201,21539
10202,21541
10203,21543
10204,21547
10205,21551
10206,21554
10207,21557
10208,21560
10209,21562
10210,21564
10211,21566
10212,21568
10213,21570
10214,21574
10215,21578
10216,21581
10217,21584
10218,21587
10219,21589
10220,21591
10221,21593
10222,21595
10223,21597
10224,21602
10225,21606
10226,21611
10227,21615
10228,21618
10229,21621
10230,21624
10231,21626
10232,21628
10233,21630
10234,21635
10235,21639
10236,21643
10237,21646
10238,21649
10239,21652
10240,21654
10241,21656
10242,21658
10243,21660
10244,21665
10245,21670
10246,21674
10247,21677
10248,21680
10249,21682
10250,21684
10251,21686
10252,21688
10253,21690
10254,21695
10255,21699
10256,21703
10257,21706
10258,21709
10259,21711
10260,21713
10261,21715
10262,21717
10263,21719
10264,21724
10265,21728
10266,21731
10267,21734
10268,21737
10269,21739
10270,21741
10271,21743
10272,21745
10273,21747
10274,21752
10275,21756
10276,21759
10277,21762
10278,21765
10279,21767
10280,21769
10281,21771
10282,21773
10283,21775
10284,21780
10285,21784
10286,21787
10287,21790
10288,21793
10289,21795
10290,21797
10291,21799
10292,21801
10293,21803
10294,21808
10295,21812
10296,21815
10297,21818
10298,21821
10299,21824
10300,21827
10301,21830
10302,21832
10303,21834
10304,21840
10305,21845
10306,21849
10307,21852
10308,21855
10309,21858
10310,21860
10311,21862
10312,21864
10313,21866
10314,21871
10315,21875
10316,21879
10317,21882
10318,21885
10319,21887
10320,21889
10321,21891
10322,21893
10323,21895
10324,21900
10325,21904
10326,21907
10327,21910
10328,21913
10329,21915
10330,21917
10331,21919
10332,21921
10333,21923
10334,21928
10335,21932
10336,21935
10337,21938
10338,21941
10339,21943
10340,21945
10341,21947
10342,21949
10343,21951
10344,21956
10345,21960
10346,21964
10347,21967
10348,21970
10349,21972
10350,21974
10351,21976
10352,21978
10353,21980
10354,21985
10355,21989
10356,21992
10357,21995
10358,21998
10359,22000
10360,22002
10361,22004
10362,22006
10363,22008
10364,22013
10365,22017
10366,22020
10367,22023
10368,22026
10369,22028
10370,22030
10371,22032
10372,22035
10373,22037
10374,22043
10375,22048
10376,22052
10377,22056
10378,22059
10379,22062
10380,22064
10381,22066
10382,22068
10383,22070
10384,22076
10385,22080
10386,22084
10387,22087
10388,22090
10389,22093
10390,22095
10391,22097
10392,22099
10393,22101
10394,22106
10395,22110
10396,22113
10397,22116
10398,22119
10399,22121
10400,22123
10401,22125
10402,22127
10403,22129
10404,22134
10405,22138
10406,22141
10407,22144
10408,22147
10409,22149
10410,22151
10411,22153
10412,22155
10413,22157
10414,22162
10415,22166
10416,22169
10417,22172
10418,22175
10419,22177
10420,22179
10421,22181
10422,22183
10423,22185
10424,22189
10425,22193
10426,22196
10427,22199
10428,22202
10429,22204
10430,22206
10431,22208
10432,22210
10433,22212
10434,22216
10435,22220
10436,22223
10437,22226
10438,22229
10439,22231
10440,22233
10441,22235
10442,22237
10443,22239
10444,22243
10445,22248
10446,22253
10447,22257
10448,22260
10449,22263
10450,22266
10451,22268
10452,22270
10453,22272
10454,22278
10455,22283
10456,22287
10457,22290
10458,22293
10459,22296
10460,22298
10461,22300
10462,22302
10463,22304
10464,22309
10465,22313
10466,22317
10467,22320
10468,22323
10469,22326
10470,22328
10471,22330
10472,22332
10473,22334
10474,22339
10475,22343
10476,22346
10477,22349
10478,22352
10479,22354
10480,22356
10481,22358
10482,22360
10483,22362
10484,22367
10485,22371
10486,22374
10487,22377
10488,22380
10489,22382
10490,22384
10491,22386
10492,22388
10493,22390
10494,22394
10495,22398
10496,22402
10497,22405
10498,22408
10499,22410
10500,22412
10501,22414
10502,22416
10503,22418
10504,22423
10505,22427
10506,22430
10507,22433
10508,22436
10509,22439
10510,22441
10511,22443
10512,22445
10513,22447
10514,22452
10515,22456
10516,22459
10517,22462
10518,22466
10519,22469
10520,22472
10521,22475
10522,22477
10523,22479
10524,22485
10525,22490
10526,22494
10527,22498
10528,22501
10529,22504
10530,22506
10531,22508
10532,22510
10533,22512
10534,22517
10535,22521
10536,22525
10537,22528
10538,22531
10539,22533
10540,22535
10541,22537
10542,22539
10543,22541
10544,22546
10545,22550
10546,22553
10547,22556
10548,22559
10549,22561
10550,22563
10551,22565
10552,22567
10553,22569
10554,22574
10555,22578
10556,22581
10557,22584
10558,22587
10559,22590
10560,22592
10561,22594
10562,22596
10563,22598
10564,22603
10565,22607
10566,22610
10567,22613
10568,22616
10569,22618
10570,22620
10571,22622
10572,22624
10573,22626
10574,22630
10575,22634
10576,22637
10577,22640
10578,22643
10579,22645
10580,22647
10581,22649
10582,22651
10583,22653
10584,22657
10585,22661
10586,22664
10587,22667
10588,22670
10589,22672
10590,22674
10591,22677
10592,22680
10593,22683
10594,22689
10595,22695
10596,22700
10597,22704
10598,22707
10599,22710
10600,22712
10601,22714
10602,22716
10603,22718
10604,22724
10605,22728
10606,22732
10607,22735
10608,22738
10609,22740
10610,22741
10611,22742
10612,22743
10613,22744
10614,22745
10615,22746
10616,22747
10617,22748
10618,22749
10619,22750
10620,22751
10621,22752
10622,22753
10623,22754
10624,22756
10625,22758
10626,22759
10627,22760
10628,22761
10629,22762
10630,22763
10631,22764
10632,22765
10633,22766
10634,22768
10635,22770
10636,22772
10637,22774
10638,22776
10639,22778
10640,22779
10641,22780
10642,22781
10643,22782
10644,22784
10645,22786
10646,22788
10647,22790
10648,22792
10649,22794
10650,22796
10651,22798
10652,22800
10653,22802
10654,22804
10655,22806
10656,22808
10657,22810
10658,22812
10659,22814
10660,22816
10661,22818
10662,22820
10663,22822
10664,22825
10665,22828
10666,22830
10667,22832
10668,22834
10669,22836
10670,22838
10671,22840
10672,22842
10673,22844
10674,22847
10675,22850
10676,22852
10677,22854
10678,22856
10679,22858
10680,22860
10681,22862
10682,22864
10683,22866
10684,22869
10685,22872
10686,22875
10687,22878
10688,22880
10689,22882
10690,22884
10691,22886
10692,22888
10693,22890
10694,22892
10695,22894
10696,22896
10697,22898
10698,22900
10699,22902
10700,22904
10701,22906
10702,22908
10703,22910
10704,22913
10705,22915
10706,22917
10707,22919
10708,22921
10709,22923
10710,22925
10711,22927
10712,22929
10713,22931
10714,22934
10715,22937
10716,22939
10717,22941
10718,22943
10719,22946
10720,22948
10721,22950
10722,22952
10723,22954
10724,22957
10725,22960
10726,22963
10727,22965
10728,22967
10729,22969
10730,22971
10731,22973
10732,22975
10733,22977
10734,22980
10735,22983
10736,22986
10737,22989
10738,22992
10739,22995
10740,22998
10741,23001
10742,23004
10743,23007
10744,23011
10745,23014
10746,23017
10747,23020
10748,23023
10749,23026
10750,23029
10751,23032
10752,23035
10753,23038
10754,23041
10755,23045
10756,23049
10757,23052
10758,23055
10759,23058
10760,23061
10761,23064
10762,23067
10763,23070
10764,23074
10765,23078
10766,23081
10767,23084
10768,23087
10769,23090
10770,23093
10771,23096
10772,23099
10773,23102
10774,23105
10775,23108
10776,23111
10777,23114
10778,23117
10779,23120
10780,23123
10781,23126
10782,23129
10783,23131
10784,23134
10785,23137
10786,23140
10787,23143
10788,23146
10789,23149
10790,23152
10791,23155
10792,23157
10793,23159
10794,23162
10795,23165
10796,23168
10797,23171
10798,23174
10799,23177
10800,23180
10801,23183
10802,23185
10803,23187
10804,23190
10805,23193
10806,23196
10807,23199
10808,23202
10809,23205
10810,23221
10811,23235
10812,23248
10813,23259
10814,23273
10815,23285
10816,23295
10817,23303
10818,23310
10819,23316
10820,23321
10821,23326
10822,23330
10823,23334
10824,23341
10825,23348
10826,23353
10827,23357
10828,23361
10829,23365
10830,23368
10831,23371
10832,23373
10833,23375
10834,23380
10835,23384
10836,23388
10837,23392
10838,23395
10839,23398
10840,23400
10841,23402
10842,23404
10843,23406
10844,23411
10845,23415
10846,23419
10847,23422
10848,23425
10849,23427
10850,23429
10851,23431
10852,23433
10853,23435
10854,23439
10855,23443
10856,23446
10857,23449
10858,23452
10859,23454
10860,23456
10861,23458
10862,23460
10863,23462
10864,23466
10865,23470
10866,23473
10867,23476
10868,23479
10869,23481
10870,23483
10871,23485
10872,23487
10873,23489
10874,23493
10875,23497
10876,23500
10877,23503
10878,23506
10879,23508
10880,23510
10881,23512
10882,23514
10883,23516
10884,23522
10885,23527
10886,23531
10887,23535
10888,23536
10889,23537
10890,23538
10891,23539
10892,23540
10893,23541
10894,23542
10895,23543
10896,23544
10897,23545
10898,23546
10899,23547
10900,23548
10901,23549
10902,23550
10903,23551
10904,23553
10905,23554
10906,23555
10907,23556
10908,23557
10909,23558
10910,23559
10911,23560
10912,23561
10913,23562
10914,23564
10915,23566
10916,23568
10917,23570
10918,23572
10919,23574
10920,23576
10921,23578
10922,23579
10923,23580
10924,23582
10925,23584
10926,23586
10927,23588
10928,23590
10929,23592
10930,23594
10931,23596
10932,23598
10933,23600
10934,23602
10935,23604
10936,23606
10937,23608
10938,23610
10939,23612
10940,23614
10941,23616
10942,23618
10943,23620
10944,23622
10945,23624
10946,23626
10947,23628
10948,23630
10949,23632
10950,23634
10951,23636
10952,23638
10953,23640
10954,23642
10955,23644
10956,23647
10957,23650
10958,23652
10959,23654
10960,23656
10961,23658
10962,23660
10963,23662
10964,23665
10965,23668
10966,23671
10967,23674
10968,23677
10969,23679
10970,23681
10971,23683
10972,23685
10973,23687
10974,23690
10975,23692
10976,23694
10977,23696
10978,23698
10979,23700
10980,23702
10981,23704
10982,23706
10983,23708
10984,23711
10985,23713
10986,23715
10987,23717
10988,23719
10989,23721
10990,23723
10991,23725
10992,23727
10993,23729
10994,23732
10995,23735
10996,23737
10997,23739
10998,23741
10999,23743
11000,23745
11001,23747
11002,23749
11003,23751
11004,23754
11005,23757
11006,23760
11007,23763
11008,23765
11009,23767
11010,23769
11011,23771
11012,23773
11013,23775
11014,23778
11015,23781
11016,23784
11017,23787
11018,23790
11019,23792
11020,23794
11021,23796
11022,23798
11023,23800
11024,23803
11025,23806
11026,23809
11027,23812
11028,23815
11029,23818
11030,23821
11031,23824
11032,23827
11033,23830
11034,23834
11035,23837
11036,23840
11037,23843
11038,23846
11039,23849
11040,23852
11041,23855
11042,23858
11043,23861
11044,23865
11045,23868
11046,23871
11047,23874
11048,23877
11049,23880
11050,23883
11051,23886
11052,23889
11053,23892
11054,23896
11055,23900
11056,23903
11057,23906
11058,23909
11059,23912
11060,23915
11061,23918
11062,23921
11063,23924
11064,23928
11065,23931
11066,23934
11067,23937
11068,23940
11069,23943
11070,23946
11071,23949
11072,23952
11073,23954
11074,23957
11075,23960
11076,23963
11077,23966
11078,23969
11079,23972
11080,23975
11081,23978
11082,23980
11083,23982
11084,23985
11085,23988
11086,23991
11087,23994
11088,23997
11089,24000
11090,24003
11091,24006
11092,24009
11093,24011
11094,24014
11095,24017
11096,24020
11097,24023
11098,24026
11099,24029
11100,24032
11101,24035
11102,24051
11103,24065
11104,24068
11105,24071
11106,24073
11107,24075
11108,24077
11109,24079
11110,24081
11111,24083
11112,24085
11113,24087
11114,24090
11115,24093
11116,24096
11117,24099
11118,24102
11119,24105
11120,24107
11121,24109
11122,24111
11123,24113
11124,24116
11125,24119
11126,24122
11127,24124
11128,24126
11129,24128
11130,24130
11131,24132
11132,24134
11133,24136
11134,24139
11135,24142
11136,24144
11137,24146
11138,24148
11139,24150
11140,24152
11141,24154
11142,24156
11143,24158
11144,24161
11145,24164
11146,24167
11147,24169
11148,24171
11149,24173
11150,24175
11151,24177
11152,24179
11153,24181
11154,24184
11155,24187
11156,24190
11157,24193
11158,24196
11159,24198
11160,24200
11161,24202
11162,24204
11163,24206
11164,24209
11165,24212
11166,24215
11167,24218
11168,24221
11169,24224
11170,24226
11171,24228
11172,24230
11173,24232
11174,24235
11175,24238
11176,24241
11177,24244
11178,24247
11179,24250
11180,24253
11181,24256
11182,24259
11183,24262
11184,24266
11185,24269
11186,24272
11187,24275
11188,24278
11189,24281
11190,24284
11191,24287
11192,24290
11193,24293
11194,24297
11195,24300
11196,24303
11197,24306
11198,24309
11199,24312
11200,24315
11201,24318
11202,24321
11203,24324
11204,24327
11205,24331
11206,24334
11207,24337
11208,24340
11209,24343
11210,24346
11211,24349
11212,24352
11213,24355
11214,24358
11215,24361
11216,24364
11217,24366
11218,24368
11219,24370
11220,24372
11221,24374
11222,24376
11223,24378
11224,24381
11225,24384
11226,24387
11227,24390
11228,24392
11229,24394
11230,24396
11231,24398
11232,24400
11233,24402
11234,24405
11235,24408
11236,24411
11237,24414
11238,24417
11239,24419
11240,24421
11241,24423
11242,24425
11243,24427
11244,24430
11245,24433
11246,24436
11247,24439
11248,23850
11249,23234
11250,22574
11251,21893
11252,21148
11253,20329
11254,19439
11255,18541
11256,17595
11257,16803
11258,16012
11259,15215
11260,14413
11261,13588
11262,12769
11263,11938
11264,11138
11265,10386
11266,9672
11267,8971
11268,8294
11269,7583
11270,6811
11271,6078
11272,5368
11273,4686
11274,4067
11275,3480
11276,2904
11277,2434
11278,2009
11279,1620
11280,1322
11281,1062
11282,886
11283,764
11284,663
11285,575
11286,506
11287,432
11288,377
11289,320
11290,275
11291,225
11292,175
11293,128
11294,30
11295,30
11296,30
11297,30
11298,30
11299,30
11300,30
11301,30
11302,30
11303,30
11304,30
11305,30
11306,30
11307,30
11308,30
11309,30
11310,30
11311,30
11312,30
11313,30
11314,30
11315,30
11316,30
11317,30
11318,30
11319,30
11320,30
11321,30
11322,30
11323,30
11324,30
11325,30
11326,30
11327,30
11328,30
11329,30
11330,30
11331,30
11332,30
11333,30
11334,30
11335,30
11336,30
11337,30
11338,30
11339,30
11340,30
11341,30
11342,30
11343,30
11344,30
11345,30
11346,30
11347,30
11348,30
11349,30
11350,30
11351,30
11352,30
11353,30
11354,30
11355,30
11356,30
11357,30
11358,30
11359,30
11360,30
11361,30
11362,30
11363,30
11364,30
11365,30
11366,30
11367,30
11368,30
11369,30
11370,30
11371,30
11372,30
11373,30
11374,30
11375,30
11376,30
11377,30
11378,30
11379,30
11380,30
11381,30
11382,30
11383,30
11384,30
11385,30
11386,30
11387,30
11388,30
11389,30
11390,30
11391,30
11392,30
11393,30
11394,30
11395,30
11396,30
11397,30
11398,30
11399,30
11400,30
11401,30
11402,30
11403,30
11404,30
11405,30
11406,30
11407,30
11408,30
11409,30
11410,30
11411,30
11412,30
11413,30
11414,30
11415,30
11416,30
11417,30
11418,30
11419,30
11420,30
11421,30
11422,30
11423,30
11424,30
11425,30
11426,30
11427,30
11428,30
11429,30
11430,30
11431,30
11432,30
11433,30
11434,30
11435,30
11436,30
11437,30
11438,30
11439,30
11440,30
11441,30
11442,30
11443,30
11444,30
11445,30
11446,30
11447,30
11448,30
11449,30
11450,30
11451,30
11452,30
11453,30
11454,30
11455,30
11456,30
11457,30
11458,30
11459,30
11460,30
11461,30
11462,30
11463,30
11464,30
11465,30
11466,30
11467,30
11468,30
11469,30
11470,30
11471,30
11472,30
11473,30
11474,30
11475,30
11476,30
11477,30
11478,30
11479,30
11480,30
11481,30
11482,30
11483,30
11484,30
11485,30
11486,30
11487,30
11488,30
11489,30
11490,30
11491,30
11492,30
11493,30
11494,30
11495,30
11496,30
11497,30
11498,30
11499,30
11500,30
11501,30
11502,30
11503,30
11504,30
11505,30
11506,30
11507,30
11508,30
11509,30
11510,30
11511,30
11512,30
11513,30
11514,30
11515,30
11516,30
11517,30
11518,30
11519,30
11520,30
11521,30
11522,30
11523,30
11524,30
11525,29
11526,0
11527,0
11528,0
11529,0
11530,0
11531,0
11532,0
11533,0
11534,0
11535,0
11536,0
11537,0
11538,0
11539,0
11540,0
11541,0
11542,0
11543,0
11544,0
11545,0
11546,0
11547,0
11548,0
11549,0
11550,0
11551,0
11552,0
11553,0
11554,0
11555,0
11556,0
11557,0
11558,0
11559,0
11560,0
11561,0
11562,0
11563,0
11564,0
11565,0
11566,0
11567,0
11568,0
11569,0
11570,0
11571,0
11572,0
11573,0
11574,0
11575,0
11576,0
11577,0
11578,0
11579,0
11580,0
11581,0
11582,0
11583,0
11584,0
11585,0
11586,0
11587,0
11588,0
11589,0
11590,0
11591,0
11592,0
11593,0
11594,0
11595,0
11596,0
11597,0
11598,0
11599,0
11600,0
11601,0
11602,0
11603,0
11604,0
11605,0
11606,0
11607,0
11608,0
11609,0
11610,0
11611,0
11612,0
11613,0
11614,0
11615,0
11616,0
11617,0
11618,0
11619,0
11620,0
11621,0
11622,0
11623,0
11624,0
11625,0
11626,0
11627,0
11628,0
11629,0
11630,0
11631,0
11632,0
11633,0
11634,0
11635,0
11636,0
11637,0
11638,0
11639,0
11640,0
11641,0
11642,0
11643,0
11644,0
11645,0
11646,0
11647,0
11648,0
11649,0
11650,0
11651,0
11652,0
11653,0
11654,0
11655,0
11656,0
11657,0
11658,0
11659,0
11660,0
11661,0
11662,0
11663,0
11664,0
11665,0
11666,0
11667,0
11668,0
11669,0
11670,0
11671,0
11672,0
11673,0
11674,0
11675,0
11676,0
11677,0
11678,0
11679,0
11680,0
11681,0
11682,0
11683,0
11684,0
11685,0
11686,0
11687,0
11688,0
11689,0
11690,0
11691,0
11692,0
11693,0
11694,0
11695,0
11696,0
11697,0
11698,0
11699,0
11700,0
11701,0
11702,0
11703,0
11704,0
11705,0
11706,0
11707,0
11708,0
11709,0
11710,0
11711,0
11712,0
11713,0
11714,0
11715,0
11716,0
11717,0
11718,0
11719,0
11720,0
11721,0
11722,0
11723,0
11724,0
11725,0
11726,0
11727,0
11728,0
11729,0
11730,0
11731,0
11732,0
11733,0
11734,0
11735,0
11736,0
11737,0
11738,0
11739,0
11740,0
11741,0
11742,0
11743,0
11744,0
11745,0
11746,0
11747,0
11748,0
11749,0
11750,0
11751,0
11752,0
11753,0
11754,0
11755,0
11756,0
11757,0
11758,0
11759,0
11760,0
11761,0
11762,0
11763,0
11764,0
11765,0
11766,0
11767,0
11768,0
11769,0
11770,0
11771,0
11772,0
11773,0
11774,0
11775,0
11776,0
11777,0
11778,0
11779,0
11780,0
11781,0
11782,0
11783,0
11784,0
11785,0
11786,0
11787,0
11788,0
11789,0
11790,0
11791,0
11792,0
11793,0
11794,0
11795,0
11796,0
11797,0
11798,0
11799,0
11800,0
11801,0
11802,0
11803,0
11804,0
11805,0
11806,0
11807,0
11808,0
11809,0
11810,0
11811,0
11812,0
11813,0
11814,0
11815,0
11816,0
11817,0
11818,0
11819,0
11820,0
11821,0
11822,0
11823,0
11824,0
11825,0
11826,0
11827,0
11828,0
11829,0
11830,0
11831,0
11832,0
11833,0
11834,0
11835,0
11836,0
11837,0
11838,0
11839,0
11840,0
11841,0
11842,0
11843,0
11844,0
11845,0
11846,0
11847,0
11848,0
11849,0
11850,0
11851,0
11852,0
11853,0
11854,0
11855,0
11856,0
11857,0
11858,0
11859,0
11860,0
11861,0
11862,0
11863,0
11864,0
11865,0
11866,0
11867,0
11868,0
11869,0
11870,0
11871,0
11872,0
11873,0
11874,0
11875,0
11876,0
11877,0
11878,0
11879,0
11880,0
11881,0
11882,0
11883,0
11884,0
11885,0
11886,0
11887,0
11888,0
11889,0
11890,0
11891,0
11892,0
11893,0
11894,0
11895,0
11896,0
11897,0
11898,0
11899,0
11900,0
11901,0
11902,0
11903,0
11904,0
11905,0
11906,0
11907,0
11908,0
11909,0
11910,0
11911,0
11912,0
11913,0
11914,0
11915,0
11916,0
11917,0
11918,0
11919,0
11920,0
11921,0
11922,0
11923,0
11924,0
11925,0
11926,0
11927,0
11928,0
11929,0
11930,0
11931,0
11932,0
11933,0
11934,0
11935,0
11936,0
11937,0
11938,0
11939,0
11940,0
11941,0
11942,0
11943,0
11944,0
11945,0
11946,0
11947,0
11948,0
11949,0
11950,0
11951,0
11952,0
11953,0
11954,0
11955,0
11956,0
11957,0
11958,0
11959,0
11960,0
11961,0
11962,0
11963,0
11964,0
11965,0
11966,0
11967,0
11968,0
11969,0
11970,0
11971,0
11972,0
11973,0
11974,0
11975,0
11976,0
11977,0
11978,0
11979,0
11980,0
11981,0
11982,0
11983,0
11984,0
11985,0
11986,0
11987,0
11988,0
11989,0
11990,0
11991,0
11992,0
11993,0
11994,0
11995,0
11996,0
11997,0
11998,0
11999,0
12000,0
12001,0
12002,0
12003,0
12004,0
12005,0
12006,0
12007,0
12008,0
12009,0
12010,0
12011,0
12012,0
12013,0
12014,0
12015,0
12016,0
12017,0
12018,0
12019,0
12020,0
12021,0
12022,0
12023,0
12024,0
12025,0
12026,0
12027,0
12028,0
12029,0
12030,0
12031,0
12032,0
12033,0
12034,0
12035,0
12036,0
12037,0
12038,0
12039,0
12040,0
12041,0
12042,0
12043,0
12044,0
12045,0
12046,0
12047,0
12048,0
12049,0
12050,0
12051,0
12052,0
12053,0
12054,0
12055,0
12056,0
12057,0
12058,0
12059,0
12060,0
12061,0
12062,0
12063,0
12064,0
12065,0
12066,0
12067,0
12068,0
12069,0
12070,0
12071,0
12072,0
12073,0
12074,0
12075,0
12076,0
12077,0
12078,0
12079,0
12080,0
12081,0
12082,0
12083,0
12084,0
12085,0
12086,0
12087,0
12088,0
12089,0
12090,0
12091,0
12092,0
12093,0
12094,0
12095,0
12096,0
12097,0
12098,0
12099,0
12100,0
12101,0
12102,0
12103,0
12104,0
12105,0
12106,0
12107,0
12108,0
12109,0
12110,0
12111,0
12112,0
12113,0
12114,0
12115,0
12116,0
12117,0
12118,0
12119,0
12120,0
12121,0
12122,0
12123,0
12124,0
12125,0
12126,0
12127,0
12128,0
12129,0
12130,0
12131,0
12132,0
12133,0
12134,0
12135,0
12136,0
12137,0
12138,0
12139,0
12140,0
12141,0
12142,0
12143,0
12144,0
12145,0
12146,0
12147,0
12148,0
12149,0
12150,0
12151,0
12152,0
12153,0
12154,0
12155,0
12156,0
12157,0
12158,0
12159,0
12160,0
12161,0
12162,0
12163,0
12164,0
12165,0
12166,0
12167,0
12168,0
12169,0
12170,0
12171,0
12172,0
12173,0
12174,0
12175,0
12176,0
12177,0
12178,0
12179,0
12180,0
12181,0
12182,0
12183,0
12184,0
12185,0
12186,0
12187,0
12188,0
12189,0
12190,0
12191,0
12192,0
12193,0
12194,0
12195,0
12196,0
12197,0
12198,0
12199,0
12200,0
12201,0
12202,0
12203,0
12204,0
12205,0
12206,0
12207,0
12208,0
12209,0
12210,0
12211,0
12212,0
12213,0
12214,0
12215,0
12216,0
12217,0
12218,0
12219,0
12220,0
12221,0
12222,0
12223,0
12224,0
12225,0
12226,0
12227,0
12228,0
12229,0
12230,0
12231,0
12232,0
12233,0
12234,0
12235,0
12236,0
12237,0
12238,0
12239,0
12240,0
12241,0
12242,0
12243,0
12244,0
12245,0
12246,0
12247,0
12248,0
12249,0
12250,0
12251,0
12252,0
12253,0
12254,0
12255,0
12256,0
12257,0
12258,0
12259,0
12260,0
12261,0
12262,0
12263,0
12264,0
12265,0
12266,0
12267,0
12268,0
12269,0
12270,0
12271,0
12272,0
12273,0
12274,0
12275,0
12276,0
12277,0
12278,0
12279,0
12280,0
12281,0
12282,0
12283,0
12284,0
12285,0
12286,0
12287,0
12288,0
12289,0
12290,0
12291,0
12292,0
12293,0
12294,0
12295,0
12296,0
12297,0
12298,0
12299,0
12300,0
12301,0
12302,0
12303,0
12304,0
12305,0
12306,0
12307,0
12308,0
12309,0
12310,0
12311,0
12312,0
12313,0
12314,0
12315,0
12316,0
12317,0
12318,0
12319,0
12320,0
12321,0
12322,0
12323,0
12324,0
12325,0
12326,0
12327,0
12328,0
12329,0
12330,0
12331,0
12332,0
12333,0
12334,0
12335,0
12336,0
12337,0
12338,0
12339,0
12340,0
12341,0
12342,0
12343,0
12344,0
12345,0
12346,0
12347,0
12348,0
12349,0
12350,0
12351,0
12352,0
12353,0
12354,0
12355,0
12356,0
12357,0
12358,0
12359,0
12360,0
12361,0
12362,0
12363,0
12364,0
12365,0
12366,0
12367,0
12368,0
12369,0
12370,0
12371,0
12372,0
12373,0
12374,0
12375,0
12376,0
12377,0
12378,0
12379,0
12380,0
12381,0
12382,0
12383,0
12384,0
12385,0
12386,0
12387,0
12388,0
12389,0
12390,0
12391,0
12392,0
12393,0
12394,0
12395,0
12396,0
12397,0
12398,0
12399,0
12400,0
12401,0
12402,0
12403,0
12404,0
12405,0
12406,0
12407,0
12408,0
12409,0
12410,0
12411,0
12412,0
12413,0
12414,0
12415,0
12416,0
12417,0
12418,0
12419,0
12420,0
12421,0
12422,0
12423,0
12424,0
12425,0
12426,0
12427,0
12428,0
12429,0
12430,0
12431,0
12432,0
12433,0
12434,0
12435,0
12436,0
12437,0
12438,0
12439,0
12440,0
12441,0
12442,0
12443,0
12444,0
12445,0
12446,0
12447,0
12448,0
12449,0
12450,0
12451,0
12452,0
12453,0
12454,0
12455,0
12456,0
12457,0
12458,0
12459,0
12460,0
12461,0
12462,0
12463,0
12464,0
12465,0
12466,0
12467,0
12468,0
12469,0
12470,0
12471,0
12472,0
12473,0
12474,0
12475,0
12476,0
12477,0
12478,0
12479,0
12480,0
12481,0
12482,0
12483,0
12484,0
12485,0
12486,0
12487,0
12488,0
12489,0
12490,0
12491,0
12492,0
12493,0
12494,0
12495,0
12496,0
12497,0
12498,0
12499,0
12500,0
12501,0
12502,0
12503,0
12504,0
12505,0
12506,0
12507,0
12508,0
12509,0
12510,0
12511,0
12512,0
12513,0
12514,0
12515,0
12516,0
12517,0
12518,0
12519,0
12520,0
12521,0
12522,0
12523,0
12524,0
12525,0
12526,0
12527,0
12528,0
12529,0
12530,0
12531,0
12532,0
12533,0
12534,0
12535,0
12536,0
12537,0
12538,0
12539,0
12540,0
12541,0
12542,0
12543,0
12544,0
12545,0
12546,0
12547,0
12548,0
12549,0
12550,0
12551,0
12552,0
12553,0
12554,0
12555,0
12556,0
12557,0
12558,0
12559,0
12560,0
12561,0
12562,0
12563,0
12564,0
12565,0
12566,0
12567,0
12568,0
12569,0
12570,0
12571,0
12572,0
12573,0
12574,0
12575,0
12576,0
12577,0
12578,0
12579,0
12580,0
12581,0
12582,0
12583,0
12584,0
12585,0
12586,0
12587,0
12588,0
12589,0
12590,0
12591,0
12592,0
12593,0
12594,0
12595,0
12596,0
12597,0
12598,0
12599,0
12600,0
12601,0
12602,0
12603,0
12604,0
12605,0
12606,0
12607,0
12608,0
12609,0
12610,0
12611,0
12612,0
12613,0
12614,0
12615,0
12616,0
12617,0
12618,0
12619,0
12620,0
12621,0
12622,0
12623,0
12624,0
12625,0
12626,0
12627,0
12628,0
12629,0
12630,0
12631,0
12632,0
12633,0
12634,0
12635,0
12636,0
12637,0
12638,0
12639,0
12640,0
12641,0
12642,0
12643,0
12644,0
12645,0
12646,0
12647,0
12648,0
12649,0
12650,0
12651,0
12652,0
12653,0
12654,0
12655,0
12656,0
12657,0
12658,0
12659,0
12660,0
12661,0
12662,0
12663,0
12664,0
12665,0
12666,0
12667,0
12668,0
12669,0
12670,0
12671,0
12672,0
12673,0
12674,0
12675,0
12676,0
12677,0
12678,0
12679,0
12680,0
12681,0
12682,0
12683,0
12684,0
12685,0
12686,0
12687,0
12688,0
12689,0
12690,0
12691,0
12692,0
12693,0
12694,0
12695,0
12696,0
12697,0
12698,0
12699,0
12700,0
12701,0
12702,0
12703,0
12704,0
12705,0
12706,0
12707,0
12708,0
12709,0
12710,0
12711,0
12712,0
12713,0
12714,0
12715,0
12716,0
12717,0
12718,0
12719,0
12720,0
12721,0
12722,0
12723,0
12724,0
12725,0
12726,0
12727,0
12728,0
12729,0
12730,0
12731,0
12732,0
12733,0
12734,0
12735,0
12736,0
12737,0
12738,0
12739,0
12740,0
12741,0
12742,0
12743,0
12744,0
12745,0
12746,0
12747,0
12748,0
12749,0
12750,0
12751,0
12752,0
12753,0
12754,0
12755,0
12756,0
12757,0
12758,0
12759,0
12760,0
12761,0
12762,0
12763,0
12764,0
12765,0
12766,0
12767,0
12768,0
12769,0
12770,0
12771,0
12772,0
12773,0
12774,0
12775,0
12776,0
12777,0
12778,0
12779,0
12780,0
12781,0
12782,0
12783,0
12784,0
12785,0
12786,0
12787,0
12788,0
12789,0
12790,0
12791,0
12792,0
12793,0
12794,0
12795,0
12796,0
12797,0
12798,0
12799,0
12800,0
12801,0
12802,0
12803,0
12804,0
12805,0
12806,0
12807,0
12808,0
12809,0
12810,0
12811,0
12812,0
12813,0
12814,0
12815,0
12816,0
12817,0
12818,0
12819,0
12820,0
12821,0
12822,0
12823,0
12824,0
12825,0
12826,0
12827,0
12828,0
12829,0
12830,0
12831,0
12832,0
12833,0
12834,0
12835,0
12836,0
12837,0
12838,0
12839,0
12840,0
12841,0
12842,0
12843,0
12844,0
12845,0
12846,0
12847,0
12848,0
12849,0
12850,0
12851,0
12852,0
12853,0
12854,0
12855,0
12856,0
12857,0
12858,0
12859,0
12860,0
12861,0
12862,0
12863,0
12864,0
12865,0
12866,0
12867,0
12868,0
12869,0
12870,0
12871,0
12872,0
12873,0
12874,0
12875,0
12876,0
12877,0
12878,0
12879,0
12880,0
12881,0
12882,0
12883,0
12884,0
12885,0
12886,0
12887,0
12888,0
12889,0
12890,0
12891,0
12892,0
12893,0
12894,0
12895,0
12896,0
12897,0
12898,0
12899,0
12900,0
12901,0
12902,0
12903,0
12904,0
12905,0
12906,0
12907,0
12908,0
12909,0
12910,0
12911,0
12912,0
12913,0
12914,0
12915,0
12916,0
12917,0
12918,0
12919,0
12920,0
12921,0
12922,0
12923,0
12924,0
12925,0
12926,0
12927,0
12928,0
12929,0
12930,0
12931,0
12932,0
12933,0
12934,0
12935,0
12936,0
12937,0
12938,0
12939,0
12940,0
12941,0
12942,0
12943,0
12944,0
12945,0
12946,0
12947,0
12948,0
12949,0
12950,0
12951,0
12952,0
12953,0
12954,0
12955,0
12956,0
12957,0
12958,0
12959,0
12960,0
12961,0
12962,0
12963,0
12964,0
12965,0
12966,0
12967,0
12968,0
12969,0
12970,0
12971,0
12972,0
12973,0
12974,0
12975,0
12976,0
12977,0
12978,0
12979,0
12980,0
12981,0
12982,0
12983,0
12984,0
12985,0
12986,0
12987,0
12988,0
12989,0
12990,0
12991,0
12992,0
12993,0
12994,0
12995,0
12996,0
12997,0
12998,0
12999,0
13000,0
13001,0
13002,0
13003,0
13004,0
13005,0
13006,0
13007,0
13008,0
13009,0
13010,0
13011,0
13012,0
13013,0
13014,0
13015,0
13016,0
13017,0
13018,0
13019,0
13020,0
13021,0
13022,0
13023,0
13024,0
13025,0
13026,0
13027,0
13028,0
13029,0
13030,0
13031,0
13032,0
13033,0
13034,0
13035,0
13036,0
13037,0
13038,0
13039,0
13040,0
13041,0
13042,0
13043,0
13044,0
13045,0
13046,0
13047,0
13048,0
13049,0
13050,0
13051,0
13052,0
13053,0
13054,0
13055,0
13056,0
13057,0
13058,0
13059,0
13060,0
13061,0
13062,0
13063,0
13064,0
13065,0
13066,0
13067,0
13068,0
13069,0
13070,0
13071,0
13072,0
13073,0
13074,0
13075,0
13076,0
13077,0
13078,0
13079,0
13080,0
13081,0
13082,0
13083,0
13084,0
13085,0
13086,0
13087,0
13088,0
13089,0
13090,0
13091,0
13092,0
13093,0
13094,0
13095,0
13096,0
13097,0
13098,0
13099,0
13100,0
13101,0
13102,0
13103,0
13104,0
13105,0
13106,0
13107,0
13108,0
13109,0
13110,0
13111,0
13112,0
13113,0
13114,0
13115,0
13116,0
13117,0
13118,0
13119,0
13120,0
13121,0
13122,0
13123,0
13124,0
13125,0
13126,0
13127,0
13128,0
13129,0
13130,0
13131,0
13132,0
13133,0
13134,0
13135,0
13136,0
13137,0
13138,0
13139,0
13140,0
13141,0
13142,0
13143,0
13144,0
13145,0
13146,0
13147,0
13148,0
13149,0
13150,0
13151,0
13152,0
13153,0
13154,0
13155,0
13156,0
13157,0
13158,0
13159,0
13160,0
13161,0
13162,0
13163,0
13164,0
13165,0
13166,0
13167,0
13168,0
13169,0
13170,0
13171,0
13172,0
13173,0
13174,0
13175,0
13176,0
13177,0
13178,0
13179,0
13180,0
13181,0
13182,0
13183,0
13184,0
13185,0
13186,0
13187,0
13188,0
13189,0
13190,0
13191,0
13192,0
13193,0
13194,0
13195,0
13196,0
13197,0
13198,0
13199,0
13200,0
13201,0
13202,0
13203,0
13204,0
13205,0
13206,0
13207,0
13208,0
13209,0
13210,0
13211,0
13212,0
13213,0
13214,0
13215,0
13216,0
13217,0
13218,0
13219,0
13220,0
13221,0
13222,0
13223,0
13224,0
13225,0
13226,0
13227,0
13228,0
13229,0
13230,0
13231,0
13232,0
13233,0
13234,0
13235,0
13236,0
13237,0
13238,0
13239,0
13240,0
13241,0
13242,0
13243,0
13244,0
13245,0
13246,0
13247,0
13248,0
13249,0
13250,0
13251,0
13252,0
13253,0
13254,0
13255,0
13256,0
13257,0
13258,0
13259,0
13260,0
13261,0
13262,0
13263,0
13264,0
13265,0
13266,0
13267,0
13268,0
13269,0
13270,0
13271,0
13272,0
13273,0
13274,0
13275,0
13276,0
13277,0
13278,0
13279,0
13280,0
13281,0
13282,0
13283,0
13284,0
13285,0
13286,0
13287,0
13288,0
13289,0
13290,0
13291,0
13292,0
13293,0
13294,0
13295,0
13296,0
13297,0
13298,0
13299,0
13300,0
13301,0
13302,0
13303,0
13304,0
13305,0
13306,0
13307,0
13308,0
13309,0
13310,0
13311,0
13312,0
13313,0
13314,0
13315,0
13316,0
13317,0
13318,0
13319,0
13320,0
13321,0
13322,0
13323,0
13324,0
13325,0
13326,0
13327,0
13328,0
13329,0
13330,0
13331,0
13332,0
13333,0
13334,0
13335,0
13336,0
13337,0
13338,0
13339,0
13340,0
13341,0
13342,0
13343,0
13344,0
13345,0
13346,0
13347,0
13348,0
13349,0
13350,0
13351,0
13352,0
13353,0
13354,0
13355,0
13356,0
13357,0
13358,0
13359,0
13360,0
13361,0
13362,0
13363,0
13364,0
13365,0
13366,0
13367,0
13368,0
13369,0
13370,0
13371,0
13372,0
13373,0
13374,0
13375,0
13376,0
13377,0
13378,0
13379,0
13380,0
13381,0
13382,0
13383,0
13384,0
13385,0
13386,0
13387,0
13388,0
13389,0
13390,0
13391,0
13392,0
13393,0
13394,0
13395,0
13396,0
13397,0
13398,0
13399,0
13400,0
13401,0
13402,0
13403,0
13404,0
13405,0
13406,0
13407,0
13408,0
13409,0
13410,0
13411,0
13412,0
13413,0
13414,0
13415,0
13416,0
13417,0
13418,0
13419,0
13420,0
13421,0
13422,0
13423,0
13424,0
13425,0
13426,0
13427,0
13428,0
13429,0
13430,0
13431,0
13432,0
13433,0
13434,0
13435,0
13436,0
13437,0
13438,0
13439,0
13440,0
13441,0
13442,0
13443,0
13444,0
13445,0
13446,0
13447,0
13448,0
13449,0
13450,0
13451,0
13452,0
13453,0
13454,0
13455,0
13456,0
13457,0
13458,0
13459,0
13460,0
13461,0
13462,0
13463,0
13464,0
13465,0
13466,0
13467,0
13468,0
13469,0
13470,0
13471,0
13472,0
13473,0
13474,0
13475,0
13476,0
13477,0
13478,0
13479,0
13480,0
13481,0
13482,0
13483,0
13484,0
13485,0
13486,0
13487,0
13488,0
13489,0
13490,0
13491,0
13492,0
13493,0
13494,0
13495,0
13496,0
13497,0
13498,0
13499,0
13500,0
13501,0
13502,0
13503,0
13504,0
13505,0
13506,0
13507,0
13508,0
13509,0
13510,0
13511,0
13512,0
13513,0
13514,0
13515,0
13516,0
13517,0
13518,0
13519,0
13520,0
13521,0
13522,0
13523,0
13524,0
13525,0
13526,0
13527,0
13528,0
13529,0
13530,0
13531,0
13532,0
13533,0
13534,0
13535,0
13536,0
13537,0
13538,0
13539,0
13540,0
13541,0
13542,0
13543,0
13544,0
13545,0
13546,0
13547,0
13548,0
13549,0
13550,0
13551,0
13552,0
13553,0
13554,0
13555,0
13556,0
13557,0
13558,0
13559,0
13560,0
13561,0
13562,0
13563,0
13564,0
13565,0
13566,0
13567,0
13568,0
13569,0
13570,0
13571,0
13572,0
13573,0
13574,0
13575,0
13576,0
13577,0
13578,0
13579,0
13580,0
13581,0
13582,0
13583,0
13584,0
13585,0
13586,0
13587,0
13588,0
13589,0
13590,0
13591,0
13592,0
13593,0
13594,0
13595,0
13596,0
13597,0
13598,0
13599,0
13600,0
13601,0
13602,0
13603,0
13604,0
13605,0
13606,0
13607,0
13608,0
13609,0
13610,0
13611,0
13612,0
13613,0
13614,0
13615,0
13616,0
13617,0
13618,0
13619,0
13620,0
13621,0
13622,0
13623,0
13624,0
13625,0
13626,0
13627,0
13628,0
13629,0
13630,0
13631,0
13632,0
13633,0
13634,0
13635,0
13636,0
13637,0
13638,0
13639,0
13640,0
13641,0
13642,0
13643,0
13644,0
13645,0
13646,0
13647,0
13648,0
13649,0
13650,0
13651,0
13652,0
13653,0
13654,0
13655,0
13656,0
13657,0
13658,0
13659,0
13660,0
13661,0
13662,0
13663,0
13664,0
13665,0
13666,0
13667,0
13668,0
13669,0
13670,0
13671,0
13672,0
13673,0
13674,0
13675,0
13676,0
13677,0
13678,0
13679,0
13680,0
13681,0
13682,0
13683,0
13684,0
13685,0
13686,0
13687,0
13688,0
13689,0
13690,0
13691,0
13692,0
13693,0
13694,0
13695,0
13696,0
13697,0
13698,0
13699,0
13700,0
13701,0
13702,0
13703,0
13704,0
13705,0
13706,0
13707,0
13708,0
13709,0
13710,0
13711,0
13712,0
13713,0
13714,0
13715,0
13716,0
13717,0
13718,0
13719,0
13720,0
13721,0
13722,0
13723,0
13724,0
13725,0
13726,0
13727,0
13728,0
13729,0
13730,0
13731,0
13732,0
13733,0
13734,0
13735,0
13736,0
13737,0
13738,0
13739,0
13740,0
13741,0
13742,0
13743,0
13744,0
13745,0
13746,0
13747,0
13748,0
13749,0
13750,0
13751,0
13752,0
13753,0
13754,0
13755,0
13756,0
13757,0
13758,0
13759,0
13760,0
13761,0
13762,0
13763,0
13764,0
13765,0
13766,0
13767,0
13768,0
13769,0
13770,0
13771,0
13772,0
13773,0
13774,0
13775,0
13776,0
13777,0
13778,0
13779,0
13780,0
13781,0
13782,0
13783,0
13784,0
13785,0
13786,0
13787,0
13788,0
13789,0
13790,0
13791,0
13792,0
13793,0
13794,0
13795,0
13796,0
13797,0
13798,0
13799,0
13800,0
13801,0
13802,0
13803,0
13804,0
13805,0
13806,0
13807,0
13808,0
13809,0
13810,0
13811,0
13812,0
13813,0
13814,0
13815,0
13816,0
13817,0
13818,0
13819,0
13820,0
13821,0
13822,0
13823,0
13824,0
13825,0
13826,0
13827,0
13828,0
13829,0
13830,0
13831,0
13832,0
13833,0
13834,0
13835,0
13836,0
13837,0
13838,0
13839,0
13840,0
13841,0
13842,0
13843,0
13844,0
13845,0
13846,0
13847,0
13848,0
13849,0
13850,0
13851,0
13852,0
13853,0
13854,0
13855,0
13856,0
13857,0
13858,0
13859,0
13860,0
13861,0
13862,0
13863,0
13864,0
13865,0
13866,0
13867,0
13868,0
13869,0
13870,0
13871,0
13872,0
13873,0
13874,0
13875,0
13876,0
13877,0
13878,0
13879,0
13880,0
13881,0
13882,0
13883,0
13884,0
13885,0
13886,0
13887,0
13888,0
13889,0
13890,0
13891,0
13892,0
13893,0
13894,0
13895,0
13896,0
13897,0
13898,0
13899,0
13900,0
13901,0
13902,0
13903,0
13904,0
13905,0
13906,0
13907,0
13908,0
13909,0
13910,0
13911,0
13912,0
13913,0
13914,0
13915,0
13916,0
13917,0
13918,0
13919,0
13920,0
13921,0
13922,0
13923,0
13924,0
13925,0
13926,0
13927,0
13928,0
13929,0
13930,0
13931,0
13932,0
13933,0
13934,0
13935,0
13936,0
13937,0
13938,0
13939,0
13940,0
13941,0
13942,0
13943,0
13944,0
13945,0
13946,0
13947,0
13948,0
13949,0
13950,0
13951,0
13952,0
13953,0
13954,0
13955,0
13956,0
13957,0
13958,0
13959,0
13960,0
13961,0
13962,0
13963,0
13964,0
13965,0
13966,0
13967,0
13968,0
13969,0
13970,0
13971,0
13972,0
13973,0
13974,0
13975,0
13976,0
13977,0
13978,0
13979,0
13980,0
13981,0
13982,0
13983,0
13984,0
13985,0
13986,0
13987,0
13988,0
13989,0
13990,0
13991,0
13992,0
13993,0
13994,0
13995,0
13996,0
13997,0
13998,0
13999,0
14000,0
14001,0
14002,0
14003,0
14004,0
14005,0
14006,0
14007,0
14008,0
14009,0
14010,0
14011,0
14012,0
14013,0
14014,0
14015,0
14016,0
14017,0
14018,0
14019,0
14020,0
14021,0
14022,0
14023,0
14024,0
14025,0
14026,0
14027,0
14028,0
14029,0
14030,0
14031,0
14032,0
14033,0
14034,0
14035,0
14036,0
14037,0
14038,0
14039,0
14040,0
14041,0
14042,0
14043,0
14044,0
14045,0
14046,0
14047,0
14048,0
14049,0
14050,0
14051,0
14052,0
14053,0
14054,0
14055,0
14056,0
14057,0
14058,0
14059,0
14060,0
14061,0
14062,0
14063,0
14064,0
14065,0
14066,0
14067,0
14068,0
14069,0
14070,0
14071,0
14072,0
14073,0
14074,0
14075,0
14076,0
14077,0
14078,0
14079,0
14080,0
14081,0
14082,0
14083,0
14084,0
14085,0
14086,0
14087,0
14088,0
14089,0
14090,0
14091,0
14092,0
14093,0
14094,0
14095,0
14096,0
14097,0
14098,0
14099,0
14100,0
14101,0
14102,0
14103,0
14104,0
14105,0
14106,0
14107,0
14108,0
14109,0
14110,0
14111,0
14112,0
14113,0
14114,0
14115,0
14116,0
14117,0
14118,0
14119,0
14120,0
14121,0
14122,0
14123,0
14124,0
14125,0
14126,0
14127,0
14128,0
14129,0
14130,0
14131,0
14132,0
14133,0
14134,0
14135,0
14136,0
14137,0
14138,0
14139,0
14140,0
14141,0
14142,0
14143,0
14144,0
14145,0
14146,0
14147,0
14148,0
14149,0
14150,0
14151,0
14152,0
14153,0
14154,0
14155,0
14156,0
14157,0
14158,0
14159,0
14160,0
14161,0
14162,0
14163,0
14164,0
14165,0
14166,0
14167,0
14168,0
14169,0
14170,0
14171,0
14172,0
14173,0
14174,0
14175,0
14176,0
14177,0
14178,0
14179,0
14180,0
14181,0
14182,0
14183,0
14184,0
14185,0
14186,0
14187,0
14188,0
14189,0
14190,0
14191,0
14192,0
14193,0
14194,0
14195,0
14196,0
14197,0
14198,0
14199,0
14200,0
14201,0
14202,0
14203,0
14204,0
14205,0
14206,0
14207,0
14208,0
14209,0
14210,0
14211,0
14212,0
14213,0
14214,0
14215,0
14216,0
14217,0
14218,0
14219,0
14220,0
14221,0
14222,0
14223,0
14224,0
14225,0
14226,0
14227,0
14228,0
14229,0
14230,0
14231,0
14232,0
14233,0
14234,0
14235,0
14236,0
14237,0
14238,0
14239,0
14240,0
14241,0
14242,0
14243,0
14244,0
14245,0
14246,0
14247,0
14248,0
14249,0
14250,0
14251,0
14252,0
14253,0
14254,0
14255,0
14256,0
14257,0
14258,0
14259,0
14260,0
14261,0
14262,0
14263,0
14264,0
14265,0
14266,0
14267,0
14268,0
14269,0
14270,0
14271,0
14272,0
14273,0
14274,0
14275,0
14276,0
14277,0
14278,0
14279,0
14280,0
14281,0
14282,0
14283,0
14284,0
14285,0
14286,0
14287,0
14288,0
14289,0
14290,0
14291,0
14292,0
14293,0
14294,0
14295,0
14296,0
14297,0
14298,0
14299,0
14300,0
14301,0
14302,0
14303,0
14304,0
14305,0
14306,0
14307,0
14308,0
14309,0
14310,0
14311,0
14312,0
14313,0
14314,0
14315,0
14316,0
14317,0
14318,0
14319,0
14320,0
14321,0
14322,0
14323,0
14324,0
14325,0
14326,0
14327,0
14328,0
14329,0
14330,0
14331,0
14332,0
14333,0
14334,0
14335,0
14336,0
14337,0
14338,0
14339,0
14340,0
14341,0
14342,0
14343,0
14344,0
14345,0
14346,0
14347,0
14348,0
14349,0
14350,0
14351,0
14352,0
14353,0
14354,0
14355,0
14356,0
14357,0
14358,0
14359,0
14360,0
14361,0
14362,0
14363,0
14364,0
14365,0
14366,0
14367,0
14368,0
14369,0
14370,0
14371,0
14372,0
14373,0
14374,0
14375,0
14376,0
14377,0
14378,0
14379,0
14380,0
14381,0
14382,0
14383,0
14384,0
14385,0
14386,0
14387,0
14388,0
14389,0
14390,0
14391,0
14392,0
14393,0
14394,0
14395,0
14396,0
14397,0
14398,0
14399,0
14400,0
14401,0
14402,0
14403,0
14404,0
14405,0
14406,0
14407,0
14408,0
14409,0
14410,0
14411,0
14412,0
14413,0
14414,0
14415,0
14416,0
14417,0
14418,0
14419,0
14420,0
14421,0
14422,0
14423,0
14424,0
14425,0
14426,0
14427,0
14428,0
14429,0
14430,0
14431,0
14432,0
14433,0
14434,0
14435,0
14436,0
14437,0
14438,0
14439,0
14440,0
14441,0
14442,0
14443,0
14444,0
14445,0
14446,0
14447,0
14448,0
14449,0
14450,0
14451,0
14452,0
14453,0
14454,0
14455,0
14456,0
14457,0
14458,0
14459,0
14460,0
14461,0
14462,0
14463,0
14464,0
14465,0
14466,0
14467,0
14468,0
14469,0
14470,0
14471,0
14472,0
14473,0
14474,0
14475,0
14476,0
14477,0
14478,0
14479,0
14480,0
14481,0
14482,0
14483,0
14484,0
14485,0
14486,0
14487,0
14488,0
14489,0
14490,0
14491,0
14492,0
14493,0
14494,0
14495,0
14496,0
14497,0
14498,0
14499,0
14500,0
14501,0
14502,0
14503,0
14504,0
14505,0
14506,0
14507,0
14508,0
14509,0
14510,0
14511,0
14512,0
14513,0
14514,0
14515,0
14516,0
14517,0
14518,0
14519,0
14520,0
14521,0
14522,0
14523,0
14524,0
14525,0
14526,0
14527,0
14528,0
14529,0
14530,0
14531,0
14532,0
14533,0
14534,0
14535,0
14536,0
14537,0
14538,0
14539,0
14540,0
14541,0
14542,0
14543,0
14544,0
14545,0
14546,0
14547,0
14548,0
14549,0
14550,0
14551,0
14552,0
14553,0
14554,0
14555,0
14556,0
14557,0
14558,0
14559,0
14560,0
14561,0
14562,0
14563,0
14564,0
14565,0
14566,0
14567,0
14568,0
14569,0
14570,0
14571,0
14572,0
14573,0
14574,0
14575,0
14576,0
14577,0
14578,0
14579,0
14580,0
14581,0
14582,0
14583,0
14584,0
14585,0
14586,0
14587,0
14588,0
14589,0
14590,0
14591,0
14592,0
14593,0
14594,0
14595,0
14596,0
14597,0
14598,0
14599,0
14600,0
14601,0
14602,0
14603,0
14604,0
14605,0
14606,0
14607,0
14608,0
14609,0
14610,0
14611,0
14612,0
14613,0
14614,0
14615,0
14616,0
14617,0
14618,0
14619,0
14620,0
14621,0
14622,0
14623,0
14624,0
14625,0
14626,0
14627,0
14628,0
14629,0
14630,0
14631,0
14632,0
14633,0
14634,0
14635,0
14636,0
14637,0
14638,0
14639,0
14640,0
14641,0
14642,0
14643,0
14644,0
14645,0
14646,0
14647,0
14648,0
14649,0
14650,0
14651,0
14652,0
14653,0
14654,0
14655,0
14656,0
14657,0
14658,0
14659,0
14660,0
14661,0
14662,0
14663,0
14664,0
14665,0
14666,0
14667,0
14668,0
14669,0
14670,0
14671,0
14672,0
14673,0
14674,0
14675,0
14676,0
14677,0
14678,0
14679,0
14680,0
14681,0
14682,0
14683,0
14684,0
14685,0
14686,0
14687,0
14688,0
14689,0
14690,0
14691,0
14692,0
14693,0
14694,0
14695,0
14696,0
14697,0
14698,0
14699,0
14700,0
14701,0
14702,0
14703,0
14704,0
14705,0
14706,0
14707,0
14708,0
14709,0
14710,0
14711,0
14712,0
14713,0
14714,0
14715,0
14716,0
14717,0
14718,0
14719,0
14720,0
14721,0
14722,0
14723,0
14724,0
14725,0
14726,0
14727,0
14728,0
14729,0
14730,0
14731,0
14732,0
14733,0
14734,0
14735,0
14736,0
14737,0
14738,0
14739,0
14740,0
14741,0
14742,0
14743,0
14744,0
14745,0
14746,0
14747,0
14748,0
14749,0
14750,0
14751,0
14752,0
14753,0
14754,0
14755,0
14756,0
14757,0
14758,0
14759,0
14760,0
14761,0
14762,0
14763,0
14764,0
14765,0
14766,0
14767,0
14768,0
14769,0
14770,0
14771,0
14772,0
14773,0
14774,0
14775,0
14776,0
14777,0
14778,0
14779,0
14780,0
14781,0
14782,0
14783,0
14784,0
14785,0
14786,0
14787,0
14788,0
14789,0
14790,0
14791,0
14792,0
14793,0
14794,0
14795,0
14796,0
14797,0
14798,0
14799,0
14800,0
14801,0
14802,0
14803,0
14804,0
14805,0
14806,0
14807,0
14808,0
14809,0
14810,0
14811,0
14812,0
14813,0
14814,0
14815,0
14816,0
14817,0
14818,0
14819,0
14820,0
14821,0
14822,0
14823,0
14824,0
14825,0
14826,0
14827,0
14828,0
14829,0
14830,0
14831,0
14832,0
14833,0
14834,0
14835,0
14836,0
14837,0
14838,0
14839,0
14840,0
14841,0
14842,0
14843,0
14844,0
14845,0
14846,0
14847,0
14848,0
14849,0
14850,0
14851,0
14852,0
14853,0
14854,0
14855,0
14856,0
14857,0
14858,0
14859,0
14860,0
14861,0
14862,0
14863,0
14864,0
14865,0
14866,0
14867,0
14868,0
14869,0
14870,0
14871,0
14872,0
14873,0
14874,0
14875,0
14876,0
14877,0
14878,0
14879,0
14880,0
14881,0
14882,0
14883,0
14884,0
14885,0
14886,0
14887,0
14888,0
14889,0
14890,0
14891,0
14892,0
14893,0
14894,0
14895,0
14896,0
14897,0
14898,0
14899,0
14900,0
14901,0
14902,0
14903,0
14904,0
14905,0
14906,0
14907,0
14908,0
14909,0
14910,0
14911,0
14912,0
14913,0
14914,0
14915,0
14916,0
14917,0
14918,0
14919,0
14920,0
14921,0
14922,0
14923,0
14924,0
14925,0
14926,0
14927,0
14928,0
14929,0
14930,0
14931,0
14932,0
14933,0
14934,0
14935,0
14936,0
14937,0
14938,0
14939,0
14940,0
14941,0
14942,0
14943,0
14944,0
14945,0
14946,0
14947,0
14948,0
14949,0
14950,0
14951,0
14952,0
14953,0
14954,0
14955,0
14956,0
14957,0
14958,0
14959,0
14960,0
14961,0
14962,0
14963,0
14964,0
14965,0
14966,0
14967,0
14968,0
14969,0
14970,0
14971,0
14972,0
14973,0
14974,0
14975,0
14976,0
14977,0
14978,0
14979,0
14980,0
14981,0
14982,0
14983,0
14984,0
14985,0
14986,0
14987,0
14988,0
14989,0
14990,0
14991,0
14992,0
14993,0
14994,0
14995,0
14996,0
14997,0
14998,0
14999,0
15000,0
15001,0
15002,0
15003,0
15004,0
15005,0
15006,0
15007,0
15008,0
15009,0
15010,0
15011,0
15012,0
15013,0
15014,0
15015,0
15016,0
15017,0
15018,0
15019,0
15020,0
15021,0
15022,0
15023,0
15024,0
15025,0
15026,0
15027,0
15028,0
15029,0
15030,0
15031,0
15032,0
15033,0
15034,0
15035,0
15036,0
15037,0
15038,0
15039,0
15040,0
15041,0
15042,0
15043,0
15044,0
15045,0
15046,0
15047,0
15048,0
15049,0
15050,0
15051,0
15052,0
15053,0
15054,0
15055,0
15056,0
15057,0
15058,0
15059,0
15060,0
15061,0
15062,0
15063,0
15064,0
15065,0
15066,0
15067,0
15068,0
15069,0
15070,0
15071,0
15072,0
15073,0
15074,0
15075,0
15076,0
15077,0
15078,0
15079,0
15080,0
15081,0
15082,0
15083,0
15084,0
15085,0
15086,0
15087,0
15088,0
15089,0
15090,0
15091,0
15092,0
15093,0
15094,0
15095,0
15096,0
15097,0
15098,0
15099,0
15100,0
15101,0
15102,0
15103,0
15104,0
15105,0
15106,0
15107,0
15108,0
15109,0
15110,0
15111,0
15112,0
15113,0
15114,0
15115,0
15116,0
15117,0
15118,0
15119,0
15120,0
15121,0
15122,0
15123,0
15124,0
15125,0
15126,0
15127,0
15128,0
15129,0
15130,0
15131,0
15132,0
15133,0
15134,0
15135,0
15136,0
15137,0
15138,0
15139,0
15140,0
15141,0
15142,0
15143,0
15144,0
15145,0
15146,0
15147,0
15148,0
15149,0
15150,0
15151,0
15152,0
15153,0
15154,0
15155,0
15156,0
15157,0
15158,0
15159,0
15160,0
15161,0
15162,0
15163,0
15164,0
15165,0
15166,0
15167,0
15168,0
15169,0
15170,0
15171,0
15172,0
15173,0
15174,0
15175,0
15176,0
15177,0
15178,0
15179,0
15180,0
15181,0
15182,0
15183,0
15184,0
15185,0
15186,0
15187,0
15188,0
15189,0
15190,0
15191,0
15192,0
15193,0
15194,0
15195,0
15196,0
15197,0
15198,0
15199,0
15200,0
15201,0
15202,0
15203,0
15204,0
15205,0
15206,0
15207,0
15208,0
15209,0
15210,0
15211,0
15212,0
15213,0
15214,0
15215,0
15216,0
15217,0
15218,0
15219,0
15220,0
15221,0
15222,0
15223,0
15224,0
15225,0
15226,0
15227,0
15228,0
15229,0
15230,0
15231,0
15232,0
15233,0
15234,0
15235,0
15236,0
15237,0
15238,0
15239,0
15240,0
15241,0
15242,0
15243,0
15244,0
15245,0
15246,0
15247,0
15248,0
15249,0
15250,0
15251,0
15252,0
15253,0
15254,0
15255,0
15256,0
15257,0
15258,0
15259,0
15260,0
15261,0
15262,0
15263,0
15264,0
15265,0
15266,0
15267,0
15268,0
15269,0
15270,0
15271,0
15272,0
15273,0
15274,0
15275,0
15276,0
15277,0
15278,0
15279,0
15280,0
15281,0
15282,0
15283,0
15284,0
15285,0
15286,0
15287,0
15288,0
15289,0
15290,0
15291,0
15292,0
15293,0
15294,0
15295,0
15296,0
15297,0
15298,0
15299,0
15300,0
15301,0
15302,0
15303,0
15304,0
15305,0
15306,0
15307,0
15308,0
15309,0
15310,0
15311,0
15312,0
15313,0
15314,0
15315,0
15316,0
15317,0
15318,0
15319,0
15320,0
15321,0
15322,0
15323,0
15324,0
15325,0
15326,0
15327,0
15328,0
15329,0
15330,0
15331,0
15332,0
15333,0
15334,0
15335,0
15336,0
15337,0
15338,0
15339,0
15340,0
15341,0
15342,0
15343,0
15344,0
15345,0
15346,0
15347,0
15348,0
15349,0
15350,0
15351,0
15352,0
15353,0
15354,0
15355,0
15356,0
15357,0
15358,0
15359,0
15360,0
15361,0
15362,0
15363,0
15364,0
15365,0
15366,0
15367,0
15368,0
15369,0
15370,0
15371,0
15372,0
15373,0
15374,0
15375,0
15376,0
15377,0
15378,0
15379,0
15380,0
15381,0
15382,0
15383,0
15384,0
15385,0
15386,0
15387,0
15388,0
15389,0
15390,0
15391,0
15392,0
15393,0
15394,0
15395,0
15396,0
15397,0
15398,0
15399,0
15400,0
15401,0
15402,0
15403,0
15404,0
15405,0
15406,0
15407,0
15408,0
15409,0
15410,0
15411,0
15412,0
15413,0
15414,0
15415,0
15416,0
15417,0
15418,0
15419,0
15420,0
15421,0
15422,0
15423,0
15424,0
15425,0
15426,0
15427,0
15428,0
15429,0
15430,0
15431,0
15432,0
15433,0
15434,0
15435,0
15436,0
15437,0
15438,0
15439,0
15440,0
15441,0
15442,0
15443,0
15444,0
15445,0
15446,0
15447,0
15448,0
15449,0
15450,0
15451,0
15452,0
15453,0
15454,0
15455,0
15456,0
15457,0
15458,0
15459,0
15460,0
15461,0
15462,0
15463,0
15464,0
15465,0
15466,0
15467,0
15468,0
15469,0
15470,0
15471,0
15472,0
15473,0
15474,0
15475,0
15476,0
15477,0
15478,0
15479,0
15480,0
15481,0
15482,0
15483,0
15484,0
15485,0
15486,0
15487,0
15488,0
15489,0
15490,0
15491,0
15492,0
15493,0
15494,0
15495,0
15496,0
15497,0
15498,0
15499,0
15500,0
15501,0
15502,0
15503,0
15504,0
15505,0
15506,0
15507,0
15508,0
15509,0
15510,0
15511,0
15512,0
15513,0
15514,0
15515,0
15516,0
15517,0
15518,0
15519,0
15520,0
15521,0
15522,0
15523,0
15524,0
15525,0
15526,0
15527,0
15528,0
15529,0
15530,0
15531,0
15532,0
15533,0
15534,0
15535,0
15536,0
15537,0
15538,0
15539,0
15540,0
15541,0
15542,0
15543,0
15544,0
15545,0
15546,0
15547,0
15548,0
15549,0
15550,0
15551,0
15552,0
15553,0
15554,0
15555,0
15556,0
15557,0
15558,0
15559,0
15560,0
15561,0
15562,0
15563,0
15564,0
15565,0
15566,0
15567,0
15568,0
15569,0
15570,0
15571,0
15572,0
15573,0
15574,0
15575,0
15576,0
15577,0
15578,0
15579,0
15580,0
15581,0
15582,0
15583,0
15584,0
15585,0
15586,0
15587,0
15588,0
15589,0
15590,0
15591,0
15592,0
15593,0
15594,0
15595,0
15596,0
15597,0
15598,0
15599,0
15600,0
15601,0
15602,0
15603,0
15604,0
15605,0
15606,0
15607,0
15608,0
15609,0
15610,0
15611,0
15612,0
15613,0
15614,0
15615,0
15616,0
15617,0
15618,0
15619,0
15620,0
15621,0
15622,0
15623,0
15624,0
15625,0
15626,0
15627,0
15628,0
15629,0
15630,0
15631,0
15632,0
15633,0
15634,0
15635,0
15636,0
15637,0
15638,0
15639,0
15640,0
15641,0
15642,0
15643,0
15644,0
15645,0
15646,0
15647,0
15648,0
15649,0
15650,0
15651,0
15652,0
15653,0
15654,0
15655,0
15656,0
15657,0
15658,0
15659,0
15660,0
15661,0
15662,0
15663,0
15664,0
15665,0
15666,0
15667,0
15668,0
15669,0
15670,0
15671,0
15672,0
15673,0
15674,0
15675,0
15676,0
15677,0
15678,0
15679,0
15680,0
15681,0
15682,0
15683,0
15684,0
15685,0
15686,0
15687,0
15688,0
15689,0
15690,0
15691,0
15692,0
15693,0
15694,0
15695,0
15696,0
15697,0
15698,0
15699,0
15700,0
15701,0
15702,0
15703,0
15704,0
15705,0
15706,0
15707,0
15708,0
15709,0
15710,0
15711,0
15712,0
15713,0
15714,0
15715,0
15716,0
15717,0
15718,0
15719,0
15720,0
15721,0
15722,0
15723,0
15724,0
15725,0
15726,0
15727,0
15728,0
15729,0
15730,0
15731,0
15732,0
15733,0
15734,0
15735,0
15736,0
15737,0
15738,0
15739,0
15740,0
15741,0
15742,0
15743,0
15744,0
15745,0
15746,0
15747,0
15748,0
15749,0
15750,0
15751,0
15752,0
15753,0
15754,0
15755,0
15756,0
15757,0
15758,0
15759,0
15760,0
15761,0
15762,0
15763,0
15764,0
15765,0
15766,0
15767,0
15768,0
15769,0
15770,0
15771,0
15772,0
15773,0
15774,0
15775,0
15776,0
15777,0
15778,0
15779,0
15780,0
15781,0
15782,0
15783,0
15784,0
15785,0
15786,0
15787,0
15788,0
15789,0
15790,0
15791,0
15792,0
15793,0
15794,0
15795,0
15796,0
15797,0
15798,0
15799,0
15800,0
15801,0
15802,0
15803,0
15804,0
15805,0
15806,0
15807,0
15808,0
15809,0
15810,0
15811,0
15812,0
15813,0
15814,0
15815,0
15816,0
15817,0
15818,0
15819,0
15820,0
15821,0
15822,0
15823,0
15824,0
15825,0
15826,0
15827,0
15828,0
15829,0
15830,0
15831,0
15832,0
15833,0
15834,0
15835,0
15836,0
15837,0
15838,0
15839,0
15840,0
15841,0
15842,0
15843,0
15844,0
15845,0
15846,0
15847,0
15848,0
15849,0
15850,0
15851,0
15852,0
15853,0
15854,0
15855,0
15856,0
15857,0
15858,0
15859,0
15860,0
15861,0
15862,0
15863,0
15864,0
15865,0
15866,0
15867,0
15868,0
15869,0
15870,0
15871,0
15872,0
15873,0
15874,0
15875,0
15876,0
15877,0
15878,0
15879,0
15880,0
15881,0
15882,0
15883,0
15884,0
15885,0
15886,0
15887,0
15888,0
15889,0
15890,0
15891,0
15892,0
15893,0
15894,0
15895,0
15896,0
15897,0
15898,0
15899,0
15900,0
15901,0
15902,0
15903,0
15904,0
15905,0
15906,0
15907,0
15908,0
15909,0
15910,0
15911,0
15912,0
15913,0
15914,0
15915,0
15916,0
15917,0
15918,0
15919,0
15920,0
15921,0
15922,0
15923,0
15924,0
15925,0
15926,0
15927,0
15928,0
15929,0
15930,0
15931,0
15932,0
15933,0
15934,0
15935,0
15936,0
15937,0
15938,0
15939,0
15940,0
15941,0
15942,0
15943,0
15944,0
15945,0
15946,0
15947,0
15948,0
15949,0
15950,0
15951,0
15952,0
15953,0
15954,0
15955,0
15956,0
15957,0
15958,0
15959,0
15960,0
15961,0
15962,0
15963,0
15964,0
15965,0
15966,0
15967,0
15968,0
15969,0
15970,0
15971,0
15972,0
15973,0
15974,0
15975,0
15976,0
15977,0
15978,0
15979,0
15980,0
15981,0
15982,0
15983,0
15984,0
15985,0
15986,0
15987,0
15988,0
15989,0
15990,0
15991,0
15992,0
15993,0
15994,0
15995,0
15996,0
15997,0
15998,0
15999,0
16000,0
16001,0
16002,0
16003,0
16004,0
16005,0
16006,0
16007,0
16008,0
16009,0
16010,0
16011,0
16012,0
16013,0
16014,0
16015,0
16016,0
16017,0
16018,0
16019,0
16020,0
16021,0
16022,0
16023,0
16024,0
16025,0
16026,0
16027,0
16028,0
16029,0
16030,0
16031,0
16032,0
16033,0
16034,0
16035,0
16036,0
16037,0
16038,0
16039,0
16040,0
16041,0
16042,0
16043,0
16044,0
16045,0
16046,0
16047,0
16048,0
16049,0
16050,0
16051,0
16052,0
16053,0
16054,0
16055,0
16056,0
16057,0
16058,0
16059,0
16060,0
16061,0
16062,0
16063,0
16064,0
16065,0
16066,0
16067,0
16068,0
16069,0
16070,0
16071,0
16072,0
16073,0
16074,0
16075,0
16076,0
16077,0
16078,0
16079,0
16080,0
16081,0
16082,0
16083,0
16084,0
16085,0
16086,0
16087,0
16088,0
16089,0
16090,0
16091,0
16092,0
16093,0
16094,0
16095,0
16096,0
16097,0
16098,0
16099,0
16100,0
16101,0
16102,0
16103,0
16104,0
16105,0
16106,0
16107,0
16108,0
16109,0
16110,0
16111,0
16112,0
16113,0
16114,0
16115,0
16116,0
16117,0
16118,0
16119,0
16120,0
16121,0
16122,0
16123,0
16124,0
16125,0
16126,0
16127,0
16128,0
16129,0
16130,0
16131,0
16132,0
16133,0
16134,0
16135,0
16136,0
16137,0
16138,0
16139,0
16140,0
16141,0
16142,0
16143,0
16144,0
16145,0
16146,0
16147,0
16148,0
16149,0
16150,0
16151,0
16152,0
16153,0
16154,0
16155,0
16156,0
16157,0
16158,0
16159,0
16160,0
16161,0
16162,0
16163,0
16164,0
16165,0
16166,0
16167,0
16168,0
16169,0
16170,0
16171,0
16172,0
16173,0
16174,0
16175,0
16176,0
16177,0
16178,0
16179,0
16180,0
16181,0
16182,0
16183,0
16184,0
16185,0
16186,0
16187,0
16188,0
16189,0
16190,0
16191,0
16192,0
16193,0
16194,0
16195,0
16196,0
16197,0
16198,0
16199,0
16200,0
16201,0
16202,0
16203,0
16204,0
16205,0
16206,0
16207,0
16208,0
16209,0
16210,0
16211,0
16212,0
16213,0
16214,0
16215,0
16216,0
16217,0
16218,0
16219,0
16220,0
16221,0
16222,0
16223,0
16224,0
16225,0
16226,0
16227,0
16228,0
16229,0
16230,0
16231,0
16232,0
16233,0
16234,0
16235,0
16236,0
16237,0
16238,0
16239,0
16240,0
16241,0
16242,0
16243,0
16244,0
16245,0
16246,0
16247,0
16248,0
16249,0
16250,0
16251,0
16252,0
16253,0
16254,0
16255,0
16256,0
16257,0
16258,0
16259,0
16260,0
16261,0
16262,0
16263,0
16264,0
16265,0
16266,0
16267,0
16268,0
16269,0
16270,0
16271,0
16272,0
16273,0
16274,0
16275,0
16276,0
16277,0
16278,0
16279,0
16280,0
16281,0
16282,0
16283,0
16284,0
16285,0
16286,0
16287,0
16288,0
16289,0
16290,0
16291,0
16292,0
16293,0
16294,0
16295,0
16296,0
16297,0
16298,0
16299,0
16300,0
16301,0
16302,0
16303,0
16304,0
16305,0
16306,0
16307,0
16308,0
16309,0
16310,0
16311,0
16312,0
16313,0
16314,0
16315,0
16316,0
16317,0
16318,0
16319,0
16320,0
16321,0
16322,0
16323,0
16324,0
16325,0
16326,0
16327,0
16328,0
16329,0
16330,0
16331,0
16332,0
16333,0
16334,0
16335,0
16336,0
16337,0
16338,0
16339,0
16340,0
16341,0
16342,0
16343,0
16344,0
16345,0
16346,0
16347,0
16348,0
16349,0
16350,0
16351,0
16352,0
16353,0
16354,0
16355,0
16356,0
16357,0
16358,0
16359,0
16360,0
16361,0
16362,0
16363,0
16364,0
16365,0
16366,0
16367,0
16368,0
16369,0
16370,0
16371,0
16372,0
16373,0
16374,0
16375,0
16376,0
16377,0
16378,0
16379,0
16380,0
16381,0
16382,0
16383,0
16384,0
16385,0
16386,0
16387,0
16388,0
16389,0
16390,0
16391,0
16392,0
16393,0
16394,0
16395,0
16396,0
16397,0
16398,0
16399,0
16400,0
16401,0
16402,0
16403,0
16404,0
16405,0
16406,0
16407,0
16408,0
16409,0
16410,0
16411,0
16412,0
16413,0
16414,0
16415,0
16416,0
16417,0
16418,0
16419,0
16420,0
16421,0
16422,0
16423,0
16424,0
16425,0
16426,0
16427,0
16428,0
16429,0
16430,0
16431,0
16432,0
16433,0
16434,0
16435,0
16436,0
16437,0
16438,0
16439,0
16440,0
16441,0
16442,0
16443,0
16444,0
16445,0
16446,0
16447,0
16448,0
16449,0
16450,0
16451,0
16452,0
16453,0
16454,0
16455,0
16456,0
16457,0
16458,0
16459,0
16460,0
16461,0
16462,0
16463,0
16464,0
16465,0
16466,0
16467,0
16468,0
16469,0
16470,0
16471,0
16472,0
16473,0
16474,0
16475,0
16476,0
16477,0
16478,0
16479,0
16480,0
16481,0
16482,0
16483,0
16484,0
16485,0
16486,0
16487,0
16488,0
16489,0
16490,0
16491,0
16492,0
16493,0
16494,0
16495,0
16496,0
16497,0
16498,0
16499,0
16500,0
16501,0
16502,0
16503,0
16504,0
16505,0
16506,0
16507,0
16508,0
16509,0
16510,0
16511,0
16512,0
16513,0
16514,0
16515,0
16516,0
16517,0
16518,0
16519,0
16520,0
16521,0
16522,0
16523,0
16524,0
16525,0
16526,0
16527,0
16528,0
16529,0
16530,0
16531,0
16532,0
16533,0
16534,0
16535,0
16536,0
16537,0
16538,0
16539,0
16540,0
16541,0
16542,0
16543,0
16544,0
16545,0
16546,0
16547,0
16548,0
16549,0
16550,0
16551,0
16552,0
16553,0
16554,0
16555,0
16556,0
16557,0
16558,0
16559,0
16560,0
16561,0
16562,0
16563,0
16564,0
16565,0
16566,0
16567,0
16568,0
16569,0
16570,0
16571,0
16572,0
16573,0
16574,0
16575,0
16576,0
16577,0
16578,0
16579,0
16580,0
16581,0
16582,0
16583,0
16584,0
16585,0
16586,0
16587,0
16588,0
16589,0
16590,0
16591,0
16592,0
16593,0
16594,0
16595,0
16596,0
16597,0
16598,0
16599,0
16600,0
16601,0
16602,0
16603,0
16604,0
16605,0
16606,0
16607,0
16608,0
16609,0
16610,0
16611,0
16612,0
16613,0
16614,0
16615,0
16616,0
16617,0
16618,0
16619,0
16620,0
16621,0
16622,0
16623,0
16624,0
16625,0
16626,0
16627,0
16628,0
16629,0
16630,0
16631,0
16632,0
16633,0
16634,0
16635,0
16636,0
16637,0
16638,0
16639,0
16640,0
16641,0
16642,0
16643,0
16644,0
16645,0
16646,0
16647,0
16648,0
16649,0
16650,0
16651,0
16652,0
16653,0
16654,0
16655,0
16656,0
16657,0
16658,0
16659,0
16660,0
16661,0
16662,0
16663,0
16664,0
16665,0
16666,0
16667,0
16668,0
16669,0
16670,0
16671,0
16672,0
16673,0
16674,0
16675,0
16676,0
16677,0
16678,0
16679,0
16680,0
16681,0
16682,0
16683,0
16684,0
16685,0
16686,0
16687,0
16688,0
16689,0
16690,0
16691,0
16692,0
16693,0
16694,0
16695,0
16696,0
16697,0
16698,0
16699,0
16700,0
16701,0
16702,0
16703,0
16704,0
16705,0
16706,0
16707,0
16708,0
16709,0
16710,0
16711,0
16712,0
16713,0
16714,0
16715,0
16716,0
16717,0
16718,0
16719,0
16720,0
16721,0
16722,0
16723,0
16724,0
16725,0
16726,0
16727,0
16728,0
16729,0
16730,0
16731,0
16732,0
16733,0
16734,0
16735,0
16736,0
16737,0
16738,0
16739,0
16740,0
16741,0
16742,0
16743,0
16744,0
16745,0
16746,0
16747,0
16748,0
16749,0
16750,0
16751,0
16752,0
16753,0
16754,0
16755,0
16756,0
16757,0
16758,0
16759,0
16760,0
16761,0
16762,0
16763,0
16764,0
16765,0
16766,0
16767,0
16768,0
16769,0
16770,0
16771,0
16772,0
16773,0
16774,0
16775,0
16776,0
16777,0
16778,0
16779,0
16780,0
16781,0
16782,0
16783,0
16784,0
16785,0
16786,0
16787,0
16788,0
16789,0
16790,0
16791,0
16792,0
16793,0
16794,0
16795,0
16796,0
16797,0
16798,0
16799,0
16800,0
16801,0
16802,0
16803,0
16804,0
16805,0
16806,0
16807,0
16808,0
16809,0
16810,0
16811,0
16812,0
16813,0
16814,0
16815,0
16816,0
16817,0
16818,0
16819,0
16820,0
16821,0
16822,0
16823,0
16824,0
16825,0
16826,0
16827,0
16828,0
16829,0
16830,0
16831,0
16832,0
16833,0
16834,0
16835,0
16836,0
16837,0
16838,0
16839,0
16840,0
16841,0
16842,0
16843,0
16844,0
16845,0
16846,0
16847,0
16848,0
16849,0
16850,0
16851,0
16852,0
16853,0
16854,0
16855,0
16856,0
16857,0
16858,0
16859,0
16860,0
16861,0
16862,0
16863,0
16864,0
16865,0
16866,0
16867,0
16868,0
16869,0
16870,0
16871,0
16872,0
16873,0
16874,0
16875,0
16876,0
16877,0
16878,0
16879,0
16880,0
16881,0
16882,0
16883,0
16884,0
16885,0
16886,0
16887,0
16888,0
16889,0
16890,0
16891,0
16892,0
16893,0
16894,0
16895,0
16896,0
16897,0
16898,0
16899,0
16900,0
16901,0
16902,0
16903,0
16904,0
16905,0
16906,0
16907,0
16908,0
16909,0
16910,0
16911,0
16912,0
16913,0
16914,0
16915,0
16916,0
16917,0
16918,0
16919,0
16920,0
16921,0
16922,0
16923,0
16924,0
16925,0
16926,0
16927,0
16928,0
16929,0
16930,0
16931,0
16932,0
16933,0
16934,0
16935,0
16936,0
16937,0
16938,0
16939,0
16940,0
16941,0
16942,0
16943,0
16944,0
16945,0
16946,0
16947,0
16948,0
16949,0
16950,0
16951,0
16952,0
16953,0
16954,0
16955,0
16956,0
16957,0
16958,0
16959,0
16960,0
16961,0
16962,0
16963,0
16964,0
16965,0
16966,0
16967,0
16968,0
16969,0
16970,0
16971,0
16972,0
16973,0
16974,0
16975,0
16976,0
16977,0
16978,0
16979,0
16980,0
16981,0
16982,0
16983,0
16984,0
16985,0
16986,0
16987,0
16988,0
16989,0
16990,0
16991,0
16992,0
16993,0
16994,0
16995,0
16996,0
16997,0
16998,0
16999,0
17000,0
17001,0
17002,0
17003,0
17004,0
17005,0
17006,0
17007,0
17008,0
17009,0
17010,0
17011,0
17012,0
17013,0
17014,0
17015,0
17016,0
17017,0
17018,0
17019,0
17020,0
17021,0
17022,0
17023,0
17024,0
17025,0
17026,0
17027,0
17028,0
17029,0
17030,0
17031,0
17032,0
17033,0
17034,0
17035,0
17036,0
17037,0
17038,0
17039,0
17040,0
17041,0
17042,0
17043,0
17044,0
17045,0
17046,0
17047,0
17048,0
17049,0
17050,0
17051,0
17052,0
17053,0
17054,0
17055,0
17056,0
17057,0
17058,0
17059,0
17060,0
17061,0
17062,0
17063,0
17064,0
17065,0
17066,0
17067,0
17068,0
17069,0
17070,0
17071,0
17072,0
17073,0
17074,0
17075,0
17076,0
17077,0
17078,0
17079,0
17080,0
17081,0
17082,0
17083,0
17084,0
17085,0
17086,0
17087,0
17088,0
17089,0
17090,0
17091,0
17092,0
17093,0
17094,0
17095,0
17096,0
17097,0
17098,0
17099,0
17100,0
17101,0
17102,0
17103,0
17104,0
17105,0
17106,0
17107,0
17108,0
17109,0
17110,0
17111,0
17112,0
17113,0
17114,0
17115,0
17116,0
17117,0
17118,0
17119,0
17120,0
17121,0
17122,0
17123,0
17124,0
17125,0
17126,0
17127,0
17128,0
17129,0
17130,0
17131,0
17132,0
17133,0
17134,0
17135,0
17136,0
17137,0
17138,0
17139,0
17140,0
17141,0
17142,0
17143,0
17144,0
17145,0
17146,0
17147,0
17148,0
17149,0
17150,0
17151,0
17152,0
17153,0
17154,0
17155,0
17156,0
17157,0
17158,0
17159,0
17160,0
17161,0
17162,0
17163,0
17164,0
17165,0
17166,0
17167,0
17168,0
17169,0
17170,0
17171,0
17172,0
17173,0
17174,0
17175,0
17176,0
17177,0
17178,0
17179,0
17180,0
17181,0
17182,0
17183,0
17184,0
17185,0
17186,0
17187,0
17188,0
17189,0
17190,0
17191,0
17192,0
17193,0
17194,0
17195,0
17196,0
17197,0
17198,0
17199,0
17200,0
17201,0
17202,0
17203,0
17204,0
17205,0
17206,0
17207,0
17208,0
17209,0
17210,0
17211,0
17212,0
17213,0
17214,0
17215,0
17216,0
17217,0
17218,0
17219,0
17220,0
17221,0
17222,0
17223,0
17224,0
17225,0
17226,0
17227,0
17228,0
17229,0
17230,0
17231,0
17232,0
17233,0
17234,0
17235,0
17236,0
17237,0
17238,0
17239,0
17240,0
17241,0
17242,0
17243,0
17244,0
17245,0
17246,0
17247,0
17248,0
17249,0
17250,0
17251,0
17252,0
17253,0
17254,0
17255,0
17256,0
17257,0
17258,0
17259,0
17260,0
17261,0
17262,0
17263,0
17264,0
17265,0
17266,0
17267,0
17268,0
17269,0
17270,0
17271,0
17272,0
17273,0
17274,0
17275,0
17276,0
17277,0
17278,0
17279,0
17280,0
17281,0
17282,0
17283,0
17284,0
17285,0
17286,0
17287,0
17288,0
17289,0
17290,0
17291,0
17292,0
17293,0
17294,0
17295,0
17296,0
17297,0
17298,0
17299,0
17300,0
17301,0
17302,0
17303,0
17304,0
17305,0
17306,0
17307,0
17308,0
17309,0
17310,0
17311,0
17312,0
17313,0
17314,0
17315,0
17316,0
17317,0
17318,0
17319,0
17320,0
17321,0
17322,0
17323,0
17324,0
17325,0
17326,0
17327,0
17328,0
17329,0
17330,0
17331,0
17332,0
17333,0
17334,0
17335,0
17336,0
17337,0
17338,0
17339,0
17340,0
17341,0
17342,0
17343,0
17344,0
17345,0
17346,0
17347,0
17348,0
17349,0
17350,0
17351,0
17352,0
17353,0
17354,0
17355,0
17356,0
17357,0
17358,0
17359,0
17360,0
17361,0
17362,0
17363,0
17364,0
17365,0
17366,0
17367,0
17368,0
17369,0
17370,0
17371,0
17372,0
17373,0
17374,0
17375,0
17376,0
17377,0
17378,0
17379,0
17380,0
17381,0
17382,0
17383,0
17384,0
17385,0
17386,0
17387,0
17388,0
17389,0
17390,0
17391,0
17392,0
17393,0
17394,0
17395,0
17396,0
17397,0
17398,0
17399,0
17400,0
17401,0
17402,0
17403,0
17404,0
17405,0
17406,0
17407,0
17408,0
17409,0
17410,0
17411,0
17412,0
17413,0
17414,0
17415,0
17416,0
17417,0
17418,0
17419,0
17420,0
17421,0
17422,0
17423,0
17424,0
17425,0
17426,0
17427,0
17428,0
17429,0
17430,0
17431,0
17432,0
17433,0
17434,0
17435,0
17436,0
17437,0
17438,0
17439,0
17440,0
17441,0
17442,0
17443,0
17444,0
17445,0
17446,0
17447,0
17448,0
17449,0
17450,0
17451,0
17452,0
17453,0
17454,0
17455,0
17456,0
17457,0
17458,0
17459,0
17460,0
17461,0
17462,0
17463,0
17464,0
17465,0
17466,0
17467,0
17468,0
17469,0
17470,0
17471,0
17472,0
17473,0
17474,0
17475,0
17476,0
17477,0
17478,0
17479,0
17480,0
17481,0
17482,0
17483,0
17484,0
17485,0
17486,0
17487,0
17488,0
17489,0
17490,0
17491,0
17492,0
17493,0
17494,0
17495,0
17496,0
17497,0
17498,0
17499,0
17500,0
17501,0
17502,0
17503,0
17504,0
17505,0
17506,0
17507,0
17508,0
17509,0
17510,0
17511,0
17512,0
17513,0
17514,0
17515,0
17516,0
17517,0
17518,0
17519,0
17520,0
17521,0
17522,0
17523,0
17524,0
17525,0
17526,0
17527,0
17528,0
17529,0
17530,0
17531,0
17532,0
17533,0
17534,0
17535,0
17536,0
17537,0
17538,0
17539,0
17540,0
17541,0
17542,0
17543,0
17544,0
17545,0
17546,0
17547,0
17548,0
17549,0
17550,0
17551,0
17552,0
17553,0
17554,0
17555,0
17556,0
17557,0
17558,0
17559,0
17560,0
17561,0
17562,0
17563,0
17564,0
17565,0
17566,0
17567,0
17568,0
17569,0
17570,0
17571,0
17572,0
17573,0
17574,0
17575,0
17576,0
17577,0
17578,0
17579,0
17580,0
17581,0
17582,0
17583,0
17584,0
17585,0
17586,0
17587,0
17588,0
17589,0
17590,0
17591,0
17592,0
17593,0
17594,0
17595,0
17596,0
17597,0
17598,0
17599,0
17600,0
17601,0
17602,0
17603,0
17604,0
17605,0
17606,0
17607,0
17608,0
17609,0
17610,0
17611,0
17612,0
17613,0
17614,0
17615,0
17616,0
17617,0
17618,0
17619,0
17620,0
17621,0
17622,0
17623,0
17624,0
17625,0
17626,0
17627,0
17628,0
17629,0
17630,0
17631,0
17632,0
17633,0
17634,0
17635,0
17636,0
17637,0
17638,0
17639,0
17640,0
17641,0
17642,0
17643,0
17644,0
17645,0
17646,0
17647,0
17648,0
17649,0
17650,0
17651,0
17652,0
17653,0
17654,0
17655,0
17656,0
17657,0
17658,0
17659,0
17660,0
17661,0
17662,0
17663,0
17664,0
17665,0
17666,0
17667,0
17668,0
17669,0
17670,0
17671,0
17672,0
17673,0
17674,0
17675,0
17676,0
17677,0
17678,0
17679,0
17680,0
17681,0
17682,0
17683,0
17684,0
17685,0
17686,0
17687,0
17688,0
17689,0
17690,0
17691,0
17692,0
17693,0
17694,0
17695,0
17696,0
17697,0
17698,0
17699,0
17700,0
17701,0
17702,0
17703,0
17704,0
17705,0
17706,0
17707,0
17708,0
17709,0
17710,0
17711,0
17712,0
17713,0
17714,0
17715,0
17716,0
17717,0
17718,0
17719,0
17720,0
17721,0
17722,0
17723,0
17724,0
17725,0
17726,0
17727,0
17728,0
17729,0
17730,0
17731,0
17732,0
17733,0
17734,0
17735,0
17736,0
17737,0
17738,0
17739,0
17740,0
17741,0
17742,0
17743,0
17744,0
17745,0
17746,0
17747,0
17748,0
17749,0
17750,0
17751,0
17752,0
17753,0
17754,0
17755,0
17756,0
17757,0
17758,0
17759,0
17760,0
17761,0
17762,0
17763,0
17764,0
17765,0
17766,0
17767,0
17768,0
17769,0
17770,0
17771,0
17772,0
17773,0
17774,0
17775,0
17776,0
17777,0
17778,0
17779,0
17780,0
17781,0
17782,0
17783,0
17784,0
17785,0
17786,0
17787,0
17788,0
17789,0
17790,0
17791,0
17792,0
17793,0
17794,0
17795,0
17796,0
17797,0
17798,0
17799,0
17800,0
17801,0
17802,0
17803,0
17804,0
17805,0
17806,0
17807,0
17808,0
17809,0
17810,0
17811,0
17812,0
17813,0
17814,0
17815,0
17816,0
17817,0
17818,0
17819,0
17820,0
17821,0
17822,0
17823,0
17824,0
17825,0
17826,0
17827,0
17828,0
17829,0
17830,0
17831,0
17832,0
17833,0
17834,0
17835,0
17836,0
17837,0
17838,0
17839,0
17840,0
17841,0
17842,0
17843,0
17844,0
17845,0
17846,0
17847,0
17848,0
17849,0
17850,0
17851,0
17852,0
17853,0
17854,0
17855,0
17856,0
17857,0
17858,0
17859,0
17860,0
17861,0
17862,0
17863,0
17864,0
17865,0
17866,0
17867,0
17868,0
17869,0
17870,0
17871,0
17872,0
17873,0
17874,0
17875,0
17876,0
17877,0
17878,0
17879,0
17880,0
17881,0
17882,0
17883,0
17884,0
17885,0
17886,0
17887,0
17888,0
17889,0
17890,0
17891,0
17892,0
17893,0
17894,0
17895,0
17896,0
17897,0
17898,0
17899,0
17900,0
17901,0
17902,0
17903,0
17904,0
17905,0
17906,0
17907,0
17908,0
17909,0
17910,0
17911,0
17912,0
17913,0
17914,0
17915,0
17916,0
17917,0
17918,0
17919,0
17920,0
17921,0
17922,0
17923,0
17924,0
17925,0
17926,0
17927,0
17928,0
17929,0
17930,0
17931,0
17932,0
17933,0
17934,0
17935,0
17936,0
17937,0
17938,0
17939,0
17940,0
17941,0
17942,0
17943,0
17944,0
17945,0
17946,0
17947,0
17948,0
17949,0
17950,0
17951,0
17952,0
17953,0
17954,0
17955,0
17956,0
17957,0
17958,0
17959,0
17960,0
17961,0
17962,0
17963,0
17964,0
17965,0
17966,0
17967,0
17968,0
17969,0
17970,0
17971,0
17972,0
17973,0
17974,0
17975,0
17976,0
17977,0
17978,0
17979,0
17980,0
17981,0
17982,0
17983,0
17984,0
17985,0
17986,0
17987,0
17988,0
17989,0
17990,0
17991,0
17992,0
17993,0
17994,0
17995,0
17996,0
17997,0
17998,0
17999,0
18000,0
18001,0
18002,0
18003,0
18004,0
18005,0
18006,0
18007,0
18008,0
18009,0
18010,0
18011,0
18012,0
18013,0
18014,0
18015,0
18016,0
18017,0
18018,0
18019,0
18020,0
18021,0
18022,0
18023,0
18024,0
18025,0
18026,0
18027,0
18028,0
18029,0
18030,0
18031,0
18032,0
18033,0
18034,0
18035,0
18036,0
18037,0
18038,0
18039,0
18040,0
18041,0
18042,0
18043,0
18044,0
18045,0
18046,0
18047,0
18048,0
18049,0
18050,0
18051,0
18052,0
18053,0
18054,0
18055,0
18056,0
18057,0
18058,0
18059,0
18060,0
18061,0
18062,0
18063,0
18064,0
18065,0
18066,0
18067,0
18068,0
18069,0
18070,0
18071,0
18072,0
18073,0
18074,0
18075,0
18076,0
18077,0
18078,0
18079,0
18080,0
18081,0
18082,0
18083,0
18084,0
18085,0
18086,0
18087,0
18088,0
18089,0
18090,0
18091,0
18092,0
18093,0
18094,0
18095,0
18096,0
18097,0
18098,0
18099,0
18100,0
18101,0
18102,0
18103,0
18104,0
18105,0
18106,0
18107,0
18108,0
18109,0
18110,0
18111,0
18112,0
18113,0
18114,0
18115,0
18116,0
18117,0
18118,0
18119,0
18120,0
18121,0
18122,0
18123,0
18124,0
18125,0
18126,0
18127,0
18128,0
18129,0
18130,0
18131,0
18132,0
18133,0
18134,0
18135,0
18136,0
18137,0
18138,0
18139,0
18140,0
18141,0
18142,0
18143,0
18144,0
18145,0
18146,0
18147,0
18148,0
18149,0
18150,0
18151,0
18152,0
18153,0
18154,0
18155,0
18156,0
18157,0
18158,0
18159,0
18160,0
18161,0
18162,0
18163,0
18164,0
18165,0
18166,0
18167,0
18168,0
18169,0
18170,0
18171,0
18172,0
18173,0
18174,0
18175,0
18176,0
18177,0
18178,0
18179,0
18180,0
18181,0
18182,0
18183,0
18184,0
18185,0
18186,0
18187,0
18188,0
18189,0
18190,0
18191,0
18192,0
18193,0
18194,0
18195,0
18196,0
18197,0
18198,0
18199,0
18200,0
18201,0
18202,0
18203,0
18204,0
18205,0
18206,0
18207,0
18208,0
18209,0
18210,0
18211,0
18212,0
18213,0
18214,0
18215,0
18216,0
18217,0
18218,0
18219,0
18220,0
18221,0
18222,0
18223,0
18224,0
18225,0
18226,0
18227,0
18228,0
18229,0
18230,0
18231,0
18232,0
18233,0
18234,0
18235,0
18236,0
18237,0
18238,0
18239,0
18240,0
18241,0
18242,0
18243,0
18244,0
18245,0
18246,0
18247,0
18248,0
18249,0
18250,0
18251,0
18252,0
18253,0
18254,0
18255,0
18256,0
18257,0
18258,0
18259,0
18260,0
18261,0
18262,0
18263,0
18264,0
18265,0
18266,0
18267,0
18268,0
18269,0
18270,0
18271,0
18272,0
18273,0
18274,0
18275,0
18276,0
18277,0
18278,0
18279,0
18280,0
18281,0
18282,0
18283,0
18284,0
18285,0
18286,0
18287,0
18288,0
18289,0
18290,0
18291,0
18292,0
18293,0
18294,0
18295,0
18296,0
18297,0
18298,0
18299,0
18300,0
18301,0
18302,0
18303,0
18304,0
18305,0
18306,0
18307,0
18308,0
18309,0
18310,0
18311,0
18312,0
18313,0
18314,0
18315,0
18316,0
18317,0
18318,0
18319,0
18320,0
18321,0
18322,0
18323,0
18324,0
18325,0
18326,0
18327,0
18328,0
18329,0
18330,0
18331,0
18332,0
18333,0
18334,0
18335,0
18336,0
18337,0
18338,0
18339,0
18340,0
18341,0
18342,0
18343,0
18344,0
18345,0
18346,0
18347,0
18348,0
18349,0
18350,0
18351,0
18352,0
18353,0
18354,0
18355,0
18356,0
18357,0
18358,0
18359,0
18360,0
18361,0
18362,0
18363,0
18364,0
18365,0
18366,0
18367,0
18368,0
18369,0
18370,0
18371,0
18372,0
18373,0
18374,0
18375,0
18376,0
18377,0
18378,0
18379,0
18380,0
18381,0
18382,0
18383,0
18384,0
18385,0
18386,0
18387,0
18388,0
18389,0
18390,0
18391,0
18392,0
18393,0
18394,0
18395,0
18396,0
18397,0
18398,0
18399,0
18400,0
18401,0
18402,0
18403,0
18404,0
18405,0
18406,0
18407,0
18408,0
18409,0
18410,0
18411,0
18412,0
18413,0
18414,0
18415,0
18416,0
18417,0
18418,0
18419,0
18420,0
18421,0
18422,0
18423,0
18424,0
18425,0
18426,0
18427,0
18428,0
18429,0
18430,0
18431,0
18432,0
18433,0
18434,0
18435,0
18436,0
18437,0
18438,0
18439,0
18440,0
18441,0
18442,0
18443,0
18444,0
18445,0
18446,0
18447,0
18448,0
18449,0
18450,0
18451,0
18452,0
18453,0
18454,0
18455,0
18456,0
18457,0
18458,0
18459,0
18460,0
18461,0
18462,0
18463,0
18464,0
18465,0
18466,0
18467,0
18468,0
18469,0
18470,0
18471,0
18472,0
18473,0
18474,0
18475,0
18476,0
18477,0
18478,0
18479,0
18480,0
18481,0
18482,0
18483,0
18484,0
18485,0
18486,0
18487,0
18488,0
18489,0
18490,0
18491,0
18492,0
18493,0
18494,0
18495,0
18496,0
18497,0
18498,0
18499,0
18500,0
18501,0
18502,0
18503,0
18504,0
18505,0
18506,0
18507,0
18508,0
18509,0
18510,0
18511,0
18512,0
18513,0
18514,0
18515,0
18516,0
18517,0
18518,0
18519,0
18520,0
18521,0
18522,0
18523,0
18524,0
18525,0
18526,0
18527,0
18528,0
18529,0
18530,0
18531,0
18532,0
18533,0
18534,0
18535,0
18536,0
18537,0
18538,0
18539,0
18540,0
18541,0
18542,0
18543,0
18544,0
18545,0
18546,0
18547,0
18548,0
18549,0
18550,0
18551,0
18552,0
18553,0
18554,0
18555,0
18556,0
18557,0
18558,0
18559,0
18560,0
18561,0
18562,0
18563,0
18564,0
18565,0
18566,0
18567,0
18568,0
18569,0
18570,0
18571,0
18572,0
18573,0
18574,0
18575,0
18576,0
18577,0
18578,0
18579,0
18580,0
18581,0
18582,0
18583,0
18584,0
18585,0
18586,0
18587,0
18588,0
18589,0
18590,0
18591,0
18592,0
18593,0
18594,0
18595,0
18596,0
18597,0
18598,0
18599,0
18600,0
18601,0
18602,0
18603,0
18604,0
18605,0
18606,0
18607,0
18608,0
18609,0
18610,0
18611,0
18612,0
18613,0
18614,0
18615,0
18616,0
18617,0
18618,0
18619,0
18620,0
18621,0
18622,0
18623,0
18624,0
18625,0
18626,0
18627,0
18628,0
18629,0
18630,0
18631,0
18632,0
18633,0
18634,0
18635,0
18636,0
18637,0
18638,0
18639,0
18640,0
18641,0
18642,0
18643,0
18644,0
18645,0
18646,0
18647,0
18648,0
18649,0
18650,0
18651,0
18652,0
18653,0
18654,0
18655,0
18656,0
18657,0
18658,0
18659,0
18660,0
18661,0
18662,0
18663,0
18664,0
18665,0
18666,0
18667,0
18668,0
18669,0
18670,0
18671,0
18672,0
18673,0
18674,0
18675,0
18676,0
18677,0
18678,0
18679,0
18680,0
18681,0
18682,0
18683,0
18684,0
18685,0
18686,0
18687,0
18688,0
18689,0
18690,0
18691,0
18692,0
18693,0
18694,0
18695,0
18696,0
18697,0
18698,0
18699,0
18700,0
18701,0
18702,0
18703,0
18704,0
18705,0
18706,0
18707,0
18708,0
18709,0
18710,0
18711,0
18712,0
18713,0
18714,0
18715,0
18716,0
18717,0
18718,0
18719,0
18720,0
18721,0
18722,0
18723,0
18724,0
18725,0
18726,0
18727,0
18728,0
18729,0
18730,0
18731,0
18732,0
18733,0
18734,0
18735,0
18736,0
18737,0
18738,0
18739,0
18740,0
18741,0
18742,0
18743,0
18744,0
18745,0
18746,0
18747,0
18748,0
18749,0
18750,0
18751,0
18752,0
18753,0
18754,0
18755,0
18756,0
18757,0
18758,0
18759,0
18760,0
18761,0
18762,0
18763,0
18764,0
18765,0
18766,0
18767,0
18768,0
18769,0
18770,0
18771,0
18772,0
18773,0
18774,0
18775,0
18776,0
18777,0
18778,0
18779,0
18780,0
18781,0
18782,0
18783,0
18784,0
18785,0
18786,0
18787,0
18788,0
18789,0
18790,0
18791,0
18792,0
18793,0
18794,0
18795,0
18796,0
18797,0
18798,0
18799,0
18800,0
18801,0
18802,0
18803,0
18804,0
18805,0
18806,0
18807,0
18808,0
18809,0
18810,0
18811,0
18812,0
18813,0
18814,0
18815,0
18816,0
18817,0
18818,0
18819,0
18820,0
18821,0
18822,0
18823,0
18824,0
18825,0
18826,0
18827,0
18828,0
18829,0
18830,0
18831,0
18832,0
18833,0
18834,0
18835,0
18836,0
18837,0
18838,0
18839,0
18840,0
18841,0
18842,0
18843,0
18844,0
18845,0
18846,0
18847,0
18848,0
18849,0
18850,0
18851,0
18852,0
18853,0
18854,0
18855,0
18856,0
18857,0
18858,0
18859,0
18860,0
18861,0
18862,0
18863,0
18864,0
18865,0
18866,0
18867,0
18868,0
18869,0
18870,0
18871,0
18872,0
18873,0
18874,0
18875,0
18876,0
18877,0
18878,0
18879,0
18880,0
18881,0
18882,0
18883,0
18884,0
18885,0
18886,0
18887,0
18888,0
18889,0
18890,0
18891,0
18892,0
18893,0
18894,0
18895,0
18896,0
18897,0
18898,0
18899,0
18900,0
18901,0
18902,0
18903,0
18904,0
18905,0
18906,0
18907,0
18908,0
18909,0
18910,0
18911,0
18912,0
18913,0
18914,0
18915,0
18916,0
18917,0
18918,0
18919,0
18920,0
18921,0
18922,0
18923,0
18924,0
18925,0
18926,0
18927,0
18928,0
18929,0
18930,0
18931,0
18932,0
18933,0
18934,0
18935,0
18936,0
18937,0
18938,0
18939,0
18940,0
18941,0
18942,0
18943,0
18944,0
18945,0
18946,0
18947,0
18948,0
18949,0
18950,0
18951,0
18952,0
18953,0
18954,0
18955,0
18956,0
18957,0
18958,0
18959,0
18960,0
18961,0
18962,0
18963,0
18964,0
18965,0
18966,0
18967,0
18968,0
18969,0
18970,0
18971,0
18972,0
18973,0
18974,0
18975,0
18976,0
18977,0
18978,0
18979,0
18980,0
18981,0
18982,0
18983,0
18984,0
18985,0
18986,0
18987,0
18988,0
18989,0
18990,0
18991,0
18992,0
18993,0
18994,0
18995,0
18996,0
18997,0
18998,0
18999,0
19000,0
19001,0
19002,0
19003,0
19004,0
19005,0
19006,0
19007,0
19008,0
19009,0
19010,0
19011,0
19012,0
19013,0
19014,0
19015,0
19016,0
19017,0
19018,0
19019,0
19020,0
19021,0
19022,0
19023,0
19024,0
19025,0
19026,0
19027,0
19028,0
19029,0
19030,0
19031,0
19032,0
19033,0
19034,0
19035,0
19036,0
19037,0
19038,0
19039,0
19040,0
19041,0
19042,0
19043,0
19044,0
19045,0
19046,0
19047,0
19048,0
19049,0
19050,0
19051,0
19052,0
19053,0
19054,0
19055,0
19056,0
19057,0
19058,0
19059,0
19060,0
19061,0
19062,0
19063,0
19064,0
19065,0
19066,0
19067,0
19068,0
19069,0
19070,0
19071,0
19072,0
19073,0
19074,0
19075,0
19076,0
19077,0
19078,0
19079,0
19080,0
19081,0
19082,0
19083,0
19084,0
19085,0
19086,0
19087,0
19088,0
19089,0
19090,0
19091,0
19092,0
19093,0
19094,0
19095,0
19096,0
19097,0
19098,0
19099,0
19100,0
19101,0
19102,0
19103,0
19104,0
19105,0
19106,0
19107,0
19108,0
19109,0
19110,0
19111,0
19112,0
19113,0
19114,0
19115,0
19116,0
19117,0
19118,0
19119,0
19120,0
19121,0
19122,0
19123,0
19124,0
19125,0
19126,0
19127,0
19128,0
19129,0
19130,0
19131,0
19132,0
19133,0
19134,0
19135,0
19136,0
19137,0
19138,0
19139,0
19140,0
19141,0
19142,0
19143,0
19144,0
19145,0
19146,0
19147,0
19148,0
19149,0
19150,0
19151,0
19152,0
19153,0
19154,0
19155,0
19156,0
19157,0
19158,0
19159,0
19160,0
19161,0
19162,0
19163,0
19164,0
19165,0
19166,0
19167,0
19168,0
19169,0
19170,0
19171,0
19172,0
19173,0
19174,0
19175,0
19176,0
19177,0
19178,0
19179,0
19180,0
19181,0
19182,0
19183,0
19184,0
19185,0
19186,0
19187,0
19188,0
19189,0
19190,0
19191,0
19192,0
19193,0
19194,0
19195,0
19196,0
19197,0
19198,0
19199,0
19200,0
19201,0
19202,0
19203,0
19204,0
19205,0
19206,0
19207,0
19208,0
19209,0
19210,0
19211,0
19212,0
19213,0
19214,0
19215,0
19216,0
19217,0
19218,0
19219,0
19220,0
19221,0
19222,0
19223,0
19224,0
19225,0
19226,0
19227,0
19228,0
19229,0
19230,0
19231,0
19232,0
19233,0
19234,0
19235,0
19236,0
19237,0
19238,0
19239,0
19240,0
19241,0
19242,0
19243,0
19244,0
19245,0
19246,0
19247,0
19248,0
19249,0
19250,0
19251,0
19252,0
19253,0
19254,0
19255,0
19256,0
19257,0
19258,0
19259,0
19260,0
19261,0
19262,0
19263,0
19264,0
19265,0
19266,0
19267,0
19268,0
19269,0
19270,0
19271,0
19272,0
19273,0
19274,0
19275,0
19276,0
19277,0
19278,0
19279,0
19280,0
19281,0
19282,0
19283,0
19284,0
19285,0
19286,0
19287,0
19288,0
19289,0
19290,0
19291,0
19292,0
19293,0
19294,0
19295,0
19296,0
19297,0
19298,0
19299,0
19300,0
19301,0
19302,0
19303,0
19304,0
19305,0
19306,0
19307,0
19308,0
19309,0
19310,0
19311,0
19312,0
19313,0
19314,0
19315,0
19316,0
19317,0
19318,0
19319,0
19320,0
19321,0
19322,0
19323,0
19324,0
19325,0
19326,0
19327,0
19328,0
19329,0
19330,0
19331,0
19332,0
19333,0
19334,0
19335,0
19336,0
19337,0
19338,0
19339,0
19340,0
19341,0
19342,0
19343,0
19344,0
19345,0
19346,0
19347,0
19348,0
19349,0
19350,0
19351,0
19352,0
19353,0
19354,0
19355,0
19356,0
19357,0
19358,0
19359,0
19360,0
19361,0
19362,0
19363,0
19364,0
19365,0
19366,0
19367,0
19368,0
19369,0
19370,0
19371,0
19372,0
19373,0
19374,0
19375,0
19376,0
19377,0
19378,0
19379,0
19380,0
19381,0
19382,0
19383,0
19384,0
19385,0
19386,0
19387,0
19388,0
19389,0
19390,0
19391,0
19392,0
19393,0
19394,0
19395,0
19396,0
19397,0
19398,0
19399,0
19400,0
19401,0
19402,0
19403,0
19404,0
19405,0
19406,0
19407,0
19408,0
19409,0
19410,0
19411,0
19412,0
19413,0
19414,0
19415,0
19416,0
19417,0
19418,0
19419,0
19420,0
19421,0
19422,0
19423,0
19424,0
19425,0
19426,0
19427,0
19428,0
19429,0
19430,0
19431,0
19432,0
19433,0
19434,0
19435,0
19436,0
19437,0
19438,0
19439,0
19440,0
19441,0
19442,0
19443,0
19444,0
19445,0
19446,0
19447,0
19448,0
19449,0
19450,0
19451,0
19452,0
19453,0
19454,0
19455,0
19456,0
19457,0
19458,0
19459,0
19460,0
19461,0
19462,0
19463,0
19464,0
19465,0
19466,0
19467,0
19468,0
19469,0
19470,0
19471,0
19472,0
19473,0
19474,0
19475,0
19476,0
19477,0
19478,0
19479,0
19480,0
19481,0
19482,0
19483,0
19484,0
19485,0
19486,0
19487,0
19488,0
19489,0
19490,0
19491,0
19492,0
19493,0
19494,0
19495,0
19496,0
19497,0
19498,0
19499,0
19500,0
19501,0
19502,0
19503,0
19504,0
19505,0
19506,0
19507,0
19508,0
19509,0
19510,0
19511,0
19512,0
19513,0
19514,0
19515,0
19516,0
19517,0
19518,0
19519,0
19520,0
19521,0
19522,0
19523,0
19524,0
19525,0
19526,0
19527,0
19528,0
19529,0
19530,0
19531,0
19532,0
19533,0
19534,0
19535,0
19536,0
19537,0
19538,0
19539,0
19540,0
19541,0
19542,0
19543,0
19544,0
19545,0
19546,0
19547,0
19548,0
19549,0
19550,0
19551,0
19552,0
19553,0
19554,0
19555,0
19556,0
19557,0
19558,0
19559,0
19560,0
19561,0
19562,0
19563,0
19564,0
19565,0
19566,0
19567,0
19568,0
19569,0
19570,0
19571,0
19572,0
19573,0
19574,0
19575,0
19576,0
19577,0
19578,0
19579,0
19580,0
19581,0
19582,0
19583,0
19584,0
19585,0
19586,0
19587,0
19588,0
19589,0
19590,0
19591,0
19592,0
19593,0
19594,0
19595,0
19596,0
19597,0
19598,0
19599,0
19600,0
19601,0
19602,0
19603,0
19604,0
19605,0
19606,0
19607,0
19608,0
19609,0
19610,0
19611,0
19612,0
19613,0
19614,0
19615,0
19616,0
19617,0
19618,0
19619,0
19620,0
19621,0
19622,0
19623,0
19624,0
19625,0
19626,0
19627,0
19628,0
19629,0
19630,0
19631,0
19632,0
19633,0
19634,0
19635,0
19636,0
19637,0
19638,0
19639,0
19640,0
19641,0
19642,0
19643,0
19644,0
19645,0
19646,0
19647,0
19648,0
19649,0
19650,0
19651,0
19652,0
19653,0
19654,0
19655,0
19656,0
19657,0
19658,0
19659,0
19660,0
19661,0
19662,0
19663,0
19664,0
19665,0
19666,0
19667,0
19668,0
19669,0
19670,0
19671,0
19672,0
19673,0
19674,0
19675,0
19676,0
19677,0
19678,0
19679,0
19680,0
19681,0
19682,0
19683,0
19684,0
19685,0
19686,0
19687,0
19688,0
19689,0
19690,0
19691,0
19692,0
19693,0
19694,0
19695,0
19696,0
19697,0
19698,0
19699,0
19700,0
19701,0
19702,0
19703,0
19704,0
19705,0
19706,0
19707,0
19708,0
19709,0
19710,0
19711,0
19712,0
19713,0
19714,0
19715,0
19716,0
19717,0
19718,0
19719,0
19720,0
19721,0
19722,0
19723,0
19724,0
19725,0
19726,0
19727,0
19728,0
19729,0
19730,0
19731,0
19732,0
19733,0
19734,0
19735,0
19736,0
19737,0
19738,0
19739,0
19740,0
19741,0
19742,0
19743,0
19744,0
19745,0
19746,0
19747,0
19748,0
19749,0
19750,0
19751,0
19752,0
19753,0
19754,0
19755,0
19756,0
19757,0
19758,0
19759,0
19760,0
19761,0
19762,0
19763,0
19764,0
19765,0
19766,0
19767,0
19768,0
19769,0
19770,0
19771,0
19772,0
19773,0
19774,0
19775,0
19776,0
19777,0
19778,0
19779,0
19780,0
19781,0
19782,0
19783,0
19784,0
19785,0
19786,0
19787,0
19788,0
19789,0
19790,0
19791,0
19792,0
19793,0
19794,0
19795,0
19796,0
19797,0
19798,0
19799,0
19800,0
19801,0
19802,0
19803,0
19804,0
19805,0
19806,0
19807,0
19808,0
19809,0
19810,0
19811,0
19812,0
19813,0
19814,0
19815,0
19816,0
19817,0
19818,0
19819,0
19820,0
19821,0
19822,0
19823,0
19824,0
19825,0
19826,0
19827,0
19828,0
19829,0
19830,0
19831,0
19832,0
19833,0
19834,0
19835,0
19836,0
19837,0
19838,0
19839,0
19840,0
19841,0
19842,0
19843,0
19844,0
19845,0
19846,0
19847,0
19848,0
19849,0
19850,0
19851,0
19852,0
19853,0
19854,0
19855,0
19856,0
19857,0
19858,0
19859,0
19860,0
19861,0
19862,0
19863,0
19864,0
19865,0
19866,0
19867,0
19868,0
19869,0
19870,0
19871,0
19872,0
19873,0
19874,0
19875,0
19876,0
19877,0
19878,0
19879,0
19880,0
19881,0
19882,0
19883,0
19884,0
19885,0
19886,0
19887,0
19888,0
19889,0
19890,0
19891,0
19892,0
19893,0
19894,0
19895,0
19896,0
19897,0
19898,0
19899,0
19900,0
19901,0
19902,0
19903,0
19904,0
19905,0
19906,0
19907,0
19908,0
19909,0
19910,0
19911,0
19912,0
19913,0
19914,0
19915,0
19916,0
19917,0
19918,0
19919,0
19920,0
19921,0
19922,0
19923,0
19924,0
19925,0
19926,0
19927,0
19928,0
19929,0
19930,0
19931,0
19932,0
19933,0
19934,0
19935,0
19936,0
19937,0
19938,0
19939,0
19940,0
19941,0
19942,0
19943,0
19944,0
19945,0
19946,0
19947,0
19948,0
19949,0
19950,0
19951,0
19952,0
19953,0
19954,0
19955,0
19956,0
19957,0
19958,0
19959,0
19960,0
19961,0
19962,0
19963,0
19964,0
19965,0
19966,0
19967,0
19968,0
19969,0
19970,0
19971,0
19972,0
19973,0
19974,0
19975,0
19976,0
19977,0
19978,0
19979,0
19980,0
19981,0
19982,0
19983,0
19984,0
19985,0
19986,0
19987,0
19988,0
19989,0
19990,0
19991,0
19992,0
19993,0
19994,0
19995,0
19996,0
19997,0
19998,0
19999,0
20000,0
20001,0
20002,0
20003,0
20004,0
20005,0
20006,0
20007,0
20008,0
20009,0
20010,0
20011,0
20012,0
20013,0
20014,0
20015,0
20016,0
20017,0
20018,0
20019,0
20020,0
20021,0
20022,0
20023,0
20024,0
20025,0
20026,0
20027,0
20028,0
20029,0
20030,0
20031,0
20032,0
20033,0
20034,0
20035,0
20036,0
20037,0
20038,0
20039,0
20040,0
20041,0
20042,0
20043,0
20044,0
20045,0
20046,0
20047,0
20048,0
20049,0
20050,0
20051,0
20052,0
20053,0
20054,0
20055,0
20056,0
20057,0
20058,0
20059,0
20060,0
20061,0
20062,0
20063,0
20064,0
20065,0
20066,0
20067,0
20068,0
20069,0
20070,0
20071,0
20072,0
20073,0
20074,0
20075,0
20076,0
20077,0
20078,0
20079,0
20080,0
20081,0
20082,0
20083,0
20084,0
20085,0
20086,0
20087,0
20088,0
20089,0
20090,0
20091,0
20092,0
20093,0
20094,0
20095,0
20096,0
20097,0
20098,0
20099,0
20100,0
20101,0
20102,0
20103,0
20104,0
20105,0
20106,0
20107,0
20108,0
20109,0
20110,0
20111,0
20112,0
20113,0
20114,0
20115,0
20116,0
20117,0
20118,0
20119,0
20120,0
20121,0
20122,0
20123,0
20124,0
20125,0
20126,0
20127,0
20128,0
20129,0
20130,0
20131,0
20132,0
20133,0
20134,0
20135,0
20136,0
20137,0
20138,0
20139,0
20140,0
20141,0
20142,0
20143,0
20144,0
20145,0
20146,0
20147,0
20148,0
20149,0
20150,0
20151,0
20152,0
20153,0
20154,0
20155,0
20156,0
20157,0
20158,0
20159,0
20160,0
20161,0
20162,0
20163,0
20164,0
20165,0
20166,0
20167,0
20168,0
20169,0
20170,0
20171,0
20172,0
20173,0
20174,0
20175,0
20176,0
20177,0
20178,0
20179,0
20180,0
20181,0
20182,0
20183,0
20184,0
20185,0
20186,0
20187,0
20188,0
20189,0
20190,0
20191,0
20192,0
20193,0
20194,0
20195,0
20196,0
20197,0
20198,0
20199,0
20200,0
20201,0
20202,0
20203,0
20204,0
20205,0
20206,0
20207,0
20208,0
20209,0
20210,0
20211,0
20212,0
20213,0
20214,0
20215,0
20216,0
20217,0
20218,0
20219,0
20220,0
20221,0
20222,0
20223,0
20224,0
20225,0
20226,0
20227,0
20228,0
20229,0
20230,0
20231,0
20232,0
20233,0
20234,0
20235,0
20236,0
20237,0
20238,0
20239,0
20240,0
20241,0
20242,0
20243,0
20244,0
20245,0
20246,0
20247,0
20248,0
20249,0
20250,0
20251,0
20252,0
20253,0
20254,0
20255,0
20256,0
20257,0
20258,0
20259,0
20260,0
20261,0
20262,0
20263,0
20264,0
20265,0
20266,0
20267,0
20268,0
20269,0
20270,0
20271,0
20272,0
20273,0
20274,0
20275,0
20276,0
20277,0
20278,0
20279,0
20280,0
20281,0
20282,0
20283,0
20284,0
20285,0
20286,0
20287,0
20288,0
20289,0
20290,0
20291,0
20292,0
20293,0
20294,0
20295,0
20296,0
20297,0
20298,0
20299,0
20300,0
20301,0
20302,0
20303,0
20304,0
20305,0
20306,0
20307,0
20308,0
20309,0
20310,0
20311,0
20312,0
20313,0
20314,0
20315,0
20316,0
20317,0
20318,0
20319,0
20320,0
20321,0
20322,0
20323,0
20324,0
20325,0
20326,0
20327,0
20328,0
20329,0
20330,0
20331,0
20332,0
20333,0
20334,0
20335,0
20336,0
20337,0
20338,0
20339,0
20340,0
20341,0
20342,0
20343,0
20344,0
20345,0
20346,0
20347,0
20348,0
20349,0
20350,0
20351,0
20352,0
20353,0
20354,0
20355,0
20356,0
20357,0
20358,0
20359,0
20360,0
20361,0
20362,0
20363,0
20364,0
20365,0
20366,0
20367,0
20368,0
20369,0
20370,0
20371,0
20372,0
20373,0
20374,0
20375,0
20376,0
20377,0
20378,0
20379,0
20380,0
20381,0
20382,0
20383,0
20384,0
20385,0
20386,0
20387,0
20388,0
20389,0
20390,0
20391,0
20392,0
20393,0
20394,0
20395,0
20396,0
20397,0
20398,0
20399,0
20400,0
20401,0
20402,0
20403,0
20404,0
20405,0
20406,0
20407,0
20408,0
20409,0
20410,0
20411,0
20412,0
20413,0
20414,0
20415,0
20416,0
20417,0
20418,0
20419,0
20420,0
20421,0
20422,0
20423,0
20424,0
20425,0
20426,0
20427,0
20428,0
20429,0
20430,0
20431,0
20432,0
20433,0
20434,0
20435,0
20436,0
20437,0
20438,0
20439,0
20440,0
20441,0
20442,0
20443,0
20444,0
20445,0
20446,0
20447,0
20448,0
20449,0
20450,0
20451,0
20452,0
20453,0
20454,0
20455,0
20456,0
20457,0
20458,0
20459,0
20460,0
20461,0
20462,0
20463,0
20464,0
20465,0
20466,0
20467,0
20468,0
20469,0
20470,0
20471,0
20472,0
20473,0
20474,0
20475,0
20476,0
20477,0
20478,0
20479,0
20480,0
20481,0
20482,0
20483,0
20484,0
20485,0
20486,0
20487,0
20488,0
20489,0
20490,0
20491,0
20492,0
20493,0
20494,0
20495,0
20496,0
20497,0
20498,0
20499,0
20500,0
20501,0
20502,0
20503,0
20504,0
20505,0
20506,0
20507,0
20508,0
20509,0
20510,0
20511,0
20512,0
20513,0
20514,0
20515,0
20516,0
20517,0
20518,0
20519,0
20520,0
20521,0
20522,0
20523,0
20524,0
20525,0
20526,0
20527,0
20528,0
20529,0
20530,0
20531,0
20532,0
20533,0
20534,0
20535,0
20536,0
20537,0
20538,0
20539,0
20540,0
20541,0
20542,0
20543,0
20544,0
20545,0
20546,0
20547,0
20548,0
20549,0
20550,0
20551,0
20552,0
20553,0
20554,0
20555,0
20556,0
20557,0
20558,0
20559,0
20560,0
20561,0
20562,0
20563,0
20564,0
20565,0
20566,0
20567,0
20568,0
20569,0
20570,0
20571,0
20572,0
20573,0
20574,0
20575,0
20576,0
20577,0
20578,0
20579,0
20580,0
20581,0
20582,0
20583,0
20584,0
20585,0
20586,0
20587,0
20588,0
20589,0
20590,0
20591,0
20592,0
20593,0
20594,0
20595,0
20596,0
20597,0
20598,0
20599,0
20600,0
20601,0
20602,0
20603,0
20604,0
20605,0
20606,0
20607,0
20608,0
20609,0
20610,0
20611,0
20612,0
20613,0
20614,0
20615,0
20616,0
20617,0
20618,0
20619,0
20620,0
20621,0
20622,0
20623,0
20624,0
20625,0
20626,0
20627,0
20628,0
20629,0
20630,0
20631,0
20632,0
20633,0
20634,0
20635,0
20636,0
20637,0
20638,0
20639,0
20640,0
20641,0
20642,0
20643,0
20644,0
20645,0
20646,0
20647,0
20648,0
20649,0
20650,0
20651,0
20652,0
20653,0
20654,0
20655,0
20656,0
20657,0
20658,0
20659,0
20660,0
20661,0
20662,0
20663,0
20664,0
20665,0
20666,0
20667,0
20668,0
20669,0
20670,0
20671,0
20672,0
20673,0
20674,0
20675,0
20676,0
20677,0
20678,0
20679,0
20680,0
20681,0
20682,0
20683,0
20684,0
20685,0
20686,0
20687,0
20688,0
20689,0
20690,0
20691,0
20692,0
20693,0
20694,0
20695,0
20696,0
20697,0
20698,0
20699,0
20700,0
20701,0
20702,0
20703,0
20704,0
20705,0
20706,0
20707,0
20708,0
20709,0
20710,0
20711,0
20712,0
20713,0
20714,0
20715,0
20716,0
20717,0
20718,0
20719,0
20720,0
20721,0
20722,0
20723,0
20724,0
20725,0
20726,0
20727,0
20728,0
20729,0
20730,0
20731,0
20732,0
20733,0
20734,0
20735,0
20736,0
20737,0
20738,0
20739,0
20740,0
20741,0
20742,0
20743,0
20744,0
20745,0
20746,0
20747,0
20748,0
20749,0
20750,0
20751,0
20752,0
20753,0
20754,0
20755,0
20756,0
20757,0
20758,0
20759,0
20760,0
20761,0
20762,0
20763,0
20764,0
20765,0
20766,0
20767,0
20768,0
20769,0
20770,0
20771,0
20772,0
20773,0
20774,0
20775,0
20776,0
20777,0
20778,0
20779,0
20780,0
20781,0
20782,0
20783,0
20784,0
20785,0
20786,0
20787,0
20788,0
20789,0
20790,0
20791,0
20792,0
20793,0
20794,0
20795,0
20796,0
20797,0
20798,0
20799,0
20800,0
20801,0
20802,0
20803,0
20804,0
20805,0
20806,0
20807,0
20808,0
20809,0
20810,0
20811,0
20812,0
20813,0
20814,0
20815,0
20816,0
20817,0
20818,0
20819,0
20820,0
20821,0
20822,0
20823,0
20824,0
20825,0
20826,0
20827,0
20828,0
20829,0
20830,0
20831,0
20832,0
20833,0
20834,0
20835,0
20836,0
20837,0
20838,0
20839,0
20840,0
20841,0
20842,0
20843,0
20844,0
20845,0
20846,0
20847,0
20848,0
20849,0
20850,0
20851,0
20852,0
20853,0
20854,0
20855,0
20856,0
20857,0
20858,0
20859,0
20860,0
20861,0
20862,0
20863,0
20864,0
20865,0
20866,0
20867,0
20868,0
20869,0
20870,0
20871,0
20872,0
20873,0
20874,0
20875,0
20876,0
20877,0
20878,0
20879,0
20880,0
20881,0
20882,0
20883,0
20884,0
20885,0
20886,0
20887,0
20888,0
20889,0
20890,0
20891,0
20892,0
20893,0
20894,0
20895,0
20896,0
20897,0
20898,0
20899,0
20900,0
20901,0
20902,0
20903,0
20904,0
20905,0
20906,0
20907,0
20908,0
20909,0
20910,0
20911,0
20912,0
20913,0
20914,0
20915,0
20916,0
20917,0
20918,0
20919,0
20920,0
20921,0
20922,0
20923,0
20924,0
20925,0
20926,0
20927,0
20928,0
20929,0
20930,0
20931,0
20932,0
20933,0
20934,0
20935,0
20936,0
20937,0
20938,0
20939,0
20940,0
20941,0
20942,0
20943,0
20944,0
20945,0
20946,0
20947,0
20948,0
20949,0
20950,0
20951,0
20952,0
20953,0
20954,0
20955,0
20956,0
20957,0
20958,0
20959,0
20960,0
20961,0
20962,0
20963,0
20964,0
20965,0
20966,0
20967,0
20968,0
20969,0
20970,0
20971,0
20972,0
20973,0
20974,0
20975,0
20976,0
20977,0
20978,0
20979,0
20980,0
20981,0
20982,0
20983,0
20984,0
20985,0
20986,0
20987,0
20988,0
20989,0
20990,0
20991,0
20992,0
20993,0
20994,0
20995,0
20996,0
20997,0
20998,0
20999,0
21000,0
21001,0
21002,0
21003,0
21004,0
21005,0
21006,0
21007,0
21008,0
21009,0
21010,0
21011,0
21012,0
21013,0
21014,0
21015,0
21016,0
21017,0
21018,0
21019,0
21020,0
21021,0
21022,0
21023,0
21024,0
21025,0
21026,0
21027,0
21028,0
21029,0
21030,0
21031,0
21032,0
21033,0
21034,0
21035,0
21036,0
21037,0
21038,0
21039,0
21040,0
21041,0
21042,0
21043,0
21044,0
21045,0
21046,0
21047,0
21048,0
21049,0
21050,0
21051,0
21052,0
21053,0
21054,0
21055,0
21056,0
21057,0
21058,0
21059,0
21060,0
21061,0
21062,0
21063,0
21064,0
21065,0
21066,0
21067,0
21068,0
21069,0
21070,0
21071,0
21072,0
21073,0
21074,0
21075,0
21076,0
21077,0
21078,0
21079,0
21080,0
21081,0
21082,0
21083,0
21084,0
21085,0
21086,0
21087,0
21088,0
21089,0
21090,0
21091,0
21092,0
21093,0
21094,0
21095,0
21096,0
21097,0
21098,0
21099,0
21100,0
21101,0
21102,0
21103,0
21104,0
21105,0
21106,0
21107,0
21108,0
21109,0
21110,0
21111,0
21112,0
21113,0
21114,0
21115,0
21116,0
21117,0
21118,0
21119,0
21120,0
21121,0
21122,0
21123,0
21124,0
21125,0
21126,0
21127,0
21128,0
21129,0
21130,0
21131,0
21132,0
21133,0
21134,0
21135,0
21136,0
21137,0
21138,0
21139,0
21140,0
21141,0
21142,0
21143,0
21144,0
21145,0
21146,0
21147,0
21148,0
21149,0
21150,0
21151,0
21152,0
21153,0
21154,0
21155,0
21156,0
21157,0
21158,0
21159,0
21160,0
21161,0
21162,0
21163,0
21164,0
21165,0
21166,0
21167,0
21168,0
21169,0
21170,0
21171,0
21172,0
21173,0
21174,0
21175,0
21176,0
21177,0
21178,0
21179,0
21180,0
21181,0
21182,0
21183,0
21184,0
21185,0
21186,0
21187,0
21188,0
21189,0
21190,0
21191,0
21192,0
21193,0
21194,0
21195,0
21196,0
21197,0
21198,0
21199,0
21200,0
21201,0
21202,0
21203,0
21204,0
21205,0
21206,0
21207,0
21208,0
21209,0
21210,0
21211,0
21212,0
21213,0
21214,0
21215,0
21216,0
21217,0
21218,0
21219,0
21220,0
21221,0
21222,0
21223,0
21224,0
21225,0
21226,0
21227,0
21228,0
21229,0
21230,0
21231,0
21232,0
21233,0
21234,0
21235,0
21236,0
21237,0
21238,0
21239,0
21240,0
21241,0
21242,0
21243,0
21244,0
21245,0
21246,0
21247,0
21248,0
21249,0
21250,0
21251,0
21252,0
21253,0
21254,0
21255,0
21256,0
21257,0
21258,0
21259,0
21260,0
21261,0
21262,0
21263,0
21264,0
21265,0
21266,0
21267,0
21268,0
21269,0
21270,0
21271,0
21272,0
21273,0
21274,0
21275,0
21276,0
21277,0
21278,0
21279,0
21280,0
21281,0
21282,0
21283,0
21284,0
21285,0
21286,0
21287,0
21288,0
21289,0
21290,0
21291,0
21292,0
21293,0
21294,0
21295,0
21296,0
21297,0
21298,0
21299,0
21300,0
21301,0
21302,0
21303,0
21304,0
21305,0
21306,0
21307,0
21308,0
21309,0
21310,0
21311,0
21312,0
21313,0
21314,0
21315,0
21316,0
21317,0
21318,0
21319,0
21320,0
21321,0
21322,0
21323,0
21324,0
21325,0
21326,0
21327,0
21328,0
21329,0
21330,0
21331,0
21332,0
21333,0
21334,0
21335,0
21336,0
21337,0
21338,0
21339,0
21340,0
21341,0
21342,0
21343,0
21344,0
21345,0
21346,0
21347,0
21348,0
21349,0
21350,0
21351,0
21352,0
21353,0
21354,0
21355,0
21356,0
21357,0
21358,0
21359,0
21360,0
21361,0
21362,0
21363,0
21364,0
21365,0
21366,0
21367,0
21368,0
21369,0
21370,0
21371,0
21372,0
21373,0
21374,0
21375,0
21376,0
21377,0
21378,0
21379,0
21380,0
21381,0
21382,0
21383,0
21384,0
21385,0
21386,0
21387,0
21388,0
21389,0
21390,0
21391,0
21392,0
21393,0
21394,0
21395,0
21396,0
21397,0
21398,0
21399,0
21400,0
21401,0
21402,0
21403,0
21404,0
21405,0
21406,0
21407,0
21408,0
21409,0
21410,0
21411,0
21412,0
21413,0
21414,0
21415,0
21416,0
21417,0
21418,0
21419,0
21420,0
21421,0
21422,0
21423,0
21424,0
21425,0
21426,0
21427,0
21428,0
21429,0
21430,0
21431,0
21432,0
21433,0
21434,0
21435,0
21436,0
21437,0
21438,0
21439,0
21440,0
21441,0
21442,0
21443,0
21444,0
21445,0
21446,0
21447,0
21448,0
21449,0
21450,0
21451,0
21452,0
21453,0
21454,0
21455,0
21456,0
21457,0
21458,0
21459,0
21460,0
21461,0
21462,0
21463,0
21464,0
21465,0
21466,0
21467,0
21468,0
21469,0
21470,0
21471,0
21472,0
21473,0
21474,0
21475,0
21476,0
21477,0
21478,0
21479,0
21480,0
21481,0
21482,0
21483,0
21484,0
21485,0
21486,0
21487,0
21488,0
21489,0
21490,0
21491,0
21492,0
21493,0
21494,0
21495,0
21496,0
21497,0
21498,0
21499,0
21500,0
21501,0
21502,0
21503,0
21504,0
21505,0
21506,0
21507,0
21508,0
21509,0
21510,0
21511,0
21512,0
21513,0
21514,0
21515,0
21516,0
21517,0
21518,0
21519,0
21520,0
21521,0
21522,0
21523,0
21524,0
21525,0
21526,0
21527,0
21528,0
21529,0
21530,0
21531,0
21532,0
21533,0
21534,0
21535,0
21536,0
21537,0
21538,0
21539,0
21540,0
21541,0
21542,0
21543,0
21544,0
21545,0
21546,0
21547,0
21548,0
21549,0
21550,0
21551,0
21552,0
21553,0
21554,0
21555,0
21556,0
21557,0
21558,0
21559,0
21560,0
21561,0
21562,0
21563,0
21564,0
21565,0
21566,0
21567,0
21568,0
21569,0
21570,0
21571,0
21572,0
21573,0
21574,0
21575,0
21576,0
21577,0
21578,0
21579,0
21580,0
21581,0
21582,0
21583,0
21584,0
21585,0
21586,0
21587,0
21588,0
21589,0
21590,0
21591,0
21592,0
21593,0
21594,0
21595,0
21596,0
21597,0
21598,0
21599,0
21600,0
21601,0
21602,0
21603,0
21604,0
21605,0
21606,0
21607,0
21608,0
21609,0
21610,0
21611,0
21612,0
21613,0
21614,0
21615,0
21616,0
21617,0
21618,0
21619,0
21620,0
21621,0
21622,0
21623,0
21624,0
21625,0
21626,0
21627,0
21628,0
21629,0
21630,0
21631,0
21632,0
21633,0
21634,0
21635,0
21636,0
21637,0
21638,0
21639,0
21640,0
21641,0
21642,0
21643,0
21644,0
21645,0
21646,0
21647,0
21648,0
21649,0
21650,0
21651,0
21652,0
21653,0
21654,0
21655,0
21656,0
21657,0
21658,0
21659,0
21660,0
21661,0
21662,0
21663,0
21664,0
21665,0
21666,0
21667,0
21668,0
21669,0
21670,0
21671,0
21672,0
21673,0
21674,0
21675,0
21676,0
21677,0
21678,0
21679,0
21680,0
21681,0
21682,0
21683,0
21684,0
21685,0
21686,0
21687,0
21688,0
21689,0
21690,0
21691,0
21692,0
21693,0
21694,0
21695,0
21696,0
21697,0
21698,0
21699,0
21700,0
21701,0
21702,0
21703,0
21704,0
21705,0
21706,0
21707,0
21708,0
21709,0
21710,0
21711,0
21712,0
21713,0
21714,0
21715,0
21716,0
21717,0
21718,0
21719,0
21720,0
21721,0
21722,0
21723,0
21724,0
21725,0
21726,0
21727,0
21728,0
21729,0
21730,0
21731,0
21732,0
21733,0
21734,0
21735,0
21736,0
21737,0
21738,0
21739,0
21740,0
21741,0
21742,0
21743,0
21744,0
21745,0
21746,0
21747,0
21748,0
21749,0
21750,0
21751,0
21752,0
21753,0
21754,0
21755,0
21756,0
21757,0
21758,0
21759,0
21760,0
21761,0
21762,0
21763,0
21764,0
21765,0
21766,0
21767,0
21768,0
21769,0
21770,0
21771,0
21772,0
21773,0
21774,0
21775,0
21776,0
21777,0
21778,0
21779,0
21780,0
21781,0
21782,0
21783,0
21784,0
21785,0
21786,0
21787,0
21788,0
21789,0
21790,0
21791,0
21792,0
21793,0
21794,0
21795,0
21796,0
21797,0
21798,0
21799,0
21800,0
21801,0
21802,0
21803,0
21804,0
21805,0
21806,0
21807,0
21808,0
21809,0
21810,0
21811,0
21812,0
21813,0
21814,0
21815,0
21816,0
21817,0
21818,0
21819,0
21820,0
21821,0
21822,0
21823,0
21824,0
21825,0
21826,0
21827,0
21828,0
21829,0
21830,0
21831,0
21832,0
21833,0
21834,0
21835,0
21836,0
21837,0
21838,0
21839,0
21840,0
21841,0
21842,0
21843,0
21844,0
21845,0
21846,0
21847,0
21848,0
21849,0
21850,0
21851,0
21852,0
21853,0
21854,0
21855,0
21856,0
21857,0
21858,0
21859,0
21860,0
21861,0
21862,0
21863,0
21864,0
21865,0
21866,0
21867,0
21868,0
21869,0
21870,0
21871,0
21872,0
21873,0
21874,0
21875,0
21876,0
21877,0
21878,0
21879,0
21880,0
21881,0
21882,0
21883,0
21884,0
21885,0
21886,0
21887,0
21888,0
21889,0
21890,0
21891,0
21892,0
21893,0
21894,0
21895,0
21896,0
21897,0
21898,0
21899,0
21900,0
21901,0
21902,0
21903,0
21904,0
21905,0
21906,0
21907,0
21908,0
21909,0
21910,0
21911,0
21912,0
21913,0
21914,0
21915,0
21916,0
21917,0
21918,0
21919,0
21920,0
21921,0
21922,0
21923,0
21924,0
21925,0
21926,0
21927,0
21928,0
21929,0
21930,0
21931,0
21932,0
21933,0
21934,0
21935,0
21936,0
21937,0
21938,0
21939,0
21940,0
21941,0
21942,0
21943,0
21944,0
21945,0
21946,0
21947,0
21948,0
21949,0
21950,0
21951,0
21952,0
21953,0
21954,0
21955,0
21956,0
21957,0
21958,0
21959,0
21960,0
21961,0
21962,0
21963,0
21964,0
21965,0
21966,0
21967,0
21968,0
21969,0
21970,0
21971,0
21972,0
21973,0
21974,0
21975,0
21976,0
21977,0
21978,0
21979,0
21980,0
21981,0
21982,0
21983,0
21984,0
21985,0
21986,0
21987,0
21988,0
21989,0
21990,0
21991,0
21992,0
21993,0
21994,0
21995,0
21996,0
21997,0
21998,0
21999,0
22000,0
22001,0
22002,0
22003,0
22004,0
22005,0
22006,0
22007,0
22008,0
22009,0
22010,0
22011,0
22012,0
22013,0
22014,0
22015,0
22016,0
22017,0
22018,0
22019,0
22020,0
22021,0
22022,0
22023,0
22024,0
22025,0
22026,0
22027,0
22028,0
22029,0
22030,0
22031,0
22032,0
22033,0
22034,0
22035,0
22036,0
22037,0
22038,0
22039,0
22040,0
22041,0
22042,0
22043,0
22044,0
22045,0
22046,0
22047,0
22048,0
22049,0
22050,0
22051,0
22052,0
22053,0
22054,0
22055,0
22056,0
22057,0
22058,0
22059,0
22060,0
22061,0
22062,0
22063,0
22064,0
22065,0
22066,0
22067,0
22068,0
22069,0
22070,0
22071,0
22072,0
22073,0
22074,0
22075,0
22076,0
22077,0
22078,0
22079,0
22080,0
22081,0
22082,0
22083,0
22084,0
22085,0
22086,0
22087,0
22088,0
22089,0
22090,0
22091,0
22092,0
22093,0
22094,0
22095,0
22096,0
22097,0
22098,0
22099,0
22100,0
22101,0
22102,0
22103,0
22104,0
22105,0
22106,0
22107,0
22108,0
22109,0
22110,0
22111,0
22112,0
22113,0
22114,0
22115,0
22116,0
22117,0
22118,0
22119,0
22120,0
22121,0
22122,0
22123,0
22124,0
22125,0
22126,0
22127,0
22128,0
22129,0
22130,0
22131,0
22132,0
22133,0
22134,0
22135,0
22136,0
22137,0
22138,0
22139,0
22140,0
22141,0
22142,0
22143,0
22144,0
22145,0
22146,0
22147,0
22148,0
22149,0
22150,0
22151,0
22152,0
22153,0
22154,0
22155,0
22156,0
22157,0
22158,0
22159,0
22160,0
22161,0
22162,0
22163,0
22164,0
22165,0
22166,0
22167,0
22168,0
22169,0
22170,0
22171,0
22172,0
22173,0
22174,0
22175,0
22176,0
22177,0
22178,0
22179,0
22180,0
22181,0
22182,0
22183,0
22184,0
22185,0
22186,0
22187,0
22188,0
22189,0
22190,0
22191,0
22192,0
22193,0
22194,0
22195,0
22196,0
22197,0
22198,0
22199,0
22200,0
22201,0
22202,0
22203,0
22204,0
22205,0
22206,0
22207,0
22208,0
22209,0
22210,0
22211,0
22212,0
22213,0
22214,0
22215,0
22216,0
22217,0
22218,0
22219,0
22220,0
22221,0
22222,0
22223,0
22224,0
22225,0
22226,0
22227,0
22228,0
22229,0
22230,0
22231,0
22232,0
22233,0
22234,0
22235,0
22236,0
22237,0
22238,0
22239,0
22240,0
22241,0
22242,0
22243,0
22244,0
22245,0
22246,0
22247,0
22248,0
22249,0
22250,0
22251,0
22252,0
22253,0
22254,0
22255,0
22256,0
22257,0
22258,0
22259,0
22260,0
22261,0
22262,0
22263,0
22264,0
22265,0
22266,0
22267,0
22268,0
22269,0
22270,0
22271,0
22272,0
22273,0
22274,0
22275,0
22276,0
22277,0
22278,0
22279,0
22280,0
22281,0
22282,0
22283,0
22284,0
22285,0
22286,0
22287,0
22288,0
22289,0
22290,0
22291,0
22292,0
22293,0
22294,0
22295,0
22296,0
22297,0
22298,0
22299,0
22300,0
22301,0
22302,0
22303,0
22304,0
22305,0
22306,0
22307,0
22308,0
22309,0
22310,0
22311,0
22312,0
22313,0
22314,0
22315,0
22316,0
22317,0
22318,0
22319,0
22320,0
22321,0
22322,0
22323,0
22324,0
22325,0
22326,0
22327,0
22328,0
22329,0
22330,0
22331,0
22332,0
22333,0
22334,0
22335,0
22336,0
22337,0
22338,0
22339,0
22340,0
22341,0
22342,0
22343,0
22344,0
22345,0
22346,0
22347,0
22348,0
22349,0
22350,0
22351,0
22352,0
22353,0
22354,0
22355,0
22356,0
22357,0
22358,0
22359,0
22360,0
22361,0
22362,0
22363,0
22364,0
22365,0
22366,0
22367,0
22368,0
22369,0
22370,0
22371,0
22372,0
22373,0
22374,0
22375,0
22376,0
22377,0
22378,0
22379,0
22380,0
22381,0
22382,0
22383,0
22384,0
22385,0
22386,0
22387,0
22388,0
22389,0
22390,0
22391,0
22392,0
22393,0
22394,0
22395,0
22396,0
22397,0
22398,0
22399,0
22400,0
22401,0
22402,0
22403,0
22404,0
22405,0
22406,0
22407,0
22408,0
22409,0
22410,0
22411,0
22412,0
22413,0
22414,0
22415,0
22416,0
22417,0
22418,0
22419,0
22420,0
22421,0
22422,0
22423,0
22424,0
22425,0
22426,0
22427,0
22428,0
22429,0
22430,0
22431,0
22432,0
22433,0
22434,0
22435,0
22436,0
22437,0
22438,0
22439,0
22440,0
22441,0
22442,0
22443,0
22444,0
22445,0
22446,0
22447,0
22448,0
22449,0
22450,0
22451,0
22452,0
22453,0
22454,0
22455,0
22456,0
22457,0
22458,0
22459,0
22460,0
22461,0
22462,0
22463,0
22464,0
22465,0
22466,0
22467,0
22468,0
22469,0
22470,0
22471,0
22472,0
22473,0
22474,0
22475,0
22476,0
22477,0
22478,0
22479,0
22480,0
22481,0
22482,0
22483,0
22484,0
22485,0
22486,0
22487,0
22488,0
22489,0
22490,0
22491,0
22492,0
22493,0
22494,0
22495,0
22496,0
22497,0
22498,0
22499,0
22500,0
22501,0
22502,0
22503,0
22504,0
22505,0
22506,0
22507,0
22508,0
22509,0
22510,0
22511,0
22512,0
22513,0
22514,0
22515,0
22516,0
22517,0
22518,0
22519,0
22520,0
22521,0
22522,0
22523,0
22524,0
22525,0
22526,0
22527,0
22528,0
22529,0
22530,0
22531,0
22532,0
22533,0
22534,0
22535,0
22536,0
22537,0
22538,0
22539,0
22540,0
22541,0
22542,0
22543,0
22544,0
22545,0
22546,0
22547,0
22548,0
22549,0
22550,0
22551,0
22552,0
22553,0
22554,0
22555,0
22556,0
22557,0
22558,0
22559,0
22560,0
22561,0
22562,0
22563,0
22564,0
22565,0
22566,0
22567,0
22568,0
22569,0
22570,0
22571,0
22572,0
22573,0
22574,0
22575,0
22576,0
22577,0
22578,0
22579,0
22580,0
22581,0
22582,0
22583,0
22584,0
22585,0
22586,0
22587,0
22588,0
22589,0
22590,0
22591,0
22592,0
22593,0
22594,0
22595,0
22596,0
22597,0
22598,0
22599,0
22600,0
22601,0
22602,0
22603,0
22604,0
22605,0
22606,0
22607,0
22608,0
22609,0
22610,0
22611,0
22612,0
22613,0
22614,0
22615,0
22616,0
22617,0
22618,0
22619,0
22620,0
22621,0
22622,0
22623,0
22624,0
22625,0
22626,0
22627,0
22628,0
22629,0
22630,0
22631,0
22632,0
22633,0
22634,0
22635,0
22636,0
22637,0
22638,0
22639,0
22640,0
22641,0
22642,0
22643,0
22644,0
22645,0
22646,0
22647,0
22648,0
22649,0
22650,0
22651,0
22652,0
22653,0
22654,0
22655,0
22656,0
22657,0
22658,0
22659,0
22660,0
22661,0
22662,0
22663,0
22664,0
22665,0
22666,0
22667,0
22668,0
22669,0
22670,0
22671,0
22672,0
22673,0
22674,0
22675,0
22676,0
22677,0
22678,0
22679,0
22680,0
22681,0
22682,0
22683,0
22684,0
22685,0
22686,0
22687,0
22688,0
22689,0
22690,0
22691,0
22692,0
22693,0
22694,0
22695,0
22696,0
22697,0
22698,0
22699,0
22700,0
22701,0
22702,0
22703,0
22704,0
22705,0
22706,0
22707,0
22708,0
22709,0
22710,0
22711,0
22712,0
22713,0
22714,0
22715,0
22716,0
22717,0
22718,0
22719,0
22720,0
22721,0
22722,0
22723,0
22724,0
22725,0
22726,0
22727,0
22728,0
22729,0
22730,0
22731,0
22732,0
22733,0
22734,0
22735,0
22736,0
22737,0
22738,0
22739,0
22740,0
22741,0
22742,0
22743,0
22744,0
22745,0
22746,0
22747,0
22748,0
22749,0
22750,0
22751,0
22752,0
22753,0
22754,0
22755,0
22756,0
22757,0
22758,0
22759,0
22760,0
22761,0
22762,0
22763,0
22764,0
22765,0
22766,0
22767,0
22768,0
22769,0
22770,0
22771,0
22772,0
22773,0
22774,0
22775,0
22776,0
22777,0
22778,0
22779,0
22780,0
22781,0
22782,0
22783,0
22784,0
22785,0
22786,0
22787,0
22788,0
22789,0
22790,0
22791,0
22792,0
22793,0
22794,0
22795,0
22796,0
22797,0
22798,0
22799,0
22800,0
22801,0
22802,0
22803,0
22804,0
22805,0
22806,0
22807,0
22808,0
22809,0
22810,0
22811,0
22812,0
22813,0
22814,0
22815,0
22816,0
22817,0
22818,0
22819,0
22820,0
22821,0
22822,0
22823,0
22824,0
22825,0
22826,0
22827,0
22828,0
22829,0
22830,0
22831,0
22832,0
22833,0
22834,0
22835,0
22836,0
22837,0
22838,0
22839,0
22840,0
22841,0
22842,0
22843,0
22844,0
22845,0
22846,0
22847,0
22848,0
22849,0
22850,0
22851,0
22852,0
22853,0
22854,0
22855,0
22856,0
22857,0
22858,0
22859,0
22860,0
22861,0
22862,0
22863,0
22864,0
22865,0
22866,0
22867,0
22868,0
22869,0
22870,0
22871,0
22872,0
22873,0
22874,0
22875,0
22876,0
22877,0
22878,0
22879,0
22880,0
22881,0
22882,0
22883,0
22884,0
22885,0
22886,0
22887,0
22888,0
22889,0
22890,0
22891,0
22892,0
22893,0
22894,0
22895,0
22896,0
22897,0
22898,0
22899,0
22900,0
22901,0
22902,0
22903,0
22904,0
22905,0
22906,0
22907,0
22908,0
22909,0
22910,0
22911,0
22912,0
22913,0
22914,0
22915,0
22916,0
22917,0
22918,0
22919,0
22920,0
22921,0
22922,0
22923,0
22924,0
22925,0
22926,0
22927,0
22928,0
22929,0
22930,0
22931,0
22932,0
22933,0
22934,0
22935,0
22936,0
22937,0
22938,0
22939,0
22940,0
22941,0
22942,0
22943,0
22944,0
22945,0
22946,0
22947,0
22948,0
22949,0
22950,0
22951,0
22952,0
22953,0
22954,0
22955,0
22956,0
22957,0
22958,0
22959,0
22960,0
22961,0
22962,0
22963,0
22964,0
22965,0
22966,0
22967,0
22968,0
22969,0
22970,0
22971,0
22972,0
22973,0
22974,0
22975,0
22976,0
22977,0
22978,0
22979,0
22980,0
22981,0
22982,0
22983,0
22984,0
22985,0
22986,0
22987,0
22988,0
22989,0
22990,0
22991,0
22992,0
22993,0
22994,0
22995,0
22996,0
22997,0
22998,0
22999,0
23000,0
23001,0
23002,0
23003,0
23004,0
23005,0
23006,0
23007,0
23008,0
23009,0
23010,0
23011,0
23012,0
23013,0
23014,0
23015,0
23016,0
23017,0
23018,0
23019,0
23020,0
23021,0
23022,0
23023,0
23024,0
23025,0
23026,0
23027,0
23028,0
23029,0
23030,0
23031,0
23032,0
23033,0
23034,0
23035,0
23036,0
23037,0
23038,0
23039,0
23040,0
23041,0
23042,0
23043,0
23044,0
23045,0
23046,0
23047,0
23048,0
23049,0
23050,0
23051,0
23052,0
23053,0
23054,0
23055,0
23056,0
23057,0
23058,0
23059,0
23060,0
23061,0
23062,0
23063,0
23064,0
23065,0
23066,0
23067,0
23068,0
23069,0
23070,0
23071,0
23072,0
23073,0
23074,0
23075,0
23076,0
23077,0
23078,0
23079,0
23080,0
23081,0
23082,0
23083,0
23084,0
23085,0
23086,0
23087,0
23088,0
23089,0
23090,0
23091,0
23092,0
23093,0
23094,0
23095,0
23096,0
23097,0
23098,0
23099,0
23100,0
23101,0
23102,0
23103,0
23104,0
23105,0
23106,0
23107,0
23108,0
23109,0
23110,0
23111,0
23112,0
23113,0
23114,0
23115,0
23116,0
23117,0
23118,0
23119,0
23120,0
23121,0
23122,0
23123,0
23124,0
23125,0
23126,0
23127,0
23128,0
23129,0
23130,0
23131,0
23132,0
23133,0
23134,0
23135,0
23136,0
23137,0
23138,0
23139,0
23140,0
23141,0
23142,0
23143,0
23144,0
23145,0
23146,0
23147,0
23148,0
23149,0
23150,0
23151,0
23152,0
23153,0
23154,0
23155,0
23156,0
23157,0
23158,0
23159,0
23160,0
23161,0
23162,0
23163,0
23164,0
23165,0
23166,0
23167,0
23168,0
23169,0
23170,0
23171,0
23172,0
23173,0
23174,0
23175,0
23176,0
23177,0
23178,0
23179,0
23180,0
23181,0
23182,0
23183,0
23184,0
23185,0
23186,0
23187,0
23188,0
23189,0
23190,0
23191,0
23192,0
23193,0
23194,0
23195,0
23196,0
23197,0
23198,0
23199,0
23200,0
23201,0
23202,0
23203,0
23204,0
23205,0
23206,0
23207,0
23208,0
23209,0
23210,0
23211,0
23212,0
23213,0
23214,0
23215,0
23216,0
23217,0
23218,0
23219,0
23220,0
23221,0
23222,0
23223,0
23224,0
23225,0
23226,0
23227,0
23228,0
23229,0
23230,0
23231,0
23232,0
23233,0
23234,0
23235,0
23236,0
23237,0
23238,0
23239,0
23240,0
23241,0
23242,0
23243,0
23244,0
23245,0
23246,0
23247,0
23248,0
23249,0
23250,0
23251,0
23252,0
23253,0
23254,0
23255,0
23256,0
23257,0
23258,0
23259,0
23260,0
23261,0
23262,0
23263,0
23264,0
23265,0
23266,0
23267,0
23268,0
23269,0
23270,0
23271,0
23272,0
23273,0
23274,0
23275,0
23276,0
23277,0
23278,0
23279,0
23280,0
23281,0
23282,0
23283,0
23284,0
23285,0
23286,0
23287,0
23288,0
23289,0
23290,0
23291,0
23292,0
23293,0
23294,0
23295,0
23296,0
23297,0
23298,0
23299,0
23300,0
23301,0
23302,0
23303,0
23304,0
23305,0
23306,0
23307,0
23308,0
23309,0
23310,0
23311,0
23312,0
23313,0
23314,0
23315,0
23316,0
23317,0
23318,0
23319,0
23320,0
23321,0
23322,0
23323,0
23324,0
23325,0
23326,0
23327,0
23328,0
23329,0
23330,0
23331,0
23332,0
23333,0
23334,0
23335,0
23336,0
23337,0
23338,0
23339,0
23340,0
23341,0
23342,0
23343,0
23344,0
23345,0
23346,0
23347,0
23348,0
23349,0
23350,0
23351,0
23352,0
23353,0
23354,0
23355,0
23356,0
23357,0
23358,0
23359,0
23360,0
23361,0
23362,0
23363,0
23364,0
23365,0
23366,0
23367,0
23368,0
23369,0
23370,0
23371,0
23372,0
23373,0
23374,0
23375,0
23376,0
23377,0
23378,0
23379,0
23380,0
23381,0
23382,0
23383,0
23384,0
23385,0
23386,0
23387,0
23388,0
23389,0
23390,0
23391,0
23392,0
23393,0
23394,0
23395,0
23396,0
23397,0
23398,0
23399,0
23400,0
23401,0
23402,0
23403,0
23404,0
23405,0
23406,0
23407,0
23408,0
23409,0
23410,0
23411,0
23412,0
23413,0
23414,0
23415,0
23416,0
23417,0
23418,0
23419,0
23420,0
23421,0
23422,0
23423,0
23424,0
23425,0
23426,0
23427,0
23428,0
23429,0
23430,0
23431,0
23432,0
23433,0
23434,0
23435,0
23436,0
23437,0
23438,0
23439,0
23440,0
23441,0
23442,0
23443,0
23444,0
23445,0
23446,0
23447,0
23448,0
23449,0
23450,0
23451,0
23452,0
23453,0
23454,0
23455,0
23456,0
23457,0
23458,0
23459,0
23460,0
23461,0
23462,0
23463,0
23464,0
23465,0
23466,0
23467,0
23468,0
23469,0
23470,0
23471,0
23472,0
23473,0
23474,0
23475,0
23476,0
23477,0
23478,0
23479,0
23480,0
23481,0
23482,0
23483,0
23484,0
23485,0
23486,0
23487,0
23488,0
23489,0
23490,0
23491,0
23492,0
23493,0
23494,0
23495,0
23496,0
23497,0
23498,0
23499,0
23500,0
23501,0
23502,0
23503,0
23504,0
23505,0
23506,0
23507,0
23508,0
23509,0
23510,0
23511,0
23512,0
23513,0
23514,0
23515,0
23516,0
23517,0
23518,0
23519,0
23520,0
23521,0
23522,0
23523,0
23524,0
23525,0
23526,0
23527,0
23528,0
23529,0
23530,0
23531,0
23532,0
23533,0
23534,0
23535,0
23536,0
23537,0
23538,0
23539,0
23540,0
23541,0
23542,0
23543,0
23544,0
23545,0
23546,0
23547,0
23548,0
23549,0
23550,0
23551,0
23552,0
23553,0
23554,0
23555,0
23556,0
23557,0
23558,0
23559,0
23560,0
23561,0
23562,0
23563,0
23564,0
23565,0
23566,0
23567,0
23568,0
23569,0
23570,0
23571,0
23572,0
23573,0
23574,0
23575,0
23576,0
23577,0
23578,0
23579,0
23580,0
23581,0
23582,0
23583,0
23584,0
23585,0
23586,0
23587,0
23588,0
23589,0
23590,0
23591,0
23592,0
23593,0
23594,0
23595,0
23596,0
23597,0
23598,0
23599,0
23600,0
23601,0
23602,0
23603,0
23604,0
23605,0
23606,0
23607,0
23608,0
23609,0
23610,0
23611,0
23612,0
23613,0
23614,0
23615,0
23616,0
23617,0
23618,0
23619,0
23620,0
23621,0
23622,0
23623,0
23624,0
23625,0
23626,0
23627,0
23628,0
23629,0
23630,0
23631,0
23632,0
23633,0
23634,0
23635,0
23636,0
23637,0
23638,0
23639,0
23640,0
23641,0
23642,0
23643,0
23644,0
23645,0
23646,0
23647,0
23648,0
23649,0
23650,0
23651,0
23652,0
23653,0
23654,0
23655,0
23656,0
23657,0
23658,0
23659,0
23660,0
23661,0
23662,0
23663,0
23664,0
23665,0
23666,0
23667,0
23668,0
23669,0
23670,0
23671,0
23672,0
23673,0
23674,0
23675,0
23676,0
23677,0
23678,0
23679,0
23680,0
23681,0
23682,0
23683,0
23684,0
23685,0
23686,0
23687,0
23688,0
23689,0
23690,0
23691,0
23692,0
23693,0
23694,0
23695,0
23696,0
23697,0
23698,0
23699,0
23700,0
23701,0
23702,0
23703,0
23704,0
23705,0
23706,0
23707,0
23708,0
23709,0
23710,0
23711,0
23712,0
23713,0
23714,0
23715,0
23716,0
23717,0
23718,0
23719,0
23720,0
23721,0
23722,0
23723,0
23724,0
23725,0
23726,0
23727,0
23728,0
23729,0
23730,0
23731,0
23732,0
23733,0
23734,0
23735,0
23736,0
23737,0
23738,0
23739,0
23740,0
23741,0
23742,0
23743,0
23744,0
23745,0
23746,0
23747,0
23748,0
23749,0
23750,0
23751,0
23752,0
23753,0
23754,0
23755,0
23756,0
23757,0
23758,0
23759,0
23760,0
23761,0
23762,0
23763,0
23764,0
23765,0
23766,0
23767,0
23768,0
23769,0
23770,0
23771,0
23772,0
23773,0
23774,0
23775,0
23776,0
23777,0
23778,0
23779,0
23780,0
23781,0
23782,0
23783,0
23784,0
23785,0
23786,0
23787,0
23788,0
23789,0
23790,0
23791,0
23792,0
23793,0
23794,0
23795,0
23796,0
23797,0
23798,0
23799,0
23800,0
23801,0
23802,0
23803,0
23804,0
23805,0
23806,0
23807,0
23808,0
23809,0
23810,0
23811,0
23812,0
23813,0
23814,0
23815,0
23816,0
23817,0
23818,0
23819,0
23820,0
23821,0
23822,0
23823,0
23824,0
23825,0
23826,0
23827,0
23828,0
23829,0
23830,0
23831,0
23832,0
23833,0
23834,0
23835,0
23836,0
23837,0
23838,0
23839,0
23840,0
23841,0
23842,0
23843,0
23844,0
23845,0
23846,0
23847,0
23848,0
23849,0
23850,0
23851,0
23852,0
23853,0
23854,0
23855,0
23856,0
23857,0
23858,0
23859,0
23860,0
23861,0
23862,0
23863,0
23864,0
23865,0
23866,0
23867,0
23868,0
23869,0
23870,0
23871,0
23872,0
23873,0
23874,0
23875,0
23876,0
23877,0
23878,0
23879,0
23880,0
23881,0
23882,0
23883,0
23884,0
23885,0
23886,0
23887,0
23888,0
23889,0
23890,0
23891,0
23892,0
23893,0
23894,0
23895,0
23896,0
23897,0
23898,0
23899,0
23900,0
23901,0
23902,0
23903,0
23904,0
23905,0
23906,0
23907,0
23908,0
23909,0
23910,0
23911,0
23912,0
23913,0
23914,0
23915,0
23916,0
23917,0
23918,0
23919,0
23920,0
23921,0
23922,0
23923,0
23924,0
23925,0
23926,0
23927,0
23928,0
23929,0
23930,0
23931,0
23932,0
23933,0
23934,0
23935,0
23936,0
23937,0
23938,0
23939,0
23940,0
23941,0
23942,0
23943,0
23944,0
23945,0
23946,0
23947,0
23948,0
23949,0
23950,0
23951,0
23952,0
23953,0
23954,0
23955,0
23956,0
23957,0
23958,0
23959,0
23960,0
23961,0
23962,0
23963,0
23964,0
23965,0
23966,0
23967,0
23968,0
23969,0
23970,0
23971,0
23972,0
23973,0
23974,0
23975,0
23976,0
23977,0
23978,0
23979,0
23980,0
23981,0
23982,0
23983,0
23984,0
23985,0
23986,0
23987,0
23988,0
23989,0
23990,0
23991,0
23992,0
23993,0
23994,0
23995,0
23996,0
23997,0
23998,0
23999,0
24000,0
24001,0
24002,0
24003,0
24004,0
24005,0
24006,0
24007,0
24008,0
24009,0
24010,0
24011,0
24012,0
24013,0
24014,0
24015,0
24016,0
24017,0
24018,0
24019,0
24020,0
24021,0
24022,0
24023,0
24024,0
24025,0
24026,0
24027,0
24028,0
24029,0
24030,0
24031,0
24032,0
24033,0
24034,0
24035,0
24036,0
24037,0
24038,0
24039,0
24040,0
24041,0
24042,0
24043,0
24044,0
24045,0
24046,0
24047,0
24048,0
24049,0
24050,0
24051,0
24052,0
24053,0
24054,0
24055,0
24056,0
24057,0
24058,0
24059,0
24060,0
24061,0
24062,0
24063,0
24064,0
24065,0
24066,0
24067,0
24068,0
24069,0
24070,0
24071,0
24072,0
24073,0
24074,0
24075,0
24076,0
24077,0
24078,0
24079,0
24080,0
24081,0
24082,0
24083,0
24084,0
24085,0
24086,0
24087,0
24088,0
24089,0
24090,0
24091,0
24092,0
24093,0
24094,0
24095,0
24096,0
24097,0
24098,0
24099,0
24100,0
24101,0
24102,0
24103,0
24104,0
24105,0
24106,0
24107,0
24108,0
24109,0
24110,0
24111,0
24112,0
24113,0
24114,0
24115,0
24116,0
24117,0
24118,0
24119,0
24120,0
24121,0
24122,0
24123,0
24124,0
24125,0
24126,0
24127,0
24128,0
24129,0
24130,0
24131,0
24132,0
24133,0
24134,0
24135,0
24136,0
24137,0
24138,0
24139,0
24140,0
24141,0
24142,0
24143,0
24144,0
24145,0
24146,0
24147,0
24148,0
24149,0
24150,0
24151,0
24152,0
24153,0
24154,0
24155,0
24156,0
24157,0
24158,0
24159,0
24160,0
24161,0
24162,0
24163,0
24164,0
24165,0
24166,0
24167,0
24168,0
24169,0
24170,0
24171,0
24172,0
24173,0
24174,0
24175,0
24176,0
24177,0
24178,0
24179,0
24180,0
24181,0
24182,0
24183,0
24184,0
24185,0
24186,0
24187,0
24188,0
24189,0
24190,0
24191,0
24192,0
24193,0
24194,0
24195,0
24196,0
24197,0
24198,0
24199,0
24200,0
24201,0
24202,0
24203,0
24204,0
24205,0
24206,0
24207,0
24208,0
24209,0
24210,0
24211,0
24212,0
24213,0
24214,0
24215,0
24216,0
24217,0
24218,0
24219,0
24220,0
24221,0
24222,0
24223,0
24224,0
24225,0
24226,0
24227,0
24228,0
24229,0
24230,0
24231,0
24232,0
24233,0
24234,0
24235,0
24236,0
24237,0
24238,0
24239,0
24240,0
24241,0
24242,0
24243,0
24244,0
24245,0
24246,0
24247,0
24248,0
24249,0
24250,0
24251,0
24252,0
24253,0
24254,0
24255,0
24256,0
24257,0
24258,0
24259,0
24260,0
24261,0
24262,0
24263,0
24264,0
24265,0
24266,0
24267,0
24268,0
24269,0
24270,0
24271,0
24272,0
24273,0
24274,0
24275,0
24276,0
24277,0
24278,0
24279,0
24280,0
24281,0
24282,0
24283,0
24284,0
24285,0
24286,0
24287,0
24288,0
24289,0
24290,0
24291,0
24292,0
24293,0
24294,0
24295,0
24296,0
24297,0
24298,0
24299,0
24300,0
24301,0
24302,0
24303,0
24304,0
24305,0
24306,0
24307,0
24308,0
24309,0
24310,0
24311,0
24312,0
24313,0
24314,0
24315,0
24316,0
24317,0
24318,0
24319,0
24320,0
24321,0
24322,0
24323,0
24324,0
24325,0
24326,0
24327,0
24328,0
24329,0
24330,0
24331,0
24332,0
24333,0
24334,0
24335,0
24336,0
24337,0
24338,0
24339,0
24340,0
24341,0
24342,0
24343,0
24344,0
24345,0
24346,0
24347,0
24348,0
24349,0
24350,0
24351,0
24352,0
24353,0
24354,0
24355,0
24356,0
24357,0
24358,0
24359,0
24360,0
24361,0
24362,0
24363,0
24364,0
24365,0
24366,0
24367,0
24368,0
24369,0
24370,0
24371,0
24372,0
24373,0
24374,0
24375,0
24376,0
24377,0
24378,0
24379,0
24380,0
24381,0
24382,0
24383,0
24384,0
24385,0
24386,0
24387,0
24388,0
24389,0
24390,0
24391,0
24392,0
24393,0
24394,0
24395,0
24396,0
24397,0
24398,0
24399,0
24400,0
24401,0
24402,0
24403,0
24404,0
24405,0
24406,0
24407,0
24408,0
24409,0
24410,0
24411,0
24412,0
24413,0
24414,0
24415,0
24416,0
24417,0
24418,0
24419,0
24420,0
24421,0
24422,0
24423,0
24424,0
24425,0
24426,0
24427,0
24428,0
24429,0
24430,0
24431,0
24432,0
24433,0
24434,0
24435,0
24436,0
24437,0
24438,0
24439,0
24440,0
24441,0
24442,0
24443,0
24444,0
24445,0
24446,0
24447,0
24448,0
24449,0
24450,0
24451,0
24452,0
24453,0
24454,0
24455,0
24456,0
24457,0
24458,0
24459,0
24460,0
24461,0
24462,0
24463,0
24464,0
24465,0
24466,0
24467,0
24468,0
24469,0
24470,0
24471,0
24472,0
24473,0
24474,0
24475,0
24476,0
24477,0
24478,0
24479,0
24480,0
24481,0
24482,0
24483,0
24484,0
24485,0
24486,0
24487,0
24488,0
24489,0
24490,0
24491,0
24492,0
24493,0
24494,0
24495,0
24496,0
24497,0
24498,0
24499,0
24500,0
24501,0
24502,0
24503,0
24504,0
24505,0
24506,0
24507,0
24508,0
24509,0
24510,0
24511,0
24512,0
24513,0
24514,0
24515,0
24516,0
24517,0
24518,0
24519,0
24520,0
24521,0
24522,0
24523,0
24524,0
24525,0
24526,0
24527,0
24528,0
24529,0
24530,0
24531,0
24532,0
24533,0
24534,0
24535,0
24536,0
24537,0
24538,0
24539,0
24540,0
24541,0
24542,0
24543,0
24544,0
24545,0
24546,0
24547,0
24548,0
24549,0
24550,0
24551,0
24552,0
24553,0
24554,0
24555,0
24556,0
24557,0
24558,0
24559,0
24560,0
24561,0
24562,0
24563,0
24564,0
24565,0
24566,0
24567,0
24568,0
24569,0
24570,0
24571,0
24572,0
24573,0
24574,0
24575,0
24576,0
24577,0
24578,0
24579,0
24580,0
24581,0
24582,0
24583,0
24584,0
24585,0
24586,0
24587,0
24588,0
24589,0
24590,0
24591,0
24592,0
24593,0
24594,0
24595,0
24596,0
24597,0
24598,0
24599,0
24600,0
24601,0
24602,0
24603,0
24604,0
24605,0
24606,0
24607,0
24608,0
24609,0
24610,0
24611,0
24612,0
24613,0
24614,0
24615,0
24616,0
24617,0
24618,0
24619,0
24620,0
24621,0
24622,0
24623,0
24624,0
24625,0
24626,0
24627,0
24628,0
24629,0
24630,0
24631,0
24632,0
24633,0
24634,0
24635,0
24636,0
24637,0
24638,0
24639,0
24640,0
24641,0
24642,0
24643,0
24644,0
24645,0
24646,0
24647,0
24648,0
24649,0
24650,0
24651,0
24652,0
24653,0
24654,0
24655,0
24656,0
24657,0
24658,0
24659,0
24660,0
24661,0
24662,0
24663,0
24664,0
24665,0
24666,0
24667,0
24668,0
24669,0
24670,0
24671,0
24672,0
24673,0
24674,0
24675,0
24676,0
24677,0
24678,0
24679,0
24680,0
24681,0
24682,0
24683,0
24684,0
24685,0
24686,0
24687,0
24688,0
24689,0
24690,0
24691,0
24692,0
24693,0
24694,0
24695,0
24696,0
24697,0
24698,0
24699,0
24700,0
24701,0
24702,0
24703,0
24704,0
24705,0
24706,0
24707,0
24708,0
24709,0
24710,0
24711,0
24712,0
24713,0
24714,0
24715,0
24716,0
24717,0
24718,0
24719,0
24720,0
24721,0
24722,0
24723,0
24724,0
24725,0
24726,0
24727,0
24728,0
24729,0
24730,0
24731,0
24732,0
24733,0
24734,0
24735,0
24736,0
24737,0
24738,0
24739,0
24740,0
24741,0
24742,0
24743,0
24744,0
24745,0
24746,0
24747,0
24748,0
24749,0
24750,0
24751,0
24752,0
24753,0
24754,0
24755,0
24756,0
24757,0
24758,0
24759,0
24760,0
24761,0
24762,0
24763,0
24764,0
24765,0
24766,0
24767,0
24768,0
24769,0
24770,0
24771,0
24772,0
24773,0
24774,0
24775,0
24776,0
24777,0
24778,0
24779,0
24780,0
24781,0
24782,0
24783,0
24784,0
24785,0
24786,0
24787,0
24788,0
24789,0
24790,0
24791,0
24792,0
24793,0
24794,0
24795,0
24796,0
24797,0
24798,0
24799,0
24800,0
24801,0
24802,0
24803,0
24804,0
24805,0
24806,0
24807,0
24808,0
24809,0
24810,0
24811,0
24812,0
24813,0
24814,0
24815,0
24816,0
24817,0
24818,0
24819,0
24820,0
24821,0
24822,0
24823,0
24824,0
24825,0
24826,0
24827,0
24828,0
24829,0
24830,0
24831,0
24832,0
24833,0
24834,0
24835,0
24836,0
24837,0
24838,0
24839,0
24840,0
24841,0
24842,0
24843,0
24844,0
24845,0
24846,0
24847,0
24848,0
24849,0
24850,0
24851,0
24852,0
24853,0
24854,0
24855,0
24856,0
24857,0
24858,0
24859,0
24860,0
24861,0
24862,0
24863,0
24864,0
24865,0
24866,0
24867,0
24868,0
24869,0
24870,0
24871,0
24872,0
24873,0
24874,0
24875,0
24876,0
24877,0
24878,0
24879,0
24880,0
24881,0
24882,0
24883,0
24884,0
24885,0
24886,0
24887,0
24888,0
24889,0
24890,0
24891,0
24892,0
24893,0
24894,0
24895,0
24896,0
24897,0
24898,0
24899,0
24900,0
24901,0
24902,0
24903,0
24904,0
24905,0
24906,0
24907,0
24908,0
24909,0
24910,0
24911,0
24912,0
24913,0
24914,0
24915,0
24916,0
24917,0
24918,0
24919,0
24920,0
24921,0
24922,0
24923,0
24924,0
24925,0
24926,0
24927,0
24928,0
24929,0
24930,0
24931,0
24932,0
24933,0
24934,0
24935,0
24936,0
24937,0
24938,0
24939,0
24940,0
24941,0
24942,0
24943,0
24944,0
24945,0
24946,0
24947,0
24948,0
24949,0
24950,0
24951,0
24952,0
24953,0
24954,0
24955,0
24956,0
24957,0
24958,0
24959,0
24960,0
24961,0
24962,0
24963,0
24964,0
24965,0
24966,0
24967,0
24968,0
24969,0
24970,0
24971,0
24972,0
24973,0
24974,0
24975,0
24976,0
24977,0
24978,0
24979,0
24980,0
24981,0
24982,0
24983,0
24984,0
24985,0
24986,0
24987,0
24988,0
24989,0
24990,0
24991,0
24992,0
24993,0
24994,0
24995,0
24996,0
24997,0
24998,0
24999,0
25000,0
25001,0
25002,0
25003,0
25004,0
25005,0
25006,0
25007,0
25008,0
25009,0
25010,0
25011,0
25012,0
25013,0
25014,0
25015,0
25016,0
25017,0
25018,0
25019,0
25020,0
25021,0
25022,0
25023,0
25024,0
25025,0
25026,0
25027,0
25028,0
25029,0
25030,0
25031,0
25032,0
25033,0
25034,0
25035,0
25036,0
25037,0
25038,0
25039,0
25040,0
25041,0
25042,0
25043,0
25044,0
25045,0
25046,0
25047,0
25048,0
25049,0
25050,0
25051,0
25052,0
25053,0
25054,0
25055,0
25056,0
25057,0
25058,0
25059,0
25060,0
25061,0
25062,0
25063,0
25064,0
25065,0
25066,0
25067,0
25068,0
25069,0
25070,0
25071,0
25072,0
25073,0
25074,0
25075,0
25076,0
25077,0
25078,0
25079,0
25080,0
25081,0
25082,0
25083,0
25084,0
25085,0
25086,0
25087,0
25088,0
25089,0
25090,0
25091,0
25092,0
25093,0
25094,0
25095,0
25096,0
25097,0
25098,0
25099,0
25100,0
25101,0
25102,0
25103,0
25104,0
25105,0
25106,0
25107,0
25108,0
25109,0
25110,0
25111,0
25112,0
25113,0
25114,0
25115,0
25116,0
25117,0
25118,0
25119,0
25120,0
25121,0
25122,0
25123,0
25124,0
25125,0
25126,0
25127,0
25128,0
25129,0
25130,0
25131,0
25132,0
25133,0
25134,0
25135,0
25136,0
25137,0
25138,0
25139,0
25140,0
25141,0
25142,0
25143,0
25144,0
25145,0
25146,0
25147,0
25148,0
25149,0
25150,0
25151,0
25152,0
25153,0
25154,0
25155,0
25156,0
25157,0
25158,0
25159,0
25160,0
25161,0
25162,0
25163,0
25164,0
25165,0
25166,0
25167,0
25168,0
25169,0
25170,0
25171,0
25172,0
25173,0
25174,0
25175,0
25176,0
25177,0
25178,0
25179,0
25180,0
25181,0
25182,0
25183,0
25184,0
25185,0
25186,0
25187,0
25188,0
25189,0
25190,0
25191,0
25192,0
25193,0
25194,0
25195,0
25196,0
25197,0
25198,0
25199,0
25200,0
25201,0
25202,0
25203,0
25204,0
25205,0
25206,0
25207,0
25208,0
25209,0
25210,0
25211,0
25212,0
25213,0
25214,0
25215,0
25216,0
25217,0
25218,0
25219,0
25220,0
25221,0
25222,0
25223,0
25224,0
25225,0
25226,0
25227,0
25228,0
25229,0
25230,0
25231,0
25232,0
25233,0
25234,0
25235,0
25236,0
25237,0
25238,0
25239,0
25240,0
25241,0
25242,0
25243,0
25244,0
25245,0
25246,0
25247,0
25248,0
25249,0
25250,0
25251,0
25252,0
25253,0
25254,0
25255,0
25256,0
25257,0
25258,0
25259,0
25260,0
25261,0
25262,0
25263,0
25264,0
25265,0
25266,0
25267,0
25268,0
25269,0
25270,0
25271,0
25272,0
25273,0
25274,0
25275,0
25276,0
25277,0
25278,0
25279,0
25280,0
25281,0
25282,0
25283,0
25284,0
25285,0
25286,0
25287,0
25288,0
25289,0
25290,0
25291,0
25292,0
25293,0
25294,0
25295,0
25296,0
25297,0
25298,0
25299,0
25300,0
25301,0
25302,0
25303,0
25304,0
25305,0
25306,0
25307,0
25308,0
25309,0
25310,0
25311,0
25312,0
25313,0
25314,0
25315,0
25316,0
25317,0
25318,0
25319,0
25320,0
25321,0
25322,0
25323,0
25324,0
25325,0
25326,0
25327,0
25328,0
25329,0
25330,0
25331,0
25332,0
25333,0
25334,0
25335,0
25336,0
25337,0
25338,0
25339,0
25340,0
25341,0
25342,0
25343,0
25344,0
25345,0
25346,0
25347,0
25348,0
25349,0
25350,0
25351,0
25352,0
25353,0
25354,0
25355,0
25356,0
25357,0
25358,0
25359,0
25360,0
25361,0
25362,0
25363,0
25364,0
25365,0
25366,0
25367,0
25368,0
25369,0
25370,0
25371,0
25372,0
25373,0
25374,0
25375,0
25376,0
25377,0
25378,0
25379,0
25380,0
25381,0
25382,0
25383,0
25384,0
25385,0
25386,0
25387,0
25388,0
25389,0
25390,0
25391,0
25392,0
25393,0
25394,0
25395,0
25396,0
25397,0
25398,0
25399,0
25400,0
25401,0
25402,0
25403,0
25404,0
25405,0
25406,0
25407,0
25408,0
25409,0
25410,0
25411,0
25412,0
25413,0
25414,0
25415,0
25416,0
25417,0
25418,0
25419,0
25420,0
25421,0
25422,0
25423,0
25424,0
25425,0
25426,0
25427,0
25428,0
25429,0
25430,0
25431,0
25432,0
25433,0
25434,0
25435,0
25436,0
25437,0
25438,0
25439,0
25440,0
25441,0
25442,0
25443,0
25444,0
25445,0
25446,0
25447,0
25448,0
25449,0
25450,0
25451,0
25452,0
25453,0
25454,0
25455,0
25456,0
25457,0
25458,0
25459,0
25460,0
25461,0
25462,0
25463,0
25464,0
25465,0
25466,0
25467,0
25468,0
25469,0
25470,0
25471,0
25472,0
25473,0
25474,0
25475,0
25476,0
25477,0
25478,0
25479,0
25480,0
25481,0
25482,0
25483,0
25484,0
25485,0
25486,0
25487,0
25488,0
25489,0
25490,0
25491,0
25492,0
25493,0
25494,0
25495,0
25496,0
25497,0
25498,0
25499,0
25500,0
25501,0
25502,0
25503,0
25504,0
25505,0
25506,0
25507,0
25508,0
25509,0
25510,0
25511,0
25512,0
25513,0
25514,0
25515,0
25516,0
25517,0
25518,0
25519,0
25520,0
25521,0
25522,0
25523,0
25524,0
25525,0
25526,0
25527,0
25528,0
25529,0
25530,0
25531,0
25532,0
25533,0
25534,0
25535,0
25536,0
25537,0
25538,0
25539,0
25540,0
25541,0
25542,0
25543,0
25544,0
25545,0
25546,0
25547,0
25548,0
25549,0
25550,0
25551,0
25552,0
25553,0
25554,0
25555,0
25556,0
25557,0
25558,0
25559,0
25560,0
25561,0
25562,0
25563,0
25564,0
25565,0
25566,0
25567,0
25568,0
25569,0
25570,0
25571,0
25572,0
25573,0
25574,0
25575,0
25576,0
25577,0
25578,0
25579,0
25580,0
25581,0
25582,0
25583,0
25584,0
25585,0
25586,0
25587,0
25588,0
25589,0
25590,0
25591,0
25592,0
25593,0
25594,0
25595,0
25596,0
25597,0
25598,0
25599,0
25600,0
25601,0
25602,0
25603,0
25604,0
25605,0
25606,0
25607,0
25608,0
25609,0
25610,0
25611,0
25612,0
25613,0
25614,0
25615,0
25616,0
25617,0
25618,0
25619,0
25620,0
25621,0
25622,0
25623,0
25624,0
25625,0
25626,0
25627,0
25628,0
25629,0
25630,0
25631,0
25632,0
25633,0
25634,0
25635,0
25636,0
25637,0
25638,0
25639,0
25640,0
25641,0
25642,0
25643,0
25644,0
25645,0
25646,0
25647,0
25648,0
25649,0
25650,0
25651,0
25652,0
25653,0
25654,0
25655,0
25656,0
25657,0
25658,0
25659,0
25660,0
25661,0
25662,0
25663,0
25664,0
25665,0
25666,0
25667,0
25668,0
25669,0
25670,0
25671,0
25672,0
25673,0
25674,0
25675,0
25676,0
25677,0
25678,0
25679,0
25680,0
25681,0
25682,0
25683,0
25684,0
25685,0
25686,0
25687,0
25688,0
25689,0
25690,0
25691,0
25692,0
25693,0
25694,0
25695,0
25696,0
25697,0
25698,0
25699,0
25700,0
25701,0
25702,0
25703,0
25704,0
25705,0
25706,0
25707,0
25708,0
25709,0
25710,0
25711,0
25712,0
25713,0
25714,0
25715,0
25716,0
25717,0
25718,0
25719,0
25720,0
25721,0
25722,0
25723,0
25724,0
25725,0
25726,0
25727,0
25728,0
25729,0
25730,0
25731,0
25732,0
25733,0
25734,0
25735,0
25736,0
25737,0
25738,0
25739,0
25740,0
25741,0
25742,0
25743,0
25744,0
25745,0
25746,0
25747,0
25748,0
25749,0
25750,0
25751,0
25752,0
25753,0
25754,0
25755,0
25756,0
25757,0
25758,0
25759,0
25760,0
25761,0
25762,0
25763,0
25764,0
25765,0
25766,0
25767,0
25768,0
25769,0
25770,0
25771,0
25772,0
25773,0
25774,0
25775,0
25776,0
25777,0
25778,0
25779,0
25780,0
25781,0
25782,0
25783,0
25784,0
25785,0
25786,0
25787,0
25788,0
25789,0
25790,0
25791,0
25792,0
25793,0
25794,0
25795,0
25796,0
25797,0
25798,0
25799,0
25800,0
25801,0
25802,0
25803,0
25804,0
25805,0
25806,0
25807,0
25808,0
25809,0
25810,0
25811,0
25812,0
25813,0
25814,0
25815,0
25816,0
25817,0
25818,0
25819,0
25820,0
25821,0
25822,0
25823,0
25824,0
25825,0
25826,0
25827,0
25828,0
25829,0
25830,0
25831,0
25832,0
25833,0
25834,0
25835,0
25836,0
25837,0
25838,0
25839,0
25840,0
25841,0
25842,0
25843,0
25844,0
25845,0
25846,0
25847,0
25848,0
25849,0
25850,0
25851,0
25852,0
25853,0
25854,0
25855,0
25856,0
25857,0
25858,0
25859,0
25860,0
25861,0
25862,0
25863,0
25864,0
25865,0
25866,0
25867,0
25868,0
25869,0
25870,0
25871,0
25872,0
25873,0
25874,0
25875,0
25876,0
25877,0
25878,0
25879,0
25880,0
25881,0
25882,0
25883,0
25884,0
25885,0
25886,0
25887,0
25888,0
25889,0
25890,0
25891,0
25892,0
25893,0
25894,0
25895,0
25896,0
25897,0
25898,0
25899,0
25900,0
25901,0
25902,0
25903,0
25904,0
25905,0
25906,0
25907,0
25908,0
25909,0
25910,0
25911,0
25912,0
25913,0
25914,0
25915,0
25916,0
25917,0
25918,0
25919,0
25920,0
25921,0
25922,0
25923,0
25924,0
25925,0
25926,0
25927,0
25928,0
25929,0
25930,0
25931,0
25932,0
25933,0
25934,0
25935,0
25936,0
25937,0
25938,0
25939,0
25940,0
25941,0
25942,0
25943,0
25944,0
25945,0
25946,0
25947,0
25948,0
25949,0
25950,0
25951,0
25952,0
25953,0
25954,0
25955,0
25956,0
25957,0
25958,0
25959,0
25960,0
25961,0
25962,0
25963,0
25964,0
25965,0
25966,0
25967,0
25968,0
25969,0
25970,0
25971,0
25972,0
25973,0
25974,0
25975,0
25976,0
25977,0
25978,0
25979,0
25980,0
25981,0
25982,0
25983,0
25984,0
25985,0
25986,0
25987,0
25988,0
25989,0
25990,0
25991,0
25992,0
25993,0
25994,0
25995,0
25996,0
25997,0
25998,0
25999,0
26000,0
26001,0
26002,0
26003,0
26004,0
26005,0
26006,0
26007,0
26008,0
26009,0
26010,0
26011,0
26012,0
26013,0
26014,0
26015,0
26016,0
26017,0
26018,0
26019,0
26020,0
26021,0
26022,0
26023,0
26024,0
26025,0
26026,0
26027,0
26028,0
26029,0
26030,0
26031,0
26032,0
26033,0
26034,0
26035,0
26036,0
26037,0
26038,0
26039,0
26040,0
26041,0
26042,0
26043,0
26044,0
26045,0
26046,0
26047,0
26048,0
26049,0
26050,0
26051,0
26052,0
26053,0
26054,0
26055,0
26056,0
26057,0
26058,0
26059,0
26060,0
26061,0
26062,0
26063,0
26064,0
26065,0
26066,0
26067,0
26068,0
26069,0
26070,0
26071,0
26072,0
26073,0
26074,0
26075,0
26076,0
26077,0
26078,0
26079,0
26080,0
26081,0
26082,0
26083,0
26084,0
26085,0
26086,0
26087,0
26088,0
26089,0
26090,0
26091,0
26092,0
26093,0
26094,0
26095,0
26096,0
26097,0
26098,0
26099,0
26100,0
26101,0
26102,0
26103,0
26104,0
26105,0
26106,0
26107,0
26108,0
26109,0
26110,0
26111,0
26112,0
26113,0
26114,0
26115,0
26116,0
26117,0
26118,0
26119,0
26120,0
26121,0
26122,0
26123,0
26124,0
26125,0
26126,0
26127,0
26128,0
26129,0
26130,0
26131,0
26132,0
26133,0
26134,0
26135,0
26136,0
26137,0
26138,0
26139,0
26140,0
26141,0
26142,0
26143,0
26144,0
26145,0
26146,0
26147,0
26148,0
26149,0
26150,0
26151,0
26152,0
26153,0
26154,0
26155,0
26156,0
26157,0
26158,0
26159,0
26160,0
26161,0
26162,0
26163,0
26164,0
26165,0
26166,0
26167,0
26168,0
26169,0
26170,0
26171,0
26172,0
26173,0
26174,0
26175,0
26176,0
26177,0
26178,0
26179,0
26180,0
26181,0
26182,0
26183,0
26184,0
26185,0
26186,0
26187,0
26188,0
26189,0
26190,0
26191,0
26192,0
26193,0
26194,0
26195,0
26196,0
26197,0
26198,0
26199,0
26200,0
26201,0
26202,0
26203,0
26204,0
26205,0
26206,0
26207,0
26208,0
26209,0
26210,0
26211,0
26212,0
26213,0
26214,0
26215,0
26216,0
26217,0
26218,0
26219,0
26220,0
26221,0
26222,0
26223,0
26224,0
26225,0
26226,0
26227,0
26228,0
26229,0
26230,0
26231,0
26232,0
26233,0
26234,0
26235,0
26236,0
26237,0
26238,0
26239,0
26240,0
26241,0
26242,0
26243,0
26244,0
26245,0
26246,0
26247,0
26248,0
26249,0
26250,0
26251,0
26252,0
26253,0
26254,0
26255,0
26256,0
26257,0
26258,0
26259,0
26260,0
26261,0
26262,0
26263,0
26264,0
26265,0
26266,0
26267,0
26268,0
26269,0
26270,0
26271,0
26272,0
26273,0
26274,0
26275,0
26276,0
26277,0
26278,0
26279,0
26280,0
26281,0
26282,0
26283,0
26284,0
26285,0
26286,0
26287,0
26288,0
26289,0
26290,0
26291,0
26292,0
26293,0
26294,0
26295,0
26296,0
26297,0
26298,0
26299,0
26300,0
26301,0
26302,0
26303,0
26304,0
26305,0
26306,0
26307,0
26308,0
26309,0
26310,0
26311,0
26312,0
26313,0
26314,0
26315,0
26316,0
26317,0
26318,0
26319,0
26320,0
26321,0
26322,0
26323,0
26324,0
26325,0
26326,0
26327,0
26328,0
26329,0
26330,0
26331,0
26332,0
26333,0
26334,0
26335,0
26336,0
26337,0
26338,0
26339,0
26340,0
26341,0
26342,0
26343,0
26344,0
26345,0
26346,0
26347,0
26348,0
26349,0
26350,0
26351,0
26352,0
26353,0
26354,0
26355,0
26356,0
26357,0
26358,0
26359,0
26360,0
26361,0
26362,0
26363,0
26364,0
26365,0
26366,0
26367,0
26368,0
26369,0
26370,0
26371,0
26372,0
26373,0
26374,0
26375,0
26376,0
26377,0
26378,0
26379,0
26380,0
26381,0
26382,0
26383,0
26384,0
26385,0
26386,0
26387,0
26388,0
26389,0
26390,0
26391,0
26392,0
26393,0
26394,0
26395,0
26396,0
26397,0
26398,0
26399,0
26400,0
26401,0
26402,0
26403,0
26404,0
26405,0
26406,0
26407,0
26408,0
26409,0
26410,0
26411,0
26412,0
26413,0
26414,0
26415,0
26416,0
26417,0
26418,0
26419,0
26420,0
26421,0
26422,0
26423,0
26424,0
26425,0
26426,0
26427,0
26428,0
26429,0
26430,0
26431,0
26432,0
26433,0
26434,0
26435,0
26436,0
26437,0
26438,0
26439,0
26440,0
26441,0
26442,0
26443,0
26444,0
26445,0
26446,0
26447,0
26448,0
26449,0
26450,0
26451,0
26452,0
26453,0
26454,0
26455,0
26456,0
26457,0
26458,0
26459,0
26460,0
26461,0
26462,0
26463,0
26464,0
26465,0
26466,0
26467,0
26468,0
26469,0
26470,0
26471,0
26472,0
26473,0
26474,0
26475,0
26476,0
26477,0
26478,0
26479,0
26480,0
26481,0
26482,0
26483,0
26484,0
26485,0
26486,0
26487,0
26488,0
26489,0
26490,0
26491,0
26492,0
26493,0
26494,0
26495,0
26496,0
26497,0
26498,0
26499,0
26500,0
26501,0
26502,0
26503,0
26504,0
26505,0
26506,0
26507,0
26508,0
26509,0
26510,0
26511,0
26512,0
26513,0
26514,0
26515,0
26516,0
26517,0
26518,0
26519,0
26520,0
26521,0
26522,0
26523,0
26524,0
26525,0
26526,0
26527,0
26528,0
26529,0
26530,0
26531,0
26532,0
26533,0
26534,0
26535,0
26536,0
26537,0
26538,0
26539,0
26540,0
26541,0
26542,0
26543,0
26544,0
26545,0
26546,0
26547,0
26548,0
26549,0
26550,0
26551,0
26552,0
26553,0
26554,0
26555,0
26556,0
26557,0
26558,0
26559,0
26560,0
26561,0
26562,0
26563,0
26564,0
26565,0
26566,0
26567,0
26568,0
26569,0
26570,0
26571,0
26572,0
26573,0
26574,0
26575,0
26576,0
26577,0
26578,0
26579,0
26580,0
26581,0
26582,0
26583,0
26584,0
26585,0
26586,0
26587,0
26588,0
26589,0
26590,0
26591,0
26592,0
26593,0
26594,0
26595,0
26596,0
26597,0
26598,0
26599,0
26600,0
26601,0
26602,0
26603,0
26604,0
26605,0
26606,0
26607,0
26608,0
26609,0
26610,0
26611,0
26612,0
26613,0
26614,0
26615,0
26616,0
26617,0
26618,0
26619,0
26620,0
26621,0
26622,0
26623,0
26624,0
26625,0
26626,0
26627,0
26628,0
26629,0
26630,0
26631,0
26632,0
26633,0
26634,0
26635,0
26636,0
26637,0
26638,0
26639,0
26640,0
26641,0
26642,0
26643,0
26644,0
26645,0
26646,0
26647,0
26648,0
26649,0
26650,0
26651,0
26652,0
26653,0
26654,0
26655,0
26656,0
26657,0
26658,0
26659,0
26660,0
26661,0
26662,0
26663,0
26664,0
26665,0
26666,0
26667,0
26668,0
26669,0
26670,0
26671,0
26672,0
26673,0
26674,0
26675,0
26676,0
26677,0
26678,0
26679,0
26680,0
26681,0
26682,0
26683,0
26684,0
26685,0
26686,0
26687,0
26688,0
26689,0
26690,0
26691,0
26692,0
26693,0
26694,0
26695,0
26696,0
26697,0
26698,0
26699,0
26700,0
26701,0
26702,0
26703,0
26704,0
26705,0
26706,0
26707,0
26708,0
26709,0
26710,0
26711,0
26712,0
26713,0
26714,0
26715,0
26716,0
26717,0
26718,0
26719,0
26720,0
26721,0
26722,0
26723,0
26724,0
26725,0
26726,0
26727,0
26728,0
26729,0
26730,0
26731,0
26732,0
26733,0
26734,0
26735,0
26736,0
26737,0
26738,0
26739,0
26740,0
26741,0
26742,0
26743,0
26744,0
26745,0
26746,0
26747,0
26748,0
26749,0
26750,0
26751,0
26752,0
26753,0
26754,0
26755,0
26756,0
26757,0
26758,0
26759,0
26760,0
26761,0
26762,0
26763,0
26764,0
26765,0
26766,0
26767,0
26768,0
26769,0
26770,0
26771,0
26772,0
26773,0
26774,0
26775,0
26776,0
26777,0
26778,0
26779,0
26780,0
26781,0
26782,0
26783,0
26784,0
26785,0
26786,0
26787,0
26788,0
26789,0
26790,0
26791,0
26792,0
26793,0
26794,0
26795,0
26796,0
26797,0
26798,0
26799,0
26800,0
26801,0
26802,0
26803,0
26804,0
26805,0
26806,0
26807,0
26808,0
26809,0
26810,0
26811,0
26812,0
26813,0
26814,0
26815,0
26816,0
26817,0
26818,0
26819,0
26820,0
26821,0
26822,0
26823,0
26824,0
26825,0
26826,0
26827,0
26828,0
26829,0
26830,0
26831,0
26832,0
26833,0
26834,0
26835,0
26836,0
26837,0
26838,0
26839,0
26840,0
26841,0
26842,0
26843,0
26844,0
26845,0
26846,0
26847,0
26848,0
26849,0
26850,0
26851,0
26852,0
26853,0
26854,0
26855,0
26856,0
26857,0
26858,0
26859,0
26860,0
26861,0
26862,0
26863,0
26864,0
26865,0
26866,0
26867,0
26868,0
26869,0
26870,0
26871,0
26872,0
26873,0
26874,0
26875,0
26876,0
26877,0
26878,0
26879,0
26880,0
26881,0
26882,0
26883,0
26884,0
26885,0
26886,0
26887,0
26888,0
26889,0
26890,0
26891,0
26892,0
26893,0
26894,0
26895,0
26896,0
26897,0
26898,0
26899,0
26900,0
26901,0
26902,0
26903,0
26904,0
26905,0
26906,0
26907,0
26908,0
26909,0
26910,0
26911,0
26912,0
26913,0
26914,0
26915,0
26916,0
26917,0
26918,0
26919,0
26920,0
26921,0
26922,0
26923,0
26924,0
26925,0
26926,0
26927,0
26928,0
26929,0
26930,0
26931,0
26932,0
26933,0
26934,0
26935,0
26936,0
26937,0
26938,0
26939,0
26940,0
26941,0
26942,0
26943,0
26944,0
26945,0
26946,0
26947,0
26948,0
26949,0
26950,0
26951,0
26952,0
26953,0
26954,0
26955,0
26956,0
26957,0
26958,0
26959,0
26960,0
26961,0
26962,0
26963,0
26964,0
26965,0
26966,0
26967,0
26968,0
26969,0
26970,0
26971,0
26972,0
26973,0
26974,0
26975,0
26976,0
26977,0
26978,0
26979,0
26980,0
26981,0
26982,0
26983,0
26984,0
26985,0
26986,0
26987,0
26988,0
26989,0
26990,0
26991,0
26992,0
26993,0
26994,0
26995,0
26996,0
26997,0
26998,0
26999,0
27000,0
27001,0
27002,0
27003,0
27004,0
27005,0
27006,0
27007,0
27008,0
27009,0
27010,0
27011,0
27012,0
27013,0
27014,0
27015,0
27016,0
27017,0
27018,0
27019,0
27020,0
27021,0
27022,0
27023,0
27024,0
27025,0
27026,0
27027,0
27028,0
27029,0
27030,0
27031,0
27032,0
27033,0
27034,0
27035,0
27036,0
27037,0
27038,0
27039,0
27040,0
27041,0
27042,0
27043,0
27044,0
27045,0
27046,0
27047,0
27048,0
27049,0
27050,0
27051,0
27052,0
27053,0
27054,0
27055,0
27056,0
27057,0
27058,0
27059,0
27060,0
27061,0
27062,0
27063,0
27064,0
27065,0
27066,0
27067,0
27068,0
27069,0
27070,0
27071,0
27072,0
27073,0
27074,0
27075,0
27076,0
27077,0
27078,0
27079,0
27080,0
27081,0
27082,0
27083,0
27084,0
27085,0
27086,0
27087,0
27088,0
27089,0
27090,0
27091,0
27092,0
27093,0
27094,0
27095,0
27096,0
27097,0
27098,0
27099,0
27100,0
27101,0
27102,0
27103,0
27104,0
27105,0
27106,0
27107,0
27108,0
27109,0
27110,0
27111,0
27112,0
27113,0
27114,0
27115,0
27116,0
27117,0
27118,0
27119,0
27120,0
27121,0
27122,0
27123,0
27124,0
27125,0
27126,0
27127,0
27128,0
27129,0
27130,0
27131,0
27132,0
27133,0
27134,0
27135,0
27136,0
27137,0
27138,0
27139,0
27140,0
27141,0
27142,0
27143,0
27144,0
27145,0
27146,0
27147,0
27148,0
27149,0
27150,0
27151,0
27152,0
27153,0
27154,0
27155,0
27156,0
27157,0
27158,0
27159,0
27160,0
27161,0
27162,0
27163,0
27164,0
27165,0
27166,0
27167,0
27168,0
27169,0
27170,0
27171,0
27172,0
27173,0
27174,0
27175,0
27176,0
27177,0
27178,0
27179,0
27180,0
27181,0
27182,0
27183,0
27184,0
27185,0
27186,0
27187,0
27188,0
27189,0
27190,0
27191,0
27192,0
27193,0
27194,0
27195,0
27196,0
27197,0
27198,0
27199,0
27200,0
27201,0
27202,0
27203,0
27204,0
27205,0
27206,0
27207,0
27208,0
27209,0
27210,0
27211,0
27212,0
27213,0
27214,0
27215,0
27216,0
27217,0
27218,0
27219,0
27220,0
27221,0
27222,0
27223,0
27224,0
27225,0
27226,0
27227,0
27228,0
27229,0
27230,0
27231,0
27232,0
27233,0
27234,0
27235,0
27236,0
27237,0
27238,0
27239,0
27240,0
27241,0
27242,0
27243,0
27244,0
27245,0
27246,0
27247,0
27248,0
27249,0
27250,0
27251,0
27252,0
27253,0
27254,0
27255,0
27256,0
27257,0
27258,0
27259,0
27260,0
27261,0
27262,0
27263,0
27264,0
27265,0
27266,0
27267,0
27268,0
27269,0
27270,0
27271,0
27272,0
27273,0
27274,0
27275,0
27276,0
27277,0
27278,0
27279,0
27280,0
27281,0
27282,0
27283,0
27284,0
27285,0
27286,0
27287,0
27288,0
27289,0
27290,0
27291,0
27292,0
27293,0
27294,0
27295,0
27296,0
27297,0
27298,0
27299,0
27300,0
27301,0
27302,0
27303,0
27304,0
27305,0
27306,0
27307,0
27308,0
27309,0
27310,0
27311,0
27312,0
27313,0
27314,0
27315,0
27316,0
27317,0
27318,0
27319,0
27320,0
27321,0
27322,0
27323,0
27324,0
27325,0
27326,0
27327,0
27328,0
27329,0
27330,0
27331,0
27332,0
27333,0
27334,0
27335,0
27336,0
27337,0
27338,0
27339,0
27340,0
27341,0
27342,0
27343,0
27344,0
27345,0
27346,0
27347,0
27348,0
27349,0
27350,0
27351,0
27352,0
27353,0
27354,0
27355,0
27356,0
27357,0
27358,0
27359,0
27360,0
27361,0
27362,0
27363,0
27364,0
27365,0
27366,0
27367,0
27368,0
27369,0
27370,0
27371,0
27372,0
27373,0
27374,0
27375,0
27376,0
27377,0
27378,0
27379,0
27380,0
27381,0
27382,0
27383,0
27384,0
27385,0
27386,0
27387,0
27388,0
27389,0
27390,0
27391,0
27392,0
27393,0
27394,0
27395,0
27396,0
27397,0
27398,0
27399,0
27400,0
27401,0
27402,0
27403,0
27404,0
27405,0
27406,0
27407,0
27408,0
27409,0
27410,0
27411,0
27412,0
27413,0
27414,0
27415,0
27416,0
27417,0
27418,0
27419,0
27420,0
27421,0
27422,0
27423,0
27424,0
27425,0
27426,0
27427,0
27428,0
27429,0
27430,0
27431,0
27432,0
27433,0
27434,0
27435,0
27436,0
27437,0
27438,0
27439,0
27440,0
27441,0
27442,0
27443,0
27444,0
27445,0
27446,0
27447,0
27448,0
27449,0
27450,0
27451,0
27452,0
27453,0
27454,0
27455,0
27456,0
27457,0
27458,0
27459,0
27460,0
27461,0
27462,0
27463,0
27464,0
27465,0
27466,0
27467,0
27468,0
27469,0
27470,0
27471,0
27472,0
27473,0
27474,0
27475,0
27476,0
27477,0
27478,0
27479,0
27480,0
27481,0
27482,0
27483,0
27484,0
27485,0
27486,0
27487,0
27488,0
27489,0
27490,0
27491,0
27492,0
27493,0
27494,0
27495,0
27496,0
27497,0
27498,0
27499,0
27500,0
27501,0
27502,0
27503,0
27504,0
27505,0
27506,0
27507,0
27508,0
27509,0
27510,0
27511,0
27512,0
27513,0
27514,0
27515,0
27516,0
27517,0
27518,0
27519,0
27520,0
27521,0
27522,0
27523,0
27524,0
27525,0
27526,0
27527,0
27528,0
27529,0
27530,0
27531,0
27532,0
27533,0
27534,0
27535,0
27536,0
27537,0
27538,0
27539,0
27540,0
27541,0
27542,0
27543,0
27544,0
27545,0
27546,0
27547,0
27548,0
27549,0
27550,0
27551,0
27552,0
27553,0
27554,0
27555,0
27556,0
27557,0
27558,0
27559,0
27560,0
27561,0
27562,0
27563,0
27564,0
27565,0
27566,0
27567,0
27568,0
27569,0
27570,0
27571,0
27572,0
27573,0
27574,0
27575,0
27576,0
27577,0
27578,0
27579,0
27580,0
27581,0
27582,0
27583,0
27584,0
27585,0
27586,0
27587,0
27588,0
27589,0
27590,0
27591,0
27592,0
27593,0
27594,0
27595,0
27596,0
27597,0
27598,0
27599,0
27600,0
27601,0
27602,0
27603,0
27604,0
27605,0
27606,0
27607,0
27608,0
27609,0
27610,0
27611,0
27612,0
27613,0
27614,0
27615,0
27616,0
27617,0
27618,0
27619,0
27620,0
27621,0
