tick,tiles
1,0
2,24
3,24
4,24
5,24
6,24
7,24
8,24
9,24
10,24
11,24
12,24
13,24
14,24
15,24
16,24
17,24
18,24
19,24
20,24
21,24
22,24
23,24
24,24
25,24
26,24
27,24
28,24
29,24
30,24
31,24
32,24
33,24
34,24
35,24
36,24
37,24
38,24
39,24
40,24
41,24
42,24
43,24
44,24
45,24
46,24
47,24
48,24
49,24
50,24
51,24
52,24
53,24
54,24
55,24
56,24
57,24
58,24
59,24
60,24
61,24
62,24
63,24
64,24
65,24
66,24
67,24
68,24
69,24
70,24
71,24
72,24
73,24
74,24
75,24
76,24
77,24
78,24
79,24
80,24
81,24
82,24
83,24
84,24
85,24
86,24
87,24
88,24
89,24
90,24
91,24
92,24
93,24
94,24
95,24
96,24
97,24
98,24
99,24
100,24
101,24
102,24
103,24
104,24
105,24
106,24
107,24
108,24
109,24
110,24
111,24
112,24
113,24
114,24
115,24
116,24
117,24
118,24
119,24
120,24
121,24
122,24
123,24
124,24
125,24
126,24
127,24
128,24
129,24
130,24
131,24
132,24
133,24
134,24
135,24
136,24
137,24
138,24
139,24
140,24
141,24
142,24
143,24
144,24
145,24
146,24
147,24
148,24
149,24
150,24
151,24
152,24
153,24
154,24
155,24
156,24
157,24
158,24
159,24
160,24
161,24
162,24
163,24
164,24
165,24
166,24
167,24
168,24
169,24
170,24
171,24
172,24
173,24
174,24
175,24
176,24
177,24
178,24
179,24
180,24
181,24
182,24
183,24
184,24
185,24
186,24
187,24
188,24
189,24
190,24
191,24
192,24
193,24
194,24
195,24
196,24
197,24
198,24
199,24
200,24
201,24
202,24
203,24
204,24
205,24
206,24
207,24
208,24
209,24
210,24
211,24
212,24
213,24
214,24
215,24
216,24
217,24
218,24
219,24
220,24
221,24
222,24
223,24
224,24
225,24
226,24
227,24
228,24
229,24
230,24
231,24
232,24
233,24
234,24
235,24
236,24
237,24
238,24
239,24
240,24
241,24
242,24
243,24
244,24
245,24
246,24
247,24
248,24
249,24
250,24
251,24
252,24
253,24
254,24
255,24
256,24
257,24
258,24
259,24
260,24
261,24
262,24
263,24
264,24
265,24
266,24
267,24
268,24
269,24
270,24
271,24
272,24
273,24
274,24
275,24
276,24
277,24
278,24
279,24
280,24
281,24
282,24
283,24
284,24
285,24
286,24
287,24
288,24
289,24
290,24
291,24
292,24
293,24
294,24
295,24
296,24
297,24
298,24
299,24
300,24
301,24
302,24
303,24
304,24
305,24
306,24
307,24
308,24
309,24
310,24
311,24
312,24
313,24
314,24
315,24
316,24
317,24
318,24
319,24
320,24
321,24
322,24
323,24
324,24
325,24
326,24
327,24
328,24
329,24
330,24
331,24
332,24
333,24
334,24
335,24
336,24
337,24
338,24
339,24
340,24
341,24
342,24
343,24
344,24
345,24
346,24
347,24
348,24
349,24
350,24
351,24
352,24
353,24
354,24
355,24
356,24
357,24
358,24
359,24
360,24
361,24
362,24
363,24
364,24
365,24
366,24
367,24
368,24
369,24
370,24
371,24
372,24
373,24
374,24
375,24
376,24
377,24
378,24
379,24
380,24
381,24
382,24
383,24
384,24
385,24
386,24
387,24
388,24
389,24
390,24
391,24
392,24
393,24
394,24
395,24
396,24
397,24
398,24
399,24
400,24
401,24
402,24
403,24
404,24
405,24
406,24
407,24
408,24
409,24
410,24
411,24
412,24
413,24
414,24
415,24
416,24
417,24
418,24
419,24
420,24
421,24
422,24
423,24
424,24
425,24
426,24
427,24
428,24
429,24
430,24
431,24
432,24
433,24
434,24
435,24
436,24
437,24
438,24
439,24
440,24
441,24
442,24
443,24
444,24
445,24
446,24
447,24
448,24
449,24
450,24
451,24
452,24
453,24
454,24
455,24
456,24
457,24
458,24
459,24
460,24
461,24
462,24
463,24
464,24
465,24
466,24
467,24
468,24
469,24
470,24
471,24
472,24
473,24
474,24
475,24
476,24
477,24
478,24
479,24
480,24
481,24
482,24
483,24
484,24
485,24
486,24
487,24
488,24
489,24
490,24
491,24
492,24
493,24
494,24
495,24
496,24
497,24
498,24
499,24
500,24
501,24
502,24
503,24
504,24
505,24
506,24
507,24
508,24
509,24
510,24
511,24
512,24
513,24
514,24
515,24
516,24
517,24
518,24
519,24
520,24
521,24
522,24
523,24
524,24
525,24
526,24
527,24
528,24
529,24
530,24
531,24
532,24
533,24
534,24
535,24
536,24
537,24
538,24
539,24
540,24
541,24
542,24
543,24
544,24
545,24
546,24
547,24
548,24
549,24
550,24
551,24
552,24
553,24
554,24
555,24
556,24
557,24
558,24
559,24
560,24
561,24
562,24
563,24
564,24
565,24
566,24
567,24
568,24
569,24
570,24
571,24
572,24
573,24
574,24
575,24
576,24
577,24
578,24
579,24
580,24
581,24
582,24
583,24
584,24
585,24
586,24
587,24
588,24
589,24
590,24
591,24
592,24
593,24
594,24
595,24
596,24
597,24
598,24
599,24
600,24
601,24
602,24
603,24
604,24
605,24
606,24
607,24
608,24
609,24
610,24
611,24
612,24
613,24
614,24
615,24
616,24
617,24
618,24
619,24
620,24
621,24
622,24
623,24
624,24
625,24
626,24
627,24
628,24
629,24
630,24
631,24
632,24
633,24
634,24
635,24
636,24
637,24
638,24
639,24
640,24
641,24
642,24
643,24
644,24
645,24
646,24
647,24
648,24
649,24
650,24
651,24
652,24
653,24
654,24
655,24
656,24
657,24
658,24
659,24
660,24
661,24
662,24
663,24
664,24
665,24
666,24
667,24
668,24
669,24
670,24
671,24
672,24
673,24
674,24
675,24
676,24
677,24
678,24
679,24
680,24
681,24
682,24
683,24
684,24
685,24
686,24
687,24
688,24
689,24
690,24
691,24
692,24
693,24
694,24
695,24
696,24
697,24
698,24
699,24
700,24
701,24
702,24
703,24
704,24
705,24
706,24
707,24
708,24
709,24
710,24
711,24
712,24
713,24
714,24
715,24
716,24
717,24
718,24
719,24
720,24
721,24
722,24
723,24
724,24
725,24
726,24
727,24
728,24
729,24
730,24
731,24
732,24
733,24
734,24
735,24
736,24
737,24
738,24
739,24
740,24
741,24
742,24
743,24
744,24
745,24
746,24
747,24
748,24
749,24
750,24
751,24
752,24
753,24
754,24
755,24
756,24
757,24
758,24
759,24
760,24
761,24
762,24
763,24
764,24
765,24
766,24
767,24
768,24
769,24
770,24
771,24
772,24
773,24
774,24
775,24
776,24
777,24
778,24
779,24
780,24
781,24
782,24
783,24
784,24
785,24
786,24
787,24
788,24
789,24
790,24
791,24
792,24
793,24
794,24
795,24
796,24
797,24
798,24
799,24
800,24
801,24
802,24
803,24
804,24
805,24
806,24
807,24
808,24
809,24
810,24
811,24
812,24
813,24
814,24
815,24
816,24
817,24
818,24
819,24
820,24
821,24
822,24
823,24
824,24
825,24
826,24
827,24
828,24
829,24
830,24
831,24
832,24
833,24
834,24
835,24
836,24
837,24
838,24
839,24
840,24
841,24
842,24
843,24
844,24
845,24
846,24
847,24
848,24
849,24
850,24
851,24
852,24
853,24
854,24
855,24
856,24
857,24
858,24
859,24
860,24
861,24
862,24
863,24
864,24
865,24
866,24
867,24
868,24
869,24
870,24
871,24
872,24
873,24
874,24
875,24
876,24
877,24
878,24
879,24
880,24
881,24
882,24
883,24
884,24
885,24
886,24
887,24
888,24
889,24
890,24
891,24
892,24
893,24
894,24
895,24
896,24
897,24
898,24
899,24
900,24
901,24
902,24
903,24
904,24
905,24
906,24
907,24
908,24
909,24
910,24
911,24
912,24
913,24
914,24
915,24
916,24
917,24
918,24
919,24
920,24
921,24
922,24
923,24
924,24
925,24
926,24
927,24
928,24
929,24
930,24
931,24
932,24
933,24
934,24
935,24
936,24
937,24
938,24
939,24
940,24
941,24
942,24
943,24
944,24
945,24
946,24
947,24
948,24
949,24
950,24
951,24
952,24
953,24
954,24
955,24
956,24
957,24
958,24
959,24
960,24
961,24
962,24
963,24
964,24
965,24
966,24
967,24
968,24
969,24
970,24
971,24
972,24
973,24
974,24
975,24
976,24
977,24
978,24
979,24
980,24
981,24
982,24
983,24
984,24
985,24
986,24
987,24
988,24
989,24
990,24
991,24
992,24
993,24
994,24
995,24
996,24
997,24
998,24
999,24
1000,24
1001,24
1002,24
1003,24
1004,24
1005,24
1006,24
1007,24
1008,24
1009,24
1010,24
1011,24
1012,24
1013,24
1014,24
1015,24
1016,24
1017,24
1018,24
1019,24
1020,24
1021,24
1022,24
1023,24
1024,24
1025,24
1026,24
1027,24
1028,24
1029,24
1030,24
1031,24
1032,24
1033,24
1034,24
1035,24
1036,24
1037,24
1038,24
1039,24
1040,24
1041,24
1042,24
1043,24
1044,24
1045,24
1046,24
1047,24
1048,24
1049,24
1050,24
1051,24
1052,24
1053,24
1054,24
1055,24
1056,24
1057,24
1058,24
1059,24
1060,24
1061,24
1062,24
1063,24
1064,24
1065,24
1066,24
1067,24
1068,24
1069,24
1070,24
1071,24
1072,24
1073,24
1074,24
1075,24
1076,24
1077,24
1078,24
1079,24
1080,24
1081,24
1082,24
1083,24
1084,24
1085,24
1086,24
1087,24
1088,24
1089,24
1090,24
1091,24
1092,24
1093,24
1094,24
1095,24
1096,24
1097,24
1098,24
1099,24
1100,24
1101,24
1102,24
1103,24
1104,24
1105,24
1106,24
1107,24
1108,24
1109,24
1110,24
1111,24
1112,24
1113,24
1114,24
1115,24
1116,24
1117,24
1118,24
1119,24
1120,24
1121,24
1122,24
1123,24
1124,24
1125,24
1126,24
1127,24
1128,24
1129,24
1130,24
1131,24
1132,24
1133,24
1134,24
1135,24
1136,24
1137,24
1138,24
1139,24
1140,24
1141,24
1142,24
1143,24
1144,24
1145,24
1146,24
1147,24
1148,24
1149,24
1150,24
1151,24
1152,24
1153,24
1154,24
1155,24
1156,24
1157,24
1158,24
1159,24
1160,24
1161,24
1162,24
1163,24
1164,24
1165,24
1166,24
1167,24
1168,24
1169,24
1170,24
1171,24
1172,24
1173,24
1174,24
1175,24
1176,24
1177,24
1178,24
1179,24
1180,24
1181,24
1182,24
1183,24
1184,24
1185,24
1186,24
1187,24
1188,24
1189,24
1190,24
1191,24
1192,24
1193,24
1194,24
1195,24
1196,24
1197,24
1198,24
1199,24
1200,24
1201,24
1202,24
1203,24
1204,24
1205,24
1206,24
1207,24
1208,24
1209,24
1210,24
1211,24
1212,24
1213,24
1214,24
1215,24
1216,24
1217,24
1218,24
1219,24
1220,24
1221,24
1222,24
1223,24
1224,24
1225,24
1226,24
1227,24
1228,24
1229,24
1230,24
1231,24
1232,24
1233,24
1234,24
1235,24
1236,24
1237,24
1238,24
1239,24
1240,24
1241,24
1242,24
1243,24
1244,24
1245,24
1246,24
1247,24
1248,24
1249,24
1250,24
1251,24
1252,24
1253,24
1254,24
1255,24
1256,24
1257,24
1258,24
1259,24
1260,24
1261,24
1262,24
1263,24
1264,24
1265,24
1266,24
1267,24
1268,24
1269,24
1270,24
1271,24
1272,24
1273,24
1274,24
1275,24
1276,24
1277,24
1278,24
1279,24
1280,24
1281,24
1282,24
1283,24
1284,24
1285,24
1286,24
1287,24
1288,24
1289,24
1290,24
1291,24
1292,24
1293,24
1294,24
1295,24
1296,24
1297,24
1298,24
1299,24
1300,24
1301,24
1302,24
1303,24
1304,24
1305,24
1306,24
1307,24
1308,24
1309,24
1310,24
1311,24
1312,24
1313,24
1314,24
1315,24
1316,24
1317,24
1318,24
1319,24
1320,24
1321,24
1322,24
1323,24
1324,24
1325,24
1326,24
1327,24
1328,24
1329,24
1330,24
1331,24
1332,24
1333,24
1334,24
1335,24
1336,24
1337,24
1338,24
1339,24
1340,24
1341,24
1342,24
1343,24
1344,24
1345,24
1346,24
1347,24
1348,24
1349,24
1350,24
1351,24
1352,24
1353,24
1354,24
1355,24
1356,24
1357,24
1358,24
1359,24
1360,24
1361,24
1362,24
1363,24
1364,24
1365,24
1366,24
1367,24
1368,24
1369,24
1370,24
1371,24
1372,24
1373,24
1374,24
1375,24
1376,24
1377,24
1378,24
1379,24
1380,24
1381,24
1382,24
1383,24
1384,24
1385,24
1386,24
1387,24
1388,24
1389,24
1390,24
1391,24
1392,24
1393,24
1394,24
1395,24
1396,24
1397,24
1398,24
1399,24
1400,24
1401,24
1402,24
1403,24
1404,24
1405,24
1406,24
1407,24
1408,24
1409,24
1410,24
1411,24
1412,24
1413,24
1414,24
1415,24
1416,24
1417,24
1418,24
1419,24
1420,24
1421,24
1422,24
1423,24
1424,24
1425,24
1426,24
1427,24
1428,24
1429,24
1430,24
1431,24
1432,24
1433,24
1434,24
1435,24
1436,24
1437,24
1438,24
1439,24
1440,24
1441,24
1442,24
1443,24
1444,24
1445,24
1446,24
1447,24
1448,24
1449,24
1450,24
1451,24
1452,24
1453,24
1454,24
1455,24
1456,24
1457,24
1458,24
1459,24
1460,24
1461,24
1462,24
1463,24
1464,24
1465,24
1466,24
1467,24
1468,24
1469,24
1470,24
1471,24
1472,24
1473,24
1474,24
1475,24
1476,24
1477,24
1478,24
1479,24
1480,24
1481,24
1482,24
1483,24
1484,24
1485,24
1486,24
1487,24
1488,24
1489,24
1490,24
1491,24
1492,24
1493,24
1494,24
1495,24
1496,24
1497,24
1498,24
1499,24
1500,24
1501,24
1502,24
1503,24
1504,24
1505,24
1506,24
1507,24
1508,24
1509,24
1510,24
1511,24
1512,24
1513,24
1514,24
1515,24
1516,24
1517,24
1518,24
1519,24
1520,24
1521,24
1522,24
1523,24
1524,24
1525,24
1526,24
1527,24
1528,24
1529,24
1530,24
1531,24
1532,24
1533,24
1534,24
1535,24
1536,24
1537,24
1538,24
1539,24
1540,24
1541,24
1542,24
1543,24
1544,24
1545,24
1546,24
1547,24
1548,24
1549,24
1550,24
1551,24
1552,24
1553,24
1554,24
1555,24
1556,24
1557,24
1558,24
1559,24
1560,24
1561,24
1562,24
1563,24
1564,24
1565,24
1566,24
1567,24
1568,24
1569,24
1570,24
1571,24
1572,24
1573,24
1574,24
1575,24
1576,24
1577,24
1578,24
1579,24
1580,24
1581,24
1582,24
1583,24
1584,24
1585,24
1586,24
1587,24
1588,24
1589,24
1590,24
1591,24
1592,24
1593,24
1594,24
1595,24
1596,24
1597,24
1598,24
1599,24
1600,24
1601,24
1602,24
1603,24
1604,24
1605,24
1606,24
1607,24
1608,24
1609,24
1610,24
1611,24
1612,24
1613,24
1614,24
1615,24
1616,24
1617,24
1618,24
1619,24
1620,24
1621,24
1622,24
1623,24
1624,24
1625,24
1626,24
1627,24
1628,24
1629,24
1630,24
1631,24
1632,24
1633,24
1634,24
1635,24
1636,24
1637,24
1638,24
1639,24
1640,24
1641,24
1642,24
1643,24
1644,24
1645,24
1646,24
1647,24
1648,24
1649,24
1650,24
1651,24
1652,24
1653,24
1654,24
1655,24
1656,24
1657,24
1658,24
1659,24
1660,24
1661,24
1662,24
1663,24
1664,24
1665,24
1666,24
1667,24
1668,24
1669,24
1670,24
1671,24
1672,24
1673,24
1674,24
1675,24
1676,24
1677,24
1678,24
1679,24
1680,24
1681,24
1682,24
1683,24
1684,24
1685,24
1686,24
1687,24
1688,24
1689,24
1690,24
1691,24
1692,24
1693,24
1694,24
1695,24
1696,24
1697,24
1698,24
1699,24
1700,24
1701,24
1702,24
1703,24
1704,24
1705,24
1706,24
1707,24
1708,24
1709,24
1710,24
1711,24
1712,24
1713,24
1714,24
1715,24
1716,24
1717,24
1718,24
1719,24
1720,24
1721,24
1722,24
1723,24
1724,24
1725,24
1726,24
1727,24
1728,24
1729,24
1730,24
1731,24
1732,24
1733,24
1734,24
1735,24
1736,24
1737,24
1738,24
1739,24
1740,24
1741,24
1742,24
1743,24
1744,24
1745,24
1746,24
1747,24
1748,24
1749,24
1750,24
1751,24
1752,24
1753,24
1754,24
1755,24
1756,24
1757,24
1758,24
1759,24
1760,24
1761,24
1762,24
1763,24
1764,24
1765,24
1766,24
1767,24
1768,24
1769,24
1770,24
1771,24
1772,24
1773,24
1774,24
1775,24
1776,24
1777,24
1778,24
1779,24
1780,24
1781,24
1782,24
1783,24
1784,24
1785,24
1786,24
1787,24
1788,24
1789,24
1790,24
1791,24
1792,24
1793,24
1794,24
1795,24
1796,24
1797,24
1798,24
1799,24
1800,24
1801,24
1802,24
1803,24
1804,24
1805,24
1806,24
1807,24
1808,24
1809,24
1810,24
1811,24
1812,24
1813,24
1814,24
1815,24
1816,24
1817,24
1818,24
1819,24
1820,24
1821,24
1822,24
1823,24
1824,24
1825,24
1826,24
1827,24
1828,24
1829,24
1830,24
1831,24
1832,24
1833,24
1834,24
1835,24
1836,24
1837,24
1838,24
1839,24
1840,24
1841,24
1842,24
1843,24
1844,24
1845,24
1846,24
1847,24
1848,24
1849,24
1850,24
1851,24
1852,24
1853,24
1854,24
1855,24
1856,24
1857,24
1858,24
1859,24
1860,24
1861,24
1862,24
1863,24
1864,24
1865,24
1866,24
1867,24
1868,24
1869,24
1870,24
1871,24
1872,24
1873,24
1874,24
1875,24
1876,24
1877,24
1878,24
1879,24
1880,24
1881,24
1882,24
1883,24
1884,24
1885,24
1886,24
1887,24
1888,24
1889,24
1890,24
1891,24
1892,24
1893,24
1894,24
1895,24
1896,24
1897,24
1898,24
1899,24
1900,24
1901,24
1902,24
1903,24
1904,24
1905,24
1906,24
1907,24
1908,24
1909,24
1910,24
1911,24
1912,24
1913,24
1914,24
1915,24
1916,24
1917,24
1918,24
1919,24
1920,24
1921,24
1922,24
1923,24
1924,24
1925,24
1926,24
1927,24
1928,24
1929,24
1930,24
1931,24
1932,24
1933,24
1934,24
1935,24
1936,24
1937,24
1938,24
1939,24
1940,24
1941,24
1942,24
1943,24
1944,24
1945,24
1946,24
1947,24
1948,24
1949,24
1950,24
1951,24
1952,24
1953,24
1954,24
1955,24
1956,24
1957,24
1958,24
1959,24
1960,24
1961,24
1962,24
1963,24
1964,24
1965,24
1966,24
1967,24
1968,24
1969,24
1970,24
1971,24
1972,24
1973,24
1974,24
1975,24
1976,24
1977,24
1978,24
1979,24
1980,24
1981,24
1982,24
1983,24
1984,24
1985,24
1986,24
1987,24
1988,24
1989,24
1990,24
1991,24
1992,24
1993,24
1994,24
1995,24
1996,24
1997,24
1998,24
1999,24
2000,24
2001,24
2002,24
2003,24
2004,24
2005,24
2006,24
2007,24
2008,24
2009,24
2010,24
2011,24
2012,24
2013,24
2014,24
2015,24
2016,24
2017,24
2018,24
2019,24
2020,24
2021,24
2022,24
2023,24
2024,24
2025,24
2026,24
2027,24
2028,24
2029,24
2030,24
2031,24
2032,24
2033,24
2034,24
2035,24
2036,24
2037,24
2038,24
2039,24
2040,24
2041,24
2042,24
2043,24
2044,24
2045,24
2046,24
2047,24
2048,24
2049,24
2050,24
2051,24
2052,24
2053,24
2054,24
2055,24
2056,24
2057,24
2058,24
2059,24
2060,24
2061,24
2062,24
2063,24
2064,24
2065,24
2066,24
2067,24
2068,24
2069,24
2070,24
2071,24
2072,24
2073,24
2074,24
2075,24
2076,24
2077,24
2078,24
2079,24
2080,24
2081,24
2082,24
2083,24
2084,24
2085,24
2086,24
2087,24
2088,24
2089,24
2090,24
2091,24
2092,24
2093,24
2094,24
2095,24
2096,24
2097,24
2098,24
2099,24
2100,24
2101,24
2102,24
2103,24
2104,24
2105,24
2106,24
2107,24
2108,24
2109,24
2110,24
2111,24
2112,24
2113,24
2114,24
2115,24
2116,24
2117,24
2118,24
2119,24
2120,24
2121,24
2122,24
2123,24
2124,24
2125,24
2126,24
2127,24
2128,24
2129,24
2130,24
2131,24
2132,24
2133,24
2134,24
2135,24
2136,24
2137,24
2138,24
2139,24
2140,24
2141,24
2142,24
2143,24
2144,24
2145,24
2146,24
2147,24
2148,24
2149,24
2150,24
2151,24
2152,24
2153,24
2154,24
2155,24
2156,24
2157,24
2158,24
2159,24
2160,24
2161,24
2162,24
2163,24
2164,24
2165,24
2166,24
2167,24
2168,24
2169,24
2170,24
2171,24
2172,24
2173,24
2174,24
2175,24
2176,24
2177,24
2178,24
2179,24
2180,24
2181,24
2182,24
2183,24
2184,24
2185,24
2186,24
2187,24
2188,24
2189,24
2190,24
2191,24
2192,24
2193,24
2194,24
2195,24
2196,24
2197,24
2198,24
2199,24
2200,24
2201,24
2202,24
2203,24
2204,24
2205,24
2206,24
2207,24
2208,24
2209,24
2210,24
2211,24
2212,24
2213,24
2214,24
2215,24
2216,24
2217,24
2218,24
2219,24
2220,24
2221,24
2222,24
2223,24
2224,24
2225,24
2226,24
2227,24
2228,24
2229,24
2230,24
2231,24
2232,24
2233,24
2234,24
2235,24
2236,24
2237,24
2238,24
2239,24
2240,24
2241,24
2242,24
2243,24
2244,24
2245,24
2246,24
2247,24
2248,24
2249,24
2250,24
2251,24
2252,24
2253,24
2254,24
2255,24
2256,24
2257,24
2258,24
2259,24
2260,24
2261,24
2262,24
2263,24
2264,24
2265,24
2266,24
2267,24
2268,24
2269,24
2270,24
2271,24
2272,24
2273,24
2274,24
2275,24
2276,24
2277,24
2278,24
2279,24
2280,24
2281,24
2282,24
2283,24
2284,24
2285,24
2286,24
2287,24
2288,24
2289,24
2290,24
2291,24
2292,24
2293,24
2294,24
2295,24
2296,24
2297,24
2298,24
2299,24
2300,24
2301,24
2302,24
2303,24
2304,24
2305,24
2306,24
2307,24
2308,24
2309,24
2310,24
2311,24
2312,24
2313,24
2314,24
2315,24
2316,24
2317,24
2318,24
2319,24
2320,24
2321,24
2322,24
2323,24
2324,24
2325,24
2326,24
2327,24
2328,24
2329,24
2330,24
2331,24
2332,24
2333,24
2334,24
2335,24
2336,24
2337,24
2338,24
2339,24
2340,24
2341,24
2342,24
2343,24
2344,24
2345,24
2346,24
2347,24
2348,24
2349,24
2350,24
2351,24
2352,24
2353,24
2354,31
2355,38
2356,45
2357,53
2358,61
2359,71
2360,81
2361,92
2362,104
2363,117
2364,131
2365,145
2366,161
2367,177
2368,192
2369,208
2370,225
2371,244
2372,263
2373,285
2374,306
2375,326
2376,347
2377,369
2378,393
2379,418
2380,442
2381,467
2382,490
2383,515
2384,539
2385,562
2386,586
2387,610
2388,634
2389,659
2390,684
2391,711
2392,739
2393,766
2394,791
2395,817
2396,842
2397,869
2398,899
2399,928
2400,957
2401,987
2402,1021
2403,1057
2404,1091
2405,1124
2406,1159
2407,1196
2408,1236
2409,1275
2410,1314
2411,1355
2412,1396
2413,1436
2414,1476
2415,1514
2416,1554
2417,1594
2418,1635
2419,1677
2420,1718
2421,1761
2422,1806
2423,1855
2424,1903
2425,1946
2426,1988
2427,2031
2428,2074
2429,2119
2430,2164
2431,2212
2432,2260
2433,2310
2434,2362
2435,2414
2436,2465
2437,2516
2438,2570
2439,2625
2440,2683
2441,2738
2442,2792
2443,2840
2444,2890
2445,2937
2446,2979
2447,3021
2448,3066
2449,3112
2450,3159
2451,3210
2452,3259
2453,3309
2454,3363
2455,3415
2456,3465
2457,3514
2458,3565
2459,3615
2460,3666
2461,3719
2462,3772
2463,3825
2464,3883
2465,3936
2466,3992
2467,4048
2468,4107
2469,4169
2470,4231
2471,4294
2472,4355
2473,4417
2474,4481
2475,4541
2476,4597
2477,4647
2478,4691
2479,4728
2480,4763
2481,4795
2482,4822
2483,4846
2484,4891
2485,4931
2486,4964
2487,4995
2488,5024
2489,5049
2490,5072
2491,5093
2492,5111
2493,5127
2494,5166
2495,5198
2496,5226
2497,5252
2498,5274
2499,5294
2500,5313
2501,5329
2502,5343
2503,5355
2504,5387
2505,5415
2506,5440
2507,5462
2508,5481
2509,5498
2510,5513
2511,5526
2512,5539
2513,5550
2514,5582
2515,5608
2516,5632
2517,5653
2518,5670
2519,5686
2520,5700
2521,5713
2522,5725
2523,5735
2524,5764
2525,5790
2526,5813
2527,5833
2528,5851
2529,5867
2530,5881
2531,5893
2532,5904
2533,5914
2534,5943
2535,5967
2536,5989
2537,6008
2538,6024
2539,6038
2540,6051
2541,6062
2542,6072
2543,6081
2544,6107
2545,6131
2546,6152
2547,6170
2548,6187
2549,6200
2550,6212
2551,6223
2552,6233
2553,6242
2554,6270
2555,6292
2556,6312
2557,6329
2558,6344
2559,6357
2560,6368
2561,6379
2562,6387
2563,6394
2564,6419
2565,6442
2566,6462
2567,6479
2568,6494
2569,6507
2570,6517
2571,6527
2572,6536
2573,6543
2574,6569
2575,6591
2576,6611
2577,6628
2578,6642
2579,6655
2580,6666
2581,6675
2582,6683
2583,6690
2584,6714
2585,6736
2586,6754
2587,6770
2588,6784
2589,6797
2590,6807
2591,6817
2592,6824
2593,6831
2594,6855
2595,6874
2596,6892
2597,6908
2598,6922
2599,6934
2600,6944
2601,6953
2602,6960
2603,6967
2604,6991
2605,7011
2606,7028
2607,7044
2608,7057
2609,7068
2610,7078
2611,7087
2612,7094
2613,7101
2614,7124
2615,7143
2616,7159
2617,7174
2618,7187
2619,7198
2620,7208
2621,7216
2622,7224
2623,7230
2624,7253
2625,7272
2626,7289
2627,7303
2628,7316
2629,7327
2630,7336
2631,7345
2632,7352
2633,7358
2634,7380
2635,7399
2636,7415
2637,7429
2638,7442
2639,7452
2640,7461
2641,7469
2642,7475
2643,7481
2644,7503
2645,7521
2646,7536
2647,7550
2648,7562
2649,7572
2650,7581
2651,7589
2652,7596
2653,7601
2654,7622
2655,7640
2656,7655
2657,7669
2658,7680
2659,7689
2660,7697
2661,7705
2662,7711
2663,7717
2664,7738
2665,7755
2666,7769
2667,7781
2668,7792
2669,7802
2670,7810
2671,7817
2672,7824
2673,7829
2674,7849
2675,7866
2676,7881
2677,7894
2678,7906
2679,7915
2680,7923
2681,7930
2682,7936
2683,7941
2684,7961
2685,7977
2686,7991
2687,8004
2688,8016
2689,8025
2690,8033
2691,8040
2692,8046
2693,8051
2694,8072
2695,8088
2696,8102
2697,8114
2698,8125
2699,8134
2700,8141
2701,8148
2702,8154
2703,8159
2704,8179
2705,8194
2706,8208
2707,8220
2708,8231
2709,8240
2710,8248
2711,8254
2712,8260
2713,8265
2714,8286
2715,8302
2716,8315
2717,8327
2718,8338
2719,8347
2720,8355
2721,8361
2722,8366
2723,8371
2724,8391
2725,8409
2726,8423
2727,8435
2728,8446
2729,8455
2730,8463
2731,8469
2732,8475
2733,8479
2734,8500
2735,8518
2736,8532
2737,8544
2738,8554
2739,8563
2740,8571
2741,8577
2742,8582
2743,8587
2744,8606
2745,8624
2746,8639
2747,8651
2748,8661
2749,8670
2750,8678
2751,8684
2752,8690
2753,8694
2754,8714
2755,8732
2756,8747
2757,8759
2758,8769
2759,8778
2760,8785
2761,8791
2762,8796
2763,8800
2764,8821
2765,8838
2766,8853
2767,8864
2768,8874
2769,8883
2770,8891
2771,8897
2772,8902
2773,8906
2774,8927
2775,8944
2776,8959
2777,8971
2778,8981
2779,8990
2780,8997
2781,9003
2782,9008
2783,9012
2784,9033
2785,9050
2786,9065
2787,9077
2788,9087
2789,9096
2790,9103
2791,9109
2792,9114
2793,9118
2794,9138
2795,9155
2796,9170
2797,9181
2798,9190
2799,9198
2800,9205
2801,9211
2802,9216
2803,9220
2804,9240
2805,9257
2806,9271
2807,9282
2808,9291
2809,9300
2810,9307
2811,9313
2812,9318
2813,9322
2814,9341
2815,9358
2816,9372
2817,9382
2818,9392
2819,9400
2820,9407
2821,9412
2822,9417
2823,9421
2824,9440
2825,9457
2826,9469
2827,9480
2828,9489
2829,9497
2830,9504
2831,9510
2832,9515
2833,9519
2834,9538
2835,9554
2836,9567
2837,9577
2838,9586
2839,9594
2840,9601
2841,9606
2842,9611
2843,9615
2844,9634
2845,9650
2846,9662
2847,9672
2848,9681
2849,9689
2850,9695
2851,9701
2852,9706
2853,9710
2854,9730
2855,9747
2856,9759
2857,9769
2858,9778
2859,9786
2860,9792
2861,9798
2862,9803
2863,9807
2864,9826
2865,9843
2866,9856
2867,9866
2868,9874
2869,9881
2870,9888
2871,9893
2872,9898
2873,9902
2874,9922
2875,9939
2876,9950
2877,9961
2878,9969
2879,9976
2880,9983
2881,9988
2882,9992
2883,9996
2884,10016
2885,10033
2886,10044
2887,10054
2888,10062
2889,10070
2890,10077
2891,10083
2892,10088
2893,10092
2894,10112
2895,10129
2896,10141
2897,10151
2898,10160
2899,10168
2900,10174
2901,10179
2902,10184
2903,10188
2904,10207
2905,10223
2906,10236
2907,10246
2908,10254
2909,10261
2910,10267
2911,10273
2912,10277
2913,10281
2914,10301
2915,10316
2916,10328
2917,10339
2918,10348
2919,10356
2920,10362
2921,10367
2922,10371
2923,10375
2924,10395
2925,10412
2926,10423
2927,10433
2928,10441
2929,10448
2930,10455
2931,10459
2932,10464
2933,10468
2934,10488
2935,10504
2936,10517
2937,10527
2938,10536
2939,10543
2940,10549
2941,10554
2942,10558
2943,10562
2944,10581
2945,10598
2946,10611
2947,10621
2948,10629
2949,10636
2950,10641
2951,10646
2952,10650
2953,10654
2954,10674
2955,10691
2956,10703
2957,10713
2958,10721
2959,10728
2960,10734
2961,10739
2962,10743
2963,10747
2964,10767
2965,10784
2966,10795
2967,10805
2968,10813
2969,10820
2970,10826
2971,10831
2972,10835
2973,10839
2974,10859
2975,10876
2976,10888
2977,10898
2978,10907
2979,10913
2980,10919
2981,10924
2982,10928
2983,10932
2984,10952
2985,10968
2986,10981
2987,10991
2988,10999
2989,11005
2990,11011
2991,11016
2992,11021
2993,11025
2994,11045
2995,11062
2996,11074
2997,11084
2998,11092
2999,11098
3000,11104
3001,11109
3002,11113
3003,11117
3004,11137
3005,11154
3006,11165
3007,11176
3008,11183
3009,11190
3010,11196
3011,11201
3012,11206
3013,11210
3014,11230
3015,11247
3016,11259
3017,11269
3018,11277
3019,11283
3020,11289
3021,11294
3022,11299
3023,11304
3024,11324
3025,11340
3026,11353
3027,11362
3028,11370
3029,11377
3030,11382
3031,11387
3032,11392
3033,11397
3034,11417
3035,11434
3036,11446
3037,11456
3038,11464
3039,11471
3040,11477
3041,11482
3042,11487
3043,11492
3044,11511
3045,11527
3046,11541
3047,11550
3048,11558
3049,11564
3050,11570
3051,11575
3052,11580
3053,11585
3054,11605
3055,11621
3056,11635
3057,11644
3058,11652
3059,11658
3060,11664
3061,11669
3062,11674
3063,11679
3064,11699
3065,11715
3066,11728
3067,11738
3068,11746
3069,11752
3070,11758
3071,11763
3072,11768
3073,11773
3074,11793
3075,11809
3076,11823
3077,11833
3078,11841
3079,11847
3080,11852
3081,11857
3082,11862
3083,11867
3084,11886
3085,11902
3086,11915
3087,11925
3088,11932
3089,11938
3090,11943
3091,11948
3092,11953
3093,11958
3094,11978
3095,11995
3096,12008
3097,12017
3098,12025
3099,12031
3100,12037
3101,12042
3102,12047
3103,12052
3104,12072
3105,12088
3106,12101
3107,12110
3108,12118
3109,12125
3110,12130
3111,12135
3112,12140
3113,12145
3114,12165
3115,12182
3116,12195
3117,12204
3118,12212
3119,12218
3120,12223
3121,12228
3122,12233
3123,12238
3124,12259
3125,12276
3126,12289
3127,12298
3128,12305
3129,12311
3130,12316
3131,12321
3132,12326
3133,12331
3134,12352
3135,12369
3136,12382
3137,12391
3138,12398
3139,12404
3140,12409
3141,12414
3142,12419
3143,12424
3144,12445
3145,12462
3146,12474
3147,12484
3148,12492
3149,12498
3150,12503
3151,12508
3152,12513
3153,12518
3154,12538
3155,12555
3156,12568
3157,12577
3158,12585
3159,12590
3160,12596
3161,12601
3162,12606
3163,12611
3164,12631
3165,12647
3166,12658
3167,12668
3168,12675
3169,12681
3170,12686
3171,12691
3172,12696
3173,12701
3174,12721
3175,12738
3176,12750
3177,12759
3178,12767
3179,12772
3180,12777
3181,12782
3182,12787
3183,12792
3184,12812
3185,12829
3186,12841
3187,12850
3188,12858
3189,12863
3190,12868
3191,12873
3192,12878
3193,12883
3194,12903
3195,12920
3196,12932
3197,12940
3198,12948
3199,12953
3200,12958
3201,12963
3202,12968
3203,12973
3204,12993
3205,13010
3206,13021
3207,13030
3208,13037
3209,13043
3210,13048
3211,13053
3212,13058
3213,13063
3214,13084
3215,13100
3216,13111
3217,13121
3218,13128
3219,13134
3220,13139
3221,13144
3222,13149
3223,13154
3224,13175
3225,13190
3226,13201
3227,13211
3228,13218
3229,13224
3230,13229
3231,13234
3232,13239
3233,13243
3234,13264
3235,13281
3236,13292
3237,13301
3238,13308
3239,13314
3240,13319
3241,13324
3242,13329
3243,13332
3244,13353
3245,13368
3246,13379
3247,13388
3248,13395
3249,13401
3250,13406
3251,13411
3252,13416
3253,13421
3254,13442
3255,13457
3256,13468
3257,13477
3258,13484
3259,13490
3260,13495
3261,13500
3262,13505
3263,13510
3264,13531
3265,13546
3266,13557
3267,13566
3268,13574
3269,13581
3270,13587
3271,13593
3272,13599
3273,13605
3274,13606
3275,13607
3276,13608
3277,13609
3278,13610
3279,13611
3280,13612
3281,13613
3282,13614
3283,13615
3284,13616
3285,13617
3286,13618
3287,13619
3288,13620
3289,13621
3290,13622
3291,13623
3292,13624
3293,13625
3294,13626
3295,13627
3296,13628
3297,13629
3298,13631
3299,13632
3300,13633
3301,13635
3302,13636
3303,13638
3304,13639
3305,13641
3306,13642
3307,13644
3308,13646
3309,13648
3310,13650
3311,13652
3312,13654
3313,13656
3314,13658
3315,13660
3316,13662
3317,13664
3318,13666
3319,13668
3320,13670
3321,13672
3322,13674
3323,13676
3324,13678
3325,13680
3326,13682
3327,13684
3328,13686
3329,13688
3330,13690
3331,13692
3332,13694
3333,13696
3334,13698
3335,13700
3336,13702
3337,13704
3338,13706
3339,13708
3340,13710
3341,13712
3342,13714
3343,13716
3344,13718
3345,13720
3346,13722
3347,13724
3348,13726
3349,13728
3350,13730
3351,13732
3352,13734
3353,13736
3354,13738
3355,13740
3356,13742
3357,13744
3358,13746
3359,13748
3360,13750
3361,13752
3362,13754
3363,13755
3364,13757
3365,13758
3366,13759
3367,13760
3368,13761
3369,13762
3370,13764
3371,13765
3372,13766
3373,13767
3374,13768
3375,13769
3376,13770
3377,13771
3378,13772
3379,13774
3380,13776
3381,13778
3382,13779
3383,13780
3384,13781
3385,13782
3386,13783
3387,13784
3388,13785
3389,13786
3390,13787
3391,13788
3392,13789
3393,13790
3394,13791
3395,13792
3396,13793
3397,13794
3398,13795
3399,13796
3400,13797
3401,13798
3402,13799
3403,13800
3404,13801
3405,13802
3406,13803
3407,13804
3408,13805
3409,13806
3410,13807
3411,13808
3412,13809
3413,13810
3414,13811
3415,13812
3416,13813
3417,13813
3418,13813
3419,13813
3420,13813
3421,13813
3422,13813
3423,13813
3424,13813
3425,13813
3426,13813
3427,13813
3428,13813
3429,13813
3430,13813
3431,13813
3432,13813
3433,13813
3434,13813
3435,13813
3436,13813
3437,13813
3438,13813
3439,13813
3440,13813
3441,13813
3442,13813
3443,13813
3444,13813
3445,13813
3446,13813
3447,13813
3448,13813
3449,13813
3450,13813
3451,13813
3452,13813
3453,13813
3454,13813
3455,13813
3456,13813
3457,13813
3458,13813
3459,13813
3460,13813
3461,13813
3462,13813
3463,13813
3464,13813
3465,13813
3466,13813
3467,13813
3468,13813
3469,13813
3470,13813
3471,13813
3472,13813
3473,13813
3474,13813
3475,13813
3476,13813
3477,13813
3478,13813
3479,13813
3480,13813
3481,13813
3482,13813
3483,13813
3484,13813
3485,13813
3486,13813
3487,13813
3488,13813
3489,13813
3490,13813
3491,13813
3492,13813
3493,13813
3494,13813
3495,13813
3496,13813
3497,13813
3498,13813
3499,13813
3500,13813
3501,13813
3502,13813
3503,13813
3504,13813
3505,13813
3506,13813
3507,13813
3508,13813
3509,13813
3510,13813
3511,13813
3512,13813
3513,13813
3514,13813
3515,13813
3516,13813
3517,13813
3518,13813
3519,13813
3520,13813
3521,13813
3522,13813
3523,13813
3524,13813
3525,13813
3526,13813
3527,13813
3528,13813
3529,13813
3530,13813
3531,13813
3532,13813
3533,13813
3534,13813
3535,13813
3536,13813
3537,13813
3538,13813
3539,13813
3540,13813
3541,13813
3542,13813
3543,13813
3544,13813
3545,13813
3546,13813
3547,13813
3548,13813
3549,13813
3550,13813
3551,13813
3552,13813
3553,13813
3554,13813
3555,13813
3556,13813
3557,13813
3558,13813
3559,13813
3560,13813
3561,13813
3562,13813
3563,13813
3564,13813
3565,13813
3566,13813
3567,13813
3568,13813
3569,13813
3570,13813
3571,13813
3572,13813
3573,13813
3574,13813
3575,13813
3576,13813
3577,13813
3578,13813
3579,13813
3580,13813
3581,13813
3582,13813
3583,13813
3584,13813
3585,13813
3586,13813
3587,13813
3588,13813
3589,13813
3590,13813
3591,13813
3592,13813
3593,13813
3594,13813
3595,13813
3596,13813
3597,13813
3598,13813
3599,13813
3600,13813
3601,13813
3602,13813
3603,13813
3604,13813
3605,13813
3606,13813
3607,13813
3608,13813
3609,13813
3610,13813
3611,13813
3612,13813
3613,13813
3614,13813
3615,13813
3616,13813
3617,13813
3618,13813
3619,13813
3620,13813
3621,13813
3622,13813
3623,13813
3624,13813
3625,13813
3626,13813
3627,13813
3628,13813
3629,13813
3630,13813
3631,13813
3632,13813
3633,13813
3634,13813
3635,13813
3636,13813
3637,13813
3638,13813
3639,13813
3640,13813
3641,13813
3642,13813
3643,13813
3644,13813
3645,13813
3646,13813
3647,13813
3648,13813
3649,13813
3650,13813
3651,13813
3652,13813
3653,13813
3654,13813
3655,13813
3656,13813
3657,13813
3658,13813
3659,13813
3660,13813
3661,13813
3662,13813
3663,13813
3664,13813
3665,13813
3666,13813
3667,13813
3668,13813
3669,13813
3670,13813
3671,13813
3672,13813
3673,13813
3674,13813
3675,13813
3676,13813
3677,13813
3678,13813
3679,13813
3680,13813
3681,13813
3682,13813
3683,13813
3684,13813
3685,13813
3686,13813
3687,13813
3688,13813
3689,13813
3690,13813
3691,13813
3692,13813
3693,13813
3694,13813
3695,13813
3696,13813
3697,13813
3698,13813
3699,13813
3700,13813
3701,13813
3702,13813
3703,13813
3704,13813
3705,13813
3706,13813
3707,13813
3708,13813
3709,13813
3710,13813
3711,13813
3712,13813
3713,13813
3714,13813
3715,13813
3716,13813
3717,13813
3718,13813
3719,13813
3720,13813
3721,13813
3722,13813
3723,13813
3724,13911
3725,14011
3726,14111
3727,14216
3728,14323
3729,14433
3730,14546
3731,14664
3732,14786
3733,14909
3734,15036
3735,15160
3736,15287
3737,15414
3738,15546
3739,15678
3740,15810
3741,15948
3742,16086
3743,16232
3744,16383
3745,16531
3746,16679
3747,16829
3748,16979
3749,17133
3750,17287
3751,17441
3752,17600
3753,17763
3754,17925
3755,18082
3756,18240
3757,18403
3758,18566
3759,18733
3760,18904
3761,19081
3762,19265
3763,19452
3764,19645
3765,19827
3766,20007
3767,20192
3768,20380
3769,20572
3770,20769
3771,20958
3772,21153
3773,21349
3774,21541
3775,21728
3776,21915
3777,22104
3778,22298
3779,22493
3780,22697
3781,22908
3782,23111
3783,23317
3784,23529
3785,23728
3786,23925
3787,24130
3788,24329
3789,24525
3790,24728
3791,24937
3792,25145
3793,25355
3794,25572
3795,25780
3796,25986
3797,26193
3798,26406
3799,26622
3800,26843
3801,27069
3802,27299
3803,27531
3804,27761
3805,27973
3806,28186
3807,28401
3808,28622
3809,28806
3810,28924
3811,28988
3812,29028
3813,29050
3814,29272
3815,29486
3816,29659
3817,29763
3818,29825
3819,29864
3820,29884
3821,29897
3822,29908
3823,29916
3824,30121
3825,30306
3826,30435
3827,30521
3828,30575
3829,30608
3830,30629
3831,30642
3832,30652
3833,30658
3834,30855
3835,31030
3836,31146
3837,31215
3838,31262
3839,31290
3840,31307
3841,31318
3842,31328
3843,31334
3844,31526
3845,31679
3846,31778
3847,31838
3848,31876
3849,31899
3850,31915
3851,31926
3852,31936
3853,31939
3854,32126
3855,32261
3856,32346
3857,32398
3858,32433
3859,32455
3860,32468
3861,32478
3862,32488
3863,32489
3864,32661
3865,32778
3866,32851
3867,32899
3868,32929
3869,32948
3870,32961
3871,32971
3872,32980
3873,32982
3874,33138
3875,33243
3876,33310
3877,33353
3878,33381
3879,33397
3880,33409
3881,33418
3882,33427
3883,33431
3884,33572
3885,33671
3886,33732
3887,33772
3888,33797
3889,33815
3890,33827
3891,33836
3892,33845
3893,33847
3894,33975
3895,34063
3896,34119
3897,34157
3898,34180
3899,34197
3900,34209
3901,34218
3902,34227
3903,34230
3904,34350
3905,34427
3906,34479
3907,34514
3908,34539
3909,34554
3910,34564
3911,34573
3912,34582
3913,34584
3914,34696
3915,34768
3916,34818
3917,34849
3918,34871
3919,34885
3920,34896
3921,34904
3922,34912
3923,34913
3924,35014
3925,35080
3926,35126
3927,35158
3928,35179
3929,35193
3930,35203
3931,35211
3932,35219
3933,35222
3934,35320
3935,35381
3936,35425
3937,35455
3938,35475
3939,35488
3940,35498
3941,35507
3942,35515
3943,35516
3944,35609
3945,35666
3946,35707
3947,35735
3948,35753
3949,35765
3950,35774
3951,35782
3952,35790
3953,35790
3954,35878
3955,35932
3956,35971
3957,35997
3958,36014
3959,36026
3960,36035
3961,36043
3962,36048
3963,36048
3964,36132
3965,36183
3966,36219
3967,36244
3968,36261
3969,36273
3970,36282
3971,36290
3972,36294
3973,36294
3974,36374
3975,36424
3976,36457
3977,36481
3978,36497
3979,36508
3980,36517
3981,36526
3982,36529
3983,36529
3984,36605
3985,36654
3986,36686
3987,36709
3988,36723
3989,36733
3990,36741
3991,36749
3992,36752
3993,36752
3994,36825
3995,36873
3996,36904
3997,36925
3998,36939
3999,36948
4000,36957
4001,36965
4002,36967
4003,36967
4004,37038
4005,37083
4006,37113
4007,37132
4008,37145
4009,37154
4010,37162
4011,37171
4012,37172
4013,37172
4014,37241
4015,37284
4016,37312
4017,37330
4018,37343
4019,37352
4020,37360
4021,37368
4022,37368
4023,37368
4024,37434
4025,37478
4026,37504
4027,37522
4028,37534
4029,37543
4030,37552
4031,37557
4032,37557
4033,37557
4034,37620
4035,37661
4036,37688
4037,37705
4038,37717
4039,37726
4040,37735
4041,37738
4042,37738
4043,37738
4044,37800
4045,37841
4046,37867
4047,37883
4048,37893
4049,37902
4050,37911
4051,37913
4052,37913
4053,37913
4054,37974
4055,38012
4056,38037
4057,38053
4058,38064
4059,38073
4060,38082
4061,38083
4062,38083
4063,38083
4064,38142
4065,38181
4066,38204
4067,38220
4068,38230
4069,38239
4070,38248
4071,38248
4072,38248
4073,38248
4074,38306
4075,38343
4076,38365
4077,38380
4078,38390
4079,38399
4080,38407
4081,38407
4082,38407
4083,38407
4084,38464
4085,38500
4086,38522
4087,38537
4088,38547
4089,38556
4090,38563
4091,38563
4092,38563
4093,38563
4094,38618
4095,38653
4096,38674
4097,38687
4098,38697
4099,38707
4100,38714
4101,38716
4102,38718
4103,38720
4104,38723
4105,38726
4106,38729
4107,38732
4108,38735
4109,38738
4110,38742
4111,38745
4112,38748
4113,38751
4114,38755
4115,38758
4116,38762
4117,38766
4118,38771
4119,38775
4120,38779
4121,38783
4122,38788
4123,38792
4124,38796
4125,38801
4126,38807
4127,38811
4128,38816
4129,38820
4130,38825
4131,38830
4132,38835
4133,38840
4134,38846
4135,38852
4136,38857
4137,38863
4138,38868
4139,38878
4140,38887
4141,38897
4142,38907
4143,38917
4144,38927
4145,38936
4146,38946
4147,38955
4148,38964
4149,38973
4150,38983
4151,38993
4152,39003
4153,39014
4154,39024
4155,39035
4156,39044
4157,39054
4158,39064
4159,39074
4160,39085
4161,39093
4162,39104
4163,39113
4164,39124
4165,39133
4166,39142
4167,39153
4168,39162
4169,39171
4170,39180
4171,39190
4172,39198
4173,39208
4174,39216
4175,39225
4176,39233
4177,39240
4178,39248
4179,39257
4180,39264
4181,39271
4182,39279
4183,39286
4184,39293
4185,39301
4186,39308
4187,39315
4188,39322
4189,39328
4190,39334
4191,39341
4192,39347
4193,39354
4194,39359
4195,39365
4196,39370
4197,39375
4198,39381
4199,39386
4200,39391
4201,39397
4202,39402
4203,39407
4204,39413
4205,39418
4206,39423
4207,39428
4208,39433
4209,39438
4210,39442
4211,39446
4212,39450
4213,39454
4214,39459
4215,39465
4216,39472
4217,39478
4218,39484
4219,39491
4220,39497
4221,39504
4222,39509
4223,39515
4224,39521
4225,39527
4226,39532
4227,39537
4228,39542
4229,39547
4230,39553
4231,39558
4232,39563
4233,39568
4234,39573
4235,39578
4236,39582
4237,39586
4238,39590
4239,39595
4240,39600
4241,39605
4242,39609
4243,39614
4244,39619
4245,39624
4246,39630
4247,39635
4248,39640
4249,39645
4250,39650
4251,39654
4252,39658
4253,39663
4254,39668
4255,39673
4256,39679
4257,39683
4258,39687
4259,39692
4260,39697
4261,39702
4262,39707
4263,39712
4264,39716
4265,39721
4266,39726
4267,39731
4268,39736
4269,39741
4270,39746
4271,39751
4272,39756
4273,39761
4274,39766
4275,39771
4276,39776
4277,39781
4278,39787
4279,39792
4280,39797
4281,39802
4282,39806
4283,39811
4284,39815
4285,39819
4286,39823
4287,39827
4288,39831
4289,39835
4290,39838
4291,39843
4292,39848
4293,39852
4294,39856
4295,39860
4296,39864
4297,39868
4298,39872
4299,39876
4300,39879
4301,39883
4302,39886
4303,39889
4304,39892
4305,39895
4306,39897
4307,39900
4308,39903
4309,39906
4310,39908
4311,39910
4312,39912
4313,39914
4314,39916
4315,39918
4316,39920
4317,39922
4318,39924
4319,39926
4320,39928
4321,39930
4322,39932
4323,39934
4324,39935
4325,39936
4326,39937
4327,39938
4328,39939
4329,39940
4330,39941
4331,39942
4332,39943
4333,39944
4334,40116
4335,40286
4336,40460
4337,40637
4338,40815
4339,40994
4340,41176
4341,41358
4342,41540
4343,41725
4344,41909
4345,42081
4346,42254
4347,42429
4348,42603
4349,42779
4350,42955
4351,43128
4352,43301
4353,43468
4354,43637
4355,43801
4356,43959
4357,44118
4358,44284
4359,44454
4360,44618
4361,44783
4362,44948
4363,45116
4364,45283
4365,45443
4366,45602
4367,45759
4368,45915
4369,46076
4370,46235
4371,46397
4372,46561
4373,46720
4374,46872
4375,47013
4376,47155
4377,47297
4378,47443
4379,47590
4380,47738
4381,47891
4382,48048
4383,48208
4384,48373
4385,48533
4386,48693
4387,48857
4388,49022
4389,49178
4390,49331
4391,49482
4392,49634
4393,49782
4394,49932
4395,50073
4396,50216
4397,50362
4398,50508
4399,50652
4400,50800
4401,50951
4402,51103
4403,51248
4404,51393
4405,51530
4406,51668
4407,51806
4408,51947
4409,52088
4410,52227
4411,52369
4412,52513
4413,52657
4414,52798
4415,52929
4416,53057
4417,53190
4418,53323
4419,53456
4420,53587
4421,53719
4422,53855
4423,53992
4424,54127
4425,54253
4426,54384
4427,54512
4428,54642
4429,54772
4430,54904
4431,55040
4432,55174
4433,55306
4434,55439
4435,55562
4436,55688
4437,55816
4438,55946
4439,56072
4440,56198
4441,56326
4442,56456
4443,56587
4444,56718
4445,56843
4446,56968
4447,57091
4448,57217
4449,57344
4450,57475
4451,57606
4452,57739
4453,57877
4454,58014
4455,58147
4456,58281
4457,58419
4458,58556
4459,58698
4460,58814
4461,58894
4462,58949
4463,58988
4464,59133
4465,59271
4466,59385
4467,59466
4468,59522
4469,59564
4470,59591
4471,59611
4472,59626
4473,59636
4474,59779
4475,59898
4476,59982
4477,60041
4478,60084
4479,60114
4480,60135
4481,60149
4482,60159
4483,60167
4484,60301
4485,60409
4486,60483
4487,60538
4488,60577
4489,60604
4490,60622
4491,60636
4492,60646
4493,60654
4494,60786
4495,60883
4496,60952
4497,61001
4498,61035
4499,61060
4500,61077
4501,61089
4502,61098
4503,61106
4504,61230
4505,61320
4506,61381
4507,61425
4508,61457
4509,61480
4510,61496
4511,61508
4512,61516
4513,61523
4514,61637
4515,61718
4516,61776
4517,61817
4518,61847
4519,61868
4520,61884
4521,61894
4522,61902
4523,61909
4524,62016
4525,62092
4526,62146
4527,62185
4528,62212
4529,62232
4530,62246
4531,62256
4532,62264
4533,62271
4534,62372
4535,62443
4536,62495
4537,62531
4538,62557
4539,62576
4540,62590
4541,62599
4542,62606
4543,62613
4544,62707
4545,62774
4546,62821
4547,62855
4548,62879
4549,62896
4550,62908
4551,62917
4552,62924
4553,62931
4554,63020
4555,63082
4556,63126
4557,63156
4558,63179
4559,63195
4560,63207
4561,63215
4562,63222
4563,63229
4564,63312
4565,63369
4566,63410
4567,63439
4568,63460
4569,63475
4570,63486
4571,63494
4572,63501
4573,63508
4574,63585
4575,63640
4576,63678
4577,63706
4578,63725
4579,63739
4580,63749
4581,63757
4582,63764
4583,63771
4584,63844
4585,63895
4586,63931
4587,63957
4588,63976
4589,63989
4590,63999
4591,64006
4592,64013
4593,64020
4594,64089
4595,64138
4596,64172
4597,64197
4598,64214
4599,64226
4600,64235
4601,64242
4602,64249
4603,64256
4604,64322
4605,64369
4606,64401
4607,64424
4608,64441
4609,64453
4610,64461
4611,64468
4612,64475
4613,64481
4614,64543
4615,64587
4616,64618
4617,64641
4618,64656
4619,64667
4620,64675
4621,64682
4622,64689
4623,64695
4624,64755
4625,64798
4626,64827
4627,64847
4628,64862
4629,64872
4630,64880
4631,64887
4632,64894
4633,64898
4634,64955
4635,64995
4636,65024
4637,65044
4638,65058
4639,65069
4640,65077
4641,65084
4642,65091
4643,65094
4644,65149
4645,65188
4646,65215
4647,65235
4648,65249
4649,65259
4650,65267
4651,65274
4652,65281
4653,65283
4654,65336
4655,65374
4656,65400
4657,65418
4658,65431
4659,65441
4660,65448
4661,65455
4662,65462
4663,65463
4664,65513
4665,65550
4666,65576
4667,65594
4668,65607
4669,65616
4670,65623
4671,65630
4672,65637
4673,65638
4674,65687
4675,65722
4676,65747
4677,65765
4678,65777
4679,65786
4680,65793
4681,65800
4682,65807
4683,65807
4684,65855
4685,65889
4686,65913
4687,65930
4688,65942
4689,65951
4690,65958
4691,65965
4692,65970
4693,65970
4694,66015
4695,66048
4696,66071
4697,66088
4698,66099
4699,66107
4700,66114
4701,66121
4702,66126
4703,66126
4704,66170
4705,66202
4706,66225
4707,66240
4708,66252
4709,66260
4710,66267
4711,66274
4712,66277
4713,66277
4714,66321
4715,66352
4716,66372
4717,66387
4718,66398
4719,66407
4720,66414
4721,66421
4722,66425
4723,66425
4724,66466
4725,66497
4726,66519
4727,66533
4728,66543
4729,66551
4730,66558
4731,66565
4732,66569
4733,66569
4734,66609
4735,66639
4736,66660
4737,66675
4738,66685
4739,66693
4740,66700
4741,66707
4742,66709
4743,66709
4744,66749
4745,66778
4746,66799
4747,66813
4748,66823
4749,66830
4750,66837
4751,66844
4752,66847
4753,66847
4754,66886
4755,66915
4756,66935
4757,66948
4758,66957
4759,66964
4760,66971
4761,66978
4762,66980
4763,66980
4764,67018
4765,67046
4766,67066
4767,67080
4768,67090
4769,67097
4770,67104
4771,67111
4772,67112
4773,67112
4774,67149
4775,67177
4776,67197
4777,67210
4778,67219
4779,67226
4780,67233
4781,67240
4782,67240
4783,67240
4784,67278
4785,67305
4786,67324
4787,67337
4788,67346
4789,67354
4790,67361
4791,67368
4792,67368
4793,67368
4794,67405
4795,67432
4796,67450
4797,67463
4798,67472
4799,67480
4800,67487
4801,67493
4802,67493
4803,67493
4804,67530
4805,67556
4806,67575
4807,67588
4808,67597
4809,67604
4810,67611
4811,67617
4812,67617
4813,67617
4814,67653
4815,67679
4816,67698
4817,67709
4818,67718
4819,67725
4820,67732
4821,67739
4822,67739
4823,67739
4824,67775
4825,67801
4826,67819
4827,67831
4828,67840
4829,67848
4830,67855
4831,67859
4832,67859
4833,67859
4834,67894
4835,67920
4836,67938
4837,67949
4838,67958
4839,67965
4840,67972
4841,67977
4842,67977
4843,67977
4844,68011
4845,68036
4846,68054
4847,68065
4848,68074
4849,68081
4850,68088
4851,68093
4852,68093
4853,68093
4854,68126
4855,68150
4856,68168
4857,68181
4858,68189
4859,68196
4860,68203
4861,68209
4862,68209
4863,68209
4864,68242
4865,68266
4866,68283
4867,68295
4868,68304
4869,68311
4870,68318
4871,68323
4872,68323
4873,68323
4874,68356
4875,68380
4876,68397
4877,68409
4878,68417
4879,68424
4880,68431
4881,68437
4882,68437
4883,68437
4884,68469
4885,68492
4886,68509
4887,68521
4888,68529
4889,68536
4890,68543
4891,68550
4892,68550
4893,68550
4894,68581
4895,68604
4896,68621
4897,68633
4898,68641
4899,68648
4900,68655
4901,68662
4902,68662
4903,68662
4904,68693
4905,68716
4906,68733
4907,68744
4908,68752
4909,68759
4910,68766
4911,68773
4912,68773
4913,68773
4914,68803
4915,68825
4916,68841
4917,68853
4918,68861
4919,68868
4920,68875
4921,68882
4922,68882
4923,68882
4924,68912
4925,68934
4926,68950
4927,68962
4928,68970
4929,68977
4930,68984
4931,68990
4932,68990
4933,68990
4934,69020
4935,69042
4936,69059
4937,69071
4938,69081
4939,69090
4940,69099
4941,69107
4942,69109
4943,69112
4944,69115
4945,69118
4946,69121
4947,69124
4948,69127
4949,69130
4950,69133
4951,69137
4952,69141
4953,69145
4954,69180
4955,69206
4956,69226
4957,69242
4958,69254
4959,69265
4960,69276
4961,69286
4962,69291
4963,69295
4964,69330
4965,69357
4966,69377
4967,69394
4968,69407
4969,69418
4970,69429
4971,69439
4972,69443
4973,69448
4974,69484
4975,69513
4976,69535
4977,69553
4978,69568
4979,69583
4980,69598
4981,69612
4982,69620
4983,69628
4984,69666
4985,69696
4986,69720
4987,69739
4988,69755
4989,69770
4990,69785
4991,69797
4992,69805
4993,69812
4994,69850
4995,69880
4996,69904
4997,69923
4998,69938
4999,69953
5000,69968
5001,69982
5002,69990
5003,69998
5004,70035
5005,70064
5006,70087
5007,70106
5008,70122
5009,70137
5010,70152
5011,70167
5012,70174
5013,70182
5014,70218
5015,70246
5016,70268
5017,70287
5018,70302
5019,70316
5020,70330
5021,70343
5022,70350
5023,70358
5024,70393
5025,70421
5026,70443
5027,70461
5028,70476
5029,70490
5030,70504
5031,70517
5032,70524
5033,70531
5034,70566
5035,70594
5036,70615
5037,70633
5038,70647
5039,70661
5040,70674
5041,70686
5042,70692
5043,70698
5044,70732
5045,70759
5046,70780
5047,70796
5048,70810
5049,70823
5050,70836
5051,70852
5052,70861
5053,70870
5054,70906
5055,70935
5056,70958
5057,70976
5058,70993
5059,71008
5060,71023
5061,71036
5062,71044
5063,71052
5064,71088
5065,71117
5066,71139
5067,71156
5068,71171
5069,71185
5070,71199
5071,71212
5072,71219
5073,71226
5074,71260
5075,71287
5076,71308
5077,71325
5078,71339
5079,71353
5080,71366
5081,71378
5082,71384
5083,71390
5084,71424
5085,71450
5086,71471
5087,71487
5088,71501
5089,71514
5090,71527
5091,71539
5092,71545
5093,71551
5094,71585
5095,71611
5096,71631
5097,71647
5098,71661
5099,71674
5100,71687
5101,71699
5102,71705
5103,71711
5104,71745
5105,71771
5106,71792
5107,71808
5108,71822
5109,71835
5110,71848
5111,71858
5112,71864
5113,71871
5114,71905
5115,71932
5116,71953
5117,71969
5118,71983
5119,71996
5120,72009
5121,72020
5122,72027
5123,72034
5124,72068
5125,72094
5126,72115
5127,72132
5128,72147
5129,72160
5130,72173
5131,72184
5132,72191
5133,72198
5134,72233
5135,72259
5136,72279
5137,72296
5138,72310
5139,72323
5140,72336
5141,72347
5142,72353
5143,72358
5144,72391
5145,72416
5146,72436
5147,72451
5148,72464
5149,72475
5150,72486
5151,72495
5152,72499
5153,72503
5154,72535
5155,72560
5156,72579
5157,72592
5158,72603
5159,72613
5160,72623
5161,72629
5162,72632
5163,72635
5164,72666
5165,72689
5166,72707
5167,72719
5168,72730
5169,72739
5170,72748
5171,72755
5172,72757
5173,72759
5174,72789
5175,72811
5176,72828
5177,72840
5178,72850
5179,72859
5180,72868
5181,72874
5182,72876
5183,72878
5184,72907
5185,72929
5186,72945
5187,72956
5188,72964
5189,72972
5190,72980
5191,72985
5192,72986
5193,72987
5194,73016
5195,73037
5196,73053
5197,73064
5198,73073
5199,73081
5200,73089
5201,73094
5202,73095
5203,73096
5204,73125
5205,73147
5206,73163
5207,73175
5208,73183
5209,73191
5210,73199
5211,73203
5212,73204
5213,73205
5214,73234
5215,73256
5216,73272
5217,73283
5218,73292
5219,73300
5220,73308
5221,73312
5222,73313
5223,73314
5224,73343
5225,73365
5226,73381
5227,73391
5228,73398
5229,73405
5230,73412
5231,73416
5232,73416
5233,73416
5234,73444
5235,73464
5236,73479
5237,73490
5238,73497
5239,73504
5240,73511
5241,73514
5242,73514
5243,73514
5244,73542
5245,73562
5246,73576
5247,73587
5248,73594
5249,73601
5250,73608
5251,73612
5252,73612
5253,73612
5254,73640
5255,73661
5256,73676
5257,73686
5258,73693
5259,73700
5260,73707
5261,73710
5262,73710
5263,73710
5264,73738
5265,73759
5266,73773
5267,73783
5268,73791
5269,73798
5270,73805
5271,73808
5272,73808
5273,73808
5274,73836
5275,73856
5276,73871
5277,73881
5278,73888
5279,73895
5280,73902
5281,73905
5282,73905
5283,73905
5284,73933
5285,73954
5286,73968
5287,73978
5288,73986
5289,73993
5290,74000
5291,74002
5292,74002
5293,74002
5294,74030
5295,74051
5296,74066
5297,74076
5298,74084
5299,74091
5300,74098
5301,74100
5302,74100
5303,74100
5304,74128
5305,74149
5306,74163
5307,74173
5308,74181
5309,74188
5310,74195
5311,74199
5312,74199
5313,74199
5314,74228
5315,74249
5316,74264
5317,74274
5318,74282
5319,74289
5320,74296
5321,74298
5322,74298
5323,74298
5324,74327
5325,74348
5326,74362
5327,74372
5328,74380
5329,74387
5330,74394
5331,74396
5332,74396
5333,74396
5334,74425
5335,74446
5336,74460
5337,74469
5338,74477
5339,74484
5340,74491
5341,74493
5342,74493
5343,74493
5344,74522
5345,74543
5346,74558
5347,74568
5348,74575
5349,74582
5350,74589
5351,74590
5352,74590
5353,74590
5354,74619
5355,74640
5356,74655
5357,74665
5358,74672
5359,74679
5360,74686
5361,74688
5362,74688
5363,74688
5364,74717
5365,74738
5366,74753
5367,74762
5368,74770
5369,74777
5370,74784
5371,74786
5372,74786
5373,74786
5374,74815
5375,74836
5376,74851
5377,74861
5378,74869
5379,74876
5380,74883
5381,74883
5382,74883
5383,74883
5384,74912
5385,74933
5386,74947
5387,74956
5388,74963
5389,74970
5390,74977
5391,74980
5392,74980
5393,74980
5394,75009
5395,75030
5396,75044
5397,75054
5398,75062
5399,75069
5400,75076
5401,75078
5402,75078
5403,75078
5404,75107
5405,75128
5406,75143
5407,75152
5408,75160
5409,75167
5410,75174
5411,75175
5412,75175
5413,75175
5414,75204
5415,75225
5416,75240
5417,75250
5418,75257
5419,75264
5420,75271
5421,75273
5422,75273
5423,75273
5424,75302
5425,75323
5426,75338
5427,75348
5428,75356
5429,75363
5430,75370
5431,75371
5432,75371
5433,75371
5434,75400
5435,75421
5436,75436
5437,75446
5438,75453
5439,75460
5440,75467
5441,75469
5442,75469
5443,75469
5444,75498
5445,75519
5446,75533
5447,75543
5448,75551
5449,75559
5450,75567
5451,75570
5452,75571
5453,75572
5454,75573
5455,75574
5456,75575
5457,75576
5458,75577
5459,75578
5460,75579
5461,75580
5462,75581
5463,75582
5464,75613
5465,75635
5466,75651
5467,75662
5468,75671
5469,75679
5470,75687
5471,75688
5472,75689
5473,75691
5474,75722
5475,75745
5476,75761
5477,75773
5478,75782
5479,75791
5480,75800
5481,75804
5482,75806
5483,75808
5484,75810
5485,75813
5486,75815
5487,75817
5488,75820
5489,75822
5490,75824
5491,75826
5492,75829
5493,75831
5494,75834
5495,75836
5496,75839
5497,75841
5498,75844
5499,75847
5500,75850
5501,75852
5502,75854
5503,75856
5504,75997
5505,76130
5506,76230
5507,76304
5508,76358
5509,76397
5510,76425
5511,76446
5512,76462
5513,76474
5514,76625
5515,76754
5516,76846
5517,76911
5518,76959
5519,76992
5520,77018
5521,77037
5522,77051
5523,77064
5524,77213
5525,77328
5526,77410
5527,77468
5528,77512
5529,77543
5530,77565
5531,77581
5532,77595
5533,77607
5534,77750
5535,77854
5536,77927
5537,77980
5538,78017
5539,78045
5540,78066
5541,78082
5542,78094
5543,78106
5544,78240
5545,78335
5546,78402
5547,78449
5548,78484
5549,78509
5550,78528
5551,78542
5552,78554
5553,78566
5554,78693
5555,78782
5556,78844
5557,78889
5558,78919
5559,78943
5560,78961
5561,78974
5562,78986
5563,78998
5564,79117
5565,79199
5566,79258
5567,79298
5568,79327
5569,79348
5570,79364
5571,79376
5572,79387
5573,79398
5574,79509
5575,79585
5576,79640
5577,79679
5578,79707
5579,79726
5580,79741
5581,79753
5582,79765
5583,79776
5584,79883
5585,79955
5586,80008
5587,80045
5588,80072
5589,80092
5590,80107
5591,80119
5592,80132
5593,80142
5594,80243
5595,80312
5596,80361
5597,80395
5598,80419
5599,80437
5600,80451
5601,80463
5602,80475
5603,80482
5604,80578
5605,80643
5606,80690
5607,80722
5608,80745
5609,80762
5610,80775
5611,80787
5612,80799
5613,80804
5614,80895
5615,80956
5616,81001
5617,81032
5618,81054
5619,81071
5620,81084
5621,81096
5622,81106
5623,81110
5624,81198
5625,81257
5626,81298
5627,81327
5628,81348
5629,81364
5630,81377
5631,81389
5632,81399
5633,81403
5634,81486
5635,81544
5636,81583
5637,81611
5638,81632
5639,81647
5640,81659
5641,81671
5642,81679
5643,81683
5644,81762
5645,81817
5646,81855
5647,81882
5648,81901
5649,81915
5650,81928
5651,81941
5652,81949
5653,81953
5654,82030
5655,82083
5656,82119
5657,82144
5658,82164
5659,82179
5660,82191
5661,82204
5662,82210
5663,82215
5664,82288
5665,82338
5666,82373
5667,82398
5668,82417
5669,82431
5670,82444
5671,82457
5672,82462
5673,82467
5674,82539
5675,82588
5676,82623
5677,82646
5678,82663
5679,82676
5680,82689
5681,82700
5682,82704
5683,82708
5684,82776
5685,82823
5686,82855
5687,82876
5688,82892
5689,82904
5690,82916
5691,82924
5692,82927
5693,82930
5694,82996
5695,83041
5696,83071
5697,83092
5698,83106
5699,83117
5700,83128
5701,83134
5702,83137
5703,83139
5704,83202
5705,83245
5706,83273
5707,83292
5708,83305
5709,83316
5710,83327
5711,83331
5712,83333
5713,83335
5714,83396
5715,83437
5716,83464
5717,83484
5718,83497
5719,83507
5720,83517
5721,83520
5722,83521
5723,83523
5724,83582
5725,83621
5726,83646
5727,83663
5728,83675
5729,83685
5730,83695
5731,83696
5732,83697
5733,83698
5734,83755
5735,83793
5736,83817
5737,83834
5738,83845
5739,83855
5740,83864
5741,83865
5742,83866
5743,83867
5744,83923
5745,83960
5746,83984
5747,83999
5748,84010
5749,84020
5750,84028
5751,84029
5752,84030
5753,84031
5754,84086
5755,84122
5756,84145
5757,84160
5758,84171
5759,84181
5760,84189
5761,84190
5762,84191
5763,84192
5764,84245
5765,84280
5766,84303
5767,84318
5768,84329
5769,84339
5770,84345
5771,84346
5772,84346
5773,84346
5774,84398
5775,84431
5776,84452
5777,84466
5778,84475
5779,84484
5780,84489
5781,84489
5782,84489
5783,84489
5784,84539
5785,84572
5786,84592
5787,84605
5788,84614
5789,84623
5790,84628
5791,84628
5792,84628
5793,84628
5794,84677
5795,84709
5796,84730
5797,84742
5798,84751
5799,84760
5800,84765
5801,84765
5802,84765
5803,84765
5804,84813
5805,84844
5806,84863
5807,84876
5808,84885
5809,84894
5810,84899
5811,84899
5812,84899
5813,84899
5814,84946
5815,84977
5816,84996
5817,85009
5818,85018
5819,85027
5820,85030
5821,85030
5822,85030
5823,85030
5824,85077
5825,85107
5826,85125
5827,85138
5828,85148
5829,85157
5830,85160
5831,85160
5832,85160
5833,85160
5834,85207
5835,85236
5836,85255
5837,85267
5838,85276
5839,85285
5840,85287
5841,85287
5842,85287
5843,85287
5844,85333
5845,85362
5846,85379
5847,85391
5848,85400
5849,85409
5850,85411
5851,85411
5852,85411
5853,85411
5854,85456
5855,85485
5856,85503
5857,85514
5858,85523
5859,85532
5860,85534
5861,85534
5862,85534
5863,85534
5864,85579
5865,85608
5866,85625
5867,85637
5868,85647
5869,85655
5870,85655
5871,85655
5872,85655
5873,85655
5874,85699
5875,85727
5876,85743
5877,85755
5878,85764
5879,85773
5880,85774
5881,85774
5882,85774
5883,85774
5884,85818
5885,85846
5886,85863
5887,85874
5888,85883
5889,85892
5890,85892
5891,85892
5892,85892
5893,85892
5894,85935
5895,85962
5896,85980
5897,85990
5898,86000
5899,86008
5900,86008
5901,86008
5902,86008
5903,86008
5904,86051
5905,86078
5906,86096
5907,86106
5908,86116
5909,86124
5910,86124
5911,86124
5912,86124
5913,86124
5914,86168
5915,86195
5916,86212
5917,86222
5918,86232
5919,86238
5920,86238
5921,86238
5922,86238
5923,86238
5924,86280
5925,86307
5926,86323
5927,86334
5928,86344
5929,86350
5930,86350
5931,86350
5932,86350
5933,86350
5934,86393
5935,86419
5936,86435
5937,86446
5938,86456
5939,86463
5940,86463
5941,86463
5942,86463
5943,86463
5944,86506
5945,86533
5946,86548
5947,86559
5948,86569
5949,86574
5950,86574
5951,86574
5952,86574
5953,86574
5954,86616
5955,86643
5956,86659
5957,86670
5958,86680
5959,86684
5960,86684
5961,86684
5962,86684
5963,86684
5964,86727
5965,86753
5966,86768
5967,86778
5968,86788
5969,86793
5970,86793
5971,86793
5972,86793
5973,86793
5974,86834
5975,86860
5976,86876
5977,86887
5978,86897
5979,86902
5980,86902
5981,86902
5982,86902
5983,86902
5984,86944
5985,86970
5986,86986
5987,86997
5988,87007
5989,87011
5990,87011
5991,87011
5992,87011
5993,87011
5994,87053
5995,87079
5996,87095
5997,87106
5998,87116
5999,87119
6000,87119
6001,87119
6002,87119
6003,87119
6004,87160
6005,87186
6006,87202
6007,87212
6008,87222
6009,87227
6010,87227
6011,87227
6012,87227
6013,87227
6014,87269
6015,87295
6016,87310
6017,87321
6018,87331
6019,87334
6020,87334
6021,87334
6022,87334
6023,87334
6024,87377
6025,87402
6026,87417
6027,87428
6028,87438
6029,87442
6030,87442
6031,87442
6032,87442
6033,87442
6034,87484
6035,87510
6036,87525
6037,87536
6038,87546
6039,87551
6040,87551
6041,87551
6042,87551
6043,87551
6044,87593
6045,87619
6046,87634
6047,87645
6048,87655
6049,87659
6050,87659
6051,87659
6052,87659
6053,87659
6054,87701
6055,87726
6056,87741
6057,87752
6058,87762
6059,87767
6060,87767
6061,87767
6062,87767
6063,87767
6064,87809
6065,87834
6066,87850
6067,87861
6068,87871
6069,87874
6070,87874
6071,87874
6072,87874
6073,87874
6074,87916
6075,87941
6076,87956
6077,87967
6078,87977
6079,87979
6080,87979
6081,87979
6082,87979
6083,87979
6084,88021
6085,88046
6086,88061
6087,88071
6088,88081
6089,88085
6090,88085
6091,88085
6092,88085
6093,88085
6094,88127
6095,88152
6096,88167
6097,88178
6098,88188
6099,88190
6100,88190
6101,88190
6102,88190
6103,88190
6104,88231
6105,88256
6106,88272
6107,88282
6108,88292
6109,88296
6110,88296
6111,88296
6112,88296
6113,88296
6114,88338
6115,88363
6116,88377
6117,88388
6118,88398
6119,88402
6120,88402
6121,88402
6122,88402
6123,88402
6124,88443
6125,88468
6126,88483
6127,88493
6128,88503
6129,88507
6130,88507
6131,88507
6132,88507
6133,88507
6134,88547
6135,88572
6136,88587
6137,88598
6138,88608
6139,88611
6140,88611
6141,88611
6142,88611
6143,88611
6144,88652
6145,88678
6146,88694
6147,88705
6148,88716
6149,88720
6150,88721
6151,88722
6152,88723
6153,88724
6154,88725
6155,88726
6156,88727
6157,88728
6158,88729
6159,88730
6160,88731
6161,88732
6162,88733
6163,88734
6164,88735
6165,88737
6166,88739
6167,88741
6168,88743
6169,88745
6170,88747
6171,88749
6172,88751
6173,88753
6174,88755
6175,88757
6176,88759
6177,88761
6178,88763
6179,88764
6180,88766
6181,88768
6182,88770
6183,88772
6184,88774
6185,88776
6186,88778
6187,88780
6188,88782
6189,88784
6190,88787
6191,88789
6192,88791
6193,88793
6194,88795
6195,88797
6196,88799
6197,88801
6198,88803
6199,88805
6200,88807
6201,88809
6202,88811
6203,88813
6204,88815
6205,88817
6206,88819
6207,88821
6208,88823
6209,88825
6210,88827
6211,88829
6212,88831
6213,88833
6214,88835
6215,88837
6216,88839
6217,88841
6218,88843
6219,88845
6220,88847
6221,88848
6222,88849
6223,88850
6224,88851
6225,88852
6226,88853
6227,88854
6228,88855
6229,88856
6230,88857
6231,88859
6232,88861
6233,88863
6234,88865
6235,88867
6236,88869
6237,88871
6238,88873
6239,88875
6240,88877
6241,88879
6242,88881
6243,88883
6244,88885
6245,88887
6246,88890
6247,88893
6248,88896
6249,88899
6250,88902
6251,88905
6252,88908
6253,88911
6254,88914
6255,88918
6256,88922
6257,88926
6258,88930
6259,88934
6260,88938
6261,88942
6262,88946
6263,88950
6264,88954
6265,88958
6266,88963
6267,88968
6268,88973
6269,88978
6270,88983
6271,88988
6272,88993
6273,88998
6274,89003
6275,89008
6276,89013
6277,89018
6278,89023
6279,89028
6280,89033
6281,89038
6282,89043
6283,89048
6284,89053
6285,89058
6286,89063
6287,89068
6288,89073
6289,89078
6290,89083
6291,89088
6292,89093
6293,89098
6294,89103
6295,89108
6296,89113
6297,89118
6298,89123
6299,89128
6300,89133
6301,89138
6302,89143
6303,89148
6304,89153
6305,89158
6306,89162
6307,89166
6308,89171
6309,89176
6310,89181
6311,89186
6312,89191
6313,89196
6314,89201
6315,89206
6316,89211
6317,89216
6318,89221
6319,89226
6320,89231
6321,89237
6322,89243
6323,89249
6324,89255
6325,89261
6326,89267
6327,89273
6328,89279
6329,89285
6330,89291
6331,89297
6332,89303
6333,89309
6334,89315
6335,89321
6336,89326
6337,89331
6338,89336
6339,89340
6340,89344
6341,89348
6342,89352
6343,89356
6344,89360
6345,89364
6346,89368
6347,89372
6348,89376
6349,89380
6350,89385
6351,89390
6352,89395
6353,89400
6354,89405
6355,89410
6356,89415
6357,89420
6358,89425
6359,89430
6360,89434
6361,89438
6362,89442
6363,89446
6364,89450
6365,89453
6366,89456
6367,89459
6368,89462
6369,89465
6370,89469
6371,89472
6372,89475
6373,89478
6374,89481
6375,89484
6376,89487
6377,89490
6378,89493
6379,89496
6380,89499
6381,89502
6382,89505
6383,89508
6384,89511
6385,89515
6386,89519
6387,89523
6388,89527
6389,89531
6390,89535
6391,89539
6392,89543
6393,89547
6394,89551
6395,89555
6396,89559
6397,89563
6398,89567
6399,89571
6400,89575
6401,89580
6402,89585
6403,89590
6404,89595
6405,89600
6406,89606
6407,89612
6408,89618
6409,89624
6410,89630
6411,89636
6412,89642
6413,89648
6414,89654
6415,89660
6416,89666
6417,89672
6418,89678
6419,89684
6420,89690
6421,89696
6422,89702
6423,89708
6424,89714
6425,89720
6426,89726
6427,89732
6428,89738
6429,89744
6430,89750
6431,89756
6432,89762
6433,89767
6434,89772
6435,89777
6436,89782
6437,89787
6438,89791
6439,89795
6440,89798
6441,89801
6442,89804
6443,89807
6444,89810
6445,89813
6446,89816
6447,89820
6448,89823
6449,89826
6450,89829
6451,89832
6452,89835
6453,89838
6454,89841
6455,89844
6456,89847
6457,89851
6458,89855
6459,89859
6460,89863
6461,89867
6462,89871
6463,89875
6464,89879
6465,89883
6466,89887
6467,89891
6468,89895
6469,89900
6470,89905
6471,89910
6472,89915
6473,89920
6474,89925
6475,89930
6476,89935
6477,89940
6478,89945
6479,89950
6480,89955
6481,89960
6482,89965
6483,89970
6484,89975
6485,89980
6486,89985
6487,89990
6488,89995
6489,90000
6490,90005
6491,90010
6492,90015
6493,90020
6494,90025
6495,90029
6496,90034
6497,90039
6498,90044
6499,90049
6500,90054
6501,90059
6502,90063
6503,90067
6504,90071
6505,90074
6506,90077
6507,90080
6508,90083
6509,90086
6510,90089
6511,90092
6512,90095
6513,90098
6514,90101
6515,90104
6516,90108
6517,90112
6518,90116
6519,90120
6520,90124
6521,90128
6522,90132
6523,90136
6524,90140
6525,90144
6526,90148
6527,90153
6528,90158
6529,90163
6530,90168
6531,90173
6532,90178
6533,90183
6534,90188
6535,90193
6536,90198
6537,90203
6538,90208
6539,90213
6540,90218
6541,90223
6542,90228
6543,90233
6544,90238
6545,90244
6546,90250
6547,90256
6548,90262
6549,90268
6550,90274
6551,90280
6552,90286
6553,90292
6554,90298
6555,90304
6556,90310
6557,90316
6558,90322
6559,90328
6560,90334
6561,90340
6562,90346
6563,90352
6564,90358
6565,90364
6566,90370
6567,90377
6568,90383
6569,90389
6570,90395
6571,90401
6572,90407
6573,90413
6574,90419
6575,90425
6576,90431
6577,90437
6578,90443
6579,90449
6580,90455
6581,90461
6582,90467
6583,90473
6584,90479
6585,90485
6586,90491
6587,90497
6588,90503
6589,90509
6590,90515
6591,90521
6592,90527
6593,90533
6594,90539
6595,90545
6596,90551
6597,90557
6598,90563
6599,90569
6600,90575
6601,90581
6602,90587
6603,90593
6604,90770
6605,90889
6606,90963
6607,91012
6608,91044
6609,91066
6610,91083
6611,91099
6612,91109
6613,91114
6614,91282
6615,91388
6616,91455
6617,91498
6618,91526
6619,91546
6620,91561
6621,91576
6622,91583
6623,91588
6624,91743
6625,91842
6626,91905
6627,91945
6628,91971
6629,91988
6630,92003
6631,92017
6632,92021
6633,92025
6634,92171
6635,92263
6636,92322
6637,92361
6638,92386
6639,92403
6640,92418
6641,92431
6642,92436
6643,92441
6644,92446
6645,92451
6646,92456
6647,92461
6648,92466
6649,92471
6650,92477
6651,92483
6652,92489
6653,92495
6654,92501
6655,92507
6656,92513
6657,92519
6658,92524
6659,92529
6660,92534
6661,92538
6662,92542
6663,92546
6664,92550
6665,92554
6666,92558
6667,92562
6668,92566
6669,92570
6670,92574
6671,92578
6672,92582
6673,92586
6674,92590
6675,92594
6676,92598
6677,92603
6678,92608
6679,92612
6680,92615
6681,92618
6682,92621
6683,92624
6684,92627
6685,92630
6686,92633
6687,92636
6688,92639
6689,92642
6690,92646
6691,92650
6692,92654
6693,92658
6694,92662
6695,92666
6696,92670
6697,92675
6698,92680
6699,92685
6700,92690
6701,92695
6702,92700
6703,92705
6704,92710
6705,92715
6706,92721
6707,92727
6708,92733
6709,92739
6710,92745
6711,92751
6712,92757
6713,92763
6714,92769
6715,92775
6716,92781
6717,92787
6718,92793
6719,92800
6720,92807
6721,92814
6722,92821
6723,92828
6724,92835
6725,92842
6726,92850
6727,92858
6728,92866
6729,92874
6730,92882
6731,92890
6732,92898
6733,92906
6734,92914
6735,92922
6736,92930
6737,92938
6738,92946
6739,92954
6740,92962
6741,92970
6742,92978
6743,92986
6744,92994
6745,93002
6746,93010
6747,93018
6748,93026
6749,93034
6750,93042
6751,93050
6752,93058
6753,93066
6754,93074
6755,93082
6756,93090
6757,93098
6758,93106
6759,93113
6760,93120
6761,93127
6762,93134
6763,93141
6764,93148
6765,93155
6766,93162
6767,93169
6768,93176
6769,93183
6770,93190
6771,93197
6772,93204
6773,93211
6774,93218
6775,93225
6776,93232
6777,93239
6778,93246
6779,93253
6780,93260
6781,93267
6782,93274
6783,93281
6784,93288
6785,93295
6786,93302
6787,93309
6788,93316
6789,93323
6790,93330
6791,93337
6792,93344
6793,93351
6794,93358
6795,93365
6796,93372
6797,93379
6798,93386
6799,93393
6800,93400
6801,93407
6802,93414
6803,93421
6804,93428
6805,93435
6806,93442
6807,93449
6808,93456
6809,93463
6810,93470
6811,93477
6812,93484
6813,93491
6814,93498
6815,93504
6816,93510
6817,93516
6818,93522
6819,93528
6820,93533
6821,93537
6822,93541
6823,93545
6824,93549
6825,93553
6826,93557
6827,93561
6828,93565
6829,93568
6830,93571
6831,93574
6832,93577
6833,93580
6834,93582
6835,93584
6836,93586
6837,93588
6838,93590
6839,93592
6840,93594
6841,93596
6842,93598
6843,93600
6844,93602
6845,93604
6846,93606
6847,93608
6848,93610
6849,93612
6850,93614
6851,93615
6852,93616
6853,93617
6854,93805
6855,93993
6856,94157
6857,94264
6858,94333
6859,94373
6860,94398
6861,94415
6862,94425
6863,94435
6864,94631
6865,94818
6866,94954
6867,95039
6868,95094
6869,95129
6870,95149
6871,95161
6872,95171
6873,95181
6874,95375
6875,95550
6876,95666
6877,95738
6878,95783
6879,95812
6880,95829
6881,95841
6882,95851
6883,95854
6884,96049
6885,96206
6886,96302
6887,96361
6888,96399
6889,96422
6890,96436
6891,96447
6892,96457
6893,96458
6894,96648
6895,96787
6896,96872
6897,96923
6898,96957
6899,96976
6900,96989
6901,96999
6902,97006
6903,97006
6904,97186
6905,97309
6906,97383
6907,97431
6908,97460
6909,97479
6910,97490
6911,97500
6912,97505
6913,97505
6914,97681
6915,97790
6916,97858
6917,97899
6918,97925
6919,97941
6920,97952
6921,97963
6922,97963
6923,97963
6924,98127
6925,98228
6926,98290
6927,98328
6928,98351
6929,98365
6930,98376
6931,98385
6932,98385
6933,98385
6934,98538
6935,98632
6936,98689
6937,98723
6938,98743
6939,98755
6940,98766
6941,98774
6942,98774
6943,98774
6944,98916
6945,99003
6946,99056
6947,99088
6948,99108
6949,99119
6950,99129
6951,99135
6952,99135
6953,99135
6954,99269
6955,99348
6956,99397
6957,99427
6958,99445
6959,99457
6960,99467
6961,99473
6962,99473
6963,99473
6964,99598
6965,99672
6966,99719
6967,99747
6968,99764
6969,99775
6970,99785
6971,99790
6972,99790
6973,99790
6974,99908
6975,99978
6976,100020
6977,100047
6978,100063
6979,100074
6980,100084
6981,100087
6982,100087
6983,100087
6984,100197
6985,100263
6986,100304
6987,100329
6988,100344
6989,100355
6990,100365
6991,100368
6992,100368
6993,100368
6994,100472
6995,100536
6996,100573
6997,100596
6998,100610
6999,100620
7000,100630
7001,100633
7002,100633
7003,100633
7004,100732
7005,100793
7006,100829
7007,100851
7008,100864
7009,100875
7010,100885
7011,100885
7012,100885
7013,100885
7014,100980
7015,101037
7016,101070
7017,101092
7018,101104
7019,101114
7020,101123
7021,101123
7022,101123
7023,101123
7024,101213
7025,101268
7026,101301
7027,101321
7028,101334
7029,101344
7030,101351
7031,101351
7032,101351
7033,101351
7034,101438
7035,101491
7036,101521
7037,101540
7038,101553
7039,101563
7040,101570
7041,101570
7042,101570
7043,101570
7044,101655
7045,101705
7046,101735
7047,101755
7048,101768
7049,101779
7050,101786
7051,101787
7052,101789
7053,101790
7054,101791
7055,101793
7056,101795
7057,101797
7058,101799
7059,101801
7060,101803
7061,101805
7062,101807
7063,101809
7064,101811
7065,101813
7066,101815
7067,101817
7068,101819
7069,101821
7070,101823
7071,101825
7072,101827
7073,101829
7074,101831
7075,101833
7076,101835
7077,101837
7078,101839
7079,101841
7080,101843
7081,101845
7082,101847
7083,101849
7084,101851
7085,101853
7086,101855
7087,101857
7088,101859
7089,101861
7090,101863
7091,101865
7092,101867
7093,101869
7094,101871
7095,101873
7096,101875
7097,101877
7098,101879
7099,101881
7100,101883
7101,101885
7102,101887
7103,101890
7104,101893
7105,101896
7106,101899
7107,101902
7108,101905
7109,101908
7110,101911
7111,101914
7112,101917
7113,101920
7114,101923
7115,101926
7116,101929
7117,101932
7118,101935
7119,101938
7120,101941
7121,101943
7122,101945
7123,101948
7124,101951
7125,101953
7126,101956
7127,101958
7128,101960
7129,101962
7130,101964
7131,101966
7132,101968
7133,101970
7134,101972
7135,101974
7136,101976
7137,101978
7138,101980
7139,101982
7140,101984
7141,101986
7142,101988
7143,101990
7144,101992
7145,101994
7146,101996
7147,101998
7148,102000
7149,102002
7150,102004
7151,102006
7152,102008
7153,102010
7154,102012
7155,102014
7156,102016
7157,102018
7158,102020
7159,102022
7160,102024
7161,102026
7162,102028
7163,102030
7164,102032
7165,102034
7166,102036
7167,102038
7168,102040
7169,102042
7170,102044
7171,102046
7172,102047
7173,102048
7174,102050
7175,102051
7176,102052
7177,102053
7178,102054
7179,102056
7180,102058
7181,102060
7182,102062
7183,102064
7184,102066
7185,102068
7186,102070
7187,102072
7188,102074
7189,102076
7190,102078
7191,102079
7192,102081
7193,102083
7194,102084
7195,102085
7196,102086
7197,102087
7198,102088
7199,102089
7200,102090
7201,102091
7202,102092
7203,102093
7204,102094
7205,102095
7206,102096
7207,102097
7208,102098
7209,102099
7210,102100
7211,102101
7212,102102
7213,102103
7214,102104
7215,102105
7216,102106
7217,102107
7218,102108
7219,102109
7220,102110
7221,102111
7222,102112
7223,102113
7224,102114
7225,102115
7226,102116
7227,102117
7228,102118
7229,102119
7230,102120
7231,102121
7232,102122
7233,102123
7234,102124
7235,102125
7236,102126
7237,102127
7238,102128
7239,102129
7240,102130
7241,102131
7242,102132
7243,102133
7244,102134
7245,102135
7246,102136
7247,102137
7248,102138
7249,102139
7250,102140
7251,102141
7252,102142
7253,102143
7254,102144
7255,102145
7256,102146
7257,102147
7258,102148
7259,102149
7260,102150
7261,102151
7262,102152
7263,102153
7264,102154
7265,102155
7266,102156
7267,102157
7268,102158
7269,102159
7270,102160
7271,102161
7272,102162
7273,102163
7274,102164
7275,102164
7276,102164
7277,102164
7278,102164
7279,102164
7280,102164
7281,102164
7282,102164
7283,102164
7284,102164
7285,102164
7286,102164
7287,102164
7288,102164
7289,102164
7290,102164
7291,102164
7292,102164
7293,102164
7294,102164
7295,102164
7296,102164
7297,102164
7298,102164
7299,102164
7300,102164
7301,102164
7302,102164
7303,102164
7304,102164
7305,102164
7306,102164
7307,102164
7308,102164
7309,102164
7310,102164
7311,102164
7312,102164
7313,102164
7314,102164
7315,102164
7316,102164
7317,102164
7318,102164
7319,102164
7320,102164
7321,102164
7322,102164
7323,102164
7324,102164
7325,102164
7326,102164
7327,102164
7328,102164
7329,102164
7330,102164
7331,102164
7332,102164
7333,102164
7334,102164
7335,102164
7336,102164
7337,102164
7338,102164
7339,102164
7340,102164
7341,102164
7342,102164
7343,102164
7344,102164
7345,102164
7346,102164
7347,102164
7348,102164
7349,102164
7350,102164
7351,102164
7352,102164
7353,102164
7354,102164
7355,102164
7356,102164
7357,102164
7358,102164
7359,102164
7360,102164
7361,102164
7362,102164
7363,102164
7364,102164
7365,102164
7366,102164
7367,102164
7368,102164
7369,102164
7370,102164
7371,102164
7372,102164
7373,102164
7374,102164
7375,102164
7376,102164
7377,102164
7378,102164
7379,102164
7380,102164
7381,102164
7382,102164
7383,102164
7384,102164
7385,102164
7386,102164
7387,102164
7388,102164
7389,102164
7390,102164
7391,102164
7392,102164
7393,102164
7394,102164
7395,102164
7396,102164
7397,102164
7398,102164
7399,102164
7400,102164
7401,102164
7402,102164
7403,102164
7404,102164
7405,102164
7406,102164
7407,102164
7408,102164
7409,102164
7410,102164
7411,102164
7412,102164
7413,102164
7414,102164
7415,102164
7416,102164
7417,102164
7418,102164
7419,102164
7420,102164
7421,102164
7422,102164
7423,102164
7424,102164
7425,102164
7426,102164
7427,102164
7428,102164
7429,102164
7430,102164
7431,102164
7432,102164
7433,102164
7434,102164
7435,102164
7436,102164
7437,102164
7438,102164
7439,102164
7440,102164
7441,102164
7442,102164
7443,102164
7444,102164
7445,102164
7446,102164
7447,102164
7448,102164
7449,102164
7450,102164
7451,102164
7452,102164
7453,102164
7454,102164
7455,102164
7456,102164
7457,102164
7458,102164
7459,102164
7460,102164
7461,102164
7462,102164
7463,102164
7464,102164
7465,102164
7466,102164
7467,102164
7468,102164
7469,102164
7470,102164
7471,102164
7472,102164
7473,102164
7474,102164
7475,102164
7476,102164
7477,102164
7478,102164
7479,102164
7480,102164
7481,102164
7482,102164
7483,102164
7484,102164
7485,102164
7486,102164
7487,102164
7488,102164
7489,102164
7490,102164
7491,102164
7492,102164
7493,102164
7494,102164
7495,102164
7496,102164
7497,102164
7498,102164
7499,102164
7500,102164
7501,102164
7502,102164
7503,102164
7504,102164
7505,102164
7506,102164
7507,102164
7508,102164
7509,102164
7510,102164
7511,102164
7512,102164
7513,102164
7514,102164
7515,102164
7516,102164
7517,102164
7518,102164
7519,102164
7520,102164
7521,102164
7522,102164
7523,102164
7524,102164
7525,102164
7526,102164
7527,102164
7528,102164
7529,102164
7530,102164
7531,102164
7532,102164
7533,102164
7534,102164
7535,102164
7536,102164
7537,102164
7538,102164
7539,102164
7540,102164
7541,102164
7542,102164
7543,102164
7544,102164
7545,102164
7546,102164
7547,102164
7548,102164
7549,102164
7550,102164
7551,102164
7552,102164
7553,102164
7554,102164
7555,102164
7556,102164
7557,102164
7558,102164
7559,102164
7560,102164
7561,102164
7562,102164
7563,102164
7564,102164
7565,102164
7566,102164
7567,102164
7568,102164
7569,102164
7570,102164
7571,102164
7572,102164
7573,102164
7574,102164
7575,102164
7576,102164
7577,102164
7578,102164
7579,102164
7580,102164
7581,102164
7582,102164
7583,102164
7584,102164
7585,102164
7586,102164
7587,102164
7588,102164
7589,102164
7590,102164
7591,102164
7592,102164
7593,102164
7594,102164
7595,102164
7596,102164
7597,102164
7598,102164
7599,102164
7600,102164
7601,102164
7602,102164
7603,102164
7604,102164
7605,102164
7606,102164
7607,102164
7608,102164
7609,102164
7610,102164
7611,102164
7612,102164
7613,102164
7614,102164
7615,102164
7616,102164
7617,102164
7618,102164
7619,102164
7620,102164
7621,102164
7622,102164
7623,102164
7624,102164
7625,102164
7626,102164
7627,102164
7628,102164
7629,102164
7630,102164
7631,102164
7632,102164
7633,102164
7634,102164
7635,102164
7636,102164
7637,102164
7638,102164
7639,102164
7640,102164
7641,102164
7642,102164
7643,102164
7644,102164
7645,102164
7646,102164
7647,102164
7648,102164
7649,102164
7650,102164
7651,102164
7652,102164
7653,102164
7654,102164
7655,102164
7656,102164
7657,102164
7658,102164
7659,102164
7660,102164
7661,102164
7662,102164
7663,102164
7664,102164
7665,102164
7666,102164
7667,102164
7668,102164
7669,102164
7670,102164
7671,102164
7672,102164
7673,102164
7674,102164
7675,102164
7676,102164
7677,102164
7678,102164
7679,102164
7680,102164
7681,102164
7682,102164
7683,102164
7684,102164
7685,102164
7686,102164
7687,102164
7688,102164
7689,102164
7690,102164
7691,102164
7692,102164
7693,102164
7694,102164
7695,102164
7696,102164
7697,102164
7698,102164
7699,102164
7700,102164
7701,102164
7702,102164
7703,102164
7704,102164
7705,102164
7706,102164
7707,102164
7708,102164
7709,102164
7710,102164
7711,102164
7712,102164
7713,102164
7714,102164
7715,102164
7716,102164
7717,102164
7718,102164
7719,102164
7720,102164
7721,102164
7722,102164
7723,102164
7724,102164
7725,102164
7726,102164
7727,102164
7728,102164
7729,102164
7730,102164
7731,102164
7732,102164
7733,102164
7734,102164
7735,102164
7736,102164
7737,102164
7738,102164
7739,102164
7740,102164
7741,102164
7742,102164
7743,102164
7744,102164
7745,102164
7746,102164
7747,102164
7748,102164
7749,102164
7750,102164
7751,102164
7752,102164
7753,102164
7754,102164
7755,102164
7756,102164
7757,102164
7758,102164
7759,102164
7760,102164
7761,102164
7762,102164
7763,102164
7764,102164
7765,102164
7766,102164
7767,102164
7768,102164
7769,102164
7770,102164
7771,102164
7772,102164
7773,102164
7774,102164
7775,102164
7776,102164
7777,102164
7778,102164
7779,102164
7780,102164
7781,102164
7782,102164
7783,102164
7784,102164
7785,102164
7786,102164
7787,102164
7788,102164
7789,102164
7790,102164
7791,102164
7792,102164
7793,102164
7794,102164
7795,102164
7796,102164
7797,102164
7798,102164
7799,102164
7800,102164
7801,102164
7802,102164
7803,102164
7804,102164
7805,102164
7806,102164
7807,102164
7808,102164
7809,102164
7810,102164
7811,102164
7812,102164
7813,102164
7814,102164
7815,102164
7816,102164
7817,102164
7818,102164
7819,102164
7820,102164
7821,102164
7822,102164
7823,102164
7824,102164
7825,102164
7826,102164
7827,102164
7828,102164
7829,102164
7830,102164
7831,102164
7832,102164
7833,102164
7834,102164
7835,102164
7836,102164
7837,102164
7838,102164
7839,102164
7840,102164
7841,102164
7842,102164
7843,102164
7844,102164
7845,102164
7846,102164
7847,102164
7848,102164
7849,102164
7850,102164
7851,102164
7852,102164
7853,102164
7854,102361
7855,102559
7856,102760
7857,102965
7858,103172
7859,103387
7860,103602
7861,103813
7862,104023
7863,104228
7864,104433
7865,104626
7866,104823
7867,105021
7868,105227
7869,105435
7870,105650
7871,105863
7872,106074
7873,106283
7874,106493
7875,106690
7876,106889
7877,107087
7878,107292
7879,107500
7880,107709
7881,107917
7882,108132
7883,108353
7884,108578
7885,108794
7886,109009
7887,109230
7888,109448
7889,109667
7890,109892
7891,110122
7892,110354
7893,110589
7894,110830
7895,111054
7896,111279
7897,111505
7898,111732
7899,111964
7900,112203
7901,112442
7902,112685
7903,112923
7904,113154
7905,113377
7906,113598
7907,113815
7908,114033
7909,114247
7910,114459
7911,114669
7912,114878
7913,115091
7914,115305
7915,115512
7916,115719
7917,115918
7918,116112
7919,116307
7920,116503
7921,116700
7922,116900
7923,117099
7924,117302
7925,117499
7926,117691
7927,117881
7928,118070
7929,118260
7930,118446
7931,118634
7932,118817
7933,119001
7934,119184
7935,119349
7936,119513
7937,119674
7938,119834
7939,119991
7940,120144
7941,120292
7942,120432
7943,120566
7944,120696
7945,120820
7946,120944
7947,121067
7948,121192
7949,121312
7950,121431
7951,121553
7952,121672
7953,121791
7954,121907
7955,122017
7956,122124
7957,122235
7958,122348
7959,122461
7960,122569
7961,122676
7962,122782
7963,122884
7964,122988
7965,123083
7966,123177
7967,123271
7968,123361
7969,123449
7970,123538
7971,123621
7972,123700
7973,123777
7974,123858
7975,123933
7976,124008
7977,124083
7978,124156
7979,124229
7980,124300
7981,124371
7982,124440
7983,124508
7984,124578
7985,124642
7986,124706
7987,124768
7988,124830
7989,124892
7990,124959
7991,125020
7992,125085
7993,125151
7994,125219
7995,125279
7996,125341
7997,125400
7998,125458
7999,125514
8000,125571
8001,125628
8002,125685
8003,125743
8004,125800
8005,125856
8006,125911
8007,125964
8008,126015
8009,126063
8010,126108
8011,126152
8012,126196
8013,126238
8014,126279
8015,126319
8016,126358
8017,126397
8018,126436
8019,126476
8020,126515
8021,126556
8022,126596
8023,126636
8024,126675
8025,126715
8026,126756
8027,126798
8028,126841
8029,126888
8030,126938
8031,126989
8032,127041
8033,127094
8034,127147
8035,127200
8036,127256
8037,127316
8038,127376
8039,127439
8040,127503
8041,127568
8042,127632
8043,127699
8044,127764
8045,127832
8046,127899
8047,127969
8048,128036
8049,128103
8050,128170
8051,128236
8052,128304
8053,128372
8054,128443
8055,128513
8056,128582
8057,128650
8058,128718
8059,128789
8060,128862
8061,128932
8062,129006
8063,129083
8064,129156
8065,129229
8066,129302
8067,129367
8068,129433
8069,129497
8070,129566
8071,129632
8072,129699
8073,129765
8074,129837
8075,129906
8076,129975
8077,130045
8078,130116
8079,130185
8080,130253
8081,130322
8082,130393
8083,130459
8084,130527
8085,130596
8086,130667
8087,130737
8088,130806
8089,130876
8090,130942
8091,131029
8092,131115
8093,131199
8094,131283
8095,131364
8096,131444
8097,131521
8098,131598
8099,131674
8100,131749
8101,131824
8102,131896
8103,131968
8104,132039
8105,132108
8106,132177
8107,132247
8108,132312
8109,132379
8110,132447
8111,132512
8112,132573
8113,132638
8114,132701
8115,132759
8116,132816
8117,132875
8118,132933
8119,132993
8120,133052
8121,133114
8122,133174
8123,133235
8124,133295
8125,133354
8126,133409
8127,133468
8128,133525
8129,133584
8130,133643
8131,133703
8132,133761
8133,133819
8134,133877
8135,133935
8136,133993
8137,134053
8138,134111
8139,134170
8140,134230
8141,134291
8142,134350
8143,134409
8144,134467
8145,134525
8146,134583
8147,134639
8148,134696
8149,134752
8150,134810
8151,134866
8152,134924
8153,134979
8154,135035
8155,135091
8156,135145
8157,135200
8158,135255
8159,135312
8160,135368
8161,135423
8162,135478
8163,135533
8164,135588
8165,135641
8166,135694
8167,135756
8168,135818
8169,135885
8170,135953
8171,136019
8172,136085
8173,136152
8174,136218
8175,136284
8176,136351
8177,136418
8178,136487
8179,136557
8180,136629
8181,136700
8182,136772
8183,136844
8184,136915
8185,136984
8186,137053
8187,137124
8188,137195
8189,137268
8190,137341
8191,137417
8192,137491
8193,137564
8194,137639
8195,137711
8196,137782
8197,137851
8198,137921
8199,137990
8200,138061
8201,138131
8202,138206
8203,138280
8204,138356
8205,138431
8206,138503
8207,138574
8208,138644
8209,138715
8210,138788
8211,138860
8212,138931
8213,139006
8214,139078
8215,139144
8216,139211
8217,139278
8218,139347
8219,139417
8220,139487
8221,139562
8222,139637
8223,139712
8224,139787
8225,139859
8226,139934
8227,140010
8228,140086
8229,140165
8230,140244
8231,140327
8232,140414
8233,140499
8234,140586
8235,140668
8236,140751
8237,140835
8238,140926
8239,141022
8240,141117
8241,141212
8242,141306
8243,141403
8244,141509
8245,141607
8246,141705
8247,141803
8248,141898
8249,141994
8250,142095
8251,142197
8252,142304
8253,142408
8254,142516
8255,142617
8256,142722
8257,142828
8258,142936
8259,143041
8260,143148
8261,143255
8262,143360
8263,143467
8264,143577
8265,143680
8266,143786
8267,143893
8268,144002
8269,144111
8270,144219
8271,144321
8272,144422
8273,144517
8274,144616
8275,144710
8276,144803
8277,144899
8278,144995
8279,145090
8280,145180
8281,145273
8282,145366
8283,145459
8284,145554
8285,145642
8286,145731
8287,145819
8288,145904
8289,145989
8290,146071
8291,146153
8292,146233
8293,146316
8294,146398
8295,146476
8296,146554
8297,146632
8298,146711
8299,146792
8300,146876
8301,146956
8302,147040
8303,147126
8304,147213
8305,147297
8306,147381
8307,147465
8308,147550
8309,147640
8310,147730
8311,147819
8312,147907
8313,147993
8314,148076
8315,148154
8316,148233
8317,148311
8318,148390
8319,148475
8320,148559
8321,148640
8322,148721
8323,148802
8324,148882
8325,148960
8326,149038
8327,149116
8328,149196
8329,149276
8330,149357
8331,149438
8332,149521
8333,149603
8334,149681
8335,149754
8336,149828
8337,149902
8338,149976
8339,150053
8340,150130
8341,150208
8342,150287
8343,150361
8344,150437
8345,150509
8346,150581
8347,150656
8348,150731
8349,150803
8350,150877
8351,150952
8352,151028
8353,151107
8354,151184
8355,151262
8356,151338
8357,151417
8358,151497
8359,151578
8360,151664
8361,151749
8362,151834
8363,151918
8364,152004
8365,152088
8366,152172
8367,152258
8368,152343
8369,152430
8370,152519
8371,152609
8372,152700
8373,152793
8374,152889
8375,152979
8376,153069
8377,153155
8378,153246
8379,153340
8380,153436
8381,153529
8382,153624
8383,153716
8384,153810
8385,153900
8386,153990
8387,154082
8388,154176
8389,154270
8390,154366
8391,154463
8392,154560
8393,154657
8394,154756
8395,154854
8396,154952
8397,155047
8398,155144
8399,155238
8400,155331
8401,155423
8402,155508
8403,155599
8404,155688
8405,155771
8406,155852
8407,155932
8408,156012
8409,156088
8410,156164
8411,156242
8412,156322
8413,156404
8414,156483
8415,156559
8416,156636
8417,156714
8418,156792
8419,156871
8420,156949
8421,157025
8422,157102
8423,157183
8424,157263
8425,157339
8426,157414
8427,157486
8428,157561
8429,157635
8430,157708
8431,157783
8432,157860
8433,157936
8434,158015
8435,158092
8436,158166
8437,158241
8438,158317
8439,158391
8440,158466
8441,158541
8442,158613
8443,158679
8444,158746
8445,158810
8446,158874
8447,158938
8448,159002
8449,159067
8450,159134
8451,159199
8452,159263
8453,159328
8454,159396
8455,159458
8456,159521
8457,159584
8458,159648
8459,159711
8460,159778
8461,159845
8462,159910
8463,159975
8464,160038
8465,160099
8466,160162
8467,160223
8468,160285
8469,160344
8470,160401
8471,160459
8472,160517
8473,160573
8474,160630
8475,160684
8476,160740
8477,160793
8478,160848
8479,160906
8480,160964
8481,161028
8482,161094
8483,161162
8484,161230
8485,161294
8486,161359
8487,161424
8488,161487
8489,161551
8490,161613
8491,161671
8492,161728
8493,161785
8494,161842
8495,161893
8496,161942
8497,161991
8498,162038
8499,162087
8500,162135
8501,162179
8502,162224
8503,162267
8504,162306
8505,162345
8506,162382
8507,162416
8508,162449
8509,162479
8510,162510
8511,162540
8512,162569
8513,162600
8514,162632
8515,162662
8516,162690
8517,162716
8518,162739
8519,162762
8520,162783
8521,162802
8522,162820
8523,162836
8524,162851
8525,162865
8526,162878
8527,162891
8528,162906
8529,162920
8530,162933
8531,162946
8532,162958
8533,162967
8534,162976
8535,162983
8536,162988
8537,162994
8538,162999
8539,163003
8540,163006
8541,163008
8542,163009
8543,163010
8544,163011
8545,163012
8546,163013
8547,163014
8548,163015
8549,163016
8550,163017
8551,163018
8552,163019
8553,163020
8554,163021
8555,163021
8556,163021
8557,163021
8558,163021
8559,163021
8560,163021
8561,163021
8562,163021
8563,163021
8564,163021
8565,163021
8566,163021
8567,163021
8568,163021
8569,163021
8570,163021
8571,163021
8572,163021
8573,163021
8574,163021
8575,163021
8576,163021
8577,163021
8578,163021
8579,163021
8580,163021
8581,163021
8582,163021
8583,163021
8584,163021
8585,163021
8586,163021
8587,163021
8588,163021
8589,163021
8590,163021
8591,163021
8592,163021
8593,163021
8594,163021
8595,163021
8596,163021
8597,163021
8598,163021
8599,163021
8600,163021
8601,163021
8602,163021
8603,163021
8604,163021
8605,163021
8606,163021
8607,163021
8608,163021
8609,163021
8610,163021
8611,163021
8612,163021
8613,163021
8614,163021
8615,163021
8616,163021
8617,163021
8618,163021
8619,163021
8620,163021
8621,163021
8622,163021
8623,163021
8624,163021
8625,163021
8626,163021
8627,163021
8628,163021
8629,163021
8630,163021
8631,163021
8632,163021
8633,163021
8634,163021
8635,163021
8636,163021
8637,163021
8638,163021
8639,163021
8640,163021
8641,163021
8642,163021
8643,163021
8644,163021
8645,163021
8646,163021
8647,163021
8648,163021
8649,163021
8650,163021
8651,163021
8652,163021
8653,163021
8654,163021
8655,163021
8656,163021
8657,163021
8658,163021
8659,163021
8660,163021
8661,163021
8662,163021
8663,163021
8664,163021
8665,163021
8666,163021
8667,163021
8668,163021
8669,163021
8670,163021
8671,163021
8672,163021
8673,163021
8674,163021
8675,163021
8676,163021
8677,163021
8678,163021
8679,163021
8680,163021
8681,163021
8682,163021
8683,163021
8684,163021
8685,163021
8686,163021
8687,163021
8688,163021
8689,163021
8690,163021
8691,163021
8692,163021
8693,163021
8694,163021
8695,163021
8696,163021
8697,163021
8698,163021
8699,163021
8700,163021
8701,163021
8702,163021
8703,163021
8704,163021
8705,163021
8706,163021
8707,163021
8708,163021
8709,163021
8710,163021
8711,163021
8712,163021
8713,163021
8714,163021
8715,163021
8716,163021
8717,163021
8718,163021
8719,163021
8720,163021
8721,163021
8722,163021
8723,163021
8724,163021
8725,163021
8726,163021
8727,163021
8728,163021
8729,163021
8730,163021
8731,163021
8732,163021
8733,163021
8734,163021
8735,163021
8736,163021
8737,163021
8738,163021
8739,163021
8740,163021
8741,163021
8742,163021
8743,163021
8744,163021
8745,163021
8746,163021
8747,163021
8748,163021
8749,163021
8750,163021
8751,163021
8752,163021
8753,163021
8754,163021
8755,163021
8756,163021
8757,163021
8758,163021
8759,163021
8760,163021
8761,163021
8762,163021
8763,163021
8764,163021
8765,163021
8766,163021
8767,163021
8768,163021
8769,163021
8770,163021
8771,163021
8772,163021
8773,163021
8774,163021
8775,163021
8776,163021
8777,163021
8778,163021
8779,163021
8780,163021
8781,163021
8782,163021
8783,163021
8784,163021
8785,163021
8786,163021
8787,163021
8788,163021
8789,163021
8790,163021
8791,163021
8792,163021
8793,163021
8794,163021
8795,163021
8796,163021
8797,163021
8798,163021
8799,163021
8800,163021
8801,163021
8802,163021
8803,163021
8804,163021
8805,163021
8806,163021
8807,163021
8808,163021
8809,163021
8810,163021
8811,163021
8812,163021
8813,163021
8814,163021
8815,163021
8816,163021
8817,163021
8818,163021
8819,163021
8820,163021
8821,163021
8822,163021
8823,163021
8824,163021
8825,163021
8826,163021
8827,163021
8828,163021
8829,163021
8830,163021
8831,163021
8832,163021
8833,163021
8834,163021
8835,163021
8836,163021
8837,163021
8838,163021
8839,163021
8840,163021
8841,163021
8842,163021
8843,163021
8844,163021
8845,163021
8846,163021
8847,163021
8848,163021
8849,163021
8850,163021
8851,163021
8852,163021
8853,163021
8854,163021
8855,163021
8856,163021
8857,163021
8858,163021
8859,163021
8860,163021
8861,163021
8862,163021
8863,163021
8864,163021
8865,163021
8866,163021
8867,163021
8868,163021
8869,163021
8870,163021
8871,163021
8872,163021
8873,163021
8874,163021
8875,163021
8876,163021
8877,163021
8878,163021
8879,163021
8880,163021
8881,163021
8882,163021
8883,163021
8884,163021
8885,163021
8886,163021
8887,163021
8888,163021
8889,163021
8890,163021
8891,163021
8892,163021
8893,163021
8894,163021
8895,163021
8896,163021
8897,163021
8898,163021
8899,163021
8900,163021
8901,163021
8902,163021
8903,163021
8904,163021
8905,163021
8906,163021
8907,163021
8908,163021
8909,163021
8910,163021
8911,163021
8912,163021
8913,163021
8914,163021
8915,163021
8916,163021
8917,163021
8918,163021
8919,163021
8920,163021
8921,163021
8922,163021
8923,163021
8924,163021
8925,163021
8926,163021
8927,163021
8928,163021
8929,163021
8930,163021
8931,163021
8932,163021
8933,163021
8934,163021
8935,163021
8936,163021
8937,163021
8938,163021
8939,163021
8940,163021
8941,163021
8942,163021
8943,163021
8944,163021
8945,163021
8946,163021
8947,163021
8948,163021
8949,163021
8950,163021
8951,163021
8952,163021
8953,163021
8954,163021
8955,163021
8956,163021
8957,163021
8958,163021
8959,163021
8960,163021
8961,163021
8962,163021
8963,163021
8964,163021
8965,163021
8966,163021
8967,163021
8968,163021
8969,163021
8970,163021
8971,163021
8972,163021
8973,163021
8974,163021
8975,163021
8976,163021
8977,163021
8978,163021
8979,163021
8980,163021
8981,163021
8982,163021
8983,163021
8984,163021
8985,163021
8986,163021
8987,163021
8988,163021
8989,163021
8990,163021
8991,163021
8992,163021
8993,163021
8994,163021
8995,163021
8996,163021
8997,163021
8998,163021
8999,163021
9000,163021
9001,163021
9002,163021
9003,163021
9004,163021
9005,163021
9006,163021
9007,163021
9008,163021
9009,163021
9010,163021
9011,163021
9012,163021
9013,163021
9014,163021
9015,163021
9016,163021
9017,163021
9018,163021
9019,163021
9020,163021
9021,163021
9022,163021
9023,163021
9024,163021
9025,163021
9026,163021
9027,163021
9028,163021
9029,163021
9030,163021
9031,163021
9032,163021
9033,163021
9034,163021
9035,163021
9036,163021
9037,163021
9038,163021
9039,163021
9040,163021
9041,163021
9042,163021
9043,163021
9044,163021
9045,163021
9046,163021
9047,163021
9048,163021
9049,163021
9050,163021
9051,163021
9052,163021
9053,163021
9054,163021
9055,163021
9056,163021
9057,163021
9058,163021
9059,163021
9060,163021
9061,163021
9062,163021
9063,163021
9064,163021
9065,163021
9066,163021
9067,163021
9068,163021
9069,163021
9070,163021
9071,163021
9072,163021
9073,163021
9074,163021
9075,163021
9076,163021
9077,163021
9078,163021
9079,163021
9080,163021
9081,163021
9082,163021
9083,163021
9084,163021
9085,163021
9086,163021
9087,163021
9088,163021
9089,163021
9090,163021
9091,163021
9092,163021
9093,163021
9094,163021
9095,163021
9096,163021
9097,163021
9098,163021
9099,163021
9100,163021
9101,163021
9102,163021
9103,163021
9104,163021
9105,163021
9106,163021
9107,163021
9108,163021
9109,163021
9110,163021
9111,163021
9112,163021
9113,163021
9114,163021
9115,163021
9116,163021
9117,163021
9118,163021
9119,163021
9120,163021
9121,163021
9122,163021
9123,163021
9124,163021
9125,163021
9126,163021
9127,163021
9128,163021
9129,163021
9130,163021
9131,163021
9132,163021
9133,163021
9134,163021
9135,163021
9136,163021
9137,163021
9138,163021
9139,163021
9140,163021
9141,163021
9142,163021
9143,163021
9144,163021
9145,163021
9146,163021
9147,163021
9148,163021
9149,163021
9150,163021
9151,163021
9152,163021
9153,163021
9154,163021
9155,163021
9156,163021
9157,163021
9158,163021
9159,163021
9160,163021
9161,163021
9162,163021
9163,163021
9164,163021
9165,163021
9166,163021
9167,163021
9168,163021
9169,163021
9170,163021
9171,163021
9172,163021
9173,163021
9174,163021
9175,163021
9176,163021
9177,163021
9178,163021
9179,163021
9180,163021
9181,163021
9182,163021
9183,163021
9184,163021
9185,163021
9186,163021
9187,163021
9188,163021
9189,163021
9190,163021
9191,163021
9192,163021
9193,163021
9194,163021
9195,163021
9196,163021
9197,163021
9198,163021
9199,163021
9200,163021
9201,163021
9202,163021
9203,163021
9204,163021
9205,163021
9206,163021
9207,163021
9208,163021
9209,163021
9210,163021
9211,163021
9212,163021
9213,163021
9214,163021
9215,163021
9216,163021
9217,163021
9218,163021
9219,163021
9220,163021
9221,163021
9222,163021
9223,163021
9224,163021
9225,163021
9226,163021
9227,163021
9228,163021
9229,163021
9230,163021
9231,163021
9232,163021
9233,163021
9234,163021
9235,163021
9236,163021
9237,163021
9238,163021
9239,163021
9240,163021
9241,163021
9242,163021
9243,163021
9244,163021
9245,163021
9246,163021
9247,163021
9248,163021
9249,163021
9250,163021
9251,163021
9252,163021
9253,163021
9254,163021
9255,163021
9256,163021
9257,163021
9258,163021
9259,163021
9260,163021
9261,163021
9262,163021
9263,163021
9264,163021
9265,163021
9266,163021
9267,163021
9268,163021
9269,163021
9270,163021
9271,163021
9272,163021
9273,163021
9274,163021
9275,163021
9276,163021
9277,163021
9278,163021
9279,163021
9280,163021
9281,163021
9282,163021
9283,163021
9284,163021
9285,163021
9286,163021
9287,163021
9288,163021
9289,163021
9290,163021
9291,163021
9292,163021
9293,163021
9294,163021
9295,163021
9296,163021
9297,163021
9298,163021
9299,163021
9300,163021
9301,163021
9302,163021
9303,163021
9304,163021
9305,163021
9306,163021
9307,163021
9308,163021
9309,163021
9310,163021
9311,163021
9312,163021
9313,163021
9314,163021
9315,163021
9316,163021
9317,163021
9318,163021
9319,163021
9320,163021
9321,163021
9322,163021
9323,163021
9324,163021
9325,163021
9326,163021
9327,163021
9328,163021
9329,163021
9330,163021
9331,163021
9332,163021
9333,163021
9334,163021
9335,163021
9336,163021
9337,163021
9338,163021
9339,163021
9340,163021
9341,163021
9342,163021
9343,163021
9344,163021
9345,163021
9346,163021
9347,163021
9348,163021
9349,163021
9350,163021
9351,163021
9352,163021
9353,163021
9354,163021
9355,163021
9356,163021
9357,163021
9358,163021
9359,163021
9360,163021
9361,163021
9362,163021
9363,163021
9364,163021
9365,163021
9366,163021
9367,163021
9368,163021
9369,163021
9370,163021
9371,163021
9372,163021
9373,163021
9374,163021
9375,163021
9376,163021
9377,163021
9378,163021
9379,163021
9380,163021
9381,163021
9382,163021
9383,163021
9384,163021
9385,163021
9386,163021
9387,163021
9388,163021
9389,163021
9390,163021
9391,163021
9392,163021
9393,163021
9394,163021
9395,163021
9396,163021
9397,163021
9398,163021
9399,163021
9400,163021
9401,163021
9402,163021
9403,163021
9404,163021
9405,163021
9406,163021
9407,163021
9408,163021
9409,163021
9410,163021
9411,163021
9412,163021
9413,163021
9414,163021
9415,163021
9416,163021
9417,163021
9418,163021
9419,163021
9420,163021
9421,163021
9422,163021
9423,163021
9424,163021
9425,163021
9426,163021
9427,163021
9428,163021
9429,163021
9430,163021
9431,163021
9432,163021
9433,163021
9434,163021
9435,163021
9436,163021
9437,163021
9438,163021
9439,163021
9440,163021
9441,163021
9442,163021
9443,163021
9444,163021
9445,163021
9446,163021
9447,163021
9448,163021
9449,163021
9450,163021
9451,163021
9452,163021
9453,163021
9454,163021
9455,163021
9456,163021
9457,163021
9458,163021
9459,163021
9460,163021
9461,163021
9462,163021
9463,163021
9464,163021
9465,163021
9466,163021
9467,163021
9468,163021
9469,163021
9470,163021
9471,163021
9472,163021
9473,163021
9474,163021
9475,163021
9476,163021
9477,163021
9478,163021
9479,163021
9480,163021
9481,163021
9482,163021
9483,163021
9484,163021
9485,163021
9486,163021
9487,163021
9488,163021
9489,163021
9490,163021
9491,163021
9492,163021
9493,163021
9494,163021
9495,163021
9496,163021
9497,163021
9498,163021
9499,163021
9500,163021
9501,163021
9502,163021
9503,163021
9504,163021
9505,163021
9506,163021
9507,163021
9508,163021
9509,163021
9510,163021
9511,163021
9512,163021
9513,163021
9514,163021
9515,163021
9516,163021
9517,163021
9518,163021
9519,163021
9520,163021
9521,163021
9522,163021
9523,163021
9524,163021
9525,163021
9526,163021
9527,163021
9528,163021
9529,163021
9530,163021
9531,163021
9532,163021
9533,163021
9534,163021
9535,163021
9536,163021
9537,163021
9538,163021
9539,163021
9540,163021
9541,163021
9542,163021
9543,163021
9544,163021
9545,163021
9546,163021
9547,163021
9548,163021
9549,163021
9550,163021
9551,163021
9552,163021
9553,163021
9554,163021
9555,163021
9556,163021
9557,163021
9558,163021
9559,163021
9560,163021
9561,163021
9562,163021
9563,163021
9564,163021
9565,163021
9566,163021
9567,163021
9568,163021
9569,163021
9570,163021
9571,163021
9572,163021
9573,163021
9574,163021
9575,163021
9576,163021
9577,163021
9578,163021
9579,163021
9580,163021
9581,163021
9582,163021
9583,163021
9584,163021
9585,163021
9586,163021
9587,163021
9588,163021
9589,163021
9590,163021
9591,163021
9592,163021
9593,163021
9594,163021
9595,163021
9596,163021
9597,163021
9598,163021
9599,163021
9600,163021
9601,163021
9602,163021
9603,163021
9604,163021
9605,163021
9606,163021
9607,163021
9608,163021
9609,163021
9610,163021
9611,163021
9612,163021
9613,163021
9614,163021
9615,163021
9616,163021
9617,163021
9618,163021
9619,163021
9620,163021
9621,163021
9622,163021
9623,163021
9624,163021
9625,163021
9626,163021
9627,163021
9628,163021
9629,163021
9630,163021
9631,163021
9632,163021
9633,163021
9634,163021
9635,163021
9636,163021
9637,163021
9638,163021
9639,163021
9640,163021
9641,163021
9642,163021
9643,163021
9644,163021
9645,163021
9646,163021
9647,163021
9648,163021
9649,163021
9650,163021
9651,163021
9652,163021
9653,163021
9654,163021
9655,163021
9656,163021
9657,163021
9658,163021
9659,163021
9660,163021
9661,163021
9662,163021
9663,163021
9664,163021
9665,163021
9666,163021
9667,163021
9668,163021
9669,163021
9670,163021
9671,163021
9672,163021
9673,163021
9674,163021
9675,163021
9676,163021
9677,163021
9678,163021
9679,163021
9680,163021
9681,163021
9682,163021
9683,163021
9684,163021
9685,163021
9686,163021
9687,163021
9688,163021
9689,163021
9690,163021
9691,163021
9692,163021
9693,163021
9694,163021
9695,163021
9696,163021
9697,163021
9698,163021
9699,163021
9700,163021
9701,163021
9702,163021
9703,163021
9704,163021
9705,163021
9706,163021
9707,163021
9708,163021
9709,163021
9710,163021
9711,163021
9712,163021
9713,163021
9714,163021
9715,163021
9716,163021
9717,163021
9718,163021
9719,163021
9720,163021
9721,163021
9722,163021
9723,163021
9724,163021
9725,163021
9726,163021
9727,163021
9728,163021
9729,163021
9730,163021
9731,163021
9732,163021
9733,163021
9734,163021
9735,163021
9736,163021
9737,163021
9738,163021
9739,163021
9740,163021
9741,163021
9742,163021
9743,163021
9744,163021
9745,163021
9746,163021
9747,163021
9748,163021
9749,163021
9750,163021
9751,163021
9752,163021
9753,163021
9754,163021
9755,163021
9756,163021
9757,163021
9758,163021
9759,163021
9760,163021
9761,163021
9762,163021
9763,163021
9764,163021
9765,163021
9766,163021
9767,163021
9768,163021
9769,163021
9770,163021
9771,163021
9772,163021
9773,163021
9774,163021
9775,163021
9776,163021
9777,163021
9778,163021
9779,163021
9780,163021
9781,163021
9782,163021
9783,163021
9784,163021
9785,163021
9786,163021
9787,163021
9788,163021
9789,163021
9790,163021
9791,163021
9792,163021
9793,163021
9794,163021
9795,163021
9796,163021
9797,163021
9798,163021
9799,163021
9800,163021
9801,163021
9802,163021
9803,163021
9804,163021
9805,163021
9806,163021
9807,163021
9808,163021
9809,163021
9810,163021
9811,163021
9812,163021
9813,163021
9814,163021
9815,163021
9816,163021
9817,163021
9818,163021
9819,163021
9820,163021
9821,163021
9822,163021
9823,163021
9824,163021
9825,163021
9826,163021
9827,163021
9828,163021
9829,163021
9830,163021
9831,163021
9832,163021
9833,163021
9834,163021
9835,163021
9836,163021
9837,163021
9838,163021
9839,163021
9840,163021
9841,163021
9842,163021
9843,163021
9844,163021
9845,163021
9846,163021
9847,163021
9848,163021
9849,163021
9850,163021
9851,163021
9852,163021
9853,163021
9854,163021
9855,163021
9856,163021
9857,163021
9858,163021
9859,163021
9860,163021
9861,163021
9862,163021
9863,163021
9864,163021
9865,163021
9866,163021
9867,163021
9868,163021
9869,163021
9870,163021
9871,163021
9872,163021
9873,163021
9874,163021
9875,163021
9876,163021
9877,163021
9878,163021
9879,163021
9880,163021
9881,163021
9882,163021
9883,163021
9884,163021
9885,163021
9886,163021
9887,163021
9888,163021
9889,163021
9890,163021
9891,163021
9892,163021
9893,163021
9894,163021
9895,163021
9896,163021
9897,163021
9898,163021
9899,163021
9900,163021
9901,163021
9902,163021
9903,163021
9904,163021
9905,163021
9906,163021
9907,163021
9908,163021
9909,163021
9910,163021
9911,163021
9912,163021
9913,163021
9914,163021
9915,163021
9916,163021
9917,163021
9918,163021
9919,163021
9920,163021
9921,163021
9922,163021
9923,163021
9924,163021
9925,163021
9926,163021
9927,163021
9928,163021
9929,163021
9930,163021
9931,163021
9932,163021
9933,163021
9934,163021
9935,163021
9936,163021
9937,163021
9938,163021
9939,163021
9940,163021
9941,163021
9942,163021
9943,163021
9944,163021
9945,163021
9946,163021
9947,163021
9948,163021
9949,163021
9950,163021
9951,163021
9952,163021
9953,163021
9954,163021
9955,163021
9956,163021
9957,163021
9958,163021
9959,163021
9960,163021
9961,163021
9962,163021
9963,163021
9964,163021
9965,163021
9966,163021
9967,163021
9968,163021
9969,163021
9970,163021
9971,163021
9972,163021
9973,163021
9974,163021
9975,163021
9976,163021
9977,163021
9978,163021
9979,163021
9980,163021
9981,163021
9982,163021
9983,163021
9984,163021
9985,163021
9986,163021
9987,163021
9988,163021
9989,163021
9990,163021
9991,163021
9992,163021
9993,163021
9994,163021
9995,163021
9996,163021
9997,163021
9998,163021
9999,163021
10000,163021
10001,163021
10002,163021
10003,163021
10004,163021
10005,163021
10006,163021
10007,163021
10008,163021
10009,163021
10010,163021
10011,163021
10012,163021
10013,163021
10014,163021
10015,163021
10016,163021
10017,163021
10018,163021
10019,163021
10020,163021
10021,163021
10022,163021
10023,163021
10024,163021
10025,163021
10026,163021
10027,163021
10028,163021
10029,163021
10030,163021
10031,163021
10032,163021
10033,163021
10034,163021
10035,163021
10036,163021
10037,163021
10038,163021
10039,163021
10040,163021
10041,163021
10042,163021
10043,163021
10044,163021
10045,163021
10046,163021
10047,163021
10048,163021
10049,163021
10050,163021
10051,163021
10052,163021
10053,163021
10054,163021
10055,163021
10056,163021
10057,163021
10058,163021
10059,163021
10060,163021
10061,163021
10062,163021
10063,163021
10064,163021
10065,163021
10066,163021
10067,163021
10068,163021
10069,163021
10070,163021
10071,163021
10072,163021
10073,163021
10074,163021
10075,163021
10076,163021
10077,163021
10078,163021
10079,163021
10080,163021
10081,163021
10082,163021
10083,163021
10084,163021
10085,163021
10086,163021
10087,163021
10088,163021
10089,163021
10090,163021
10091,163021
10092,163021
10093,163021
10094,163021
10095,163021
10096,163021
10097,163021
10098,163021
10099,163021
10100,163021
10101,163021
10102,163021
10103,163021
10104,163021
10105,163021
10106,163021
10107,163021
10108,163021
10109,163021
10110,163021
10111,163021
10112,163021
10113,163021
10114,163021
10115,163021
10116,163021
10117,163021
10118,163021
10119,163021
10120,163021
10121,163021
10122,163021
10123,163021
10124,163021
10125,163021
10126,163021
10127,163021
10128,163021
10129,163021
10130,163021
10131,163021
10132,163021
10133,163021
10134,163021
10135,163021
10136,163021
10137,163021
10138,163021
10139,163021
10140,163021
10141,163021
10142,163021
10143,163021
10144,163021
10145,163021
10146,163021
10147,163021
10148,163021
10149,163021
10150,163021
10151,163021
10152,163021
10153,163021
10154,163021
10155,163021
10156,163021
10157,163021
10158,163021
10159,163021
10160,163021
10161,163021
10162,163021
10163,163021
10164,163021
10165,163021
10166,163021
10167,163021
10168,163021
10169,163021
10170,163021
10171,163021
10172,163021
10173,163021
10174,163021
10175,163021
10176,163021
10177,163021
10178,163021
10179,163021
10180,163021
10181,163021
10182,163021
10183,163021
10184,163021
10185,163021
10186,163021
10187,163021
10188,163021
10189,163021
10190,163021
10191,163021
10192,163021
10193,163021
10194,163021
10195,163021
10196,163021
10197,163021
10198,163021
10199,163021
10200,163021
10201,163021
10202,163021
10203,163021
10204,163021
10205,163021
10206,163021
10207,163021
10208,163021
10209,163021
10210,163021
10211,163021
10212,163021
10213,163021
10214,163021
10215,163021
10216,163021
10217,163021
10218,163021
10219,163021
10220,163021
10221,163021
10222,163021
10223,163021
10224,163021
10225,163021
10226,163021
10227,163021
10228,163021
10229,163021
10230,163021
10231,163021
10232,163021
10233,163021
10234,163021
10235,163021
10236,163021
10237,163021
10238,163021
10239,163021
10240,163021
10241,163021
10242,163021
10243,163021
10244,163021
10245,163021
10246,163021
10247,163021
10248,163021
10249,163021
10250,163021
10251,163021
10252,163021
10253,163021
10254,163021
10255,163021
10256,163021
10257,163021
10258,163021
10259,163021
10260,163021
10261,163021
10262,163021
10263,163021
10264,163021
10265,163021
10266,163021
10267,163021
10268,163021
10269,163021
10270,163021
10271,163021
10272,163021
10273,163021
10274,163021
10275,163021
10276,163021
10277,163021
10278,163021
10279,163021
10280,163021
10281,163021
10282,163021
10283,163021
10284,163021
10285,163021
10286,163021
10287,163021
10288,163021
10289,163021
10290,163021
10291,163021
10292,163021
10293,163021
10294,163021
10295,163021
10296,163021
10297,163021
10298,163021
10299,163021
10300,163021
10301,163021
10302,163021
10303,163021
10304,163021
10305,163021
10306,163021
10307,163021
10308,163021
10309,163021
10310,163021
10311,163021
10312,163021
10313,163021
10314,163021
10315,163021
10316,163021
10317,163021
10318,163021
10319,163021
10320,163021
10321,163021
10322,163021
10323,163021
10324,163021
10325,163021
10326,163021
10327,163021
10328,163021
10329,163021
10330,163021
10331,163021
10332,163021
10333,163021
10334,163021
10335,163021
10336,163021
10337,163021
10338,163021
10339,163021
10340,163021
10341,163021
10342,163021
10343,163021
10344,163021
10345,163021
10346,163021
10347,163021
10348,163021
10349,163021
10350,163021
10351,163021
10352,163021
10353,163021
10354,163021
10355,163021
10356,163021
10357,163021
10358,163021
10359,163021
10360,163021
10361,163021
10362,163021
10363,163021
10364,163021
10365,163021
10366,163021
10367,163021
10368,163021
10369,163021
10370,163021
10371,163021
10372,163021
10373,163021
10374,163021
10375,163021
10376,163021
10377,163021
10378,163021
10379,163021
10380,163021
10381,163021
10382,163021
10383,163021
10384,163021
10385,163021
10386,163021
10387,163021
10388,163021
10389,163021
10390,163021
10391,163021
10392,163021
10393,163021
10394,163021
10395,163021
10396,163021
10397,163021
10398,163021
10399,163021
10400,163021
10401,163021
10402,163021
10403,163021
10404,163021
10405,163021
10406,163021
10407,163021
10408,163021
10409,163021
10410,163021
10411,163021
10412,163021
10413,163021
10414,163021
10415,163021
10416,163021
10417,163021
10418,163021
10419,163021
10420,163021
10421,163021
10422,163021
10423,163021
10424,163021
10425,163021
10426,163021
10427,163021
10428,163021
10429,163021
10430,163021
10431,163021
10432,163021
10433,163021
10434,163021
10435,163021
10436,163021
10437,163021
10438,163021
10439,163021
10440,163021
10441,163021
10442,163021
10443,163021
10444,163021
10445,163021
10446,163021
10447,163021
10448,163021
10449,163021
10450,163021
10451,163021
10452,163021
10453,163021
10454,163021
10455,163021
10456,163021
10457,163021
10458,163021
10459,163021
10460,163021
10461,163021
10462,163021
10463,163021
10464,163021
10465,163021
10466,163021
10467,163021
10468,163021
10469,163021
10470,163021
10471,163021
10472,163021
10473,163021
10474,163021
10475,163021
10476,163021
10477,163021
10478,163021
10479,163021
10480,163021
10481,163021
10482,163021
10483,163021
10484,163021
10485,163021
10486,163021
10487,163021
10488,163021
10489,163021
10490,163021
10491,163021
10492,163021
10493,163021
10494,163021
10495,163021
10496,163021
10497,163021
10498,163021
10499,163021
10500,163021
10501,163021
10502,163021
10503,163021
10504,163021
10505,163021
10506,163021
10507,163021
10508,163021
10509,163021
10510,163021
10511,163021
10512,163021
10513,163021
10514,163021
10515,163021
10516,163021
10517,163021
10518,163021
10519,163021
10520,163021
10521,163021
10522,163021
10523,163021
10524,163021
10525,163021
10526,163021
10527,163021
10528,163021
10529,163021
10530,163021
10531,163021
10532,163021
10533,163021
10534,163021
10535,163021
10536,163021
10537,163021
10538,163021
10539,163021
10540,163021
10541,163021
10542,163021
10543,163021
10544,163021
10545,163021
10546,163021
10547,163021
10548,163021
10549,163021
10550,163021
10551,163021
10552,163021
10553,163021
10554,163021
10555,163021
10556,163021
10557,163021
10558,163021
10559,163021
10560,163021
10561,163021
10562,163021
10563,163021
10564,163021
10565,163021
10566,163021
10567,163021
10568,163021
10569,163021
10570,163021
10571,163021
10572,163021
10573,163021
10574,163021
10575,163021
10576,163021
10577,163021
10578,163021
10579,163021
10580,163021
10581,163021
10582,163021
10583,163021
10584,163021
10585,163021
10586,163021
10587,163021
10588,163021
10589,163021
10590,163021
10591,163021
10592,163021
10593,163021
10594,163021
10595,163021
10596,163021
10597,163021
10598,163021
10599,163021
10600,163021
10601,163021
10602,163021
10603,163021
10604,163021
10605,163021
10606,163021
10607,163021
10608,163021
10609,163021
10610,163021
10611,163021
10612,163021
10613,163021
10614,163021
10615,163021
10616,163021
10617,163021
10618,163021
10619,163021
10620,163021
10621,163021
10622,163021
10623,163021
10624,163021
10625,163021
10626,163021
10627,163021
10628,163021
10629,163021
10630,163021
10631,163021
10632,163021
10633,163021
10634,163021
10635,163021
10636,163021
10637,163021
10638,163021
10639,163021
10640,163021
10641,163021
10642,163021
10643,163021
10644,163021
10645,163021
10646,163021
10647,163021
10648,163021
10649,163021
10650,163021
10651,163021
10652,163021
10653,163021
10654,163021
10655,163021
10656,163021
10657,163021
10658,163021
10659,163021
10660,163021
10661,163021
10662,163021
10663,163021
10664,163021
10665,163021
10666,163021
10667,163021
10668,163021
10669,163021
10670,163021
10671,163021
10672,163021
10673,163021
10674,163021
10675,163021
10676,163021
10677,163021
10678,163021
10679,163021
10680,163021
10681,163021
10682,163021
10683,163021
10684,163021
10685,163021
10686,163021
10687,163021
10688,163021
10689,163021
10690,163021
10691,163021
10692,163021
10693,163021
10694,163021
10695,163021
10696,163021
10697,163021
10698,163021
10699,163021
10700,163021
10701,163021
10702,163021
10703,163021
10704,163021
10705,163021
10706,163021
10707,163021
10708,163021
10709,163021
10710,163021
10711,163021
10712,163021
10713,163021
10714,163021
10715,163021
10716,163021
10717,163021
10718,163021
10719,163021
10720,163021
10721,163021
10722,163021
10723,163021
10724,163021
10725,163021
10726,163021
10727,163021
10728,163021
10729,163021
10730,163021
10731,163021
10732,163021
10733,163021
10734,163021
10735,163021
10736,163021
10737,163021
10738,163021
10739,163021
10740,163021
10741,163021
10742,163021
10743,163021
10744,163021
10745,163021
10746,163021
10747,163021
10748,163021
10749,163021
10750,163021
10751,163021
10752,163021
10753,163021
10754,163021
10755,163021
10756,163021
10757,163021
10758,163021
10759,163021
10760,163021
10761,163021
10762,163021
10763,163021
10764,163021
10765,163021
10766,163021
10767,163021
10768,163021
10769,163021
10770,163021
10771,163021
10772,163021
10773,163021
10774,163021
10775,163021
10776,163021
10777,163021
10778,163021
10779,163021
10780,163021
10781,163021
10782,163021
10783,163021
10784,163021
10785,163021
10786,163021
10787,163021
10788,163021
10789,163021
10790,163021
10791,163021
10792,163021
10793,163021
10794,163021
10795,163021
10796,163021
10797,163021
10798,163021
10799,163021
10800,163021
10801,163021
10802,163021
10803,163021
10804,163021
10805,163021
10806,163021
10807,163021
10808,163021
10809,163021
10810,163021
10811,163021
10812,163021
10813,163021
10814,163021
10815,163021
10816,163021
10817,163021
10818,163021
10819,163021
10820,163021
10821,163021
10822,163021
10823,163021
10824,163021
10825,163021
10826,163021
10827,163021
10828,163021
10829,163021
10830,163021
10831,163021
10832,163021
10833,163021
10834,163021
10835,163021
10836,163021
10837,163021
10838,163021
10839,163021
10840,163021
10841,163021
10842,163021
10843,163021
10844,163021
10845,163021
10846,163021
10847,163021
10848,163021
10849,163021
10850,163021
10851,163021
10852,163021
10853,163021
10854,163021
10855,163021
10856,163021
10857,163021
10858,163021
10859,163021
10860,163021
10861,163021
10862,163021
10863,163021
10864,163021
10865,163021
10866,163021
10867,163021
10868,163021
10869,163021
10870,163021
10871,163021
10872,163021
10873,163021
10874,163021
10875,163021
10876,163021
10877,163021
10878,163021
10879,163021
10880,163021
10881,163021
10882,163021
10883,163021
10884,163021
10885,163021
10886,163021
10887,163021
10888,163021
10889,163021
10890,163021
10891,163021
10892,163021
10893,163021
10894,163021
10895,163021
10896,163021
10897,163021
10898,163021
10899,163021
10900,163021
10901,163021
10902,163021
10903,163021
10904,163021
10905,163021
10906,163021
10907,163021
10908,163021
10909,163021
10910,163021
10911,163021
10912,163021
10913,163021
10914,163021
10915,163021
10916,163021
10917,163021
10918,163021
10919,163021
10920,163021
10921,163021
10922,163021
10923,163021
10924,163021
10925,163021
10926,163021
10927,163021
10928,163021
10929,163021
10930,163021
10931,163021
10932,163021
10933,163021
10934,163021
10935,163021
10936,163021
10937,163021
10938,163021
10939,163021
10940,163021
10941,163021
10942,163021
10943,163021
10944,163021
10945,163021
10946,163021
10947,163021
10948,163021
10949,163021
10950,163021
10951,163021
10952,163021
10953,163021
10954,163021
10955,163021
10956,163021
10957,163021
10958,163021
10959,163021
10960,163021
10961,163021
10962,163021
10963,163021
10964,163021
10965,163021
10966,163021
10967,163021
10968,163021
10969,163021
10970,163021
10971,163021
10972,163021
10973,163021
10974,163021
10975,163021
10976,163021
10977,163021
10978,163021
10979,163021
10980,163021
10981,163021
10982,163021
10983,163021
10984,163021
10985,163021
10986,163021
10987,163021
10988,163021
10989,163021
10990,163021
10991,163021
10992,163021
10993,163021
10994,163021
10995,163021
10996,163021
10997,163021
10998,163021
10999,163021
11000,163021
11001,163021
11002,163021
11003,163021
11004,163021
11005,163021
11006,163021
11007,163021
11008,163021
11009,163021
11010,163021
11011,163021
11012,163021
11013,163021
11014,163021
11015,163021
11016,163021
11017,163021
11018,163021
11019,163021
11020,163021
11021,163021
11022,163021
11023,163021
11024,163021
11025,163021
11026,163021
11027,163021
11028,163021
11029,163021
11030,163021
11031,163021
11032,163021
11033,163021
11034,163021
11035,163021
11036,163021
11037,163021
11038,163021
11039,163021
11040,163021
11041,163021
11042,163021
11043,163021
11044,163021
11045,163021
11046,163021
11047,163021
11048,163021
11049,163021
11050,163021
11051,163021
11052,163021
11053,163021
11054,163021
11055,163021
11056,163021
11057,163021
11058,163021
11059,163021
11060,163021
11061,163021
11062,163021
11063,163021
11064,163021
11065,163021
11066,163021
11067,163021
11068,163021
11069,163021
11070,163021
11071,163021
11072,163021
11073,163021
11074,163021
11075,163021
11076,163021
11077,163021
11078,163021
11079,163021
11080,163021
11081,163021
11082,163021
11083,163021
11084,163021
11085,163021
11086,163021
11087,163021
11088,163021
11089,163021
11090,163021
11091,163021
11092,163021
11093,163021
11094,163021
11095,163021
11096,163021
11097,163021
11098,163021
11099,163021
11100,163021
11101,163021
11102,163021
11103,163021
11104,163021
11105,163021
11106,163021
11107,163021
11108,163021
11109,163021
11110,163021
11111,163021
11112,163021
11113,163021
11114,163021
11115,163021
11116,163021
11117,163021
11118,163021
11119,163021
11120,163021
11121,163021
11122,163021
11123,163021
11124,163021
11125,163021
11126,163021
11127,163021
11128,163021
11129,163021
11130,163021
11131,163021
11132,163021
11133,163021
11134,163021
11135,163021
11136,163021
11137,163021
11138,163021
11139,163021
11140,163021
11141,163021
11142,163021
11143,163021
11144,163021
11145,163021
11146,163021
11147,163021
11148,163021
11149,163021
11150,163021
11151,163021
11152,163021
11153,163021
11154,163021
11155,163021
11156,163021
11157,163021
11158,163021
11159,163021
11160,163021
11161,163021
11162,163021
11163,163021
11164,163021
11165,163021
11166,163021
11167,163021
11168,163021
11169,163021
11170,163021
11171,163021
11172,163021
11173,163021
11174,163021
11175,163021
11176,163021
11177,163021
11178,163021
11179,163021
11180,163021
11181,163021
11182,163021
11183,163021
11184,163021
11185,163021
11186,163021
11187,163021
11188,163021
11189,163021
11190,163021
11191,163021
11192,163021
11193,163021
11194,163021
11195,163021
11196,163021
11197,163021
11198,163021
11199,163021
11200,163021
11201,163021
11202,163021
11203,163021
11204,163021
11205,163021
11206,163021
11207,163021
11208,163021
11209,163021
11210,163021
11211,163021
11212,163021
11213,163021
11214,163021
11215,163021
11216,163021
11217,163021
11218,163021
11219,163021
11220,163021
11221,163021
11222,163021
11223,163021
11224,163021
11225,163021
11226,163021
11227,163021
11228,163021
11229,163021
11230,163021
11231,163021
11232,163021
11233,163021
11234,163021
11235,163021
11236,163021
11237,163021
11238,163021
11239,163021
11240,163021
11241,163021
11242,163021
11243,163021
11244,163021
11245,163021
11246,163021
11247,163021
11248,163021
11249,163021
11250,163021
11251,163021
11252,163021
11253,163021
11254,163021
11255,163021
11256,163021
11257,163021
11258,163021
11259,163021
11260,163021
11261,163021
11262,163021
11263,163021
11264,163021
11265,163021
11266,163021
11267,163021
11268,163021
11269,163021
11270,163021
11271,163021
11272,163021
11273,163021
11274,163021
11275,163021
11276,163021
11277,163021
11278,163021
11279,163021
11280,163021
11281,163021
11282,163021
11283,163021
11284,163021
11285,163021
11286,163021
11287,163021
11288,163021
11289,163021
11290,163021
11291,163021
11292,163021
11293,163021
11294,163021
11295,163021
11296,163021
11297,163021
11298,163021
11299,163021
11300,163021
11301,163021
11302,163021
11303,163021
11304,163021
11305,163021
11306,163021
11307,163021
11308,163021
11309,163021
11310,163021
11311,163021
11312,163021
11313,163021
11314,163021
11315,163021
11316,163021
11317,163021
11318,163021
11319,163021
11320,163021
11321,163021
11322,163021
11323,163021
11324,163021
11325,163021
11326,163021
11327,163021
11328,163021
11329,163021
11330,163021
11331,163021
11332,163021
11333,163021
11334,163021
11335,163021
11336,163021
11337,163021
11338,163021
11339,163021
11340,163021
11341,163021
11342,163021
11343,163021
11344,163021
11345,163021
11346,163021
11347,163021
11348,163021
11349,163021
11350,163021
11351,163021
11352,163021
11353,163021
11354,163021
11355,163021
11356,163021
11357,163021
11358,163021
11359,163021
11360,163021
11361,163021
11362,163021
11363,163021
11364,163021
11365,163021
11366,163021
11367,163021
11368,163021
11369,163021
11370,163021
11371,163021
11372,163021
11373,163021
11374,163021
11375,163021
11376,163021
11377,163021
11378,163021
11379,163021
11380,163021
11381,163021
11382,163021
11383,163021
11384,163021
11385,163021
11386,163021
11387,163021
11388,163021
11389,163021
11390,163021
11391,163021
11392,163021
11393,163021
11394,163021
11395,163021
11396,163021
11397,163021
11398,163021
11399,163021
11400,163021
11401,163021
11402,163021
11403,163021
11404,163021
11405,163021
11406,163021
11407,163021
11408,163021
11409,163021
11410,163021
11411,163021
11412,163021
11413,163021
11414,163021
11415,163021
11416,163021
11417,163021
11418,163021
11419,163021
11420,163021
11421,163021
11422,163021
11423,163021
11424,163021
11425,163021
11426,163021
11427,163021
11428,163021
11429,163021
11430,163021
11431,163021
11432,163021
11433,163021
11434,163021
11435,163021
11436,163021
11437,163021
11438,163021
11439,163021
11440,163021
11441,163021
11442,163021
11443,163021
11444,163021
11445,163021
11446,163021
11447,163021
11448,163021
11449,163021
11450,163021
11451,163021
11452,163021
11453,163021
11454,163021
11455,163021
11456,163021
11457,163021
11458,163021
11459,163021
11460,163021
11461,163021
11462,163021
11463,163021
11464,163021
11465,163021
11466,163021
11467,163021
11468,163021
11469,163021
11470,163021
11471,163021
11472,163021
11473,163021
11474,163021
11475,163021
11476,163021
11477,163021
11478,163021
11479,163021
11480,163021
11481,163021
11482,163021
11483,163021
11484,163021
11485,163021
11486,163021
11487,163021
11488,163021
11489,163021
11490,163021
11491,163021
11492,163021
11493,163021
11494,163021
11495,163021
11496,163021
11497,163021
11498,163021
11499,163021
11500,163021
11501,163021
11502,163021
11503,163021
11504,163021
11505,163021
11506,163021
11507,163021
11508,163021
11509,163021
11510,163021
11511,163021
11512,163021
11513,163021
11514,163021
11515,163021
11516,163021
11517,163021
11518,163021
11519,163021
11520,163021
11521,163021
11522,163021
11523,163021
11524,163021
11525,163021
11526,163021
11527,163021
11528,163021
11529,163021
11530,163021
11531,163021
11532,163021
11533,163021
11534,163021
11535,163021
11536,163021
11537,163021
11538,163021
11539,163021
11540,163021
11541,163021
11542,163021
11543,163021
11544,163021
11545,163021
11546,163021
11547,163021
11548,163021
11549,163021
11550,163021
11551,163021
11552,163021
11553,163021
11554,163021
11555,163021
11556,163021
11557,163021
11558,163021
11559,163021
11560,163021
11561,163021
11562,163021
11563,163021
11564,163021
11565,163021
11566,163021
11567,163021
11568,163021
11569,163021
11570,163021
11571,163021
11572,163021
11573,163021
11574,163021
11575,163021
11576,163021
11577,163021
11578,163021
11579,163021
11580,163021
11581,163021
11582,163021
11583,163021
11584,163021
11585,163021
11586,163021
11587,163021
11588,163021
11589,163021
11590,163021
11591,163021
11592,163021
11593,163021
11594,163021
11595,163021
11596,163021
11597,163021
11598,163021
11599,163021
11600,163021
11601,163021
11602,163021
11603,163021
11604,163021
11605,163021
11606,163021
11607,163021
11608,163021
11609,163021
11610,163021
11611,163021
11612,163021
11613,163021
11614,163021
11615,163021
11616,163021
11617,163021
11618,163021
11619,163021
11620,163021
11621,163021
11622,163021
11623,163021
11624,163021
11625,163021
11626,163021
11627,163021
11628,163021
11629,163021
11630,163021
11631,163021
11632,163021
11633,163021
11634,163021
11635,163021
11636,163021
11637,163021
11638,163021
11639,163021
11640,163021
11641,163021
11642,163021
11643,163021
11644,163021
11645,163021
11646,163021
11647,163021
11648,163021
11649,163021
11650,163021
11651,163021
11652,163021
11653,163021
11654,163021
11655,163021
11656,163021
11657,163021
11658,163021
11659,163021
11660,163021
11661,163021
11662,163021
11663,163021
11664,163021
11665,163021
11666,163021
11667,163021
11668,163021
11669,163021
11670,163021
11671,163021
11672,163021
11673,163021
11674,163021
11675,163021
11676,163021
11677,163021
11678,163021
11679,163021
11680,163021
11681,163021
11682,163021
11683,163021
11684,163021
11685,163021
11686,163021
11687,163021
11688,163021
11689,163021
11690,163021
11691,163021
11692,163021
11693,163021
11694,163021
11695,163021
11696,163021
11697,163021
11698,163021
11699,163021
11700,163021
11701,163021
11702,163021
11703,163021
11704,163021
11705,163021
11706,163021
11707,163021
11708,163021
11709,163021
11710,163021
11711,163021
11712,163021
11713,163021
11714,163021
11715,163021
11716,163021
11717,163021
11718,163021
11719,163021
11720,163021
11721,163021
11722,163021
11723,163021
11724,163021
11725,163021
11726,163021
11727,163021
11728,163021
11729,163021
11730,163021
11731,163021
11732,163021
11733,163021
11734,163021
11735,163021
11736,163021
11737,163021
11738,163021
11739,163021
11740,163021
11741,163021
11742,163021
11743,163021
11744,163021
11745,163021
11746,163021
11747,163021
11748,163021
11749,163021
11750,163021
11751,163021
11752,163021
11753,163021
11754,163021
11755,163021
11756,163021
11757,163021
11758,163021
11759,163021
11760,163021
11761,163021
11762,163021
11763,163021
11764,163021
11765,163021
11766,163021
11767,163021
11768,163021
11769,163021
11770,163021
11771,163021
11772,163021
11773,163021
11774,163021
11775,163021
11776,163021
11777,163021
11778,163021
11779,163021
11780,163021
11781,163021
11782,163021
11783,163021
11784,163021
11785,163021
11786,163021
11787,163021
11788,163021
11789,163021
11790,163021
11791,163021
11792,163021
11793,163021
11794,163021
11795,163021
11796,163021
11797,163021
11798,163021
11799,163021
11800,163021
11801,163021
11802,163021
11803,163021
11804,163021
11805,163021
11806,163021
11807,163021
11808,163021
11809,163021
11810,163021
11811,163021
11812,163021
11813,163021
11814,163021
11815,163021
11816,163021
11817,163021
11818,163021
11819,163021
11820,163021
11821,163021
11822,163021
11823,163021
11824,163021
11825,163021
11826,163021
11827,163021
11828,163021
11829,163021
11830,163021
11831,163021
11832,163021
11833,163021
11834,163021
11835,163021
11836,163021
11837,163021
11838,163021
11839,163021
11840,163021
11841,163021
11842,163021
11843,163021
11844,163021
11845,163021
11846,163021
11847,163021
11848,163021
11849,163021
11850,163021
11851,163021
11852,163021
11853,163021
11854,163021
11855,163021
11856,163021
11857,163021
11858,163021
11859,163021
11860,163021
11861,163021
11862,163021
11863,163021
11864,163021
11865,163021
11866,163021
11867,163021
11868,163021
11869,163021
11870,163021
11871,163021
11872,163021
11873,163021
11874,163021
11875,163021
11876,163021
11877,163021
11878,163021
11879,163021
11880,163021
11881,163021
11882,163021
11883,163021
11884,163021
11885,163021
11886,163021
11887,163021
11888,163021
11889,163021
11890,163021
11891,163021
11892,163021
11893,163021
11894,163021
11895,163021
11896,163021
11897,163021
11898,163021
11899,163021
11900,163021
11901,163021
11902,163021
11903,163021
11904,163021
11905,163021
11906,163021
11907,163021
11908,163021
11909,163021
11910,163021
11911,163021
11912,163021
11913,163021
11914,163021
11915,163021
11916,163021
11917,163021
11918,163021
11919,163021
11920,163021
11921,163021
11922,163021
11923,163021
11924,163021
11925,163021
11926,163021
11927,163021
11928,163021
11929,163021
11930,163021
11931,163021
11932,163021
11933,163021
11934,163021
11935,163021
11936,163021
11937,163021
11938,163021
11939,163021
11940,163021
11941,163021
11942,163021
11943,163021
11944,163021
11945,163021
11946,163021
11947,163021
11948,163021
11949,163021
11950,163021
11951,163021
11952,163021
11953,163021
11954,163021
11955,163021
11956,163021
11957,163021
11958,163021
11959,163021
11960,163021
11961,163021
11962,163021
11963,163021
11964,163021
11965,163021
11966,163021
11967,163021
11968,163021
11969,163021
11970,163021
11971,163021
11972,163021
11973,163021
11974,163021
11975,163021
11976,163021
11977,163021
11978,163021
11979,163021
11980,163021
11981,163021
11982,163021
11983,163021
11984,163021
11985,163021
11986,163021
11987,163021
11988,163021
11989,163021
11990,163021
11991,163021
11992,163021
11993,163021
11994,163021
11995,163021
11996,163021
11997,163021
11998,163021
11999,163021
12000,163021
12001,163021
12002,163021
12003,163021
12004,163021
12005,163021
12006,163021
12007,163021
12008,163021
12009,163021
12010,163021
12011,163021
12012,163021
12013,163021
12014,163021
12015,163021
12016,163021
12017,163021
12018,163021
12019,163021
12020,163021
12021,163021
12022,163021
12023,163021
12024,163021
12025,163021
12026,163021
12027,163021
12028,163021
12029,163021
12030,163021
12031,163021
12032,163021
12033,163021
12034,163021
12035,163021
12036,163021
12037,163021
12038,163021
12039,163021
12040,163021
12041,163021
12042,163021
12043,163021
12044,163021
12045,163021
12046,163021
12047,163021
12048,163021
12049,163021
12050,163021
12051,163021
12052,163021
12053,163021
12054,163021
12055,163021
12056,163021
12057,163021
12058,163021
12059,163021
12060,163021
12061,163021
12062,163021
12063,163021
12064,163021
12065,163021
12066,163021
12067,163021
12068,163021
12069,163021
12070,163021
12071,163021
12072,163021
12073,163021
12074,163021
12075,163021
12076,163021
12077,163021
12078,163021
12079,163021
12080,163021
12081,163021
12082,163021
12083,163021
12084,163021
12085,163021
12086,163021
12087,163021
12088,163021
12089,163021
12090,163021
12091,163021
12092,163021
12093,163021
12094,163021
12095,163021
12096,163021
12097,163021
12098,163021
12099,163021
12100,163021
12101,163021
12102,163021
12103,163021
12104,163021
12105,163021
12106,163021
12107,163021
12108,163021
12109,163021
12110,163021
12111,163021
12112,163021
12113,163021
12114,163021
12115,163021
12116,163021
12117,163021
12118,163021
12119,163021
12120,163021
12121,163021
12122,163021
12123,163021
12124,163021
12125,163021
12126,163021
12127,163021
12128,163021
12129,163021
12130,163021
12131,163021
12132,163021
12133,163021
12134,163021
12135,163021
12136,163021
12137,163021
12138,163021
12139,163021
12140,163021
12141,163021
12142,163021
12143,163021
12144,163021
12145,163021
12146,163021
12147,163021
12148,163021
12149,163021
12150,163021
12151,163021
12152,163021
12153,163021
12154,163021
12155,163021
12156,163021
12157,163021
12158,163021
12159,163021
12160,163021
12161,163021
12162,163021
12163,163021
12164,163021
12165,163021
12166,163021
12167,163021
12168,163021
12169,163021
12170,163021
12171,163021
12172,163021
12173,163021
12174,163021
12175,163021
12176,163021
12177,163021
12178,163021
12179,163021
12180,163021
12181,163021
12182,163021
12183,163021
12184,163021
12185,163021
12186,163021
12187,163021
12188,163021
12189,163021
12190,163021
12191,163021
12192,163021
12193,163021
12194,163021
12195,163021
12196,163021
12197,163021
12198,163021
12199,163021
12200,163021
12201,163021
12202,163021
12203,163021
12204,163021
12205,163021
12206,163021
12207,163021
12208,163021
12209,163021
12210,163021
12211,163021
12212,163021
12213,163021
12214,163021
12215,163021
12216,163021
12217,163021
12218,163021
12219,163021
12220,163021
12221,163021
12222,163021
12223,163021
12224,163021
12225,163021
12226,163021
12227,163021
12228,163021
12229,163021
12230,163021
12231,163021
12232,163021
12233,163021
12234,163021
12235,163021
12236,163021
12237,163021
12238,163021
12239,163021
12240,163021
12241,163021
12242,163021
12243,163021
12244,163021
12245,163021
12246,163021
12247,163021
12248,163021
12249,163021
12250,163021
12251,163021
12252,163021
12253,163021
12254,163021
12255,163021
12256,163021
12257,163021
12258,163021
12259,163021
12260,163021
12261,163021
12262,163021
12263,163021
12264,163021
12265,163021
12266,163021
12267,163021
12268,163021
12269,163021
12270,163021
12271,163021
12272,163021
12273,163021
12274,163021
12275,163021
12276,163021
12277,163021
12278,163021
12279,163021
12280,163021
12281,163021
12282,163021
12283,163021
12284,163021
12285,163021
12286,163021
12287,163021
12288,163021
12289,163021
12290,163021
12291,163021
12292,163021
12293,163021
12294,163021
12295,163021
12296,163021
12297,163021
12298,163021
12299,163021
12300,163021
12301,163021
12302,163021
12303,163021
12304,163021
12305,163021
12306,163021
12307,163021
12308,163021
12309,163021
12310,163021
12311,163021
12312,163021
12313,163021
12314,163021
12315,163021
12316,163021
12317,163021
12318,163021
12319,163021
12320,163021
12321,163021
12322,163021
12323,163021
12324,163021
12325,163021
12326,163021
12327,163021
12328,163021
12329,163021
12330,163021
12331,163021
12332,163021
12333,163021
12334,163021
12335,163021
12336,163021
12337,163021
12338,163021
12339,163021
12340,163021
12341,163021
12342,163021
12343,163021
12344,163021
12345,163021
12346,163021
12347,163021
12348,163021
12349,163021
12350,163021
12351,163021
12352,163021
12353,163021
12354,163021
12355,163021
12356,163021
12357,163021
12358,163021
12359,163021
12360,163021
12361,163021
12362,163021
12363,163021
12364,163021
12365,163021
12366,163021
12367,163021
12368,163021
12369,163021
12370,163021
12371,163021
12372,163021
12373,163021
12374,163021
12375,163021
12376,163021
12377,163021
12378,163021
12379,163021
12380,163021
12381,163021
12382,163021
12383,163021
12384,163021
12385,163021
12386,163021
12387,163021
12388,163021
12389,163021
12390,163021
12391,163021
12392,163021
12393,163021
12394,163021
12395,163021
12396,163021
12397,163021
12398,163021
12399,163021
12400,163021
12401,163021
12402,163021
12403,163021
12404,163021
12405,163021
12406,163021
12407,163021
12408,163021
12409,163021
12410,163021
12411,163021
12412,163021
12413,163021
12414,163021
12415,163021
12416,163021
12417,163021
12418,163021
12419,163021
12420,163021
12421,163021
12422,163021
12423,163021
12424,163021
12425,163021
12426,163021
12427,163021
12428,163021
12429,163021
12430,163021
12431,163021
12432,163021
12433,163021
12434,163021
12435,163021
12436,163021
12437,163021
12438,163021
12439,163021
12440,163021
12441,163021
12442,163021
12443,163021
12444,163021
12445,163021
12446,163021
12447,163021
12448,163021
12449,163021
12450,163021
12451,163021
12452,163021
12453,163021
12454,163021
12455,163021
12456,163021
12457,163021
12458,163021
12459,163021
12460,163021
12461,163021
12462,163021
12463,163021
12464,163021
12465,163021
12466,163021
12467,163021
12468,163021
12469,163021
12470,163021
12471,163021
12472,163021
12473,163021
12474,163021
12475,163021
12476,163021
12477,163021
12478,163021
12479,163021
12480,163021
12481,163021
12482,163021
12483,163021
12484,163021
12485,163021
12486,163021
12487,163021
12488,163021
12489,163021
12490,163021
12491,163021
12492,163021
12493,163021
12494,163021
12495,163021
12496,163021
12497,163021
12498,163021
12499,163021
12500,163021
12501,163021
12502,163021
12503,163021
12504,163021
12505,163021
12506,163021
12507,163021
12508,163021
12509,163021
12510,163021
12511,163021
12512,163021
12513,163021
12514,163021
12515,163021
12516,163021
12517,163021
12518,163021
12519,163021
12520,163021
12521,163021
12522,163021
12523,163021
12524,163021
12525,163021
12526,163021
12527,163021
12528,163021
12529,163021
12530,163021
12531,163021
12532,163021
12533,163021
12534,163021
12535,163021
12536,163021
12537,163021
12538,163021
12539,163021
12540,163021
12541,163021
12542,163021
12543,163021
12544,163021
12545,163021
12546,163021
12547,163021
12548,163021
12549,163021
12550,163021
12551,163021
12552,163021
12553,163021
12554,163021
12555,163021
12556,163021
12557,163021
12558,163021
12559,163021
12560,163021
12561,163021
12562,163021
12563,163021
12564,163021
12565,163021
12566,163021
12567,163021
12568,163021
12569,163021
12570,163021
12571,163021
12572,163021
12573,163021
12574,163021
12575,163021
12576,163021
12577,163021
12578,163021
12579,163021
12580,163021
12581,163021
12582,163021
12583,163021
12584,163021
12585,163021
12586,163021
12587,163021
12588,163021
12589,163021
12590,163021
12591,163021
12592,163021
12593,163021
12594,163021
12595,163021
12596,163021
12597,163021
12598,163021
12599,163021
12600,163021
12601,163021
12602,163021
12603,163021
12604,163021
12605,163021
12606,163021
12607,163021
12608,163021
12609,163021
12610,163021
12611,163021
12612,163021
12613,163021
12614,163021
12615,163021
12616,163021
12617,163021
12618,163021
12619,163021
12620,163021
12621,163021
12622,163021
12623,163021
12624,163021
12625,163021
12626,163021
12627,163021
12628,163021
12629,163021
12630,163021
12631,163021
12632,163021
12633,163021
12634,163021
12635,163021
12636,163021
12637,163021
12638,163021
12639,163021
12640,163021
12641,163021
12642,163021
12643,163021
12644,163021
12645,163021
12646,163021
12647,163021
12648,163021
12649,163021
12650,163021
12651,163021
12652,163021
12653,163021
12654,163021
12655,163021
12656,163021
12657,163021
12658,163021
12659,163021
12660,163021
12661,163021
12662,163021
12663,163021
12664,163021
12665,163021
12666,163021
12667,163021
12668,163021
12669,163021
12670,163021
12671,163021
12672,163021
12673,163021
12674,163021
12675,163021
12676,163021
12677,163021
12678,163021
12679,163021
12680,163021
12681,163021
12682,163021
12683,163021
12684,163021
12685,163021
12686,163021
12687,163021
12688,163021
12689,163021
12690,163021
12691,163021
12692,163021
12693,163021
12694,163021
12695,163021
12696,163021
12697,163021
12698,163021
12699,163021
12700,163021
12701,163021
12702,163021
12703,163021
12704,163021
12705,163021
12706,163021
12707,163021
12708,163021
12709,163021
12710,163021
12711,163021
12712,163021
12713,163021
12714,163021
12715,163021
12716,163021
12717,163021
12718,163021
12719,163021
12720,163021
12721,163021
12722,163021
12723,163021
12724,163021
12725,163021
12726,163021
12727,163021
12728,163021
12729,163021
12730,163021
12731,163021
12732,163021
12733,163021
12734,163021
12735,163021
12736,163021
12737,163021
12738,163021
12739,163021
12740,163021
12741,163021
12742,163021
12743,163021
12744,163021
12745,163021
12746,163021
12747,163021
12748,163021
12749,163021
12750,163021
12751,163021
12752,163021
12753,163021
12754,163021
12755,163021
12756,163021
12757,163021
12758,163021
12759,163021
12760,163021
12761,163021
12762,163021
12763,163021
12764,163021
12765,163021
12766,163021
12767,163021
12768,163021
12769,163021
12770,163021
12771,163021
12772,163021
12773,163021
12774,163021
12775,163021
12776,163021
12777,163021
12778,163021
12779,163021
12780,163021
12781,163021
12782,163021
12783,163021
12784,163021
12785,163021
12786,163021
12787,163021
12788,163021
12789,163021
12790,163021
12791,163021
12792,163021
12793,163021
12794,163021
12795,163021
12796,163021
12797,163021
12798,163021
12799,163021
12800,163021
12801,163021
12802,163021
12803,163021
12804,163021
12805,163021
12806,163021
12807,163021
12808,163021
12809,163021
12810,163021
12811,163021
12812,163021
12813,163021
12814,163021
12815,163021
12816,163021
12817,163021
12818,163021
12819,163021
12820,163021
12821,163021
12822,163021
12823,163021
12824,163021
12825,163021
12826,163021
12827,163021
12828,163021
12829,163021
12830,163021
12831,163021
12832,163021
12833,163021
12834,163021
12835,163021
12836,163021
12837,163021
12838,163021
12839,163021
12840,163021
12841,163021
12842,163021
12843,163021
12844,163021
12845,163021
12846,163021
12847,163021
12848,163021
12849,163021
12850,163021
12851,163021
12852,163021
12853,163021
12854,163021
12855,163021
12856,163021
12857,163021
12858,163021
12859,163021
12860,163021
12861,163021
12862,163021
12863,163021
12864,163021
12865,163021
12866,163021
12867,163021
12868,163021
12869,163021
12870,163021
12871,163021
12872,163021
12873,163021
12874,163021
12875,163021
12876,163021
12877,163021
12878,163021
12879,163021
12880,163021
12881,163021
12882,163021
12883,163021
12884,163021
12885,163021
12886,163021
12887,163021
12888,163021
12889,163021
12890,163021
12891,163021
12892,163021
12893,163021
12894,163021
12895,163021
12896,163021
12897,163021
12898,163021
12899,163021
12900,163021
12901,163021
12902,163021
12903,163021
12904,163021
12905,163021
12906,163021
12907,163021
12908,163021
12909,163021
12910,163021
12911,163021
12912,163021
12913,163021
12914,163021
12915,163021
12916,163021
12917,163021
12918,163021
12919,163021
12920,163021
12921,163021
12922,163021
12923,163021
12924,163021
12925,163021
12926,163021
12927,163021
12928,163021
12929,163021
12930,163021
12931,163021
12932,163021
12933,163021
12934,163021
12935,163021
12936,163021
12937,163021
12938,163021
12939,163021
12940,163021
12941,163021
12942,163021
12943,163021
12944,163021
12945,163021
12946,163021
12947,163021
12948,163021
12949,163021
12950,163021
12951,163021
12952,163021
12953,163021
12954,163021
12955,163021
12956,163021
12957,163021
12958,163021
12959,163021
12960,163021
12961,163021
12962,163021
12963,163021
12964,163021
12965,163021
12966,163021
12967,163021
12968,163021
12969,163021
12970,163021
12971,163021
12972,163021
12973,163021
12974,163021
12975,163021
12976,163021
12977,163021
12978,163021
12979,163021
12980,163021
12981,163021
12982,163021
12983,163021
12984,163021
12985,163021
12986,163021
12987,163021
12988,163021
12989,163021
12990,163021
12991,163021
12992,163021
12993,163021
12994,163021
12995,163021
12996,163021
12997,163021
12998,163021
12999,163021
13000,163021
13001,163021
13002,163021
13003,163021
13004,163021
13005,163021
13006,163021
13007,163021
13008,163021
13009,163021
13010,163021
13011,163021
13012,163021
13013,163021
13014,163021
13015,163021
13016,163021
13017,163021
13018,163021
13019,163021
13020,163021
13021,163021
13022,163021
13023,163021
13024,163021
13025,163021
13026,163021
13027,163021
13028,163021
13029,163021
13030,163021
13031,163021
13032,163021
13033,163021
13034,163021
13035,163021
13036,163021
13037,163021
13038,163021
13039,163021
13040,163021
13041,163021
13042,163021
13043,163021
13044,163021
13045,163021
13046,163021
13047,163021
13048,163021
13049,163021
13050,163021
13051,163021
13052,163021
13053,163021
13054,163021
13055,163021
13056,163021
13057,163021
13058,163021
13059,163021
13060,163021
13061,163021
13062,163021
13063,163021
13064,163021
13065,163021
13066,163021
13067,163021
13068,163021
13069,163021
13070,163021
13071,163021
13072,163021
13073,163021
13074,163021
13075,163021
13076,163021
13077,163021
13078,163021
13079,163021
13080,163021
13081,163021
13082,163021
13083,163021
13084,163021
13085,163021
13086,163021
13087,163021
13088,163021
13089,163021
13090,163021
13091,163021
13092,163021
13093,163021
13094,163021
13095,163021
13096,163021
13097,163021
13098,163021
13099,163021
13100,163021
13101,163021
13102,163021
13103,163021
13104,163021
13105,163021
13106,163021
13107,163021
13108,163021
13109,163021
13110,163021
13111,163021
13112,163021
13113,163021
13114,163021
13115,163021
13116,163021
13117,163021
13118,163021
13119,163021
13120,163021
13121,163021
13122,163021
13123,163021
13124,163021
13125,163021
13126,163021
13127,163021
13128,163021
13129,163021
13130,163021
13131,163021
13132,163021
13133,163021
13134,163021
13135,163021
13136,163021
13137,163021
13138,163021
13139,163021
13140,163021
13141,163021
13142,163021
13143,163021
13144,163021
13145,163021
13146,163021
13147,163021
13148,163021
13149,163021
13150,163021
13151,163021
13152,163021
13153,163021
13154,163021
13155,163021
13156,163021
13157,163021
13158,163021
13159,163021
13160,163021
13161,163021
13162,163021
13163,163021
13164,163021
13165,163021
13166,163021
13167,163021
13168,163021
13169,163021
13170,163021
13171,163021
13172,163021
13173,163021
13174,163021
13175,163021
13176,163021
13177,163021
13178,163021
13179,163021
13180,163021
13181,163021
13182,163021
13183,163021
13184,163021
13185,163021
13186,163021
13187,163021
13188,163021
13189,163021
13190,163021
13191,163021
13192,163021
13193,163021
13194,163021
13195,163021
13196,163021
13197,163021
13198,163021
13199,163021
13200,163021
13201,163021
13202,163021
13203,163021
13204,163021
13205,163021
13206,163021
13207,163021
13208,163021
13209,163021
13210,163021
13211,163021
13212,163021
13213,163021
13214,163021
13215,163021
13216,163021
13217,163021
13218,163021
13219,163021
13220,163021
13221,163021
13222,163021
13223,163021
13224,163021
13225,163021
13226,163021
13227,163021
13228,163021
13229,163021
13230,163021
13231,163021
13232,163021
13233,163021
13234,163021
13235,163021
13236,163021
13237,163021
13238,163021
13239,163021
13240,163021
13241,163021
13242,163021
13243,163021
13244,163021
13245,163021
13246,163021
13247,163021
13248,163021
13249,163021
13250,163021
13251,163021
13252,163021
13253,163021
13254,163021
13255,163021
13256,163021
13257,163021
13258,163021
13259,163021
13260,163021
13261,163021
13262,163021
13263,163021
13264,163021
13265,163021
13266,163021
13267,163021
13268,163021
13269,163021
13270,163021
13271,163021
13272,163021
13273,163021
13274,163021
13275,163021
13276,163021
13277,163021
13278,163021
13279,163021
13280,163021
13281,163021
13282,163021
13283,163021
13284,163021
13285,163021
13286,163021
13287,163021
13288,163021
13289,163021
13290,163021
13291,163021
13292,163021
13293,163021
13294,163021
13295,163021
13296,163021
13297,163021
13298,163021
13299,163021
13300,163021
13301,163021
13302,163021
13303,163021
13304,163021
13305,163021
13306,163021
13307,163021
13308,163021
13309,163021
13310,163021
13311,163021
13312,163021
13313,163021
13314,163021
13315,163021
13316,163021
13317,163021
13318,163021
13319,163021
13320,163021
13321,163021
13322,163021
13323,163021
13324,163021
13325,163021
13326,163021
13327,163021
13328,163021
13329,163021
13330,163021
13331,163021
13332,163021
13333,163021
13334,163021
13335,163021
13336,163021
13337,163021
13338,163021
13339,163021
13340,163021
13341,163021
13342,163021
13343,163021
13344,163021
13345,163021
13346,163021
13347,163021
13348,163021
13349,163021
13350,163021
13351,163021
13352,163021
13353,163021
13354,163021
13355,163021
13356,163021
13357,163021
13358,163021
13359,163021
13360,163021
13361,163021
13362,163021
13363,163021
13364,163021
13365,163021
13366,163021
13367,163021
13368,163021
13369,163021
13370,163021
13371,163021
13372,163021
13373,163021
13374,163021
13375,163021
13376,163021
13377,163021
13378,163021
13379,163021
13380,163021
13381,163021
13382,163021
13383,163021
13384,163021
13385,163021
13386,163021
13387,163021
13388,163021
13389,163021
13390,163021
13391,163021
13392,163021
13393,163021
13394,163021
13395,163021
13396,163021
13397,163021
13398,163021
13399,163021
13400,163021
13401,163021
13402,163021
13403,163021
13404,163021
13405,163021
13406,163021
13407,163021
13408,163021
13409,163021
13410,163021
13411,163021
13412,163021
13413,163021
13414,163021
13415,163021
13416,163021
13417,163021
13418,163021
13419,163021
13420,163021
13421,163021
13422,163021
13423,163021
13424,163021
13425,163021
13426,163021
13427,163021
13428,163021
13429,163021
13430,163021
13431,163021
13432,163021
13433,163021
13434,163021
13435,163021
13436,163021
13437,163021
13438,163021
13439,163021
13440,163021
13441,163021
13442,163021
13443,163021
13444,163021
13445,163021
13446,163021
13447,163021
13448,163021
13449,163021
13450,163021
13451,163021
13452,163021
13453,163021
13454,163021
13455,163021
13456,163021
13457,163021
13458,163021
13459,163021
13460,163021
13461,163021
13462,163021
13463,163021
13464,163021
13465,163021
13466,163021
13467,163021
13468,163021
13469,163021
13470,163021
13471,163021
13472,163021
13473,163021
13474,163021
13475,163021
13476,163021
13477,163021
13478,163021
13479,163021
13480,163021
13481,163021
13482,163021
13483,163021
13484,163021
13485,163021
13486,163021
13487,163021
13488,163021
13489,163021
13490,163021
13491,163021
13492,163021
13493,163021
13494,163021
13495,163021
13496,163021
13497,163021
13498,163021
13499,163021
13500,163021
13501,163021
13502,163021
13503,163021
13504,163021
13505,163021
13506,163021
13507,163021
13508,163021
13509,163021
13510,163021
13511,163021
13512,163021
13513,163021
13514,163021
13515,163021
13516,163021
13517,163021
13518,163021
13519,163021
13520,163021
13521,163021
13522,163021
13523,163021
13524,163021
13525,163021
13526,163021
13527,163021
13528,163021
13529,163021
13530,163021
13531,163021
13532,163021
13533,163021
13534,163021
13535,163021
13536,163021
13537,163021
13538,163021
13539,163021
13540,163021
13541,163021
13542,163021
13543,163021
13544,163021
13545,163021
13546,163021
13547,163021
13548,163021
13549,163021
13550,163021
13551,163021
13552,163021
13553,163021
13554,163021
13555,163021
13556,163021
13557,163021
13558,163021
13559,163021
13560,163021
13561,163021
13562,163021
13563,163021
13564,163021
13565,163021
13566,163021
13567,163021
13568,163021
13569,163021
13570,163021
13571,163021
13572,163021
13573,163021
13574,163021
13575,163021
13576,163021
13577,163021
13578,163021
13579,163021
13580,163021
13581,163021
13582,163021
13583,163021
13584,163021
13585,163021
13586,163021
13587,163021
13588,163021
13589,163021
13590,163021
13591,163021
13592,163021
13593,163021
13594,163021
13595,163021
13596,163021
13597,163021
13598,163021
13599,163021
13600,163021
13601,163021
13602,163021
13603,163021
13604,163021
13605,163021
13606,163021
13607,163021
13608,163021
13609,163021
13610,163021
13611,163021
13612,163021
13613,163021
13614,163021
13615,163021
13616,163021
13617,163021
13618,163021
13619,163021
13620,163021
13621,163021
13622,163021
13623,163021
13624,163021
13625,163021
13626,163021
13627,163021
13628,163021
13629,163021
13630,163021
13631,163021
13632,163021
13633,163021
13634,163021
13635,163021
13636,163021
13637,163021
13638,163021
13639,163021
13640,163021
13641,163021
13642,163021
13643,163021
13644,163021
13645,163021
13646,163021
13647,163021
13648,163021
13649,163021
13650,163021
13651,163021
13652,163021
13653,163021
13654,163021
13655,163021
13656,163021
13657,163021
13658,163021
13659,163021
13660,163021
13661,163021
13662,163021
13663,163021
13664,163021
13665,163021
13666,163021
13667,163021
13668,163021
13669,163021
13670,163021
13671,163021
13672,163021
13673,163021
13674,163021
13675,163021
13676,163021
13677,163021
13678,163021
13679,163021
13680,163021
13681,163021
13682,163021
13683,163021
13684,163021
13685,163021
13686,163021
13687,163021
13688,163021
13689,163021
13690,163021
13691,163021
13692,163021
13693,163021
13694,163021
13695,163021
13696,163021
13697,163021
13698,163021
13699,163021
13700,163021
13701,163021
13702,163021
13703,163021
13704,163021
13705,163021
13706,163021
13707,163021
13708,163021
13709,163021
13710,163021
13711,163021
13712,163021
13713,163021
13714,163021
13715,163021
13716,163021
13717,163021
13718,163021
13719,163021
13720,163021
13721,163021
13722,163021
13723,163021
13724,163021
13725,163021
13726,163021
13727,163021
13728,163021
13729,163021
13730,163021
13731,163021
13732,163021
13733,163021
13734,163021
13735,163021
13736,163021
13737,163021
13738,163021
13739,163021
13740,163021
13741,163021
13742,163021
13743,163021
13744,163021
13745,163021
13746,163021
13747,163021
13748,163021
13749,163021
13750,163021
13751,163021
13752,163021
13753,163021
13754,163021
13755,163021
13756,163021
13757,163021
13758,163021
13759,163021
13760,163021
13761,163021
13762,163021
13763,163021
13764,163021
13765,163021
13766,163021
13767,163021
13768,163021
13769,163021
13770,163021
13771,163021
13772,163021
13773,163021
13774,163021
13775,163021
13776,163021
13777,163021
13778,163021
13779,163021
13780,163021
13781,163021
13782,163021
13783,163021
13784,163021
13785,163021
13786,163021
13787,163021
13788,163021
13789,163021
13790,163021
13791,163021
13792,163021
13793,163021
13794,163021
13795,163021
13796,163021
13797,163021
13798,163021
13799,163021
13800,163021
13801,163021
13802,163021
13803,163021
13804,163021
13805,163021
13806,163021
13807,163021
13808,163021
13809,163021
13810,163021
13811,163021
13812,163021
13813,163021
13814,163021
13815,163021
13816,163021
13817,163021
13818,163021
13819,163021
13820,163021
13821,163021
13822,163021
13823,163021
13824,163021
13825,163021
13826,163021
13827,163021
13828,163021
13829,163021
13830,163021
13831,163021
13832,163021
13833,163021
13834,163021
13835,163021
13836,163021
13837,163021
13838,163021
13839,163021
13840,163021
13841,163021
13842,163021
13843,163021
13844,163021
13845,163021
13846,163021
13847,163021
13848,163021
13849,163021
13850,163021
13851,163021
13852,163021
13853,163021
13854,163021
13855,163021
13856,163021
13857,163021
13858,163021
13859,163021
13860,163021
13861,163021
13862,163021
13863,163021
13864,163021
13865,163021
13866,163021
13867,163021
13868,163021
13869,163021
13870,163021
13871,163021
13872,163021
13873,163021
13874,163021
13875,163021
13876,163021
13877,163021
13878,163021
13879,163021
13880,163021
13881,163021
13882,163021
13883,163021
13884,163021
13885,163021
13886,163021
13887,163021
13888,163021
13889,163021
13890,163021
13891,163021
13892,163021
13893,163021
13894,163021
13895,163021
13896,163021
13897,163021
13898,163021
13899,163021
13900,163021
13901,163021
13902,163021
13903,163021
13904,163021
13905,163021
13906,163021
13907,163021
13908,163021
13909,163021
13910,163021
13911,163021
13912,163021
13913,163021
13914,163021
13915,163021
13916,163021
13917,163021
13918,163021
13919,163021
13920,163021
13921,163021
13922,163021
13923,163021
13924,163021
13925,163021
13926,163021
13927,163021
13928,163021
13929,163021
13930,163021
13931,163021
13932,163021
13933,163021
13934,163021
13935,163021
13936,163021
13937,163021
13938,163021
13939,163021
13940,163021
13941,163021
13942,163021
13943,163021
13944,163021
13945,163021
13946,163021
13947,163021
13948,163021
13949,163021
13950,163021
13951,163021
13952,163021
13953,163021
13954,163021
13955,163021
13956,163021
13957,163021
13958,163021
13959,163021
13960,163021
13961,163021
13962,163021
13963,163021
13964,163021
13965,163021
13966,163021
13967,163021
13968,163021
13969,163021
13970,163021
13971,163021
13972,163021
13973,163021
13974,163021
13975,163021
13976,163021
13977,163021
13978,163021
13979,163021
13980,163021
13981,163021
13982,163021
13983,163021
13984,163021
13985,163021
13986,163021
13987,163021
13988,163021
13989,163021
13990,163021
13991,163021
13992,163021
13993,163021
13994,163021
13995,163021
13996,163021
13997,163021
13998,163021
13999,163021
14000,163021
14001,163021
14002,163021
14003,163021
14004,163021
14005,163021
14006,163021
14007,163021
14008,163021
14009,163021
14010,163021
14011,163021
14012,163021
14013,163021
14014,163021
14015,163021
14016,163021
14017,163021
14018,163021
14019,163021
14020,163021
14021,163021
14022,163021
14023,163021
14024,163021
14025,163021
14026,163021
14027,163021
14028,163021
14029,163021
14030,163021
14031,163021
14032,163021
14033,163021
14034,163021
14035,163021
14036,163021
14037,163021
14038,163021
14039,163021
14040,163021
14041,163021
14042,163021
14043,163021
14044,163021
14045,163021
14046,163021
14047,163021
14048,163021
14049,163021
14050,163021
14051,163021
14052,163021
14053,163021
14054,163021
14055,163021
14056,163021
14057,163021
14058,163021
14059,163021
14060,163021
14061,163021
14062,163021
14063,163021
14064,163021
14065,163021
14066,163021
14067,163021
14068,163021
14069,163021
14070,163021
14071,163021
14072,163021
14073,163021
14074,163021
14075,163021
14076,163021
14077,163021
14078,163021
14079,163021
14080,163021
14081,163021
14082,163021
14083,163021
14084,163021
14085,163021
14086,163021
14087,163021
14088,163021
14089,163021
14090,163021
14091,163021
14092,163021
14093,163021
14094,163021
14095,163021
14096,163021
14097,163021
14098,163021
14099,163021
14100,163021
14101,163021
14102,163021
14103,163021
14104,163021
14105,163021
14106,163021
14107,163021
14108,163021
14109,163021
14110,163021
14111,163021
14112,163021
14113,163021
14114,163021
14115,163021
14116,163021
14117,163021
14118,163021
14119,163021
14120,163021
14121,163021
14122,163021
14123,163021
14124,163021
14125,163021
14126,163021
14127,163021
14128,163021
14129,163021
14130,163021
14131,163021
14132,163021
14133,163021
14134,163021
14135,163021
14136,163021
14137,163021
14138,163021
14139,163021
14140,163021
14141,163021
14142,163021
14143,163021
14144,163021
14145,163021
14146,163021
14147,163021
14148,163021
14149,163021
14150,163021
14151,163021
14152,163021
14153,163021
14154,163021
14155,163021
14156,163021
14157,163021
14158,163021
14159,163021
14160,163021
14161,163021
14162,163021
14163,163021
14164,163021
14165,163021
14166,163021
14167,163021
14168,163021
14169,163021
14170,163021
14171,163021
14172,163021
14173,163021
14174,163021
14175,163021
14176,163021
14177,163021
14178,163021
14179,163021
14180,163021
14181,163021
14182,163021
14183,163021
14184,163021
14185,163021
14186,163021
14187,163021
14188,163021
14189,163021
14190,163021
14191,163021
14192,163021
14193,163021
14194,163021
14195,163021
14196,163021
14197,163021
14198,163021
14199,163021
14200,163021
14201,163021
14202,163021
14203,163021
14204,163021
14205,163021
14206,163021
14207,163021
14208,163021
14209,163021
14210,163021
14211,163021
14212,163021
14213,163021
14214,163021
14215,163021
14216,163021
14217,163021
14218,163021
14219,163021
14220,163021
14221,163021
14222,163021
14223,163021
14224,163021
14225,163021
14226,163021
14227,163021
14228,163021
14229,163021
14230,163021
14231,163021
14232,163021
14233,163021
14234,163021
14235,163021
14236,163021
14237,163021
14238,163021
14239,163021
14240,163021
14241,163021
14242,163021
14243,163021
14244,163021
14245,163021
14246,163021
14247,163021
14248,163021
14249,163021
14250,163021
14251,163021
14252,163021
14253,163021
14254,163021
14255,163021
14256,163021
14257,163021
14258,163021
14259,163021
14260,163021
14261,163021
14262,163021
14263,163021
14264,163021
14265,163021
14266,163021
14267,163021
14268,163021
14269,163021
14270,163021
14271,163021
14272,163021
14273,163021
14274,163021
14275,163021
14276,163021
14277,163021
14278,163021
14279,163021
14280,163021
14281,163021
14282,163021
14283,163021
14284,163021
14285,163021
14286,163021
14287,163021
14288,163021
14289,163021
14290,163021
14291,163021
14292,163021
14293,163021
14294,163021
14295,163021
14296,163021
14297,163021
14298,163021
14299,163021
14300,163021
14301,163021
14302,163021
14303,163021
14304,163021
14305,163021
14306,163021
14307,163021
14308,163021
14309,163021
14310,163021
14311,163021
14312,163021
14313,163021
14314,163021
14315,163021
14316,163021
14317,163021
14318,163021
14319,163021
14320,163021
14321,163021
14322,163021
14323,163021
14324,163021
14325,163021
14326,163021
14327,163021
14328,163021
14329,163021
14330,163021
14331,163021
14332,163021
14333,163021
14334,163021
14335,163021
14336,163021
14337,163021
14338,163021
14339,163021
14340,163021
14341,163021
14342,163021
14343,163021
14344,163021
14345,163021
14346,163021
14347,163021
14348,163021
14349,163021
14350,163021
14351,163021
14352,163021
14353,163021
14354,163021
14355,163021
14356,163021
14357,163021
14358,163021
14359,163021
14360,163021
14361,163021
14362,163021
14363,163021
14364,163021
14365,163021
14366,163021
14367,163021
14368,163021
14369,163021
14370,163021
14371,163021
14372,163021
14373,163021
14374,163021
14375,163021
14376,163021
14377,163021
14378,163021
14379,163021
14380,163021
14381,163021
14382,163021
14383,163021
14384,163021
14385,163021
14386,163021
14387,163021
14388,163021
14389,163021
14390,163021
14391,163021
14392,163021
14393,163021
14394,163021
14395,163021
14396,163021
14397,163021
14398,163021
14399,163021
14400,163021
14401,163021
14402,163021
14403,163021
14404,163021
14405,163021
14406,163021
14407,163021
14408,163021
14409,163021
14410,163021
14411,163021
14412,163021
14413,163021
14414,163021
14415,163021
14416,163021
14417,163021
14418,163021
14419,163021
14420,163021
14421,163021
14422,163021
14423,163021
14424,163021
14425,163021
14426,163021
14427,163021
14428,163021
14429,163021
14430,163021
14431,163021
14432,163021
14433,163021
14434,163021
14435,163021
14436,163021
14437,163021
14438,163021
14439,163021
14440,163021
14441,163021
14442,163021
14443,163021
14444,163021
14445,163021
14446,163021
14447,163021
14448,163021
14449,163021
14450,163021
14451,163021
14452,163021
14453,163021
14454,163021
14455,163021
14456,163021
14457,163021
14458,163021
14459,163021
14460,163021
14461,163021
14462,163021
14463,163021
14464,163021
14465,163021
14466,163021
14467,163021
14468,163021
14469,163021
14470,163021
14471,163021
14472,163021
14473,163021
14474,163021
14475,163021
14476,163021
14477,163021
14478,163021
14479,163021
14480,163021
14481,163021
14482,163021
14483,163021
14484,163021
14485,163021
14486,163021
14487,163021
14488,163021
14489,163021
14490,163021
14491,163021
14492,163021
14493,163021
14494,163021
14495,163021
14496,163021
14497,163021
14498,163021
14499,163021
14500,163021
14501,163021
14502,163021
14503,163021
14504,163021
14505,163021
14506,163021
14507,163021
14508,163021
14509,163021
14510,163021
14511,163021
14512,163021
14513,163021
14514,163021
14515,163021
14516,163021
14517,163021
14518,163021
14519,163021
14520,163021
14521,163021
14522,163021
14523,163021
14524,163021
14525,163021
14526,163021
14527,163021
14528,163021
14529,163021
14530,163021
14531,163021
14532,163021
14533,163021
14534,163021
14535,163021
14536,163021
14537,163021
14538,163021
14539,163021
14540,163021
14541,163021
14542,163021
14543,163021
14544,163021
14545,163021
14546,163021
14547,163021
14548,163021
14549,163021
14550,163021
14551,163021
14552,163021
14553,163021
14554,163021
14555,163021
14556,163021
14557,163021
14558,163021
14559,163021
14560,163021
14561,163021
14562,163021
14563,163021
14564,163021
14565,163021
14566,163021
14567,163021
14568,163021
14569,163021
14570,163021
14571,163021
14572,163021
14573,163021
14574,163021
14575,163021
14576,163021
14577,163021
14578,163021
14579,163021
14580,163021
14581,163021
14582,163021
14583,163021
14584,163021
14585,163021
14586,163021
14587,163021
14588,163021
14589,163021
14590,163021
14591,163021
14592,163021
14593,163021
14594,163021
14595,163021
14596,163021
14597,163021
14598,163021
14599,163021
14600,163021
14601,163021
14602,163021
14603,163021
14604,163021
14605,163021
14606,163021
14607,163021
14608,163021
14609,163021
14610,163021
14611,163021
14612,163021
14613,163021
14614,163021
14615,163021
14616,163021
14617,163021
14618,163021
14619,163021
14620,163021
14621,163021
14622,163021
14623,163021
14624,163021
14625,163021
14626,163021
14627,163021
14628,163021
14629,163021
14630,163021
14631,163021
14632,163021
14633,163021
14634,163021
14635,163021
14636,163021
14637,163021
14638,163021
14639,163021
14640,163021
14641,163021
14642,163021
14643,163021
14644,163021
14645,163021
14646,163021
14647,163021
14648,163021
14649,163021
14650,163021
14651,163021
14652,163021
14653,163021
14654,163021
14655,163021
14656,163021
14657,163021
14658,163021
14659,163021
14660,163021
14661,163021
14662,163021
14663,163021
14664,163021
14665,163021
14666,163021
14667,163021
14668,163021
14669,163021
14670,163021
14671,163021
14672,163021
14673,163021
14674,163021
14675,163021
14676,163021
14677,163021
14678,163021
14679,163021
14680,163021
14681,163021
14682,163021
14683,163021
14684,163021
14685,163021
14686,163021
14687,163021
14688,163021
14689,163021
14690,163021
14691,163021
14692,163021
14693,163021
14694,163021
14695,163021
14696,163021
14697,163021
14698,163021
14699,163021
14700,163021
14701,163021
14702,163021
14703,163021
14704,163021
14705,163021
14706,163021
14707,163021
14708,163021
14709,163021
14710,163021
14711,163021
14712,163021
14713,163021
14714,163021
14715,163021
14716,163021
14717,163021
14718,163021
14719,163021
14720,163021
14721,163021
14722,163021
14723,163021
14724,163021
14725,163021
14726,163021
14727,163021
14728,163021
14729,163021
14730,163021
14731,163021
14732,163021
14733,163021
14734,163021
14735,163021
14736,163021
14737,163021
14738,163021
14739,163021
14740,163021
14741,163021
14742,163021
14743,163021
14744,163021
14745,163021
14746,163021
14747,163021
14748,163021
14749,163021
14750,163021
14751,163021
14752,163021
14753,163021
14754,163021
14755,163021
14756,163021
14757,163021
14758,163021
14759,163021
14760,163021
14761,163021
14762,163021
14763,163021
14764,163021
14765,163021
14766,163021
14767,163021
14768,163021
14769,163021
14770,163021
14771,163021
14772,163021
14773,163021
14774,163021
14775,163021
14776,163021
14777,163021
14778,163021
14779,163021
14780,163021
14781,163021
14782,163021
14783,163021
14784,163021
14785,163021
14786,163021
14787,163021
14788,163021
14789,163021
14790,163021
14791,163021
14792,163021
14793,163021
14794,163021
14795,163021
14796,163021
14797,163021
14798,163021
14799,163021
14800,163021
14801,163021
14802,163021
14803,163021
14804,163021
14805,163021
14806,163021
14807,163021
14808,163021
14809,163021
14810,163021
14811,163021
14812,163021
14813,163021
14814,163021
14815,163021
14816,163021
14817,163021
14818,163021
14819,163021
14820,163021
14821,163021
14822,163021
14823,163021
14824,163021
14825,163021
14826,163021
14827,163021
14828,163021
14829,163021
14830,163021
14831,163021
14832,163021
14833,163021
14834,163021
14835,163021
14836,163021
14837,163021
14838,163021
14839,163021
14840,163021
14841,163021
14842,163021
14843,163021
14844,163021
14845,163021
14846,163021
14847,163021
14848,163021
14849,163021
14850,163021
14851,163021
14852,163021
14853,163021
14854,163021
14855,163021
14856,163021
14857,163021
14858,163021
14859,163021
14860,163021
14861,163021
14862,163021
14863,163021
14864,163021
14865,163021
14866,163021
14867,163021
14868,163021
14869,163021
14870,163021
14871,163021
14872,163021
14873,163021
14874,163021
14875,163021
14876,163021
14877,163021
14878,163021
14879,163021
14880,163021
14881,163021
14882,163021
14883,163021
14884,163021
14885,163021
14886,163021
14887,163021
14888,163021
14889,163021
14890,163021
14891,163021
14892,163021
14893,163021
14894,163021
14895,163021
14896,163021
14897,163021
14898,163021
14899,163021
14900,163021
14901,163021
14902,163021
14903,163021
14904,163021
14905,163021
14906,163021
14907,163021
14908,163021
14909,163021
14910,163021
14911,163021
14912,163021
14913,163021
14914,163021
14915,163021
14916,163021
14917,163021
14918,163021
14919,163021
14920,163021
14921,163021
14922,163021
14923,163021
14924,163021
14925,163021
14926,163021
14927,163021
14928,163021
14929,163021
14930,163021
14931,163021
14932,163021
14933,163021
14934,163021
14935,163021
14936,163021
14937,163021
14938,163021
14939,163021
14940,163021
14941,163021
14942,163021
14943,163021
14944,163021
14945,163021
14946,163021
14947,163021
14948,163021
14949,163021
14950,163021
14951,163021
14952,163021
14953,163021
14954,163021
14955,163021
14956,163021
14957,163021
14958,163021
14959,163021
14960,163021
14961,163021
14962,163021
14963,163021
14964,163021
14965,163021
14966,163021
14967,163021
14968,163021
14969,163021
14970,163021
14971,163021
14972,163021
14973,163021
14974,163021
14975,163021
14976,163021
14977,163021
14978,163021
14979,163021
14980,163021
14981,163021
14982,163021
14983,163021
14984,163021
14985,163021
14986,163021
14987,163021
14988,163021
14989,163021
14990,163021
14991,163021
14992,163021
14993,163021
14994,163021
14995,163021
14996,163021
14997,163021
14998,163021
14999,163021
15000,163021
15001,163021
15002,163021
15003,163021
15004,163021
15005,163021
15006,163021
15007,163021
15008,163021
15009,163021
15010,163021
15011,163021
15012,163021
15013,163021
15014,163021
15015,163021
15016,163021
15017,163021
15018,163021
15019,163021
15020,163021
15021,163021
15022,163021
15023,163021
15024,163021
15025,163021
15026,163021
15027,163021
15028,163021
15029,163021
15030,163021
15031,163021
15032,163021
15033,163021
15034,163021
15035,163021
15036,163021
15037,163021
15038,163021
15039,163021
15040,163021
15041,163021
15042,163021
15043,163021
15044,163021
15045,163021
15046,163021
15047,163021
15048,163021
15049,163021
15050,163021
15051,163021
15052,163021
15053,163021
15054,163021
15055,163021
15056,163021
15057,163021
15058,163021
15059,163021
15060,163021
15061,163021
15062,163021
15063,163021
15064,163021
15065,163021
15066,163021
15067,163021
15068,163021
15069,163021
15070,163021
15071,163021
15072,163021
15073,163021
15074,163021
15075,163021
15076,163021
15077,163021
15078,163021
15079,163021
15080,163021
15081,163021
15082,163021
15083,163021
15084,163021
15085,163021
15086,163021
15087,163021
15088,163021
15089,163021
15090,163021
15091,163021
15092,163021
15093,163021
15094,163021
15095,163021
15096,163021
15097,163021
15098,163021
15099,163021
15100,163021
15101,163021
15102,163021
15103,163021
15104,163021
15105,163021
15106,163021
15107,163021
15108,163021
15109,163021
15110,163021
15111,163021
15112,163021
15113,163021
15114,163021
15115,163021
15116,163021
15117,163021
15118,163021
15119,163021
15120,163021
15121,163021
15122,163021
15123,163021
15124,163021
15125,163021
15126,163021
15127,163021
15128,163021
15129,163021
15130,163021
15131,163021
15132,163021
15133,163021
15134,163021
15135,163021
15136,163021
15137,163021
15138,163021
15139,163021
15140,163021
15141,163021
15142,163021
15143,163021
15144,163021
15145,163021
15146,163021
15147,163021
15148,163021
15149,163021
15150,163021
15151,163021
15152,163021
15153,163021
15154,163021
15155,163021
15156,163021
15157,163021
15158,163021
15159,163021
15160,163021
15161,163021
15162,163021
15163,163021
15164,163021
15165,163021
15166,163021
15167,163021
15168,163021
15169,163021
15170,163021
15171,163021
15172,163021
15173,163021
15174,163021
15175,163021
15176,163021
15177,163021
15178,163021
15179,163021
15180,163021
15181,163021
15182,163021
15183,163021
15184,163021
15185,163021
15186,163021
15187,163021
15188,163021
15189,163021
15190,163021
15191,163021
15192,163021
15193,163021
15194,163021
15195,163021
15196,163021
15197,163021
15198,163021
15199,163021
15200,163021
15201,163021
15202,163021
15203,163021
15204,163021
15205,163021
15206,163021
15207,163021
15208,163021
15209,163021
15210,163021
15211,163021
15212,163021
15213,163021
15214,163021
15215,163021
15216,163021
15217,163021
15218,163021
15219,163021
15220,163021
15221,163021
15222,163021
15223,163021
15224,163021
15225,163021
15226,163021
15227,163021
15228,163021
15229,163021
15230,163021
15231,163021
15232,163021
15233,163021
15234,163021
15235,163021
15236,163021
15237,163021
15238,163021
15239,163021
15240,163021
15241,163021
15242,163021
15243,163021
15244,163021
15245,163021
15246,163021
15247,163021
15248,163021
15249,163021
15250,163021
15251,163021
15252,163021
15253,163021
15254,163021
15255,163021
15256,163021
15257,163021
15258,163021
15259,163021
15260,163021
15261,163021
15262,163021
15263,163021
15264,163021
15265,163021
15266,163021
15267,163021
15268,163021
15269,163021
15270,163021
15271,163021
15272,163021
15273,163021
15274,163021
15275,163021
15276,163021
15277,163021
15278,163021
15279,163021
15280,163021
15281,163021
15282,163021
15283,163021
15284,163021
15285,163021
15286,163021
15287,163021
15288,163021
15289,163021
15290,163021
15291,163021
15292,163021
15293,163021
15294,163021
15295,163021
15296,163021
15297,163021
15298,163021
15299,163021
15300,163021
15301,163021
15302,163021
15303,163021
15304,163021
15305,163021
15306,163021
15307,163021
15308,163021
15309,163021
15310,163021
15311,163021
15312,163021
15313,163021
15314,163021
15315,163021
15316,163021
15317,163021
15318,163021
15319,163021
15320,163021
15321,163021
15322,163021
15323,163021
15324,163021
15325,163021
15326,163021
15327,163021
15328,163021
15329,163021
15330,163021
15331,163021
15332,163021
15333,163021
15334,163021
15335,163021
15336,163021
15337,163021
15338,163021
15339,163021
15340,163021
15341,163021
15342,163021
15343,163021
15344,163021
15345,163021
15346,163021
15347,163021
15348,163021
15349,163021
15350,163021
15351,163021
15352,163021
15353,163021
15354,163021
15355,163021
15356,163021
15357,163021
15358,163021
15359,163021
15360,163021
15361,163021
15362,163021
15363,163021
15364,163021
15365,163021
15366,163021
15367,163021
15368,163021
15369,163021
15370,163021
15371,163021
15372,163021
15373,163021
15374,163021
15375,163021
15376,163021
15377,163021
15378,163021
15379,163021
15380,163021
15381,163021
15382,163021
15383,163021
15384,163021
15385,163021
15386,163021
15387,163021
15388,163021
15389,163021
15390,163021
15391,163021
15392,163021
15393,163021
15394,163021
15395,163021
15396,163021
15397,163021
15398,163021
15399,163021
15400,163021
15401,163021
15402,163021
15403,163021
15404,163021
15405,163021
15406,163021
15407,163021
15408,163021
15409,163021
15410,163021
15411,163021
15412,163021
15413,163021
15414,163021
15415,163021
15416,163021
15417,163021
15418,163021
15419,163021
15420,163021
15421,163021
15422,163021
15423,163021
15424,163021
15425,163021
15426,163021
15427,163021
15428,163021
15429,163021
15430,163021
15431,163021
15432,163021
15433,163021
15434,163021
15435,163021
15436,163021
15437,163021
15438,163021
15439,163021
15440,163021
15441,163021
15442,163021
15443,163021
15444,163021
15445,163021
15446,163021
15447,163021
15448,163021
15449,163021
15450,163021
15451,163021
15452,163021
15453,163021
15454,163021
15455,163021
15456,163021
15457,163021
15458,163021
15459,163021
15460,163021
15461,163021
15462,163021
15463,163021
15464,163021
15465,163021
15466,163021
15467,163021
15468,163021
15469,163021
15470,163021
15471,163021
15472,163021
15473,163021
15474,163021
15475,163021
15476,163021
15477,163021
15478,163021
15479,163021
15480,163021
15481,163021
15482,163021
15483,163021
15484,163021
15485,163021
15486,163021
15487,163021
15488,163021
15489,163021
15490,163021
15491,163021
15492,163021
15493,163021
15494,163021
15495,163021
15496,163021
15497,163021
15498,163021
15499,163021
15500,163021
15501,163021
15502,163021
15503,163021
15504,163021
15505,163021
15506,163021
15507,163021
15508,163021
15509,163021
15510,163021
15511,163021
15512,163021
15513,163021
15514,163021
15515,163021
15516,163021
15517,163021
15518,163021
15519,163021
15520,163021
15521,163021
15522,163021
15523,163021
15524,163021
15525,163021
15526,163021
15527,163021
15528,163021
15529,163021
15530,163021
15531,163021
15532,163021
15533,163021
15534,163021
15535,163021
15536,163021
15537,163021
15538,163021
15539,163021
15540,163021
15541,163021
15542,163021
15543,163021
15544,163021
15545,163021
15546,163021
15547,163021
15548,163021
15549,163021
15550,163021
15551,163021
15552,163021
15553,163021
15554,163021
15555,163021
15556,163021
15557,163021
15558,163021
15559,163021
15560,163021
15561,163021
15562,163021
15563,163021
15564,163021
15565,163021
15566,163021
15567,163021
15568,163021
15569,163021
15570,163021
15571,163021
15572,163021
15573,163021
15574,163021
15575,163021
15576,163021
15577,163021
15578,163021
15579,163021
15580,163021
15581,163021
15582,163021
15583,163021
15584,163021
15585,163021
15586,163021
15587,163021
15588,163021
15589,163021
15590,163021
15591,163021
15592,163021
15593,163021
15594,163021
15595,163021
15596,163021
15597,163021
15598,163021
15599,163021
15600,163021
15601,163021
15602,163021
15603,163021
15604,163021
15605,163021
15606,163021
15607,163021
15608,163021
15609,163021
15610,163021
15611,163021
15612,163021
15613,163021
15614,163021
15615,163021
15616,163021
15617,163021
15618,163021
15619,163021
15620,163021
15621,163021
15622,163021
15623,163021
15624,163021
15625,163021
15626,163021
15627,163021
15628,163021
15629,163021
15630,163021
15631,163021
15632,163021
15633,163021
15634,163021
15635,163021
15636,163021
15637,163021
15638,163021
15639,163021
15640,163021
15641,163021
15642,163021
15643,163021
15644,163021
15645,163021
15646,163021
15647,163021
15648,163021
15649,163021
15650,163021
15651,163021
15652,163021
15653,163021
15654,163021
15655,163021
15656,163021
15657,163021
15658,163021
15659,163021
15660,163021
15661,163021
15662,163021
15663,163021
15664,163021
15665,163021
15666,163021
15667,163021
15668,163021
15669,163021
15670,163021
15671,163021
15672,163021
15673,163021
15674,163021
15675,163021
15676,163021
15677,163021
15678,163021
15679,163021
15680,163021
15681,163021
15682,163021
15683,163021
15684,163021
15685,163021
15686,163021
15687,163021
15688,163021
15689,163021
15690,163021
15691,163021
15692,163021
15693,163021
15694,163021
15695,163021
15696,163021
15697,163021
15698,163021
15699,163021
15700,163021
15701,163021
15702,163021
15703,163021
15704,163021
15705,163021
15706,163021
15707,163021
15708,163021
15709,163021
15710,163021
15711,163021
15712,163021
15713,163021
15714,163021
15715,163021
15716,163021
15717,163021
15718,163021
15719,163021
15720,163021
15721,163021
15722,163021
15723,163021
15724,163021
15725,163021
15726,163021
15727,163021
15728,163021
15729,163021
15730,163021
15731,163021
15732,163021
15733,163021
15734,163021
15735,163021
15736,163021
15737,163021
15738,163021
15739,163021
15740,163021
15741,163021
15742,163021
15743,163021
15744,163021
15745,163021
15746,163021
15747,163021
15748,163021
15749,163021
15750,163021
15751,163021
15752,163021
15753,163021
15754,163021
15755,163021
15756,163021
15757,163021
15758,163021
15759,163021
15760,163021
15761,163021
15762,163021
15763,163021
15764,163021
15765,163021
15766,163021
15767,163021
15768,163021
15769,163021
15770,163021
15771,163021
15772,163021
15773,163021
15774,163021
15775,163021
15776,163021
15777,163021
15778,163021
15779,163021
15780,163021
15781,163021
15782,163021
15783,163021
15784,163021
15785,163021
15786,163021
15787,163021
15788,163021
15789,163021
15790,163021
15791,163021
15792,163021
15793,163021
15794,163021
15795,163021
15796,163021
15797,163021
15798,163021
15799,163021
15800,163021
15801,163021
15802,163021
15803,163021
15804,163021
15805,163021
15806,163021
15807,163021
15808,163021
15809,163021
15810,163021
15811,163021
15812,163021
15813,163021
15814,163021
15815,163021
15816,163021
15817,163021
15818,163021
15819,163021
15820,163021
15821,163021
15822,163021
15823,163021
15824,163021
15825,163021
15826,163021
15827,163021
15828,163021
15829,163021
15830,163021
15831,163021
15832,163021
15833,163021
15834,163021
15835,163021
15836,163021
15837,163021
15838,163021
15839,163021
15840,163021
15841,163021
15842,163021
15843,163021
15844,163021
15845,163021
15846,163021
15847,163021
15848,163021
15849,163021
15850,163021
15851,163021
15852,163021
15853,163021
15854,163021
15855,163021
15856,163021
15857,163021
15858,163021
15859,163021
15860,163021
15861,163021
15862,163021
15863,163021
15864,163021
15865,163021
15866,163021
15867,163021
15868,163021
15869,163021
15870,163021
15871,163021
15872,163021
15873,163021
15874,163021
15875,163021
15876,163021
15877,163021
15878,163021
15879,163021
15880,163021
15881,163021
15882,163021
15883,163021
15884,163021
15885,163021
15886,163021
15887,163021
15888,163021
15889,163021
15890,163021
15891,163021
15892,163021
15893,163021
15894,163021
15895,163021
15896,163021
15897,163021
15898,163021
15899,163021
15900,163021
15901,163021
15902,163021
15903,163021
15904,163021
15905,163021
15906,163021
15907,163021
15908,163021
15909,163021
15910,163021
15911,163021
15912,163021
15913,163021
15914,163021
15915,163021
15916,163021
15917,163021
15918,163021
15919,163021
15920,163021
15921,163021
15922,163021
15923,163021
15924,163021
15925,163021
15926,163021
15927,163021
15928,163021
15929,163021
15930,163021
15931,163021
15932,163021
15933,163021
15934,163021
15935,163021
15936,163021
15937,163021
15938,163021
15939,163021
15940,163021
15941,163021
15942,163021
15943,163021
15944,163021
15945,163021
15946,163021
15947,163021
15948,163021
15949,163021
15950,163021
15951,163021
15952,163021
15953,163021
15954,163021
15955,163021
15956,163021
15957,163021
15958,163021
15959,163021
15960,163021
15961,163021
15962,163021
15963,163021
15964,163021
15965,163021
15966,163021
15967,163021
15968,163021
15969,163021
15970,163021
15971,163021
15972,163021
15973,163021
15974,163021
15975,163021
15976,163021
15977,163021
15978,163021
15979,163021
15980,163021
15981,163021
15982,163021
15983,163021
15984,163021
15985,163021
15986,163021
15987,163021
15988,163021
15989,163021
15990,163021
15991,163021
15992,163021
15993,163021
15994,163021
15995,163021
15996,163021
15997,163021
15998,163021
15999,163021
16000,163021
16001,163021
16002,163021
16003,163021
16004,163021
16005,163021
16006,163021
16007,163021
16008,163021
16009,163021
16010,163021
16011,163021
16012,163021
16013,163021
16014,163021
16015,163021
16016,163021
16017,163021
16018,163021
16019,163021
16020,163021
16021,163021
16022,163021
16023,163021
16024,163021
16025,163021
16026,163021
16027,163021
16028,163021
16029,163021
16030,163021
16031,163021
16032,163021
16033,163021
16034,163021
16035,163021
16036,163021
16037,163021
16038,163021
16039,163021
16040,163021
16041,163021
16042,163021
16043,163021
16044,163021
16045,163021
16046,163021
16047,163021
16048,163021
16049,163021
16050,163021
16051,163021
16052,163021
16053,163021
16054,163021
16055,163021
16056,163021
16057,163021
16058,163021
16059,163021
16060,163021
16061,163021
16062,163021
16063,163021
16064,163021
16065,163021
16066,163021
16067,163021
16068,163021
16069,163021
16070,163021
16071,163021
16072,163021
16073,163021
16074,163021
16075,163021
16076,163021
16077,163021
16078,163021
16079,163021
16080,163021
16081,163021
16082,163021
16083,163021
16084,163021
16085,163021
16086,163021
16087,163021
16088,163021
16089,163021
16090,163021
16091,163021
16092,163021
16093,163021
16094,163021
16095,163021
16096,163021
16097,163021
16098,163021
16099,163021
16100,163021
16101,163021
16102,163021
16103,163021
16104,163021
16105,163021
16106,163021
16107,163021
16108,163021
16109,163021
16110,163021
16111,163021
16112,163021
16113,163021
16114,163021
16115,163021
16116,163021
16117,163021
16118,163021
16119,163021
16120,163021
16121,163021
16122,163021
16123,163021
16124,163021
16125,163021
16126,163021
16127,163021
16128,163021
16129,163021
16130,163021
16131,163021
16132,163021
16133,163021
16134,163021
16135,163021
16136,163021
16137,163021
16138,163021
16139,163021
16140,163021
16141,163021
16142,163021
16143,163021
16144,163021
16145,163021
16146,163021
16147,163021
16148,163021
16149,163021
16150,163021
16151,163021
16152,163021
16153,163021
16154,163021
16155,163021
16156,163021
16157,163021
16158,163021
16159,163021
16160,163021
16161,163021
16162,163021
16163,163021
16164,163021
16165,163021
16166,163021
16167,163021
16168,163021
16169,163021
16170,163021
16171,163021
16172,163021
16173,163021
16174,163021
16175,163021
16176,163021
16177,163021
16178,163021
16179,163021
16180,163021
16181,163021
16182,163021
16183,163021
16184,163021
16185,163021
16186,163021
16187,163021
16188,163021
16189,163021
16190,163021
16191,163021
16192,163021
16193,163021
16194,163021
16195,163021
16196,163021
16197,163021
16198,163021
16199,163021
16200,163021
16201,163021
16202,163021
16203,163021
16204,163021
16205,163021
16206,163021
16207,163021
16208,163021
16209,163021
16210,163021
16211,163021
16212,163021
16213,163021
16214,163021
16215,163021
16216,163021
16217,163021
16218,163021
16219,163021
16220,163021
16221,163021
16222,163021
16223,163021
16224,163021
16225,163021
16226,163021
16227,163021
16228,163021
16229,163021
16230,163021
16231,163021
16232,163021
16233,163021
16234,163021
16235,163021
16236,163021
16237,163021
16238,163021
16239,163021
16240,163021
16241,163021
16242,163021
16243,163021
16244,163021
16245,163021
16246,163021
16247,163021
16248,163021
16249,163021
16250,163021
16251,163021
16252,163021
16253,163021
16254,163021
16255,163021
16256,163021
16257,163021
16258,163021
16259,163021
16260,163021
16261,163021
16262,163021
16263,163021
16264,163021
16265,163021
16266,163021
16267,163021
16268,163021
16269,163021
16270,163021
16271,163021
16272,163021
16273,163021
16274,163021
16275,163021
16276,163021
16277,163021
16278,163021
16279,163021
16280,163021
16281,163021
16282,163021
16283,163021
16284,163021
16285,163021
16286,163021
16287,163021
16288,163021
16289,163021
16290,163021
16291,163021
16292,163021
16293,163021
16294,163021
16295,163021
16296,163021
16297,163021
16298,163021
16299,163021
16300,163021
16301,163021
16302,163021
16303,163021
16304,163021
16305,163021
16306,163021
16307,163021
16308,163021
16309,163021
16310,163021
16311,163021
16312,163021
16313,163021
16314,163021
16315,163021
16316,163021
16317,163021
16318,163021
16319,163021
16320,163021
16321,163021
16322,163021
16323,163021
16324,163021
16325,163021
16326,163021
16327,163021
16328,163021
16329,163021
16330,163021
16331,163021
16332,163021
16333,163021
16334,163021
16335,163021
16336,163021
16337,163021
16338,163021
16339,163021
16340,163021
16341,163021
16342,163021
16343,163021
16344,163021
16345,163021
16346,163021
16347,163021
16348,163021
16349,163021
16350,163021
16351,163021
16352,163021
16353,163021
16354,163021
16355,163021
16356,163021
16357,163021
16358,163021
16359,163021
16360,163021
16361,163021
16362,163021
16363,163021
16364,163021
16365,163021
16366,163021
16367,163021
16368,163021
16369,163021
16370,163021
16371,163021
16372,163021
16373,163021
16374,163021
16375,163021
16376,163021
16377,163021
16378,163021
16379,163021
16380,163021
16381,163021
16382,163021
16383,163021
16384,163021
16385,163021
16386,163021
16387,163021
16388,163021
16389,163021
16390,163021
16391,163021
16392,163021
16393,163021
16394,163021
16395,163021
16396,163021
16397,163021
16398,163021
16399,163021
16400,163021
16401,163021
16402,163021
16403,163021
16404,163021
16405,163021
16406,163021
16407,163021
16408,163021
16409,163021
16410,163021
16411,163021
16412,163021
16413,163021
16414,163021
16415,163021
16416,163021
16417,163021
16418,163021
16419,163021
16420,163021
16421,163021
16422,163021
16423,163021
16424,163021
16425,163021
16426,163021
16427,163021
16428,163021
16429,163021
16430,163021
16431,163021
16432,163021
16433,163021
16434,163021
16435,163021
16436,163021
16437,163021
16438,163021
16439,163021
16440,163021
16441,163021
16442,163021
16443,163021
16444,163021
16445,163021
16446,163021
16447,163021
16448,163021
16449,163021
16450,163021
16451,163021
16452,163021
16453,163021
16454,163021
16455,163021
16456,163021
16457,163021
16458,163021
16459,163021
16460,163021
16461,163021
16462,163021
16463,163021
16464,163021
16465,163021
16466,163021
16467,163021
16468,163021
16469,163021
16470,163021
16471,163021
16472,163021
16473,163021
16474,163021
16475,163021
16476,163021
16477,163021
16478,163021
16479,163021
16480,163021
16481,163021
16482,163021
16483,163021
16484,163021
16485,163021
16486,163021
16487,163021
16488,163021
16489,163021
16490,163021
16491,163021
16492,163021
16493,163021
16494,163021
16495,163021
16496,163021
16497,163021
16498,163021
16499,163021
16500,163021
16501,163021
16502,163021
16503,163021
16504,163021
16505,163021
16506,163021
16507,163021
16508,163021
16509,163021
16510,163021
16511,163021
16512,163021
16513,163021
16514,163021
16515,163021
16516,163021
16517,163021
16518,163021
16519,163021
16520,163021
16521,163021
16522,163021
16523,163021
16524,163021
16525,163021
16526,163021
16527,163021
16528,163021
16529,163021
16530,163021
16531,163021
16532,163021
16533,163021
16534,163021
16535,163021
16536,163021
16537,163021
16538,163021
16539,163021
16540,163021
16541,163021
16542,163021
16543,163021
16544,163021
16545,163021
16546,163021
16547,163021
16548,163021
16549,163021
16550,163021
16551,163021
16552,163021
16553,163021
16554,163021
16555,163021
16556,163021
16557,163021
16558,163021
16559,163021
16560,163021
16561,163021
16562,163021
16563,163021
16564,163021
16565,163021
16566,163021
16567,163021
16568,163021
16569,163021
16570,163021
16571,163021
16572,163021
16573,163021
16574,163021
16575,163021
16576,163021
16577,163021
16578,163021
16579,163021
16580,163021
16581,163021
16582,163021
16583,163021
16584,163021
16585,163021
16586,163021
16587,163021
16588,163021
16589,163021
16590,163021
16591,163021
16592,163021
16593,163021
16594,163021
16595,163021
16596,163021
16597,163021
16598,163021
16599,163021
16600,163021
16601,163021
16602,163021
16603,163021
16604,163021
16605,163021
16606,163021
16607,163021
16608,163021
16609,163021
16610,163021
16611,163021
16612,163021
16613,163021
16614,163021
16615,163021
16616,163021
16617,163021
16618,163021
16619,163021
16620,163021
16621,163021
16622,163021
16623,163021
16624,163021
16625,163021
16626,163021
16627,163021
16628,163021
16629,163021
16630,163021
16631,163021
16632,163021
16633,163021
16634,163021
16635,163021
16636,163021
16637,163021
16638,163021
16639,163021
16640,163021
16641,163021
16642,163021
16643,163021
16644,163021
16645,163021
16646,163021
16647,163021
16648,163021
16649,163021
16650,163021
16651,163021
16652,163021
16653,163021
16654,163021
16655,163021
16656,163021
16657,163021
16658,163021
16659,163021
16660,163021
16661,163021
16662,163021
16663,163021
16664,163021
16665,163021
16666,163021
16667,163021
16668,163021
16669,163021
16670,163021
16671,163021
16672,163021
16673,163021
16674,163021
16675,163021
16676,163021
16677,163021
16678,163021
16679,163021
16680,163021
16681,163021
16682,163021
16683,163021
16684,163021
16685,163021
16686,163021
16687,163021
16688,163021
16689,163021
16690,163021
16691,163021
16692,163021
16693,163021
16694,163021
16695,163021
16696,163021
16697,163021
16698,163021
16699,163021
16700,163021
16701,163021
16702,163021
16703,163021
16704,163021
16705,163021
16706,163021
16707,163021
16708,163021
16709,163021
16710,163021
16711,163021
16712,163021
16713,163021
16714,163021
16715,163021
16716,163021
16717,163021
16718,163021
16719,163021
16720,163021
16721,163021
16722,163021
16723,163021
16724,163021
16725,163021
16726,163021
16727,163021
16728,163021
16729,163021
16730,163021
16731,163021
16732,163021
16733,163021
16734,163021
16735,163021
16736,163021
16737,163021
16738,163021
16739,163021
16740,163021
16741,163021
16742,163021
16743,163021
16744,163021
16745,163021
16746,163021
16747,163021
16748,163021
16749,163021
16750,163021
16751,163021
16752,163021
16753,163021
16754,163021
16755,163021
16756,163021
16757,163021
16758,163021
16759,163021
16760,163021
16761,163021
16762,163021
16763,163021
16764,163021
16765,163021
16766,163021
16767,163021
16768,163021
16769,163021
16770,163021
16771,163021
16772,163021
16773,163021
16774,163021
16775,163021
16776,163021
16777,163021
16778,163021
16779,163021
16780,163021
16781,163021
16782,163021
16783,163021
16784,163021
16785,163021
16786,163021
16787,163021
16788,163021
16789,163021
16790,163021
16791,163021
16792,163021
16793,163021
16794,163021
16795,163021
16796,163021
16797,163021
16798,163021
16799,163021
16800,163021
16801,163021
16802,163021
16803,163021
16804,163021
16805,163021
16806,163021
16807,163021
16808,163021
16809,163021
16810,163021
16811,163021
16812,163021
16813,163021
16814,163021
16815,163021
16816,163021
16817,163021
16818,163021
16819,163021
16820,163021
16821,163021
16822,163021
16823,163021
16824,163021
16825,163021
16826,163021
16827,163021
16828,163021
16829,163021
16830,163021
16831,163021
16832,163021
16833,163021
16834,163021
16835,163021
16836,163021
16837,163021
16838,163021
16839,163021
16840,163021
16841,163021
16842,163021
16843,163021
16844,163021
16845,163021
16846,163021
16847,163021
16848,163021
16849,163021
16850,163021
16851,163021
16852,163021
16853,163021
16854,163021
16855,163021
16856,163021
16857,163021
16858,163021
16859,163021
16860,163021
16861,163021
16862,163021
16863,163021
16864,163021
16865,163021
16866,163021
16867,163021
16868,163021
16869,163021
16870,163021
16871,163021
16872,163021
16873,163021
16874,163021
16875,163021
16876,163021
16877,163021
16878,163021
16879,163021
16880,163021
16881,163021
16882,163021
16883,163021
16884,163021
16885,163021
16886,163021
16887,163021
16888,163021
16889,163021
16890,163021
16891,163021
16892,163021
16893,163021
16894,163021
16895,163021
16896,163021
16897,163021
16898,163021
16899,163021
16900,163021
16901,163021
16902,163021
16903,163021
16904,163021
16905,163021
16906,163021
16907,163021
16908,163021
16909,163021
16910,163021
16911,163021
16912,163021
16913,163021
16914,163021
16915,163021
16916,163021
16917,163021
16918,163021
16919,163021
16920,163021
16921,163021
16922,163021
16923,163021
16924,163021
16925,163021
16926,163021
16927,163021
16928,163021
16929,163021
16930,163021
16931,163021
16932,163021
16933,163021
16934,163021
16935,163021
16936,163021
16937,163021
16938,163021
16939,163021
16940,163021
16941,163021
16942,163021
16943,163021
16944,163021
16945,163021
16946,163021
16947,163021
16948,163021
16949,163021
16950,163021
16951,163021
16952,163021
16953,163021
16954,163021
16955,163021
16956,163021
16957,163021
16958,163021
16959,163021
16960,163021
16961,163021
