tick,tiles
1,0
2,52
3,52
4,52
5,52
6,52
7,52
8,52
9,52
10,52
11,52
12,52
13,52
14,52
15,52
16,52
17,52
18,52
19,52
20,52
21,52
22,52
23,52
24,52
25,52
26,52
27,52
28,52
29,52
30,52
31,52
32,52
33,52
34,52
35,52
36,52
37,52
38,52
39,52
40,52
41,52
42,52
43,52
44,52
45,52
46,52
47,52
48,52
49,52
50,52
51,52
52,52
53,52
54,52
55,52
56,52
57,52
58,52
59,52
60,52
61,52
62,52
63,52
64,52
65,52
66,52
67,52
68,52
69,52
70,52
71,52
72,52
73,52
74,52
75,52
76,52
77,52
78,52
79,52
80,52
81,52
82,52
83,52
84,52
85,52
86,52
87,52
88,52
89,52
90,52
91,52
92,52
93,52
94,52
95,52
96,52
97,52
98,52
99,52
100,52
101,52
102,52
103,52
104,52
105,52
106,52
107,52
108,52
109,52
110,52
111,52
112,52
113,52
114,52
115,52
116,52
117,52
118,52
119,52
120,52
121,52
122,52
123,52
124,52
125,52
126,52
127,52
128,52
129,52
130,52
131,52
132,52
133,52
134,52
135,52
136,52
137,52
138,52
139,52
140,52
141,52
142,52
143,52
144,64
145,76
146,90
147,105
148,123
149,141
150,161
151,184
152,207
153,232
154,258
155,284
156,312
157,341
158,371
159,403
160,437
161,470
162,506
163,544
164,582
165,620
166,658
167,698
168,742
169,785
170,831
171,879
172,928
173,977
174,1030
175,1082
176,1135
177,1191
178,1247
179,1307
180,1369
181,1433
182,1496
183,1560
184,1627
185,1694
186,1762
187,1830
188,1901
189,1974
190,2043
191,2105
192,2159
193,2206
194,2279
195,2352
196,2424
197,2497
198,2574
199,2654
200,2734
201,2810
202,2875
203,2928
204,2973
205,3010
206,3040
207,3066
208,3085
209,3101
210,3115
211,3126
212,3136
213,3144
214,3150
215,3155
216,3159
217,3163
218,3167
219,3171
220,3175
221,3179
222,3180
223,3180
224,3180
225,3180
226,3180
227,3180
228,3180
229,3180
230,3180
231,3180
232,3180
233,3180
234,3180
235,3180
236,3180
237,3180
238,3180
239,3180
240,3180
241,3180
242,3180
243,3180
244,3255
245,3329
246,3405
247,3485
248,3568
249,3650
250,3734
251,3816
252,3881
253,3936
254,3982
255,4019
256,4050
257,4073
258,4093
259,4108
260,4120
261,4129
262,4137
263,4144
264,4149
265,4154
266,4159
267,4164
268,4168
269,4168
270,4168
271,4168
272,4168
273,4168
274,4168
275,4168
276,4168
277,4168
278,4168
279,4168
280,4168
281,4168
282,4168
283,4168
284,4168
285,4168
286,4168
287,4168
288,4168
289,4168
290,4168
291,4168
292,4168
293,4168
294,4168
295,4168
296,4168
297,4168
298,4168
299,4168
300,4168
301,4168
302,4168
303,4168
304,4168
305,4168
306,4168
307,4168
308,4168
309,4168
310,4168
311,4168
312,4168
313,4168
314,4253
315,4334
316,4415
317,4499
318,4584
319,4671
320,4762
321,4855
322,4947
323,5041
324,5139
325,5234
326,5320
327,5389
328,5440
329,5482
330,5514
331,5540
332,5559
333,5574
334,5586
335,5595
336,5602
337,5608
338,5613
339,5618
340,5623
341,5626
342,5626
343,5626
344,5626
345,5626
346,5626
347,5626
348,5626
349,5626
350,5626
351,5626
352,5626
353,5626
354,5724
355,5818
356,5914
357,6014
358,6110
359,6209
360,6306
361,6403
362,6503
363,6608
364,6712
365,6809
366,6908
367,7007
368,7107
369,7209
370,7311
371,7408
372,7508
373,7611
374,7711
375,7809
376,7909
377,8009
378,8111
379,8209
380,8293
381,8358
382,8407
383,8447
384,8477
385,8501
386,8520
387,8536
388,8548
389,8557
390,8564
391,8570
392,8575
393,8580
394,8585
395,8588
396,8588
397,8588
398,8588
399,8588
400,8588
401,8588
402,8588
403,8588
404,8588
405,8588
406,8588
407,8588
408,8588
409,8588
410,8588
411,8588
412,8588
413,8588
414,8682
415,8773
416,8867
417,8958
418,9051
419,9148
420,9243
421,9334
422,9426
423,9522
424,9615
425,9703
426,9793
427,9879
428,9965
429,10051
430,10134
431,10216
432,10301
433,10384
434,10464
435,10543
436,10622
437,10704
438,10786
439,10865
440,10947
441,11028
442,11107
443,11186
444,11265
445,11341
446,11416
447,11490
448,11564
449,11637
450,11712
451,11787
452,11860
453,11936
454,12007
455,12076
456,12146
457,12215
458,12286
459,12359
460,12433
461,12503
462,12577
463,12651
464,12726
465,12799
466,12873
467,12948
468,13023
469,13101
470,13179
471,13256
472,13336
473,13417
474,13498
475,13580
476,13663
477,13748
478,13830
479,13909
480,13988
481,14066
482,14144
483,14222
484,14298
485,14372
486,14447
487,14522
488,14598
489,14674
490,14752
491,14831
492,14909
493,14988
494,15065
495,15140
496,15216
497,15291
498,15370
499,15446
500,15523
501,15600
502,15679
503,15759
504,15841
505,15923
506,16005
507,16086
508,16166
509,16246
510,16327
511,16406
512,16485
513,16568
514,16648
515,16728
516,16807
517,16886
518,16966
519,17045
520,17123
521,17204
522,17282
523,17363
524,17444
525,17523
526,17602
527,17681
528,17760
529,17841
530,17923
531,18005
532,18086
533,18168
534,18251
535,18335
536,18417
537,18499
538,18573
539,18633
540,18683
541,18723
542,18756
543,18783
544,18868
545,18952
546,19035
547,19119
548,19205
549,19290
550,19375
551,19458
552,19534
553,19595
554,19645
555,19684
556,19716
557,19740
558,19761
559,19777
560,19791
561,19802
562,19811
563,19818
564,19824
565,19829
566,19834
567,19839
568,19844
569,19847
570,19847
571,19847
572,19847
573,19847
574,19847
575,19847
576,19847
577,19847
578,19847
579,19847
580,19847
581,19847
582,19847
583,19847
584,19847
585,19847
586,19847
587,19847
588,19847
589,19847
590,19847
591,19847
592,19847
593,19847
594,19847
595,19847
596,19847
597,19847
598,19847
599,19847
600,19847
601,19847
602,19847
603,19847
604,19930
605,20012
606,20096
607,20177
608,20255
609,20323
610,20380
611,20427
612,20463
613,20493
614,20576
615,20659
616,20743
617,20824
618,20904
619,20981
620,21045
621,21097
622,21140
623,21176
624,21260
625,21342
626,21427
627,21512
628,21597
629,21669
630,21728
631,21777
632,21814
633,21845
634,21932
635,22017
636,22102
637,22185
638,22257
639,22316
640,22365
641,22402
642,22433
643,22457
644,22545
645,22632
646,22717
647,22787
648,22847
649,22895
650,22934
651,22965
652,22990
653,23011
654,23099
655,23184
656,23261
657,23322
658,23373
659,23412
660,23446
661,23472
662,23494
663,23511
664,23598
665,23678
666,23744
667,23797
668,23841
669,23877
670,23906
671,23930
672,23949
673,23964
674,24044
675,24117
676,24178
677,24228
678,24270
679,24304
680,24332
681,24354
682,24373
683,24389
684,24466
685,24535
686,24591
687,24638
688,24678
689,24711
690,24738
691,24760
692,24778
693,24793
694,24868
695,24933
696,24986
697,25028
698,25065
699,25094
700,25119
701,25140
702,25157
703,25170
704,25242
705,25302
706,25351
707,25392
708,25425
709,25453
710,25476
711,25495
712,25510
713,25523
714,25590
715,25646
716,25692
717,25730
718,25760
719,25785
720,25805
721,25822
722,25836
723,25848
724,25911
725,25963
726,26005
727,26040
728,26068
729,26092
730,26111
731,26127
732,26141
733,26152
734,26211
735,26261
736,26301
737,26335
738,26362
739,26385
740,26404
741,26420
742,26433
743,26444
744,26500
745,26547
746,26585
747,26617
748,26643
749,26665
750,26683
751,26697
752,26709
753,26718
754,26772
755,26817
756,26854
757,26884
758,26910
759,26930
760,26946
761,26960
762,26972
763,26982
764,27034
765,27078
766,27113
767,27142
768,27165
769,27185
770,27201
771,27214
772,27224
773,27233
774,27284
775,27325
776,27359
777,27386
778,27409
779,27428
780,27443
781,27456
782,27466
783,27474
784,27522
785,27560
786,27593
787,27619
788,27641
789,27659
790,27673
791,27685
792,27695
793,27703
794,27748
795,27786
796,27817
797,27842
798,27862
799,27880
800,27894
801,27906
802,27916
803,27924
804,27966
805,28001
806,28032
807,28057
808,28077
809,28093
810,28106
811,28118
812,28127
813,28134
814,28175
815,28209
816,28238
817,28261
818,28280
819,28296
820,28309
821,28319
822,28328
823,28335
824,28374
825,28406
826,28434
827,28456
828,28476
829,28492
830,28505
831,28515
832,28524
833,28531
834,28569
835,28600
836,28627
837,28649
838,28667
839,28682
840,28695
841,28706
842,28715
843,28722
844,28759
845,28790
846,28816
847,28838
848,28855
849,28870
850,28883
851,28893
852,28901
853,28908
854,28944
855,28974
856,28999
857,29020
858,29037
859,29051
860,29063
861,29073
862,29081
863,29087
864,29122
865,29151
866,29175
867,29196
868,29213
869,29227
870,29239
871,29248
872,29256
873,29262
874,29297
875,29325
876,29349
877,29369
878,29385
879,29399
880,29410
881,29420
882,29428
883,29434
884,29468
885,29495
886,29519
887,29538
888,29553
889,29566
890,29577
891,29586
892,29594
893,29600
894,29632
895,29658
896,29681
897,29700
898,29715
899,29728
900,29738
901,29747
902,29755
903,29762
904,29794
905,29819
906,29841
907,29860
908,29874
909,29887
910,29897
911,29906
912,29914
913,29920
914,29952
915,29976
916,29997
917,30015
918,30031
919,30043
920,30054
921,30063
922,30070
923,30076
924,30107
925,30133
926,30153
927,30171
928,30186
929,30198
930,30208
931,30216
932,30223
933,30229
934,30260
935,30285
936,30304
937,30321
938,30336
939,30348
940,30358
941,30366
942,30373
943,30379
944,30409
945,30435
946,30453
947,30470
948,30485
949,30497
950,30507
951,30515
952,30522
953,30528
954,30557
955,30581
956,30600
957,30617
958,30631
959,30643
960,30652
961,30660
962,30666
963,30672
964,30700
965,30724
966,30742
967,30759
968,30773
969,30785
970,30794
971,30802
972,30809
973,30815
974,30844
975,30868
976,30886
977,30903
978,30917
979,30928
980,30937
981,30945
982,30952
983,30958
984,30985
985,31009
986,31027
987,31043
988,31057
989,31069
990,31078
991,31086
992,31092
993,31097
994,31125
995,31149
996,31167
997,31183
998,31197
999,31208
1000,31217
1001,31225
1002,31231
1003,31237
1004,31264
1005,31288
1006,31307
1007,31322
1008,31335
1009,31347
1010,31356
1011,31363
1012,31370
1013,31375
1014,31403
1015,31427
1016,31444
1017,31460
1018,31473
1019,31484
1020,31493
1021,31500
1022,31507
1023,31512
1024,31539
1025,31562
1026,31580
1027,31596
1028,31609
1029,31620
1030,31629
1031,31636
1032,31643
1033,31648
1034,31675
1035,31699
1036,31717
1037,31733
1038,31746
1039,31757
1040,31766
1041,31773
1042,31779
1043,31784
1044,31812
1045,31835
1046,31852
1047,31868
1048,31881
1049,31892
1050,31901
1051,31908
1052,31914
1053,31919
1054,31947
1055,31970
1056,31987
1057,32003
1058,32016
1059,32026
1060,32035
1061,32042
1062,32048
1063,32053
1064,32080
1065,32103
1066,32121
1067,32136
1068,32149
1069,32159
1070,32168
1071,32175
1072,32180
1073,32185
1074,32212
1075,32235
1076,32253
1077,32268
1078,32280
1079,32290
1080,32299
1081,32306
1082,32312
1083,32317
1084,32344
1085,32367
1086,32385
1087,32400
1088,32413
1089,32423
1090,32431
1091,32438
1092,32444
1093,32449
1094,32476
1095,32498
1096,32516
1097,32531
1098,32543
1099,32553
1100,32561
1101,32568
1102,32574
1103,32579
1104,32605
1105,32627
1106,32645
1107,32659
1108,32671
1109,32681
1110,32689
1111,32696
1112,32701
1113,32706
1114,32732
1115,32754
1116,32772
1117,32786
1118,32799
1119,32809
1120,32817
1121,32824
1122,32829
1123,32833
1124,32860
1125,32882
1126,32899
1127,32913
1128,32925
1129,32935
1130,32943
1131,32950
1132,32956
1133,32961
1134,32987
1135,33009
1136,33027
1137,33041
1138,33053
1139,33063
1140,33072
1141,33079
1142,33085
1143,33090
1144,33116
1145,33138
1146,33156
1147,33170
1148,33182
1149,33192
1150,33200
1151,33207
1152,33212
1153,33217
1154,33244
1155,33266
1156,33283
1157,33297
1158,33309
1159,33319
1160,33327
1161,33334
1162,33339
1163,33344
1164,33370
1165,33392
1166,33410
1167,33424
1168,33436
1169,33446
1170,33454
1171,33461
1172,33466
1173,33471
1174,33497
1175,33519
1176,33536
1177,33550
1178,33562
1179,33572
1180,33580
1181,33586
1182,33591
1183,33596
1184,33623
1185,33645
1186,33662
1187,33676
1188,33688
1189,33698
1190,33706
1191,33712
1192,33717
1193,33722
1194,33748
1195,33769
1196,33786
1197,33799
1198,33811
1199,33820
1200,33828
1201,33834
1202,33839
1203,33844
1204,33871
1205,33893
1206,33911
1207,33924
1208,33936
1209,33946
1210,33954
1211,33960
1212,33965
1213,33970
1214,33997
1215,34019
1216,34036
1217,34050
1218,34062
1219,34071
1220,34079
1221,34085
1222,34090
1223,34095
1224,34121
1225,34143
1226,34161
1227,34175
1228,34187
1229,34197
1230,34205
1231,34211
1232,34216
1233,34221
1234,34247
1235,34269
1236,34287
1237,34301
1238,34313
1239,34322
1240,34330
1241,34336
1242,34341
1243,34346
1244,34372
1245,34394
1246,34412
1247,34426
1248,34438
1249,34447
1250,34455
1251,34461
1252,34466
1253,34471
1254,34497
1255,34518
1256,34535
1257,34549
1258,34561
1259,34570
1260,34578
1261,34584
1262,34589
1263,34594
1264,34620
1265,34642
1266,34659
1267,34673
1268,34685
1269,34694
1270,34702
1271,34708
1272,34713
1273,34718
1274,34744
1275,34765
1276,34783
1277,34796
1278,34807
1279,34816
1280,34823
1281,34829
1282,34834
1283,34839
1284,34865
1285,34887
1286,34905
1287,34918
1288,34928
1289,34938
1290,34946
1291,34952
1292,34957
1293,34962
1294,34988
1295,35009
1296,35027
1297,35041
1298,35052
1299,35061
1300,35069
1301,35075
1302,35080
1303,35085
1304,35111
1305,35133
1306,35151
1307,35165
1308,35177
1309,35186
1310,35194
1311,35200
1312,35205
1313,35210
1314,35236
1315,35257
1316,35274
1317,35287
1318,35299
1319,35308
1320,35316
1321,35322
1322,35327
1323,35332
1324,35358
1325,35380
1326,35397
1327,35411
1328,35422
1329,35431
1330,35439
1331,35445
1332,35450
1333,35455
1334,35481
1335,35503
1336,35521
1337,35535
1338,35546
1339,35555
1340,35563
1341,35569
1342,35574
1343,35579
1344,35605
1345,35626
1346,35643
1347,35656
1348,35667
1349,35676
1350,35684
1351,35690
1352,35695
1353,35700
1354,35727
1355,35749
1356,35767
1357,35780
1358,35791
1359,35800
1360,35807
1361,35813
1362,35818
1363,35823
1364,35849
1365,35870
1366,35888
1367,35902
1368,35913
1369,35922
1370,35929
1371,35935
1372,35940
1373,35945
1374,35971
1375,35992
1376,36010
1377,36024
1378,36035
1379,36044
1380,36052
1381,36058
1382,36063
1383,36068
1384,36094
1385,36115
1386,36132
1387,36146
1388,36157
1389,36166
1390,36174
1391,36180
1392,36185
1393,36190
1394,36216
1395,36238
1396,36255
1397,36269
1398,36280
1399,36289
1400,36297
1401,36303
1402,36308
1403,36313
1404,36339
1405,36360
1406,36377
1407,36391
1408,36402
1409,36411
1410,36419
1411,36425
1412,36430
1413,36435
1414,36461
1415,36482
1416,36499
1417,36513
1418,36524
1419,36533
1420,36541
1421,36547
1422,36552
1423,36557
1424,36583
1425,36604
1426,36621
1427,36635
1428,36647
1429,36656
1430,36664
1431,36670
1432,36675
1433,36680
1434,36706
1435,36727
1436,36744
1437,36758
1438,36769
1439,36778
1440,36786
1441,36792
1442,36797
1443,36802
1444,36827
1445,36848
1446,36865
1447,36879
1448,36890
1449,36899
1450,36907
1451,36913
1452,36918
1453,36923
1454,36949
1455,36971
1456,36989
1457,37002
1458,37013
1459,37022
1460,37030
1461,37036
1462,37041
1463,37046
1464,37071
1465,37092
1466,37109
1467,37123
1468,37134
1469,37143
1470,37151
1471,37157
1472,37162
1473,37167
1474,37193
1475,37214
1476,37231
1477,37245
1478,37256
1479,37265
1480,37273
1481,37279
1482,37284
1483,37289
1484,37315
1485,37336
1486,37353
1487,37366
1488,37377
1489,37386
1490,37393
1491,37399
1492,37404
1493,37409
1494,37435
1495,37457
1496,37474
1497,37487
1498,37499
1499,37508
1500,37516
1501,37522
1502,37527
1503,37532
1504,37558
1505,37579
1506,37597
1507,37611
1508,37622
1509,37631
1510,37638
1511,37644
1512,37649
1513,37654
1514,37680
1515,37701
1516,37718
1517,37731
1518,37742
1519,37752
1520,37760
1521,37766
1522,37771
1523,37776
1524,37802
1525,37823
1526,37841
1527,37854
1528,37865
1529,37874
1530,37882
1531,37888
1532,37893
1533,37898
1534,37924
1535,37945
1536,37962
1537,37976
1538,37987
1539,37996
1540,38003
1541,38009
1542,38014
1543,38019
1544,38045
1545,38066
1546,38083
1547,38095
1548,38106
1549,38115
1550,38123
1551,38129
1552,38134
1553,38139
1554,38164
1555,38185
1556,38202
1557,38215
1558,38226
1559,38235
1560,38243
1561,38249
1562,38254
1563,38259
1564,38285
1565,38306
1566,38323
1567,38337
1568,38348
1569,38357
1570,38365
1571,38371
1572,38376
1573,38381
1574,38406
1575,38427
1576,38444
1577,38457
1578,38468
1579,38477
1580,38484
1581,38490
1582,38495
1583,38500
1584,38525
1585,38546
1586,38564
1587,38577
1588,38588
1589,38597
1590,38605
1591,38611
1592,38616
1593,38621
1594,38647
1595,38668
1596,38685
1597,38698
1598,38710
1599,38719
1600,38727
1601,38733
1602,38738
1603,38743
1604,38769
1605,38791
1606,38808
1607,38821
1608,38832
1609,38841
1610,38849
1611,38855
1612,38860
1613,38865
1614,38891
1615,38912
1616,38929
1617,38943
1618,38954
1619,38963
1620,38971
1621,38977
1622,38982
1623,38987
1624,39013
1625,39034
1626,39051
1627,39065
1628,39075
1629,39084
1630,39091
1631,39097
1632,39102
1633,39107
1634,39133
1635,39154
1636,39171
1637,39185
1638,39196
1639,39205
1640,39213
1641,39219
1642,39224
1643,39229
1644,39255
1645,39276
1646,39294
1647,39308
1648,39319
1649,39328
1650,39336
1651,39342
1652,39347
1653,39352
1654,39378
1655,39399
1656,39416
1657,39430
1658,39441
1659,39450
1660,39458
1661,39464
1662,39469
1663,39474
1664,39500
1665,39521
1666,39538
1667,39552
1668,39563
1669,39572
1670,39580
1671,39586
1672,39591
1673,39596
1674,39622
1675,39643
1676,39660
1677,39674
1678,39686
1679,39695
1680,39703
1681,39709
1682,39714
1683,39719
1684,39745
1685,39766
1686,39783
1687,39797
1688,39808
1689,39817
1690,39825
1691,39831
1692,39836
1693,39841
1694,39867
1695,39888
1696,39905
1697,39919
1698,39930
1699,39939
1700,39947
1701,39953
1702,39958
1703,39963
1704,39989
1705,40010
1706,40027
1707,40040
1708,40052
1709,40061
1710,40069
1711,40075
1712,40080
1713,40085
1714,40111
1715,40132
1716,40149
1717,40163
1718,40174
1719,40183
1720,40191
1721,40197
1722,40202
1723,40207
1724,40233
1725,40254
1726,40271
1727,40285
1728,40296
1729,40305
1730,40313
1731,40319
1732,40324
1733,40329
1734,40355
1735,40376
1736,40393
1737,40407
1738,40418
1739,40427
1740,40435
1741,40441
1742,40446
1743,40451
1744,40477
1745,40498
1746,40515
1747,40529
1748,40540
1749,40549
1750,40557
1751,40563
1752,40568
1753,40573
1754,40599
1755,40621
1756,40638
1757,40652
1758,40663
1759,40672
1760,40680
1761,40686
1762,40691
1763,40696
1764,40722
1765,40743
1766,40760
1767,40774
1768,40785
1769,40795
1770,40803
1771,40809
1772,40814
1773,40819
1774,40845
1775,40867
1776,40884
1777,40898
1778,40909
1779,40918
1780,40926
1781,40932
1782,40937
1783,40942
1784,40968
1785,40989
1786,41007
1787,41021
1788,41032
1789,41041
1790,41049
1791,41055
1792,41060
1793,41065
1794,41092
1795,41114
1796,41131
1797,41145
1798,41156
1799,41165
1800,41172
1801,41178
1802,41183
1803,41188
1804,41214
1805,41236
1806,41253
1807,41267
1808,41278
1809,41287
1810,41294
1811,41300
1812,41305
1813,41310
1814,41337
1815,41359
1816,41377
1817,41391
1818,41402
1819,41411
1820,41418
1821,41424
1822,41429
1823,41434
1824,41460
1825,41482
1826,41499
1827,41513
1828,41524
1829,41533
1830,41540
1831,41546
1832,41551
1833,41556
1834,41582
1835,41604
1836,41622
1837,41636
1838,41647
1839,41656
1840,41663
1841,41669
1842,41674
1843,41679
1844,41705
1845,41727
1846,41745
1847,41759
1848,41770
1849,41779
1850,41786
1851,41792
1852,41797
1853,41802
1854,41828
1855,41849
1856,41866
1857,41879
1858,41890
1859,41899
1860,41906
1861,41912
1862,41917
1863,41922
1864,41948
1865,41970
1866,41987
1867,42000
1868,42011
1869,42020
1870,42027
1871,42033
1872,42038
1873,42043
1874,42069
1875,42091
1876,42109
1877,42123
1878,42134
1879,42143
1880,42150
1881,42156
1882,42161
1883,42166
1884,42192
1885,42213
1886,42230
1887,42244
1888,42255
1889,42264
1890,42272
1891,42278
1892,42283
1893,42288
1894,42314
1895,42335
1896,42352
1897,42366
1898,42377
1899,42386
1900,42393
1901,42399
1902,42404
1903,42409
1904,42435
1905,42457
1906,42474
1907,42488
1908,42499
1909,42508
1910,42515
1911,42521
1912,42526
1913,42531
1914,42557
1915,42579
1916,42596
1917,42610
1918,42621
1919,42630
1920,42638
1921,42644
1922,42649
1923,42654
1924,42680
1925,42702
1926,42719
1927,42732
1928,42743
1929,42752
1930,42760
1931,42766
1932,42771
1933,42776
1934,42802
1935,42823
1936,42840
1937,42854
1938,42865
1939,42874
1940,42882
1941,42888
1942,42893
1943,42898
1944,42924
1945,42946
1946,42964
1947,42978
1948,42989
1949,42998
1950,43005
1951,43011
1952,43016
1953,43021
1954,43047
1955,43068
1956,43085
1957,43099
1958,43110
1959,43119
1960,43127
1961,43133
1962,43138
1963,43143
1964,43169
1965,43190
1966,43207
1967,43221
1968,43232
1969,43241
1970,43249
1971,43255
1972,43260
1973,43265
1974,43291
1975,43312
1976,43330
1977,43344
1978,43355
1979,43364
1980,43371
1981,43377
1982,43382
1983,43387
1984,43413
1985,43435
1986,43452
1987,43466
1988,43477
1989,43486
1990,43494
1991,43500
1992,43505
1993,43510
1994,43536
1995,43557
1996,43574
1997,43588
1998,43599
1999,43608
2000,43616
2001,43622
2002,43627
2003,43632
2004,43658
2005,43679
2006,43697
2007,43711
2008,43722
2009,43731
2010,43738
2011,43744
2012,43750
2013,43756
2014,43762
2015,43768
2016,43773
2017,43774
2018,43775
2019,43776
2020,43777
2021,43778
2022,43779
2023,43780
2024,43782
2025,43783
2026,43785
2027,43787
2028,43789
2029,43791
2030,43793
2031,43795
2032,43797
2033,43799
2034,43801
2035,43803
2036,43805
2037,43807
2038,43809
2039,43811
2040,43813
2041,43815
2042,43817
2043,43819
2044,43889
2045,43947
2046,43994
2047,44033
2048,44064
2049,44091
2050,44111
2051,44129
2052,44144
2053,44156
2054,44229
2055,44289
2056,44336
2057,44377
2058,44411
2059,44438
2060,44462
2061,44480
2062,44496
2063,44509
2064,44579
2065,44637
2066,44685
2067,44724
2068,44756
2069,44782
2070,44805
2071,44823
2072,44838
2073,44851
2074,44917
2075,44972
2076,45017
2077,45054
2078,45085
2079,45111
2080,45131
2081,45149
2082,45164
2083,45176
2084,45239
2085,45291
2086,45334
2087,45369
2088,45397
2089,45421
2090,45441
2091,45457
2092,45471
2093,45483
2094,45542
2095,45590
2096,45629
2097,45662
2098,45690
2099,45713
2100,45732
2101,45748
2102,45762
2103,45774
2104,45829
2105,45874
2106,45910
2107,45940
2108,45965
2109,45987
2110,46005
2111,46020
2112,46033
2113,46044
2114,46095
2115,46137
2116,46171
2117,46200
2118,46225
2119,46246
2120,46263
2121,46278
2122,46291
2123,46302
2124,46348
2125,46388
2126,46422
2127,46450
2128,46474
2129,46494
2130,46511
2131,46525
2132,46537
2133,46548
2134,46593
2135,46630
2136,46662
2137,46688
2138,46712
2139,46731
2140,46748
2141,46763
2142,46775
2143,46786
2144,46830
2145,46866
2146,46898
2147,46925
2148,46947
2149,46966
2150,46983
2151,46997
2152,47009
2153,47019
2154,47061
2155,47096
2156,47126
2157,47152
2158,47174
2159,47193
2160,47209
2161,47222
2162,47233
2163,47243
2164,47284
2165,47318
2166,47347
2167,47371
2168,47391
2169,47408
2170,47423
2171,47435
2172,47445
2173,47454
2174,47494
2175,47526
2176,47554
2177,47577
2178,47597
2179,47614
2180,47628
2181,47639
2182,47649
2183,47657
2184,47694
2185,47724
2186,47750
2187,47772
2188,47790
2189,47806
2190,47819
2191,47830
2192,47840
2193,47848
2194,47883
2195,47914
2196,47939
2197,47961
2198,47979
2199,47995
2200,48008
2201,48019
2202,48028
2203,48036
2204,48071
2205,48099
2206,48123
2207,48143
2208,48160
2209,48175
2210,48188
2211,48199
2212,48208
2213,48216
2214,48248
2215,48274
2216,48297
2217,48317
2218,48334
2219,48349
2220,48362
2221,48373
2222,48382
2223,48390
2224,48422
2225,48448
2226,48471
2227,48491
2228,48508
2229,48523
2230,48536
2231,48547
2232,48556
2233,48564
2234,48594
2235,48619
2236,48641
2237,48660
2238,48677
2239,48692
2240,48704
2241,48715
2242,48724
2243,48732
2244,48761
2245,48785
2246,48806
2247,48824
2248,48840
2249,48854
2250,48866
2251,48876
2252,48885
2253,48893
2254,48920
2255,48943
2256,48963
2257,48981
2258,48996
2259,49010
2260,49022
2261,49032
2262,49042
2263,49050
2264,49075
2265,49096
2266,49116
2267,49133
2268,49147
2269,49161
2270,49173
2271,49184
2272,49193
2273,49202
2274,49227
2275,49249
2276,49268
2277,49286
2278,49301
2279,49315
2280,49327
2281,49338
2282,49348
2283,49357
2284,49382
2285,49405
2286,49425
2287,49442
2288,49457
2289,49471
2290,49483
2291,49494
2292,49504
2293,49512
2294,49536
2295,49558
2296,49577
2297,49594
2298,49609
2299,49622
2300,49634
2301,49645
2302,49655
2303,49664
2304,49687
2305,49707
2306,49726
2307,49743
2308,49758
2309,49771
2310,49783
2311,49793
2312,49802
2313,49811
2314,49834
2315,49854
2316,49872
2317,49888
2318,49902
2319,49914
2320,49925
2321,49935
2322,49944
2323,49953
2324,49975
2325,49994
2326,50012
2327,50028
2328,50042
2329,50055
2330,50067
2331,50078
2332,50087
2333,50095
2334,50117
2335,50136
2336,50153
2337,50168
2338,50182
2339,50194
2340,50205
2341,50215
2342,50225
2343,50233
2344,50253
2345,50272
2346,50289
2347,50305
2348,50319
2349,50332
2350,50344
2351,50355
2352,50365
2353,50374
2354,50394
2355,50412
2356,50429
2357,50445
2358,50459
2359,50472
2360,50484
2361,50495
2362,50505
2363,50514
2364,50534
2365,50553
2366,50570
2367,50585
2368,50599
2369,50613
2370,50625
2371,50636
2372,50646
2373,50655
2374,50675
2375,50693
2376,50709
2377,50725
2378,50739
2379,50752
2380,50763
2381,50774
2382,50785
2383,50795
2384,50805
2385,50813
2386,50822
2387,50830
2388,50838
2389,50845
2390,50852
2391,50859
2392,50865
2393,50871
2394,50876
2395,50881
2396,50886
2397,50891
2398,50896
2399,50900
2400,50904
2401,50908
2402,50912
2403,50916
2404,50920
2405,50924
2406,50928
2407,50932
2408,50936
2409,50940
2410,50942
2411,50943
2412,50944
2413,50945
2414,50946
2415,50947
2416,50948
2417,50948
2418,50948
2419,50948
2420,50948
2421,50948
2422,50948
2423,50948
2424,50965
2425,50981
2426,50996
2427,51009
2428,51021
2429,51033
2430,51043
2431,51053
2432,51062
2433,51071
2434,51094
2435,51116
2436,51137
2437,51157
2438,51175
2439,51192
2440,51208
2441,51222
2442,51235
2443,51247
2444,51275
2445,51300
2446,51323
2447,51345
2448,51365
2449,51383
2450,51399
2451,51414
2452,51428
2453,51441
2454,51467
2455,51490
2456,51512
2457,51532
2458,51550
2459,51568
2460,51583
2461,51597
2462,51610
2463,51622
2464,51645
2465,51666
2466,51684
2467,51701
2468,51716
2469,51730
2470,51744
2471,51756
2472,51768
2473,51779
2474,51797
2475,51813
2476,51828
2477,51842
2478,51856
2479,51868
2480,51880
2481,51892
2482,51904
2483,51915
2484,51933
2485,51951
2486,51968
2487,51985
2488,52002
2489,52018
2490,52034
2491,52048
2492,52061
2493,52074
2494,52093
2495,52113
2496,52131
2497,52148
2498,52165
2499,52181
2500,52197
2501,52212
2502,52227
2503,52241
2504,52262
2505,52281
2506,52300
2507,52316
2508,52333
2509,52349
2510,52366
2511,52381
2512,52396
2513,52411
2514,52432
2515,52453
2516,52474
2517,52493
2518,52512
2519,52531
2520,52549
2521,52566
2522,52581
2523,52596
2524,52618
2525,52638
2526,52657
2527,52672
2528,52688
2529,52702
2530,52716
2531,52728
2532,52739
2533,52750
2534,52762
2535,52771
2536,52779
2537,52787
2538,52795
2539,52801
2540,52806
2541,52810
2542,52813
2543,52814
2544,52814
2545,52814
2546,52814
2547,52814
2548,52814
2549,52814
2550,52814
2551,52814
2552,52814
2553,52814
2554,52814
2555,52814
2556,52814
2557,52814
2558,52814
2559,52814
2560,52814
2561,52814
2562,52814
2563,52814
2564,52814
2565,52814
2566,52814
2567,52814
2568,52814
2569,52814
2570,52814
2571,52814
2572,52814
2573,52814
2574,52814
2575,52814
2576,52814
2577,52814
2578,52814
2579,52814
2580,52814
2581,52814
2582,52814
2583,52814
2584,52814
2585,52814
2586,52814
2587,52814
2588,52814
2589,52814
2590,52814
2591,52814
2592,52814
2593,52814
2594,52814
2595,52814
2596,52814
2597,52814
2598,52814
2599,52814
2600,52814
2601,52814
2602,52814
2603,52814
2604,52814
2605,52814
2606,52814
2607,52814
2608,52814
2609,52814
2610,52814
2611,52814
2612,52814
2613,52814
2614,52814
2615,52814
2616,52814
2617,52814
2618,52814
2619,52814
2620,52814
2621,52814
2622,52814
2623,52814
2624,52814
2625,52814
2626,52814
2627,52814
2628,52814
2629,52814
2630,52814
2631,52814
2632,52814
2633,52814
2634,52814
2635,52814
2636,52814
2637,52814
2638,52814
2639,52814
2640,52814
2641,52814
2642,52815
2643,52816
2644,52817
2645,52818
2646,52819
2647,52820
2648,52821
2649,52822
2650,52823
2651,52824
2652,52825
2653,52826
2654,52827
2655,52828
2656,52829
2657,52830
2658,52831
2659,52832
2660,52833
2661,52834
2662,52835
2663,52836
2664,52837
2665,52838
2666,52839
2667,52840
2668,52841
2669,52842
2670,52843
2671,52844
2672,52845
2673,52846
2674,52847
2675,52847
2676,52847
2677,52847
2678,52847
2679,52847
2680,52847
2681,52847
2682,52847
2683,52847
2684,52847
2685,52848
2686,52849
2687,52850
2688,52851
2689,52852
2690,52853
2691,52854
2692,52855
2693,52856
2694,52857
2695,52858
2696,52859
2697,52860
2698,52861
2699,52863
2700,52865
2701,52867
2702,52869
2703,52871
2704,52873
2705,52875
2706,52877
2707,52879
2708,52881
2709,52883
2710,52885
2711,52887
2712,52889
2713,52891
2714,52893
2715,52895
2716,52897
2717,52899
2718,52901
2719,52903
2720,52905
2721,52907
2722,52909
2723,52911
2724,52913
2725,52915
2726,52918
2727,52920
2728,52922
2729,52924
2730,52927
2731,52930
2732,52933
2733,52937
2734,52941
2735,52944
2736,52947
2737,52951
2738,52955
2739,52959
2740,52965
2741,52971
2742,52977
2743,52983
2744,52989
2745,52994
2746,53000
2747,53006
2748,53012
2749,53018
2750,53024
2751,53030
2752,53036
2753,53043
2754,53049
2755,53055
2756,53061
2757,53067
2758,53073
2759,53080
2760,53086
2761,53093
2762,53099
2763,53105
2764,53112
2765,53118
2766,53124
2767,53130
2768,53136
2769,53143
2770,53150
2771,53157
2772,53163
2773,53169
2774,53177
2775,53183
2776,53188
2777,53194
2778,53200
2779,53207
2780,53213
2781,53219
2782,53225
2783,53231
2784,53237
2785,53243
2786,53249
2787,53255
2788,53261
2789,53267
2790,53273
2791,53278
2792,53287
2793,53295
2794,53303
2795,53311
2796,53320
2797,53328
2798,53336
2799,53344
2800,53350
2801,53358
2802,53364
2803,53370
2804,53376
2805,53384
2806,53390
2807,53396
2808,53403
2809,53409
2810,53415
2811,53421
2812,53427
2813,53433
2814,53439
2815,53445
2816,53451
2817,53457
2818,53463
2819,53469
2820,53475
2821,53481
2822,53487
2823,53493
2824,53499
2825,53505
2826,53511
2827,53517
2828,53522
2829,53528
2830,53534
2831,53539
2832,53545
2833,53550
2834,53556
2835,53561
2836,53566
2837,53571
2838,53577
2839,53582
2840,53587
2841,53592
2842,53597
2843,53603
2844,53609
2845,53614
2846,53619
2847,53624
2848,53629
2849,53634
2850,53639
2851,53644
2852,53649
2853,53654
2854,53659
2855,53664
2856,53669
2857,53674
2858,53679
2859,53684
2860,53689
2861,53694
2862,53700
2863,53706
2864,53712
2865,53717
2866,53723
2867,53729
2868,53735
2869,53741
2870,53747
2871,53753
2872,53759
2873,53765
2874,53771
2875,53777
2876,53782
2877,53788
2878,53793
2879,53799
2880,53803
2881,53807
2882,53811
2883,53815
2884,53819
2885,53823
2886,53826
2887,53829
2888,53832
2889,53835
2890,53838
2891,53841
2892,53844
2893,53847
2894,53850
2895,53853
2896,53856
2897,53859
2898,53862
2899,53865
2900,53868
2901,53871
2902,53874
2903,53877
2904,53880
2905,53883
2906,53886
2907,53889
2908,53892
2909,53895
2910,53898
2911,53901
2912,53904
2913,53907
2914,53910
2915,53913
2916,53916
2917,53919
2918,53922
2919,53925
2920,53928
2921,53931
2922,53934
2923,53937
2924,53940
2925,53943
2926,53946
2927,53949
2928,53952
2929,53955
2930,53958
2931,53961
2932,53964
2933,53967
2934,53970
2935,53973
2936,53976
2937,53979
2938,53982
2939,53985
2940,53988
2941,53991
2942,53994
2943,53997
2944,54000
2945,54003
2946,54006
2947,54009
2948,54012
2949,54015
2950,54018
2951,54020
2952,54022
2953,54024
2954,54026
2955,54028
2956,54030
2957,54032
2958,54034
2959,54036
2960,54038
2961,54039
2962,54040
2963,54041
2964,54042
2965,54043
2966,54044
2967,54045
2968,54046
2969,54047
2970,54048
2971,54049
2972,54050
2973,54051
2974,54052
2975,54053
2976,54054
2977,54055
2978,54056
2979,54057
2980,54058
2981,54059
2982,54060
2983,54061
2984,54062
2985,54063
2986,54064
2987,54065
2988,54066
2989,54067
2990,54068
2991,54069
2992,54070
2993,54071
2994,54072
2995,54073
2996,54074
2997,54075
2998,54076
2999,54077
3000,54078
3001,54079
3002,54080
3003,54081
3004,54082
3005,54083
3006,54084
3007,54085
3008,54085
3009,54085
3010,54085
3011,54085
3012,54085
3013,54085
3014,54085
3015,54085
3016,54085
3017,54085
3018,54085
3019,54085
3020,54085
3021,54085
3022,54085
3023,54085
3024,54085
3025,54085
3026,54085
3027,54085
3028,54085
3029,54085
3030,54085
3031,54085
3032,54085
3033,54085
3034,54085
3035,54085
3036,54085
3037,54085
3038,54085
3039,54085
3040,54085
3041,54085
3042,54085
3043,54085
3044,54085
3045,54085
3046,54085
3047,54085
3048,54085
3049,54085
3050,54085
3051,54085
3052,54085
3053,54085
3054,54085
3055,54085
3056,54085
3057,54085
3058,54085
3059,54085
3060,54085
3061,54085
3062,54085
3063,54085
3064,54085
3065,54085
3066,54085
3067,54085
3068,54085
3069,54085
3070,54085
3071,54085
3072,54085
3073,54085
3074,54085
3075,54085
3076,54085
3077,54085
3078,54085
3079,54085
3080,54085
3081,54085
3082,54085
3083,54085
3084,54085
3085,54085
3086,54085
3087,54085
3088,54085
3089,54085
3090,54085
3091,54085
3092,54085
3093,54085
3094,54085
3095,54085
3096,54085
3097,54085
3098,54085
3099,54085
3100,54085
3101,54085
3102,54085
3103,54085
3104,54085
3105,54085
3106,54085
3107,54085
3108,54085
3109,54085
3110,54085
3111,54085
3112,54085
3113,54085
3114,54085
3115,54085
3116,54085
3117,54085
3118,54085
3119,54085
3120,54085
3121,54085
3122,54085
3123,54085
3124,54085
3125,54085
3126,54085
3127,54085
3128,54085
3129,54085
3130,54085
3131,54085
3132,54085
3133,54085
3134,54085
3135,54085
3136,54085
3137,54085
3138,54085
3139,54085
3140,54085
3141,54085
3142,54085
3143,54085
3144,54085
3145,54085
3146,54085
3147,54085
3148,54085
3149,54085
3150,54085
3151,54085
3152,54085
3153,54085
3154,54085
3155,54085
3156,54085
3157,54085
3158,54085
3159,54085
3160,54085
3161,54085
3162,54085
3163,54085
3164,54085
3165,54085
3166,54085
3167,54085
3168,54085
3169,54085
3170,54085
3171,54085
3172,54085
3173,54085
3174,54085
3175,54085
3176,54085
3177,54085
3178,54085
3179,54085
3180,54085
3181,54085
3182,54085
3183,54085
3184,54085
3185,54085
3186,54085
3187,54085
3188,54085
3189,54085
3190,54085
3191,54085
3192,54085
3193,54085
3194,54085
3195,54085
3196,54085
3197,54085
3198,54085
3199,54085
3200,54085
3201,54085
3202,54085
3203,54085
3204,54085
3205,54085
3206,54085
3207,54085
3208,54085
3209,54085
3210,54085
3211,54085
3212,54085
3213,54085
3214,54085
3215,54085
3216,54085
3217,54085
3218,54085
3219,54085
3220,54085
3221,54085
3222,54085
3223,54085
3224,54085
3225,54085
3226,54085
3227,54085
3228,54085
3229,54085
3230,54085
3231,54085
3232,54085
3233,54085
3234,54085
3235,54085
3236,54085
3237,54085
3238,54085
3239,54085
3240,54085
3241,54085
3242,54085
3243,54085
3244,54085
3245,54085
3246,54085
3247,54085
3248,54085
3249,54085
3250,54085
3251,54085
3252,54085
3253,54085
3254,54085
3255,54085
3256,54085
3257,54085
3258,54085
3259,54085
3260,54085
3261,54085
3262,54085
3263,54085
3264,54085
3265,54085
3266,54085
3267,54085
3268,54085
3269,54085
3270,54085
3271,54085
3272,54085
3273,54085
3274,54085
3275,54085
3276,54085
3277,54085
3278,54085
3279,54085
3280,54085
3281,54085
3282,54085
3283,54085
3284,54085
3285,54085
3286,54085
3287,54085
3288,54085
3289,54085
3290,54085
3291,54085
3292,54085
3293,54085
3294,54085
3295,54085
3296,54085
3297,54085
3298,54085
3299,54085
3300,54085
3301,54085
3302,54085
3303,54085
3304,54085
3305,54085
3306,54085
3307,54085
3308,54085
3309,54085
3310,54085
3311,54085
3312,54085
3313,54085
3314,54085
3315,54085
3316,54085
3317,54085
3318,54085
3319,54085
3320,54085
3321,54085
3322,54085
3323,54085
3324,54085
3325,54085
3326,54085
3327,54085
3328,54085
3329,54085
3330,54085
3331,54085
3332,54085
3333,54085
3334,54085
3335,54085
3336,54085
3337,54085
3338,54085
3339,54085
3340,54085
3341,54085
3342,54085
3343,54085
3344,54085
3345,54085
3346,54085
3347,54085
3348,54085
3349,54085
3350,54085
3351,54085
3352,54085
3353,54085
3354,54085
3355,54085
3356,54085
3357,54085
3358,54085
3359,54085
3360,54085
3361,54085
3362,54085
3363,54085
3364,54085
3365,54085
3366,54085
3367,54085
3368,54085
3369,54085
3370,54085
3371,54085
3372,54085
3373,54085
3374,54085
3375,54085
3376,54085
3377,54085
3378,54085
3379,54085
3380,54085
3381,54085
3382,54085
3383,54085
3384,54085
3385,54085
3386,54085
3387,54085
3388,54085
3389,54085
3390,54085
3391,54085
3392,54085
3393,54085
3394,54085
3395,54085
3396,54085
3397,54085
3398,54085
3399,54085
3400,54085
3401,54085
3402,54085
3403,54085
3404,54085
3405,54085
3406,54085
3407,54085
3408,54085
3409,54085
3410,54085
3411,54085
3412,54085
3413,54085
3414,54085
3415,54085
3416,54085
3417,54085
3418,54085
3419,54085
3420,54085
3421,54085
3422,54085
3423,54085
3424,54085
3425,54085
3426,54085
3427,54085
3428,54085
3429,54085
3430,54085
3431,54085
3432,54085
3433,54085
3434,54085
3435,54085
3436,54085
3437,54085
3438,54085
3439,54085
3440,54085
3441,54085
3442,54085
3443,54085
3444,54085
3445,54085
3446,54085
3447,54085
3448,54085
3449,54085
3450,54085
3451,54085
3452,54085
3453,54085
3454,54085
3455,54085
3456,54085
3457,54085
3458,54085
3459,54085
3460,54085
3461,54085
3462,54085
3463,54085
3464,54085
3465,54085
3466,54085
3467,54085
3468,54085
3469,54085
3470,54085
3471,54085
3472,54085
3473,54085
3474,54085
3475,54085
3476,54085
3477,54085
3478,54085
3479,54085
3480,54085
3481,54085
3482,54085
3483,54085
3484,54085
3485,54085
3486,54085
3487,54085
3488,54085
3489,54085
3490,54085
3491,54085
3492,54085
3493,54085
3494,54085
3495,54085
3496,54085
3497,54085
3498,54085
3499,54085
3500,54085
3501,54085
3502,54085
3503,54085
3504,54085
3505,54085
3506,54085
3507,54085
3508,54085
3509,54085
3510,54085
3511,54085
3512,54085
3513,54085
3514,54085
3515,54085
3516,54085
3517,54085
3518,54085
3519,54085
3520,54085
3521,54085
3522,54085
3523,54085
3524,54085
3525,54085
3526,54085
3527,54085
3528,54085
3529,54085
3530,54085
3531,54085
3532,54085
3533,54085
3534,54085
3535,54085
3536,54085
3537,54085
3538,54085
3539,54085
3540,54085
3541,54085
3542,54085
3543,54085
3544,54085
3545,54085
3546,54085
3547,54085
3548,54085
3549,54085
3550,54085
3551,54085
3552,54085
3553,54085
3554,54085
3555,54085
3556,54085
3557,54085
3558,54085
3559,54085
3560,54085
3561,54085
3562,54085
3563,54085
3564,54085
3565,54085
3566,54085
3567,54085
3568,54085
3569,54085
3570,54085
3571,54085
3572,54085
3573,54085
3574,54085
3575,54085
3576,54085
3577,54085
3578,54085
3579,54085
3580,54085
3581,54085
3582,54085
3583,54085
3584,54085
3585,54085
3586,54085
3587,54085
3588,54085
3589,54085
3590,54085
3591,54085
3592,54085
3593,54085
3594,54085
3595,54085
3596,54085
3597,54085
3598,54085
3599,54085
3600,54085
3601,54085
3602,54085
3603,54085
3604,54085
3605,54085
3606,54085
3607,54085
3608,54085
3609,54085
3610,54085
3611,54085
3612,54085
3613,54085
3614,54085
3615,54085
3616,54085
3617,54085
3618,54085
3619,54085
3620,54085
3621,54085
3622,54085
3623,54085
3624,54085
3625,54085
3626,54085
3627,54086
3628,54087
3629,54088
3630,54089
3631,54090
3632,54091
3633,54092
3634,54093
3635,54094
3636,54095
3637,54096
3638,54097
3639,54098
3640,54099
3641,54100
3642,54101
3643,54102
3644,54103
3645,54104
3646,54105
3647,54106
3648,54107
3649,54108
3650,54109
3651,54110
3652,54111
3653,54112
3654,54113
3655,54115
3656,54118
3657,54121
3658,54126
3659,54130
3660,54135
3661,54141
3662,54147
3663,54155
3664,54162
3665,54171
3666,54179
3667,54190
3668,54202
3669,54215
3670,54229
3671,54246
3672,54261
3673,54278
3674,54299
3675,54318
3676,54339
3677,54362
3678,54384
3679,54408
3680,54433
3681,54459
3682,54484
3683,54509
3684,54534
3685,54561
3686,54587
3687,54614
3688,54640
3689,54668
3690,54696
3691,54724
3692,54753
3693,54782
3694,54812
3695,54841
3696,54870
3697,54901
3698,54932
3699,54961
3700,54991
3701,55019
3702,55062
3703,55100
3704,55143
3705,55185
3706,55230
3707,55276
3708,55325
3709,55373
3710,55420
3711,55467
3712,55513
3713,55556
3714,55600
3715,55646
3716,55695
3717,55747
3718,55794
3719,55844
3720,55893
3721,55941
3722,55989
3723,56038
3724,56088
3725,56136
3726,56181
3727,56227
3728,56272
3729,56316
3730,56360
3731,56403
3732,56445
3733,56485
3734,56527
3735,56570
3736,56612
3737,56652
3738,56693
3739,56734
3740,56775
3741,56817
3742,56860
3743,56899
3744,56938
3745,56978
3746,57019
3747,57058
3748,57096
3749,57135
3750,57173
3751,57209
3752,57244
3753,57278
3754,57314
3755,57351
3756,57387
3757,57422
3758,57459
3759,57493
3760,57526
3761,57560
3762,57594
3763,57627
3764,57660
3765,57693
3766,57725
3767,57755
3768,57786
3769,57818
3770,57847
3771,57879
3772,57924
3773,57970
3774,58014
3775,58058
3776,58102
3777,58147
3778,58193
3779,58234
3780,58275
3781,58318
3782,58359
3783,58399
3784,58439
3785,58477
3786,58516
3787,58553
3788,58591
3789,58628
3790,58664
3791,58700
3792,58736
3793,58771
3794,58805
3795,58838
3796,58869
3797,58901
3798,58933
3799,58964
3800,58996
3801,59028
3802,59056
3803,59086
3804,59116
3805,59145
3806,59174
3807,59203
3808,59231
3809,59257
3810,59283
3811,59308
3812,59334
3813,59358
3814,59383
3815,59408
3816,59432
3817,59454
3818,59477
3819,59502
3820,59526
3821,59549
3822,59571
3823,59592
3824,59615
3825,59634
3826,59655
3827,59676
3828,59699
3829,59720
3830,59741
3831,59762
3832,59783
3833,59803
3834,59824
3835,59846
3836,59867
3837,59888
3838,59910
3839,59930
3840,59952
3841,59972
3842,59997
3843,60022
3844,60045
3845,60069
3846,60094
3847,60119
3848,60143
3849,60166
3850,60188
3851,60211
3852,60235
3853,60258
3854,60282
3855,60305
3856,60327
3857,60348
3858,60371
3859,60393
3860,60415
3861,60437
3862,60460
3863,60482
3864,60504
3865,60527
3866,60548
3867,60570
3868,60591
3869,60613
3870,60635
3871,60655
3872,60677
3873,60700
3874,60721
3875,60741
3876,60762
3877,60782
3878,60800
3879,60818
3880,60836
3881,60853
3882,60871
3883,60889
3884,60907
3885,60924
3886,60940
3887,60955
3888,60970
3889,60985
3890,61000
3891,61015
3892,61028
3893,61042
3894,61055
3895,61068
3896,61080
3897,61092
3898,61105
3899,61118
3900,61130
3901,61141
3902,61152
3903,61164
3904,61175
3905,61186
3906,61196
3907,61206
3908,61217
3909,61227
3910,61237
3911,61247
3912,61260
3913,61273
3914,61286
3915,61300
3916,61312
3917,61324
3918,61336
3919,61347
3920,61359
3921,61370
3922,61383
3923,61395
3924,61406
3925,61417
3926,61428
3927,61438
3928,61449
3929,61459
3930,61469
3931,61478
3932,61488
3933,61497
3934,61506
3935,61514
3936,61522
3937,61530
3938,61538
3939,61546
3940,61554
3941,61562
3942,61569
3943,61577
3944,61584
3945,61592
3946,61600
3947,61607
3948,61613
3949,61619
3950,61625
3951,61632
3952,61638
3953,61645
3954,61651
3955,61656
3956,61661
3957,61666
3958,61671
3959,61676
3960,61681
3961,61686
3962,61692
3963,61698
3964,61704
3965,61708
3966,61712
3967,61716
3968,61721
3969,61727
3970,61731
3971,61736
3972,61741
3973,61746
3974,61752
3975,61757
3976,61762
3977,61768
3978,61774
3979,61778
3980,61783
3981,61787
3982,61793
3983,61799
3984,61805
3985,61811
3986,61817
3987,61823
3988,61828
3989,61833
3990,61838
3991,61843
3992,61849
3993,61854
3994,61859
3995,61864
3996,61869
3997,61874
3998,61879
3999,61884
4000,61890
4001,61895
4002,61900
4003,61905
4004,61911
4005,61916
4006,61921
4007,61925
4008,61929
4009,61934
4010,61938
4011,61943
4012,61949
4013,61954
4014,61960
4015,61964
4016,61969
4017,61973
4018,61977
4019,61981
4020,61986
4021,61990
4022,61995
4023,62001
4024,62006
4025,62010
4026,62014
4027,62018
4028,62022
4029,62026
4030,62031
4031,62036
4032,62040
4033,62044
4034,62048
4035,62052
4036,62056
4037,62061
4038,62066
4039,62070
4040,62075
4041,62079
4042,62083
4043,62087
4044,62091
4045,62095
4046,62099
4047,62103
4048,62107
4049,62111
4050,62115
4051,62119
4052,62124
4053,62129
4054,62135
4055,62139
4056,62145
4057,62151
4058,62156
4059,62162
4060,62167
4061,62172
4062,62178
4063,62184
4064,62190
4065,62195
4066,62200
4067,62205
4068,62210
4069,62215
4070,62222
4071,62229
4072,62235
4073,62242
4074,62249
4075,62257
4076,62265
4077,62274
4078,62282
4079,62291
4080,62299
4081,62307
4082,62315
4083,62324
4084,62331
4085,62339
4086,62347
4087,62355
4088,62364
4089,62374
4090,62383
4091,62393
4092,62401
4093,62410
4094,62419
4095,62428
4096,62437
4097,62447
4098,62456
4099,62466
4100,62476
4101,62487
4102,62498
4103,62508
4104,62518
4105,62528
4106,62539
4107,62549
4108,62558
4109,62567
4110,62578
4111,62588
4112,62598
4113,62608
4114,62618
4115,62628
4116,62638
4117,62648
4118,62658
4119,62668
4120,62679
4121,62689
4122,62705
4123,62721
4124,62735
4125,62750
4126,62765
4127,62780
4128,62795
4129,62810
4130,62824
4131,62838
4132,62852
4133,62866
4134,62879
4135,62893
4136,62907
4137,62920
4138,62934
4139,62948
4140,62961
4141,62975
4142,62989
4143,63002
4144,63015
4145,63029
4146,63043
4147,63057
4148,63070
4149,63084
4150,63098
4151,63112
4152,63126
4153,63139
4154,63152
4155,63166
4156,63179
4157,63192
4158,63205
4159,63219
4160,63231
4161,63244
4162,63257
4163,63270
4164,63283
4165,63297
4166,63309
4167,63321
4168,63333
4169,63345
4170,63356
4171,63365
4172,63375
4173,63385
4174,63395
4175,63405
4176,63415
4177,63424
4178,63434
4179,63446
4180,63458
4181,63473
4182,63487
4183,63500
4184,63515
4185,63529
4186,63544
4187,63561
4188,63576
4189,63594
4190,63612
4191,63631
4192,63657
4193,63684
4194,63711
4195,63740
4196,63768
4197,63796
4198,63821
4199,63847
4200,63874
4201,63901
4202,63927
4203,63953
4204,63979
4205,64004
4206,64029
4207,64053
4208,64079
4209,64106
4210,64131
4211,64155
4212,64182
4213,64205
4214,64231
4215,64256
4216,64283
4217,64310
4218,64336
4219,64363
4220,64392
4221,64420
4222,64448
4223,64476
4224,64500
4225,64527
4226,64554
4227,64582
4228,64610
4229,64638
4230,64666
4231,64694
4232,64721
4233,64752
4234,64784
4235,64813
4236,64844
4237,64872
4238,64902
4239,64933
4240,64963
4241,64994
4242,65024
4243,65054
4244,65081
4245,65108
4246,65136
4247,65164
4248,65192
4249,65218
4250,65244
4251,65268
4252,65292
4253,65315
4254,65339
4255,65363
4256,65386
4257,65408
4258,65431
4259,65454
4260,65477
4261,65500
4262,65530
4263,65559
4264,65589
4265,65618
4266,65647
4267,65676
4268,65707
4269,65736
4270,65766
4271,65794
4272,65823
4273,65852
4274,65882
4275,65911
4276,65940
4277,65970
4278,66001
4279,66032
4280,66062
4281,66095
4282,66125
4283,66155
4284,66186
4285,66218
4286,66250
4287,66282
4288,66314
4289,66345
4290,66377
4291,66410
4292,66443
4293,66477
4294,66509
4295,66542
4296,66574
4297,66608
4298,66640
4299,66671
4300,66703
4301,66735
4302,66768
4303,66801
4304,66834
4305,66868
4306,66901
4307,66935
4308,66966
4309,66997
4310,67029
4311,67062
4312,67095
4313,67128
4314,67160
4315,67193
4316,67225
4317,67254
4318,67284
4319,67314
4320,67344
4321,67373
4322,67402
4323,67432
4324,67460
4325,67487
4326,67515
4327,67543
4328,67571
4329,67599
4330,67627
4331,67658
4332,67699
4333,67736
4334,67773
4335,67811
4336,67851
4337,67887
4338,67924
4339,67961
4340,67998
4341,68033
4342,68071
4343,68108
4344,68143
4345,68176
4346,68208
4347,68240
4348,68273
4349,68305
4350,68336
4351,68368
4352,68401
4353,68434
4354,68462
4355,68491
4356,68521
4357,68551
4358,68580
4359,68610
4360,68639
4361,68667
4362,68696
4363,68725
4364,68751
4365,68776
4366,68803
4367,68830
4368,68857
4369,68883
4370,68910
4371,68936
4372,68962
4373,68986
4374,69013
4375,69039
4376,69063
4377,69087
4378,69111
4379,69136
4380,69160
4381,69185
4382,69208
4383,69232
4384,69256
4385,69281
4386,69308
4387,69333
4388,69361
4389,69386
4390,69411
4391,69436
4392,69465
4393,69493
4394,69520
4395,69548
4396,69576
4397,69605
4398,69634
4399,69662
4400,69690
4401,69715
4402,69749
4403,69783
4404,69817
4405,69851
4406,69887
4407,69924
4408,69958
4409,69993
4410,70031
4411,70067
4412,70103
4413,70137
4414,70172
4415,70207
4416,70240
4417,70271
4418,70303
4419,70333
4420,70363
4421,70394
4422,70425
4423,70456
4424,70484
4425,70512
4426,70541
4427,70568
4428,70595
4429,70622
4430,70649
4431,70675
4432,70700
4433,70724
4434,70748
4435,70772
4436,70797
4437,70821
4438,70848
4439,70872
4440,70895
4441,70920
4442,70944
4443,70968
4444,70992
4445,71014
4446,71036
4447,71059
4448,71081
4449,71104
4450,71126
4451,71148
4452,71172
4453,71195
4454,71217
4455,71239
4456,71261
4457,71285
4458,71307
4459,71330
4460,71354
4461,71377
4462,71398
4463,71420
4464,71442
4465,71463
4466,71485
4467,71505
4468,71526
4469,71547
4470,71569
4471,71590
4472,71616
4473,71642
4474,71669
4475,71696
4476,71722
4477,71747
4478,71771
4479,71796
4480,71820
4481,71844
4482,71870
4483,71895
4484,71919
4485,71943
4486,71967
4487,71990
4488,72012
4489,72033
4490,72052
4491,72072
4492,72091
4493,72111
4494,72131
4495,72152
4496,72171
4497,72191
4498,72209
4499,72227
4500,72246
4501,72262
4502,72279
4503,72295
4504,72311
4505,72326
4506,72342
4507,72357
4508,72372
4509,72387
4510,72402
4511,72416
4512,72429
4513,72442
4514,72457
4515,72470
4516,72483
4517,72496
4518,72509
4519,72522
4520,72534
4521,72547
4522,72558
4523,72570
4524,72582
4525,72594
4526,72607
4527,72620
4528,72632
4529,72644
4530,72654
4531,72665
4532,72676
4533,72688
4534,72699
4535,72709
4536,72719
4537,72729
4538,72739
4539,72748
4540,72758
4541,72769
4542,72782
4543,72796
4544,72809
4545,72822
4546,72835
4547,72847
4548,72859
4549,72872
4550,72883
4551,72895
4552,72907
4553,72920
4554,72931
4555,72943
4556,72955
4557,72967
4558,72978
4559,72990
4560,73001
4561,73012
4562,73023
4563,73034
4564,73043
4565,73053
4566,73063
4567,73073
4568,73083
4569,73093
4570,73102
4571,73111
4572,73120
4573,73129
4574,73137
4575,73146
4576,73154
4577,73162
4578,73171
4579,73179
4580,73187
4581,73195
4582,73203
4583,73211
4584,73218
4585,73225
4586,73232
4587,73240
4588,73248
4589,73254
4590,73261
4591,73268
4592,73275
4593,73282
4594,73290
4595,73297
4596,73304
4597,73311
4598,73319
4599,73325
4600,73332
4601,73339
4602,73346
4603,73352
4604,73359
4605,73366
4606,73373
4607,73379
4608,73386
4609,73392
4610,73398
4611,73405
4612,73413
4613,73420
4614,73428
4615,73436
4616,73443
4617,73451
4618,73457
4619,73463
4620,73471
4621,73478
4622,73485
4623,73493
4624,73500
4625,73506
4626,73512
4627,73519
4628,73527
4629,73534
4630,73540
4631,73547
4632,73554
4633,73561
4634,73568
4635,73575
4636,73582
4637,73590
4638,73596
4639,73603
4640,73610
4641,73617
4642,73624
4643,73631
4644,73638
4645,73645
4646,73652
4647,73659
4648,73666
4649,73673
4650,73680
4651,73687
4652,73694
4653,73701
4654,73708
4655,73715
4656,73721
4657,73728
4658,73734
4659,73741
4660,73749
4661,73756
4662,73763
4663,73770
4664,73777
4665,73783
4666,73789
4667,73795
4668,73802
4669,73808
4670,73814
4671,73821
4672,73827
4673,73833
4674,73838
4675,73843
4676,73848
4677,73854
4678,73860
4679,73865
4680,73870
4681,73876
4682,73882
4683,73888
4684,73895
4685,73901
4686,73908
4687,73915
4688,73920
4689,73927
4690,73932
4691,73939
4692,73944
4693,73949
4694,73955
4695,73961
4696,73966
4697,73971
4698,73977
4699,73982
4700,73986
4701,73991
4702,73996
4703,74000
4704,74005
4705,74010
4706,74014
4707,74018
4708,74022
4709,74027
4710,74031
4711,74035
4712,74039
4713,74043
4714,74047
4715,74051
4716,74055
4717,74059
4718,74063
4719,74067
4720,74072
4721,74075
4722,74078
4723,74082
4724,74086
4725,74089
4726,74093
4727,74097
4728,74100
4729,74103
4730,74106
4731,74109
4732,74113
4733,74116
4734,74119
4735,74122
4736,74125
4737,74128
4738,74131
4739,74135
4740,74138
4741,74141
4742,74144
4743,74147
4744,74151
4745,74154
4746,74158
4747,74161
4748,74164
4749,74167
4750,74170
4751,74173
4752,74176
4753,74179
4754,74182
4755,74185
4756,74188
4757,74191
4758,74194
4759,74197
4760,74200
4761,74203
4762,74207
4763,74210
4764,74213
4765,74217
4766,74220
4767,74223
4768,74226
4769,74229
4770,74233
4771,74236
4772,74240
4773,74243
4774,74246
4775,74249
4776,74251
4777,74253
4778,74255
4779,74257
4780,74259
4781,74261
4782,74263
4783,74266
4784,74269
4785,74271
4786,74273
4787,74276
4788,74278
4789,74281
4790,74283
4791,74285
4792,74288
4793,74291
4794,74294
4795,74296
4796,74298
4797,74300
4798,74303
4799,74306
4800,74308
4801,74310
4802,74312
4803,74314
4804,74316
4805,74318
4806,74320
4807,74323
4808,74325
4809,74328
4810,74330
4811,74332
4812,74334
4813,74336
4814,74339
4815,74341
4816,74343
4817,74345
4818,74347
4819,74349
4820,74352
4821,74354
4822,74356
4823,74358
4824,74360
4825,74362
4826,74364
4827,74366
4828,74369
4829,74371
4830,74373
4831,74376
4832,74378
4833,74380
4834,74382
4835,74384
4836,74387
4837,74389
4838,74391
4839,74393
4840,74395
4841,74398
4842,74401
4843,74403
4844,74406
4845,74409
4846,74412
4847,74414
4848,74417
4849,74420
4850,74422
4851,74424
4852,74427
4853,74429
4854,74431
4855,74433
4856,74435
4857,74437
4858,74439
4859,74441
4860,74443
4861,74445
4862,74447
4863,74449
4864,74451
4865,74453
4866,74455
4867,74457
4868,74459
4869,74461
4870,74463
4871,74465
4872,74467
4873,74469
4874,74471
4875,74473
4876,74475
4877,74477
4878,74479
4879,74481
4880,74483
4881,74485
4882,74487
4883,74489
4884,74490
4885,74492
4886,74494
4887,74496
4888,74497
4889,74498
4890,74499
4891,74500
4892,74502
4893,74504
4894,74506
4895,74508
4896,74510
4897,74512
4898,74514
4899,74516
4900,74518
4901,74520
4902,74522
4903,74524
4904,74525
4905,74526
4906,74528
4907,74529
4908,74530
4909,74531
4910,74532
4911,74534
4912,74535
4913,74536
4914,74538
4915,74539
4916,74540
4917,74542
4918,74544
4919,74547
4920,74549
4921,74552
4922,74555
4923,74558
4924,74562
4925,74566
4926,74569
4927,74573
4928,74577
4929,74581
4930,74586
4931,74591
4932,74597
4933,74603
4934,74611
4935,74620
4936,74630
4937,74640
4938,74651
4939,74661
4940,74671
4941,74682
4942,74695
4943,74707
4944,74717
4945,74730
4946,74743
4947,74754
4948,74766
4949,74778
4950,74791
4951,74805
4952,74818
4953,74832
4954,74846
4955,74859
4956,74872
4957,74885
4958,74899
4959,74912
4960,74926
4961,74941
4962,74961
4963,74981
4964,75002
4965,75024
4966,75047
4967,75072
4968,75096
4969,75119
4970,75141
4971,75164
4972,75186
4973,75210
4974,75231
4975,75254
4976,75277
4977,75299
4978,75323
4979,75347
4980,75373
4981,75398
4982,75424
4983,75451
4984,75479
4985,75508
4986,75538
4987,75570
4988,75603
4989,75634
4990,75665
4991,75696
4992,75725
4993,75756
4994,75787
4995,75818
4996,75850
4997,75880
4998,75909
4999,75938
5000,75967
5001,75999
5002,76029
5003,76061
5004,76091
5005,76119
5006,76146
5007,76175
5008,76203
5009,76232
5010,76261
5011,76288
5012,76316
5013,76344
5014,76373
5015,76402
5016,76430
5017,76458
5018,76485
5019,76513
5020,76540
5021,76572
5022,76602
5023,76630
5024,76659
5025,76688
5026,76718
5027,76749
5028,76781
5029,76813
5030,76841
5031,76870
5032,76910
5033,76953
5034,76993
5035,77031
5036,77071
5037,77112
5038,77156
5039,77199
5040,77241
5041,77282
5042,77327
5043,77372
5044,77416
5045,77464
5046,77515
5047,77562
5048,77612
5049,77660
5050,77707
5051,77750
5052,77793
5053,77837
5054,77876
5055,77914
5056,77955
5057,77998
5058,78039
5059,78081
5060,78121
5061,78160
5062,78199
5063,78239
5064,78278
5065,78317
5066,78355
5067,78389
5068,78424
5069,78458
5070,78494
5071,78528
5072,78560
5073,78594
5074,78625
5075,78657
5076,78690
5077,78722
5078,78754
5079,78785
5080,78816
5081,78847
5082,78877
5083,78908
5084,78938
5085,78969
5086,79000
5087,79030
5088,79061
5089,79093
5090,79124
5091,79153
5092,79181
5093,79209
5094,79238
5095,79266
5096,79298
5097,79329
5098,79358
5099,79390
5100,79419
5101,79449
5102,79493
5103,79533
5104,79576
5105,79619
5106,79662
5107,79707
5108,79750
5109,79792
5110,79835
5111,79877
5112,79915
5113,79958
5114,79999
5115,80041
5116,80081
5117,80120
5118,80160
5119,80199
5120,80238
5121,80277
5122,80316
5123,80354
5124,80391
5125,80430
5126,80467
5127,80506
5128,80543
5129,80581
5130,80618
5131,80654
5132,80690
5133,80724
5134,80757
5135,80792
5136,80826
5137,80860
5138,80893
5139,80926
5140,80961
5141,80994
5142,81027
5143,81057
5144,81088
5145,81118
5146,81148
5147,81176
5148,81204
5149,81231
5150,81258
5151,81284
5152,81310
5153,81336
5154,81363
5155,81387
5156,81412
5157,81437
5158,81461
5159,81484
5160,81508
5161,81531
5162,81554
5163,81577
5164,81599
5165,81620
5166,81643
5167,81665
5168,81686
5169,81707
5170,81729
5171,81751
5172,81780
5173,81808
5174,81838
5175,81867
5176,81895
5177,81923
5178,81950
5179,81976
5180,82001
5181,82025
5182,82051
5183,82074
5184,82099
5185,82122
5186,82144
5187,82165
5188,82187
5189,82209
5190,82229
5191,82250
5192,82269
5193,82288
5194,82307
5195,82327
5196,82344
5197,82364
5198,82382
5199,82399
5200,82417
5201,82434
5202,82450
5203,82467
5204,82483
5205,82499
5206,82516
5207,82531
5208,82547
5209,82562
5210,82577
5211,82591
5212,82605
5213,82619
5214,82633
5215,82647
5216,82661
5217,82675
5218,82689
5219,82703
5220,82717
5221,82730
5222,82743
5223,82756
5224,82768
5225,82780
5226,82793
5227,82806
5228,82819
5229,82831
5230,82843
5231,82855
5232,82866
5233,82877
5234,82889
5235,82901
5236,82912
5237,82924
5238,82936
5239,82946
5240,82956
5241,82967
5242,82983
5243,82998
5244,83013
5245,83026
5246,83039
5247,83053
5248,83068
5249,83082
5250,83095
5251,83109
5252,83123
5253,83136
5254,83150
5255,83162
5256,83174
5257,83186
5258,83199
5259,83210
5260,83222
5261,83234
5262,83245
5263,83256
5264,83267
5265,83278
5266,83290
5267,83301
5268,83312
5269,83323
5270,83334
5271,83344
5272,83355
5273,83366
5274,83377
5275,83388
5276,83399
5277,83410
5278,83421
5279,83432
5280,83443
5281,83452
5282,83462
5283,83472
5284,83482
5285,83492
5286,83502
5287,83512
5288,83522
5289,83532
5290,83542
5291,83551
5292,83561
5293,83571
5294,83581
5295,83591
5296,83600
5297,83610
5298,83620
5299,83630
5300,83640
5301,83649
5302,83658
5303,83668
5304,83678
5305,83688
5306,83698
5307,83708
5308,83717
5309,83726
5310,83735
5311,83744
5312,83755
5313,83767
5314,83779
5315,83790
5316,83802
5317,83813
5318,83824
5319,83835
5320,83846
5321,83857
5322,83867
5323,83879
5324,83890
5325,83902
5326,83912
5327,83923
5328,83934
5329,83946
5330,83957
5331,83968
5332,83980
5333,83990
5334,84002
5335,84012
5336,84022
5337,84031
5338,84040
5339,84051
5340,84060
5341,84070
5342,84079
5343,84090
5344,84100
5345,84110
5346,84120
5347,84130
5348,84140
5349,84149
5350,84158
5351,84167
5352,84177
5353,84186
5354,84196
5355,84206
5356,84215
5357,84225
5358,84236
5359,84245
5360,84254
5361,84263
5362,84273
5363,84283
5364,84293
5365,84302
5366,84312
5367,84322
5368,84332
5369,84342
5370,84351
5371,84360
5372,84369
5373,84378
5374,84388
5375,84398
5376,84408
5377,84418
5378,84428
5379,84438
5380,84448
5381,84457
5382,84466
5383,84476
5384,84486
5385,84497
5386,84507
5387,84517
5388,84528
5389,84538
5390,84548
5391,84558
5392,84567
5393,84576
5394,84585
5395,84595
5396,84605
5397,84614
5398,84623
5399,84633
5400,84643
5401,84653
5402,84661
5403,84670
5404,84679
5405,84688
5406,84697
5407,84705
5408,84714
5409,84723
5410,84732
5411,84741
5412,84750
5413,84759
5414,84768
5415,84777
5416,84786
5417,84795
5418,84804
5419,84813
5420,84822
5421,84830
5422,84838
5423,84846
5424,84854
5425,84862
5426,84870
5427,84878
5428,84886
5429,84894
5430,84902
5431,84910
5432,84918
5433,84926
5434,84935
5435,84944
5436,84952
5437,84960
5438,84968
5439,84976
5440,84984
5441,84993
5442,85001
5443,85009
5444,85017
5445,85025
5446,85033
5447,85042
5448,85050
5449,85058
5450,85066
5451,85073
5452,85082
5453,85090
5454,85098
5455,85106
5456,85114
5457,85122
5458,85131
5459,85140
5460,85148
5461,85156
5462,85164
5463,85172
5464,85180
5465,85188
5466,85196
5467,85204
5468,85212
5469,85220
5470,85229
5471,85237
5472,85244
5473,85252
5474,85260
5475,85267
5476,85274
5477,85282
5478,85290
5479,85297
5480,85304
5481,85312
5482,85320
5483,85328
5484,85336
5485,85344
5486,85352
5487,85361
5488,85369
5489,85377
5490,85384
5491,85391
5492,85400
5493,85409
5494,85417
5495,85426
5496,85434
5497,85443
5498,85451
5499,85459
5500,85468
5501,85477
5502,85485
5503,85494
5504,85502
5505,85511
5506,85519
5507,85527
5508,85535
5509,85543
5510,85551
5511,85559
5512,85567
5513,85575
5514,85583
5515,85591
5516,85599
5517,85607
5518,85615
5519,85623
5520,85631
5521,85638
5522,85646
5523,85654
5524,85663
5525,85673
5526,85681
5527,85689
5528,85697
5529,85705
5530,85713
5531,85721
5532,85729
5533,85736
5534,85744
5535,85751
5536,85759
5537,85767
5538,85775
5539,85782
5540,85789
5541,85795
5542,85802
5543,85808
5544,85814
5545,85820
5546,85826
5547,85832
5548,85838
5549,85844
5550,85850
5551,85855
5552,85861
5553,85867
5554,85873
5555,85879
5556,85884
5557,85891
5558,85896
5559,85902
5560,85907
5561,85912
5562,85917
5563,85923
5564,85928
5565,85933
5566,85938
5567,85943
5568,85947
5569,85952
5570,85957
5571,85962
5572,85967
5573,85972
5574,85976
5575,85981
5576,85986
5577,85991
5578,85995
5579,86000
5580,86005
5581,86009
5582,86014
5583,86018
5584,86022
5585,86026
5586,86031
5587,86035
5588,86039
5589,86042
5590,86045
5591,86048
5592,86053
5593,86058
5594,86062
5595,86067
5596,86071
5597,86076
5598,86081
5599,86085
5600,86090
5601,86094
5602,86098
5603,86103
5604,86107
5605,86112
5606,86116
5607,86121
5608,86124
5609,86127
5610,86130
5611,86133
5612,86136
5613,86139
5614,86142
5615,86145
5616,86148
5617,86151
5618,86154
5619,86157
5620,86160
5621,86163
5622,86166
5623,86169
5624,86172
5625,86175
5626,86178
5627,86181
5628,86184
5629,86187
5630,86190
5631,86192
5632,86194
5633,86197
5634,86199
5635,86201
5636,86204
5637,86206
5638,86208
5639,86210
5640,86212
5641,86215
5642,86217
5643,86219
5644,86221
5645,86223
5646,86225
5647,86228
5648,86230
5649,86232
5650,86234
5651,86236
5652,86238
5653,86240
5654,86242
5655,86244
5656,86246
5657,86248
5658,86250
5659,86252
5660,86254
5661,86256
5662,86258
5663,86261
5664,86263
5665,86265
5666,86267
5667,86269
5668,86272
5669,86275
5670,86277
5671,86279
5672,86281
5673,86283
5674,86285
5675,86287
5676,86289
5677,86291
5678,86293
5679,86294
5680,86295
5681,86296
5682,86297
5683,86298
5684,86299
5685,86300
5686,86301
5687,86302
5688,86303
5689,86304
5690,86305
5691,86306
5692,86307
5693,86308
5694,86309
5695,86310
5696,86311
5697,86312
5698,86313
5699,86314
5700,86315
5701,86316
5702,86317
5703,86318
5704,86319
5705,86320
5706,86321
5707,86322
5708,86323
5709,86324
5710,86325
5711,86326
5712,86327
5713,86328
5714,86329
5715,86330
5716,86331
5717,86332
5718,86333
5719,86334
5720,86335
5721,86336
5722,86337
5723,86338
5724,86339
5725,86340
5726,86341
5727,86342
5728,86343
5729,86344
5730,86345
5731,86346
5732,86347
5733,86348
5734,86349
5735,86350
5736,86351
5737,86351
5738,86351
5739,86351
5740,86351
5741,86351
5742,86351
5743,86351
5744,86351
5745,86351
5746,86351
5747,86351
5748,86351
5749,86351
5750,86351
5751,86351
5752,86351
5753,86351
5754,86351
5755,86351
5756,86351
5757,86351
5758,86351
5759,86351
5760,86351
5761,86351
5762,86351
5763,86351
5764,86351
5765,86351
5766,86351
5767,86351
5768,86351
5769,86351
5770,86351
5771,86351
5772,86351
5773,86351
5774,86351
5775,86351
5776,86351
5777,86351
5778,86351
5779,86351
5780,86351
5781,86351
5782,86351
5783,86351
5784,86351
5785,86351
5786,86351
5787,86351
5788,86351
5789,86351
5790,86351
5791,86351
5792,86351
5793,86351
5794,86351
5795,86351
5796,86351
5797,86351
5798,86351
5799,86351
5800,86351
5801,86351
5802,86351
5803,86351
5804,86351
5805,86351
5806,86351
5807,86351
5808,86351
5809,86351
5810,86351
5811,86351
5812,86351
5813,86351
5814,86351
5815,86351
5816,86351
5817,86351
5818,86351
5819,86351
5820,86351
5821,86351
5822,86351
5823,86351
5824,86351
5825,86351
5826,86351
5827,86351
5828,86351
5829,86351
5830,86351
5831,86351
5832,86351
5833,86351
5834,86351
5835,86351
5836,86351
5837,86351
5838,86351
5839,86351
5840,86351
5841,86351
5842,86351
5843,86351
5844,86351
5845,86351
5846,86351
5847,86351
5848,86351
5849,86351
5850,86351
5851,86351
5852,86351
5853,86351
5854,86351
5855,86351
5856,86351
5857,86351
5858,86351
5859,86351
5860,86351
5861,86351
5862,86351
5863,86351
5864,86351
5865,86351
5866,86351
5867,86351
5868,86351
5869,86351
5870,86351
5871,86351
5872,86351
5873,86351
5874,86351
5875,86351
5876,86351
5877,86351
5878,86351
5879,86351
5880,86351
5881,86351
5882,86351
5883,86351
5884,86351
5885,86351
5886,86351
5887,86351
5888,86351
5889,86351
5890,86351
5891,86351
5892,86351
5893,86351
5894,86351
5895,86351
5896,86351
5897,86351
5898,86351
5899,86351
5900,86351
5901,86351
5902,86351
5903,86351
5904,86351
5905,86351
5906,86351
5907,86351
5908,86351
5909,86351
5910,86351
5911,86351
5912,86351
5913,86351
5914,86351
5915,86351
5916,86351
5917,86351
5918,86351
5919,86351
5920,86351
5921,86351
5922,86351
5923,86351
5924,86351
5925,86351
5926,86351
5927,86351
5928,86351
5929,86351
5930,86351
5931,86351
5932,86351
5933,86351
5934,86351
5935,86351
5936,86351
5937,86351
5938,86351
5939,86351
5940,86351
5941,86351
5942,86351
5943,86351
5944,86351
5945,86351
5946,86351
5947,86351
5948,86351
5949,86351
5950,86351
5951,86351
5952,86351
5953,86351
5954,86351
5955,86351
5956,86351
5957,86351
5958,86351
5959,86351
5960,86351
5961,86351
5962,86351
5963,86351
5964,86351
5965,86351
5966,86351
5967,86351
5968,86351
5969,86351
5970,86351
5971,86351
5972,86351
5973,86351
5974,86351
5975,86351
5976,86351
5977,86351
5978,86351
5979,86351
5980,86351
5981,86351
5982,86351
5983,86351
5984,86351
5985,86351
5986,86351
5987,86351
5988,86351
5989,86351
5990,86351
5991,86351
5992,86351
5993,86351
5994,86351
5995,86351
5996,86351
5997,86351
5998,86351
5999,86351
6000,86351
6001,86351
6002,86351
6003,86351
6004,86351
6005,86351
6006,86351
6007,86351
6008,86351
6009,86351
6010,86351
6011,86351
6012,86351
6013,86351
6014,86351
6015,86351
6016,86351
6017,86351
6018,86351
6019,86351
6020,86351
6021,86351
6022,86351
6023,86351
6024,86351
6025,86351
6026,86351
6027,86351
6028,86351
6029,86351
6030,86351
6031,86351
6032,86351
6033,86351
6034,86351
6035,86351
6036,86351
6037,86351
6038,86351
6039,86351
6040,86351
6041,86351
6042,86351
6043,86351
6044,86351
6045,86351
6046,86351
6047,86351
6048,86351
6049,86351
6050,86351
6051,86351
6052,86351
6053,86351
6054,86351
6055,86351
6056,86351
6057,86351
6058,86351
6059,86351
6060,86351
6061,86351
6062,86351
6063,86351
6064,86351
6065,86351
6066,86351
6067,86351
6068,86351
6069,86351
6070,86351
6071,86351
6072,86351
6073,86351
6074,86351
6075,86351
6076,86351
6077,86351
6078,86351
6079,86351
6080,86351
6081,86351
6082,86351
6083,86351
6084,86351
6085,86351
6086,86351
6087,86351
6088,86351
6089,86351
6090,86351
6091,86351
6092,86351
6093,86351
6094,86351
6095,86351
6096,86351
6097,86351
6098,86351
6099,86351
6100,86351
6101,86351
6102,86351
6103,86351
6104,86351
6105,86351
6106,86351
6107,86351
6108,86351
6109,86351
6110,86351
6111,86351
6112,86351
6113,86351
6114,86351
6115,86351
6116,86351
6117,86351
6118,86351
6119,86351
6120,86351
6121,86351
6122,86351
6123,86351
6124,86351
6125,86351
6126,86351
6127,86351
6128,86351
6129,86351
6130,86351
6131,86351
6132,86351
6133,86351
6134,86351
6135,86351
6136,86351
6137,86351
6138,86351
6139,86351
6140,86351
6141,86351
6142,86351
6143,86351
6144,86351
6145,86351
6146,86351
6147,86351
6148,86351
6149,86351
6150,86351
6151,86351
6152,86351
6153,86351
6154,86351
6155,86351
6156,86351
6157,86351
6158,86351
6159,86351
6160,86351
6161,86351
6162,86351
6163,86351
6164,86351
6165,86351
6166,86351
6167,86351
6168,86351
6169,86351
6170,86351
6171,86351
6172,86351
6173,86351
6174,86351
6175,86351
6176,86351
6177,86351
6178,86351
6179,86351
6180,86351
6181,86351
6182,86351
6183,86351
6184,86351
6185,86351
6186,86351
6187,86351
6188,86351
6189,86351
6190,86351
6191,86351
6192,86351
6193,86351
6194,86351
6195,86351
6196,86351
6197,86351
6198,86351
6199,86351
6200,86351
6201,86351
6202,86351
6203,86351
6204,86351
6205,86351
6206,86351
6207,86352
6208,86353
6209,86355
6210,86357
6211,86359
6212,86361
6213,86363
6214,86365
6215,86368
6216,86371
6217,86374
6218,86377
6219,86380
6220,86383
6221,86387
6222,86393
6223,86398
6224,86405
6225,86411
6226,86417
6227,86424
6228,86431
6229,86439
6230,86447
6231,86455
6232,86463
6233,86471
6234,86479
6235,86488
6236,86497
6237,86506
6238,86516
6239,86526
6240,86536
6241,86546
6242,86555
6243,86564
6244,86574
6245,86584
6246,86593
6247,86603
6248,86613
6249,86622
6250,86631
6251,86641
6252,86651
6253,86662
6254,86672
6255,86683
6256,86693
6257,86703
6258,86714
6259,86724
6260,86734
6261,86744
6262,86755
6263,86766
6264,86777
6265,86787
6266,86797
6267,86807
6268,86817
6269,86827
6270,86837
6271,86847
6272,86857
6273,86866
6274,86876
6275,86885
6276,86895
6277,86905
6278,86914
6279,86923
6280,86933
6281,86942
6282,86951
6283,86960
6284,86970
6285,86979
6286,86989
6287,86998
6288,87007
6289,87016
6290,87025
6291,87034
6292,87046
6293,87058
6294,87070
6295,87082
6296,87094
6297,87105
6298,87116
6299,87127
6300,87139
6301,87152
6302,87166
6303,87181
6304,87197
6305,87212
6306,87228
6307,87244
6308,87261
6309,87280
6310,87299
6311,87318
6312,87337
6313,87356
6314,87374
6315,87394
6316,87414
6317,87435
6318,87455
6319,87477
6320,87499
6321,87522
6322,87544
6323,87568
6324,87591
6325,87613
6326,87635
6327,87657
6328,87679
6329,87702
6330,87723
6331,87745
6332,87768
6333,87791
6334,87813
6335,87835
6336,87857
6337,87880
6338,87903
6339,87926
6340,87948
6341,87971
6342,87994
6343,88016
6344,88040
6345,88063
6346,88087
6347,88110
6348,88133
6349,88158
6350,88183
6351,88207
6352,88233
6353,88257
6354,88280
6355,88304
6356,88328
6357,88354
6358,88378
6359,88401
6360,88425
6361,88449
6362,88480
6363,88509
6364,88539
6365,88571
6366,88600
6367,88630
6368,88661
6369,88690
6370,88718
6371,88748
6372,88777
6373,88805
6374,88834
6375,88862
6376,88890
6377,88917
6378,88946
6379,88974
6380,89002
6381,89029
6382,89056
6383,89082
6384,89109
6385,89136
6386,89164
6387,89191
6388,89217
6389,89244
6390,89270
6391,89297
6392,89323
6393,89350
6394,89377
6395,89405
6396,89432
6397,89458
6398,89485
6399,89512
6400,89539
6401,89566
6402,89593
6403,89620
6404,89648
6405,89675
6406,89702
6407,89728
6408,89754
6409,89779
6410,89806
6411,89834
6412,89861
6413,89887
6414,89913
6415,89939
6416,89964
6417,89988
6418,90011
6419,90035
6420,90060
6421,90085
6422,90109
6423,90131
6424,90153
6425,90175
6426,90196
6427,90218
6428,90240
6429,90262
6430,90282
6431,90302
6432,90332
6433,90360
6434,90387
6435,90413
6436,90439
6437,90463
6438,90487
6439,90511
6440,90535
6441,90559
6442,90583
6443,90606
6444,90628
6445,90651
6446,90673
6447,90694
6448,90715
6449,90735
6450,90757
6451,90778
6452,90796
6453,90815
6454,90834
6455,90853
6456,90871
6457,90888
6458,90906
6459,90924
6460,90941
6461,90957
6462,90974
6463,90990
6464,91007
6465,91022
6466,91037
6467,91052
6468,91067
6469,91081
6470,91096
6471,91111
6472,91126
6473,91140
6474,91154
6475,91167
6476,91180
6477,91192
6478,91205
6479,91217
6480,91229
6481,91240
6482,91252
6483,91264
6484,91275
6485,91287
6486,91298
6487,91309
6488,91320
6489,91331
6490,91342
6491,91352
6492,91362
6493,91372
6494,91383
6495,91393
6496,91403
6497,91413
6498,91422
6499,91432
6500,91441
6501,91450
6502,91462
6503,91474
6504,91487
6505,91498
6506,91510
6507,91522
6508,91534
6509,91545
6510,91556
6511,91567
6512,91578
6513,91589
6514,91600
6515,91611
6516,91621
6517,91631
6518,91640
6519,91650
6520,91659
6521,91668
6522,91677
6523,91685
6524,91693
6525,91701
6526,91710
6527,91719
6528,91727
6529,91736
6530,91745
6531,91754
6532,91763
6533,91772
6534,91781
6535,91790
6536,91799
6537,91808
6538,91816
6539,91825
6540,91833
6541,91841
6542,91849
6543,91858
6544,91867
6545,91876
6546,91884
6547,91892
6548,91901
6549,91910
6550,91920
6551,91929
6552,91938
6553,91947
6554,91956
6555,91965
6556,91974
6557,91983
6558,91992
6559,92001
6560,92010
6561,92019
6562,92028
6563,92037
6564,92046
6565,92054
6566,92063
6567,92072
6568,92081
6569,92090
6570,92099
6571,92108
6572,92117
6573,92125
6574,92134
6575,92144
6576,92154
6577,92163
6578,92172
6579,92181
6580,92190
6581,92199
6582,92208
6583,92217
6584,92225
6585,92233
6586,92242
6587,92250
6588,92257
6589,92264
6590,92271
6591,92278
6592,92284
6593,92291
6594,92298
6595,92304
6596,92310
6597,92316
6598,92321
6599,92326
6600,92332
6601,92337
6602,92342
6603,92346
6604,92351
6605,92355
6606,92359
6607,92363
6608,92367
6609,92371
6610,92375
6611,92379
6612,92383
6613,92386
6614,92389
6615,92392
6616,92395
6617,92398
6618,92401
6619,92404
6620,92407
6621,92410
6622,92412
6623,92415
6624,92417
6625,92420
6626,92422
6627,92424
6628,92426
6629,92428
6630,92430
6631,92432
6632,92434
6633,92436
6634,92438
6635,92440
6636,92442
6637,92444
6638,92446
6639,92448
6640,92450
6641,92452
6642,92454
6643,92456
6644,92458
6645,92460
6646,92462
6647,92464
6648,92465
6649,92466
6650,92467
6651,92468
6652,92469
6653,92470
6654,92471
6655,92472
6656,92473
6657,92474
6658,92475
6659,92476
6660,92477
6661,92478
6662,92479
6663,92480
6664,92481
6665,92482
6666,92483
6667,92484
6668,92485
6669,92486
6670,92487
6671,92488
6672,92489
6673,92490
6674,92491
6675,92492
6676,92493
6677,92494
6678,92495
6679,92496
6680,92497
6681,92498
6682,92498
6683,92498
6684,92498
6685,92498
6686,92498
6687,92498
6688,92498
6689,92498
6690,92498
6691,92498
6692,92498
6693,92498
6694,92498
6695,92498
6696,92498
6697,92498
6698,92498
6699,92498
6700,92498
6701,92498
6702,92498
6703,92498
6704,92498
6705,92498
6706,92498
6707,92498
6708,92498
6709,92498
6710,92498
6711,92498
6712,92498
6713,92498
6714,92498
6715,92498
6716,92498
6717,92498
6718,92498
6719,92498
6720,92498
6721,92498
6722,92498
6723,92498
6724,92498
6725,92498
6726,92498
6727,92498
6728,92498
6729,92498
6730,92498
6731,92498
6732,92498
6733,92498
6734,92498
6735,92498
6736,92498
6737,92498
6738,92498
6739,92498
6740,92498
6741,92498
6742,92498
6743,92498
6744,92498
6745,92498
6746,92498
6747,92498
6748,92498
6749,92498
6750,92498
6751,92498
6752,92498
6753,92498
6754,92498
6755,92498
6756,92498
6757,92498
6758,92498
6759,92498
6760,92498
6761,92498
6762,92498
6763,92498
6764,92498
6765,92498
6766,92498
6767,92498
6768,92498
6769,92498
6770,92498
6771,92498
6772,92498
6773,92498
6774,92498
6775,92498
6776,92498
6777,92498
6778,92498
6779,92498
6780,92498
6781,92498
6782,92498
6783,92498
6784,92498
6785,92498
6786,92498
6787,92498
6788,92498
6789,92498
6790,92498
6791,92498
6792,92498
6793,92498
6794,92498
6795,92498
6796,92498
6797,92498
6798,92498
6799,92498
6800,92498
6801,92498
6802,92498
6803,92498
6804,92498
6805,92498
6806,92498
6807,92498
6808,92498
6809,92498
6810,92498
6811,92498
6812,92498
6813,92498
6814,92498
6815,92498
6816,92498
6817,92498
6818,92498
6819,92498
6820,92498
6821,92498
6822,92498
6823,92498
6824,92498
6825,92498
6826,92498
6827,92498
6828,92498
6829,92498
6830,92498
6831,92498
6832,92498
6833,92498
6834,92498
6835,92498
6836,92498
6837,92498
6838,92498
6839,92498
6840,92498
6841,92498
6842,92498
6843,92498
6844,92498
6845,92498
6846,92498
6847,92498
6848,92498
6849,92498
6850,92498
6851,92498
6852,92498
6853,92498
6854,92498
6855,92498
6856,92498
6857,92498
6858,92498
6859,92498
6860,92498
6861,92498
6862,92498
6863,92498
6864,92498
6865,92498
6866,92498
6867,92498
6868,92498
6869,92498
6870,92498
6871,92498
6872,92498
6873,92498
6874,92498
6875,92498
6876,92498
6877,92498
6878,92498
6879,92498
6880,92498
6881,92498
6882,92498
6883,92498
6884,92498
6885,92498
6886,92498
6887,92498
6888,92498
6889,92498
6890,92498
6891,92498
6892,92498
6893,92498
6894,92498
6895,92498
6896,92498
6897,92498
6898,92498
6899,92498
6900,92498
6901,92498
6902,92498
6903,92498
6904,92498
6905,92498
6906,92498
6907,92498
6908,92498
6909,92498
6910,92498
6911,92498
6912,92498
6913,92498
6914,92498
6915,92498
6916,92498
6917,92498
6918,92498
6919,92498
6920,92498
6921,92498
6922,92498
6923,92498
6924,92498
6925,92498
6926,92498
6927,92498
6928,92498
6929,92498
6930,92498
6931,92498
6932,92498
6933,92498
6934,92498
6935,92498
6936,92498
6937,92498
6938,92498
6939,92498
6940,92498
6941,92498
6942,92498
6943,92498
6944,92498
6945,92498
6946,92498
6947,92498
6948,92498
6949,92498
6950,92498
6951,92498
6952,92498
6953,92498
6954,92498
6955,92498
6956,92498
6957,92498
6958,92498
6959,92498
6960,92498
6961,92498
6962,92498
6963,92498
6964,92498
6965,92498
6966,92498
6967,92498
6968,92498
6969,92498
6970,92498
6971,92498
6972,92498
6973,92498
6974,92498
6975,92498
6976,92498
6977,92498
6978,92498
6979,92498
6980,92498
6981,92498
6982,92498
6983,92498
6984,92498
6985,92498
6986,92498
6987,92498
6988,92498
6989,92498
6990,92498
6991,92498
6992,92498
6993,92498
6994,92498
6995,92498
6996,92498
6997,92498
6998,92498
6999,92498
7000,92498
7001,92498
7002,92498
7003,92498
7004,92498
7005,92498
7006,92498
7007,92498
7008,92498
7009,92498
7010,92498
7011,92498
7012,92498
7013,92498
7014,92498
7015,92498
7016,92498
7017,92498
7018,92498
7019,92498
7020,92498
7021,92498
7022,92498
7023,92498
7024,92498
7025,92498
7026,92498
7027,92498
7028,92498
7029,92498
7030,92498
7031,92498
7032,92498
7033,92498
7034,92498
7035,92498
7036,92498
7037,92498
7038,92498
7039,92498
7040,92498
7041,92498
7042,92498
7043,92498
7044,92498
7045,92498
7046,92498
7047,92498
7048,92498
7049,92498
7050,92498
7051,92498
7052,92498
7053,92498
7054,92498
7055,92498
7056,92498
7057,92498
7058,92498
7059,92498
7060,92498
7061,92498
7062,92498
7063,92498
7064,92498
7065,92498
7066,92498
7067,92498
7068,92498
7069,92498
7070,92498
7071,92498
7072,92498
7073,92498
7074,92498
7075,92498
7076,92498
7077,92498
7078,92498
7079,92498
7080,92498
7081,92498
7082,92498
7083,92498
7084,92498
7085,92498
7086,92498
7087,92498
7088,92498
7089,92498
7090,92498
7091,92498
7092,92498
7093,92498
7094,92498
7095,92498
7096,92498
7097,92498
7098,92498
7099,92498
7100,92498
7101,92498
7102,92498
7103,92498
7104,92498
7105,92498
7106,92498
7107,92498
7108,92498
7109,92498
7110,92498
7111,92498
7112,92498
7113,92498
7114,92498
7115,92498
7116,92498
7117,92498
7118,92498
7119,92498
7120,92498
7121,92498
7122,92498
7123,92498
7124,92498
7125,92498
7126,92498
7127,92498
7128,92498
7129,92498
7130,92498
7131,92498
7132,92498
7133,92498
7134,92498
7135,92498
7136,92498
7137,92498
7138,92498
7139,92498
7140,92498
7141,92498
7142,92498
7143,92498
7144,92498
7145,92498
7146,92498
7147,92498
7148,92498
7149,92498
7150,92498
7151,92498
7152,92498
7153,92498
7154,92498
7155,92498
7156,92498
7157,92498
7158,92498
7159,92498
7160,92498
7161,92498
7162,92498
7163,92498
7164,92498
7165,92498
7166,92498
7167,92498
7168,92498
7169,92498
7170,92498
7171,92498
7172,92498
7173,92498
7174,92498
7175,92498
7176,92498
7177,92498
7178,92498
7179,92498
7180,92498
7181,92498
7182,92498
7183,92498
7184,92498
7185,92498
7186,92498
7187,92498
7188,92498
7189,92498
7190,92498
7191,92498
7192,92498
7193,92498
7194,92498
7195,92498
7196,92498
7197,92498
7198,92498
7199,92498
7200,92498
7201,92498
7202,92498
7203,92498
7204,92498
7205,92498
7206,92498
7207,92498
7208,92498
7209,92498
7210,92498
7211,92498
7212,92498
7213,92498
7214,92498
7215,92498
7216,92498
7217,92498
7218,92498
7219,92498
7220,92498
7221,92498
7222,92498
7223,92498
7224,92498
7225,92498
7226,92498
7227,92498
7228,92498
7229,92498
7230,92498
7231,92498
7232,92498
7233,92498
7234,92498
7235,92498
7236,92498
7237,92498
7238,92498
7239,92498
7240,92498
7241,92498
7242,92498
7243,92498
7244,92498
7245,92498
7246,92498
7247,92498
7248,92498
7249,92498
7250,92498
7251,92498
7252,92498
7253,92498
7254,92498
7255,92498
7256,92498
7257,92498
7258,92498
7259,92498
7260,92498
7261,92498
7262,92498
7263,92498
7264,92498
7265,92498
7266,92498
7267,92498
7268,92498
7269,92498
7270,92498
7271,92498
7272,92498
7273,92498
7274,92498
7275,92498
7276,92498
7277,92498
7278,92498
7279,92498
7280,92498
7281,92498
7282,92498
7283,92498
7284,92498
7285,92498
7286,92498
7287,92498
7288,92498
7289,92498
7290,92498
7291,92498
7292,92498
7293,92498
7294,92498
7295,92498
7296,92498
7297,92498
7298,92498
7299,92498
7300,92498
7301,92498
7302,92498
7303,92498
7304,92498
7305,92498
7306,92498
7307,92498
7308,92498
7309,92498
7310,92498
7311,92498
7312,92498
7313,92498
7314,92498
7315,92498
7316,92498
7317,92498
7318,92498
7319,92498
7320,92498
7321,92498
7322,92498
7323,92498
7324,92498
7325,92498
7326,92498
7327,92498
7328,92498
7329,92498
7330,92498
7331,92498
7332,92498
7333,92498
7334,92498
7335,92498
7336,92498
7337,92498
7338,92498
7339,92498
7340,92498
7341,92498
7342,92498
7343,92498
7344,92498
7345,92498
7346,92498
7347,92498
7348,92498
7349,92498
7350,92498
7351,92498
7352,92498
7353,92498
7354,92498
7355,92498
7356,92498
7357,92498
7358,92498
7359,92498
7360,92498
7361,92498
7362,92498
7363,92498
7364,92498
7365,92498
7366,92498
7367,92498
7368,92498
7369,92498
7370,92498
7371,92498
7372,92498
7373,92498
7374,92498
7375,92498
7376,92498
7377,92498
7378,92498
7379,92498
7380,92498
7381,92498
7382,92498
7383,92498
7384,92498
7385,92498
7386,92498
7387,92498
7388,92498
7389,92498
7390,92498
7391,92498
7392,92498
7393,92498
7394,92498
7395,92498
7396,92498
7397,92498
7398,92498
7399,92498
7400,92498
7401,92498
7402,92498
7403,92498
7404,92498
7405,92498
7406,92498
7407,92498
7408,92498
7409,92498
7410,92498
7411,92498
7412,92498
7413,92498
7414,92498
7415,92498
7416,92498
7417,92498
7418,92498
7419,92498
7420,92498
7421,92498
7422,92498
7423,92498
7424,92498
7425,92498
7426,92498
7427,92498
7428,92498
7429,92498
7430,92498
7431,92498
7432,92498
7433,92498
7434,92498
7435,92498
7436,92498
7437,92498
7438,92498
7439,92498
7440,92498
7441,92498
7442,92498
7443,92498
7444,92498
7445,92498
7446,92498
7447,92498
7448,92498
7449,92498
7450,92498
7451,92498
7452,92498
7453,92498
7454,92498
7455,92498
7456,92498
7457,92498
7458,92498
7459,92498
7460,92498
7461,92498
7462,92498
7463,92498
7464,92498
7465,92498
7466,92498
7467,92498
7468,92498
7469,92498
7470,92498
7471,92498
7472,92498
7473,92498
7474,92498
7475,92498
7476,92498
7477,92498
7478,92498
7479,92498
7480,92498
7481,92498
7482,92498
7483,92498
7484,92498
7485,92498
7486,92498
7487,92498
7488,92498
7489,92498
7490,92498
7491,92498
7492,92498
7493,92498
7494,92498
7495,92498
7496,92498
7497,92498
7498,92498
7499,92498
7500,92498
7501,92498
7502,92498
7503,92498
7504,92498
7505,92498
7506,92498
7507,92498
7508,92498
7509,92498
7510,92498
7511,92498
7512,92498
7513,92498
7514,92498
7515,92498
7516,92498
7517,92498
7518,92498
7519,92498
7520,92498
7521,92498
7522,92498
7523,92498
7524,92498
7525,92498
7526,92498
7527,92498
7528,92498
7529,92498
7530,92498
7531,92498
7532,92498
7533,92498
7534,92498
7535,92498
7536,92498
7537,92498
7538,92498
7539,92498
7540,92498
7541,92498
7542,92498
7543,92498
7544,92498
7545,92498
7546,92498
7547,92498
7548,92498
7549,92498
7550,92498
7551,92498
7552,92498
7553,92498
7554,92498
7555,92498
7556,92498
7557,92498
7558,92498
7559,92498
7560,92498
7561,92498
7562,92498
7563,92498
7564,92498
7565,92498
7566,92498
7567,92498
7568,92498
7569,92498
7570,92498
7571,92498
7572,92498
7573,92498
7574,92498
7575,92498
7576,92498
7577,92498
7578,92498
7579,92498
7580,92498
7581,92498
7582,92498
7583,92498
7584,92498
7585,92498
7586,92498
7587,92498
7588,92498
7589,92498
7590,92498
7591,92498
7592,92498
7593,92498
7594,92498
7595,92498
7596,92498
7597,92498
7598,92498
7599,92498
7600,92498
7601,92498
7602,92498
7603,92498
7604,92498
7605,92498
7606,92498
7607,92498
7608,92498
7609,92498
7610,92498
7611,92498
7612,92498
7613,92498
7614,92498
7615,92498
7616,92498
7617,92498
7618,92498
7619,92498
7620,92498
7621,92498
7622,92498
7623,92498
7624,92498
7625,92498
7626,92498
7627,92498
7628,92498
7629,92498
7630,92498
7631,92498
7632,92498
7633,92498
7634,92498
7635,92498
7636,92498
7637,92498
7638,92498
7639,92498
7640,92498
7641,92498
7642,92498
7643,92498
7644,92498
7645,92498
7646,92498
7647,92498
7648,92498
7649,92498
7650,92498
7651,92498
7652,92498
7653,92498
7654,92498
7655,92498
7656,92498
7657,92498
7658,92498
7659,92498
7660,92498
7661,92498
7662,92498
7663,92498
7664,92498
7665,92498
7666,92498
7667,92498
7668,92498
7669,92498
7670,92498
7671,92498
7672,92498
7673,92498
7674,92498
7675,92498
7676,92498
7677,92498
7678,92498
7679,92498
7680,92498
7681,92498
7682,92498
7683,92498
7684,92498
7685,92498
7686,92498
7687,92498
7688,92498
7689,92498
7690,92498
7691,92498
7692,92498
7693,92498
7694,92498
7695,92498
7696,92498
7697,92498
7698,92498
7699,92498
7700,92498
7701,92498
7702,92498
7703,92498
7704,92498
7705,92498
7706,92498
7707,92498
7708,92498
7709,92498
7710,92498
7711,92498
7712,92498
7713,92498
7714,92498
7715,92498
7716,92498
7717,92498
7718,92498
7719,92498
7720,92498
7721,92498
7722,92498
7723,92498
7724,92498
7725,92498
7726,92498
7727,92498
7728,92498
7729,92498
7730,92498
7731,92498
7732,92498
7733,92498
7734,92498
7735,92498
7736,92498
7737,92498
7738,92498
7739,92498
7740,92498
7741,92498
7742,92498
7743,92498
7744,92498
7745,92498
7746,92498
7747,92498
7748,92498
7749,92498
7750,92498
7751,92498
7752,92498
7753,92498
7754,92498
7755,92498
7756,92498
7757,92498
7758,92498
7759,92498
7760,92498
7761,92498
7762,92498
7763,92498
7764,92498
7765,92498
7766,92498
7767,92498
7768,92498
7769,92498
7770,92498
7771,92498
7772,92498
7773,92498
7774,92498
7775,92498
7776,92498
7777,92498
7778,92498
7779,92498
7780,92498
7781,92498
7782,92498
7783,92498
7784,92498
7785,92498
7786,92498
7787,92498
7788,92498
7789,92498
7790,92498
7791,92498
7792,92498
7793,92498
7794,92498
7795,92498
7796,92498
7797,92498
7798,92498
7799,92498
7800,92498
7801,92498
7802,92498
7803,92498
7804,92498
7805,92498
7806,92498
7807,92498
7808,92498
7809,92498
7810,92498
7811,92498
7812,92498
7813,92498
7814,92498
7815,92498
7816,92498
7817,92498
7818,92498
7819,92498
7820,92498
7821,92498
7822,92498
7823,92498
7824,92498
7825,92498
7826,92498
7827,92498
7828,92498
7829,92498
7830,92498
7831,92498
7832,92498
7833,92498
7834,92498
7835,92498
7836,92498
7837,92498
7838,92498
7839,92498
7840,92498
7841,92498
7842,92498
7843,92498
7844,92498
7845,92498
7846,92498
7847,92498
7848,92498
7849,92498
7850,92498
7851,92498
7852,92498
7853,92498
7854,92498
7855,92498
7856,92498
7857,92498
7858,92498
7859,92498
7860,92498
7861,92498
7862,92498
7863,92498
7864,92498
7865,92498
7866,92498
7867,92498
7868,92498
7869,92498
7870,92498
7871,92498
7872,92498
7873,92498
7874,92498
7875,92498
7876,92498
7877,92498
7878,92498
7879,92498
7880,92498
7881,92498
7882,92498
7883,92498
7884,92498
7885,92498
7886,92498
7887,92498
7888,92498
7889,92498
7890,92498
7891,92498
7892,92498
7893,92498
7894,92498
7895,92498
7896,92498
7897,92498
7898,92498
7899,92498
7900,92498
7901,92498
7902,92498
7903,92498
7904,92498
7905,92498
7906,92498
7907,92498
7908,92498
7909,92498
7910,92498
7911,92498
7912,92498
7913,92498
7914,92498
7915,92498
7916,92498
7917,92498
7918,92498
7919,92498
7920,92498
7921,92498
7922,92498
7923,92498
7924,92498
7925,92498
7926,92498
7927,92498
7928,92498
7929,92498
7930,92498
7931,92498
7932,92498
7933,92498
7934,92498
7935,92498
7936,92498
7937,92498
7938,92498
7939,92498
7940,92498
7941,92498
7942,92498
7943,92498
7944,92498
7945,92498
7946,92498
7947,92498
7948,92498
7949,92498
7950,92498
7951,92498
7952,92498
7953,92498
7954,92498
7955,92498
7956,92498
7957,92498
7958,92498
7959,92498
7960,92498
7961,92498
7962,92498
7963,92498
7964,92498
7965,92498
7966,92498
7967,92498
7968,92498
7969,92498
7970,92498
7971,92498
7972,92498
7973,92498
7974,92498
7975,92498
7976,92498
7977,92498
7978,92498
7979,92498
7980,92498
7981,92498
7982,92498
7983,92498
7984,92498
7985,92498
7986,92498
7987,92498
7988,92498
7989,92498
7990,92498
7991,92498
7992,92498
7993,92498
7994,92498
7995,92498
7996,92498
7997,92498
7998,92498
7999,92498
8000,92498
8001,92498
8002,92498
8003,92498
8004,92498
8005,92498
8006,92498
8007,92498
8008,92498
8009,92498
8010,92498
8011,92498
8012,92498
8013,92498
8014,92498
8015,92498
8016,92498
8017,92498
8018,92498
8019,92498
8020,92498
8021,92498
8022,92498
8023,92498
8024,92498
8025,92498
8026,92498
8027,92498
8028,92498
8029,92498
8030,92498
8031,92498
8032,92498
8033,92498
8034,92498
8035,92498
8036,92498
8037,92498
8038,92498
8039,92498
8040,92498
8041,92498
8042,92498
8043,92498
8044,92498
8045,92498
8046,92498
8047,92498
8048,92498
8049,92498
8050,92498
8051,92498
8052,92498
8053,92498
8054,92498
8055,92498
8056,92498
8057,92498
8058,92498
8059,92498
8060,92498
8061,92498
8062,92498
8063,92498
8064,92498
8065,92498
8066,92498
8067,92498
8068,92498
8069,92498
8070,92498
8071,92498
8072,92498
8073,92498
8074,92498
8075,92498
8076,92498
8077,92498
8078,92498
8079,92498
8080,92498
8081,92498
8082,92498
8083,92498
8084,92498
8085,92498
8086,92498
8087,92498
8088,92498
8089,92498
8090,92498
8091,92498
8092,92498
8093,92498
8094,92498
8095,92498
8096,92498
8097,92498
8098,92498
8099,92498
8100,92498
8101,92498
8102,92498
8103,92498
8104,92498
8105,92498
8106,92498
8107,92498
8108,92498
8109,92498
8110,92498
8111,92498
8112,92498
8113,92498
8114,92498
8115,92498
8116,92498
8117,92498
8118,92498
8119,92498
8120,92498
8121,92498
8122,92498
8123,92498
8124,92498
8125,92498
8126,92498
8127,92498
8128,92498
8129,92498
8130,92498
8131,92498
8132,92498
8133,92498
8134,92498
8135,92498
8136,92498
8137,92498
8138,92498
8139,92498
8140,92498
8141,92498
8142,92498
8143,92498
8144,92498
8145,92498
8146,92498
8147,92498
8148,92498
8149,92498
8150,92498
8151,92498
8152,92498
8153,92498
8154,92498
8155,92498
8156,92498
8157,92498
8158,92498
8159,92498
8160,92498
8161,92498
8162,92498
8163,92498
8164,92498
8165,92498
8166,92498
8167,92498
8168,92498
8169,92498
8170,92498
8171,92498
8172,92498
8173,92498
8174,92498
8175,92498
8176,92498
8177,92498
8178,92498
8179,92498
8180,92498
8181,92498
8182,92498
8183,92498
8184,92498
8185,92498
8186,92498
8187,92498
8188,92498
8189,92498
8190,92498
8191,92498
8192,92498
8193,92498
8194,92498
8195,92498
8196,92498
8197,92498
8198,92498
8199,92498
8200,92498
8201,92498
8202,92498
8203,92498
8204,92498
8205,92498
8206,92498
8207,92498
8208,92498
8209,92498
8210,92498
8211,92498
8212,92498
8213,92498
8214,92498
8215,92498
8216,92498
8217,92498
8218,92498
8219,92498
8220,92498
8221,92498
8222,92498
8223,92498
8224,92498
8225,92498
8226,92498
8227,92498
8228,92498
8229,92498
8230,92498
8231,92498
8232,92498
8233,92498
8234,92498
8235,92498
8236,92498
8237,92498
8238,92498
8239,92498
8240,92498
8241,92498
8242,92498
8243,92498
8244,92498
8245,92498
8246,92498
8247,92498
8248,92498
8249,92498
8250,92498
8251,92498
8252,92498
8253,92498
8254,92498
8255,92498
8256,92498
8257,92498
8258,92498
8259,92498
8260,92498
8261,92498
8262,92498
8263,92498
8264,92498
8265,92498
8266,92498
8267,92498
8268,92498
8269,92498
8270,92498
8271,92498
8272,92498
8273,92498
8274,92498
8275,92498
8276,92498
8277,92498
8278,92498
8279,92498
8280,92498
8281,92498
8282,92498
8283,92498
8284,92498
8285,92498
8286,92498
8287,92498
8288,92498
8289,92498
8290,92498
8291,92498
8292,92498
8293,92498
8294,92498
8295,92498
8296,92498
8297,92498
8298,92498
8299,92498
8300,92498
8301,92498
8302,92498
8303,92498
8304,92498
8305,92498
8306,92498
8307,92498
8308,92498
8309,92498
8310,92498
8311,92498
8312,92498
8313,92498
8314,92498
8315,92498
8316,92498
8317,92498
8318,92498
8319,92498
8320,92498
8321,92498
8322,92498
8323,92498
8324,92498
8325,92498
8326,92498
8327,92498
8328,92498
8329,92498
8330,92498
8331,92498
8332,92498
8333,92498
8334,92498
8335,92498
8336,92498
8337,92498
8338,92498
8339,92498
8340,92498
8341,92498
8342,92498
8343,92498
8344,92498
8345,92498
8346,92498
8347,92498
8348,92498
8349,92498
8350,92498
8351,92498
8352,92498
8353,92498
8354,92498
8355,92498
8356,92498
8357,92498
8358,92498
8359,92498
8360,92498
8361,92498
8362,92498
8363,92498
8364,92498
8365,92498
8366,92498
8367,92498
8368,92498
8369,92498
8370,92498
8371,92498
8372,92498
8373,92498
8374,92498
8375,92498
8376,92498
8377,92498
8378,92498
8379,92498
8380,92498
8381,92498
8382,92498
8383,92498
8384,92498
8385,92498
8386,92498
8387,92498
8388,92498
8389,92498
8390,92498
8391,92498
8392,92498
8393,92498
8394,92498
8395,92498
8396,92498
8397,92498
8398,92498
8399,92498
8400,92498
8401,92498
8402,92498
8403,92498
8404,92498
8405,92498
8406,92498
8407,92498
8408,92498
8409,92498
8410,92498
8411,92498
8412,92498
8413,92498
8414,92498
8415,92498
8416,92498
8417,92498
8418,92498
8419,92498
8420,92498
8421,92498
8422,92498
8423,92498
8424,92498
8425,92498
8426,92498
8427,92498
8428,92498
8429,92498
8430,92498
8431,92498
8432,92498
8433,92498
8434,92498
8435,92498
8436,92498
8437,92498
8438,92498
8439,92498
8440,92498
8441,92498
8442,92498
8443,92498
8444,92498
8445,92498
8446,92498
8447,92498
8448,92498
8449,92498
8450,92498
8451,92498
8452,92498
8453,92498
8454,92498
8455,92498
8456,92498
8457,92498
8458,92498
8459,92498
8460,92498
8461,92498
8462,92498
8463,92498
8464,92498
8465,92498
8466,92498
8467,92498
8468,92498
8469,92498
8470,92498
8471,92498
8472,92498
8473,92498
8474,92498
8475,92498
8476,92498
8477,92498
8478,92498
8479,92498
8480,92498
8481,92498
8482,92498
8483,92498
8484,92498
8485,92498
8486,92498
8487,92498
8488,92498
8489,92498
8490,92498
8491,92498
8492,92498
8493,92498
8494,92498
8495,92498
8496,92498
8497,92498
8498,92498
8499,92498
8500,92498
8501,92498
8502,92498
8503,92498
8504,92498
8505,92498
8506,92498
8507,92498
8508,92498
8509,92498
8510,92498
8511,92498
8512,92498
8513,92498
8514,92498
8515,92498
8516,92498
8517,92498
8518,92498
8519,92498
8520,92498
8521,92498
8522,92498
8523,92498
8524,92498
8525,92498
8526,92498
8527,92498
8528,92498
8529,92498
8530,92498
8531,92498
8532,92498
8533,92498
8534,92498
8535,92498
8536,92498
8537,92498
8538,92498
8539,92498
8540,92498
8541,92498
8542,92498
8543,92498
8544,92498
8545,92498
8546,92498
8547,92498
8548,92498
8549,92498
8550,92498
8551,92498
8552,92498
8553,92498
8554,92498
8555,92498
8556,92498
8557,92498
8558,92498
8559,92498
8560,92498
8561,92498
8562,92498
8563,92498
8564,92498
8565,92498
8566,92498
8567,92498
8568,92498
8569,92498
8570,92498
8571,92498
8572,92498
8573,92498
8574,92498
8575,92498
8576,92498
8577,92498
8578,92498
8579,92498
8580,92498
8581,92498
8582,92498
8583,92498
8584,92498
8585,92498
8586,92498
8587,92498
8588,92498
8589,92498
8590,92498
8591,92498
8592,92498
8593,92498
8594,92498
8595,92498
8596,92498
8597,92498
8598,92498
8599,92498
8600,92498
8601,92498
8602,92498
8603,92498
8604,92498
8605,92498
8606,92498
8607,92498
8608,92498
8609,92498
8610,92498
8611,92498
8612,92498
8613,92498
8614,92498
8615,92498
8616,92498
8617,92498
8618,92498
8619,92498
8620,92498
8621,92498
8622,92498
8623,92498
8624,92498
8625,92498
8626,92498
8627,92498
8628,92498
8629,92498
8630,92498
8631,92498
8632,92498
8633,92498
8634,92498
8635,92498
8636,92498
8637,92498
8638,92498
8639,92498
8640,92498
8641,92498
8642,92498
8643,92498
8644,92498
8645,92498
8646,92498
8647,92498
8648,92498
8649,92498
8650,92498
8651,92498
8652,92498
8653,92498
8654,92498
8655,92498
8656,92498
8657,92498
8658,92498
8659,92498
8660,92498
8661,92498
8662,92498
8663,92498
8664,92498
8665,92498
8666,92498
8667,92498
8668,92498
8669,92498
8670,92498
8671,92498
8672,92498
8673,92498
8674,92498
8675,92498
8676,92498
8677,92498
8678,92498
8679,92498
8680,92498
8681,92498
8682,92498
8683,92498
8684,92498
8685,92498
8686,92498
8687,92498
8688,92498
8689,92498
8690,92498
8691,92498
8692,92498
8693,92498
8694,92498
8695,92498
8696,92498
8697,92498
8698,92498
8699,92498
8700,92498
8701,92498
8702,92498
8703,92498
8704,92498
8705,92498
8706,92498
8707,92498
8708,92498
8709,92498
8710,92498
8711,92498
8712,92498
8713,92498
8714,92498
8715,92498
8716,92498
8717,92498
8718,92498
8719,92498
8720,92498
8721,92498
8722,92498
8723,92498
8724,92498
8725,92498
8726,92498
8727,92498
8728,92498
8729,92498
8730,92498
8731,92498
8732,92498
8733,92498
8734,92498
8735,92498
8736,92498
8737,92498
8738,92498
8739,92498
8740,92498
8741,92498
8742,92498
8743,92498
8744,92498
8745,92498
8746,92498
8747,92498
8748,92498
8749,92498
8750,92498
8751,92498
8752,92498
8753,92498
8754,92498
8755,92498
8756,92498
8757,92498
8758,92498
8759,92498
8760,92498
8761,92498
8762,92498
8763,92498
8764,92498
8765,92498
8766,92498
8767,92498
8768,92498
8769,92498
8770,92498
8771,92498
8772,92498
8773,92498
8774,92498
8775,92498
8776,92498
8777,92498
8778,92498
8779,92498
8780,92498
8781,92498
8782,92498
8783,92498
8784,92498
8785,92498
8786,92498
8787,92498
8788,92498
8789,92498
8790,92498
8791,92498
8792,92498
8793,92498
8794,92498
8795,92498
8796,92498
8797,92498
8798,92498
8799,92498
8800,92498
8801,92498
8802,92498
8803,92498
8804,92498
8805,92498
8806,92498
8807,92498
8808,92498
8809,92498
8810,92498
8811,92498
8812,92498
8813,92498
8814,92498
8815,92498
8816,92498
8817,92498
8818,92498
8819,92498
8820,92498
8821,92498
8822,92498
8823,92498
8824,92498
8825,92498
8826,92498
8827,92498
8828,92498
8829,92498
8830,92498
8831,92498
8832,92498
8833,92498
8834,92498
8835,92498
8836,92498
8837,92498
8838,92498
8839,92498
8840,92498
8841,92498
8842,92498
8843,92498
8844,92498
8845,92498
8846,92498
8847,92498
8848,92498
8849,92498
8850,92498
8851,92498
8852,92498
8853,92498
8854,92498
8855,92498
8856,92498
8857,92498
8858,92498
8859,92498
8860,92498
8861,92498
8862,92498
8863,92498
8864,92498
8865,92498
8866,92498
8867,92498
8868,92498
8869,92498
8870,92498
8871,92498
8872,92498
8873,92498
8874,92498
8875,92498
8876,92498
8877,92498
8878,92498
8879,92498
8880,92498
8881,92498
8882,92498
8883,92498
8884,92498
8885,92498
8886,92498
8887,92498
8888,92498
8889,92498
8890,92498
8891,92498
8892,92498
8893,92498
8894,92498
8895,92498
8896,92498
8897,92498
8898,92498
8899,92498
8900,92498
8901,92498
8902,92498
8903,92498
8904,92498
8905,92498
8906,92498
8907,92498
8908,92498
8909,92498
8910,92498
8911,92498
8912,92498
8913,92498
8914,92498
8915,92498
8916,92498
8917,92498
8918,92498
8919,92498
8920,92498
8921,92498
8922,92498
8923,92498
8924,92498
8925,92498
8926,92498
8927,92498
8928,92498
8929,92498
8930,92498
8931,92498
8932,92498
8933,92498
8934,92498
8935,92498
8936,92498
8937,92498
8938,92498
8939,92498
8940,92498
8941,92498
8942,92498
8943,92498
8944,92498
8945,92498
8946,92498
8947,92498
8948,92498
8949,92498
8950,92498
8951,92498
8952,92498
8953,92498
8954,92498
8955,92498
8956,92498
8957,92498
8958,92498
8959,92498
8960,92498
8961,92498
8962,92498
8963,92498
8964,92498
8965,92498
8966,92498
8967,92498
8968,92498
8969,92498
8970,92498
8971,92498
8972,92498
8973,92498
8974,92498
8975,92498
8976,92498
8977,92498
8978,92498
8979,92498
8980,92498
8981,92498
8982,92498
8983,92498
8984,92498
8985,92498
8986,92498
8987,92498
8988,92498
8989,92498
8990,92498
8991,92498
8992,92498
8993,92498
8994,92498
8995,92498
8996,92498
8997,92498
8998,92498
8999,92498
9000,92498
9001,92498
9002,92498
9003,92498
9004,92498
9005,92498
9006,92498
9007,92498
9008,92498
9009,92498
9010,92498
9011,92498
9012,92498
9013,92498
9014,92498
9015,92498
9016,92498
9017,92498
9018,92498
9019,92498
9020,92498
9021,92498
9022,92498
9023,92498
9024,92498
9025,92498
9026,92498
9027,92498
9028,92498
9029,92498
9030,92498
9031,92498
9032,92498
9033,92498
9034,92498
9035,92498
9036,92498
9037,92498
9038,92498
9039,92498
9040,92498
9041,92498
9042,92498
9043,92498
9044,92498
9045,92498
9046,92498
9047,92498
9048,92498
9049,92498
9050,92498
9051,92498
9052,92498
9053,92498
9054,92498
9055,92498
9056,92498
9057,92498
9058,92498
9059,92498
9060,92498
9061,92498
9062,92498
9063,92498
9064,92498
9065,92498
9066,92498
9067,92498
9068,92498
9069,92498
9070,92498
9071,92498
9072,92498
9073,92498
9074,92498
9075,92498
9076,92498
9077,92498
9078,92498
9079,92498
9080,92498
9081,92498
9082,92498
9083,92498
9084,92498
9085,92498
9086,92498
9087,92498
9088,92498
9089,92498
9090,92498
9091,92498
9092,92498
9093,92498
9094,92498
9095,92498
9096,92498
9097,92498
9098,92498
9099,92498
9100,92498
9101,92498
9102,92498
9103,92498
9104,92498
9105,92498
9106,92498
9107,92498
9108,92498
9109,92498
9110,92498
9111,92498
9112,92498
9113,92498
9114,92498
9115,92498
9116,92498
9117,92498
9118,92498
9119,92498
9120,92498
9121,92498
9122,92498
9123,92498
9124,92498
9125,92498
9126,92498
9127,92498
9128,92498
9129,92498
9130,92498
9131,92498
9132,92498
9133,92498
9134,92498
9135,92498
9136,92498
9137,92498
9138,92498
9139,92498
9140,92498
9141,92498
9142,92498
9143,92498
9144,92498
9145,92498
9146,92498
9147,92498
9148,92498
9149,92498
9150,92498
9151,92498
9152,92498
9153,92498
9154,92498
9155,92498
9156,92498
9157,92498
9158,92498
9159,92498
9160,92498
9161,92498
9162,92498
9163,92498
9164,92498
9165,92498
9166,92498
9167,92498
9168,92498
9169,92498
9170,92498
9171,92498
9172,92498
9173,92498
9174,92498
9175,92498
9176,92498
9177,92498
9178,92498
9179,92498
9180,92498
9181,92498
9182,92498
9183,92498
9184,92498
9185,92498
9186,92498
9187,92498
9188,92498
9189,92498
9190,92498
9191,92498
9192,92498
9193,92498
9194,92498
9195,92498
9196,92498
9197,92498
9198,92498
9199,92498
9200,92498
9201,92498
9202,92498
9203,92498
9204,92498
9205,92498
9206,92498
9207,92498
9208,92498
9209,92498
9210,92498
9211,92498
9212,92498
9213,92498
9214,92498
9215,92498
9216,92498
9217,92498
9218,92498
9219,92498
9220,92498
9221,92498
9222,92498
9223,92498
9224,92498
9225,92498
9226,92498
9227,92498
9228,92498
9229,92498
9230,92498
9231,92498
9232,92498
9233,92498
9234,92498
9235,92498
9236,92498
9237,92498
9238,92498
9239,92498
9240,92498
9241,92498
9242,92498
9243,92498
9244,92498
9245,92498
9246,92498
9247,92498
9248,92498
9249,92498
9250,92498
9251,92498
9252,92498
9253,92498
9254,92498
9255,92498
9256,92498
9257,92498
9258,92498
9259,92498
9260,92498
9261,92498
9262,92498
9263,92498
9264,92498
9265,92498
9266,92498
9267,92498
9268,92498
9269,92498
9270,92498
9271,92498
9272,92498
9273,92498
9274,92498
9275,92498
9276,92498
9277,92498
9278,92498
9279,92498
9280,92498
9281,92498
9282,92498
9283,92498
9284,92498
9285,92498
9286,92498
9287,92498
9288,92498
9289,92498
9290,92498
9291,92498
9292,92498
9293,92498
9294,92498
9295,92498
9296,92498
9297,92498
9298,92498
9299,92498
9300,92498
9301,92498
9302,92498
9303,92498
9304,92498
9305,92498
9306,92498
9307,92498
9308,92498
9309,92498
9310,92498
9311,92498
9312,92498
9313,92498
9314,92498
9315,92498
9316,92498
9317,92498
9318,92498
9319,92498
9320,92498
9321,92498
9322,92498
9323,92498
9324,92498
9325,92498
9326,92498
9327,92498
9328,92498
9329,92498
9330,92498
9331,92498
9332,92498
9333,92498
9334,92498
9335,92498
9336,92498
9337,92498
9338,92498
9339,92498
9340,92498
9341,92498
9342,92498
9343,92498
9344,92498
9345,92498
9346,92498
9347,92498
9348,92498
9349,92498
9350,92498
9351,92498
9352,92498
9353,92498
9354,92498
9355,92498
9356,92498
9357,92498
9358,92498
9359,92498
9360,92498
9361,92498
9362,92498
9363,92498
9364,92498
9365,92498
9366,92498
9367,92498
9368,92498
9369,92498
9370,92498
9371,92498
9372,92498
9373,92498
9374,92498
9375,92498
9376,92498
9377,92498
9378,92498
9379,92498
9380,92498
9381,92498
9382,92498
9383,92498
9384,92498
9385,92498
9386,92498
9387,92498
9388,92498
9389,92498
9390,92498
9391,92498
9392,92498
9393,92498
9394,92498
9395,92498
9396,92498
9397,92498
9398,92498
9399,92498
9400,92498
9401,92498
9402,92498
9403,92498
9404,92498
9405,92498
9406,92498
9407,92498
9408,92498
9409,92498
9410,92498
9411,92498
9412,92498
9413,92498
9414,92498
9415,92498
9416,92498
9417,92498
9418,92498
9419,92498
9420,92498
9421,92498
9422,92498
9423,92498
9424,92498
9425,92498
9426,92498
9427,92498
9428,92498
9429,92498
9430,92498
9431,92498
9432,92498
9433,92498
9434,92498
9435,92498
9436,92498
9437,92498
9438,92498
9439,92498
9440,92498
9441,92498
9442,92498
9443,92498
9444,92498
9445,92498
9446,92498
9447,92498
9448,92498
9449,92498
9450,92498
9451,92498
9452,92498
9453,92498
9454,92498
9455,92498
9456,92498
9457,92498
9458,92498
9459,92498
9460,92498
9461,92498
9462,92498
9463,92498
9464,92498
9465,92498
9466,92498
9467,92498
9468,92498
9469,92498
9470,92498
9471,92498
9472,92498
9473,92498
9474,92498
9475,92498
9476,92498
9477,92498
9478,92498
9479,92498
9480,92498
9481,92498
9482,92498
9483,92498
9484,92498
9485,92498
9486,92498
9487,92498
9488,92498
9489,92498
9490,92498
9491,92498
9492,92498
9493,92498
9494,92498
9495,92498
9496,92498
9497,92498
9498,92498
9499,92498
9500,92498
9501,92498
9502,92498
9503,92498
9504,92498
9505,92498
9506,92498
9507,92498
9508,92498
9509,92498
9510,92498
9511,92498
9512,92498
9513,92498
9514,92498
9515,92498
9516,92498
9517,92498
9518,92498
9519,92498
9520,92498
9521,92498
9522,92498
9523,92498
9524,92498
9525,92498
9526,92498
9527,92498
9528,92498
9529,92498
9530,92498
9531,92498
9532,92498
9533,92498
9534,92498
9535,92498
9536,92498
9537,92498
9538,92498
9539,92498
9540,92498
9541,92498
9542,92498
9543,92498
9544,92498
9545,92498
9546,92498
9547,92498
9548,92498
9549,92498
9550,92498
9551,92498
9552,92498
9553,92498
9554,92498
9555,92498
9556,92498
9557,92498
9558,92498
9559,92498
9560,92498
9561,92498
9562,92498
9563,92498
9564,92498
9565,92498
9566,92498
9567,92498
9568,92498
9569,92498
9570,92498
9571,92498
9572,92498
9573,92498
9574,92498
9575,92498
9576,92498
9577,92498
9578,92498
9579,92498
9580,92498
9581,92498
9582,92498
9583,92498
9584,92498
9585,92498
9586,92498
9587,92498
9588,92498
9589,92498
9590,92498
9591,92498
9592,92498
9593,92498
9594,92498
9595,92498
9596,92498
9597,92498
9598,92498
9599,92498
9600,92498
9601,92498
9602,92498
9603,92498
9604,92498
9605,92498
9606,92498
9607,92498
9608,92498
9609,92498
9610,92498
9611,92498
9612,92498
9613,92498
9614,92498
9615,92498
9616,92498
9617,92498
9618,92498
9619,92498
9620,92498
9621,92498
9622,92498
9623,92498
9624,92498
9625,92498
9626,92498
9627,92498
9628,92498
9629,92498
9630,92498
9631,92498
9632,92498
9633,92498
9634,92498
9635,92498
9636,92498
9637,92498
9638,92498
9639,92498
9640,92498
9641,92498
9642,92498
9643,92498
9644,92498
9645,92498
9646,92498
9647,92498
9648,92498
9649,92498
9650,92498
9651,92498
9652,92498
9653,92498
9654,92498
9655,92498
9656,92498
9657,92498
9658,92498
9659,92498
9660,92498
9661,92498
9662,92498
9663,92498
9664,92498
9665,92498
9666,92498
9667,92498
9668,92498
9669,92498
9670,92498
9671,92498
9672,92498
9673,92498
9674,92498
9675,92498
9676,92498
9677,92498
9678,92498
9679,92498
9680,92498
9681,92498
9682,92498
9683,92498
9684,92498
9685,92498
9686,92498
9687,92498
9688,92498
9689,92498
9690,92498
9691,92498
9692,92498
9693,92498
9694,92498
9695,92498
9696,92498
9697,92498
9698,92498
9699,92498
9700,92498
9701,92498
9702,92498
9703,92498
9704,92498
9705,92498
9706,92498
9707,92498
9708,92498
9709,92498
9710,92498
9711,92498
9712,92498
9713,92498
9714,92498
9715,92498
9716,92498
9717,92498
9718,92498
9719,92498
9720,92498
9721,92498
9722,92498
9723,92498
9724,92498
9725,92498
9726,92498
9727,92498
9728,92498
9729,92498
9730,92498
9731,92498
9732,92498
9733,92498
9734,92498
9735,92498
9736,92498
9737,92498
9738,92498
9739,92498
9740,92498
9741,92498
9742,92498
9743,92498
9744,92498
9745,92498
9746,92498
9747,92498
9748,92498
9749,92498
9750,92498
9751,92498
9752,92498
9753,92498
9754,92498
9755,92498
9756,92498
9757,92498
9758,92498
9759,92498
9760,92498
9761,92498
9762,92498
9763,92498
9764,92498
9765,92498
9766,92498
9767,92498
9768,92498
9769,92498
9770,92498
9771,92498
9772,92498
9773,92498
9774,92498
9775,92498
9776,92498
9777,92498
9778,92498
9779,92498
9780,92498
9781,92498
9782,92498
9783,92498
9784,92498
9785,92498
9786,92498
9787,92498
9788,92498
9789,92498
9790,92498
9791,92498
9792,92498
9793,92498
9794,92498
9795,92498
9796,92498
9797,92498
9798,92498
9799,92498
9800,92498
9801,92498
9802,92498
9803,92498
9804,92498
9805,92498
9806,92498
9807,92498
9808,92498
9809,92498
9810,92498
9811,92498
9812,92498
9813,92498
9814,92498
9815,92498
9816,92498
9817,92498
9818,92498
9819,92498
9820,92498
9821,92498
9822,92498
9823,92498
9824,92498
9825,92498
9826,92498
9827,92498
9828,92498
9829,92498
9830,92498
9831,92498
9832,92498
9833,92498
9834,92498
9835,92498
9836,92498
9837,92498
9838,92498
9839,92498
9840,92498
9841,92498
9842,92498
9843,92498
9844,92498
9845,92498
9846,92498
9847,92498
9848,92498
9849,92498
9850,92498
9851,92498
9852,92498
9853,92498
9854,92498
9855,92498
9856,92498
9857,92498
9858,92498
9859,92498
9860,92498
9861,92498
9862,92498
9863,92498
9864,92498
9865,92498
9866,92498
9867,92498
9868,92498
9869,92498
9870,92498
9871,92498
9872,92498
9873,92498
9874,92498
9875,92498
9876,92498
9877,92498
9878,92498
9879,92498
9880,92498
9881,92498
9882,92498
9883,92498
9884,92498
9885,92498
9886,92498
9887,92498
9888,92498
9889,92498
9890,92498
9891,92498
9892,92498
9893,92498
9894,92498
9895,92498
9896,92498
9897,92498
9898,92498
9899,92498
9900,92498
9901,92498
9902,92498
9903,92498
9904,92498
9905,92498
9906,92498
9907,92498
9908,92498
9909,92498
9910,92498
9911,92498
9912,92498
9913,92498
9914,92498
9915,92498
9916,92498
9917,92498
9918,92498
9919,92498
9920,92498
9921,92498
9922,92498
9923,92498
9924,92498
9925,92498
9926,92498
9927,92498
9928,92498
9929,92498
9930,92498
9931,92498
9932,92498
9933,92498
9934,92498
9935,92498
9936,92498
9937,92498
9938,92498
9939,92498
9940,92498
9941,92498
9942,92498
9943,92498
9944,92498
9945,92498
9946,92498
9947,92498
9948,92498
9949,92498
9950,92498
9951,92498
9952,92498
9953,92498
9954,92498
9955,92498
9956,92498
9957,92498
9958,92498
9959,92498
9960,92498
9961,92498
9962,92498
9963,92498
9964,92498
9965,92498
9966,92498
9967,92498
9968,92498
9969,92498
9970,92498
9971,92498
9972,92498
9973,92498
9974,92498
9975,92498
9976,92498
9977,92498
9978,92498
9979,92498
9980,92498
9981,92498
9982,92498
9983,92498
9984,92498
9985,92498
9986,92498
9987,92498
9988,92498
9989,92498
9990,92498
9991,92498
9992,92498
9993,92498
9994,92498
9995,92498
9996,92498
9997,92498
9998,92498
9999,92498
10000,92498
10001,92498
10002,92498
10003,92498
10004,92498
10005,92498
10006,92498
10007,92498
10008,92498
10009,92498
10010,92498
10011,92498
10012,92498
10013,92498
10014,92498
10015,92498
10016,92498
10017,92498
10018,92498
10019,92498
10020,92498
10021,92498
10022,92498
10023,92498
10024,92498
10025,92498
10026,92498
10027,92498
10028,92498
10029,92498
10030,92498
10031,92498
10032,92498
10033,92498
10034,92498
10035,92498
10036,92498
10037,92498
10038,92498
10039,92498
10040,92498
10041,92498
10042,92498
10043,92498
10044,92498
10045,92498
10046,92498
10047,92498
10048,92498
10049,92498
10050,92498
10051,92498
10052,92498
10053,92498
10054,92498
10055,92498
10056,92498
10057,92498
10058,92498
10059,92498
10060,92498
10061,92498
10062,92498
10063,92498
10064,92498
10065,92498
10066,92498
10067,92498
10068,92498
10069,92498
10070,92498
10071,92498
10072,92498
10073,92498
10074,92498
10075,92498
10076,92498
10077,92498
10078,92498
10079,92498
10080,92498
10081,92498
10082,92498
10083,92498
10084,92498
10085,92498
10086,92498
10087,92498
10088,92498
10089,92498
10090,92498
10091,92498
10092,92498
10093,92498
10094,92498
10095,92498
10096,92498
10097,92498
10098,92498
10099,92498
10100,92498
10101,92498
10102,92498
10103,92498
10104,92498
10105,92498
10106,92498
10107,92498
10108,92498
10109,92498
10110,92498
10111,92498
10112,92498
10113,92498
10114,92498
10115,92498
10116,92498
10117,92498
10118,92498
10119,92498
10120,92498
10121,92498
10122,92498
10123,92498
10124,92498
10125,92498
10126,92498
10127,92498
10128,92498
10129,92498
10130,92498
10131,92498
10132,92498
10133,92498
10134,92498
10135,92498
10136,92498
10137,92498
10138,92498
10139,92498
10140,92498
10141,92498
10142,92498
10143,92498
10144,92498
10145,92498
10146,92498
10147,92498
10148,92498
10149,92498
10150,92498
10151,92498
10152,92498
10153,92498
10154,92498
10155,92498
10156,92498
10157,92498
10158,92498
10159,92498
10160,92498
10161,92498
10162,92498
10163,92498
10164,92498
10165,92498
10166,92498
10167,92498
10168,92498
10169,92498
10170,92498
10171,92498
10172,92498
10173,92498
10174,92498
10175,92498
10176,92498
10177,92498
10178,92498
10179,92498
10180,92498
10181,92498
10182,92498
10183,92498
10184,92498
10185,92498
10186,92498
10187,92498
10188,92498
10189,92498
10190,92498
10191,92498
10192,92498
10193,92498
10194,92498
10195,92498
10196,92498
10197,92498
10198,92498
10199,92498
10200,92498
10201,92498
10202,92498
10203,92498
10204,92498
10205,92498
10206,92498
10207,92498
10208,92498
10209,92498
10210,92498
10211,92498
10212,92498
10213,92498
10214,92498
10215,92498
10216,92498
10217,92498
10218,92498
10219,92498
10220,92498
10221,92498
10222,92498
10223,92498
10224,92498
10225,92498
10226,92498
10227,92498
10228,92498
10229,92498
10230,92498
10231,92498
10232,92498
10233,92498
10234,92498
10235,92498
10236,92498
10237,92498
10238,92498
10239,92498
10240,92498
10241,92498
10242,92498
10243,92498
10244,92498
10245,92498
10246,92498
10247,92498
10248,92498
10249,92498
10250,92498
10251,92498
10252,92498
10253,92498
10254,92498
10255,92498
10256,92498
10257,92498
10258,92498
10259,92498
10260,92498
10261,92498
10262,92498
10263,92498
10264,92498
10265,92498
10266,92498
10267,92498
10268,92498
10269,92498
10270,92498
10271,92498
10272,92498
10273,92498
10274,92498
10275,92498
10276,92498
10277,92498
10278,92498
10279,92498
10280,92498
10281,92498
10282,92498
10283,92498
10284,92498
10285,92498
10286,92498
10287,92498
10288,92498
10289,92498
10290,92498
10291,92498
10292,92498
10293,92498
10294,92498
10295,92498
10296,92498
10297,92498
10298,92498
10299,92498
10300,92498
10301,92498
10302,92498
10303,92498
10304,92498
10305,92498
10306,92498
10307,92498
10308,92498
10309,92498
10310,92498
10311,92498
10312,92498
10313,92498
10314,92498
10315,92498
10316,92498
10317,92498
10318,92498
10319,92498
10320,92498
10321,92498
10322,92498
10323,92498
10324,92498
10325,92498
10326,92498
10327,92498
10328,92498
10329,92498
10330,92498
10331,92498
10332,92498
10333,92498
10334,92498
10335,92498
10336,92498
10337,92498
10338,92498
10339,92498
10340,92498
10341,92498
10342,92498
10343,92498
10344,92498
10345,92498
10346,92498
10347,92498
10348,92498
10349,92498
10350,92498
10351,92498
10352,92498
10353,92498
10354,92498
10355,92498
10356,92498
10357,92498
10358,92498
10359,92498
10360,92498
10361,92498
10362,92498
10363,92498
10364,92498
10365,92498
10366,92498
10367,92498
10368,92498
10369,92498
10370,92498
10371,92498
10372,92498
10373,92498
10374,92498
10375,92498
10376,92498
10377,92498
10378,92498
10379,92498
10380,92498
10381,92498
10382,92498
10383,92498
10384,92498
10385,92498
10386,92498
10387,92498
10388,92498
10389,92498
10390,92498
10391,92498
10392,92498
10393,92498
10394,92498
10395,92498
10396,92498
10397,92498
10398,92498
10399,92498
10400,92498
10401,92498
10402,92498
10403,92498
10404,92498
10405,92498
10406,92498
10407,92498
10408,92498
10409,92498
10410,92498
10411,92498
10412,92498
10413,92498
10414,92498
10415,92498
10416,92498
10417,92498
10418,92498
10419,92498
10420,92498
10421,92498
10422,92498
10423,92498
10424,92498
10425,92498
10426,92498
10427,92498
10428,92498
10429,92498
10430,92498
10431,92498
10432,92498
10433,92498
10434,92498
10435,92498
10436,92498
10437,92498
10438,92498
10439,92498
10440,92498
10441,92498
10442,92498
10443,92498
10444,92498
10445,92498
10446,92498
10447,92498
10448,92498
10449,92498
10450,92498
10451,92498
10452,92498
10453,92498
10454,92498
10455,92498
10456,92498
10457,92498
10458,92498
10459,92498
10460,92498
10461,92498
10462,92498
10463,92498
10464,92498
10465,92498
10466,92498
10467,92498
10468,92498
10469,92498
10470,92498
10471,92498
10472,92498
10473,92498
10474,92498
10475,92498
10476,92498
10477,92498
10478,92498
10479,92498
10480,92498
10481,92498
10482,92498
10483,92498
10484,92498
10485,92498
10486,92498
10487,92498
10488,92498
10489,92498
10490,92498
10491,92498
10492,92498
10493,92498
10494,92498
10495,92498
10496,92498
10497,92498
10498,92498
10499,92498
10500,92498
10501,92498
10502,92498
10503,92498
10504,92498
10505,92498
10506,92498
10507,92498
10508,92498
10509,92498
10510,92498
10511,92498
10512,92498
10513,92498
10514,92498
10515,92498
10516,92498
10517,92498
10518,92498
10519,92498
10520,92498
10521,92498
10522,92498
10523,92498
10524,92498
10525,92498
10526,92498
10527,92498
10528,92498
10529,92498
10530,92498
10531,92498
10532,92498
10533,92498
10534,92498
10535,92498
10536,92498
10537,92498
10538,92498
10539,92498
10540,92498
10541,92498
10542,92498
10543,92498
10544,92498
10545,92498
10546,92498
10547,92498
10548,92498
10549,92498
10550,92498
10551,92498
10552,92498
10553,92498
10554,92498
10555,92498
10556,92498
10557,92498
10558,92498
10559,92498
10560,92498
10561,92498
10562,92498
10563,92498
10564,92498
10565,92498
10566,92498
10567,92498
10568,92498
10569,92498
10570,92498
10571,92498
10572,92498
10573,92498
10574,92498
10575,92498
10576,92498
10577,92498
10578,92498
10579,92498
10580,92498
10581,92498
10582,92498
10583,92498
10584,92498
10585,92498
10586,92498
10587,92498
10588,92498
10589,92498
10590,92498
10591,92498
10592,92498
10593,92498
10594,92498
10595,92498
10596,92498
10597,92498
10598,92498
10599,92498
10600,92498
10601,92498
10602,92498
10603,92498
10604,92498
10605,92498
10606,92498
10607,92498
10608,92498
10609,92498
10610,92498
10611,92498
10612,92498
10613,92498
10614,92498
10615,92498
10616,92498
10617,92498
10618,92498
10619,92498
10620,92498
10621,92498
10622,92498
10623,92498
10624,92498
10625,92498
10626,92498
10627,92498
10628,92498
10629,92498
10630,92498
10631,92498
10632,92498
10633,92498
10634,92498
10635,92498
10636,92498
10637,92498
10638,92498
10639,92498
10640,92498
10641,92498
10642,92498
10643,92498
10644,92498
10645,92498
10646,92498
10647,92498
10648,92498
10649,92498
10650,92498
10651,92498
10652,92498
10653,92498
10654,92498
10655,92498
10656,92498
10657,92498
10658,92498
10659,92498
10660,92498
10661,92498
10662,92498
10663,92498
10664,92498
10665,92498
10666,92498
10667,92498
10668,92498
10669,92498
10670,92498
10671,92498
10672,92498
10673,92498
10674,92498
10675,92498
10676,92498
10677,92498
10678,92498
10679,92498
10680,92498
10681,92498
10682,92498
10683,92498
10684,92498
10685,92498
10686,92498
10687,92498
10688,92498
10689,92498
10690,92498
10691,92498
10692,92498
10693,92498
10694,92498
10695,92498
10696,92498
10697,92498
10698,92498
10699,92498
10700,92498
10701,92498
10702,92498
10703,92498
10704,92498
10705,92498
10706,92498
10707,92498
10708,92498
10709,92498
10710,92498
10711,92498
10712,92498
10713,92498
10714,92498
10715,92498
10716,92498
10717,92498
10718,92498
10719,92498
10720,92498
10721,92498
10722,92498
10723,92498
10724,92498
10725,92498
10726,92498
10727,92498
10728,92498
10729,92498
10730,92498
10731,92498
10732,92498
10733,92498
10734,92498
10735,92498
10736,92498
10737,92498
10738,92498
10739,92498
10740,92498
10741,92498
10742,92498
10743,92498
10744,92498
10745,92498
10746,92498
10747,92498
10748,92498
10749,92498
10750,92498
10751,92498
10752,92498
10753,92498
10754,92498
10755,92498
10756,92498
10757,92498
10758,92498
10759,92498
10760,92498
10761,92498
10762,92498
10763,92498
10764,92498
10765,92498
10766,92498
10767,92498
10768,92498
10769,92498
10770,92498
10771,92498
10772,92498
10773,92498
10774,92498
10775,92498
10776,92498
10777,92498
10778,92498
10779,92498
10780,92498
10781,92498
10782,92498
10783,92498
10784,92498
10785,92498
10786,92498
10787,92498
10788,92498
10789,92498
10790,92498
10791,92498
10792,92498
10793,92498
10794,92498
10795,92498
10796,92498
10797,92498
10798,92498
10799,92498
10800,92498
10801,92498
10802,92498
10803,92498
10804,92498
10805,92498
10806,92498
10807,92498
10808,92498
10809,92498
10810,92498
10811,92498
10812,92498
10813,92498
10814,92498
10815,92498
10816,92498
10817,92498
10818,92498
10819,92498
10820,92498
10821,92498
10822,92498
10823,92498
10824,92498
10825,92498
10826,92498
10827,92498
10828,92498
10829,92498
10830,92498
10831,92498
10832,92498
10833,92498
10834,92498
10835,92498
10836,92498
10837,92498
10838,92498
10839,92498
10840,92498
10841,92498
10842,92498
10843,92498
10844,92498
10845,92498
10846,92498
10847,92498
10848,92498
10849,92498
10850,92498
10851,92498
10852,92498
10853,92498
10854,92498
10855,92498
10856,92498
10857,92498
10858,92498
10859,92498
10860,92498
10861,92498
10862,92498
10863,92498
10864,92498
10865,92498
10866,92498
10867,92498
10868,92498
10869,92498
10870,92498
10871,92498
10872,92498
10873,92498
10874,92498
10875,92498
10876,92498
10877,92498
10878,92498
10879,92498
10880,92498
10881,92498
10882,92498
10883,92498
10884,92498
10885,92498
10886,92498
10887,92498
10888,92498
10889,92498
10890,92498
10891,92498
10892,92498
10893,92498
10894,92498
10895,92498
10896,92498
10897,92498
10898,92498
10899,92498
10900,92498
10901,92498
10902,92498
10903,92498
10904,92498
10905,92498
10906,92498
10907,92498
10908,92498
10909,92498
10910,92498
10911,92498
10912,92498
10913,92498
10914,92498
10915,92498
10916,92498
10917,92498
10918,92498
10919,92498
10920,92498
10921,92498
10922,92498
10923,92498
10924,92498
10925,92498
10926,92498
10927,92498
10928,92498
10929,92498
10930,92498
10931,92498
10932,92498
10933,92498
10934,92498
10935,92498
10936,92498
10937,92498
10938,92498
10939,92498
10940,92498
10941,92498
10942,92498
10943,92498
10944,92498
10945,92498
10946,92498
10947,92498
10948,92498
10949,92498
10950,92498
10951,92498
10952,92498
10953,92498
10954,92498
10955,92498
10956,92498
10957,92498
10958,92498
10959,92498
10960,92498
10961,92498
10962,92498
10963,92498
10964,92498
10965,92498
10966,92498
10967,92498
10968,92498
10969,92498
10970,92498
10971,92498
10972,92498
10973,92498
10974,92498
10975,92498
10976,92498
10977,92498
10978,92498
10979,92498
10980,92498
10981,92498
10982,92498
10983,92498
10984,92498
10985,92498
10986,92498
10987,92498
10988,92498
10989,92498
10990,92498
10991,92498
10992,92498
10993,92498
10994,92498
10995,92498
10996,92498
10997,92498
10998,92498
10999,92498
11000,92498
11001,92498
11002,92498
11003,92498
11004,92498
11005,92498
11006,92498
11007,92498
11008,92498
11009,92498
11010,92498
11011,92498
11012,92498
11013,92498
11014,92498
11015,92498
11016,92498
11017,92498
11018,92498
11019,92498
11020,92498
11021,92498
11022,92498
11023,92498
11024,92498
11025,92498
11026,92498
11027,92498
11028,92498
11029,92498
11030,92498
11031,92498
11032,92498
11033,92498
11034,92498
11035,92498
11036,92498
11037,92498
11038,92498
11039,92498
11040,92498
11041,92498
11042,92498
11043,92498
11044,92498
11045,92498
11046,92498
11047,92498
11048,92498
11049,92498
11050,92498
11051,92498
11052,92498
11053,92498
11054,92498
11055,92498
11056,92498
11057,92498
11058,92498
11059,92498
11060,92498
11061,92498
11062,92498
11063,92498
11064,92498
11065,92498
11066,92498
11067,92498
11068,92498
11069,92498
11070,92498
11071,92498
11072,92498
11073,92498
11074,92498
11075,92498
11076,92498
11077,92498
11078,92498
11079,92498
11080,92498
11081,92498
11082,92498
11083,92498
11084,92498
11085,92498
11086,92498
11087,92498
11088,92498
11089,92498
11090,92498
11091,92498
11092,92498
11093,92498
11094,92498
11095,92498
11096,92498
11097,92498
11098,92498
11099,92498
11100,92498
11101,92498
11102,92498
11103,92498
11104,92498
11105,92498
11106,92498
11107,92498
11108,92498
11109,92498
11110,92498
11111,92498
11112,92498
11113,92498
11114,92498
11115,92498
11116,92498
11117,92498
11118,92498
11119,92498
11120,92498
11121,92498
11122,92498
11123,92498
11124,92498
11125,92498
11126,92498
11127,92498
11128,92498
11129,92498
11130,92498
11131,92498
11132,92498
11133,92498
11134,92498
11135,92498
11136,92498
11137,92498
11138,92498
11139,92498
11140,92498
11141,92498
11142,92498
11143,92498
11144,92498
11145,92498
11146,92498
11147,92498
11148,92498
11149,92498
11150,92498
11151,92498
11152,92498
11153,92498
11154,92498
11155,92498
11156,92498
11157,92498
11158,92498
11159,92498
11160,92498
11161,92498
11162,92498
11163,92498
11164,92498
11165,92498
11166,92498
11167,92498
11168,92498
11169,92498
11170,92498
11171,92498
11172,92498
11173,92498
11174,92498
11175,92498
11176,92498
11177,92498
11178,92498
11179,92498
11180,92498
11181,92498
11182,92498
11183,92498
11184,92498
11185,92498
11186,92498
11187,92498
11188,92498
11189,92498
11190,92498
11191,92498
11192,92498
11193,92498
11194,92498
11195,92498
11196,92498
11197,92498
11198,92498
11199,92498
11200,92498
11201,92498
11202,92498
11203,92498
11204,92498
11205,92498
11206,92498
11207,92498
11208,92498
11209,92498
11210,92498
11211,92498
11212,92498
11213,92498
11214,92498
11215,92498
11216,92498
11217,92498
11218,92498
11219,92498
11220,92498
11221,92498
11222,92498
11223,92498
11224,92498
11225,92498
11226,92498
11227,92498
11228,92498
11229,92498
11230,92498
11231,92498
11232,92498
11233,92498
11234,92498
11235,92498
11236,92498
11237,92498
11238,92498
11239,92498
11240,92498
11241,92498
11242,92498
11243,92498
11244,92498
11245,92498
11246,92498
11247,92498
11248,92498
11249,92498
11250,92498
11251,92498
11252,92498
11253,92498
11254,92498
11255,92498
11256,92498
11257,92498
11258,92498
11259,92498
11260,92498
11261,92498
11262,92498
11263,92498
11264,92498
11265,92498
11266,92498
11267,92498
11268,92498
11269,92498
11270,92498
11271,92498
11272,92498
11273,92498
11274,92498
11275,92498
11276,92498
11277,92498
11278,92498
11279,92498
11280,92498
11281,92498
11282,92498
11283,92498
11284,92498
11285,92498
11286,92498
11287,92498
11288,92498
11289,92498
11290,92498
11291,92498
11292,92498
11293,92498
11294,92498
11295,92498
11296,92498
11297,92498
11298,92498
11299,92498
11300,92498
11301,92498
11302,92498
11303,92498
11304,92498
11305,92498
11306,92498
11307,92498
11308,92498
11309,92498
11310,92498
11311,92498
11312,92498
11313,92498
11314,92498
11315,92498
11316,92498
11317,92498
11318,92498
11319,92498
11320,92498
11321,92498
11322,92498
11323,92498
11324,92498
11325,92498
11326,92498
11327,92498
11328,92498
11329,92498
11330,92498
11331,92498
11332,92498
11333,92498
11334,92498
11335,92498
11336,92498
11337,92498
11338,92498
11339,92498
11340,92498
11341,92498
11342,92498
11343,92498
11344,92498
11345,92498
11346,92498
11347,92498
11348,92498
11349,92498
11350,92498
11351,92498
11352,92498
11353,92498
11354,92498
11355,92498
11356,92498
11357,92498
11358,92498
11359,92498
11360,92498
11361,92498
11362,92498
11363,92498
11364,92498
11365,92498
11366,92498
11367,92498
11368,92498
11369,92498
11370,92498
11371,92498
11372,92498
11373,92498
11374,92498
11375,92498
11376,92498
11377,92498
11378,92498
11379,92498
11380,92498
11381,92498
11382,92498
11383,92498
11384,92498
11385,92498
11386,92498
11387,92498
11388,92498
11389,92498
11390,92498
11391,92498
11392,92498
11393,92498
11394,92498
11395,92498
11396,92498
11397,92498
11398,92498
11399,92498
11400,92498
11401,92498
11402,92498
11403,92498
11404,92498
11405,92498
11406,92498
11407,92498
11408,92498
11409,92498
11410,92498
11411,92498
11412,92498
11413,92498
11414,92498
11415,92498
11416,92498
11417,92498
11418,92498
11419,92498
11420,92498
11421,92498
11422,92498
11423,92498
11424,92498
11425,92498
11426,92498
11427,92498
11428,92498
11429,92498
11430,92498
11431,92498
11432,92498
11433,92498
11434,92498
11435,92498
11436,92498
11437,92498
11438,92498
11439,92498
11440,92498
11441,92498
11442,92498
11443,92498
11444,92498
11445,92498
11446,92498
11447,92498
11448,92498
11449,92498
11450,92498
11451,92498
11452,92498
11453,92498
11454,92498
11455,92498
11456,92498
11457,92498
11458,92498
11459,92498
11460,92498
11461,92498
11462,92498
11463,92498
11464,92498
11465,92498
11466,92498
11467,92498
11468,92498
11469,92498
11470,92498
11471,92498
11472,92498
11473,92498
11474,92498
11475,92498
11476,92498
11477,92498
11478,92498
11479,92498
11480,92498
11481,92498
11482,92498
11483,92498
11484,92498
11485,92498
11486,92498
11487,92498
11488,92498
11489,92498
11490,92498
11491,92498
11492,92498
11493,92498
11494,92498
11495,92498
11496,92498
11497,92498
11498,92498
11499,92498
11500,92498
11501,92498
11502,92498
11503,92498
11504,92498
11505,92498
11506,92498
11507,92498
11508,92498
11509,92498
11510,92498
11511,92498
11512,92498
11513,92498
11514,92498
11515,92498
11516,92498
11517,92498
11518,92498
11519,92498
11520,92498
11521,92498
11522,92498
11523,92498
11524,92498
11525,92498
11526,92498
11527,92498
11528,92498
11529,92498
11530,92498
11531,92498
11532,92498
11533,92498
11534,92498
11535,92498
11536,92498
11537,92498
11538,92498
11539,92498
11540,92498
11541,92498
11542,92498
11543,92498
11544,92498
11545,92498
11546,92498
11547,92498
11548,92498
11549,92498
11550,92498
11551,92498
11552,92498
11553,92498
11554,92498
11555,92498
11556,92498
11557,92498
11558,92498
11559,92498
11560,92498
11561,92498
11562,92498
11563,92498
11564,92498
11565,92498
11566,92498
11567,92498
11568,92498
11569,92498
11570,92498
11571,92498
11572,92498
11573,92498
11574,92498
11575,92498
11576,92498
11577,92498
11578,92498
11579,92498
11580,92498
11581,92498
11582,92498
11583,92498
11584,92498
11585,92498
11586,92498
11587,92498
11588,92498
11589,92498
11590,92498
11591,92498
11592,92498
11593,92498
11594,92498
11595,92498
11596,92498
11597,92498
11598,92498
11599,92498
11600,92498
11601,92498
11602,92498
11603,92498
11604,92498
11605,92498
11606,92498
11607,92498
11608,92498
11609,92498
11610,92498
11611,92498
11612,92498
11613,92498
11614,92498
11615,92498
11616,92498
11617,92498
11618,92498
11619,92498
11620,92498
11621,92498
11622,92498
11623,92498
11624,92498
11625,92498
11626,92498
11627,92498
11628,92498
11629,92498
11630,92498
11631,92498
11632,92498
11633,92498
11634,92498
11635,92498
11636,92498
11637,92498
11638,92498
11639,92498
11640,92498
11641,92498
11642,92498
11643,92498
11644,92498
11645,92498
11646,92498
11647,92498
11648,92498
11649,92498
11650,92498
11651,92498
11652,92498
11653,92498
11654,92498
11655,92498
11656,92498
11657,92498
11658,92498
11659,92498
11660,92498
11661,92498
11662,92498
11663,92498
11664,92498
11665,92498
11666,92498
11667,92498
11668,92498
11669,92498
11670,92498
11671,92498
11672,92498
11673,92498
11674,92498
11675,92498
11676,92498
11677,92498
11678,92498
11679,92498
11680,92498
11681,92498
11682,92498
11683,92498
11684,92498
11685,92498
11686,92498
11687,92498
11688,92498
11689,92498
11690,92498
11691,92498
11692,92498
11693,92498
11694,92498
11695,92498
11696,92498
11697,92498
11698,92498
11699,92498
11700,92498
11701,92498
11702,92498
11703,92498
11704,92498
11705,92498
11706,92498
11707,92498
11708,92498
11709,92498
11710,92498
11711,92498
11712,92498
11713,92498
11714,92498
11715,92498
11716,92498
11717,92498
11718,92498
11719,92498
11720,92498
11721,92498
11722,92498
11723,92498
11724,92498
11725,92498
11726,92498
11727,92498
11728,92498
11729,92498
11730,92498
11731,92498
11732,92498
11733,92498
11734,92498
11735,92498
11736,92498
11737,92498
11738,92498
11739,92498
11740,92498
11741,92498
11742,92498
11743,92498
11744,92498
11745,92498
11746,92498
11747,92498
11748,92498
11749,92498
11750,92498
11751,92498
11752,92498
11753,92498
11754,92498
11755,92498
11756,92498
11757,92498
11758,92498
11759,92498
11760,92498
11761,92498
11762,92498
11763,92498
11764,92498
11765,92498
11766,92498
11767,92498
11768,92498
11769,92498
11770,92498
11771,92498
11772,92498
11773,92498
11774,92498
11775,92498
11776,92498
11777,92498
11778,92498
11779,92498
11780,92498
11781,92498
11782,92498
11783,92498
11784,92498
11785,92498
11786,92498
11787,92498
11788,92498
11789,92498
11790,92498
11791,92498
11792,92498
11793,92498
11794,92498
11795,92498
11796,92498
11797,92498
11798,92498
11799,92498
11800,92498
11801,92498
11802,92498
11803,92498
11804,92498
11805,92498
11806,92498
11807,92498
11808,92498
11809,92498
11810,92498
11811,92498
11812,92498
11813,92498
11814,92498
11815,92498
11816,92498
11817,92498
11818,92498
11819,92498
11820,92498
11821,92498
11822,92498
11823,92498
11824,92498
11825,92498
11826,92498
11827,92498
11828,92498
11829,92498
11830,92498
11831,92498
11832,92498
11833,92498
11834,92498
11835,92498
11836,92498
11837,92498
11838,92498
11839,92498
11840,92498
11841,92498
11842,92498
11843,92498
11844,92498
11845,92498
11846,92498
11847,92498
11848,92498
11849,92498
11850,92498
11851,92498
11852,92498
11853,92498
11854,92498
11855,92498
11856,92498
11857,92498
11858,92498
11859,92498
11860,92498
11861,92498
11862,92498
11863,92498
11864,92498
11865,92498
11866,92498
11867,92498
11868,92498
11869,92498
11870,92498
11871,92498
11872,92498
11873,92498
11874,92498
11875,92498
11876,92498
11877,92498
11878,92498
11879,92498
11880,92498
11881,92498
11882,92498
11883,92498
11884,92498
11885,92498
11886,92498
11887,92498
11888,92498
11889,92498
11890,92498
11891,92498
11892,92498
11893,92498
11894,92498
11895,92498
11896,92498
11897,92498
11898,92498
11899,92498
11900,92498
11901,92498
11902,92498
11903,92498
11904,92498
11905,92498
11906,92498
11907,92498
11908,92498
11909,92498
11910,92498
11911,92498
11912,92498
11913,92498
11914,92498
11915,92498
11916,92498
11917,92498
11918,92498
11919,92498
11920,92498
11921,92498
11922,92498
11923,92498
11924,92498
11925,92498
11926,92498
11927,92498
11928,92498
11929,92498
11930,92498
11931,92498
11932,92498
11933,92498
11934,92498
11935,92498
11936,92498
11937,92498
11938,92498
11939,92498
11940,92498
11941,92498
11942,92498
11943,92498
11944,92498
11945,92498
11946,92498
11947,92498
11948,92498
11949,92498
11950,92498
11951,92498
11952,92498
11953,92498
11954,92498
11955,92498
11956,92498
11957,92498
11958,92498
11959,92498
11960,92498
11961,92498
11962,92498
11963,92498
11964,92498
11965,92498
11966,92498
11967,92498
11968,92498
11969,92498
11970,92498
11971,92498
11972,92498
11973,92498
11974,92498
11975,92498
11976,92498
11977,92498
11978,92498
11979,92498
11980,92498
11981,92498
11982,92498
11983,92498
11984,92498
11985,92498
11986,92498
11987,92498
11988,92498
11989,92498
11990,92498
11991,92498
11992,92498
11993,92498
11994,92498
11995,92498
11996,92498
11997,92498
11998,92498
11999,92498
12000,92498
12001,92498
12002,92498
12003,92498
12004,92498
12005,92498
12006,92498
12007,92498
12008,92498
12009,92498
12010,92498
12011,92498
12012,92498
12013,92498
12014,92498
12015,92498
12016,92498
12017,92498
12018,92498
12019,92498
12020,92498
12021,92498
12022,92498
12023,92498
12024,92498
12025,92498
12026,92498
12027,92498
12028,92498
12029,92498
12030,92498
12031,92498
12032,92498
12033,92498
12034,92498
12035,92498
12036,92498
12037,92498
12038,92498
12039,92498
12040,92498
12041,92498
12042,92498
12043,92498
12044,92498
12045,92498
12046,92498
12047,92498
12048,92498
12049,92498
12050,92498
12051,92498
12052,92498
12053,92498
12054,92498
12055,92498
12056,92498
12057,92498
12058,92498
12059,92498
12060,92498
12061,92498
12062,92498
12063,92498
12064,92498
12065,92498
12066,92498
12067,92498
12068,92498
12069,92498
12070,92498
12071,92498
12072,92498
12073,92498
12074,92498
12075,92498
12076,92498
12077,92498
12078,92498
12079,92498
12080,92498
12081,92498
12082,92498
12083,92498
12084,92498
12085,92498
12086,92498
12087,92498
12088,92498
12089,92498
12090,92498
12091,92498
12092,92498
12093,92498
12094,92498
12095,92498
12096,92498
12097,92498
12098,92498
12099,92498
12100,92498
12101,92498
12102,92498
12103,92498
12104,92498
12105,92498
12106,92498
12107,92498
12108,92498
12109,92498
12110,92498
12111,92498
12112,92498
12113,92498
12114,92498
12115,92498
12116,92498
12117,92498
12118,92498
12119,92498
12120,92498
12121,92498
12122,92498
12123,92498
12124,92498
12125,92498
12126,92498
12127,92498
12128,92498
12129,92498
12130,92498
12131,92498
12132,92498
12133,92498
12134,92498
12135,92498
12136,92498
12137,92498
12138,92498
12139,92498
12140,92498
12141,92498
12142,92498
12143,92498
12144,92498
12145,92498
12146,92498
12147,92498
12148,92498
12149,92498
12150,92498
12151,92498
12152,92498
12153,92498
12154,92498
12155,92498
12156,92498
12157,92498
12158,92498
12159,92498
12160,92498
12161,92498
12162,92498
12163,92498
12164,92498
12165,92498
12166,92498
12167,92498
12168,92498
12169,92498
12170,92498
12171,92498
12172,92498
12173,92498
12174,92498
12175,92498
12176,92498
12177,92498
12178,92498
12179,92498
12180,92498
12181,92498
12182,92498
12183,92498
12184,92498
12185,92498
12186,92498
12187,92498
12188,92498
12189,92498
12190,92498
12191,92498
12192,92498
12193,92498
12194,92498
12195,92498
12196,92498
12197,92498
12198,92498
12199,92498
12200,92498
12201,92498
12202,92498
12203,92498
12204,92498
12205,92498
12206,92498
12207,92498
12208,92498
12209,92498
12210,92498
12211,92498
12212,92498
12213,92498
12214,92498
12215,92498
12216,92498
12217,92498
12218,92498
12219,92498
12220,92498
12221,92498
12222,92498
12223,92498
12224,92498
12225,92498
12226,92498
12227,92498
12228,92498
12229,92498
12230,92498
12231,92498
12232,92498
12233,92498
12234,92498
12235,92498
12236,92498
12237,92498
12238,92498
12239,92498
12240,92498
12241,92498
12242,92498
12243,92498
12244,92498
12245,92498
12246,92498
12247,92498
12248,92498
12249,92498
12250,92498
12251,92498
12252,92498
12253,92498
12254,92498
12255,92498
12256,92498
12257,92498
12258,92498
12259,92498
12260,92498
12261,92498
12262,92498
12263,92498
12264,92498
12265,92498
12266,92498
12267,92498
12268,92498
12269,92498
12270,92498
12271,92498
12272,92498
12273,92498
12274,92498
12275,92498
12276,92498
12277,92498
12278,92498
12279,92498
12280,92498
12281,92498
12282,92498
12283,92498
12284,92498
12285,92498
12286,92498
12287,92498
12288,92498
12289,92498
12290,92498
12291,92498
12292,92498
12293,92498
12294,92498
12295,92498
12296,92498
12297,92498
12298,92498
12299,92498
12300,92498
12301,92498
12302,92498
12303,92498
12304,92498
12305,92498
12306,92498
12307,92498
12308,92498
12309,92498
12310,92498
12311,92498
12312,92498
12313,92498
12314,92498
12315,92498
12316,92498
12317,92498
12318,92498
12319,92498
12320,92498
12321,92498
12322,92498
12323,92498
12324,92498
12325,92498
12326,92498
12327,92498
12328,92498
12329,92498
12330,92498
12331,92498
12332,92498
12333,92498
12334,92498
12335,92498
12336,92498
12337,92498
12338,92498
12339,92498
12340,92498
12341,92498
12342,92498
12343,92498
12344,92498
12345,92498
12346,92498
12347,92498
12348,92498
12349,92498
12350,92498
12351,92498
12352,92498
12353,92498
12354,92498
12355,92498
12356,92498
12357,92498
12358,92498
12359,92498
12360,92498
12361,92498
12362,92498
12363,92498
12364,92498
12365,92498
12366,92498
12367,92498
12368,92498
12369,92498
12370,92498
12371,92498
12372,92498
12373,92498
12374,92498
12375,92498
12376,92498
12377,92498
12378,92498
12379,92498
12380,92498
12381,92498
12382,92498
12383,92498
12384,92498
12385,92498
12386,92498
12387,92498
12388,92498
12389,92498
12390,92498
12391,92498
12392,92498
12393,92498
12394,92498
12395,92498
12396,92498
12397,92498
12398,92498
12399,92498
12400,92498
12401,92498
12402,92498
12403,92498
12404,92498
12405,92498
12406,92498
12407,92498
12408,92498
12409,92498
12410,92498
12411,92498
12412,92498
12413,92498
12414,92498
12415,92498
12416,92498
12417,92498
12418,92498
12419,92498
12420,92498
12421,92498
12422,92498
12423,92498
12424,92498
12425,92498
12426,92498
12427,92498
12428,92498
12429,92498
12430,92498
12431,92498
12432,92498
12433,92498
12434,92498
12435,92498
12436,92498
12437,92498
12438,92498
12439,92498
12440,92498
12441,92498
12442,92498
12443,92498
12444,92498
12445,92498
12446,92498
12447,92498
12448,92498
12449,92498
12450,92498
12451,92498
12452,92498
12453,92498
12454,92498
12455,92498
12456,92498
12457,92498
12458,92498
12459,92498
12460,92498
12461,92498
12462,92498
12463,92498
12464,92498
12465,92498
12466,92498
12467,92498
12468,92498
12469,92498
12470,92498
12471,92498
12472,92498
12473,92498
12474,92498
12475,92498
12476,92498
12477,92498
12478,92498
12479,92498
12480,92498
12481,92498
12482,92498
12483,92498
12484,92498
12485,92498
12486,92498
12487,92498
12488,92498
12489,92498
12490,92498
12491,92498
12492,92498
12493,92498
12494,92498
12495,92498
12496,92498
12497,92498
12498,92498
12499,92498
12500,92498
12501,92498
12502,92498
12503,92498
12504,92498
12505,92498
12506,92498
12507,92498
12508,92498
12509,92498
12510,92498
12511,92498
12512,92498
12513,92498
12514,92498
12515,92498
12516,92498
12517,92498
12518,92498
12519,92498
12520,92498
12521,92498
12522,92498
12523,92498
12524,92498
12525,92498
12526,92498
12527,92498
12528,92498
12529,92498
12530,92498
12531,92498
12532,92498
12533,92498
12534,92498
12535,92498
12536,92498
12537,92498
12538,92498
12539,92498
12540,92498
12541,92498
12542,92498
12543,92498
12544,92498
12545,92498
12546,92498
12547,92498
12548,92498
12549,92498
12550,92498
12551,92498
12552,92498
12553,92498
12554,92498
12555,92498
12556,92498
12557,92498
12558,92498
12559,92498
12560,92498
12561,92498
12562,92498
12563,92498
12564,92498
12565,92498
12566,92498
12567,92498
12568,92498
12569,92498
12570,92498
12571,92498
12572,92498
12573,92498
12574,92498
12575,92498
12576,92498
12577,92498
12578,92498
12579,92498
12580,92498
12581,92498
12582,92498
12583,92498
12584,92498
12585,92498
12586,92498
12587,92498
12588,92498
12589,92498
12590,92498
12591,92498
12592,92498
12593,92498
12594,92498
12595,92498
12596,92498
12597,92498
12598,92498
12599,92498
12600,92498
12601,92498
12602,92498
12603,92498
12604,92498
12605,92498
12606,92498
12607,92498
12608,92498
12609,92498
12610,92498
12611,92498
12612,92498
12613,92498
12614,92498
12615,92498
12616,92498
12617,92498
12618,92498
12619,92498
12620,92498
12621,92498
12622,92498
12623,92498
12624,92498
12625,92498
12626,92498
12627,92498
12628,92498
12629,92498
12630,92498
12631,92498
12632,92498
12633,92498
12634,92498
12635,92498
12636,92498
12637,92498
12638,92498
12639,92498
12640,92498
12641,92498
12642,92498
12643,92498
12644,92498
12645,92498
12646,92498
12647,92498
12648,92498
12649,92498
12650,92498
12651,92498
12652,92498
12653,92498
12654,92498
12655,92498
12656,92498
12657,92498
12658,92498
12659,92498
12660,92498
12661,92498
12662,92498
12663,92498
12664,92498
12665,92498
12666,92498
12667,92498
12668,92498
12669,92498
12670,92498
12671,92498
12672,92498
12673,92498
12674,92498
12675,92498
12676,92498
12677,92498
12678,92498
12679,92498
12680,92498
12681,92498
12682,92498
12683,92498
12684,92498
12685,92498
12686,92498
12687,92498
12688,92498
12689,92498
12690,92498
12691,92498
12692,92498
12693,92498
12694,92498
12695,92498
12696,92498
12697,92498
12698,92498
12699,92498
12700,92498
12701,92498
12702,92498
12703,92498
12704,92498
12705,92498
12706,92498
12707,92498
12708,92498
12709,92498
12710,92498
12711,92498
12712,92498
12713,92498
12714,92498
12715,92498
12716,92498
12717,92498
12718,92498
12719,92498
12720,92498
12721,92498
12722,92498
12723,92498
12724,92498
12725,92498
12726,92498
12727,92498
12728,92498
12729,92498
12730,92498
12731,92498
12732,92498
12733,92498
12734,92498
12735,92498
12736,92498
12737,92498
12738,92498
12739,92498
12740,92498
12741,92498
12742,92498
12743,92498
12744,92498
12745,92498
12746,92498
12747,92498
12748,92498
12749,92498
12750,92498
12751,92498
12752,92498
12753,92498
12754,92498
12755,92498
12756,92498
12757,92498
12758,92498
12759,92498
12760,92498
12761,92498
12762,92498
12763,92498
12764,92498
12765,92498
12766,92498
12767,92498
12768,92498
12769,92498
12770,92498
12771,92498
12772,92498
12773,92498
12774,92498
12775,92498
12776,92498
12777,92498
12778,92498
12779,92498
12780,92498
12781,92498
12782,92498
12783,92498
12784,92498
12785,92498
12786,92498
12787,92498
12788,92498
12789,92498
12790,92498
12791,92498
12792,92498
12793,92498
12794,92498
12795,92498
12796,92498
12797,92498
12798,92498
12799,92498
12800,92498
12801,92498
12802,92498
12803,92498
12804,92498
12805,92498
12806,92498
12807,92498
12808,92498
12809,92498
12810,92498
12811,92498
12812,92498
12813,92498
12814,92498
12815,92498
12816,92498
12817,92498
12818,92498
12819,92498
12820,92498
12821,92498
12822,92498
12823,92498
12824,92498
12825,92498
12826,92498
12827,92498
12828,92498
12829,92498
12830,92498
12831,92498
12832,92498
12833,92498
12834,92498
12835,92498
12836,92498
12837,92498
12838,92498
12839,92498
12840,92498
12841,92498
12842,92498
12843,92498
12844,92498
12845,92498
12846,92498
12847,92498
12848,92498
12849,92498
12850,92498
12851,92498
12852,92498
12853,92498
12854,92498
12855,92498
12856,92498
12857,92498
12858,92498
12859,92498
12860,92498
12861,92498
12862,92498
12863,92498
12864,92498
12865,92498
12866,92498
12867,92498
12868,92498
12869,92498
12870,92498
12871,92498
12872,92498
12873,92498
12874,92498
12875,92498
12876,92498
12877,92498
12878,92498
12879,92498
12880,92498
12881,92498
12882,92498
12883,92498
12884,92498
12885,92498
12886,92498
12887,92498
12888,92498
12889,92498
12890,92498
12891,92498
12892,92498
12893,92498
12894,92498
12895,92498
12896,92498
12897,92498
12898,92498
12899,92498
12900,92498
12901,92498
12902,92498
12903,92498
12904,92498
12905,92498
12906,92498
12907,92498
12908,92498
12909,92498
12910,92498
12911,92498
12912,92498
12913,92498
12914,92498
12915,92498
12916,92498
12917,92498
12918,92498
12919,92498
12920,92498
12921,92498
12922,92498
12923,92498
12924,92498
12925,92498
12926,92498
12927,92498
12928,92498
12929,92498
12930,92498
12931,92498
12932,92498
12933,92498
12934,92498
12935,92498
12936,92498
12937,92498
12938,92498
12939,92498
12940,92498
12941,92498
12942,92498
12943,92498
12944,92498
12945,92498
12946,92498
12947,92498
12948,92498
12949,92498
12950,92498
12951,92498
12952,92498
12953,92498
12954,92498
12955,92498
12956,92498
12957,92498
12958,92498
12959,92498
12960,92498
12961,92498
12962,92498
12963,92498
12964,92498
12965,92498
12966,92498
12967,92498
12968,92498
12969,92498
12970,92498
12971,92498
12972,92498
12973,92498
12974,92498
12975,92498
12976,92498
12977,92498
12978,92498
12979,92498
12980,92498
12981,92498
12982,92498
12983,92498
12984,92498
12985,92498
12986,92498
12987,92498
12988,92498
12989,92498
12990,92498
12991,92498
12992,92498
12993,92498
12994,92498
12995,92498
12996,92498
12997,92498
12998,92498
12999,92498
13000,92498
13001,92498
13002,92498
13003,92498
13004,92498
13005,92498
13006,92498
13007,92498
13008,92498
13009,92498
13010,92498
13011,92498
13012,92498
13013,92498
13014,92498
13015,92498
13016,92498
13017,92498
13018,92498
13019,92498
13020,92498
13021,92498
13022,92498
13023,92498
13024,92498
13025,92498
13026,92498
13027,92498
13028,92498
13029,92498
13030,92498
13031,92498
13032,92498
13033,92498
13034,92498
13035,92498
13036,92498
13037,92498
13038,92498
13039,92498
13040,92498
13041,92498
13042,92498
13043,92498
13044,92498
13045,92498
13046,92498
13047,92498
13048,92498
13049,92498
13050,92498
13051,92498
13052,92498
13053,92498
13054,92498
13055,92498
13056,92498
13057,92498
13058,92498
13059,92498
13060,92498
13061,92498
13062,92498
13063,92498
13064,92498
13065,92498
13066,92498
13067,92498
13068,92498
13069,92498
13070,92498
13071,92498
13072,92498
13073,92498
13074,92498
13075,92498
13076,92498
13077,92498
13078,92498
13079,92498
13080,92498
13081,92498
13082,92498
13083,92498
13084,92498
13085,92498
13086,92498
13087,92498
13088,92498
13089,92498
13090,92498
13091,92498
13092,92498
13093,92498
13094,92498
13095,92498
13096,92498
13097,92498
13098,92498
13099,92498
13100,92498
13101,92498
13102,92498
13103,92498
13104,92498
13105,92498
13106,92498
13107,92498
13108,92498
13109,92498
13110,92498
13111,92498
13112,92498
13113,92498
13114,92498
13115,92498
13116,92498
13117,92498
13118,92498
13119,92498
13120,92498
13121,92498
13122,92498
13123,92498
13124,92498
13125,92498
13126,92498
13127,92498
13128,92498
13129,92498
13130,92498
13131,92498
13132,92498
13133,92498
13134,92498
13135,92498
13136,92498
13137,92498
13138,92498
13139,92498
13140,92498
13141,92498
13142,92498
13143,92498
13144,92498
13145,92498
13146,92498
13147,92498
13148,92498
13149,92498
13150,92498
13151,92498
13152,92498
13153,92498
13154,92498
13155,92498
13156,92498
13157,92498
13158,92498
13159,92498
13160,92498
13161,92498
13162,92498
13163,92498
13164,92498
13165,92498
13166,92498
13167,92498
13168,92498
13169,92498
13170,92498
13171,92498
13172,92498
13173,92498
13174,92498
13175,92498
13176,92498
13177,92498
13178,92498
13179,92498
13180,92498
13181,92498
13182,92498
13183,92498
13184,92498
13185,92498
13186,92498
13187,92498
13188,92498
13189,92498
13190,92498
13191,92498
13192,92498
13193,92498
13194,92498
13195,92498
13196,92498
13197,92498
13198,92498
13199,92498
13200,92498
13201,92498
13202,92498
13203,92498
13204,92498
13205,92498
13206,92498
13207,92498
13208,92498
13209,92498
13210,92498
13211,92498
13212,92498
13213,92498
13214,92498
13215,92498
13216,92498
13217,92498
13218,92498
13219,92498
13220,92498
13221,92498
13222,92498
13223,92498
13224,92498
13225,92498
13226,92498
13227,92498
13228,92498
13229,92498
13230,92498
13231,92498
13232,92498
13233,92498
13234,92498
13235,92498
13236,92498
13237,92498
13238,92498
13239,92498
13240,92498
13241,92498
13242,92498
13243,92498
13244,92498
13245,92498
13246,92498
13247,92498
13248,92498
13249,92498
13250,92498
13251,92498
13252,92498
13253,92498
13254,92498
13255,92498
13256,92498
13257,92498
13258,92498
13259,92498
13260,92498
13261,92498
13262,92498
13263,92498
13264,92498
13265,92498
13266,92498
13267,92498
13268,92498
13269,92498
13270,92498
13271,92498
13272,92498
13273,92498
13274,92498
13275,92498
13276,92498
13277,92498
13278,92498
13279,92498
13280,92498
13281,92498
13282,92498
13283,92498
13284,92498
13285,92498
13286,92498
13287,92498
13288,92498
13289,92498
13290,92498
13291,92498
13292,92498
13293,92498
13294,92498
13295,92498
13296,92498
13297,92498
13298,92498
13299,92498
13300,92498
13301,92498
13302,92498
13303,92498
13304,92498
13305,92498
13306,92498
13307,92498
13308,92498
13309,92498
13310,92498
13311,92498
13312,92498
13313,92498
13314,92498
13315,92498
13316,92498
13317,92498
13318,92498
13319,92498
13320,92498
13321,92498
13322,92498
13323,92498
13324,92498
13325,92498
13326,92498
13327,92498
13328,92498
13329,92498
13330,92498
13331,92498
13332,92498
13333,92498
13334,92498
13335,92498
13336,92498
13337,92498
13338,92498
13339,92498
13340,92498
13341,92498
13342,92498
13343,92498
13344,92498
13345,92498
13346,92498
13347,92498
13348,92498
13349,92498
13350,92498
13351,92498
13352,92498
13353,92498
13354,92498
13355,92498
13356,92498
13357,92498
13358,92498
13359,92498
13360,92498
13361,92498
13362,92498
13363,92498
13364,92498
13365,92498
13366,92498
13367,92498
13368,92498
13369,92498
13370,92498
13371,92498
13372,92498
13373,92498
13374,92498
13375,92498
13376,92498
13377,92498
13378,92498
13379,92498
13380,92498
13381,92498
13382,92498
13383,92498
13384,92498
13385,92498
13386,92498
13387,92498
13388,92498
13389,92498
13390,92498
13391,92498
13392,92498
13393,92498
13394,92498
13395,92498
13396,92498
13397,92498
13398,92498
13399,92498
13400,92498
13401,92498
13402,92498
13403,92498
13404,92498
13405,92498
13406,92498
13407,92498
13408,92498
13409,92498
13410,92498
13411,92498
13412,92498
13413,92498
13414,92498
13415,92498
13416,92498
13417,92498
13418,92498
13419,92498
13420,92498
13421,92498
13422,92498
13423,92498
13424,92498
13425,92498
13426,92498
13427,92498
13428,92498
13429,92498
13430,92498
13431,92498
13432,92498
13433,92498
13434,92498
13435,92498
13436,92498
13437,92498
13438,92498
13439,92498
13440,92498
13441,92498
13442,92498
13443,92498
13444,92498
13445,92498
13446,92498
13447,92498
13448,92498
13449,92498
13450,92498
13451,92498
13452,92498
13453,92498
13454,92498
13455,92498
13456,92498
13457,92498
13458,92498
13459,92498
13460,92498
13461,92498
13462,92498
13463,92498
13464,92498
13465,92498
13466,92498
13467,92498
13468,92498
13469,92498
13470,92498
13471,92498
13472,92498
13473,92498
13474,92498
13475,92498
13476,92498
13477,92498
13478,92498
13479,92498
13480,92498
13481,92498
13482,92498
13483,92498
13484,92498
13485,92498
13486,92498
13487,92498
13488,92498
13489,92498
13490,92498
13491,92498
13492,92498
13493,92498
13494,92498
13495,92498
13496,92498
13497,92498
13498,92498
13499,92498
13500,92498
13501,92498
13502,92498
13503,92498
13504,92498
13505,92498
13506,92498
13507,92498
13508,92498
13509,92498
13510,92498
13511,92498
13512,92498
13513,92498
13514,92498
13515,92498
13516,92498
13517,92498
13518,92498
13519,92498
13520,92498
13521,92498
13522,92498
13523,92498
13524,92498
13525,92498
13526,92498
13527,92498
13528,92498
13529,92498
13530,92498
13531,92498
13532,92498
13533,92498
13534,92498
13535,92498
13536,92498
13537,92498
13538,92498
13539,92498
13540,92498
13541,92498
13542,92498
13543,92498
13544,92498
13545,92498
13546,92498
13547,92498
13548,92498
13549,92498
13550,92498
13551,92498
13552,92498
13553,92498
13554,92498
13555,92498
13556,92498
13557,92498
13558,92498
13559,92498
13560,92498
13561,92498
13562,92498
13563,92498
13564,92498
13565,92498
13566,92498
13567,92498
13568,92498
13569,92498
13570,92498
13571,92498
13572,92498
13573,92498
13574,92498
13575,92498
13576,92498
13577,92498
13578,92498
13579,92498
13580,92498
13581,92498
13582,92498
13583,92498
13584,92498
13585,92498
13586,92498
13587,92498
13588,92498
13589,92498
13590,92498
13591,92498
13592,92498
13593,92498
13594,92498
13595,92498
13596,92498
13597,92498
13598,92498
13599,92498
13600,92498
13601,92498
13602,92498
13603,92498
13604,92498
13605,92498
13606,92498
13607,92498
13608,92498
13609,92498
13610,92498
13611,92498
13612,92498
13613,92498
13614,92498
13615,92498
13616,92498
13617,92498
13618,92498
13619,92498
13620,92498
13621,92498
13622,92498
13623,92498
13624,92498
13625,92498
13626,92498
13627,92498
13628,92498
13629,92498
13630,92498
13631,92498
13632,92498
13633,92498
13634,92498
13635,92498
13636,92498
13637,92498
13638,92498
13639,92498
13640,92498
13641,92498
13642,92498
13643,92498
13644,92498
13645,92498
13646,92498
13647,92498
13648,92498
13649,92498
13650,92498
13651,92498
13652,92498
13653,92498
13654,92498
13655,92498
13656,92498
13657,92498
13658,92498
13659,92498
13660,92498
13661,92498
13662,92498
13663,92498
13664,92498
13665,92498
13666,92498
13667,92498
13668,92498
13669,92498
13670,92498
13671,92498
13672,92498
13673,92498
13674,92498
13675,92498
13676,92498
13677,92498
13678,92498
13679,92498
13680,92498
13681,92498
13682,92498
13683,92498
13684,92498
13685,92498
13686,92498
13687,92498
13688,92498
13689,92498
13690,92498
13691,92498
13692,92498
13693,92498
13694,92498
13695,92498
13696,92498
13697,92498
13698,92498
13699,92498
13700,92498
13701,92498
13702,92498
13703,92498
13704,92498
13705,92498
13706,92498
13707,92498
13708,92498
13709,92498
13710,92498
13711,92498
13712,92498
13713,92498
13714,92498
13715,92498
13716,92498
13717,92498
13718,92498
13719,92498
13720,92498
13721,92498
13722,92498
13723,92498
13724,92498
13725,92498
13726,92498
13727,92498
13728,92498
13729,92498
13730,92498
13731,92498
13732,92498
13733,92498
13734,92498
13735,92498
13736,92498
13737,92498
13738,92498
13739,92498
13740,92498
13741,92498
13742,92498
13743,92498
13744,92498
13745,92498
13746,92498
13747,92498
13748,92498
13749,92498
13750,92498
13751,92498
13752,92498
13753,92498
13754,92498
13755,92498
13756,92498
13757,92498
13758,92498
13759,92498
13760,92498
13761,92498
13762,92498
13763,92498
13764,92498
13765,92498
13766,92498
13767,92498
13768,92498
13769,92498
13770,92498
13771,92498
13772,92498
13773,92498
13774,92498
13775,92498
13776,92498
13777,92498
13778,92498
13779,92498
13780,92498
13781,92498
13782,92498
13783,92498
13784,92498
13785,92498
13786,92498
13787,92498
13788,92498
13789,92498
13790,92498
13791,92498
13792,92498
13793,92498
13794,92498
13795,92498
13796,92498
13797,92498
13798,92498
13799,92498
13800,92498
13801,92498
13802,92498
13803,92498
13804,92498
13805,92498
13806,92498
13807,92498
13808,92498
13809,92498
13810,92498
13811,92498
13812,92498
13813,92498
13814,92498
13815,92498
13816,92498
13817,92498
13818,92498
13819,92498
13820,92498
13821,92498
13822,92498
13823,92498
13824,92498
13825,92498
13826,92498
13827,92498
13828,92498
13829,92498
13830,92498
13831,92498
13832,92498
13833,92498
13834,92498
13835,92498
13836,92498
13837,92498
13838,92498
13839,92498
13840,92498
13841,92498
13842,92498
13843,92498
13844,92498
13845,92498
13846,92498
13847,92498
13848,92498
13849,92498
13850,92498
13851,92498
13852,92498
13853,92498
13854,92498
13855,92498
13856,92498
13857,92498
13858,92498
13859,92498
13860,92498
13861,92498
13862,92498
13863,92498
13864,92498
13865,92498
13866,92498
13867,92498
13868,92498
13869,92498
13870,92498
13871,92498
13872,92498
13873,92498
13874,92498
13875,92498
13876,92498
13877,92498
13878,92498
13879,92498
13880,92498
13881,92498
13882,92498
13883,92498
13884,92498
13885,92498
13886,92498
13887,92498
13888,92498
13889,92498
13890,92498
13891,92498
13892,92498
13893,92498
13894,92498
13895,92498
13896,92498
13897,92498
13898,92498
13899,92498
13900,92498
13901,92498
13902,92498
13903,92498
13904,92498
13905,92498
13906,92498
13907,92498
13908,92498
13909,92498
13910,92498
13911,92498
13912,92498
13913,92498
13914,92498
13915,92498
13916,92498
13917,92498
13918,92498
13919,92498
13920,92498
13921,92498
13922,92498
13923,92498
13924,92498
13925,92498
13926,92498
13927,92498
13928,92498
13929,92498
13930,92498
13931,92498
13932,92498
13933,92498
13934,92498
13935,92498
13936,92498
13937,92498
13938,92498
13939,92498
13940,92498
13941,92498
13942,92498
13943,92498
13944,92498
13945,92498
13946,92498
13947,92498
13948,92498
13949,92498
13950,92498
13951,92498
13952,92498
13953,92498
13954,92498
13955,92498
13956,92498
13957,92498
13958,92498
13959,92498
13960,92498
13961,92498
13962,92498
13963,92498
13964,92498
13965,92498
13966,92498
13967,92498
13968,92498
13969,92498
13970,92498
13971,92498
13972,92498
13973,92498
13974,92498
13975,92498
13976,92498
13977,92498
13978,92498
13979,92498
13980,92498
13981,92498
13982,92498
13983,92498
13984,92498
13985,92498
13986,92498
13987,92498
13988,92498
13989,92498
13990,92498
13991,92498
13992,92498
13993,92498
13994,92498
13995,92498
13996,92498
13997,92498
13998,92498
13999,92498
14000,92498
14001,92498
14002,92498
14003,92498
14004,92498
14005,92498
14006,92498
14007,92498
14008,92498
14009,92498
14010,92498
14011,92498
14012,92498
14013,92498
14014,92498
14015,92498
14016,92498
14017,92498
14018,92498
14019,92498
14020,92498
14021,92498
14022,92498
14023,92498
14024,92498
14025,92498
14026,92498
14027,92498
14028,92498
14029,92498
14030,92498
14031,92498
14032,92498
14033,92498
14034,92498
14035,92498
14036,92498
14037,92498
14038,92498
14039,92498
14040,92498
14041,92498
14042,92498
14043,92498
14044,92498
14045,92498
14046,92498
14047,92498
14048,92498
14049,92498
14050,92498
14051,92498
14052,92498
14053,92498
14054,92498
14055,92498
14056,92498
14057,92498
14058,92498
14059,92498
14060,92498
14061,92498
14062,92498
14063,92498
14064,92498
14065,92498
14066,92498
14067,92498
14068,92498
14069,92498
14070,92498
14071,92498
14072,92498
14073,92498
14074,92498
14075,92498
14076,92498
14077,92498
14078,92498
14079,92498
14080,92498
14081,92498
14082,92498
14083,92498
14084,92498
14085,92498
14086,92498
14087,92498
14088,92498
14089,92498
14090,92498
14091,92498
14092,92498
14093,92498
14094,92498
14095,92498
14096,92498
14097,92498
14098,92498
14099,92498
14100,92498
14101,92498
14102,92498
14103,92498
14104,92498
14105,92498
14106,92498
14107,92498
14108,92498
14109,92498
14110,92498
14111,92498
14112,92498
14113,92498
14114,92498
14115,92498
14116,92498
14117,92498
14118,92498
14119,92498
14120,92498
14121,92498
14122,92498
14123,92498
14124,92498
14125,92498
14126,92498
14127,92498
14128,92498
14129,92498
14130,92498
14131,92498
14132,92498
14133,92498
14134,92498
14135,92498
14136,92498
14137,92498
14138,92498
14139,92498
14140,92498
14141,92498
14142,92498
14143,92498
14144,92498
14145,92498
14146,92498
14147,92498
14148,92498
14149,92498
14150,92498
14151,92498
14152,92498
14153,92498
14154,92498
14155,92498
14156,92498
14157,92498
14158,92498
14159,92498
14160,92498
14161,92498
14162,92498
14163,92498
14164,92498
14165,92498
14166,92498
14167,92498
14168,92498
14169,92498
14170,92498
14171,92498
14172,92498
14173,92498
14174,92498
14175,92498
14176,92498
14177,92498
14178,92498
14179,92498
14180,92498
14181,92498
14182,92498
14183,92498
14184,92498
14185,92498
14186,92498
14187,92498
14188,92498
14189,92498
14190,92498
14191,92498
14192,92498
14193,92498
14194,92498
14195,92498
14196,92498
14197,92498
14198,92498
14199,92498
14200,92498
14201,92498
14202,92498
14203,92498
14204,92498
14205,92498
14206,92498
14207,92498
14208,92498
14209,92498
14210,92498
14211,92498
14212,92498
14213,92498
14214,92498
14215,92498
14216,92498
14217,92498
14218,92498
14219,92498
14220,92498
14221,92498
14222,92498
14223,92498
14224,92498
14225,92498
14226,92498
14227,92498
14228,92498
14229,92498
14230,92498
14231,92498
14232,92498
14233,92498
14234,92498
14235,92498
14236,92498
14237,92498
14238,92498
14239,92498
14240,92498
14241,92498
14242,92498
14243,92498
14244,92498
14245,92498
14246,92498
14247,92498
14248,92498
14249,92498
14250,92498
14251,92498
14252,92498
14253,92498
14254,92498
14255,92498
14256,92498
14257,92498
14258,92498
14259,92498
14260,92498
14261,92498
14262,92498
14263,92498
14264,92498
14265,92498
14266,92498
14267,92498
14268,92498
14269,92498
14270,92498
14271,92498
14272,92498
14273,92498
14274,92498
14275,92498
14276,92498
14277,92498
14278,92498
14279,92498
14280,92498
14281,92498
14282,92498
14283,92498
14284,92498
14285,92498
14286,92498
14287,92498
14288,92498
14289,92498
14290,92498
14291,92498
14292,92498
14293,92498
14294,92498
14295,92498
14296,92498
14297,92498
14298,92498
14299,92498
14300,92498
14301,92498
