tick,tiles
1,0
2,19
3,19
4,22
5,26
6,29
7,32
8,36
9,40
10,43
11,46
12,49
13,52
14,56
15,62
16,66
17,70
18,74
19,76
20,77
21,78
22,78
23,78
24,78
25,78
26,78
27,78
28,78
29,78
30,78
31,78
32,78
33,78
34,78
35,78
36,78
37,78
38,78
39,78
40,78
41,78
42,78
43,78
44,78
45,78
46,78
47,78
48,78
49,78
50,78
51,78
52,78
53,78
54,78
55,78
56,78
57,78
58,78
59,78
60,78
61,78
62,78
63,78
64,78
65,78
66,78
67,78
68,78
69,78
70,78
71,78
72,78
73,78
74,78
75,78
76,78
77,78
78,78
79,78
80,78
81,78
82,78
83,78
84,78
85,78
86,78
87,78
88,78
89,78
90,78
91,78
92,78
93,78
94,78
95,78
96,78
97,78
98,78
99,78
100,78
101,78
102,78
103,78
104,78
105,78
106,78
107,78
108,78
109,78
110,78
111,78
112,78
113,78
114,78
115,78
116,78
117,78
118,78
119,78
120,78
121,78
122,78
123,78
124,78
125,78
126,78
127,78
128,78
129,78
130,78
131,78
132,78
133,78
134,78
135,78
136,78
137,78
138,78
139,78
140,78
141,78
142,78
143,78
144,78
145,78
146,78
147,78
148,78
149,78
150,78
151,78
152,78
153,78
154,78
155,78
156,78
157,78
158,78
159,78
160,78
161,78
162,78
163,78
164,78
165,78
166,78
167,78
168,78
169,78
170,78
171,78
172,78
173,78
174,78
175,78
176,78
177,78
178,78
179,78
180,78
181,78
182,78
183,78
184,78
185,78
186,78
187,78
188,78
189,78
190,78
191,78
192,78
193,78
194,78
195,78
196,78
197,78
198,78
199,78
200,78
201,78
202,78
203,78
204,78
205,78
206,78
207,78
208,78
209,78
210,78
211,78
212,78
213,78
214,78
215,78
216,78
217,78
218,78
219,78
220,78
221,78
222,78
223,78
224,78
225,78
226,78
227,78
228,78
229,78
230,78
231,78
232,78
233,78
234,78
235,78
236,78
237,78
238,78
239,78
240,78
241,78
242,78
243,78
244,78
245,78
246,78
247,78
248,78
249,78
250,78
251,78
252,78
253,78
254,78
255,78
256,78
257,78
258,78
259,78
260,78
261,78
262,78
263,78
264,78
265,78
266,78
267,78
268,78
269,78
270,78
271,78
272,78
273,78
274,78
275,78
276,78
277,78
278,78
279,78
280,78
281,78
282,78
283,78
284,78
285,78
286,78
287,78
288,78
289,78
290,78
291,78
292,78
293,78
294,78
295,78
296,78
297,78
298,78
299,78
300,78
301,78
302,78
303,78
304,78
305,78
306,78
307,78
308,78
309,78
310,78
311,78
312,78
313,78
314,78
315,78
316,78
317,78
318,78
319,78
320,78
321,78
322,78
323,78
324,78
325,78
326,78
327,78
328,78
329,78
330,78
331,78
332,78
333,78
334,78
335,78
336,78
337,78
338,78
339,78
340,78
341,78
342,78
343,78
344,78
345,78
346,78
347,78
348,78
349,78
350,78
351,78
352,78
353,78
354,78
355,78
356,78
357,78
358,78
359,78
360,78
361,78
362,78
363,78
364,78
365,78
366,78
367,78
368,78
369,78
370,78
371,78
372,78
373,78
374,78
375,78
376,78
377,78
378,78
379,78
380,78
381,78
382,78
383,78
384,78
385,78
386,78
387,78
388,78
389,78
390,78
391,78
392,78
393,78
394,78
395,78
396,78
397,78
398,78
399,78
400,78
401,78
402,78
403,78
404,78
405,78
406,78
407,78
408,78
409,78
410,78
411,78
412,78
413,78
414,78
415,78
416,78
417,78
418,78
419,78
420,78
421,78
422,78
423,78
424,78
425,78
426,78
427,78
428,78
429,78
430,78
431,78
432,78
433,78
434,78
435,78
436,78
437,78
438,78
439,78
440,78
441,78
442,78
443,78
444,78
445,78
446,78
447,78
448,78
449,78
450,78
451,78
452,78
453,78
454,78
455,78
456,78
457,78
458,78
459,78
460,78
461,78
462,78
463,78
464,78
465,78
466,78
467,78
468,78
469,78
470,78
471,78
472,78
473,78
474,78
475,78
476,78
477,78
478,78
479,78
480,78
481,78
482,78
483,78
484,78
485,78
486,78
487,78
488,78
489,78
490,78
491,78
492,78
493,78
494,78
495,78
496,78
497,78
498,78
499,78
500,78
501,78
502,78
503,78
504,78
505,78
506,78
507,78
508,78
509,78
510,78
511,78
512,78
513,78
514,78
515,78
516,78
517,78
518,78
519,78
520,78
521,78
522,78
523,78
524,78
525,78
526,78
527,78
528,78
529,78
530,78
531,78
532,78
533,78
534,78
535,78
536,78
537,78
538,78
539,78
540,78
541,78
542,78
543,78
544,78
545,78
546,78
547,78
548,78
549,78
550,78
551,78
552,78
553,78
554,78
555,78
556,78
557,78
558,78
559,78
560,78
561,78
562,78
563,78
564,78
565,78
566,78
567,78
568,78
569,78
570,78
571,78
572,78
573,78
574,78
575,78
576,78
577,78
578,78
579,78
580,78
581,78
582,78
583,78
584,78
585,78
586,78
587,78
588,78
589,78
590,78
591,78
592,78
593,78
594,78
595,78
596,78
597,78
598,78
599,78
600,78
601,78
602,78
603,78
604,78
605,78
606,78
607,78
608,78
609,78
610,78
611,78
612,78
613,78
614,78
615,78
616,78
617,78
618,78
619,78
620,78
621,78
622,78
623,78
624,78
625,78
626,78
627,78
628,78
629,78
630,78
631,78
632,78
633,78
634,78
635,78
636,78
637,78
638,78
639,78
640,78
641,78
642,78
643,78
644,78
645,78
646,78
647,78
648,78
649,78
650,78
651,78
652,78
653,78
654,78
655,78
656,78
657,78
658,78
659,78
660,78
661,78
662,78
663,78
664,78
665,78
666,78
667,78
668,78
669,78
670,78
671,78
672,78
673,78
674,78
675,78
676,78
677,78
678,78
679,78
680,78
681,78
682,78
683,78
684,78
685,78
686,78
687,78
688,78
689,78
690,78
691,78
692,78
693,78
694,78
695,78
696,78
697,78
698,78
699,78
700,78
701,78
702,78
703,78
704,78
705,78
706,78
707,78
708,78
709,78
710,78
711,78
712,78
713,78
714,78
715,78
716,78
717,78
718,78
719,78
720,78
721,78
722,78
723,78
724,78
725,78
726,78
727,78
728,78
729,78
730,78
731,78
732,78
733,78
734,78
735,78
736,78
737,78
738,78
739,78
740,78
741,78
742,78
743,78
744,78
745,78
746,78
747,78
748,78
749,78
750,78
751,78
752,78
753,78
754,78
755,78
756,78
757,78
758,78
759,78
760,78
761,78
762,78
763,78
764,78
765,78
766,78
767,78
768,78
769,78
770,78
771,78
772,78
773,78
774,78
775,78
776,78
777,78
778,78
779,78
780,78
781,78
782,78
783,78
784,78
785,78
786,78
787,78
788,78
789,78
790,78
791,78
792,78
793,78
794,78
795,78
796,78
797,78
798,78
799,78
800,78
801,78
802,78
803,78
804,78
805,78
806,78
807,78
808,78
809,78
810,78
811,78
812,78
813,78
814,78
815,78
816,78
817,78
818,78
819,78
820,78
821,78
822,78
823,78
824,78
825,78
826,78
827,78
828,78
829,78
830,78
831,78
832,78
833,78
834,78
835,78
836,78
837,78
838,78
839,78
840,78
841,78
842,78
843,78
844,78
845,78
846,78
847,78
848,78
849,78
850,78
851,78
852,78
853,78
854,78
855,78
856,78
857,78
858,78
859,78
860,78
861,78
862,78
863,78
864,78
865,78
866,78
867,78
868,78
869,78
870,78
871,78
872,78
873,78
874,78
875,78
876,78
877,78
878,78
879,78
880,78
881,78
882,78
883,78
884,78
885,78
886,78
887,78
888,78
889,78
890,78
891,78
892,78
893,78
894,78
895,78
896,78
897,78
898,78
899,78
900,78
901,78
902,78
903,78
904,78
905,78
906,78
907,78
908,78
909,78
910,78
911,78
912,78
913,78
914,78
915,78
916,78
917,78
918,78
919,78
920,78
921,78
922,78
923,78
924,78
925,78
926,78
927,78
928,78
929,78
930,78
931,78
932,78
933,78
934,78
935,78
936,78
937,78
938,78
939,78
940,78
941,78
942,78
943,78
944,78
945,78
946,78
947,78
948,78
949,78
950,78
951,78
952,78
953,78
954,78
955,78
956,78
957,78
958,78
959,78
960,78
961,78
962,78
963,78
964,78
965,78
966,78
967,78
968,78
969,78
970,78
971,78
972,78
973,78
974,78
975,78
976,78
977,78
978,78
979,78
980,78
981,78
982,78
983,78
984,78
985,78
986,78
987,78
988,78
989,78
990,78
991,78
992,78
993,78
994,78
995,78
996,78
997,78
998,78
999,78
1000,78
1001,78
1002,78
1003,78
1004,78
1005,78
1006,78
1007,78
1008,78
1009,78
1010,78
1011,78
1012,78
1013,78
1014,78
1015,78
1016,78
1017,78
1018,78
1019,78
1020,78
1021,78
1022,78
1023,78
1024,78
1025,78
1026,78
1027,78
1028,78
1029,78
1030,78
1031,78
1032,78
1033,78
1034,78
1035,78
1036,78
1037,78
1038,78
1039,78
1040,78
1041,78
1042,78
1043,78
1044,78
1045,78
1046,78
1047,78
1048,78
1049,78
1050,78
1051,78
1052,78
1053,78
1054,78
1055,78
1056,78
1057,78
1058,78
1059,78
1060,78
1061,78
1062,78
1063,78
1064,78
1065,78
1066,78
1067,78
1068,78
1069,78
1070,78
1071,78
1072,78
1073,78
1074,78
1075,78
1076,78
1077,78
1078,78
1079,78
1080,78
1081,78
1082,78
1083,78
1084,78
1085,78
1086,78
1087,78
1088,78
1089,78
1090,78
1091,78
1092,78
1093,78
1094,78
1095,78
1096,78
1097,78
1098,78
1099,78
1100,78
1101,78
1102,78
1103,78
1104,78
1105,78
1106,78
1107,78
1108,78
1109,78
1110,78
1111,78
1112,78
1113,78
1114,78
1115,78
1116,78
1117,78
1118,78
1119,78
1120,78
1121,78
1122,78
1123,78
1124,78
1125,78
1126,78
1127,78
1128,78
1129,78
1130,78
1131,78
1132,78
1133,78
1134,78
1135,78
1136,78
1137,78
1138,78
1139,78
1140,78
1141,78
1142,78
1143,78
1144,78
1145,78
1146,78
1147,78
1148,78
1149,78
1150,78
1151,78
1152,78
1153,78
1154,78
1155,78
1156,78
1157,78
1158,78
1159,78
1160,78
1161,78
1162,78
1163,78
1164,78
1165,78
1166,78
1167,78
1168,78
1169,78
1170,78
1171,78
1172,78
1173,78
1174,78
1175,78
1176,78
1177,78
1178,78
1179,78
1180,78
1181,78
1182,78
1183,78
1184,78
1185,78
1186,78
1187,78
1188,78
1189,78
1190,78
1191,78
1192,78
1193,78
1194,78
1195,78
1196,78
1197,78
1198,78
1199,78
1200,78
1201,78
1202,78
1203,78
1204,78
1205,78
1206,78
1207,78
1208,78
1209,78
1210,78
1211,78
1212,78
1213,78
1214,78
1215,78
1216,78
1217,78
1218,78
1219,78
1220,78
1221,78
1222,78
1223,78
1224,78
1225,78
1226,78
1227,78
1228,78
1229,78
1230,78
1231,78
1232,78
1233,78
1234,78
1235,78
1236,78
1237,78
1238,78
1239,78
1240,78
1241,78
1242,78
1243,78
1244,78
1245,78
1246,78
1247,78
1248,78
1249,78
1250,78
1251,78
1252,78
1253,78
1254,78
1255,78
1256,78
1257,78
1258,78
1259,78
1260,78
1261,78
1262,78
1263,78
1264,78
1265,78
1266,78
1267,78
1268,78
1269,78
1270,78
1271,78
1272,78
1273,78
1274,78
1275,78
1276,78
1277,78
1278,78
1279,78
1280,78
1281,78
1282,78
1283,78
1284,78
1285,78
1286,78
1287,78
1288,78
1289,78
1290,78
1291,78
1292,78
1293,78
1294,78
1295,78
1296,78
1297,78
1298,78
1299,78
1300,78
1301,78
1302,78
1303,78
1304,78
1305,78
1306,78
1307,78
1308,78
1309,78
1310,78
1311,78
1312,78
1313,78
1314,78
1315,78
1316,78
1317,78
1318,78
1319,78
1320,78
1321,78
1322,78
1323,78
1324,78
1325,78
1326,78
1327,78
1328,78
1329,78
1330,78
1331,78
1332,78
1333,78
1334,78
1335,78
1336,78
1337,78
1338,78
1339,78
1340,78
1341,78
1342,78
1343,78
1344,78
1345,78
1346,78
1347,78
1348,78
1349,78
1350,78
1351,78
1352,78
1353,78
1354,78
1355,78
1356,78
1357,78
1358,78
1359,78
1360,78
1361,78
1362,78
1363,78
1364,78
1365,78
1366,78
1367,78
1368,78
1369,78
1370,78
1371,78
1372,78
1373,78
1374,78
1375,78
1376,78
1377,78
1378,78
1379,78
1380,78
1381,78
1382,78
1383,78
1384,78
1385,78
1386,78
1387,78
1388,78
1389,78
1390,78
1391,78
1392,78
1393,78
1394,78
1395,78
1396,78
1397,78
1398,78
1399,78
1400,78
1401,78
1402,78
1403,78
1404,78
1405,78
1406,78
1407,78
1408,78
1409,78
1410,78
1411,78
1412,78
1413,78
1414,78
1415,78
1416,78
1417,78
1418,78
1419,78
1420,78
1421,78
1422,78
1423,78
1424,78
1425,78
1426,78
1427,78
1428,78
1429,78
1430,78
1431,78
1432,78
1433,78
1434,78
1435,78
1436,78
1437,78
1438,78
1439,78
1440,78
1441,78
1442,78
1443,78
1444,78
1445,78
1446,78
1447,78
1448,78
1449,78
1450,78
1451,78
1452,78
1453,78
1454,78
1455,78
1456,78
1457,78
1458,78
1459,78
1460,78
1461,78
1462,78
1463,78
1464,78
1465,78
1466,78
1467,78
1468,78
1469,78
1470,78
1471,78
1472,78
1473,78
1474,78
1475,78
1476,78
1477,78
1478,78
1479,78
1480,78
1481,78
1482,78
1483,78
1484,78
1485,78
1486,78
1487,78
1488,78
1489,78
1490,78
1491,78
1492,78
1493,78
1494,78
1495,78
1496,78
1497,78
1498,78
1499,78
1500,78
1501,78
1502,78
1503,78
1504,78
1505,78
1506,78
1507,78
1508,78
1509,78
1510,78
1511,78
1512,78
1513,78
1514,78
1515,78
1516,78
1517,78
1518,78
1519,78
1520,78
1521,78
1522,78
1523,78
1524,78
1525,78
1526,78
1527,78
1528,78
1529,78
1530,78
1531,78
1532,78
1533,78
1534,78
1535,78
1536,78
1537,78
1538,78
1539,78
1540,78
1541,78
1542,78
1543,78
1544,78
1545,78
1546,78
1547,78
1548,78
1549,78
1550,78
1551,78
1552,78
1553,78
1554,78
1555,78
1556,78
1557,78
1558,78
1559,78
1560,78
1561,78
1562,78
1563,78
1564,78
1565,78
1566,78
1567,78
1568,78
1569,78
1570,78
1571,78
1572,78
1573,78
1574,78
1575,78
1576,78
1577,78
1578,78
1579,78
1580,78
1581,78
1582,78
1583,78
1584,78
1585,78
1586,78
1587,78
1588,78
1589,78
1590,78
1591,78
1592,78
1593,78
1594,78
1595,78
1596,78
1597,78
1598,78
1599,78
1600,78
1601,78
1602,78
1603,78
1604,78
1605,78
1606,78
1607,78
1608,78
1609,78
1610,78
1611,78
1612,78
1613,78
1614,78
1615,78
1616,78
1617,78
1618,78
1619,78
1620,78
1621,78
1622,78
1623,78
1624,78
1625,78
1626,78
1627,78
1628,78
1629,78
1630,78
1631,78
1632,78
1633,78
1634,78
1635,78
1636,78
1637,78
1638,78
1639,78
1640,78
1641,78
1642,78
1643,78
1644,78
1645,78
1646,78
1647,78
1648,78
1649,78
1650,78
1651,78
1652,78
1653,78
1654,78
1655,78
1656,78
1657,78
1658,78
1659,78
1660,78
1661,78
1662,78
1663,78
1664,78
1665,78
1666,78
1667,78
1668,78
1669,78
1670,78
1671,78
1672,78
1673,78
1674,78
1675,78
1676,78
1677,78
1678,78
1679,78
1680,78
1681,78
1682,78
1683,78
1684,78
1685,78
1686,78
1687,78
1688,78
1689,78
1690,78
1691,78
1692,78
1693,78
1694,78
1695,78
1696,78
1697,78
1698,78
1699,78
1700,78
1701,78
1702,78
1703,78
1704,78
1705,78
1706,78
1707,78
1708,78
1709,78
1710,78
1711,78
1712,78
1713,78
1714,78
1715,78
1716,78
1717,78
1718,78
1719,78
1720,78
1721,78
1722,78
1723,78
1724,78
1725,78
1726,78
1727,78
1728,78
1729,78
1730,78
1731,78
1732,78
1733,78
1734,78
1735,78
1736,78
1737,78
1738,78
1739,78
1740,78
1741,78
1742,78
1743,78
1744,78
1745,78
1746,78
1747,78
1748,78
1749,78
1750,78
1751,78
1752,78
1753,78
1754,78
1755,78
1756,78
1757,78
1758,78
1759,78
1760,78
1761,78
1762,78
1763,78
1764,78
1765,78
1766,78
1767,78
1768,78
1769,78
1770,78
1771,78
1772,78
1773,78
1774,78
1775,78
1776,78
1777,78
1778,78
1779,78
1780,78
1781,78
1782,78
1783,78
1784,78
1785,78
1786,78
1787,78
1788,78
1789,78
1790,78
1791,78
1792,78
1793,78
1794,78
1795,78
1796,78
1797,78
1798,78
1799,78
1800,78
1801,78
1802,78
1803,78
1804,78
1805,78
1806,78
1807,78
1808,78
1809,78
1810,78
1811,78
1812,78
1813,78
1814,78
1815,78
1816,78
1817,78
1818,78
1819,78
1820,78
1821,78
1822,78
1823,78
1824,78
1825,78
1826,78
1827,78
1828,78
1829,78
1830,78
1831,78
1832,78
1833,78
1834,78
1835,78
1836,78
1837,78
1838,78
1839,78
1840,78
1841,78
1842,78
1843,78
1844,78
1845,78
1846,78
1847,78
1848,78
1849,78
1850,78
1851,78
1852,78
1853,78
1854,78
1855,78
1856,78
1857,78
1858,78
1859,78
1860,78
1861,78
1862,78
1863,78
1864,78
1865,78
1866,78
1867,78
1868,78
1869,78
1870,78
1871,78
1872,78
1873,78
1874,78
1875,78
1876,78
1877,78
1878,78
1879,78
1880,78
1881,78
1882,78
1883,78
1884,78
1885,78
1886,78
1887,78
1888,78
1889,78
1890,78
1891,78
1892,78
1893,78
1894,78
1895,78
1896,78
1897,78
1898,78
1899,78
1900,78
1901,78
1902,78
1903,78
1904,78
1905,78
1906,78
1907,78
1908,78
1909,78
1910,78
1911,78
1912,78
1913,78
1914,78
1915,78
1916,78
1917,78
1918,78
1919,78
1920,78
1921,78
1922,78
1923,78
1924,78
1925,78
1926,78
1927,78
1928,78
1929,78
1930,78
1931,78
1932,78
1933,78
1934,78
1935,78
1936,78
1937,78
1938,78
1939,78
1940,78
1941,78
1942,78
1943,78
1944,78
1945,78
1946,78
1947,78
1948,78
1949,78
1950,78
1951,78
1952,78
1953,78
1954,78
1955,78
1956,78
1957,78
1958,78
1959,78
1960,78
1961,78
1962,78
1963,78
1964,78
1965,78
1966,78
1967,78
1968,78
1969,78
1970,78
1971,78
1972,78
1973,78
1974,78
1975,78
1976,78
1977,78
1978,78
1979,78
1980,78
1981,78
1982,78
1983,78
1984,78
1985,78
1986,78
1987,78
1988,78
1989,78
1990,78
1991,78
1992,78
1993,78
1994,78
1995,78
1996,78
1997,78
1998,78
1999,78
2000,78
2001,78
2002,78
2003,78
2004,78
2005,78
2006,78
2007,78
2008,78
2009,78
2010,78
2011,78
2012,78
2013,78
2014,78
2015,78
2016,78
2017,78
2018,78
2019,78
2020,78
2021,78
2022,78
2023,78
2024,78
2025,78
2026,78
2027,78
2028,78
2029,78
2030,78
2031,78
2032,78
2033,78
2034,78
2035,78
2036,78
2037,78
2038,78
2039,78
2040,78
2041,78
2042,78
2043,78
2044,78
2045,78
2046,78
2047,78
2048,78
2049,78
2050,78
2051,78
2052,78
2053,78
2054,78
2055,78
2056,78
2057,78
2058,78
2059,78
2060,78
2061,78
2062,78
2063,78
2064,78
2065,78
2066,78
2067,78
2068,78
2069,78
2070,78
2071,78
2072,78
2073,78
2074,78
2075,78
2076,78
2077,78
2078,78
2079,78
2080,78
2081,78
2082,78
2083,78
2084,78
2085,78
2086,78
2087,78
2088,78
2089,78
2090,78
2091,78
2092,78
2093,78
2094,78
2095,78
2096,78
2097,78
2098,78
2099,78
2100,78
2101,78
2102,78
2103,78
2104,78
2105,78
2106,78
2107,78
2108,78
2109,78
2110,78
2111,78
2112,78
2113,78
2114,78
2115,78
2116,78
2117,78
2118,78
2119,78
2120,78
2121,78
2122,78
2123,78
2124,78
2125,78
2126,78
2127,78
2128,78
2129,78
2130,78
2131,78
2132,78
2133,78
2134,78
2135,78
2136,78
2137,78
2138,78
2139,78
2140,78
2141,78
2142,78
2143,78
2144,78
2145,78
2146,78
2147,78
2148,78
2149,78
2150,78
2151,78
2152,78
2153,78
2154,78
2155,78
2156,78
2157,78
2158,78
2159,78
2160,78
2161,78
2162,78
2163,78
2164,78
2165,78
2166,78
2167,78
2168,78
2169,78
2170,78
2171,78
2172,78
2173,78
2174,78
2175,78
2176,78
2177,78
2178,78
2179,78
2180,78
2181,78
2182,78
2183,78
2184,78
2185,78
2186,78
2187,78
2188,78
2189,78
2190,78
2191,78
2192,78
2193,78
2194,78
2195,78
2196,78
2197,78
2198,78
2199,78
2200,78
2201,78
2202,78
2203,78
2204,78
2205,78
2206,78
2207,78
2208,78
2209,78
2210,78
2211,78
2212,78
2213,78
2214,78
2215,78
2216,78
2217,78
2218,78
2219,78
2220,78
2221,78
2222,78
2223,78
2224,78
2225,78
2226,78
2227,78
2228,78
2229,78
2230,78
2231,78
2232,78
2233,78
2234,78
2235,78
2236,78
2237,78
2238,78
2239,78
2240,78
2241,78
2242,78
2243,78
2244,78
2245,78
2246,78
2247,78
2248,78
2249,78
2250,78
2251,78
2252,78
2253,78
2254,78
2255,78
2256,78
2257,78
2258,78
2259,78
2260,78
2261,78
2262,78
2263,78
2264,78
2265,78
2266,78
2267,78
2268,78
2269,78
2270,78
2271,78
2272,78
2273,78
2274,78
2275,78
2276,78
2277,78
2278,78
2279,78
2280,78
2281,78
2282,78
2283,78
2284,78
2285,78
2286,78
2287,78
2288,78
2289,78
2290,78
2291,78
2292,78
2293,78
2294,78
2295,78
2296,78
2297,78
2298,78
2299,78
2300,78
2301,78
2302,78
2303,78
2304,78
2305,78
2306,78
2307,78
2308,78
2309,78
2310,78
2311,78
2312,78
2313,78
2314,78
2315,78
2316,78
2317,78
2318,78
2319,78
2320,78
2321,78
2322,78
2323,78
2324,78
2325,78
2326,78
2327,78
2328,78
2329,78
2330,78
2331,78
2332,78
2333,78
2334,78
2335,78
2336,78
2337,78
2338,78
2339,78
2340,78
2341,78
2342,78
2343,78
2344,78
2345,78
2346,78
2347,78
2348,78
2349,78
2350,78
2351,78
2352,78
2353,78
2354,78
2355,78
2356,78
2357,78
2358,78
2359,78
2360,78
2361,78
2362,78
2363,78
2364,78
2365,78
2366,78
2367,78
2368,78
2369,78
2370,78
2371,78
2372,78
2373,78
2374,78
2375,78
2376,78
2377,78
2378,78
2379,78
2380,78
2381,78
2382,78
2383,78
2384,78
2385,78
2386,78
2387,78
2388,78
2389,78
2390,78
2391,78
2392,78
2393,78
2394,78
2395,78
2396,78
2397,78
2398,78
2399,78
2400,78
2401,78
2402,78
2403,78
2404,78
2405,78
2406,78
2407,78
2408,78
2409,78
2410,78
2411,78
2412,78
2413,78
2414,78
2415,78
2416,78
2417,78
2418,78
2419,78
2420,78
2421,78
2422,78
2423,78
2424,78
2425,78
2426,78
2427,78
2428,78
2429,78
2430,78
2431,78
2432,78
2433,78
2434,78
2435,78
2436,78
2437,78
2438,78
2439,78
2440,78
2441,78
2442,78
2443,78
2444,78
2445,78
2446,78
2447,78
2448,78
2449,78
2450,78
2451,78
2452,78
2453,78
2454,78
2455,78
2456,78
2457,78
2458,78
2459,78
2460,78
2461,78
2462,78
2463,78
2464,78
2465,78
2466,78
2467,78
2468,78
2469,78
2470,78
2471,78
2472,78
2473,78
2474,78
2475,78
2476,78
2477,78
2478,78
2479,78
2480,78
2481,78
2482,78
2483,78
2484,78
2485,78
2486,78
2487,78
2488,78
2489,78
2490,78
2491,78
2492,78
2493,78
2494,78
2495,78
2496,78
2497,78
2498,78
2499,78
2500,78
2501,78
2502,78
2503,78
2504,78
2505,78
2506,78
2507,78
2508,78
2509,78
2510,78
2511,78
2512,78
2513,78
2514,78
2515,78
2516,78
2517,78
2518,78
2519,78
2520,78
2521,78
2522,78
2523,78
2524,78
2525,78
2526,78
2527,78
2528,78
2529,78
2530,78
2531,78
2532,78
2533,78
2534,78
2535,78
2536,78
2537,78
2538,78
2539,78
2540,78
2541,78
2542,78
2543,78
2544,78
2545,78
2546,78
2547,78
2548,78
2549,78
2550,78
2551,78
2552,78
2553,78
2554,78
2555,78
2556,78
2557,78
2558,78
2559,78
2560,78
2561,78
2562,78
2563,78
2564,78
2565,78
2566,78
2567,78
2568,78
2569,78
2570,78
2571,78
2572,78
2573,78
2574,78
2575,78
2576,78
2577,78
2578,78
2579,78
2580,78
2581,78
2582,78
2583,78
2584,78
2585,78
2586,78
2587,78
2588,78
2589,78
2590,78
2591,78
2592,78
2593,78
2594,78
2595,78
2596,78
2597,78
2598,78
2599,78
2600,78
2601,78
2602,78
2603,78
2604,78
2605,78
2606,78
2607,78
2608,78
2609,78
2610,78
2611,78
2612,78
2613,78
2614,78
2615,78
2616,78
2617,78
2618,78
2619,78
2620,78
2621,78
2622,78
2623,78
2624,78
2625,78
2626,78
2627,78
2628,78
2629,78
2630,78
2631,78
2632,78
2633,78
2634,78
2635,78
2636,78
2637,78
2638,78
2639,78
2640,78
2641,78
2642,78
2643,78
2644,78
2645,78
2646,78
2647,78
2648,78
2649,78
2650,78
2651,78
2652,78
2653,78
2654,78
2655,78
2656,78
2657,78
2658,78
2659,78
2660,78
2661,78
2662,78
2663,78
2664,78
2665,78
2666,78
2667,78
2668,78
2669,78
2670,78
2671,78
2672,78
2673,78
2674,78
2675,78
2676,78
2677,78
2678,78
2679,78
2680,78
2681,78
2682,78
2683,78
2684,78
2685,78
2686,78
2687,78
2688,78
2689,78
2690,78
2691,78
2692,78
2693,78
2694,78
2695,78
2696,78
2697,78
2698,78
2699,78
2700,78
2701,78
2702,78
2703,78
2704,78
2705,78
2706,78
2707,78
2708,78
2709,78
2710,78
2711,78
2712,78
2713,78
2714,78
2715,78
2716,78
2717,78
2718,78
2719,78
2720,78
2721,78
2722,78
2723,78
2724,78
2725,78
2726,78
2727,78
2728,78
2729,78
2730,78
2731,78
2732,78
2733,78
2734,78
2735,78
2736,78
2737,78
2738,78
2739,78
2740,78
2741,78
2742,78
2743,78
2744,78
2745,78
2746,78
2747,78
2748,78
2749,78
2750,78
2751,78
2752,78
2753,78
2754,78
2755,78
2756,78
2757,78
2758,78
2759,78
2760,78
2761,78
2762,78
2763,78
2764,78
2765,78
2766,78
2767,78
2768,78
2769,78
2770,78
2771,78
2772,78
2773,78
2774,78
2775,78
2776,78
2777,78
2778,78
2779,78
2780,78
2781,78
2782,78
2783,78
2784,78
2785,78
2786,78
2787,78
2788,78
2789,78
2790,78
2791,78
2792,78
2793,78
2794,78
2795,78
2796,78
2797,78
2798,78
2799,78
2800,78
2801,78
2802,78
2803,78
2804,78
2805,78
2806,78
2807,78
2808,78
2809,78
2810,78
2811,78
2812,78
2813,78
2814,78
2815,78
2816,78
2817,78
2818,78
2819,78
2820,78
2821,78
2822,78
2823,78
2824,78
2825,78
2826,78
2827,78
2828,78
2829,78
2830,78
2831,78
2832,78
2833,78
2834,78
2835,78
2836,78
2837,78
2838,78
2839,78
2840,78
2841,78
2842,78
2843,78
2844,78
2845,78
2846,78
2847,78
2848,78
2849,78
2850,78
2851,78
2852,78
2853,78
2854,78
2855,78
2856,78
2857,78
2858,78
2859,78
2860,78
2861,78
2862,78
2863,78
2864,78
2865,78
2866,78
2867,78
2868,78
2869,78
2870,78
2871,78
2872,78
2873,78
2874,78
2875,78
2876,78
2877,78
2878,78
2879,78
2880,78
2881,78
2882,78
2883,78
2884,78
2885,78
2886,78
2887,78
2888,78
2889,78
2890,78
2891,78
2892,78
2893,78
2894,78
2895,78
2896,78
2897,78
2898,78
2899,78
2900,78
2901,78
2902,78
2903,78
2904,78
2905,78
2906,78
2907,78
2908,78
2909,78
2910,78
2911,78
2912,78
2913,78
2914,78
2915,78
2916,78
2917,78
2918,78
2919,78
2920,78
2921,78
2922,78
2923,78
2924,78
2925,78
2926,78
2927,78
2928,78
2929,78
2930,78
2931,78
2932,78
2933,78
2934,78
2935,78
2936,78
2937,78
2938,78
2939,78
2940,78
2941,78
2942,78
2943,78
2944,78
2945,78
2946,78
2947,78
2948,78
2949,78
2950,78
2951,78
2952,78
2953,78
2954,78
2955,78
2956,78
2957,78
2958,78
2959,78
2960,78
2961,78
2962,78
2963,78
2964,78
2965,78
2966,78
2967,78
2968,78
2969,78
2970,78
2971,78
2972,78
2973,78
2974,78
2975,78
2976,78
2977,78
2978,78
2979,78
2980,78
2981,78
2982,78
2983,78
2984,78
2985,78
2986,78
2987,78
2988,78
2989,78
2990,78
2991,78
2992,78
2993,78
2994,78
2995,78
2996,78
2997,78
2998,78
2999,78
3000,78
3001,78
3002,78
3003,78
3004,78
3005,78
3006,78
3007,78
3008,78
3009,78
3010,78
3011,78
3012,78
3013,78
3014,78
3015,78
3016,78
3017,78
3018,78
3019,78
3020,78
3021,78
3022,78
3023,78
3024,78
3025,78
3026,78
3027,78
3028,78
3029,78
3030,78
3031,78
3032,78
3033,78
3034,78
3035,78
3036,78
3037,78
3038,78
3039,78
3040,78
3041,78
3042,78
3043,78
3044,78
3045,78
3046,78
3047,78
3048,78
3049,78
3050,78
3051,78
3052,78
3053,78
3054,78
3055,78
3056,78
3057,78
3058,78
3059,78
3060,78
3061,78
3062,78
3063,78
3064,78
3065,78
3066,78
3067,78
3068,78
3069,78
3070,78
3071,78
3072,78
3073,78
3074,78
3075,78
3076,78
3077,78
3078,78
3079,78
3080,78
3081,78
3082,78
3083,78
3084,78
3085,78
3086,78
3087,78
3088,78
3089,78
3090,78
3091,78
3092,78
3093,78
3094,78
3095,78
3096,78
3097,78
3098,78
3099,78
3100,78
3101,78
3102,78
3103,78
3104,78
3105,78
3106,78
3107,78
3108,78
3109,78
3110,78
3111,78
3112,78
3113,78
3114,78
3115,78
3116,78
3117,78
3118,78
3119,78
3120,78
3121,78
3122,78
3123,78
3124,78
3125,78
3126,78
3127,78
3128,78
3129,78
3130,78
3131,78
3132,78
3133,78
3134,78
3135,78
3136,78
3137,78
3138,78
3139,78
3140,78
3141,78
3142,78
3143,78
3144,78
3145,78
3146,78
3147,78
3148,78
3149,78
3150,78
3151,78
3152,78
3153,78
3154,78
3155,78
3156,78
3157,78
3158,78
3159,78
3160,78
3161,78
3162,78
3163,78
3164,78
3165,78
3166,78
3167,78
3168,78
3169,78
3170,78
3171,78
3172,78
3173,78
3174,78
3175,78
3176,78
3177,78
3178,78
3179,78
3180,78
3181,78
3182,78
3183,78
3184,78
3185,78
3186,78
3187,78
3188,78
3189,78
3190,78
3191,78
3192,78
3193,78
3194,78
3195,78
3196,78
3197,78
3198,78
3199,78
3200,78
3201,78
3202,78
3203,78
3204,78
3205,78
3206,78
3207,78
3208,78
3209,78
3210,78
3211,78
3212,78
3213,78
3214,78
3215,78
3216,78
3217,78
3218,78
3219,78
3220,78
3221,78
3222,78
3223,78
3224,78
3225,78
3226,78
3227,78
3228,78
3229,78
3230,78
3231,78
3232,78
3233,78
3234,78
3235,78
3236,78
3237,78
3238,78
3239,78
3240,78
3241,78
3242,78
3243,78
3244,78
3245,78
3246,78
3247,78
3248,78
3249,78
3250,78
3251,78
3252,78
3253,78
3254,78
3255,78
3256,78
3257,78
3258,78
3259,78
3260,78
3261,78
3262,78
3263,78
3264,78
3265,78
3266,78
3267,78
3268,78
3269,78
3270,78
3271,78
3272,78
3273,78
3274,78
3275,78
3276,78
3277,78
3278,78
3279,78
3280,78
3281,78
3282,78
3283,78
3284,78
3285,78
3286,78
3287,78
3288,78
3289,78
3290,78
3291,78
3292,78
3293,78
3294,78
3295,78
3296,78
3297,78
3298,78
3299,78
3300,78
3301,78
3302,78
3303,78
3304,78
3305,78
3306,78
3307,78
3308,78
3309,78
3310,78
3311,78
3312,78
3313,78
3314,78
3315,78
3316,78
3317,78
3318,78
3319,78
3320,78
3321,78
3322,78
3323,78
3324,78
3325,78
3326,78
3327,78
3328,78
3329,78
3330,78
3331,78
3332,78
3333,78
3334,78
3335,78
3336,78
3337,78
3338,78
3339,78
3340,78
3341,78
3342,78
3343,78
3344,78
3345,78
3346,78
3347,78
3348,78
3349,78
3350,78
3351,78
3352,78
3353,78
3354,78
3355,78
3356,78
3357,78
3358,78
3359,78
3360,78
3361,78
3362,78
3363,78
3364,78
3365,78
3366,78
3367,78
3368,78
3369,78
3370,78
3371,78
3372,78
3373,78
3374,78
3375,78
3376,78
3377,78
3378,78
3379,78
3380,78
3381,78
3382,78
3383,78
3384,78
3385,78
3386,78
3387,78
3388,78
3389,78
3390,78
3391,78
3392,78
3393,78
3394,78
3395,78
3396,78
3397,78
3398,78
3399,78
3400,78
3401,78
3402,78
3403,78
3404,78
3405,78
3406,78
3407,78
3408,78
3409,78
3410,78
3411,78
3412,78
3413,78
3414,78
3415,78
3416,78
3417,78
3418,78
3419,78
3420,78
3421,78
3422,78
3423,78
3424,78
3425,78
3426,78
3427,78
3428,78
3429,78
3430,78
3431,78
3432,78
3433,78
3434,78
3435,78
3436,78
3437,78
3438,78
3439,78
3440,78
3441,78
3442,78
3443,78
3444,78
3445,78
3446,78
3447,78
3448,78
3449,78
3450,78
3451,78
3452,78
3453,78
3454,78
3455,78
3456,78
3457,78
3458,78
3459,78
3460,78
3461,78
3462,78
3463,78
3464,78
3465,78
3466,78
3467,78
3468,78
3469,78
3470,78
3471,78
3472,78
3473,78
3474,78
3475,78
3476,78
3477,78
3478,78
3479,78
3480,78
3481,78
3482,78
3483,78
3484,78
3485,78
3486,78
3487,78
3488,78
3489,78
3490,78
3491,78
3492,78
3493,78
3494,78
3495,78
3496,78
3497,78
3498,78
3499,78
3500,78
3501,78
3502,78
3503,78
3504,78
3505,78
3506,78
3507,78
3508,78
3509,78
3510,78
3511,78
3512,78
3513,78
3514,78
3515,78
3516,78
3517,78
3518,78
3519,78
3520,78
3521,78
3522,78
3523,78
3524,78
3525,78
3526,78
3527,78
3528,78
3529,78
3530,78
3531,78
3532,78
3533,78
3534,78
3535,78
3536,78
3537,78
3538,78
3539,78
3540,78
3541,78
3542,78
3543,78
3544,78
3545,78
3546,78
3547,78
3548,78
3549,78
3550,78
3551,78
3552,78
3553,78
3554,78
3555,78
3556,78
3557,78
3558,78
3559,78
3560,78
3561,78
3562,78
3563,78
3564,78
3565,78
3566,78
3567,78
3568,78
3569,78
3570,78
3571,78
3572,78
3573,78
3574,78
3575,78
3576,78
3577,78
3578,78
3579,78
3580,78
3581,78
3582,78
3583,78
3584,78
3585,78
3586,78
3587,78
3588,78
3589,78
3590,78
3591,78
3592,78
3593,78
3594,78
3595,78
3596,78
3597,78
3598,78
3599,78
3600,78
3601,78
3602,78
3603,78
3604,78
3605,78
3606,78
3607,78
3608,78
3609,78
3610,78
3611,78
3612,78
3613,78
3614,78
3615,78
3616,78
3617,78
3618,78
3619,78
3620,78
3621,78
3622,78
3623,78
3624,78
3625,78
3626,78
3627,78
3628,78
3629,78
3630,78
3631,78
3632,78
3633,78
3634,78
3635,78
3636,78
3637,78
3638,78
3639,78
3640,78
3641,78
3642,78
3643,78
3644,78
3645,78
3646,78
3647,78
3648,78
3649,78
3650,78
3651,78
3652,78
3653,78
3654,78
3655,78
3656,78
3657,78
3658,78
3659,78
3660,78
3661,78
3662,78
3663,78
3664,78
3665,78
3666,78
3667,78
3668,78
3669,78
3670,78
3671,78
3672,78
3673,78
3674,78
3675,78
3676,78
3677,78
3678,78
3679,78
3680,78
3681,78
3682,78
3683,78
3684,78
3685,78
3686,78
3687,78
3688,78
3689,78
3690,78
3691,78
3692,78
3693,78
3694,78
3695,78
3696,78
3697,78
3698,78
3699,78
3700,78
3701,78
3702,78
3703,78
3704,78
3705,78
3706,78
3707,78
3708,78
3709,78
3710,78
3711,78
3712,78
3713,78
3714,78
3715,78
3716,78
3717,78
3718,78
3719,78
3720,78
3721,78
3722,78
3723,78
3724,78
3725,78
3726,78
3727,78
3728,78
3729,78
3730,78
3731,78
3732,78
3733,78
3734,78
3735,78
3736,78
3737,78
3738,78
3739,78
3740,78
3741,78
3742,78
3743,78
3744,78
3745,78
3746,78
3747,78
3748,78
3749,78
3750,78
3751,78
3752,78
3753,78
3754,78
3755,78
3756,78
3757,78
3758,78
3759,78
3760,78
3761,78
3762,78
3763,78
3764,78
3765,78
3766,78
3767,78
3768,78
3769,78
3770,78
3771,78
3772,78
3773,78
3774,78
3775,78
3776,78
3777,78
3778,78
3779,78
3780,78
3781,78
3782,78
3783,78
3784,78
3785,78
3786,78
3787,78
3788,78
3789,78
3790,78
3791,78
3792,78
3793,78
3794,78
3795,78
3796,78
3797,78
3798,78
3799,78
3800,78
3801,78
3802,78
3803,78
3804,78
3805,78
3806,78
3807,78
3808,78
3809,78
3810,78
3811,78
3812,78
3813,78
3814,78
3815,78
3816,78
3817,78
3818,78
3819,78
3820,78
3821,78
3822,78
3823,78
3824,78
3825,78
3826,78
3827,78
3828,78
3829,78
3830,78
3831,78
3832,78
3833,78
3834,78
3835,78
3836,78
3837,78
3838,78
3839,78
3840,78
3841,78
3842,78
3843,78
3844,78
3845,78
3846,78
3847,78
3848,78
3849,78
3850,78
3851,78
3852,78
3853,78
3854,78
3855,78
3856,78
3857,78
3858,78
3859,78
3860,78
3861,78
3862,78
3863,78
3864,78
3865,78
3866,78
3867,78
3868,78
3869,78
3870,78
3871,78
3872,78
3873,78
3874,78
3875,78
3876,78
3877,78
3878,78
3879,78
3880,78
3881,78
3882,78
3883,78
3884,78
3885,78
3886,78
3887,78
3888,78
3889,78
3890,78
3891,78
3892,78
3893,78
3894,78
3895,78
3896,78
3897,78
3898,78
3899,78
3900,78
3901,78
3902,78
3903,78
3904,78
3905,78
3906,78
3907,78
3908,78
3909,78
3910,78
3911,78
3912,78
3913,78
3914,78
3915,78
3916,78
3917,78
3918,78
3919,78
3920,78
3921,78
3922,78
3923,78
3924,78
3925,78
3926,78
3927,78
3928,78
3929,78
3930,78
3931,78
3932,78
3933,78
3934,78
3935,78
3936,78
3937,78
3938,78
3939,78
3940,78
3941,78
3942,78
3943,78
3944,78
3945,78
3946,78
3947,78
3948,78
3949,78
3950,78
3951,78
3952,78
3953,78
3954,78
3955,78
3956,78
3957,78
3958,78
3959,78
3960,78
3961,78
3962,78
3963,78
3964,78
3965,78
3966,78
3967,78
3968,78
3969,78
3970,78
3971,78
3972,78
3973,78
3974,78
3975,78
3976,78
3977,78
3978,78
3979,78
3980,78
3981,78
3982,78
3983,78
3984,78
3985,78
3986,78
3987,78
3988,78
3989,78
3990,78
3991,78
3992,78
3993,78
3994,78
3995,78
3996,78
3997,78
3998,78
3999,78
4000,78
4001,78
4002,78
4003,78
4004,78
4005,78
4006,78
4007,78
4008,78
4009,78
4010,78
4011,78
4012,78
4013,78
4014,78
4015,78
4016,78
4017,78
4018,78
4019,78
4020,78
4021,78
4022,78
4023,78
4024,78
4025,78
4026,78
4027,78
4028,78
4029,78
4030,78
4031,78
4032,78
4033,78
4034,78
4035,78
4036,78
4037,78
4038,78
4039,78
4040,78
4041,78
4042,78
4043,78
4044,78
4045,78
4046,78
4047,78
4048,78
4049,78
4050,78
4051,78
4052,78
4053,78
4054,78
4055,78
4056,78
4057,78
4058,78
4059,78
4060,78
4061,78
4062,78
4063,78
4064,78
4065,78
4066,78
4067,78
4068,78
4069,78
4070,78
4071,78
4072,78
4073,78
4074,78
4075,78
4076,78
4077,78
4078,78
4079,78
4080,78
4081,78
4082,78
4083,78
4084,78
4085,78
4086,78
4087,78
4088,78
4089,78
4090,78
4091,78
4092,78
4093,78
4094,78
4095,78
4096,78
4097,78
4098,78
4099,78
4100,78
4101,78
4102,78
4103,78
4104,78
4105,78
4106,78
4107,78
4108,78
4109,78
4110,78
4111,78
4112,78
4113,78
4114,78
4115,78
4116,78
4117,78
4118,78
4119,78
4120,78
4121,78
4122,78
4123,78
4124,78
4125,78
4126,78
4127,78
4128,78
4129,78
4130,78
4131,78
4132,78
4133,78
4134,78
4135,78
4136,78
4137,78
4138,78
4139,78
4140,78
4141,78
4142,78
4143,78
4144,78
4145,78
4146,78
4147,78
4148,78
4149,78
4150,78
4151,78
4152,78
4153,78
4154,78
4155,78
4156,78
4157,78
4158,78
4159,78
4160,78
4161,78
4162,78
4163,78
4164,78
4165,78
4166,78
4167,78
4168,78
4169,78
4170,78
4171,78
4172,78
4173,78
4174,78
4175,78
4176,78
4177,78
4178,78
4179,78
4180,78
4181,78
4182,78
4183,78
4184,78
4185,78
4186,78
4187,78
4188,78
4189,78
4190,78
4191,78
4192,78
4193,78
4194,78
4195,78
4196,78
4197,78
4198,78
4199,78
4200,78
4201,78
4202,78
4203,78
4204,78
4205,78
4206,78
4207,78
4208,78
4209,78
4210,78
4211,78
4212,78
4213,78
4214,78
4215,78
4216,78
4217,78
4218,78
4219,78
4220,78
4221,78
4222,78
4223,78
4224,78
4225,78
4226,78
4227,78
4228,78
4229,78
4230,78
4231,78
4232,78
4233,78
4234,78
4235,78
4236,78
4237,78
4238,78
4239,78
4240,78
4241,78
4242,78
4243,78
4244,78
4245,78
4246,78
4247,78
4248,78
4249,78
4250,78
4251,78
4252,78
4253,78
4254,78
4255,78
4256,78
4257,78
4258,78
4259,78
4260,78
4261,78
4262,78
4263,78
4264,78
4265,78
4266,78
4267,78
4268,78
4269,78
4270,78
4271,78
4272,78
4273,78
4274,78
4275,78
4276,78
4277,78
4278,78
4279,78
4280,78
4281,78
4282,78
4283,78
4284,78
4285,78
4286,78
4287,78
4288,78
4289,78
4290,78
4291,78
4292,78
4293,78
4294,78
4295,78
4296,78
4297,78
4298,78
4299,78
4300,78
4301,78
4302,78
4303,78
4304,78
4305,78
4306,78
4307,78
4308,78
4309,78
4310,78
4311,78
4312,78
4313,78
4314,78
4315,78
4316,78
4317,78
4318,78
4319,78
4320,78
4321,78
4322,78
4323,78
4324,78
4325,78
4326,78
4327,78
4328,78
4329,78
4330,78
4331,78
4332,78
4333,78
4334,78
4335,78
4336,78
4337,78
4338,78
4339,78
4340,78
4341,78
4342,78
4343,78
4344,78
4345,78
4346,78
4347,78
4348,78
4349,78
4350,78
4351,78
4352,78
4353,78
4354,78
4355,78
4356,78
4357,78
4358,78
4359,78
4360,78
4361,78
4362,78
4363,78
4364,78
4365,78
4366,78
4367,78
4368,78
4369,78
4370,78
4371,78
4372,78
4373,78
4374,78
4375,78
4376,78
4377,78
4378,78
4379,78
4380,78
4381,78
4382,78
4383,78
4384,78
4385,78
4386,78
4387,78
4388,78
4389,78
4390,78
4391,78
4392,78
4393,78
4394,78
4395,78
4396,78
4397,78
4398,78
4399,78
4400,78
4401,78
4402,78
4403,78
4404,78
4405,78
4406,78
4407,78
4408,78
4409,78
4410,78
4411,78
4412,78
4413,78
4414,78
4415,78
4416,78
4417,78
4418,78
4419,78
4420,78
4421,78
4422,78
4423,78
4424,78
4425,78
4426,78
4427,78
4428,78
4429,78
4430,78
4431,78
4432,78
4433,78
4434,78
4435,78
4436,78
4437,78
4438,78
4439,78
4440,78
4441,78
4442,78
4443,78
4444,78
4445,78
4446,78
4447,78
4448,78
4449,78
4450,78
4451,78
4452,78
4453,78
4454,78
4455,78
4456,78
4457,78
4458,78
4459,78
4460,78
4461,78
4462,78
4463,78
4464,78
4465,78
4466,78
4467,78
4468,78
4469,78
4470,78
4471,78
4472,78
4473,78
4474,78
4475,78
4476,78
4477,78
4478,78
4479,78
4480,78
4481,78
4482,78
4483,78
4484,78
4485,78
4486,78
4487,78
4488,78
4489,78
4490,78
4491,78
4492,78
4493,78
4494,78
4495,78
4496,78
4497,78
4498,78
4499,78
4500,78
4501,78
4502,78
4503,78
4504,78
4505,78
4506,78
4507,78
4508,78
4509,78
4510,78
4511,78
4512,78
4513,78
4514,78
4515,78
4516,78
4517,78
4518,78
4519,78
4520,78
4521,78
4522,78
4523,78
4524,78
4525,78
4526,78
4527,78
4528,78
4529,78
4530,78
4531,78
4532,78
4533,78
4534,78
4535,78
4536,78
4537,78
4538,78
4539,78
4540,78
4541,78
4542,78
4543,78
4544,78
4545,78
4546,78
4547,78
4548,78
4549,78
4550,78
4551,78
4552,78
4553,78
4554,78
4555,78
4556,78
4557,78
4558,78
4559,78
4560,78
4561,78
4562,78
4563,78
4564,78
4565,78
4566,78
4567,78
4568,78
4569,78
4570,78
4571,78
4572,78
4573,78
4574,78
4575,78
4576,78
4577,78
4578,78
4579,78
4580,78
4581,78
4582,78
4583,78
4584,78
4585,78
4586,78
4587,78
4588,78
4589,78
4590,78
4591,78
4592,78
4593,78
4594,78
4595,78
4596,78
4597,78
4598,78
4599,78
4600,78
4601,78
4602,78
4603,78
4604,78
4605,78
4606,78
4607,78
4608,78
4609,78
4610,78
4611,78
4612,78
4613,78
4614,78
4615,78
4616,78
4617,78
4618,78
4619,78
4620,78
4621,78
4622,78
4623,78
4624,78
4625,78
4626,78
4627,78
4628,78
4629,78
4630,78
4631,78
4632,78
4633,78
4634,78
4635,78
4636,78
4637,78
4638,78
4639,78
4640,78
4641,78
4642,78
4643,78
4644,78
4645,78
4646,78
4647,78
4648,78
4649,78
4650,78
4651,78
4652,78
4653,78
4654,78
4655,78
4656,78
4657,78
4658,78
4659,78
4660,78
4661,78
4662,78
4663,78
4664,78
4665,78
4666,78
4667,78
4668,78
4669,78
4670,78
4671,78
4672,78
4673,78
4674,78
4675,78
4676,78
4677,78
4678,78
4679,78
4680,78
4681,78
4682,78
4683,78
4684,78
4685,78
4686,78
4687,78
4688,78
4689,78
4690,78
4691,78
4692,78
4693,78
4694,78
4695,78
4696,78
4697,78
4698,78
4699,78
4700,78
4701,78
4702,78
4703,78
4704,78
4705,78
4706,78
4707,78
4708,78
4709,78
4710,78
4711,78
4712,78
4713,78
4714,78
4715,78
4716,78
4717,78
4718,78
4719,78
4720,78
4721,78
4722,78
4723,78
4724,78
4725,78
4726,78
4727,78
4728,78
4729,78
4730,78
4731,78
4732,78
4733,78
4734,78
4735,78
4736,78
4737,78
4738,78
4739,78
4740,78
4741,78
4742,78
4743,78
4744,78
4745,78
4746,78
4747,78
4748,78
4749,78
4750,78
4751,78
4752,78
4753,78
4754,78
4755,78
4756,78
4757,78
4758,78
4759,78
4760,78
4761,78
4762,78
4763,78
4764,78
4765,78
4766,78
4767,78
4768,78
4769,78
4770,78
4771,78
4772,78
4773,78
4774,78
4775,78
4776,78
4777,78
4778,78
4779,78
4780,78
4781,78
4782,78
4783,78
4784,78
4785,78
4786,78
4787,78
4788,78
4789,78
4790,78
4791,78
4792,78
4793,78
4794,78
4795,78
4796,78
4797,78
4798,78
4799,78
4800,78
4801,78
4802,78
4803,78
4804,78
4805,78
4806,78
4807,78
4808,78
4809,78
4810,78
4811,78
4812,78
4813,78
4814,78
4815,78
4816,78
4817,78
4818,78
4819,78
4820,78
4821,78
4822,78
4823,78
4824,78
4825,78
4826,78
4827,78
4828,78
4829,78
4830,78
4831,78
4832,78
4833,78
4834,78
4835,78
4836,78
4837,78
4838,78
4839,78
4840,78
4841,78
4842,78
4843,78
4844,78
4845,78
4846,78
4847,78
4848,78
4849,78
4850,78
4851,78
4852,78
4853,78
4854,78
4855,78
4856,78
4857,78
4858,78
4859,78
4860,78
4861,78
4862,78
4863,78
4864,78
4865,78
4866,78
4867,78
4868,78
4869,78
4870,78
4871,78
4872,78
4873,78
4874,78
4875,78
4876,78
4877,78
4878,78
4879,78
4880,78
4881,78
4882,78
4883,78
4884,78
4885,78
4886,78
4887,78
4888,78
4889,78
4890,78
4891,78
4892,78
4893,78
4894,78
4895,78
4896,78
4897,78
4898,78
4899,78
4900,78
4901,78
4902,78
4903,78
4904,78
4905,78
4906,78
4907,78
4908,78
4909,78
4910,78
4911,78
4912,78
4913,78
4914,78
4915,78
4916,78
4917,78
4918,78
4919,78
4920,78
4921,78
4922,78
4923,78
4924,78
4925,78
4926,78
4927,78
4928,78
4929,78
4930,78
4931,78
4932,78
4933,78
4934,78
4935,78
4936,78
4937,78
4938,78
4939,78
4940,78
4941,78
4942,78
4943,78
4944,78
4945,78
4946,78
4947,78
4948,78
4949,78
4950,78
4951,78
4952,78
4953,78
4954,78
4955,78
4956,78
4957,78
4958,78
4959,78
4960,78
4961,78
4962,78
4963,78
4964,78
4965,78
4966,78
4967,78
4968,78
4969,78
4970,78
4971,78
4972,78
4973,78
4974,78
4975,78
4976,78
4977,78
4978,78
4979,78
4980,78
4981,78
4982,78
4983,78
4984,78
4985,78
4986,78
4987,78
4988,78
4989,78
4990,78
4991,78
4992,78
4993,78
4994,78
4995,78
4996,78
4997,78
4998,78
4999,78
5000,78
5001,78
5002,78
5003,78
5004,78
5005,78
5006,78
5007,78
5008,78
5009,78
5010,78
5011,78
5012,78
5013,78
5014,78
5015,78
5016,78
5017,78
5018,78
5019,78
5020,78
5021,78
5022,78
5023,78
5024,78
5025,78
5026,78
5027,78
5028,78
5029,78
5030,78
5031,78
5032,78
5033,78
5034,78
5035,78
5036,78
5037,78
5038,78
5039,78
5040,78
5041,78
5042,78
5043,78
5044,78
5045,78
5046,78
5047,78
5048,78
5049,78
5050,78
5051,78
5052,78
5053,78
5054,78
5055,78
5056,78
5057,78
5058,78
5059,78
5060,78
5061,78
5062,78
5063,78
5064,78
5065,78
5066,78
5067,78
5068,78
5069,78
5070,78
5071,78
5072,78
5073,78
5074,78
5075,78
5076,78
5077,78
5078,78
5079,78
5080,78
5081,78
5082,78
5083,78
5084,78
5085,78
5086,78
5087,78
5088,78
5089,78
5090,78
5091,78
5092,78
5093,78
5094,78
5095,78
5096,78
5097,78
5098,78
5099,78
5100,78
5101,78
5102,78
5103,78
5104,78
5105,78
5106,78
5107,78
5108,78
5109,78
5110,78
5111,78
5112,78
5113,78
5114,78
5115,78
5116,78
5117,78
5118,78
5119,78
5120,78
5121,78
5122,78
5123,78
5124,78
5125,78
5126,78
5127,78
5128,78
5129,78
5130,78
5131,78
5132,78
5133,78
5134,78
5135,78
5136,78
5137,78
5138,78
5139,78
5140,78
5141,78
5142,78
5143,78
5144,78
5145,78
5146,78
5147,78
5148,78
5149,78
5150,78
5151,78
5152,78
5153,78
5154,78
5155,78
5156,78
5157,78
5158,78
5159,78
5160,78
5161,78
5162,78
5163,78
5164,78
5165,78
5166,78
5167,78
5168,78
5169,78
5170,78
5171,78
5172,78
5173,78
5174,78
5175,78
5176,78
5177,78
5178,78
5179,78
5180,78
5181,78
5182,78
5183,78
5184,78
5185,78
5186,78
5187,78
5188,78
5189,78
5190,78
5191,78
5192,78
5193,78
5194,78
5195,78
5196,78
5197,78
5198,78
5199,78
5200,78
5201,78
5202,78
5203,78
5204,78
5205,78
5206,78
5207,78
5208,78
5209,78
5210,78
5211,78
5212,78
5213,78
5214,78
5215,78
5216,78
5217,78
5218,78
5219,78
5220,78
5221,78
5222,78
5223,78
5224,78
5225,78
5226,78
5227,78
5228,78
5229,78
5230,78
5231,78
5232,78
5233,78
5234,78
5235,78
5236,78
5237,78
5238,78
5239,78
5240,78
5241,78
5242,78
5243,78
5244,78
5245,78
5246,78
5247,78
5248,78
5249,78
5250,78
5251,78
5252,78
5253,78
5254,78
5255,78
5256,78
5257,78
5258,78
5259,78
5260,78
5261,78
5262,78
5263,78
5264,78
5265,78
5266,78
5267,78
5268,78
5269,78
5270,78
5271,78
5272,78
5273,78
5274,78
5275,78
5276,78
5277,78
5278,78
5279,78
5280,78
5281,78
5282,78
5283,78
5284,78
5285,78
5286,78
5287,78
5288,78
5289,78
5290,78
5291,78
5292,78
5293,78
5294,78
5295,78
5296,78
5297,78
5298,78
5299,78
5300,78
5301,78
5302,78
5303,78
5304,78
5305,78
5306,78
5307,78
5308,78
5309,78
5310,78
5311,78
5312,78
5313,78
5314,78
5315,78
5316,78
5317,78
5318,78
5319,78
5320,78
5321,78
5322,78
5323,78
5324,78
5325,78
5326,78
5327,78
5328,78
5329,78
5330,78
5331,78
5332,78
5333,78
5334,78
5335,78
5336,78
5337,78
5338,78
5339,78
5340,78
5341,78
5342,78
5343,78
5344,78
5345,78
5346,78
5347,78
5348,78
5349,78
5350,78
5351,78
5352,78
5353,78
5354,78
5355,78
5356,78
5357,78
5358,78
5359,78
5360,78
5361,78
5362,78
5363,78
5364,78
5365,78
5366,78
5367,78
5368,78
5369,78
5370,78
5371,78
5372,78
5373,78
5374,78
5375,78
5376,78
5377,78
5378,78
5379,78
5380,78
5381,78
5382,78
5383,78
5384,78
5385,78
5386,78
5387,78
5388,78
5389,78
5390,78
5391,78
5392,78
5393,78
5394,78
5395,78
5396,78
5397,78
5398,78
5399,78
5400,78
5401,78
5402,78
5403,78
5404,78
5405,78
5406,78
5407,78
5408,78
5409,78
5410,78
5411,78
5412,78
5413,78
5414,78
5415,78
5416,78
5417,78
5418,78
5419,78
5420,78
5421,78
5422,78
5423,78
5424,78
5425,78
5426,78
5427,78
5428,78
5429,78
5430,78
5431,78
5432,78
5433,78
5434,78
5435,78
5436,78
5437,78
5438,78
5439,78
5440,78
5441,78
5442,78
5443,78
5444,78
5445,78
5446,78
5447,78
5448,78
5449,78
5450,78
5451,78
5452,78
5453,78
5454,78
5455,78
5456,78
5457,78
5458,78
5459,78
5460,78
5461,78
5462,78
5463,78
5464,78
5465,78
5466,78
5467,78
5468,78
5469,78
5470,78
5471,78
5472,78
5473,78
5474,78
5475,78
5476,78
5477,78
5478,78
5479,78
5480,78
5481,78
5482,78
5483,78
5484,78
5485,78
5486,78
5487,78
5488,78
5489,78
5490,78
5491,78
5492,78
5493,78
5494,78
5495,78
5496,78
5497,78
5498,78
5499,78
5500,78
5501,78
5502,78
5503,78
5504,78
5505,78
5506,78
5507,78
5508,78
5509,78
5510,78
5511,78
5512,78
5513,78
5514,78
5515,78
5516,78
5517,78
5518,78
5519,78
5520,78
5521,78
5522,78
5523,78
5524,78
5525,78
5526,78
5527,78
5528,78
5529,78
5530,78
5531,78
5532,78
5533,78
5534,78
5535,78
5536,78
5537,78
5538,78
5539,78
5540,78
5541,78
5542,78
5543,78
5544,78
5545,78
5546,78
5547,78
5548,78
5549,78
5550,78
5551,78
5552,78
5553,78
5554,78
5555,78
5556,78
5557,78
5558,78
5559,78
5560,78
5561,78
5562,78
5563,78
5564,78
5565,78
5566,78
5567,78
5568,78
5569,78
5570,78
5571,78
5572,78
5573,78
5574,78
5575,78
5576,78
5577,78
5578,78
5579,78
5580,78
5581,78
5582,78
5583,78
5584,78
5585,78
5586,78
5587,78
5588,78
5589,78
5590,78
5591,78
5592,78
5593,78
5594,78
5595,78
5596,78
5597,78
5598,78
5599,78
5600,78
5601,78
5602,78
5603,78
5604,78
5605,78
5606,78
5607,78
5608,78
5609,78
5610,78
5611,78
5612,78
5613,78
5614,78
5615,78
5616,78
5617,78
5618,78
5619,78
5620,78
5621,78
5622,78
5623,78
5624,78
5625,78
5626,78
5627,78
5628,78
5629,78
5630,78
5631,78
5632,78
5633,78
5634,78
5635,78
5636,78
5637,78
5638,78
5639,78
5640,78
5641,78
5642,78
5643,78
5644,78
5645,78
5646,78
5647,78
5648,78
5649,78
5650,78
5651,78
5652,78
5653,78
5654,78
5655,78
5656,78
5657,78
5658,78
5659,78
5660,78
5661,78
5662,78
5663,78
5664,78
5665,78
5666,78
5667,78
5668,78
5669,78
5670,78
5671,78
5672,78
5673,78
5674,78
5675,78
5676,78
5677,78
5678,78
5679,78
5680,78
5681,78
5682,78
5683,78
5684,78
5685,78
5686,78
5687,78
5688,78
5689,78
5690,78
5691,78
5692,78
5693,78
5694,78
5695,78
5696,78
5697,78
5698,78
5699,78
5700,78
5701,78
5702,78
5703,78
5704,78
5705,78
5706,78
5707,78
5708,78
5709,78
5710,78
5711,78
5712,78
5713,78
5714,78
5715,78
5716,78
5717,78
5718,78
5719,78
5720,78
5721,78
5722,78
5723,78
5724,78
5725,78
5726,78
5727,78
5728,78
5729,78
5730,78
5731,78
5732,78
5733,78
5734,78
5735,78
5736,78
5737,78
5738,78
5739,78
5740,78
5741,78
5742,78
5743,78
5744,78
5745,78
5746,78
5747,78
5748,78
5749,78
5750,78
5751,78
5752,78
5753,78
5754,78
5755,78
5756,78
5757,78
5758,78
5759,78
5760,78
5761,78
5762,78
5763,78
5764,78
5765,78
5766,78
5767,78
5768,78
5769,78
5770,78
5771,78
5772,78
5773,78
5774,78
5775,78
5776,78
5777,78
5778,78
5779,78
5780,78
5781,78
5782,78
5783,78
5784,78
5785,78
5786,78
5787,78
5788,78
5789,78
5790,78
5791,78
5792,78
5793,78
5794,78
5795,78
5796,78
5797,78
5798,78
5799,78
5800,78
5801,78
5802,78
5803,78
5804,78
5805,78
5806,78
5807,78
5808,78
5809,78
5810,78
5811,78
5812,78
5813,78
5814,78
5815,78
5816,78
5817,78
5818,78
5819,78
5820,78
5821,78
5822,78
5823,78
5824,78
5825,78
5826,78
5827,78
5828,78
5829,78
5830,78
5831,78
5832,78
5833,78
5834,78
5835,78
5836,78
5837,78
5838,78
5839,78
5840,78
5841,78
5842,78
5843,78
5844,78
5845,78
5846,78
5847,78
5848,78
5849,78
5850,78
5851,78
5852,78
5853,78
5854,78
5855,78
5856,78
5857,78
5858,78
5859,78
5860,78
5861,78
5862,78
5863,78
5864,78
5865,78
5866,78
5867,78
5868,78
5869,78
5870,78
5871,78
5872,78
5873,78
5874,78
5875,78
5876,78
5877,78
5878,78
5879,78
5880,78
5881,78
5882,78
5883,78
5884,78
5885,78
5886,78
5887,78
5888,78
5889,78
5890,78
5891,78
5892,78
5893,78
5894,78
5895,78
5896,78
5897,78
5898,78
5899,78
5900,78
5901,78
5902,78
5903,78
5904,78
5905,78
5906,78
5907,78
5908,78
5909,78
5910,78
5911,78
5912,78
5913,78
5914,78
5915,78
5916,78
5917,78
5918,78
5919,78
5920,78
5921,78
5922,78
5923,78
5924,78
5925,78
5926,78
5927,78
5928,78
5929,78
5930,78
5931,78
5932,78
5933,78
5934,78
5935,78
5936,78
5937,78
5938,78
5939,78
5940,78
5941,78
5942,78
5943,78
5944,78
5945,78
5946,78
5947,78
5948,78
5949,78
5950,78
5951,78
5952,78
5953,78
5954,78
5955,78
5956,78
5957,78
5958,78
5959,78
5960,78
5961,78
5962,78
5963,78
5964,78
5965,78
5966,78
5967,78
5968,78
5969,78
5970,78
5971,78
5972,78
5973,78
5974,78
5975,78
5976,78
5977,78
5978,78
5979,78
5980,78
5981,78
5982,78
5983,78
5984,78
5985,78
5986,78
5987,78
5988,78
5989,78
5990,78
5991,78
5992,78
5993,78
5994,78
5995,78
5996,78
5997,78
5998,78
5999,78
6000,78
6001,78
6002,78
6003,78
6004,78
6005,78
6006,78
6007,78
6008,78
6009,78
6010,78
6011,78
6012,78
6013,78
6014,78
6015,78
6016,78
6017,78
6018,78
6019,78
6020,78
6021,78
6022,78
6023,78
6024,78
6025,78
6026,78
6027,78
6028,78
6029,78
6030,78
6031,78
6032,78
6033,78
6034,78
6035,78
6036,78
6037,78
6038,78
6039,78
6040,78
6041,78
6042,78
6043,78
6044,78
6045,78
6046,78
6047,78
6048,78
6049,78
6050,78
6051,78
6052,78
6053,78
6054,78
6055,78
6056,78
6057,78
6058,78
6059,78
6060,78
6061,78
6062,78
6063,78
6064,78
6065,78
6066,78
6067,78
6068,78
6069,78
6070,78
6071,78
6072,78
6073,78
6074,78
6075,78
6076,78
6077,78
6078,78
6079,78
6080,78
6081,78
6082,78
6083,78
6084,78
6085,78
6086,78
6087,78
6088,78
6089,78
6090,78
6091,78
6092,78
6093,78
6094,78
6095,78
6096,78
6097,78
6098,78
6099,78
6100,78
6101,78
6102,78
6103,78
6104,78
6105,78
6106,78
6107,78
6108,78
6109,78
6110,78
6111,78
6112,78
6113,78
6114,78
6115,78
6116,78
6117,78
6118,78
6119,78
6120,78
6121,78
6122,78
6123,78
6124,78
6125,78
6126,78
6127,78
6128,78
6129,78
6130,78
6131,78
6132,78
6133,78
6134,78
6135,78
6136,78
6137,78
6138,78
6139,78
6140,78
6141,78
6142,78
6143,78
6144,78
6145,78
6146,78
6147,78
6148,78
6149,78
6150,78
6151,78
6152,78
6153,78
6154,78
6155,78
6156,78
6157,78
6158,78
6159,78
6160,78
6161,78
6162,78
6163,78
6164,78
6165,78
6166,78
6167,78
6168,78
6169,78
6170,78
6171,78
6172,78
6173,78
6174,78
6175,78
6176,78
6177,78
6178,78
6179,78
6180,78
6181,78
6182,78
6183,78
6184,78
6185,78
6186,78
6187,78
6188,78
6189,78
6190,78
6191,78
6192,78
6193,78
6194,78
6195,78
6196,78
6197,78
6198,78
6199,78
6200,78
6201,78
6202,78
6203,78
6204,78
6205,78
6206,78
6207,78
6208,78
6209,78
6210,78
6211,78
6212,78
6213,78
6214,78
6215,78
6216,78
6217,78
6218,78
6219,78
6220,78
6221,78
6222,78
6223,78
6224,78
6225,78
6226,78
6227,78
6228,78
6229,78
6230,78
6231,78
6232,78
6233,78
6234,78
6235,78
6236,78
6237,78
6238,78
6239,78
6240,78
6241,78
6242,78
6243,78
6244,78
6245,78
6246,78
6247,78
6248,78
6249,78
6250,78
6251,78
6252,78
6253,78
6254,78
6255,78
6256,78
6257,78
6258,78
6259,78
6260,78
6261,78
6262,78
6263,78
6264,78
6265,78
6266,78
6267,78
6268,78
6269,78
6270,78
6271,78
6272,78
6273,78
6274,78
6275,78
6276,78
6277,78
6278,78
6279,78
6280,78
6281,78
6282,78
6283,78
6284,78
6285,78
6286,78
6287,78
6288,78
6289,78
6290,78
6291,78
6292,78
6293,78
6294,78
6295,78
6296,78
6297,78
6298,78
6299,78
6300,78
6301,78
6302,78
6303,78
6304,78
6305,78
6306,78
6307,78
6308,78
6309,78
6310,78
6311,78
6312,78
6313,78
6314,78
6315,78
6316,78
6317,78
6318,78
6319,78
6320,78
6321,78
6322,78
6323,78
6324,78
6325,78
6326,78
6327,78
6328,78
6329,78
6330,78
6331,78
6332,78
6333,78
6334,78
6335,78
6336,78
6337,78
6338,78
6339,78
6340,78
6341,78
6342,78
6343,78
6344,78
6345,78
6346,78
6347,78
6348,78
6349,78
6350,78
6351,78
6352,78
6353,78
6354,78
6355,78
6356,78
6357,78
6358,78
6359,78
6360,78
6361,78
6362,78
6363,78
6364,78
6365,78
6366,78
6367,78
6368,78
6369,78
6370,78
6371,78
6372,78
6373,78
6374,78
6375,78
6376,78
6377,78
6378,78
6379,78
6380,78
6381,78
6382,78
6383,78
6384,78
6385,78
6386,78
6387,78
6388,78
6389,78
6390,78
6391,78
6392,78
6393,78
6394,78
6395,78
6396,78
6397,78
6398,78
6399,78
6400,78
6401,78
6402,78
6403,78
6404,78
6405,78
6406,78
6407,78
6408,78
6409,78
6410,78
6411,78
6412,78
6413,78
6414,78
6415,78
6416,78
6417,78
6418,78
6419,78
6420,78
6421,78
6422,78
6423,78
6424,78
6425,78
6426,78
6427,78
6428,78
6429,78
6430,78
6431,78
6432,78
6433,78
6434,78
6435,78
6436,78
6437,78
6438,78
6439,78
6440,78
6441,78
6442,78
6443,78
6444,78
6445,78
6446,78
6447,78
6448,78
6449,78
6450,78
6451,78
6452,78
6453,78
6454,78
6455,78
6456,78
6457,78
6458,78
6459,78
6460,78
6461,78
6462,78
6463,78
6464,78
6465,78
6466,78
6467,78
6468,78
6469,78
6470,78
6471,78
6472,78
6473,78
6474,78
6475,78
6476,78
6477,78
6478,78
6479,78
6480,78
6481,78
6482,78
6483,78
6484,78
6485,78
6486,78
6487,78
6488,78
6489,78
6490,78
6491,78
6492,78
6493,78
6494,78
6495,78
6496,78
6497,78
6498,78
6499,78
6500,78
6501,78
6502,78
6503,78
6504,78
6505,78
6506,78
6507,78
6508,78
6509,78
6510,78
6511,78
6512,78
6513,78
6514,78
6515,78
6516,78
6517,78
6518,78
6519,78
6520,78
6521,78
6522,78
6523,78
6524,78
6525,78
6526,78
6527,78
6528,78
6529,78
6530,78
6531,78
6532,78
6533,78
6534,78
6535,78
6536,78
6537,78
6538,78
6539,78
6540,78
6541,78
6542,78
6543,78
6544,78
6545,78
6546,78
6547,78
6548,78
6549,78
6550,78
6551,78
6552,78
6553,78
6554,78
6555,78
6556,78
6557,78
6558,78
6559,78
6560,78
6561,78
6562,78
6563,78
6564,78
6565,78
6566,78
6567,78
6568,78
6569,78
6570,78
6571,78
6572,78
6573,78
6574,78
6575,78
6576,78
6577,78
6578,78
6579,78
6580,78
6581,78
6582,78
6583,78
6584,78
6585,78
6586,78
6587,78
6588,78
6589,78
6590,78
6591,78
6592,78
6593,78
6594,78
6595,78
6596,78
6597,78
6598,78
6599,78
6600,78
6601,78
6602,78
6603,78
6604,78
6605,78
6606,78
6607,78
6608,78
6609,78
6610,78
6611,78
6612,78
6613,78
6614,78
6615,78
6616,78
6617,78
6618,78
6619,78
6620,78
6621,78
6622,78
6623,78
6624,78
6625,78
6626,78
6627,78
6628,78
6629,78
6630,78
6631,78
6632,78
6633,78
6634,78
6635,78
6636,78
6637,78
6638,78
6639,78
6640,78
6641,78
6642,78
6643,78
6644,78
6645,78
6646,78
6647,78
6648,78
6649,78
6650,78
6651,78
6652,78
6653,78
6654,78
6655,78
6656,78
6657,78
6658,78
6659,78
6660,78
6661,78
6662,78
6663,78
6664,78
6665,78
6666,78
6667,78
6668,78
6669,78
6670,78
6671,78
6672,78
6673,78
6674,78
6675,78
6676,78
6677,78
6678,78
6679,78
6680,78
6681,78
6682,78
6683,78
6684,78
6685,78
6686,78
6687,78
6688,78
6689,78
6690,78
6691,78
6692,78
6693,78
6694,78
6695,78
6696,78
6697,78
6698,78
6699,78
6700,78
6701,78
6702,78
6703,78
6704,78
6705,78
6706,78
6707,78
6708,78
6709,78
6710,78
6711,78
6712,78
6713,78
6714,78
6715,78
6716,78
6717,78
6718,78
6719,78
6720,78
6721,78
6722,78
6723,78
6724,78
6725,78
6726,78
6727,78
6728,78
6729,78
6730,78
6731,78
6732,78
6733,78
6734,78
6735,78
6736,78
6737,78
6738,78
6739,78
6740,78
6741,78
6742,78
6743,78
6744,78
6745,78
6746,78
6747,78
6748,78
6749,78
6750,78
6751,78
6752,78
6753,78
6754,78
6755,78
6756,78
6757,78
6758,78
6759,78
6760,78
6761,78
6762,78
6763,78
6764,78
6765,78
6766,78
6767,78
6768,78
6769,78
6770,78
6771,78
6772,78
6773,78
6774,78
6775,78
6776,78
6777,78
6778,78
6779,78
6780,78
6781,78
6782,78
6783,78
6784,78
6785,78
6786,78
6787,78
6788,78
6789,78
6790,78
6791,78
6792,78
6793,78
6794,78
6795,78
6796,78
6797,78
6798,78
6799,78
6800,78
6801,78
6802,78
6803,78
6804,78
6805,78
6806,78
6807,78
6808,78
6809,78
6810,78
6811,78
6812,78
6813,78
6814,78
6815,78
6816,78
6817,78
6818,78
6819,78
6820,78
6821,78
6822,78
6823,78
6824,78
6825,78
6826,78
6827,78
6828,78
6829,78
6830,78
6831,78
6832,78
6833,78
6834,78
6835,78
6836,78
6837,78
6838,78
6839,78
6840,78
6841,78
6842,78
6843,78
6844,78
6845,78
6846,78
6847,78
6848,78
6849,78
6850,78
6851,78
6852,78
6853,78
6854,78
6855,78
6856,78
6857,78
6858,78
6859,78
6860,78
6861,78
6862,78
6863,78
6864,78
6865,78
6866,78
6867,78
6868,78
6869,78
6870,78
6871,78
6872,78
6873,78
6874,78
6875,78
6876,78
6877,78
6878,78
6879,78
6880,78
6881,78
6882,78
6883,78
6884,78
6885,78
6886,78
6887,78
6888,78
6889,78
6890,78
6891,78
6892,78
6893,78
6894,78
6895,78
6896,78
6897,78
6898,78
6899,78
6900,78
6901,78
6902,78
6903,78
6904,78
6905,78
6906,78
6907,78
6908,78
6909,78
6910,78
6911,78
6912,78
6913,78
6914,78
6915,78
6916,78
6917,78
6918,78
6919,78
6920,78
6921,78
6922,78
6923,78
6924,78
6925,78
6926,78
6927,78
6928,78
6929,78
6930,78
6931,78
6932,78
6933,78
6934,78
6935,78
6936,78
6937,78
6938,78
6939,78
6940,78
6941,78
6942,78
6943,78
6944,78
6945,78
6946,78
6947,78
6948,78
6949,78
6950,78
6951,78
6952,78
6953,78
6954,78
6955,78
6956,78
6957,78
6958,78
6959,78
6960,78
6961,78
6962,78
6963,78
6964,78
6965,78
6966,78
6967,78
6968,78
6969,78
6970,78
6971,78
6972,78
6973,78
6974,78
6975,78
6976,78
6977,78
6978,78
6979,78
6980,78
6981,78
6982,78
6983,78
6984,78
6985,78
6986,78
6987,78
6988,78
6989,78
6990,78
6991,78
6992,78
6993,78
6994,78
6995,78
6996,78
6997,78
6998,78
6999,78
7000,78
7001,78
7002,78
7003,78
7004,78
7005,78
7006,78
7007,78
7008,78
7009,78
7010,78
7011,78
7012,78
7013,78
7014,78
7015,78
7016,78
7017,78
7018,78
7019,78
7020,78
7021,78
7022,78
7023,78
7024,78
7025,78
7026,78
7027,78
7028,78
7029,78
7030,78
7031,78
7032,78
7033,78
7034,78
7035,78
7036,78
7037,78
7038,78
7039,78
7040,78
7041,78
7042,78
7043,78
7044,78
7045,78
7046,78
7047,78
7048,78
7049,78
7050,78
7051,78
7052,78
7053,78
7054,78
7055,78
7056,78
7057,78
7058,78
7059,78
7060,78
7061,78
7062,78
7063,78
7064,78
7065,78
7066,78
7067,78
7068,78
7069,78
7070,78
7071,78
7072,78
7073,78
7074,78
7075,78
7076,78
7077,78
7078,78
7079,78
7080,78
7081,78
7082,78
7083,78
7084,78
7085,78
7086,78
7087,78
7088,78
7089,78
7090,78
7091,78
7092,78
7093,78
7094,78
7095,78
7096,78
7097,78
7098,78
7099,78
7100,78
7101,78
7102,78
7103,78
7104,78
7105,78
7106,78
7107,78
7108,78
7109,78
7110,78
7111,78
7112,78
7113,78
7114,78
7115,78
7116,78
7117,78
7118,78
7119,78
7120,78
7121,78
7122,78
7123,78
7124,78
7125,78
7126,78
7127,78
7128,78
7129,78
7130,78
7131,78
7132,78
7133,78
7134,78
7135,78
7136,78
7137,78
7138,78
7139,78
7140,78
7141,78
7142,78
7143,78
7144,78
7145,78
7146,78
7147,78
7148,78
7149,78
7150,78
7151,78
7152,78
7153,78
7154,78
7155,78
7156,78
7157,78
7158,78
7159,78
7160,78
7161,78
7162,78
7163,78
7164,78
7165,78
7166,78
7167,78
7168,78
7169,78
7170,78
7171,78
7172,78
7173,78
7174,78
7175,78
7176,78
7177,78
7178,78
7179,78
7180,78
7181,78
7182,78
7183,78
7184,78
7185,78
7186,78
7187,78
7188,78
7189,78
7190,78
7191,78
7192,78
7193,78
7194,78
7195,78
7196,78
7197,78
7198,78
7199,78
7200,78
7201,78
7202,78
7203,78
7204,78
7205,78
7206,78
7207,78
7208,78
7209,78
7210,78
7211,78
7212,78
7213,78
7214,78
7215,78
7216,78
7217,78
7218,78
7219,78
7220,78
7221,78
7222,78
7223,78
7224,78
7225,78
7226,78
7227,78
7228,78
7229,78
7230,78
7231,78
7232,78
7233,78
7234,78
7235,78
7236,78
7237,78
7238,78
7239,78
7240,78
7241,78
7242,78
7243,78
7244,78
7245,78
7246,78
7247,78
7248,78
7249,78
7250,78
7251,78
7252,78
7253,78
7254,78
7255,78
7256,78
7257,78
7258,78
7259,78
7260,78
7261,78
7262,78
7263,78
7264,78
7265,78
7266,78
7267,78
7268,78
7269,78
7270,78
7271,78
7272,78
7273,78
7274,78
7275,78
7276,78
7277,78
7278,78
7279,78
7280,78
7281,78
7282,78
7283,78
7284,78
7285,78
7286,78
7287,78
7288,78
7289,78
7290,78
7291,78
7292,78
7293,78
7294,78
7295,78
7296,78
7297,78
7298,78
7299,78
7300,78
7301,78
7302,78
7303,78
7304,78
7305,78
7306,78
7307,78
7308,78
7309,78
7310,78
7311,78
7312,78
7313,78
7314,78
7315,78
7316,78
7317,78
7318,78
7319,78
7320,78
7321,78
7322,78
7323,78
7324,78
7325,78
7326,78
7327,78
7328,78
7329,78
7330,78
7331,78
7332,78
7333,78
7334,78
7335,78
7336,78
7337,78
7338,78
7339,78
7340,78
7341,78
7342,78
7343,78
7344,78
7345,78
7346,78
7347,78
7348,78
7349,78
7350,78
7351,78
7352,78
7353,78
7354,78
7355,78
7356,78
7357,78
7358,78
7359,78
7360,78
7361,78
7362,78
7363,78
7364,78
7365,78
7366,78
7367,78
7368,78
7369,78
7370,78
7371,78
7372,78
7373,78
7374,78
7375,78
7376,78
7377,78
7378,78
7379,78
7380,78
7381,78
7382,78
7383,78
7384,78
7385,78
7386,78
7387,78
7388,78
7389,78
7390,78
7391,78
7392,78
7393,78
7394,78
7395,78
7396,78
7397,78
7398,78
7399,78
7400,78
7401,78
7402,78
7403,78
7404,78
7405,78
7406,78
7407,78
7408,78
7409,78
7410,78
7411,78
7412,78
7413,78
7414,78
7415,78
7416,78
7417,78
7418,78
7419,78
7420,78
7421,78
7422,78
7423,78
7424,78
7425,78
7426,78
7427,78
7428,78
7429,78
7430,78
7431,78
7432,78
7433,78
7434,78
7435,78
7436,78
7437,78
7438,78
7439,78
7440,78
7441,78
7442,78
7443,78
7444,78
7445,78
7446,78
7447,78
7448,78
7449,78
7450,78
7451,78
7452,78
7453,78
7454,78
7455,78
7456,78
7457,78
7458,78
7459,78
7460,78
7461,78
7462,78
7463,78
7464,78
7465,78
7466,78
7467,78
7468,78
7469,78
7470,78
7471,78
7472,78
7473,78
7474,78
7475,78
7476,78
7477,78
7478,78
7479,78
7480,78
7481,78
7482,78
7483,78
7484,78
7485,78
7486,78
7487,78
7488,78
7489,78
7490,78
7491,78
7492,78
7493,78
7494,78
7495,78
7496,78
7497,78
7498,78
7499,78
7500,78
7501,78
7502,78
7503,78
7504,78
7505,78
7506,78
7507,78
7508,78
7509,78
7510,78
7511,78
7512,78
7513,78
7514,78
7515,78
7516,78
7517,78
7518,78
7519,78
7520,78
7521,78
7522,78
7523,78
7524,78
7525,78
7526,78
7527,78
7528,78
7529,78
7530,78
7531,78
7532,78
7533,78
7534,78
7535,78
7536,78
7537,78
7538,78
7539,78
7540,78
7541,78
7542,78
7543,78
7544,78
7545,78
7546,78
7547,78
7548,78
7549,78
7550,78
7551,78
7552,78
7553,78
7554,78
7555,78
7556,78
7557,78
7558,78
7559,78
7560,78
7561,78
7562,78
7563,78
7564,78
7565,78
7566,78
7567,78
7568,78
7569,78
7570,78
7571,78
7572,78
7573,78
7574,78
7575,78
7576,78
7577,78
7578,78
7579,78
7580,78
7581,78
7582,78
7583,78
7584,78
7585,78
7586,78
7587,78
7588,78
7589,78
7590,78
7591,78
7592,78
7593,78
7594,78
7595,78
7596,78
7597,78
7598,78
7599,78
7600,78
7601,78
7602,78
7603,78
7604,78
7605,78
7606,78
7607,78
7608,78
7609,78
7610,78
7611,78
7612,78
7613,78
7614,78
7615,78
7616,78
7617,78
7618,78
7619,78
7620,78
7621,78
7622,78
7623,78
7624,78
7625,78
7626,78
7627,78
7628,78
7629,78
7630,78
7631,78
7632,78
7633,78
7634,78
7635,78
7636,78
7637,78
7638,78
7639,78
7640,78
7641,78
7642,78
7643,78
7644,78
7645,78
7646,78
7647,78
7648,78
7649,78
7650,78
7651,78
7652,78
7653,78
7654,78
7655,78
7656,78
7657,78
7658,78
7659,78
7660,78
7661,78
7662,78
7663,78
7664,78
7665,78
7666,78
7667,78
7668,78
7669,78
7670,78
7671,78
7672,78
7673,78
7674,78
7675,78
7676,78
7677,78
7678,78
7679,78
7680,78
7681,78
7682,78
7683,78
7684,78
7685,78
7686,78
7687,78
7688,78
7689,78
7690,78
7691,78
7692,78
7693,78
7694,78
7695,78
7696,78
7697,78
7698,78
7699,78
7700,78
7701,78
7702,78
7703,78
7704,78
7705,78
7706,78
7707,78
7708,78
7709,78
7710,78
7711,78
7712,78
7713,78
7714,78
7715,78
7716,78
7717,78
7718,78
7719,78
7720,78
7721,78
7722,78
7723,78
7724,78
7725,78
7726,78
7727,78
7728,78
7729,78
7730,78
7731,78
7732,78
7733,78
7734,78
7735,78
7736,78
7737,78
7738,78
7739,78
7740,78
7741,78
7742,78
7743,78
7744,78
7745,78
7746,78
7747,78
7748,78
7749,78
7750,78
7751,78
7752,78
7753,78
7754,78
7755,78
7756,78
7757,78
7758,78
7759,78
7760,78
7761,78
7762,78
7763,78
7764,78
7765,78
7766,78
7767,78
7768,78
7769,78
7770,78
7771,78
7772,78
7773,78
7774,78
7775,78
7776,78
7777,78
7778,78
7779,78
7780,78
7781,78
7782,78
7783,78
7784,78
7785,78
7786,78
7787,78
7788,78
7789,78
7790,78
7791,78
7792,78
7793,78
7794,78
7795,78
7796,78
7797,78
7798,78
7799,78
7800,78
7801,78
7802,78
7803,78
7804,78
7805,78
7806,78
7807,78
7808,78
7809,78
7810,78
7811,78
7812,78
7813,78
7814,78
7815,78
7816,78
7817,78
7818,78
7819,78
7820,78
7821,78
7822,78
7823,78
7824,78
7825,78
7826,78
7827,78
7828,78
7829,78
7830,78
7831,78
7832,78
7833,78
7834,78
7835,78
7836,78
7837,78
7838,78
7839,78
7840,78
7841,78
7842,78
7843,78
7844,78
7845,78
7846,78
7847,78
7848,78
7849,78
7850,78
7851,78
7852,78
7853,78
7854,78
7855,78
7856,78
7857,78
7858,78
7859,78
7860,78
7861,78
7862,78
7863,78
7864,78
7865,78
7866,78
7867,78
7868,78
7869,78
7870,78
7871,78
7872,78
7873,78
7874,78
7875,78
7876,78
7877,78
7878,78
7879,78
7880,78
7881,78
7882,78
7883,78
7884,78
7885,78
7886,78
7887,78
7888,78
7889,78
7890,78
7891,78
7892,78
7893,78
7894,78
7895,78
7896,78
7897,78
7898,78
7899,78
7900,78
7901,78
7902,78
7903,78
7904,78
7905,78
7906,78
7907,78
7908,78
7909,78
7910,78
7911,78
7912,78
7913,78
7914,78
7915,78
7916,78
7917,78
7918,78
7919,78
7920,78
7921,78
7922,78
7923,78
7924,78
7925,78
7926,78
7927,78
7928,78
7929,78
7930,78
7931,78
7932,78
7933,78
7934,78
7935,78
7936,78
7937,78
7938,78
7939,78
7940,78
7941,78
7942,78
7943,78
7944,78
7945,78
7946,78
7947,78
7948,78
7949,78
7950,78
7951,78
7952,78
7953,78
7954,78
7955,78
7956,78
7957,78
7958,78
7959,78
7960,78
7961,78
7962,78
7963,78
7964,78
7965,78
7966,78
7967,78
7968,78
7969,78
7970,78
7971,78
7972,78
7973,78
7974,78
7975,78
7976,78
7977,78
7978,78
7979,78
7980,78
7981,78
7982,78
7983,78
7984,78
7985,78
7986,78
7987,78
7988,78
7989,78
7990,78
7991,78
7992,78
7993,78
7994,78
7995,78
7996,78
7997,78
7998,78
7999,78
8000,78
8001,78
8002,78
8003,78
8004,78
8005,78
8006,78
8007,78
8008,78
8009,78
8010,78
8011,78
8012,78
8013,78
8014,78
8015,78
8016,78
8017,78
8018,78
8019,78
8020,78
8021,78
8022,78
8023,78
8024,78
8025,78
8026,78
8027,78
8028,78
8029,78
8030,78
8031,78
8032,78
8033,78
8034,78
8035,78
8036,78
8037,78
8038,78
8039,78
8040,78
8041,78
8042,78
8043,78
8044,78
8045,78
8046,78
8047,78
8048,78
8049,78
8050,78
8051,78
8052,78
8053,78
8054,78
8055,78
8056,78
8057,78
8058,78
8059,78
8060,78
8061,78
8062,78
8063,78
8064,78
8065,78
8066,78
8067,78
8068,78
8069,78
8070,78
8071,78
8072,78
8073,78
8074,78
8075,78
8076,78
8077,78
8078,78
8079,78
8080,78
8081,78
8082,78
8083,78
8084,78
8085,78
8086,78
8087,78
8088,78
8089,78
8090,78
8091,78
8092,78
8093,78
8094,78
8095,78
8096,78
8097,78
8098,78
8099,78
8100,78
8101,78
8102,78
8103,78
8104,78
8105,78
8106,78
8107,78
8108,78
8109,78
8110,78
8111,78
8112,78
8113,78
8114,78
8115,78
8116,78
8117,78
8118,78
8119,78
8120,78
8121,78
8122,78
8123,78
8124,78
8125,78
8126,78
8127,78
8128,78
8129,78
8130,78
8131,78
8132,78
8133,78
8134,78
8135,78
8136,78
8137,78
8138,78
8139,78
8140,78
8141,78
8142,78
8143,78
8144,78
8145,78
8146,78
8147,78
8148,78
8149,78
8150,78
8151,78
8152,78
8153,78
8154,78
8155,78
8156,78
8157,78
8158,78
8159,78
8160,78
8161,78
8162,78
8163,78
8164,78
8165,78
8166,78
8167,78
8168,78
8169,78
8170,78
8171,78
8172,78
8173,78
8174,78
8175,78
8176,78
8177,78
8178,78
8179,78
8180,78
8181,78
8182,78
8183,78
8184,78
8185,78
8186,78
8187,78
8188,78
8189,78
8190,78
8191,78
8192,78
8193,78
8194,78
8195,78
8196,78
8197,78
8198,78
8199,78
8200,78
8201,78
8202,78
8203,78
8204,78
8205,78
8206,78
8207,78
8208,78
8209,78
8210,78
8211,78
8212,78
8213,78
8214,78
8215,78
8216,78
8217,78
8218,78
8219,78
8220,78
8221,78
8222,78
8223,78
8224,78
8225,78
8226,78
8227,78
8228,78
8229,78
8230,78
8231,78
8232,78
8233,78
8234,78
8235,78
8236,78
8237,78
8238,78
8239,78
8240,78
8241,78
8242,78
8243,78
8244,78
8245,78
8246,78
8247,78
8248,78
8249,78
8250,78
8251,78
8252,78
8253,78
8254,78
8255,78
8256,78
8257,78
8258,78
8259,78
8260,78
8261,78
8262,78
8263,78
8264,78
8265,78
8266,78
8267,78
8268,78
8269,78
8270,78
8271,78
8272,78
8273,78
8274,78
8275,78
8276,78
8277,78
8278,78
8279,78
8280,78
8281,78
8282,78
8283,78
8284,78
8285,78
8286,78
8287,78
8288,78
8289,78
8290,78
8291,78
8292,78
8293,78
8294,78
8295,78
8296,78
8297,78
8298,78
8299,78
8300,78
8301,78
8302,78
8303,78
8304,78
8305,78
8306,78
8307,78
8308,78
8309,78
8310,78
8311,78
8312,78
8313,78
8314,78
8315,78
8316,78
8317,78
8318,78
8319,78
8320,78
8321,78
8322,78
8323,78
8324,78
8325,78
8326,78
8327,78
8328,78
8329,78
8330,78
8331,78
8332,78
8333,78
8334,78
8335,78
8336,78
8337,78
8338,78
8339,78
8340,78
8341,78
8342,78
8343,78
8344,78
8345,78
8346,78
8347,78
8348,78
8349,78
8350,78
8351,78
8352,78
8353,78
8354,78
8355,78
8356,78
8357,78
8358,78
8359,78
8360,78
8361,78
8362,78
8363,78
8364,78
8365,78
8366,78
8367,78
8368,78
8369,78
8370,78
8371,78
8372,78
8373,78
8374,78
8375,78
8376,78
8377,78
8378,78
8379,78
8380,78
8381,78
8382,78
8383,78
8384,78
8385,78
8386,78
8387,78
8388,78
8389,78
8390,78
8391,78
8392,78
8393,78
8394,78
8395,78
8396,78
8397,78
8398,78
8399,78
8400,78
8401,78
8402,78
8403,78
8404,78
8405,78
8406,78
8407,78
8408,78
8409,78
8410,78
8411,78
8412,78
8413,78
8414,78
8415,78
8416,78
8417,78
8418,78
8419,78
8420,78
8421,78
8422,78
8423,78
8424,78
8425,78
8426,78
8427,78
8428,78
8429,78
8430,78
8431,78
8432,78
8433,78
8434,78
8435,78
8436,78
8437,78
8438,78
8439,78
8440,78
8441,78
8442,78
8443,78
8444,78
8445,78
8446,78
8447,78
8448,78
8449,78
8450,78
8451,78
8452,78
8453,78
8454,78
8455,78
8456,78
8457,78
8458,78
8459,78
8460,78
8461,78
8462,78
8463,78
8464,78
8465,78
8466,78
8467,78
8468,78
8469,78
8470,78
8471,78
8472,78
8473,78
8474,78
8475,78
8476,78
8477,78
8478,78
8479,78
8480,78
8481,78
8482,78
8483,78
8484,78
8485,78
8486,78
8487,78
8488,78
8489,78
8490,78
8491,78
8492,78
8493,78
8494,78
8495,78
8496,78
8497,78
8498,78
8499,78
8500,78
8501,78
8502,78
8503,78
8504,78
8505,78
8506,78
8507,78
8508,78
8509,78
8510,78
8511,78
8512,78
8513,78
8514,78
8515,78
8516,78
8517,78
8518,78
8519,78
8520,78
8521,78
8522,78
8523,78
8524,78
8525,78
8526,78
8527,78
8528,78
8529,78
8530,78
8531,78
8532,78
8533,78
8534,78
8535,78
8536,78
8537,78
8538,78
8539,78
8540,78
8541,78
8542,78
8543,78
8544,78
8545,78
8546,78
8547,78
8548,78
8549,78
8550,78
8551,78
8552,78
8553,78
8554,78
8555,78
8556,78
8557,78
8558,78
8559,78
8560,78
8561,78
8562,78
8563,78
8564,78
8565,78
8566,78
8567,78
8568,78
8569,78
8570,78
8571,78
8572,78
8573,78
8574,78
8575,78
8576,78
8577,78
8578,78
8579,78
8580,78
8581,78
8582,78
8583,78
8584,78
8585,78
8586,78
8587,78
8588,78
8589,78
8590,78
8591,78
8592,78
8593,78
8594,78
8595,78
8596,78
8597,78
8598,78
8599,78
8600,78
8601,78
8602,78
8603,78
8604,78
8605,78
8606,78
8607,78
8608,78
8609,78
8610,78
8611,78
8612,78
8613,78
8614,78
8615,78
8616,78
8617,78
8618,78
8619,78
8620,78
8621,78
8622,78
8623,78
8624,78
8625,78
8626,78
8627,78
8628,78
8629,78
8630,78
8631,78
8632,78
8633,78
8634,78
8635,78
8636,78
8637,78
8638,78
8639,78
8640,78
8641,78
8642,78
8643,78
8644,78
8645,78
8646,78
8647,78
8648,78
8649,78
8650,78
8651,78
8652,78
8653,78
8654,78
8655,78
8656,78
8657,78
8658,78
8659,78
8660,78
8661,78
8662,78
8663,78
8664,78
8665,78
8666,78
8667,78
8668,78
8669,78
8670,78
8671,78
8672,78
8673,78
8674,78
8675,78
8676,78
8677,78
8678,78
8679,78
8680,78
8681,78
8682,78
8683,78
8684,78
8685,78
8686,78
8687,78
8688,78
8689,78
8690,78
8691,78
8692,78
8693,78
8694,78
8695,78
8696,78
8697,78
8698,78
8699,78
8700,78
8701,78
8702,78
8703,78
8704,78
8705,78
8706,78
8707,78
8708,78
8709,78
8710,78
8711,78
8712,78
8713,78
8714,78
8715,78
8716,78
8717,78
8718,78
8719,78
8720,78
8721,78
8722,78
8723,78
8724,78
8725,78
8726,78
8727,78
8728,78
8729,78
8730,78
8731,78
8732,78
8733,78
8734,78
8735,78
8736,78
8737,78
8738,78
8739,78
8740,78
8741,78
8742,78
8743,78
8744,78
8745,78
8746,78
8747,78
8748,78
8749,78
8750,78
8751,78
8752,78
8753,78
8754,78
8755,78
8756,78
8757,78
8758,78
8759,78
8760,78
8761,78
8762,78
8763,78
8764,78
8765,78
8766,78
8767,78
8768,78
8769,78
8770,78
8771,78
8772,78
8773,78
8774,78
8775,78
8776,78
8777,78
8778,78
8779,78
8780,78
8781,78
8782,78
8783,78
8784,78
8785,78
8786,78
8787,78
8788,78
8789,78
8790,78
8791,78
8792,78
8793,78
8794,78
8795,78
8796,78
8797,78
8798,78
8799,78
8800,78
8801,78
8802,78
8803,78
8804,78
8805,78
8806,78
8807,78
8808,78
8809,78
8810,78
8811,78
8812,78
8813,78
8814,78
8815,78
8816,78
8817,78
8818,78
8819,78
8820,78
8821,78
8822,78
8823,78
8824,78
8825,78
8826,78
8827,78
8828,78
8829,78
8830,78
8831,78
8832,78
8833,78
8834,78
8835,78
8836,78
8837,78
8838,78
8839,78
8840,78
8841,78
8842,78
8843,78
8844,78
8845,78
8846,78
8847,78
8848,78
8849,78
8850,78
8851,78
8852,78
8853,78
8854,78
8855,78
8856,78
8857,78
8858,78
8859,78
8860,78
8861,78
8862,78
8863,78
8864,78
8865,78
8866,78
8867,78
8868,78
8869,78
8870,78
8871,78
8872,78
8873,78
8874,78
8875,78
8876,78
8877,78
8878,78
8879,78
8880,78
8881,78
8882,78
8883,78
8884,78
8885,78
8886,78
8887,78
8888,78
8889,78
8890,78
8891,78
8892,78
8893,78
8894,78
8895,78
8896,78
8897,78
8898,78
8899,78
8900,78
8901,78
8902,78
8903,78
8904,78
8905,78
8906,78
8907,78
8908,78
8909,78
8910,78
8911,78
8912,78
8913,78
8914,78
8915,78
8916,78
8917,78
8918,78
8919,78
8920,78
8921,78
8922,78
8923,78
8924,78
8925,78
8926,78
8927,78
8928,78
8929,78
8930,78
8931,78
8932,78
8933,78
8934,78
8935,78
8936,78
8937,78
8938,78
8939,78
8940,78
8941,78
8942,78
8943,78
8944,78
8945,78
8946,78
8947,78
8948,78
8949,78
8950,78
8951,78
8952,78
8953,78
8954,78
8955,78
8956,78
8957,78
8958,78
8959,78
8960,78
8961,78
8962,78
8963,78
8964,78
8965,78
8966,78
8967,78
8968,78
8969,78
8970,78
8971,78
8972,78
8973,78
8974,78
8975,78
8976,78
8977,78
8978,78
8979,78
8980,78
8981,78
8982,78
8983,78
8984,78
8985,78
8986,78
8987,78
8988,78
8989,78
8990,78
8991,78
8992,78
8993,78
8994,78
8995,78
8996,78
8997,78
8998,78
8999,78
9000,78
9001,78
9002,78
9003,78
9004,78
9005,78
9006,78
9007,78
9008,78
9009,78
9010,78
9011,78
9012,78
9013,78
9014,78
9015,78
9016,78
9017,78
9018,78
9019,78
9020,78
9021,78
9022,78
9023,78
9024,78
9025,78
9026,78
9027,78
9028,78
9029,78
9030,78
9031,78
9032,78
9033,78
9034,78
9035,78
9036,78
9037,78
9038,78
9039,78
9040,78
9041,78
9042,78
9043,78
9044,78
9045,78
9046,78
9047,78
9048,78
9049,78
9050,78
9051,78
9052,78
9053,78
9054,78
9055,78
9056,78
9057,78
9058,78
9059,78
9060,78
9061,78
9062,78
9063,78
9064,78
9065,78
9066,78
9067,78
9068,78
9069,78
9070,78
9071,78
9072,78
9073,78
9074,78
9075,78
9076,78
9077,78
9078,78
9079,78
9080,78
9081,78
9082,78
9083,78
9084,78
9085,78
9086,78
9087,78
9088,78
9089,78
9090,78
9091,78
9092,78
9093,78
9094,78
9095,78
9096,78
9097,78
9098,78
9099,78
9100,78
9101,78
9102,78
9103,78
9104,78
9105,78
9106,78
9107,78
9108,78
9109,78
9110,78
9111,78
9112,78
9113,78
9114,78
9115,78
9116,78
9117,78
9118,78
9119,78
9120,78
9121,78
9122,78
9123,78
9124,78
9125,78
9126,78
9127,78
9128,78
9129,78
9130,78
9131,78
9132,78
9133,78
9134,78
9135,78
9136,78
9137,78
9138,78
9139,78
9140,78
9141,78
9142,78
9143,78
9144,78
9145,78
9146,78
9147,78
9148,78
9149,78
9150,78
9151,78
9152,78
9153,78
9154,78
9155,78
9156,78
9157,78
9158,78
9159,78
9160,78
9161,78
9162,78
9163,78
9164,78
9165,78
9166,78
9167,78
9168,78
9169,78
9170,78
9171,78
9172,78
9173,78
9174,78
9175,78
9176,78
9177,78
9178,78
9179,78
9180,78
9181,78
9182,78
9183,78
9184,78
9185,78
9186,78
9187,78
9188,78
9189,78
9190,78
9191,78
9192,78
9193,78
9194,78
9195,78
9196,78
9197,78
9198,78
9199,78
9200,78
9201,78
9202,78
9203,78
9204,78
9205,78
9206,78
9207,78
9208,78
9209,78
9210,78
9211,78
9212,78
9213,78
9214,78
9215,78
9216,78
9217,78
9218,78
9219,78
9220,78
9221,78
9222,78
9223,78
9224,78
9225,78
9226,78
9227,78
9228,78
9229,78
9230,78
9231,78
9232,78
9233,78
9234,78
9235,78
9236,78
9237,78
9238,78
9239,78
9240,78
9241,78
9242,78
9243,78
9244,78
9245,78
9246,78
9247,78
9248,78
9249,78
9250,78
9251,78
9252,78
9253,78
9254,78
9255,78
9256,78
9257,78
9258,78
9259,78
9260,78
9261,78
9262,78
9263,78
9264,78
9265,78
9266,78
9267,78
9268,78
9269,78
9270,78
9271,78
9272,78
9273,78
9274,78
9275,78
9276,78
9277,78
9278,78
9279,78
9280,78
9281,78
9282,78
9283,78
9284,78
9285,78
9286,78
9287,78
9288,78
9289,78
9290,78
9291,78
9292,78
9293,78
9294,78
9295,78
9296,78
9297,78
9298,78
9299,78
9300,78
9301,78
9302,78
9303,78
9304,78
9305,78
9306,78
9307,78
9308,78
9309,78
9310,78
9311,78
9312,78
9313,78
9314,78
9315,78
9316,78
9317,78
9318,78
9319,78
9320,78
9321,78
9322,78
9323,78
9324,78
9325,78
9326,78
9327,78
9328,78
9329,78
9330,78
9331,78
9332,78
9333,78
9334,78
9335,78
9336,78
9337,78
9338,78
9339,78
9340,78
9341,78
9342,78
9343,78
9344,78
9345,78
9346,78
9347,78
9348,78
9349,78
9350,78
9351,78
9352,78
9353,78
9354,78
9355,78
9356,78
9357,78
9358,78
9359,78
9360,78
9361,78
9362,78
9363,78
9364,78
9365,78
9366,78
9367,78
9368,78
9369,78
9370,78
9371,78
9372,78
9373,78
9374,78
9375,78
9376,78
9377,78
9378,78
9379,78
9380,78
9381,78
9382,78
9383,78
9384,78
9385,78
9386,78
9387,78
9388,78
9389,78
9390,78
9391,78
9392,78
9393,78
9394,78
9395,78
9396,78
9397,78
9398,78
9399,78
9400,78
9401,78
9402,78
9403,78
9404,78
9405,78
9406,78
9407,78
9408,78
9409,78
9410,78
9411,78
9412,78
9413,78
9414,78
9415,78
9416,78
9417,78
9418,78
9419,78
9420,78
9421,78
9422,78
9423,78
9424,78
9425,78
9426,78
9427,78
9428,78
9429,78
9430,78
9431,78
9432,78
9433,78
9434,78
9435,78
9436,78
9437,78
9438,78
9439,78
9440,78
9441,78
9442,78
9443,78
9444,78
9445,78
9446,78
9447,78
9448,78
9449,78
9450,78
9451,78
9452,78
9453,78
9454,78
9455,78
9456,78
9457,78
9458,78
9459,78
9460,78
9461,78
9462,78
9463,78
9464,78
9465,78
9466,78
9467,78
9468,78
9469,78
9470,78
9471,78
9472,78
9473,78
9474,78
9475,78
9476,78
9477,78
9478,78
9479,78
9480,78
9481,78
9482,78
9483,78
9484,78
9485,78
9486,78
9487,78
9488,78
9489,78
9490,78
9491,78
9492,78
9493,78
9494,78
9495,78
9496,78
9497,78
9498,78
9499,78
9500,78
9501,78
9502,78
9503,78
9504,78
9505,78
9506,78
9507,78
9508,78
9509,78
9510,78
9511,78
9512,78
9513,78
9514,78
9515,78
9516,78
9517,78
9518,78
9519,78
9520,78
9521,78
9522,78
9523,78
9524,78
9525,78
9526,78
9527,78
9528,78
9529,78
9530,78
9531,78
9532,78
9533,78
9534,78
9535,78
9536,78
9537,78
9538,78
9539,78
9540,78
9541,78
9542,78
9543,78
9544,78
9545,78
9546,78
9547,78
9548,78
9549,78
9550,78
9551,78
9552,78
9553,78
9554,78
9555,78
9556,78
9557,78
9558,78
9559,78
9560,78
9561,78
9562,78
9563,78
9564,78
9565,78
9566,78
9567,78
9568,78
9569,78
9570,78
9571,78
9572,78
9573,78
9574,78
9575,78
9576,78
9577,78
9578,78
9579,78
9580,78
9581,78
9582,78
9583,78
9584,78
9585,78
9586,78
9587,78
9588,78
9589,78
9590,78
9591,78
9592,78
9593,78
9594,78
9595,78
9596,78
9597,78
9598,78
9599,78
9600,78
9601,78
9602,78
9603,78
9604,78
9605,78
9606,78
9607,78
9608,78
9609,78
9610,78
9611,78
9612,78
9613,78
9614,78
9615,78
9616,78
9617,78
9618,78
9619,78
9620,78
9621,78
9622,78
9623,78
9624,78
9625,78
9626,78
9627,78
9628,78
9629,78
9630,78
9631,78
9632,78
9633,78
9634,78
9635,78
9636,78
9637,78
9638,78
9639,78
9640,78
9641,78
9642,78
9643,78
9644,78
9645,78
9646,78
9647,78
9648,78
9649,78
9650,78
9651,78
9652,78
9653,78
9654,78
9655,78
9656,78
9657,78
9658,78
9659,78
9660,78
9661,78
9662,78
9663,78
9664,78
9665,78
9666,78
9667,78
9668,78
9669,78
9670,78
9671,78
9672,78
9673,78
9674,78
9675,78
9676,78
9677,78
9678,78
9679,78
9680,78
9681,78
9682,78
9683,78
9684,78
9685,78
9686,78
9687,78
9688,78
9689,78
9690,78
9691,78
9692,78
9693,78
9694,78
9695,78
9696,78
9697,78
9698,78
9699,78
9700,78
9701,78
9702,78
9703,78
9704,78
9705,78
9706,78
9707,78
9708,78
9709,78
9710,78
9711,78
9712,78
9713,78
9714,78
9715,78
9716,78
9717,78
9718,78
9719,78
9720,78
9721,78
9722,78
9723,78
9724,78
9725,78
9726,78
9727,78
9728,78
9729,78
9730,78
9731,78
9732,78
9733,78
9734,78
9735,78
9736,78
9737,78
9738,78
9739,78
9740,78
9741,78
9742,78
9743,78
9744,78
9745,78
9746,78
9747,78
9748,78
9749,78
9750,78
9751,78
9752,78
9753,78
9754,78
9755,78
9756,78
9757,78
9758,78
9759,78
9760,78
9761,78
9762,78
9763,78
9764,78
9765,78
9766,78
9767,78
9768,78
9769,78
9770,78
9771,78
9772,78
9773,78
9774,78
9775,78
9776,78
9777,78
9778,78
9779,78
9780,78
9781,78
9782,78
9783,78
9784,78
9785,78
9786,78
9787,78
9788,78
9789,78
9790,78
9791,78
9792,78
9793,78
9794,78
9795,78
9796,78
9797,78
9798,78
9799,78
9800,78
9801,78
9802,78
9803,78
9804,78
9805,78
9806,78
9807,78
9808,78
9809,78
9810,78
9811,78
9812,78
9813,78
9814,78
9815,78
9816,78
9817,78
9818,78
9819,78
9820,78
9821,78
9822,78
9823,78
9824,78
9825,78
9826,78
9827,78
9828,78
9829,78
9830,78
9831,78
9832,78
9833,78
9834,78
9835,78
9836,78
9837,78
9838,78
9839,78
9840,78
9841,78
9842,78
9843,78
9844,78
9845,78
9846,78
9847,78
9848,78
9849,78
9850,78
9851,78
9852,78
9853,78
9854,78
9855,78
9856,78
9857,78
9858,78
9859,78
9860,78
9861,78
9862,78
9863,78
9864,78
9865,78
9866,78
9867,78
9868,78
9869,78
9870,78
9871,78
9872,78
9873,78
9874,78
9875,78
9876,78
9877,78
9878,78
9879,78
9880,78
9881,78
9882,78
9883,78
9884,78
9885,78
9886,78
9887,78
9888,78
9889,78
9890,78
9891,78
9892,78
9893,78
9894,78
9895,78
9896,78
9897,78
9898,78
9899,78
9900,78
9901,78
9902,78
9903,78
9904,78
9905,78
9906,78
9907,78
9908,78
9909,78
9910,78
9911,78
9912,78
9913,78
9914,78
9915,78
9916,78
9917,78
9918,78
9919,78
9920,78
9921,78
9922,78
9923,78
9924,78
9925,78
9926,78
9927,78
9928,78
9929,78
9930,78
9931,78
9932,78
9933,78
9934,78
9935,78
9936,78
9937,78
9938,78
9939,78
9940,78
9941,78
9942,78
9943,78
9944,78
9945,78
9946,78
9947,78
9948,78
9949,78
9950,78
9951,78
9952,78
9953,78
9954,78
9955,78
9956,78
9957,78
9958,78
9959,78
9960,78
9961,78
9962,78
9963,78
9964,78
9965,78
9966,78
9967,78
9968,78
9969,78
9970,78
9971,78
9972,78
9973,78
9974,78
9975,78
9976,78
9977,78
9978,78
9979,78
9980,78
9981,78
9982,78
9983,78
9984,78
9985,78
9986,78
9987,78
9988,78
9989,78
9990,78
9991,78
9992,78
9993,78
9994,78
9995,78
9996,78
9997,78
9998,78
9999,78
10000,78
10001,78
10002,78
10003,78
10004,78
10005,78
10006,78
10007,78
10008,78
10009,78
10010,78
10011,78
10012,78
10013,78
10014,78
10015,78
10016,78
10017,78
10018,78
10019,78
10020,78
10021,78
10022,78
10023,78
10024,78
10025,78
10026,78
10027,78
10028,78
10029,78
10030,78
10031,78
10032,78
10033,78
10034,78
10035,78
10036,78
10037,78
10038,78
10039,78
10040,78
10041,78
10042,78
10043,78
10044,78
10045,78
10046,78
10047,78
10048,78
10049,78
10050,78
10051,78
10052,78
10053,78
10054,78
10055,78
10056,78
10057,78
10058,78
10059,78
10060,78
10061,78
10062,78
10063,78
10064,78
10065,78
10066,78
10067,78
10068,78
10069,78
10070,78
10071,78
10072,78
10073,78
10074,78
10075,78
10076,78
10077,78
10078,78
10079,78
10080,78
10081,78
10082,78
10083,78
10084,78
10085,78
10086,78
10087,78
10088,78
10089,78
10090,78
10091,78
10092,78
10093,78
10094,78
10095,78
10096,78
10097,78
10098,78
10099,78
10100,78
10101,78
10102,78
10103,78
10104,78
10105,78
10106,78
10107,78
10108,78
10109,78
10110,78
10111,78
10112,78
10113,78
10114,78
10115,78
10116,78
10117,78
10118,78
10119,78
10120,78
10121,78
10122,78
10123,78
10124,78
10125,78
10126,78
10127,78
10128,78
10129,78
10130,78
10131,78
10132,78
10133,78
10134,78
10135,78
10136,78
10137,78
10138,78
10139,78
10140,78
10141,78
10142,78
10143,78
10144,78
10145,78
10146,78
10147,78
10148,78
10149,78
10150,78
10151,78
10152,78
10153,78
10154,78
10155,78
10156,78
10157,78
10158,78
10159,78
10160,78
10161,78
10162,78
10163,78
10164,78
10165,78
10166,78
10167,78
10168,78
10169,78
10170,78
10171,78
10172,78
10173,78
10174,78
10175,78
10176,78
10177,78
10178,78
10179,78
10180,78
10181,78
10182,78
10183,78
10184,78
10185,78
10186,78
10187,78
10188,78
10189,78
10190,78
10191,78
10192,78
10193,78
10194,78
10195,78
10196,78
10197,78
10198,78
10199,78
10200,78
10201,78
10202,78
10203,78
10204,78
10205,78
10206,78
10207,78
10208,78
10209,78
10210,78
10211,78
10212,78
10213,78
10214,78
10215,78
10216,78
10217,78
10218,78
10219,78
10220,78
10221,78
10222,78
10223,78
10224,78
10225,78
10226,78
10227,78
10228,78
10229,78
10230,78
10231,78
10232,78
10233,78
10234,78
10235,78
10236,78
10237,78
10238,78
10239,78
10240,78
10241,78
10242,78
10243,78
10244,78
10245,78
10246,78
10247,78
10248,78
10249,78
10250,78
10251,78
10252,78
10253,78
10254,78
10255,78
10256,78
10257,78
10258,78
10259,78
10260,78
10261,78
10262,78
10263,78
10264,78
10265,78
10266,78
10267,78
10268,78
10269,78
10270,78
10271,78
10272,78
10273,78
10274,78
10275,78
10276,78
10277,78
10278,78
10279,78
10280,78
10281,78
10282,78
10283,78
10284,78
10285,78
10286,78
10287,78
10288,78
10289,78
10290,78
10291,78
10292,78
10293,78
10294,78
10295,78
10296,78
10297,78
10298,78
10299,78
10300,78
10301,78
10302,78
10303,78
10304,78
10305,78
10306,78
10307,78
10308,78
10309,78
10310,78
10311,78
10312,78
10313,78
10314,78
10315,78
10316,78
10317,78
10318,78
10319,78
10320,78
10321,78
10322,78
10323,78
10324,78
10325,78
10326,78
10327,78
10328,78
10329,78
10330,78
10331,78
10332,78
10333,78
10334,78
10335,78
10336,78
10337,78
10338,78
10339,78
10340,78
10341,78
10342,78
10343,78
10344,78
10345,78
10346,78
10347,78
10348,78
10349,78
10350,78
10351,78
10352,78
10353,78
10354,78
10355,78
10356,78
10357,78
10358,78
10359,78
10360,78
10361,78
10362,78
10363,78
10364,78
10365,78
10366,78
10367,78
10368,78
10369,78
10370,78
10371,78
10372,78
10373,78
10374,78
10375,78
10376,78
10377,78
10378,78
10379,78
10380,78
10381,78
10382,78
10383,78
10384,78
10385,78
10386,78
10387,78
10388,78
10389,78
10390,78
10391,78
10392,78
10393,78
10394,78
10395,78
10396,78
10397,78
10398,78
10399,78
10400,78
10401,78
10402,78
10403,78
10404,78
10405,78
10406,78
10407,78
10408,78
10409,78
10410,78
10411,78
10412,78
10413,78
10414,78
10415,78
10416,78
10417,78
10418,78
10419,78
10420,78
10421,78
10422,78
10423,78
10424,78
10425,78
10426,78
10427,78
10428,78
10429,78
10430,78
10431,78
10432,78
10433,78
10434,78
10435,78
10436,78
10437,78
10438,78
10439,78
10440,78
10441,78
10442,78
10443,78
10444,78
10445,78
10446,78
10447,78
10448,78
10449,78
10450,78
10451,78
10452,78
10453,78
10454,78
10455,78
10456,78
10457,78
10458,78
10459,78
10460,78
10461,78
10462,78
10463,78
10464,78
10465,78
10466,78
10467,78
10468,78
10469,78
10470,78
10471,78
10472,78
10473,78
10474,78
10475,78
10476,78
10477,78
10478,78
10479,78
10480,78
10481,78
10482,78
10483,78
10484,78
10485,78
10486,78
10487,78
10488,78
10489,78
10490,78
10491,78
10492,78
10493,78
10494,78
10495,78
10496,78
10497,78
10498,78
10499,78
10500,78
10501,78
10502,78
10503,78
10504,78
10505,78
10506,78
10507,78
10508,78
10509,78
10510,78
10511,78
10512,78
10513,78
10514,78
10515,78
10516,78
10517,78
10518,78
10519,78
10520,78
10521,78
10522,78
10523,78
10524,78
10525,78
10526,78
10527,78
10528,78
10529,78
10530,78
10531,78
10532,78
10533,78
10534,78
10535,78
10536,78
10537,78
10538,78
10539,78
10540,78
10541,78
10542,78
10543,78
10544,78
10545,78
10546,78
10547,78
10548,78
10549,78
10550,78
10551,78
10552,78
10553,78
10554,78
10555,78
10556,78
10557,78
10558,78
10559,78
10560,78
10561,78
10562,78
10563,78
10564,78
10565,78
10566,78
10567,78
10568,78
10569,78
10570,78
10571,78
10572,78
10573,78
10574,78
10575,78
10576,78
10577,78
10578,78
10579,78
10580,78
10581,78
10582,78
10583,78
10584,78
10585,78
10586,78
10587,78
10588,78
10589,78
10590,78
10591,78
10592,78
10593,78
10594,78
10595,78
10596,78
10597,78
10598,78
10599,78
10600,78
10601,78
10602,78
10603,78
10604,78
10605,78
10606,78
10607,78
10608,78
10609,78
10610,78
10611,78
10612,78
10613,78
10614,78
10615,78
10616,78
10617,78
10618,78
10619,78
10620,78
10621,78
10622,78
10623,78
10624,78
10625,78
10626,78
10627,78
10628,78
10629,78
10630,78
10631,78
10632,78
10633,78
10634,78
10635,78
10636,78
10637,78
10638,78
10639,78
10640,78
10641,78
10642,78
10643,78
10644,78
10645,78
10646,78
10647,78
10648,78
10649,78
10650,78
10651,78
10652,78
10653,78
10654,78
10655,78
10656,78
10657,78
10658,78
10659,78
10660,78
10661,78
10662,78
10663,78
10664,78
10665,78
10666,78
10667,78
10668,78
10669,78
10670,78
10671,78
10672,78
10673,78
10674,78
10675,78
10676,78
10677,78
10678,78
10679,78
10680,78
10681,78
10682,78
10683,78
10684,78
10685,78
10686,78
10687,78
10688,78
10689,78
10690,78
10691,78
10692,78
10693,78
10694,78
10695,78
10696,78
10697,78
10698,78
10699,78
10700,78
10701,78
10702,78
10703,78
10704,78
10705,78
10706,78
10707,78
10708,78
10709,78
10710,78
10711,78
10712,78
10713,78
10714,78
10715,78
10716,78
10717,78
10718,78
10719,78
10720,78
10721,78
10722,78
10723,78
10724,78
10725,78
10726,78
10727,78
10728,78
10729,78
10730,78
10731,78
10732,78
10733,78
10734,78
10735,78
10736,78
10737,78
10738,78
10739,78
10740,78
10741,78
10742,78
10743,78
10744,78
10745,78
10746,78
10747,78
10748,78
10749,78
10750,78
10751,78
10752,78
10753,78
10754,78
10755,78
10756,78
10757,78
10758,78
10759,78
10760,78
10761,78
10762,78
10763,78
10764,78
10765,78
10766,78
10767,78
10768,78
10769,78
10770,78
10771,78
10772,78
10773,78
10774,78
10775,78
10776,78
10777,78
10778,78
10779,78
10780,78
10781,78
10782,78
10783,78
10784,78
10785,78
10786,78
10787,78
10788,78
10789,78
10790,78
10791,78
10792,78
10793,78
10794,78
10795,78
10796,78
10797,78
10798,78
10799,78
10800,78
10801,78
10802,78
10803,78
10804,78
10805,78
10806,78
10807,78
10808,78
10809,78
10810,78
10811,78
10812,78
10813,78
10814,78
10815,78
10816,78
10817,78
10818,78
10819,78
10820,78
10821,78
10822,78
10823,78
10824,78
10825,78
10826,78
10827,78
10828,78
10829,78
10830,78
10831,78
10832,78
10833,78
10834,78
10835,78
10836,78
10837,78
10838,78
10839,78
10840,78
10841,78
10842,78
10843,78
10844,78
10845,78
10846,78
10847,78
10848,78
10849,78
10850,78
10851,78
10852,78
10853,78
10854,78
10855,78
10856,78
10857,78
10858,78
10859,78
10860,78
10861,78
10862,78
10863,78
10864,78
10865,78
10866,78
10867,78
10868,78
10869,78
10870,78
10871,78
10872,78
10873,78
10874,78
10875,78
10876,78
10877,78
10878,78
10879,78
10880,78
10881,78
10882,78
10883,78
10884,78
10885,78
10886,78
10887,78
10888,78
10889,78
10890,78
10891,78
10892,78
10893,78
10894,78
10895,78
10896,78
10897,78
10898,78
10899,78
10900,78
10901,78
10902,78
10903,78
10904,78
10905,78
10906,78
10907,78
10908,78
10909,78
10910,78
10911,78
10912,78
10913,78
10914,78
10915,78
10916,78
10917,78
10918,78
10919,78
10920,78
10921,78
10922,78
10923,78
10924,78
10925,78
10926,78
10927,78
10928,78
10929,78
10930,78
10931,78
10932,78
10933,78
10934,78
10935,78
10936,78
10937,78
10938,78
10939,78
10940,78
10941,78
10942,78
10943,78
10944,78
10945,78
10946,78
10947,78
10948,78
10949,78
10950,78
10951,78
10952,78
10953,78
10954,78
10955,78
10956,78
10957,78
10958,78
10959,78
10960,78
10961,78
10962,78
10963,78
10964,78
10965,78
10966,78
10967,78
10968,78
10969,78
10970,78
10971,78
10972,78
10973,78
10974,78
10975,78
10976,78
10977,78
10978,78
10979,78
10980,78
10981,78
10982,78
10983,78
10984,78
10985,78
10986,78
10987,78
10988,78
10989,78
10990,78
10991,78
10992,78
10993,78
10994,78
10995,78
10996,78
10997,78
10998,78
10999,78
11000,78
11001,78
11002,78
11003,78
11004,78
11005,78
11006,78
11007,78
11008,78
11009,78
11010,78
11011,78
11012,78
11013,78
11014,78
11015,78
11016,78
11017,78
11018,78
11019,78
11020,78
11021,78
11022,78
11023,78
11024,78
11025,78
11026,78
11027,78
11028,78
11029,78
11030,78
11031,78
11032,78
11033,78
11034,78
11035,78
11036,78
11037,78
11038,78
11039,78
11040,78
11041,78
11042,78
11043,78
11044,78
11045,78
11046,78
11047,78
11048,78
11049,78
11050,78
11051,78
11052,78
11053,78
11054,78
11055,78
11056,78
11057,78
11058,78
11059,78
11060,78
11061,78
11062,78
11063,78
11064,78
11065,78
11066,78
11067,78
11068,78
11069,78
11070,78
11071,78
11072,78
11073,78
11074,78
11075,78
11076,78
11077,78
11078,78
11079,78
11080,78
11081,78
11082,78
11083,78
11084,78
11085,78
11086,78
11087,78
11088,78
11089,78
11090,78
11091,78
11092,78
11093,78
11094,78
11095,78
11096,78
11097,78
11098,78
11099,78
11100,78
11101,78
11102,78
11103,78
11104,78
11105,78
11106,78
11107,78
11108,78
11109,78
11110,78
11111,78
11112,78
11113,78
11114,78
11115,78
11116,78
11117,78
11118,78
11119,78
11120,78
11121,78
11122,78
11123,78
11124,78
11125,78
11126,78
11127,78
11128,78
11129,78
11130,78
11131,78
11132,78
11133,78
11134,78
11135,78
11136,78
11137,78
11138,78
11139,78
11140,78
11141,78
11142,78
11143,78
11144,78
11145,78
11146,78
11147,78
11148,78
11149,78
11150,78
11151,78
11152,78
11153,78
11154,78
11155,78
11156,78
11157,78
11158,78
11159,78
11160,78
11161,78
11162,78
11163,78
11164,78
11165,78
11166,78
11167,78
11168,78
11169,78
11170,78
11171,78
11172,78
11173,78
11174,78
11175,78
11176,78
11177,78
11178,78
11179,78
11180,78
11181,78
11182,78
11183,78
11184,78
11185,78
11186,78
11187,78
11188,78
11189,78
11190,78
11191,78
11192,78
11193,78
11194,78
11195,78
11196,78
11197,78
11198,78
11199,78
11200,78
11201,78
11202,78
11203,78
11204,78
11205,78
11206,78
11207,78
11208,78
11209,78
11210,78
11211,78
11212,78
11213,78
11214,78
11215,78
11216,78
11217,78
11218,78
11219,78
11220,78
11221,78
11222,78
11223,78
11224,78
11225,78
11226,78
11227,78
11228,78
11229,78
11230,78
11231,78
11232,78
11233,78
11234,78
11235,78
11236,78
11237,78
11238,78
11239,78
11240,78
11241,78
11242,78
11243,78
11244,78
11245,78
11246,78
11247,78
11248,78
11249,78
11250,78
11251,78
11252,78
11253,78
11254,78
11255,78
11256,78
11257,78
11258,78
11259,78
11260,78
11261,78
11262,78
11263,78
11264,78
11265,78
11266,78
11267,78
11268,78
11269,78
11270,78
11271,78
11272,78
11273,78
11274,78
11275,78
11276,78
11277,78
11278,78
11279,78
11280,78
11281,78
11282,78
11283,78
11284,78
11285,78
11286,78
11287,78
11288,78
11289,78
11290,78
11291,78
11292,78
11293,78
11294,78
11295,78
11296,78
11297,78
11298,78
11299,78
11300,78
11301,78
11302,78
11303,78
11304,78
11305,78
11306,78
11307,78
11308,78
11309,78
11310,78
11311,78
11312,78
11313,78
11314,78
11315,78
11316,78
11317,78
11318,78
11319,78
11320,78
11321,78
11322,78
11323,78
11324,78
11325,78
11326,78
11327,78
11328,78
11329,78
11330,78
11331,78
11332,78
11333,78
11334,78
11335,78
11336,78
11337,78
11338,78
11339,78
11340,78
11341,78
11342,78
11343,78
11344,78
11345,78
11346,78
11347,78
11348,78
11349,78
11350,78
11351,78
11352,78
11353,78
11354,78
11355,78
11356,78
11357,78
11358,78
11359,78
11360,78
11361,78
11362,78
11363,78
11364,78
11365,78
11366,78
11367,78
11368,78
11369,78
11370,78
11371,78
11372,78
11373,78
11374,78
11375,78
11376,78
11377,78
11378,78
11379,78
11380,78
11381,78
11382,78
11383,78
11384,78
11385,78
11386,78
11387,78
11388,78
11389,78
11390,78
11391,78
11392,78
11393,78
11394,78
11395,78
11396,78
11397,78
11398,78
11399,78
11400,78
11401,78
11402,78
11403,78
11404,78
11405,78
11406,78
11407,78
11408,78
11409,78
11410,78
11411,78
11412,78
11413,78
11414,78
11415,78
11416,78
11417,78
11418,78
11419,78
11420,78
11421,78
11422,78
11423,78
11424,78
11425,78
11426,78
11427,78
11428,78
11429,78
11430,78
11431,78
11432,78
11433,78
11434,78
11435,78
11436,78
11437,78
11438,78
11439,78
11440,78
11441,78
11442,78
11443,78
11444,78
11445,78
11446,78
11447,78
11448,78
11449,78
11450,78
11451,78
11452,78
11453,78
11454,78
11455,78
11456,78
11457,78
11458,78
11459,78
11460,78
11461,78
11462,78
11463,78
11464,78
11465,78
11466,78
11467,78
11468,78
11469,78
11470,78
11471,78
11472,78
11473,78
11474,78
11475,78
11476,78
11477,78
11478,78
11479,78
11480,78
11481,78
11482,78
11483,78
11484,78
11485,78
11486,78
11487,78
11488,78
11489,78
11490,78
11491,78
11492,78
11493,78
11494,78
11495,78
11496,78
11497,78
11498,78
11499,78
11500,78
11501,78
11502,78
11503,78
11504,78
11505,78
11506,78
11507,78
11508,78
11509,78
11510,78
11511,78
11512,78
11513,78
11514,78
11515,78
11516,78
11517,78
11518,78
11519,78
11520,78
11521,78
11522,78
11523,78
11524,78
11525,78
11526,78
11527,78
11528,78
11529,78
11530,78
11531,78
11532,78
11533,78
11534,78
11535,78
11536,78
11537,78
11538,78
11539,78
11540,78
11541,78
11542,78
11543,78
11544,78
11545,78
11546,78
11547,78
11548,78
11549,78
11550,78
11551,78
11552,78
11553,78
11554,78
11555,78
11556,78
11557,78
11558,78
11559,78
11560,78
11561,78
11562,78
11563,78
11564,78
11565,78
11566,78
11567,78
11568,78
11569,78
11570,78
11571,78
11572,78
11573,78
11574,78
11575,78
11576,78
11577,78
11578,78
11579,78
11580,78
11581,78
11582,78
11583,78
11584,78
11585,78
11586,78
11587,78
11588,78
11589,78
11590,78
11591,78
11592,78
11593,78
11594,78
11595,78
11596,78
11597,78
11598,78
11599,78
11600,78
11601,78
11602,78
11603,78
11604,78
11605,78
11606,78
11607,78
11608,78
11609,78
11610,78
11611,78
11612,78
11613,78
11614,78
11615,78
11616,78
11617,78
11618,78
11619,78
11620,78
11621,78
11622,78
11623,78
11624,78
11625,78
11626,78
11627,78
11628,78
11629,78
11630,78
11631,78
11632,78
11633,78
11634,78
11635,78
11636,78
11637,78
11638,78
11639,78
11640,78
11641,78
11642,78
11643,78
11644,78
11645,78
11646,78
11647,78
11648,78
11649,78
11650,78
11651,78
11652,78
11653,78
11654,78
11655,78
11656,78
11657,78
11658,78
11659,78
11660,78
11661,78
11662,78
11663,78
11664,78
11665,78
11666,78
11667,78
11668,78
11669,78
11670,78
11671,78
11672,78
11673,78
11674,78
11675,78
11676,78
11677,78
11678,78
11679,78
11680,78
11681,78
11682,78
11683,78
11684,78
11685,78
11686,78
11687,78
11688,78
11689,78
11690,78
11691,78
11692,78
11693,78
11694,78
11695,78
11696,78
11697,78
11698,78
11699,78
11700,78
11701,78
11702,78
11703,78
11704,78
11705,78
11706,78
11707,78
11708,78
11709,78
11710,78
11711,78
11712,78
11713,78
11714,78
11715,78
11716,78
11717,78
11718,78
11719,78
11720,78
11721,78
11722,78
11723,78
11724,78
11725,78
11726,78
11727,78
11728,78
11729,78
11730,78
11731,78
11732,78
11733,78
11734,78
11735,78
11736,78
11737,78
11738,78
11739,78
11740,78
11741,78
11742,78
11743,78
11744,78
11745,78
11746,78
11747,78
11748,78
11749,78
11750,78
11751,78
11752,78
11753,78
11754,78
11755,78
11756,78
11757,78
11758,78
11759,78
11760,78
11761,78
11762,78
11763,78
11764,78
11765,78
11766,78
11767,78
11768,78
11769,78
11770,78
11771,78
11772,78
11773,78
11774,78
11775,78
11776,78
11777,78
11778,78
11779,78
11780,78
11781,78
11782,78
11783,78
11784,78
11785,78
11786,78
11787,78
11788,78
11789,78
11790,78
11791,78
11792,78
11793,78
11794,78
11795,78
11796,78
11797,78
11798,78
11799,78
11800,78
11801,78
11802,78
11803,78
11804,78
11805,78
11806,78
11807,78
11808,78
11809,78
11810,78
11811,78
11812,78
11813,78
11814,78
11815,78
11816,78
11817,78
11818,78
11819,78
11820,78
11821,78
11822,78
11823,78
11824,78
11825,78
11826,78
11827,78
11828,78
11829,78
11830,78
11831,78
11832,78
11833,78
11834,78
11835,78
11836,78
11837,78
11838,78
11839,78
11840,78
11841,78
11842,78
11843,78
11844,78
11845,78
11846,78
11847,78
11848,78
11849,78
11850,78
11851,78
11852,78
11853,78
11854,78
11855,78
11856,78
11857,78
11858,78
11859,78
11860,78
11861,78
11862,78
11863,78
11864,78
11865,78
11866,78
11867,78
11868,78
11869,78
11870,78
11871,78
11872,78
11873,78
11874,78
11875,78
11876,78
11877,78
11878,78
11879,78
11880,78
11881,78
11882,78
11883,78
11884,78
11885,78
11886,78
11887,78
11888,78
11889,78
11890,78
11891,78
11892,78
11893,78
11894,78
11895,78
11896,78
11897,78
11898,78
11899,78
11900,78
11901,78
11902,78
11903,78
11904,78
11905,78
11906,78
11907,78
11908,78
11909,78
11910,78
11911,78
11912,78
11913,78
11914,78
11915,78
11916,78
11917,78
11918,78
11919,78
11920,78
11921,78
11922,78
11923,78
11924,78
11925,78
11926,78
11927,78
11928,78
11929,78
11930,78
11931,78
11932,78
11933,78
11934,78
11935,78
11936,78
11937,78
11938,78
11939,78
11940,78
11941,78
11942,78
11943,78
11944,78
11945,78
11946,78
11947,78
11948,78
11949,78
11950,78
11951,78
11952,78
11953,78
11954,78
11955,78
11956,78
11957,78
11958,78
11959,78
11960,78
11961,78
11962,78
11963,78
11964,78
11965,78
11966,78
11967,78
11968,78
11969,78
11970,78
11971,78
11972,78
11973,78
11974,78
11975,78
11976,78
11977,78
11978,78
11979,78
11980,78
11981,78
11982,78
11983,78
11984,78
11985,78
11986,78
11987,78
11988,78
11989,78
11990,78
11991,78
11992,78
11993,78
11994,78
11995,78
11996,78
11997,78
11998,78
11999,78
12000,78
12001,78
12002,78
12003,78
12004,78
12005,78
12006,78
12007,78
12008,78
12009,78
12010,78
12011,78
12012,78
12013,78
12014,78
12015,78
12016,78
12017,78
12018,78
12019,78
12020,78
12021,78
12022,78
12023,78
12024,78
12025,78
12026,78
12027,78
12028,78
12029,78
12030,78
12031,78
12032,78
12033,78
12034,78
12035,78
12036,78
12037,78
12038,78
12039,78
12040,78
12041,78
12042,78
12043,78
12044,78
12045,78
12046,78
12047,78
12048,78
12049,78
12050,78
12051,78
12052,78
12053,78
12054,78
12055,78
12056,78
12057,78
12058,78
12059,78
12060,78
12061,78
12062,78
12063,78
12064,78
12065,78
12066,78
12067,78
12068,78
12069,78
12070,78
12071,78
12072,78
12073,78
12074,78
12075,78
12076,78
12077,78
12078,78
12079,78
12080,78
12081,78
12082,78
12083,78
12084,78
12085,78
12086,78
12087,78
12088,78
12089,78
12090,78
12091,78
12092,78
12093,78
12094,78
12095,78
12096,78
12097,78
12098,78
12099,78
12100,78
12101,78
12102,78
12103,78
12104,78
12105,78
12106,78
12107,78
12108,78
12109,78
12110,78
12111,78
12112,78
12113,78
12114,78
12115,78
12116,78
12117,78
12118,78
12119,78
12120,78
12121,78
12122,78
12123,78
12124,78
12125,78
12126,78
12127,78
12128,78
12129,78
12130,78
12131,78
12132,78
12133,78
12134,78
12135,78
12136,78
12137,78
12138,78
12139,78
12140,78
12141,78
12142,78
12143,78
12144,78
12145,78
12146,78
12147,78
12148,78
12149,78
12150,78
12151,78
12152,78
12153,78
12154,78
12155,78
12156,78
12157,78
12158,78
12159,78
12160,78
12161,78
12162,78
12163,78
12164,78
12165,78
12166,78
12167,78
12168,78
12169,78
12170,78
12171,78
12172,78
12173,78
12174,78
12175,78
12176,78
12177,78
12178,78
12179,78
12180,78
12181,78
12182,78
12183,78
12184,78
12185,78
12186,78
12187,78
12188,78
12189,78
12190,78
12191,78
12192,78
12193,78
12194,78
12195,78
12196,78
12197,78
12198,78
12199,78
12200,78
12201,78
12202,78
12203,78
12204,78
12205,78
12206,78
12207,78
12208,78
12209,78
12210,78
12211,78
12212,78
12213,78
12214,78
12215,78
12216,78
12217,78
12218,78
12219,78
12220,78
12221,78
12222,78
12223,78
12224,78
12225,78
12226,78
12227,78
12228,78
12229,78
12230,78
12231,78
12232,78
12233,78
12234,78
12235,78
12236,78
12237,78
12238,78
12239,78
12240,78
12241,78
12242,78
12243,78
12244,78
12245,78
12246,78
12247,78
12248,78
12249,78
12250,78
12251,78
12252,78
12253,78
12254,78
12255,78
12256,78
12257,78
12258,78
12259,78
12260,78
12261,78
12262,78
12263,78
12264,78
12265,78
12266,78
12267,78
12268,78
12269,78
12270,78
12271,78
12272,78
12273,78
12274,78
12275,78
12276,78
12277,78
12278,78
12279,78
12280,78
12281,78
12282,78
12283,78
12284,78
12285,78
12286,78
12287,78
12288,78
12289,78
12290,78
12291,78
12292,78
12293,78
12294,78
12295,78
12296,78
12297,78
12298,78
12299,78
12300,78
12301,78
12302,78
12303,78
12304,78
12305,78
12306,78
12307,78
12308,78
12309,78
12310,78
12311,78
12312,78
12313,78
12314,78
12315,78
12316,78
12317,78
12318,78
12319,78
12320,78
12321,78
12322,78
12323,78
12324,78
12325,78
12326,78
12327,78
12328,78
12329,78
12330,78
12331,78
12332,78
12333,78
12334,78
12335,78
12336,78
12337,78
12338,78
12339,78
12340,78
12341,78
12342,78
12343,78
12344,78
12345,78
12346,78
12347,78
12348,78
12349,78
12350,78
12351,78
12352,78
12353,78
12354,78
12355,78
12356,78
12357,78
12358,78
12359,78
12360,78
12361,78
12362,78
12363,78
12364,78
12365,78
12366,78
12367,78
12368,78
12369,78
12370,78
12371,78
12372,78
12373,78
12374,78
12375,78
12376,78
12377,78
12378,78
12379,78
12380,78
12381,78
12382,78
12383,78
12384,78
12385,78
12386,78
12387,78
12388,78
12389,78
12390,78
12391,78
12392,78
12393,78
12394,78
12395,78
12396,78
12397,78
12398,78
12399,78
12400,78
12401,78
12402,78
12403,78
12404,78
12405,78
12406,78
12407,78
12408,78
12409,78
12410,78
12411,78
12412,78
12413,78
12414,78
12415,78
12416,78
12417,78
12418,78
12419,78
12420,78
12421,78
12422,78
12423,78
12424,78
12425,78
12426,78
12427,78
12428,78
12429,78
12430,78
12431,78
12432,78
12433,78
12434,78
12435,78
12436,78
12437,78
12438,78
12439,78
12440,78
12441,78
12442,78
12443,78
12444,78
12445,78
12446,78
12447,78
12448,78
12449,78
12450,78
12451,78
12452,78
12453,78
12454,78
12455,78
12456,78
12457,78
12458,78
12459,78
12460,78
12461,78
12462,78
12463,78
12464,78
12465,78
12466,78
12467,78
12468,78
12469,78
12470,78
12471,78
12472,78
12473,78
12474,78
12475,78
12476,78
12477,78
12478,78
12479,78
12480,78
12481,78
12482,78
12483,78
12484,78
12485,78
12486,78
12487,78
12488,78
12489,78
12490,78
12491,78
12492,78
12493,78
12494,78
12495,78
12496,78
12497,78
12498,78
12499,78
12500,78
12501,78
12502,78
12503,78
12504,78
12505,78
12506,78
12507,78
12508,78
12509,78
12510,78
12511,78
12512,78
12513,78
12514,78
12515,78
12516,78
12517,78
12518,78
12519,78
12520,78
12521,78
12522,78
12523,78
12524,78
12525,78
12526,78
12527,78
12528,78
12529,78
12530,78
12531,78
12532,78
12533,78
12534,78
12535,78
12536,78
12537,78
12538,78
12539,78
12540,78
12541,78
12542,78
12543,78
12544,78
12545,78
12546,78
12547,78
12548,78
12549,78
12550,78
12551,78
12552,78
12553,78
12554,78
12555,78
12556,78
12557,78
12558,78
12559,78
12560,78
12561,78
12562,78
12563,78
12564,78
12565,78
12566,78
12567,78
12568,78
12569,78
12570,78
12571,78
12572,78
12573,78
12574,78
12575,78
12576,78
12577,78
12578,78
12579,78
12580,78
12581,78
12582,78
12583,78
12584,78
12585,78
12586,78
12587,78
12588,78
12589,78
12590,78
12591,78
12592,78
12593,78
12594,78
12595,78
12596,78
12597,78
12598,78
12599,78
12600,78
12601,78
12602,78
12603,78
12604,78
12605,78
12606,78
12607,78
12608,78
12609,78
12610,78
12611,78
12612,78
12613,78
12614,78
12615,78
12616,78
12617,78
12618,78
12619,78
12620,78
12621,78
12622,78
12623,78
12624,78
12625,78
12626,78
12627,78
12628,78
12629,78
12630,78
12631,78
12632,78
12633,78
12634,78
12635,78
12636,78
12637,78
12638,78
12639,78
12640,78
12641,78
12642,78
12643,78
12644,78
12645,78
12646,78
12647,78
12648,78
12649,78
12650,78
12651,78
12652,78
12653,78
12654,78
12655,78
12656,78
12657,78
12658,78
12659,78
12660,78
12661,78
12662,78
12663,78
12664,78
12665,78
12666,78
12667,78
12668,78
12669,78
12670,78
12671,78
12672,78
12673,78
12674,78
12675,78
12676,78
12677,78
12678,78
12679,78
12680,78
12681,78
12682,78
12683,78
12684,78
12685,78
12686,78
12687,78
12688,78
12689,78
12690,78
12691,78
12692,78
12693,78
12694,78
12695,78
12696,78
12697,78
12698,78
12699,78
12700,78
12701,78
12702,78
12703,78
12704,78
12705,78
12706,78
12707,78
12708,78
12709,78
12710,78
12711,78
12712,78
12713,78
12714,78
12715,78
12716,78
12717,78
12718,78
12719,78
12720,78
12721,78
12722,78
12723,78
12724,78
12725,78
12726,78
12727,78
12728,78
12729,78
12730,78
12731,78
12732,78
12733,78
12734,78
12735,78
12736,78
12737,78
12738,78
12739,78
12740,78
12741,78
12742,78
12743,78
12744,78
12745,78
12746,78
12747,78
12748,78
12749,78
12750,78
12751,78
12752,78
12753,78
12754,78
12755,78
12756,78
12757,78
12758,78
12759,78
12760,78
12761,78
12762,78
12763,78
12764,78
12765,78
12766,78
12767,78
12768,78
12769,78
12770,78
12771,78
12772,78
12773,78
12774,78
12775,78
12776,78
12777,78
12778,78
12779,78
12780,78
12781,78
12782,78
12783,78
12784,78
12785,78
12786,78
12787,78
12788,78
12789,78
12790,78
12791,78
12792,78
12793,78
12794,78
12795,78
12796,78
12797,78
12798,78
12799,78
12800,78
12801,78
12802,78
12803,78
12804,78
12805,78
12806,78
12807,78
12808,78
12809,78
12810,78
12811,78
12812,78
12813,78
12814,78
12815,78
12816,78
12817,78
12818,78
12819,78
12820,78
12821,78
12822,78
12823,78
12824,78
12825,78
12826,78
12827,78
12828,78
12829,78
12830,78
12831,78
12832,78
12833,78
12834,78
12835,78
12836,78
12837,78
12838,78
12839,78
12840,78
12841,78
12842,78
12843,78
12844,78
12845,78
12846,78
12847,78
12848,78
12849,78
12850,78
12851,78
12852,78
12853,78
12854,78
12855,78
12856,78
12857,78
12858,78
12859,78
12860,78
12861,78
12862,78
12863,78
12864,78
12865,78
12866,78
12867,78
12868,78
12869,78
12870,78
12871,78
12872,78
12873,78
12874,78
12875,78
12876,78
12877,78
12878,78
12879,78
12880,78
12881,78
12882,78
12883,78
12884,78
12885,78
12886,78
12887,78
12888,78
12889,78
12890,78
12891,78
12892,78
12893,78
12894,78
12895,78
12896,78
12897,78
12898,78
12899,78
12900,78
12901,78
12902,78
12903,78
12904,78
12905,78
12906,78
12907,78
12908,78
12909,78
12910,78
12911,78
12912,78
12913,78
12914,78
12915,78
12916,78
12917,78
12918,78
12919,78
12920,78
12921,78
12922,78
12923,78
12924,78
12925,78
12926,78
12927,78
12928,78
12929,78
12930,78
12931,78
12932,78
12933,78
12934,78
12935,78
12936,78
12937,78
12938,78
12939,78
12940,78
12941,78
12942,78
12943,78
12944,78
12945,78
12946,78
12947,78
12948,78
12949,78
12950,78
12951,78
12952,78
12953,78
12954,78
12955,78
12956,78
12957,78
12958,78
12959,78
12960,78
12961,78
12962,78
12963,78
12964,78
12965,78
12966,78
12967,78
12968,78
12969,78
12970,78
12971,78
12972,78
12973,78
12974,78
12975,78
12976,78
12977,78
12978,78
12979,78
12980,78
12981,78
12982,78
12983,78
12984,78
12985,78
12986,78
12987,78
12988,78
12989,78
12990,78
12991,78
12992,78
12993,78
12994,78
12995,78
12996,78
12997,78
12998,78
12999,78
13000,78
13001,78
13002,78
13003,78
13004,78
13005,78
13006,78
13007,78
13008,78
13009,78
13010,78
13011,78
13012,78
13013,78
13014,78
13015,78
13016,78
13017,78
13018,78
13019,78
13020,78
13021,78
13022,78
13023,78
13024,78
13025,78
13026,78
13027,78
13028,78
13029,78
13030,78
13031,78
13032,78
13033,78
13034,78
13035,78
13036,78
13037,78
13038,78
13039,78
13040,78
13041,78
13042,78
13043,78
13044,78
13045,78
13046,78
13047,78
13048,78
13049,78
13050,78
13051,78
13052,78
13053,78
13054,78
13055,78
13056,78
13057,78
13058,78
13059,78
13060,78
13061,78
13062,78
13063,78
13064,78
13065,78
13066,78
13067,78
13068,78
13069,78
13070,78
13071,78
13072,78
13073,78
13074,78
13075,78
13076,78
13077,78
13078,78
13079,78
13080,78
13081,78
13082,78
13083,78
13084,78
13085,78
13086,78
13087,78
13088,78
13089,78
13090,78
13091,78
13092,78
13093,78
13094,78
13095,78
13096,78
13097,78
13098,78
13099,78
13100,78
13101,78
13102,78
13103,78
13104,78
13105,78
13106,78
13107,78
13108,78
13109,78
13110,78
13111,78
13112,78
13113,78
13114,78
13115,78
13116,78
13117,78
13118,78
13119,78
13120,78
13121,78
13122,78
13123,78
13124,78
13125,78
13126,78
13127,78
13128,78
13129,78
13130,78
13131,78
13132,78
13133,78
13134,78
13135,78
13136,78
13137,78
13138,78
13139,78
13140,78
13141,78
13142,78
13143,78
13144,78
13145,78
13146,78
13147,78
13148,78
13149,78
13150,78
13151,78
13152,78
13153,78
13154,78
13155,78
13156,78
13157,78
13158,78
13159,78
13160,78
13161,78
13162,78
13163,78
13164,78
13165,78
13166,78
13167,78
13168,78
13169,78
13170,78
13171,78
13172,78
13173,78
13174,78
13175,78
13176,78
13177,78
13178,78
13179,78
13180,78
13181,78
13182,78
13183,78
13184,78
13185,78
13186,78
13187,78
13188,78
13189,78
13190,78
13191,78
13192,78
13193,78
13194,78
13195,78
13196,78
13197,78
13198,78
13199,78
13200,78
13201,78
13202,78
13203,78
13204,78
13205,78
13206,78
13207,78
13208,78
13209,78
13210,78
13211,78
13212,78
13213,78
13214,78
13215,78
13216,78
13217,78
13218,78
13219,78
13220,78
13221,78
13222,78
13223,78
13224,78
13225,78
13226,78
13227,78
13228,78
13229,78
13230,78
13231,78
13232,78
13233,78
13234,78
13235,78
13236,78
13237,78
13238,78
13239,78
13240,78
13241,78
13242,78
13243,78
13244,78
13245,78
13246,78
13247,78
13248,78
13249,78
13250,78
13251,78
13252,78
13253,78
13254,78
13255,78
13256,78
13257,78
13258,78
13259,78
13260,78
13261,78
13262,78
13263,78
13264,78
13265,78
13266,78
13267,78
13268,78
13269,78
13270,78
13271,78
13272,78
13273,78
13274,78
13275,78
13276,78
13277,78
13278,78
13279,78
13280,78
13281,78
13282,78
13283,78
13284,78
13285,78
13286,78
13287,78
13288,78
13289,78
13290,78
13291,78
13292,78
13293,78
13294,78
13295,78
13296,78
13297,78
13298,78
13299,78
13300,78
13301,78
13302,78
13303,78
13304,78
13305,78
13306,78
13307,78
13308,78
13309,78
13310,78
13311,78
13312,78
13313,78
13314,78
13315,78
13316,78
13317,78
13318,78
13319,78
13320,78
13321,78
13322,78
13323,78
13324,78
13325,78
13326,78
13327,78
13328,78
13329,78
13330,78
13331,78
13332,78
13333,78
13334,78
13335,78
13336,78
13337,78
13338,78
13339,78
13340,78
13341,78
13342,78
13343,78
13344,78
13345,78
13346,78
13347,78
13348,78
13349,78
13350,78
13351,78
13352,78
13353,78
13354,78
13355,78
13356,78
13357,78
13358,78
13359,78
13360,78
13361,78
13362,78
13363,78
13364,78
13365,78
13366,78
13367,78
13368,78
13369,78
13370,78
13371,78
13372,78
13373,78
13374,78
13375,78
13376,78
13377,78
13378,78
13379,78
13380,78
13381,78
13382,78
13383,78
13384,78
13385,78
13386,78
13387,78
13388,78
13389,78
13390,78
13391,78
13392,78
13393,78
13394,78
13395,78
13396,78
13397,78
13398,78
13399,78
13400,78
13401,78
13402,78
13403,78
13404,78
13405,78
13406,78
13407,78
13408,78
13409,78
13410,78
13411,78
13412,78
13413,78
13414,78
13415,78
13416,78
13417,78
13418,78
13419,78
13420,78
13421,78
13422,78
13423,78
13424,78
13425,78
13426,78
13427,78
13428,78
13429,78
13430,78
13431,78
13432,78
13433,78
13434,78
13435,78
13436,78
13437,78
13438,78
13439,78
13440,78
13441,78
13442,78
13443,78
13444,78
13445,78
13446,78
13447,78
13448,78
13449,78
13450,78
13451,78
13452,78
13453,78
13454,78
13455,78
13456,78
13457,78
13458,78
13459,78
13460,78
13461,78
13462,78
13463,78
13464,78
13465,78
13466,78
13467,78
13468,78
13469,78
13470,78
13471,78
13472,78
13473,78
13474,78
13475,78
13476,78
13477,78
13478,78
13479,78
13480,78
13481,78
13482,78
13483,78
13484,78
13485,78
13486,78
13487,78
13488,78
13489,78
13490,78
13491,78
13492,78
13493,78
13494,78
13495,78
13496,78
13497,78
13498,78
13499,78
13500,78
13501,78
13502,78
13503,78
13504,78
13505,78
13506,78
13507,78
13508,78
13509,78
13510,78
13511,78
13512,78
13513,78
13514,78
13515,78
13516,78
13517,78
13518,78
13519,78
13520,78
13521,78
13522,78
13523,78
13524,78
13525,78
13526,78
13527,78
13528,78
13529,78
13530,78
13531,78
13532,78
13533,78
13534,78
13535,78
13536,78
13537,78
13538,78
13539,78
13540,78
13541,78
13542,78
13543,78
13544,78
13545,78
13546,78
13547,78
13548,78
13549,78
13550,78
13551,78
13552,78
13553,78
13554,78
13555,78
13556,78
13557,78
13558,78
13559,78
13560,78
13561,78
13562,78
13563,78
13564,78
13565,78
13566,78
13567,78
13568,78
13569,78
13570,78
13571,78
13572,78
13573,78
13574,78
13575,78
13576,78
13577,78
13578,78
13579,78
13580,78
13581,78
13582,78
13583,78
13584,78
13585,78
13586,78
13587,78
13588,78
13589,78
13590,78
13591,78
13592,78
13593,78
13594,78
13595,78
13596,78
13597,78
13598,78
13599,78
13600,78
13601,78
13602,78
13603,78
13604,78
13605,78
13606,78
13607,78
13608,78
13609,78
13610,78
13611,78
13612,78
13613,78
13614,78
13615,78
13616,78
13617,78
13618,78
13619,78
13620,78
13621,78
13622,78
13623,78
13624,78
13625,78
13626,78
13627,78
13628,78
13629,78
13630,78
13631,78
13632,78
13633,78
13634,78
13635,78
13636,78
13637,78
13638,78
13639,78
13640,78
13641,78
13642,78
13643,78
13644,78
13645,78
13646,78
13647,78
13648,78
13649,78
13650,78
13651,78
13652,78
13653,78
13654,78
13655,78
13656,78
13657,78
13658,78
13659,78
13660,78
13661,78
13662,78
13663,78
13664,78
13665,78
13666,78
13667,78
13668,78
13669,78
13670,78
13671,78
13672,78
13673,78
13674,78
13675,78
13676,78
13677,78
13678,78
13679,78
13680,78
13681,78
13682,78
13683,78
13684,78
13685,78
13686,78
13687,78
13688,78
13689,78
13690,78
13691,78
13692,78
13693,78
13694,78
13695,78
13696,78
13697,78
13698,78
13699,78
13700,78
13701,78
13702,78
13703,78
13704,78
13705,78
13706,78
13707,78
13708,78
13709,78
13710,78
13711,78
13712,78
13713,78
13714,78
13715,78
13716,78
13717,78
13718,78
13719,78
13720,78
13721,78
13722,78
13723,78
13724,78
13725,78
13726,78
13727,78
13728,78
13729,78
13730,78
13731,78
13732,78
13733,78
13734,78
13735,78
13736,78
13737,78
13738,78
13739,78
13740,78
13741,78
13742,78
13743,78
13744,78
13745,78
13746,78
13747,78
13748,78
13749,78
13750,78
13751,78
13752,78
13753,78
13754,78
13755,78
13756,78
13757,78
13758,78
13759,78
13760,78
13761,78
13762,78
13763,78
13764,78
13765,78
13766,78
13767,78
13768,78
13769,78
13770,78
13771,78
13772,78
13773,78
13774,78
13775,78
13776,78
13777,78
13778,78
13779,78
13780,78
13781,78
13782,78
13783,78
13784,78
13785,78
13786,78
13787,78
13788,78
13789,78
13790,78
13791,78
13792,78
13793,78
13794,78
13795,78
13796,78
13797,78
13798,78
13799,78
13800,78
13801,78
13802,78
13803,78
13804,78
13805,78
13806,78
13807,78
13808,78
13809,78
13810,78
13811,78
13812,78
13813,78
13814,78
13815,78
13816,78
13817,78
13818,78
13819,78
13820,78
13821,78
13822,78
13823,78
13824,78
13825,78
13826,78
13827,78
13828,78
13829,78
13830,78
13831,78
13832,78
13833,78
13834,78
13835,78
13836,78
13837,78
13838,78
13839,78
13840,78
13841,78
13842,78
13843,78
13844,78
13845,78
13846,78
13847,78
13848,78
13849,78
13850,78
13851,78
13852,78
13853,78
13854,78
13855,78
13856,78
13857,78
13858,78
13859,78
13860,78
13861,78
13862,78
13863,78
13864,78
13865,78
13866,78
13867,78
13868,78
13869,78
13870,78
13871,78
13872,78
13873,78
13874,78
13875,78
13876,78
13877,78
13878,78
13879,78
13880,78
13881,78
13882,78
13883,78
13884,78
13885,78
13886,78
13887,78
13888,78
13889,78
13890,78
13891,78
13892,78
13893,78
13894,78
13895,78
13896,78
13897,78
13898,78
13899,78
13900,78
13901,78
13902,78
13903,78
13904,78
13905,78
13906,78
13907,78
13908,78
13909,78
13910,78
13911,78
13912,78
13913,78
13914,78
13915,78
13916,78
13917,78
13918,78
13919,78
13920,78
13921,78
13922,78
13923,78
13924,78
13925,78
13926,78
13927,78
13928,78
13929,78
13930,78
13931,78
13932,78
13933,78
13934,78
13935,78
13936,78
13937,78
13938,78
13939,78
13940,78
13941,78
13942,78
13943,78
13944,78
13945,78
13946,78
13947,78
13948,78
13949,78
13950,78
13951,78
13952,78
13953,78
13954,78
13955,78
13956,78
13957,78
13958,78
13959,78
13960,78
13961,78
13962,78
13963,78
13964,78
13965,78
13966,78
13967,78
13968,78
13969,78
13970,78
13971,78
13972,78
13973,78
13974,78
13975,78
13976,78
13977,78
13978,78
13979,78
13980,78
13981,78
13982,78
13983,78
13984,78
13985,78
13986,78
13987,78
13988,78
13989,78
13990,78
13991,78
13992,78
13993,78
13994,78
13995,78
13996,78
13997,78
13998,78
13999,78
14000,78
14001,78
14002,78
14003,78
14004,78
14005,78
14006,78
14007,78
14008,78
14009,78
14010,78
14011,78
14012,78
14013,78
14014,78
14015,78
14016,78
14017,78
14018,78
14019,78
14020,78
14021,78
14022,78
14023,78
14024,78
14025,78
14026,78
14027,78
14028,78
14029,78
14030,78
14031,78
14032,78
14033,78
14034,78
14035,78
14036,78
14037,78
14038,78
14039,78
14040,78
14041,78
14042,78
14043,78
14044,78
14045,78
14046,78
14047,78
14048,78
14049,78
14050,78
14051,78
14052,78
14053,78
14054,78
14055,78
14056,78
14057,78
14058,78
14059,78
14060,78
14061,78
14062,78
14063,78
14064,78
14065,78
14066,78
14067,78
14068,78
14069,78
14070,78
14071,78
14072,78
14073,78
14074,78
14075,78
14076,78
14077,78
14078,78
14079,78
14080,78
14081,78
14082,78
14083,78
14084,78
14085,78
14086,78
14087,78
14088,78
14089,78
14090,78
14091,78
14092,78
14093,78
14094,78
14095,78
14096,78
14097,78
14098,78
14099,78
14100,78
14101,78
14102,78
14103,78
14104,78
14105,78
14106,78
14107,78
14108,78
14109,78
14110,78
14111,78
14112,78
14113,78
14114,78
14115,78
14116,78
14117,78
14118,78
14119,78
14120,78
14121,78
14122,78
14123,78
14124,78
14125,78
14126,78
14127,78
14128,78
14129,78
14130,78
14131,78
14132,78
14133,78
14134,78
14135,78
14136,78
14137,78
14138,78
14139,78
14140,78
14141,78
14142,78
14143,78
14144,78
14145,78
14146,78
14147,78
14148,78
14149,78
14150,78
14151,78
14152,78
14153,78
14154,78
14155,78
14156,78
14157,78
14158,78
14159,78
14160,78
14161,78
14162,78
14163,78
14164,78
14165,78
14166,78
14167,78
14168,78
14169,78
14170,78
14171,78
14172,78
14173,78
14174,78
14175,78
14176,78
14177,78
14178,78
14179,78
14180,78
14181,78
14182,78
14183,78
14184,78
14185,78
14186,78
14187,78
14188,78
14189,78
14190,78
14191,78
14192,78
14193,78
14194,78
14195,78
14196,78
14197,78
14198,78
14199,78
14200,78
14201,78
14202,78
14203,78
14204,78
14205,78
14206,78
14207,78
14208,78
14209,78
14210,78
14211,78
14212,78
14213,78
14214,78
14215,78
14216,78
14217,78
14218,78
14219,78
14220,78
14221,78
14222,78
14223,78
14224,78
14225,78
14226,78
14227,78
14228,78
14229,78
14230,78
14231,78
14232,78
14233,78
14234,78
14235,78
14236,78
14237,78
14238,78
14239,78
14240,78
14241,78
14242,78
14243,78
14244,78
14245,78
14246,78
14247,78
14248,78
14249,78
14250,78
14251,78
14252,78
14253,78
14254,78
14255,78
14256,78
14257,78
14258,78
14259,78
14260,78
14261,78
14262,78
14263,78
14264,78
14265,78
14266,78
14267,78
14268,78
14269,78
14270,78
14271,78
14272,78
14273,78
14274,78
14275,78
14276,78
14277,78
14278,78
14279,78
14280,78
14281,78
14282,78
14283,78
14284,78
14285,78
14286,78
14287,78
14288,78
14289,78
14290,78
14291,78
14292,78
14293,78
14294,78
14295,78
14296,78
14297,78
14298,78
14299,78
14300,78
14301,78
14302,78
14303,78
14304,78
14305,78
14306,78
14307,78
14308,78
14309,78
14310,78
14311,78
14312,78
14313,78
14314,78
14315,78
14316,78
14317,78
14318,78
14319,78
14320,78
14321,78
14322,78
14323,78
14324,78
14325,78
14326,78
14327,78
14328,78
14329,78
14330,78
14331,78
14332,78
14333,78
14334,78
14335,78
14336,78
14337,78
14338,78
14339,78
14340,78
14341,78
14342,78
14343,78
14344,78
14345,78
14346,78
14347,78
14348,78
14349,78
14350,78
14351,78
14352,78
14353,78
14354,78
14355,78
14356,78
14357,78
14358,78
14359,78
14360,78
14361,78
14362,78
14363,78
14364,78
14365,78
14366,78
14367,78
14368,78
14369,78
14370,78
14371,78
14372,78
14373,78
14374,78
14375,78
14376,78
14377,78
14378,78
14379,78
14380,78
14381,78
14382,78
14383,78
14384,78
14385,78
14386,78
14387,78
14388,78
14389,78
14390,78
14391,78
14392,78
14393,78
14394,78
14395,78
14396,78
14397,78
14398,78
14399,78
14400,78
14401,78
14402,78
14403,78
14404,78
14405,78
14406,78
14407,78
14408,78
14409,78
14410,78
14411,78
14412,78
14413,78
14414,78
14415,78
14416,78
14417,78
14418,78
14419,78
14420,78
14421,78
14422,78
14423,78
14424,78
14425,78
14426,78
14427,78
14428,78
14429,78
14430,78
14431,78
14432,78
14433,78
14434,78
14435,78
14436,78
14437,78
14438,78
14439,78
14440,78
14441,78
14442,78
14443,78
14444,78
14445,78
14446,78
14447,78
14448,78
14449,78
14450,78
14451,78
14452,78
14453,78
14454,78
14455,78
14456,78
14457,78
14458,78
14459,78
14460,78
14461,78
14462,78
14463,78
14464,78
14465,78
14466,78
14467,78
14468,78
14469,78
14470,78
14471,78
14472,78
14473,78
14474,78
14475,78
14476,78
14477,78
14478,78
14479,78
14480,78
14481,78
14482,78
14483,78
14484,78
14485,78
14486,78
14487,78
14488,78
14489,78
14490,78
14491,78
14492,78
14493,78
14494,78
14495,78
14496,78
14497,78
14498,78
14499,78
14500,78
14501,78
14502,78
14503,78
14504,78
14505,78
14506,78
14507,78
14508,78
14509,78
14510,78
14511,78
14512,78
14513,78
14514,78
14515,78
14516,78
14517,78
14518,78
14519,78
14520,78
14521,78
14522,78
14523,78
14524,78
14525,78
14526,78
14527,78
14528,78
14529,78
14530,78
14531,78
14532,78
14533,78
14534,78
14535,78
14536,78
14537,78
14538,78
14539,78
14540,78
14541,78
14542,78
14543,78
14544,78
14545,78
14546,78
14547,78
14548,78
14549,78
14550,78
14551,78
14552,78
14553,78
14554,78
14555,78
14556,78
14557,78
14558,78
14559,78
14560,78
14561,78
14562,78
14563,78
14564,78
14565,78
14566,78
14567,78
14568,78
14569,78
14570,78
14571,78
14572,78
14573,78
14574,78
14575,78
14576,78
14577,78
14578,78
14579,78
14580,78
14581,78
14582,78
14583,78
14584,78
14585,78
14586,78
14587,78
14588,78
14589,78
14590,78
14591,78
14592,78
14593,78
14594,78
14595,78
14596,78
14597,78
14598,78
14599,78
14600,78
14601,78
14602,78
14603,78
14604,78
14605,78
14606,78
14607,78
14608,78
14609,78
14610,78
14611,78
14612,78
14613,78
14614,78
14615,78
14616,78
14617,78
14618,78
14619,78
14620,78
14621,78
14622,78
14623,78
14624,78
14625,78
14626,78
14627,78
14628,78
14629,78
14630,78
14631,78
14632,78
14633,78
14634,78
14635,78
14636,78
14637,78
14638,78
14639,78
14640,78
14641,78
14642,78
14643,78
14644,78
14645,78
14646,78
14647,78
14648,78
14649,78
14650,78
14651,78
14652,78
14653,78
14654,78
14655,78
14656,78
14657,78
14658,78
14659,78
14660,78
14661,78
14662,78
14663,78
14664,78
14665,78
14666,78
14667,78
14668,78
14669,78
14670,78
14671,78
14672,78
14673,78
14674,78
14675,78
14676,78
14677,78
14678,78
14679,78
14680,78
14681,78
14682,78
14683,78
14684,78
14685,78
14686,78
14687,78
14688,78
14689,78
14690,78
14691,78
14692,78
14693,78
14694,78
14695,78
14696,78
14697,78
14698,78
14699,78
14700,78
14701,78
14702,78
14703,78
14704,78
14705,78
14706,78
14707,78
14708,78
14709,78
14710,78
14711,78
14712,78
14713,78
14714,78
14715,78
14716,78
14717,78
14718,78
14719,78
14720,78
14721,78
14722,78
14723,78
14724,78
14725,78
14726,78
14727,78
14728,78
14729,78
14730,78
14731,78
14732,78
14733,78
14734,78
14735,78
14736,78
14737,78
14738,78
14739,78
14740,78
14741,78
14742,78
14743,78
14744,78
14745,78
14746,78
14747,78
14748,78
14749,78
14750,78
14751,78
14752,78
14753,78
14754,78
14755,78
14756,78
14757,78
14758,78
14759,78
14760,78
14761,78
14762,78
14763,78
14764,78
14765,78
14766,78
14767,78
14768,78
14769,78
14770,78
14771,78
14772,78
14773,78
14774,78
14775,78
14776,78
14777,78
14778,78
14779,78
14780,78
14781,78
14782,78
14783,78
14784,78
14785,78
14786,78
14787,78
14788,78
14789,78
14790,78
14791,78
14792,78
14793,78
14794,78
14795,78
14796,78
14797,78
14798,78
14799,78
14800,78
14801,78
14802,78
14803,78
14804,78
14805,78
14806,78
14807,78
14808,78
14809,78
14810,78
14811,78
14812,78
14813,78
14814,78
14815,78
14816,78
14817,78
14818,78
14819,78
14820,78
14821,78
14822,78
14823,78
14824,78
14825,78
14826,78
14827,78
14828,78
14829,78
14830,78
14831,78
14832,78
14833,78
14834,78
14835,78
14836,78
14837,78
14838,78
14839,78
14840,78
14841,78
14842,78
14843,78
14844,78
14845,78
14846,78
14847,78
14848,78
14849,78
14850,78
14851,78
14852,78
14853,78
14854,78
14855,78
14856,78
14857,78
14858,78
14859,78
14860,78
14861,78
14862,78
14863,78
14864,78
14865,78
14866,78
14867,78
14868,78
14869,78
14870,78
14871,78
14872,78
14873,78
14874,78
14875,78
14876,78
14877,78
14878,78
14879,78
14880,78
14881,78
14882,78
14883,78
14884,78
14885,78
14886,78
14887,78
14888,78
14889,78
14890,78
14891,78
14892,78
14893,78
14894,78
14895,78
14896,78
14897,78
14898,78
14899,78
14900,78
14901,78
14902,78
14903,78
14904,78
14905,78
14906,78
14907,78
14908,78
14909,78
14910,78
14911,78
14912,78
14913,78
14914,78
14915,78
14916,78
14917,78
14918,78
14919,78
14920,78
14921,78
14922,78
14923,78
14924,78
14925,78
14926,78
14927,78
14928,78
14929,78
14930,78
14931,78
14932,78
14933,78
14934,78
14935,78
14936,78
14937,78
14938,78
14939,78
14940,78
14941,78
14942,78
14943,78
14944,78
14945,78
14946,78
14947,78
14948,78
14949,78
14950,78
14951,78
14952,78
14953,78
14954,78
14955,78
14956,78
14957,78
14958,78
14959,78
14960,78
14961,78
14962,78
14963,78
14964,78
14965,78
14966,78
14967,78
14968,78
14969,78
14970,78
14971,78
14972,78
14973,78
14974,78
14975,78
14976,78
14977,78
14978,78
14979,78
14980,78
14981,78
14982,78
14983,78
14984,78
14985,78
14986,78
14987,78
14988,78
14989,78
14990,78
14991,78
14992,78
14993,78
14994,78
14995,78
14996,78
14997,78
14998,78
14999,78
15000,78
15001,78
15002,78
15003,78
15004,78
15005,78
15006,78
15007,78
15008,78
15009,78
15010,78
15011,78
15012,78
15013,78
15014,78
15015,78
15016,78
15017,78
15018,78
15019,78
15020,78
15021,78
15022,78
15023,78
15024,78
15025,78
15026,78
15027,78
15028,78
15029,78
15030,78
15031,78
15032,78
15033,78
15034,78
15035,78
15036,78
15037,78
15038,78
15039,78
15040,78
15041,78
15042,78
15043,78
15044,78
15045,78
15046,78
15047,78
15048,78
15049,78
15050,78
15051,78
15052,78
15053,78
15054,78
15055,78
15056,78
15057,78
15058,78
15059,78
15060,78
15061,78
15062,78
15063,78
15064,78
15065,78
15066,78
15067,78
15068,78
15069,78
15070,78
15071,78
15072,78
15073,78
15074,78
15075,78
15076,78
15077,78
15078,78
15079,78
15080,78
15081,78
15082,78
15083,78
15084,78
15085,78
15086,78
15087,78
15088,78
15089,78
15090,78
15091,78
15092,78
15093,78
15094,78
15095,78
15096,78
15097,78
15098,78
15099,78
15100,78
15101,78
15102,78
15103,78
15104,78
15105,78
15106,78
15107,78
15108,78
15109,78
15110,78
15111,78
15112,78
15113,78
15114,78
15115,78
15116,78
15117,78
15118,78
15119,78
15120,78
15121,78
15122,78
15123,78
15124,78
15125,78
15126,78
15127,78
15128,78
15129,78
15130,78
15131,78
15132,78
15133,78
15134,78
15135,78
15136,78
15137,78
15138,78
15139,78
15140,78
15141,78
15142,78
15143,78
15144,78
15145,78
15146,78
15147,78
15148,78
15149,78
15150,78
15151,78
15152,78
15153,78
15154,78
15155,78
15156,78
15157,78
15158,78
15159,78
15160,78
15161,78
15162,78
15163,78
15164,78
15165,78
15166,78
15167,78
15168,78
15169,78
15170,78
15171,78
15172,78
15173,78
15174,78
15175,78
15176,78
15177,78
15178,78
15179,78
15180,78
15181,78
15182,78
15183,78
15184,78
15185,78
15186,78
15187,78
15188,78
15189,78
15190,78
15191,78
15192,78
15193,78
15194,78
15195,78
15196,78
15197,78
15198,78
15199,78
15200,78
15201,78
15202,78
15203,78
15204,78
15205,78
15206,78
15207,78
15208,78
15209,78
15210,78
15211,78
15212,78
15213,78
15214,78
15215,78
15216,78
15217,78
15218,78
15219,78
15220,78
15221,78
15222,78
15223,78
15224,78
15225,78
15226,78
15227,78
15228,78
15229,78
15230,78
15231,78
15232,78
15233,78
15234,78
15235,78
15236,78
15237,78
15238,78
15239,78
15240,78
15241,78
15242,78
15243,78
15244,78
15245,78
15246,78
15247,78
15248,78
15249,78
15250,78
15251,78
15252,78
15253,78
15254,78
15255,78
15256,78
15257,78
15258,78
15259,78
15260,78
15261,78
15262,78
15263,78
15264,78
15265,78
15266,78
15267,78
15268,78
15269,78
15270,78
15271,78
15272,78
15273,78
15274,78
15275,78
15276,78
15277,78
15278,78
15279,78
15280,78
15281,78
15282,78
15283,78
15284,78
15285,78
15286,78
15287,78
15288,78
15289,78
15290,78
15291,78
15292,78
15293,78
15294,78
15295,78
15296,78
15297,78
15298,78
15299,78
15300,78
15301,78
15302,78
15303,78
15304,78
15305,78
15306,78
15307,78
15308,78
15309,78
15310,78
15311,78
15312,78
15313,78
15314,78
15315,78
15316,78
15317,78
15318,78
15319,78
15320,78
15321,78
15322,78
15323,78
15324,78
15325,78
15326,78
15327,78
15328,78
15329,78
15330,78
15331,78
15332,78
15333,78
15334,78
15335,78
15336,78
15337,78
15338,78
15339,78
15340,78
15341,78
15342,78
15343,78
15344,78
15345,78
15346,78
15347,78
15348,78
15349,78
15350,78
15351,78
15352,78
15353,78
15354,78
15355,78
15356,78
15357,78
15358,78
15359,78
15360,78
15361,78
15362,78
15363,78
15364,78
15365,78
15366,78
15367,78
15368,78
15369,78
15370,78
15371,78
15372,78
15373,78
15374,78
15375,78
15376,78
15377,78
15378,78
15379,78
15380,78
15381,78
15382,78
15383,78
15384,78
15385,78
15386,78
15387,78
15388,78
15389,78
15390,78
15391,78
15392,78
15393,78
15394,78
15395,78
15396,78
15397,78
15398,78
15399,78
15400,78
15401,78
15402,78
15403,78
15404,78
15405,78
15406,78
15407,78
15408,78
15409,78
15410,78
15411,78
15412,78
15413,78
15414,78
15415,78
15416,78
15417,78
15418,78
15419,78
15420,78
15421,78
15422,78
15423,78
15424,78
15425,78
15426,78
15427,78
15428,78
15429,78
15430,78
15431,78
15432,78
15433,78
15434,78
15435,78
15436,78
15437,78
15438,78
15439,78
15440,78
15441,78
15442,78
15443,78
15444,78
15445,78
15446,78
15447,78
15448,78
15449,78
15450,78
15451,78
15452,78
15453,78
15454,78
15455,78
15456,78
15457,78
15458,78
15459,78
15460,78
15461,78
15462,78
15463,78
15464,78
15465,78
15466,78
15467,78
15468,78
15469,78
15470,78
15471,78
15472,78
15473,78
15474,78
15475,78
15476,78
15477,78
15478,78
15479,78
15480,78
15481,78
15482,78
15483,78
15484,78
15485,78
15486,78
15487,78
15488,78
15489,78
15490,78
15491,78
15492,78
15493,78
15494,78
15495,78
15496,78
15497,78
15498,78
15499,78
15500,78
15501,78
15502,78
15503,78
15504,78
15505,78
15506,78
15507,78
15508,78
15509,78
15510,78
15511,78
15512,78
15513,78
15514,78
15515,78
15516,78
15517,78
15518,78
15519,78
15520,78
15521,78
15522,78
15523,78
15524,78
15525,78
15526,78
15527,78
15528,78
15529,78
15530,78
15531,78
15532,78
15533,78
15534,78
15535,78
15536,78
15537,78
15538,78
15539,78
15540,78
15541,78
15542,78
15543,78
15544,78
15545,78
15546,78
15547,78
15548,78
15549,78
15550,78
15551,78
15552,78
15553,78
15554,78
15555,78
15556,78
15557,78
15558,78
15559,78
15560,78
15561,78
15562,78
15563,78
15564,78
15565,78
15566,78
15567,78
15568,78
15569,78
15570,78
15571,78
15572,78
15573,78
15574,78
15575,78
15576,78
15577,78
15578,78
15579,78
15580,78
15581,78
15582,78
15583,78
15584,78
15585,78
15586,78
15587,78
15588,78
15589,78
15590,78
15591,78
15592,78
15593,78
15594,78
15595,78
15596,78
15597,78
15598,78
15599,78
15600,78
15601,78
15602,78
15603,78
15604,78
15605,78
15606,78
15607,78
15608,78
15609,78
15610,78
15611,78
15612,78
15613,78
15614,78
15615,78
15616,78
15617,78
15618,78
15619,78
15620,78
15621,78
15622,78
15623,78
15624,78
15625,78
15626,78
15627,78
15628,78
15629,78
15630,78
15631,78
15632,78
15633,78
15634,78
15635,78
15636,78
15637,78
15638,78
15639,78
15640,78
15641,78
15642,78
15643,78
15644,78
15645,78
15646,78
15647,78
15648,78
15649,78
15650,78
15651,78
15652,78
15653,78
15654,78
15655,78
15656,78
15657,78
15658,78
15659,78
15660,78
15661,78
15662,78
15663,78
15664,78
15665,78
15666,78
15667,78
15668,78
15669,78
15670,78
15671,78
15672,78
15673,78
15674,78
15675,78
15676,78
15677,78
15678,78
15679,78
15680,78
15681,78
15682,78
15683,78
15684,78
15685,78
15686,78
15687,78
15688,78
15689,78
15690,78
15691,78
15692,78
15693,78
15694,78
15695,78
15696,78
15697,78
15698,78
15699,78
15700,78
15701,78
15702,78
15703,78
15704,78
15705,78
15706,78
15707,78
15708,78
15709,78
15710,78
15711,78
15712,78
15713,78
15714,78
15715,78
15716,78
15717,78
15718,78
15719,78
15720,78
15721,78
15722,78
15723,78
15724,78
15725,78
15726,78
15727,78
15728,78
15729,78
15730,78
15731,78
15732,78
15733,78
15734,78
15735,78
15736,78
15737,78
15738,78
15739,78
15740,78
15741,78
15742,78
15743,78
15744,78
15745,78
15746,78
15747,78
15748,78
15749,78
15750,78
15751,78
15752,78
15753,78
15754,78
15755,78
15756,78
15757,78
15758,78
15759,78
15760,78
15761,78
15762,78
15763,78
15764,78
15765,78
15766,78
15767,78
15768,78
15769,78
15770,78
15771,78
15772,78
15773,78
15774,78
15775,78
15776,78
15777,78
15778,78
15779,78
15780,78
15781,78
15782,78
15783,78
15784,78
15785,78
15786,78
15787,78
15788,78
15789,78
15790,78
15791,78
15792,78
15793,78
15794,78
15795,78
15796,78
15797,78
15798,78
15799,78
15800,78
15801,78
15802,78
15803,78
15804,78
15805,78
15806,78
15807,78
15808,78
15809,78
15810,78
15811,78
15812,78
15813,78
15814,78
15815,78
15816,78
15817,78
15818,78
15819,78
15820,78
15821,78
15822,78
15823,78
15824,78
15825,78
15826,78
15827,78
15828,78
15829,78
15830,78
15831,78
15832,78
15833,78
15834,78
15835,78
15836,78
15837,78
15838,78
15839,78
15840,78
15841,78
15842,78
15843,78
15844,78
15845,78
15846,78
15847,78
15848,78
15849,78
15850,78
15851,78
15852,78
15853,78
15854,78
15855,78
15856,78
15857,78
15858,78
15859,78
15860,78
15861,78
15862,78
15863,78
15864,78
15865,78
15866,78
15867,78
15868,78
15869,78
15870,78
15871,78
15872,78
15873,78
15874,78
15875,78
15876,78
15877,78
15878,78
15879,78
15880,78
15881,78
15882,78
15883,78
15884,78
15885,78
15886,78
15887,78
15888,78
15889,78
15890,78
15891,78
15892,78
15893,78
15894,78
15895,78
15896,78
15897,78
15898,78
15899,78
15900,78
15901,78
15902,78
15903,78
15904,78
15905,78
15906,78
15907,78
15908,78
15909,78
15910,78
15911,78
15912,78
15913,78
15914,78
15915,78
15916,78
15917,78
15918,78
15919,78
15920,78
15921,78
15922,78
15923,78
15924,78
15925,78
15926,78
15927,78
15928,78
15929,78
15930,78
15931,78
15932,78
15933,78
15934,78
15935,78
15936,78
15937,78
15938,78
15939,78
15940,78
15941,78
15942,78
15943,78
15944,78
15945,78
15946,78
15947,78
15948,78
15949,78
15950,78
15951,78
15952,78
15953,78
15954,78
15955,78
15956,78
15957,78
15958,78
15959,78
15960,78
15961,78
15962,78
15963,78
15964,78
15965,78
15966,78
15967,78
15968,78
15969,78
15970,78
15971,78
15972,78
15973,78
15974,78
15975,78
15976,78
15977,78
15978,78
15979,78
15980,78
15981,78
15982,78
15983,78
15984,78
15985,78
15986,78
15987,78
15988,78
15989,78
15990,78
15991,78
15992,78
15993,78
15994,78
15995,78
15996,78
15997,78
15998,78
15999,78
16000,78
16001,78
16002,78
16003,78
16004,78
16005,78
16006,78
16007,78
16008,78
16009,78
16010,78
16011,78
16012,78
16013,78
16014,78
16015,78
16016,78
16017,78
16018,78
16019,78
16020,78
16021,78
16022,78
16023,78
16024,78
16025,78
16026,78
16027,78
16028,78
16029,78
16030,78
16031,78
16032,78
16033,78
16034,78
16035,78
16036,78
16037,78
16038,78
16039,78
16040,78
16041,78
16042,78
16043,78
16044,78
16045,78
16046,78
16047,78
16048,78
16049,78
16050,78
16051,78
16052,78
16053,78
16054,78
16055,78
16056,78
16057,78
16058,78
16059,78
16060,78
16061,78
16062,78
16063,78
16064,78
16065,78
16066,78
16067,78
16068,78
16069,78
16070,78
16071,78
16072,78
16073,78
16074,78
16075,78
16076,78
16077,78
16078,78
16079,78
16080,78
16081,78
16082,78
16083,78
16084,78
16085,78
16086,78
16087,78
16088,78
16089,78
16090,78
16091,78
16092,78
16093,78
16094,78
16095,78
16096,78
16097,78
16098,78
16099,78
16100,78
16101,78
16102,78
16103,78
16104,78
16105,78
16106,78
16107,78
16108,78
16109,78
16110,78
16111,78
16112,78
16113,78
16114,78
16115,78
16116,78
16117,78
16118,78
16119,78
16120,78
16121,78
16122,78
16123,78
16124,78
16125,78
16126,78
16127,78
16128,78
16129,78
16130,78
16131,78
16132,78
16133,78
16134,78
16135,78
16136,78
16137,78
16138,78
16139,78
16140,78
16141,78
16142,78
16143,78
16144,78
16145,78
16146,78
16147,78
16148,78
16149,78
16150,78
16151,78
16152,78
16153,78
16154,78
16155,78
16156,78
16157,78
16158,78
16159,78
16160,78
16161,78
16162,78
16163,78
16164,78
16165,78
16166,78
16167,78
16168,78
16169,78
16170,78
16171,78
16172,78
16173,78
16174,78
16175,78
16176,78
16177,78
16178,78
16179,78
16180,78
16181,78
16182,78
16183,78
16184,78
16185,78
16186,78
16187,78
16188,78
16189,78
16190,78
16191,78
16192,78
16193,78
16194,78
16195,78
16196,78
16197,78
16198,78
16199,78
16200,78
16201,78
16202,78
16203,78
16204,78
16205,78
16206,78
16207,78
16208,78
16209,78
16210,78
16211,78
16212,78
16213,78
16214,78
16215,78
16216,78
16217,78
16218,78
16219,78
16220,78
16221,78
16222,78
16223,78
16224,78
16225,78
16226,78
16227,78
16228,78
16229,78
16230,78
16231,78
16232,78
16233,78
16234,78
16235,78
16236,78
16237,78
16238,78
16239,78
16240,78
16241,78
16242,78
16243,78
16244,78
16245,78
16246,78
16247,78
16248,78
16249,78
16250,78
16251,78
16252,78
16253,78
16254,78
16255,78
16256,78
16257,78
16258,78
16259,78
16260,78
16261,78
16262,78
16263,78
16264,78
16265,78
16266,78
16267,78
16268,78
16269,78
16270,78
16271,78
16272,78
16273,78
16274,78
16275,78
16276,78
16277,78
16278,78
16279,78
16280,78
16281,78
16282,78
16283,78
16284,78
16285,78
16286,78
16287,78
16288,78
16289,78
16290,78
16291,78
16292,78
16293,78
16294,78
16295,78
16296,78
16297,78
16298,78
16299,78
16300,78
16301,78
16302,78
16303,78
16304,78
16305,78
16306,78
16307,78
16308,78
16309,78
16310,78
16311,78
16312,78
16313,78
16314,78
16315,78
16316,78
16317,78
16318,78
16319,78
16320,78
16321,78
16322,78
16323,78
16324,78
16325,78
16326,78
16327,78
16328,78
16329,78
16330,78
16331,78
16332,78
16333,78
16334,78
16335,78
16336,78
16337,78
16338,78
16339,78
16340,78
16341,78
16342,78
16343,78
16344,78
16345,78
16346,78
16347,78
16348,78
16349,78
16350,78
16351,78
16352,78
16353,78
16354,78
16355,78
16356,78
16357,78
16358,78
16359,78
16360,78
16361,78
16362,78
16363,78
16364,78
16365,78
16366,78
16367,78
16368,78
16369,78
16370,78
16371,78
16372,78
16373,78
16374,78
16375,78
16376,78
16377,78
16378,78
16379,78
16380,78
16381,78
16382,78
16383,78
16384,78
16385,78
16386,78
16387,78
16388,78
16389,78
16390,78
16391,78
16392,78
16393,78
16394,78
16395,78
16396,78
16397,78
16398,78
16399,78
16400,78
16401,78
16402,78
16403,78
16404,78
16405,78
16406,78
16407,78
16408,78
16409,78
16410,78
16411,78
16412,78
16413,78
16414,78
16415,78
16416,78
16417,78
16418,78
16419,78
16420,78
16421,78
16422,78
16423,78
16424,78
16425,78
16426,78
16427,78
16428,78
16429,78
16430,78
16431,78
16432,78
16433,78
16434,78
16435,78
16436,78
16437,78
16438,78
16439,78
16440,78
16441,78
16442,78
16443,78
16444,78
16445,78
16446,78
16447,78
16448,78
16449,78
16450,78
16451,78
16452,78
16453,78
16454,78
16455,78
16456,78
16457,78
16458,78
16459,78
16460,78
16461,78
16462,78
16463,78
16464,78
16465,78
16466,78
16467,78
16468,78
16469,78
16470,78
16471,78
16472,78
16473,78
16474,78
16475,78
16476,78
16477,78
16478,78
16479,78
16480,78
16481,78
16482,78
16483,78
16484,78
16485,78
16486,78
16487,78
16488,78
16489,78
16490,78
16491,78
16492,78
16493,78
16494,78
16495,78
16496,78
16497,78
16498,78
16499,78
16500,78
16501,78
16502,78
16503,78
16504,78
16505,78
16506,78
16507,78
16508,78
16509,78
16510,78
16511,78
16512,78
16513,78
16514,78
16515,78
16516,78
16517,78
16518,78
16519,78
16520,78
16521,78
16522,78
16523,78
16524,78
16525,78
16526,78
16527,78
16528,78
16529,78
16530,78
16531,78
16532,78
16533,78
16534,78
16535,78
16536,78
16537,78
16538,78
16539,78
16540,78
16541,78
16542,78
16543,78
16544,78
16545,78
16546,78
16547,78
16548,78
16549,78
16550,78
16551,78
16552,78
16553,78
16554,78
16555,78
16556,78
16557,78
16558,78
16559,78
16560,78
16561,78
16562,78
16563,78
16564,78
16565,78
16566,78
16567,78
16568,78
16569,78
16570,78
16571,78
16572,78
16573,78
16574,78
16575,78
16576,78
16577,78
16578,78
16579,78
16580,78
16581,78
16582,78
16583,78
16584,78
16585,78
16586,78
16587,78
16588,78
16589,78
16590,78
16591,78
16592,78
16593,78
16594,78
16595,78
16596,78
16597,78
16598,78
16599,78
16600,78
16601,78
16602,78
16603,78
16604,78
16605,78
16606,78
16607,78
16608,78
16609,78
16610,78
16611,78
16612,78
16613,78
16614,78
16615,78
16616,78
16617,78
16618,78
16619,78
16620,78
16621,78
16622,78
16623,78
16624,78
16625,78
16626,78
16627,78
16628,78
16629,78
16630,78
16631,78
16632,78
16633,78
16634,78
16635,78
16636,78
16637,78
16638,78
16639,78
16640,78
16641,78
16642,78
16643,78
16644,78
16645,78
16646,78
16647,78
16648,78
16649,78
16650,78
16651,78
16652,78
16653,78
16654,78
16655,78
16656,78
16657,78
16658,78
16659,78
16660,78
16661,78
16662,78
16663,78
16664,78
16665,78
16666,78
16667,78
16668,78
16669,78
16670,78
16671,78
16672,78
16673,78
16674,78
16675,78
16676,78
16677,78
16678,78
16679,78
16680,78
16681,78
16682,78
16683,78
16684,78
16685,78
16686,78
16687,78
16688,78
16689,78
16690,78
16691,78
16692,78
16693,78
16694,78
16695,78
16696,78
16697,78
16698,78
16699,78
16700,78
16701,78
16702,78
16703,78
16704,78
16705,78
16706,78
16707,78
16708,78
16709,78
16710,78
16711,78
16712,78
16713,78
16714,78
16715,78
16716,78
16717,78
16718,78
16719,78
16720,78
16721,78
16722,78
16723,78
16724,78
16725,78
16726,78
16727,78
16728,78
16729,78
16730,78
16731,78
16732,78
16733,78
16734,78
16735,78
16736,78
16737,78
16738,78
16739,78
16740,78
16741,78
16742,78
16743,78
16744,78
16745,78
16746,78
16747,78
16748,78
16749,78
16750,78
16751,78
16752,78
16753,78
16754,78
16755,78
16756,78
16757,78
16758,78
16759,78
16760,78
16761,78
16762,78
16763,78
16764,78
16765,78
16766,78
16767,78
16768,78
16769,78
16770,78
16771,78
16772,78
16773,78
16774,78
16775,78
16776,78
16777,78
16778,78
16779,78
16780,78
16781,78
16782,78
16783,78
16784,78
16785,78
16786,78
16787,78
16788,78
16789,78
16790,78
16791,78
16792,78
16793,78
16794,78
16795,78
16796,78
16797,78
16798,78
16799,78
16800,78
16801,78
16802,78
16803,78
16804,78
16805,78
16806,78
16807,78
16808,78
16809,78
16810,78
16811,78
16812,78
16813,78
16814,78
16815,78
16816,78
16817,78
16818,78
16819,78
16820,78
16821,78
16822,78
16823,78
16824,78
16825,78
16826,78
16827,78
16828,78
16829,78
16830,78
16831,78
16832,78
16833,78
16834,78
16835,78
16836,78
16837,78
16838,78
16839,78
16840,78
16841,78
16842,78
16843,78
16844,78
16845,78
16846,78
16847,78
16848,78
16849,78
16850,78
16851,78
16852,78
16853,78
16854,78
16855,78
16856,78
16857,78
16858,78
16859,78
16860,78
16861,78
16862,78
16863,78
16864,78
16865,78
16866,78
16867,78
16868,78
16869,78
16870,78
16871,78
16872,78
16873,78
16874,78
16875,78
16876,78
16877,78
16878,78
16879,78
16880,78
16881,78
16882,78
16883,78
16884,78
16885,78
16886,78
16887,78
16888,78
16889,78
16890,78
16891,78
16892,78
16893,78
16894,78
16895,78
16896,78
16897,78
16898,78
16899,78
16900,78
16901,78
16902,78
16903,78
16904,78
16905,78
16906,78
16907,78
16908,78
16909,78
16910,78
16911,78
16912,78
16913,78
16914,78
16915,78
16916,78
16917,78
16918,78
16919,78
16920,78
16921,78
16922,78
16923,78
16924,78
16925,78
16926,78
16927,78
16928,78
16929,78
16930,78
16931,78
16932,78
16933,78
16934,78
16935,78
16936,78
16937,78
16938,78
16939,78
16940,78
16941,78
16942,78
16943,78
16944,78
16945,78
16946,78
16947,78
16948,78
16949,78
16950,78
16951,78
16952,78
16953,78
16954,78
16955,78
16956,78
16957,78
16958,78
16959,78
16960,78
16961,78
16962,78
16963,78
16964,78
16965,78
16966,78
16967,78
16968,78
16969,78
16970,78
16971,78
16972,78
16973,78
16974,78
16975,78
16976,78
16977,78
16978,78
16979,78
16980,78
16981,78
16982,78
16983,78
16984,78
16985,78
16986,78
16987,78
16988,78
16989,78
16990,78
16991,78
16992,78
16993,78
16994,78
16995,78
16996,78
16997,78
16998,78
16999,78
17000,78
17001,78
17002,78
17003,78
17004,78
17005,78
17006,78
17007,78
17008,78
17009,78
17010,78
17011,78
17012,78
17013,78
17014,78
17015,78
17016,78
17017,78
17018,78
17019,78
17020,78
17021,78
17022,78
17023,78
17024,78
17025,78
17026,78
17027,78
17028,78
17029,78
17030,78
17031,78
17032,78
17033,78
17034,78
17035,78
17036,78
17037,78
17038,78
17039,78
17040,78
17041,78
17042,78
17043,78
17044,78
17045,78
17046,78
17047,78
17048,78
17049,78
17050,78
17051,78
17052,78
17053,78
17054,78
17055,78
17056,78
17057,78
17058,78
17059,78
17060,78
17061,78
17062,78
17063,78
17064,78
17065,78
17066,78
17067,78
17068,78
17069,78
17070,78
17071,78
17072,78
17073,78
17074,78
17075,78
17076,78
17077,78
17078,78
17079,78
17080,78
17081,78
17082,78
17083,78
17084,78
17085,78
17086,78
17087,78
17088,78
17089,78
17090,78
17091,78
17092,78
17093,78
17094,78
17095,78
17096,78
17097,78
17098,78
17099,78
17100,78
17101,78
17102,78
17103,78
17104,78
17105,78
17106,78
17107,78
17108,78
17109,78
17110,78
17111,78
17112,78
17113,78
17114,78
17115,78
17116,78
17117,78
17118,78
17119,78
17120,78
17121,78
17122,78
17123,78
17124,78
17125,78
17126,78
17127,78
17128,78
17129,78
17130,78
17131,78
17132,78
17133,78
17134,78
17135,78
17136,78
17137,78
17138,78
17139,78
17140,78
17141,78
17142,78
17143,78
17144,78
17145,78
17146,78
17147,78
17148,78
17149,78
17150,78
17151,78
17152,78
17153,78
17154,78
17155,78
17156,78
17157,78
17158,78
17159,78
17160,78
17161,78
17162,78
17163,78
17164,78
17165,78
17166,78
17167,78
17168,78
17169,78
17170,78
17171,78
17172,78
17173,78
17174,78
17175,78
17176,78
17177,78
17178,78
17179,78
17180,78
17181,78
17182,78
17183,78
17184,78
17185,78
17186,78
17187,78
17188,78
17189,78
17190,78
17191,78
17192,78
17193,78
17194,78
17195,78
17196,78
17197,78
17198,78
17199,78
17200,78
17201,78
17202,78
17203,78
17204,78
17205,78
17206,78
17207,78
17208,78
17209,78
17210,78
17211,78
17212,78
17213,78
17214,78
17215,78
17216,78
17217,78
17218,78
17219,78
17220,78
17221,78
17222,78
17223,78
17224,78
17225,78
17226,78
17227,78
17228,78
17229,78
17230,78
17231,78
17232,78
17233,78
17234,78
17235,78
17236,78
17237,78
17238,78
17239,78
17240,78
17241,78
17242,78
17243,78
17244,78
17245,78
17246,78
17247,78
17248,78
17249,78
17250,78
17251,78
17252,78
17253,78
17254,78
17255,78
17256,78
17257,78
17258,78
17259,78
17260,78
17261,78
17262,78
17263,78
17264,78
17265,78
17266,78
17267,78
17268,78
17269,78
17270,78
17271,78
17272,78
17273,78
17274,78
17275,78
17276,78
17277,78
17278,78
17279,78
17280,78
17281,78
17282,78
17283,78
17284,78
17285,78
17286,78
17287,78
17288,78
17289,78
17290,78
17291,78
17292,78
17293,78
17294,78
17295,78
17296,78
17297,78
17298,78
17299,78
17300,78
17301,78
17302,78
17303,78
17304,78
17305,78
17306,78
17307,78
17308,78
17309,78
17310,78
17311,78
17312,78
17313,78
17314,78
17315,78
17316,78
17317,78
17318,78
17319,78
17320,78
17321,78
17322,78
17323,78
17324,78
17325,78
17326,78
17327,78
17328,78
17329,78
17330,78
17331,78
17332,78
17333,78
17334,78
17335,78
17336,78
17337,78
17338,78
17339,78
17340,78
17341,78
17342,78
17343,78
17344,78
17345,78
17346,78
17347,78
17348,78
17349,78
17350,78
17351,78
17352,78
17353,78
17354,78
17355,78
17356,78
17357,78
17358,78
17359,78
17360,78
17361,78
17362,78
17363,78
17364,78
17365,78
17366,78
17367,78
17368,78
17369,78
17370,78
17371,78
17372,78
17373,78
17374,78
17375,78
17376,78
17377,78
17378,78
17379,78
17380,78
17381,78
17382,78
17383,78
17384,78
17385,78
17386,78
17387,78
17388,78
17389,78
17390,78
17391,78
17392,78
17393,78
17394,78
17395,78
17396,78
17397,78
17398,78
17399,78
17400,78
17401,78
17402,78
17403,78
17404,78
17405,78
17406,78
17407,78
17408,78
17409,78
17410,78
17411,78
17412,78
17413,78
17414,78
17415,78
17416,78
17417,78
17418,78
17419,78
17420,78
17421,78
17422,78
17423,78
17424,78
17425,78
17426,78
17427,78
17428,78
17429,78
17430,78
17431,78
17432,78
17433,78
17434,78
17435,78
17436,78
17437,78
17438,78
17439,78
17440,78
17441,78
17442,78
17443,78
17444,78
17445,78
17446,78
17447,78
17448,78
17449,78
17450,78
17451,78
17452,78
17453,78
17454,78
17455,78
17456,78
17457,78
17458,78
17459,78
17460,78
17461,78
17462,78
17463,78
17464,78
17465,78
17466,78
17467,78
17468,78
17469,78
17470,78
17471,78
17472,78
17473,78
17474,78
17475,78
17476,78
17477,78
17478,78
17479,78
17480,78
17481,78
17482,78
17483,78
17484,78
17485,78
17486,78
17487,78
17488,78
17489,78
17490,78
17491,78
17492,78
17493,78
17494,78
17495,78
17496,78
17497,78
17498,78
17499,78
17500,78
17501,78
17502,78
17503,78
17504,78
17505,78
17506,78
17507,78
17508,78
17509,78
17510,78
17511,78
17512,78
17513,78
17514,78
17515,78
17516,78
17517,78
17518,78
17519,78
17520,78
17521,78
17522,78
17523,78
17524,78
17525,78
17526,78
17527,78
17528,78
17529,78
17530,78
17531,78
17532,78
17533,78
17534,78
17535,78
17536,78
17537,78
17538,78
17539,78
17540,78
17541,78
17542,78
17543,78
17544,78
17545,78
17546,78
17547,78
17548,78
17549,78
17550,78
17551,78
17552,78
17553,78
17554,78
17555,78
17556,78
17557,78
17558,78
17559,78
17560,78
17561,78
17562,78
17563,78
17564,78
17565,78
17566,78
17567,78
17568,78
17569,78
17570,78
17571,78
17572,78
17573,78
17574,78
17575,78
17576,78
17577,78
17578,78
17579,78
17580,78
17581,78
17582,78
17583,78
17584,78
17585,78
17586,78
17587,78
17588,78
17589,78
17590,78
17591,78
17592,78
17593,78
17594,78
17595,78
17596,78
17597,78
17598,78
17599,78
17600,78
17601,78
17602,78
17603,78
17604,78
17605,78
17606,78
17607,78
17608,78
17609,78
17610,78
17611,78
17612,78
17613,78
17614,78
17615,78
17616,78
17617,78
17618,78
17619,78
17620,78
17621,78
17622,78
17623,78
17624,78
17625,78
17626,78
17627,78
17628,78
17629,78
17630,78
17631,78
17632,78
17633,78
17634,78
17635,78
17636,78
17637,78
17638,78
17639,78
17640,78
17641,78
17642,78
17643,78
17644,78
17645,78
17646,78
17647,78
17648,78
17649,78
17650,78
17651,78
17652,78
17653,78
17654,78
17655,78
17656,78
17657,78
17658,78
17659,78
17660,78
17661,78
17662,78
17663,78
17664,78
17665,78
17666,78
17667,78
17668,78
17669,78
17670,78
17671,78
17672,78
17673,78
17674,78
17675,78
17676,78
17677,78
17678,78
17679,78
17680,78
17681,78
17682,78
17683,78
17684,78
17685,78
17686,78
17687,78
17688,78
17689,78
17690,78
17691,78
17692,78
17693,78
17694,78
17695,78
17696,78
17697,78
17698,78
17699,78
17700,78
17701,78
17702,78
17703,78
17704,78
17705,78
17706,78
17707,78
17708,78
17709,78
17710,78
17711,78
17712,78
17713,78
17714,78
17715,78
17716,78
17717,78
17718,78
17719,78
17720,78
17721,78
17722,78
17723,78
17724,78
17725,78
17726,78
17727,78
17728,78
17729,78
17730,78
17731,78
17732,78
17733,78
17734,78
17735,78
17736,78
17737,78
17738,78
17739,78
17740,78
17741,78
17742,78
17743,78
17744,78
17745,78
17746,78
17747,78
17748,78
17749,78
17750,78
17751,78
17752,78
17753,78
17754,78
17755,78
17756,78
17757,78
17758,78
17759,78
17760,78
17761,78
17762,78
17763,78
17764,78
17765,78
17766,78
17767,78
17768,78
17769,78
17770,78
17771,78
17772,78
17773,78
17774,78
17775,78
17776,78
17777,78
17778,78
17779,78
17780,78
17781,78
17782,78
17783,78
17784,78
17785,78
17786,78
17787,78
17788,78
17789,78
17790,78
17791,78
17792,78
17793,78
17794,78
17795,78
17796,78
17797,78
17798,78
17799,78
17800,78
17801,78
17802,78
17803,78
17804,78
17805,78
17806,78
17807,78
17808,78
17809,78
17810,78
17811,78
17812,78
17813,78
17814,78
17815,78
17816,78
17817,78
17818,78
17819,78
17820,78
17821,78
17822,78
17823,78
17824,78
17825,78
17826,78
17827,78
17828,78
17829,78
17830,78
17831,78
17832,78
17833,78
17834,78
17835,78
17836,78
17837,78
17838,78
17839,78
17840,78
17841,78
17842,78
17843,78
17844,78
17845,78
17846,78
17847,78
17848,78
17849,78
17850,78
17851,78
17852,78
17853,78
17854,78
17855,78
17856,78
17857,78
17858,78
17859,78
17860,78
17861,78
17862,78
17863,78
17864,78
17865,78
17866,78
17867,78
17868,78
17869,78
17870,78
17871,78
17872,78
17873,78
17874,78
17875,78
17876,78
17877,78
17878,78
17879,78
17880,78
17881,78
17882,78
17883,78
17884,78
17885,78
17886,78
17887,78
17888,78
17889,78
17890,78
17891,78
17892,78
17893,78
17894,78
17895,78
17896,78
17897,78
17898,78
17899,78
17900,78
17901,78
17902,78
17903,78
17904,78
17905,78
17906,78
17907,78
17908,78
17909,78
17910,78
17911,78
17912,78
17913,78
17914,78
17915,78
17916,78
17917,78
17918,78
17919,78
17920,78
17921,78
17922,78
17923,78
17924,78
17925,78
17926,78
17927,78
17928,78
17929,78
17930,78
17931,78
17932,78
17933,78
17934,78
17935,78
17936,78
17937,78
17938,78
17939,78
17940,78
17941,78
17942,78
17943,78
17944,78
17945,78
17946,78
17947,78
17948,78
17949,78
17950,78
17951,78
17952,78
17953,78
17954,78
17955,78
17956,78
17957,78
17958,78
17959,78
17960,78
17961,78
17962,78
17963,78
17964,78
17965,78
17966,78
17967,78
17968,78
17969,78
17970,78
17971,78
17972,78
17973,78
17974,78
17975,78
17976,78
17977,78
17978,78
17979,78
17980,78
17981,78
17982,78
17983,78
17984,78
17985,78
17986,78
17987,78
17988,78
17989,78
17990,78
17991,78
17992,78
17993,78
17994,78
17995,78
17996,78
17997,78
17998,78
17999,78
18000,78
18001,78
18002,78
18003,78
18004,78
18005,78
18006,78
18007,78
18008,78
18009,78
18010,78
18011,78
18012,78
18013,78
18014,78
18015,78
18016,78
18017,78
18018,78
18019,78
18020,78
18021,78
18022,78
18023,78
18024,78
18025,78
18026,78
18027,78
18028,78
18029,78
18030,78
18031,78
18032,78
18033,78
18034,78
18035,78
18036,78
18037,78
18038,78
18039,78
18040,78
18041,78
18042,78
18043,78
18044,78
18045,78
18046,78
18047,78
18048,78
18049,78
18050,78
18051,78
18052,78
18053,78
18054,78
18055,78
18056,78
18057,78
18058,78
18059,78
18060,78
18061,78
18062,78
18063,78
18064,78
18065,78
18066,78
18067,78
18068,78
18069,78
18070,78
18071,78
18072,78
18073,78
18074,78
18075,78
18076,78
18077,78
18078,78
18079,78
18080,78
18081,78
18082,78
18083,78
18084,78
18085,78
18086,78
18087,78
18088,78
18089,78
18090,78
18091,78
18092,78
18093,78
18094,78
18095,78
18096,78
18097,78
18098,78
18099,78
18100,78
18101,78
18102,78
18103,78
18104,78
18105,78
18106,78
18107,78
18108,78
18109,78
18110,78
18111,78
18112,78
18113,78
18114,78
18115,78
18116,78
18117,78
18118,78
18119,78
18120,78
18121,78
18122,78
18123,78
18124,78
18125,78
18126,78
18127,78
18128,78
18129,78
18130,78
18131,78
18132,78
18133,78
18134,78
18135,78
18136,78
18137,78
18138,78
18139,78
18140,78
18141,78
18142,78
18143,78
18144,78
18145,78
18146,78
18147,78
18148,78
18149,78
18150,78
18151,78
18152,78
18153,78
18154,78
18155,78
18156,78
18157,78
18158,78
18159,78
18160,78
18161,78
18162,78
18163,78
18164,78
18165,78
18166,78
18167,78
18168,78
18169,78
18170,78
18171,78
18172,78
18173,78
18174,78
18175,78
18176,78
18177,78
18178,78
18179,78
18180,78
18181,78
18182,78
18183,78
18184,78
18185,78
18186,78
18187,78
18188,78
18189,78
18190,78
18191,78
18192,78
18193,78
18194,78
18195,78
18196,78
18197,78
18198,78
18199,78
18200,78
18201,78
18202,78
18203,78
18204,78
18205,78
18206,78
18207,78
18208,78
18209,78
18210,78
18211,78
18212,78
18213,78
18214,78
18215,78
18216,78
18217,78
18218,78
18219,78
18220,78
18221,78
18222,78
18223,78
18224,78
18225,78
18226,78
18227,78
18228,78
18229,78
18230,78
18231,78
18232,78
18233,78
18234,78
18235,78
18236,78
18237,78
18238,78
18239,78
18240,78
18241,78
18242,78
18243,78
18244,78
18245,78
18246,78
18247,78
18248,78
18249,78
18250,78
18251,78
18252,78
18253,78
18254,78
18255,78
18256,78
18257,78
18258,78
18259,78
18260,78
18261,78
18262,78
18263,78
18264,78
18265,78
18266,78
18267,78
18268,78
18269,78
18270,78
18271,78
18272,78
18273,78
18274,78
18275,78
18276,78
18277,78
18278,78
18279,78
18280,78
18281,78
18282,78
18283,78
18284,78
18285,78
18286,78
18287,78
18288,78
18289,78
18290,78
18291,78
18292,78
18293,78
18294,78
18295,78
18296,78
18297,78
18298,78
18299,78
18300,78
18301,78
18302,78
18303,78
18304,78
18305,78
18306,78
18307,78
18308,78
18309,78
18310,78
18311,78
18312,78
18313,78
18314,78
18315,78
18316,78
18317,78
18318,78
18319,78
18320,78
18321,78
18322,78
18323,78
18324,78
18325,78
18326,78
18327,78
18328,78
18329,78
18330,78
18331,78
18332,78
18333,78
18334,78
18335,78
18336,78
18337,78
18338,78
18339,78
18340,78
18341,78
18342,78
18343,78
18344,78
18345,78
18346,78
18347,78
18348,78
18349,78
18350,78
18351,78
18352,78
18353,78
18354,78
18355,78
18356,78
18357,78
18358,78
18359,78
18360,78
18361,78
18362,78
18363,78
18364,78
18365,78
18366,78
18367,78
18368,78
18369,78
18370,78
18371,78
18372,78
18373,78
18374,78
18375,78
18376,78
18377,78
18378,78
18379,78
18380,78
18381,78
18382,78
18383,78
18384,78
18385,78
18386,78
18387,78
18388,78
18389,78
18390,78
18391,78
18392,78
18393,78
18394,78
18395,78
18396,78
18397,78
18398,78
18399,78
18400,78
18401,78
18402,78
18403,78
18404,78
18405,78
18406,78
18407,78
18408,78
18409,78
18410,78
18411,78
18412,78
18413,78
18414,78
18415,78
18416,78
18417,78
18418,78
18419,78
18420,78
18421,78
18422,78
18423,78
18424,78
18425,78
18426,78
18427,78
18428,78
18429,78
18430,78
18431,78
18432,78
18433,78
18434,78
18435,78
18436,78
18437,78
18438,78
18439,78
18440,78
18441,78
18442,78
18443,78
18444,78
18445,78
18446,78
18447,78
18448,78
18449,78
18450,78
18451,78
18452,78
18453,78
18454,78
18455,78
18456,78
18457,78
18458,78
18459,78
18460,78
18461,78
18462,78
18463,78
18464,78
18465,78
18466,78
18467,78
18468,78
18469,78
18470,78
18471,78
18472,78
18473,78
18474,78
18475,78
18476,78
18477,78
18478,78
18479,78
18480,78
18481,78
18482,78
18483,78
18484,78
18485,78
18486,78
18487,78
18488,78
18489,78
18490,78
18491,78
18492,78
18493,78
18494,78
18495,78
18496,78
18497,78
18498,78
18499,78
18500,78
18501,78
18502,78
18503,78
18504,78
18505,78
18506,78
18507,78
18508,78
18509,78
18510,78
18511,78
18512,78
18513,78
18514,78
18515,78
18516,78
18517,78
18518,78
18519,78
18520,78
18521,78
18522,78
18523,78
18524,78
18525,78
18526,78
18527,78
18528,78
18529,78
18530,78
18531,78
18532,78
18533,78
18534,78
18535,78
18536,78
18537,78
18538,78
18539,78
18540,78
18541,78
18542,78
18543,78
18544,78
18545,78
18546,78
18547,78
18548,78
18549,78
18550,78
18551,78
18552,78
18553,78
18554,78
18555,78
18556,78
18557,78
18558,78
18559,78
18560,78
18561,78
18562,78
18563,78
18564,78
18565,78
18566,78
18567,78
18568,78
18569,78
18570,78
18571,78
18572,78
18573,78
18574,78
18575,78
18576,78
18577,78
18578,78
18579,78
18580,78
18581,78
18582,78
18583,78
18584,78
18585,78
18586,78
18587,78
18588,78
18589,78
18590,78
18591,78
18592,78
18593,78
18594,78
18595,78
18596,78
18597,78
18598,78
18599,78
18600,78
18601,78
18602,78
18603,78
18604,78
18605,78
18606,78
18607,78
18608,78
18609,78
18610,78
18611,78
18612,78
18613,78
18614,78
18615,78
18616,78
18617,78
18618,78
18619,78
18620,78
18621,78
18622,78
18623,78
18624,78
18625,78
18626,78
18627,78
18628,78
18629,78
18630,78
18631,78
18632,78
18633,78
18634,78
18635,78
18636,78
18637,78
18638,78
18639,78
18640,78
18641,78
18642,78
18643,78
18644,78
18645,78
18646,78
18647,78
18648,78
18649,78
18650,78
18651,78
18652,78
18653,78
18654,78
18655,78
18656,78
18657,78
18658,78
18659,78
18660,78
18661,78
18662,78
18663,78
18664,78
18665,78
18666,78
18667,78
18668,78
18669,78
18670,78
18671,78
18672,78
18673,78
18674,78
18675,78
18676,78
18677,78
18678,78
18679,78
18680,78
18681,78
18682,78
18683,78
18684,78
18685,78
18686,78
18687,78
18688,78
18689,78
18690,78
18691,78
18692,78
18693,78
18694,78
18695,78
18696,78
18697,78
18698,78
18699,78
18700,78
18701,78
18702,78
18703,78
18704,78
18705,78
18706,78
18707,78
18708,78
18709,78
18710,78
18711,78
18712,78
18713,78
18714,78
18715,78
18716,78
18717,78
18718,78
18719,78
18720,78
18721,78
18722,78
18723,78
18724,78
18725,78
18726,78
18727,78
18728,78
18729,78
18730,78
18731,78
18732,78
18733,78
18734,78
18735,78
18736,78
18737,78
18738,78
18739,78
18740,78
18741,78
18742,78
18743,78
18744,78
18745,78
18746,78
18747,78
18748,78
18749,78
18750,78
18751,78
18752,78
18753,78
18754,78
18755,78
18756,78
18757,78
18758,78
18759,78
18760,78
18761,78
18762,78
18763,78
18764,78
18765,78
18766,78
18767,78
18768,78
18769,78
18770,78
18771,78
18772,78
18773,78
18774,78
18775,78
18776,78
18777,78
18778,78
18779,78
18780,78
18781,78
18782,78
18783,78
18784,78
18785,78
18786,78
18787,78
18788,78
18789,78
18790,78
18791,78
18792,78
18793,78
18794,78
18795,78
18796,78
18797,78
18798,78
18799,78
18800,78
18801,78
18802,78
18803,78
18804,78
18805,78
18806,78
18807,78
18808,78
18809,78
18810,78
18811,78
18812,78
18813,78
18814,78
18815,78
18816,78
18817,78
18818,78
18819,78
18820,78
18821,78
18822,78
18823,78
18824,78
18825,78
18826,78
18827,78
18828,78
18829,78
18830,78
18831,78
18832,78
18833,78
18834,78
18835,78
18836,78
18837,78
18838,78
18839,78
18840,78
18841,78
18842,78
18843,78
18844,78
18845,78
18846,78
18847,78
18848,78
18849,78
18850,78
18851,78
18852,78
18853,78
18854,78
18855,78
18856,78
18857,78
18858,78
18859,78
18860,78
18861,78
18862,78
18863,78
18864,78
18865,78
18866,78
18867,78
18868,78
18869,78
18870,78
18871,78
18872,78
18873,78
18874,78
18875,78
18876,78
18877,78
18878,78
18879,78
18880,78
18881,78
18882,78
18883,78
18884,78
18885,78
18886,78
18887,78
18888,78
18889,78
18890,78
18891,78
18892,78
18893,78
18894,78
18895,78
18896,78
18897,78
18898,78
18899,78
18900,78
18901,78
18902,78
18903,78
18904,78
18905,78
18906,78
18907,78
18908,78
18909,78
18910,78
18911,78
18912,78
18913,78
18914,78
18915,78
18916,78
18917,78
18918,78
18919,78
18920,78
18921,78
18922,78
18923,78
18924,78
18925,78
18926,78
18927,78
18928,78
18929,78
18930,78
18931,78
18932,78
18933,78
18934,78
18935,78
18936,78
18937,78
18938,78
18939,78
18940,78
18941,78
18942,78
18943,78
18944,78
18945,78
18946,78
18947,78
18948,78
18949,78
18950,78
18951,78
18952,78
18953,78
18954,78
18955,78
18956,78
18957,78
18958,78
18959,78
18960,78
18961,78
18962,78
18963,78
18964,78
18965,78
18966,78
18967,78
18968,78
18969,78
18970,78
18971,78
18972,78
18973,78
18974,78
18975,78
18976,78
18977,78
18978,78
18979,78
18980,78
18981,78
18982,78
18983,78
18984,78
18985,78
18986,78
18987,78
18988,78
18989,78
18990,78
18991,78
18992,78
18993,78
18994,78
18995,78
18996,78
18997,78
18998,78
18999,78
19000,78
19001,78
19002,78
19003,78
19004,78
19005,78
19006,78
19007,78
19008,78
19009,78
19010,78
19011,78
19012,78
19013,78
19014,78
19015,78
19016,78
19017,78
19018,78
19019,78
19020,78
19021,78
19022,78
19023,78
19024,78
19025,78
19026,78
19027,78
19028,78
19029,78
19030,78
19031,78
19032,78
19033,78
19034,78
19035,78
19036,78
19037,78
19038,78
19039,78
19040,78
19041,78
19042,78
19043,78
19044,78
19045,78
19046,78
19047,78
19048,78
19049,78
19050,78
19051,78
19052,78
19053,78
19054,78
19055,78
19056,78
19057,78
19058,78
19059,78
19060,78
19061,78
19062,78
19063,78
19064,78
19065,78
19066,78
19067,78
19068,78
19069,78
19070,78
19071,78
19072,78
19073,78
19074,78
19075,78
19076,78
19077,78
19078,78
19079,78
19080,78
19081,78
19082,78
19083,78
19084,78
19085,78
19086,78
19087,78
19088,78
19089,78
19090,78
19091,78
19092,78
19093,78
19094,78
19095,78
19096,78
19097,78
19098,78
19099,78
19100,78
19101,78
19102,78
19103,78
19104,78
19105,78
19106,78
19107,78
19108,78
19109,78
19110,78
19111,78
19112,78
19113,78
19114,78
19115,78
19116,78
19117,78
19118,78
19119,78
19120,78
19121,78
19122,78
19123,78
19124,78
19125,78
19126,78
19127,78
19128,78
19129,78
19130,78
19131,78
19132,78
19133,78
19134,78
19135,78
19136,78
19137,78
19138,78
19139,78
19140,78
19141,78
19142,78
19143,78
19144,78
19145,78
19146,78
19147,78
19148,78
19149,78
19150,78
19151,78
19152,78
19153,78
19154,78
19155,78
19156,78
19157,78
19158,78
19159,78
19160,78
19161,78
19162,78
19163,78
19164,78
19165,78
19166,78
19167,78
19168,78
19169,78
19170,78
19171,78
19172,78
19173,78
19174,78
19175,78
19176,78
19177,78
19178,78
19179,78
19180,78
19181,78
19182,78
19183,78
19184,78
19185,78
19186,78
19187,78
19188,78
19189,78
19190,78
19191,78
19192,78
19193,78
19194,78
19195,78
19196,78
19197,78
19198,78
19199,78
19200,78
19201,78
19202,78
19203,78
19204,78
19205,78
19206,78
19207,78
19208,78
19209,78
19210,78
19211,78
19212,78
19213,78
19214,78
19215,78
19216,78
19217,78
19218,78
19219,78
19220,78
19221,78
19222,78
19223,78
19224,78
19225,78
19226,78
19227,78
19228,78
19229,78
19230,78
19231,78
19232,78
19233,78
19234,78
19235,78
19236,78
19237,78
19238,78
19239,78
19240,78
19241,78
19242,78
19243,78
19244,78
19245,78
19246,78
19247,78
19248,78
19249,78
19250,78
19251,78
19252,78
19253,78
19254,78
19255,78
19256,78
19257,78
19258,78
19259,78
19260,78
19261,78
19262,78
19263,78
19264,78
19265,78
19266,78
19267,78
19268,78
19269,78
19270,78
19271,78
19272,78
19273,78
19274,78
19275,78
19276,78
19277,78
19278,78
19279,78
19280,78
19281,78
19282,78
19283,78
19284,78
19285,78
19286,78
19287,78
19288,78
19289,78
19290,78
19291,78
19292,78
19293,78
19294,78
19295,78
19296,78
19297,78
19298,78
19299,78
19300,78
19301,78
19302,78
19303,78
19304,78
19305,78
19306,78
19307,78
19308,78
19309,78
19310,78
19311,78
19312,78
19313,78
19314,78
19315,78
19316,78
19317,78
19318,78
19319,78
19320,78
19321,78
19322,78
19323,78
19324,78
19325,78
19326,78
19327,78
19328,78
19329,78
19330,78
19331,78
19332,78
19333,78
19334,78
19335,78
19336,78
19337,78
19338,78
19339,78
19340,78
19341,78
19342,78
19343,78
19344,78
19345,78
19346,78
19347,78
19348,78
19349,78
19350,78
19351,78
19352,78
19353,78
19354,78
19355,78
19356,78
19357,78
19358,78
19359,78
19360,78
19361,78
19362,78
19363,78
19364,78
19365,78
19366,78
19367,78
19368,78
19369,78
19370,78
19371,78
19372,78
19373,78
19374,78
19375,78
19376,78
19377,78
19378,78
19379,78
19380,78
19381,78
19382,78
19383,78
19384,78
19385,78
19386,78
19387,78
19388,78
19389,78
19390,78
19391,78
19392,78
19393,78
19394,78
19395,78
19396,78
19397,78
19398,78
19399,78
19400,78
19401,78
19402,78
19403,78
19404,78
19405,78
19406,78
19407,78
19408,78
19409,78
19410,78
19411,78
19412,78
19413,78
19414,78
19415,78
19416,78
19417,78
19418,78
19419,78
19420,78
19421,78
19422,78
19423,78
19424,78
19425,78
19426,78
19427,78
19428,78
19429,78
19430,78
19431,78
19432,78
19433,78
19434,78
19435,78
19436,78
19437,78
19438,78
19439,78
19440,78
19441,78
19442,78
19443,78
19444,78
19445,78
19446,78
19447,78
19448,78
19449,78
19450,78
19451,78
19452,78
19453,78
19454,78
19455,78
19456,78
19457,78
19458,78
19459,78
19460,78
19461,78
19462,78
19463,78
19464,78
19465,78
19466,78
19467,78
19468,78
19469,78
19470,78
19471,78
19472,78
19473,78
19474,78
19475,78
19476,78
19477,78
19478,78
19479,78
19480,78
19481,78
19482,78
19483,78
19484,78
19485,78
19486,78
19487,78
19488,78
19489,78
19490,78
19491,78
19492,78
19493,78
19494,78
19495,78
19496,78
19497,78
19498,78
19499,78
19500,78
19501,78
19502,78
19503,78
19504,78
19505,78
19506,78
19507,78
19508,78
19509,78
19510,78
19511,78
19512,78
19513,78
19514,78
19515,78
19516,78
19517,78
19518,78
19519,78
19520,78
19521,78
19522,78
19523,78
19524,78
19525,78
19526,78
19527,78
19528,78
19529,78
19530,78
19531,78
19532,78
19533,78
19534,78
19535,78
19536,78
19537,78
19538,78
19539,78
19540,78
19541,78
19542,78
19543,78
19544,78
19545,78
19546,78
19547,78
19548,78
19549,78
19550,78
19551,78
19552,78
19553,78
19554,78
19555,78
19556,78
19557,78
19558,78
19559,78
19560,78
19561,78
19562,78
19563,78
19564,78
19565,78
19566,78
19567,78
19568,78
19569,78
19570,78
19571,78
19572,78
19573,78
19574,78
19575,78
19576,78
19577,78
19578,78
19579,78
19580,78
19581,78
19582,78
19583,78
19584,78
19585,78
19586,78
19587,78
19588,78
19589,78
19590,78
19591,78
19592,78
19593,78
19594,78
19595,78
19596,78
19597,78
19598,78
19599,78
19600,78
19601,78
19602,78
19603,78
19604,78
19605,78
19606,78
19607,78
19608,78
19609,78
19610,78
19611,78
19612,78
19613,78
19614,78
19615,78
19616,78
19617,78
19618,78
19619,78
19620,78
19621,78
19622,78
19623,78
19624,78
19625,78
19626,78
19627,78
19628,78
19629,78
19630,78
19631,78
19632,78
19633,78
19634,78
19635,78
19636,78
19637,78
19638,78
19639,78
19640,78
19641,78
19642,78
19643,78
19644,78
19645,78
19646,78
19647,78
19648,78
19649,78
19650,78
19651,78
19652,78
19653,78
19654,78
19655,78
19656,78
19657,78
19658,78
19659,78
19660,78
19661,78
19662,78
19663,78
19664,78
19665,78
19666,78
19667,78
19668,78
19669,78
19670,78
19671,78
19672,78
19673,78
19674,78
19675,78
19676,78
19677,78
19678,78
19679,78
19680,78
19681,78
19682,78
19683,78
19684,78
19685,78
19686,78
19687,78
19688,78
19689,78
19690,78
19691,78
19692,78
19693,78
19694,78
19695,78
19696,78
19697,78
19698,78
19699,78
19700,78
19701,78
19702,78
19703,78
19704,78
19705,78
19706,78
19707,78
19708,78
19709,78
19710,78
19711,78
19712,78
19713,78
19714,78
19715,78
19716,78
19717,78
19718,78
19719,78
19720,78
19721,78
19722,78
19723,78
19724,78
19725,78
19726,78
19727,78
19728,78
19729,78
19730,78
19731,78
19732,78
19733,78
19734,78
19735,78
19736,78
19737,78
19738,78
19739,78
19740,78
19741,78
19742,78
19743,78
19744,78
19745,78
19746,78
19747,78
19748,78
19749,78
19750,78
19751,78
19752,78
19753,78
19754,78
19755,78
19756,78
19757,78
19758,78
19759,78
19760,78
19761,78
19762,78
19763,78
19764,78
19765,78
19766,78
19767,78
19768,78
19769,78
19770,78
19771,78
19772,78
19773,78
19774,78
19775,78
19776,78
19777,78
19778,78
19779,78
19780,78
19781,78
19782,78
19783,78
19784,78
19785,78
19786,78
19787,78
19788,78
19789,78
19790,78
19791,78
19792,78
19793,78
19794,78
19795,78
19796,78
19797,78
19798,78
19799,78
19800,78
19801,78
19802,78
19803,78
19804,78
19805,78
19806,78
19807,78
19808,78
19809,78
19810,78
19811,78
19812,78
19813,78
19814,78
19815,78
19816,78
19817,78
19818,78
19819,78
19820,78
19821,78
19822,78
19823,78
19824,78
19825,78
19826,78
19827,78
19828,78
19829,78
19830,78
19831,78
19832,78
19833,78
19834,78
19835,78
19836,78
19837,78
19838,78
19839,78
19840,78
19841,78
19842,78
19843,78
19844,78
19845,78
19846,78
19847,78
19848,78
19849,78
19850,78
19851,78
19852,78
19853,78
19854,78
19855,78
19856,78
19857,78
19858,78
19859,78
19860,78
19861,78
19862,78
19863,78
19864,78
19865,78
19866,78
19867,78
19868,78
19869,78
19870,78
19871,78
19872,78
19873,78
19874,78
19875,78
19876,78
19877,78
19878,78
19879,78
19880,78
19881,78
19882,78
19883,78
19884,78
19885,78
19886,78
19887,78
19888,78
19889,78
19890,78
19891,78
19892,78
19893,78
19894,78
19895,78
19896,78
19897,78
19898,78
19899,78
19900,78
19901,78
19902,78
19903,78
19904,78
19905,78
19906,78
19907,78
19908,78
19909,78
19910,78
19911,78
19912,78
19913,78
19914,78
19915,78
19916,78
19917,78
19918,78
19919,78
19920,78
19921,78
19922,78
19923,78
19924,78
19925,78
19926,78
19927,78
19928,78
19929,78
19930,78
19931,78
19932,78
19933,78
19934,78
19935,78
19936,78
19937,78
19938,78
19939,78
19940,78
19941,78
19942,78
19943,78
19944,78
19945,78
19946,78
19947,78
19948,78
19949,78
19950,78
19951,78
19952,78
19953,78
19954,78
19955,78
19956,78
19957,78
19958,78
19959,78
19960,78
19961,78
19962,78
19963,78
19964,78
19965,78
19966,78
19967,78
19968,78
19969,78
19970,78
19971,78
19972,78
19973,78
19974,78
19975,78
19976,78
19977,78
19978,78
19979,78
19980,78
19981,78
19982,78
19983,78
19984,78
19985,78
19986,78
19987,78
19988,78
19989,78
19990,78
19991,78
19992,78
19993,78
19994,78
19995,78
19996,78
19997,78
19998,78
19999,78
20000,78
20001,78
20002,78
20003,78
20004,78
20005,78
20006,78
20007,78
20008,78
20009,78
20010,78
20011,78
20012,78
20013,78
20014,78
20015,78
20016,78
20017,78
20018,78
20019,78
20020,78
20021,78
20022,78
20023,78
20024,78
20025,78
20026,78
20027,78
20028,78
20029,78
20030,78
20031,78
20032,78
20033,78
20034,78
20035,78
20036,78
20037,78
20038,78
20039,78
20040,78
20041,78
20042,78
20043,78
20044,78
20045,78
20046,78
20047,78
20048,78
20049,78
20050,78
20051,78
20052,78
20053,78
20054,78
20055,78
20056,78
20057,78
20058,78
20059,78
20060,78
20061,78
20062,78
20063,78
20064,78
20065,78
20066,78
20067,78
20068,78
20069,78
20070,78
20071,78
20072,78
20073,78
20074,78
20075,78
20076,78
20077,78
20078,78
20079,78
20080,78
20081,78
20082,78
20083,78
20084,78
20085,78
20086,78
20087,78
20088,78
20089,78
20090,78
20091,78
20092,78
20093,78
20094,78
20095,78
20096,78
20097,78
20098,78
20099,78
20100,78
20101,78
20102,78
20103,78
20104,78
20105,78
20106,78
20107,78
20108,78
20109,78
20110,78
20111,78
20112,78
20113,78
20114,78
20115,78
20116,78
20117,78
20118,78
20119,78
20120,78
20121,78
20122,78
20123,78
20124,78
20125,78
20126,78
20127,78
20128,78
20129,78
20130,78
20131,78
20132,78
20133,78
20134,78
20135,78
20136,78
20137,78
20138,78
20139,78
20140,78
20141,78
20142,78
20143,78
20144,78
20145,78
20146,78
20147,78
20148,78
20149,78
20150,78
20151,78
20152,78
20153,78
20154,78
20155,78
20156,78
20157,78
20158,78
20159,78
20160,78
20161,78
20162,78
20163,78
20164,78
20165,78
20166,78
20167,78
20168,78
20169,78
20170,78
20171,78
20172,78
20173,78
20174,78
20175,78
20176,78
20177,78
20178,78
20179,78
20180,78
20181,78
20182,78
20183,78
20184,78
20185,78
20186,78
20187,78
20188,78
20189,78
20190,78
20191,78
20192,78
20193,78
20194,78
20195,78
20196,78
20197,78
20198,78
20199,78
20200,78
20201,78
20202,78
20203,78
20204,78
20205,78
20206,78
20207,78
20208,78
20209,78
20210,78
20211,78
20212,78
20213,78
20214,78
20215,78
20216,78
20217,78
20218,78
20219,78
20220,78
20221,78
20222,78
20223,78
20224,78
20225,78
20226,78
20227,78
20228,78
20229,78
20230,78
20231,78
20232,78
20233,78
20234,78
20235,78
20236,78
20237,78
20238,78
20239,78
20240,78
20241,78
20242,78
20243,78
20244,78
20245,78
20246,78
20247,78
20248,78
20249,78
20250,78
20251,78
20252,78
20253,78
20254,78
20255,78
20256,78
20257,78
20258,78
20259,78
20260,78
20261,78
20262,78
20263,78
20264,78
20265,78
20266,78
20267,78
20268,78
20269,78
20270,78
20271,78
20272,78
20273,78
20274,78
20275,78
20276,78
20277,78
20278,78
20279,78
20280,78
20281,78
20282,78
20283,78
20284,78
20285,78
20286,78
20287,78
20288,78
20289,78
20290,78
20291,78
20292,78
20293,78
20294,78
20295,78
20296,78
20297,78
20298,78
20299,78
20300,78
20301,78
20302,78
20303,78
20304,78
20305,78
20306,78
20307,78
20308,78
20309,78
20310,78
20311,78
20312,78
20313,78
20314,78
20315,78
20316,78
20317,78
20318,78
20319,78
20320,78
20321,78
20322,78
20323,78
20324,78
20325,78
20326,78
20327,78
20328,78
20329,78
20330,78
20331,78
20332,78
20333,78
20334,78
20335,78
20336,78
20337,78
20338,78
20339,78
20340,78
20341,78
20342,78
20343,78
20344,78
20345,78
20346,78
20347,78
20348,78
20349,78
20350,78
20351,78
20352,78
20353,78
20354,78
20355,78
20356,78
20357,78
20358,78
20359,78
20360,78
20361,78
20362,78
20363,78
20364,78
20365,78
20366,78
20367,78
20368,78
20369,78
20370,78
20371,78
20372,78
20373,78
20374,78
20375,78
20376,78
20377,78
20378,78
20379,78
20380,78
20381,78
20382,78
20383,78
20384,78
20385,78
20386,78
20387,78
20388,78
20389,78
20390,78
20391,78
20392,78
20393,78
20394,78
20395,78
20396,78
20397,78
20398,78
20399,78
20400,78
20401,78
20402,78
20403,78
20404,78
20405,78
20406,78
20407,78
20408,78
20409,78
20410,78
20411,78
20412,78
20413,78
20414,78
20415,78
20416,78
20417,78
20418,78
20419,78
20420,78
20421,78
20422,78
20423,78
20424,78
20425,78
20426,78
20427,78
20428,78
20429,78
20430,78
20431,78
20432,78
20433,78
20434,78
20435,78
20436,78
20437,78
20438,78
20439,78
20440,78
20441,78
20442,78
20443,78
20444,78
20445,78
20446,78
20447,78
20448,78
20449,78
20450,78
20451,78
20452,78
20453,78
20454,78
20455,78
20456,78
20457,78
20458,78
20459,78
20460,78
20461,78
20462,78
20463,78
20464,78
20465,78
20466,78
20467,78
20468,78
20469,78
20470,78
20471,78
20472,78
20473,78
20474,78
20475,78
20476,78
20477,78
20478,78
20479,78
20480,78
20481,78
20482,78
20483,78
20484,78
20485,78
20486,78
20487,78
20488,78
20489,78
20490,78
20491,78
20492,78
20493,78
20494,78
20495,78
20496,78
20497,78
20498,78
20499,78
20500,78
20501,78
20502,78
20503,78
20504,78
20505,78
20506,78
20507,78
20508,78
20509,78
20510,78
20511,78
20512,78
20513,78
20514,78
20515,78
20516,78
20517,78
20518,78
20519,78
20520,78
20521,78
20522,78
20523,78
20524,78
20525,78
20526,78
20527,78
20528,78
20529,78
20530,78
20531,78
20532,78
20533,78
20534,78
20535,78
20536,78
20537,78
20538,78
20539,78
20540,78
20541,78
20542,78
20543,78
20544,78
20545,78
20546,78
20547,78
20548,78
20549,78
20550,78
20551,78
20552,78
20553,78
20554,78
20555,78
20556,78
20557,78
20558,78
20559,78
20560,78
20561,78
20562,78
20563,78
20564,78
20565,78
20566,78
20567,78
20568,78
20569,78
20570,78
20571,78
20572,78
20573,78
20574,78
20575,78
20576,78
20577,78
20578,78
20579,78
20580,78
20581,78
20582,78
20583,78
20584,78
20585,78
20586,78
20587,78
20588,78
20589,78
20590,78
20591,78
20592,78
20593,78
20594,78
20595,78
20596,78
20597,78
20598,78
20599,78
20600,78
20601,78
20602,78
20603,78
20604,78
20605,78
20606,78
20607,78
20608,78
20609,78
20610,78
20611,78
20612,78
20613,78
20614,78
20615,78
20616,78
20617,78
20618,78
20619,78
20620,78
20621,78
20622,78
20623,78
20624,78
20625,78
20626,78
20627,78
20628,78
20629,78
20630,78
20631,78
20632,78
20633,78
20634,78
20635,78
20636,78
20637,78
20638,78
20639,78
20640,78
20641,78
20642,78
20643,78
20644,78
20645,78
20646,78
20647,78
20648,78
20649,78
20650,78
20651,78
20652,78
20653,78
20654,78
20655,78
20656,78
20657,78
20658,78
20659,78
20660,78
20661,78
20662,78
20663,78
20664,78
20665,78
20666,78
20667,78
20668,78
20669,78
20670,78
20671,78
20672,78
20673,78
20674,78
20675,78
20676,78
20677,78
20678,78
20679,78
20680,78
20681,78
20682,78
20683,78
20684,78
20685,78
20686,78
20687,78
20688,78
20689,78
20690,78
20691,78
20692,78
20693,78
20694,78
20695,78
20696,78
20697,78
20698,78
20699,78
20700,78
20701,78
20702,78
20703,78
20704,78
20705,78
20706,78
20707,78
20708,78
20709,78
20710,78
20711,78
20712,78
20713,78
20714,78
20715,78
20716,78
20717,78
20718,78
20719,78
20720,78
20721,78
20722,78
20723,78
20724,78
20725,78
20726,78
20727,78
20728,78
20729,78
20730,78
20731,78
20732,78
20733,78
20734,78
20735,78
20736,78
20737,78
20738,78
20739,78
20740,78
20741,78
20742,78
20743,78
20744,78
20745,78
20746,78
20747,78
20748,78
20749,78
20750,78
20751,78
20752,78
20753,78
20754,78
20755,78
20756,78
20757,78
20758,78
20759,78
20760,78
20761,78
20762,78
20763,78
20764,78
20765,78
20766,78
20767,78
20768,78
20769,78
20770,78
20771,78
20772,78
20773,78
20774,78
20775,78
20776,78
20777,78
20778,78
20779,78
20780,78
20781,78
20782,78
20783,78
20784,78
20785,78
20786,78
20787,78
20788,78
20789,78
20790,78
20791,78
20792,78
20793,78
20794,78
20795,78
20796,78
20797,78
20798,78
20799,78
20800,78
20801,78
20802,78
20803,78
20804,78
20805,78
20806,78
20807,78
20808,78
20809,78
20810,78
20811,78
20812,78
20813,78
20814,78
20815,78
20816,78
20817,78
20818,78
20819,78
20820,78
20821,78
20822,78
20823,78
20824,78
20825,78
20826,78
20827,78
20828,78
20829,78
20830,78
20831,78
20832,78
20833,78
20834,78
20835,78
20836,78
20837,78
20838,78
20839,78
20840,78
20841,78
20842,78
20843,78
20844,78
20845,78
20846,78
20847,78
20848,78
20849,78
20850,78
20851,78
20852,78
20853,78
20854,78
20855,78
20856,78
20857,78
20858,78
20859,78
20860,78
20861,78
20862,78
20863,78
20864,78
20865,78
20866,78
20867,78
20868,78
20869,78
20870,78
20871,78
20872,78
20873,78
20874,78
20875,78
20876,78
20877,78
20878,78
20879,78
20880,78
20881,78
20882,78
20883,78
20884,78
20885,78
20886,78
20887,78
20888,78
20889,78
20890,78
20891,78
20892,78
20893,78
20894,78
20895,78
20896,78
20897,78
20898,78
20899,78
20900,78
20901,78
20902,78
20903,78
20904,78
20905,78
20906,78
20907,78
20908,78
20909,78
20910,78
20911,78
20912,78
20913,78
20914,78
20915,78
20916,78
20917,78
20918,78
20919,78
20920,78
20921,78
20922,78
20923,78
20924,78
20925,78
20926,78
20927,78
20928,78
20929,78
20930,78
20931,78
20932,78
20933,78
20934,78
20935,78
20936,78
20937,78
20938,78
20939,78
20940,78
20941,78
20942,78
20943,78
20944,78
20945,78
20946,78
20947,78
20948,78
20949,78
20950,78
20951,78
20952,78
20953,78
20954,78
20955,78
20956,78
20957,78
20958,78
20959,78
20960,78
20961,78
20962,78
20963,78
20964,78
20965,78
20966,78
20967,78
20968,78
20969,78
20970,78
20971,78
20972,78
20973,78
20974,78
20975,78
20976,78
20977,78
20978,78
20979,78
20980,78
20981,78
20982,78
20983,78
20984,78
20985,78
20986,78
20987,78
20988,78
20989,78
20990,78
20991,78
20992,78
20993,78
20994,78
20995,78
20996,78
20997,78
20998,78
20999,78
21000,78
21001,78
21002,78
21003,78
21004,78
21005,78
21006,78
21007,78
21008,78
21009,78
21010,78
21011,78
21012,78
21013,78
21014,78
21015,78
21016,78
21017,78
21018,78
21019,78
21020,78
21021,78
21022,78
21023,78
21024,78
21025,78
21026,78
21027,78
21028,78
21029,78
21030,78
21031,78
21032,78
21033,78
21034,78
21035,78
21036,78
21037,78
21038,78
21039,78
21040,78
21041,78
21042,78
21043,78
21044,78
21045,78
21046,78
21047,78
21048,78
21049,78
21050,78
21051,78
21052,78
21053,78
21054,78
21055,78
21056,78
21057,78
21058,78
21059,78
21060,78
21061,78
21062,78
21063,78
21064,78
21065,78
21066,78
21067,78
21068,78
21069,78
21070,78
21071,78
21072,78
21073,78
21074,78
21075,78
21076,78
21077,78
21078,78
21079,78
21080,78
21081,78
21082,78
21083,78
21084,78
21085,78
21086,78
21087,78
21088,78
21089,78
21090,78
21091,78
21092,78
21093,78
21094,78
21095,78
21096,78
21097,78
21098,78
21099,78
21100,78
21101,78
21102,78
21103,78
21104,78
21105,78
21106,78
21107,78
21108,78
21109,78
21110,78
21111,78
21112,78
21113,78
21114,78
21115,78
21116,78
21117,78
21118,78
21119,78
21120,78
21121,78
21122,78
21123,78
21124,78
21125,78
21126,78
21127,78
21128,78
21129,78
21130,78
21131,78
21132,78
21133,78
21134,78
21135,78
21136,78
21137,78
21138,78
21139,78
21140,78
21141,78
21142,78
21143,78
21144,78
21145,78
21146,78
21147,78
21148,78
21149,78
21150,78
21151,78
21152,78
21153,78
21154,78
21155,78
21156,78
21157,78
21158,78
21159,78
21160,78
21161,78
21162,78
21163,78
21164,78
21165,78
21166,78
21167,78
21168,78
21169,78
21170,78
21171,78
21172,78
21173,78
21174,78
21175,78
21176,78
21177,78
21178,78
21179,78
21180,78
21181,78
21182,78
21183,78
21184,78
21185,78
21186,78
21187,78
21188,78
21189,78
21190,78
21191,78
21192,78
21193,78
21194,78
21195,78
21196,78
21197,78
21198,78
21199,78
21200,78
21201,78
21202,78
21203,78
21204,78
21205,78
21206,78
21207,78
21208,78
21209,78
21210,78
21211,78
21212,78
21213,78
21214,78
21215,78
21216,78
21217,78
21218,78
21219,78
21220,78
21221,78
21222,78
21223,78
21224,78
21225,78
21226,78
21227,78
21228,78
21229,78
21230,78
21231,78
21232,78
21233,78
21234,78
21235,78
21236,78
21237,78
21238,78
21239,78
21240,78
21241,78
21242,78
21243,78
21244,78
21245,78
21246,78
21247,78
21248,78
21249,78
21250,78
21251,78
21252,78
21253,78
21254,78
21255,78
21256,78
21257,78
21258,78
21259,78
21260,78
21261,78
21262,78
21263,78
21264,78
21265,78
21266,78
21267,78
21268,78
21269,78
21270,78
21271,78
21272,78
21273,78
21274,78
21275,78
21276,78
21277,78
21278,78
21279,78
21280,78
21281,78
21282,78
21283,78
21284,78
21285,78
21286,78
21287,78
21288,78
21289,78
21290,78
21291,78
21292,78
21293,78
21294,78
21295,78
21296,78
21297,78
21298,78
21299,78
21300,78
21301,78
21302,78
21303,78
21304,78
21305,78
21306,78
21307,78
21308,78
21309,78
21310,78
21311,78
21312,78
21313,78
21314,78
21315,78
21316,78
21317,78
21318,78
21319,78
21320,78
21321,78
21322,78
21323,78
21324,78
21325,78
21326,78
21327,78
21328,78
21329,78
21330,78
21331,78
21332,78
21333,78
21334,78
21335,78
21336,78
21337,78
21338,78
21339,78
21340,78
21341,78
21342,78
21343,78
21344,78
21345,78
21346,78
21347,78
21348,78
21349,78
21350,78
21351,78
21352,78
21353,78
21354,78
21355,78
21356,78
21357,78
21358,78
21359,78
21360,78
21361,78
21362,78
21363,78
21364,78
21365,78
21366,78
21367,78
21368,78
21369,78
21370,78
21371,78
21372,78
21373,78
21374,78
21375,78
21376,78
21377,78
21378,78
21379,78
21380,78
21381,78
21382,78
21383,78
21384,78
21385,78
21386,78
21387,78
21388,78
21389,78
21390,78
21391,78
21392,78
21393,78
21394,78
21395,78
21396,78
21397,78
21398,78
21399,78
21400,78
21401,78
21402,78
21403,78
21404,78
21405,78
21406,78
21407,78
21408,78
21409,78
21410,78
21411,78
21412,78
21413,78
21414,78
21415,78
21416,78
21417,78
21418,78
21419,78
21420,78
21421,78
21422,78
21423,78
21424,78
21425,78
21426,78
21427,78
21428,78
21429,78
21430,78
21431,78
21432,78
21433,78
21434,78
21435,78
21436,78
21437,78
21438,78
21439,78
21440,78
21441,78
21442,78
21443,78
21444,78
21445,78
21446,78
21447,78
21448,78
21449,78
21450,78
21451,78
21452,78
21453,78
21454,78
21455,78
21456,78
21457,78
21458,78
21459,78
21460,78
21461,78
21462,78
21463,78
21464,78
21465,78
21466,78
21467,78
21468,78
21469,78
21470,78
21471,78
21472,78
21473,78
21474,78
21475,78
21476,78
21477,78
21478,78
21479,78
21480,78
21481,78
21482,78
21483,78
21484,78
21485,78
21486,78
21487,78
21488,78
21489,78
21490,78
21491,78
21492,78
21493,78
21494,78
21495,78
21496,78
21497,78
21498,78
21499,78
21500,78
21501,78
21502,78
21503,78
21504,78
21505,78
21506,78
21507,78
21508,78
21509,78
21510,78
21511,78
21512,78
21513,78
21514,78
21515,78
21516,78
21517,78
21518,78
21519,78
21520,78
21521,78
21522,78
21523,78
21524,78
21525,78
21526,78
21527,78
21528,78
21529,78
21530,78
21531,78
21532,78
21533,78
21534,78
21535,78
21536,78
21537,78
21538,78
21539,78
21540,78
21541,78
21542,78
21543,78
21544,78
21545,78
21546,78
21547,78
21548,78
21549,78
21550,78
21551,78
21552,78
21553,78
21554,78
21555,78
21556,78
21557,78
21558,78
21559,78
21560,78
21561,78
21562,78
21563,78
21564,78
21565,78
21566,78
21567,78
21568,78
21569,78
21570,78
21571,78
21572,78
21573,78
21574,78
21575,78
21576,78
21577,78
21578,78
21579,78
21580,78
21581,78
21582,78
21583,78
21584,78
21585,78
21586,78
21587,78
21588,78
21589,78
21590,78
21591,78
21592,78
21593,78
21594,78
21595,78
21596,78
21597,78
21598,78
21599,78
21600,78
21601,78
21602,78
21603,78
21604,78
21605,78
21606,78
21607,78
21608,78
21609,78
21610,78
21611,78
21612,78
21613,78
21614,78
21615,78
21616,78
21617,78
21618,78
21619,78
21620,78
21621,78
21622,78
21623,78
21624,78
21625,78
21626,78
21627,78
21628,78
21629,78
21630,78
21631,78
21632,78
21633,78
21634,78
21635,78
21636,78
21637,78
21638,78
21639,78
21640,78
21641,78
21642,78
21643,78
21644,78
21645,78
21646,78
21647,78
21648,78
21649,78
21650,78
21651,78
21652,78
21653,78
21654,78
21655,78
21656,78
21657,78
21658,78
21659,78
21660,78
21661,78
21662,78
21663,78
21664,78
21665,78
21666,78
21667,78
21668,78
21669,78
21670,78
21671,78
21672,78
21673,78
21674,78
21675,78
21676,78
21677,78
21678,78
21679,78
21680,78
21681,78
21682,78
21683,78
21684,78
21685,78
21686,78
21687,78
21688,78
21689,78
21690,78
21691,78
21692,78
21693,78
21694,78
21695,78
21696,78
21697,78
21698,78
21699,78
21700,78
21701,78
21702,78
21703,78
21704,78
21705,78
21706,78
21707,78
21708,78
21709,78
21710,78
21711,78
21712,78
21713,78
21714,78
21715,78
21716,78
21717,78
21718,78
21719,78
21720,78
21721,78
21722,78
21723,78
21724,78
21725,78
21726,78
21727,78
21728,78
21729,78
21730,78
21731,78
21732,78
21733,78
21734,78
21735,78
21736,78
21737,78
21738,78
21739,78
21740,78
21741,78
21742,78
21743,78
21744,78
21745,78
21746,78
21747,78
21748,78
21749,78
21750,78
21751,78
21752,78
21753,78
21754,78
21755,78
21756,78
21757,78
21758,78
21759,78
21760,78
21761,78
21762,78
21763,78
21764,78
21765,78
21766,78
21767,78
21768,78
21769,78
21770,78
21771,78
21772,78
21773,78
21774,78
21775,78
21776,78
21777,78
21778,78
21779,78
21780,78
21781,78
21782,78
21783,78
21784,78
21785,78
21786,78
21787,78
21788,78
21789,78
21790,78
21791,78
21792,78
21793,78
21794,78
21795,78
21796,78
21797,78
21798,78
21799,78
21800,78
21801,78
21802,78
21803,78
21804,78
21805,78
21806,78
21807,78
21808,78
21809,78
21810,78
21811,78
21812,78
21813,78
21814,78
21815,78
21816,78
21817,78
21818,78
21819,78
21820,78
21821,78
21822,78
21823,78
21824,78
21825,78
21826,78
21827,78
21828,78
21829,78
21830,78
21831,78
21832,78
21833,78
21834,78
21835,78
21836,78
21837,78
21838,78
21839,78
21840,78
21841,78
21842,78
21843,78
21844,78
21845,78
21846,78
21847,78
21848,78
21849,78
21850,78
21851,78
21852,78
21853,78
21854,78
21855,78
21856,78
21857,78
21858,78
21859,78
21860,78
21861,78
21862,78
21863,78
21864,78
21865,78
21866,78
21867,78
21868,78
21869,78
21870,78
21871,78
21872,78
21873,78
21874,78
21875,78
21876,78
21877,78
21878,78
21879,78
21880,78
21881,78
21882,78
21883,78
21884,78
21885,78
21886,78
21887,78
21888,78
21889,78
21890,78
21891,78
21892,78
21893,78
21894,78
21895,78
21896,78
21897,78
21898,78
21899,78
21900,78
21901,78
21902,78
21903,78
21904,78
21905,78
21906,78
21907,78
21908,78
21909,78
21910,78
21911,78
21912,78
21913,78
21914,78
21915,78
21916,78
21917,78
21918,78
21919,78
21920,78
21921,78
21922,78
21923,78
21924,78
21925,78
21926,78
21927,78
21928,78
21929,78
21930,78
21931,78
21932,78
21933,78
21934,78
21935,78
21936,78
21937,78
21938,78
21939,78
21940,78
21941,78
21942,78
21943,78
21944,78
21945,78
21946,78
21947,78
21948,78
21949,78
21950,78
21951,78
21952,78
21953,78
21954,78
21955,78
21956,78
21957,78
21958,78
21959,78
21960,78
21961,78
21962,78
21963,78
21964,78
21965,78
21966,78
21967,78
21968,78
21969,78
21970,78
21971,78
21972,78
21973,78
21974,78
21975,78
21976,78
21977,78
21978,78
21979,78
21980,78
21981,78
21982,78
21983,78
21984,78
21985,78
21986,78
21987,78
21988,78
21989,78
21990,78
21991,78
21992,78
21993,78
21994,78
21995,78
21996,78
21997,78
21998,78
21999,78
22000,78
22001,78
22002,78
22003,78
22004,78
22005,78
22006,78
22007,78
22008,78
22009,78
22010,78
22011,78
22012,78
22013,78
22014,78
22015,78
22016,78
22017,78
22018,78
22019,78
22020,78
22021,78
22022,78
22023,78
22024,78
22025,78
22026,78
22027,78
22028,78
22029,78
22030,78
22031,78
22032,78
22033,78
22034,78
22035,78
22036,78
22037,78
22038,78
22039,78
22040,78
22041,78
22042,78
22043,78
22044,78
22045,78
22046,78
22047,78
22048,78
22049,78
22050,78
22051,78
22052,78
22053,78
22054,78
22055,78
22056,78
22057,78
22058,78
22059,78
22060,78
22061,78
22062,78
22063,78
22064,78
22065,78
22066,78
22067,78
22068,78
22069,78
22070,78
22071,78
22072,78
22073,78
22074,78
22075,78
22076,78
22077,78
22078,78
22079,78
22080,78
22081,78
22082,78
22083,78
22084,78
22085,78
22086,78
22087,78
22088,78
22089,78
22090,78
22091,78
22092,78
22093,78
22094,78
22095,78
22096,78
22097,78
22098,78
22099,78
22100,78
22101,78
22102,78
22103,78
22104,78
22105,78
22106,78
22107,78
22108,78
22109,78
22110,78
22111,78
22112,78
22113,78
22114,78
22115,78
22116,78
22117,78
22118,78
22119,78
22120,78
22121,78
22122,78
22123,78
22124,78
22125,78
22126,78
22127,78
22128,78
22129,78
22130,78
22131,78
22132,78
22133,78
22134,78
22135,78
22136,78
22137,78
22138,78
22139,78
22140,78
22141,78
22142,78
22143,78
22144,78
22145,78
22146,78
22147,78
22148,78
22149,78
22150,78
22151,78
22152,78
22153,78
22154,78
22155,78
22156,78
22157,78
22158,78
22159,78
22160,78
22161,78
22162,78
22163,78
22164,78
22165,78
22166,78
22167,78
22168,78
22169,78
22170,78
22171,78
22172,78
22173,78
22174,78
22175,78
22176,78
22177,78
22178,78
22179,78
22180,78
22181,78
22182,78
22183,78
22184,78
22185,78
22186,78
22187,78
22188,78
22189,78
22190,78
22191,78
22192,78
22193,78
22194,78
22195,78
22196,78
22197,78
22198,78
22199,78
22200,78
22201,78
22202,78
22203,78
22204,78
22205,78
22206,78
22207,78
22208,78
22209,78
22210,78
22211,78
22212,78
22213,78
22214,78
22215,78
22216,78
22217,78
22218,78
22219,78
22220,78
22221,78
22222,78
22223,78
22224,78
22225,78
22226,78
22227,78
22228,78
22229,78
22230,78
22231,78
22232,78
22233,78
22234,78
22235,78
22236,78
22237,78
22238,78
22239,78
22240,78
22241,78
22242,78
22243,78
22244,78
22245,78
22246,78
22247,78
22248,78
22249,78
22250,78
22251,78
22252,78
22253,78
22254,78
22255,78
22256,78
22257,78
22258,78
22259,78
22260,78
22261,78
22262,78
22263,78
22264,78
22265,78
22266,78
22267,78
22268,78
22269,78
22270,78
22271,78
22272,78
22273,78
22274,78
22275,78
22276,78
22277,78
22278,78
22279,78
22280,78
22281,78
22282,78
22283,78
22284,78
22285,78
22286,78
22287,78
22288,78
22289,78
22290,78
22291,78
22292,78
22293,78
22294,78
22295,78
22296,78
22297,78
22298,78
22299,78
22300,78
22301,78
22302,78
22303,78
22304,78
22305,78
22306,78
22307,78
22308,78
22309,78
22310,78
22311,78
22312,78
22313,78
22314,78
22315,78
22316,78
22317,78
22318,78
22319,78
22320,78
22321,78
22322,78
22323,78
22324,78
22325,78
22326,78
22327,78
22328,78
22329,78
22330,78
22331,78
22332,78
22333,78
22334,78
22335,78
22336,78
22337,78
22338,78
22339,78
22340,78
22341,78
22342,78
22343,78
22344,78
22345,78
22346,78
22347,78
22348,78
22349,78
22350,78
22351,78
22352,78
22353,78
22354,78
22355,78
22356,78
22357,78
22358,78
22359,78
22360,78
22361,78
22362,78
22363,78
22364,78
22365,78
22366,78
22367,78
22368,78
22369,78
22370,78
22371,78
22372,78
22373,78
22374,78
22375,78
22376,78
22377,78
22378,78
22379,78
22380,78
22381,78
22382,78
22383,78
22384,78
22385,78
22386,78
22387,78
22388,78
22389,78
22390,78
22391,78
22392,78
22393,78
22394,78
22395,78
22396,78
22397,78
22398,78
22399,78
22400,78
22401,78
22402,78
22403,78
22404,78
22405,78
22406,78
22407,78
22408,78
22409,78
22410,78
22411,78
22412,78
22413,78
22414,78
22415,78
22416,78
22417,78
22418,78
22419,78
22420,78
22421,78
22422,78
22423,78
22424,78
22425,78
22426,78
22427,78
22428,78
22429,78
22430,78
22431,78
22432,78
22433,78
22434,78
22435,78
22436,78
22437,78
22438,78
22439,78
22440,78
22441,78
22442,78
22443,78
22444,78
22445,78
22446,78
22447,78
22448,78
22449,78
22450,78
22451,78
22452,78
22453,78
22454,78
22455,78
22456,78
22457,78
22458,78
22459,78
22460,78
22461,78
22462,78
22463,78
22464,78
22465,78
22466,78
22467,78
22468,78
22469,78
22470,78
22471,78
22472,78
22473,78
22474,78
22475,78
22476,78
22477,78
22478,78
22479,78
22480,78
22481,78
22482,78
22483,78
22484,78
22485,78
22486,78
22487,78
22488,78
22489,78
22490,78
22491,78
22492,78
22493,78
22494,78
22495,78
22496,78
22497,78
22498,78
22499,78
22500,78
22501,78
22502,78
22503,78
22504,78
22505,78
22506,78
22507,78
22508,78
22509,78
22510,78
22511,78
22512,78
22513,78
22514,78
22515,78
22516,78
22517,78
22518,78
22519,78
22520,78
22521,78
22522,78
22523,78
22524,78
22525,78
22526,78
22527,78
22528,78
22529,78
22530,78
22531,78
22532,78
22533,78
22534,78
22535,78
22536,78
22537,78
22538,78
22539,78
22540,78
22541,78
22542,78
22543,78
22544,78
22545,78
22546,78
22547,78
22548,78
22549,78
22550,78
22551,78
22552,78
22553,78
22554,78
22555,78
22556,78
22557,78
22558,78
22559,78
22560,78
22561,78
22562,78
22563,78
22564,78
22565,78
22566,78
22567,78
22568,78
22569,78
22570,78
22571,78
22572,78
22573,78
22574,78
22575,78
22576,78
22577,78
22578,78
22579,78
22580,78
22581,78
22582,78
22583,78
22584,78
22585,78
22586,78
22587,78
22588,78
22589,78
22590,78
22591,78
22592,78
22593,78
22594,78
22595,78
22596,78
22597,78
22598,78
22599,78
22600,78
22601,78
22602,78
22603,78
22604,78
22605,78
22606,78
22607,78
22608,78
22609,78
22610,78
22611,78
22612,78
22613,78
22614,78
22615,78
22616,78
22617,78
22618,78
22619,78
22620,78
22621,78
22622,78
22623,78
22624,78
22625,78
22626,78
22627,78
22628,78
22629,78
22630,78
22631,78
22632,78
22633,78
22634,78
22635,78
22636,78
22637,78
22638,78
22639,78
22640,78
22641,78
22642,78
22643,78
22644,78
22645,78
22646,78
22647,78
22648,78
22649,78
22650,78
22651,78
22652,78
22653,78
22654,78
22655,78
22656,78
22657,78
22658,78
22659,78
22660,78
22661,78
22662,78
22663,78
22664,78
22665,78
22666,78
22667,78
22668,78
22669,78
22670,78
22671,78
22672,78
22673,78
22674,78
22675,78
22676,78
22677,78
22678,78
22679,78
22680,78
22681,78
22682,78
22683,78
22684,78
22685,78
22686,78
22687,78
22688,78
22689,78
22690,78
22691,78
22692,78
22693,78
22694,78
22695,78
22696,78
22697,78
22698,78
22699,78
22700,78
22701,78
22702,78
22703,78
22704,78
22705,78
22706,78
22707,78
22708,78
22709,78
22710,78
22711,78
22712,78
22713,78
22714,78
22715,78
22716,78
22717,78
22718,78
22719,78
22720,78
22721,78
22722,78
22723,78
22724,78
22725,78
22726,78
22727,78
22728,78
22729,78
22730,78
22731,78
22732,78
22733,78
22734,78
22735,78
22736,78
22737,78
22738,78
22739,78
22740,78
22741,78
22742,78
22743,78
22744,78
22745,78
22746,78
22747,78
22748,78
22749,78
22750,78
22751,78
22752,78
22753,78
22754,78
22755,78
22756,78
22757,78
22758,78
22759,78
22760,78
22761,78
22762,78
22763,78
22764,78
22765,78
22766,78
22767,78
22768,78
22769,78
22770,78
22771,78
22772,78
22773,78
22774,78
22775,78
22776,78
22777,78
22778,78
22779,78
22780,78
22781,78
22782,78
22783,78
22784,78
22785,78
22786,78
22787,78
22788,78
22789,78
22790,78
22791,78
22792,78
22793,78
22794,78
22795,78
22796,78
22797,78
22798,78
22799,78
22800,78
22801,78
22802,78
22803,78
22804,78
22805,78
22806,78
22807,78
22808,78
22809,78
22810,78
22811,78
22812,78
22813,78
22814,78
22815,78
22816,78
22817,78
22818,78
22819,78
22820,78
22821,78
22822,78
22823,78
22824,78
22825,78
22826,78
22827,78
22828,78
22829,78
22830,78
22831,78
22832,78
22833,78
22834,78
22835,78
22836,78
22837,78
22838,78
22839,78
22840,78
22841,78
22842,78
22843,78
22844,78
22845,78
22846,78
22847,78
22848,78
22849,78
22850,78
22851,78
22852,78
22853,78
22854,78
22855,78
22856,78
22857,78
22858,78
22859,78
22860,78
22861,78
22862,78
22863,78
22864,78
22865,78
22866,78
22867,78
22868,78
22869,78
22870,78
22871,78
22872,78
22873,78
22874,78
22875,78
22876,78
22877,78
22878,78
22879,78
22880,78
22881,78
22882,78
22883,78
22884,78
22885,78
22886,78
22887,78
22888,78
22889,78
22890,78
22891,78
22892,78
22893,78
22894,78
22895,78
22896,78
22897,78
22898,78
22899,78
22900,78
22901,78
22902,78
22903,78
22904,78
22905,78
22906,78
22907,78
22908,78
22909,78
22910,78
22911,78
22912,78
22913,78
22914,78
22915,78
22916,78
22917,78
22918,78
22919,78
22920,78
22921,78
22922,78
22923,78
22924,78
22925,78
22926,78
22927,78
22928,78
22929,78
22930,78
22931,78
22932,78
22933,78
22934,78
22935,78
22936,78
22937,78
22938,78
22939,78
22940,78
22941,78
22942,78
22943,78
22944,78
22945,78
22946,78
22947,78
22948,78
22949,78
22950,78
22951,78
22952,78
22953,78
22954,78
22955,78
22956,78
22957,78
22958,78
22959,78
22960,78
22961,78
22962,78
22963,78
22964,78
22965,78
22966,78
22967,78
22968,78
22969,78
22970,78
22971,78
22972,78
22973,78
22974,78
22975,78
22976,78
22977,78
22978,78
22979,78
22980,78
22981,78
22982,78
22983,78
22984,78
22985,78
22986,78
22987,78
22988,78
22989,78
22990,78
22991,78
22992,78
22993,78
22994,78
22995,78
22996,78
22997,78
22998,78
22999,78
23000,78
23001,78
23002,78
23003,78
23004,78
23005,78
23006,78
23007,78
23008,78
23009,78
23010,78
23011,78
23012,78
23013,78
23014,78
23015,78
23016,78
23017,78
23018,78
23019,78
23020,78
23021,78
23022,78
23023,78
23024,78
23025,78
23026,78
23027,78
23028,78
23029,78
23030,78
23031,78
23032,78
23033,78
23034,78
23035,78
23036,78
23037,78
23038,78
23039,78
23040,78
23041,78
23042,78
23043,78
23044,78
23045,78
23046,78
23047,78
23048,78
23049,78
23050,78
23051,78
23052,78
23053,78
23054,78
23055,78
23056,78
23057,78
23058,78
23059,78
23060,78
23061,78
23062,78
23063,78
23064,78
23065,78
23066,78
23067,78
23068,78
23069,78
23070,78
23071,78
23072,78
23073,78
23074,78
23075,78
23076,78
23077,78
23078,78
23079,78
23080,78
23081,78
23082,78
23083,78
23084,78
23085,78
23086,78
23087,78
23088,78
23089,78
23090,78
23091,78
23092,78
23093,78
23094,78
23095,78
23096,78
23097,78
23098,78
23099,78
23100,78
23101,78
23102,78
23103,78
23104,78
23105,78
23106,78
23107,78
23108,78
23109,78
23110,78
23111,78
23112,78
23113,78
23114,78
23115,78
23116,78
23117,78
23118,78
23119,78
23120,78
23121,78
23122,78
23123,78
23124,78
23125,78
23126,78
23127,78
23128,78
23129,78
23130,78
23131,78
23132,78
23133,78
23134,78
23135,78
23136,78
23137,78
23138,78
23139,78
23140,78
23141,78
23142,78
23143,78
23144,78
23145,78
23146,78
23147,78
23148,78
23149,78
23150,78
23151,78
23152,78
23153,78
23154,78
23155,78
23156,78
23157,78
23158,78
23159,78
23160,78
23161,78
23162,78
23163,78
23164,78
23165,78
23166,78
23167,78
23168,78
23169,78
23170,78
23171,78
23172,78
23173,78
23174,78
23175,78
23176,78
23177,78
23178,78
23179,78
23180,78
23181,78
23182,78
23183,78
23184,78
23185,78
23186,78
23187,78
23188,78
23189,78
23190,78
23191,78
23192,78
23193,78
23194,78
23195,78
23196,78
23197,78
23198,78
23199,78
23200,78
23201,78
23202,78
23203,78
23204,78
23205,78
23206,78
23207,78
23208,78
23209,78
23210,78
23211,78
23212,78
23213,78
23214,78
23215,78
23216,78
23217,78
23218,78
23219,78
23220,78
23221,78
23222,78
23223,78
23224,78
23225,78
23226,78
23227,78
23228,78
23229,78
23230,78
23231,78
23232,78
23233,78
23234,78
23235,78
23236,78
23237,78
23238,78
23239,78
23240,78
23241,78
23242,78
23243,78
23244,78
23245,78
23246,78
23247,78
23248,78
23249,78
23250,78
23251,78
23252,78
23253,78
23254,78
23255,78
23256,78
23257,78
23258,78
23259,78
23260,78
23261,78
23262,78
23263,78
23264,78
23265,78
23266,78
23267,78
23268,78
23269,78
23270,78
23271,78
23272,78
23273,78
23274,78
23275,78
23276,78
23277,78
23278,78
23279,78
23280,78
23281,78
23282,78
23283,78
23284,78
23285,78
23286,78
23287,78
23288,78
23289,78
23290,78
23291,78
23292,78
23293,78
23294,78
23295,78
23296,78
23297,78
23298,78
23299,78
23300,78
23301,78
23302,78
23303,78
23304,78
23305,78
23306,78
23307,78
23308,78
23309,78
23310,78
23311,78
23312,78
23313,78
23314,78
23315,78
23316,78
23317,78
23318,78
23319,78
23320,78
23321,78
23322,78
23323,78
23324,78
23325,78
23326,78
23327,78
23328,78
23329,78
23330,78
23331,78
23332,78
23333,78
23334,78
23335,78
23336,78
23337,78
23338,78
23339,78
23340,78
23341,78
23342,78
23343,78
23344,78
23345,78
23346,78
23347,78
23348,78
23349,78
23350,78
23351,78
23352,78
23353,78
23354,78
23355,78
23356,78
23357,78
23358,78
23359,78
23360,78
23361,78
23362,78
23363,78
23364,78
23365,78
23366,78
23367,78
23368,78
23369,78
23370,78
23371,78
23372,78
23373,78
23374,78
23375,78
23376,78
23377,78
23378,78
23379,78
23380,78
23381,78
23382,78
23383,78
23384,78
23385,78
23386,78
23387,78
23388,78
23389,78
23390,78
23391,78
23392,78
23393,78
23394,78
23395,78
23396,78
23397,78
23398,78
23399,78
23400,78
23401,78
23402,78
23403,78
23404,78
23405,78
23406,78
23407,78
23408,78
23409,78
23410,78
23411,78
23412,78
23413,78
23414,78
23415,78
23416,78
23417,78
23418,78
23419,78
23420,78
23421,78
23422,78
23423,78
23424,78
23425,78
23426,78
23427,78
23428,78
23429,78
23430,78
23431,78
23432,78
23433,78
23434,78
23435,78
23436,78
23437,78
23438,78
23439,78
23440,78
23441,78
23442,78
23443,78
23444,78
23445,78
23446,78
23447,78
23448,78
23449,78
23450,78
23451,78
23452,78
23453,78
23454,78
23455,78
23456,78
23457,78
23458,78
23459,78
23460,78
23461,78
23462,78
23463,78
23464,78
23465,78
23466,78
23467,78
23468,78
23469,78
23470,78
23471,78
23472,78
23473,78
23474,78
23475,78
23476,78
23477,78
23478,78
23479,78
23480,78
23481,78
23482,78
23483,78
23484,78
23485,78
23486,78
23487,78
23488,78
23489,78
23490,78
23491,78
23492,78
23493,78
23494,78
23495,78
23496,78
23497,78
23498,78
23499,78
23500,78
23501,78
23502,78
23503,78
23504,78
23505,78
23506,78
23507,78
23508,78
23509,78
23510,78
23511,78
23512,78
23513,78
23514,78
23515,78
23516,78
23517,78
23518,78
23519,78
23520,78
23521,78
23522,78
23523,78
23524,78
23525,78
23526,78
23527,78
23528,78
23529,78
23530,78
23531,78
23532,78
23533,78
23534,78
23535,78
23536,78
23537,78
23538,78
23539,78
23540,78
23541,78
23542,78
23543,78
23544,78
23545,78
23546,78
23547,78
23548,78
23549,78
23550,78
23551,78
23552,78
23553,78
23554,78
23555,78
23556,78
23557,78
23558,78
23559,78
23560,78
23561,78
23562,78
23563,78
23564,78
23565,78
23566,78
23567,78
23568,78
23569,78
23570,78
23571,78
23572,78
23573,78
23574,78
23575,78
23576,78
23577,78
23578,78
23579,78
23580,78
23581,78
23582,78
23583,78
23584,78
23585,78
23586,78
23587,78
23588,78
23589,78
23590,78
23591,78
23592,78
23593,78
23594,78
23595,78
23596,78
23597,78
23598,78
23599,78
23600,78
23601,78
23602,78
23603,78
23604,78
23605,78
23606,78
23607,78
23608,78
23609,78
23610,78
23611,78
23612,78
23613,78
23614,78
23615,78
23616,78
23617,78
23618,78
23619,78
23620,78
23621,78
23622,78
23623,78
23624,78
23625,78
23626,78
23627,78
23628,78
23629,78
23630,78
23631,78
23632,78
23633,78
23634,78
23635,78
23636,78
23637,78
23638,78
23639,78
23640,78
23641,78
23642,78
23643,78
23644,78
23645,78
23646,78
23647,78
23648,78
23649,78
23650,78
23651,78
23652,78
23653,78
23654,78
23655,78
23656,78
23657,78
23658,78
23659,78
23660,78
23661,78
23662,78
23663,78
23664,78
23665,78
23666,78
23667,78
23668,78
23669,78
23670,78
23671,78
23672,78
23673,78
23674,78
23675,78
23676,78
23677,78
23678,78
23679,78
23680,78
23681,78
23682,78
23683,78
23684,78
23685,78
23686,78
23687,78
23688,78
23689,78
23690,78
23691,78
23692,78
23693,78
23694,78
23695,78
23696,78
23697,78
23698,78
23699,78
23700,78
23701,78
23702,78
23703,78
23704,78
23705,78
23706,78
23707,78
23708,78
23709,78
23710,78
23711,78
23712,78
23713,78
23714,78
23715,78
23716,78
23717,78
23718,78
23719,78
23720,78
23721,78
23722,78
23723,78
23724,78
23725,78
23726,78
23727,78
23728,78
23729,78
23730,78
23731,78
23732,78
23733,78
23734,78
23735,78
23736,78
23737,78
23738,78
23739,78
23740,78
23741,78
23742,78
23743,78
23744,78
23745,78
23746,78
23747,78
23748,78
23749,78
23750,78
23751,78
23752,78
23753,78
23754,78
23755,78
23756,78
23757,78
23758,78
23759,78
23760,78
23761,78
23762,78
23763,78
23764,78
23765,78
23766,78
23767,78
23768,78
23769,78
23770,78
23771,78
23772,78
23773,78
23774,78
23775,78
23776,78
23777,78
23778,78
23779,78
23780,78
23781,78
23782,78
23783,78
23784,78
23785,78
23786,78
23787,78
23788,78
23789,78
23790,78
23791,78
23792,78
23793,78
23794,78
23795,78
23796,78
23797,78
23798,78
23799,78
23800,78
23801,78
23802,78
23803,78
23804,78
23805,78
23806,78
23807,78
23808,78
23809,78
23810,78
23811,78
23812,78
23813,78
23814,78
23815,78
23816,78
23817,78
23818,78
23819,78
23820,78
23821,78
23822,78
23823,78
23824,78
23825,78
23826,78
23827,78
23828,78
23829,78
23830,78
23831,78
23832,78
23833,78
23834,78
23835,78
23836,78
23837,78
23838,78
23839,78
23840,78
23841,78
23842,78
23843,78
23844,78
23845,78
23846,78
23847,78
23848,78
23849,78
23850,78
23851,78
23852,78
23853,78
23854,78
23855,78
23856,78
23857,78
23858,78
23859,78
23860,78
23861,78
23862,78
23863,78
23864,78
23865,78
23866,78
23867,78
23868,78
23869,78
23870,78
23871,78
23872,78
23873,78
23874,78
23875,78
23876,78
23877,78
23878,78
23879,78
23880,78
23881,78
23882,78
23883,78
23884,78
23885,78
23886,78
23887,78
23888,78
23889,78
23890,78
23891,78
23892,78
23893,78
23894,78
23895,78
23896,78
23897,78
23898,78
23899,78
23900,78
23901,78
23902,78
23903,78
23904,78
23905,78
23906,78
23907,78
23908,78
23909,78
23910,78
23911,78
23912,78
23913,78
23914,78
23915,78
23916,78
23917,78
23918,78
23919,78
23920,78
23921,78
23922,78
23923,78
23924,78
23925,78
23926,78
23927,78
23928,78
23929,78
23930,78
23931,78
23932,78
23933,78
23934,78
23935,78
23936,78
23937,78
23938,78
23939,78
23940,78
23941,78
23942,78
23943,78
23944,78
23945,78
23946,78
23947,78
23948,78
23949,78
23950,78
23951,78
23952,78
23953,78
23954,78
23955,78
23956,78
23957,78
23958,78
23959,78
23960,78
23961,78
23962,78
23963,78
23964,78
23965,78
23966,78
23967,78
23968,78
23969,78
23970,78
23971,78
23972,78
23973,78
23974,78
23975,78
23976,78
23977,78
23978,78
23979,78
23980,78
23981,78
23982,78
23983,78
23984,78
23985,78
23986,78
23987,78
23988,78
23989,78
23990,78
23991,78
23992,78
23993,78
23994,78
23995,78
23996,78
23997,78
23998,78
23999,78
24000,78
24001,78
24002,78
24003,78
24004,78
24005,78
24006,78
24007,78
24008,78
24009,78
24010,78
24011,78
24012,78
24013,78
24014,78
24015,78
24016,78
24017,78
24018,78
24019,78
24020,78
24021,78
24022,78
24023,78
24024,78
24025,78
24026,78
24027,78
24028,78
24029,78
24030,78
24031,78
24032,78
24033,78
24034,78
24035,78
24036,78
24037,78
24038,78
24039,78
24040,78
24041,78
24042,78
24043,78
24044,78
24045,78
24046,78
24047,78
24048,78
24049,78
24050,78
24051,78
24052,78
24053,78
24054,78
24055,78
24056,78
24057,78
24058,78
24059,78
24060,78
24061,78
24062,78
24063,78
24064,78
24065,78
24066,78
24067,78
24068,78
24069,78
24070,78
24071,78
24072,78
24073,78
24074,78
24075,78
24076,78
24077,78
24078,78
24079,78
24080,78
24081,78
24082,78
24083,78
24084,78
24085,78
24086,78
24087,78
24088,78
24089,78
24090,78
24091,78
24092,78
24093,78
24094,78
24095,78
24096,78
24097,78
24098,78
24099,78
24100,78
24101,78
24102,78
24103,78
24104,78
24105,78
24106,78
24107,78
24108,78
24109,78
24110,78
24111,78
24112,78
24113,78
24114,78
24115,78
24116,78
24117,78
24118,78
24119,78
24120,78
24121,78
24122,78
24123,78
24124,78
24125,78
24126,78
24127,78
24128,78
24129,78
24130,78
24131,78
24132,78
24133,78
24134,78
24135,78
24136,78
24137,78
24138,78
24139,78
24140,78
24141,78
24142,78
24143,78
24144,78
24145,78
24146,78
24147,78
24148,78
24149,78
24150,78
24151,78
24152,78
24153,78
24154,78
24155,78
24156,78
24157,78
24158,78
24159,78
24160,78
24161,78
24162,78
24163,78
24164,78
24165,78
24166,78
24167,78
24168,78
24169,78
24170,78
24171,78
24172,78
24173,78
24174,78
24175,78
24176,78
24177,78
24178,78
24179,78
24180,78
24181,78
24182,78
24183,78
24184,78
24185,78
24186,78
24187,78
24188,78
24189,78
24190,78
24191,78
24192,78
24193,78
24194,78
24195,78
24196,78
24197,78
24198,78
24199,78
24200,78
24201,78
24202,78
24203,78
24204,78
24205,78
24206,78
24207,78
24208,78
24209,78
24210,78
24211,78
24212,78
24213,78
24214,78
24215,78
24216,78
24217,78
24218,78
24219,78
24220,78
24221,78
24222,78
24223,78
24224,78
24225,78
24226,78
24227,78
24228,78
24229,78
24230,78
24231,78
24232,78
24233,78
24234,78
24235,78
24236,78
24237,78
24238,78
24239,78
24240,78
24241,78
24242,78
24243,78
24244,78
24245,78
24246,78
24247,78
24248,78
24249,78
24250,78
24251,78
24252,78
24253,78
24254,78
24255,78
24256,78
24257,78
24258,78
24259,78
24260,78
24261,78
24262,78
24263,78
24264,78
24265,78
24266,78
24267,78
24268,78
24269,78
24270,78
24271,78
24272,78
24273,78
24274,78
24275,78
24276,78
24277,78
24278,78
24279,78
24280,78
24281,78
24282,78
24283,78
24284,78
24285,78
24286,78
24287,78
24288,78
24289,78
24290,78
24291,78
24292,78
24293,78
24294,78
24295,78
24296,78
24297,78
24298,78
24299,78
24300,78
24301,78
24302,78
24303,78
24304,78
24305,78
24306,78
24307,78
24308,78
24309,78
24310,78
24311,78
24312,78
24313,78
24314,78
24315,78
24316,78
24317,78
24318,78
24319,78
24320,78
24321,78
24322,78
24323,78
24324,78
24325,78
24326,78
24327,78
24328,78
24329,78
24330,78
24331,78
24332,78
24333,78
24334,78
24335,78
24336,78
24337,78
24338,78
24339,78
24340,78
24341,78
24342,78
24343,78
24344,78
24345,78
24346,78
24347,78
24348,78
24349,78
24350,78
24351,78
24352,78
24353,78
24354,78
24355,78
24356,78
24357,78
24358,78
24359,78
24360,78
24361,78
24362,78
24363,78
24364,78
24365,78
24366,78
24367,78
24368,78
24369,78
24370,78
24371,78
24372,78
24373,78
24374,78
24375,78
24376,78
24377,78
24378,78
24379,78
24380,78
24381,78
24382,78
24383,78
24384,78
24385,78
24386,78
24387,78
24388,78
24389,78
24390,78
24391,78
24392,78
24393,78
24394,78
24395,78
24396,78
24397,78
24398,78
24399,78
24400,78
24401,78
24402,78
24403,78
24404,78
24405,78
24406,78
24407,78
24408,78
24409,78
24410,78
24411,78
24412,78
24413,78
24414,78
24415,78
24416,78
24417,78
24418,78
24419,78
24420,78
24421,78
24422,78
24423,78
24424,78
24425,78
24426,78
24427,78
24428,78
24429,78
24430,78
24431,78
24432,78
24433,78
24434,78
24435,78
24436,78
24437,78
24438,78
24439,78
24440,78
24441,78
24442,78
24443,78
24444,78
24445,78
24446,78
24447,78
24448,78
24449,78
24450,78
24451,78
24452,78
24453,78
24454,78
24455,78
24456,78
24457,78
24458,78
24459,78
24460,78
24461,78
24462,78
24463,78
24464,78
24465,78
24466,78
24467,78
24468,78
24469,78
24470,78
24471,78
24472,78
24473,78
24474,78
24475,78
24476,78
24477,78
24478,78
24479,78
24480,78
24481,78
24482,78
24483,78
24484,78
24485,78
24486,78
24487,78
24488,78
24489,78
24490,78
24491,78
24492,78
24493,78
24494,78
24495,78
24496,78
24497,78
24498,78
24499,78
24500,78
24501,78
24502,78
24503,78
24504,78
24505,78
24506,78
24507,78
24508,78
24509,78
24510,78
24511,78
24512,78
24513,78
24514,78
24515,78
24516,78
24517,78
24518,78
24519,78
24520,78
24521,78
24522,78
24523,78
24524,78
24525,78
24526,78
24527,78
24528,78
24529,78
24530,78
24531,78
24532,78
24533,78
24534,78
24535,78
24536,78
24537,78
24538,78
24539,78
24540,78
24541,78
24542,78
24543,78
24544,78
24545,78
24546,78
24547,78
24548,78
24549,78
24550,78
24551,78
24552,78
24553,78
24554,78
24555,78
24556,78
24557,78
24558,78
24559,78
24560,78
24561,78
24562,78
24563,78
24564,78
24565,78
24566,78
24567,78
24568,78
24569,78
24570,78
24571,78
24572,78
24573,78
24574,78
24575,78
24576,78
24577,78
24578,78
24579,78
24580,78
24581,78
24582,78
24583,78
24584,78
24585,78
24586,78
24587,78
24588,78
24589,78
24590,78
24591,78
24592,78
24593,78
24594,78
24595,78
24596,78
24597,78
24598,78
24599,78
24600,78
24601,78
24602,78
24603,78
24604,78
24605,78
24606,78
24607,78
24608,78
24609,78
24610,78
24611,78
24612,78
24613,78
24614,78
24615,78
24616,78
24617,78
24618,78
24619,78
24620,78
24621,78
24622,78
24623,78
24624,78
24625,78
24626,78
24627,78
24628,78
24629,78
24630,78
24631,78
24632,78
24633,78
24634,78
24635,78
24636,78
24637,78
24638,78
24639,78
24640,78
24641,78
24642,78
24643,78
24644,78
24645,78
24646,78
24647,78
24648,78
24649,78
24650,78
24651,78
24652,78
24653,78
24654,78
24655,78
24656,78
24657,78
24658,78
24659,78
24660,78
24661,78
24662,78
24663,78
24664,78
24665,78
24666,78
24667,78
24668,78
24669,78
24670,78
24671,78
24672,78
24673,78
24674,78
24675,78
24676,78
24677,78
24678,78
24679,78
24680,78
24681,78
24682,78
24683,78
24684,78
24685,78
24686,78
24687,78
24688,78
24689,78
24690,78
24691,78
24692,78
24693,78
24694,78
24695,78
24696,78
24697,78
24698,78
24699,78
24700,78
24701,78
24702,78
24703,78
24704,78
24705,78
24706,78
24707,78
24708,78
24709,78
24710,78
24711,78
24712,78
24713,78
24714,78
24715,78
24716,78
24717,78
24718,78
24719,78
24720,78
24721,78
24722,78
24723,78
24724,78
24725,78
24726,78
24727,78
24728,78
24729,78
24730,78
24731,78
24732,78
24733,78
24734,78
24735,78
24736,78
24737,78
24738,78
24739,78
24740,78
24741,78
24742,78
24743,78
24744,78
24745,78
24746,78
24747,78
24748,78
24749,78
24750,78
24751,78
24752,78
24753,78
24754,78
24755,78
24756,78
24757,78
24758,78
24759,78
24760,78
24761,78
24762,78
24763,78
24764,78
24765,78
24766,78
24767,78
24768,78
24769,78
24770,78
24771,78
24772,78
24773,78
24774,78
24775,78
24776,78
24777,78
24778,78
24779,78
24780,78
24781,78
24782,78
24783,78
24784,78
24785,78
24786,78
24787,78
24788,78
24789,78
24790,78
24791,78
24792,78
24793,78
24794,78
24795,78
24796,78
24797,78
24798,78
24799,78
24800,78
24801,78
24802,78
24803,78
24804,78
24805,78
24806,78
24807,78
24808,78
24809,78
24810,78
24811,78
24812,78
24813,78
24814,78
24815,78
24816,78
24817,78
24818,78
24819,78
24820,78
24821,78
24822,78
24823,78
24824,78
24825,78
24826,78
24827,78
24828,78
24829,78
24830,78
24831,78
24832,78
24833,78
24834,78
24835,78
24836,78
24837,78
24838,78
24839,78
24840,78
24841,78
24842,78
24843,78
24844,78
24845,78
24846,78
24847,78
24848,78
24849,78
24850,78
24851,78
24852,78
24853,78
24854,78
24855,78
24856,78
24857,78
24858,78
24859,78
24860,78
24861,78
24862,78
24863,78
24864,78
24865,78
24866,78
24867,78
24868,78
24869,78
24870,78
24871,78
24872,78
24873,78
24874,78
24875,78
24876,78
24877,78
24878,78
24879,78
24880,78
24881,78
24882,78
24883,78
24884,78
24885,78
24886,78
24887,78
24888,78
24889,78
24890,78
24891,78
24892,78
24893,78
24894,78
24895,78
24896,78
24897,78
24898,78
24899,78
24900,78
24901,78
24902,78
24903,78
24904,78
24905,78
24906,78
24907,78
24908,78
24909,78
24910,78
24911,78
24912,78
24913,78
24914,78
24915,78
24916,78
24917,78
24918,78
24919,78
24920,78
24921,78
24922,78
24923,78
24924,78
24925,78
24926,78
24927,78
24928,78
24929,78
24930,78
24931,78
24932,78
24933,78
24934,78
24935,78
24936,78
24937,78
24938,78
24939,78
24940,78
24941,78
24942,78
24943,78
24944,78
24945,78
24946,78
24947,78
24948,78
24949,78
24950,78
24951,78
24952,78
24953,78
24954,78
24955,78
24956,78
24957,78
24958,78
24959,78
24960,78
24961,78
24962,78
24963,78
24964,78
24965,78
24966,78
24967,78
24968,78
24969,78
24970,78
24971,78
24972,78
24973,78
24974,78
24975,78
24976,78
24977,78
24978,78
24979,78
24980,78
24981,78
24982,78
24983,78
24984,78
24985,78
24986,78
24987,78
24988,78
24989,78
24990,78
24991,78
24992,78
24993,78
24994,78
24995,78
24996,78
24997,78
24998,78
24999,78
25000,78
25001,78
25002,78
25003,78
25004,78
25005,78
25006,78
25007,78
25008,78
25009,78
25010,78
25011,78
25012,78
25013,78
25014,78
25015,78
25016,78
25017,78
25018,78
25019,78
25020,78
25021,78
25022,78
25023,78
25024,78
25025,78
25026,78
25027,78
25028,78
25029,78
25030,78
25031,78
25032,78
25033,78
25034,78
25035,78
25036,78
25037,78
25038,78
25039,78
25040,78
25041,78
25042,78
25043,78
25044,78
25045,78
25046,78
25047,78
25048,78
25049,78
25050,78
25051,78
25052,78
25053,78
25054,78
25055,78
25056,78
25057,78
25058,78
25059,78
25060,78
25061,78
25062,78
25063,78
25064,78
25065,78
25066,78
25067,78
25068,78
25069,78
25070,78
25071,78
25072,78
25073,78
25074,78
25075,78
25076,78
25077,78
25078,78
25079,78
25080,78
25081,78
25082,78
25083,78
25084,78
25085,78
25086,78
25087,78
25088,78
25089,78
25090,78
25091,78
25092,78
25093,78
25094,78
25095,78
25096,78
25097,78
25098,78
25099,78
25100,78
25101,78
25102,78
25103,78
25104,78
25105,78
25106,78
25107,78
25108,78
25109,78
25110,78
25111,78
25112,78
25113,78
25114,78
25115,78
25116,78
25117,78
25118,78
25119,78
25120,78
25121,78
25122,78
25123,78
25124,78
25125,78
25126,78
25127,78
25128,78
25129,78
25130,78
25131,78
25132,78
25133,78
25134,78
25135,78
25136,78
25137,78
25138,78
25139,78
25140,78
25141,78
25142,78
25143,78
25144,78
25145,78
25146,78
25147,78
25148,78
25149,78
25150,78
25151,78
25152,78
25153,78
25154,78
25155,78
25156,78
25157,78
25158,78
25159,78
25160,78
25161,78
25162,78
25163,78
25164,78
25165,78
25166,78
25167,78
25168,78
25169,78
25170,78
25171,78
25172,78
25173,78
25174,78
25175,78
25176,78
25177,78
25178,78
25179,78
25180,78
25181,78
25182,78
25183,78
25184,78
25185,78
25186,78
25187,78
25188,78
25189,78
25190,78
25191,78
25192,78
25193,78
25194,78
25195,78
25196,78
25197,78
25198,78
25199,78
25200,78
25201,78
25202,78
25203,78
25204,78
25205,78
25206,78
25207,78
25208,78
25209,78
25210,78
25211,78
25212,78
25213,78
25214,78
25215,78
25216,78
25217,78
25218,78
25219,78
25220,78
25221,78
25222,78
25223,78
25224,78
25225,78
25226,78
25227,78
25228,78
25229,78
25230,78
25231,78
25232,78
25233,78
25234,78
25235,78
25236,78
25237,78
25238,78
25239,78
25240,78
25241,78
25242,78
25243,78
25244,78
25245,78
25246,78
25247,78
25248,78
25249,78
25250,78
25251,78
25252,78
25253,78
25254,78
25255,78
25256,78
25257,78
25258,78
25259,78
25260,78
25261,78
25262,78
25263,78
25264,78
25265,78
25266,78
25267,78
25268,78
25269,78
25270,78
25271,78
25272,78
25273,78
25274,78
25275,78
25276,78
25277,78
25278,78
25279,78
25280,78
25281,78
25282,78
25283,78
25284,78
25285,78
25286,78
25287,78
25288,78
25289,78
25290,78
25291,78
25292,78
25293,78
25294,78
25295,78
25296,78
25297,78
25298,78
25299,78
25300,78
25301,78
25302,78
25303,78
25304,78
25305,78
25306,78
25307,78
25308,78
25309,78
25310,78
25311,78
25312,78
25313,78
25314,78
25315,78
25316,78
25317,78
25318,78
25319,78
25320,78
25321,78
25322,78
25323,78
25324,78
25325,78
25326,78
25327,78
25328,78
25329,78
25330,78
25331,78
25332,78
25333,78
25334,78
25335,78
25336,78
25337,78
25338,78
25339,78
25340,78
25341,78
25342,78
25343,78
25344,78
25345,78
25346,78
25347,78
25348,78
25349,78
25350,78
25351,78
25352,78
25353,78
25354,78
25355,78
25356,78
25357,78
25358,78
25359,78
25360,78
25361,78
25362,78
25363,78
25364,78
25365,78
25366,78
25367,78
25368,78
25369,78
25370,78
25371,78
25372,78
25373,78
25374,78
25375,78
25376,78
25377,78
25378,78
25379,78
25380,78
25381,78
25382,78
25383,78
25384,78
25385,78
25386,78
25387,78
25388,78
25389,78
25390,78
25391,78
25392,78
25393,78
25394,78
25395,78
25396,78
25397,78
25398,78
25399,78
25400,78
25401,78
25402,78
25403,78
25404,78
25405,78
25406,78
25407,78
25408,78
25409,78
25410,78
25411,78
25412,78
25413,78
25414,78
25415,78
25416,78
25417,78
25418,78
25419,78
25420,78
25421,78
25422,78
25423,78
25424,78
25425,78
25426,78
25427,78
25428,78
25429,78
25430,78
25431,78
25432,78
25433,78
25434,78
25435,78
25436,78
25437,78
25438,78
25439,78
25440,78
25441,78
25442,78
25443,78
25444,78
25445,78
25446,78
25447,78
25448,78
25449,78
25450,78
25451,78
25452,78
25453,78
25454,78
25455,78
25456,78
25457,78
25458,78
25459,78
25460,78
25461,78
25462,78
25463,78
25464,78
25465,78
25466,78
25467,78
25468,78
25469,78
25470,78
25471,78
25472,78
25473,78
25474,78
25475,78
25476,78
25477,78
25478,78
25479,78
25480,78
25481,78
25482,78
25483,78
25484,78
25485,78
25486,78
25487,78
25488,78
25489,78
25490,78
25491,78
25492,78
25493,78
25494,78
25495,78
25496,78
25497,78
25498,78
25499,78
25500,78
25501,78
25502,78
25503,78
25504,78
25505,78
25506,78
25507,78
25508,78
25509,78
25510,78
25511,78
25512,78
25513,78
25514,78
25515,78
25516,78
25517,78
25518,78
25519,78
25520,78
25521,78
25522,78
25523,78
25524,78
25525,78
25526,78
25527,78
25528,78
25529,78
25530,78
25531,78
25532,78
25533,78
25534,78
25535,78
25536,78
25537,78
25538,78
25539,78
25540,78
25541,78
25542,78
25543,78
25544,78
25545,78
25546,78
25547,78
25548,78
25549,78
25550,78
25551,78
25552,78
25553,78
25554,78
25555,78
25556,78
25557,78
25558,78
25559,78
25560,78
25561,78
25562,78
25563,78
25564,78
25565,78
25566,78
25567,78
25568,78
25569,78
25570,78
25571,78
25572,78
25573,78
25574,78
25575,78
25576,78
25577,78
25578,78
25579,78
25580,78
25581,78
25582,78
25583,78
25584,78
25585,78
25586,78
25587,78
25588,78
25589,78
25590,78
25591,78
25592,78
25593,78
25594,78
25595,78
25596,78
25597,78
25598,78
25599,78
25600,78
25601,78
25602,78
25603,78
25604,78
25605,78
25606,78
25607,78
25608,78
25609,78
25610,78
25611,78
25612,78
25613,78
25614,78
25615,78
25616,78
25617,78
25618,78
25619,78
25620,78
25621,78
25622,78
25623,78
25624,78
25625,78
25626,78
25627,78
25628,78
25629,78
25630,78
25631,78
25632,78
25633,78
25634,78
25635,78
25636,78
25637,78
25638,78
25639,78
25640,78
25641,78
25642,78
25643,78
25644,78
25645,78
25646,78
25647,78
25648,78
25649,78
25650,78
25651,78
25652,78
25653,78
25654,78
25655,78
25656,78
25657,78
25658,78
25659,78
25660,78
25661,78
25662,78
25663,78
25664,78
25665,78
25666,78
25667,78
25668,78
25669,78
25670,78
25671,78
25672,78
25673,78
25674,78
25675,78
25676,78
25677,78
25678,78
25679,78
25680,78
25681,78
25682,78
25683,78
25684,78
25685,78
25686,78
25687,78
25688,78
25689,78
25690,78
25691,78
25692,78
25693,78
25694,78
25695,78
25696,78
25697,78
25698,78
25699,78
25700,78
25701,78
25702,78
25703,78
25704,78
25705,78
25706,78
25707,78
25708,78
25709,78
25710,78
25711,78
25712,78
25713,78
25714,78
25715,78
25716,78
25717,78
25718,78
25719,78
25720,78
25721,78
25722,78
25723,78
25724,78
25725,78
25726,78
25727,78
25728,78
25729,78
25730,78
25731,78
25732,78
25733,78
25734,78
25735,78
25736,78
25737,78
25738,78
25739,78
25740,78
25741,78
25742,78
25743,78
25744,78
25745,78
25746,78
25747,78
25748,78
25749,78
25750,78
25751,78
25752,78
25753,78
25754,78
25755,78
25756,78
25757,78
25758,78
25759,78
25760,78
25761,78
25762,78
25763,78
25764,78
25765,78
25766,78
25767,78
25768,78
25769,78
25770,78
25771,78
25772,78
25773,78
25774,78
25775,78
25776,78
25777,78
25778,78
25779,78
25780,78
25781,78
25782,78
25783,78
25784,78
25785,78
25786,78
25787,78
25788,78
25789,78
25790,78
25791,78
25792,78
25793,78
25794,78
25795,78
25796,78
25797,78
25798,78
25799,78
25800,78
25801,78
25802,78
25803,78
25804,78
25805,78
25806,78
25807,78
25808,78
25809,78
25810,78
25811,78
25812,78
25813,78
25814,78
25815,78
25816,78
25817,78
25818,78
25819,78
25820,78
25821,78
25822,78
25823,78
25824,78
25825,78
25826,78
25827,78
25828,78
25829,78
25830,78
25831,78
25832,78
25833,78
25834,78
25835,78
25836,78
25837,78
25838,78
25839,78
25840,78
25841,78
25842,78
25843,78
25844,78
25845,78
25846,78
25847,78
25848,78
25849,78
25850,78
25851,78
25852,78
25853,78
25854,78
25855,78
25856,78
25857,78
25858,78
25859,78
25860,78
25861,78
25862,78
25863,78
25864,78
25865,78
25866,78
25867,78
25868,78
25869,78
25870,78
25871,78
25872,78
25873,78
25874,78
25875,78
25876,78
25877,78
25878,78
25879,78
25880,78
25881,78
25882,78
25883,78
25884,78
25885,78
25886,78
25887,78
25888,78
25889,78
25890,78
25891,78
25892,78
25893,78
25894,78
25895,78
25896,78
25897,78
25898,78
25899,78
25900,78
25901,78
25902,78
25903,78
25904,78
25905,78
25906,78
25907,78
25908,78
25909,78
25910,78
25911,78
25912,78
25913,78
25914,78
25915,78
25916,78
25917,78
25918,78
25919,78
25920,78
25921,78
25922,78
25923,78
25924,78
25925,78
25926,78
25927,78
25928,78
25929,78
25930,78
25931,78
25932,78
25933,78
25934,78
25935,78
25936,78
25937,78
25938,78
25939,78
25940,78
25941,78
25942,78
25943,78
25944,78
25945,78
25946,78
25947,78
25948,78
25949,78
25950,78
25951,78
25952,78
25953,78
25954,78
25955,78
25956,78
25957,78
25958,78
25959,78
25960,78
25961,78
25962,78
25963,78
25964,78
25965,78
25966,78
25967,78
25968,78
25969,78
25970,78
25971,78
25972,78
25973,78
25974,78
25975,78
25976,78
25977,78
25978,78
25979,78
25980,78
25981,78
25982,78
25983,78
25984,78
25985,78
25986,78
25987,78
25988,78
25989,78
25990,78
25991,78
25992,78
25993,78
25994,78
25995,78
25996,78
25997,78
25998,78
25999,78
26000,78
26001,78
26002,78
26003,78
26004,78
26005,78
26006,78
26007,78
26008,78
26009,78
26010,78
26011,78
26012,78
26013,78
26014,78
26015,78
26016,78
26017,78
26018,78
26019,78
26020,78
26021,78
26022,78
26023,78
26024,78
26025,78
26026,78
26027,78
26028,78
26029,78
26030,78
26031,78
26032,78
26033,78
26034,78
26035,78
26036,78
26037,78
26038,78
26039,78
26040,78
26041,78
26042,78
26043,78
26044,78
26045,78
26046,78
26047,78
26048,78
26049,78
26050,78
26051,78
26052,78
26053,78
26054,78
26055,78
26056,78
26057,78
26058,78
26059,78
26060,78
26061,78
26062,78
26063,78
26064,78
26065,78
26066,78
26067,78
26068,78
26069,78
26070,78
26071,78
26072,78
26073,78
26074,78
26075,78
26076,78
26077,78
26078,78
26079,78
26080,78
26081,78
26082,78
26083,78
26084,78
26085,78
26086,78
26087,78
26088,78
26089,78
26090,78
26091,78
26092,78
26093,78
26094,78
26095,78
26096,78
26097,78
26098,78
26099,78
26100,78
26101,78
26102,78
26103,78
26104,78
26105,78
26106,78
26107,78
26108,78
26109,78
26110,78
26111,78
26112,78
26113,78
26114,78
26115,78
26116,78
26117,78
26118,78
26119,78
26120,78
26121,78
26122,78
26123,78
26124,78
26125,78
26126,78
26127,78
26128,78
26129,78
26130,78
26131,78
26132,78
26133,78
26134,78
26135,78
26136,78
26137,78
26138,78
26139,78
26140,78
26141,78
26142,78
26143,78
26144,78
26145,78
26146,78
26147,78
26148,78
26149,78
26150,78
26151,78
26152,78
26153,78
26154,78
26155,78
26156,78
26157,78
26158,78
26159,78
26160,78
26161,78
26162,78
26163,78
26164,78
26165,78
26166,78
26167,78
26168,78
26169,78
26170,78
26171,78
26172,78
26173,78
26174,78
26175,78
26176,78
26177,78
26178,78
26179,78
26180,78
26181,78
26182,78
26183,78
26184,78
26185,78
26186,78
26187,78
26188,78
26189,78
26190,78
26191,78
26192,78
26193,78
26194,78
26195,78
26196,78
26197,78
26198,78
26199,78
26200,78
26201,78
26202,78
26203,78
26204,78
26205,78
26206,78
26207,78
26208,78
26209,78
26210,78
26211,78
26212,78
26213,78
26214,78
26215,78
26216,78
26217,78
26218,78
26219,78
26220,78
26221,78
26222,78
26223,78
26224,78
26225,78
26226,78
26227,78
26228,78
26229,78
26230,78
26231,78
26232,78
26233,78
26234,78
26235,78
26236,78
26237,78
26238,78
26239,78
26240,78
26241,78
26242,78
26243,78
26244,78
26245,78
26246,78
26247,78
26248,78
26249,78
26250,78
26251,78
26252,78
26253,78
26254,78
26255,78
26256,78
26257,78
26258,78
26259,78
26260,78
26261,78
26262,78
26263,78
26264,78
26265,78
26266,78
26267,78
26268,78
26269,78
26270,78
26271,78
26272,78
26273,78
26274,78
26275,78
26276,78
26277,78
26278,78
26279,78
26280,78
26281,78
26282,78
26283,78
26284,78
26285,78
26286,78
26287,78
26288,78
26289,78
26290,78
26291,78
26292,78
26293,78
26294,78
26295,78
26296,78
26297,78
26298,78
26299,78
26300,78
26301,78
26302,78
26303,78
26304,78
26305,78
26306,78
26307,78
26308,78
26309,78
26310,78
26311,78
26312,78
26313,78
26314,78
26315,78
26316,78
26317,78
26318,78
26319,78
26320,78
26321,78
26322,78
26323,78
26324,78
26325,78
26326,78
26327,78
26328,78
26329,78
26330,78
26331,78
26332,78
26333,78
26334,78
26335,78
26336,78
26337,78
26338,78
26339,78
26340,78
26341,78
26342,78
26343,78
26344,78
26345,78
26346,78
26347,78
26348,78
26349,78
26350,78
26351,78
26352,78
26353,78
26354,78
26355,78
26356,78
26357,78
26358,78
26359,78
26360,78
26361,78
26362,78
26363,78
26364,78
26365,78
26366,78
26367,78
26368,78
26369,78
26370,78
26371,78
26372,78
26373,78
26374,78
26375,78
26376,78
26377,78
26378,78
26379,78
26380,78
26381,78
26382,78
26383,78
26384,78
26385,78
26386,78
26387,78
26388,78
26389,78
26390,78
26391,78
26392,78
26393,78
26394,78
26395,78
26396,78
26397,78
26398,78
26399,78
26400,78
26401,78
26402,78
26403,78
26404,78
26405,78
26406,78
26407,78
26408,78
26409,78
26410,78
26411,78
26412,78
26413,78
26414,78
26415,78
26416,78
26417,78
26418,78
26419,78
26420,78
26421,78
26422,78
26423,78
26424,78
26425,78
26426,78
26427,78
26428,78
26429,78
26430,78
26431,78
26432,78
26433,78
26434,78
26435,78
26436,78
26437,78
26438,78
26439,78
26440,78
26441,78
26442,78
26443,78
26444,78
26445,78
26446,78
26447,78
26448,78
26449,78
26450,78
26451,78
26452,78
26453,78
26454,78
26455,78
26456,78
26457,78
26458,78
26459,78
26460,78
26461,78
26462,78
26463,78
26464,78
26465,78
26466,78
26467,78
26468,78
26469,78
26470,78
26471,78
26472,78
26473,78
26474,78
26475,78
26476,78
26477,78
26478,78
26479,78
26480,78
26481,78
26482,78
26483,78
26484,78
26485,78
26486,78
26487,78
26488,78
26489,78
26490,78
26491,78
26492,78
26493,78
26494,78
26495,78
26496,78
26497,78
26498,78
26499,78
26500,78
26501,78
26502,78
26503,78
26504,78
26505,78
26506,78
26507,78
26508,78
26509,78
26510,78
26511,78
26512,78
26513,78
26514,78
26515,78
26516,78
26517,78
26518,78
26519,78
26520,78
26521,78
26522,78
26523,78
26524,78
26525,78
26526,78
26527,78
26528,78
26529,78
26530,78
26531,78
26532,78
26533,78
26534,78
26535,78
26536,78
26537,78
26538,78
26539,78
26540,78
26541,78
26542,78
26543,78
26544,78
26545,78
26546,78
26547,78
26548,78
26549,78
26550,78
26551,78
26552,78
26553,78
26554,78
26555,78
26556,78
26557,78
26558,78
26559,78
26560,78
26561,78
26562,78
26563,78
26564,78
26565,78
26566,78
26567,78
26568,78
26569,78
26570,78
26571,78
26572,78
26573,78
26574,78
26575,78
26576,78
26577,78
26578,78
26579,78
26580,78
26581,78
26582,78
26583,78
26584,78
26585,78
26586,78
26587,78
26588,78
26589,78
26590,78
26591,78
26592,78
26593,78
26594,78
26595,78
26596,78
26597,78
26598,78
26599,78
26600,78
26601,78
26602,78
26603,78
26604,78
26605,78
26606,78
26607,78
26608,78
26609,78
26610,78
26611,78
26612,78
26613,78
26614,78
26615,78
26616,78
26617,78
26618,78
26619,78
26620,78
26621,78
26622,78
26623,78
26624,78
26625,78
26626,78
26627,78
26628,78
26629,78
26630,78
26631,78
26632,78
26633,78
26634,78
26635,78
26636,78
26637,78
26638,78
26639,78
26640,78
26641,78
26642,78
26643,78
26644,78
26645,78
26646,78
26647,78
26648,78
26649,78
26650,78
26651,78
26652,78
26653,78
26654,78
26655,78
26656,78
26657,78
26658,78
26659,78
26660,78
26661,78
26662,78
26663,78
26664,78
26665,78
26666,78
26667,78
26668,78
26669,78
26670,78
26671,78
26672,78
26673,78
26674,78
26675,78
26676,78
26677,78
26678,78
26679,78
26680,78
26681,78
26682,78
26683,78
26684,78
26685,78
26686,78
26687,78
26688,78
26689,78
26690,78
26691,78
26692,78
26693,78
26694,78
26695,78
26696,78
26697,78
26698,78
26699,78
26700,78
26701,78
26702,78
26703,78
26704,78
26705,78
26706,78
26707,78
26708,78
26709,78
26710,78
26711,78
26712,78
26713,78
26714,78
26715,78
26716,78
26717,78
26718,78
26719,78
26720,78
26721,78
26722,78
26723,78
26724,78
26725,78
26726,78
26727,78
26728,78
26729,78
26730,78
26731,78
26732,78
26733,78
26734,78
26735,78
26736,78
26737,78
26738,78
26739,78
26740,78
26741,78
26742,78
26743,78
26744,78
26745,78
26746,78
26747,78
26748,78
26749,78
26750,78
26751,78
26752,78
26753,78
26754,78
26755,78
26756,78
26757,78
26758,78
26759,78
26760,78
26761,78
26762,78
26763,78
26764,78
26765,78
26766,78
26767,78
26768,78
26769,78
26770,78
26771,78
26772,78
26773,78
26774,78
26775,78
26776,78
26777,78
26778,78
26779,78
26780,78
26781,78
26782,78
26783,78
26784,78
26785,78
26786,78
26787,78
26788,78
26789,78
26790,78
26791,78
26792,78
26793,78
26794,78
26795,78
26796,78
26797,78
26798,78
26799,78
26800,78
26801,78
26802,78
26803,78
26804,78
26805,78
26806,78
26807,78
26808,78
26809,78
26810,78
26811,78
26812,78
26813,78
26814,78
26815,78
26816,78
26817,78
26818,78
26819,78
26820,78
26821,78
26822,78
26823,78
26824,78
26825,78
26826,78
26827,78
26828,78
26829,78
26830,78
26831,78
26832,78
26833,78
26834,78
26835,78
26836,78
26837,78
26838,78
26839,78
26840,78
26841,78
26842,78
26843,78
26844,78
26845,78
26846,78
26847,78
26848,78
26849,78
26850,78
26851,78
26852,78
26853,78
26854,78
26855,78
26856,78
26857,78
26858,78
26859,78
26860,78
26861,78
26862,78
26863,78
26864,78
26865,78
26866,78
26867,78
26868,78
26869,78
26870,78
26871,78
26872,78
26873,78
26874,78
26875,78
26876,78
26877,78
26878,78
26879,78
26880,78
26881,78
26882,78
26883,78
26884,78
26885,78
26886,78
26887,78
26888,78
26889,78
26890,78
26891,78
26892,78
26893,78
26894,78
26895,78
26896,78
26897,78
26898,78
26899,78
26900,78
26901,78
26902,78
26903,78
26904,78
26905,78
26906,78
26907,78
26908,78
26909,78
26910,78
26911,78
26912,78
26913,78
26914,78
26915,78
26916,78
26917,78
26918,78
26919,78
26920,78
26921,78
26922,78
26923,78
26924,78
26925,78
26926,78
26927,78
26928,78
26929,78
26930,78
26931,78
26932,78
26933,78
26934,78
26935,78
26936,78
26937,78
26938,78
26939,78
26940,78
26941,78
26942,78
26943,78
26944,78
26945,78
26946,78
26947,78
26948,78
26949,78
26950,78
26951,78
26952,78
26953,78
26954,78
26955,78
26956,78
26957,78
26958,78
26959,78
26960,78
26961,78
26962,78
26963,78
26964,78
26965,78
26966,78
26967,78
26968,78
26969,78
26970,78
26971,78
26972,78
26973,78
26974,78
26975,78
26976,78
26977,78
26978,78
26979,78
26980,78
26981,78
26982,78
26983,78
26984,78
26985,78
26986,78
26987,78
26988,78
26989,78
26990,78
26991,78
26992,78
26993,78
26994,78
26995,78
26996,78
26997,78
26998,78
26999,78
27000,78
27001,78
27002,78
27003,78
27004,78
27005,78
27006,78
27007,78
27008,78
27009,78
27010,78
27011,78
27012,78
27013,78
27014,78
27015,78
27016,78
27017,78
27018,78
27019,78
27020,78
27021,78
27022,78
27023,78
27024,78
27025,78
27026,78
27027,78
27028,78
27029,78
27030,78
27031,78
27032,78
27033,78
27034,78
27035,78
27036,78
27037,78
27038,78
27039,78
27040,78
27041,78
27042,78
27043,78
27044,78
27045,78
27046,78
27047,78
27048,78
27049,78
27050,78
27051,78
27052,78
27053,78
27054,78
27055,78
27056,78
27057,78
27058,78
27059,78
27060,78
27061,78
27062,78
27063,78
27064,78
27065,78
27066,78
27067,78
27068,78
27069,78
27070,78
27071,78
27072,78
27073,78
27074,78
27075,78
27076,78
27077,78
27078,78
27079,78
27080,78
27081,78
27082,78
27083,78
27084,78
27085,78
27086,78
27087,78
27088,78
27089,78
27090,78
27091,78
27092,78
27093,78
27094,78
27095,78
27096,78
27097,78
27098,78
27099,78
27100,78
27101,78
27102,78
27103,78
27104,78
27105,78
27106,78
27107,78
27108,78
27109,78
27110,78
27111,78
27112,78
27113,78
27114,78
27115,78
27116,78
27117,78
27118,78
27119,78
27120,78
27121,78
27122,78
27123,78
27124,78
27125,78
27126,78
27127,78
27128,78
27129,78
27130,78
27131,78
27132,78
27133,78
27134,78
27135,78
27136,78
27137,78
27138,78
27139,78
27140,78
27141,78
27142,78
27143,78
27144,78
27145,78
27146,78
27147,78
27148,78
27149,78
27150,78
27151,78
27152,78
27153,78
27154,78
27155,78
27156,78
27157,78
27158,78
27159,78
27160,78
27161,78
27162,78
27163,78
27164,78
27165,78
27166,78
27167,78
27168,78
27169,78
27170,78
27171,78
27172,78
27173,78
27174,78
27175,78
27176,78
27177,78
27178,78
27179,78
27180,78
27181,78
27182,78
27183,78
27184,78
27185,78
27186,78
27187,78
27188,78
27189,78
27190,78
27191,78
27192,78
27193,78
27194,78
27195,78
27196,78
27197,78
27198,78
27199,78
27200,78
27201,78
27202,78
27203,78
27204,78
27205,78
27206,78
27207,78
27208,78
27209,78
27210,78
27211,78
27212,78
27213,78
27214,78
27215,78
27216,78
27217,78
27218,78
27219,78
27220,78
27221,78
27222,78
27223,78
27224,78
27225,78
27226,78
27227,78
27228,78
27229,78
27230,78
27231,78
27232,78
27233,78
27234,78
27235,78
27236,78
27237,78
27238,78
27239,78
27240,78
27241,78
27242,78
27243,78
27244,78
27245,78
27246,78
27247,78
27248,78
27249,78
27250,78
27251,78
27252,78
27253,78
27254,78
27255,78
27256,78
27257,78
27258,78
27259,78
27260,78
27261,78
27262,78
27263,78
27264,78
27265,78
27266,78
27267,78
27268,78
27269,78
27270,78
27271,78
27272,78
27273,78
27274,78
27275,78
27276,78
27277,78
27278,78
27279,78
27280,78
27281,78
27282,78
27283,78
27284,78
27285,78
27286,78
27287,78
27288,78
27289,78
27290,78
27291,78
27292,78
27293,78
27294,78
27295,78
27296,78
27297,78
27298,78
27299,78
27300,78
27301,78
27302,78
27303,78
27304,78
27305,78
27306,78
27307,78
27308,78
27309,78
27310,78
27311,78
27312,78
27313,78
27314,78
27315,78
27316,78
27317,78
27318,78
27319,78
27320,78
27321,78
27322,78
27323,78
27324,78
27325,78
27326,78
27327,78
27328,78
27329,78
27330,78
27331,78
27332,78
27333,78
27334,78
27335,78
27336,78
27337,78
27338,78
27339,78
27340,78
27341,78
27342,78
27343,78
27344,78
27345,78
27346,78
27347,78
27348,78
27349,78
27350,78
27351,78
27352,78
27353,78
27354,78
27355,78
27356,78
27357,78
27358,78
27359,78
27360,78
27361,78
27362,78
27363,78
27364,78
27365,78
27366,78
27367,78
27368,78
27369,78
27370,78
27371,78
27372,78
27373,78
27374,78
27375,78
27376,78
27377,78
27378,78
27379,78
27380,78
27381,78
27382,78
27383,78
27384,78
27385,78
27386,78
27387,78
27388,78
27389,78
27390,78
27391,78
27392,78
27393,78
27394,78
27395,78
27396,78
27397,78
27398,78
27399,78
27400,78
27401,78
27402,78
27403,78
27404,78
27405,78
27406,78
27407,78
27408,78
27409,78
27410,78
27411,78
27412,78
27413,78
27414,78
27415,78
27416,78
27417,78
27418,78
27419,78
27420,78
27421,78
27422,78
27423,78
27424,78
27425,78
27426,78
27427,78
27428,78
27429,78
27430,78
27431,78
27432,78
27433,78
27434,78
27435,78
27436,78
27437,78
27438,78
27439,78
27440,78
27441,78
27442,78
27443,78
27444,78
27445,78
27446,78
27447,78
27448,78
27449,78
27450,78
27451,78
27452,78
27453,78
27454,78
27455,78
27456,78
27457,78
27458,78
27459,78
27460,78
27461,78
27462,78
27463,78
27464,78
27465,78
27466,78
27467,78
27468,78
27469,78
27470,78
27471,78
27472,78
27473,78
27474,78
27475,78
27476,78
27477,78
27478,78
27479,78
27480,78
27481,78
27482,78
27483,78
27484,78
27485,78
27486,78
27487,78
27488,78
27489,78
27490,78
27491,78
27492,78
27493,78
27494,78
27495,78
27496,78
27497,78
27498,78
27499,78
27500,78
27501,78
27502,78
27503,78
27504,78
27505,78
27506,78
27507,78
27508,78
27509,78
27510,78
27511,78
27512,78
27513,78
27514,78
27515,78
27516,78
27517,78
27518,78
27519,78
27520,78
27521,78
27522,78
27523,78
27524,78
27525,78
27526,78
27527,78
27528,78
27529,78
27530,78
27531,78
27532,78
27533,78
27534,78
27535,78
27536,78
27537,78
27538,78
27539,78
27540,78
27541,78
27542,78
27543,78
27544,78
27545,78
27546,78
27547,78
27548,78
27549,78
27550,78
27551,78
27552,78
27553,78
27554,78
27555,78
27556,78
27557,78
27558,78
27559,78
27560,78
27561,78
27562,78
27563,78
27564,78
27565,78
27566,78
27567,78
27568,78
27569,78
27570,78
27571,78
27572,78
27573,78
27574,78
27575,78
27576,78
27577,78
27578,78
27579,78
27580,78
27581,78
27582,78
27583,78
27584,78
27585,78
27586,78
27587,78
27588,78
27589,78
27590,78
27591,78
27592,78
27593,78
27594,78
27595,78
27596,78
27597,78
27598,78
27599,78
27600,78
27601,78
27602,78
27603,78
27604,78
27605,78
27606,78
27607,78
27608,78
27609,78
27610,78
27611,78
27612,78
27613,78
27614,78
27615,78
27616,78
27617,78
27618,78
27619,78
27620,78
27621,78
27622,78
27623,78
27624,78
27625,78
27626,78
27627,78
27628,78
27629,78
27630,78
27631,78
27632,78
27633,78
27634,78
27635,78
27636,78
27637,78
27638,78
27639,78
27640,78
27641,78
27642,78
27643,78
27644,78
27645,78
27646,78
27647,78
27648,78
27649,78
27650,78
27651,78
27652,78
27653,78
27654,78
27655,78
27656,78
27657,78
27658,78
27659,78
27660,78
27661,78
27662,78
27663,78
27664,78
27665,78
27666,78
27667,78
27668,78
27669,78
27670,78
27671,78
27672,78
27673,78
27674,78
27675,78
27676,78
27677,78
27678,78
27679,78
27680,78
27681,78
27682,78
27683,78
27684,78
27685,78
27686,78
27687,78
27688,78
27689,78
27690,78
27691,78
27692,78
27693,78
27694,78
27695,78
27696,78
27697,78
27698,78
27699,78
27700,78
27701,78
27702,78
27703,78
27704,78
27705,78
27706,78
27707,78
27708,78
27709,78
27710,78
27711,78
27712,78
27713,78
27714,78
27715,78
27716,78
27717,78
27718,78
27719,78
27720,78
27721,78
27722,78
27723,78
27724,78
27725,78
27726,78
27727,78
27728,78
27729,78
27730,78
27731,78
27732,78
27733,78
27734,78
27735,78
27736,78
27737,78
27738,78
27739,78
27740,78
27741,78
27742,78
27743,78
27744,78
27745,78
27746,78
27747,78
27748,78
27749,78
27750,78
27751,78
27752,78
27753,78
27754,78
27755,78
27756,78
27757,78
27758,78
27759,78
27760,78
27761,78
27762,78
27763,78
27764,78
27765,78
27766,78
27767,78
27768,78
27769,78
27770,78
27771,78
27772,78
27773,78
27774,78
27775,78
27776,78
27777,78
27778,78
27779,78
27780,78
27781,78
27782,78
27783,78
27784,78
27785,78
27786,78
27787,78
27788,78
27789,78
27790,78
27791,78
27792,78
27793,78
27794,78
27795,78
27796,78
27797,78
27798,78
27799,78
27800,78
27801,78
27802,78
27803,78
27804,78
27805,78
27806,78
27807,78
27808,78
27809,78
27810,78
27811,78
27812,78
27813,78
27814,78
27815,78
27816,78
27817,78
27818,78
27819,78
27820,78
27821,78
27822,78
27823,78
27824,78
27825,78
27826,78
27827,78
27828,78
27829,78
27830,78
27831,78
27832,78
27833,78
27834,78
27835,78
27836,78
27837,78
27838,78
27839,78
27840,78
27841,78
27842,78
27843,78
27844,78
27845,78
27846,78
27847,78
27848,78
27849,78
27850,78
27851,78
27852,78
27853,78
27854,78
27855,78
27856,78
27857,78
27858,78
27859,78
27860,78
27861,78
27862,78
27863,78
27864,78
27865,78
27866,78
27867,78
27868,78
27869,78
27870,78
27871,78
27872,78
27873,78
27874,78
27875,78
27876,78
27877,78
27878,78
27879,78
27880,78
27881,78
27882,78
27883,78
27884,78
27885,78
27886,78
27887,78
27888,78
27889,78
27890,78
27891,78
27892,78
27893,78
27894,78
27895,78
27896,78
27897,78
27898,78
27899,78
27900,78
27901,78
27902,78
27903,78
27904,78
27905,78
27906,78
27907,78
27908,78
27909,78
27910,78
27911,78
27912,78
27913,78
27914,78
27915,78
27916,78
27917,78
27918,78
27919,78
27920,78
27921,78
27922,78
27923,78
27924,78
27925,78
27926,78
27927,78
27928,78
27929,78
27930,78
27931,78
27932,78
27933,78
27934,78
27935,78
27936,78
27937,78
27938,78
27939,78
27940,78
27941,78
27942,78
27943,78
27944,78
27945,78
27946,78
27947,78
27948,78
27949,78
27950,78
27951,78
27952,78
27953,78
27954,78
27955,78
27956,78
27957,78
27958,78
27959,78
27960,78
27961,78
27962,78
27963,78
27964,78
27965,78
27966,78
27967,78
27968,78
27969,78
27970,78
27971,78
27972,78
27973,78
27974,78
27975,78
27976,78
27977,78
27978,78
27979,78
27980,78
27981,78
27982,78
27983,78
27984,78
27985,78
27986,78
27987,78
27988,78
27989,78
27990,78
27991,78
27992,78
27993,78
27994,78
27995,78
27996,78
27997,78
27998,78
27999,78
28000,78
28001,78
28002,78
28003,78
28004,78
28005,78
28006,78
28007,78
28008,78
28009,78
28010,78
28011,78
28012,78
28013,78
28014,78
28015,78
28016,78
28017,78
28018,78
28019,78
28020,78
28021,78
28022,78
28023,78
28024,78
28025,78
28026,78
28027,78
28028,78
28029,78
28030,78
28031,78
28032,78
28033,78
28034,78
28035,78
28036,78
28037,78
28038,78
28039,78
28040,78
28041,78
28042,78
28043,78
28044,78
28045,78
28046,78
28047,78
28048,78
28049,78
28050,78
28051,78
28052,78
28053,78
28054,78
28055,78
28056,78
28057,78
28058,78
28059,78
28060,78
28061,78
28062,78
28063,78
28064,78
28065,78
28066,78
28067,78
28068,78
28069,78
28070,78
28071,78
28072,78
28073,78
28074,78
28075,78
28076,78
28077,78
28078,78
28079,78
28080,78
28081,78
28082,78
28083,78
28084,78
28085,78
28086,78
28087,78
28088,78
28089,78
28090,78
28091,78
28092,78
28093,78
28094,78
28095,78
28096,78
28097,78
28098,78
28099,78
28100,78
28101,78
28102,78
28103,78
28104,78
28105,78
28106,78
28107,78
28108,78
28109,78
28110,78
28111,78
28112,78
28113,78
28114,78
28115,78
28116,78
28117,78
28118,78
28119,78
28120,78
28121,78
28122,78
28123,78
28124,78
28125,78
28126,78
28127,78
28128,78
28129,78
28130,78
28131,78
28132,78
28133,78
28134,78
28135,78
28136,78
28137,78
28138,78
28139,78
28140,78
28141,78
28142,78
28143,78
28144,78
28145,78
28146,78
28147,78
28148,78
28149,78
28150,78
28151,78
28152,78
28153,78
28154,78
28155,78
28156,78
28157,78
28158,78
28159,78
28160,78
28161,78
28162,78
28163,78
28164,78
28165,78
28166,78
28167,78
28168,78
28169,78
28170,78
28171,78
28172,78
28173,78
28174,78
28175,78
28176,78
28177,78
28178,78
28179,78
28180,78
28181,78
28182,78
28183,78
28184,78
28185,78
28186,78
28187,78
28188,78
28189,78
28190,78
28191,78
28192,78
28193,78
28194,78
28195,78
28196,78
28197,78
28198,78
28199,78
28200,78
28201,78
28202,78
28203,78
28204,78
28205,78
28206,78
28207,78
28208,78
28209,78
28210,78
28211,78
28212,78
28213,78
28214,78
28215,78
28216,78
28217,78
28218,78
28219,78
28220,78
28221,78
28222,78
28223,78
28224,78
28225,78
28226,78
28227,78
28228,78
28229,78
28230,78
28231,78
28232,78
28233,78
28234,78
28235,78
28236,78
28237,78
28238,78
28239,78
28240,78
28241,78
28242,78
28243,78
28244,78
28245,78
28246,78
28247,78
28248,78
28249,78
28250,78
28251,78
28252,78
28253,78
28254,78
28255,78
28256,78
28257,78
28258,78
28259,78
28260,78
28261,78
28262,78
28263,78
28264,78
28265,78
28266,78
28267,78
28268,78
28269,78
28270,78
28271,78
28272,78
28273,78
28274,78
28275,78
28276,78
28277,78
28278,78
28279,78
28280,78
28281,78
28282,78
28283,78
28284,78
28285,78
28286,78
28287,78
28288,78
28289,78
28290,78
28291,78
28292,78
28293,78
28294,78
28295,78
28296,78
28297,78
28298,78
28299,78
28300,78
28301,78
28302,78
28303,78
28304,78
28305,78
28306,78
28307,78
28308,78
28309,78
28310,78
28311,78
28312,78
28313,78
28314,78
28315,78
28316,78
28317,78
28318,78
28319,78
28320,78
28321,78
28322,78
28323,78
28324,78
28325,78
28326,78
28327,78
28328,78
28329,78
28330,78
28331,78
28332,78
28333,78
28334,78
28335,78
28336,78
28337,78
28338,78
28339,78
28340,78
28341,78
28342,78
28343,78
28344,78
28345,78
28346,78
28347,78
28348,78
28349,78
28350,78
28351,78
28352,78
28353,78
28354,78
28355,78
28356,78
28357,78
28358,78
28359,78
28360,78
28361,78
28362,78
28363,78
28364,78
28365,78
28366,78
28367,78
28368,78
28369,78
28370,78
28371,78
28372,78
28373,78
28374,78
28375,78
28376,78
28377,78
28378,78
28379,78
28380,78
28381,78
28382,78
28383,78
28384,78
28385,78
28386,78
28387,78
28388,78
28389,78
28390,78
28391,78
28392,78
28393,78
28394,78
28395,78
28396,78
28397,78
28398,78
28399,78
28400,78
28401,78
28402,78
28403,78
28404,78
28405,78
28406,78
28407,78
28408,78
28409,78
28410,78
28411,78
28412,78
28413,78
28414,78
28415,78
28416,78
28417,78
28418,78
28419,78
28420,78
28421,78
28422,78
28423,78
28424,78
28425,78
28426,78
28427,78
28428,78
28429,78
28430,78
28431,78
28432,78
28433,78
28434,78
28435,78
28436,78
28437,78
28438,78
28439,78
28440,78
28441,78
28442,78
28443,78
28444,78
28445,78
28446,78
28447,78
28448,78
28449,78
28450,78
28451,78
28452,78
28453,78
28454,78
28455,78
28456,78
28457,78
28458,78
28459,78
28460,78
28461,78
28462,78
28463,78
28464,78
28465,78
28466,78
28467,78
28468,78
28469,78
28470,78
28471,78
28472,78
28473,78
28474,78
28475,78
28476,78
28477,78
28478,78
28479,78
28480,78
28481,78
28482,78
28483,78
28484,78
28485,78
28486,78
28487,78
28488,78
28489,78
28490,78
28491,78
28492,78
28493,78
28494,78
28495,78
28496,78
28497,78
28498,78
28499,78
28500,78
28501,78
28502,78
28503,78
28504,78
28505,78
28506,78
28507,78
28508,78
28509,78
28510,78
28511,78
28512,78
28513,78
28514,78
28515,78
28516,78
28517,78
28518,78
28519,78
28520,78
28521,78
28522,78
28523,78
28524,78
28525,78
28526,78
28527,78
28528,78
28529,78
28530,78
28531,78
28532,78
28533,78
28534,78
28535,78
28536,78
28537,78
28538,78
28539,78
28540,78
28541,78
28542,78
28543,78
28544,78
28545,78
28546,78
28547,78
28548,78
28549,78
28550,78
28551,78
28552,78
28553,78
28554,78
28555,78
28556,78
28557,78
28558,78
28559,78
28560,78
28561,78
28562,78
28563,78
28564,78
28565,78
28566,78
28567,78
28568,78
28569,78
28570,78
28571,78
28572,78
28573,78
28574,78
28575,78
28576,78
28577,78
28578,78
28579,78
28580,78
28581,78
28582,78
28583,78
28584,78
28585,78
28586,78
28587,78
28588,78
28589,78
28590,78
28591,78
28592,78
28593,78
28594,78
28595,78
28596,78
28597,78
28598,78
28599,78
28600,78
28601,78
28602,78
28603,78
28604,78
28605,78
28606,78
28607,78
28608,78
28609,78
28610,78
28611,78
28612,78
28613,78
28614,78
28615,78
28616,78
28617,78
28618,78
28619,78
28620,78
28621,78
28622,78
28623,78
28624,78
28625,78
28626,78
28627,78
28628,78
28629,78
28630,78
28631,78
28632,78
28633,78
28634,78
28635,78
28636,78
28637,78
28638,78
28639,78
28640,78
28641,78
28642,78
28643,78
28644,78
28645,78
28646,78
28647,78
28648,78
28649,78
28650,78
28651,78
28652,78
28653,78
28654,78
28655,78
28656,78
28657,78
28658,78
28659,78
28660,78
28661,78
28662,78
28663,78
28664,78
28665,78
28666,78
28667,78
28668,78
28669,78
28670,78
28671,78
28672,78
28673,78
28674,78
28675,78
28676,78
28677,78
28678,78
28679,78
28680,78
28681,78
28682,78
28683,78
28684,78
28685,78
28686,78
28687,78
28688,78
28689,78
28690,78
28691,78
28692,78
28693,78
28694,78
28695,78
28696,78
28697,78
28698,78
28699,78
28700,78
28701,78
28702,78
28703,78
28704,78
28705,78
28706,78
28707,78
28708,78
28709,78
28710,78
28711,78
28712,78
28713,78
28714,78
28715,78
28716,78
28717,78
28718,78
28719,78
28720,78
28721,78
28722,78
28723,78
28724,78
28725,78
28726,78
28727,78
28728,78
28729,78
28730,78
28731,78
28732,78
28733,78
28734,78
28735,78
28736,78
28737,78
28738,78
28739,78
28740,78
28741,78
28742,78
28743,78
28744,78
28745,78
28746,78
28747,78
28748,78
28749,78
28750,78
28751,78
28752,78
28753,78
28754,78
28755,78
28756,78
28757,78
28758,78
28759,78
28760,78
28761,78
28762,78
28763,78
28764,78
28765,78
28766,78
28767,78
28768,78
28769,78
28770,78
28771,78
28772,78
28773,78
28774,78
28775,78
28776,78
28777,78
28778,78
28779,78
28780,78
28781,78
28782,78
28783,78
28784,78
28785,78
28786,78
28787,78
28788,78
28789,78
28790,78
28791,78
28792,78
28793,78
28794,78
28795,78
28796,78
28797,78
28798,78
28799,78
28800,78
28801,78
28802,78
28803,78
28804,78
28805,78
28806,78
28807,78
28808,78
28809,78
28810,78
28811,78
28812,78
28813,78
28814,78
28815,78
28816,78
28817,78
28818,78
28819,78
28820,78
28821,78
28822,78
28823,78
28824,78
28825,78
28826,78
28827,78
28828,78
28829,78
28830,78
28831,78
28832,78
28833,78
28834,78
28835,78
28836,78
28837,78
28838,78
28839,78
28840,78
28841,78
28842,78
28843,78
28844,78
28845,78
28846,78
28847,78
28848,78
28849,78
28850,78
28851,78
28852,78
28853,78
28854,78
28855,78
28856,78
28857,78
28858,78
28859,78
28860,78
28861,78
28862,78
28863,78
28864,78
28865,78
28866,78
28867,78
28868,78
28869,78
28870,78
28871,78
28872,78
28873,78
28874,78
28875,78
28876,78
28877,78
28878,78
28879,78
28880,78
28881,78
28882,78
28883,78
28884,78
28885,78
28886,78
28887,78
28888,78
28889,78
28890,78
28891,78
28892,78
28893,78
28894,78
28895,78
28896,78
28897,78
28898,78
28899,78
28900,78
28901,78
28902,78
28903,78
28904,78
28905,78
28906,78
28907,78
28908,78
28909,78
28910,78
28911,78
28912,78
28913,78
28914,78
28915,78
28916,78
28917,78
28918,78
28919,78
28920,78
28921,78
28922,78
28923,78
28924,78
28925,78
28926,78
28927,78
28928,78
28929,78
28930,78
28931,78
28932,78
28933,78
28934,78
28935,78
28936,78
28937,78
28938,78
28939,78
28940,78
28941,78
28942,78
28943,78
28944,78
28945,78
28946,78
28947,78
28948,78
28949,78
28950,78
28951,78
28952,78
28953,78
28954,78
28955,78
28956,78
28957,78
28958,78
28959,78
28960,78
28961,78
28962,78
28963,78
28964,78
28965,78
28966,78
28967,78
28968,78
28969,78
28970,78
28971,78
28972,78
28973,78
28974,78
28975,78
28976,78
28977,78
28978,78
28979,78
28980,78
28981,78
28982,78
28983,78
28984,78
28985,78
28986,78
28987,78
28988,78
28989,78
28990,78
28991,78
28992,78
28993,78
28994,78
28995,78
28996,78
28997,78
28998,78
28999,78
29000,78
29001,78
29002,78
29003,78
29004,78
29005,78
29006,78
29007,78
29008,78
29009,78
29010,78
29011,78
29012,78
29013,78
29014,78
29015,78
29016,78
29017,78
29018,78
29019,78
29020,78
29021,78
29022,78
29023,78
29024,78
29025,78
29026,78
29027,78
29028,78
29029,78
29030,78
29031,78
29032,78
29033,78
29034,78
29035,78
29036,78
29037,78
29038,78
29039,78
29040,78
29041,78
29042,78
29043,78
29044,78
29045,78
29046,78
29047,78
29048,78
29049,78
29050,78
29051,78
29052,78
29053,78
29054,78
29055,78
29056,78
29057,78
29058,78
29059,78
29060,78
29061,78
29062,78
29063,78
29064,78
29065,78
29066,78
29067,78
29068,78
29069,78
29070,78
29071,78
29072,78
29073,78
29074,78
29075,78
29076,78
29077,78
29078,78
29079,78
29080,78
29081,78
29082,78
29083,78
29084,78
29085,78
29086,78
29087,78
29088,78
29089,78
29090,78
29091,78
29092,78
29093,78
29094,78
29095,78
29096,78
29097,78
29098,78
29099,78
29100,78
29101,78
29102,78
29103,78
29104,78
29105,78
29106,78
29107,78
29108,78
29109,78
29110,78
29111,78
29112,78
29113,78
29114,78
29115,78
29116,78
29117,78
29118,78
29119,78
29120,78
29121,78
29122,78
29123,78
29124,78
29125,78
29126,78
29127,78
29128,78
29129,78
29130,78
29131,78
29132,78
29133,78
29134,78
29135,78
29136,78
29137,78
29138,78
29139,78
29140,78
29141,78
29142,78
29143,78
29144,78
29145,78
29146,78
29147,78
29148,78
29149,78
29150,78
29151,78
29152,78
29153,78
29154,78
29155,78
29156,78
29157,78
29158,78
29159,78
29160,78
29161,78
29162,78
29163,78
29164,78
29165,78
29166,78
29167,78
29168,78
29169,78
29170,78
29171,78
29172,78
29173,78
29174,78
29175,78
29176,78
29177,78
29178,78
29179,78
29180,78
29181,78
29182,78
29183,78
29184,78
29185,78
29186,78
29187,78
29188,78
29189,78
29190,78
29191,78
29192,78
29193,78
29194,78
29195,78
29196,78
29197,78
29198,78
29199,78
29200,78
29201,78
29202,78
29203,78
29204,78
29205,78
29206,78
29207,78
29208,78
29209,78
29210,78
29211,78
29212,78
29213,78
29214,78
29215,78
29216,78
29217,78
29218,78
29219,78
29220,78
29221,78
29222,78
29223,78
29224,78
29225,78
29226,78
29227,78
29228,78
29229,78
29230,78
29231,78
29232,78
29233,78
29234,78
29235,78
29236,78
29237,78
29238,78
29239,78
29240,78
29241,78
29242,78
29243,78
29244,78
29245,78
29246,78
29247,78
29248,78
29249,78
29250,78
29251,78
29252,78
29253,78
29254,78
29255,78
29256,78
29257,78
29258,78
29259,78
29260,78
29261,78
29262,78
29263,78
29264,78
29265,78
29266,78
29267,78
29268,78
29269,78
29270,78
29271,78
29272,78
29273,78
29274,78
29275,78
29276,78
29277,78
29278,78
29279,78
29280,78
29281,78
29282,78
29283,78
29284,78
29285,78
29286,78
29287,78
29288,78
29289,78
29290,78
29291,78
29292,78
29293,78
29294,78
29295,78
29296,78
29297,78
29298,78
29299,78
29300,78
29301,78
29302,78
29303,78
29304,78
29305,78
29306,78
29307,78
29308,78
29309,78
29310,78
29311,78
29312,78
29313,78
29314,78
29315,78
29316,78
29317,78
29318,78
29319,78
29320,78
29321,78
29322,78
29323,78
29324,78
29325,78
29326,78
29327,78
29328,78
29329,78
29330,78
29331,78
29332,78
29333,78
29334,78
29335,78
29336,78
29337,78
29338,78
29339,78
29340,78
29341,78
29342,78
29343,78
29344,78
29345,78
29346,78
29347,78
29348,78
29349,78
29350,78
29351,78
29352,78
29353,78
29354,78
29355,78
29356,78
29357,78
29358,78
29359,78
29360,78
29361,78
29362,78
29363,78
29364,78
29365,78
29366,78
29367,78
29368,78
29369,78
29370,78
29371,78
29372,78
29373,78
29374,78
29375,78
29376,78
29377,78
29378,78
29379,78
29380,78
29381,78
29382,78
29383,78
29384,78
29385,78
29386,78
29387,78
29388,78
29389,78
29390,78
29391,78
29392,78
29393,78
29394,78
29395,78
29396,78
29397,78
29398,78
29399,78
29400,78
29401,78
29402,78
29403,78
29404,78
29405,78
29406,78
29407,78
29408,78
29409,78
29410,78
29411,78
29412,78
29413,78
29414,78
29415,78
29416,78
29417,78
29418,78
29419,78
29420,78
29421,78
29422,78
29423,78
29424,78
29425,78
29426,78
29427,78
29428,78
29429,78
29430,78
29431,78
29432,78
29433,78
29434,78
29435,78
29436,78
29437,78
29438,78
29439,78
29440,78
29441,78
29442,78
29443,78
29444,78
29445,78
29446,78
29447,78
29448,78
29449,78
29450,78
29451,78
29452,78
29453,78
29454,78
29455,78
29456,78
29457,78
29458,78
29459,78
29460,78
29461,78
29462,78
29463,78
29464,78
29465,78
29466,78
29467,78
29468,78
29469,78
29470,78
29471,78
29472,78
29473,78
29474,78
29475,78
29476,78
29477,78
29478,78
29479,78
29480,78
29481,78
29482,78
29483,78
29484,78
29485,78
29486,78
29487,78
29488,78
29489,78
29490,78
29491,78
29492,78
29493,78
29494,78
29495,78
29496,78
29497,78
29498,78
29499,78
29500,78
29501,78
29502,78
29503,78
29504,78
29505,78
29506,78
29507,78
29508,78
29509,78
29510,78
29511,78
29512,78
29513,78
29514,78
29515,78
29516,78
29517,78
29518,78
29519,78
29520,78
29521,78
29522,78
29523,78
29524,78
29525,78
29526,78
29527,78
29528,78
29529,78
29530,78
29531,78
29532,78
29533,78
29534,78
29535,78
29536,78
29537,78
29538,78
29539,78
29540,78
29541,78
29542,78
29543,78
29544,78
29545,78
29546,78
29547,78
29548,78
29549,78
29550,78
29551,78
29552,78
29553,78
29554,78
29555,78
29556,78
29557,78
29558,78
29559,78
29560,78
29561,78
29562,78
29563,78
29564,78
29565,78
29566,78
29567,78
29568,78
29569,78
29570,78
29571,78
29572,78
29573,78
29574,78
29575,78
29576,78
29577,78
29578,78
29579,78
29580,78
29581,78
29582,78
29583,78
29584,78
29585,78
29586,78
29587,78
29588,78
29589,78
29590,78
29591,78
29592,78
29593,78
29594,78
29595,78
29596,78
29597,78
29598,78
29599,78
29600,78
29601,78
29602,78
29603,78
29604,78
29605,78
29606,78
29607,78
29608,78
29609,78
29610,78
29611,78
29612,78
29613,78
29614,78
29615,78
29616,78
29617,78
29618,78
29619,78
29620,78
29621,78
29622,78
29623,78
29624,78
29625,78
29626,78
29627,78
29628,78
29629,78
29630,78
29631,78
29632,78
29633,78
29634,78
29635,78
29636,78
29637,78
29638,78
29639,78
29640,78
29641,78
29642,78
29643,78
29644,78
29645,78
29646,78
29647,78
29648,78
29649,78
29650,78
29651,78
29652,78
29653,78
29654,78
29655,78
29656,78
29657,78
29658,78
29659,78
29660,78
29661,78
29662,78
29663,78
29664,78
29665,78
29666,78
29667,78
29668,78
29669,78
29670,78
29671,78
29672,78
29673,78
29674,78
29675,78
29676,78
29677,78
29678,78
29679,78
29680,78
29681,78
29682,78
29683,78
29684,78
29685,78
29686,78
29687,78
29688,78
29689,78
29690,78
29691,78
29692,78
29693,78
29694,78
29695,78
29696,78
29697,78
29698,78
29699,78
29700,78
29701,78
29702,78
29703,78
29704,78
29705,78
29706,78
29707,78
29708,78
29709,78
29710,78
29711,78
29712,78
29713,78
29714,78
29715,78
29716,78
29717,78
29718,78
29719,78
29720,78
29721,78
29722,78
29723,78
29724,78
29725,78
29726,78
29727,78
29728,78
29729,78
29730,78
29731,78
29732,78
29733,78
29734,78
29735,78
29736,78
29737,78
29738,78
29739,78
29740,78
29741,78
29742,78
29743,78
29744,78
29745,78
29746,78
29747,78
29748,78
29749,78
29750,78
29751,78
29752,78
29753,78
29754,78
29755,78
29756,78
29757,78
29758,78
29759,78
29760,78
29761,78
29762,78
29763,78
29764,78
29765,78
29766,78
29767,78
29768,78
29769,78
29770,78
29771,78
29772,78
29773,78
29774,78
29775,78
29776,78
29777,78
29778,78
29779,78
29780,78
29781,78
29782,78
29783,78
29784,78
29785,78
29786,78
29787,78
29788,78
29789,78
29790,78
29791,78
29792,78
29793,78
29794,78
29795,78
29796,78
29797,78
29798,78
29799,78
29800,78
29801,78
29802,78
29803,78
29804,78
29805,78
29806,78
29807,78
29808,78
29809,78
29810,78
29811,78
29812,78
29813,78
29814,78
29815,78
29816,78
29817,78
29818,78
29819,78
29820,78
29821,78
29822,78
29823,78
29824,78
29825,78
29826,78
29827,78
29828,78
29829,78
29830,78
29831,78
29832,78
29833,78
29834,78
29835,78
29836,78
29837,78
29838,78
29839,78
29840,78
29841,78
29842,78
29843,78
29844,78
29845,78
29846,78
29847,78
29848,78
29849,78
29850,78
29851,78
29852,78
29853,78
29854,78
29855,78
29856,78
29857,78
29858,78
29859,78
29860,78
29861,78
29862,78
29863,78
29864,78
29865,78
29866,78
29867,78
29868,78
29869,78
29870,78
29871,78
29872,78
29873,78
29874,78
29875,78
29876,78
29877,78
29878,78
29879,78
29880,78
29881,78
29882,78
29883,78
29884,78
29885,78
29886,78
29887,78
29888,78
29889,78
29890,78
29891,78
29892,78
29893,78
29894,78
29895,78
29896,78
29897,78
29898,78
29899,78
29900,78
29901,78
29902,78
29903,78
29904,78
29905,78
29906,78
29907,78
29908,78
29909,78
29910,78
29911,78
29912,78
29913,78
29914,78
29915,78
29916,78
29917,78
29918,78
29919,78
29920,78
29921,78
29922,78
29923,78
29924,78
29925,78
29926,78
29927,78
29928,78
29929,78
29930,78
29931,78
29932,78
29933,78
29934,78
29935,78
29936,78
29937,78
29938,78
29939,78
29940,78
29941,78
29942,78
29943,78
29944,78
29945,78
29946,78
29947,78
29948,78
29949,78
29950,78
29951,78
29952,78
29953,78
29954,78
29955,78
29956,78
29957,78
29958,78
29959,78
29960,78
29961,78
29962,78
29963,78
29964,78
29965,78
29966,78
29967,78
29968,78
29969,78
29970,78
29971,78
29972,78
29973,78
29974,78
29975,78
29976,78
29977,78
29978,78
29979,78
29980,78
29981,78
29982,78
29983,78
29984,78
29985,78
29986,78
29987,78
29988,78
29989,78
29990,78
29991,78
29992,78
29993,78
29994,78
29995,78
29996,78
29997,78
29998,78
29999,78
30000,78
30001,78
30002,78
30003,78
30004,78
30005,78
30006,78
30007,78
30008,78
30009,78
30010,78
30011,78
30012,78
30013,78
30014,78
30015,78
30016,78
30017,78
30018,78
30019,78
30020,78
30021,78
30022,78
30023,78
30024,78
30025,78
30026,78
30027,78
30028,78
30029,78
30030,78
30031,78
30032,78
30033,78
30034,78
30035,78
30036,78
30037,78
30038,78
30039,78
30040,78
30041,78
30042,78
30043,78
30044,78
30045,78
30046,78
30047,78
30048,78
30049,78
30050,78
30051,78
30052,78
30053,78
30054,78
30055,78
30056,78
30057,78
30058,78
30059,78
30060,78
30061,78
30062,78
30063,78
30064,78
30065,78
30066,78
30067,78
30068,78
30069,78
30070,78
30071,78
30072,78
30073,78
30074,78
30075,78
30076,78
30077,78
30078,78
30079,78
30080,78
30081,78
30082,78
30083,78
30084,78
30085,78
30086,78
30087,78
30088,78
30089,78
30090,78
30091,78
30092,78
30093,78
30094,78
30095,78
30096,78
30097,78
30098,78
30099,78
30100,78
30101,78
30102,78
30103,78
30104,78
30105,78
30106,78
30107,78
30108,78
30109,78
30110,78
30111,78
30112,78
30113,78
30114,78
30115,78
30116,78
30117,78
30118,78
30119,78
30120,78
30121,78
30122,78
30123,78
30124,78
30125,78
30126,78
30127,78
30128,78
30129,78
30130,78
30131,78
30132,78
30133,78
30134,78
30135,78
30136,78
30137,78
30138,78
30139,78
30140,78
30141,78
30142,78
30143,78
30144,78
30145,78
30146,78
30147,78
30148,78
30149,78
30150,78
30151,78
30152,78
30153,78
30154,78
30155,78
30156,78
30157,78
30158,78
30159,78
30160,78
30161,78
30162,78
30163,78
30164,78
30165,78
30166,78
30167,78
30168,78
30169,78
30170,78
30171,78
30172,78
30173,78
30174,78
30175,78
30176,78
30177,78
30178,78
30179,78
30180,78
30181,78
30182,78
30183,78
30184,78
30185,78
30186,78
30187,78
30188,78
30189,78
30190,78
30191,78
30192,78
30193,78
30194,78
30195,78
30196,78
30197,78
30198,78
30199,78
30200,78
30201,78
30202,78
30203,78
30204,78
30205,78
30206,78
30207,78
30208,78
30209,78
30210,78
30211,78
30212,78
30213,78
30214,78
30215,78
30216,78
30217,78
30218,78
30219,78
30220,78
30221,78
30222,78
30223,78
30224,78
30225,78
30226,78
30227,78
30228,78
30229,78
30230,78
30231,78
30232,78
30233,78
30234,78
30235,78
30236,78
30237,78
30238,78
30239,78
30240,78
30241,78
30242,78
30243,78
30244,78
30245,78
30246,78
30247,78
30248,78
30249,78
30250,78
30251,78
30252,78
30253,78
30254,78
30255,78
30256,78
30257,78
30258,78
30259,78
30260,78
30261,78
30262,78
30263,78
30264,78
30265,78
30266,78
30267,78
30268,78
30269,78
30270,78
30271,78
30272,78
30273,78
30274,78
30275,78
30276,78
30277,78
30278,78
30279,78
30280,78
30281,78
30282,78
30283,78
30284,78
30285,78
30286,78
30287,78
30288,78
30289,78
30290,78
30291,78
30292,78
30293,78
30294,78
30295,78
30296,78
30297,78
30298,78
30299,78
30300,78
30301,78
30302,78
30303,78
30304,78
30305,78
30306,78
30307,78
30308,78
30309,78
30310,78
30311,78
30312,78
30313,78
30314,78
30315,78
30316,78
30317,78
30318,78
30319,78
30320,78
30321,78
30322,78
30323,78
30324,78
30325,78
30326,78
30327,78
30328,78
30329,78
30330,78
30331,78
30332,78
30333,78
30334,78
30335,78
30336,78
30337,78
30338,78
30339,78
30340,78
30341,78
30342,78
30343,78
30344,78
30345,78
30346,78
30347,78
30348,78
30349,78
30350,78
30351,78
30352,78
30353,78
30354,78
30355,78
30356,78
30357,78
30358,78
30359,78
30360,78
30361,78
30362,78
30363,78
30364,78
30365,78
30366,78
30367,78
30368,78
30369,78
30370,78
30371,78
30372,78
30373,78
30374,78
30375,78
30376,78
30377,78
30378,78
30379,78
30380,78
30381,78
30382,78
30383,78
30384,78
30385,78
30386,78
30387,78
30388,78
30389,78
30390,78
30391,78
30392,78
30393,78
30394,78
30395,78
30396,78
30397,78
30398,78
30399,78
30400,78
30401,78
30402,78
30403,78
30404,78
30405,78
30406,78
30407,78
30408,78
30409,78
30410,78
30411,78
30412,78
30413,78
30414,78
30415,78
30416,78
30417,78
30418,78
30419,78
30420,78
30421,78
30422,78
30423,78
30424,78
30425,78
30426,78
30427,78
30428,78
30429,78
30430,78
30431,78
30432,78
30433,78
30434,78
30435,78
30436,78
30437,78
30438,78
30439,78
30440,78
30441,78
30442,78
30443,78
30444,78
30445,78
30446,78
30447,78
30448,78
30449,78
30450,78
30451,78
30452,78
30453,78
30454,78
30455,78
30456,78
30457,78
30458,78
30459,78
30460,78
30461,78
30462,78
30463,78
30464,78
30465,78
30466,78
30467,78
30468,78
30469,78
30470,78
30471,78
30472,78
30473,78
30474,78
30475,78
30476,78
30477,78
30478,78
30479,78
30480,78
30481,78
30482,78
30483,78
30484,78
30485,78
30486,78
30487,78
30488,78
30489,78
30490,78
30491,78
30492,78
30493,78
30494,78
30495,78
30496,78
30497,78
30498,78
30499,78
30500,78
30501,78
30502,78
30503,78
30504,78
30505,78
30506,78
30507,78
30508,78
30509,78
30510,78
30511,78
30512,78
30513,78
30514,78
30515,78
30516,78
30517,78
30518,78
30519,78
30520,78
30521,78
30522,78
30523,78
30524,78
30525,78
30526,78
30527,78
30528,78
30529,78
30530,78
30531,78
30532,78
30533,78
30534,78
30535,78
30536,78
30537,78
30538,78
30539,78
30540,78
30541,78
30542,78
30543,78
30544,78
30545,78
30546,78
30547,78
30548,78
30549,78
30550,78
30551,78
30552,78
30553,78
30554,78
30555,78
30556,78
30557,78
30558,78
30559,78
30560,78
30561,78
30562,78
30563,78
30564,78
30565,78
30566,78
30567,78
30568,78
30569,78
30570,78
30571,78
30572,78
30573,78
30574,78
30575,78
30576,78
30577,78
30578,78
30579,78
30580,78
30581,78
30582,78
30583,78
30584,78
30585,78
30586,78
30587,78
30588,78
30589,78
30590,78
30591,78
30592,78
30593,78
30594,78
30595,78
30596,78
30597,78
30598,78
30599,78
30600,78
30601,78
30602,78
30603,78
30604,78
30605,78
30606,78
30607,78
30608,78
30609,78
30610,78
30611,78
30612,78
30613,78
30614,78
30615,78
30616,78
30617,78
30618,78
30619,78
30620,78
30621,78
30622,78
30623,78
30624,78
30625,78
30626,78
30627,78
30628,78
30629,78
30630,78
30631,78
30632,78
30633,78
30634,78
30635,78
30636,78
30637,78
30638,78
30639,78
30640,78
30641,78
30642,78
30643,78
30644,78
30645,78
30646,78
30647,78
30648,78
30649,78
30650,78
30651,78
30652,78
30653,78
30654,78
30655,78
30656,78
30657,78
30658,78
30659,78
30660,78
30661,78
30662,78
30663,78
30664,78
30665,78
30666,78
30667,78
30668,78
30669,78
30670,78
30671,78
30672,78
30673,78
30674,78
30675,78
30676,78
30677,78
30678,78
30679,78
30680,78
30681,78
30682,78
30683,78
30684,78
30685,78
30686,78
30687,78
30688,78
30689,78
30690,78
30691,78
30692,78
30693,78
30694,78
30695,78
30696,78
30697,78
30698,78
30699,78
30700,78
30701,78
30702,78
30703,78
30704,78
30705,78
30706,78
30707,78
30708,78
30709,78
30710,78
30711,78
30712,78
30713,78
30714,78
30715,78
30716,78
30717,78
30718,78
30719,78
30720,78
30721,78
30722,78
30723,78
30724,78
30725,78
30726,78
30727,78
30728,78
30729,78
30730,78
30731,78
30732,78
30733,78
30734,78
30735,78
30736,78
30737,78
30738,78
30739,78
30740,78
30741,78
30742,78
30743,78
30744,78
30745,78
30746,78
30747,78
30748,78
30749,78
30750,78
30751,78
30752,78
30753,78
30754,78
30755,78
30756,78
30757,78
30758,78
30759,78
30760,78
30761,78
30762,78
30763,78
30764,78
30765,78
30766,78
30767,78
30768,78
30769,78
30770,78
30771,78
30772,78
30773,78
30774,78
30775,78
30776,78
30777,78
30778,78
30779,78
30780,78
30781,78
30782,78
30783,78
30784,78
30785,78
30786,78
30787,78
30788,78
30789,78
30790,78
30791,78
30792,78
30793,78
30794,78
30795,78
30796,78
30797,78
30798,78
30799,78
30800,78
30801,78
30802,78
30803,78
30804,78
30805,78
30806,78
30807,78
30808,78
30809,78
30810,78
30811,78
30812,78
30813,78
30814,78
30815,78
30816,78
30817,78
30818,78
30819,78
30820,78
30821,78
30822,78
30823,78
30824,78
30825,78
30826,78
30827,78
30828,78
30829,78
30830,78
30831,78
30832,78
30833,78
30834,78
30835,78
30836,78
30837,78
30838,78
30839,78
30840,78
30841,78
30842,78
30843,78
30844,78
30845,78
30846,78
30847,78
30848,78
30849,78
30850,78
30851,78
30852,78
30853,78
30854,78
30855,78
30856,78
30857,78
30858,78
30859,78
30860,78
30861,78
30862,78
30863,78
30864,78
30865,78
30866,78
30867,78
30868,78
30869,78
30870,78
30871,78
30872,78
30873,78
30874,78
30875,78
30876,78
30877,78
30878,78
30879,78
30880,78
30881,78
30882,78
30883,78
30884,78
30885,78
30886,78
30887,78
30888,78
30889,78
30890,78
30891,78
30892,78
30893,78
30894,78
30895,78
30896,78
30897,78
30898,78
30899,78
30900,78
30901,78
30902,78
30903,78
30904,78
30905,78
30906,78
30907,78
30908,78
30909,78
30910,78
30911,78
30912,78
30913,78
30914,78
30915,78
30916,78
30917,78
30918,78
30919,78
30920,78
30921,78
30922,78
30923,78
30924,78
30925,78
30926,78
30927,78
30928,78
30929,78
30930,78
30931,78
30932,78
30933,78
30934,78
30935,78
30936,78
30937,78
30938,78
30939,78
30940,78
30941,78
30942,78
30943,78
30944,78
30945,78
30946,78
30947,78
30948,78
30949,78
30950,78
30951,78
30952,78
30953,78
30954,78
30955,78
30956,78
30957,78
30958,78
30959,78
30960,78
30961,78
30962,78
30963,78
30964,78
30965,78
30966,78
30967,78
30968,78
30969,78
30970,78
30971,78
30972,78
30973,78
30974,78
30975,78
30976,78
30977,78
30978,78
30979,78
30980,78
30981,78
30982,78
30983,78
30984,78
30985,78
30986,78
30987,78
30988,78
30989,78
30990,78
30991,78
30992,78
30993,78
30994,78
30995,78
30996,78
30997,78
30998,78
30999,78
31000,78
31001,78
31002,78
31003,78
31004,78
31005,78
31006,78
31007,78
31008,78
31009,78
31010,78
31011,78
31012,78
31013,78
31014,78
31015,78
31016,78
31017,78
31018,78
31019,78
31020,78
31021,78
31022,78
31023,78
31024,78
31025,78
31026,78
31027,78
31028,78
31029,78
31030,78
31031,78
31032,78
31033,78
31034,78
31035,78
31036,78
31037,78
31038,78
31039,78
31040,78
31041,78
31042,78
31043,78
31044,78
31045,78
31046,78
31047,78
31048,78
31049,78
31050,78
31051,78
31052,78
31053,78
31054,78
31055,78
31056,78
31057,78
31058,78
31059,78
31060,78
31061,78
31062,78
31063,78
31064,78
31065,78
31066,78
31067,78
31068,78
31069,78
31070,78
31071,78
31072,78
31073,78
31074,78
31075,78
31076,78
31077,78
31078,78
31079,78
31080,78
31081,78
31082,78
31083,78
31084,78
31085,78
31086,78
31087,78
31088,78
31089,78
31090,78
31091,78
31092,78
31093,78
31094,78
31095,78
31096,78
31097,78
31098,78
31099,78
31100,78
31101,78
31102,78
31103,78
31104,78
31105,78
31106,78
31107,78
31108,78
31109,78
31110,78
31111,78
31112,78
31113,78
31114,78
31115,78
31116,78
31117,78
31118,78
31119,78
31120,78
31121,78
31122,78
31123,78
31124,78
31125,78
31126,78
31127,78
31128,78
31129,78
31130,78
31131,78
31132,78
31133,78
31134,78
31135,78
31136,78
31137,78
31138,78
31139,78
31140,78
31141,78
31142,78
31143,78
31144,78
31145,78
31146,78
31147,78
31148,78
31149,78
31150,78
31151,78
31152,78
31153,78
31154,78
31155,78
31156,78
31157,78
31158,78
31159,78
31160,78
31161,78
31162,78
31163,78
31164,78
31165,78
31166,78
31167,78
31168,78
31169,78
31170,78
31171,78
31172,78
31173,78
31174,78
31175,78
31176,78
31177,78
31178,78
31179,78
31180,78
31181,78
31182,78
31183,78
31184,78
31185,78
31186,78
31187,78
31188,78
31189,78
31190,78
31191,78
31192,78
31193,78
31194,78
31195,78
31196,78
31197,78
31198,78
31199,78
31200,78
31201,78
31202,78
31203,78
31204,78
31205,78
31206,78
31207,78
31208,78
31209,78
31210,78
31211,78
31212,78
31213,78
31214,78
31215,78
31216,78
31217,78
31218,78
31219,78
31220,78
31221,78
31222,78
31223,78
31224,78
31225,78
31226,78
31227,78
31228,78
31229,78
31230,78
31231,78
31232,78
31233,78
31234,78
31235,78
31236,78
31237,78
31238,78
31239,78
31240,78
31241,78
31242,78
31243,78
31244,78
31245,78
31246,78
31247,78
31248,78
31249,78
31250,78
31251,78
31252,78
31253,78
31254,78
31255,78
31256,78
31257,78
31258,78
31259,78
31260,78
31261,78
31262,78
31263,78
31264,78
31265,78
31266,78
31267,78
31268,78
31269,78
31270,78
31271,78
31272,78
31273,78
31274,78
31275,78
31276,78
31277,78
31278,78
31279,78
31280,78
31281,78
31282,78
31283,78
31284,78
31285,78
31286,78
31287,78
31288,78
31289,78
31290,78
31291,78
31292,78
31293,78
31294,78
31295,78
31296,78
31297,78
31298,78
31299,78
31300,78
31301,78
31302,78
31303,78
31304,78
31305,78
31306,78
31307,78
31308,78
31309,78
31310,78
31311,78
31312,78
31313,78
31314,78
31315,78
31316,78
31317,78
31318,78
31319,78
31320,78
31321,78
31322,78
31323,78
31324,78
31325,78
31326,78
31327,78
31328,78
31329,78
31330,78
31331,78
31332,78
31333,78
31334,78
31335,78
31336,78
31337,78
31338,78
31339,78
31340,78
31341,78
31342,78
31343,78
31344,78
31345,78
31346,78
31347,78
31348,78
31349,78
31350,78
31351,78
31352,78
31353,78
31354,78
31355,78
31356,78
31357,78
31358,78
31359,78
31360,78
31361,78
31362,78
31363,78
31364,78
31365,78
31366,78
31367,78
31368,78
31369,78
31370,78
31371,78
31372,78
31373,78
31374,78
31375,78
31376,78
31377,78
31378,78
31379,78
31380,78
31381,78
31382,78
31383,78
31384,78
31385,78
31386,78
31387,78
31388,78
31389,78
31390,78
31391,78
31392,78
31393,78
31394,78
31395,78
31396,78
31397,78
31398,78
31399,78
31400,78
31401,78
31402,78
31403,78
31404,78
31405,78
31406,78
31407,78
31408,78
31409,78
31410,78
31411,78
31412,78
31413,78
31414,78
31415,78
31416,78
31417,78
31418,78
31419,78
31420,78
31421,78
31422,78
31423,78
31424,78
31425,78
31426,78
31427,78
31428,78
31429,78
31430,78
31431,78
31432,78
31433,78
31434,78
31435,78
31436,78
31437,78
31438,78
31439,78
31440,78
31441,78
31442,78
31443,78
31444,78
31445,78
31446,78
31447,78
31448,78
31449,78
31450,78
31451,78
31452,78
31453,78
31454,78
31455,78
31456,78
31457,78
31458,78
31459,78
31460,78
31461,78
31462,78
31463,78
31464,78
31465,78
31466,78
31467,78
31468,78
31469,78
31470,78
31471,78
31472,78
31473,78
31474,78
31475,78
31476,78
31477,78
31478,78
31479,78
31480,78
31481,78
31482,78
31483,78
31484,78
31485,78
31486,78
31487,78
31488,78
31489,78
31490,78
31491,78
31492,78
31493,78
31494,78
31495,78
31496,78
31497,78
31498,78
31499,78
31500,78
31501,78
31502,78
31503,78
31504,78
31505,78
31506,78
31507,78
31508,78
31509,78
31510,78
31511,78
31512,78
31513,78
31514,78
31515,78
31516,78
31517,78
31518,78
31519,78
31520,78
31521,78
31522,78
31523,78
31524,78
31525,78
31526,78
31527,78
31528,78
31529,78
31530,78
31531,78
31532,78
31533,78
31534,78
31535,78
31536,78
31537,78
31538,78
31539,78
31540,78
31541,78
31542,78
31543,78
31544,78
31545,78
31546,78
31547,78
31548,78
31549,78
31550,78
31551,78
31552,78
31553,78
31554,78
31555,78
31556,78
31557,78
31558,78
31559,78
31560,78
31561,78
31562,78
31563,78
31564,78
31565,78
31566,78
31567,78
31568,78
31569,78
31570,78
31571,78
31572,78
31573,78
31574,78
31575,78
31576,78
31577,78
31578,78
31579,78
31580,78
31581,78
31582,78
31583,78
31584,78
31585,78
31586,78
31587,78
31588,78
31589,78
31590,78
31591,78
31592,78
31593,78
31594,78
31595,78
31596,78
31597,78
31598,78
31599,78
31600,78
31601,78
31602,78
31603,78
31604,78
31605,78
31606,78
31607,78
31608,78
31609,78
31610,78
31611,78
31612,78
31613,78
31614,78
31615,78
31616,78
31617,78
31618,78
31619,78
31620,78
31621,78
31622,78
31623,78
31624,78
31625,78
31626,78
31627,78
31628,78
31629,78
31630,78
31631,78
31632,78
31633,78
31634,78
31635,78
31636,78
31637,78
31638,78
31639,78
31640,78
31641,78
31642,78
31643,78
31644,78
31645,78
31646,78
31647,78
31648,78
31649,78
31650,78
31651,78
31652,78
31653,78
31654,78
31655,78
31656,78
31657,78
31658,78
31659,78
31660,78
31661,78
31662,78
31663,78
31664,78
31665,78
31666,78
31667,78
31668,78
31669,78
31670,78
31671,78
31672,78
31673,78
31674,78
31675,78
31676,78
31677,78
31678,78
31679,78
31680,78
31681,78
31682,78
31683,78
31684,78
31685,78
31686,78
31687,78
31688,78
31689,78
31690,78
31691,78
31692,78
31693,78
31694,78
31695,78
31696,78
31697,78
31698,78
31699,78
31700,78
31701,78
31702,78
31703,78
31704,78
31705,78
31706,78
31707,78
31708,78
31709,78
31710,78
31711,78
31712,78
31713,78
31714,78
31715,78
31716,78
31717,78
31718,78
31719,78
31720,78
31721,78
31722,78
31723,78
31724,78
31725,78
31726,78
31727,78
31728,78
31729,78
31730,78
31731,78
31732,78
31733,78
31734,78
31735,78
31736,78
31737,78
31738,78
31739,78
31740,78
31741,78
31742,78
31743,78
31744,78
31745,78
31746,78
31747,78
31748,78
31749,78
31750,78
31751,78
31752,78
31753,78
31754,78
31755,78
31756,78
31757,78
31758,78
31759,78
31760,78
31761,78
31762,78
31763,78
31764,78
31765,78
31766,78
31767,78
31768,78
31769,78
31770,78
31771,78
31772,78
31773,78
31774,78
31775,78
31776,78
31777,78
31778,78
31779,78
31780,78
31781,78
31782,78
31783,78
31784,78
31785,78
31786,78
31787,78
31788,78
31789,78
31790,78
31791,78
31792,78
31793,78
31794,78
31795,78
31796,78
31797,78
31798,78
31799,78
31800,78
31801,78
31802,78
31803,78
31804,78
31805,78
31806,78
31807,78
31808,78
31809,78
31810,78
31811,78
31812,78
31813,78
31814,78
31815,78
31816,78
31817,78
31818,78
31819,78
31820,78
31821,78
31822,78
31823,78
31824,78
31825,78
31826,78
31827,78
31828,78
31829,78
31830,78
31831,78
31832,78
31833,78
31834,78
31835,78
31836,78
31837,78
31838,78
31839,78
31840,78
31841,78
31842,78
31843,78
31844,78
31845,78
31846,78
31847,78
31848,78
31849,78
31850,78
31851,78
31852,78
31853,78
31854,78
31855,78
31856,78
31857,78
31858,78
31859,78
31860,78
31861,78
31862,78
31863,78
31864,78
31865,78
31866,78
31867,78
31868,78
31869,78
31870,78
31871,78
31872,78
31873,78
31874,78
31875,78
31876,78
31877,78
31878,78
31879,78
31880,78
31881,78
31882,78
31883,78
31884,78
31885,78
31886,78
31887,78
31888,78
31889,78
31890,78
31891,78
31892,78
31893,78
31894,78
31895,78
31896,78
31897,78
31898,78
31899,78
31900,78
31901,78
31902,78
31903,78
31904,78
31905,78
31906,78
31907,78
31908,78
31909,78
31910,78
31911,78
31912,78
31913,78
31914,78
31915,78
31916,78
31917,78
31918,78
31919,78
31920,78
31921,78
31922,78
31923,78
31924,78
31925,78
31926,78
31927,78
31928,78
31929,78
31930,78
31931,78
31932,78
31933,78
31934,78
31935,78
31936,78
31937,78
31938,78
31939,78
31940,78
31941,78
31942,78
31943,78
31944,78
31945,78
31946,78
31947,78
31948,78
31949,78
31950,78
31951,78
31952,78
31953,78
31954,78
31955,78
31956,78
31957,78
31958,78
31959,78
31960,78
31961,78
31962,78
31963,78
31964,78
31965,78
31966,78
31967,78
31968,78
31969,78
31970,78
31971,78
31972,78
31973,78
31974,78
31975,78
31976,78
31977,78
31978,78
31979,78
31980,78
31981,78
31982,78
31983,78
31984,78
31985,78
31986,78
31987,78
31988,78
31989,78
31990,78
31991,78
31992,78
31993,78
31994,78
31995,78
31996,78
31997,78
31998,78
31999,78
32000,78
32001,78
32002,78
32003,78
32004,78
32005,78
32006,78
32007,78
32008,78
32009,78
32010,78
32011,78
32012,78
32013,78
32014,78
32015,78
32016,78
32017,78
32018,78
32019,78
32020,78
32021,78
32022,78
32023,78
32024,78
32025,78
32026,78
32027,78
32028,78
32029,78
32030,78
32031,78
32032,78
32033,78
32034,78
32035,78
32036,78
32037,78
32038,78
32039,78
32040,78
32041,78
32042,78
32043,78
32044,78
32045,78
32046,78
32047,78
32048,78
32049,78
32050,78
32051,78
32052,78
32053,78
32054,78
32055,78
32056,78
32057,78
32058,78
32059,78
32060,78
32061,78
32062,78
32063,78
32064,78
32065,78
32066,78
32067,78
32068,78
32069,78
32070,78
32071,78
32072,78
32073,78
32074,78
32075,78
32076,78
32077,78
32078,78
32079,78
32080,78
32081,78
32082,78
32083,78
32084,78
32085,78
32086,78
32087,78
32088,78
32089,78
32090,78
32091,78
32092,78
32093,78
32094,78
32095,78
32096,78
32097,78
32098,78
32099,78
32100,78
32101,78
32102,78
32103,78
32104,78
32105,78
32106,78
32107,78
32108,78
32109,78
32110,78
32111,78
32112,78
32113,78
32114,78
32115,78
32116,78
32117,78
32118,78
32119,78
32120,78
32121,78
32122,78
32123,78
32124,78
32125,78
32126,78
32127,78
32128,78
32129,78
32130,78
32131,78
32132,78
32133,78
32134,78
32135,78
32136,78
32137,78
32138,78
32139,78
32140,78
32141,78
32142,78
32143,78
32144,78
32145,78
32146,78
32147,78
32148,78
32149,78
32150,78
32151,78
32152,78
32153,78
32154,78
32155,78
32156,78
32157,78
32158,78
32159,78
32160,78
32161,78
32162,78
32163,78
32164,78
32165,78
32166,78
32167,78
32168,78
32169,78
32170,78
32171,78
32172,78
32173,78
32174,78
32175,78
32176,78
32177,78
32178,78
32179,78
32180,78
32181,78
32182,78
32183,78
32184,78
32185,78
32186,78
32187,78
32188,78
32189,78
32190,78
32191,78
32192,78
32193,78
32194,78
32195,78
32196,78
32197,78
32198,78
32199,78
32200,78
32201,78
32202,78
32203,78
32204,78
32205,78
32206,78
32207,78
32208,78
32209,78
32210,78
32211,78
32212,78
32213,78
32214,78
32215,78
32216,78
32217,78
32218,78
32219,78
32220,78
32221,78
32222,78
32223,78
32224,78
32225,78
32226,78
32227,78
32228,78
32229,78
32230,78
32231,78
32232,78
32233,78
32234,78
32235,78
32236,78
32237,78
32238,78
32239,78
32240,78
32241,78
32242,78
32243,78
32244,78
32245,78
32246,78
32247,78
32248,78
32249,78
32250,78
32251,78
32252,78
32253,78
32254,78
32255,78
32256,78
32257,78
32258,78
32259,78
32260,78
32261,78
32262,78
32263,78
32264,78
32265,78
32266,78
32267,78
32268,78
32269,78
32270,78
32271,78
32272,78
32273,78
32274,78
32275,78
32276,78
32277,78
32278,78
32279,78
32280,78
32281,78
32282,78
32283,78
32284,78
32285,78
32286,78
32287,78
32288,78
32289,78
32290,78
32291,78
32292,78
32293,78
32294,78
32295,78
32296,78
32297,78
32298,78
32299,78
32300,78
32301,78
32302,78
32303,78
32304,78
32305,78
32306,78
32307,78
32308,78
32309,78
32310,78
32311,78
32312,78
32313,78
32314,78
32315,78
32316,78
32317,78
32318,78
32319,78
32320,78
32321,78
32322,78
32323,78
32324,78
32325,78
32326,78
32327,78
32328,78
32329,78
32330,78
32331,78
32332,78
32333,78
32334,78
32335,78
32336,78
32337,78
32338,78
32339,78
32340,78
32341,78
32342,78
32343,78
32344,78
32345,78
32346,78
32347,78
32348,78
32349,78
32350,78
32351,78
32352,78
32353,78
32354,78
32355,78
32356,78
32357,78
32358,78
32359,78
32360,78
32361,78
32362,78
32363,78
32364,78
32365,78
32366,78
32367,78
32368,78
32369,78
32370,78
32371,78
32372,78
32373,78
32374,78
32375,78
32376,78
32377,78
32378,78
32379,78
32380,78
32381,78
32382,78
32383,78
32384,78
32385,78
32386,78
32387,78
32388,78
32389,78
32390,78
32391,78
32392,78
32393,78
32394,78
32395,78
32396,78
32397,78
32398,78
32399,78
32400,78
32401,78
32402,78
32403,78
32404,78
32405,78
32406,78
32407,78
32408,78
32409,78
32410,78
32411,78
32412,78
32413,78
32414,78
32415,78
32416,78
32417,78
32418,78
32419,78
32420,78
32421,78
32422,78
32423,78
32424,78
32425,78
32426,78
32427,78
32428,78
32429,78
32430,78
32431,78
32432,78
32433,78
32434,78
32435,78
32436,78
32437,78
32438,78
32439,78
32440,78
32441,78
32442,78
32443,78
32444,78
32445,78
32446,78
32447,78
32448,78
32449,78
32450,78
32451,78
32452,78
32453,78
32454,78
32455,78
32456,78
32457,78
32458,78
32459,78
32460,78
32461,78
32462,78
32463,78
32464,78
32465,78
32466,78
32467,78
32468,78
32469,78
32470,78
32471,78
32472,78
32473,78
32474,78
32475,78
32476,78
32477,78
32478,78
32479,78
32480,78
32481,78
32482,78
32483,78
32484,78
32485,78
32486,78
32487,78
32488,78
32489,78
32490,78
32491,78
32492,78
32493,78
32494,78
32495,78
32496,78
32497,78
32498,78
32499,78
32500,78
32501,78
32502,78
32503,78
32504,78
32505,78
32506,78
32507,78
32508,78
32509,78
32510,78
32511,78
32512,78
32513,78
32514,78
32515,78
32516,78
32517,78
32518,78
32519,78
32520,78
32521,78
32522,78
32523,78
32524,78
32525,78
32526,78
32527,78
32528,78
32529,78
32530,78
32531,78
32532,78
32533,78
32534,78
32535,78
32536,78
32537,78
32538,78
32539,78
32540,78
32541,78
32542,78
32543,78
32544,78
32545,78
32546,78
32547,78
32548,78
32549,78
32550,78
32551,78
32552,78
32553,78
32554,78
32555,78
32556,78
32557,78
32558,78
32559,78
32560,78
32561,78
32562,78
32563,78
32564,78
32565,78
32566,78
32567,78
32568,78
32569,78
32570,78
32571,78
32572,78
32573,78
32574,78
32575,78
32576,78
32577,78
32578,78
32579,78
32580,78
32581,78
32582,78
32583,78
32584,78
32585,78
32586,78
32587,78
32588,78
32589,78
32590,78
32591,78
32592,78
32593,78
32594,78
32595,78
32596,78
32597,78
32598,78
32599,78
32600,78
32601,78
32602,78
32603,78
32604,78
32605,78
32606,78
32607,78
32608,78
32609,78
32610,78
32611,78
32612,78
32613,78
32614,78
32615,78
32616,78
32617,78
32618,78
32619,78
32620,78
32621,78
32622,78
32623,78
32624,78
32625,78
32626,78
32627,78
32628,78
32629,78
32630,78
32631,78
32632,78
32633,78
32634,78
32635,78
32636,78
32637,78
32638,78
32639,78
32640,78
32641,78
32642,78
32643,78
32644,78
32645,78
32646,78
32647,78
32648,78
32649,78
32650,78
32651,78
32652,78
32653,78
32654,78
32655,78
32656,78
32657,78
32658,78
32659,78
32660,78
32661,78
32662,78
32663,78
32664,78
32665,78
32666,78
32667,78
32668,78
32669,78
32670,78
32671,78
32672,78
32673,78
32674,78
32675,78
32676,78
32677,78
32678,78
32679,78
32680,78
32681,78
32682,78
32683,78
32684,78
32685,78
32686,78
32687,78
32688,78
32689,78
32690,78
32691,78
32692,78
32693,78
32694,78
32695,78
32696,78
32697,78
32698,78
32699,78
32700,78
32701,78
32702,78
32703,78
32704,78
32705,78
32706,78
32707,78
32708,78
32709,78
32710,78
32711,78
32712,78
32713,78
32714,78
32715,78
32716,78
32717,78
32718,78
32719,78
32720,78
32721,78
32722,78
32723,78
32724,78
32725,78
32726,78
32727,78
32728,78
32729,78
32730,78
32731,78
32732,78
32733,78
32734,78
32735,78
32736,78
32737,78
32738,78
32739,78
32740,78
32741,78
32742,78
32743,78
32744,78
32745,78
32746,78
32747,78
32748,78
32749,78
32750,78
32751,78
32752,78
32753,78
32754,78
32755,78
32756,78
32757,78
32758,78
32759,78
32760,78
32761,78
32762,78
32763,78
32764,78
32765,78
32766,78
32767,78
32768,78
32769,78
32770,78
32771,78
32772,78
32773,78
32774,78
32775,78
32776,78
32777,78
32778,78
32779,78
32780,78
32781,78
32782,78
32783,78
32784,78
32785,78
32786,78
32787,78
32788,78
32789,78
32790,78
32791,78
32792,78
32793,78
32794,78
32795,78
32796,78
32797,78
32798,78
32799,78
32800,78
32801,78
32802,78
32803,78
32804,78
32805,78
32806,78
32807,78
32808,78
32809,78
32810,78
32811,78
32812,78
32813,78
32814,78
32815,78
32816,78
32817,78
32818,78
32819,78
32820,78
32821,78
32822,78
32823,78
32824,78
32825,78
32826,78
32827,78
32828,78
32829,78
32830,78
32831,78
32832,78
32833,78
32834,78
32835,78
32836,78
32837,78
32838,78
32839,78
32840,78
32841,78
32842,78
32843,78
32844,78
32845,78
32846,78
32847,78
32848,78
32849,78
32850,78
32851,78
32852,78
32853,78
32854,78
32855,78
32856,78
32857,78
32858,78
32859,78
32860,78
32861,78
32862,78
32863,78
32864,78
32865,78
32866,78
32867,78
32868,78
32869,78
32870,78
32871,78
32872,78
32873,78
32874,78
32875,78
32876,78
32877,78
32878,78
32879,78
32880,78
32881,78
32882,78
32883,78
32884,78
32885,78
32886,78
32887,78
32888,78
32889,78
32890,78
32891,78
32892,78
32893,78
32894,78
32895,78
32896,78
32897,78
32898,78
32899,78
32900,78
32901,78
32902,78
32903,78
32904,78
32905,78
32906,78
32907,78
32908,78
32909,78
32910,78
32911,78
32912,78
32913,78
32914,78
32915,78
32916,78
32917,78
32918,78
32919,78
32920,78
32921,78
32922,78
32923,78
32924,78
32925,78
32926,78
32927,78
32928,78
32929,78
32930,78
32931,78
32932,78
32933,78
32934,78
32935,78
32936,78
32937,78
32938,78
32939,78
32940,78
32941,78
32942,78
32943,78
32944,78
32945,78
32946,78
32947,78
32948,78
32949,78
32950,78
32951,78
32952,78
32953,78
32954,78
32955,78
32956,78
32957,78
32958,78
32959,78
32960,78
32961,78
32962,78
32963,78
32964,78
32965,78
32966,78
32967,78
32968,78
32969,78
32970,78
32971,78
32972,78
32973,78
32974,78
32975,78
32976,78
32977,78
32978,78
32979,78
32980,78
32981,78
32982,78
32983,78
32984,78
32985,78
32986,78
32987,78
32988,78
32989,78
32990,78
32991,78
32992,78
32993,78
32994,78
32995,78
32996,78
32997,78
32998,78
32999,78
33000,78
33001,78
33002,78
33003,78
33004,78
33005,78
33006,78
33007,78
33008,78
33009,78
33010,78
33011,78
33012,78
33013,78
33014,78
33015,78
33016,78
33017,78
33018,78
33019,78
33020,78
33021,78
33022,78
33023,78
33024,78
33025,78
33026,78
33027,78
33028,78
33029,78
33030,78
33031,78
33032,78
33033,78
33034,78
33035,78
33036,78
33037,78
33038,78
33039,78
33040,78
33041,78
33042,78
33043,78
33044,78
33045,78
33046,78
33047,78
33048,78
33049,78
33050,78
33051,78
33052,78
33053,78
33054,78
33055,78
33056,78
33057,78
33058,78
33059,78
33060,78
33061,78
33062,78
33063,78
33064,78
33065,78
33066,78
33067,78
33068,78
33069,78
33070,78
33071,78
33072,78
33073,78
33074,78
33075,78
33076,78
33077,78
33078,78
33079,78
33080,78
33081,78
33082,78
33083,78
33084,78
33085,78
33086,78
33087,78
33088,78
33089,78
33090,78
33091,78
33092,78
33093,78
33094,78
33095,78
33096,78
33097,78
33098,78
33099,78
33100,78
33101,78
33102,78
33103,78
33104,78
33105,78
33106,78
33107,78
33108,78
33109,78
33110,78
33111,78
33112,78
33113,78
33114,78
33115,78
33116,78
33117,78
33118,78
33119,78
33120,78
33121,78
33122,78
33123,78
33124,78
33125,78
33126,78
33127,78
33128,78
33129,78
33130,78
33131,78
33132,78
33133,78
33134,78
33135,78
33136,78
33137,78
33138,78
33139,78
33140,78
33141,78
33142,78
33143,78
33144,78
33145,78
33146,78
33147,78
33148,78
33149,78
33150,78
33151,78
33152,78
33153,78
33154,78
33155,78
33156,78
33157,78
33158,78
33159,78
33160,78
33161,78
33162,78
33163,78
33164,78
33165,78
33166,78
33167,78
33168,78
33169,78
33170,78
33171,78
33172,78
33173,78
33174,78
33175,78
33176,78
33177,78
33178,78
33179,78
33180,78
33181,78
33182,78
33183,78
33184,78
33185,78
33186,78
33187,78
33188,78
33189,78
33190,78
33191,78
33192,78
33193,78
33194,78
33195,78
33196,78
33197,78
33198,78
33199,78
33200,78
33201,78
33202,78
33203,78
33204,78
33205,78
33206,78
33207,78
33208,78
33209,78
33210,78
33211,78
33212,78
33213,78
33214,78
33215,78
33216,78
33217,78
33218,78
33219,78
33220,78
33221,78
33222,78
33223,78
33224,78
33225,78
33226,78
33227,78
33228,78
33229,78
33230,78
33231,78
33232,78
33233,78
33234,78
33235,78
33236,78
33237,78
33238,78
33239,78
33240,78
33241,78
33242,78
33243,78
33244,78
33245,78
33246,78
33247,78
33248,78
33249,78
33250,78
33251,78
33252,78
33253,78
33254,78
33255,78
33256,78
33257,78
33258,78
33259,78
33260,78
33261,78
33262,78
33263,78
33264,78
33265,78
33266,78
33267,78
33268,78
33269,78
33270,78
33271,78
33272,78
33273,78
33274,78
33275,78
33276,78
33277,78
33278,78
33279,78
33280,78
33281,78
33282,78
33283,78
33284,78
33285,78
33286,78
33287,78
33288,78
33289,78
33290,78
33291,78
33292,78
33293,78
33294,78
33295,78
33296,78
33297,78
33298,78
33299,78
33300,78
33301,78
33302,78
33303,78
33304,78
33305,78
33306,78
33307,78
33308,78
33309,78
33310,78
33311,78
33312,78
33313,78
33314,78
33315,78
33316,78
33317,78
33318,78
33319,78
33320,78
33321,78
33322,78
33323,78
33324,78
33325,78
33326,78
33327,78
33328,78
33329,78
33330,78
33331,78
33332,78
33333,78
33334,78
33335,78
33336,78
33337,78
33338,78
33339,78
33340,78
33341,78
33342,78
33343,78
33344,78
33345,78
33346,78
33347,78
33348,78
33349,78
33350,78
33351,78
33352,78
33353,78
33354,78
33355,78
33356,78
33357,78
33358,78
33359,78
33360,78
33361,78
33362,78
33363,78
33364,78
33365,78
33366,78
33367,78
33368,78
33369,78
33370,78
33371,78
33372,78
33373,78
33374,78
33375,78
33376,78
33377,78
33378,78
33379,78
33380,78
33381,78
33382,78
33383,78
33384,78
33385,78
33386,78
33387,78
33388,78
33389,78
33390,78
33391,78
33392,78
33393,78
33394,78
33395,78
33396,78
33397,78
33398,78
33399,78
33400,78
33401,78
33402,78
33403,78
33404,78
33405,78
33406,78
33407,78
33408,78
33409,78
33410,78
33411,78
33412,78
33413,78
33414,78
33415,78
33416,78
33417,78
33418,78
33419,78
33420,78
33421,78
33422,78
33423,78
33424,78
33425,78
33426,78
33427,78
33428,78
33429,78
33430,78
33431,78
33432,78
33433,78
33434,78
33435,78
33436,78
33437,78
33438,78
33439,78
33440,78
33441,78
33442,78
33443,78
33444,78
33445,78
33446,78
33447,78
33448,78
33449,78
33450,78
33451,78
33452,78
33453,78
33454,78
33455,78
33456,78
33457,78
33458,78
33459,78
33460,78
33461,78
33462,78
33463,78
33464,78
33465,78
33466,78
33467,78
33468,78
33469,78
33470,78
33471,78
33472,78
33473,78
33474,78
33475,78
33476,78
33477,78
33478,78
33479,78
33480,78
33481,78
33482,78
33483,78
33484,78
33485,78
33486,78
33487,78
33488,78
33489,78
33490,78
33491,78
33492,78
33493,78
33494,78
33495,78
33496,78
33497,78
33498,78
33499,78
33500,78
33501,78
33502,78
33503,78
33504,78
33505,78
33506,78
33507,78
33508,78
33509,78
33510,78
33511,78
33512,78
33513,78
33514,78
33515,78
33516,78
33517,78
33518,78
33519,78
33520,78
33521,78
33522,78
33523,78
33524,78
33525,78
33526,78
33527,78
33528,78
33529,78
33530,78
33531,78
33532,78
33533,78
33534,78
33535,78
33536,78
33537,78
33538,78
33539,78
33540,78
33541,78
33542,78
33543,78
33544,78
33545,78
33546,78
33547,78
33548,78
33549,78
33550,78
33551,78
33552,78
33553,78
33554,78
33555,78
33556,78
33557,78
33558,78
33559,78
33560,78
33561,78
33562,78
33563,78
33564,78
33565,78
33566,78
33567,78
33568,78
33569,78
33570,78
33571,78
33572,78
33573,78
33574,78
33575,78
33576,78
33577,78
33578,78
33579,78
33580,78
33581,78
33582,78
33583,78
33584,78
33585,78
33586,78
33587,78
33588,78
33589,78
33590,78
33591,78
33592,78
33593,78
33594,78
33595,78
33596,78
33597,78
33598,78
33599,78
33600,78
33601,78
33602,78
33603,78
33604,78
33605,78
33606,78
33607,78
33608,78
33609,78
33610,78
33611,78
33612,78
33613,78
33614,78
33615,78
33616,78
33617,78
33618,78
33619,78
33620,78
33621,78
33622,78
33623,78
33624,78
33625,78
33626,78
33627,78
33628,78
33629,78
33630,78
33631,78
33632,78
33633,78
33634,78
33635,78
33636,78
33637,78
33638,78
33639,78
33640,78
33641,78
33642,78
33643,78
33644,78
33645,78
33646,78
33647,78
33648,78
33649,78
33650,78
33651,78
33652,78
33653,78
33654,78
33655,78
33656,78
33657,78
33658,78
33659,78
33660,78
33661,78
33662,78
33663,78
33664,78
33665,78
33666,78
33667,78
33668,78
33669,78
33670,78
33671,78
33672,78
33673,78
33674,78
33675,78
33676,78
33677,78
33678,78
33679,78
33680,78
33681,78
33682,78
33683,78
33684,78
33685,78
33686,78
33687,78
33688,78
33689,78
33690,78
33691,78
33692,78
33693,78
33694,78
33695,78
33696,78
33697,78
33698,78
33699,78
33700,78
33701,78
33702,78
33703,78
33704,78
33705,78
33706,78
33707,78
33708,78
33709,78
33710,78
33711,78
33712,78
33713,78
33714,78
33715,78
33716,78
33717,78
33718,78
33719,78
33720,78
33721,78
33722,78
33723,78
33724,78
33725,78
33726,78
33727,78
33728,78
33729,78
33730,78
33731,78
33732,78
33733,78
33734,78
33735,78
33736,78
33737,78
33738,78
33739,78
33740,78
33741,78
33742,78
33743,78
33744,78
33745,78
33746,78
33747,78
33748,78
33749,78
33750,78
33751,78
33752,78
33753,78
33754,78
33755,78
33756,78
33757,78
33758,78
33759,78
33760,78
33761,78
33762,78
33763,78
33764,78
33765,78
33766,78
33767,78
33768,78
33769,78
33770,78
33771,78
33772,78
33773,78
33774,78
33775,78
33776,78
33777,78
33778,78
33779,78
33780,78
33781,78
33782,78
33783,78
33784,78
33785,78
33786,78
33787,78
33788,78
33789,78
33790,78
33791,78
33792,78
33793,78
33794,78
33795,78
33796,78
33797,78
33798,78
33799,78
33800,78
33801,78
33802,78
33803,78
33804,78
33805,78
33806,78
33807,78
33808,78
33809,78
33810,78
33811,78
33812,78
33813,78
33814,78
33815,78
33816,78
33817,78
33818,78
33819,78
33820,78
33821,78
33822,78
33823,78
33824,78
33825,78
33826,78
33827,78
33828,78
33829,78
33830,78
33831,78
33832,78
33833,78
33834,78
33835,78
33836,78
33837,78
33838,78
33839,78
33840,78
33841,78
33842,78
33843,78
33844,78
33845,78
33846,78
33847,78
33848,78
33849,78
33850,78
33851,78
33852,78
33853,78
33854,78
33855,78
33856,78
33857,78
33858,78
33859,78
33860,78
33861,78
33862,78
33863,78
33864,78
33865,78
33866,78
33867,78
33868,78
33869,78
33870,78
33871,78
33872,78
33873,78
33874,78
33875,78
33876,78
33877,78
33878,78
33879,78
33880,78
33881,78
33882,78
33883,78
33884,78
33885,78
33886,78
33887,78
33888,78
33889,78
33890,78
33891,78
33892,78
33893,78
33894,78
33895,78
33896,78
33897,78
33898,78
33899,78
33900,78
33901,78
33902,78
33903,78
33904,78
33905,78
33906,78
33907,78
33908,78
33909,78
33910,78
33911,78
33912,78
33913,78
33914,78
33915,78
33916,78
33917,78
33918,78
33919,78
33920,78
33921,78
33922,78
33923,78
33924,78
33925,78
33926,78
33927,78
33928,78
33929,78
33930,78
33931,78
33932,78
33933,78
33934,78
33935,78
33936,78
33937,78
33938,78
33939,78
33940,78
33941,78
33942,78
33943,78
33944,78
33945,78
33946,78
33947,78
33948,78
33949,78
33950,78
33951,78
33952,78
33953,78
33954,78
33955,78
33956,78
33957,78
33958,78
33959,78
33960,78
33961,78
33962,78
33963,78
33964,78
33965,78
33966,78
33967,78
33968,78
33969,78
33970,78
33971,78
33972,78
33973,78
33974,78
33975,78
33976,78
33977,78
33978,78
33979,78
33980,78
33981,78
33982,78
33983,78
33984,78
33985,78
33986,78
33987,78
33988,78
33989,78
33990,78
33991,78
33992,78
33993,78
33994,78
33995,78
33996,78
33997,78
33998,78
33999,78
34000,78
34001,78
34002,78
34003,78
34004,78
34005,78
34006,78
34007,78
34008,78
34009,78
34010,78
34011,78
34012,78
34013,78
34014,78
34015,78
34016,78
34017,78
34018,78
34019,78
34020,78
34021,78
34022,78
34023,78
34024,78
34025,78
34026,78
34027,78
34028,78
34029,78
34030,78
34031,78
34032,78
34033,78
34034,78
34035,78
34036,78
34037,78
34038,78
34039,78
34040,78
34041,78
34042,78
34043,78
34044,78
34045,78
34046,78
34047,78
34048,78
34049,78
34050,78
34051,78
34052,78
34053,78
34054,78
34055,78
34056,78
34057,78
34058,78
34059,78
34060,78
34061,78
34062,78
34063,78
34064,78
34065,78
34066,78
34067,78
34068,78
34069,78
34070,78
34071,78
34072,78
34073,78
34074,78
34075,78
34076,78
34077,78
34078,78
34079,78
34080,78
34081,78
34082,78
34083,78
34084,78
34085,78
34086,78
34087,78
34088,78
34089,78
34090,78
34091,78
34092,78
34093,78
34094,78
34095,78
34096,78
34097,78
34098,78
34099,78
34100,78
34101,78
34102,78
34103,78
34104,78
34105,78
34106,78
34107,78
34108,78
34109,78
34110,78
34111,78
34112,78
34113,78
34114,78
34115,78
34116,78
34117,78
34118,78
34119,78
34120,78
34121,78
34122,78
34123,78
34124,78
34125,78
34126,78
34127,78
34128,78
34129,78
34130,78
34131,78
34132,78
34133,78
34134,78
34135,78
34136,78
34137,78
34138,78
34139,78
34140,78
34141,78
34142,78
34143,78
34144,78
34145,78
34146,78
34147,78
34148,78
34149,78
34150,78
34151,78
34152,78
34153,78
34154,78
34155,78
34156,78
34157,78
34158,78
34159,78
34160,78
34161,78
34162,78
34163,78
34164,78
34165,78
34166,78
34167,78
34168,78
34169,78
34170,78
34171,78
34172,78
34173,78
34174,78
34175,78
34176,78
34177,78
34178,78
34179,78
34180,78
34181,78
34182,78
34183,78
34184,78
34185,78
34186,78
34187,78
34188,78
34189,78
34190,78
34191,78
34192,78
34193,78
34194,78
34195,78
34196,78
34197,78
34198,78
34199,78
34200,78
34201,78
34202,78
34203,78
34204,78
34205,78
34206,78
34207,78
34208,78
34209,78
34210,78
34211,78
34212,78
34213,78
34214,78
34215,78
34216,78
34217,78
34218,78
34219,78
34220,78
34221,78
34222,78
34223,78
34224,78
34225,78
34226,78
34227,78
34228,78
34229,78
34230,78
34231,78
34232,78
34233,78
34234,78
34235,78
34236,78
34237,78
34238,78
34239,78
34240,78
34241,78
34242,78
34243,78
34244,78
34245,78
34246,78
34247,78
34248,78
34249,78
34250,78
34251,78
34252,78
34253,78
34254,78
34255,78
34256,78
34257,78
34258,78
34259,78
34260,78
34261,78
34262,78
34263,78
34264,78
34265,78
34266,78
34267,78
34268,78
34269,78
34270,78
34271,78
34272,78
34273,78
34274,78
34275,78
34276,78
34277,78
34278,78
34279,78
34280,78
34281,78
34282,78
34283,78
34284,78
34285,78
34286,78
34287,78
34288,78
34289,78
34290,78
34291,78
34292,78
34293,78
34294,78
34295,78
34296,78
34297,78
34298,78
34299,78
34300,78
34301,78
34302,78
34303,78
34304,78
34305,78
34306,78
34307,78
34308,78
34309,78
34310,78
34311,78
34312,78
34313,78
34314,78
34315,78
34316,78
34317,78
34318,78
34319,78
34320,78
34321,78
34322,78
34323,78
34324,78
34325,78
34326,78
34327,78
34328,78
34329,78
34330,78
34331,78
34332,78
34333,78
34334,78
34335,78
34336,78
34337,78
34338,78
34339,78
34340,78
34341,78
34342,78
34343,78
34344,78
34345,78
34346,78
34347,78
34348,78
34349,78
34350,78
34351,78
34352,78
34353,78
34354,78
34355,78
34356,78
34357,78
34358,78
34359,78
34360,78
34361,78
34362,78
34363,78
34364,78
34365,78
34366,78
34367,78
34368,78
34369,78
34370,78
34371,78
34372,78
34373,78
34374,78
34375,78
34376,78
34377,78
34378,78
34379,78
34380,78
34381,78
34382,78
34383,78
34384,78
34385,78
34386,78
34387,78
34388,78
34389,78
34390,78
34391,78
34392,78
34393,78
34394,78
34395,78
34396,78
34397,78
34398,78
34399,78
34400,78
34401,78
34402,78
34403,78
34404,78
34405,78
34406,78
34407,78
34408,78
34409,78
34410,78
34411,78
34412,78
34413,78
34414,78
34415,78
34416,78
34417,78
34418,78
34419,78
34420,78
34421,78
34422,78
34423,78
34424,78
34425,78
34426,78
34427,78
34428,78
34429,78
34430,78
34431,78
34432,78
34433,78
34434,78
34435,78
34436,78
34437,78
34438,78
34439,78
34440,78
34441,78
34442,78
34443,78
34444,78
34445,78
34446,78
34447,78
34448,78
34449,78
34450,78
34451,78
34452,78
34453,78
34454,78
34455,78
34456,78
34457,78
34458,78
34459,78
34460,78
34461,78
34462,78
34463,78
34464,78
34465,78
34466,78
34467,78
34468,78
34469,78
34470,78
34471,78
34472,78
34473,78
34474,78
34475,78
34476,78
34477,78
34478,78
34479,78
34480,78
34481,78
34482,78
34483,78
34484,78
34485,78
34486,78
34487,78
34488,78
34489,78
34490,78
34491,78
34492,78
34493,78
34494,78
34495,78
34496,78
34497,78
34498,78
34499,78
34500,78
34501,78
34502,78
34503,78
34504,78
34505,78
34506,78
34507,78
34508,78
34509,78
34510,78
34511,78
34512,78
34513,78
34514,78
34515,78
34516,78
34517,78
34518,78
34519,78
34520,78
34521,78
34522,78
34523,78
34524,78
34525,78
34526,78
34527,78
34528,78
34529,78
34530,78
34531,78
34532,78
34533,78
34534,78
34535,78
34536,78
34537,78
34538,78
34539,78
34540,78
34541,78
34542,78
34543,78
34544,78
34545,78
34546,78
34547,78
34548,78
34549,78
34550,78
34551,78
34552,78
34553,78
34554,78
34555,78
34556,78
34557,78
34558,78
34559,78
34560,78
34561,78
34562,78
34563,78
34564,78
34565,78
34566,78
34567,78
34568,78
34569,78
34570,78
34571,78
34572,78
34573,78
34574,78
34575,78
34576,78
34577,78
34578,78
34579,78
34580,78
34581,78
34582,78
34583,78
34584,78
34585,78
34586,78
34587,78
34588,78
34589,78
34590,78
34591,78
34592,78
34593,78
34594,78
34595,78
34596,78
34597,78
34598,78
34599,78
34600,78
34601,78
34602,78
34603,78
34604,78
34605,78
34606,78
34607,78
34608,78
34609,78
34610,78
34611,78
34612,78
34613,78
34614,78
34615,78
34616,78
34617,78
34618,78
34619,78
34620,78
34621,78
34622,78
34623,78
34624,78
34625,78
34626,78
34627,78
34628,78
34629,78
34630,78
34631,78
34632,78
34633,78
34634,78
34635,78
34636,78
34637,78
34638,78
34639,78
34640,78
34641,78
34642,78
34643,78
34644,78
34645,78
34646,78
34647,78
34648,78
34649,78
34650,78
34651,78
34652,78
34653,78
34654,78
34655,78
34656,78
34657,78
34658,78
34659,78
34660,78
34661,78
34662,78
34663,78
34664,78
34665,78
34666,78
34667,78
34668,78
34669,78
34670,78
34671,78
34672,78
34673,78
34674,78
34675,78
34676,78
34677,78
34678,78
34679,78
34680,78
34681,78
34682,78
34683,78
34684,78
34685,78
34686,78
34687,78
34688,78
34689,78
34690,78
34691,78
34692,78
34693,78
34694,78
34695,78
34696,78
34697,78
34698,78
34699,78
34700,78
34701,78
34702,78
34703,78
34704,78
34705,78
34706,78
34707,78
34708,78
34709,78
34710,78
34711,78
34712,78
34713,78
34714,78
34715,78
34716,78
34717,78
34718,78
34719,78
34720,78
34721,78
34722,78
34723,78
34724,78
34725,78
34726,78
34727,78
34728,78
34729,78
34730,78
34731,78
34732,78
34733,78
34734,78
34735,78
34736,78
34737,78
34738,78
34739,78
34740,78
34741,78
34742,78
34743,78
34744,78
34745,78
34746,78
34747,78
34748,78
34749,78
34750,78
34751,78
34752,78
34753,78
34754,78
34755,78
34756,78
34757,78
34758,78
34759,78
34760,78
34761,78
34762,78
34763,78
34764,78
34765,78
34766,78
34767,78
34768,78
34769,78
34770,78
34771,78
34772,78
34773,78
34774,78
34775,78
34776,78
34777,78
34778,78
34779,78
34780,78
34781,78
34782,78
34783,78
34784,78
34785,78
34786,78
34787,78
34788,78
34789,78
34790,78
34791,78
34792,78
34793,78
34794,78
34795,78
34796,78
34797,78
34798,78
34799,78
34800,78
34801,78
34802,78
34803,78
34804,78
34805,78
34806,78
34807,78
34808,78
34809,78
34810,78
34811,78
34812,78
34813,78
34814,78
34815,78
34816,78
34817,78
34818,78
34819,78
34820,78
34821,78
34822,78
34823,78
34824,78
34825,78
34826,78
34827,78
34828,78
34829,78
34830,78
34831,78
34832,78
34833,78
34834,78
34835,78
34836,78
34837,78
34838,78
34839,78
34840,78
34841,78
34842,78
34843,78
34844,78
34845,78
34846,78
34847,78
34848,78
34849,78
34850,78
34851,78
34852,78
34853,78
34854,78
34855,78
34856,78
34857,78
34858,78
34859,78
34860,78
34861,78
34862,78
34863,78
34864,78
34865,78
34866,78
34867,78
34868,78
34869,78
34870,78
34871,78
34872,78
34873,78
34874,78
34875,78
34876,78
34877,78
34878,78
34879,78
34880,78
34881,78
34882,78
34883,78
34884,78
34885,78
34886,78
34887,78
34888,78
34889,78
34890,78
34891,78
34892,78
34893,78
34894,78
34895,78
34896,78
34897,78
34898,78
34899,78
34900,78
34901,78
34902,78
34903,78
34904,78
34905,78
34906,78
34907,78
34908,78
34909,78
34910,78
34911,78
34912,78
34913,78
34914,78
34915,78
34916,78
34917,78
34918,78
34919,78
34920,78
34921,78
34922,78
34923,78
34924,78
34925,78
34926,78
34927,78
34928,78
34929,78
34930,78
34931,78
34932,78
34933,78
34934,78
34935,78
34936,78
34937,78
34938,78
34939,78
34940,78
34941,78
34942,78
34943,78
34944,78
34945,78
34946,78
34947,78
34948,78
34949,78
34950,78
34951,78
34952,78
34953,78
34954,78
34955,78
34956,78
34957,78
34958,78
34959,78
34960,78
34961,78
34962,78
34963,78
34964,78
34965,78
34966,78
34967,78
34968,78
34969,78
34970,78
34971,78
34972,78
34973,78
34974,78
34975,78
34976,78
34977,78
34978,78
34979,78
34980,78
34981,78
34982,78
34983,78
34984,78
34985,78
34986,78
34987,78
34988,78
34989,78
34990,78
34991,78
34992,78
34993,78
34994,78
34995,78
34996,78
34997,78
34998,78
34999,78
35000,78
35001,78
35002,78
35003,78
35004,78
35005,78
35006,78
35007,78
35008,78
35009,78
35010,78
35011,78
35012,78
35013,78
35014,78
35015,78
35016,78
35017,78
35018,78
35019,78
35020,78
35021,78
35022,78
35023,78
35024,78
35025,78
35026,78
35027,78
35028,78
35029,78
35030,78
35031,78
35032,78
35033,78
35034,78
35035,78
35036,78
35037,78
35038,78
35039,78
35040,78
35041,78
35042,78
35043,78
35044,78
35045,78
35046,78
35047,78
35048,78
35049,78
35050,78
35051,78
35052,78
35053,78
35054,78
35055,78
35056,78
35057,78
35058,78
35059,78
35060,78
35061,78
35062,78
35063,78
35064,78
35065,78
35066,78
35067,78
35068,78
35069,78
35070,78
35071,78
35072,78
35073,78
35074,78
35075,78
35076,78
35077,78
35078,78
35079,78
35080,78
35081,78
35082,78
35083,78
35084,78
35085,78
35086,78
35087,78
35088,78
35089,78
35090,78
35091,78
35092,78
35093,78
35094,78
35095,78
35096,78
35097,78
35098,78
35099,78
35100,78
35101,78
35102,78
35103,78
35104,78
35105,78
35106,78
35107,78
35108,78
35109,78
35110,78
35111,78
35112,78
35113,78
35114,78
35115,78
35116,78
35117,78
35118,78
35119,78
35120,78
35121,78
35122,78
35123,78
35124,78
35125,78
35126,78
35127,78
35128,78
35129,78
35130,78
35131,78
35132,78
35133,78
35134,78
35135,78
35136,78
35137,78
35138,78
35139,78
35140,78
35141,78
35142,78
35143,78
35144,78
35145,78
35146,78
35147,78
35148,78
35149,78
35150,78
35151,78
35152,78
35153,78
35154,78
35155,78
35156,78
35157,78
35158,78
35159,78
35160,78
35161,78
35162,78
35163,78
35164,78
35165,78
35166,78
35167,78
35168,78
35169,78
35170,78
35171,78
35172,78
35173,78
35174,78
35175,78
35176,78
35177,78
35178,78
35179,78
35180,78
35181,78
35182,78
35183,78
35184,78
35185,78
35186,78
35187,78
35188,78
35189,78
35190,78
35191,78
35192,78
35193,78
35194,78
35195,78
35196,78
35197,78
35198,78
35199,78
35200,78
35201,78
35202,78
35203,78
35204,78
35205,78
35206,78
35207,78
35208,78
35209,78
35210,78
35211,78
35212,78
35213,78
35214,78
35215,78
35216,78
35217,78
35218,78
35219,78
35220,78
35221,78
35222,78
35223,78
35224,78
35225,78
35226,78
35227,78
35228,78
35229,78
35230,78
35231,78
35232,78
35233,78
35234,78
35235,78
35236,78
35237,78
35238,78
35239,78
35240,78
35241,78
35242,78
35243,78
35244,78
35245,78
35246,78
35247,78
35248,78
35249,78
35250,78
35251,78
35252,78
35253,78
35254,78
35255,78
35256,78
35257,78
35258,78
35259,78
35260,78
35261,78
35262,78
35263,78
35264,78
35265,78
35266,78
35267,78
35268,78
35269,78
35270,78
35271,78
35272,78
35273,78
35274,78
35275,78
35276,78
35277,78
35278,78
35279,78
35280,78
35281,78
35282,78
35283,78
35284,78
35285,78
35286,78
35287,78
35288,78
35289,78
35290,78
35291,78
35292,78
35293,78
35294,78
35295,78
35296,78
35297,78
35298,78
35299,78
35300,78
35301,78
35302,78
35303,78
35304,78
35305,78
35306,78
35307,78
35308,78
35309,78
35310,78
35311,78
35312,78
35313,78
35314,78
35315,78
35316,78
35317,78
35318,78
35319,78
35320,78
35321,78
35322,78
35323,78
35324,78
35325,78
35326,78
35327,78
35328,78
35329,78
35330,78
35331,78
35332,78
35333,78
35334,78
35335,78
35336,78
35337,78
35338,78
35339,78
35340,78
35341,78
35342,78
35343,78
35344,78
35345,78
35346,78
35347,78
35348,78
35349,78
35350,78
35351,78
35352,78
35353,78
35354,78
35355,78
35356,78
35357,78
35358,78
35359,78
35360,78
35361,78
35362,78
35363,78
35364,78
35365,78
35366,78
35367,78
35368,78
35369,78
35370,78
35371,78
35372,78
35373,78
35374,78
35375,78
35376,78
35377,78
35378,78
35379,78
35380,78
35381,78
35382,78
35383,78
35384,78
35385,78
35386,78
35387,78
35388,78
35389,78
35390,78
35391,78
35392,78
35393,78
35394,78
35395,78
35396,78
35397,78
35398,78
35399,78
35400,78
35401,78
35402,78
35403,78
35404,78
35405,78
35406,78
35407,78
35408,78
35409,78
35410,78
35411,78
35412,78
35413,78
35414,78
35415,78
35416,78
35417,78
35418,78
35419,78
35420,78
35421,78
35422,78
35423,78
35424,78
35425,78
35426,78
35427,78
35428,78
35429,78
35430,78
35431,78
35432,78
35433,78
35434,78
35435,78
35436,78
35437,78
35438,78
35439,78
35440,78
35441,78
35442,78
35443,78
35444,78
35445,78
35446,78
35447,78
35448,78
35449,78
35450,78
35451,78
35452,78
35453,78
35454,78
35455,78
35456,78
35457,78
35458,78
35459,78
35460,78
35461,78
35462,78
35463,78
35464,78
35465,78
35466,78
35467,78
35468,78
35469,78
35470,78
35471,78
35472,78
35473,78
35474,78
35475,78
35476,78
35477,78
35478,78
35479,78
35480,78
35481,78
35482,78
35483,78
35484,78
35485,78
35486,78
35487,78
35488,78
35489,78
35490,78
35491,78
35492,78
35493,78
35494,78
35495,78
35496,78
35497,78
35498,78
35499,78
35500,78
35501,78
35502,78
35503,78
35504,78
35505,78
35506,78
35507,78
35508,78
35509,78
35510,78
35511,78
35512,78
35513,78
35514,78
35515,78
35516,78
35517,78
35518,78
35519,78
35520,78
35521,78
35522,78
35523,78
35524,78
35525,78
35526,78
35527,78
35528,78
35529,78
35530,78
35531,78
35532,78
35533,78
35534,78
35535,78
35536,78
35537,78
35538,78
35539,78
35540,78
35541,78
35542,78
35543,78
35544,78
35545,78
35546,78
35547,78
35548,78
35549,78
35550,78
35551,78
35552,78
35553,78
35554,78
35555,78
35556,78
35557,78
35558,78
35559,78
35560,78
35561,78
35562,78
35563,78
35564,78
35565,78
35566,78
35567,78
35568,78
35569,78
35570,78
35571,78
35572,78
35573,78
35574,78
35575,78
35576,78
35577,78
35578,78
35579,78
35580,78
35581,78
35582,78
35583,78
35584,78
35585,78
35586,78
35587,78
35588,78
35589,78
35590,78
35591,78
35592,78
35593,78
35594,78
35595,78
35596,78
35597,78
35598,78
35599,78
35600,78
35601,78
35602,78
35603,78
35604,78
35605,78
35606,78
35607,78
35608,78
35609,78
35610,78
35611,78
35612,78
35613,78
35614,78
35615,78
35616,78
35617,78
35618,78
35619,78
35620,78
35621,78
35622,78
35623,78
35624,78
35625,78
35626,78
35627,78
35628,78
35629,78
35630,78
35631,78
35632,78
35633,78
35634,78
35635,78
35636,78
35637,78
35638,78
35639,78
35640,78
35641,78
35642,78
35643,78
35644,78
35645,78
35646,78
35647,78
35648,78
35649,78
35650,78
35651,78
35652,78
35653,78
35654,78
35655,78
35656,78
35657,78
35658,78
35659,78
35660,78
35661,78
35662,78
35663,78
35664,78
35665,78
35666,78
35667,78
35668,78
35669,78
35670,78
35671,78
35672,78
35673,78
35674,78
35675,78
35676,78
35677,78
35678,78
35679,78
35680,78
35681,78
35682,78
35683,78
35684,78
35685,78
35686,78
35687,78
35688,78
35689,78
35690,78
35691,78
35692,78
35693,78
35694,78
35695,78
35696,78
35697,78
35698,78
35699,78
35700,78
35701,78
35702,78
35703,78
35704,78
35705,78
35706,78
35707,78
35708,78
35709,78
35710,78
35711,78
35712,78
35713,78
35714,78
35715,78
35716,78
35717,78
35718,78
35719,78
35720,78
35721,78
35722,78
35723,78
35724,78
35725,78
35726,78
35727,78
35728,78
35729,78
35730,78
35731,78
35732,78
35733,78
35734,78
35735,78
35736,78
35737,78
35738,78
35739,78
35740,78
35741,78
35742,78
35743,78
35744,78
35745,78
35746,78
35747,78
35748,78
35749,78
35750,78
35751,78
35752,78
35753,78
35754,78
35755,78
35756,78
35757,78
35758,78
35759,78
35760,78
35761,78
35762,78
35763,78
35764,78
35765,78
35766,78
35767,78
35768,78
35769,78
35770,78
35771,78
35772,78
35773,78
35774,78
35775,78
35776,78
35777,78
35778,78
35779,78
35780,78
35781,78
35782,78
35783,78
35784,78
35785,78
35786,78
35787,78
35788,78
35789,78
35790,78
35791,78
35792,78
35793,78
35794,78
35795,78
35796,78
35797,78
35798,78
35799,78
35800,78
35801,78
35802,78
35803,78
35804,78
35805,78
35806,78
35807,78
35808,78
35809,78
35810,78
35811,78
35812,78
35813,78
35814,78
35815,78
35816,78
35817,78
35818,78
35819,78
35820,78
35821,78
35822,78
35823,78
35824,78
35825,78
35826,78
35827,78
35828,78
35829,78
35830,78
35831,78
35832,78
35833,78
35834,78
35835,78
35836,78
35837,78
35838,78
35839,78
35840,78
35841,78
35842,78
35843,78
35844,78
35845,78
35846,78
35847,78
35848,78
35849,78
35850,78
35851,78
35852,78
35853,78
35854,78
35855,78
35856,78
35857,78
35858,78
35859,78
35860,78
35861,78
35862,78
35863,78
35864,78
35865,78
35866,78
35867,78
35868,78
35869,78
35870,78
35871,78
35872,78
35873,78
35874,78
35875,78
35876,78
35877,78
35878,78
35879,78
35880,78
35881,78
35882,78
35883,78
35884,78
35885,78
35886,78
35887,78
35888,78
35889,78
35890,78
35891,78
35892,78
35893,78
35894,78
35895,78
35896,78
35897,78
35898,78
35899,78
35900,78
35901,78
35902,78
35903,78
35904,78
35905,78
35906,78
35907,78
35908,78
35909,78
35910,78
35911,78
35912,78
35913,78
35914,78
35915,78
35916,78
35917,78
35918,78
35919,78
35920,78
35921,78
35922,78
35923,78
35924,78
35925,78
35926,78
35927,78
35928,78
35929,78
35930,78
35931,78
35932,78
35933,78
35934,78
35935,78
35936,78
35937,78
35938,78
35939,78
35940,78
35941,78
35942,78
35943,78
35944,78
35945,78
35946,78
35947,78
35948,78
35949,78
35950,78
35951,78
35952,78
35953,78
35954,78
35955,78
35956,78
35957,78
35958,78
35959,78
35960,78
35961,78
35962,78
35963,78
35964,78
35965,78
35966,78
35967,78
35968,78
35969,78
35970,78
35971,78
35972,78
35973,78
35974,78
35975,78
35976,78
35977,78
35978,78
35979,78
35980,78
35981,78
35982,78
35983,78
35984,78
35985,78
35986,78
35987,78
35988,78
35989,78
35990,78
35991,78
35992,78
35993,78
35994,78
35995,78
35996,78
35997,78
35998,78
35999,78
36000,78
36001,78
36002,78
36003,78
36004,78
36005,78
36006,78
36007,78
36008,78
36009,78
36010,78
36011,78
36012,78
36013,78
36014,78
36015,78
36016,78
36017,78
36018,78
36019,78
36020,78
36021,78
36022,78
36023,78
36024,78
36025,78
36026,78
36027,78
36028,78
36029,78
36030,78
36031,78
36032,78
36033,78
36034,78
36035,78
36036,78
36037,78
36038,78
36039,78
36040,78
36041,78
36042,78
36043,78
36044,78
36045,78
36046,78
36047,78
36048,78
36049,78
36050,78
36051,78
36052,78
36053,78
36054,78
36055,78
36056,78
36057,78
36058,78
36059,78
36060,78
36061,78
36062,78
36063,78
36064,78
36065,78
36066,78
36067,78
36068,78
36069,78
36070,78
36071,78
36072,78
36073,78
36074,78
36075,78
36076,78
36077,78
36078,78
36079,78
36080,78
36081,78
36082,78
36083,78
36084,78
36085,78
36086,78
36087,78
36088,78
36089,78
36090,78
36091,78
36092,78
36093,78
36094,78
36095,78
36096,78
36097,78
36098,78
36099,78
36100,78
36101,78
36102,78
36103,78
36104,78
36105,78
36106,78
36107,78
36108,78
36109,78
36110,78
36111,78
36112,78
36113,78
36114,78
36115,78
36116,78
36117,78
36118,78
36119,78
36120,78
36121,78
36122,78
36123,78
36124,78
36125,78
36126,78
36127,78
36128,78
36129,78
36130,78
36131,78
36132,78
36133,78
36134,78
36135,78
36136,78
36137,78
36138,78
36139,78
36140,78
36141,78
36142,78
36143,78
36144,78
36145,78
36146,78
36147,78
36148,78
36149,78
36150,78
36151,78
36152,78
36153,78
36154,78
36155,78
36156,78
36157,78
36158,78
36159,78
36160,78
36161,78
36162,78
36163,78
36164,78
36165,78
36166,78
36167,78
36168,78
36169,78
36170,78
36171,78
36172,78
36173,78
36174,78
36175,78
36176,78
36177,78
36178,78
36179,78
36180,78
36181,78
36182,78
36183,78
36184,78
36185,78
36186,78
36187,78
36188,78
36189,78
36190,78
36191,78
36192,78
36193,78
36194,78
36195,78
36196,78
36197,78
36198,78
36199,78
36200,78
36201,78
36202,78
36203,78
36204,78
36205,78
36206,78
36207,78
36208,78
36209,78
36210,78
36211,78
36212,78
36213,78
36214,78
36215,78
36216,78
36217,78
36218,78
36219,78
36220,78
36221,78
36222,78
36223,78
36224,78
36225,78
36226,78
36227,78
36228,78
36229,78
36230,78
36231,78
36232,78
36233,78
36234,78
36235,78
36236,78
36237,78
36238,78
36239,78
36240,78
36241,78
36242,78
36243,78
36244,78
36245,78
36246,78
36247,78
36248,78
36249,78
36250,78
36251,78
36252,78
36253,78
36254,78
36255,78
36256,78
36257,78
36258,78
36259,78
36260,78
36261,78
36262,78
36263,78
36264,78
36265,78
36266,78
36267,78
36268,78
36269,78
36270,78
36271,78
36272,78
36273,78
36274,78
36275,78
36276,78
36277,78
36278,78
36279,78
36280,78
36281,78
36282,78
36283,78
36284,78
36285,78
36286,78
36287,78
36288,78
36289,78
36290,78
36291,78
36292,78
36293,78
36294,78
36295,78
36296,78
36297,78
36298,78
36299,78
36300,78
36301,78
36302,78
36303,78
36304,78
36305,78
36306,78
36307,78
36308,78
36309,78
36310,78
36311,78
36312,78
36313,78
36314,78
36315,78
36316,78
36317,78
36318,78
36319,78
36320,78
36321,78
36322,78
36323,78
36324,78
36325,78
36326,78
36327,78
36328,78
36329,78
36330,78
36331,78
36332,78
36333,78
36334,78
36335,78
36336,78
36337,78
36338,78
36339,78
36340,78
36341,78
36342,78
36343,78
36344,78
36345,78
36346,78
36347,78
36348,78
36349,78
36350,78
36351,78
36352,78
36353,78
36354,78
36355,78
36356,78
36357,78
36358,78
36359,78
36360,78
36361,78
36362,78
36363,78
36364,78
36365,78
36366,78
36367,78
36368,78
36369,78
36370,78
36371,78
36372,78
36373,78
36374,78
36375,78
36376,78
36377,78
36378,78
36379,78
36380,78
36381,78
36382,78
36383,78
36384,78
36385,78
36386,78
36387,78
36388,78
36389,78
36390,78
36391,78
36392,78
36393,78
36394,78
36395,78
36396,78
36397,78
36398,78
36399,78
36400,78
36401,78
36402,78
36403,78
36404,78
36405,78
36406,78
36407,78
36408,78
36409,78
36410,78
36411,78
36412,78
36413,78
36414,78
36415,78
36416,78
36417,78
36418,78
36419,78
36420,78
36421,78
36422,78
36423,78
36424,78
36425,78
36426,78
36427,78
36428,78
36429,78
36430,78
36431,78
36432,78
36433,78
36434,78
36435,78
36436,78
36437,78
36438,78
36439,78
36440,78
36441,78
36442,78
36443,78
36444,78
36445,78
36446,78
36447,78
36448,78
36449,78
36450,78
36451,78
36452,78
36453,78
36454,78
36455,78
36456,78
36457,78
36458,78
36459,78
36460,78
36461,78
36462,78
36463,78
36464,78
36465,78
36466,78
36467,78
36468,78
36469,78
36470,78
36471,78
36472,78
36473,78
36474,78
36475,78
36476,78
36477,78
36478,78
36479,78
36480,78
36481,78
36482,78
36483,78
36484,78
36485,78
36486,78
36487,78
36488,78
36489,78
36490,78
36491,78
36492,78
36493,78
36494,78
36495,78
36496,78
36497,78
36498,78
36499,78
36500,78
36501,78
36502,78
36503,78
36504,78
36505,78
36506,78
36507,78
36508,78
36509,78
36510,78
36511,78
36512,78
36513,78
36514,78
36515,78
36516,78
36517,78
36518,78
36519,78
36520,78
36521,78
36522,78
36523,78
36524,78
36525,78
36526,78
36527,78
36528,78
36529,78
36530,78
36531,78
36532,78
36533,78
36534,78
36535,78
36536,78
36537,78
36538,78
36539,78
36540,78
36541,78
36542,78
36543,78
36544,78
36545,78
36546,78
36547,78
36548,78
36549,78
36550,78
36551,78
36552,78
36553,78
36554,78
36555,78
36556,78
36557,78
36558,78
36559,78
36560,78
36561,78
36562,78
36563,78
36564,78
36565,78
36566,78
36567,78
36568,78
36569,78
36570,78
36571,78
36572,78
36573,78
36574,78
36575,78
36576,78
36577,78
36578,78
36579,78
36580,78
36581,78
36582,78
36583,78
36584,78
36585,78
36586,78
36587,78
36588,78
36589,78
36590,78
36591,78
36592,78
36593,78
36594,78
36595,78
36596,78
36597,78
36598,78
36599,78
36600,78
36601,78
36602,78
36603,78
36604,78
36605,78
36606,78
36607,78
36608,78
36609,78
36610,78
36611,78
36612,78
36613,78
36614,78
36615,78
36616,78
36617,78
36618,78
36619,78
36620,78
36621,78
36622,78
36623,78
36624,78
36625,78
36626,78
36627,78
36628,78
36629,78
36630,78
36631,78
36632,78
36633,78
36634,78
36635,78
36636,78
36637,78
36638,78
36639,78
36640,78
36641,78
36642,78
36643,78
36644,78
36645,78
36646,78
36647,78
36648,78
36649,78
36650,78
36651,78
36652,78
36653,78
36654,78
36655,78
36656,78
36657,78
36658,78
36659,78
36660,78
36661,78
36662,78
36663,78
36664,78
36665,78
36666,78
36667,78
36668,78
36669,78
36670,78
36671,78
36672,78
36673,78
36674,78
36675,78
36676,78
36677,78
36678,78
36679,78
36680,78
36681,78
36682,78
36683,78
36684,78
36685,78
36686,78
36687,78
36688,78
36689,78
36690,78
36691,78
36692,78
36693,78
36694,78
36695,78
36696,78
36697,78
36698,78
36699,78
36700,78
36701,78
36702,78
36703,78
36704,78
36705,78
36706,78
36707,78
36708,78
36709,78
36710,78
36711,78
36712,78
36713,78
36714,78
36715,78
36716,78
36717,78
36718,78
36719,78
36720,78
36721,78
36722,78
36723,78
36724,78
36725,78
36726,78
36727,78
36728,78
36729,78
36730,78
36731,78
36732,78
36733,78
36734,78
36735,78
36736,78
36737,78
36738,78
36739,78
36740,78
36741,78
36742,78
36743,78
36744,78
36745,78
36746,78
36747,78
36748,78
36749,78
36750,78
36751,78
36752,78
36753,78
36754,78
36755,78
36756,78
36757,78
36758,78
36759,78
36760,78
36761,78
36762,78
36763,78
36764,78
36765,78
36766,78
36767,78
36768,78
36769,78
36770,78
36771,78
36772,78
36773,78
36774,78
36775,78
36776,78
36777,78
36778,78
36779,78
36780,78
36781,78
36782,78
36783,78
36784,78
36785,78
36786,78
36787,78
36788,78
36789,78
36790,78
36791,78
36792,78
36793,78
36794,78
36795,78
36796,78
36797,78
36798,78
36799,78
36800,78
36801,78
36802,78
36803,78
36804,78
36805,78
36806,78
36807,78
36808,78
36809,78
36810,78
36811,78
36812,78
36813,78
36814,78
36815,78
36816,78
36817,78
36818,78
36819,78
36820,78
36821,78
36822,78
36823,78
36824,78
36825,78
36826,78
36827,78
36828,78
36829,78
36830,78
36831,78
36832,78
36833,78
36834,78
36835,78
36836,78
36837,78
36838,78
36839,78
36840,78
36841,78
36842,78
36843,78
36844,78
36845,78
36846,78
36847,78
36848,78
36849,78
36850,78
36851,78
36852,78
36853,78
36854,78
36855,78
36856,78
36857,78
36858,78
36859,78
36860,78
36861,78
36862,78
36863,78
36864,78
36865,78
36866,78
36867,78
36868,78
36869,78
36870,78
36871,78
36872,78
36873,78
36874,78
36875,78
36876,78
36877,78
36878,78
36879,78
36880,78
36881,78
36882,78
36883,78
36884,78
36885,78
36886,78
36887,78
36888,78
36889,78
36890,78
36891,78
36892,78
36893,78
36894,78
36895,78
36896,78
36897,78
36898,78
36899,78
36900,78
36901,78
36902,78
36903,78
36904,78
36905,78
36906,78
36907,78
36908,78
36909,78
36910,78
36911,78
36912,78
36913,78
36914,78
36915,78
36916,78
36917,78
36918,78
36919,78
36920,78
36921,78
36922,78
36923,78
36924,78
36925,78
36926,78
36927,78
36928,78
36929,78
36930,78
36931,78
36932,78
36933,78
36934,78
36935,78
36936,78
36937,78
36938,78
36939,78
36940,78
36941,78
36942,78
36943,78
36944,78
36945,78
36946,78
36947,78
36948,78
36949,78
36950,78
36951,78
36952,78
36953,78
36954,78
36955,78
36956,78
36957,78
36958,78
36959,78
36960,78
36961,78
36962,78
36963,78
36964,78
36965,78
36966,78
36967,78
36968,78
36969,78
36970,78
36971,78
36972,78
36973,78
36974,78
36975,78
36976,78
36977,78
36978,78
36979,78
36980,78
36981,78
36982,78
36983,78
36984,78
36985,78
36986,78
36987,78
36988,78
36989,78
36990,78
36991,78
36992,78
36993,78
36994,78
36995,78
36996,78
36997,78
36998,78
36999,78
37000,78
37001,78
37002,78
37003,78
37004,78
37005,78
37006,78
37007,78
37008,78
37009,78
37010,78
37011,78
37012,78
37013,78
37014,78
37015,78
37016,78
37017,78
37018,78
37019,78
37020,78
37021,78
37022,78
37023,78
37024,78
37025,78
37026,78
37027,78
37028,78
37029,78
37030,78
37031,78
37032,78
37033,78
37034,78
37035,78
37036,78
37037,78
37038,78
37039,78
37040,78
37041,78
37042,78
37043,78
37044,78
37045,78
37046,78
37047,78
37048,78
37049,78
37050,78
37051,78
37052,78
37053,78
37054,78
37055,78
37056,78
37057,78
37058,78
37059,78
37060,78
37061,78
37062,78
37063,78
37064,78
37065,78
37066,78
37067,78
37068,78
37069,78
37070,78
37071,78
37072,78
37073,78
37074,78
37075,78
37076,78
37077,78
37078,78
37079,78
37080,78
37081,78
37082,78
37083,78
37084,78
37085,78
37086,78
37087,78
37088,78
37089,78
37090,78
37091,78
37092,78
37093,78
37094,78
37095,78
37096,78
37097,78
37098,78
37099,78
37100,78
37101,78
37102,78
37103,78
37104,78
37105,78
37106,78
37107,78
37108,78
37109,78
37110,78
37111,78
37112,78
37113,78
37114,78
37115,78
37116,78
37117,78
37118,78
37119,78
37120,78
37121,78
37122,78
37123,78
37124,78
37125,78
37126,78
37127,78
37128,78
37129,78
37130,78
37131,78
37132,78
37133,78
37134,78
37135,78
37136,78
37137,78
37138,78
37139,78
37140,78
37141,78
37142,78
37143,78
37144,78
37145,78
37146,78
37147,78
37148,78
37149,78
37150,78
37151,78
37152,78
37153,78
37154,78
37155,78
37156,78
37157,78
37158,78
37159,78
37160,78
37161,78
37162,78
37163,78
37164,78
37165,78
37166,78
37167,78
37168,78
37169,78
37170,78
37171,78
37172,78
37173,78
37174,78
37175,78
37176,78
37177,78
37178,78
37179,78
37180,78
37181,78
37182,78
37183,78
37184,78
37185,78
37186,78
37187,78
37188,78
37189,78
37190,78
37191,78
37192,78
37193,78
37194,78
37195,78
37196,78
37197,78
37198,78
37199,78
37200,78
37201,78
37202,78
37203,78
37204,78
37205,78
37206,78
37207,78
37208,78
37209,78
37210,78
37211,78
37212,78
37213,78
37214,78
37215,78
37216,78
37217,78
37218,78
37219,78
37220,78
37221,78
37222,78
37223,78
37224,78
37225,78
37226,78
37227,78
37228,78
37229,78
37230,78
37231,78
37232,78
37233,78
37234,78
37235,78
37236,78
37237,78
37238,78
37239,78
37240,78
37241,78
37242,78
37243,78
37244,78
37245,78
37246,78
37247,78
37248,78
37249,78
37250,78
37251,78
37252,78
37253,78
37254,78
37255,78
37256,78
37257,78
37258,78
37259,78
37260,78
37261,78
37262,78
37263,78
37264,78
37265,78
37266,78
37267,78
37268,78
37269,78
37270,78
37271,78
37272,78
37273,78
37274,78
37275,78
37276,78
37277,78
37278,78
37279,78
37280,78
37281,78
37282,78
37283,78
37284,78
37285,78
37286,78
37287,78
37288,78
37289,78
37290,78
37291,78
37292,78
37293,78
37294,78
37295,78
37296,78
37297,78
37298,78
37299,78
37300,78
37301,78
37302,78
37303,78
37304,78
37305,78
37306,78
37307,78
37308,78
37309,78
37310,78
37311,78
37312,78
37313,78
37314,78
37315,78
37316,78
37317,78
37318,78
37319,78
37320,78
37321,78
37322,78
37323,78
37324,78
37325,78
37326,78
37327,78
37328,78
37329,78
37330,78
37331,78
37332,78
37333,78
37334,78
37335,78
37336,78
37337,78
37338,78
37339,78
37340,78
37341,78
37342,78
37343,78
37344,78
37345,78
37346,78
37347,78
37348,78
37349,78
37350,78
37351,78
37352,78
37353,78
37354,78
37355,78
37356,78
37357,78
37358,78
37359,78
37360,78
37361,78
37362,78
37363,78
37364,78
37365,78
37366,78
37367,78
37368,78
37369,78
37370,78
37371,78
37372,78
37373,78
37374,78
37375,78
37376,78
37377,78
37378,78
37379,78
37380,78
37381,78
37382,78
37383,78
37384,78
37385,78
37386,78
37387,78
37388,78
37389,78
37390,78
37391,78
37392,78
37393,78
37394,78
37395,78
37396,78
37397,78
37398,78
37399,78
37400,78
37401,78
37402,78
37403,78
37404,78
37405,78
37406,78
37407,78
37408,78
37409,78
37410,78
37411,78
37412,78
37413,78
37414,78
37415,78
37416,78
37417,78
37418,78
37419,78
37420,78
37421,78
37422,78
37423,78
37424,78
37425,78
37426,78
37427,78
37428,78
37429,78
37430,78
37431,78
37432,78
37433,78
37434,78
37435,78
37436,78
37437,78
37438,78
37439,78
37440,78
37441,78
37442,78
37443,78
37444,78
37445,78
37446,78
37447,78
37448,78
37449,78
37450,78
37451,78
37452,78
37453,78
37454,78
37455,78
37456,78
37457,78
37458,78
37459,78
37460,78
37461,78
37462,78
37463,78
37464,78
37465,78
37466,78
37467,78
37468,78
37469,78
37470,78
37471,78
37472,78
37473,78
37474,78
37475,78
37476,78
37477,78
37478,78
37479,78
37480,78
37481,78
37482,78
37483,78
37484,78
37485,78
37486,78
37487,78
37488,78
37489,78
37490,78
37491,78
37492,78
37493,78
37494,78
37495,78
37496,78
37497,78
37498,78
37499,78
37500,78
37501,78
37502,78
37503,78
37504,78
37505,78
37506,78
37507,78
37508,78
37509,78
37510,78
37511,78
37512,78
37513,78
37514,78
37515,78
37516,78
37517,78
37518,78
37519,78
37520,78
37521,78
37522,78
37523,78
37524,78
37525,78
37526,78
37527,78
37528,78
37529,78
37530,78
37531,78
37532,78
37533,78
37534,78
37535,78
37536,78
37537,78
37538,78
37539,78
37540,78
37541,78
37542,78
37543,78
37544,78
37545,78
37546,78
37547,78
37548,78
37549,78
37550,78
37551,78
37552,78
37553,78
37554,78
37555,78
37556,78
37557,78
37558,78
37559,78
37560,78
37561,78
37562,78
37563,78
37564,78
37565,78
37566,78
37567,78
37568,78
37569,78
37570,78
37571,78
37572,78
37573,78
37574,78
37575,78
37576,78
37577,78
37578,78
37579,78
37580,78
37581,78
37582,78
37583,78
37584,78
37585,78
37586,78
37587,78
37588,78
37589,78
37590,78
37591,78
37592,78
37593,78
37594,78
37595,78
37596,78
37597,78
37598,78
37599,78
37600,78
37601,78
37602,78
37603,78
37604,78
37605,78
37606,78
37607,78
37608,78
37609,78
37610,78
37611,78
37612,78
37613,78
37614,78
37615,78
37616,78
37617,78
37618,78
37619,78
37620,78
37621,78
37622,78
37623,78
37624,78
37625,78
37626,78
37627,78
37628,78
37629,78
37630,78
37631,78
37632,78
37633,78
37634,78
37635,78
37636,78
37637,78
37638,78
37639,78
37640,78
37641,78
37642,78
37643,78
37644,78
37645,78
37646,78
37647,78
37648,78
37649,78
37650,78
37651,78
37652,78
37653,78
37654,78
37655,78
37656,78
37657,78
37658,78
37659,78
37660,78
37661,78
37662,78
37663,78
37664,78
37665,78
37666,78
37667,78
37668,78
37669,78
37670,78
37671,78
37672,78
37673,78
37674,78
37675,78
37676,78
37677,78
37678,78
37679,78
37680,78
37681,78
37682,78
37683,78
37684,78
37685,78
37686,78
37687,78
37688,78
37689,78
37690,78
37691,78
37692,78
37693,78
37694,78
37695,78
37696,78
37697,78
37698,78
37699,78
37700,78
37701,78
37702,78
37703,78
37704,78
37705,78
37706,78
37707,78
37708,78
37709,78
37710,78
37711,78
37712,78
37713,78
37714,78
37715,78
37716,78
37717,78
37718,78
37719,78
37720,78
37721,78
37722,78
37723,78
37724,78
37725,78
37726,78
37727,78
37728,78
37729,78
37730,78
37731,78
37732,78
37733,78
37734,78
37735,78
37736,78
37737,78
37738,78
37739,78
37740,78
37741,78
37742,78
37743,78
37744,78
37745,78
37746,78
37747,78
37748,78
37749,78
37750,78
37751,78
37752,78
37753,78
37754,78
37755,78
37756,78
37757,78
37758,78
37759,78
37760,78
37761,78
37762,78
37763,78
37764,78
37765,78
37766,78
37767,78
37768,78
37769,78
37770,78
37771,78
37772,78
37773,78
37774,78
37775,78
37776,78
37777,78
37778,78
37779,78
37780,78
37781,78
37782,78
37783,78
37784,78
37785,78
37786,78
37787,78
37788,78
37789,78
37790,78
37791,78
37792,78
37793,78
37794,78
37795,78
37796,78
37797,78
37798,78
37799,78
37800,78
37801,78
37802,78
37803,78
37804,78
37805,78
37806,78
37807,78
37808,78
37809,78
37810,78
37811,78
37812,78
37813,78
37814,78
37815,78
37816,78
37817,78
37818,78
37819,78
37820,78
37821,78
37822,78
37823,78
37824,78
37825,78
37826,78
37827,78
37828,78
37829,78
37830,78
37831,78
37832,78
37833,78
37834,78
37835,78
37836,78
37837,78
37838,78
37839,78
37840,78
37841,78
37842,78
37843,78
37844,78
37845,78
37846,78
37847,78
37848,78
37849,78
37850,78
37851,78
37852,78
37853,78
37854,78
37855,78
37856,78
37857,78
37858,78
37859,78
37860,78
37861,78
37862,78
37863,78
37864,78
37865,78
37866,78
37867,78
37868,78
37869,78
37870,78
37871,78
37872,78
37873,78
37874,78
37875,78
37876,78
37877,78
37878,78
37879,78
37880,78
37881,78
37882,78
37883,78
37884,78
37885,78
37886,78
37887,78
37888,78
37889,78
37890,78
37891,78
37892,78
37893,78
37894,78
37895,78
37896,78
37897,78
37898,78
37899,78
37900,78
37901,78
37902,78
37903,78
37904,78
37905,78
37906,78
37907,78
37908,78
37909,78
37910,78
37911,78
37912,78
37913,78
37914,78
37915,78
37916,78
37917,78
37918,78
37919,78
37920,78
37921,78
37922,78
37923,78
37924,78
37925,78
37926,78
37927,78
37928,78
37929,78
37930,78
37931,78
37932,78
37933,78
37934,78
37935,78
37936,78
37937,78
37938,78
37939,78
37940,78
37941,78
37942,78
37943,78
37944,78
37945,78
37946,78
37947,78
37948,78
37949,78
37950,78
37951,78
37952,78
37953,78
37954,78
37955,78
37956,78
37957,78
37958,78
37959,78
37960,78
37961,78
37962,78
37963,78
37964,78
37965,78
37966,78
37967,78
37968,78
37969,78
37970,78
37971,78
37972,78
37973,78
37974,78
37975,78
37976,78
37977,78
37978,78
37979,78
37980,78
37981,78
37982,78
37983,78
37984,78
37985,78
37986,78
37987,78
37988,78
37989,78
37990,78
37991,78
37992,78
37993,78
37994,78
37995,78
37996,78
37997,78
37998,78
37999,78
38000,78
38001,78
38002,78
38003,78
38004,78
38005,78
38006,78
38007,78
38008,78
38009,78
38010,78
38011,78
38012,78
38013,78
38014,78
38015,78
38016,78
38017,78
38018,78
38019,78
38020,78
38021,78
38022,78
38023,78
38024,78
38025,78
38026,78
38027,78
38028,78
38029,78
38030,78
38031,78
38032,78
38033,78
38034,78
38035,78
38036,78
38037,78
38038,78
38039,78
38040,78
38041,78
38042,78
38043,78
38044,78
38045,78
38046,78
38047,78
38048,78
38049,78
38050,78
38051,78
38052,78
38053,78
38054,78
38055,78
38056,78
38057,78
38058,78
38059,78
38060,78
38061,78
38062,78
38063,78
38064,78
38065,78
38066,78
38067,78
38068,78
38069,78
38070,78
38071,78
38072,78
38073,78
38074,78
38075,78
38076,78
38077,78
38078,78
38079,78
38080,78
38081,78
38082,78
38083,78
38084,78
38085,78
38086,78
38087,78
38088,78
38089,78
38090,78
38091,78
38092,78
38093,78
38094,78
38095,78
38096,78
38097,78
38098,78
38099,78
38100,78
38101,78
38102,78
38103,78
38104,78
38105,78
38106,78
38107,78
38108,78
38109,78
38110,78
38111,78
38112,78
38113,78
38114,78
38115,78
38116,78
38117,78
38118,78
38119,78
38120,78
38121,78
38122,78
38123,78
38124,78
38125,78
38126,78
38127,78
38128,78
38129,78
38130,78
38131,78
38132,78
38133,78
38134,78
38135,78
38136,78
38137,78
38138,78
38139,78
38140,78
38141,78
38142,78
38143,78
38144,78
38145,78
38146,78
38147,78
38148,78
38149,78
38150,78
38151,78
38152,78
38153,78
38154,78
38155,78
38156,78
38157,78
38158,78
38159,78
38160,78
38161,78
38162,78
38163,78
38164,78
38165,78
38166,78
38167,78
38168,78
38169,78
38170,78
38171,78
38172,78
38173,78
38174,78
38175,78
38176,78
38177,78
38178,78
38179,78
38180,78
38181,78
38182,78
38183,78
38184,78
38185,78
38186,78
38187,78
38188,78
38189,78
38190,78
38191,78
38192,78
38193,78
38194,78
38195,78
38196,78
38197,78
38198,78
38199,78
38200,78
38201,78
38202,78
38203,78
38204,78
38205,78
38206,78
38207,78
38208,78
38209,78
38210,78
38211,78
38212,78
38213,78
38214,78
38215,78
38216,78
38217,78
38218,78
38219,78
38220,78
38221,78
38222,78
38223,78
38224,78
38225,78
38226,78
38227,78
38228,78
38229,78
38230,78
38231,78
38232,78
38233,78
38234,78
38235,78
38236,78
38237,78
38238,78
38239,78
38240,78
38241,78
38242,78
38243,78
38244,78
38245,78
38246,78
38247,78
38248,78
38249,78
38250,78
38251,78
38252,78
38253,78
38254,78
38255,78
38256,78
38257,78
38258,78
38259,78
38260,78
38261,78
38262,78
38263,78
38264,78
38265,78
38266,78
38267,78
38268,78
38269,78
38270,78
38271,78
38272,78
38273,78
38274,78
38275,78
38276,78
38277,78
38278,78
38279,78
38280,78
38281,78
38282,78
38283,78
38284,78
38285,78
38286,78
38287,78
38288,78
38289,78
38290,78
38291,78
38292,78
38293,78
38294,78
38295,78
38296,78
38297,78
38298,78
38299,78
38300,78
38301,78
38302,78
38303,78
38304,78
38305,78
38306,78
38307,78
38308,78
38309,78
38310,78
38311,78
38312,78
38313,78
38314,78
38315,78
38316,78
38317,78
38318,78
38319,78
38320,78
38321,78
38322,78
38323,78
38324,78
38325,78
38326,78
38327,78
38328,78
38329,78
38330,78
38331,78
38332,78
38333,78
38334,78
38335,78
38336,78
38337,78
38338,78
38339,78
38340,78
38341,78
38342,78
38343,78
38344,78
38345,78
38346,78
38347,78
38348,78
38349,78
38350,78
38351,78
38352,78
38353,78
38354,78
38355,78
38356,78
38357,78
38358,78
38359,78
38360,78
38361,78
38362,78
38363,78
38364,78
38365,78
38366,78
38367,78
38368,78
38369,78
38370,78
38371,78
38372,78
38373,78
38374,78
38375,78
38376,78
38377,78
38378,78
38379,78
38380,78
38381,78
38382,78
38383,78
38384,78
38385,78
38386,78
38387,78
38388,78
38389,78
38390,78
38391,78
38392,78
38393,78
38394,78
38395,78
38396,78
38397,78
38398,78
38399,78
38400,78
38401,78
38402,78
38403,78
38404,78
38405,78
38406,78
38407,78
38408,78
38409,78
38410,78
38411,78
38412,78
38413,78
38414,78
38415,78
38416,78
38417,78
38418,78
38419,78
38420,78
38421,78
38422,78
38423,78
38424,78
38425,78
38426,78
38427,78
38428,78
38429,78
38430,78
38431,78
38432,78
38433,78
38434,78
38435,78
38436,78
38437,78
38438,78
38439,78
38440,78
38441,78
38442,78
38443,78
38444,78
38445,78
38446,78
38447,78
38448,78
38449,78
38450,78
38451,78
38452,78
38453,78
38454,78
38455,78
38456,78
38457,78
38458,78
38459,78
38460,78
38461,78
38462,78
38463,78
38464,78
38465,78
38466,78
38467,78
38468,78
38469,78
38470,78
38471,78
38472,78
38473,78
38474,78
38475,78
38476,78
38477,78
38478,78
38479,78
38480,78
38481,78
38482,78
38483,78
38484,78
38485,78
38486,78
38487,78
38488,78
38489,78
38490,78
38491,78
38492,78
38493,78
38494,78
38495,78
38496,78
38497,78
38498,78
38499,78
38500,78
38501,78
38502,78
38503,78
38504,78
38505,78
38506,78
38507,78
38508,78
38509,78
38510,78
38511,78
38512,78
38513,78
38514,78
38515,78
38516,78
38517,78
38518,78
38519,78
38520,78
38521,78
38522,78
38523,78
38524,78
38525,78
38526,78
38527,78
38528,78
38529,78
38530,78
38531,78
38532,78
38533,78
38534,78
38535,78
38536,78
38537,78
38538,78
38539,78
38540,78
38541,78
38542,78
38543,78
38544,78
38545,78
38546,78
38547,78
38548,78
38549,78
38550,78
38551,78
38552,78
38553,78
38554,78
38555,78
38556,78
38557,78
38558,78
38559,78
38560,78
38561,78
38562,78
38563,78
38564,78
38565,78
38566,78
38567,78
38568,78
38569,78
38570,78
38571,78
38572,78
38573,78
38574,78
38575,78
38576,78
38577,78
38578,78
38579,78
38580,78
38581,78
38582,78
38583,78
38584,78
38585,78
38586,78
38587,78
38588,78
38589,78
38590,78
38591,78
38592,78
38593,78
38594,78
38595,78
38596,78
38597,78
38598,78
38599,78
38600,78
38601,78
38602,78
38603,78
38604,78
38605,78
38606,78
38607,78
38608,78
38609,78
38610,78
38611,78
38612,78
38613,78
38614,78
38615,78
38616,78
38617,78
38618,78
38619,78
38620,78
38621,78
38622,78
38623,78
38624,78
38625,78
38626,78
38627,78
38628,78
38629,78
38630,78
38631,78
38632,78
38633,78
38634,78
38635,78
38636,78
38637,78
38638,78
38639,78
38640,78
38641,78
38642,78
38643,78
38644,78
38645,78
38646,78
38647,78
38648,78
38649,78
38650,78
38651,78
38652,78
38653,78
38654,78
38655,78
38656,78
38657,78
38658,78
38659,78
38660,78
38661,78
38662,78
38663,78
38664,78
38665,78
38666,78
38667,78
38668,78
38669,78
38670,78
38671,78
38672,78
38673,78
38674,78
38675,78
38676,78
38677,78
38678,78
38679,78
38680,78
38681,78
38682,78
38683,78
38684,78
38685,78
38686,78
38687,78
38688,78
38689,78
38690,78
38691,78
38692,78
38693,78
38694,78
38695,78
38696,78
38697,78
38698,78
38699,78
38700,78
38701,78
38702,78
38703,78
38704,78
38705,78
38706,78
38707,78
38708,78
38709,78
38710,78
38711,78
38712,78
38713,78
38714,78
38715,78
38716,78
38717,78
38718,78
38719,78
38720,78
38721,78
38722,78
38723,78
38724,78
38725,78
38726,78
38727,78
38728,78
38729,78
38730,78
38731,78
38732,78
38733,78
38734,78
38735,78
38736,78
38737,78
38738,78
38739,78
38740,78
38741,78
38742,78
38743,78
38744,78
38745,78
38746,78
38747,78
38748,78
38749,78
38750,78
38751,78
38752,78
38753,78
38754,78
38755,78
38756,78
38757,78
38758,78
38759,78
38760,78
38761,78
38762,78
38763,78
38764,78
38765,78
38766,78
38767,78
38768,78
38769,78
38770,78
38771,78
38772,78
38773,78
38774,78
38775,78
38776,78
38777,78
38778,78
38779,78
38780,78
38781,78
38782,78
38783,78
38784,78
38785,78
38786,78
38787,78
38788,78
38789,78
38790,78
38791,78
38792,78
38793,78
38794,78
38795,78
38796,78
38797,78
38798,78
38799,78
38800,78
38801,78
38802,78
38803,78
38804,78
38805,78
38806,78
38807,78
38808,78
38809,78
38810,78
38811,78
38812,78
38813,78
38814,78
38815,78
38816,78
38817,78
38818,78
38819,78
38820,78
38821,78
38822,78
38823,78
38824,78
38825,78
38826,78
38827,78
38828,78
38829,78
38830,78
38831,78
38832,78
38833,78
38834,78
38835,78
38836,78
38837,78
38838,78
38839,78
38840,78
38841,78
38842,78
38843,78
38844,78
38845,78
38846,78
38847,78
38848,78
38849,78
38850,78
38851,78
38852,78
38853,78
38854,78
38855,78
38856,78
38857,78
38858,78
38859,78
38860,78
38861,78
38862,78
38863,78
38864,78
38865,78
38866,78
38867,78
38868,78
38869,78
38870,78
38871,78
38872,78
38873,78
38874,78
38875,78
38876,78
38877,78
38878,78
38879,78
38880,78
38881,78
38882,78
38883,78
38884,78
38885,78
38886,78
38887,78
38888,78
38889,78
38890,78
38891,78
38892,78
38893,78
38894,78
38895,78
38896,78
38897,78
38898,78
38899,78
38900,78
38901,78
38902,78
38903,78
38904,78
38905,78
38906,78
38907,78
38908,78
38909,78
38910,78
38911,78
38912,78
38913,78
38914,78
38915,78
38916,78
38917,78
38918,78
38919,78
38920,78
38921,78
38922,78
38923,78
38924,78
38925,78
38926,78
38927,78
38928,78
38929,78
38930,78
38931,78
38932,78
38933,78
38934,78
38935,78
38936,78
38937,78
38938,78
38939,78
38940,78
38941,78
38942,78
38943,78
38944,78
38945,78
38946,78
38947,78
38948,78
38949,78
38950,78
38951,78
38952,78
38953,78
38954,78
38955,78
38956,78
38957,78
38958,78
38959,78
38960,78
38961,78
38962,78
38963,78
38964,78
38965,78
38966,78
38967,78
38968,78
38969,78
38970,78
38971,78
38972,78
38973,78
38974,78
38975,78
38976,78
38977,78
38978,78
38979,78
38980,78
38981,78
38982,78
38983,78
38984,78
38985,78
38986,78
38987,78
38988,78
38989,78
38990,78
38991,78
38992,78
38993,78
38994,78
38995,78
38996,78
38997,78
38998,78
38999,78
39000,78
39001,78
39002,78
39003,78
39004,78
39005,78
39006,78
39007,78
39008,78
39009,78
39010,78
39011,78
39012,78
39013,78
39014,78
39015,78
39016,78
39017,78
39018,78
39019,78
39020,78
39021,78
39022,78
39023,78
39024,78
39025,78
39026,78
39027,78
39028,78
39029,78
39030,78
39031,78
39032,78
39033,78
39034,78
39035,78
39036,78
39037,78
39038,78
39039,78
39040,78
39041,78
39042,78
39043,78
39044,78
39045,78
39046,78
39047,78
39048,78
39049,78
39050,78
39051,78
39052,78
39053,78
39054,78
39055,78
39056,78
39057,78
39058,78
39059,78
39060,78
39061,78
39062,78
39063,78
39064,78
39065,78
39066,78
39067,78
39068,78
39069,78
39070,78
39071,78
39072,78
39073,78
39074,78
39075,78
39076,78
39077,78
39078,78
39079,78
39080,78
39081,78
39082,78
39083,78
39084,78
39085,78
39086,78
39087,78
39088,78
39089,78
39090,78
39091,78
39092,78
39093,78
39094,78
39095,78
39096,78
39097,78
39098,78
39099,78
39100,78
39101,78
39102,78
39103,78
39104,78
39105,78
39106,78
39107,78
39108,78
39109,78
39110,78
39111,78
39112,78
39113,78
39114,78
39115,78
39116,78
39117,78
39118,78
39119,78
39120,78
39121,78
39122,78
39123,78
39124,78
39125,78
39126,78
39127,78
39128,78
39129,78
39130,78
39131,78
39132,78
39133,78
39134,78
39135,78
39136,78
39137,78
39138,78
39139,78
39140,78
39141,78
39142,78
39143,78
39144,78
39145,78
39146,78
39147,78
39148,78
39149,78
39150,78
39151,78
39152,78
39153,78
39154,78
39155,78
39156,78
39157,78
39158,78
39159,78
39160,78
39161,78
39162,78
39163,78
39164,78
39165,78
39166,78
39167,78
39168,78
39169,78
39170,78
39171,78
39172,78
39173,78
39174,78
39175,78
39176,78
39177,78
39178,78
39179,78
39180,78
39181,78
39182,78
39183,78
39184,78
39185,78
39186,78
39187,78
39188,78
39189,78
39190,78
39191,78
39192,78
39193,78
39194,78
39195,78
39196,78
39197,78
39198,78
39199,78
39200,78
39201,78
39202,78
39203,78
39204,78
39205,78
39206,78
39207,78
39208,78
39209,78
39210,78
39211,78
39212,78
39213,78
39214,78
39215,78
39216,78
39217,78
39218,78
39219,78
39220,78
39221,78
39222,78
39223,78
39224,78
39225,78
39226,78
39227,78
39228,78
39229,78
39230,78
39231,78
39232,78
39233,78
39234,78
39235,78
39236,78
39237,78
39238,78
39239,78
39240,78
39241,78
39242,78
39243,78
39244,78
39245,78
39246,78
39247,78
39248,78
39249,78
39250,78
39251,78
39252,78
39253,78
39254,78
39255,78
39256,78
39257,78
39258,78
39259,78
39260,78
39261,78
39262,78
39263,78
39264,78
39265,78
39266,78
39267,78
39268,78
39269,78
39270,78
39271,78
39272,78
39273,78
39274,78
39275,78
39276,78
39277,78
39278,78
39279,78
39280,78
39281,78
39282,78
39283,78
39284,78
39285,78
39286,78
39287,78
39288,78
39289,78
39290,78
39291,78
39292,78
39293,78
39294,78
39295,78
39296,78
39297,78
39298,78
39299,78
39300,78
39301,78
39302,78
39303,78
39304,78
39305,78
39306,78
39307,78
39308,78
39309,78
39310,78
39311,78
39312,78
39313,78
39314,78
39315,78
39316,78
39317,78
39318,78
39319,78
39320,78
39321,78
39322,78
39323,78
39324,78
39325,78
39326,78
39327,78
39328,78
39329,78
39330,78
39331,78
39332,78
39333,78
39334,78
39335,78
39336,78
39337,78
39338,78
39339,78
39340,78
39341,78
39342,78
39343,78
39344,78
39345,78
39346,78
39347,78
39348,78
39349,78
39350,78
39351,78
39352,78
39353,78
39354,78
39355,78
39356,78
39357,78
39358,78
39359,78
39360,78
39361,78
39362,78
39363,78
39364,78
39365,78
39366,78
39367,78
39368,78
39369,78
39370,78
39371,78
39372,78
39373,78
39374,78
39375,78
39376,78
39377,78
39378,78
39379,78
39380,78
39381,78
39382,78
39383,78
39384,78
39385,78
39386,78
39387,78
39388,78
39389,78
39390,78
39391,78
39392,78
39393,78
39394,78
39395,78
39396,78
39397,78
39398,78
39399,78
39400,78
39401,78
39402,78
39403,78
39404,78
39405,78
39406,78
39407,78
39408,78
39409,78
39410,78
39411,78
39412,78
39413,78
39414,78
39415,78
39416,78
39417,78
39418,78
39419,78
39420,78
39421,78
39422,78
39423,78
39424,78
39425,78
39426,78
39427,78
39428,78
39429,78
39430,78
39431,78
39432,78
39433,78
39434,78
39435,78
39436,78
39437,78
39438,78
39439,78
39440,78
39441,78
39442,78
39443,78
39444,78
39445,78
39446,78
39447,78
39448,78
39449,78
39450,78
39451,78
39452,78
39453,78
39454,78
39455,78
39456,78
39457,78
39458,78
39459,78
39460,78
39461,78
39462,78
39463,78
39464,78
39465,78
39466,78
39467,78
39468,78
39469,78
39470,78
39471,78
39472,78
39473,78
39474,78
39475,78
39476,78
39477,78
39478,78
39479,78
39480,78
39481,78
39482,78
39483,78
39484,78
39485,78
39486,78
39487,78
39488,78
39489,78
39490,78
39491,78
39492,78
39493,78
39494,78
39495,78
39496,78
39497,78
39498,78
39499,78
39500,78
39501,78
39502,78
39503,78
39504,78
39505,78
39506,78
39507,78
39508,78
39509,78
39510,78
39511,78
39512,78
39513,78
39514,78
39515,78
39516,78
39517,78
39518,78
39519,78
39520,78
39521,78
39522,78
39523,78
39524,78
39525,78
39526,78
39527,78
39528,78
39529,78
39530,78
39531,78
39532,78
39533,78
39534,78
39535,78
39536,78
39537,78
39538,78
39539,78
39540,78
39541,78
39542,78
39543,78
39544,78
39545,78
39546,78
39547,78
39548,78
39549,78
39550,78
39551,78
39552,78
39553,78
39554,78
39555,78
39556,78
39557,78
39558,78
39559,78
39560,78
39561,78
39562,78
39563,78
39564,78
39565,78
39566,78
39567,78
39568,78
39569,78
39570,78
39571,78
39572,78
39573,78
39574,78
39575,78
39576,78
39577,78
39578,78
39579,78
39580,78
39581,78
39582,78
39583,78
39584,78
39585,78
39586,78
39587,78
39588,78
39589,78
39590,78
39591,78
39592,78
39593,78
39594,78
39595,78
39596,78
39597,78
39598,78
39599,78
39600,78
39601,78
39602,78
39603,78
39604,78
39605,78
39606,78
39607,78
39608,78
39609,78
39610,78
39611,78
39612,78
39613,78
39614,78
39615,78
39616,78
39617,78
39618,78
39619,78
39620,78
39621,78
39622,78
39623,78
39624,78
39625,78
39626,78
39627,78
39628,78
39629,78
39630,78
39631,78
39632,78
39633,78
39634,78
39635,78
39636,78
39637,78
39638,78
39639,78
39640,78
39641,78
39642,78
39643,78
39644,78
39645,78
39646,78
39647,78
39648,78
39649,78
39650,78
39651,78
39652,78
39653,78
39654,78
39655,78
39656,78
39657,78
39658,78
39659,78
39660,78
39661,78
39662,78
39663,78
39664,78
39665,78
39666,78
39667,78
39668,78
39669,78
39670,78
39671,78
39672,78
39673,78
39674,78
39675,78
39676,78
39677,78
39678,78
39679,78
39680,78
39681,78
39682,78
39683,78
39684,78
39685,78
39686,78
39687,78
39688,78
39689,78
39690,78
39691,78
39692,78
39693,78
39694,78
39695,78
39696,78
39697,78
39698,78
39699,78
39700,78
39701,78
39702,78
39703,78
39704,78
39705,78
39706,78
39707,78
39708,78
39709,78
39710,78
39711,78
39712,78
39713,78
39714,78
39715,78
39716,78
39717,78
39718,78
39719,78
39720,78
39721,78
39722,78
39723,78
39724,78
39725,78
39726,78
39727,78
39728,78
39729,78
39730,78
39731,78
39732,78
39733,78
39734,78
39735,78
39736,78
39737,78
39738,78
39739,78
39740,78
39741,78
39742,78
39743,78
39744,78
39745,78
39746,78
39747,78
39748,78
39749,78
39750,78
39751,78
39752,78
39753,78
39754,78
39755,78
39756,78
39757,78
39758,78
39759,78
39760,78
39761,78
39762,78
39763,78
39764,78
39765,78
39766,78
39767,78
39768,78
39769,78
39770,78
39771,78
39772,78
39773,78
39774,78
39775,78
39776,78
39777,78
39778,78
39779,78
39780,78
39781,78
39782,78
39783,78
39784,78
39785,78
39786,78
39787,78
39788,78
39789,78
39790,78
39791,78
39792,78
39793,78
39794,78
39795,78
39796,78
39797,78
39798,78
39799,78
39800,78
39801,78
39802,78
39803,78
39804,78
39805,78
39806,78
39807,78
39808,78
39809,78
39810,78
39811,78
39812,78
39813,78
39814,78
39815,78
39816,78
39817,78
39818,78
39819,78
39820,78
39821,78
39822,78
39823,78
39824,78
39825,78
39826,78
39827,78
39828,78
39829,78
39830,78
39831,78
39832,78
39833,78
39834,78
39835,78
39836,78
39837,78
39838,78
39839,78
39840,78
39841,78
39842,78
39843,78
39844,78
39845,78
39846,78
39847,78
39848,78
39849,78
39850,78
39851,78
39852,78
39853,78
39854,78
39855,78
39856,78
39857,78
39858,78
39859,78
39860,78
39861,78
39862,78
39863,78
39864,78
39865,78
39866,78
39867,78
39868,78
39869,78
39870,78
39871,78
39872,78
39873,78
39874,78
39875,78
39876,78
39877,78
39878,78
39879,78
39880,78
39881,78
39882,78
39883,78
39884,78
39885,78
39886,78
39887,78
39888,78
39889,78
39890,78
39891,78
39892,78
39893,78
39894,78
39895,78
39896,78
39897,78
39898,78
39899,78
39900,78
39901,78
39902,78
39903,78
39904,78
39905,78
39906,78
39907,78
39908,78
39909,78
39910,78
39911,78
39912,78
39913,78
39914,78
39915,78
39916,78
39917,78
39918,78
39919,78
39920,78
39921,78
39922,78
39923,78
39924,78
39925,78
39926,78
39927,78
39928,78
39929,78
39930,78
39931,78
39932,78
39933,78
39934,78
39935,78
39936,78
39937,78
39938,78
39939,78
39940,78
39941,78
39942,78
39943,78
39944,78
39945,78
39946,78
39947,78
39948,78
39949,78
39950,78
39951,78
39952,78
39953,78
39954,78
39955,78
39956,78
39957,78
39958,78
39959,78
39960,78
39961,78
39962,78
39963,78
39964,78
39965,78
39966,78
39967,78
39968,78
39969,78
39970,78
39971,78
39972,78
39973,78
39974,78
39975,78
39976,78
39977,78
39978,78
39979,78
39980,78
39981,78
39982,78
39983,78
39984,78
39985,78
39986,78
39987,78
39988,78
39989,78
39990,78
39991,78
39992,78
39993,78
39994,78
39995,78
39996,78
39997,78
39998,78
39999,78
40000,78
40001,78
40002,78
40003,78
40004,78
40005,78
40006,78
40007,78
40008,78
40009,78
40010,78
40011,78
40012,78
40013,78
40014,78
40015,78
40016,78
40017,78
40018,78
40019,78
40020,78
40021,78
40022,78
40023,78
40024,78
40025,78
40026,78
40027,78
40028,78
40029,78
40030,78
40031,78
40032,78
40033,78
40034,78
40035,78
40036,78
40037,78
40038,78
40039,78
40040,78
40041,78
40042,78
40043,78
40044,78
40045,78
40046,78
40047,78
40048,78
40049,78
40050,78
40051,78
40052,78
40053,78
40054,78
40055,78
40056,78
40057,78
40058,78
40059,78
40060,78
40061,78
40062,78
40063,78
40064,78
40065,78
40066,78
40067,78
40068,78
40069,78
40070,78
40071,78
40072,78
40073,78
40074,78
40075,78
40076,78
40077,78
40078,78
40079,78
40080,78
40081,78
40082,78
40083,78
40084,78
40085,78
40086,78
40087,78
40088,78
40089,78
40090,78
40091,78
40092,78
40093,78
40094,78
40095,78
40096,78
40097,78
40098,78
40099,78
40100,78
40101,78
40102,78
40103,78
40104,78
40105,78
40106,78
40107,78
40108,78
40109,78
40110,78
40111,78
40112,78
40113,78
40114,78
40115,78
40116,78
40117,78
40118,78
40119,78
40120,78
40121,78
40122,78
40123,78
40124,78
40125,78
40126,78
40127,78
40128,78
40129,78
40130,78
40131,78
40132,78
40133,78
40134,78
40135,78
40136,78
40137,78
40138,78
40139,78
40140,78
40141,78
40142,78
40143,78
40144,78
40145,78
40146,78
40147,78
40148,78
40149,78
40150,78
40151,78
40152,78
40153,78
40154,78
40155,78
40156,78
40157,78
40158,78
40159,78
40160,78
40161,78
40162,78
40163,78
40164,78
40165,78
40166,78
40167,78
40168,78
40169,78
40170,78
40171,78
40172,78
40173,78
40174,78
40175,78
40176,78
40177,78
40178,78
40179,78
40180,78
40181,78
40182,78
40183,78
40184,78
40185,78
40186,78
40187,78
40188,78
40189,78
40190,78
40191,78
40192,78
40193,78
40194,78
40195,78
40196,78
40197,78
40198,78
40199,78
40200,78
40201,78
40202,78
40203,78
40204,78
40205,78
40206,78
40207,78
40208,78
40209,78
40210,78
40211,78
40212,78
40213,78
40214,78
40215,78
40216,78
40217,78
40218,78
40219,78
40220,78
40221,78
40222,78
40223,78
40224,78
40225,78
40226,78
40227,78
40228,78
40229,78
40230,78
40231,78
40232,78
40233,78
40234,78
40235,78
40236,78
40237,78
40238,78
40239,78
40240,78
40241,78
40242,78
40243,78
40244,78
40245,78
40246,78
40247,78
40248,78
40249,78
40250,78
40251,78
40252,78
40253,78
40254,78
40255,78
40256,78
40257,78
40258,78
40259,78
40260,78
40261,78
40262,78
40263,78
40264,78
40265,78
40266,78
40267,78
40268,78
40269,78
40270,78
40271,78
40272,78
40273,78
40274,78
40275,78
40276,78
40277,78
40278,78
40279,78
40280,78
40281,78
40282,78
40283,78
40284,78
40285,78
40286,78
40287,78
40288,78
40289,78
40290,78
40291,78
40292,78
40293,78
40294,78
40295,78
40296,78
40297,78
40298,78
40299,78
40300,78
40301,78
40302,78
40303,78
40304,78
40305,78
40306,78
40307,78
40308,78
40309,78
40310,78
40311,78
40312,78
40313,78
40314,78
40315,78
40316,78
40317,78
40318,78
40319,78
40320,78
40321,78
40322,78
40323,78
40324,78
40325,78
40326,78
40327,78
40328,78
40329,78
40330,78
40331,78
40332,78
40333,78
40334,78
40335,78
40336,78
40337,78
40338,78
40339,78
40340,78
40341,78
40342,78
40343,78
40344,78
40345,78
40346,78
40347,78
40348,78
40349,78
40350,78
40351,78
40352,78
40353,78
40354,78
40355,78
40356,78
40357,78
40358,78
40359,78
40360,78
40361,78
40362,78
40363,78
40364,78
40365,78
40366,78
40367,78
40368,78
40369,78
40370,78
40371,78
40372,78
40373,78
40374,78
40375,78
40376,78
40377,78
40378,78
40379,78
40380,78
40381,78
40382,78
40383,78
40384,78
40385,78
40386,78
40387,78
40388,78
40389,78
40390,78
40391,78
40392,78
40393,78
40394,78
40395,78
40396,78
40397,78
40398,78
40399,78
40400,78
40401,78
40402,78
40403,78
40404,78
40405,78
40406,78
40407,78
40408,78
40409,78
40410,78
40411,78
40412,78
40413,78
40414,78
40415,78
40416,78
40417,78
40418,78
40419,78
40420,78
40421,78
40422,78
40423,78
40424,78
40425,78
40426,78
40427,78
40428,78
40429,78
40430,78
40431,78
40432,78
40433,78
40434,78
40435,78
40436,78
40437,78
40438,78
40439,78
40440,78
40441,78
40442,78
40443,78
40444,78
40445,78
40446,78
40447,78
40448,78
40449,78
40450,78
40451,78
40452,78
40453,78
40454,78
40455,78
40456,78
40457,78
40458,78
40459,78
40460,78
40461,78
40462,78
40463,78
40464,78
40465,78
40466,78
40467,78
40468,78
40469,78
40470,78
40471,78
40472,78
40473,78
40474,78
40475,78
40476,78
40477,78
40478,78
40479,78
40480,78
40481,78
40482,78
40483,78
40484,78
40485,78
40486,78
40487,78
40488,78
40489,78
40490,78
40491,78
40492,78
40493,78
40494,78
40495,78
40496,78
40497,78
40498,78
40499,78
40500,78
40501,78
40502,78
40503,78
40504,78
40505,78
40506,78
40507,78
40508,78
40509,78
40510,78
40511,78
40512,78
40513,78
40514,78
40515,78
40516,78
40517,78
40518,78
40519,78
40520,78
40521,78
40522,78
40523,78
40524,78
40525,78
40526,78
40527,78
40528,78
40529,78
40530,78
40531,78
40532,78
40533,78
40534,78
40535,78
40536,78
40537,78
40538,78
40539,78
40540,78
40541,78
40542,78
40543,78
40544,78
40545,78
40546,78
40547,78
40548,78
40549,78
40550,78
40551,78
40552,78
40553,78
40554,78
40555,78
40556,78
40557,78
40558,78
40559,78
40560,78
40561,78
40562,78
40563,78
40564,78
40565,78
40566,78
40567,78
40568,78
40569,78
40570,78
40571,78
40572,78
40573,78
40574,78
40575,78
40576,78
40577,78
40578,78
40579,78
40580,78
40581,78
40582,78
40583,78
40584,78
40585,78
40586,78
40587,78
40588,78
40589,78
40590,78
40591,78
40592,78
40593,78
40594,78
40595,78
40596,78
40597,78
40598,78
40599,78
40600,78
40601,78
40602,78
40603,78
40604,78
40605,78
40606,78
40607,78
40608,78
40609,78
40610,78
40611,78
40612,78
40613,78
40614,78
40615,78
40616,78
40617,78
40618,78
40619,78
40620,78
40621,78
40622,78
40623,78
40624,78
40625,78
40626,78
40627,78
40628,78
40629,78
40630,78
40631,78
40632,78
40633,78
40634,78
40635,78
40636,78
40637,78
40638,78
40639,78
40640,78
40641,78
40642,78
40643,78
40644,78
40645,78
40646,78
40647,78
40648,78
40649,78
40650,78
40651,78
40652,78
40653,78
40654,78
40655,78
40656,78
40657,78
40658,78
40659,78
40660,78
40661,78
40662,78
40663,78
40664,78
40665,78
40666,78
40667,78
40668,78
40669,78
40670,78
40671,78
40672,78
40673,78
40674,78
40675,78
40676,78
40677,78
40678,78
40679,78
40680,78
40681,78
40682,78
40683,78
40684,78
40685,78
40686,78
40687,78
40688,78
40689,78
40690,78
40691,78
40692,78
40693,78
40694,78
40695,78
40696,78
40697,78
40698,78
40699,78
40700,78
40701,78
40702,78
40703,78
40704,78
40705,78
40706,78
40707,78
40708,78
40709,78
40710,78
40711,78
40712,78
40713,78
40714,78
40715,78
40716,78
40717,78
40718,78
40719,78
40720,78
40721,78
40722,78
40723,78
40724,78
40725,78
40726,78
40727,78
40728,78
40729,78
40730,78
40731,78
40732,78
40733,78
40734,78
40735,78
40736,78
40737,78
40738,78
40739,78
40740,78
40741,78
40742,78
40743,78
40744,78
40745,78
40746,78
40747,78
40748,78
40749,78
40750,78
40751,78
40752,78
40753,78
40754,78
40755,78
40756,78
40757,78
40758,78
40759,78
40760,78
40761,78
40762,78
40763,78
40764,78
40765,78
40766,78
40767,78
40768,78
40769,78
40770,78
40771,78
40772,78
40773,78
40774,78
40775,78
40776,78
40777,78
40778,78
40779,78
40780,78
40781,78
40782,78
40783,78
40784,78
40785,78
40786,78
40787,78
40788,78
40789,78
40790,78
40791,78
40792,78
40793,78
40794,78
40795,78
40796,78
40797,78
40798,78
40799,78
40800,78
40801,78
40802,78
40803,78
40804,78
40805,78
40806,78
40807,78
40808,78
40809,78
40810,78
40811,78
40812,78
40813,78
40814,78
40815,78
40816,78
40817,78
40818,78
40819,78
40820,78
40821,78
40822,78
40823,78
40824,78
40825,78
40826,78
40827,78
40828,78
40829,78
40830,78
40831,78
40832,78
40833,78
40834,78
40835,78
40836,78
40837,78
40838,78
40839,78
40840,78
40841,78
40842,78
40843,78
40844,78
40845,78
40846,78
40847,78
40848,78
40849,78
40850,78
40851,78
40852,78
40853,78
40854,78
40855,78
40856,78
40857,78
40858,78
40859,78
40860,78
40861,78
40862,78
40863,78
40864,78
40865,78
40866,78
40867,78
40868,78
40869,78
40870,78
40871,78
40872,78
40873,78
40874,78
40875,78
40876,78
40877,78
40878,78
40879,78
40880,78
40881,78
40882,78
40883,78
40884,78
40885,78
40886,78
40887,78
40888,78
40889,78
40890,78
40891,78
40892,78
40893,78
40894,78
40895,78
40896,78
40897,78
40898,78
40899,78
40900,78
40901,78
40902,78
40903,78
40904,78
40905,78
40906,78
40907,78
40908,78
40909,78
40910,78
40911,78
40912,78
40913,78
40914,78
40915,78
40916,78
40917,78
40918,78
40919,78
40920,78
40921,78
40922,78
40923,78
40924,78
40925,78
40926,78
40927,78
40928,78
40929,78
40930,78
40931,78
40932,78
40933,78
40934,78
40935,78
40936,78
40937,78
40938,78
40939,78
40940,78
40941,78
40942,78
40943,78
40944,78
40945,78
40946,78
40947,78
40948,78
40949,78
40950,78
40951,78
40952,78
40953,78
40954,78
40955,78
40956,78
40957,78
40958,78
40959,78
40960,78
40961,78
40962,78
40963,78
40964,78
40965,78
40966,78
40967,78
40968,78
40969,78
40970,78
40971,78
40972,78
40973,78
40974,78
40975,78
40976,78
40977,78
40978,78
40979,78
40980,78
40981,78
40982,78
40983,78
40984,78
40985,78
40986,78
40987,78
40988,78
40989,78
40990,78
40991,78
40992,78
40993,78
40994,78
40995,78
40996,78
40997,78
40998,78
40999,78
41000,78
41001,78
41002,78
41003,78
41004,78
41005,78
41006,78
41007,78
41008,78
41009,78
41010,78
41011,78
41012,78
41013,78
41014,78
41015,78
41016,78
41017,78
41018,78
41019,78
41020,78
41021,78
41022,78
41023,78
41024,78
41025,78
41026,78
41027,78
41028,78
41029,78
41030,78
41031,78
41032,78
41033,78
41034,78
41035,78
41036,78
41037,78
41038,78
41039,78
41040,78
41041,78
41042,78
41043,78
41044,78
41045,78
41046,78
41047,78
41048,78
41049,78
41050,78
41051,78
41052,78
41053,78
41054,78
41055,78
41056,78
41057,78
41058,78
41059,78
41060,78
41061,78
41062,78
41063,78
41064,78
41065,78
41066,78
41067,78
41068,78
41069,78
41070,78
41071,78
41072,78
41073,78
41074,78
41075,78
41076,78
41077,78
41078,78
41079,78
41080,78
41081,78
41082,78
41083,78
41084,78
41085,78
41086,78
41087,78
41088,78
41089,78
41090,78
41091,78
41092,78
41093,78
41094,78
41095,78
41096,78
41097,78
41098,78
41099,78
41100,78
41101,78
41102,78
41103,78
41104,78
41105,78
41106,78
41107,78
41108,78
41109,78
41110,78
41111,78
41112,78
41113,78
41114,78
41115,78
41116,78
41117,78
41118,78
41119,78
41120,78
41121,78
41122,78
41123,78
41124,78
41125,78
41126,78
41127,78
41128,78
41129,78
41130,78
41131,78
41132,78
41133,78
41134,78
41135,78
41136,78
41137,78
41138,78
41139,78
41140,78
41141,78
41142,78
41143,78
41144,78
41145,78
41146,78
41147,78
41148,78
41149,78
41150,78
41151,78
41152,78
41153,78
41154,78
41155,78
41156,78
41157,78
41158,78
41159,78
41160,78
41161,78
41162,78
41163,78
41164,78
41165,78
41166,78
41167,78
41168,78
41169,78
41170,78
41171,78
41172,78
41173,78
41174,78
41175,78
41176,78
41177,78
41178,78
41179,78
41180,78
41181,78
41182,78
41183,78
41184,78
41185,78
41186,78
41187,78
41188,78
41189,78
41190,78
41191,78
41192,78
41193,78
41194,78
41195,78
41196,78
41197,78
41198,78
41199,78
41200,78
41201,78
41202,78
41203,78
41204,78
41205,78
41206,78
41207,78
41208,78
41209,78
41210,78
41211,78
41212,78
41213,78
41214,78
41215,78
41216,78
41217,78
41218,78
41219,78
41220,78
41221,78
41222,78
41223,78
41224,78
41225,78
41226,78
41227,78
41228,78
41229,78
41230,78
41231,78
41232,78
41233,78
41234,78
41235,78
41236,78
41237,78
41238,78
41239,78
41240,78
41241,78
41242,78
41243,78
41244,78
41245,78
41246,78
41247,78
41248,78
41249,78
41250,78
41251,78
41252,78
41253,78
41254,78
41255,78
41256,78
41257,78
41258,78
41259,78
41260,78
41261,78
41262,78
41263,78
41264,78
41265,78
41266,78
41267,78
41268,78
41269,78
41270,78
41271,78
41272,78
41273,78
41274,78
41275,78
41276,78
41277,78
41278,78
41279,78
41280,78
41281,78
41282,78
41283,78
41284,78
41285,78
41286,78
41287,78
41288,78
41289,78
41290,78
41291,78
41292,78
41293,78
41294,78
41295,78
41296,78
41297,78
41298,78
41299,78
41300,78
41301,78
41302,78
41303,78
41304,78
41305,78
41306,78
41307,78
41308,78
41309,78
41310,78
41311,78
41312,78
41313,78
41314,78
41315,78
41316,78
41317,78
41318,78
41319,78
41320,78
41321,78
41322,78
41323,78
41324,78
41325,78
41326,78
41327,78
41328,78
41329,78
41330,78
41331,78
41332,78
41333,78
41334,78
41335,78
41336,78
41337,78
41338,78
41339,78
41340,78
41341,78
41342,78
41343,78
41344,78
41345,78
41346,78
41347,78
41348,78
41349,78
41350,78
41351,78
41352,78
41353,78
41354,78
41355,78
41356,78
41357,78
41358,78
41359,78
41360,78
41361,78
41362,78
41363,78
41364,78
41365,78
41366,78
41367,78
41368,78
41369,78
41370,78
41371,78
41372,78
41373,78
41374,78
41375,78
41376,78
41377,78
41378,78
41379,78
41380,78
41381,78
41382,78
41383,78
41384,78
41385,78
41386,78
41387,78
41388,78
41389,78
41390,78
41391,78
41392,78
41393,78
41394,78
41395,78
41396,78
41397,78
41398,78
41399,78
41400,78
41401,78
41402,78
41403,78
41404,78
41405,78
41406,78
41407,78
41408,78
41409,78
41410,78
41411,78
41412,78
41413,78
41414,78
41415,78
41416,78
41417,78
41418,78
41419,78
41420,78
41421,78
41422,78
41423,78
41424,78
41425,78
41426,78
41427,78
41428,78
41429,78
41430,78
41431,78
41432,78
41433,78
41434,78
41435,78
41436,78
41437,78
41438,78
41439,78
41440,78
41441,78
41442,78
41443,78
41444,78
41445,78
41446,78
41447,78
41448,78
41449,78
41450,78
41451,78
41452,78
41453,78
41454,78
41455,78
41456,78
41457,78
41458,78
41459,78
41460,78
41461,78
41462,78
41463,78
41464,78
41465,78
41466,78
41467,78
41468,78
41469,78
41470,78
41471,78
41472,78
41473,78
41474,78
41475,78
41476,78
41477,78
41478,78
41479,78
41480,78
41481,78
41482,78
41483,78
41484,78
41485,78
41486,78
41487,78
41488,78
41489,78
41490,78
41491,78
41492,78
41493,78
41494,78
41495,78
41496,78
41497,78
41498,78
41499,78
41500,78
41501,78
41502,78
41503,78
41504,78
41505,78
41506,78
41507,78
41508,78
41509,78
41510,78
41511,78
41512,78
41513,78
41514,78
41515,78
41516,78
41517,78
41518,78
41519,78
41520,78
41521,78
41522,78
41523,78
41524,78
41525,78
41526,78
41527,78
41528,78
41529,78
41530,78
41531,78
41532,78
41533,78
41534,78
41535,78
41536,78
41537,78
41538,78
41539,78
41540,78
41541,78
41542,78
41543,78
41544,78
41545,78
41546,78
41547,78
41548,78
41549,78
41550,78
41551,78
41552,78
41553,78
41554,78
41555,78
41556,78
41557,78
41558,78
41559,78
41560,78
41561,78
41562,78
41563,78
41564,78
41565,78
41566,78
41567,78
41568,78
41569,78
41570,78
41571,78
41572,78
41573,78
41574,78
41575,78
41576,78
41577,78
41578,78
41579,78
41580,78
41581,78
41582,78
41583,78
41584,78
41585,78
41586,78
41587,78
41588,78
41589,78
41590,78
41591,78
41592,78
41593,78
41594,78
41595,78
41596,78
41597,78
41598,78
41599,78
41600,78
41601,78
41602,78
41603,78
41604,78
41605,78
41606,78
41607,78
41608,78
41609,78
41610,78
41611,78
41612,78
41613,78
41614,78
41615,78
41616,78
41617,78
41618,78
41619,78
41620,78
41621,78
41622,78
41623,78
41624,78
41625,78
41626,78
41627,78
41628,78
41629,78
41630,78
41631,78
41632,78
41633,78
41634,78
41635,78
41636,78
41637,78
41638,78
41639,78
41640,78
41641,78
41642,78
41643,78
41644,78
41645,78
41646,78
41647,78
41648,78
41649,78
41650,78
41651,78
41652,78
41653,78
41654,78
41655,78
41656,78
41657,78
41658,78
41659,78
41660,78
41661,78
41662,78
41663,78
41664,78
41665,78
41666,78
41667,78
41668,78
41669,78
41670,78
41671,78
41672,78
41673,78
41674,78
41675,78
41676,78
41677,78
41678,78
41679,78
41680,78
41681,78
41682,78
41683,78
41684,78
41685,78
41686,78
41687,78
41688,78
41689,78
41690,78
41691,78
41692,78
41693,78
41694,78
41695,78
41696,78
41697,78
41698,78
41699,78
41700,78
41701,78
41702,78
41703,78
41704,78
41705,78
41706,78
41707,78
41708,78
41709,78
41710,78
41711,78
41712,78
41713,78
41714,78
41715,78
41716,78
41717,78
41718,78
41719,78
41720,78
41721,78
41722,78
41723,78
41724,78
41725,78
41726,78
41727,78
41728,78
41729,78
41730,78
41731,78
41732,78
41733,78
41734,78
41735,78
41736,78
41737,78
41738,78
41739,78
41740,78
41741,78
41742,78
41743,78
41744,78
41745,78
41746,78
41747,78
41748,78
41749,78
41750,78
41751,78
41752,78
41753,78
41754,78
41755,78
41756,78
41757,78
41758,78
41759,78
41760,78
41761,78
41762,78
41763,78
41764,78
41765,78
41766,78
41767,78
41768,78
41769,78
41770,78
41771,78
41772,78
41773,78
41774,78
41775,78
41776,78
41777,78
41778,78
41779,78
41780,78
41781,78
41782,78
41783,78
41784,78
41785,78
41786,78
41787,78
41788,78
41789,78
41790,78
41791,78
41792,78
41793,78
41794,78
41795,78
41796,78
41797,78
41798,78
41799,78
41800,78
41801,78
41802,78
41803,78
41804,78
41805,78
41806,78
41807,78
41808,78
41809,78
41810,78
41811,78
41812,78
41813,78
41814,78
41815,78
41816,78
41817,78
41818,78
41819,78
41820,78
41821,78
41822,78
41823,78
41824,78
41825,78
41826,78
41827,78
41828,78
41829,78
41830,78
41831,78
41832,78
41833,78
41834,78
41835,78
41836,78
41837,78
41838,78
41839,78
41840,78
41841,78
41842,78
41843,78
41844,78
41845,78
41846,78
41847,78
41848,78
41849,78
41850,78
41851,78
41852,78
41853,78
41854,78
41855,78
41856,78
41857,78
41858,78
41859,78
41860,78
41861,78
41862,78
41863,78
41864,78
41865,78
41866,78
41867,78
41868,78
41869,78
41870,78
41871,78
41872,78
41873,78
41874,78
41875,78
41876,78
41877,78
41878,78
41879,78
41880,78
41881,78
41882,78
41883,78
41884,78
41885,78
41886,78
41887,78
41888,78
41889,78
41890,78
41891,78
41892,78
41893,78
41894,78
41895,78
41896,78
41897,78
41898,78
41899,78
41900,78
41901,78
41902,78
41903,78
41904,78
41905,78
41906,78
41907,78
41908,78
41909,78
41910,78
41911,78
41912,78
41913,78
41914,78
41915,78
41916,78
41917,78
41918,78
41919,78
41920,78
41921,78
41922,78
41923,78
41924,78
41925,78
41926,78
41927,78
41928,78
41929,78
41930,78
41931,78
41932,78
41933,78
41934,78
41935,78
41936,78
41937,78
41938,78
41939,78
41940,78
41941,78
41942,78
41943,78
41944,78
41945,78
41946,78
41947,78
41948,78
41949,78
41950,78
41951,78
41952,78
41953,78
41954,78
41955,78
41956,78
41957,78
41958,78
41959,78
41960,78
41961,78
41962,78
41963,78
41964,78
41965,78
41966,78
41967,78
41968,78
41969,78
41970,78
41971,78
41972,78
41973,78
41974,78
41975,78
41976,78
41977,78
41978,78
41979,78
41980,78
41981,78
41982,78
41983,78
41984,78
41985,78
41986,78
41987,78
41988,78
41989,78
41990,78
41991,78
41992,78
41993,78
41994,78
41995,78
41996,78
41997,78
41998,78
41999,78
42000,78
42001,78
42002,78
42003,78
42004,78
42005,78
42006,78
42007,78
42008,78
42009,78
42010,78
42011,78
42012,78
42013,78
42014,78
42015,78
42016,78
42017,78
42018,78
42019,78
42020,78
42021,78
42022,78
42023,78
42024,78
42025,78
42026,78
42027,78
42028,78
42029,78
42030,78
42031,78
42032,78
42033,78
42034,78
42035,78
42036,78
42037,78
42038,78
42039,78
42040,78
42041,78
42042,78
42043,78
42044,78
42045,78
42046,78
42047,78
42048,78
42049,78
42050,78
42051,78
42052,78
42053,78
42054,78
42055,78
42056,78
42057,78
42058,78
42059,78
42060,78
42061,78
42062,78
42063,78
42064,78
42065,78
42066,78
42067,78
42068,78
42069,78
42070,78
42071,78
42072,78
42073,78
42074,78
42075,78
42076,78
42077,78
42078,78
42079,78
42080,78
42081,78
42082,78
42083,78
42084,78
42085,78
42086,78
42087,78
42088,78
42089,78
42090,78
42091,78
42092,78
42093,78
42094,78
42095,78
42096,78
42097,78
42098,78
42099,78
42100,78
42101,78
42102,78
42103,78
42104,78
42105,78
42106,78
42107,78
42108,78
42109,78
42110,78
42111,78
42112,78
42113,78
42114,78
42115,78
42116,78
42117,78
42118,78
42119,78
42120,78
42121,78
42122,78
42123,78
42124,78
42125,78
42126,78
42127,78
42128,78
42129,78
42130,78
42131,78
42132,78
42133,78
42134,78
42135,78
42136,78
42137,78
42138,78
42139,78
42140,78
42141,78
42142,78
42143,78
42144,78
42145,78
42146,78
42147,78
42148,78
42149,78
42150,78
42151,78
42152,78
42153,78
42154,78
42155,78
42156,78
42157,78
42158,78
42159,78
42160,78
42161,78
42162,78
42163,78
42164,78
42165,78
42166,78
42167,78
42168,78
42169,78
42170,78
42171,78
42172,78
42173,78
42174,78
42175,78
42176,78
42177,78
42178,78
42179,78
42180,78
42181,78
42182,78
42183,78
42184,78
42185,78
42186,78
42187,78
42188,78
42189,78
42190,78
42191,78
42192,78
42193,78
42194,78
42195,78
42196,78
42197,78
42198,78
42199,78
42200,78
42201,78
42202,78
42203,78
42204,78
42205,78
42206,78
42207,78
42208,78
42209,78
42210,78
42211,78
42212,78
42213,78
42214,78
42215,78
42216,78
42217,78
42218,78
42219,78
42220,78
42221,78
42222,78
42223,78
42224,78
42225,78
42226,78
42227,78
42228,78
42229,78
42230,78
42231,78
42232,78
42233,78
42234,78
42235,78
42236,78
42237,78
42238,78
42239,78
42240,78
42241,78
42242,78
42243,78
42244,78
42245,78
42246,78
42247,78
42248,78
42249,78
42250,78
42251,78
42252,78
42253,78
42254,78
42255,78
42256,78
42257,78
42258,78
42259,78
42260,78
42261,78
42262,78
42263,78
42264,78
42265,78
42266,78
42267,78
42268,78
42269,78
42270,78
42271,78
42272,78
42273,78
42274,78
42275,78
42276,78
42277,78
42278,78
42279,78
42280,78
42281,78
42282,78
42283,78
42284,78
42285,78
42286,78
42287,78
42288,78
42289,78
42290,78
42291,78
42292,78
42293,78
42294,78
42295,78
42296,78
42297,78
42298,78
42299,78
42300,78
42301,78
42302,78
42303,78
42304,78
42305,78
42306,78
42307,78
42308,78
42309,78
42310,78
42311,78
42312,78
42313,78
42314,78
42315,78
42316,78
42317,78
42318,78
42319,78
42320,78
42321,78
42322,78
42323,78
42324,78
42325,78
42326,78
42327,78
42328,78
42329,78
42330,78
42331,78
42332,78
42333,78
42334,78
42335,78
42336,78
42337,78
42338,78
42339,78
42340,78
42341,78
42342,78
42343,78
42344,78
42345,78
42346,78
42347,78
42348,78
42349,78
42350,78
42351,78
42352,78
42353,78
42354,78
42355,78
42356,78
42357,78
42358,78
42359,78
42360,78
42361,78
42362,78
42363,78
42364,78
42365,78
42366,78
42367,78
42368,78
42369,78
42370,78
42371,78
42372,78
42373,78
42374,78
42375,78
42376,78
42377,78
42378,78
42379,78
42380,78
42381,78
42382,78
42383,78
42384,78
42385,78
42386,78
42387,78
42388,78
42389,78
42390,78
42391,78
42392,78
42393,78
42394,78
42395,78
42396,78
42397,78
42398,78
42399,78
42400,78
42401,78
42402,78
42403,78
42404,78
42405,78
42406,78
42407,78
42408,78
42409,78
42410,78
42411,78
42412,78
42413,78
42414,78
42415,78
42416,78
42417,78
42418,78
42419,78
42420,78
42421,78
42422,78
42423,78
42424,78
42425,78
42426,78
42427,78
42428,78
42429,78
42430,78
42431,78
42432,78
42433,78
42434,78
42435,78
42436,78
42437,78
42438,78
42439,78
42440,78
42441,78
42442,78
42443,78
42444,78
42445,78
42446,78
42447,78
42448,78
42449,78
42450,78
42451,78
42452,78
42453,78
42454,78
42455,78
42456,78
42457,78
42458,78
42459,78
42460,78
42461,78
42462,78
42463,78
42464,78
42465,78
42466,78
42467,78
42468,78
42469,78
42470,78
42471,78
42472,78
42473,78
42474,78
42475,78
42476,78
42477,78
42478,78
42479,78
42480,78
42481,78
42482,78
42483,78
42484,78
42485,78
42486,78
42487,78
42488,78
42489,78
42490,78
42491,78
42492,78
42493,78
42494,78
42495,78
42496,78
42497,78
42498,78
42499,78
42500,78
42501,78
42502,78
42503,78
42504,78
42505,78
42506,78
42507,78
42508,78
42509,78
42510,78
42511,78
42512,78
42513,78
42514,78
42515,78
42516,78
42517,78
42518,78
42519,78
42520,78
42521,78
42522,78
42523,78
42524,78
42525,78
42526,78
42527,78
42528,78
42529,78
42530,78
42531,78
42532,78
42533,78
42534,78
42535,78
42536,78
42537,78
42538,78
42539,78
42540,78
42541,78
42542,78
42543,78
42544,78
42545,78
42546,78
42547,78
42548,78
42549,78
42550,78
42551,78
42552,78
42553,78
42554,78
42555,78
42556,78
42557,78
42558,78
42559,78
42560,78
42561,78
42562,78
42563,78
42564,78
42565,78
42566,78
42567,78
42568,78
42569,78
42570,78
42571,78
42572,78
42573,78
42574,78
42575,78
42576,78
42577,78
42578,78
42579,78
42580,78
42581,78
42582,78
42583,78
42584,78
42585,78
42586,78
42587,78
42588,78
42589,78
42590,78
42591,78
42592,78
42593,78
42594,78
42595,78
42596,78
42597,78
42598,78
42599,78
42600,78
42601,78
42602,78
42603,78
42604,78
42605,78
42606,78
42607,78
42608,78
42609,78
42610,78
42611,78
42612,78
42613,78
42614,78
42615,78
42616,78
42617,78
42618,78
42619,78
42620,78
42621,78
42622,78
42623,78
42624,78
42625,78
42626,78
42627,78
42628,78
42629,78
42630,78
42631,78
42632,78
42633,78
42634,78
42635,78
42636,78
42637,78
42638,78
42639,78
42640,78
42641,78
42642,78
42643,78
42644,78
42645,78
42646,78
42647,78
42648,78
42649,78
42650,78
42651,78
42652,78
42653,78
42654,78
42655,78
42656,78
42657,78
42658,78
42659,78
42660,78
42661,78
42662,78
42663,78
42664,78
42665,78
42666,78
42667,78
42668,78
42669,78
42670,78
42671,78
42672,78
42673,78
42674,78
42675,78
42676,78
42677,78
42678,78
42679,78
42680,78
42681,78
42682,78
42683,78
42684,78
42685,78
42686,78
42687,78
42688,78
42689,78
42690,78
42691,78
42692,78
42693,78
42694,78
42695,78
42696,78
42697,78
42698,78
42699,78
42700,78
42701,78
42702,78
42703,78
42704,78
42705,78
42706,78
42707,78
42708,78
42709,78
42710,78
42711,78
42712,78
42713,78
42714,78
42715,78
42716,78
42717,78
42718,78
42719,78
42720,78
42721,78
42722,78
42723,78
42724,78
42725,78
42726,78
42727,78
42728,78
42729,78
42730,78
42731,78
42732,78
42733,78
42734,78
42735,78
42736,78
42737,78
42738,78
42739,78
42740,78
42741,78
42742,78
42743,78
42744,78
42745,78
42746,78
42747,78
42748,78
42749,78
42750,78
42751,78
42752,78
42753,78
42754,78
42755,78
42756,78
42757,78
42758,78
42759,78
42760,78
42761,78
42762,78
42763,78
42764,78
42765,78
42766,78
42767,78
42768,78
42769,78
42770,78
42771,78
42772,78
42773,78
42774,78
42775,78
42776,78
42777,78
42778,78
42779,78
42780,78
42781,78
42782,78
42783,78
42784,78
42785,78
42786,78
42787,78
42788,78
42789,78
42790,78
42791,78
42792,78
42793,78
42794,78
42795,78
42796,78
42797,78
42798,78
42799,78
42800,78
42801,78
42802,78
42803,78
42804,78
42805,78
42806,78
42807,78
42808,78
42809,78
42810,78
42811,78
42812,78
42813,78
42814,78
42815,78
42816,78
42817,78
42818,78
42819,78
42820,78
42821,78
42822,78
42823,78
42824,78
42825,78
42826,78
42827,78
42828,78
42829,78
42830,78
42831,78
42832,78
42833,78
42834,78
42835,78
42836,78
42837,78
42838,78
42839,78
42840,78
42841,78
42842,78
42843,78
42844,78
42845,78
42846,78
42847,78
42848,78
42849,78
42850,78
42851,78
42852,78
42853,78
42854,78
42855,78
42856,78
42857,78
42858,78
42859,78
42860,78
42861,78
42862,78
42863,78
42864,78
42865,78
42866,78
42867,78
42868,78
42869,78
42870,78
42871,78
42872,78
42873,78
42874,78
42875,78
42876,78
42877,78
42878,78
42879,78
42880,78
42881,78
42882,78
42883,78
42884,78
42885,78
42886,78
42887,78
42888,78
42889,78
42890,78
42891,78
42892,78
42893,78
42894,78
42895,78
42896,78
42897,78
42898,78
42899,78
42900,78
42901,78
42902,78
42903,78
42904,78
42905,78
42906,78
42907,78
42908,78
42909,78
42910,78
42911,78
42912,78
42913,78
42914,78
42915,78
42916,78
42917,78
42918,78
42919,78
42920,78
42921,78
42922,78
42923,78
42924,78
42925,78
42926,78
42927,78
42928,78
42929,78
42930,78
42931,78
42932,78
42933,78
42934,78
42935,78
42936,78
42937,78
42938,78
42939,78
42940,78
42941,78
42942,78
42943,78
42944,78
42945,78
42946,78
42947,78
42948,78
42949,78
42950,78
42951,78
42952,78
42953,78
42954,78
42955,78
42956,78
42957,78
42958,78
42959,78
42960,78
42961,78
42962,78
42963,78
42964,78
42965,78
42966,78
42967,78
42968,78
42969,78
42970,78
42971,78
42972,78
42973,78
42974,78
42975,78
42976,78
42977,78
42978,78
42979,78
42980,78
42981,78
42982,78
42983,78
42984,78
42985,78
42986,78
42987,78
42988,78
42989,78
42990,78
42991,78
42992,78
42993,78
42994,78
42995,78
42996,78
42997,78
42998,78
42999,78
43000,78
43001,78
43002,78
43003,78
43004,78
43005,78
43006,78
43007,78
43008,78
43009,78
43010,78
43011,78
43012,78
43013,78
43014,78
43015,78
43016,78
43017,78
43018,78
43019,78
43020,78
43021,78
43022,78
43023,78
43024,78
43025,78
43026,78
43027,78
43028,78
43029,78
43030,78
43031,78
43032,78
43033,78
43034,78
43035,78
43036,78
43037,78
43038,78
43039,78
43040,78
43041,78
43042,78
43043,78
43044,78
43045,78
43046,78
43047,78
43048,78
43049,78
43050,78
43051,78
43052,78
43053,78
43054,78
43055,78
43056,78
43057,78
43058,78
43059,78
43060,78
43061,78
43062,78
43063,78
43064,78
43065,78
43066,78
43067,78
43068,78
43069,78
43070,78
43071,78
43072,78
43073,78
43074,78
43075,78
43076,78
43077,78
43078,78
43079,78
43080,78
43081,78
43082,78
43083,78
43084,78
43085,78
43086,78
43087,78
43088,78
43089,78
43090,78
43091,78
43092,78
43093,78
43094,78
43095,78
43096,78
43097,78
43098,78
43099,78
43100,78
43101,78
43102,78
43103,78
43104,78
43105,78
43106,78
43107,78
43108,78
43109,78
43110,78
43111,78
43112,78
43113,78
43114,78
43115,78
43116,78
43117,78
43118,78
43119,78
43120,78
43121,78
43122,78
43123,78
43124,78
43125,78
43126,78
43127,78
43128,78
43129,78
43130,78
43131,78
43132,78
43133,78
43134,78
43135,78
43136,78
43137,78
43138,78
43139,78
43140,78
43141,78
43142,78
43143,78
43144,78
43145,78
43146,78
43147,78
43148,78
43149,78
43150,78
43151,78
43152,78
43153,78
43154,78
43155,78
43156,78
43157,78
43158,78
43159,78
43160,78
43161,78
43162,78
43163,78
43164,78
43165,78
43166,78
43167,78
43168,78
43169,78
43170,78
43171,78
43172,78
43173,78
43174,78
43175,78
43176,78
43177,78
43178,78
43179,78
43180,78
43181,78
43182,78
43183,78
43184,78
43185,78
43186,78
43187,78
43188,78
43189,78
43190,78
43191,78
43192,78
43193,78
43194,78
43195,78
43196,78
43197,78
43198,78
43199,78
43200,78
43201,78
43202,78
43203,78
43204,78
43205,78
43206,78
43207,78
43208,78
43209,78
43210,78
43211,78
43212,78
43213,78
43214,78
43215,78
43216,78
43217,78
43218,78
43219,78
43220,78
43221,78
43222,78
43223,78
43224,78
43225,78
43226,78
43227,78
43228,78
43229,78
43230,78
43231,78
43232,78
43233,78
43234,78
43235,78
43236,78
43237,78
43238,78
43239,78
43240,78
43241,78
43242,78
43243,78
43244,78
43245,78
43246,78
43247,78
43248,78
43249,78
43250,78
43251,78
43252,78
43253,78
43254,78
43255,78
43256,78
43257,78
43258,78
43259,78
43260,78
43261,78
43262,78
43263,78
43264,78
43265,78
43266,78
43267,78
43268,78
43269,78
43270,78
43271,78
43272,78
43273,78
43274,78
43275,78
43276,78
43277,78
43278,78
43279,78
43280,78
43281,78
43282,78
43283,78
43284,78
43285,78
43286,78
43287,78
43288,78
43289,78
43290,78
43291,78
43292,78
43293,78
43294,78
43295,78
43296,78
43297,78
43298,78
43299,78
43300,78
43301,78
43302,78
43303,78
43304,78
43305,78
43306,78
43307,78
43308,78
43309,78
43310,78
43311,78
43312,78
43313,78
43314,78
43315,78
43316,78
43317,78
43318,78
43319,78
43320,78
43321,78
43322,78
43323,78
43324,78
43325,78
43326,78
43327,78
43328,78
43329,78
43330,78
43331,78
43332,78
43333,78
43334,78
43335,78
43336,78
43337,78
43338,78
43339,78
43340,78
43341,78
43342,78
43343,78
43344,78
43345,78
43346,78
43347,78
43348,78
43349,78
43350,78
43351,78
43352,78
43353,78
43354,78
43355,78
43356,78
43357,78
43358,78
43359,78
43360,78
43361,78
43362,78
43363,78
43364,78
43365,78
43366,78
43367,78
43368,78
43369,78
43370,78
43371,78
43372,78
43373,78
43374,78
43375,78
43376,78
43377,78
43378,78
43379,78
43380,78
43381,78
43382,78
43383,78
43384,78
43385,78
43386,78
43387,78
43388,78
43389,78
43390,78
43391,78
43392,78
43393,78
43394,78
43395,78
43396,78
43397,78
43398,78
43399,78
43400,78
43401,78
43402,78
43403,78
43404,78
43405,78
43406,78
43407,78
43408,78
43409,78
43410,78
43411,78
43412,78
43413,78
43414,78
43415,78
43416,78
43417,78
43418,78
43419,78
43420,78
43421,78
43422,78
43423,78
43424,78
43425,78
43426,78
43427,78
43428,78
43429,78
43430,78
43431,78
43432,78
43433,78
43434,78
43435,78
43436,78
43437,78
43438,78
43439,78
43440,78
43441,78
43442,78
43443,78
43444,78
43445,78
43446,78
43447,78
43448,78
43449,78
43450,78
43451,78
43452,78
43453,78
43454,78
43455,78
43456,78
43457,78
43458,78
43459,78
43460,78
43461,78
43462,78
43463,78
43464,78
43465,78
43466,78
43467,78
43468,78
43469,78
43470,78
43471,78
43472,78
43473,78
43474,78
43475,78
43476,78
43477,78
43478,78
43479,78
43480,78
43481,78
43482,78
43483,78
43484,78
43485,78
43486,78
43487,78
43488,78
43489,78
43490,78
43491,78
43492,78
43493,78
43494,78
43495,78
43496,78
43497,78
43498,78
43499,78
43500,78
43501,78
43502,78
43503,78
43504,78
43505,78
43506,78
43507,78
43508,78
43509,78
43510,78
43511,78
43512,78
43513,78
43514,78
43515,78
43516,78
43517,78
43518,78
43519,78
43520,78
43521,78
43522,78
43523,78
43524,78
43525,78
43526,78
43527,78
43528,78
43529,78
43530,78
43531,78
43532,78
43533,78
43534,78
43535,78
43536,78
43537,78
43538,78
43539,78
43540,78
43541,78
43542,78
43543,78
43544,78
43545,78
43546,78
43547,78
43548,78
43549,78
43550,78
43551,78
43552,78
43553,78
43554,78
43555,78
43556,78
43557,78
43558,78
43559,78
43560,78
43561,78
43562,78
43563,78
43564,78
43565,78
43566,78
43567,78
43568,78
43569,78
43570,78
43571,78
43572,78
43573,78
43574,78
43575,78
43576,78
43577,78
43578,78
43579,78
43580,78
43581,78
43582,78
43583,78
43584,78
43585,78
43586,78
43587,78
43588,78
43589,78
43590,78
43591,78
43592,78
43593,78
43594,78
43595,78
43596,78
43597,78
43598,78
43599,78
43600,78
43601,78
43602,78
43603,78
43604,78
43605,78
43606,78
43607,78
43608,78
43609,78
43610,78
43611,78
43612,78
43613,78
43614,78
43615,78
43616,78
43617,78
43618,78
43619,78
43620,78
43621,78
43622,78
43623,78
43624,78
43625,78
43626,78
43627,78
43628,78
43629,78
43630,78
43631,78
43632,78
43633,78
43634,78
43635,78
43636,78
43637,78
43638,78
43639,78
43640,78
43641,78
43642,78
43643,78
43644,78
43645,78
43646,78
43647,78
43648,78
43649,78
43650,78
43651,78
43652,78
43653,78
43654,78
43655,78
43656,78
43657,78
43658,78
43659,78
43660,78
43661,78
43662,78
43663,78
43664,78
43665,78
43666,78
43667,78
43668,78
43669,78
43670,78
43671,78
43672,78
43673,78
43674,78
43675,78
43676,78
43677,78
43678,78
43679,78
43680,78
43681,78
43682,78
43683,78
43684,78
43685,78
43686,78
43687,78
43688,78
43689,78
43690,78
43691,78
43692,78
43693,78
43694,78
43695,78
43696,78
43697,78
43698,78
43699,78
43700,78
43701,78
43702,78
43703,78
43704,78
43705,78
43706,78
43707,78
43708,78
43709,78
43710,78
43711,78
43712,78
43713,78
43714,78
43715,78
43716,78
43717,78
43718,78
43719,78
43720,78
43721,78
43722,78
43723,78
43724,78
43725,78
43726,78
43727,78
43728,78
43729,78
43730,78
43731,78
43732,78
43733,78
43734,78
43735,78
43736,78
43737,78
43738,78
43739,78
43740,78
43741,78
43742,78
43743,78
43744,78
43745,78
43746,78
43747,78
43748,78
43749,78
43750,78
43751,78
43752,78
43753,78
43754,78
43755,78
43756,78
43757,78
43758,78
43759,78
43760,78
43761,78
43762,78
43763,78
43764,78
43765,78
43766,78
43767,78
43768,78
43769,78
43770,78
43771,78
43772,78
43773,78
43774,78
43775,78
43776,78
43777,78
43778,78
43779,78
43780,78
43781,78
43782,78
43783,78
43784,78
43785,78
43786,78
43787,78
43788,78
43789,78
43790,78
43791,78
43792,78
43793,78
43794,78
43795,78
43796,78
43797,78
43798,78
43799,78
43800,78
43801,78
43802,78
43803,78
43804,78
43805,78
43806,78
43807,78
43808,78
43809,78
43810,78
43811,78
43812,78
43813,78
43814,78
43815,78
43816,78
43817,78
43818,78
43819,78
43820,78
43821,78
43822,78
43823,78
43824,78
43825,78
43826,78
43827,78
43828,78
43829,78
43830,78
43831,78
43832,78
43833,78
43834,78
43835,78
43836,78
43837,78
43838,78
43839,78
43840,78
43841,78
43842,78
43843,78
43844,78
43845,78
43846,78
43847,78
43848,78
43849,78
43850,78
43851,78
43852,78
43853,78
43854,78
43855,78
43856,78
43857,78
43858,78
43859,78
43860,78
43861,78
43862,78
43863,78
43864,78
43865,78
43866,78
43867,78
43868,78
43869,78
43870,78
43871,78
43872,78
43873,78
43874,78
43875,78
43876,78
43877,78
43878,78
43879,78
43880,78
43881,78
43882,78
43883,78
43884,78
43885,78
43886,78
43887,78
43888,78
43889,78
43890,78
43891,78
43892,78
43893,78
43894,78
43895,78
43896,78
43897,78
43898,78
43899,78
43900,78
43901,78
43902,78
43903,78
43904,78
43905,78
43906,78
43907,78
43908,78
43909,78
43910,78
43911,78
43912,78
43913,78
43914,78
43915,78
43916,78
43917,78
43918,78
43919,78
43920,78
43921,78
43922,78
43923,78
43924,78
43925,78
43926,78
43927,78
43928,78
43929,78
43930,78
43931,78
43932,78
43933,78
43934,78
43935,78
43936,78
43937,78
43938,78
43939,78
43940,78
43941,78
43942,78
43943,78
43944,78
43945,78
43946,78
43947,78
43948,78
43949,78
43950,78
43951,78
43952,78
43953,78
43954,78
43955,78
43956,78
43957,78
43958,78
43959,78
43960,78
43961,78
43962,78
43963,78
43964,78
43965,78
43966,78
43967,78
43968,78
43969,78
43970,78
43971,78
43972,78
43973,78
43974,78
43975,78
43976,78
43977,78
43978,78
43979,78
43980,78
43981,78
43982,78
43983,78
43984,78
43985,78
43986,78
43987,78
43988,78
43989,78
43990,78
43991,78
43992,78
43993,78
43994,78
43995,78
43996,78
43997,78
43998,78
43999,78
44000,78
44001,78
44002,78
44003,78
44004,78
44005,78
44006,78
44007,78
44008,78
44009,78
44010,78
44011,78
44012,78
44013,78
44014,78
44015,78
44016,78
44017,78
44018,78
44019,78
44020,78
44021,78
44022,78
44023,78
44024,78
44025,78
44026,78
44027,78
44028,78
44029,78
44030,78
44031,78
44032,78
44033,78
44034,78
44035,78
44036,78
44037,78
44038,78
44039,78
44040,78
44041,78
44042,78
44043,78
44044,78
44045,78
44046,78
44047,78
44048,78
44049,78
44050,78
44051,78
44052,78
44053,78
44054,78
44055,78
44056,78
44057,78
44058,78
44059,78
44060,78
44061,78
44062,78
44063,78
44064,78
44065,78
44066,78
44067,78
44068,78
44069,78
44070,78
44071,78
44072,78
44073,78
44074,78
44075,78
44076,78
44077,78
44078,78
44079,78
44080,78
44081,78
44082,78
44083,78
44084,78
44085,78
44086,78
44087,78
44088,78
44089,78
44090,78
44091,78
44092,78
44093,78
44094,78
44095,78
44096,78
44097,78
44098,78
44099,78
44100,78
44101,78
44102,78
44103,78
44104,78
44105,78
44106,78
44107,78
44108,78
44109,78
44110,78
44111,78
44112,78
44113,78
44114,78
44115,78
44116,78
44117,78
44118,78
44119,78
44120,78
44121,78
44122,78
44123,78
44124,78
44125,78
44126,78
44127,78
44128,78
44129,78
44130,78
44131,78
44132,78
44133,78
44134,78
44135,78
44136,78
44137,78
44138,78
44139,78
44140,78
44141,78
44142,78
44143,78
44144,78
44145,78
44146,78
44147,78
44148,78
44149,78
44150,78
44151,78
44152,78
44153,78
44154,78
44155,78
44156,78
44157,78
44158,78
44159,78
44160,78
44161,78
44162,78
44163,78
44164,78
44165,78
44166,78
44167,78
44168,78
44169,78
44170,78
44171,78
44172,78
44173,78
44174,78
44175,78
44176,78
44177,78
44178,78
44179,78
44180,78
44181,78
44182,78
44183,78
44184,78
44185,78
44186,78
44187,78
44188,78
44189,78
44190,78
44191,78
44192,78
44193,78
44194,78
44195,78
44196,78
44197,78
44198,78
44199,78
44200,78
44201,78
44202,78
44203,78
44204,78
44205,78
44206,78
44207,78
44208,78
44209,78
44210,78
44211,78
44212,78
44213,78
44214,78
44215,78
44216,78
44217,78
44218,78
44219,78
44220,78
44221,78
44222,78
44223,78
44224,78
44225,78
44226,78
44227,78
44228,78
44229,78
44230,78
44231,78
44232,78
44233,78
44234,78
44235,78
44236,78
44237,78
44238,78
44239,78
44240,78
44241,78
44242,78
44243,78
44244,78
44245,78
44246,78
44247,78
44248,78
44249,78
44250,78
44251,78
44252,78
44253,78
44254,78
44255,78
44256,78
44257,78
44258,78
44259,78
44260,78
44261,78
44262,78
44263,78
44264,78
44265,78
44266,78
44267,78
44268,78
44269,78
44270,78
44271,78
44272,78
44273,78
44274,78
44275,78
44276,78
44277,78
44278,78
44279,78
44280,78
44281,78
44282,78
44283,78
44284,78
44285,78
44286,78
44287,78
44288,78
44289,78
44290,78
44291,78
44292,78
44293,78
44294,78
44295,78
44296,78
44297,78
44298,78
44299,78
44300,78
44301,78
44302,78
44303,78
44304,78
44305,78
44306,78
44307,78
44308,78
44309,78
44310,78
44311,78
44312,78
44313,78
44314,78
44315,78
44316,78
44317,78
44318,78
44319,78
44320,78
44321,78
44322,78
44323,78
44324,78
44325,78
44326,78
44327,78
44328,78
44329,78
44330,78
44331,78
44332,78
44333,78
44334,78
44335,78
44336,78
44337,78
44338,78
44339,78
44340,78
44341,78
44342,78
44343,78
44344,78
44345,78
44346,78
44347,78
44348,78
44349,78
44350,78
44351,78
44352,78
44353,78
44354,78
44355,78
44356,78
44357,78
44358,78
44359,78
44360,78
44361,78
44362,78
44363,78
44364,78
44365,78
44366,78
44367,78
44368,78
44369,78
44370,78
44371,78
44372,78
44373,78
44374,78
44375,78
44376,78
44377,78
44378,78
44379,78
44380,78
44381,78
44382,78
44383,78
44384,78
44385,78
44386,78
44387,78
44388,78
44389,78
44390,78
44391,78
44392,78
44393,78
44394,78
44395,78
44396,78
44397,78
44398,78
44399,78
44400,78
44401,78
44402,78
44403,78
44404,78
44405,78
44406,78
44407,78
44408,78
44409,78
44410,78
44411,78
44412,78
44413,78
44414,78
44415,78
44416,78
44417,78
44418,78
44419,78
44420,78
44421,78
44422,78
44423,78
44424,78
44425,78
44426,78
44427,78
44428,78
44429,78
44430,78
44431,78
44432,78
44433,78
44434,78
44435,78
44436,78
44437,78
44438,78
44439,78
44440,78
44441,78
44442,78
44443,78
44444,78
44445,78
44446,78
44447,78
44448,78
44449,78
44450,78
44451,78
44452,78
44453,78
44454,78
44455,78
44456,78
44457,78
44458,78
44459,78
44460,78
44461,78
44462,78
44463,78
44464,78
44465,78
44466,78
44467,78
44468,78
44469,78
44470,78
44471,78
44472,78
44473,78
44474,78
44475,78
44476,78
44477,78
44478,78
44479,78
44480,78
44481,78
44482,78
44483,78
44484,78
44485,78
44486,78
44487,78
44488,78
44489,78
44490,78
44491,78
44492,78
44493,78
44494,78
44495,78
44496,78
44497,78
44498,78
44499,78
44500,78
44501,78
44502,78
44503,78
44504,78
44505,78
44506,78
44507,78
44508,78
44509,78
44510,78
44511,78
44512,78
44513,78
44514,78
44515,78
44516,78
44517,78
44518,78
44519,78
44520,78
44521,78
44522,78
44523,78
44524,78
44525,78
44526,78
44527,78
44528,78
44529,78
44530,78
44531,78
44532,78
44533,78
44534,78
44535,78
44536,78
44537,78
44538,78
44539,78
44540,78
44541,78
44542,78
44543,78
44544,78
44545,78
44546,78
44547,78
44548,78
44549,78
44550,78
44551,78
44552,78
44553,78
44554,78
44555,78
44556,78
44557,78
44558,78
44559,78
44560,78
44561,78
44562,78
44563,78
44564,78
44565,78
44566,78
44567,78
44568,78
44569,78
44570,78
44571,78
44572,78
44573,78
44574,78
44575,78
44576,78
44577,78
44578,78
44579,78
44580,78
44581,78
44582,78
44583,78
44584,78
44585,78
44586,78
44587,78
44588,78
44589,78
44590,78
44591,78
44592,78
44593,78
44594,78
44595,78
44596,78
44597,78
44598,78
44599,78
44600,78
44601,78
44602,78
44603,78
44604,78
44605,78
44606,78
44607,78
44608,78
44609,78
44610,78
44611,78
44612,78
44613,78
44614,78
44615,78
44616,78
44617,78
44618,78
44619,78
44620,78
44621,78
44622,78
44623,78
44624,78
44625,78
44626,78
44627,78
44628,78
44629,78
44630,78
44631,78
44632,78
44633,78
44634,78
44635,78
44636,78
44637,78
44638,78
44639,78
44640,78
44641,78
44642,78
44643,78
44644,78
44645,78
44646,78
44647,78
44648,78
44649,78
44650,78
44651,78
44652,78
44653,78
44654,78
44655,78
44656,78
44657,78
44658,78
44659,78
44660,78
44661,78
44662,78
44663,78
44664,78
44665,78
44666,78
44667,78
44668,78
44669,78
44670,78
44671,78
44672,78
44673,78
44674,78
44675,78
44676,78
44677,78
44678,78
44679,78
44680,78
44681,78
44682,78
44683,78
44684,78
44685,78
44686,78
44687,78
44688,78
44689,78
44690,78
44691,78
44692,78
44693,78
44694,78
44695,78
44696,78
44697,78
44698,78
44699,78
44700,78
44701,78
44702,78
44703,78
44704,78
44705,78
44706,78
44707,78
44708,78
44709,78
44710,78
44711,78
44712,78
44713,78
44714,78
44715,78
44716,78
44717,78
44718,78
44719,78
44720,78
44721,78
44722,78
44723,78
44724,78
44725,78
44726,78
44727,78
44728,78
44729,78
44730,78
44731,78
44732,78
44733,78
44734,78
44735,78
44736,78
44737,78
44738,78
44739,78
44740,78
44741,78
44742,78
44743,78
44744,78
44745,78
44746,78
44747,78
44748,78
44749,78
44750,78
44751,78
44752,78
44753,78
44754,78
44755,78
44756,78
44757,78
44758,78
44759,78
44760,78
44761,78
44762,78
44763,78
44764,78
44765,78
44766,78
44767,78
44768,78
44769,78
44770,78
44771,78
44772,78
44773,78
44774,78
44775,78
44776,78
44777,78
44778,78
44779,78
44780,78
44781,78
44782,78
44783,78
44784,78
44785,78
44786,78
44787,78
44788,78
44789,78
44790,78
44791,78
44792,78
44793,78
44794,78
44795,78
44796,78
44797,78
44798,78
44799,78
44800,78
44801,78
44802,78
44803,78
44804,78
44805,78
44806,78
44807,78
44808,78
44809,78
44810,78
44811,78
44812,78
44813,78
44814,78
44815,78
44816,78
44817,78
44818,78
44819,78
44820,78
44821,78
44822,78
44823,78
44824,78
44825,78
44826,78
44827,78
44828,78
44829,78
44830,78
44831,78
44832,78
44833,78
44834,78
44835,78
44836,78
44837,78
44838,78
44839,78
44840,78
44841,78
44842,78
44843,78
44844,78
44845,78
44846,78
44847,78
44848,78
44849,78
44850,78
44851,78
44852,78
44853,78
44854,78
44855,78
44856,78
44857,78
44858,78
44859,78
44860,78
44861,78
44862,78
44863,78
44864,78
44865,78
44866,78
44867,78
44868,78
44869,78
44870,78
44871,78
44872,78
44873,78
44874,78
44875,78
44876,78
44877,78
44878,78
44879,78
44880,78
44881,78
44882,78
44883,78
44884,78
44885,78
44886,78
44887,78
44888,78
44889,78
44890,78
44891,78
44892,78
44893,78
44894,78
44895,78
44896,78
44897,78
44898,78
44899,78
44900,78
44901,78
44902,78
44903,78
44904,78
44905,78
44906,78
44907,78
44908,78
44909,78
44910,78
44911,78
44912,78
44913,78
44914,78
44915,78
44916,78
44917,78
44918,78
44919,78
44920,78
44921,78
44922,78
44923,78
44924,78
44925,78
44926,78
44927,78
44928,78
44929,78
44930,78
44931,78
44932,78
44933,78
44934,78
44935,78
44936,78
44937,78
44938,78
44939,78
44940,78
44941,78
44942,78
44943,78
44944,78
44945,78
44946,78
44947,78
44948,78
44949,78
44950,78
44951,78
44952,78
44953,78
44954,78
44955,78
44956,78
44957,78
44958,78
44959,78
44960,78
44961,78
44962,78
44963,78
44964,78
44965,78
44966,78
44967,78
44968,78
44969,78
44970,78
44971,78
44972,78
44973,78
44974,78
44975,78
44976,78
44977,78
44978,78
44979,78
44980,78
44981,78
44982,78
44983,78
44984,78
44985,78
44986,78
44987,78
44988,78
44989,78
44990,78
44991,78
44992,78
44993,78
44994,78
44995,78
44996,78
44997,78
44998,78
44999,78
45000,78
45001,78
45002,78
45003,78
45004,78
45005,78
45006,78
45007,78
45008,78
45009,78
45010,78
45011,78
45012,78
45013,78
45014,78
45015,78
45016,78
45017,78
45018,78
45019,78
45020,78
45021,78
45022,78
45023,78
45024,78
45025,78
45026,78
45027,78
45028,78
45029,78
45030,78
45031,78
45032,78
45033,78
45034,78
45035,78
45036,78
45037,78
45038,78
45039,78
45040,78
45041,78
45042,78
45043,78
45044,78
45045,78
45046,78
45047,78
45048,78
45049,78
45050,78
45051,78
45052,78
45053,78
45054,78
45055,78
45056,78
45057,78
45058,78
45059,78
45060,78
45061,78
45062,78
45063,78
45064,78
45065,78
45066,78
45067,78
45068,78
45069,78
45070,78
45071,78
45072,78
45073,78
45074,78
45075,78
45076,78
45077,78
45078,78
45079,78
45080,78
45081,78
45082,78
45083,78
45084,78
45085,78
45086,78
45087,78
45088,78
45089,78
45090,78
45091,78
45092,78
45093,78
45094,78
45095,78
45096,78
45097,78
45098,78
45099,78
45100,78
45101,78
45102,78
45103,78
45104,78
45105,78
45106,78
45107,78
45108,78
45109,78
45110,78
45111,78
45112,78
45113,78
45114,78
45115,78
45116,78
45117,78
45118,78
45119,78
45120,78
45121,78
45122,78
45123,78
45124,78
45125,78
45126,78
45127,78
45128,78
45129,78
45130,78
45131,78
45132,78
45133,78
45134,78
45135,78
45136,78
45137,78
45138,78
45139,78
45140,78
45141,78
45142,78
45143,78
45144,78
45145,78
45146,78
45147,78
45148,78
45149,78
45150,78
45151,78
45152,78
45153,78
45154,78
45155,78
45156,78
45157,78
45158,78
45159,78
45160,78
45161,78
45162,78
45163,78
45164,78
45165,78
45166,78
45167,78
45168,78
45169,78
45170,78
45171,78
45172,78
45173,78
45174,78
45175,78
45176,78
45177,78
45178,78
45179,78
45180,78
45181,78
45182,78
45183,78
45184,78
45185,78
45186,78
45187,78
45188,78
45189,78
45190,78
45191,78
45192,78
45193,78
45194,78
45195,78
45196,78
45197,78
45198,78
45199,78
45200,78
45201,78
45202,78
45203,78
45204,78
45205,78
45206,78
45207,78
45208,78
45209,78
45210,78
45211,78
45212,78
45213,78
45214,78
45215,78
45216,78
45217,78
45218,78
45219,78
45220,78
45221,78
45222,78
45223,78
45224,78
45225,78
45226,78
45227,78
45228,78
45229,78
45230,78
45231,78
45232,78
45233,78
45234,78
45235,78
45236,78
45237,78
45238,78
45239,78
45240,78
45241,78
45242,78
45243,78
45244,78
45245,78
45246,78
45247,78
45248,78
45249,78
45250,78
45251,78
45252,78
45253,78
45254,78
45255,78
45256,78
45257,78
45258,78
45259,78
45260,78
45261,78
45262,78
45263,78
45264,78
45265,78
45266,78
45267,78
45268,78
45269,78
45270,78
45271,78
45272,78
45273,78
45274,78
45275,78
45276,78
45277,78
45278,78
45279,78
45280,78
45281,78
45282,78
45283,78
45284,78
45285,78
45286,78
45287,78
45288,78
45289,78
45290,78
45291,78
45292,78
45293,78
45294,78
45295,78
45296,78
45297,78
45298,78
45299,78
45300,78
45301,78
45302,78
45303,78
45304,78
45305,78
45306,78
45307,78
45308,78
45309,78
45310,78
45311,78
45312,78
45313,78
45314,78
45315,78
45316,78
45317,78
45318,78
45319,78
45320,78
45321,78
45322,78
45323,78
45324,78
45325,78
45326,78
45327,78
45328,78
45329,78
45330,78
45331,78
45332,78
45333,78
45334,78
45335,78
45336,78
45337,78
45338,78
45339,78
45340,78
45341,78
45342,78
45343,78
45344,78
45345,78
45346,78
45347,78
45348,78
45349,78
45350,78
45351,78
45352,78
45353,78
45354,78
45355,78
45356,78
45357,78
45358,78
45359,78
45360,78
45361,78
45362,78
45363,78
45364,78
45365,78
45366,78
45367,78
45368,78
45369,78
45370,78
45371,78
45372,78
45373,78
45374,78
45375,78
45376,78
45377,78
45378,78
45379,78
45380,78
45381,78
45382,78
45383,78
45384,78
45385,78
45386,78
45387,78
45388,78
45389,78
45390,78
45391,78
45392,78
45393,78
45394,78
45395,78
45396,78
45397,78
45398,78
45399,78
45400,78
45401,78
45402,78
45403,78
45404,78
45405,78
45406,78
45407,78
45408,78
45409,78
45410,78
45411,78
45412,78
45413,78
45414,78
45415,78
45416,78
45417,78
45418,78
45419,78
45420,78
45421,78
45422,78
45423,78
45424,78
45425,78
45426,78
45427,78
45428,78
45429,78
45430,78
45431,78
45432,78
45433,78
45434,78
45435,78
45436,78
45437,78
45438,78
45439,78
45440,78
45441,78
45442,78
45443,78
45444,78
45445,78
45446,78
45447,78
45448,78
45449,78
45450,78
45451,78
45452,78
45453,78
45454,78
45455,78
45456,78
45457,78
45458,78
45459,78
45460,78
45461,78
45462,78
45463,78
45464,78
45465,78
45466,78
45467,78
45468,78
45469,78
45470,78
45471,78
45472,78
45473,78
45474,78
45475,78
45476,78
45477,78
45478,78
45479,78
45480,78
45481,78
45482,78
45483,78
45484,78
45485,78
45486,78
45487,78
45488,78
45489,78
45490,78
45491,78
45492,78
45493,78
45494,78
45495,78
45496,78
45497,78
45498,78
45499,78
45500,78
45501,78
45502,78
45503,78
45504,78
45505,78
45506,78
45507,78
45508,78
45509,78
45510,78
45511,78
45512,78
45513,78
45514,78
45515,78
45516,78
45517,78
45518,78
45519,78
45520,78
45521,78
45522,78
45523,78
45524,78
45525,78
45526,78
45527,78
45528,78
45529,78
45530,78
45531,78
45532,78
45533,78
45534,78
45535,78
45536,78
45537,78
45538,78
45539,78
45540,78
45541,78
45542,78
45543,78
45544,78
45545,78
45546,78
45547,78
45548,78
45549,78
45550,78
45551,78
45552,78
45553,78
45554,78
45555,78
45556,78
45557,78
45558,78
45559,78
45560,78
45561,78
45562,78
45563,78
45564,78
45565,78
45566,78
45567,78
45568,78
45569,78
45570,78
45571,78
45572,78
45573,78
45574,78
45575,78
45576,78
45577,78
45578,78
45579,78
45580,78
45581,78
45582,78
45583,78
45584,78
45585,78
45586,78
45587,78
45588,78
45589,78
45590,78
45591,78
45592,78
45593,78
45594,78
45595,78
45596,78
45597,78
45598,78
45599,78
45600,78
45601,78
45602,78
45603,78
45604,78
45605,78
45606,78
45607,78
45608,78
45609,78
45610,78
45611,78
45612,78
45613,78
45614,78
45615,78
45616,78
45617,78
45618,78
45619,78
45620,78
45621,78
45622,78
45623,78
45624,78
45625,78
45626,78
45627,78
45628,78
45629,78
45630,78
45631,78
45632,78
45633,78
45634,78
45635,78
45636,78
45637,78
45638,78
45639,78
45640,78
45641,78
45642,78
45643,78
45644,78
45645,78
45646,78
45647,78
45648,78
45649,78
45650,78
45651,78
45652,78
45653,78
45654,78
45655,78
45656,78
45657,78
45658,78
45659,78
45660,78
45661,78
45662,78
45663,78
45664,78
45665,78
45666,78
45667,78
45668,78
45669,78
45670,78
45671,78
45672,78
45673,78
45674,78
45675,78
45676,78
45677,78
45678,78
45679,78
45680,78
45681,78
45682,78
45683,78
45684,78
45685,78
45686,78
45687,78
45688,78
45689,78
45690,78
45691,78
45692,78
45693,78
45694,78
45695,78
45696,78
45697,78
45698,78
45699,78
45700,78
45701,78
45702,78
45703,78
45704,78
45705,78
45706,78
45707,78
45708,78
45709,78
45710,78
45711,78
45712,78
45713,78
45714,78
45715,78
45716,78
45717,78
45718,78
45719,78
45720,78
45721,78
45722,78
45723,78
45724,78
45725,78
45726,78
45727,78
45728,78
45729,78
45730,78
45731,78
45732,78
45733,78
45734,78
45735,78
45736,78
45737,78
45738,78
45739,78
45740,78
45741,78
45742,78
45743,78
45744,78
45745,78
45746,78
45747,78
45748,78
45749,78
45750,78
45751,78
45752,78
45753,78
45754,78
45755,78
45756,78
45757,78
45758,78
45759,78
45760,78
45761,78
45762,78
45763,78
45764,78
45765,78
45766,78
45767,78
45768,78
45769,78
45770,78
45771,78
45772,78
45773,78
45774,78
45775,78
45776,78
45777,78
45778,78
45779,78
45780,78
45781,78
45782,78
45783,78
45784,78
45785,78
45786,78
45787,78
45788,78
45789,78
45790,78
45791,78
45792,78
45793,78
45794,78
45795,78
45796,78
45797,78
45798,78
45799,78
45800,78
45801,78
45802,78
45803,78
45804,78
45805,78
45806,78
45807,78
45808,78
45809,78
45810,78
45811,78
45812,78
45813,78
45814,78
45815,78
45816,78
45817,78
45818,78
45819,78
45820,78
45821,78
45822,78
45823,78
45824,78
45825,78
45826,78
45827,78
45828,78
45829,78
45830,78
45831,78
45832,78
45833,78
45834,78
45835,78
45836,78
45837,78
45838,78
45839,78
45840,78
45841,78
45842,78
45843,78
45844,78
45845,78
45846,78
45847,78
45848,78
45849,78
45850,78
45851,78
45852,78
45853,78
45854,78
45855,78
45856,78
45857,78
45858,78
45859,78
45860,78
45861,78
45862,78
45863,78
45864,78
45865,78
45866,78
45867,78
45868,78
45869,78
45870,78
45871,78
45872,78
45873,78
45874,78
45875,78
45876,78
45877,78
45878,78
45879,78
45880,78
45881,78
45882,78
45883,78
45884,78
45885,78
45886,78
45887,78
45888,78
45889,78
45890,78
45891,78
45892,78
45893,78
45894,78
45895,78
45896,78
45897,78
45898,78
45899,78
45900,78
45901,78
45902,78
45903,78
45904,78
45905,78
45906,78
45907,78
45908,78
45909,78
45910,78
45911,78
45912,78
45913,78
45914,78
45915,78
45916,78
45917,78
45918,78
45919,78
45920,78
45921,78
45922,78
45923,78
45924,78
45925,78
45926,78
45927,78
45928,78
45929,78
45930,78
45931,78
45932,78
45933,78
45934,78
45935,78
45936,78
45937,78
45938,78
45939,78
45940,78
45941,78
45942,78
45943,78
45944,78
45945,78
45946,78
45947,78
45948,78
45949,78
45950,78
45951,78
45952,78
45953,78
45954,78
45955,78
45956,78
45957,78
45958,78
45959,78
45960,78
45961,78
45962,78
45963,78
45964,78
45965,78
45966,78
45967,78
45968,78
45969,78
45970,78
45971,78
45972,78
45973,78
45974,78
45975,78
45976,78
45977,78
45978,78
45979,78
45980,78
45981,78
45982,78
45983,78
45984,78
45985,78
45986,78
45987,78
45988,78
45989,78
45990,78
45991,78
45992,78
45993,78
45994,78
45995,78
45996,78
45997,78
45998,78
45999,78
46000,78
46001,78
46002,78
46003,78
46004,78
46005,78
46006,78
46007,78
46008,78
46009,78
46010,78
46011,78
46012,78
46013,78
46014,78
46015,78
46016,78
46017,78
46018,78
46019,78
46020,78
46021,78
46022,78
46023,78
46024,78
46025,78
46026,78
46027,78
46028,78
46029,78
46030,78
46031,78
46032,78
46033,78
46034,78
46035,78
46036,78
46037,78
46038,78
46039,78
46040,78
46041,78
46042,78
46043,78
46044,78
46045,78
46046,78
46047,78
46048,78
46049,78
46050,78
46051,78
46052,78
46053,78
46054,78
46055,78
46056,78
46057,78
46058,78
46059,78
46060,78
46061,78
46062,78
46063,78
46064,78
46065,78
46066,78
46067,78
46068,78
46069,78
46070,78
46071,78
46072,78
46073,78
46074,78
46075,78
46076,78
46077,78
46078,78
46079,78
46080,78
46081,78
46082,78
46083,78
46084,78
46085,78
46086,78
46087,78
46088,78
46089,78
46090,78
46091,78
46092,78
46093,78
46094,78
46095,78
46096,78
46097,78
46098,78
46099,78
46100,78
46101,78
46102,78
46103,78
46104,78
46105,78
46106,78
46107,78
46108,78
46109,78
46110,78
46111,78
46112,78
46113,78
46114,78
46115,78
46116,78
46117,78
46118,78
46119,78
46120,78
46121,78
46122,78
46123,78
46124,78
46125,78
46126,78
46127,78
46128,78
46129,78
46130,78
46131,78
46132,78
46133,78
46134,78
46135,78
46136,78
46137,78
46138,78
46139,78
46140,78
46141,78
46142,78
46143,78
46144,78
46145,78
46146,78
46147,78
46148,78
46149,78
46150,78
46151,78
46152,78
46153,78
46154,78
46155,78
46156,78
46157,78
46158,78
46159,78
46160,78
46161,78
46162,78
46163,78
46164,78
46165,78
46166,78
46167,78
46168,78
46169,78
46170,78
46171,78
46172,78
46173,78
46174,78
46175,78
46176,78
46177,78
46178,78
46179,78
46180,78
46181,78
46182,78
46183,78
46184,78
46185,78
46186,78
46187,78
46188,78
46189,78
46190,78
46191,78
46192,78
46193,78
46194,78
46195,78
46196,78
46197,78
46198,78
46199,78
46200,78
46201,78
46202,78
46203,78
46204,78
46205,78
46206,78
46207,78
46208,78
46209,78
46210,78
46211,78
46212,78
46213,78
46214,78
46215,78
46216,78
46217,78
46218,78
46219,78
46220,78
46221,78
46222,78
46223,78
46224,78
46225,78
46226,78
46227,78
46228,78
46229,78
46230,78
46231,78
46232,78
46233,78
46234,78
46235,78
46236,78
46237,78
46238,78
46239,78
46240,78
46241,78
46242,78
46243,78
46244,78
46245,78
46246,78
46247,78
46248,78
46249,78
46250,78
46251,78
46252,78
46253,78
46254,78
46255,78
46256,78
46257,78
46258,78
46259,78
46260,78
46261,78
46262,78
46263,78
46264,78
46265,78
46266,78
46267,78
46268,78
46269,78
46270,78
46271,78
46272,78
46273,78
46274,78
46275,78
46276,78
46277,78
46278,78
46279,78
46280,78
46281,78
46282,78
46283,78
46284,78
46285,78
46286,78
46287,78
46288,78
46289,78
46290,78
46291,78
46292,78
46293,78
46294,78
46295,78
46296,78
46297,78
46298,78
46299,78
46300,78
46301,78
46302,78
46303,78
46304,78
46305,78
46306,78
46307,78
46308,78
46309,78
46310,78
46311,78
46312,78
46313,78
46314,78
46315,78
46316,78
46317,78
46318,78
46319,78
46320,78
46321,78
46322,78
46323,78
46324,78
46325,78
46326,78
46327,78
46328,78
46329,78
46330,78
46331,78
46332,78
46333,78
46334,78
46335,78
46336,78
46337,78
46338,78
46339,78
46340,78
46341,78
46342,78
46343,78
46344,78
46345,78
46346,78
46347,78
46348,78
46349,78
46350,78
46351,78
46352,78
46353,78
46354,78
46355,78
46356,78
46357,78
46358,78
46359,78
46360,78
46361,78
46362,78
46363,78
46364,78
46365,78
46366,78
46367,78
46368,78
46369,78
46370,78
46371,78
46372,78
46373,78
46374,78
46375,78
46376,78
46377,78
46378,78
46379,78
46380,78
46381,78
46382,78
46383,78
46384,78
46385,78
46386,78
46387,78
46388,78
46389,78
46390,78
46391,78
46392,78
46393,78
46394,78
46395,78
46396,78
46397,78
46398,78
46399,78
46400,78
46401,78
46402,78
46403,78
46404,78
46405,78
46406,78
46407,78
46408,78
46409,78
46410,78
46411,78
46412,78
46413,78
46414,78
46415,78
46416,78
46417,78
46418,78
46419,78
46420,78
46421,78
46422,78
46423,78
46424,78
46425,78
46426,78
46427,78
46428,78
46429,78
46430,78
46431,78
46432,78
46433,78
46434,78
46435,78
46436,78
46437,78
46438,78
46439,78
46440,78
46441,78
46442,78
46443,78
46444,78
46445,78
46446,78
46447,78
46448,78
46449,78
46450,78
46451,78
46452,78
46453,78
46454,78
46455,78
46456,78
46457,78
46458,78
46459,78
46460,78
46461,78
46462,78
46463,78
46464,78
46465,78
46466,78
46467,78
46468,78
46469,78
46470,78
46471,78
46472,78
46473,78
46474,78
46475,78
46476,78
46477,78
46478,78
46479,78
46480,78
46481,78
46482,78
46483,78
46484,78
46485,78
46486,78
46487,78
46488,78
46489,78
46490,78
46491,78
46492,78
46493,78
46494,78
46495,78
46496,78
46497,78
46498,78
46499,78
46500,78
46501,78
46502,78
46503,78
46504,78
46505,78
46506,78
46507,78
46508,78
46509,78
46510,78
46511,78
46512,78
46513,78
46514,78
46515,78
46516,78
46517,78
46518,78
46519,78
46520,78
46521,78
46522,78
46523,78
46524,78
46525,78
46526,78
46527,78
46528,78
46529,78
46530,78
46531,78
46532,78
46533,78
46534,78
46535,78
46536,78
46537,78
46538,78
46539,78
46540,78
46541,78
46542,78
46543,78
46544,78
46545,78
46546,78
46547,78
46548,78
46549,78
46550,78
46551,78
46552,78
46553,78
46554,78
46555,78
46556,78
46557,78
46558,78
46559,78
46560,78
46561,78
46562,78
46563,78
46564,78
46565,78
46566,78
46567,78
46568,78
46569,78
46570,78
46571,78
46572,78
46573,78
46574,78
46575,78
46576,78
46577,78
46578,78
46579,78
46580,78
46581,78
46582,78
46583,78
46584,78
46585,78
46586,78
46587,78
46588,78
46589,78
46590,78
46591,78
46592,78
46593,78
46594,78
46595,78
46596,78
46597,78
46598,78
46599,78
46600,78
46601,78
46602,78
46603,78
46604,78
46605,78
46606,78
46607,78
46608,78
46609,78
46610,78
46611,78
46612,78
46613,78
46614,78
46615,78
46616,78
46617,78
46618,78
46619,78
46620,78
46621,78
46622,78
46623,78
46624,78
46625,78
46626,78
46627,78
46628,78
46629,78
46630,78
46631,78
46632,78
46633,78
46634,78
46635,78
46636,78
46637,78
46638,78
46639,78
46640,78
46641,78
46642,78
46643,78
46644,78
46645,78
46646,78
46647,78
46648,78
46649,78
46650,78
46651,78
46652,78
46653,78
46654,78
46655,78
46656,78
46657,78
46658,78
46659,78
46660,78
46661,78
46662,78
46663,78
46664,78
46665,78
46666,78
46667,78
46668,78
46669,78
46670,78
46671,78
46672,78
46673,78
46674,78
46675,78
46676,78
46677,78
46678,78
46679,78
46680,78
46681,78
46682,78
46683,78
46684,78
46685,78
46686,78
46687,78
46688,78
46689,78
46690,78
46691,78
46692,78
46693,78
46694,78
46695,78
46696,78
46697,78
46698,78
46699,78
46700,78
46701,78
46702,78
46703,78
46704,78
46705,78
46706,78
46707,78
46708,78
46709,78
46710,78
46711,78
46712,78
46713,78
46714,78
46715,78
46716,78
46717,78
46718,78
46719,78
46720,78
46721,78
46722,78
46723,78
46724,78
46725,78
46726,78
46727,78
46728,78
46729,78
46730,78
46731,78
46732,78
46733,78
46734,78
46735,78
46736,78
46737,78
46738,78
46739,78
46740,78
46741,78
46742,78
46743,78
46744,78
46745,78
46746,78
46747,78
46748,78
46749,78
46750,78
46751,78
46752,78
46753,78
46754,78
46755,78
46756,78
46757,78
46758,78
46759,78
46760,78
46761,78
46762,78
46763,78
46764,78
46765,78
46766,78
46767,78
46768,78
46769,78
46770,78
46771,78
46772,78
46773,78
46774,78
46775,78
46776,78
46777,78
46778,78
46779,78
46780,78
46781,78
46782,78
46783,78
46784,78
46785,78
46786,78
46787,78
46788,78
46789,78
46790,78
46791,78
46792,78
46793,78
46794,78
46795,78
46796,78
46797,78
46798,78
46799,78
46800,78
46801,78
46802,78
46803,78
46804,78
46805,78
46806,78
46807,78
46808,78
46809,78
46810,78
46811,78
46812,78
46813,78
46814,78
46815,78
46816,78
46817,78
46818,78
46819,78
46820,78
46821,78
46822,78
46823,78
46824,78
46825,78
46826,78
46827,78
46828,78
46829,78
46830,78
46831,78
46832,78
46833,78
46834,78
46835,78
46836,78
46837,78
46838,78
46839,78
46840,78
46841,78
46842,78
46843,78
46844,78
46845,78
46846,78
46847,78
46848,78
46849,78
46850,78
46851,78
46852,78
46853,78
46854,78
46855,78
46856,78
46857,78
46858,78
46859,78
46860,78
46861,78
46862,78
46863,78
46864,78
46865,78
46866,78
46867,78
46868,78
46869,78
46870,78
46871,78
46872,78
46873,78
46874,78
46875,78
46876,78
46877,78
46878,78
46879,78
46880,78
46881,78
46882,78
46883,78
46884,78
46885,78
46886,78
46887,78
46888,78
46889,78
46890,78
46891,78
46892,78
46893,78
46894,78
46895,78
46896,78
46897,78
46898,78
46899,78
46900,78
46901,78
46902,78
46903,78
46904,78
46905,78
46906,78
46907,78
46908,78
46909,78
46910,78
46911,78
46912,78
46913,78
46914,78
46915,78
46916,78
46917,78
46918,78
46919,78
46920,78
46921,78
46922,78
46923,78
46924,78
46925,78
46926,78
46927,78
46928,78
46929,78
46930,78
46931,78
46932,78
46933,78
46934,78
46935,78
46936,78
46937,78
46938,78
46939,78
46940,78
46941,78
46942,78
46943,78
46944,78
46945,78
46946,78
46947,78
46948,78
46949,78
46950,78
46951,78
46952,78
46953,78
46954,78
46955,78
46956,78
46957,78
46958,78
46959,78
46960,78
46961,78
46962,78
46963,78
46964,78
46965,78
46966,78
46967,78
46968,78
46969,78
46970,78
46971,78
46972,78
46973,78
46974,78
46975,78
46976,78
46977,78
46978,78
46979,78
46980,78
46981,78
46982,78
46983,78
46984,78
46985,78
46986,78
46987,78
46988,78
46989,78
46990,78
46991,78
46992,78
46993,78
46994,78
46995,78
46996,78
46997,78
46998,78
46999,78
47000,78
47001,78
47002,78
47003,78
47004,78
47005,78
47006,78
47007,78
47008,78
47009,78
47010,78
47011,78
47012,78
47013,78
47014,78
47015,78
47016,78
47017,78
47018,78
47019,78
47020,78
47021,78
47022,78
47023,78
47024,78
47025,78
47026,78
47027,78
47028,78
47029,78
47030,78
47031,78
47032,78
47033,78
47034,78
47035,78
47036,78
47037,78
47038,78
47039,78
47040,78
47041,78
47042,78
47043,78
47044,78
47045,78
47046,78
47047,78
47048,78
47049,78
47050,78
47051,78
47052,78
47053,78
47054,78
47055,78
47056,78
47057,78
47058,78
47059,78
47060,78
47061,78
47062,78
47063,78
47064,78
47065,78
47066,78
47067,78
47068,78
47069,78
47070,78
47071,78
47072,78
47073,78
47074,78
47075,78
47076,78
47077,78
47078,78
47079,78
47080,78
47081,78
47082,78
47083,78
47084,78
47085,78
47086,78
47087,78
47088,78
47089,78
47090,78
47091,78
47092,78
47093,78
47094,78
47095,78
47096,78
47097,78
47098,78
47099,78
47100,78
47101,78
47102,78
47103,78
47104,78
47105,78
47106,78
47107,78
47108,78
47109,78
47110,78
47111,78
47112,78
47113,78
47114,78
47115,78
47116,78
47117,78
47118,78
47119,78
47120,78
47121,78
47122,78
47123,78
47124,78
47125,78
47126,78
47127,78
47128,78
47129,78
47130,78
47131,78
47132,78
47133,78
47134,78
47135,78
47136,78
47137,78
47138,78
47139,78
47140,78
47141,78
47142,78
47143,78
47144,78
47145,78
47146,78
47147,78
47148,78
47149,78
47150,78
47151,78
47152,78
47153,78
47154,78
47155,78
47156,78
47157,78
47158,78
47159,78
47160,78
47161,78
47162,78
47163,78
47164,78
47165,78
47166,78
47167,78
47168,78
47169,78
47170,78
47171,78
47172,78
47173,78
47174,78
47175,78
47176,78
47177,78
47178,78
47179,78
47180,78
47181,78
47182,78
47183,78
47184,78
47185,78
47186,78
47187,78
47188,78
47189,78
47190,78
47191,78
47192,78
47193,78
47194,78
47195,78
47196,78
47197,78
47198,78
47199,78
47200,78
47201,78
47202,78
47203,78
47204,78
47205,78
47206,78
47207,78
47208,78
47209,78
47210,78
47211,78
47212,78
47213,78
47214,78
47215,78
47216,78
47217,78
47218,78
47219,78
47220,78
47221,78
47222,78
47223,78
47224,78
47225,78
47226,78
47227,78
47228,78
47229,78
47230,78
47231,78
47232,78
47233,78
47234,78
47235,78
47236,78
47237,78
47238,78
47239,78
47240,78
47241,78
47242,78
47243,78
47244,78
47245,78
47246,78
47247,78
47248,78
47249,78
47250,78
47251,78
47252,78
47253,78
47254,78
47255,78
47256,78
47257,78
47258,78
47259,78
47260,78
47261,78
47262,78
47263,78
47264,78
47265,78
47266,78
47267,78
47268,78
47269,78
47270,78
47271,78
47272,78
47273,78
47274,78
47275,78
47276,78
47277,78
47278,78
47279,78
47280,78
47281,78
47282,78
47283,78
47284,78
47285,78
47286,78
47287,78
47288,78
47289,78
47290,78
47291,78
47292,78
47293,78
47294,78
47295,78
47296,78
47297,78
47298,78
47299,78
47300,78
47301,78
47302,78
47303,78
47304,78
47305,78
47306,78
47307,78
47308,78
47309,78
47310,78
47311,78
47312,78
47313,78
47314,78
47315,78
47316,78
47317,78
47318,78
47319,78
47320,78
47321,78
47322,78
47323,78
47324,78
47325,78
47326,78
47327,78
47328,78
47329,78
47330,78
47331,78
47332,78
47333,78
47334,78
47335,78
47336,78
47337,78
47338,78
47339,78
47340,78
47341,78
47342,78
47343,78
47344,78
47345,78
47346,78
47347,78
47348,78
47349,78
47350,78
47351,78
47352,78
47353,78
47354,78
47355,78
47356,78
47357,78
47358,78
47359,78
47360,78
47361,78
47362,78
47363,78
47364,78
47365,78
47366,78
47367,78
47368,78
47369,78
47370,78
47371,78
47372,78
47373,78
47374,78
47375,78
47376,78
47377,78
47378,78
47379,78
47380,78
47381,78
47382,78
47383,78
47384,78
47385,78
47386,78
47387,78
47388,78
47389,78
47390,78
47391,78
47392,78
47393,78
47394,78
47395,78
47396,78
47397,78
47398,78
47399,78
47400,78
47401,78
47402,78
47403,78
47404,78
47405,78
47406,78
47407,78
47408,78
47409,78
47410,78
47411,78
47412,78
47413,78
47414,78
47415,78
47416,78
47417,78
47418,78
47419,78
47420,78
47421,78
47422,78
47423,78
47424,78
47425,78
47426,78
47427,78
47428,78
47429,78
47430,78
47431,78
47432,78
47433,78
47434,78
47435,78
47436,78
47437,78
47438,78
47439,78
47440,78
47441,78
47442,78
47443,78
47444,78
47445,78
47446,78
47447,78
47448,78
47449,78
47450,78
47451,78
47452,78
47453,78
47454,78
47455,78
47456,78
47457,78
47458,78
47459,78
47460,78
47461,78
47462,78
47463,78
47464,78
47465,78
47466,78
47467,78
47468,78
47469,78
47470,78
47471,78
47472,78
47473,78
47474,78
47475,78
47476,78
47477,78
47478,78
47479,78
47480,78
47481,78
47482,78
47483,78
47484,78
47485,78
47486,78
47487,78
47488,78
47489,78
47490,78
47491,78
47492,78
47493,78
47494,78
47495,78
47496,78
47497,78
47498,78
47499,78
47500,78
47501,78
47502,78
47503,78
47504,78
47505,78
47506,78
47507,78
47508,78
47509,78
47510,78
47511,78
47512,78
47513,78
47514,78
47515,78
47516,78
47517,78
47518,78
47519,78
47520,78
47521,78
47522,78
47523,78
47524,78
47525,78
47526,78
47527,78
47528,78
47529,78
47530,78
47531,78
47532,78
47533,78
47534,78
47535,78
47536,78
47537,78
47538,78
47539,78
47540,78
47541,78
47542,78
47543,78
47544,78
47545,78
47546,78
47547,78
47548,78
47549,78
47550,78
47551,78
47552,78
47553,78
47554,78
47555,78
47556,78
47557,78
47558,78
47559,78
47560,78
47561,78
47562,78
47563,78
47564,78
47565,78
47566,78
47567,78
47568,78
47569,78
47570,78
47571,78
47572,78
47573,78
47574,78
47575,78
47576,78
47577,78
47578,78
47579,78
47580,78
47581,78
47582,78
47583,78
47584,78
47585,78
47586,78
47587,78
47588,78
47589,78
47590,78
47591,78
47592,78
47593,78
47594,78
47595,78
47596,78
47597,78
47598,78
47599,78
47600,78
47601,78
47602,78
47603,78
47604,78
47605,78
47606,78
47607,78
47608,78
47609,78
47610,78
47611,78
47612,78
47613,78
47614,78
47615,78
47616,78
47617,78
47618,78
47619,78
47620,78
47621,78
47622,78
47623,78
47624,78
47625,78
47626,78
47627,78
47628,78
47629,78
47630,78
47631,78
47632,78
47633,78
47634,78
47635,78
47636,78
47637,78
47638,78
47639,78
47640,78
47641,78
47642,78
47643,78
47644,78
47645,78
47646,78
47647,78
47648,78
47649,78
47650,78
47651,78
47652,78
47653,78
47654,78
47655,78
47656,78
47657,78
47658,78
47659,78
47660,78
47661,78
47662,78
47663,78
47664,78
47665,78
47666,78
47667,78
47668,78
47669,78
47670,78
47671,78
47672,78
47673,78
47674,78
47675,78
47676,78
47677,78
47678,78
47679,78
47680,78
47681,78
47682,78
47683,78
47684,78
47685,78
47686,78
47687,78
47688,78
47689,78
47690,78
47691,78
47692,78
47693,78
47694,78
47695,78
47696,78
47697,78
47698,78
47699,78
47700,78
47701,78
47702,78
47703,78
47704,78
47705,78
47706,78
47707,78
47708,78
47709,78
47710,78
47711,78
47712,78
47713,78
47714,78
47715,78
47716,78
47717,78
47718,78
47719,78
47720,78
47721,78
47722,78
47723,78
47724,78
47725,78
47726,78
47727,78
47728,78
47729,78
47730,78
47731,78
47732,78
47733,78
47734,78
47735,78
47736,78
47737,78
47738,78
47739,78
47740,78
47741,78
47742,78
47743,78
47744,78
47745,78
47746,78
47747,78
47748,78
47749,78
47750,78
47751,78
47752,78
47753,78
47754,78
47755,78
47756,78
47757,78
47758,78
47759,78
47760,78
47761,78
47762,78
47763,78
47764,78
47765,78
47766,78
47767,78
47768,78
47769,78
47770,78
47771,78
47772,78
47773,78
47774,78
47775,78
47776,78
47777,78
47778,78
47779,78
47780,78
47781,78
47782,78
47783,78
47784,78
47785,78
47786,78
47787,78
47788,78
47789,78
47790,78
47791,78
47792,78
47793,78
47794,78
47795,78
47796,78
47797,78
47798,78
47799,78
47800,78
47801,78
47802,78
47803,78
47804,78
47805,78
47806,78
47807,78
47808,78
47809,78
47810,78
47811,78
47812,78
47813,78
47814,78
47815,78
47816,78
47817,78
47818,78
47819,78
47820,78
47821,78
47822,78
47823,78
47824,78
47825,78
47826,78
47827,78
47828,78
47829,78
47830,78
47831,78
47832,78
47833,78
47834,78
47835,78
47836,78
47837,78
47838,78
47839,78
47840,78
47841,78
47842,78
47843,78
47844,78
47845,78
47846,78
47847,78
47848,78
47849,78
47850,78
47851,78
47852,78
47853,78
47854,78
47855,78
47856,78
47857,78
47858,78
47859,78
47860,78
47861,78
47862,78
47863,78
47864,78
47865,78
47866,78
47867,78
47868,78
47869,78
47870,78
47871,78
47872,78
47873,78
47874,78
47875,78
47876,78
47877,78
47878,78
47879,78
47880,78
47881,78
47882,78
47883,78
47884,78
47885,78
47886,78
47887,78
47888,78
47889,78
47890,78
47891,78
47892,78
47893,78
47894,78
47895,78
47896,78
47897,78
47898,78
47899,78
47900,78
47901,78
47902,78
47903,78
47904,78
47905,78
47906,78
47907,78
47908,78
47909,78
47910,78
47911,78
47912,78
47913,78
47914,78
47915,78
47916,78
47917,78
47918,78
47919,78
47920,78
47921,78
47922,78
47923,78
47924,78
47925,78
47926,78
47927,78
47928,78
47929,78
47930,78
47931,78
47932,78
47933,78
47934,78
47935,78
47936,78
47937,78
47938,78
47939,78
47940,78
47941,78
47942,78
47943,78
47944,78
47945,78
47946,78
47947,78
47948,78
47949,78
47950,78
47951,78
47952,78
47953,78
47954,78
47955,78
47956,78
47957,78
47958,78
47959,78
47960,78
47961,78
47962,78
47963,78
47964,78
47965,78
47966,78
47967,78
47968,78
47969,78
47970,78
47971,78
47972,78
47973,78
47974,78
47975,78
47976,78
47977,78
47978,78
47979,78
47980,78
47981,78
47982,78
47983,78
47984,78
47985,78
47986,78
47987,78
47988,78
47989,78
47990,78
47991,78
47992,78
47993,78
47994,78
47995,78
47996,78
47997,78
47998,78
47999,78
48000,78
48001,78
48002,78
48003,78
48004,78
48005,78
48006,78
48007,78
48008,78
48009,78
48010,78
48011,78
48012,78
48013,78
48014,78
48015,78
48016,78
48017,78
48018,78
48019,78
48020,78
48021,78
48022,78
48023,78
48024,78
48025,78
48026,78
48027,78
48028,78
48029,78
48030,78
48031,78
48032,78
48033,78
48034,78
48035,78
48036,78
48037,78
48038,78
48039,78
48040,78
48041,78
48042,78
48043,78
48044,78
48045,78
48046,78
48047,78
48048,78
48049,78
48050,78
48051,78
48052,78
48053,78
48054,78
48055,78
48056,78
48057,78
48058,78
48059,78
48060,78
48061,78
48062,78
48063,78
48064,78
48065,78
48066,78
48067,78
48068,78
48069,78
48070,78
48071,78
48072,78
48073,78
48074,78
48075,78
48076,78
48077,78
48078,78
48079,78
48080,78
48081,78
48082,78
48083,78
48084,78
48085,78
48086,78
48087,78
48088,78
48089,78
48090,78
48091,78
48092,78
48093,78
48094,78
48095,78
48096,78
48097,78
48098,78
48099,78
48100,78
48101,78
48102,78
48103,78
48104,78
48105,78
48106,78
48107,78
48108,78
48109,78
48110,78
48111,78
48112,78
48113,78
48114,78
48115,78
48116,78
48117,78
48118,78
48119,78
48120,78
48121,78
48122,78
48123,78
48124,78
48125,78
48126,78
48127,78
48128,78
48129,78
48130,78
48131,78
48132,78
48133,78
48134,78
48135,78
48136,78
48137,78
48138,78
48139,78
48140,78
48141,78
48142,78
48143,78
48144,78
48145,78
48146,78
48147,78
48148,78
48149,78
48150,78
48151,78
48152,78
48153,78
48154,78
48155,78
48156,78
48157,78
48158,78
48159,78
48160,78
48161,78
48162,78
48163,78
48164,78
48165,78
48166,78
48167,78
48168,78
48169,78
48170,78
48171,78
48172,78
48173,78
48174,78
48175,78
48176,78
48177,78
48178,78
48179,78
48180,78
48181,78
48182,78
48183,78
48184,78
48185,78
48186,78
48187,78
48188,78
48189,78
48190,78
48191,78
48192,78
48193,78
48194,78
48195,78
48196,78
48197,78
48198,78
48199,78
48200,78
48201,78
48202,78
48203,78
48204,78
48205,78
48206,78
48207,78
48208,78
48209,78
48210,78
48211,78
48212,78
48213,78
48214,78
48215,78
48216,78
48217,78
48218,78
48219,78
48220,78
48221,78
48222,78
48223,78
48224,78
48225,78
48226,78
48227,78
48228,78
48229,78
48230,78
48231,78
48232,78
48233,78
48234,78
48235,78
48236,78
48237,78
48238,78
48239,78
48240,78
48241,78
48242,78
48243,78
48244,78
48245,78
48246,78
48247,78
48248,78
48249,78
48250,78
48251,78
48252,78
48253,78
48254,78
48255,78
48256,78
48257,78
48258,78
48259,78
48260,78
48261,78
48262,78
48263,78
48264,78
48265,78
48266,78
48267,78
48268,78
48269,78
48270,78
48271,78
48272,78
48273,78
48274,78
48275,78
48276,78
48277,78
48278,78
48279,78
48280,78
48281,78
48282,78
48283,78
48284,78
48285,78
48286,78
48287,78
48288,78
48289,78
48290,78
48291,78
48292,78
48293,78
48294,78
48295,78
48296,78
48297,78
48298,78
48299,78
48300,78
48301,78
48302,78
48303,78
48304,78
48305,78
48306,78
48307,78
48308,78
48309,78
48310,78
48311,78
48312,78
48313,78
48314,78
48315,78
48316,78
48317,78
48318,78
48319,78
48320,78
48321,78
48322,78
48323,78
48324,78
48325,78
48326,78
48327,78
48328,78
48329,78
48330,78
48331,78
48332,78
48333,78
48334,78
48335,78
48336,78
48337,78
48338,78
48339,78
48340,78
48341,78
48342,78
48343,78
48344,78
48345,78
48346,78
48347,78
48348,78
48349,78
48350,78
48351,78
48352,78
48353,78
48354,78
48355,78
48356,78
48357,78
48358,78
48359,78
48360,78
48361,78
48362,78
48363,78
48364,78
48365,78
48366,78
48367,78
48368,78
48369,78
48370,78
48371,78
48372,78
48373,78
48374,78
48375,78
48376,78
48377,78
48378,78
48379,78
48380,78
48381,78
48382,78
48383,78
48384,78
48385,78
48386,78
48387,78
48388,78
48389,78
48390,78
48391,78
48392,78
48393,78
48394,78
48395,78
48396,78
48397,78
48398,78
48399,78
48400,78
48401,78
48402,78
48403,78
48404,78
48405,78
48406,78
48407,78
48408,78
48409,78
48410,78
48411,78
48412,78
48413,78
48414,78
48415,78
48416,78
48417,78
48418,78
48419,78
48420,78
48421,78
48422,78
48423,78
48424,78
48425,78
48426,78
48427,78
48428,78
48429,78
48430,78
48431,78
48432,78
48433,78
48434,78
48435,78
48436,78
48437,78
48438,78
48439,78
48440,78
48441,78
48442,78
48443,78
48444,78
48445,78
48446,78
48447,78
48448,78
48449,78
48450,78
48451,78
48452,78
48453,78
48454,78
48455,78
48456,78
48457,78
48458,78
48459,78
48460,78
48461,78
48462,78
48463,78
48464,78
48465,78
48466,78
48467,78
48468,78
48469,78
48470,78
48471,78
48472,78
48473,78
48474,78
48475,78
48476,78
48477,78
48478,78
48479,78
48480,78
48481,78
48482,78
48483,78
48484,78
48485,78
48486,78
48487,78
48488,78
48489,78
48490,78
48491,78
48492,78
48493,78
48494,78
48495,78
48496,78
48497,78
48498,78
48499,78
48500,78
48501,78
48502,78
48503,78
48504,78
48505,78
48506,78
48507,78
48508,78
48509,78
48510,78
48511,78
48512,78
48513,78
48514,78
48515,78
48516,78
48517,78
48518,78
48519,78
48520,78
48521,78
48522,78
48523,78
48524,78
48525,78
48526,78
48527,78
48528,78
48529,78
48530,78
48531,78
48532,78
48533,78
48534,78
48535,78
48536,78
48537,78
48538,78
48539,78
48540,78
48541,78
48542,78
48543,78
48544,78
48545,78
48546,78
48547,78
48548,78
48549,78
48550,78
48551,78
48552,78
48553,78
48554,78
48555,78
48556,78
48557,78
48558,78
48559,78
48560,78
48561,78
48562,78
48563,78
48564,78
48565,78
48566,78
48567,78
48568,78
48569,78
48570,78
48571,78
48572,78
48573,78
48574,78
48575,78
48576,78
48577,78
48578,78
48579,78
48580,78
48581,78
48582,78
48583,78
48584,78
48585,78
48586,78
48587,78
48588,78
48589,78
48590,78
48591,78
48592,78
48593,78
48594,78
48595,78
48596,78
48597,78
48598,78
48599,78
48600,78
48601,78
48602,78
48603,78
48604,78
48605,78
48606,78
48607,78
48608,78
48609,78
48610,78
48611,78
48612,78
48613,78
48614,78
48615,78
48616,78
48617,78
48618,78
48619,78
48620,78
48621,78
48622,78
48623,78
48624,78
48625,78
48626,78
48627,78
48628,78
48629,78
48630,78
48631,78
48632,78
48633,78
48634,78
48635,78
48636,78
48637,78
48638,78
48639,78
48640,78
48641,78
48642,78
48643,78
48644,78
48645,78
48646,78
48647,78
48648,78
48649,78
48650,78
48651,78
48652,78
48653,78
48654,78
48655,78
48656,78
48657,78
48658,78
48659,78
48660,78
48661,78
48662,78
48663,78
48664,78
48665,78
48666,78
48667,78
48668,78
48669,78
48670,78
48671,78
48672,78
48673,78
48674,78
48675,78
48676,78
48677,78
48678,78
48679,78
48680,78
48681,78
48682,78
48683,78
48684,78
48685,78
48686,78
48687,78
48688,78
48689,78
48690,78
48691,78
48692,78
48693,78
48694,78
48695,78
48696,78
48697,78
48698,78
48699,78
48700,78
48701,78
48702,78
48703,78
48704,78
48705,78
48706,78
48707,78
48708,78
48709,78
48710,78
48711,78
48712,78
48713,78
48714,78
48715,78
48716,78
48717,78
48718,78
48719,78
48720,78
48721,78
48722,78
48723,78
48724,78
48725,78
48726,78
48727,78
48728,78
48729,78
48730,78
48731,78
48732,78
48733,78
48734,78
48735,78
48736,78
48737,78
48738,78
48739,78
48740,78
48741,78
48742,78
48743,78
48744,78
48745,78
48746,78
48747,78
48748,78
48749,78
48750,78
48751,78
48752,78
48753,78
48754,78
48755,78
48756,78
48757,78
48758,78
48759,78
48760,78
48761,78
48762,78
48763,78
48764,78
48765,78
48766,78
48767,78
48768,78
48769,78
48770,78
48771,78
48772,78
48773,78
48774,78
48775,78
48776,78
48777,78
48778,78
48779,78
48780,78
48781,78
48782,78
48783,78
48784,78
48785,78
48786,78
48787,78
48788,78
48789,78
48790,78
48791,78
48792,78
48793,78
48794,78
48795,78
48796,78
48797,78
48798,78
48799,78
48800,78
48801,78
48802,78
48803,78
48804,78
48805,78
48806,78
48807,78
48808,78
48809,78
48810,78
48811,78
48812,78
48813,78
48814,78
48815,78
48816,78
48817,78
48818,78
48819,78
48820,78
48821,78
48822,78
48823,78
48824,78
48825,78
48826,78
48827,78
48828,78
48829,78
48830,78
48831,78
48832,78
48833,78
48834,78
48835,78
48836,78
48837,78
48838,78
48839,78
48840,78
48841,78
48842,78
48843,78
48844,78
48845,78
48846,78
48847,78
48848,78
48849,78
48850,78
48851,78
48852,78
48853,78
48854,78
48855,78
48856,78
48857,78
48858,78
48859,78
48860,78
48861,78
48862,78
48863,78
48864,78
48865,78
48866,78
48867,78
48868,78
48869,78
48870,78
48871,78
48872,78
48873,78
48874,78
48875,78
48876,78
48877,78
48878,78
48879,78
48880,78
48881,78
48882,78
48883,78
48884,78
48885,78
48886,78
48887,78
48888,78
48889,78
48890,78
48891,78
48892,78
48893,78
48894,78
48895,78
48896,78
48897,78
48898,78
48899,78
48900,78
48901,78
48902,78
48903,78
48904,78
48905,78
48906,78
48907,78
48908,78
48909,78
48910,78
48911,78
48912,78
48913,78
48914,78
48915,78
48916,78
48917,78
48918,78
48919,78
48920,78
48921,78
48922,78
48923,78
48924,78
48925,78
48926,78
48927,78
48928,78
48929,78
48930,78
48931,78
48932,78
48933,78
48934,78
48935,78
48936,78
48937,78
48938,78
48939,78
48940,78
48941,78
48942,78
48943,78
48944,78
48945,78
48946,78
48947,78
48948,78
48949,78
48950,78
48951,78
48952,78
48953,78
48954,78
48955,78
48956,78
48957,78
48958,78
48959,78
48960,78
48961,78
48962,78
48963,78
48964,78
48965,78
48966,78
48967,78
48968,78
48969,78
48970,78
48971,78
48972,78
48973,78
48974,78
48975,78
48976,78
48977,78
48978,78
48979,78
48980,78
48981,78
48982,78
48983,78
48984,78
48985,78
48986,78
48987,78
48988,78
48989,78
48990,78
48991,78
48992,78
48993,78
48994,78
48995,78
48996,78
48997,78
48998,78
48999,78
49000,78
49001,78
49002,78
49003,78
49004,78
49005,78
49006,78
49007,78
49008,78
49009,78
49010,78
49011,78
49012,78
49013,78
49014,78
49015,78
49016,78
49017,78
49018,78
49019,78
49020,78
49021,78
49022,78
49023,78
49024,78
49025,78
49026,78
49027,78
49028,78
49029,78
49030,78
49031,78
49032,78
49033,78
49034,78
49035,78
49036,78
49037,78
49038,78
49039,78
49040,78
49041,78
49042,78
49043,78
49044,78
49045,78
49046,78
49047,78
49048,78
49049,78
49050,78
49051,78
49052,78
49053,78
49054,78
49055,78
49056,78
49057,78
49058,78
49059,78
49060,78
49061,78
49062,78
49063,78
49064,78
49065,78
49066,78
49067,78
49068,78
49069,78
49070,78
49071,78
49072,78
49073,78
49074,78
49075,78
49076,78
49077,78
49078,78
49079,78
49080,78
49081,78
49082,78
49083,78
49084,78
49085,78
49086,78
49087,78
49088,78
49089,78
49090,78
49091,78
49092,78
49093,78
49094,78
49095,78
49096,78
49097,78
49098,78
49099,78
49100,78
49101,78
49102,78
49103,78
49104,78
49105,78
49106,78
49107,78
49108,78
49109,78
49110,78
49111,78
49112,78
49113,78
49114,78
49115,78
49116,78
49117,78
49118,78
49119,78
49120,78
49121,78
49122,78
49123,78
49124,78
49125,78
49126,78
49127,78
49128,78
49129,78
49130,78
49131,78
49132,78
49133,78
49134,78
49135,78
49136,78
49137,78
49138,78
49139,78
49140,78
49141,78
49142,78
49143,78
49144,78
49145,78
49146,78
49147,78
49148,78
49149,78
49150,78
49151,78
49152,78
49153,78
49154,78
49155,78
49156,78
49157,78
49158,78
49159,78
49160,78
49161,78
49162,78
49163,78
49164,78
49165,78
49166,78
49167,78
49168,78
49169,78
49170,78
49171,78
49172,78
49173,78
49174,78
49175,78
49176,78
49177,78
49178,78
49179,78
49180,78
49181,78
49182,78
49183,78
49184,78
49185,78
49186,78
49187,78
49188,78
49189,78
49190,78
49191,78
49192,78
49193,78
49194,78
49195,78
49196,78
49197,78
49198,78
49199,78
49200,78
49201,78
49202,78
49203,78
49204,78
49205,78
49206,78
49207,78
49208,78
49209,78
49210,78
49211,78
49212,78
49213,78
49214,78
49215,78
49216,78
49217,78
49218,78
49219,78
49220,78
49221,78
49222,78
49223,78
49224,78
49225,78
49226,78
49227,78
49228,78
49229,78
49230,78
49231,78
49232,78
49233,78
49234,78
49235,78
49236,78
49237,78
49238,78
49239,78
49240,78
49241,78
49242,78
49243,78
49244,78
49245,78
49246,78
49247,78
49248,78
49249,78
49250,78
49251,78
49252,78
49253,78
49254,78
49255,78
49256,78
49257,78
49258,78
49259,78
49260,78
49261,78
49262,78
49263,78
49264,78
49265,78
49266,78
49267,78
49268,78
49269,78
49270,78
49271,78
49272,78
49273,78
49274,78
49275,78
49276,78
49277,78
49278,78
49279,78
49280,78
49281,78
49282,78
49283,78
49284,78
49285,78
49286,78
49287,78
49288,78
49289,78
49290,78
49291,78
49292,78
49293,78
49294,78
49295,78
49296,78
49297,78
49298,78
49299,78
49300,78
49301,78
49302,78
49303,78
49304,78
49305,78
49306,78
49307,78
49308,78
49309,78
49310,78
49311,78
49312,78
49313,78
49314,78
49315,78
49316,78
49317,78
49318,78
49319,78
49320,78
49321,78
49322,78
49323,78
49324,78
49325,78
49326,78
49327,78
49328,78
49329,78
49330,78
49331,78
49332,78
49333,78
49334,78
49335,78
49336,78
49337,78
49338,78
49339,78
49340,78
49341,78
49342,78
49343,78
49344,78
49345,78
49346,78
49347,78
49348,78
49349,78
49350,78
49351,78
49352,78
49353,78
49354,78
49355,78
49356,78
49357,78
49358,78
49359,78
49360,78
49361,78
49362,78
49363,78
49364,78
49365,78
49366,78
49367,78
49368,78
49369,78
49370,78
49371,78
49372,78
49373,78
49374,78
49375,78
49376,78
49377,78
49378,78
49379,78
49380,78
49381,78
49382,78
49383,78
49384,78
49385,78
49386,78
49387,78
49388,78
49389,78
49390,78
49391,78
49392,78
49393,78
49394,78
49395,78
49396,78
49397,78
49398,78
49399,78
49400,78
49401,78
49402,78
49403,78
49404,78
49405,78
49406,78
49407,78
49408,78
49409,78
49410,78
49411,78
49412,78
49413,78
49414,78
49415,78
49416,78
49417,78
49418,78
49419,78
49420,78
49421,78
49422,78
49423,78
49424,78
49425,78
49426,78
49427,78
49428,78
49429,78
49430,78
49431,78
49432,78
49433,78
49434,78
49435,78
49436,78
49437,78
49438,78
49439,78
49440,78
49441,78
49442,78
49443,78
49444,78
49445,78
49446,78
49447,78
49448,78
49449,78
49450,78
49451,78
49452,78
49453,78
49454,78
49455,78
49456,78
49457,78
49458,78
49459,78
49460,78
49461,78
49462,78
49463,78
49464,78
49465,78
49466,78
49467,78
49468,78
49469,78
49470,78
49471,78
49472,78
49473,78
49474,78
49475,78
49476,78
49477,78
49478,78
49479,78
49480,78
49481,78
49482,78
49483,78
49484,78
49485,78
49486,78
49487,78
49488,78
49489,78
49490,78
49491,78
49492,78
49493,78
49494,78
49495,78
49496,78
49497,78
49498,78
49499,78
49500,78
49501,78
49502,78
49503,78
49504,78
49505,78
49506,78
49507,78
49508,78
49509,78
49510,78
49511,78
49512,78
49513,78
49514,78
49515,78
49516,78
49517,78
49518,78
49519,78
49520,78
49521,78
49522,78
49523,78
49524,78
49525,78
49526,78
49527,78
49528,78
49529,78
49530,78
49531,78
49532,78
49533,78
49534,78
49535,78
49536,78
49537,78
49538,78
49539,78
49540,78
49541,78
49542,78
49543,78
49544,78
49545,78
49546,78
49547,78
49548,78
49549,78
49550,78
49551,78
49552,78
49553,78
49554,78
49555,78
49556,78
49557,78
49558,78
49559,78
49560,78
49561,78
49562,78
49563,78
49564,78
49565,78
49566,78
49567,78
49568,78
49569,78
49570,78
49571,78
49572,78
49573,78
49574,78
49575,78
49576,78
49577,78
49578,78
49579,78
49580,78
49581,78
49582,78
49583,78
49584,78
49585,78
49586,78
49587,78
49588,78
49589,78
49590,78
49591,78
49592,78
49593,78
49594,78
49595,78
49596,78
49597,78
49598,78
49599,78
49600,78
49601,78
49602,78
49603,78
49604,78
49605,78
49606,78
49607,78
49608,78
49609,78
49610,78
49611,78
49612,78
49613,78
49614,78
49615,78
49616,78
49617,78
49618,78
49619,78
49620,78
49621,78
49622,78
49623,78
49624,78
49625,78
49626,78
49627,78
49628,78
49629,78
49630,78
49631,78
49632,78
49633,78
49634,78
49635,78
49636,78
49637,78
49638,78
49639,78
49640,78
49641,78
49642,78
49643,78
49644,78
49645,78
49646,78
49647,78
49648,78
49649,78
49650,78
49651,78
49652,78
49653,78
49654,78
49655,78
49656,78
49657,78
49658,78
49659,78
49660,78
49661,78
49662,78
49663,78
49664,78
49665,78
49666,78
49667,78
49668,78
49669,78
49670,78
49671,78
49672,78
49673,78
49674,78
49675,78
49676,78
49677,78
49678,78
49679,78
49680,78
49681,78
49682,78
49683,78
49684,78
49685,78
49686,78
49687,78
49688,78
49689,78
49690,78
49691,78
49692,78
49693,78
49694,78
49695,78
49696,78
49697,78
49698,78
49699,78
49700,78
49701,78
49702,78
49703,78
49704,78
49705,78
49706,78
49707,78
49708,78
49709,78
49710,78
49711,78
49712,78
49713,78
49714,78
49715,78
49716,78
49717,78
49718,78
49719,78
49720,78
49721,78
49722,78
49723,78
49724,78
49725,78
49726,78
49727,78
49728,78
49729,78
49730,78
49731,78
49732,78
49733,78
49734,78
49735,78
49736,78
49737,78
49738,78
49739,78
49740,78
49741,78
49742,78
49743,78
49744,78
49745,78
49746,78
49747,78
49748,78
49749,78
49750,78
49751,78
49752,78
49753,78
49754,78
49755,78
49756,78
49757,78
49758,78
49759,78
49760,78
49761,78
49762,78
49763,78
49764,78
49765,78
49766,78
49767,78
49768,78
49769,78
49770,78
49771,78
49772,78
49773,78
49774,78
49775,78
49776,78
49777,78
49778,78
49779,78
49780,78
49781,78
49782,78
49783,78
49784,78
49785,78
49786,78
49787,78
49788,78
49789,78
49790,78
49791,78
49792,78
49793,78
49794,78
49795,78
49796,78
49797,78
49798,78
49799,78
49800,78
49801,78
49802,78
49803,78
49804,78
49805,78
49806,78
49807,78
49808,78
49809,78
49810,78
49811,78
49812,78
49813,78
49814,78
49815,78
49816,78
49817,78
49818,78
49819,78
49820,78
49821,78
49822,78
49823,78
49824,78
49825,78
49826,78
49827,78
49828,78
49829,78
49830,78
49831,78
49832,78
49833,78
49834,78
49835,78
49836,78
49837,78
49838,78
49839,78
49840,78
49841,78
49842,78
49843,78
49844,78
49845,78
49846,78
49847,78
49848,78
49849,78
49850,78
49851,78
49852,78
49853,78
49854,78
49855,78
49856,78
49857,78
49858,78
49859,78
49860,78
49861,78
49862,78
49863,78
49864,78
49865,78
49866,78
49867,78
49868,78
49869,78
49870,78
49871,78
49872,78
49873,78
49874,78
49875,78
49876,78
49877,78
49878,78
49879,78
49880,78
49881,78
49882,78
49883,78
49884,78
49885,78
49886,78
49887,78
49888,78
49889,78
49890,78
49891,78
49892,78
49893,78
49894,78
49895,78
49896,78
49897,78
49898,78
49899,78
49900,78
49901,78
49902,78
49903,78
49904,78
49905,78
49906,78
49907,78
49908,78
49909,78
49910,78
49911,78
49912,78
49913,78
49914,78
49915,78
49916,78
49917,78
49918,78
49919,78
49920,78
49921,78
49922,78
49923,78
49924,78
49925,78
49926,78
49927,78
49928,78
49929,78
49930,78
49931,78
49932,78
49933,78
49934,78
49935,78
49936,78
49937,78
49938,78
49939,78
49940,78
49941,78
49942,78
49943,78
49944,78
49945,78
49946,78
49947,78
49948,78
49949,78
49950,78
49951,78
49952,78
49953,78
49954,78
49955,78
49956,78
49957,78
49958,78
49959,78
49960,78
49961,78
49962,78
49963,78
49964,78
49965,78
49966,78
49967,78
49968,78
49969,78
49970,78
49971,78
49972,78
49973,78
49974,78
49975,78
49976,78
49977,78
49978,78
49979,78
49980,78
49981,78
49982,78
49983,78
49984,78
49985,78
49986,78
49987,78
49988,78
49989,78
49990,78
49991,78
49992,78
49993,78
49994,78
49995,78
49996,78
49997,78
49998,78
49999,78
50000,78
50001,78
50002,78
50003,78
50004,78
50005,78
50006,78
50007,78
50008,78
50009,78
50010,78
50011,78
50012,78
50013,78
50014,78
50015,78
50016,78
50017,78
50018,78
50019,78
50020,78
50021,78
50022,78
50023,78
50024,78
50025,78
50026,78
50027,78
50028,78
50029,78
50030,78
50031,78
50032,78
50033,78
50034,78
50035,78
50036,78
50037,78
50038,78
50039,78
50040,78
50041,78
50042,78
50043,78
50044,78
50045,78
50046,78
50047,78
50048,78
50049,78
50050,78
50051,78
50052,78
50053,78
50054,78
50055,78
50056,78
50057,78
50058,78
50059,78
50060,78
50061,78
50062,78
50063,78
50064,78
50065,78
50066,78
50067,78
50068,78
50069,78
50070,78
50071,78
50072,78
50073,78
50074,78
50075,78
50076,78
50077,78
50078,78
50079,78
50080,78
50081,78
50082,78
50083,78
50084,78
50085,78
50086,78
50087,78
50088,78
50089,78
50090,78
50091,78
50092,78
50093,78
50094,78
50095,78
50096,78
50097,78
50098,78
50099,78
50100,78
50101,78
50102,78
50103,78
50104,78
50105,78
50106,78
50107,78
50108,78
50109,78
50110,78
50111,78
50112,78
50113,78
50114,78
50115,78
50116,78
50117,78
50118,78
50119,78
50120,78
50121,78
50122,78
50123,78
50124,78
50125,78
50126,78
50127,78
50128,78
50129,78
50130,78
50131,78
50132,78
50133,78
50134,78
50135,78
50136,78
50137,78
50138,78
50139,78
50140,78
50141,78
50142,78
50143,78
50144,78
50145,78
50146,78
50147,78
50148,78
50149,78
50150,78
50151,78
50152,78
50153,78
50154,78
50155,78
50156,78
50157,78
50158,78
50159,78
50160,78
50161,78
50162,78
50163,78
50164,78
50165,78
50166,78
50167,78
50168,78
50169,78
50170,78
50171,78
50172,78
50173,78
50174,78
50175,78
50176,78
50177,78
50178,78
50179,78
50180,78
50181,78
50182,78
50183,78
50184,78
50185,78
50186,78
50187,78
50188,78
50189,78
50190,78
50191,78
50192,78
50193,78
50194,78
50195,78
50196,78
50197,78
50198,78
50199,78
50200,78
50201,78
50202,78
50203,78
50204,78
50205,78
50206,78
50207,78
50208,78
50209,78
50210,78
50211,78
50212,78
50213,78
50214,78
50215,78
50216,78
50217,78
50218,78
50219,78
50220,78
50221,78
50222,78
50223,78
50224,78
50225,78
50226,78
50227,78
50228,78
50229,78
50230,78
50231,78
50232,78
50233,78
50234,78
50235,78
50236,78
50237,78
50238,78
50239,78
50240,78
50241,78
50242,78
50243,78
50244,78
50245,78
50246,78
50247,78
50248,78
50249,78
50250,78
50251,78
50252,78
50253,78
50254,78
50255,78
50256,78
50257,78
50258,78
50259,78
50260,78
50261,78
50262,78
50263,78
50264,78
50265,78
50266,78
50267,78
50268,78
50269,78
50270,78
50271,78
50272,78
50273,78
50274,78
50275,78
50276,78
50277,78
50278,78
50279,78
50280,78
50281,78
50282,78
50283,78
50284,78
50285,78
50286,78
50287,78
50288,78
50289,78
50290,78
50291,78
50292,78
50293,78
50294,78
50295,78
50296,78
50297,78
50298,78
50299,78
50300,78
50301,78
50302,78
50303,78
50304,78
50305,78
50306,78
50307,78
50308,78
50309,78
50310,78
50311,78
50312,78
50313,78
50314,78
50315,78
50316,78
50317,78
50318,78
50319,78
50320,78
50321,78
50322,78
50323,78
50324,78
50325,78
50326,78
50327,78
50328,78
50329,78
50330,78
50331,78
50332,78
50333,78
50334,78
50335,78
50336,78
50337,78
50338,78
50339,78
50340,78
50341,78
50342,78
50343,78
50344,78
50345,78
50346,78
50347,78
50348,78
50349,78
50350,78
50351,78
50352,78
50353,78
50354,78
50355,78
50356,78
50357,78
50358,78
50359,78
50360,78
50361,78
50362,78
50363,78
50364,78
50365,78
50366,78
50367,78
50368,78
50369,78
50370,78
50371,78
50372,78
50373,78
50374,78
50375,78
50376,78
50377,78
50378,78
50379,78
50380,78
50381,78
50382,78
50383,78
50384,78
50385,78
50386,78
50387,78
50388,78
50389,78
50390,78
50391,78
50392,78
50393,78
50394,78
50395,78
50396,78
50397,78
50398,78
50399,78
50400,78
50401,78
50402,78
50403,78
50404,78
50405,78
50406,78
50407,78
50408,78
50409,78
50410,78
50411,78
50412,78
50413,78
50414,78
50415,78
50416,78
50417,78
50418,78
50419,78
50420,78
50421,78
50422,78
50423,78
50424,78
50425,78
50426,78
50427,78
50428,78
50429,78
50430,78
50431,78
50432,78
50433,78
50434,78
50435,78
50436,78
50437,78
50438,78
50439,78
50440,78
50441,78
50442,78
50443,78
50444,78
50445,78
50446,78
50447,78
50448,78
50449,78
50450,78
50451,78
50452,78
50453,78
50454,78
50455,78
50456,78
50457,78
50458,78
50459,78
50460,78
50461,78
50462,78
50463,78
50464,78
50465,78
50466,78
50467,78
50468,78
50469,78
50470,78
50471,78
50472,78
50473,78
50474,78
50475,78
50476,78
50477,78
50478,78
50479,78
50480,78
50481,78
50482,78
50483,78
50484,78
50485,78
50486,78
50487,78
50488,78
50489,78
50490,78
50491,78
50492,78
50493,78
50494,78
50495,78
50496,78
50497,78
50498,78
50499,78
50500,78
50501,78
50502,78
50503,78
50504,78
50505,78
50506,78
50507,78
50508,78
50509,78
50510,78
50511,78
50512,78
50513,78
50514,78
50515,78
50516,78
50517,78
50518,78
50519,78
50520,78
50521,78
50522,78
50523,78
50524,78
50525,78
50526,78
50527,78
50528,78
50529,78
50530,78
50531,78
50532,78
50533,78
50534,78
50535,78
50536,78
50537,78
50538,78
50539,78
50540,78
50541,78
50542,78
50543,78
50544,78
50545,78
50546,78
50547,78
50548,78
50549,78
50550,78
50551,78
50552,78
50553,78
50554,78
50555,78
50556,78
50557,78
50558,78
50559,78
50560,78
50561,78
50562,78
50563,78
50564,78
50565,78
50566,78
50567,78
50568,78
50569,78
50570,78
50571,78
50572,78
50573,78
50574,78
50575,78
50576,78
50577,78
50578,78
50579,78
50580,78
50581,78
50582,78
50583,78
50584,78
50585,78
50586,78
50587,78
50588,78
50589,78
50590,78
50591,78
50592,78
50593,78
50594,78
50595,78
50596,78
50597,78
50598,78
50599,78
50600,78
50601,78
50602,78
50603,78
50604,78
50605,78
50606,78
50607,78
50608,78
50609,78
50610,78
50611,78
50612,78
50613,78
50614,78
50615,78
50616,78
50617,78
50618,78
50619,78
50620,78
50621,78
50622,78
50623,78
50624,78
50625,78
50626,78
50627,78
50628,78
50629,78
50630,78
50631,78
50632,78
50633,78
50634,78
50635,78
50636,78
50637,78
50638,78
50639,78
50640,78
50641,78
50642,78
50643,78
50644,78
50645,78
50646,78
50647,78
50648,78
50649,78
50650,78
50651,78
50652,78
50653,78
50654,78
50655,78
50656,78
50657,78
50658,78
50659,78
50660,78
50661,78
50662,78
50663,78
50664,78
50665,78
50666,78
50667,78
50668,78
50669,78
50670,78
50671,78
50672,78
50673,78
50674,78
50675,78
50676,78
50677,78
50678,78
50679,78
50680,78
50681,78
50682,78
50683,78
50684,78
50685,78
50686,78
50687,78
50688,78
50689,78
50690,78
50691,78
50692,78
50693,78
50694,78
50695,78
50696,78
50697,78
50698,78
50699,78
50700,78
50701,78
50702,78
50703,78
50704,78
50705,78
50706,78
50707,78
50708,78
50709,78
50710,78
50711,78
50712,78
50713,78
50714,78
50715,78
50716,78
50717,78
50718,78
50719,78
50720,78
50721,78
50722,78
50723,78
50724,78
50725,78
50726,78
50727,78
50728,78
50729,78
50730,78
50731,78
50732,78
50733,78
50734,78
50735,78
50736,78
50737,78
50738,78
50739,78
50740,78
50741,78
50742,78
50743,78
50744,78
50745,78
50746,78
50747,78
50748,78
50749,78
50750,78
50751,78
50752,78
50753,78
50754,78
50755,78
50756,78
50757,78
50758,78
50759,78
50760,78
50761,78
50762,78
50763,78
50764,78
50765,78
50766,78
50767,78
50768,78
50769,78
50770,78
50771,78
50772,78
50773,78
50774,78
50775,78
50776,78
50777,78
50778,78
50779,78
50780,78
50781,78
50782,78
50783,78
50784,78
50785,78
50786,78
50787,78
50788,78
50789,78
50790,78
50791,78
50792,78
50793,78
50794,78
50795,78
50796,78
50797,78
50798,78
50799,78
50800,78
50801,78
50802,78
50803,78
50804,78
50805,78
50806,78
50807,78
50808,78
50809,78
50810,78
50811,78
50812,78
50813,78
50814,78
50815,78
50816,78
50817,78
50818,78
50819,78
50820,78
50821,78
50822,78
50823,78
50824,78
50825,78
50826,78
50827,78
50828,78
50829,78
50830,78
50831,78
50832,78
50833,78
50834,78
50835,78
50836,78
50837,78
50838,78
50839,78
50840,78
50841,78
50842,78
50843,78
50844,78
50845,78
50846,78
50847,78
50848,78
50849,78
50850,78
50851,78
50852,78
50853,78
50854,78
50855,78
50856,78
50857,78
50858,78
50859,78
50860,78
50861,78
50862,78
50863,78
50864,78
50865,78
50866,78
50867,78
50868,78
50869,78
50870,78
50871,78
50872,78
50873,78
50874,78
50875,78
50876,78
50877,78
50878,78
50879,78
50880,78
50881,78
50882,78
50883,78
50884,78
50885,78
50886,78
50887,78
50888,78
50889,78
50890,78
50891,78
50892,78
50893,78
50894,78
50895,78
50896,78
50897,78
50898,78
50899,78
50900,78
50901,78
50902,78
50903,78
50904,78
50905,78
50906,78
50907,78
50908,78
50909,78
50910,78
50911,78
50912,78
50913,78
50914,78
50915,78
50916,78
50917,78
50918,78
50919,78
50920,78
50921,78
50922,78
50923,78
50924,78
50925,78
50926,78
50927,78
50928,78
50929,78
50930,78
50931,78
50932,78
50933,78
50934,78
50935,78
50936,78
50937,78
50938,78
50939,78
50940,78
50941,78
50942,78
50943,78
50944,78
50945,78
50946,78
50947,78
50948,78
50949,78
50950,78
50951,78
50952,78
50953,78
50954,78
50955,78
50956,78
50957,78
50958,78
50959,78
50960,78
50961,78
50962,78
50963,78
50964,78
50965,78
50966,78
50967,78
50968,78
50969,78
50970,78
50971,78
50972,78
50973,78
50974,78
50975,78
50976,78
50977,78
50978,78
50979,78
50980,78
50981,78
50982,78
50983,78
50984,78
50985,78
50986,78
50987,78
50988,78
50989,78
50990,78
50991,78
50992,78
50993,78
50994,78
50995,78
50996,78
50997,78
50998,78
50999,78
51000,78
51001,78
51002,78
51003,78
51004,78
51005,78
51006,78
51007,78
51008,78
51009,78
51010,78
51011,78
51012,78
51013,78
51014,78
51015,78
51016,78
51017,78
51018,78
51019,78
51020,78
51021,78
51022,78
51023,78
51024,78
51025,78
51026,78
51027,78
51028,78
51029,78
51030,78
51031,78
51032,78
51033,78
51034,78
51035,78
51036,78
51037,78
51038,78
51039,78
51040,78
51041,78
51042,78
51043,78
51044,78
51045,78
51046,78
51047,78
51048,78
51049,78
51050,78
51051,78
51052,78
51053,78
51054,78
51055,78
51056,78
51057,78
51058,78
51059,78
51060,78
51061,78
51062,78
51063,78
51064,78
51065,78
51066,78
51067,78
51068,78
51069,78
51070,78
51071,78
51072,78
51073,78
51074,78
51075,78
51076,78
51077,78
51078,78
51079,78
51080,78
51081,78
51082,78
51083,78
51084,78
51085,78
51086,78
51087,78
51088,78
51089,78
51090,78
51091,78
51092,78
51093,78
51094,78
51095,78
51096,78
51097,78
51098,78
51099,78
51100,78
51101,78
51102,78
51103,78
51104,78
51105,78
51106,78
51107,78
51108,78
51109,78
51110,78
51111,78
51112,78
51113,78
51114,78
51115,78
51116,78
51117,78
51118,78
51119,78
51120,78
51121,78
51122,78
51123,78
51124,78
51125,78
51126,78
51127,78
51128,78
51129,78
51130,78
51131,78
51132,78
51133,78
51134,78
51135,78
51136,78
51137,78
51138,78
51139,78
51140,78
51141,78
51142,78
51143,78
51144,78
51145,78
51146,78
51147,78
51148,78
51149,78
51150,78
51151,78
51152,78
51153,78
51154,78
51155,78
51156,78
51157,78
51158,78
51159,78
51160,78
51161,78
51162,78
51163,78
51164,78
51165,78
51166,78
51167,78
51168,78
51169,78
51170,78
51171,78
51172,78
51173,78
51174,78
51175,78
51176,78
51177,78
51178,78
51179,78
51180,78
51181,78
51182,78
51183,78
51184,78
51185,78
51186,78
51187,78
51188,78
51189,78
51190,78
51191,78
51192,78
51193,78
51194,78
51195,78
51196,78
51197,78
51198,78
51199,78
51200,78
51201,78
51202,78
51203,78
51204,78
51205,78
51206,78
51207,78
51208,78
51209,78
51210,78
51211,78
51212,78
51213,78
51214,78
51215,78
51216,78
51217,78
51218,78
51219,78
51220,78
51221,78
51222,78
51223,78
51224,78
51225,78
51226,78
51227,78
51228,78
51229,78
51230,78
51231,78
51232,78
51233,78
51234,78
51235,78
51236,78
51237,78
51238,78
51239,78
51240,78
51241,78
51242,78
51243,78
51244,78
51245,78
51246,78
51247,78
51248,78
51249,78
51250,78
51251,78
51252,78
51253,78
51254,78
51255,78
51256,78
51257,78
51258,78
51259,78
51260,78
51261,78
51262,78
51263,78
51264,78
51265,78
51266,78
51267,78
51268,78
51269,78
51270,78
51271,78
51272,78
51273,78
51274,78
51275,78
51276,78
51277,78
51278,78
51279,78
51280,78
51281,78
51282,78
51283,78
51284,78
51285,78
51286,78
51287,78
51288,78
51289,78
51290,78
51291,78
51292,78
51293,78
51294,78
51295,78
51296,78
51297,78
51298,78
51299,78
51300,78
51301,78
51302,78
51303,78
51304,78
51305,78
51306,78
51307,78
51308,78
51309,78
51310,78
51311,78
51312,78
51313,78
51314,78
51315,78
51316,78
51317,78
51318,78
51319,78
51320,78
51321,78
51322,78
51323,78
51324,78
51325,78
51326,78
51327,78
51328,78
51329,78
51330,78
51331,78
51332,78
51333,78
51334,78
51335,78
51336,78
51337,78
51338,78
51339,78
51340,78
51341,78
51342,78
51343,78
51344,78
51345,78
51346,78
51347,78
51348,78
51349,78
51350,78
51351,78
51352,78
51353,78
51354,78
51355,78
51356,78
51357,78
51358,78
51359,78
51360,78
51361,78
51362,78
51363,78
51364,78
51365,78
51366,78
51367,78
51368,78
51369,78
51370,78
51371,78
51372,78
51373,78
51374,78
51375,78
51376,78
51377,78
51378,78
51379,78
51380,78
51381,78
51382,78
51383,78
51384,78
51385,78
51386,78
51387,78
51388,78
51389,78
51390,78
51391,78
51392,78
51393,78
51394,78
51395,78
51396,78
51397,78
51398,78
51399,78
51400,78
51401,78
51402,78
51403,78
51404,78
51405,78
51406,78
51407,78
51408,78
51409,78
51410,78
51411,78
51412,78
51413,78
51414,78
51415,78
51416,78
51417,78
51418,78
51419,78
51420,78
51421,78
51422,78
51423,78
51424,78
51425,78
51426,78
51427,78
51428,78
51429,78
51430,78
51431,78
51432,78
51433,78
51434,78
51435,78
51436,78
51437,78
51438,78
51439,78
51440,78
51441,78
51442,78
51443,78
51444,78
51445,78
51446,78
51447,78
51448,78
51449,78
51450,78
51451,78
51452,78
51453,78
51454,78
51455,78
51456,78
51457,78
51458,78
51459,78
51460,78
51461,78
51462,78
51463,78
51464,78
51465,78
51466,78
51467,78
51468,78
51469,78
51470,78
51471,78
51472,78
51473,78
51474,78
51475,78
51476,78
51477,78
51478,78
51479,78
51480,78
51481,78
51482,78
51483,78
51484,78
51485,78
51486,78
51487,78
51488,78
51489,78
51490,78
51491,78
51492,78
51493,78
51494,78
51495,78
51496,78
51497,78
51498,78
51499,78
51500,78
51501,78
51502,78
51503,78
51504,78
51505,78
51506,78
51507,78
51508,78
51509,78
51510,78
51511,78
51512,78
51513,78
51514,78
51515,78
51516,78
51517,78
51518,78
51519,78
51520,78
51521,78
51522,78
51523,78
51524,78
51525,78
51526,78
51527,78
51528,78
51529,78
51530,78
51531,78
51532,78
51533,78
51534,78
51535,78
51536,78
51537,78
51538,78
51539,78
51540,78
51541,78
51542,78
51543,78
51544,78
51545,78
51546,78
51547,78
51548,78
51549,78
51550,78
51551,78
51552,78
51553,78
51554,78
51555,78
51556,78
51557,78
51558,78
51559,78
51560,78
51561,78
51562,78
51563,78
51564,78
51565,78
51566,78
51567,78
51568,78
51569,78
51570,78
51571,78
51572,78
51573,78
51574,78
51575,78
51576,78
51577,78
51578,78
51579,78
51580,78
51581,78
51582,78
51583,78
51584,78
51585,78
51586,78
51587,78
51588,78
51589,78
51590,78
51591,78
51592,78
51593,78
51594,78
51595,78
51596,78
51597,78
51598,78
51599,78
51600,78
51601,78
51602,78
51603,78
51604,78
51605,78
51606,78
51607,78
51608,78
51609,78
51610,78
51611,78
51612,78
51613,78
51614,78
51615,78
51616,78
51617,78
51618,78
51619,78
51620,78
51621,78
51622,78
51623,78
51624,78
51625,78
51626,78
51627,78
51628,78
51629,78
51630,78
51631,78
51632,78
51633,78
51634,78
51635,78
51636,78
51637,78
51638,78
51639,78
51640,78
51641,78
51642,78
51643,78
51644,78
51645,78
51646,78
51647,78
51648,78
51649,78
51650,78
51651,78
51652,78
51653,78
51654,78
51655,78
51656,78
51657,78
51658,78
51659,78
51660,78
51661,78
51662,78
51663,78
51664,78
51665,78
51666,78
51667,78
51668,78
51669,78
51670,78
51671,78
51672,78
51673,78
51674,78
51675,78
51676,78
51677,78
51678,78
51679,78
51680,78
51681,78
51682,78
51683,78
51684,78
51685,78
51686,78
51687,78
51688,78
51689,78
51690,78
51691,78
51692,78
51693,78
51694,78
51695,78
51696,78
51697,78
51698,78
51699,78
51700,78
51701,78
51702,78
51703,78
51704,78
51705,78
51706,78
51707,78
51708,78
51709,78
51710,78
51711,78
51712,78
51713,78
51714,78
51715,78
51716,78
51717,78
51718,78
51719,78
51720,78
51721,78
51722,78
51723,78
51724,78
51725,78
51726,78
51727,78
51728,78
51729,78
51730,78
51731,78
51732,78
51733,78
51734,78
51735,78
51736,78
51737,78
51738,78
51739,78
51740,78
51741,78
51742,78
51743,78
51744,78
51745,78
51746,78
51747,78
51748,78
51749,78
51750,78
51751,78
51752,78
51753,78
51754,78
51755,78
51756,78
51757,78
51758,78
51759,78
51760,78
51761,78
51762,78
51763,78
51764,78
51765,78
51766,78
51767,78
51768,78
51769,78
51770,78
51771,78
51772,78
51773,78
51774,78
51775,78
51776,78
51777,78
51778,78
51779,78
51780,78
51781,78
51782,78
51783,78
51784,78
51785,78
51786,78
51787,78
51788,78
51789,78
51790,78
51791,78
51792,78
51793,78
51794,78
51795,78
51796,78
51797,78
51798,78
51799,78
51800,78
51801,78
51802,78
51803,78
51804,78
51805,78
51806,78
51807,78
51808,78
51809,78
51810,78
51811,78
51812,78
51813,78
51814,78
51815,78
51816,78
51817,78
51818,78
51819,78
51820,78
51821,78
51822,78
51823,78
51824,78
51825,78
51826,78
51827,78
51828,78
51829,78
51830,78
51831,78
51832,78
51833,78
51834,78
51835,78
51836,78
51837,78
51838,78
51839,78
51840,78
51841,78
51842,78
51843,78
51844,78
51845,78
51846,78
51847,78
51848,78
51849,78
51850,78
51851,78
51852,78
51853,78
51854,78
51855,78
51856,78
51857,78
51858,78
51859,78
51860,78
51861,78
51862,78
51863,78
51864,78
51865,78
51866,78
51867,78
51868,78
51869,78
51870,78
51871,78
51872,78
51873,78
51874,78
51875,78
51876,78
51877,78
51878,78
51879,78
51880,78
51881,78
51882,78
51883,78
51884,78
51885,78
51886,78
51887,78
51888,78
51889,78
51890,78
51891,78
51892,78
51893,78
51894,78
51895,78
51896,78
51897,78
51898,78
51899,78
51900,78
51901,78
51902,78
51903,78
51904,78
51905,78
51906,78
51907,78
51908,78
51909,78
51910,78
51911,78
51912,78
51913,78
51914,78
51915,78
51916,78
51917,78
51918,78
51919,78
51920,78
51921,78
51922,78
51923,78
51924,78
51925,78
51926,78
51927,78
51928,78
51929,78
51930,78
51931,78
51932,78
51933,78
51934,78
51935,78
51936,78
51937,78
51938,78
51939,78
51940,78
51941,78
51942,78
51943,78
51944,78
51945,78
51946,78
51947,78
51948,78
51949,78
51950,78
51951,78
51952,78
51953,78
51954,78
51955,78
51956,78
51957,78
51958,78
51959,78
51960,78
51961,78
51962,78
51963,78
51964,78
51965,78
51966,78
51967,78
51968,78
51969,78
51970,78
51971,78
51972,78
51973,78
51974,78
51975,78
51976,78
51977,78
51978,78
51979,78
51980,78
51981,78
51982,78
51983,78
51984,78
51985,78
51986,78
51987,78
51988,78
51989,78
51990,78
51991,78
51992,78
51993,78
51994,78
51995,78
51996,78
51997,78
51998,78
51999,78
52000,78
52001,78
52002,78
52003,78
52004,78
52005,78
52006,78
52007,78
52008,78
52009,78
52010,78
52011,78
52012,78
52013,78
52014,78
52015,78
52016,78
52017,78
52018,78
52019,78
52020,78
52021,78
52022,78
52023,78
52024,78
52025,78
52026,78
52027,78
52028,78
52029,78
52030,78
52031,78
52032,78
52033,78
52034,78
52035,78
52036,78
52037,78
52038,78
52039,78
52040,78
52041,78
52042,78
52043,78
52044,78
52045,78
52046,78
52047,78
52048,78
52049,78
52050,78
52051,78
52052,78
52053,78
52054,78
52055,78
52056,78
52057,78
52058,78
52059,78
52060,78
52061,78
52062,78
52063,78
52064,78
52065,78
52066,78
52067,78
52068,78
52069,78
52070,78
52071,78
52072,78
52073,78
52074,78
52075,78
52076,78
52077,78
52078,78
52079,78
52080,78
52081,78
52082,78
52083,78
52084,78
52085,78
52086,78
52087,78
52088,78
52089,78
52090,78
52091,78
52092,78
52093,78
52094,78
52095,78
52096,78
52097,78
52098,78
52099,78
52100,78
52101,78
52102,78
52103,78
52104,78
52105,78
52106,78
52107,78
52108,78
52109,78
52110,78
52111,78
52112,78
52113,78
52114,78
52115,78
52116,78
52117,78
52118,78
52119,78
52120,78
52121,78
52122,78
52123,78
52124,78
52125,78
52126,78
52127,78
52128,78
52129,78
52130,78
52131,78
52132,78
52133,78
52134,78
52135,78
52136,78
52137,78
52138,78
52139,78
52140,78
52141,78
52142,78
52143,78
52144,78
52145,78
52146,78
52147,78
52148,78
52149,78
52150,78
52151,78
52152,78
52153,78
52154,78
52155,78
52156,78
52157,78
52158,78
52159,78
52160,78
52161,78
52162,78
52163,78
52164,78
52165,78
52166,78
52167,78
52168,78
52169,78
52170,78
52171,78
52172,78
52173,78
52174,78
52175,78
52176,78
52177,78
52178,78
52179,78
52180,78
52181,78
52182,78
52183,78
52184,78
52185,78
52186,78
52187,78
52188,78
52189,78
52190,78
52191,78
52192,78
52193,78
52194,78
52195,78
52196,78
52197,78
52198,78
52199,78
52200,78
52201,78
52202,78
52203,78
52204,78
52205,78
52206,78
52207,78
52208,78
52209,78
52210,78
52211,78
52212,78
52213,78
52214,78
52215,78
52216,78
52217,78
52218,78
52219,78
52220,78
52221,78
52222,78
52223,78
52224,78
52225,78
52226,78
52227,78
52228,78
52229,78
52230,78
52231,78
52232,78
52233,78
52234,78
52235,78
52236,78
52237,78
52238,78
52239,78
52240,78
52241,78
52242,78
52243,78
52244,78
52245,78
52246,78
52247,78
52248,78
52249,78
52250,78
52251,78
52252,78
52253,78
52254,78
52255,78
52256,78
52257,78
52258,78
52259,78
52260,78
52261,78
52262,78
52263,78
52264,78
52265,78
52266,78
52267,78
52268,78
52269,78
52270,78
52271,78
52272,78
52273,78
52274,78
52275,78
52276,78
52277,78
52278,78
52279,78
52280,78
52281,78
52282,78
52283,78
52284,78
52285,78
52286,78
52287,78
52288,78
52289,78
52290,78
52291,78
52292,78
52293,78
52294,78
52295,78
52296,78
52297,78
52298,78
52299,78
52300,78
52301,78
52302,78
52303,78
52304,78
52305,78
52306,78
52307,78
52308,78
52309,78
52310,78
52311,78
52312,78
52313,78
52314,78
52315,78
52316,78
52317,78
52318,78
52319,78
52320,78
52321,78
52322,78
52323,78
52324,78
52325,78
52326,78
52327,78
52328,78
52329,78
52330,78
52331,78
52332,78
52333,78
52334,78
52335,78
52336,78
52337,78
52338,78
52339,78
52340,78
52341,78
52342,78
52343,78
52344,78
52345,78
52346,78
52347,78
52348,78
52349,78
52350,78
52351,78
52352,78
52353,78
52354,78
52355,78
52356,78
52357,78
52358,78
52359,78
52360,78
52361,78
52362,78
52363,78
52364,78
52365,78
52366,78
52367,78
52368,78
52369,78
52370,78
52371,78
52372,78
52373,78
52374,78
52375,78
52376,78
52377,78
52378,78
52379,78
52380,78
52381,78
52382,78
52383,78
52384,78
52385,78
52386,78
52387,78
52388,78
52389,78
52390,78
52391,78
52392,78
52393,78
52394,78
52395,78
52396,78
52397,78
52398,78
52399,78
52400,78
52401,78
52402,78
52403,78
52404,78
52405,78
52406,78
52407,78
52408,78
52409,78
52410,78
52411,78
52412,78
52413,78
52414,78
52415,78
52416,78
52417,78
52418,78
52419,78
52420,78
52421,78
52422,78
52423,78
52424,78
52425,78
52426,78
52427,78
52428,78
52429,78
52430,78
52431,78
52432,78
52433,78
52434,78
52435,78
52436,78
52437,78
52438,78
52439,78
52440,78
52441,78
52442,78
52443,78
52444,78
52445,78
52446,78
52447,78
52448,78
52449,78
52450,78
52451,78
52452,78
52453,78
52454,78
52455,78
52456,78
52457,78
52458,78
52459,78
52460,78
52461,78
52462,78
52463,78
52464,78
52465,78
52466,78
52467,78
52468,78
52469,78
52470,78
52471,78
52472,78
52473,78
52474,78
52475,78
52476,78
52477,78
52478,78
52479,78
52480,78
52481,78
52482,78
52483,78
52484,78
52485,78
52486,78
52487,78
52488,78
52489,78
52490,78
52491,78
52492,78
52493,78
52494,78
52495,78
52496,78
52497,78
52498,78
52499,78
52500,78
52501,78
52502,78
52503,78
52504,78
52505,78
52506,78
52507,78
52508,78
52509,78
52510,78
52511,78
52512,78
52513,78
52514,78
52515,78
52516,78
52517,78
52518,78
52519,78
52520,78
52521,78
52522,78
52523,78
52524,78
52525,78
52526,78
52527,78
52528,78
52529,78
52530,78
52531,78
52532,78
52533,78
52534,78
52535,78
52536,78
52537,78
52538,78
52539,78
52540,78
52541,78
52542,78
52543,78
52544,78
52545,78
52546,78
52547,78
52548,78
52549,78
52550,78
52551,78
52552,78
52553,78
52554,78
52555,78
52556,78
52557,78
52558,78
52559,78
52560,78
52561,78
52562,78
52563,78
52564,78
52565,78
52566,78
52567,78
52568,78
52569,78
52570,78
52571,78
52572,78
52573,78
52574,78
52575,78
52576,78
52577,78
52578,78
52579,78
52580,78
52581,78
52582,78
52583,78
52584,78
52585,78
52586,78
52587,78
52588,78
52589,78
52590,78
52591,78
52592,78
52593,78
52594,78
52595,78
52596,78
52597,78
52598,78
52599,78
52600,78
52601,78
52602,78
52603,78
52604,78
52605,78
52606,78
52607,78
52608,78
52609,78
52610,78
52611,78
52612,78
52613,78
52614,78
52615,78
52616,78
52617,78
52618,78
52619,78
52620,78
52621,78
52622,78
52623,78
52624,78
52625,78
52626,78
52627,78
52628,78
52629,78
52630,78
52631,78
52632,78
52633,78
52634,78
52635,78
52636,78
52637,78
52638,78
52639,78
52640,78
52641,78
52642,78
52643,78
52644,78
52645,78
52646,78
52647,78
52648,78
52649,78
52650,78
52651,78
52652,78
52653,78
52654,78
52655,78
52656,78
52657,78
52658,78
52659,78
52660,78
52661,78
52662,78
52663,78
52664,78
52665,78
52666,78
52667,78
52668,78
52669,78
52670,78
52671,78
52672,78
52673,78
52674,78
52675,78
52676,78
52677,78
52678,78
52679,78
52680,78
52681,78
52682,78
52683,78
52684,78
52685,78
52686,78
52687,78
52688,78
52689,78
52690,78
52691,78
52692,78
52693,78
52694,78
52695,78
52696,78
52697,78
52698,78
52699,78
52700,78
52701,78
52702,78
52703,78
52704,78
52705,78
52706,78
52707,78
52708,78
52709,78
52710,78
52711,78
52712,78
52713,78
52714,78
52715,78
52716,78
52717,78
52718,78
52719,78
52720,78
52721,78
52722,78
52723,78
52724,78
52725,78
52726,78
52727,78
52728,78
52729,78
52730,78
52731,78
52732,78
52733,78
52734,78
52735,78
52736,78
52737,78
52738,78
52739,78
52740,78
52741,78
52742,78
52743,78
52744,78
52745,78
52746,78
52747,78
52748,78
52749,78
52750,78
52751,78
52752,78
52753,78
52754,78
52755,78
52756,78
52757,78
52758,78
52759,78
52760,78
52761,78
52762,78
52763,78
52764,78
52765,78
52766,78
52767,78
52768,78
52769,78
52770,78
52771,78
52772,78
52773,78
52774,78
52775,78
52776,78
52777,78
52778,78
52779,78
52780,78
52781,78
52782,78
52783,78
52784,78
52785,78
52786,78
52787,78
52788,78
52789,78
52790,78
52791,78
52792,78
52793,78
52794,78
52795,78
52796,78
52797,78
52798,78
52799,78
52800,78
52801,78
52802,78
52803,78
52804,78
52805,78
52806,78
52807,78
52808,78
52809,78
52810,78
52811,78
52812,78
52813,78
52814,78
52815,78
52816,78
52817,78
52818,78
52819,78
52820,78
52821,78
52822,78
52823,78
52824,78
52825,78
52826,78
52827,78
52828,78
52829,78
52830,78
52831,78
52832,78
52833,78
52834,78
52835,78
52836,78
52837,78
52838,78
52839,78
52840,78
52841,78
52842,78
52843,78
52844,78
52845,78
52846,78
52847,78
52848,78
52849,78
52850,78
52851,78
52852,78
52853,78
52854,78
52855,78
52856,78
52857,78
52858,78
52859,78
52860,78
52861,78
52862,78
52863,78
52864,78
52865,78
52866,78
52867,78
52868,78
52869,78
52870,78
52871,78
52872,78
52873,78
52874,78
52875,78
52876,78
52877,78
52878,78
52879,78
52880,78
52881,78
52882,78
52883,78
52884,78
52885,78
52886,78
52887,78
52888,78
52889,78
52890,78
52891,78
52892,78
52893,78
52894,78
52895,78
52896,78
52897,78
52898,78
52899,78
52900,78
52901,78
52902,78
52903,78
52904,78
52905,78
52906,78
52907,78
52908,78
52909,78
52910,78
52911,78
52912,78
52913,78
52914,78
52915,78
52916,78
52917,78
52918,78
52919,78
52920,78
52921,78
52922,78
52923,78
52924,78
52925,78
52926,78
52927,78
52928,78
52929,78
52930,78
52931,78
52932,78
52933,78
52934,78
52935,78
52936,78
52937,78
52938,78
52939,78
52940,78
52941,78
52942,78
52943,78
52944,78
52945,78
52946,78
52947,78
52948,78
52949,78
52950,78
52951,78
52952,78
52953,78
52954,78
52955,78
52956,78
52957,78
52958,78
52959,78
52960,78
52961,78
52962,78
52963,78
52964,78
52965,78
52966,78
52967,78
52968,78
52969,78
52970,78
52971,78
52972,78
52973,78
52974,78
52975,78
52976,78
52977,78
52978,78
52979,78
52980,78
52981,78
52982,78
52983,78
52984,78
52985,78
52986,78
52987,78
52988,78
52989,78
52990,78
52991,78
52992,78
52993,78
52994,78
52995,78
52996,78
52997,78
52998,78
52999,78
53000,78
53001,78
53002,78
53003,78
53004,78
53005,78
53006,78
53007,78
53008,78
53009,78
53010,78
53011,78
53012,78
53013,78
53014,78
53015,78
53016,78
53017,78
53018,78
53019,78
53020,78
53021,78
53022,78
53023,78
53024,78
53025,78
53026,78
53027,78
53028,78
53029,78
53030,78
53031,78
53032,78
53033,78
53034,78
53035,78
53036,78
53037,78
53038,78
53039,78
53040,78
53041,78
53042,78
53043,78
53044,78
53045,78
53046,78
53047,78
53048,78
53049,78
53050,78
53051,78
53052,78
53053,78
53054,78
53055,78
53056,78
53057,78
53058,78
53059,78
53060,78
53061,78
53062,78
53063,78
53064,78
53065,78
53066,78
53067,78
53068,78
53069,78
53070,78
53071,78
53072,78
53073,78
53074,78
53075,78
53076,78
53077,78
53078,78
53079,78
53080,78
53081,78
53082,78
53083,78
53084,78
53085,78
53086,78
53087,78
53088,78
53089,78
53090,78
53091,78
53092,78
53093,78
53094,78
53095,78
53096,78
53097,78
53098,78
53099,78
53100,78
53101,78
53102,78
53103,78
53104,78
53105,78
53106,78
53107,78
53108,78
53109,78
53110,78
53111,78
53112,78
53113,78
53114,78
53115,78
53116,78
53117,78
53118,78
53119,78
53120,78
53121,78
53122,78
53123,78
53124,78
53125,78
53126,78
53127,78
53128,78
53129,78
53130,78
53131,78
53132,78
53133,78
53134,78
53135,78
53136,78
53137,78
53138,78
53139,78
53140,78
53141,78
53142,78
53143,78
53144,78
53145,78
53146,78
53147,78
53148,78
53149,78
53150,78
53151,78
53152,78
53153,78
53154,78
53155,78
53156,78
53157,78
53158,78
53159,78
53160,78
53161,78
53162,78
53163,78
53164,78
53165,78
53166,78
53167,78
53168,78
53169,78
53170,78
53171,78
53172,78
53173,78
53174,78
53175,78
53176,78
53177,78
53178,78
53179,78
53180,78
53181,78
53182,78
53183,78
53184,78
53185,78
53186,78
53187,78
53188,78
53189,78
53190,78
53191,78
53192,78
53193,78
53194,78
53195,78
53196,78
53197,78
53198,78
53199,78
53200,78
53201,78
53202,78
53203,78
53204,78
53205,78
53206,78
53207,78
53208,78
53209,78
53210,78
53211,78
53212,78
53213,78
53214,78
53215,78
53216,78
53217,78
53218,78
53219,78
53220,78
53221,78
53222,78
53223,78
53224,78
53225,78
53226,78
53227,78
53228,78
53229,78
53230,78
53231,78
53232,78
53233,78
53234,78
53235,78
53236,78
53237,78
53238,78
53239,78
53240,78
53241,78
53242,78
53243,78
53244,78
53245,78
53246,78
53247,78
53248,78
53249,78
53250,78
53251,78
53252,78
53253,78
53254,78
53255,78
53256,78
53257,78
53258,78
53259,78
53260,78
53261,78
53262,78
53263,78
53264,78
53265,78
53266,78
53267,78
53268,78
53269,78
53270,78
53271,78
53272,78
53273,78
53274,78
53275,78
53276,78
53277,78
53278,78
53279,78
53280,78
53281,78
53282,78
53283,78
53284,78
53285,78
53286,78
53287,78
53288,78
53289,78
53290,78
53291,78
53292,78
53293,78
53294,78
53295,78
53296,78
53297,78
53298,78
53299,78
53300,78
53301,78
53302,78
53303,78
53304,78
53305,78
53306,78
53307,78
53308,78
53309,78
53310,78
53311,78
53312,78
53313,78
53314,78
53315,78
53316,78
53317,78
53318,78
53319,78
53320,78
53321,78
53322,78
53323,78
53324,78
53325,78
53326,78
53327,78
53328,78
53329,78
53330,78
53331,78
53332,78
53333,78
53334,78
53335,78
53336,78
53337,78
53338,78
53339,78
53340,78
53341,78
53342,78
53343,78
53344,78
53345,78
53346,78
53347,78
53348,78
53349,78
53350,78
53351,78
53352,78
53353,78
53354,78
53355,78
53356,78
53357,78
53358,78
53359,78
53360,78
53361,78
53362,78
53363,78
53364,78
53365,78
53366,78
53367,78
53368,78
53369,78
53370,78
53371,78
53372,78
53373,78
53374,78
53375,78
53376,78
53377,78
53378,78
53379,78
53380,78
53381,78
53382,78
53383,78
53384,78
53385,78
53386,78
53387,78
53388,78
53389,78
53390,78
53391,78
53392,78
53393,78
53394,78
53395,78
53396,78
53397,78
53398,78
53399,78
53400,78
53401,78
53402,78
53403,78
53404,78
53405,78
53406,78
53407,78
53408,78
53409,78
53410,78
53411,78
53412,78
53413,78
53414,78
53415,78
53416,78
53417,78
53418,78
53419,78
53420,78
53421,78
53422,78
53423,78
53424,78
53425,78
53426,78
53427,78
53428,78
53429,78
53430,78
53431,78
53432,78
53433,78
53434,78
53435,78
53436,78
53437,78
53438,78
53439,78
53440,78
53441,78
53442,78
53443,78
53444,78
53445,78
53446,78
53447,78
53448,78
53449,78
53450,78
53451,78
53452,78
53453,78
53454,78
53455,78
53456,78
53457,78
53458,78
53459,78
53460,78
53461,78
53462,78
53463,78
53464,78
53465,78
53466,78
53467,78
53468,78
53469,78
53470,78
53471,78
53472,78
53473,78
53474,78
53475,78
53476,78
53477,78
53478,78
53479,78
53480,78
53481,78
53482,78
53483,78
53484,78
53485,78
53486,78
53487,78
53488,78
53489,78
53490,78
53491,78
53492,78
53493,78
53494,78
53495,78
53496,78
53497,78
53498,78
53499,78
53500,78
53501,78
53502,78
53503,78
53504,78
53505,78
53506,78
53507,78
53508,78
53509,78
53510,78
53511,78
53512,78
53513,78
53514,78
53515,78
53516,78
53517,78
53518,78
53519,78
53520,78
53521,78
53522,78
53523,78
53524,78
53525,78
53526,78
53527,78
53528,78
53529,78
53530,78
53531,78
53532,78
53533,78
53534,78
53535,78
53536,78
53537,78
53538,78
53539,78
53540,78
53541,78
53542,78
53543,78
53544,78
53545,78
53546,78
53547,78
53548,78
53549,78
53550,78
53551,78
53552,78
53553,78
53554,78
53555,78
53556,78
53557,78
53558,78
53559,78
53560,78
53561,78
53562,78
53563,78
53564,78
53565,78
53566,78
53567,78
53568,78
53569,78
53570,78
53571,78
53572,78
53573,78
53574,78
53575,78
53576,78
53577,78
53578,78
53579,78
53580,78
53581,78
53582,78
53583,78
53584,78
53585,78
53586,78
53587,78
53588,78
53589,78
53590,78
53591,78
53592,78
53593,78
53594,78
53595,78
53596,78
53597,78
53598,78
53599,78
53600,78
53601,78
53602,78
53603,78
53604,78
53605,78
53606,78
53607,78
53608,78
53609,78
53610,78
53611,78
53612,78
53613,78
53614,78
53615,78
53616,78
53617,78
53618,78
53619,78
53620,78
53621,78
53622,78
53623,78
53624,78
53625,78
53626,78
53627,78
53628,78
53629,78
53630,78
53631,78
53632,78
53633,78
53634,78
53635,78
53636,78
53637,78
53638,78
53639,78
53640,78
53641,78
53642,78
53643,78
53644,78
53645,78
53646,78
53647,78
53648,78
53649,78
53650,78
53651,78
53652,78
53653,78
53654,78
53655,78
53656,78
53657,78
53658,78
53659,78
53660,78
53661,78
53662,78
53663,78
53664,78
53665,78
53666,78
53667,78
53668,78
53669,78
53670,78
53671,78
53672,78
53673,78
53674,78
53675,78
53676,78
53677,78
53678,78
53679,78
53680,78
53681,78
53682,78
53683,78
53684,78
53685,78
53686,78
53687,78
53688,78
53689,78
53690,78
53691,78
53692,78
53693,78
53694,78
53695,78
53696,78
53697,78
53698,78
53699,78
53700,78
53701,78
53702,78
53703,78
53704,78
53705,78
53706,78
53707,78
53708,78
53709,78
53710,78
53711,78
53712,78
53713,78
53714,78
53715,78
53716,78
53717,78
53718,78
53719,78
53720,78
53721,78
53722,78
53723,78
53724,78
53725,78
53726,78
53727,78
53728,78
53729,78
53730,78
53731,78
53732,78
53733,78
53734,78
53735,78
53736,78
53737,78
53738,78
53739,78
53740,78
53741,78
53742,78
53743,78
53744,78
53745,78
53746,78
53747,78
53748,78
53749,78
53750,78
53751,78
53752,78
53753,78
53754,78
53755,78
53756,78
53757,78
53758,78
53759,78
53760,78
53761,78
53762,78
53763,78
53764,78
53765,78
53766,78
53767,78
53768,78
53769,78
53770,78
53771,78
53772,78
53773,78
53774,78
53775,78
53776,78
53777,78
53778,78
53779,78
53780,78
53781,78
53782,78
53783,78
53784,78
53785,78
53786,78
53787,78
53788,78
53789,78
53790,78
53791,78
53792,78
53793,78
53794,78
53795,78
53796,78
53797,78
53798,78
53799,78
53800,78
53801,78
53802,78
53803,78
53804,78
53805,78
53806,78
53807,78
53808,78
53809,78
53810,78
53811,78
53812,78
53813,78
53814,78
53815,78
53816,78
53817,78
53818,78
53819,78
53820,78
53821,78
53822,78
53823,78
53824,78
53825,78
53826,78
53827,78
53828,78
53829,78
53830,78
53831,78
53832,78
53833,78
53834,78
53835,78
53836,78
53837,78
53838,78
53839,78
53840,78
53841,78
53842,78
53843,78
53844,78
53845,78
53846,78
53847,78
53848,78
53849,78
53850,78
53851,78
53852,78
53853,78
53854,78
53855,78
53856,78
53857,78
53858,78
53859,78
53860,78
53861,78
53862,78
53863,78
53864,78
53865,78
53866,78
53867,78
53868,78
53869,78
53870,78
53871,78
53872,78
53873,78
53874,78
53875,78
53876,78
53877,78
53878,78
53879,78
53880,78
53881,78
53882,78
53883,78
53884,78
53885,78
53886,78
53887,78
53888,78
53889,78
53890,78
53891,78
53892,78
53893,78
53894,78
53895,78
53896,78
53897,78
53898,78
53899,78
53900,78
53901,78
53902,78
53903,78
53904,78
53905,78
53906,78
53907,78
53908,78
53909,78
53910,78
53911,78
53912,78
53913,78
53914,78
53915,78
53916,78
53917,78
53918,78
53919,78
53920,78
53921,78
53922,78
53923,78
53924,78
53925,78
53926,78
53927,78
53928,78
53929,78
53930,78
53931,78
53932,78
53933,78
53934,78
53935,78
53936,78
53937,78
53938,78
53939,78
53940,78
53941,78
53942,78
53943,78
53944,78
53945,78
53946,78
53947,78
53948,78
53949,78
53950,78
53951,78
53952,78
53953,78
53954,78
53955,78
53956,78
53957,78
53958,78
53959,78
53960,78
53961,78
53962,78
53963,78
53964,78
53965,78
53966,78
53967,78
53968,78
53969,78
53970,78
53971,78
53972,78
53973,78
53974,78
53975,78
53976,78
53977,78
53978,78
53979,78
53980,78
53981,78
53982,78
53983,78
53984,78
53985,78
53986,78
53987,78
53988,78
53989,78
53990,78
53991,78
53992,78
53993,78
53994,78
53995,78
53996,78
53997,78
53998,78
53999,78
54000,78
54001,78
54002,78
54003,78
54004,78
54005,78
54006,78
54007,78
54008,78
54009,78
54010,78
54011,78
54012,78
54013,78
54014,78
54015,78
54016,78
54017,78
54018,78
54019,78
54020,78
54021,78
54022,78
54023,78
54024,78
54025,78
54026,78
54027,78
54028,78
54029,78
54030,78
54031,78
54032,78
54033,78
54034,78
54035,78
54036,78
54037,78
54038,78
54039,78
54040,78
54041,78
54042,78
54043,78
54044,78
54045,78
54046,78
54047,78
54048,78
54049,78
54050,78
54051,78
54052,78
54053,78
54054,78
54055,78
54056,78
54057,78
54058,78
54059,78
54060,78
54061,78
54062,78
54063,78
54064,78
54065,78
54066,78
54067,78
54068,78
54069,78
54070,78
54071,78
54072,78
54073,78
54074,78
54075,78
54076,78
54077,78
54078,78
54079,78
54080,78
54081,78
54082,78
54083,78
54084,78
54085,78
54086,78
54087,78
54088,78
54089,78
54090,78
54091,78
54092,78
54093,78
54094,78
54095,78
54096,78
54097,78
54098,78
54099,78
54100,78
54101,78
54102,78
54103,78
54104,78
54105,78
54106,78
54107,78
54108,78
54109,78
54110,78
54111,78
54112,78
54113,78
54114,78
54115,78
54116,78
54117,78
54118,78
54119,78
54120,78
54121,78
54122,78
54123,78
54124,78
54125,78
54126,78
54127,78
54128,78
54129,78
54130,78
54131,78
54132,78
54133,78
54134,78
54135,78
54136,78
54137,78
54138,78
54139,78
54140,78
54141,78
54142,78
54143,78
54144,78
54145,78
54146,78
54147,78
54148,78
54149,78
54150,78
54151,78
54152,78
54153,78
54154,78
54155,78
54156,78
54157,78
54158,78
54159,78
54160,78
54161,78
54162,78
54163,78
54164,78
54165,78
54166,78
54167,78
54168,78
54169,78
54170,78
54171,78
54172,78
54173,78
54174,78
54175,78
54176,78
54177,78
54178,78
54179,78
54180,78
54181,78
54182,78
54183,78
54184,78
54185,78
54186,78
54187,78
54188,78
54189,78
54190,78
54191,78
54192,78
54193,78
54194,78
54195,78
54196,78
54197,78
54198,78
54199,78
54200,78
54201,78
54202,78
54203,78
54204,78
54205,78
54206,78
54207,78
54208,78
54209,78
54210,78
54211,78
54212,78
54213,78
54214,78
54215,78
54216,78
54217,78
54218,78
54219,78
54220,78
54221,78
54222,78
54223,78
54224,78
54225,78
54226,78
54227,78
54228,78
54229,78
54230,78
54231,78
54232,78
54233,78
54234,78
54235,78
54236,78
54237,78
54238,78
54239,78
54240,78
54241,78
54242,78
54243,78
54244,78
54245,78
54246,78
54247,78
54248,78
54249,78
54250,78
54251,78
54252,78
54253,78
54254,78
54255,78
54256,78
54257,78
54258,78
54259,78
54260,78
54261,78
54262,78
54263,78
54264,78
54265,78
54266,78
54267,78
54268,78
54269,78
54270,78
54271,78
54272,78
54273,78
54274,78
54275,78
54276,78
54277,78
54278,78
54279,78
54280,78
54281,78
54282,78
54283,78
54284,78
54285,78
54286,78
54287,78
54288,78
54289,78
54290,78
54291,78
54292,78
54293,78
54294,78
54295,78
54296,78
54297,78
54298,78
54299,78
54300,78
54301,78
54302,78
54303,78
54304,78
54305,78
54306,78
54307,78
54308,78
54309,78
54310,78
54311,78
54312,78
54313,78
54314,78
54315,78
54316,78
54317,78
54318,78
54319,78
54320,78
54321,78
54322,78
54323,78
54324,78
54325,78
54326,78
54327,78
54328,78
54329,78
54330,78
54331,78
54332,78
54333,78
54334,78
54335,78
54336,78
54337,78
54338,78
54339,78
54340,78
54341,78
54342,78
54343,78
54344,78
54345,78
54346,78
54347,78
54348,78
54349,78
54350,78
54351,78
54352,78
54353,78
54354,78
54355,78
54356,78
54357,78
54358,78
54359,78
54360,78
54361,78
54362,78
54363,78
54364,78
54365,78
54366,78
54367,78
54368,78
54369,78
54370,78
54371,78
54372,78
54373,78
54374,78
54375,78
54376,78
54377,78
54378,78
54379,78
54380,78
54381,78
54382,78
54383,78
54384,78
54385,78
54386,78
54387,78
54388,78
54389,78
54390,78
54391,78
54392,78
54393,78
54394,78
54395,78
54396,78
54397,78
54398,78
54399,78
54400,78
54401,78
54402,78
54403,78
54404,78
54405,78
54406,78
54407,78
54408,78
54409,78
54410,78
54411,78
54412,78
54413,78
54414,78
54415,78
54416,78
54417,78
54418,78
54419,78
54420,78
54421,78
54422,78
54423,78
54424,78
54425,78
54426,78
54427,78
54428,78
54429,78
54430,78
54431,78
54432,78
54433,78
54434,78
54435,78
54436,78
54437,78
54438,78
54439,78
54440,78
54441,78
54442,78
54443,78
54444,78
54445,78
54446,78
54447,78
54448,78
54449,78
54450,78
54451,78
54452,78
54453,78
54454,78
54455,78
54456,78
54457,78
54458,78
54459,78
54460,78
54461,78
54462,78
54463,78
54464,78
54465,78
54466,78
54467,78
54468,78
54469,78
54470,78
54471,78
54472,78
54473,78
54474,78
54475,78
54476,78
54477,78
54478,78
54479,78
54480,78
54481,78
54482,78
54483,78
54484,78
54485,78
54486,78
54487,78
54488,78
54489,78
54490,78
54491,78
54492,78
54493,78
54494,78
54495,78
54496,78
54497,78
54498,78
54499,78
54500,78
54501,78
54502,78
54503,78
54504,78
54505,78
54506,78
54507,78
54508,78
54509,78
54510,78
54511,78
54512,78
54513,78
54514,78
54515,78
54516,78
54517,78
54518,78
54519,78
54520,78
54521,78
54522,78
54523,78
54524,78
54525,78
54526,78
54527,78
54528,78
54529,78
54530,78
54531,78
54532,78
54533,78
54534,78
54535,78
54536,78
54537,78
54538,78
54539,78
54540,78
54541,78
54542,78
54543,78
54544,78
54545,78
54546,78
54547,78
54548,78
54549,78
54550,78
54551,78
54552,78
54553,78
54554,78
54555,78
54556,78
54557,78
54558,78
54559,78
54560,78
54561,78
54562,78
54563,78
54564,78
54565,78
54566,78
54567,78
54568,78
54569,78
54570,78
54571,78
54572,78
54573,78
54574,78
54575,78
54576,78
54577,78
54578,78
54579,78
54580,78
54581,78
54582,78
54583,78
54584,78
54585,78
54586,78
54587,78
54588,78
54589,78
54590,78
54591,78
54592,78
54593,78
54594,78
54595,78
54596,78
54597,78
54598,78
54599,78
54600,78
54601,78
54602,78
54603,78
54604,78
54605,78
54606,78
54607,78
54608,78
54609,78
54610,78
54611,78
54612,78
54613,78
54614,78
54615,78
54616,78
54617,78
54618,78
54619,78
54620,78
54621,78
54622,78
54623,78
54624,78
54625,78
54626,78
54627,78
54628,78
54629,78
54630,78
54631,78
54632,78
54633,78
54634,78
54635,78
54636,78
54637,78
54638,78
54639,78
54640,78
54641,78
54642,78
54643,78
54644,78
54645,78
54646,78
54647,78
54648,78
54649,78
54650,78
54651,78
54652,78
54653,78
54654,78
54655,78
54656,78
54657,78
54658,78
54659,78
54660,78
54661,78
54662,78
54663,78
54664,78
54665,78
54666,78
54667,78
54668,78
54669,78
54670,78
54671,78
54672,78
54673,78
54674,78
54675,78
54676,78
54677,78
54678,78
54679,78
54680,78
54681,78
54682,78
54683,78
54684,78
54685,78
54686,78
54687,78
54688,78
54689,78
54690,78
54691,78
54692,78
54693,78
54694,78
54695,78
54696,78
54697,78
54698,78
54699,78
54700,78
54701,78
54702,78
54703,78
54704,78
54705,78
54706,78
54707,78
54708,78
54709,78
54710,78
54711,78
54712,78
54713,78
54714,78
54715,78
54716,78
54717,78
54718,78
54719,78
54720,78
54721,78
54722,78
54723,78
54724,78
54725,78
54726,78
54727,78
54728,78
54729,78
54730,78
54731,78
54732,78
54733,78
54734,78
54735,78
54736,78
54737,78
54738,78
54739,78
54740,78
54741,78
54742,78
54743,78
54744,78
54745,78
54746,78
54747,78
54748,78
54749,78
54750,78
54751,78
54752,78
54753,78
54754,78
54755,78
54756,78
54757,78
54758,78
54759,78
54760,78
54761,78
54762,78
54763,78
54764,78
54765,78
54766,78
54767,78
54768,78
54769,78
54770,78
54771,78
54772,78
54773,78
54774,78
54775,78
54776,78
54777,78
54778,78
54779,78
54780,78
54781,78
54782,78
54783,78
54784,78
54785,78
54786,78
54787,78
54788,78
54789,78
54790,78
54791,78
54792,78
54793,78
54794,78
54795,78
54796,78
54797,78
54798,78
54799,78
54800,78
54801,78
54802,78
54803,78
54804,78
54805,78
54806,78
54807,78
54808,78
54809,78
54810,78
54811,78
54812,78
54813,78
54814,78
54815,78
54816,78
54817,78
54818,78
54819,78
54820,78
54821,78
54822,78
54823,78
54824,78
54825,78
54826,78
54827,78
54828,78
54829,78
54830,78
54831,78
54832,78
54833,78
54834,78
54835,78
54836,78
54837,78
54838,78
54839,78
54840,78
54841,78
54842,78
54843,78
54844,78
54845,78
54846,78
54847,78
54848,78
54849,78
54850,78
54851,78
54852,78
54853,78
54854,78
54855,78
54856,78
54857,78
54858,78
54859,78
54860,78
54861,78
54862,78
54863,78
54864,78
54865,78
54866,78
54867,78
54868,78
54869,78
54870,78
54871,78
54872,78
54873,78
54874,78
54875,78
54876,78
54877,78
54878,78
54879,78
54880,78
54881,78
54882,78
54883,78
54884,78
54885,78
54886,78
54887,78
54888,78
54889,78
54890,78
54891,78
54892,78
54893,78
54894,78
54895,78
54896,78
54897,78
54898,78
54899,78
54900,78
54901,78
54902,78
54903,78
54904,78
54905,78
54906,78
54907,78
54908,78
54909,78
54910,78
54911,78
54912,78
54913,78
54914,78
54915,78
54916,78
54917,78
54918,78
54919,78
54920,78
54921,78
54922,78
54923,78
54924,78
54925,78
54926,78
54927,78
54928,78
54929,78
54930,78
54931,78
54932,78
54933,78
54934,78
54935,78
54936,78
54937,78
54938,78
54939,78
54940,78
54941,78
54942,78
54943,78
54944,78
54945,78
54946,78
54947,78
54948,78
54949,78
54950,78
54951,78
54952,78
54953,78
54954,78
54955,78
54956,78
54957,78
54958,78
54959,78
54960,78
54961,78
54962,78
54963,78
54964,78
54965,78
54966,78
54967,78
54968,78
54969,78
54970,78
54971,78
54972,78
54973,78
54974,78
54975,78
54976,78
54977,78
54978,78
54979,78
54980,78
54981,78
54982,78
54983,78
54984,78
54985,78
54986,78
54987,78
54988,78
54989,78
54990,78
54991,78
54992,78
54993,78
54994,78
54995,78
54996,78
54997,78
54998,78
54999,78
55000,78
55001,78
55002,78
55003,78
55004,78
55005,78
55006,78
55007,78
55008,78
55009,78
55010,78
55011,78
55012,78
55013,78
55014,78
55015,78
55016,78
55017,78
55018,78
55019,78
55020,78
55021,78
55022,78
55023,78
55024,78
55025,78
55026,78
55027,78
55028,78
55029,78
55030,78
55031,78
55032,78
55033,78
55034,78
55035,78
55036,78
55037,78
55038,78
55039,78
55040,78
55041,78
55042,78
55043,78
55044,78
55045,78
55046,78
55047,78
55048,78
55049,78
55050,78
55051,78
55052,78
55053,78
55054,78
55055,78
55056,78
55057,78
55058,78
55059,78
55060,78
55061,78
55062,78
55063,78
55064,78
55065,78
55066,78
55067,78
55068,78
55069,78
55070,78
55071,78
55072,78
55073,78
55074,78
55075,78
55076,78
55077,78
55078,78
55079,78
55080,78
55081,78
55082,78
55083,78
55084,78
55085,78
55086,78
55087,78
55088,78
55089,78
55090,78
55091,78
55092,78
55093,78
55094,78
55095,78
55096,78
55097,78
55098,78
55099,78
55100,78
55101,78
55102,78
55103,78
55104,78
55105,78
55106,78
55107,78
55108,78
55109,78
55110,78
55111,78
55112,78
55113,78
55114,78
55115,78
55116,78
55117,78
55118,78
55119,78
55120,78
55121,78
55122,78
55123,78
55124,78
55125,78
55126,78
55127,78
55128,78
55129,78
55130,78
55131,78
55132,78
55133,78
55134,78
55135,78
55136,78
55137,78
55138,78
55139,78
55140,78
55141,78
55142,78
55143,78
55144,78
55145,78
55146,78
55147,78
55148,78
55149,78
55150,78
55151,78
55152,78
55153,78
55154,78
55155,78
55156,78
55157,78
55158,78
55159,78
55160,78
55161,78
55162,78
55163,78
55164,78
55165,78
55166,78
55167,78
55168,78
55169,78
55170,78
55171,78
55172,78
55173,78
55174,78
55175,78
55176,78
55177,78
55178,78
55179,78
55180,78
55181,78
55182,78
55183,78
55184,78
55185,78
55186,78
55187,78
55188,78
55189,78
55190,78
55191,78
55192,78
55193,78
55194,78
55195,78
55196,78
55197,78
55198,78
55199,78
55200,78
55201,78
55202,78
55203,78
55204,78
55205,78
55206,78
55207,78
55208,78
55209,78
55210,78
55211,78
55212,78
55213,78
55214,78
55215,78
55216,78
55217,78
55218,78
55219,78
55220,78
55221,78
55222,78
55223,78
55224,78
55225,78
55226,78
55227,78
55228,78
55229,78
55230,78
55231,78
55232,78
55233,78
55234,78
55235,78
55236,78
55237,78
55238,78
55239,78
55240,78
55241,78
55242,78
55243,78
55244,78
55245,78
55246,78
55247,78
55248,78
55249,78
55250,78
55251,78
55252,78
55253,78
55254,78
55255,78
55256,78
55257,78
55258,78
55259,78
55260,78
55261,78
55262,78
55263,78
55264,78
55265,78
55266,78
55267,78
55268,78
55269,78
55270,78
55271,78
55272,78
55273,78
55274,78
55275,78
55276,78
55277,78
55278,78
55279,78
55280,78
55281,78
55282,78
55283,78
55284,78
55285,78
55286,78
55287,78
55288,78
55289,78
55290,78
55291,78
55292,78
55293,78
55294,78
55295,78
55296,78
55297,78
55298,78
55299,78
55300,78
55301,78
55302,78
55303,78
55304,78
55305,78
55306,78
55307,78
55308,78
55309,78
55310,78
55311,78
55312,78
55313,78
55314,78
55315,78
55316,78
55317,78
55318,78
55319,78
55320,78
55321,78
55322,78
55323,78
55324,78
55325,78
55326,78
55327,78
55328,78
55329,78
55330,78
55331,78
55332,78
55333,78
55334,78
55335,78
55336,78
55337,78
55338,78
55339,78
55340,78
55341,78
55342,78
55343,78
55344,78
55345,78
55346,78
55347,78
55348,78
55349,78
55350,78
55351,78
55352,78
55353,78
55354,78
55355,78
55356,78
55357,78
55358,78
55359,78
55360,78
55361,78
55362,78
55363,78
55364,78
55365,78
55366,78
55367,78
55368,78
55369,78
55370,78
55371,78
55372,78
55373,78
55374,78
55375,78
55376,78
55377,78
55378,78
55379,78
55380,78
55381,78
55382,78
55383,78
55384,78
55385,78
55386,78
55387,78
55388,78
55389,78
55390,78
55391,78
55392,78
55393,78
55394,78
55395,78
55396,78
55397,78
55398,78
55399,78
55400,78
55401,78
55402,78
55403,78
55404,78
55405,78
55406,78
55407,78
55408,78
55409,78
55410,78
55411,78
55412,78
55413,78
55414,78
55415,78
55416,78
55417,78
55418,78
55419,78
55420,78
55421,78
55422,78
55423,78
55424,78
55425,78
55426,78
55427,78
55428,78
55429,78
55430,78
55431,78
55432,78
55433,78
55434,78
55435,78
55436,78
55437,78
55438,78
55439,78
55440,78
55441,78
55442,78
55443,78
55444,78
55445,78
55446,78
55447,78
55448,78
55449,78
55450,78
55451,78
55452,78
55453,78
55454,78
55455,78
55456,78
55457,78
55458,78
55459,78
55460,78
55461,78
55462,78
55463,78
55464,78
55465,78
55466,78
55467,78
55468,78
55469,78
55470,78
55471,78
55472,78
55473,78
55474,78
55475,78
55476,78
55477,78
55478,78
55479,78
55480,78
55481,78
55482,78
55483,78
55484,78
55485,78
55486,78
55487,78
55488,78
55489,78
55490,78
55491,78
55492,78
55493,78
55494,78
55495,78
55496,78
55497,78
55498,78
55499,78
55500,78
55501,78
55502,78
55503,78
55504,78
55505,78
55506,78
55507,78
55508,78
55509,78
55510,78
55511,78
55512,78
55513,78
55514,78
55515,78
55516,78
55517,78
55518,78
55519,78
55520,78
55521,78
55522,78
55523,78
55524,78
55525,78
55526,78
55527,78
55528,78
55529,78
55530,78
55531,78
55532,78
55533,78
55534,78
55535,78
55536,78
55537,78
55538,78
55539,78
55540,78
55541,78
55542,78
55543,78
55544,78
55545,78
55546,78
55547,78
55548,78
55549,78
55550,78
55551,78
55552,78
55553,78
55554,78
55555,78
55556,78
55557,78
55558,78
55559,78
55560,78
55561,78
55562,78
55563,78
55564,78
55565,78
55566,78
55567,78
55568,78
55569,78
55570,78
55571,78
55572,78
55573,78
55574,78
55575,78
55576,78
55577,78
55578,78
55579,78
55580,78
55581,78
55582,78
55583,78
55584,78
55585,78
55586,78
55587,78
55588,78
55589,78
55590,78
55591,78
55592,78
55593,78
55594,78
55595,78
55596,78
55597,78
55598,78
55599,78
55600,78
55601,78
55602,78
55603,78
55604,78
55605,78
55606,78
55607,78
55608,78
55609,78
55610,78
55611,78
55612,78
55613,78
55614,78
55615,78
55616,78
55617,78
55618,78
55619,78
55620,78
55621,78
55622,78
55623,78
55624,78
55625,78
55626,78
55627,78
55628,78
55629,78
55630,78
55631,78
55632,78
55633,78
55634,78
55635,78
55636,78
55637,78
55638,78
55639,78
55640,78
55641,78
55642,78
55643,78
55644,78
55645,78
55646,78
55647,78
55648,78
55649,78
55650,78
55651,78
55652,78
55653,78
55654,78
55655,78
55656,78
55657,78
55658,78
55659,78
55660,78
55661,78
55662,78
55663,78
55664,78
55665,78
55666,78
55667,78
55668,78
55669,78
55670,78
55671,78
55672,78
55673,78
55674,78
55675,78
55676,78
55677,78
55678,78
55679,78
55680,78
55681,78
55682,78
55683,78
55684,78
55685,78
55686,78
55687,78
55688,78
55689,78
55690,78
55691,78
55692,78
55693,78
55694,78
55695,78
55696,78
55697,78
55698,78
55699,78
55700,78
55701,78
55702,78
55703,78
55704,78
55705,78
55706,78
55707,78
55708,78
55709,78
55710,78
55711,78
55712,78
55713,78
55714,78
55715,78
55716,78
55717,78
55718,78
55719,78
55720,78
55721,78
55722,78
55723,78
55724,78
55725,78
55726,78
55727,78
55728,78
55729,78
55730,78
55731,78
55732,78
55733,78
55734,78
55735,78
55736,78
55737,78
55738,78
55739,78
55740,78
55741,78
55742,78
55743,78
55744,78
55745,78
55746,78
55747,78
55748,78
55749,78
55750,78
55751,78
55752,78
55753,78
55754,78
55755,78
55756,78
55757,78
55758,78
55759,78
55760,78
55761,78
55762,78
55763,78
55764,78
55765,78
55766,78
55767,78
55768,78
55769,78
55770,78
55771,78
55772,78
55773,78
55774,78
55775,78
55776,78
55777,78
55778,78
55779,78
55780,78
55781,78
55782,78
55783,78
55784,78
55785,78
55786,78
55787,78
55788,78
55789,78
55790,78
55791,78
55792,78
55793,78
55794,78
55795,78
55796,78
55797,78
55798,78
55799,78
55800,78
55801,78
55802,78
55803,78
55804,78
55805,78
55806,78
55807,78
55808,78
55809,78
55810,78
55811,78
55812,78
55813,78
55814,78
55815,78
55816,78
55817,78
55818,78
55819,78
55820,78
55821,78
55822,78
55823,78
55824,78
55825,78
55826,78
55827,78
55828,78
55829,78
55830,78
55831,78
55832,78
55833,78
55834,78
55835,78
55836,78
55837,78
55838,78
55839,78
55840,78
55841,78
55842,78
55843,78
55844,78
55845,78
55846,78
55847,78
55848,78
55849,78
55850,78
55851,78
55852,78
55853,78
55854,78
55855,78
55856,78
55857,78
55858,78
55859,78
55860,78
55861,78
55862,78
55863,78
55864,78
55865,78
55866,78
55867,78
55868,78
55869,78
55870,78
55871,78
55872,78
55873,78
55874,78
55875,78
55876,78
55877,78
55878,78
55879,78
55880,78
55881,78
55882,78
55883,78
55884,78
55885,78
55886,78
55887,78
55888,78
55889,78
55890,78
55891,78
55892,78
55893,78
55894,78
55895,78
55896,78
55897,78
55898,78
55899,78
55900,78
55901,78
55902,78
55903,78
55904,78
55905,78
55906,78
55907,78
55908,78
55909,78
55910,78
55911,78
55912,78
55913,78
55914,78
55915,78
55916,78
55917,78
55918,78
55919,78
55920,78
55921,78
55922,78
55923,78
55924,78
55925,78
55926,78
55927,78
55928,78
55929,78
55930,78
55931,78
55932,78
55933,78
55934,78
55935,78
55936,78
55937,78
55938,78
55939,78
55940,78
55941,78
55942,78
55943,78
55944,78
55945,78
55946,78
55947,78
55948,78
55949,78
55950,78
55951,78
55952,78
55953,78
55954,78
55955,78
55956,78
55957,78
55958,78
55959,78
55960,78
55961,78
55962,78
55963,78
55964,78
55965,78
55966,78
55967,78
55968,78
55969,78
55970,78
55971,78
55972,78
55973,78
55974,78
55975,78
55976,78
55977,78
55978,78
55979,78
55980,78
55981,78
55982,78
55983,78
55984,78
55985,78
55986,78
55987,78
55988,78
55989,78
55990,78
55991,78
55992,78
55993,78
55994,78
55995,78
55996,78
55997,78
55998,78
55999,78
56000,78
56001,78
56002,78
56003,78
56004,78
56005,78
56006,78
56007,78
56008,78
56009,78
56010,78
56011,78
56012,78
56013,78
56014,78
56015,78
56016,78
56017,78
56018,78
56019,78
56020,78
56021,78
56022,78
56023,78
56024,78
56025,78
56026,78
56027,78
56028,78
56029,78
56030,78
56031,78
56032,78
56033,78
56034,78
56035,78
56036,78
56037,78
56038,78
56039,78
56040,78
56041,78
56042,78
56043,78
56044,78
56045,78
56046,78
56047,78
56048,78
56049,78
56050,78
56051,78
56052,78
56053,78
56054,78
56055,78
56056,78
56057,78
56058,78
56059,78
56060,78
56061,78
56062,78
56063,78
56064,78
56065,78
56066,78
56067,78
56068,78
56069,78
56070,78
56071,78
56072,78
56073,78
56074,78
56075,78
56076,78
56077,78
56078,78
56079,78
56080,78
56081,78
56082,78
56083,78
56084,78
56085,78
56086,78
56087,78
56088,78
56089,78
56090,78
56091,78
56092,78
56093,78
56094,78
56095,78
56096,78
56097,78
56098,78
56099,78
56100,78
56101,78
56102,78
56103,78
56104,78
56105,78
56106,78
56107,78
56108,78
56109,78
56110,78
56111,78
56112,78
56113,78
56114,78
56115,78
56116,78
56117,78
56118,78
56119,78
56120,78
56121,78
56122,78
56123,78
56124,78
56125,78
56126,78
56127,78
56128,78
56129,78
56130,78
56131,78
56132,78
56133,78
56134,78
56135,78
56136,78
56137,78
56138,78
56139,78
56140,78
56141,78
56142,78
56143,78
56144,78
56145,78
56146,78
56147,78
56148,78
56149,78
56150,78
56151,78
56152,78
56153,78
56154,78
56155,78
56156,78
56157,78
56158,78
56159,78
56160,78
56161,78
56162,78
56163,78
56164,78
56165,78
56166,78
56167,78
56168,78
56169,78
56170,78
56171,78
56172,78
56173,78
56174,78
56175,78
56176,78
56177,78
56178,78
56179,78
56180,78
56181,78
56182,78
56183,78
56184,78
56185,78
56186,78
56187,78
56188,78
56189,78
56190,78
56191,78
56192,78
56193,78
56194,78
56195,78
56196,78
56197,78
56198,78
56199,78
56200,78
56201,78
56202,78
56203,78
56204,78
56205,78
56206,78
56207,78
56208,78
56209,78
56210,78
56211,78
56212,78
56213,78
56214,78
56215,78
56216,78
56217,78
56218,78
56219,78
56220,78
56221,78
56222,78
56223,78
56224,78
56225,78
56226,78
56227,78
56228,78
56229,78
56230,78
56231,78
56232,78
56233,78
56234,78
56235,78
56236,78
56237,78
56238,78
56239,78
56240,78
56241,78
56242,78
56243,78
56244,78
56245,78
56246,78
56247,78
56248,78
56249,78
56250,78
56251,78
56252,78
56253,78
56254,78
56255,78
56256,78
56257,78
56258,78
56259,78
56260,78
56261,78
56262,78
56263,78
56264,78
56265,78
56266,78
56267,78
56268,78
56269,78
56270,78
56271,78
56272,78
56273,78
56274,78
56275,78
56276,78
56277,78
56278,78
56279,78
56280,78
56281,78
56282,78
56283,78
56284,78
56285,78
56286,78
56287,78
56288,78
56289,78
56290,78
56291,78
56292,78
56293,78
56294,78
56295,78
56296,78
56297,78
56298,78
56299,78
56300,78
56301,78
56302,78
56303,78
56304,78
56305,78
56306,78
56307,78
56308,78
56309,78
56310,78
56311,78
56312,78
56313,78
56314,78
56315,78
56316,78
56317,78
56318,78
56319,78
56320,78
56321,78
56322,78
56323,78
56324,78
56325,78
56326,78
56327,78
56328,78
56329,78
56330,78
56331,78
56332,78
56333,78
56334,78
56335,78
56336,78
56337,78
56338,78
56339,78
56340,78
56341,78
56342,78
56343,78
56344,78
56345,78
56346,78
56347,78
56348,78
56349,78
56350,78
56351,78
56352,78
56353,78
56354,78
56355,78
56356,78
56357,78
56358,78
56359,78
56360,78
56361,78
56362,78
56363,78
56364,78
56365,78
56366,78
56367,78
56368,78
56369,78
56370,78
56371,78
56372,78
56373,78
56374,78
56375,78
56376,78
56377,78
56378,78
56379,78
56380,78
56381,78
56382,78
56383,78
56384,78
56385,78
56386,78
56387,78
56388,78
56389,78
56390,78
56391,78
56392,78
56393,78
56394,78
56395,78
56396,78
56397,78
56398,78
56399,78
56400,78
56401,78
56402,78
56403,78
56404,78
56405,78
56406,78
56407,78
56408,78
56409,78
56410,78
56411,78
56412,78
56413,78
56414,78
56415,78
56416,78
56417,78
56418,78
56419,78
56420,78
56421,78
56422,78
56423,78
56424,78
56425,78
56426,78
56427,78
56428,78
56429,78
56430,78
56431,78
56432,78
56433,78
56434,78
56435,78
56436,78
56437,78
56438,78
56439,78
56440,78
56441,78
56442,78
56443,78
56444,78
56445,78
56446,78
56447,78
56448,78
56449,78
56450,78
56451,78
56452,78
56453,78
56454,78
56455,78
56456,78
56457,78
56458,78
56459,78
56460,78
56461,78
56462,78
56463,78
56464,78
56465,78
56466,78
56467,78
56468,78
56469,78
56470,78
56471,78
56472,78
56473,78
56474,78
56475,78
56476,78
56477,78
56478,78
56479,78
56480,78
56481,78
56482,78
56483,78
56484,78
56485,78
56486,78
56487,78
56488,78
56489,78
56490,78
56491,78
56492,78
56493,78
56494,78
56495,78
56496,78
56497,78
56498,78
56499,78
56500,78
56501,78
56502,78
56503,78
56504,78
56505,78
56506,78
56507,78
56508,78
56509,78
56510,78
56511,78
56512,78
56513,78
56514,78
56515,78
56516,78
56517,78
56518,78
56519,78
56520,78
56521,78
56522,78
56523,78
56524,78
56525,78
56526,78
56527,78
56528,78
56529,78
56530,78
56531,78
56532,78
56533,78
56534,78
56535,78
56536,78
56537,78
56538,78
56539,78
56540,78
56541,78
56542,78
56543,78
56544,78
56545,78
56546,78
56547,78
56548,78
56549,78
56550,78
56551,78
56552,78
56553,78
56554,78
56555,78
56556,78
56557,78
56558,78
56559,78
56560,78
56561,78
56562,78
56563,78
56564,78
56565,78
56566,78
56567,78
56568,78
56569,78
56570,78
56571,78
56572,78
56573,78
56574,78
56575,78
56576,78
56577,78
56578,78
56579,78
56580,78
56581,78
56582,78
56583,78
56584,78
56585,78
56586,78
56587,78
56588,78
56589,78
56590,78
56591,78
56592,78
56593,78
56594,78
56595,78
56596,78
56597,78
56598,78
56599,78
56600,78
56601,78
56602,78
56603,78
56604,78
56605,78
56606,78
56607,78
56608,78
56609,78
56610,78
56611,78
56612,78
56613,78
56614,78
56615,78
56616,78
56617,78
56618,78
56619,78
56620,78
56621,78
56622,78
56623,78
56624,78
56625,78
56626,78
56627,78
56628,78
56629,78
56630,78
56631,78
56632,78
56633,78
56634,78
56635,78
56636,78
56637,78
56638,78
56639,78
56640,78
56641,78
56642,78
56643,78
56644,78
56645,78
56646,78
56647,78
56648,78
56649,78
56650,78
56651,78
56652,78
56653,78
56654,78
56655,78
56656,78
56657,78
56658,78
56659,78
56660,78
56661,78
56662,78
56663,78
56664,78
56665,78
56666,78
56667,78
56668,78
56669,78
56670,78
56671,78
56672,78
56673,78
56674,78
56675,78
56676,78
56677,78
56678,78
56679,78
56680,78
56681,78
56682,78
56683,78
56684,78
56685,78
56686,78
56687,78
56688,78
56689,78
56690,78
56691,78
56692,78
56693,78
56694,78
56695,78
56696,78
56697,78
56698,78
56699,78
56700,78
56701,78
56702,78
56703,78
56704,78
56705,78
56706,78
56707,78
56708,78
56709,78
56710,78
56711,78
56712,78
56713,78
56714,78
56715,78
56716,78
56717,78
56718,78
56719,78
56720,78
56721,78
56722,78
56723,78
56724,78
56725,78
56726,78
56727,78
56728,78
56729,78
56730,78
56731,78
56732,78
56733,78
56734,78
56735,78
56736,78
56737,78
56738,78
56739,78
56740,78
56741,78
56742,78
56743,78
56744,78
56745,78
56746,78
56747,78
56748,78
56749,78
56750,78
56751,78
56752,78
56753,78
56754,78
56755,78
56756,78
56757,78
56758,78
56759,78
56760,78
56761,78
56762,78
56763,78
56764,78
56765,78
56766,78
56767,78
56768,78
56769,78
56770,78
56771,78
56772,78
56773,78
56774,78
56775,78
56776,78
56777,78
56778,78
56779,78
56780,78
56781,78
56782,78
56783,78
56784,78
56785,78
56786,78
56787,78
56788,78
56789,78
56790,78
56791,78
56792,78
56793,78
56794,78
56795,78
56796,78
56797,78
56798,78
56799,78
56800,78
56801,78
56802,78
56803,78
56804,78
56805,78
56806,78
56807,78
56808,78
56809,78
56810,78
56811,78
56812,78
56813,78
56814,78
56815,78
56816,78
56817,78
56818,78
56819,78
56820,78
56821,78
56822,78
56823,78
56824,78
56825,78
56826,78
56827,78
56828,78
56829,78
56830,78
56831,78
56832,78
56833,78
56834,78
56835,78
56836,78
56837,78
56838,78
56839,78
56840,78
56841,78
56842,78
56843,78
56844,78
56845,78
56846,78
56847,78
56848,78
56849,78
56850,78
56851,78
56852,78
56853,78
56854,78
56855,78
56856,78
56857,78
56858,78
56859,78
56860,78
56861,78
56862,78
56863,78
56864,78
56865,78
56866,78
56867,78
56868,78
56869,78
56870,78
56871,78
56872,78
56873,78
56874,78
56875,78
56876,78
56877,78
56878,78
56879,78
56880,78
56881,78
56882,78
56883,78
56884,78
56885,78
56886,78
56887,78
56888,78
56889,78
56890,78
56891,78
56892,78
56893,78
56894,78
56895,78
56896,78
56897,78
56898,78
56899,78
56900,78
56901,78
56902,78
56903,78
56904,78
56905,78
56906,78
56907,78
56908,78
56909,78
56910,78
56911,78
56912,78
56913,78
56914,78
56915,78
56916,78
56917,78
56918,78
56919,78
56920,78
56921,78
56922,78
56923,78
56924,78
56925,78
56926,78
56927,78
56928,78
56929,78
56930,78
56931,78
56932,78
56933,78
56934,78
56935,78
56936,78
56937,78
56938,78
56939,78
56940,78
56941,78
56942,78
56943,78
56944,78
56945,78
56946,78
56947,78
56948,78
56949,78
56950,78
56951,78
56952,78
56953,78
56954,78
56955,78
56956,78
56957,78
56958,78
56959,78
56960,78
56961,78
56962,78
56963,78
56964,78
56965,78
56966,78
56967,78
56968,78
56969,78
56970,78
56971,78
56972,78
56973,78
56974,78
56975,78
56976,78
56977,78
56978,78
56979,78
56980,78
56981,78
56982,78
56983,78
56984,78
56985,78
56986,78
56987,78
56988,78
56989,78
56990,78
56991,78
56992,78
56993,78
56994,78
56995,78
56996,78
56997,78
56998,78
56999,78
57000,78
57001,78
57002,78
57003,78
57004,78
57005,78
57006,78
57007,78
57008,78
57009,78
57010,78
57011,78
57012,78
57013,78
57014,78
57015,78
57016,78
57017,78
57018,78
57019,78
57020,78
57021,78
57022,78
57023,78
57024,78
57025,78
57026,78
57027,78
57028,78
57029,78
57030,78
57031,78
57032,78
57033,78
57034,78
57035,78
57036,78
57037,78
57038,78
57039,78
57040,78
57041,78
57042,78
57043,78
57044,78
57045,78
57046,78
57047,78
57048,78
57049,78
57050,78
57051,78
57052,78
57053,78
57054,78
57055,78
57056,78
57057,78
57058,78
57059,78
57060,78
57061,78
57062,78
57063,78
57064,78
57065,78
57066,78
57067,78
57068,78
57069,78
57070,78
57071,78
57072,78
57073,78
57074,78
57075,78
57076,78
57077,78
57078,78
57079,78
57080,78
57081,78
57082,78
57083,78
57084,78
57085,78
57086,78
57087,78
57088,78
57089,78
57090,78
57091,78
57092,78
57093,78
57094,78
57095,78
57096,78
57097,78
57098,78
57099,78
57100,78
57101,78
57102,78
57103,78
57104,78
57105,78
57106,78
57107,78
57108,78
57109,78
57110,78
57111,78
57112,78
57113,78
57114,78
57115,78
57116,78
57117,78
57118,78
57119,78
57120,78
57121,78
57122,78
57123,78
57124,78
57125,78
57126,78
57127,78
57128,78
57129,78
57130,78
57131,78
57132,78
57133,78
57134,78
57135,78
57136,78
57137,78
57138,78
57139,78
57140,78
57141,78
57142,78
57143,78
57144,78
57145,78
57146,78
57147,78
57148,78
57149,78
57150,78
57151,78
57152,78
57153,78
57154,78
57155,78
57156,78
57157,78
57158,78
57159,78
57160,78
57161,78
57162,78
57163,78
57164,78
57165,78
57166,78
57167,78
57168,78
57169,78
57170,78
57171,78
57172,78
57173,78
57174,78
57175,78
57176,78
57177,78
57178,78
57179,78
57180,78
57181,78
57182,78
57183,78
57184,78
57185,78
57186,78
57187,78
57188,78
57189,78
57190,78
57191,78
57192,78
57193,78
57194,78
57195,78
57196,78
57197,78
57198,78
57199,78
57200,78
57201,78
57202,78
57203,78
57204,78
57205,78
57206,78
57207,78
57208,78
57209,78
57210,78
57211,78
57212,78
57213,78
57214,78
57215,78
57216,78
57217,78
57218,78
57219,78
57220,78
57221,78
57222,78
57223,78
57224,78
57225,78
57226,78
57227,78
57228,78
57229,78
57230,78
57231,78
57232,78
57233,78
57234,78
57235,78
57236,78
57237,78
57238,78
57239,78
57240,78
57241,78
57242,78
57243,78
57244,78
57245,78
57246,78
57247,78
57248,78
57249,78
57250,78
57251,78
57252,78
57253,78
57254,78
57255,78
57256,78
57257,78
57258,78
57259,78
57260,78
57261,78
57262,78
57263,78
57264,78
57265,78
57266,78
57267,78
57268,78
57269,78
57270,78
57271,78
57272,78
57273,78
57274,78
57275,78
57276,78
57277,78
57278,78
57279,78
57280,78
57281,78
57282,78
57283,78
57284,78
57285,78
57286,78
57287,78
57288,78
57289,78
57290,78
57291,78
57292,78
57293,78
57294,78
57295,78
57296,78
57297,78
57298,78
57299,78
57300,78
57301,78
57302,78
57303,78
57304,78
57305,78
57306,78
57307,78
57308,78
57309,78
57310,78
57311,78
57312,78
57313,78
57314,78
57315,78
57316,78
57317,78
57318,78
57319,78
57320,78
57321,78
57322,78
57323,78
57324,78
57325,78
57326,78
57327,78
57328,78
57329,78
57330,78
57331,78
57332,78
57333,78
57334,78
57335,78
57336,78
57337,78
57338,78
57339,78
57340,78
57341,78
57342,78
57343,78
57344,78
57345,78
57346,78
57347,78
57348,78
57349,78
57350,78
57351,78
57352,78
57353,78
57354,78
57355,78
57356,78
57357,78
57358,78
57359,78
57360,78
57361,78
57362,78
57363,78
57364,78
57365,78
57366,78
57367,78
57368,78
57369,78
57370,78
57371,78
57372,78
57373,78
57374,78
57375,78
57376,78
57377,78
57378,78
57379,78
57380,78
57381,78
57382,78
57383,78
57384,78
57385,78
57386,78
57387,78
57388,78
57389,78
57390,78
57391,78
57392,78
57393,78
57394,78
57395,78
57396,78
57397,78
57398,78
57399,78
57400,78
57401,78
57402,78
57403,78
57404,78
57405,78
57406,78
57407,78
57408,78
57409,78
57410,78
57411,78
57412,78
57413,78
57414,78
57415,78
57416,78
57417,78
57418,78
57419,78
57420,78
57421,78
57422,78
57423,78
57424,78
57425,78
57426,78
57427,78
57428,78
57429,78
57430,78
57431,78
57432,78
57433,78
57434,78
57435,78
57436,78
57437,78
57438,78
57439,78
57440,78
57441,78
57442,78
57443,78
57444,78
57445,78
57446,78
57447,78
57448,78
57449,78
57450,78
57451,78
57452,78
57453,78
57454,78
57455,78
57456,78
57457,78
57458,78
57459,78
57460,78
57461,78
57462,78
57463,78
57464,78
57465,78
57466,78
57467,78
57468,78
57469,78
57470,78
57471,78
57472,78
57473,78
57474,78
57475,78
57476,78
57477,78
57478,78
57479,78
57480,78
57481,78
57482,78
57483,78
57484,78
57485,78
57486,78
57487,78
57488,78
57489,78
57490,78
57491,78
57492,78
57493,78
57494,78
57495,78
57496,78
57497,78
57498,78
57499,78
57500,78
57501,78
57502,78
57503,78
57504,78
57505,78
57506,78
57507,78
57508,78
57509,78
57510,78
57511,78
57512,78
57513,78
57514,78
57515,78
57516,78
57517,78
57518,78
57519,78
57520,78
57521,78
57522,78
57523,78
57524,78
57525,78
57526,78
57527,78
57528,78
57529,78
57530,78
57531,78
57532,78
57533,78
57534,78
57535,78
57536,78
57537,78
57538,78
57539,78
57540,78
57541,78
57542,78
57543,78
57544,78
57545,78
57546,78
57547,78
57548,78
57549,78
57550,78
57551,78
57552,78
57553,78
57554,78
57555,78
57556,78
57557,78
57558,78
57559,78
57560,78
57561,78
57562,78
57563,78
57564,78
57565,78
57566,78
57567,78
57568,78
57569,78
57570,78
57571,78
57572,78
57573,78
57574,78
57575,78
57576,78
57577,78
57578,78
57579,78
57580,78
57581,78
57582,78
57583,78
57584,78
57585,78
57586,78
57587,78
57588,78
57589,78
57590,78
57591,78
57592,78
57593,78
57594,78
57595,78
57596,78
57597,78
57598,78
57599,78
57600,78
57601,78
57602,78
57603,78
57604,78
57605,78
57606,78
57607,78
57608,78
57609,78
57610,78
57611,78
57612,78
57613,78
57614,78
57615,78
57616,78
57617,78
57618,78
57619,78
57620,78
57621,78
57622,78
57623,78
57624,78
57625,78
57626,78
57627,78
57628,78
57629,78
57630,78
57631,78
57632,78
57633,78
57634,78
57635,78
57636,78
57637,78
57638,78
57639,78
57640,78
57641,78
57642,78
57643,78
57644,78
57645,78
57646,78
57647,78
57648,78
57649,78
57650,78
57651,78
57652,78
57653,78
57654,78
57655,78
57656,78
57657,78
57658,78
57659,78
57660,78
57661,78
57662,78
57663,78
57664,78
57665,78
57666,78
57667,78
57668,78
57669,78
57670,78
57671,78
57672,78
57673,78
57674,78
57675,78
57676,78
57677,78
57678,78
57679,78
57680,78
57681,78
57682,78
57683,78
57684,78
57685,78
57686,78
57687,78
57688,78
57689,78
57690,78
57691,78
57692,78
57693,78
57694,78
57695,78
57696,78
57697,78
57698,78
57699,78
57700,78
57701,78
57702,78
57703,78
57704,78
57705,78
57706,78
57707,78
57708,78
57709,78
57710,78
57711,78
57712,78
57713,78
57714,78
57715,78
57716,78
57717,78
57718,78
57719,78
57720,78
57721,78
57722,78
57723,78
57724,78
57725,78
57726,78
57727,78
57728,78
57729,78
57730,78
57731,78
57732,78
57733,78
57734,78
57735,78
57736,78
57737,78
57738,78
57739,78
57740,78
57741,78
57742,78
57743,78
57744,78
57745,78
57746,78
57747,78
57748,78
57749,78
57750,78
57751,78
57752,78
57753,78
57754,78
57755,78
57756,78
57757,78
57758,78
57759,78
57760,78
57761,78
57762,78
57763,78
57764,78
57765,78
57766,78
57767,78
57768,78
57769,78
57770,78
57771,78
57772,78
57773,78
57774,78
57775,78
57776,78
57777,78
57778,78
57779,78
57780,78
57781,78
57782,78
57783,78
57784,78
57785,78
57786,78
57787,78
57788,78
57789,78
57790,78
57791,78
57792,78
57793,78
57794,78
57795,78
57796,78
57797,78
57798,78
57799,78
57800,78
57801,78
57802,78
57803,78
57804,78
57805,78
57806,78
57807,78
57808,78
57809,78
57810,78
57811,78
57812,78
57813,78
57814,78
57815,78
57816,78
57817,78
57818,78
57819,78
57820,78
57821,78
57822,78
57823,78
57824,78
57825,78
57826,78
57827,78
57828,78
57829,78
57830,78
57831,78
57832,78
57833,78
57834,78
57835,78
57836,78
57837,78
57838,78
57839,78
57840,78
57841,78
57842,78
57843,78
57844,78
57845,78
57846,78
57847,78
57848,78
57849,78
57850,78
57851,78
57852,78
57853,78
57854,78
57855,78
57856,78
57857,78
57858,78
57859,78
57860,78
57861,78
57862,78
57863,78
57864,78
57865,78
57866,78
57867,78
57868,78
57869,78
57870,78
57871,78
57872,78
57873,78
57874,78
57875,78
57876,78
57877,78
57878,78
57879,78
57880,78
57881,78
57882,78
57883,78
57884,78
57885,78
57886,78
57887,78
57888,78
57889,78
57890,78
57891,78
57892,78
57893,78
57894,78
57895,78
57896,78
57897,78
57898,78
57899,78
57900,78
57901,78
57902,78
57903,78
57904,78
57905,78
57906,78
57907,78
57908,78
57909,78
57910,78
57911,78
57912,78
57913,78
57914,78
57915,78
57916,78
57917,78
57918,78
57919,78
57920,78
57921,78
57922,78
57923,78
57924,78
57925,78
57926,78
57927,78
57928,78
57929,78
57930,78
57931,78
57932,78
57933,78
57934,78
57935,78
57936,78
57937,78
57938,78
57939,78
57940,78
57941,78
57942,78
57943,78
57944,78
57945,78
57946,78
57947,78
57948,78
57949,78
57950,78
57951,78
57952,78
57953,78
57954,78
57955,78
57956,78
57957,78
57958,78
57959,78
57960,78
57961,78
57962,78
57963,78
57964,78
57965,78
57966,78
57967,78
57968,78
57969,78
57970,78
57971,78
57972,78
57973,78
57974,78
57975,78
57976,78
57977,78
57978,78
57979,78
57980,78
57981,78
57982,78
57983,78
57984,78
57985,78
57986,78
57987,78
57988,78
57989,78
57990,78
57991,78
57992,78
57993,78
57994,78
57995,78
57996,78
57997,78
57998,78
57999,78
58000,78
58001,78
58002,78
58003,78
58004,78
58005,78
58006,78
58007,78
58008,78
58009,78
58010,78
58011,78
58012,78
58013,78
58014,78
58015,78
58016,78
58017,78
58018,78
58019,78
58020,78
58021,78
58022,78
58023,78
58024,78
58025,78
58026,78
58027,78
58028,78
58029,78
58030,78
58031,78
58032,78
58033,78
58034,78
58035,78
58036,78
58037,78
58038,78
58039,78
58040,78
58041,78
58042,78
58043,78
58044,78
58045,78
58046,78
58047,78
58048,78
58049,78
58050,78
58051,78
58052,78
58053,78
58054,78
58055,78
58056,78
58057,78
58058,78
58059,78
58060,78
58061,78
58062,78
58063,78
58064,78
58065,78
58066,78
58067,78
58068,78
58069,78
58070,78
58071,78
58072,78
58073,78
58074,78
58075,78
58076,78
58077,78
58078,78
58079,78
58080,78
58081,78
58082,78
58083,78
58084,78
58085,78
58086,78
58087,78
58088,78
58089,78
58090,78
58091,78
58092,78
58093,78
58094,78
58095,78
58096,78
58097,78
58098,78
58099,78
58100,78
58101,78
58102,78
58103,78
58104,78
58105,78
58106,78
58107,78
58108,78
58109,78
58110,78
58111,78
58112,78
58113,78
58114,78
58115,78
58116,78
58117,78
58118,78
58119,78
58120,78
58121,78
58122,78
58123,78
58124,78
58125,78
58126,78
58127,78
58128,78
58129,78
58130,78
58131,78
58132,78
58133,78
58134,78
58135,78
58136,78
58137,78
58138,78
58139,78
58140,78
58141,78
58142,78
58143,78
58144,78
58145,78
58146,78
58147,78
58148,78
58149,78
58150,78
58151,78
58152,78
58153,78
58154,78
58155,78
58156,78
58157,78
58158,78
58159,78
58160,78
58161,78
58162,78
58163,78
58164,78
58165,78
58166,78
58167,78
58168,78
58169,78
58170,78
58171,78
58172,78
58173,78
58174,78
58175,78
58176,78
58177,78
58178,78
58179,78
58180,78
58181,78
58182,78
58183,78
58184,78
58185,78
58186,78
58187,78
58188,78
58189,78
58190,78
58191,78
58192,78
58193,78
58194,78
58195,78
58196,78
58197,78
58198,78
58199,78
58200,78
58201,78
58202,78
58203,78
58204,78
58205,78
58206,78
58207,78
58208,78
58209,78
58210,78
58211,78
58212,78
58213,78
58214,78
58215,78
58216,78
58217,78
58218,78
58219,78
58220,78
58221,78
58222,78
58223,78
58224,78
58225,78
58226,78
58227,78
58228,78
58229,78
58230,78
58231,78
58232,78
58233,78
58234,78
58235,78
58236,78
58237,78
58238,78
58239,78
58240,78
58241,78
58242,78
58243,78
58244,78
58245,78
58246,78
58247,78
58248,78
58249,78
58250,78
58251,78
58252,78
58253,78
58254,78
58255,78
58256,78
58257,78
58258,78
58259,78
58260,78
58261,78
58262,78
58263,78
58264,78
58265,78
58266,78
58267,78
58268,78
58269,78
58270,78
58271,78
58272,78
58273,78
58274,78
58275,78
58276,78
58277,78
58278,78
58279,78
58280,78
58281,78
58282,78
58283,78
58284,78
58285,78
58286,78
58287,78
58288,78
58289,78
58290,78
58291,78
58292,78
58293,78
58294,78
58295,78
58296,78
58297,78
58298,78
58299,78
58300,78
58301,78
58302,78
58303,78
58304,78
58305,78
58306,78
58307,78
58308,78
58309,78
58310,78
58311,78
58312,78
58313,78
58314,78
58315,78
58316,78
58317,78
58318,78
58319,78
58320,78
58321,78
58322,78
58323,78
58324,78
58325,78
58326,78
58327,78
58328,78
58329,78
58330,78
58331,78
58332,78
58333,78
58334,78
58335,78
58336,78
58337,78
58338,78
58339,78
58340,78
58341,78
58342,78
58343,78
58344,78
58345,78
58346,78
58347,78
58348,78
58349,78
58350,78
58351,78
58352,78
58353,78
58354,78
58355,78
58356,78
58357,78
58358,78
58359,78
58360,78
58361,78
58362,78
58363,78
58364,78
58365,78
58366,78
58367,78
58368,78
58369,78
58370,78
58371,78
58372,78
58373,78
58374,78
58375,78
58376,78
58377,78
58378,78
58379,78
58380,78
58381,78
58382,78
58383,78
58384,78
58385,78
58386,78
58387,78
58388,78
58389,78
58390,78
58391,78
58392,78
58393,78
58394,78
58395,78
58396,78
58397,78
58398,78
58399,78
58400,78
58401,78
58402,78
58403,78
58404,78
58405,78
58406,78
58407,78
58408,78
58409,78
58410,78
58411,78
58412,78
58413,78
58414,78
58415,78
58416,78
58417,78
58418,78
58419,78
58420,78
58421,78
58422,78
58423,78
58424,78
58425,78
58426,78
58427,78
58428,78
58429,78
58430,78
58431,78
58432,78
58433,78
58434,78
58435,78
58436,78
58437,78
58438,78
58439,78
58440,78
58441,78
58442,78
58443,78
58444,78
58445,78
58446,78
58447,78
58448,78
58449,78
58450,78
58451,78
58452,78
58453,78
58454,78
58455,78
58456,78
58457,78
58458,78
58459,78
58460,78
58461,78
58462,78
58463,78
58464,78
58465,78
58466,78
58467,78
58468,78
58469,78
58470,78
58471,78
58472,78
58473,78
58474,78
58475,78
58476,78
58477,78
58478,78
58479,78
58480,78
58481,78
58482,78
58483,78
58484,78
58485,78
58486,78
58487,78
58488,78
58489,78
58490,78
58491,78
58492,78
58493,78
58494,78
58495,78
58496,78
58497,78
58498,78
58499,78
58500,78
58501,78
58502,78
58503,78
58504,78
58505,78
58506,78
58507,78
58508,78
58509,78
58510,78
58511,78
58512,78
58513,78
58514,78
58515,78
58516,78
58517,78
58518,78
58519,78
58520,78
58521,78
58522,78
58523,78
58524,78
58525,78
58526,78
58527,78
58528,78
58529,78
58530,78
58531,78
58532,78
58533,78
58534,78
58535,78
58536,78
58537,78
58538,78
58539,78
58540,78
58541,78
58542,78
58543,78
58544,78
58545,78
58546,78
58547,78
58548,78
58549,78
58550,78
58551,78
58552,78
58553,78
58554,78
58555,78
58556,78
58557,78
58558,78
58559,78
58560,78
58561,78
58562,78
58563,78
58564,78
58565,78
58566,78
58567,78
58568,78
58569,78
58570,78
58571,78
58572,78
58573,78
58574,78
58575,78
58576,78
58577,78
58578,78
58579,78
58580,78
58581,78
58582,78
58583,78
58584,78
58585,78
58586,78
58587,78
58588,78
58589,78
58590,78
58591,78
58592,78
58593,78
58594,78
58595,78
58596,78
58597,78
58598,78
58599,78
58600,78
58601,78
58602,78
58603,78
58604,78
58605,78
58606,78
58607,78
58608,78
58609,78
58610,78
58611,78
58612,78
58613,78
58614,78
58615,78
58616,78
58617,78
58618,78
58619,78
58620,78
58621,78
58622,78
58623,78
58624,78
58625,78
58626,78
58627,78
58628,78
58629,78
58630,78
58631,78
58632,78
58633,78
58634,78
58635,78
58636,78
58637,78
58638,78
58639,78
58640,78
58641,78
58642,78
58643,78
58644,78
58645,78
58646,78
58647,78
58648,78
58649,78
58650,78
58651,78
58652,78
58653,78
58654,78
58655,78
58656,78
58657,78
58658,78
58659,78
58660,78
58661,78
58662,78
58663,78
58664,78
58665,78
58666,78
58667,78
58668,78
58669,78
58670,78
58671,78
58672,78
58673,78
58674,78
58675,78
58676,78
58677,78
58678,78
58679,78
58680,78
58681,78
58682,78
58683,78
58684,78
58685,78
58686,78
58687,78
58688,78
58689,78
58690,78
58691,78
58692,78
58693,78
58694,78
58695,78
58696,78
58697,78
58698,78
58699,78
58700,78
58701,78
58702,78
58703,78
58704,78
58705,78
58706,78
58707,78
58708,78
58709,78
58710,78
58711,78
58712,78
58713,78
58714,78
58715,78
58716,78
58717,78
58718,78
58719,78
58720,78
58721,78
58722,78
58723,78
58724,78
58725,78
58726,78
58727,78
58728,78
58729,78
58730,78
58731,78
58732,78
58733,78
58734,78
58735,78
58736,78
58737,78
58738,78
58739,78
58740,78
58741,78
58742,78
58743,78
58744,78
58745,78
58746,78
58747,78
58748,78
58749,78
58750,78
58751,78
58752,78
58753,78
58754,78
58755,78
58756,78
58757,78
58758,78
58759,78
58760,78
58761,78
58762,78
58763,78
58764,78
58765,78
58766,78
58767,78
58768,78
58769,78
58770,78
58771,78
58772,78
58773,78
58774,78
58775,78
58776,78
58777,78
58778,78
58779,78
58780,78
58781,78
58782,78
58783,78
58784,78
58785,78
58786,78
58787,78
58788,78
58789,78
58790,78
58791,78
58792,78
58793,78
58794,78
58795,78
58796,78
58797,78
58798,78
58799,78
58800,78
58801,78
58802,78
58803,78
58804,78
58805,78
58806,78
58807,78
58808,78
58809,78
58810,78
58811,78
58812,78
58813,78
58814,78
58815,78
58816,78
58817,78
58818,78
58819,78
58820,78
58821,78
58822,78
58823,78
58824,78
58825,78
58826,78
58827,78
58828,78
58829,78
58830,78
58831,78
58832,78
58833,78
58834,78
58835,78
58836,78
58837,78
58838,78
58839,78
58840,78
58841,78
58842,78
58843,78
58844,78
58845,78
58846,78
58847,78
58848,78
58849,78
58850,78
58851,78
58852,78
58853,78
58854,78
58855,78
58856,78
58857,78
58858,78
58859,78
58860,78
58861,78
58862,78
58863,78
58864,78
58865,78
58866,78
58867,78
58868,78
58869,78
58870,78
58871,78
58872,78
58873,78
58874,78
58875,78
58876,78
58877,78
58878,78
58879,78
58880,78
58881,78
58882,78
58883,78
58884,78
58885,78
58886,78
58887,78
58888,78
58889,78
58890,78
58891,78
58892,78
58893,78
58894,78
58895,78
58896,78
58897,78
58898,78
58899,78
58900,78
58901,78
58902,78
58903,78
58904,78
58905,78
58906,78
58907,78
58908,78
58909,78
58910,78
58911,78
58912,78
58913,78
58914,78
58915,78
58916,78
58917,78
58918,78
58919,78
58920,78
58921,78
58922,78
58923,78
58924,78
58925,78
58926,78
58927,78
58928,78
58929,78
58930,78
58931,78
58932,78
58933,78
58934,78
58935,78
58936,78
58937,78
58938,78
58939,78
58940,78
58941,78
58942,78
58943,78
58944,78
58945,78
58946,78
58947,78
58948,78
58949,78
58950,78
58951,78
58952,78
58953,78
58954,78
58955,78
58956,78
58957,78
58958,78
58959,78
58960,78
58961,78
58962,78
58963,78
58964,78
58965,78
58966,78
58967,78
58968,78
58969,78
58970,78
58971,78
58972,78
58973,78
58974,78
58975,78
58976,78
58977,78
58978,78
58979,78
58980,78
58981,78
58982,78
58983,78
58984,78
58985,78
58986,78
58987,78
58988,78
58989,78
58990,78
58991,78
58992,78
58993,78
58994,78
58995,78
58996,78
58997,78
58998,78
58999,78
59000,78
59001,78
59002,78
59003,78
59004,78
59005,78
59006,78
59007,78
59008,78
59009,78
59010,78
59011,78
59012,78
59013,78
59014,78
59015,78
59016,78
59017,78
59018,78
59019,78
59020,78
59021,78
59022,78
59023,78
59024,78
59025,78
59026,78
59027,78
59028,78
59029,78
59030,78
59031,78
59032,78
59033,78
59034,78
59035,78
59036,78
59037,78
59038,78
59039,78
59040,78
59041,78
59042,78
59043,78
59044,78
59045,78
59046,78
59047,78
59048,78
59049,78
59050,78
59051,78
59052,78
59053,78
59054,78
59055,78
59056,78
59057,78
59058,78
59059,78
59060,78
59061,78
59062,78
59063,78
59064,78
59065,78
59066,78
59067,78
59068,78
59069,78
59070,78
59071,78
59072,78
59073,78
59074,78
59075,78
59076,78
59077,78
59078,78
59079,78
59080,78
59081,78
59082,78
59083,78
59084,78
59085,78
59086,78
59087,78
59088,78
59089,78
59090,78
59091,78
59092,78
59093,78
59094,78
59095,78
59096,78
59097,78
59098,78
59099,78
59100,78
59101,78
59102,78
59103,78
59104,78
59105,78
59106,78
59107,78
59108,78
59109,78
59110,78
59111,78
59112,78
59113,78
59114,78
59115,78
59116,78
59117,78
59118,78
59119,78
59120,78
59121,78
59122,78
59123,78
59124,78
59125,78
59126,78
59127,78
59128,78
59129,78
59130,78
59131,78
59132,78
59133,78
59134,78
59135,78
59136,78
59137,78
59138,78
59139,78
59140,78
59141,78
59142,78
59143,78
59144,78
59145,78
59146,78
59147,78
59148,78
59149,78
59150,78
59151,78
59152,78
59153,78
59154,78
59155,78
59156,78
59157,78
59158,78
59159,78
59160,78
59161,78
59162,78
59163,78
59164,78
59165,78
59166,78
59167,78
59168,78
59169,78
59170,78
59171,78
59172,78
59173,78
59174,78
59175,78
59176,78
59177,78
59178,78
59179,78
59180,78
59181,78
59182,78
59183,78
59184,78
59185,78
59186,78
59187,78
59188,78
59189,78
59190,78
59191,78
59192,78
59193,78
59194,78
59195,78
59196,78
59197,78
59198,78
59199,78
59200,78
59201,78
59202,78
59203,78
59204,78
59205,78
59206,78
59207,78
59208,78
59209,78
59210,78
59211,78
59212,78
59213,78
59214,78
59215,78
59216,78
59217,78
59218,78
59219,78
59220,78
59221,78
59222,78
59223,78
59224,78
59225,78
59226,78
59227,78
59228,78
59229,78
59230,78
59231,78
59232,78
59233,78
59234,78
59235,78
59236,78
59237,78
59238,78
59239,78
59240,78
59241,78
59242,78
59243,78
59244,78
59245,78
59246,78
59247,78
59248,78
59249,78
59250,78
59251,78
59252,78
59253,78
59254,78
59255,78
59256,78
59257,78
59258,78
59259,78
59260,78
59261,78
59262,78
59263,78
59264,78
59265,78
59266,78
59267,78
59268,78
59269,78
59270,78
59271,78
59272,78
59273,78
59274,78
59275,78
59276,78
59277,78
59278,78
59279,78
59280,78
59281,78
59282,78
59283,78
59284,78
59285,78
59286,78
59287,78
59288,78
59289,78
59290,78
59291,78
59292,78
59293,78
59294,78
59295,78
59296,78
59297,78
59298,78
59299,78
59300,78
59301,78
59302,78
59303,78
59304,78
59305,78
59306,78
59307,78
59308,78
59309,78
59310,78
59311,78
59312,78
59313,78
59314,78
59315,78
59316,78
59317,78
59318,78
59319,78
59320,78
59321,78
59322,78
59323,78
59324,78
59325,78
59326,78
59327,78
59328,78
59329,78
59330,78
59331,78
59332,78
59333,78
59334,78
59335,78
59336,78
59337,78
59338,78
59339,78
59340,78
59341,78
59342,78
59343,78
59344,78
59345,78
59346,78
59347,78
59348,78
59349,78
59350,78
59351,78
59352,78
59353,78
59354,78
59355,78
59356,78
59357,78
59358,78
59359,78
59360,78
59361,78
59362,78
59363,78
59364,78
59365,78
59366,78
59367,78
59368,78
59369,78
59370,78
59371,78
59372,78
59373,78
59374,78
59375,78
59376,78
59377,78
59378,78
59379,78
59380,78
59381,78
59382,78
59383,78
59384,78
59385,78
59386,78
59387,78
59388,78
59389,78
59390,78
59391,78
59392,78
59393,78
59394,78
59395,78
59396,78
59397,78
59398,78
59399,78
59400,78
59401,78
59402,78
59403,78
59404,78
59405,78
59406,78
59407,78
59408,78
59409,78
59410,78
59411,78
59412,78
59413,78
59414,78
59415,78
59416,78
59417,78
59418,78
59419,78
59420,78
59421,78
59422,78
59423,78
59424,78
59425,78
59426,78
59427,78
59428,78
59429,78
59430,78
59431,78
59432,78
59433,78
59434,78
59435,78
59436,78
59437,78
59438,78
59439,78
59440,78
59441,78
59442,78
59443,78
59444,78
59445,78
59446,78
59447,78
59448,78
59449,78
59450,78
59451,78
59452,78
59453,78
59454,78
59455,78
59456,78
59457,78
59458,78
59459,78
59460,78
59461,78
59462,78
59463,78
59464,78
59465,78
59466,78
59467,78
59468,78
59469,78
59470,78
59471,78
59472,78
59473,78
59474,78
59475,78
59476,78
59477,78
59478,78
59479,78
59480,78
59481,78
59482,78
59483,78
59484,78
59485,78
59486,78
59487,78
59488,78
59489,78
59490,78
59491,78
59492,78
59493,78
59494,78
59495,78
59496,78
59497,78
59498,78
59499,78
59500,78
59501,78
59502,78
59503,78
59504,78
59505,78
59506,78
59507,78
59508,78
59509,78
59510,78
59511,78
59512,78
59513,78
59514,78
59515,78
59516,78
59517,78
59518,78
59519,78
59520,78
59521,78
59522,78
59523,78
59524,78
59525,78
59526,78
59527,78
59528,78
59529,78
59530,78
59531,78
59532,78
59533,78
59534,78
59535,78
59536,78
59537,78
59538,78
59539,78
59540,78
59541,78
59542,78
59543,78
59544,78
59545,78
59546,78
59547,78
59548,78
59549,78
59550,78
59551,78
59552,78
59553,78
59554,78
59555,78
59556,78
59557,78
59558,78
59559,78
59560,78
59561,78
59562,78
59563,78
59564,78
59565,78
59566,78
59567,78
59568,78
59569,78
59570,78
59571,78
59572,78
59573,78
59574,78
59575,78
59576,78
59577,78
59578,78
59579,78
59580,78
59581,78
59582,78
59583,78
59584,78
59585,78
59586,78
59587,78
59588,78
59589,78
59590,78
59591,78
59592,78
59593,78
59594,78
59595,78
59596,78
59597,78
59598,78
59599,78
59600,78
59601,78
59602,78
59603,78
59604,78
59605,78
59606,78
59607,78
59608,78
59609,78
59610,78
59611,78
59612,78
59613,78
59614,78
59615,78
59616,78
59617,78
59618,78
59619,78
59620,78
59621,78
59622,78
59623,78
59624,78
59625,78
59626,78
59627,78
59628,78
59629,78
59630,78
59631,78
59632,78
59633,78
59634,78
59635,78
59636,78
59637,78
59638,78
59639,78
59640,78
59641,78
59642,78
59643,78
59644,78
59645,78
59646,78
59647,78
59648,78
59649,78
59650,78
59651,78
59652,78
59653,78
59654,78
59655,78
59656,78
59657,78
59658,78
59659,78
59660,78
59661,78
59662,78
59663,78
59664,78
59665,78
59666,78
59667,78
59668,78
59669,78
59670,78
59671,78
59672,78
59673,78
59674,78
59675,78
59676,78
59677,78
59678,78
59679,78
59680,78
59681,78
59682,78
59683,78
59684,78
59685,78
59686,78
59687,78
59688,78
59689,78
59690,78
59691,78
59692,78
59693,78
59694,78
59695,78
59696,78
59697,78
59698,78
59699,78
59700,78
59701,78
59702,78
59703,78
59704,78
59705,78
59706,78
59707,78
59708,78
59709,78
59710,78
59711,78
59712,78
59713,78
59714,78
59715,78
59716,78
59717,78
59718,78
59719,78
59720,78
59721,78
59722,78
59723,78
59724,78
59725,78
59726,78
59727,78
59728,78
59729,78
59730,78
59731,78
59732,78
59733,78
59734,78
59735,78
59736,78
59737,78
59738,78
59739,78
59740,78
59741,78
59742,78
59743,78
59744,78
59745,78
59746,78
59747,78
59748,78
59749,78
59750,78
59751,78
59752,78
59753,78
59754,78
59755,78
59756,78
59757,78
59758,78
59759,78
59760,78
59761,78
59762,78
59763,78
59764,78
59765,78
59766,78
59767,78
59768,78
59769,78
59770,78
59771,78
59772,78
59773,78
59774,78
59775,78
59776,78
59777,78
59778,78
59779,78
59780,78
59781,78
59782,78
59783,78
59784,78
59785,78
59786,78
59787,78
59788,78
59789,78
59790,78
59791,78
59792,78
59793,78
59794,78
59795,78
59796,78
59797,78
59798,78
59799,78
59800,78
59801,78
59802,78
59803,78
59804,78
59805,78
59806,78
59807,78
59808,78
59809,78
59810,78
59811,78
59812,78
59813,78
59814,78
59815,78
59816,78
59817,78
59818,78
59819,78
59820,78
59821,78
59822,78
59823,78
59824,78
59825,78
59826,78
59827,78
59828,78
59829,78
59830,78
59831,78
59832,78
59833,78
59834,78
59835,78
59836,78
59837,78
59838,78
59839,78
59840,78
59841,78
59842,78
59843,78
59844,78
59845,78
59846,78
59847,78
59848,78
59849,78
59850,78
59851,78
59852,78
59853,78
59854,78
59855,78
59856,78
59857,78
59858,78
59859,78
59860,78
59861,78
59862,78
59863,78
59864,78
59865,78
59866,78
59867,78
59868,78
59869,78
59870,78
59871,78
59872,78
59873,78
59874,78
59875,78
59876,78
59877,78
59878,78
59879,78
59880,78
59881,78
59882,78
59883,78
59884,78
59885,78
59886,78
59887,78
59888,78
59889,78
59890,78
59891,78
59892,78
59893,78
59894,78
59895,78
59896,78
59897,78
59898,78
59899,78
59900,78
59901,78
59902,78
59903,78
59904,78
59905,78
59906,78
59907,78
59908,78
59909,78
59910,78
59911,78
59912,78
59913,78
59914,78
59915,78
59916,78
59917,78
59918,78
59919,78
59920,78
59921,78
59922,78
59923,78
59924,78
59925,78
59926,78
59927,78
59928,78
59929,78
59930,78
59931,78
59932,78
59933,78
59934,78
59935,78
59936,78
59937,78
59938,78
59939,78
59940,78
59941,78
59942,78
59943,78
59944,78
59945,78
59946,78
59947,78
59948,78
59949,78
59950,78
59951,78
59952,78
59953,78
59954,78
59955,78
59956,78
59957,78
59958,78
59959,78
59960,78
59961,78
59962,78
59963,78
59964,78
59965,78
59966,78
59967,78
59968,78
59969,78
59970,78
59971,78
59972,78
59973,78
59974,78
59975,78
59976,78
59977,78
59978,78
59979,78
59980,78
59981,78
59982,78
59983,78
59984,78
59985,78
59986,78
59987,78
59988,78
59989,78
59990,78
59991,78
59992,78
59993,78
59994,78
59995,78
59996,78
59997,78
59998,78
59999,78
60000,78
60001,78
60002,78
60003,78
60004,78
60005,78
60006,78
60007,78
60008,78
60009,78
60010,78
60011,78
60012,78
60013,78
60014,78
60015,78
60016,78
60017,78
60018,78
60019,78
60020,78
60021,78
60022,78
60023,78
60024,78
60025,78
60026,78
60027,78
60028,78
60029,78
60030,78
60031,78
60032,78
60033,78
60034,78
60035,78
60036,78
60037,78
60038,78
60039,78
60040,78
60041,78
60042,78
60043,78
60044,78
60045,78
60046,78
60047,78
60048,78
60049,78
60050,78
60051,78
60052,78
60053,78
60054,78
60055,78
60056,78
60057,78
60058,78
60059,78
60060,78
60061,78
60062,78
60063,78
60064,78
60065,78
60066,78
60067,78
60068,78
60069,78
60070,78
60071,78
60072,78
60073,78
60074,78
60075,78
60076,78
60077,78
60078,78
60079,78
60080,78
60081,78
60082,78
60083,78
60084,78
60085,78
60086,78
60087,78
60088,78
60089,78
60090,78
60091,78
60092,78
60093,78
60094,78
60095,78
60096,78
60097,78
60098,78
60099,78
60100,78
60101,78
60102,78
60103,78
60104,78
60105,78
60106,78
60107,78
60108,78
60109,78
60110,78
60111,78
60112,78
60113,78
60114,78
60115,78
60116,78
60117,78
60118,78
60119,78
60120,78
60121,78
60122,78
60123,78
60124,78
60125,78
60126,78
60127,78
60128,78
60129,78
60130,78
60131,78
60132,78
60133,78
60134,78
60135,78
60136,78
60137,78
60138,78
60139,78
60140,78
60141,78
60142,78
60143,78
60144,78
60145,78
60146,78
60147,78
60148,78
60149,78
60150,78
60151,78
60152,78
60153,78
60154,78
60155,78
60156,78
60157,78
60158,78
60159,78
60160,78
60161,78
60162,78
60163,78
60164,78
60165,78
60166,78
60167,78
60168,78
60169,78
60170,78
60171,78
60172,78
60173,78
60174,78
60175,78
60176,78
60177,78
60178,78
60179,78
60180,78
60181,78
60182,78
60183,78
60184,78
60185,78
60186,78
60187,78
60188,78
60189,78
60190,78
60191,78
60192,78
60193,78
60194,78
60195,78
60196,78
60197,78
60198,78
60199,78
60200,78
60201,78
60202,78
60203,78
60204,78
60205,78
60206,78
60207,78
60208,78
60209,78
60210,78
60211,78
60212,78
60213,78
60214,78
60215,78
60216,78
60217,78
60218,78
60219,78
60220,78
60221,78
60222,78
60223,78
60224,78
60225,78
60226,78
60227,78
60228,78
60229,78
60230,78
60231,78
60232,78
60233,78
60234,78
60235,78
60236,78
60237,78
60238,78
60239,78
60240,78
60241,78
60242,78
60243,78
60244,78
60245,78
60246,78
60247,78
60248,78
60249,78
60250,78
60251,78
60252,78
60253,78
60254,78
60255,78
60256,78
60257,78
60258,78
60259,78
60260,78
60261,78
60262,78
60263,78
60264,78
60265,78
60266,78
60267,78
60268,78
60269,78
60270,78
60271,78
60272,78
60273,78
60274,78
60275,78
60276,78
60277,78
60278,78
60279,78
60280,78
60281,78
60282,78
60283,78
60284,78
60285,78
60286,78
60287,78
60288,78
60289,78
60290,78
60291,78
60292,78
60293,78
60294,78
60295,78
60296,78
60297,78
60298,78
60299,78
60300,78
60301,78
60302,78
60303,78
60304,78
60305,78
60306,78
60307,78
60308,78
60309,78
60310,78
60311,78
60312,78
60313,78
60314,78
60315,78
60316,78
60317,78
60318,78
60319,78
60320,78
60321,78
60322,78
60323,78
60324,78
60325,78
60326,78
60327,78
60328,78
60329,78
60330,78
60331,78
60332,78
60333,78
60334,78
60335,78
60336,78
60337,78
60338,78
60339,78
60340,78
60341,78
60342,78
60343,78
60344,78
60345,78
60346,78
60347,78
60348,78
60349,78
60350,78
60351,78
60352,78
60353,78
60354,78
60355,78
60356,78
60357,78
60358,78
60359,78
60360,78
60361,78
60362,78
60363,78
60364,78
60365,78
60366,78
60367,78
60368,78
60369,78
60370,78
60371,78
60372,78
60373,78
60374,78
60375,78
60376,78
60377,78
60378,78
60379,78
60380,78
60381,78
60382,78
60383,78
60384,78
60385,78
60386,78
60387,78
60388,78
60389,78
60390,78
60391,78
60392,78
60393,78
60394,78
60395,78
60396,78
60397,78
60398,78
60399,78
60400,78
60401,78
60402,78
60403,78
60404,78
60405,78
60406,78
60407,78
60408,78
60409,78
60410,78
60411,78
60412,78
60413,78
60414,78
60415,78
60416,78
60417,78
60418,78
60419,78
60420,78
60421,78
60422,78
60423,78
60424,78
60425,78
60426,78
60427,78
60428,78
60429,78
60430,78
60431,78
60432,78
60433,78
60434,78
60435,78
60436,78
60437,78
60438,78
60439,78
60440,78
60441,78
60442,78
60443,78
60444,78
60445,78
60446,78
60447,78
60448,78
60449,78
60450,78
60451,78
60452,78
60453,78
60454,78
60455,78
60456,78
60457,78
60458,78
60459,78
60460,78
60461,78
60462,78
60463,78
60464,78
60465,78
60466,78
60467,78
60468,78
60469,78
60470,78
60471,78
60472,78
60473,78
60474,78
60475,78
60476,78
60477,78
60478,78
60479,78
60480,78
60481,78
60482,78
60483,78
60484,78
60485,78
60486,78
60487,78
60488,78
60489,78
60490,78
60491,78
60492,78
60493,78
60494,78
60495,78
60496,78
60497,78
60498,78
60499,78
60500,78
60501,78
60502,78
60503,78
60504,78
60505,78
60506,78
60507,78
60508,78
60509,78
60510,78
60511,78
60512,78
60513,78
60514,78
60515,78
60516,78
60517,78
60518,78
60519,78
60520,78
60521,78
60522,78
60523,78
60524,78
60525,78
60526,78
60527,78
60528,78
60529,78
60530,78
60531,78
60532,78
60533,78
60534,78
60535,78
60536,78
60537,78
60538,78
60539,78
60540,78
60541,78
60542,78
60543,78
60544,78
60545,78
60546,78
60547,78
60548,78
60549,78
60550,78
60551,78
60552,78
60553,78
60554,78
60555,78
60556,78
60557,78
60558,78
60559,78
60560,78
60561,78
60562,78
60563,78
60564,78
60565,78
60566,78
60567,78
60568,78
60569,78
60570,78
60571,78
60572,78
60573,78
60574,78
60575,78
60576,78
60577,78
60578,78
60579,78
60580,78
60581,78
60582,78
60583,78
60584,78
60585,78
60586,78
60587,78
60588,78
60589,78
60590,78
60591,78
60592,78
60593,78
60594,78
60595,78
60596,78
60597,78
60598,78
60599,78
60600,78
60601,78
60602,78
60603,78
60604,78
60605,78
60606,78
60607,78
60608,78
60609,78
60610,78
60611,78
60612,78
60613,78
60614,78
60615,78
60616,78
60617,78
60618,78
60619,78
60620,78
60621,78
60622,78
60623,78
60624,78
60625,78
60626,78
60627,78
60628,78
60629,78
60630,78
60631,78
60632,78
60633,78
60634,78
60635,78
60636,78
60637,78
60638,78
60639,78
60640,78
60641,78
60642,78
60643,78
60644,78
60645,78
60646,78
60647,78
60648,78
60649,78
60650,78
60651,78
60652,78
60653,78
60654,78
60655,78
60656,78
60657,78
60658,78
60659,78
60660,78
60661,78
60662,78
60663,78
60664,78
60665,78
60666,78
60667,78
60668,78
60669,78
60670,78
60671,78
60672,78
60673,78
60674,78
60675,78
60676,78
60677,78
60678,78
60679,78
60680,78
60681,78
60682,78
60683,78
60684,78
60685,78
60686,78
60687,78
60688,78
60689,78
60690,78
60691,78
60692,78
60693,78
60694,78
60695,78
60696,78
60697,78
60698,78
60699,78
60700,78
60701,78
60702,78
60703,78
60704,78
60705,78
60706,78
60707,78
60708,78
60709,78
60710,78
60711,78
60712,78
60713,78
60714,78
60715,78
60716,78
60717,78
60718,78
60719,78
60720,78
60721,78
60722,78
60723,78
60724,78
60725,78
60726,78
60727,78
60728,78
60729,78
60730,78
60731,78
60732,78
60733,78
60734,78
60735,78
60736,78
60737,78
60738,78
60739,78
60740,78
60741,78
60742,78
60743,78
60744,78
60745,78
60746,78
60747,78
60748,78
60749,78
60750,78
60751,78
60752,78
60753,78
60754,78
60755,78
60756,78
60757,78
60758,78
60759,78
60760,78
60761,78
60762,78
60763,78
60764,78
60765,78
60766,78
60767,78
60768,78
60769,78
60770,78
60771,78
60772,78
60773,78
60774,78
60775,78
60776,78
60777,78
60778,78
60779,78
60780,78
60781,78
60782,78
60783,78
60784,78
60785,78
60786,78
60787,78
60788,78
60789,78
60790,78
60791,78
60792,78
60793,78
60794,78
60795,78
60796,78
60797,78
60798,78
60799,78
60800,78
60801,78
60802,78
60803,78
60804,78
60805,78
60806,78
60807,78
60808,78
60809,78
60810,78
60811,78
60812,78
60813,78
60814,78
60815,78
60816,78
60817,78
60818,78
60819,78
60820,78
60821,78
60822,78
60823,78
60824,78
60825,78
60826,78
60827,78
60828,78
60829,78
60830,78
60831,78
60832,78
60833,78
60834,78
60835,78
60836,78
60837,78
60838,78
60839,78
60840,78
60841,78
60842,78
60843,78
60844,78
60845,78
60846,78
60847,78
60848,78
60849,78
60850,78
60851,78
60852,78
60853,78
60854,78
60855,78
60856,78
60857,78
60858,78
60859,78
60860,78
60861,78
60862,78
60863,78
60864,78
60865,78
60866,78
60867,78
60868,78
60869,78
60870,78
60871,78
60872,78
60873,78
60874,78
60875,78
60876,78
60877,78
60878,78
60879,78
60880,78
60881,78
60882,78
60883,78
60884,78
60885,78
60886,78
60887,78
60888,78
60889,78
60890,78
60891,78
60892,78
60893,78
60894,78
60895,78
60896,78
60897,78
60898,78
60899,78
60900,78
60901,78
60902,78
60903,78
60904,78
60905,78
60906,78
60907,78
60908,78
60909,78
60910,78
60911,78
60912,78
60913,78
60914,78
60915,78
60916,78
60917,78
60918,78
60919,78
60920,78
60921,78
60922,78
60923,78
60924,78
60925,78
60926,78
60927,78
60928,78
60929,78
60930,78
60931,78
60932,78
60933,78
60934,78
60935,78
60936,78
60937,78
60938,78
60939,78
60940,78
60941,78
60942,78
60943,78
60944,78
60945,78
60946,78
60947,78
60948,78
60949,78
60950,78
60951,78
60952,78
60953,78
60954,78
60955,78
60956,78
60957,78
60958,78
60959,78
60960,78
60961,78
60962,78
60963,78
60964,78
60965,78
60966,78
60967,78
60968,78
60969,78
60970,78
60971,78
60972,78
60973,78
60974,78
60975,78
60976,78
60977,78
60978,78
60979,78
60980,78
60981,78
60982,78
60983,78
60984,78
60985,78
60986,78
60987,78
60988,78
60989,78
60990,78
60991,78
60992,78
60993,78
60994,78
60995,78
60996,78
60997,78
60998,78
60999,78
61000,78
61001,78
61002,78
61003,78
61004,78
61005,78
61006,78
61007,78
61008,78
61009,78
61010,78
61011,78
61012,78
61013,78
61014,78
61015,78
61016,78
61017,78
61018,78
61019,78
61020,78
61021,78
61022,78
61023,78
61024,78
61025,78
61026,78
61027,78
61028,78
61029,78
61030,78
61031,78
61032,78
61033,78
61034,78
61035,78
61036,78
61037,78
61038,78
61039,78
61040,78
61041,78
61042,78
61043,78
61044,78
61045,78
61046,78
61047,78
61048,78
61049,78
61050,78
61051,78
61052,78
61053,78
61054,78
61055,78
61056,78
61057,78
61058,78
61059,78
61060,78
61061,78
61062,78
61063,78
61064,78
61065,78
61066,78
61067,78
61068,78
61069,78
61070,78
61071,78
61072,78
61073,78
61074,78
61075,78
61076,78
61077,78
61078,78
61079,78
61080,78
61081,78
61082,78
61083,78
61084,78
61085,78
61086,78
61087,78
61088,78
61089,78
61090,78
61091,78
61092,78
61093,78
61094,78
61095,78
61096,78
61097,78
61098,78
61099,78
61100,78
61101,78
61102,78
61103,78
61104,78
61105,78
61106,78
61107,78
61108,78
61109,78
61110,78
61111,78
61112,78
61113,78
61114,78
61115,78
61116,78
61117,78
61118,78
61119,78
61120,78
61121,78
61122,78
61123,78
61124,78
61125,78
61126,78
61127,78
61128,78
61129,78
61130,78
61131,78
61132,78
61133,78
61134,78
61135,78
61136,78
61137,78
61138,78
61139,78
61140,78
61141,78
61142,78
61143,78
61144,78
61145,78
61146,78
61147,78
61148,78
61149,78
61150,78
61151,78
61152,78
61153,78
61154,78
61155,78
61156,78
61157,78
61158,78
61159,78
61160,78
61161,78
61162,78
61163,78
61164,78
61165,78
61166,78
61167,78
61168,78
61169,78
61170,78
61171,78
61172,78
61173,78
61174,78
61175,78
61176,78
61177,78
61178,78
61179,78
61180,78
61181,78
61182,78
61183,78
61184,78
61185,78
61186,78
61187,78
61188,78
61189,78
61190,78
61191,78
61192,78
61193,78
61194,78
61195,78
61196,78
61197,78
61198,78
61199,78
61200,78
61201,78
61202,78
61203,78
61204,78
61205,78
61206,78
61207,78
61208,78
61209,78
61210,78
61211,78
61212,78
61213,78
61214,78
61215,78
61216,78
61217,78
61218,78
61219,78
61220,78
61221,78
61222,78
61223,78
61224,78
61225,78
61226,78
61227,78
61228,78
61229,78
61230,78
61231,78
61232,78
61233,78
61234,78
61235,78
61236,78
61237,78
61238,78
61239,78
61240,78
61241,78
61242,78
61243,78
61244,78
61245,78
61246,78
61247,78
61248,78
61249,78
61250,78
61251,78
61252,78
61253,78
61254,78
61255,78
61256,78
61257,78
61258,78
61259,78
61260,78
61261,78
61262,78
61263,78
61264,78
61265,78
61266,78
61267,78
61268,78
61269,78
61270,78
61271,78
61272,78
61273,78
61274,78
61275,78
61276,78
61277,78
61278,78
61279,78
61280,78
61281,78
61282,78
61283,78
61284,78
61285,78
61286,78
61287,78
61288,78
61289,78
61290,78
61291,78
61292,78
61293,78
61294,78
61295,78
61296,78
61297,78
61298,78
61299,78
61300,78
61301,78
61302,78
61303,78
61304,78
61305,78
61306,78
61307,78
61308,78
61309,78
61310,78
61311,78
61312,78
61313,78
61314,78
61315,78
61316,78
61317,78
61318,78
61319,78
61320,78
61321,78
61322,78
61323,78
61324,78
61325,78
61326,78
61327,78
61328,78
61329,78
61330,78
61331,78
61332,78
61333,78
61334,78
61335,78
61336,78
61337,78
61338,78
61339,78
61340,78
61341,78
61342,78
61343,78
61344,78
61345,78
61346,78
61347,78
61348,78
61349,78
61350,78
61351,78
61352,78
61353,78
61354,78
61355,78
61356,78
61357,78
61358,78
61359,78
61360,78
61361,78
61362,78
61363,78
61364,78
61365,78
61366,78
61367,78
61368,78
61369,78
61370,78
61371,78
61372,78
61373,78
61374,78
61375,78
61376,78
61377,78
61378,78
61379,78
61380,78
61381,78
61382,78
61383,78
61384,78
61385,78
61386,78
61387,78
61388,78
61389,78
61390,78
61391,78
61392,78
61393,78
61394,78
61395,78
61396,78
61397,78
61398,78
61399,78
61400,78
61401,78
61402,78
61403,78
61404,78
61405,78
61406,78
61407,78
61408,78
61409,78
61410,78
61411,78
61412,78
61413,78
61414,78
61415,78
61416,78
61417,78
61418,78
61419,78
61420,78
61421,78
61422,78
61423,78
61424,78
61425,78
61426,78
61427,78
61428,78
61429,78
61430,78
61431,78
61432,78
61433,78
61434,78
61435,78
61436,78
61437,78
61438,78
61439,78
61440,78
61441,78
61442,78
61443,78
61444,78
61445,78
61446,78
61447,78
61448,78
61449,78
61450,78
61451,78
61452,78
61453,78
61454,78
61455,78
61456,78
61457,78
61458,78
61459,78
61460,78
61461,78
61462,78
61463,78
61464,78
61465,78
61466,78
61467,78
61468,78
61469,78
61470,78
61471,78
61472,78
61473,78
61474,78
61475,78
61476,78
61477,78
61478,78
61479,78
61480,78
61481,78
61482,78
61483,78
61484,78
61485,78
61486,78
61487,78
61488,78
61489,78
61490,78
61491,78
61492,78
61493,78
61494,78
61495,78
61496,78
61497,78
61498,78
61499,78
61500,78
61501,78
61502,78
61503,78
61504,78
61505,78
61506,78
61507,78
61508,78
61509,78
61510,78
61511,78
61512,78
61513,78
61514,78
61515,78
61516,78
61517,78
61518,78
61519,78
61520,78
61521,78
61522,78
61523,78
61524,78
61525,78
61526,78
61527,78
61528,78
61529,78
61530,78
61531,78
61532,78
61533,78
61534,78
61535,78
61536,78
61537,78
61538,78
61539,78
61540,78
61541,78
61542,78
61543,78
61544,78
61545,78
61546,78
61547,78
61548,78
61549,78
61550,78
61551,78
61552,78
61553,78
61554,78
61555,78
61556,78
61557,78
61558,78
61559,78
61560,78
61561,78
61562,78
61563,78
61564,78
61565,78
61566,78
61567,78
61568,78
61569,78
61570,78
61571,78
61572,78
61573,78
61574,78
61575,78
61576,78
61577,78
61578,78
61579,78
61580,78
61581,78
61582,78
61583,78
61584,78
61585,78
61586,78
61587,78
61588,78
61589,78
61590,78
61591,78
61592,78
61593,78
61594,78
61595,78
61596,78
61597,78
61598,78
61599,78
61600,78
61601,78
61602,78
61603,78
61604,78
61605,78
61606,78
61607,78
61608,78
61609,78
61610,78
61611,78
61612,78
61613,78
61614,78
61615,78
61616,78
61617,78
61618,78
61619,78
61620,78
61621,78
61622,78
61623,78
61624,78
61625,78
61626,78
61627,78
61628,78
61629,78
61630,78
61631,78
61632,78
61633,78
61634,78
61635,78
61636,78
61637,78
61638,78
61639,78
61640,78
61641,78
61642,78
61643,78
61644,78
61645,78
61646,78
61647,78
61648,78
61649,78
61650,78
61651,78
61652,78
61653,78
61654,78
61655,78
61656,78
61657,78
61658,78
61659,78
61660,78
61661,78
61662,78
61663,78
61664,78
61665,78
61666,78
61667,78
61668,78
61669,78
61670,78
61671,78
61672,78
61673,78
61674,78
61675,78
61676,78
61677,78
61678,78
61679,78
61680,78
61681,78
61682,78
61683,78
61684,78
61685,78
61686,78
61687,78
61688,78
61689,78
61690,78
61691,78
61692,78
61693,78
61694,78
61695,78
61696,78
61697,78
61698,78
61699,78
61700,78
61701,78
61702,78
61703,78
61704,78
61705,78
61706,78
61707,78
61708,78
61709,78
61710,78
61711,78
61712,78
61713,78
61714,78
61715,78
61716,78
61717,78
61718,78
61719,78
61720,78
61721,78
61722,78
61723,78
61724,78
61725,78
61726,78
61727,78
61728,78
61729,78
61730,78
61731,78
61732,78
61733,78
61734,78
61735,78
61736,78
61737,78
61738,78
61739,78
61740,78
61741,78
61742,78
61743,78
61744,78
61745,78
61746,78
61747,78
61748,78
61749,78
61750,78
61751,78
61752,78
61753,78
61754,78
61755,78
61756,78
61757,78
61758,78
61759,78
61760,78
61761,78
61762,78
61763,78
61764,78
61765,78
61766,78
61767,78
61768,78
61769,78
61770,78
61771,78
61772,78
61773,78
61774,78
61775,78
61776,78
61777,78
61778,78
61779,78
61780,78
61781,78
61782,78
61783,78
61784,78
61785,78
61786,78
61787,78
61788,78
61789,78
61790,78
61791,78
61792,78
61793,78
61794,78
61795,78
61796,78
61797,78
61798,78
61799,78
61800,78
61801,78
61802,78
61803,78
61804,78
61805,78
61806,78
61807,78
61808,78
61809,78
61810,78
61811,78
61812,78
61813,78
61814,78
61815,78
61816,78
61817,78
61818,78
61819,78
61820,78
61821,78
61822,78
61823,78
61824,78
61825,78
61826,78
61827,78
61828,78
61829,78
61830,78
61831,78
61832,78
61833,78
61834,78
61835,78
61836,78
61837,78
61838,78
61839,78
61840,78
61841,78
61842,78
61843,78
61844,78
61845,78
61846,78
61847,78
61848,78
61849,78
61850,78
61851,78
61852,78
61853,78
61854,78
61855,78
61856,78
61857,78
61858,78
61859,78
61860,78
61861,78
61862,78
61863,78
61864,78
61865,78
61866,78
61867,78
61868,78
61869,78
61870,78
61871,78
61872,78
61873,78
61874,78
61875,78
61876,78
61877,78
61878,78
61879,78
61880,78
61881,78
61882,78
61883,78
61884,78
61885,78
61886,78
61887,78
61888,78
61889,78
61890,78
61891,78
61892,78
61893,78
61894,78
61895,78
61896,78
61897,78
61898,78
61899,78
61900,78
61901,78
61902,78
61903,78
61904,78
61905,78
61906,78
61907,78
61908,78
61909,78
61910,78
61911,78
61912,78
61913,78
61914,78
61915,78
61916,78
61917,78
61918,78
61919,78
61920,78
61921,78
61922,78
61923,78
61924,78
61925,78
61926,78
61927,78
61928,78
61929,78
61930,78
61931,78
61932,78
61933,78
61934,78
61935,78
61936,78
61937,78
61938,78
61939,78
61940,78
61941,78
61942,78
61943,78
61944,78
61945,78
61946,78
61947,78
61948,78
61949,78
61950,78
61951,78
61952,78
61953,78
61954,78
61955,78
61956,78
61957,78
61958,78
61959,78
61960,78
61961,78
61962,78
61963,78
61964,78
61965,78
61966,78
61967,78
61968,78
61969,78
61970,78
61971,78
61972,78
61973,78
61974,78
61975,78
61976,78
61977,78
61978,78
61979,78
61980,78
61981,78
61982,78
61983,78
61984,78
61985,78
61986,78
61987,78
61988,78
61989,78
61990,78
61991,78
61992,78
61993,78
61994,78
61995,78
61996,78
61997,78
61998,78
61999,78
62000,78
62001,78
62002,78
62003,78
62004,78
62005,78
62006,78
62007,78
62008,78
62009,78
62010,78
62011,78
62012,78
62013,78
62014,78
62015,78
62016,78
62017,78
62018,78
62019,78
62020,78
62021,78
62022,78
62023,78
62024,78
62025,78
62026,78
62027,78
62028,78
62029,78
62030,78
62031,78
62032,78
62033,78
62034,78
62035,78
62036,78
62037,78
62038,78
62039,78
62040,78
62041,78
62042,78
62043,78
62044,78
62045,78
62046,78
62047,78
62048,78
62049,78
62050,78
62051,78
62052,78
62053,78
62054,78
62055,78
62056,78
62057,78
62058,78
62059,78
62060,78
62061,78
62062,78
62063,78
62064,78
62065,78
62066,78
62067,78
62068,78
62069,78
62070,78
62071,78
62072,78
62073,78
62074,78
62075,78
62076,78
62077,78
62078,78
62079,78
62080,78
62081,78
62082,78
62083,78
62084,78
62085,78
62086,78
62087,78
62088,78
62089,78
62090,78
62091,78
62092,78
62093,78
62094,78
62095,78
62096,78
62097,78
62098,78
62099,78
62100,78
62101,78
62102,78
62103,78
62104,78
62105,78
62106,78
62107,78
62108,78
62109,78
62110,78
62111,78
62112,78
62113,78
62114,78
62115,78
62116,78
62117,78
62118,78
62119,78
62120,78
62121,78
62122,78
62123,78
62124,78
62125,78
62126,78
62127,78
62128,78
62129,78
62130,78
62131,78
62132,78
62133,78
62134,78
62135,78
62136,78
62137,78
62138,78
62139,78
62140,78
62141,78
62142,78
62143,78
62144,78
62145,78
62146,78
62147,78
62148,78
62149,78
62150,78
62151,78
62152,78
62153,78
62154,78
62155,78
62156,78
62157,78
62158,78
62159,78
62160,78
62161,78
62162,78
62163,78
62164,78
62165,78
62166,78
62167,78
62168,78
62169,78
62170,78
62171,78
62172,78
62173,78
62174,78
62175,78
62176,78
62177,78
62178,78
62179,78
62180,78
62181,78
62182,78
62183,78
62184,78
62185,78
62186,78
62187,78
62188,78
62189,78
62190,78
62191,78
62192,78
62193,78
62194,78
62195,78
62196,78
62197,78
62198,78
62199,78
62200,78
62201,78
62202,78
62203,78
62204,78
62205,78
62206,78
62207,78
62208,78
62209,78
62210,78
62211,78
62212,78
62213,78
62214,78
62215,78
62216,78
62217,78
62218,78
62219,78
62220,78
62221,78
62222,78
62223,78
62224,78
62225,78
62226,78
62227,78
62228,78
62229,78
62230,78
62231,78
62232,78
62233,78
62234,78
62235,78
62236,78
62237,78
62238,78
62239,78
62240,78
62241,78
62242,78
62243,78
62244,78
62245,78
62246,78
62247,78
62248,78
62249,78
62250,78
62251,78
62252,78
62253,78
62254,78
62255,78
62256,78
62257,78
62258,78
62259,78
62260,78
62261,78
62262,78
62263,78
62264,78
62265,78
62266,78
62267,78
62268,78
62269,78
62270,78
62271,78
62272,78
62273,78
62274,78
62275,78
62276,78
62277,78
62278,78
62279,78
62280,78
62281,78
62282,78
62283,78
62284,78
62285,78
62286,78
62287,78
62288,78
62289,78
62290,78
62291,78
62292,78
62293,78
62294,78
62295,78
62296,78
62297,78
62298,78
62299,78
62300,78
62301,78
62302,78
62303,78
62304,78
62305,78
62306,78
62307,78
62308,78
62309,78
62310,78
62311,78
62312,78
62313,78
62314,78
62315,78
62316,78
62317,78
62318,78
62319,78
62320,78
62321,78
62322,78
62323,78
62324,78
62325,78
62326,78
62327,78
62328,78
62329,78
62330,78
62331,78
62332,78
62333,78
62334,78
62335,78
62336,78
62337,78
62338,78
62339,78
62340,78
62341,78
62342,78
62343,78
62344,78
62345,78
62346,78
62347,78
62348,78
62349,78
62350,78
62351,78
62352,78
62353,78
62354,78
62355,78
62356,78
62357,78
62358,78
62359,78
62360,78
62361,78
62362,78
62363,78
62364,78
62365,78
62366,78
62367,78
62368,78
62369,78
62370,78
62371,78
62372,78
62373,78
62374,78
62375,78
62376,78
62377,78
62378,78
62379,78
62380,78
62381,78
62382,78
62383,78
62384,78
62385,78
62386,78
62387,78
62388,78
62389,78
62390,78
62391,78
62392,78
62393,78
62394,78
62395,78
62396,78
62397,78
62398,78
62399,78
62400,78
62401,78
62402,78
62403,78
62404,78
62405,78
62406,78
62407,78
62408,78
62409,78
62410,78
62411,78
62412,78
62413,78
62414,78
62415,78
62416,78
62417,78
62418,78
62419,78
62420,78
62421,78
62422,78
62423,78
62424,78
62425,78
62426,78
62427,78
62428,78
62429,78
62430,78
62431,78
62432,78
62433,78
62434,78
62435,78
62436,78
62437,78
62438,78
62439,78
62440,78
62441,78
62442,78
62443,78
62444,78
62445,78
62446,78
62447,78
62448,78
62449,78
62450,78
62451,78
62452,78
62453,78
62454,78
62455,78
62456,78
62457,78
62458,78
62459,78
62460,78
62461,78
62462,78
62463,78
62464,78
62465,78
62466,78
62467,78
62468,78
62469,78
62470,78
62471,78
62472,78
62473,78
62474,78
62475,78
62476,78
62477,78
62478,78
62479,78
62480,78
62481,78
62482,78
62483,78
62484,78
62485,78
62486,78
62487,78
62488,78
62489,78
62490,78
62491,78
62492,78
62493,78
62494,78
62495,78
62496,78
62497,78
62498,78
62499,78
62500,78
62501,78
62502,78
62503,78
62504,78
62505,78
62506,78
62507,78
62508,78
62509,78
62510,78
62511,78
62512,78
62513,78
62514,78
62515,78
62516,78
62517,78
62518,78
62519,78
62520,78
62521,78
62522,78
62523,78
62524,78
62525,78
62526,78
62527,78
62528,78
62529,78
62530,78
62531,78
62532,78
62533,78
62534,78
62535,78
62536,78
62537,78
62538,78
62539,78
62540,78
62541,78
62542,78
62543,78
62544,78
62545,78
62546,78
62547,78
62548,78
62549,78
62550,78
62551,78
62552,78
62553,78
62554,78
62555,78
62556,78
62557,78
62558,78
62559,78
62560,78
62561,78
62562,78
62563,78
62564,78
62565,78
62566,78
62567,78
62568,78
62569,78
62570,78
62571,78
62572,78
62573,78
62574,78
62575,78
62576,78
62577,78
62578,78
62579,78
62580,78
62581,78
62582,78
62583,78
62584,78
62585,78
62586,78
62587,78
62588,78
62589,78
62590,78
62591,78
62592,78
62593,78
62594,78
62595,78
62596,78
62597,78
62598,78
62599,78
62600,78
62601,78
62602,78
62603,78
62604,78
62605,78
62606,78
62607,78
62608,78
62609,78
62610,78
62611,78
62612,78
62613,78
62614,78
62615,78
62616,78
62617,78
62618,78
62619,78
62620,78
62621,78
62622,78
62623,78
62624,78
62625,78
62626,78
62627,78
62628,78
62629,78
62630,78
62631,78
62632,78
62633,78
62634,78
62635,78
62636,78
62637,78
62638,78
62639,78
62640,78
62641,78
62642,78
62643,78
62644,78
62645,78
62646,78
62647,78
62648,78
62649,78
62650,78
62651,78
62652,78
62653,78
62654,78
62655,78
62656,78
62657,78
62658,78
62659,78
62660,78
62661,78
62662,78
62663,78
62664,78
62665,78
62666,78
62667,78
62668,78
62669,78
62670,78
62671,78
62672,78
62673,78
62674,78
62675,78
62676,78
62677,78
62678,78
62679,78
62680,78
62681,78
62682,78
62683,78
62684,78
62685,78
62686,78
62687,78
62688,78
62689,78
62690,78
62691,78
62692,78
62693,78
62694,78
62695,78
62696,78
62697,78
62698,78
62699,78
62700,78
62701,78
62702,78
62703,78
62704,78
62705,78
62706,78
62707,78
62708,78
62709,78
62710,78
62711,78
62712,78
62713,78
62714,78
62715,78
62716,78
62717,78
62718,78
62719,78
62720,78
62721,78
62722,78
62723,78
62724,78
62725,78
62726,78
62727,78
62728,78
62729,78
62730,78
62731,78
62732,78
62733,78
62734,78
62735,78
62736,78
62737,78
62738,78
62739,78
62740,78
62741,78
62742,78
62743,78
62744,78
62745,78
62746,78
62747,78
62748,78
62749,78
62750,78
62751,78
62752,78
62753,78
62754,78
62755,78
62756,78
62757,78
62758,78
62759,78
62760,78
62761,78
62762,78
62763,78
62764,78
62765,78
62766,78
62767,78
62768,78
62769,78
62770,78
62771,78
62772,78
62773,78
62774,78
62775,78
62776,78
62777,78
62778,78
62779,78
62780,78
62781,78
62782,78
62783,78
62784,78
62785,78
62786,78
62787,78
62788,78
62789,78
62790,78
62791,78
62792,78
62793,78
62794,78
62795,78
62796,78
62797,78
62798,78
62799,78
62800,78
62801,78
62802,78
62803,78
62804,78
62805,78
62806,78
62807,78
62808,78
62809,78
62810,78
62811,78
62812,78
62813,78
62814,78
62815,78
62816,78
62817,78
62818,78
62819,78
62820,78
62821,78
62822,78
62823,78
62824,78
62825,78
62826,78
62827,78
62828,78
62829,78
62830,78
62831,78
62832,78
62833,78
62834,78
62835,78
62836,78
62837,78
62838,78
62839,78
62840,78
62841,78
62842,78
62843,78
62844,78
62845,78
62846,78
62847,78
62848,78
62849,78
62850,78
62851,78
62852,78
62853,78
62854,78
62855,78
62856,78
62857,78
62858,78
62859,78
62860,78
62861,78
62862,78
62863,78
62864,78
62865,78
62866,78
62867,78
62868,78
62869,78
62870,78
62871,78
62872,78
62873,78
62874,78
62875,78
62876,78
62877,78
62878,78
62879,78
62880,78
62881,78
62882,78
62883,78
62884,78
62885,78
62886,78
62887,78
62888,78
62889,78
62890,78
62891,78
62892,78
62893,78
62894,78
62895,78
62896,78
62897,78
62898,78
62899,78
62900,78
62901,78
62902,78
62903,78
62904,78
62905,78
62906,78
62907,78
62908,78
62909,78
62910,78
62911,78
62912,78
62913,78
62914,78
62915,78
62916,78
62917,78
62918,78
62919,78
62920,78
62921,78
62922,78
62923,78
62924,78
62925,78
62926,78
62927,78
62928,78
62929,78
62930,78
62931,78
62932,78
62933,78
62934,78
62935,78
62936,78
62937,78
62938,78
62939,78
62940,78
62941,78
62942,78
62943,78
62944,78
62945,78
62946,78
62947,78
62948,78
62949,78
62950,78
62951,78
62952,78
62953,78
62954,78
62955,78
62956,78
62957,78
62958,78
62959,78
62960,78
62961,78
62962,78
62963,78
62964,78
62965,78
62966,78
62967,78
62968,78
62969,78
62970,78
62971,78
62972,78
62973,78
62974,78
62975,78
62976,78
62977,78
62978,78
62979,78
62980,78
62981,78
62982,78
62983,78
62984,78
62985,78
62986,78
62987,78
62988,78
62989,78
62990,78
62991,78
62992,78
62993,78
62994,78
62995,78
62996,78
62997,78
62998,78
62999,78
63000,78
63001,78
63002,78
63003,78
63004,78
63005,78
63006,78
63007,78
63008,78
63009,78
63010,78
63011,78
63012,78
63013,78
63014,78
63015,78
63016,78
63017,78
63018,78
63019,78
63020,78
63021,78
63022,78
63023,78
63024,78
63025,78
63026,78
63027,78
63028,78
63029,78
63030,78
63031,78
63032,78
63033,78
63034,78
63035,78
63036,78
63037,78
63038,78
63039,78
63040,78
63041,78
63042,78
63043,78
63044,78
63045,78
63046,78
63047,78
63048,78
63049,78
63050,78
63051,78
63052,78
63053,78
63054,78
63055,78
63056,78
63057,78
63058,78
63059,78
63060,78
63061,78
63062,78
63063,78
63064,78
63065,78
63066,78
63067,78
63068,78
63069,78
63070,78
63071,78
63072,78
63073,78
63074,78
63075,78
63076,78
63077,78
63078,78
63079,78
63080,78
63081,78
63082,78
63083,78
63084,78
63085,78
63086,78
63087,78
63088,78
63089,78
63090,78
63091,78
63092,78
63093,78
63094,78
63095,78
63096,78
63097,78
63098,78
63099,78
63100,78
63101,78
63102,78
63103,78
63104,78
63105,78
63106,78
63107,78
63108,78
63109,78
63110,78
63111,78
63112,78
63113,78
63114,78
63115,78
63116,78
63117,78
63118,78
63119,78
63120,78
63121,78
63122,78
63123,78
63124,78
63125,78
63126,78
63127,78
63128,78
63129,78
63130,78
63131,78
63132,78
63133,78
63134,78
63135,78
63136,78
63137,78
63138,78
63139,78
63140,78
63141,78
63142,78
63143,78
63144,78
63145,78
63146,78
63147,78
63148,78
63149,78
63150,78
63151,78
63152,78
63153,78
63154,78
63155,78
63156,78
63157,78
63158,78
63159,78
63160,78
63161,78
63162,78
63163,78
63164,78
63165,78
63166,78
63167,78
63168,78
63169,78
63170,78
63171,78
63172,78
63173,78
63174,78
63175,78
63176,78
63177,78
63178,78
63179,78
63180,78
63181,78
63182,78
63183,78
63184,78
63185,78
63186,78
63187,78
63188,78
63189,78
63190,78
63191,78
63192,78
63193,78
63194,78
63195,78
63196,78
63197,78
63198,78
63199,78
63200,78
63201,78
63202,78
63203,78
63204,78
63205,78
63206,78
63207,78
63208,78
63209,78
63210,78
63211,78
63212,78
63213,78
63214,78
63215,78
63216,78
63217,78
63218,78
63219,78
63220,78
63221,78
63222,78
63223,78
63224,78
63225,78
63226,78
63227,78
63228,78
63229,78
63230,78
63231,78
63232,78
63233,78
63234,78
63235,78
63236,78
63237,78
63238,78
63239,78
63240,78
63241,78
63242,78
63243,78
63244,78
63245,78
63246,78
63247,78
63248,78
63249,78
63250,78
63251,78
63252,78
63253,78
63254,78
63255,78
63256,78
63257,78
63258,78
63259,78
63260,78
63261,78
63262,78
63263,78
63264,78
63265,78
63266,78
63267,78
63268,78
63269,78
63270,78
63271,78
63272,78
63273,78
63274,78
63275,78
63276,78
63277,78
63278,78
63279,78
63280,78
63281,78
63282,78
63283,78
63284,78
63285,78
63286,78
63287,78
63288,78
63289,78
63290,78
63291,78
63292,78
63293,78
63294,78
63295,78
63296,78
63297,78
63298,78
63299,78
63300,78
63301,78
63302,78
63303,78
63304,78
63305,78
63306,78
63307,78
63308,78
63309,78
63310,78
63311,78
63312,78
63313,78
63314,78
63315,78
63316,78
63317,78
63318,78
63319,78
63320,78
63321,78
63322,78
63323,78
63324,78
63325,78
63326,78
63327,78
63328,78
63329,78
63330,78
63331,78
63332,78
63333,78
63334,78
63335,78
63336,78
63337,78
63338,78
63339,78
63340,78
63341,78
63342,78
63343,78
63344,78
63345,78
63346,78
63347,78
63348,78
63349,78
63350,78
63351,78
63352,78
63353,78
63354,78
63355,78
63356,78
63357,78
63358,78
63359,78
63360,78
63361,78
63362,78
63363,78
63364,78
63365,78
63366,78
63367,78
63368,78
63369,78
63370,78
63371,78
63372,78
63373,78
63374,78
63375,78
63376,78
63377,78
63378,78
63379,78
63380,78
63381,78
63382,78
63383,78
63384,78
63385,78
63386,78
63387,78
63388,78
63389,78
63390,78
63391,78
63392,78
63393,78
63394,78
63395,78
63396,78
63397,78
63398,78
63399,78
63400,78
63401,78
63402,78
63403,78
63404,78
63405,78
63406,78
63407,78
63408,78
63409,78
63410,78
63411,78
63412,78
63413,78
63414,78
63415,78
63416,78
63417,78
63418,78
63419,78
63420,78
63421,78
63422,78
63423,78
63424,78
63425,78
63426,78
63427,78
63428,78
63429,78
63430,78
63431,78
63432,78
63433,78
63434,78
63435,78
63436,78
63437,78
63438,78
63439,78
63440,78
63441,78
63442,78
63443,78
63444,78
63445,78
63446,78
63447,78
63448,78
63449,78
63450,78
63451,78
63452,78
63453,78
63454,78
63455,78
63456,78
63457,78
63458,78
63459,78
63460,78
63461,78
63462,78
63463,78
63464,78
63465,78
63466,78
63467,78
63468,78
63469,78
63470,78
63471,78
63472,78
63473,78
63474,78
63475,78
63476,78
63477,78
63478,78
63479,78
63480,78
63481,78
63482,78
63483,78
63484,78
63485,78
63486,78
63487,78
63488,78
63489,78
63490,78
63491,78
63492,78
63493,78
63494,78
63495,78
63496,78
63497,78
63498,78
63499,78
63500,78
63501,78
63502,78
63503,78
63504,78
63505,78
63506,78
63507,78
63508,78
63509,78
63510,78
63511,78
63512,78
63513,78
63514,78
63515,78
63516,78
63517,78
63518,78
63519,78
63520,78
63521,78
63522,78
63523,78
63524,78
63525,78
63526,78
63527,78
63528,78
63529,78
63530,78
63531,78
63532,78
63533,78
63534,78
63535,78
63536,78
63537,78
63538,78
63539,78
63540,78
63541,78
63542,78
63543,78
63544,78
63545,78
63546,78
63547,78
63548,78
63549,78
63550,78
63551,78
63552,78
63553,78
63554,78
63555,78
63556,78
63557,78
63558,78
63559,78
63560,78
63561,78
63562,78
63563,78
63564,78
63565,78
63566,78
63567,78
63568,78
63569,78
63570,78
63571,78
63572,78
63573,78
63574,78
63575,78
63576,78
63577,78
63578,78
63579,78
63580,78
63581,78
63582,78
63583,78
63584,78
63585,78
63586,78
63587,78
63588,78
63589,78
63590,78
63591,78
63592,78
63593,78
63594,78
63595,78
63596,78
63597,78
63598,78
63599,78
63600,78
63601,78
63602,78
63603,78
63604,78
63605,78
63606,78
63607,78
63608,78
63609,78
63610,78
63611,78
63612,78
63613,78
63614,78
63615,78
63616,78
63617,78
63618,78
63619,78
63620,78
63621,78
63622,78
63623,78
63624,78
63625,78
63626,78
63627,78
63628,78
63629,78
63630,78
63631,78
63632,78
63633,78
63634,78
63635,78
63636,78
63637,78
63638,78
63639,78
63640,78
63641,78
63642,78
63643,78
63644,78
63645,78
63646,78
63647,78
63648,78
63649,78
63650,78
63651,78
63652,78
63653,78
63654,78
63655,78
63656,78
63657,78
63658,78
63659,78
63660,78
63661,78
63662,78
63663,78
63664,78
63665,78
63666,78
63667,78
63668,78
63669,78
63670,78
63671,78
63672,78
63673,78
63674,78
63675,78
63676,78
63677,78
63678,78
63679,78
63680,78
63681,78
63682,78
63683,78
63684,78
63685,78
63686,78
63687,78
63688,78
63689,78
63690,78
63691,78
63692,78
63693,78
63694,78
63695,78
63696,78
63697,78
63698,78
63699,78
63700,78
63701,78
63702,78
63703,78
63704,78
63705,78
63706,78
63707,78
63708,78
63709,78
63710,78
63711,78
63712,78
63713,78
63714,78
63715,78
63716,78
63717,78
63718,78
63719,78
63720,78
63721,78
63722,78
63723,78
63724,78
63725,78
63726,78
63727,78
63728,78
63729,78
63730,78
63731,78
63732,78
63733,78
63734,78
63735,78
63736,78
63737,78
63738,78
63739,78
63740,78
63741,78
63742,78
63743,78
63744,78
63745,78
63746,78
63747,78
63748,78
63749,78
63750,78
63751,78
63752,78
63753,78
63754,78
63755,78
63756,78
63757,78
63758,78
63759,78
63760,78
63761,78
63762,78
63763,78
63764,78
63765,78
63766,78
63767,78
63768,78
63769,78
63770,78
63771,78
63772,78
63773,78
63774,78
63775,78
63776,78
63777,78
63778,78
63779,78
63780,78
63781,78
63782,78
63783,78
63784,78
63785,78
63786,78
63787,78
63788,78
63789,78
63790,78
63791,78
63792,78
63793,78
63794,78
63795,78
63796,78
63797,78
63798,78
63799,78
63800,78
63801,78
63802,78
63803,78
63804,78
63805,78
63806,78
63807,78
63808,78
63809,78
63810,78
63811,78
63812,78
63813,78
63814,78
63815,78
63816,78
63817,78
63818,78
63819,78
63820,78
63821,78
63822,78
63823,78
63824,78
63825,78
63826,78
63827,78
63828,78
63829,78
63830,78
63831,78
63832,78
63833,78
63834,78
63835,78
63836,78
63837,78
63838,78
63839,78
63840,78
63841,78
63842,78
63843,78
63844,78
63845,78
63846,78
63847,78
63848,78
63849,78
63850,78
63851,78
63852,78
63853,78
63854,78
63855,78
63856,78
63857,78
63858,78
63859,78
63860,78
63861,78
63862,78
63863,78
63864,78
63865,78
63866,78
63867,78
63868,78
63869,78
63870,78
63871,78
63872,78
63873,78
63874,78
63875,78
63876,78
63877,78
63878,78
63879,78
63880,78
63881,78
63882,78
63883,78
63884,78
63885,78
63886,78
63887,78
63888,78
63889,78
63890,78
63891,78
63892,78
63893,78
63894,78
63895,78
63896,78
63897,78
63898,78
63899,78
63900,78
63901,78
63902,78
63903,78
63904,78
63905,78
63906,78
63907,78
63908,78
63909,78
63910,78
63911,78
63912,78
63913,78
63914,78
63915,78
63916,78
63917,78
63918,78
63919,78
63920,78
63921,78
63922,78
63923,78
63924,78
63925,78
63926,78
63927,78
63928,78
63929,78
63930,78
63931,78
63932,78
63933,78
63934,78
63935,78
63936,78
63937,78
63938,78
63939,78
63940,78
63941,78
63942,78
63943,78
63944,78
63945,78
63946,78
63947,78
63948,78
63949,78
63950,78
63951,78
63952,78
63953,78
63954,78
63955,78
63956,78
63957,78
63958,78
63959,78
63960,78
63961,78
63962,78
63963,78
63964,78
63965,78
63966,78
63967,78
63968,78
63969,78
63970,78
63971,78
63972,78
63973,78
63974,78
63975,78
63976,78
63977,78
63978,78
63979,78
63980,78
63981,78
63982,78
63983,78
63984,78
63985,78
63986,78
63987,78
63988,78
63989,78
63990,78
63991,78
63992,78
63993,78
63994,78
63995,78
63996,78
63997,78
63998,78
63999,78
64000,78
64001,78
64002,78
64003,78
64004,78
64005,78
64006,78
64007,78
64008,78
64009,78
64010,78
64011,78
64012,78
64013,78
64014,78
64015,78
64016,78
64017,78
64018,78
64019,78
64020,78
64021,78
64022,78
64023,78
64024,78
64025,78
64026,78
64027,78
64028,78
64029,78
64030,78
64031,78
64032,78
64033,78
64034,78
64035,78
64036,78
64037,78
64038,78
64039,78
64040,78
64041,78
64042,78
64043,78
64044,78
64045,78
64046,78
64047,78
64048,78
64049,78
64050,78
64051,78
64052,78
64053,78
64054,78
64055,78
64056,78
64057,78
64058,78
64059,78
64060,78
64061,78
64062,78
64063,78
64064,78
64065,78
64066,78
64067,78
64068,78
64069,78
64070,78
64071,78
64072,78
64073,78
64074,78
64075,78
64076,78
64077,78
64078,78
64079,78
64080,78
64081,78
64082,78
64083,78
64084,78
64085,78
64086,78
64087,78
64088,78
64089,78
64090,78
64091,78
64092,78
64093,78
64094,78
64095,78
64096,78
64097,78
64098,78
64099,78
64100,78
64101,78
64102,78
64103,78
64104,78
64105,78
64106,78
64107,78
64108,78
64109,78
64110,78
64111,78
64112,78
64113,78
64114,78
64115,78
64116,78
64117,78
64118,78
64119,78
64120,78
64121,78
64122,78
64123,78
64124,78
64125,78
64126,78
64127,78
64128,78
64129,78
64130,78
64131,78
64132,78
64133,78
64134,78
64135,78
64136,78
64137,78
64138,78
64139,78
64140,78
64141,78
64142,78
64143,78
64144,78
64145,78
64146,78
64147,78
64148,78
64149,78
64150,78
64151,78
64152,78
64153,78
64154,78
64155,78
64156,78
64157,78
64158,78
64159,78
64160,78
64161,78
64162,78
64163,78
64164,78
64165,78
64166,78
64167,78
64168,78
64169,78
64170,78
64171,78
64172,78
64173,78
64174,78
64175,78
64176,78
64177,78
64178,78
64179,78
64180,78
64181,78
64182,78
64183,78
64184,78
64185,78
64186,78
64187,78
64188,78
64189,78
64190,78
64191,78
64192,78
64193,78
64194,78
64195,78
64196,78
64197,78
64198,78
64199,78
64200,78
64201,78
64202,78
64203,78
64204,78
64205,78
64206,78
64207,78
64208,78
64209,78
64210,78
64211,78
64212,78
64213,78
64214,78
64215,78
64216,78
64217,78
64218,78
64219,78
64220,78
64221,78
64222,78
64223,78
64224,78
64225,78
64226,78
64227,78
64228,78
64229,78
64230,78
64231,78
64232,78
64233,78
64234,78
64235,78
64236,78
64237,78
64238,78
64239,78
64240,78
64241,78
64242,78
64243,78
64244,78
64245,78
64246,78
64247,78
64248,78
64249,78
64250,78
64251,78
64252,78
64253,78
64254,78
64255,78
64256,78
64257,78
64258,78
64259,78
64260,78
64261,78
64262,78
64263,78
64264,78
64265,78
64266,78
64267,78
64268,78
64269,78
64270,78
64271,78
64272,78
64273,78
64274,78
64275,78
64276,78
64277,78
64278,78
64279,78
64280,78
64281,78
64282,78
64283,78
64284,78
64285,78
64286,78
64287,78
64288,78
64289,78
64290,78
64291,78
64292,78
64293,78
64294,78
64295,78
64296,78
64297,78
64298,78
64299,78
64300,78
64301,78
64302,78
64303,78
64304,78
64305,78
64306,78
64307,78
64308,78
64309,78
64310,78
64311,78
64312,78
64313,78
64314,78
64315,78
64316,78
64317,78
64318,78
64319,78
64320,78
64321,78
64322,78
64323,78
64324,78
64325,78
64326,78
64327,78
64328,78
64329,78
64330,78
64331,78
64332,78
64333,78
64334,78
64335,78
64336,78
64337,78
64338,78
64339,78
64340,78
64341,78
64342,78
64343,78
64344,78
64345,78
64346,78
64347,78
64348,78
64349,78
64350,78
64351,78
64352,78
64353,78
64354,78
64355,78
64356,78
64357,78
64358,78
64359,78
64360,78
64361,78
64362,78
64363,78
64364,78
64365,78
64366,78
64367,78
64368,78
64369,78
64370,78
64371,78
64372,78
64373,78
64374,78
64375,78
64376,78
64377,78
64378,78
64379,78
64380,78
64381,78
64382,78
64383,78
64384,78
64385,78
64386,78
64387,78
64388,78
64389,78
64390,78
64391,78
64392,78
64393,78
64394,78
64395,78
64396,78
64397,78
64398,78
64399,78
64400,78
64401,78
64402,78
64403,78
64404,78
64405,78
64406,78
64407,78
64408,78
64409,78
64410,78
64411,78
64412,78
64413,78
64414,78
64415,78
64416,78
64417,78
64418,78
64419,78
64420,78
64421,78
64422,78
64423,78
64424,78
64425,78
64426,78
64427,78
64428,78
64429,78
64430,78
64431,78
64432,78
64433,78
64434,78
64435,78
64436,78
64437,78
64438,78
64439,78
64440,78
64441,78
64442,78
64443,78
64444,78
64445,78
64446,78
64447,78
64448,78
64449,78
64450,78
64451,78
64452,78
64453,78
64454,78
64455,78
64456,78
64457,78
64458,78
64459,78
64460,78
64461,78
64462,78
64463,78
64464,78
64465,78
64466,78
64467,78
64468,78
64469,78
64470,78
64471,78
64472,78
64473,78
64474,78
64475,78
64476,78
64477,78
64478,78
64479,78
64480,78
64481,78
64482,78
64483,78
64484,78
64485,78
64486,78
64487,78
64488,78
64489,78
64490,78
64491,78
64492,78
64493,78
64494,78
64495,78
64496,78
64497,78
64498,78
64499,78
64500,78
64501,78
64502,78
64503,78
64504,78
64505,78
64506,78
64507,78
64508,78
64509,78
64510,78
64511,78
64512,78
64513,78
64514,78
64515,78
64516,78
64517,78
64518,78
64519,78
64520,78
64521,78
64522,78
64523,78
64524,78
64525,78
64526,78
64527,78
64528,78
64529,78
64530,78
64531,78
64532,78
64533,78
64534,78
64535,78
64536,78
64537,78
64538,78
64539,78
64540,78
64541,78
64542,78
64543,78
64544,78
64545,78
64546,78
64547,78
64548,78
64549,78
64550,78
64551,78
64552,78
64553,78
64554,78
64555,78
64556,78
64557,78
64558,78
64559,78
64560,78
64561,78
64562,78
64563,78
64564,78
64565,78
64566,78
64567,78
64568,78
64569,78
64570,78
64571,78
64572,78
64573,78
64574,78
64575,78
64576,78
64577,78
64578,78
64579,78
64580,78
64581,78
64582,78
64583,78
64584,78
64585,78
64586,78
64587,78
64588,78
64589,78
64590,78
64591,78
64592,78
64593,78
64594,78
64595,78
64596,78
64597,78
64598,78
64599,78
64600,78
64601,78
64602,78
64603,78
64604,78
64605,78
64606,78
64607,78
64608,78
64609,78
64610,78
64611,78
64612,78
64613,78
64614,78
64615,78
64616,78
64617,78
64618,78
64619,78
64620,78
64621,78
64622,78
64623,78
64624,78
64625,78
64626,78
64627,78
64628,78
64629,78
64630,78
64631,78
64632,78
64633,78
64634,78
64635,78
64636,78
64637,78
64638,78
64639,78
64640,78
64641,78
64642,78
64643,78
64644,78
64645,78
64646,78
64647,78
64648,78
64649,78
64650,78
64651,78
64652,78
64653,78
64654,78
64655,78
64656,78
64657,78
64658,78
64659,78
64660,78
64661,78
64662,78
64663,78
64664,78
64665,78
64666,78
64667,78
64668,78
64669,78
64670,78
64671,78
64672,78
64673,78
64674,78
64675,78
64676,78
64677,78
64678,78
64679,78
64680,78
64681,78
64682,78
64683,78
64684,78
64685,78
64686,78
64687,78
64688,78
64689,78
64690,78
64691,78
64692,78
64693,78
64694,78
64695,78
64696,78
64697,78
64698,78
64699,78
64700,78
64701,78
64702,78
64703,78
64704,78
64705,78
64706,78
64707,78
64708,78
64709,78
64710,78
64711,78
64712,78
64713,78
64714,78
64715,78
64716,78
64717,78
64718,78
64719,78
64720,78
64721,78
64722,78
64723,78
64724,78
64725,78
64726,78
64727,78
64728,78
64729,78
64730,78
64731,78
64732,78
64733,78
64734,78
64735,78
64736,78
64737,78
64738,78
64739,78
64740,78
64741,78
64742,78
64743,78
64744,78
64745,78
64746,78
64747,78
64748,78
64749,78
64750,78
64751,78
64752,78
64753,78
64754,78
64755,78
64756,78
64757,78
64758,78
64759,78
64760,78
64761,78
64762,78
64763,78
64764,78
64765,78
64766,78
64767,78
64768,78
64769,78
64770,78
64771,78
64772,78
64773,78
64774,78
64775,78
64776,78
64777,78
64778,78
64779,78
64780,78
64781,78
64782,78
64783,78
64784,78
64785,78
64786,78
64787,78
64788,78
64789,78
64790,78
64791,78
64792,78
64793,78
64794,78
64795,78
64796,78
64797,78
64798,78
64799,78
64800,78
64801,78
64802,78
64803,78
64804,78
64805,78
64806,78
64807,78
64808,78
64809,78
64810,78
64811,78
64812,78
64813,78
64814,78
64815,78
64816,78
64817,78
64818,78
64819,78
64820,78
64821,78
64822,78
64823,78
64824,78
64825,78
64826,78
64827,78
64828,78
64829,78
64830,78
64831,78
64832,78
64833,78
64834,78
64835,78
64836,78
64837,78
64838,78
64839,78
64840,78
64841,78
64842,78
64843,78
64844,78
64845,78
64846,78
64847,78
64848,78
64849,78
64850,78
64851,78
64852,78
64853,78
64854,78
64855,78
64856,78
64857,78
64858,78
64859,78
64860,78
64861,78
64862,78
64863,78
64864,78
64865,78
64866,78
64867,78
64868,78
64869,78
64870,78
64871,78
64872,78
64873,78
64874,78
64875,78
64876,78
64877,78
64878,78
64879,78
64880,78
64881,78
64882,78
64883,78
64884,78
64885,78
64886,78
64887,78
64888,78
64889,78
64890,78
64891,78
64892,78
64893,78
64894,78
64895,78
64896,78
64897,78
64898,78
64899,78
64900,78
64901,78
64902,78
64903,78
64904,78
64905,78
64906,78
64907,78
64908,78
64909,78
64910,78
64911,78
64912,78
64913,78
64914,78
64915,78
64916,78
64917,78
64918,78
64919,78
64920,78
64921,78
64922,78
64923,78
64924,78
64925,78
64926,78
64927,78
64928,78
64929,78
64930,78
64931,78
64932,78
64933,78
64934,78
64935,78
64936,78
64937,78
64938,78
64939,78
64940,78
64941,78
64942,78
64943,78
64944,78
64945,78
64946,78
64947,78
64948,78
64949,78
64950,78
64951,78
64952,78
64953,78
64954,78
64955,78
64956,78
64957,78
64958,78
64959,78
64960,78
64961,78
64962,78
64963,78
64964,78
64965,78
64966,78
64967,78
64968,78
64969,78
64970,78
64971,78
64972,78
64973,78
64974,78
64975,78
64976,78
64977,78
64978,78
64979,78
64980,78
64981,78
64982,78
64983,78
64984,78
64985,78
64986,78
64987,78
64988,78
64989,78
64990,78
64991,78
64992,78
64993,78
64994,78
64995,78
64996,78
64997,78
64998,78
64999,78
65000,78
65001,78
65002,78
65003,78
65004,78
65005,78
65006,78
65007,78
65008,78
65009,78
65010,78
65011,78
65012,78
65013,78
65014,78
65015,78
65016,78
65017,78
65018,78
65019,78
65020,78
65021,78
65022,78
65023,78
65024,78
65025,78
65026,78
65027,78
65028,78
65029,78
65030,78
65031,78
65032,78
65033,78
65034,78
65035,78
65036,78
65037,78
65038,78
65039,78
65040,78
65041,78
65042,78
65043,78
65044,78
65045,78
65046,78
65047,78
65048,78
65049,78
65050,78
65051,78
65052,78
65053,78
65054,78
65055,78
65056,78
65057,78
65058,78
65059,78
65060,78
65061,78
65062,78
65063,78
65064,78
65065,78
65066,78
65067,78
65068,78
65069,78
65070,78
65071,78
65072,78
65073,78
65074,78
65075,78
65076,78
65077,78
65078,78
65079,78
65080,78
65081,78
65082,78
65083,78
65084,78
65085,78
65086,78
65087,78
65088,78
65089,78
65090,78
65091,78
65092,78
65093,78
65094,78
65095,78
65096,78
65097,78
65098,78
65099,78
65100,78
65101,78
65102,78
65103,78
65104,78
65105,78
65106,78
65107,78
65108,78
65109,78
65110,78
65111,78
65112,78
65113,78
65114,78
65115,78
65116,78
65117,78
65118,78
65119,78
65120,78
65121,78
65122,78
65123,78
65124,78
65125,78
65126,78
65127,78
65128,78
65129,78
65130,78
65131,78
65132,78
65133,78
65134,78
65135,78
65136,78
65137,78
65138,78
65139,78
65140,78
65141,78
65142,78
65143,78
65144,78
65145,78
65146,78
65147,78
65148,78
65149,78
65150,78
65151,78
65152,78
65153,78
65154,78
65155,78
65156,78
65157,78
65158,78
65159,78
65160,78
65161,78
65162,78
65163,78
65164,78
65165,78
65166,78
65167,78
65168,78
65169,78
65170,78
65171,78
65172,78
65173,78
65174,78
65175,78
65176,78
65177,78
65178,78
65179,78
65180,78
65181,78
65182,78
65183,78
65184,78
65185,78
65186,78
65187,78
65188,78
65189,78
65190,78
65191,78
65192,78
65193,78
65194,78
65195,78
65196,78
65197,78
65198,78
65199,78
65200,78
65201,78
65202,78
65203,78
65204,78
65205,78
65206,78
65207,78
65208,78
65209,78
65210,78
65211,78
65212,78
65213,78
65214,78
65215,78
65216,78
65217,78
65218,78
65219,78
65220,78
65221,78
65222,78
65223,78
65224,78
65225,78
65226,78
65227,78
65228,78
65229,78
65230,78
65231,78
65232,78
65233,78
65234,78
65235,78
65236,78
65237,78
65238,78
65239,78
65240,78
65241,78
65242,78
65243,78
65244,78
65245,78
65246,78
65247,78
65248,78
65249,78
65250,78
65251,78
65252,78
65253,78
65254,78
65255,78
65256,78
65257,78
65258,78
65259,78
65260,78
65261,78
65262,78
65263,78
65264,78
65265,78
65266,78
65267,78
65268,78
65269,78
65270,78
65271,78
65272,78
65273,78
65274,78
65275,78
65276,78
65277,78
65278,78
65279,78
65280,78
65281,78
65282,78
65283,78
65284,78
65285,78
65286,78
65287,78
65288,78
65289,78
65290,78
65291,78
65292,78
65293,78
65294,78
65295,78
65296,78
65297,78
65298,78
65299,78
65300,78
65301,78
65302,78
65303,78
65304,78
65305,78
65306,78
65307,78
65308,78
65309,78
65310,78
65311,78
65312,78
65313,78
65314,78
65315,78
65316,78
65317,78
65318,78
65319,78
65320,78
65321,78
65322,78
65323,78
65324,78
65325,78
65326,78
65327,78
65328,78
65329,78
65330,78
65331,78
65332,78
65333,78
65334,78
65335,78
65336,78
65337,78
65338,78
65339,78
65340,78
65341,78
65342,78
65343,78
65344,78
65345,78
65346,78
65347,78
65348,78
65349,78
65350,78
65351,78
65352,78
65353,78
65354,78
65355,78
65356,78
65357,78
65358,78
65359,78
65360,78
65361,78
65362,78
65363,78
65364,78
65365,78
65366,78
65367,78
65368,78
65369,78
65370,78
65371,78
65372,78
65373,78
65374,78
65375,78
65376,78
65377,78
65378,78
65379,78
65380,78
65381,78
65382,78
65383,78
65384,78
65385,78
65386,78
65387,78
65388,78
65389,78
65390,78
65391,78
65392,78
65393,78
65394,78
65395,78
65396,78
65397,78
65398,78
65399,78
65400,78
65401,78
65402,78
65403,78
65404,78
65405,78
65406,78
65407,78
65408,78
65409,78
65410,78
65411,78
65412,78
65413,78
65414,78
65415,78
65416,78
65417,78
65418,78
65419,78
65420,78
65421,78
65422,78
65423,78
65424,78
65425,78
65426,78
65427,78
65428,78
65429,78
65430,78
65431,78
65432,78
65433,78
65434,78
65435,78
65436,78
65437,78
65438,78
65439,78
65440,78
65441,78
65442,78
65443,78
65444,78
65445,78
65446,78
65447,78
65448,78
65449,78
65450,78
65451,78
65452,78
65453,78
65454,78
65455,78
65456,78
65457,78
65458,78
65459,78
65460,78
65461,78
65462,78
65463,78
65464,78
65465,78
65466,78
65467,78
65468,78
65469,78
65470,78
65471,78
65472,78
65473,78
65474,78
65475,78
65476,78
65477,78
65478,78
65479,78
65480,78
65481,78
65482,78
65483,78
65484,78
65485,78
65486,78
65487,78
65488,78
65489,78
65490,78
65491,78
65492,78
65493,78
65494,78
65495,78
65496,78
65497,78
65498,78
65499,78
65500,78
65501,78
65502,78
65503,78
65504,78
65505,78
65506,78
65507,78
65508,78
65509,78
65510,78
65511,78
65512,78
65513,78
65514,78
65515,78
65516,78
65517,78
65518,78
65519,78
65520,78
65521,78
65522,78
65523,78
65524,78
65525,78
65526,78
65527,78
65528,78
65529,78
65530,78
65531,78
65532,78
65533,78
65534,78
65535,78
65536,78
65537,78
65538,78
65539,78
65540,78
65541,78
65542,78
65543,78
65544,78
65545,78
65546,78
65547,78
65548,78
65549,78
65550,78
65551,78
65552,78
65553,78
65554,78
65555,78
65556,78
65557,78
65558,78
65559,78
65560,78
65561,78
65562,78
65563,78
65564,78
65565,78
65566,78
65567,78
65568,78
65569,78
65570,78
65571,78
65572,78
65573,78
65574,78
65575,78
65576,78
65577,78
65578,78
65579,78
65580,78
65581,78
65582,78
65583,78
65584,78
65585,78
65586,78
65587,78
65588,78
65589,78
65590,78
65591,78
65592,78
65593,78
65594,78
65595,78
65596,78
65597,78
65598,78
65599,78
65600,78
65601,78
65602,78
65603,78
65604,78
65605,78
65606,78
65607,78
65608,78
65609,78
65610,78
65611,78
65612,78
65613,78
65614,78
65615,78
65616,78
65617,78
65618,78
65619,78
65620,78
65621,78
65622,78
65623,78
65624,78
65625,78
65626,78
65627,78
65628,78
65629,78
65630,78
65631,78
65632,78
65633,78
65634,78
65635,78
65636,78
65637,78
65638,78
65639,78
65640,78
65641,78
65642,78
65643,78
65644,78
65645,78
65646,78
65647,78
65648,78
65649,78
65650,78
65651,78
65652,78
65653,78
65654,78
65655,78
65656,78
65657,78
65658,78
65659,78
65660,78
65661,78
65662,78
65663,78
65664,78
65665,78
65666,78
65667,78
65668,78
65669,78
65670,78
65671,78
65672,78
65673,78
65674,78
65675,78
65676,78
65677,78
65678,78
65679,78
65680,78
65681,78
65682,78
65683,78
65684,78
65685,78
65686,78
65687,78
65688,78
65689,78
65690,78
65691,78
65692,78
65693,78
65694,78
65695,78
65696,78
65697,78
65698,78
65699,78
65700,78
65701,78
65702,78
65703,78
65704,78
65705,78
65706,78
65707,78
65708,78
65709,78
65710,78
65711,78
65712,78
65713,78
65714,78
65715,78
65716,78
65717,78
65718,78
65719,78
65720,78
65721,78
65722,78
65723,78
65724,78
65725,78
65726,78
65727,78
65728,78
65729,78
65730,78
65731,78
65732,78
65733,78
65734,78
65735,78
65736,78
65737,78
65738,78
65739,78
65740,78
65741,78
65742,78
65743,78
65744,78
65745,78
65746,78
65747,78
65748,78
65749,78
65750,78
65751,78
65752,78
65753,78
65754,78
65755,78
65756,78
65757,78
65758,78
65759,78
65760,78
65761,78
65762,78
65763,78
65764,78
65765,78
65766,78
65767,78
65768,78
65769,78
65770,78
65771,78
65772,78
65773,78
65774,78
65775,78
65776,78
65777,78
65778,78
65779,78
65780,78
65781,78
65782,78
65783,78
65784,78
65785,78
65786,78
65787,78
65788,78
65789,78
65790,78
65791,78
65792,78
65793,78
65794,78
65795,78
65796,78
65797,78
65798,78
65799,78
65800,78
65801,78
65802,78
65803,78
65804,78
65805,78
65806,78
65807,78
65808,78
65809,78
65810,78
65811,78
65812,78
65813,78
65814,78
65815,78
65816,78
65817,78
65818,78
65819,78
65820,78
65821,78
65822,78
65823,78
65824,78
65825,78
65826,78
65827,78
65828,78
65829,78
65830,78
65831,78
65832,78
65833,78
65834,78
65835,78
65836,78
65837,78
65838,78
65839,78
65840,78
65841,78
65842,78
65843,78
65844,78
65845,78
65846,78
65847,78
65848,78
65849,78
65850,78
65851,78
65852,78
65853,78
65854,78
65855,78
65856,78
65857,78
65858,78
65859,78
65860,78
65861,78
65862,78
65863,78
65864,78
65865,78
65866,78
65867,78
65868,78
65869,78
65870,78
65871,78
65872,78
65873,78
65874,78
65875,78
65876,78
65877,78
65878,78
65879,78
65880,78
65881,78
65882,78
65883,78
65884,78
65885,78
65886,78
65887,78
65888,78
65889,78
65890,78
65891,78
65892,78
65893,78
65894,78
65895,78
65896,78
65897,78
65898,78
65899,78
65900,78
65901,78
65902,78
65903,78
65904,78
65905,78
65906,78
65907,78
65908,78
65909,78
65910,78
65911,78
65912,78
65913,78
65914,78
65915,78
65916,78
65917,78
65918,78
65919,78
65920,78
65921,78
65922,78
65923,78
65924,78
65925,78
65926,78
65927,78
65928,78
65929,78
65930,78
65931,78
65932,78
65933,78
65934,78
65935,78
65936,78
65937,78
65938,78
65939,78
65940,78
65941,78
65942,78
65943,78
65944,78
65945,78
65946,78
65947,78
65948,78
65949,78
65950,78
65951,78
65952,78
65953,78
65954,78
65955,78
65956,78
65957,78
65958,78
65959,78
65960,78
65961,78
65962,78
65963,78
65964,78
65965,78
65966,78
65967,78
65968,78
65969,78
65970,78
65971,78
65972,78
65973,78
65974,78
65975,78
65976,78
65977,78
65978,78
65979,78
65980,78
65981,78
65982,78
65983,78
65984,78
65985,78
65986,78
65987,78
65988,78
65989,78
65990,78
65991,78
65992,78
65993,78
65994,78
65995,78
65996,78
65997,78
65998,78
65999,78
66000,78
66001,78
66002,78
66003,78
66004,78
66005,78
66006,78
66007,78
66008,78
66009,78
66010,78
66011,78
66012,78
66013,78
66014,78
66015,78
66016,78
66017,78
66018,78
66019,78
66020,78
66021,78
66022,78
66023,78
66024,78
66025,78
66026,78
66027,78
66028,78
66029,78
66030,78
66031,78
66032,78
66033,78
66034,78
66035,78
66036,78
66037,78
66038,78
66039,78
66040,78
66041,78
66042,78
66043,78
66044,78
66045,78
66046,78
66047,78
66048,78
66049,78
66050,78
66051,78
66052,78
66053,78
66054,78
66055,78
66056,78
66057,78
66058,78
66059,78
66060,78
66061,78
66062,78
66063,78
66064,78
66065,78
66066,78
66067,78
66068,78
66069,78
66070,78
66071,78
66072,78
66073,78
66074,78
66075,78
66076,78
66077,78
66078,78
66079,78
66080,78
66081,78
66082,78
66083,78
66084,78
66085,78
66086,78
66087,78
66088,78
66089,78
66090,78
66091,78
66092,78
66093,78
66094,78
66095,78
66096,78
66097,78
66098,78
66099,78
66100,78
66101,78
66102,78
66103,78
66104,78
66105,78
66106,78
66107,78
66108,78
66109,78
66110,78
66111,78
66112,78
66113,78
66114,78
66115,78
66116,78
66117,78
66118,78
66119,78
66120,78
66121,78
66122,78
66123,78
66124,78
66125,78
66126,78
66127,78
66128,78
66129,78
66130,78
66131,78
66132,78
66133,78
66134,78
66135,78
66136,78
66137,78
66138,78
66139,78
66140,78
66141,78
66142,78
66143,78
66144,78
66145,78
66146,78
66147,78
66148,78
66149,78
66150,78
66151,78
66152,78
66153,78
66154,78
66155,78
66156,78
66157,78
66158,78
66159,78
66160,78
66161,78
66162,78
66163,78
66164,78
66165,78
66166,78
66167,78
66168,78
66169,78
66170,78
66171,78
66172,78
66173,78
66174,78
66175,78
66176,78
66177,78
66178,78
66179,78
66180,78
66181,78
66182,78
66183,78
66184,78
66185,78
66186,78
66187,78
66188,78
66189,78
66190,78
66191,78
66192,78
66193,78
66194,78
66195,78
66196,78
66197,78
66198,78
66199,78
66200,78
66201,78
66202,78
66203,78
66204,78
66205,78
66206,78
66207,78
66208,78
66209,78
66210,78
66211,78
66212,78
66213,78
66214,78
66215,78
66216,78
66217,78
66218,78
66219,78
66220,78
66221,78
66222,78
66223,78
66224,78
66225,78
66226,78
66227,78
66228,78
66229,78
66230,78
66231,78
66232,78
66233,78
66234,78
66235,78
66236,78
66237,78
66238,78
66239,78
66240,78
66241,78
66242,78
66243,78
66244,78
66245,78
66246,78
66247,78
66248,78
66249,78
66250,78
66251,78
66252,78
66253,78
66254,78
66255,78
66256,78
66257,78
66258,78
66259,78
66260,78
66261,78
66262,78
66263,78
66264,78
66265,78
66266,78
66267,78
66268,78
66269,78
66270,78
66271,78
66272,78
66273,78
66274,78
66275,78
66276,78
66277,78
66278,78
66279,78
66280,78
66281,78
66282,78
66283,78
66284,78
66285,78
66286,78
66287,78
66288,78
66289,78
66290,78
66291,78
66292,78
66293,78
66294,78
66295,78
66296,78
66297,78
66298,78
66299,78
66300,78
66301,78
66302,78
66303,78
66304,78
66305,78
66306,78
66307,78
66308,78
66309,78
66310,78
66311,78
66312,78
66313,78
66314,78
66315,78
66316,78
66317,78
66318,78
66319,78
66320,78
66321,78
66322,78
66323,78
66324,78
66325,78
66326,78
66327,78
66328,78
66329,78
66330,78
66331,78
66332,78
66333,78
66334,78
66335,78
66336,78
66337,78
66338,78
66339,78
66340,78
66341,78
66342,78
66343,78
66344,78
66345,78
66346,78
66347,78
66348,78
66349,78
66350,78
66351,78
66352,78
66353,78
66354,78
66355,78
66356,78
66357,78
66358,78
66359,78
66360,78
66361,78
66362,78
66363,78
66364,78
66365,78
66366,78
66367,78
66368,78
66369,78
66370,78
66371,78
66372,78
66373,78
66374,78
66375,78
66376,78
66377,78
66378,78
66379,78
66380,78
66381,78
66382,78
66383,78
66384,78
66385,78
66386,78
66387,78
66388,78
66389,78
66390,78
66391,78
66392,78
66393,78
66394,78
66395,78
66396,78
66397,78
66398,78
66399,78
66400,78
66401,78
66402,78
66403,78
66404,78
66405,78
66406,78
66407,78
66408,78
66409,78
66410,78
66411,78
66412,78
66413,78
66414,78
66415,78
66416,78
66417,78
66418,78
66419,78
66420,78
66421,78
66422,78
66423,78
66424,78
66425,78
66426,78
66427,78
66428,78
66429,78
66430,78
66431,78
66432,78
66433,78
66434,78
66435,78
66436,78
66437,78
66438,78
66439,78
66440,78
66441,78
66442,78
66443,78
66444,78
66445,78
66446,78
66447,78
66448,78
66449,78
66450,78
66451,78
66452,78
66453,78
66454,78
66455,78
66456,78
66457,78
66458,78
66459,78
66460,78
66461,78
66462,78
66463,78
66464,78
66465,78
66466,78
66467,78
66468,78
66469,78
66470,78
66471,78
66472,78
66473,78
66474,78
66475,78
66476,78
66477,78
66478,78
66479,78
66480,78
66481,78
66482,78
66483,78
66484,78
66485,78
66486,78
66487,78
66488,78
66489,78
66490,78
66491,78
66492,78
66493,78
66494,78
66495,78
66496,78
66497,78
66498,78
66499,78
66500,78
66501,78
66502,78
66503,78
66504,78
66505,78
66506,78
66507,78
66508,78
66509,78
66510,78
66511,78
66512,78
66513,78
66514,78
66515,78
66516,78
66517,78
66518,78
66519,78
66520,78
66521,78
66522,78
66523,78
66524,78
66525,78
66526,78
66527,78
66528,78
66529,78
66530,78
66531,78
66532,78
66533,78
66534,78
66535,78
66536,78
66537,78
66538,78
66539,78
66540,78
66541,78
66542,78
66543,78
66544,78
66545,78
66546,78
66547,78
66548,78
66549,78
66550,78
66551,78
66552,78
66553,78
66554,78
66555,78
66556,78
66557,78
66558,78
66559,78
66560,78
66561,78
66562,78
66563,78
66564,78
66565,78
66566,78
66567,78
66568,78
66569,78
66570,78
66571,78
66572,78
66573,78
66574,78
66575,78
66576,78
66577,78
66578,78
66579,78
66580,78
66581,78
66582,78
66583,78
66584,78
66585,78
66586,78
66587,78
66588,78
66589,78
66590,78
66591,78
66592,78
66593,78
66594,78
66595,78
66596,78
66597,78
66598,78
66599,78
66600,78
66601,78
66602,78
66603,78
66604,78
66605,78
66606,78
66607,78
66608,78
66609,78
66610,78
66611,78
66612,78
66613,78
66614,78
66615,78
66616,78
66617,78
66618,78
66619,78
66620,78
66621,78
66622,78
66623,78
66624,78
66625,78
66626,78
66627,78
66628,78
66629,78
66630,78
66631,78
66632,78
66633,78
66634,78
66635,78
66636,78
66637,78
66638,78
66639,78
66640,78
66641,78
66642,78
66643,78
66644,78
66645,78
66646,78
66647,78
66648,78
66649,78
66650,78
66651,78
66652,78
66653,78
66654,78
66655,78
66656,78
66657,78
66658,78
66659,78
66660,78
66661,78
66662,78
66663,78
66664,78
66665,78
66666,78
66667,78
66668,78
66669,78
66670,78
66671,78
66672,78
66673,78
66674,78
66675,78
66676,78
66677,78
66678,78
66679,78
66680,78
66681,78
66682,78
66683,78
66684,78
66685,78
66686,78
66687,78
66688,78
66689,78
66690,78
66691,78
66692,78
66693,78
66694,78
66695,78
66696,78
66697,78
66698,78
66699,78
66700,78
66701,78
66702,78
66703,78
66704,78
66705,78
66706,78
66707,78
66708,78
66709,78
66710,78
66711,78
66712,78
66713,78
66714,78
66715,78
66716,78
66717,78
66718,78
66719,78
66720,78
66721,78
66722,78
66723,78
66724,78
66725,78
66726,78
66727,78
66728,78
66729,78
66730,78
66731,78
66732,78
66733,78
66734,78
66735,78
66736,78
66737,78
66738,78
66739,78
66740,78
66741,78
66742,78
66743,78
66744,78
66745,78
66746,78
66747,78
66748,78
66749,78
66750,78
66751,78
66752,78
66753,78
66754,78
66755,78
66756,78
66757,78
66758,78
66759,78
66760,78
66761,78
66762,78
66763,78
66764,78
66765,78
66766,78
66767,78
66768,78
66769,78
66770,78
66771,78
66772,78
66773,78
66774,78
66775,78
66776,78
66777,78
66778,78
66779,78
66780,78
66781,78
66782,78
66783,78
66784,78
66785,78
66786,78
66787,78
66788,78
66789,78
66790,78
66791,78
66792,78
66793,78
66794,78
66795,78
66796,78
66797,78
66798,78
66799,78
66800,78
66801,78
66802,78
66803,78
66804,78
66805,78
66806,78
66807,78
66808,78
66809,78
66810,78
66811,78
66812,78
66813,78
66814,78
66815,78
66816,78
66817,78
66818,78
66819,78
66820,78
66821,78
66822,78
66823,78
66824,78
66825,78
66826,78
66827,78
66828,78
66829,78
66830,78
66831,78
66832,78
66833,78
66834,78
66835,78
66836,78
66837,78
66838,78
66839,78
66840,78
66841,78
66842,78
66843,78
66844,78
66845,78
66846,78
66847,78
66848,78
66849,78
66850,78
66851,78
66852,78
66853,78
66854,78
66855,78
66856,78
66857,78
66858,78
66859,78
66860,78
66861,78
66862,78
66863,78
66864,78
66865,78
66866,78
66867,78
66868,78
66869,78
66870,78
66871,78
66872,78
66873,78
66874,78
66875,78
66876,78
66877,78
66878,78
66879,78
66880,78
66881,78
66882,78
66883,78
66884,78
66885,78
66886,78
66887,78
66888,78
66889,78
66890,78
66891,78
66892,78
66893,78
66894,78
66895,78
66896,78
66897,78
66898,78
66899,78
66900,78
66901,78
66902,78
66903,78
66904,78
66905,78
66906,78
66907,78
66908,78
66909,78
66910,78
66911,78
66912,78
66913,78
66914,78
66915,78
66916,78
66917,78
66918,78
66919,78
66920,78
66921,78
66922,78
66923,78
66924,78
66925,78
66926,78
66927,78
66928,78
66929,78
66930,78
66931,78
66932,78
66933,78
66934,78
66935,78
66936,78
66937,78
66938,78
66939,78
66940,78
66941,78
66942,78
66943,78
66944,78
66945,78
66946,78
66947,78
66948,78
66949,78
66950,78
66951,78
66952,78
66953,78
66954,78
66955,78
66956,78
66957,78
66958,78
66959,78
66960,78
66961,78
66962,78
66963,78
66964,78
66965,78
66966,78
66967,78
66968,78
66969,78
66970,78
66971,78
66972,78
66973,78
66974,78
66975,78
66976,78
66977,78
66978,78
66979,78
66980,78
66981,78
66982,78
66983,78
66984,78
66985,78
66986,78
66987,78
66988,78
66989,78
66990,78
66991,78
66992,78
66993,78
66994,78
66995,78
66996,78
66997,78
66998,78
66999,78
67000,78
67001,78
67002,78
67003,78
67004,78
67005,78
67006,78
67007,78
67008,78
67009,78
67010,78
67011,78
67012,78
67013,78
67014,78
67015,78
67016,78
67017,78
67018,78
67019,78
67020,78
67021,78
67022,78
67023,78
67024,78
67025,78
67026,78
67027,78
67028,78
67029,78
67030,78
67031,78
67032,78
67033,78
67034,78
67035,78
67036,78
67037,78
67038,78
67039,78
67040,78
67041,78
67042,78
67043,78
67044,78
67045,78
67046,78
67047,78
67048,78
67049,78
67050,78
67051,78
67052,78
67053,78
67054,78
67055,78
67056,78
67057,78
67058,78
67059,78
67060,78
67061,78
67062,78
67063,78
67064,78
67065,78
67066,78
67067,78
67068,78
67069,78
67070,78
67071,78
67072,78
67073,78
67074,78
67075,78
67076,78
67077,78
67078,78
67079,78
67080,78
67081,78
67082,78
67083,78
67084,78
67085,78
67086,78
67087,78
67088,78
67089,78
67090,78
67091,78
67092,78
67093,78
67094,78
67095,78
67096,78
67097,78
67098,78
67099,78
67100,78
67101,78
67102,78
67103,78
67104,78
67105,78
67106,78
67107,78
67108,78
67109,78
67110,78
67111,78
67112,78
67113,78
67114,78
67115,78
67116,78
67117,78
67118,78
67119,78
67120,78
67121,78
67122,78
67123,78
67124,78
67125,78
67126,78
67127,78
67128,78
67129,78
67130,78
67131,78
67132,78
67133,78
67134,78
67135,78
67136,78
67137,78
67138,78
67139,78
67140,78
67141,78
67142,78
67143,78
67144,78
67145,78
67146,78
67147,78
67148,78
67149,78
67150,78
67151,78
67152,78
67153,78
67154,78
67155,78
67156,78
67157,78
67158,78
67159,78
67160,78
67161,78
67162,78
67163,78
67164,78
67165,78
67166,78
67167,78
67168,78
67169,78
67170,78
67171,78
67172,78
67173,78
67174,78
67175,78
67176,78
67177,78
67178,78
67179,78
67180,78
67181,78
67182,78
67183,78
67184,78
67185,78
67186,78
67187,78
67188,78
67189,78
67190,78
67191,78
67192,78
67193,78
67194,78
67195,78
67196,78
67197,78
67198,78
67199,78
67200,78
67201,78
67202,78
67203,78
67204,78
67205,78
67206,78
67207,78
67208,78
67209,78
67210,78
67211,78
67212,78
67213,78
67214,78
67215,78
67216,78
67217,78
67218,78
67219,78
67220,78
67221,78
67222,78
67223,78
67224,78
67225,78
67226,78
67227,78
67228,78
67229,78
67230,78
67231,78
67232,78
67233,78
67234,78
67235,78
67236,78
67237,78
67238,78
67239,78
67240,78
67241,78
67242,78
67243,78
67244,78
67245,78
67246,78
67247,78
67248,78
67249,78
67250,78
67251,78
67252,78
67253,78
67254,78
67255,78
67256,78
67257,78
67258,78
67259,78
67260,78
67261,78
67262,78
67263,78
67264,78
67265,78
67266,78
67267,78
67268,78
67269,78
67270,78
67271,78
67272,78
67273,78
67274,78
67275,78
67276,78
67277,78
67278,78
67279,78
67280,78
67281,78
67282,78
67283,78
67284,78
67285,78
67286,78
67287,78
67288,78
67289,78
67290,78
67291,78
67292,78
67293,78
67294,78
67295,78
67296,78
67297,78
67298,78
67299,78
67300,78
67301,78
67302,78
67303,78
67304,78
67305,78
67306,78
67307,78
67308,78
67309,78
67310,78
67311,78
67312,78
67313,78
67314,78
67315,78
67316,78
67317,78
67318,78
67319,78
67320,78
67321,78
67322,78
67323,78
67324,78
67325,78
67326,78
67327,78
67328,78
67329,78
67330,78
67331,78
67332,78
67333,78
67334,78
67335,78
67336,78
67337,78
67338,78
67339,78
67340,78
67341,78
67342,78
67343,78
67344,78
67345,78
67346,78
67347,78
67348,78
67349,78
67350,78
67351,78
67352,78
67353,78
67354,78
67355,78
67356,78
67357,78
67358,78
67359,78
67360,78
67361,78
67362,78
67363,78
67364,78
67365,78
67366,78
67367,78
67368,78
67369,78
67370,78
67371,78
67372,78
67373,78
67374,78
67375,78
67376,78
67377,78
67378,78
67379,78
67380,78
67381,78
67382,78
67383,78
67384,78
67385,78
67386,78
67387,78
67388,78
67389,78
67390,78
67391,78
67392,78
67393,78
67394,78
67395,78
67396,78
67397,78
67398,78
67399,78
67400,78
67401,78
67402,78
67403,78
67404,78
67405,78
67406,78
67407,78
67408,78
67409,78
67410,78
67411,78
67412,78
67413,78
67414,78
67415,78
67416,78
67417,78
67418,78
67419,78
67420,78
67421,78
67422,78
67423,78
67424,78
67425,78
67426,78
67427,78
67428,78
67429,78
67430,78
67431,78
67432,78
67433,78
67434,78
67435,78
67436,78
67437,78
67438,78
67439,78
67440,78
67441,78
67442,78
67443,78
67444,78
67445,78
67446,78
67447,78
67448,78
67449,78
67450,78
67451,78
67452,78
67453,78
67454,78
67455,78
67456,78
67457,78
67458,78
67459,78
67460,78
67461,78
67462,78
67463,78
67464,78
67465,78
67466,78
67467,78
67468,78
67469,78
67470,78
67471,78
67472,78
67473,78
67474,78
67475,78
67476,78
67477,78
67478,78
67479,78
67480,78
67481,78
67482,78
67483,78
67484,78
67485,78
67486,78
67487,78
67488,78
67489,78
67490,78
67491,78
67492,78
67493,78
67494,78
67495,78
67496,78
67497,78
67498,78
67499,78
67500,78
67501,78
67502,78
67503,78
67504,78
67505,78
67506,78
67507,78
67508,78
67509,78
67510,78
67511,78
67512,78
67513,78
67514,78
67515,78
67516,78
67517,78
67518,78
67519,78
67520,78
67521,78
67522,78
67523,78
67524,78
67525,78
67526,78
67527,78
67528,78
67529,78
67530,78
67531,78
67532,78
67533,78
67534,78
67535,78
67536,78
67537,78
67538,78
67539,78
67540,78
67541,78
67542,78
67543,78
67544,78
67545,78
67546,78
67547,78
67548,78
67549,78
67550,78
67551,78
67552,78
67553,78
67554,78
67555,78
67556,78
67557,78
67558,78
67559,78
67560,78
67561,78
67562,78
67563,78
67564,78
67565,78
67566,78
67567,78
67568,78
67569,78
67570,78
67571,78
67572,78
67573,78
67574,78
67575,78
67576,78
67577,78
67578,78
67579,78
67580,78
67581,78
67582,78
67583,78
67584,78
67585,78
67586,78
67587,78
67588,78
67589,78
67590,78
67591,78
67592,78
67593,78
67594,78
67595,78
67596,78
67597,78
67598,78
67599,78
67600,78
67601,78
67602,78
67603,78
67604,78
67605,78
67606,78
67607,78
67608,78
67609,78
67610,78
67611,78
67612,78
67613,78
67614,78
67615,78
67616,78
67617,78
67618,78
67619,78
67620,78
67621,78
67622,78
67623,78
67624,78
67625,78
67626,78
67627,78
67628,78
67629,78
67630,78
67631,78
67632,78
67633,78
67634,78
67635,78
67636,78
67637,78
67638,78
67639,78
67640,78
67641,78
67642,78
67643,78
67644,78
67645,78
67646,78
67647,78
67648,78
67649,78
67650,78
67651,78
67652,78
67653,78
67654,78
67655,78
67656,78
67657,78
67658,78
67659,78
67660,78
67661,78
67662,78
67663,78
67664,78
67665,78
67666,78
67667,78
67668,78
67669,78
67670,78
67671,78
67672,78
67673,78
67674,78
67675,78
67676,78
67677,78
67678,78
67679,78
67680,78
67681,78
67682,78
67683,78
67684,78
67685,78
67686,78
67687,78
67688,78
67689,78
67690,78
67691,78
67692,78
67693,78
67694,78
67695,78
67696,78
67697,78
67698,78
67699,78
67700,78
67701,78
67702,78
67703,78
67704,78
67705,78
67706,78
67707,78
67708,78
67709,78
67710,78
67711,78
67712,78
67713,78
67714,78
67715,78
67716,78
67717,78
67718,78
67719,78
67720,78
67721,78
67722,78
67723,78
67724,78
67725,78
67726,78
67727,78
67728,78
67729,78
67730,78
67731,78
67732,78
67733,78
67734,78
67735,78
67736,78
67737,78
67738,78
67739,78
67740,78
67741,78
67742,78
67743,78
67744,78
67745,78
67746,78
67747,78
67748,78
67749,78
67750,78
67751,78
67752,78
67753,78
67754,78
67755,78
67756,78
67757,78
67758,78
67759,78
67760,78
67761,78
67762,78
67763,78
67764,78
67765,78
67766,78
67767,78
67768,78
67769,78
67770,78
67771,78
67772,78
67773,78
67774,78
67775,78
67776,78
67777,78
67778,78
67779,78
67780,78
67781,78
67782,78
67783,78
67784,78
67785,78
67786,78
67787,78
67788,78
67789,78
67790,78
67791,78
67792,78
67793,78
67794,78
67795,78
67796,78
67797,78
67798,78
67799,78
67800,78
67801,78
67802,78
67803,78
67804,78
67805,78
67806,78
67807,78
67808,78
67809,78
67810,78
67811,78
67812,78
67813,78
67814,78
67815,78
67816,78
67817,78
67818,78
67819,78
67820,78
67821,78
67822,78
67823,78
67824,78
67825,78
67826,78
67827,78
67828,78
67829,78
67830,78
67831,78
67832,78
67833,78
67834,78
67835,78
67836,78
67837,78
67838,78
67839,78
67840,78
67841,78
67842,78
67843,78
67844,78
67845,78
67846,78
67847,78
67848,78
67849,78
67850,78
67851,78
67852,78
67853,78
67854,78
67855,78
67856,78
67857,78
67858,78
67859,78
67860,78
67861,78
67862,78
67863,78
67864,78
67865,78
67866,78
67867,78
67868,78
67869,78
67870,78
67871,78
67872,78
67873,78
67874,78
67875,78
67876,78
67877,78
67878,78
67879,78
67880,78
67881,78
67882,78
67883,78
67884,78
67885,78
67886,78
67887,78
67888,78
67889,78
67890,78
67891,78
67892,78
67893,78
67894,78
67895,78
67896,78
67897,78
67898,78
67899,78
67900,78
67901,78
67902,78
67903,78
67904,78
67905,78
67906,78
67907,78
67908,78
67909,78
67910,78
67911,78
67912,78
67913,78
67914,78
67915,78
67916,78
67917,78
67918,78
67919,78
67920,78
67921,78
67922,78
67923,78
67924,78
67925,78
67926,78
67927,78
67928,78
67929,78
67930,78
67931,78
67932,78
67933,78
67934,78
67935,78
67936,78
67937,78
67938,78
67939,78
67940,78
67941,78
67942,78
67943,78
67944,78
67945,78
67946,78
67947,78
67948,78
67949,78
67950,78
67951,78
67952,78
67953,78
67954,78
67955,78
67956,78
67957,78
67958,78
67959,78
67960,78
67961,78
67962,78
67963,78
67964,78
67965,78
67966,78
67967,78
67968,78
67969,78
67970,78
67971,78
67972,78
67973,78
67974,78
67975,78
67976,78
67977,78
67978,78
67979,78
67980,78
67981,78
67982,78
67983,78
67984,78
67985,78
67986,78
67987,78
67988,78
67989,78
67990,78
67991,78
67992,78
67993,78
67994,78
67995,78
67996,78
67997,78
67998,78
67999,78
68000,78
68001,78
68002,78
68003,78
68004,78
68005,78
68006,78
68007,78
68008,78
68009,78
68010,78
68011,78
68012,78
68013,78
68014,78
68015,78
68016,78
68017,78
68018,78
68019,78
68020,78
68021,78
68022,78
68023,78
68024,78
68025,78
68026,78
68027,78
68028,78
68029,78
68030,78
68031,78
68032,78
68033,78
68034,78
68035,78
68036,78
68037,78
68038,78
68039,78
68040,78
68041,78
68042,78
68043,78
68044,78
68045,78
68046,78
68047,78
68048,78
68049,78
68050,78
68051,78
68052,78
68053,78
68054,78
68055,78
68056,78
68057,78
68058,78
68059,78
68060,78
68061,78
68062,78
68063,78
68064,78
68065,78
68066,78
68067,78
68068,78
68069,78
68070,78
68071,78
68072,78
68073,78
68074,78
68075,78
68076,78
68077,78
68078,78
68079,78
68080,78
68081,78
68082,78
68083,78
68084,78
68085,78
68086,78
68087,78
68088,78
68089,78
68090,78
68091,78
68092,78
68093,78
68094,78
68095,78
68096,78
68097,78
68098,78
68099,78
68100,78
68101,78
68102,78
68103,78
68104,78
68105,78
68106,78
68107,78
68108,78
68109,78
68110,78
68111,78
68112,78
68113,78
68114,78
68115,78
68116,78
68117,78
68118,78
68119,78
68120,78
68121,78
68122,78
68123,78
68124,78
68125,78
68126,78
68127,78
68128,78
68129,78
68130,78
68131,78
68132,78
68133,78
68134,78
68135,78
68136,78
68137,78
68138,78
68139,78
68140,78
68141,78
68142,78
68143,78
68144,78
68145,78
68146,78
68147,78
68148,78
68149,78
68150,78
68151,78
68152,78
68153,78
68154,78
68155,78
68156,78
68157,78
68158,78
68159,78
68160,78
68161,78
68162,78
68163,78
68164,78
68165,78
68166,78
68167,78
68168,78
68169,78
68170,78
68171,78
68172,78
68173,78
68174,78
68175,78
68176,78
68177,78
68178,78
68179,78
68180,78
68181,78
68182,78
68183,78
68184,78
68185,78
68186,78
68187,78
68188,78
68189,78
68190,78
68191,78
68192,78
68193,78
68194,78
68195,78
68196,78
68197,78
68198,78
68199,78
68200,78
68201,78
68202,78
68203,78
68204,78
68205,78
68206,78
68207,78
68208,78
68209,78
68210,78
68211,78
68212,78
68213,78
68214,78
68215,78
68216,78
68217,78
68218,78
68219,78
68220,78
68221,78
68222,78
68223,78
68224,78
68225,78
68226,78
68227,78
68228,78
68229,78
68230,78
68231,78
68232,78
68233,78
68234,78
68235,78
68236,78
68237,78
68238,78
68239,78
68240,78
68241,78
68242,78
68243,78
68244,78
68245,78
68246,78
68247,78
68248,78
68249,78
68250,78
68251,78
68252,78
68253,78
68254,78
68255,78
68256,78
68257,78
68258,78
68259,78
68260,78
68261,78
68262,78
68263,78
68264,78
68265,78
68266,78
68267,78
68268,78
68269,78
68270,78
68271,78
68272,78
68273,78
68274,78
68275,78
68276,78
68277,78
68278,78
68279,78
68280,78
68281,78
68282,78
68283,78
68284,78
68285,78
68286,78
68287,78
68288,78
68289,78
68290,78
68291,78
68292,78
68293,78
68294,78
68295,78
68296,78
68297,78
68298,78
68299,78
68300,78
68301,78
68302,78
68303,78
68304,78
68305,78
68306,78
68307,78
68308,78
68309,78
68310,78
68311,78
68312,78
68313,78
68314,78
68315,78
68316,78
68317,78
68318,78
68319,78
68320,78
68321,78
68322,78
68323,78
68324,78
68325,78
68326,78
68327,78
68328,78
68329,78
68330,78
68331,78
68332,78
68333,78
68334,78
68335,78
68336,78
68337,78
68338,78
68339,78
68340,78
68341,78
68342,78
68343,78
68344,78
68345,78
68346,78
68347,78
68348,78
68349,78
68350,78
68351,78
68352,78
68353,78
68354,78
68355,78
68356,78
68357,78
68358,78
68359,78
68360,78
68361,78
68362,78
68363,78
68364,78
68365,78
68366,78
68367,78
68368,78
68369,78
68370,78
68371,78
68372,78
68373,78
68374,78
68375,78
68376,78
68377,78
68378,78
68379,78
68380,78
68381,78
68382,78
68383,78
68384,78
68385,78
68386,78
68387,78
68388,78
68389,78
68390,78
68391,78
68392,78
68393,78
68394,78
68395,78
68396,78
68397,78
68398,78
68399,78
68400,78
68401,78
68402,78
68403,78
68404,78
68405,78
68406,78
68407,78
68408,78
68409,78
68410,78
68411,78
68412,78
68413,78
68414,78
68415,78
68416,78
68417,78
68418,78
68419,78
68420,78
68421,78
68422,78
68423,78
68424,78
68425,78
68426,78
68427,78
68428,78
68429,78
68430,78
68431,78
68432,78
68433,78
68434,78
68435,78
68436,78
68437,78
68438,78
68439,78
68440,78
68441,78
68442,78
68443,78
68444,78
68445,78
68446,78
68447,78
68448,78
68449,78
68450,78
68451,78
68452,78
68453,78
68454,78
68455,78
68456,78
68457,78
68458,78
68459,78
68460,78
68461,78
68462,78
68463,78
68464,78
68465,78
68466,78
68467,78
68468,78
68469,78
68470,78
68471,78
68472,78
68473,78
68474,78
68475,78
68476,78
68477,78
68478,78
68479,78
68480,78
68481,78
68482,78
68483,78
68484,78
68485,78
68486,78
68487,78
68488,78
68489,78
68490,78
68491,78
68492,78
68493,78
68494,78
68495,78
68496,78
68497,78
68498,78
68499,78
68500,78
68501,78
68502,78
68503,78
68504,78
68505,78
68506,78
68507,78
68508,78
68509,78
68510,78
68511,78
68512,78
68513,78
68514,78
68515,78
68516,78
68517,78
68518,78
68519,78
68520,78
68521,78
68522,78
68523,78
68524,78
68525,78
68526,78
68527,78
68528,78
68529,78
68530,78
68531,78
68532,78
68533,78
68534,78
68535,78
68536,78
68537,78
68538,78
68539,78
68540,78
68541,78
68542,78
68543,78
68544,78
68545,78
68546,78
68547,78
68548,78
68549,78
68550,78
68551,78
68552,78
68553,78
68554,78
68555,78
68556,78
68557,78
68558,78
68559,78
68560,78
68561,78
68562,78
68563,78
68564,78
68565,78
68566,78
68567,78
68568,78
68569,78
68570,78
68571,78
68572,78
68573,78
68574,78
68575,78
68576,78
68577,78
68578,78
68579,78
68580,78
68581,78
68582,78
68583,78
68584,78
68585,78
68586,78
68587,78
68588,78
68589,78
68590,78
68591,78
68592,78
68593,78
68594,78
68595,78
68596,78
68597,78
68598,78
68599,78
68600,78
68601,78
68602,78
68603,78
68604,78
68605,78
68606,78
68607,78
68608,78
68609,78
68610,78
68611,78
68612,78
68613,78
68614,78
68615,78
68616,78
68617,78
68618,78
68619,78
68620,78
68621,78
68622,78
68623,78
68624,78
68625,78
68626,78
68627,78
68628,78
68629,78
68630,78
68631,78
68632,78
68633,78
68634,78
68635,78
68636,78
68637,78
68638,78
68639,78
68640,78
68641,78
68642,78
68643,78
68644,78
68645,78
68646,78
68647,78
68648,78
68649,78
68650,78
68651,78
68652,78
68653,78
68654,78
68655,78
68656,78
68657,78
68658,78
68659,78
68660,78
68661,78
68662,78
68663,78
68664,78
68665,78
68666,78
68667,78
68668,78
68669,78
68670,78
68671,78
68672,78
68673,78
68674,78
68675,78
68676,78
68677,78
68678,78
68679,78
68680,78
68681,78
68682,78
68683,78
68684,78
68685,78
68686,78
68687,78
68688,78
68689,78
68690,78
68691,78
68692,78
68693,78
68694,78
68695,78
68696,78
68697,78
68698,78
68699,78
68700,78
68701,78
68702,78
68703,78
68704,78
68705,78
68706,78
68707,78
68708,78
68709,78
68710,78
68711,78
68712,78
68713,78
68714,78
68715,78
68716,78
68717,78
68718,78
68719,78
68720,78
68721,78
68722,78
68723,78
68724,78
68725,78
68726,78
68727,78
68728,78
68729,78
68730,78
68731,78
68732,78
68733,78
68734,78
68735,78
68736,78
68737,78
68738,78
68739,78
68740,78
68741,78
68742,78
68743,78
68744,78
68745,78
68746,78
68747,78
68748,78
68749,78
68750,78
68751,78
68752,78
68753,78
68754,78
68755,78
68756,78
68757,78
68758,78
68759,78
68760,78
68761,78
68762,78
68763,78
68764,78
68765,78
68766,78
68767,78
68768,78
68769,78
68770,78
68771,78
68772,78
68773,78
68774,78
68775,78
68776,78
68777,78
68778,78
68779,78
68780,78
68781,78
68782,78
68783,78
68784,78
68785,78
68786,78
68787,78
68788,78
68789,78
68790,78
68791,78
68792,78
68793,78
68794,78
68795,78
68796,78
68797,78
68798,78
68799,78
68800,78
68801,78
68802,78
68803,78
68804,78
68805,78
68806,78
68807,78
68808,78
68809,78
68810,78
68811,78
68812,78
68813,78
68814,78
68815,78
68816,78
68817,78
68818,78
68819,78
68820,78
68821,78
68822,78
68823,78
68824,78
68825,78
68826,78
68827,78
68828,78
68829,78
68830,78
68831,78
68832,78
68833,78
68834,78
68835,78
68836,78
68837,78
68838,78
68839,78
68840,78
68841,78
68842,78
68843,78
68844,78
68845,78
68846,78
68847,78
68848,78
68849,78
68850,78
68851,78
68852,78
68853,78
68854,78
68855,78
68856,78
68857,78
68858,78
68859,78
68860,78
68861,78
68862,78
68863,78
68864,78
68865,78
68866,78
68867,78
68868,78
68869,78
68870,78
68871,78
68872,78
68873,78
68874,78
68875,78
68876,78
68877,78
68878,78
68879,78
68880,78
68881,78
68882,78
68883,78
68884,78
68885,78
68886,78
68887,78
68888,78
68889,78
68890,78
68891,78
68892,78
68893,78
68894,78
68895,78
68896,78
68897,78
68898,78
68899,78
68900,78
68901,78
68902,78
68903,78
68904,78
68905,78
68906,78
68907,78
68908,78
68909,78
68910,78
68911,78
68912,78
68913,78
68914,78
68915,78
68916,78
68917,78
68918,78
68919,78
68920,78
68921,78
68922,78
68923,78
68924,78
68925,78
68926,78
68927,78
68928,78
68929,78
68930,78
68931,78
68932,78
68933,78
68934,78
68935,78
68936,78
68937,78
68938,78
68939,78
68940,78
68941,78
68942,78
68943,78
68944,78
68945,78
68946,78
68947,78
68948,78
68949,78
68950,78
68951,78
68952,78
68953,78
68954,78
68955,78
68956,78
68957,78
68958,78
68959,78
68960,78
68961,78
68962,78
68963,78
68964,78
68965,78
68966,78
68967,78
68968,78
68969,78
68970,78
68971,78
68972,78
68973,78
68974,78
68975,78
68976,78
68977,78
68978,78
68979,78
68980,78
68981,78
68982,78
68983,78
68984,78
68985,78
68986,78
68987,78
68988,78
68989,78
68990,78
68991,78
68992,78
68993,78
68994,78
68995,78
68996,78
68997,78
68998,78
68999,78
69000,78
69001,78
69002,78
69003,78
69004,78
69005,78
69006,78
69007,78
69008,78
69009,78
69010,78
69011,78
69012,78
69013,78
69014,78
69015,78
69016,78
69017,78
69018,78
69019,78
69020,78
69021,78
69022,78
69023,78
69024,78
69025,78
69026,78
69027,78
69028,78
69029,78
69030,78
69031,78
69032,78
69033,78
69034,78
69035,78
69036,78
69037,78
69038,78
69039,78
69040,78
69041,78
69042,78
69043,78
69044,78
69045,78
69046,78
69047,78
69048,78
69049,78
69050,78
69051,78
69052,78
69053,78
69054,78
69055,78
69056,78
69057,78
69058,78
69059,78
69060,78
69061,78
69062,78
69063,78
69064,78
69065,78
69066,78
69067,78
69068,78
69069,78
69070,78
69071,78
69072,78
69073,78
69074,78
69075,78
69076,78
69077,78
69078,78
69079,78
69080,78
69081,78
69082,78
69083,78
69084,78
69085,78
69086,78
69087,78
69088,78
69089,78
69090,78
69091,78
69092,78
69093,78
69094,78
69095,78
69096,78
69097,78
69098,78
69099,78
69100,78
69101,78
69102,78
69103,78
69104,78
69105,78
69106,78
69107,78
69108,78
69109,78
69110,78
69111,78
69112,78
69113,78
69114,78
69115,78
69116,78
69117,78
69118,78
69119,78
69120,78
69121,78
69122,78
69123,78
69124,78
69125,78
69126,78
69127,78
69128,78
69129,78
69130,78
69131,78
69132,78
69133,78
69134,78
69135,78
69136,78
69137,78
69138,78
69139,78
69140,78
69141,78
69142,78
69143,78
69144,78
69145,78
69146,78
69147,78
69148,78
69149,78
69150,78
69151,78
69152,78
69153,78
69154,78
69155,78
69156,78
69157,78
69158,78
69159,78
69160,78
69161,78
69162,78
69163,78
69164,78
69165,78
69166,78
69167,78
69168,78
69169,78
69170,78
69171,78
69172,78
69173,78
69174,78
69175,78
69176,78
69177,78
69178,78
69179,78
69180,78
69181,78
69182,78
69183,78
69184,78
69185,78
69186,78
69187,78
69188,78
69189,78
69190,78
69191,78
69192,78
69193,78
69194,78
69195,78
69196,78
69197,78
69198,78
69199,78
69200,78
69201,78
69202,78
69203,78
69204,78
69205,78
69206,78
69207,78
69208,78
69209,78
69210,78
69211,78
69212,78
69213,78
69214,78
69215,78
69216,78
69217,78
69218,78
69219,78
69220,78
69221,78
69222,78
69223,78
69224,78
69225,78
69226,78
69227,78
69228,78
69229,78
69230,78
69231,78
69232,78
69233,78
69234,78
69235,78
69236,78
69237,78
69238,78
69239,78
69240,78
69241,78
69242,78
69243,78
69244,78
69245,78
69246,78
69247,78
69248,78
69249,78
69250,78
69251,78
69252,78
69253,78
69254,78
69255,78
69256,78
69257,78
69258,78
69259,78
69260,78
69261,78
69262,78
69263,78
69264,78
69265,78
69266,78
69267,78
69268,78
69269,78
69270,78
69271,78
69272,78
69273,78
69274,78
69275,78
69276,78
69277,78
69278,78
69279,78
69280,78
69281,78
69282,78
69283,78
69284,78
69285,78
69286,78
69287,78
69288,78
69289,78
69290,78
69291,78
69292,78
69293,78
69294,78
69295,78
69296,78
69297,78
69298,78
69299,78
69300,78
69301,78
69302,78
69303,78
69304,78
69305,78
69306,78
69307,78
69308,78
69309,78
69310,78
69311,78
69312,78
69313,78
69314,78
69315,78
69316,78
69317,78
69318,78
69319,78
69320,78
69321,78
69322,78
69323,78
69324,78
69325,78
69326,78
69327,78
69328,78
69329,78
69330,78
69331,78
69332,78
69333,78
69334,78
69335,78
69336,78
69337,78
69338,78
69339,78
69340,78
69341,78
69342,78
69343,78
69344,78
69345,78
69346,78
69347,78
69348,78
69349,78
69350,78
69351,78
69352,78
69353,78
69354,78
69355,78
69356,78
69357,78
69358,78
69359,78
69360,78
69361,78
69362,78
69363,78
69364,78
69365,78
69366,78
69367,78
69368,78
69369,78
69370,78
69371,78
69372,78
69373,78
69374,78
69375,78
69376,78
69377,78
69378,78
69379,78
69380,78
69381,78
69382,78
69383,78
69384,78
69385,78
69386,78
69387,78
69388,78
69389,78
69390,78
69391,78
69392,78
69393,78
69394,78
69395,78
69396,78
69397,78
69398,78
69399,78
69400,78
69401,78
69402,78
69403,78
69404,78
69405,78
69406,78
69407,78
69408,78
69409,78
69410,78
69411,78
69412,78
69413,78
69414,78
69415,78
69416,78
69417,78
69418,78
69419,78
69420,78
69421,78
69422,78
69423,78
69424,78
69425,78
69426,78
69427,78
69428,78
69429,78
69430,78
69431,78
69432,78
69433,78
69434,78
69435,78
69436,78
69437,78
69438,78
69439,78
69440,78
69441,78
69442,78
69443,78
69444,78
69445,78
69446,78
69447,78
69448,78
69449,78
69450,78
69451,78
69452,78
69453,78
69454,78
69455,78
69456,78
69457,78
69458,78
69459,78
69460,78
69461,78
69462,78
69463,78
69464,78
69465,78
69466,78
69467,78
69468,78
69469,78
69470,78
69471,78
69472,78
69473,78
69474,78
69475,78
69476,78
69477,78
69478,78
69479,78
69480,78
69481,78
69482,78
69483,78
69484,78
69485,78
69486,78
69487,78
69488,78
69489,78
69490,78
69491,78
69492,78
69493,78
69494,78
69495,78
69496,78
69497,78
69498,78
69499,78
69500,78
69501,78
69502,78
69503,78
69504,78
69505,78
69506,78
69507,78
69508,78
69509,78
69510,78
69511,78
69512,78
69513,78
69514,78
69515,78
69516,78
69517,78
69518,78
69519,78
69520,78
69521,78
69522,78
69523,78
69524,78
69525,78
69526,78
69527,78
69528,78
69529,78
69530,78
69531,78
69532,78
69533,78
69534,78
69535,78
69536,78
69537,78
69538,78
69539,78
69540,78
69541,78
69542,78
69543,78
69544,78
69545,78
69546,78
69547,78
69548,78
69549,78
69550,78
69551,78
69552,78
69553,78
69554,78
69555,78
69556,78
69557,78
69558,78
69559,78
69560,78
69561,78
69562,78
69563,78
69564,78
69565,78
69566,78
69567,78
69568,78
69569,78
69570,78
69571,78
69572,78
69573,78
69574,78
69575,78
69576,78
69577,78
69578,78
69579,78
69580,78
69581,78
69582,78
69583,78
69584,78
69585,78
69586,78
69587,78
69588,78
69589,78
69590,78
69591,78
69592,78
69593,78
69594,78
69595,78
69596,78
69597,78
69598,78
69599,78
69600,78
69601,78
69602,78
69603,78
69604,78
69605,78
69606,78
69607,78
69608,78
69609,78
69610,78
69611,78
69612,78
69613,78
69614,78
69615,78
69616,78
69617,78
69618,78
69619,78
69620,78
69621,78
69622,78
69623,78
69624,78
69625,78
69626,78
69627,78
69628,78
69629,78
69630,78
69631,78
69632,78
69633,78
69634,78
69635,78
69636,78
69637,78
69638,78
69639,78
69640,78
69641,78
69642,78
69643,78
69644,78
69645,78
69646,78
69647,78
69648,78
69649,78
69650,78
69651,78
69652,78
69653,78
69654,78
69655,78
69656,78
69657,78
69658,78
69659,78
69660,78
69661,78
69662,78
69663,78
69664,78
69665,78
69666,78
69667,78
69668,78
69669,78
69670,78
69671,78
69672,78
69673,78
69674,78
69675,78
69676,78
69677,78
69678,78
69679,78
69680,78
69681,78
69682,78
69683,78
69684,78
69685,78
69686,78
69687,78
69688,78
69689,78
69690,78
69691,78
69692,78
69693,78
69694,78
69695,78
69696,78
69697,78
69698,78
69699,78
69700,78
69701,78
69702,78
69703,78
69704,78
69705,78
69706,78
69707,78
69708,78
69709,78
69710,78
69711,78
69712,78
69713,78
69714,78
69715,78
69716,78
69717,78
69718,78
69719,78
69720,78
69721,78
69722,78
69723,78
69724,78
69725,78
69726,78
69727,78
69728,78
69729,78
69730,78
69731,78
69732,78
69733,78
69734,78
69735,78
69736,78
69737,78
69738,78
69739,78
69740,78
69741,78
69742,78
69743,78
69744,78
69745,78
69746,78
69747,78
69748,78
69749,78
69750,78
69751,78
69752,78
69753,78
69754,78
69755,78
69756,78
69757,78
69758,78
69759,78
69760,78
69761,78
69762,78
69763,78
69764,78
69765,78
69766,78
69767,78
69768,78
69769,78
69770,78
69771,78
69772,78
69773,78
69774,78
69775,78
69776,78
69777,78
69778,78
69779,78
69780,78
69781,78
69782,78
69783,78
69784,78
69785,78
69786,78
69787,78
69788,78
69789,78
69790,78
69791,78
69792,78
69793,78
69794,78
69795,78
69796,78
69797,78
69798,78
69799,78
69800,78
69801,78
69802,78
69803,78
69804,78
69805,78
69806,78
69807,78
69808,78
69809,78
69810,78
69811,78
69812,78
69813,78
69814,78
69815,78
69816,78
69817,78
69818,78
69819,78
69820,78
69821,78
69822,78
69823,78
69824,78
69825,78
69826,78
69827,78
69828,78
69829,78
69830,78
69831,78
69832,78
69833,78
69834,78
69835,78
69836,78
69837,78
69838,78
69839,78
69840,78
69841,78
69842,78
69843,78
69844,78
69845,78
69846,78
69847,78
69848,78
69849,78
69850,78
69851,78
69852,78
69853,78
69854,78
69855,78
69856,78
69857,78
69858,78
69859,78
69860,78
69861,78
69862,78
69863,78
69864,78
69865,78
69866,78
69867,78
69868,78
69869,78
69870,78
69871,78
69872,78
69873,78
69874,78
69875,78
69876,78
69877,78
69878,78
69879,78
69880,78
69881,78
69882,78
69883,78
69884,78
69885,78
69886,78
69887,78
69888,78
69889,78
69890,78
69891,78
69892,78
69893,78
69894,78
69895,78
69896,78
69897,78
69898,78
69899,78
69900,78
69901,78
69902,78
69903,78
69904,78
69905,78
69906,78
69907,78
69908,78
69909,78
69910,78
69911,78
69912,78
69913,78
69914,78
69915,78
69916,78
69917,78
69918,78
69919,78
69920,78
69921,78
69922,78
69923,78
69924,78
69925,78
69926,78
69927,78
69928,78
69929,78
69930,78
69931,78
69932,78
69933,78
69934,78
69935,78
69936,78
69937,78
69938,78
69939,78
69940,78
69941,78
69942,78
69943,78
69944,78
69945,78
69946,78
69947,78
69948,78
69949,78
69950,78
69951,78
69952,78
69953,78
69954,78
69955,78
69956,78
69957,78
69958,78
69959,78
69960,78
69961,78
69962,78
69963,78
69964,78
69965,78
69966,78
69967,78
69968,78
69969,78
69970,78
69971,78
69972,78
69973,78
69974,78
69975,78
69976,78
69977,78
69978,78
69979,78
69980,78
69981,78
69982,78
69983,78
69984,78
69985,78
69986,78
69987,78
69988,78
69989,78
69990,78
69991,78
69992,78
69993,78
69994,78
69995,78
69996,78
69997,78
69998,78
69999,78
70000,78
70001,78
70002,78
70003,78
70004,78
70005,78
70006,78
70007,78
70008,78
70009,78
70010,78
70011,78
70012,78
70013,78
70014,78
70015,78
70016,78
70017,78
70018,78
70019,78
70020,78
70021,78
70022,78
70023,78
70024,78
70025,78
70026,78
70027,78
70028,78
70029,78
70030,78
70031,78
70032,78
70033,78
70034,78
70035,78
70036,78
70037,78
70038,78
70039,78
70040,78
70041,78
70042,78
70043,78
70044,78
70045,78
70046,78
70047,78
70048,78
70049,78
70050,78
70051,78
70052,78
70053,78
70054,78
70055,78
70056,78
70057,78
70058,78
70059,78
70060,78
70061,78
70062,78
70063,78
70064,78
70065,78
70066,78
70067,78
70068,78
70069,78
70070,78
70071,78
70072,78
70073,78
70074,78
70075,78
70076,78
70077,78
70078,78
70079,78
70080,78
70081,78
70082,78
70083,78
70084,78
70085,78
70086,78
70087,78
70088,78
70089,78
70090,78
70091,78
70092,78
70093,78
70094,78
70095,78
70096,78
70097,78
70098,78
70099,78
70100,78
70101,78
70102,78
70103,78
70104,78
70105,78
70106,78
70107,78
70108,78
70109,78
70110,78
70111,78
70112,78
70113,78
70114,78
70115,78
70116,78
70117,78
70118,78
70119,78
70120,78
70121,78
70122,78
70123,78
70124,78
70125,78
70126,78
70127,78
70128,78
70129,78
70130,78
70131,78
70132,78
70133,78
70134,78
70135,78
70136,78
70137,78
70138,78
70139,78
70140,78
70141,78
70142,78
70143,78
70144,78
70145,78
70146,78
70147,78
70148,78
70149,78
70150,78
70151,78
70152,78
70153,78
70154,78
70155,78
70156,78
70157,78
70158,78
70159,78
70160,78
70161,78
70162,78
70163,78
70164,78
70165,78
70166,78
70167,78
70168,78
70169,78
70170,78
70171,78
70172,78
70173,78
70174,78
70175,78
70176,78
70177,78
70178,78
70179,78
70180,78
70181,78
70182,78
70183,78
70184,78
70185,78
70186,78
70187,78
70188,78
70189,78
70190,78
70191,78
70192,78
70193,78
70194,78
70195,78
70196,78
70197,78
70198,78
70199,78
70200,78
70201,78
70202,78
70203,78
70204,78
70205,78
70206,78
70207,78
70208,78
70209,78
70210,78
70211,78
70212,78
70213,78
70214,78
70215,78
70216,78
70217,78
70218,78
70219,78
70220,78
70221,78
70222,78
70223,78
70224,78
70225,78
70226,78
70227,78
70228,78
70229,78
70230,78
70231,78
70232,78
70233,78
70234,78
70235,78
70236,78
70237,78
70238,78
70239,78
70240,78
70241,78
70242,78
70243,78
70244,78
70245,78
70246,78
70247,78
70248,78
70249,78
70250,78
70251,78
70252,78
70253,78
70254,78
70255,78
70256,78
70257,78
70258,78
70259,78
70260,78
70261,78
70262,78
70263,78
70264,78
70265,78
70266,78
70267,78
70268,78
70269,78
70270,78
70271,78
70272,78
70273,78
70274,78
70275,78
70276,78
70277,78
70278,78
70279,78
70280,78
70281,78
70282,78
70283,78
70284,78
70285,78
70286,78
70287,78
70288,78
70289,78
70290,78
70291,78
70292,78
70293,78
70294,78
70295,78
70296,78
70297,78
70298,78
70299,78
70300,78
70301,78
70302,78
70303,78
70304,78
70305,78
70306,78
70307,78
70308,78
70309,78
70310,78
70311,78
70312,78
70313,78
70314,78
70315,78
70316,78
70317,78
70318,78
70319,78
70320,78
70321,78
70322,78
70323,78
70324,78
70325,78
70326,78
70327,78
70328,78
70329,78
70330,78
70331,78
70332,78
70333,78
70334,78
70335,78
70336,78
70337,78
70338,78
70339,78
70340,78
70341,78
70342,78
70343,78
70344,78
70345,78
70346,78
70347,78
70348,78
70349,78
70350,78
70351,78
70352,78
70353,78
70354,78
70355,78
70356,78
70357,78
70358,78
70359,78
70360,78
70361,78
70362,78
70363,78
70364,78
70365,78
70366,78
70367,78
70368,78
70369,78
70370,78
70371,78
70372,78
70373,78
70374,78
70375,78
70376,78
70377,78
70378,78
70379,78
70380,78
70381,78
70382,78
70383,78
70384,78
70385,78
70386,78
70387,78
70388,78
70389,78
70390,78
70391,78
70392,78
70393,78
70394,78
70395,78
70396,78
70397,78
70398,78
70399,78
70400,78
70401,78
70402,78
70403,78
70404,78
70405,78
70406,78
70407,78
70408,78
70409,78
70410,78
70411,78
70412,78
70413,78
70414,78
70415,78
70416,78
70417,78
70418,78
70419,78
70420,78
70421,78
70422,78
70423,78
70424,78
70425,78
70426,78
70427,78
70428,78
70429,78
70430,78
70431,78
70432,78
70433,78
70434,78
70435,78
70436,78
70437,78
70438,78
70439,78
70440,78
70441,78
70442,78
70443,78
70444,78
70445,78
70446,78
70447,78
70448,78
70449,78
70450,78
70451,78
70452,78
70453,78
70454,78
70455,78
70456,78
70457,78
70458,78
70459,78
70460,78
70461,78
70462,78
70463,78
70464,78
70465,78
70466,78
70467,78
70468,78
70469,78
70470,78
70471,78
70472,78
70473,78
70474,78
70475,78
70476,78
70477,78
70478,78
70479,78
70480,78
70481,78
70482,78
70483,78
70484,78
70485,78
70486,78
70487,78
70488,78
70489,78
70490,78
70491,78
70492,78
70493,78
70494,78
70495,78
70496,78
70497,78
70498,78
70499,78
70500,78
70501,78
70502,78
70503,78
70504,78
70505,78
70506,78
70507,78
70508,78
70509,78
70510,78
70511,78
70512,78
70513,78
70514,78
70515,78
70516,78
70517,78
70518,78
70519,78
70520,78
70521,78
70522,78
70523,78
70524,78
70525,78
70526,78
70527,78
70528,78
70529,78
70530,78
70531,78
70532,78
70533,78
70534,78
70535,78
70536,78
70537,78
70538,78
70539,78
70540,78
70541,78
70542,78
70543,78
70544,78
70545,78
70546,78
70547,78
70548,78
70549,78
70550,78
70551,78
70552,78
70553,78
70554,78
70555,78
70556,78
70557,78
70558,78
70559,78
70560,78
70561,78
70562,78
70563,78
70564,78
70565,78
70566,78
70567,78
70568,78
70569,78
70570,78
70571,78
70572,78
70573,78
70574,78
70575,78
70576,78
70577,78
70578,78
70579,78
70580,78
70581,78
70582,78
70583,78
70584,78
70585,78
70586,78
70587,78
70588,78
70589,78
70590,78
70591,78
70592,78
70593,78
70594,78
70595,78
70596,78
70597,78
70598,78
70599,78
70600,78
70601,78
70602,78
70603,78
70604,78
70605,78
70606,78
70607,78
70608,78
70609,78
70610,78
70611,78
70612,78
70613,78
70614,78
70615,78
70616,78
70617,78
70618,78
70619,78
70620,78
70621,78
70622,78
70623,78
70624,78
70625,78
70626,78
70627,78
70628,78
70629,78
70630,78
70631,78
70632,78
70633,78
70634,78
70635,78
70636,78
70637,78
70638,78
70639,78
70640,78
70641,78
70642,78
70643,78
70644,78
70645,78
70646,78
70647,78
70648,78
70649,78
70650,78
70651,78
70652,78
70653,78
70654,78
70655,78
70656,78
70657,78
70658,78
70659,78
70660,78
70661,78
70662,78
70663,78
70664,78
70665,78
70666,78
70667,78
70668,78
70669,78
70670,78
70671,78
70672,78
70673,78
70674,78
70675,78
70676,78
70677,78
70678,78
70679,78
70680,78
70681,78
70682,78
70683,78
70684,78
70685,78
70686,78
70687,78
70688,78
70689,78
70690,78
70691,78
70692,78
70693,78
70694,78
70695,78
70696,78
70697,78
70698,78
70699,78
70700,78
70701,78
70702,78
70703,78
70704,78
70705,78
70706,78
70707,78
70708,78
70709,78
70710,78
70711,78
70712,78
70713,78
70714,78
70715,78
70716,78
70717,78
70718,78
70719,78
70720,78
70721,78
70722,78
70723,78
70724,78
70725,78
70726,78
70727,78
70728,78
70729,78
70730,78
70731,78
70732,78
70733,78
70734,78
70735,78
70736,78
70737,78
70738,78
70739,78
70740,78
70741,78
70742,78
70743,78
70744,78
70745,78
70746,78
70747,78
70748,78
70749,78
70750,78
70751,78
70752,78
70753,78
70754,78
70755,78
70756,78
70757,78
70758,78
70759,78
70760,78
70761,78
70762,78
70763,78
70764,78
70765,78
70766,78
70767,78
70768,78
70769,78
70770,78
70771,78
70772,78
70773,78
70774,78
70775,78
70776,78
70777,78
70778,78
70779,78
70780,78
70781,78
70782,78
70783,78
70784,78
70785,78
70786,78
70787,78
70788,78
70789,78
70790,78
70791,78
70792,78
70793,78
70794,78
70795,78
70796,78
70797,78
70798,78
70799,78
70800,78
70801,78
70802,78
70803,78
70804,78
70805,78
70806,78
70807,78
70808,78
70809,78
70810,78
70811,78
70812,78
70813,78
70814,78
70815,78
70816,78
70817,78
70818,78
70819,78
70820,78
70821,78
70822,78
70823,78
70824,78
70825,78
70826,78
70827,78
70828,78
70829,78
70830,78
70831,78
70832,78
70833,78
70834,78
70835,78
70836,78
70837,78
70838,78
70839,78
70840,78
70841,78
70842,78
70843,78
70844,78
70845,78
70846,78
70847,78
70848,78
70849,78
70850,78
70851,78
70852,78
70853,78
70854,78
70855,78
70856,78
70857,78
70858,78
70859,78
70860,78
70861,78
70862,78
70863,78
70864,78
70865,78
70866,78
70867,78
70868,78
70869,78
70870,78
70871,78
70872,78
70873,78
70874,78
70875,78
70876,78
70877,78
70878,78
70879,78
70880,78
70881,78
70882,78
70883,78
70884,78
70885,78
70886,78
70887,78
70888,78
70889,78
70890,78
70891,78
70892,78
70893,78
70894,78
70895,78
70896,78
70897,78
70898,78
70899,78
70900,78
70901,78
70902,78
70903,78
70904,78
70905,78
70906,78
70907,78
70908,78
70909,78
70910,78
70911,78
70912,78
70913,78
70914,78
70915,78
70916,78
70917,78
70918,78
70919,78
70920,78
70921,78
70922,78
70923,78
70924,78
70925,78
70926,78
70927,78
70928,78
70929,78
70930,78
70931,78
70932,78
70933,78
70934,78
70935,78
70936,78
70937,78
70938,78
70939,78
70940,78
70941,78
70942,78
70943,78
70944,78
70945,78
70946,78
70947,78
70948,78
70949,78
70950,78
70951,78
70952,78
70953,78
70954,78
70955,78
70956,78
70957,78
70958,78
70959,78
70960,78
70961,78
70962,78
70963,78
70964,78
70965,78
70966,78
70967,78
70968,78
70969,78
70970,78
70971,78
70972,78
70973,78
70974,78
70975,78
70976,78
70977,78
70978,78
70979,78
70980,78
70981,78
70982,78
70983,78
70984,78
70985,78
70986,78
70987,78
70988,78
70989,78
70990,78
70991,78
70992,78
70993,78
70994,78
70995,78
70996,78
70997,78
70998,78
70999,78
71000,78
71001,78
71002,78
71003,78
71004,78
71005,78
71006,78
71007,78
71008,78
71009,78
71010,78
71011,78
71012,78
71013,78
71014,78
71015,78
71016,78
71017,78
71018,78
71019,78
71020,78
71021,78
71022,78
71023,78
71024,78
71025,78
71026,78
71027,78
71028,78
71029,78
71030,78
71031,78
71032,78
71033,78
71034,78
71035,78
71036,78
71037,78
71038,78
71039,78
71040,78
71041,78
71042,78
71043,78
71044,78
71045,78
71046,78
71047,78
71048,78
71049,78
71050,78
71051,78
71052,78
71053,78
71054,78
71055,78
71056,78
71057,78
71058,78
71059,78
71060,78
71061,78
71062,78
71063,78
71064,78
71065,78
71066,78
71067,78
71068,78
71069,78
71070,78
71071,78
71072,78
71073,78
71074,78
71075,78
71076,78
71077,78
71078,78
71079,78
71080,78
71081,78
71082,78
71083,78
71084,78
71085,78
71086,78
71087,78
71088,78
71089,78
71090,78
71091,78
71092,78
71093,78
71094,78
71095,78
71096,78
71097,78
71098,78
71099,78
71100,78
71101,78
71102,78
71103,78
71104,78
71105,78
71106,78
71107,78
71108,78
71109,78
71110,78
71111,78
71112,78
71113,78
71114,78
71115,78
71116,78
71117,78
71118,78
71119,78
71120,78
71121,78
71122,78
71123,78
71124,78
71125,78
71126,78
71127,78
71128,78
71129,78
71130,78
71131,78
71132,78
71133,78
71134,78
71135,78
71136,78
71137,78
71138,78
71139,78
71140,78
71141,78
71142,78
71143,78
71144,78
71145,78
71146,78
71147,78
71148,78
71149,78
71150,78
71151,78
71152,78
71153,78
71154,78
71155,78
71156,78
71157,78
71158,78
71159,78
71160,78
71161,78
71162,78
71163,78
71164,78
71165,78
71166,78
71167,78
71168,78
71169,78
71170,78
71171,78
71172,78
71173,78
71174,78
71175,78
71176,78
71177,78
71178,78
71179,78
71180,78
71181,78
71182,78
71183,78
71184,78
71185,78
71186,78
71187,78
71188,78
71189,78
71190,78
71191,78
71192,78
71193,78
71194,78
71195,78
71196,78
71197,78
71198,78
71199,78
71200,78
71201,78
71202,78
71203,78
71204,78
71205,78
71206,78
71207,78
71208,78
71209,78
71210,78
71211,78
71212,78
71213,78
71214,78
71215,78
71216,78
71217,78
71218,78
71219,78
71220,78
71221,78
71222,78
71223,78
71224,78
71225,78
71226,78
71227,78
71228,78
71229,78
71230,78
71231,78
71232,78
71233,78
71234,78
71235,78
71236,78
71237,78
71238,78
71239,78
71240,78
71241,78
71242,78
71243,78
71244,78
71245,78
71246,78
71247,78
71248,78
71249,78
71250,78
71251,78
71252,78
71253,78
71254,78
71255,78
71256,78
71257,78
71258,78
71259,78
71260,78
71261,78
71262,78
71263,78
71264,78
71265,78
71266,78
71267,78
71268,78
71269,78
71270,78
71271,78
71272,78
71273,78
71274,78
71275,78
71276,78
71277,78
71278,78
71279,78
71280,78
71281,78
71282,78
71283,78
71284,78
71285,78
71286,78
71287,78
71288,78
71289,78
71290,78
71291,78
71292,78
71293,78
71294,78
71295,78
71296,78
71297,78
71298,78
71299,78
71300,78
71301,78
71302,78
71303,78
71304,78
71305,78
71306,78
71307,78
71308,78
71309,78
71310,78
71311,78
71312,78
71313,78
71314,78
71315,78
71316,78
71317,78
71318,78
71319,78
71320,78
71321,78
71322,78
71323,78
71324,78
71325,78
71326,78
71327,78
71328,78
71329,78
71330,78
71331,78
71332,78
71333,78
71334,78
71335,78
71336,78
71337,78
71338,78
71339,78
71340,78
71341,78
71342,78
71343,78
71344,78
71345,78
71346,78
71347,78
71348,78
71349,78
71350,78
71351,78
71352,78
71353,78
71354,78
71355,78
71356,78
71357,78
71358,78
71359,78
71360,78
71361,78
71362,78
71363,78
71364,78
71365,78
71366,78
71367,78
71368,78
71369,78
71370,78
71371,78
71372,78
71373,78
71374,78
71375,78
71376,78
71377,78
71378,78
71379,78
71380,78
71381,78
71382,78
71383,78
71384,78
71385,78
71386,78
71387,78
71388,78
71389,78
71390,78
71391,78
71392,78
71393,78
71394,78
71395,78
71396,78
71397,78
71398,78
71399,78
71400,78
71401,78
71402,78
71403,78
71404,78
71405,78
71406,78
71407,78
71408,78
71409,78
71410,78
71411,78
71412,78
71413,78
71414,78
71415,78
71416,78
71417,78
71418,78
71419,78
71420,78
71421,78
71422,78
71423,78
71424,78
71425,78
71426,78
71427,78
71428,78
71429,78
71430,78
71431,78
71432,78
71433,78
71434,78
71435,78
71436,78
71437,78
71438,78
71439,78
71440,78
71441,78
71442,78
71443,78
71444,78
71445,78
71446,78
71447,78
71448,78
71449,78
71450,78
71451,78
71452,78
71453,78
71454,78
71455,78
71456,78
71457,78
71458,78
71459,78
71460,78
71461,78
71462,78
71463,78
71464,78
71465,78
71466,78
71467,78
71468,78
71469,78
71470,78
71471,78
71472,78
71473,78
71474,78
71475,78
71476,78
71477,78
71478,78
71479,78
71480,78
71481,78
71482,78
71483,78
71484,78
71485,78
71486,78
71487,78
71488,78
71489,78
71490,78
71491,78
71492,78
71493,78
71494,78
71495,78
71496,78
71497,78
71498,78
71499,78
71500,78
71501,78
71502,78
71503,78
71504,78
71505,78
71506,78
71507,78
71508,78
71509,78
71510,78
71511,78
71512,78
71513,78
71514,78
71515,78
71516,78
71517,78
71518,78
71519,78
71520,78
71521,78
71522,78
71523,78
71524,78
71525,78
71526,78
71527,78
71528,78
71529,78
71530,78
71531,78
71532,78
71533,78
71534,78
71535,78
71536,78
71537,78
71538,78
71539,78
71540,78
71541,78
71542,78
71543,78
71544,78
71545,78
71546,78
71547,78
71548,78
71549,78
71550,78
71551,78
71552,78
71553,78
71554,78
71555,78
71556,78
71557,78
71558,78
71559,78
71560,78
71561,78
71562,78
71563,78
71564,78
71565,78
71566,78
71567,78
71568,78
71569,78
71570,78
71571,78
71572,78
71573,78
71574,78
71575,78
71576,78
71577,78
71578,78
71579,78
71580,78
71581,78
71582,78
71583,78
71584,78
71585,78
71586,78
71587,78
71588,78
71589,78
71590,78
71591,78
71592,78
71593,78
71594,78
71595,78
71596,78
71597,78
71598,78
71599,78
71600,78
71601,78
71602,78
71603,78
71604,78
71605,78
71606,78
71607,78
71608,78
71609,78
71610,78
71611,78
71612,78
71613,78
71614,78
71615,78
71616,78
71617,78
71618,78
71619,78
71620,78
71621,78
71622,78
71623,78
71624,78
71625,78
71626,78
71627,78
71628,78
71629,78
71630,78
71631,78
71632,78
71633,78
71634,78
71635,78
71636,78
71637,78
71638,78
71639,78
71640,78
71641,78
71642,78
71643,78
71644,78
71645,78
71646,78
71647,78
71648,78
71649,78
71650,78
71651,78
71652,78
71653,78
71654,78
71655,78
71656,78
71657,78
71658,78
71659,78
71660,78
71661,78
71662,78
71663,78
71664,78
71665,78
71666,78
71667,78
71668,78
71669,78
71670,78
71671,78
71672,78
71673,78
71674,78
71675,78
71676,78
71677,78
71678,78
71679,78
71680,78
71681,78
71682,78
71683,78
71684,78
71685,78
71686,78
71687,78
71688,78
71689,78
71690,78
71691,78
71692,78
71693,78
71694,78
71695,78
71696,78
71697,78
71698,78
71699,78
71700,78
71701,78
71702,78
71703,78
71704,78
71705,78
71706,78
71707,78
71708,78
71709,78
71710,78
71711,78
71712,78
71713,78
71714,78
71715,78
71716,78
71717,78
71718,78
71719,78
71720,78
71721,78
71722,78
71723,78
71724,78
71725,78
71726,78
71727,78
71728,78
71729,78
71730,78
71731,78
71732,78
71733,78
71734,78
71735,78
71736,78
71737,78
71738,78
71739,78
71740,78
71741,78
71742,78
71743,78
71744,78
71745,78
71746,78
71747,78
71748,78
71749,78
71750,78
71751,78
71752,78
71753,78
71754,78
71755,78
71756,78
71757,78
71758,78
71759,78
71760,78
71761,78
71762,78
71763,78
71764,78
71765,78
71766,78
71767,78
71768,78
71769,78
71770,78
71771,78
71772,78
71773,78
71774,78
71775,78
71776,78
71777,78
71778,78
71779,78
71780,78
71781,78
71782,78
71783,78
71784,78
71785,78
71786,78
71787,78
71788,78
71789,78
71790,78
71791,78
71792,78
71793,78
71794,78
71795,78
71796,78
71797,78
71798,78
71799,78
71800,78
71801,78
71802,78
71803,78
71804,78
71805,78
71806,78
71807,78
71808,78
71809,78
71810,78
71811,78
71812,78
71813,78
71814,78
71815,78
71816,78
71817,78
71818,78
71819,78
71820,78
71821,78
71822,78
71823,78
71824,78
71825,78
71826,78
71827,78
71828,78
71829,78
71830,78
71831,78
71832,78
71833,78
71834,78
71835,78
71836,78
71837,78
71838,78
71839,78
71840,78
71841,78
71842,78
71843,78
71844,78
71845,78
71846,78
71847,78
71848,78
71849,78
71850,78
71851,78
71852,78
71853,78
71854,78
71855,78
71856,78
71857,78
71858,78
71859,78
71860,78
71861,78
71862,78
71863,78
71864,78
71865,78
71866,78
71867,78
71868,78
71869,78
71870,78
71871,78
71872,78
71873,78
71874,78
71875,78
71876,78
71877,78
71878,78
71879,78
71880,78
71881,78
71882,78
71883,78
71884,78
71885,78
71886,78
71887,78
71888,78
71889,78
71890,78
71891,78
71892,78
71893,78
71894,78
71895,78
71896,78
71897,78
71898,78
71899,78
71900,78
71901,78
71902,78
71903,78
71904,78
71905,78
71906,78
71907,78
71908,78
71909,78
71910,78
71911,78
71912,78
71913,78
71914,78
71915,78
71916,78
71917,78
71918,78
71919,78
71920,78
71921,78
71922,78
71923,78
71924,78
71925,78
71926,78
71927,78
71928,78
71929,78
71930,78
71931,78
71932,78
71933,78
71934,78
71935,78
71936,78
71937,78
71938,78
71939,78
71940,78
71941,78
71942,78
71943,78
71944,78
71945,78
71946,78
71947,78
71948,78
71949,78
71950,78
71951,78
71952,78
71953,78
71954,78
71955,78
71956,78
71957,78
71958,78
71959,78
71960,78
71961,78
71962,78
71963,78
71964,78
71965,78
71966,78
71967,78
71968,78
71969,78
71970,78
71971,78
71972,78
71973,78
71974,78
71975,78
71976,78
71977,78
71978,78
71979,78
71980,78
71981,78
71982,78
71983,78
71984,78
71985,78
71986,78
71987,78
71988,78
71989,78
71990,78
71991,78
71992,78
71993,78
71994,78
71995,78
71996,78
71997,78
71998,78
71999,78
72000,78
72001,78
72002,78
72003,78
72004,78
72005,78
72006,78
72007,78
72008,78
72009,78
72010,78
72011,78
72012,78
72013,78
72014,78
72015,78
72016,78
72017,78
72018,78
72019,78
72020,78
72021,78
72022,78
72023,78
72024,78
72025,78
72026,78
72027,78
72028,78
72029,78
72030,78
72031,78
72032,78
72033,78
72034,78
72035,78
72036,78
72037,78
72038,78
72039,78
72040,78
72041,78
72042,78
72043,78
72044,78
72045,78
72046,78
72047,78
72048,78
72049,78
72050,78
72051,78
72052,78
72053,78
72054,78
72055,78
72056,78
72057,78
72058,78
72059,78
72060,78
72061,78
72062,78
72063,78
72064,78
72065,78
72066,78
72067,78
72068,78
72069,78
72070,78
72071,78
72072,78
72073,78
72074,78
72075,78
72076,78
72077,78
72078,78
72079,78
72080,78
72081,78
72082,78
72083,78
72084,78
72085,78
72086,78
72087,78
72088,78
72089,78
72090,78
72091,78
72092,78
72093,78
72094,78
72095,78
72096,78
72097,78
72098,78
72099,78
72100,78
72101,78
72102,78
72103,78
72104,78
72105,78
72106,78
72107,78
72108,78
72109,78
72110,78
72111,78
72112,78
72113,78
72114,78
72115,78
72116,78
72117,78
72118,78
72119,78
72120,78
72121,78
72122,78
72123,78
72124,78
72125,78
72126,78
72127,78
72128,78
72129,78
72130,78
72131,78
72132,78
72133,78
72134,78
72135,78
72136,78
72137,78
72138,78
72139,78
72140,78
72141,78
72142,78
72143,78
72144,78
72145,78
72146,78
72147,78
72148,78
72149,78
72150,78
72151,78
72152,78
72153,78
72154,78
72155,78
72156,78
72157,78
72158,78
72159,78
72160,78
72161,78
72162,78
72163,78
72164,78
72165,78
72166,78
72167,78
72168,78
72169,78
72170,78
72171,78
72172,78
72173,78
72174,78
72175,78
72176,78
72177,78
72178,78
72179,78
72180,78
72181,78
72182,78
72183,78
72184,78
72185,78
72186,78
72187,78
72188,78
72189,78
72190,78
72191,78
72192,78
72193,78
72194,78
72195,78
72196,78
72197,78
72198,78
72199,78
72200,78
72201,78
72202,78
72203,78
72204,78
72205,78
72206,78
72207,78
72208,78
72209,78
72210,78
72211,78
72212,78
72213,78
72214,78
72215,78
72216,78
72217,78
72218,78
72219,78
72220,78
72221,78
72222,78
72223,78
72224,78
72225,78
72226,78
72227,78
72228,78
72229,78
72230,78
72231,78
72232,78
72233,78
72234,78
72235,78
72236,78
72237,78
72238,78
72239,78
72240,78
72241,78
72242,78
72243,78
72244,78
72245,78
72246,78
72247,78
72248,78
72249,78
72250,78
72251,78
72252,78
72253,78
72254,78
72255,78
72256,78
72257,78
72258,78
72259,78
72260,78
72261,78
72262,78
72263,78
72264,78
72265,78
72266,78
72267,78
72268,78
72269,78
72270,78
72271,78
72272,78
72273,78
72274,78
72275,78
72276,78
72277,78
72278,78
72279,78
72280,78
72281,78
72282,78
72283,78
72284,78
72285,78
72286,78
72287,78
72288,78
72289,78
72290,78
72291,78
72292,78
72293,78
72294,78
72295,78
72296,78
72297,78
72298,78
72299,78
72300,78
72301,78
72302,78
72303,78
72304,78
72305,78
72306,78
72307,78
72308,78
72309,78
72310,78
72311,78
72312,78
72313,78
72314,78
72315,78
72316,78
72317,78
72318,78
72319,78
72320,78
72321,78
72322,78
72323,78
72324,78
72325,78
72326,78
72327,78
72328,78
72329,78
72330,78
72331,78
72332,78
72333,78
72334,78
72335,78
72336,78
72337,78
72338,78
72339,78
72340,78
72341,78
72342,78
72343,78
72344,78
72345,78
72346,78
72347,78
72348,78
72349,78
72350,78
72351,78
72352,78
72353,78
72354,78
72355,78
72356,78
72357,78
72358,78
72359,78
72360,78
72361,78
72362,78
72363,78
72364,78
72365,78
72366,78
72367,78
72368,78
72369,78
72370,78
72371,78
72372,78
72373,78
72374,78
72375,78
72376,78
72377,78
72378,78
72379,78
72380,78
72381,78
72382,78
72383,78
72384,78
72385,78
72386,78
72387,78
72388,78
72389,78
72390,78
72391,78
72392,78
72393,78
72394,78
72395,78
72396,78
72397,78
72398,78
72399,78
72400,78
72401,78
72402,78
72403,78
72404,78
72405,78
72406,78
72407,78
72408,78
72409,78
72410,78
72411,78
72412,78
72413,78
72414,78
72415,78
72416,78
72417,78
72418,78
72419,78
72420,78
72421,78
72422,78
72423,78
72424,78
72425,78
72426,78
72427,78
72428,78
72429,78
72430,78
72431,78
72432,78
72433,78
72434,78
72435,78
72436,78
72437,78
72438,78
72439,78
72440,78
72441,78
72442,78
72443,78
72444,78
72445,78
72446,78
72447,78
72448,78
72449,78
72450,78
72451,78
72452,78
72453,78
72454,78
72455,78
72456,78
72457,78
72458,78
72459,78
72460,78
72461,78
72462,78
72463,78
72464,78
72465,78
72466,78
72467,78
72468,78
72469,78
72470,78
72471,78
72472,78
72473,78
72474,78
72475,78
72476,78
72477,78
72478,78
72479,78
72480,78
72481,78
72482,78
72483,78
72484,78
72485,78
72486,78
72487,78
72488,78
72489,78
72490,78
72491,78
72492,78
72493,78
72494,78
72495,78
72496,78
72497,78
72498,78
72499,78
72500,78
72501,78
72502,78
72503,78
72504,78
72505,78
72506,78
72507,78
72508,78
72509,78
72510,78
72511,78
72512,78
72513,78
72514,78
72515,78
72516,78
72517,78
72518,78
72519,78
72520,78
72521,78
72522,78
72523,78
72524,78
72525,78
72526,78
72527,78
72528,78
72529,78
72530,78
72531,78
72532,78
72533,78
72534,78
72535,78
72536,78
72537,78
72538,78
72539,78
72540,78
72541,78
72542,78
72543,78
72544,78
72545,78
72546,78
72547,78
72548,78
72549,78
72550,78
72551,78
72552,78
72553,78
72554,78
72555,78
72556,78
72557,78
72558,78
72559,78
72560,78
72561,78
72562,78
72563,78
72564,78
72565,78
72566,78
72567,78
72568,78
72569,78
72570,78
72571,78
72572,78
72573,78
72574,78
72575,78
72576,78
72577,78
72578,78
72579,78
72580,78
72581,78
72582,78
72583,78
72584,78
72585,78
72586,78
72587,78
72588,78
72589,78
72590,78
72591,78
72592,78
72593,78
72594,78
72595,78
72596,78
72597,78
72598,78
72599,78
72600,78
72601,78
72602,78
72603,78
72604,78
72605,78
72606,78
72607,78
72608,78
72609,78
72610,78
72611,78
72612,78
72613,78
72614,78
72615,78
72616,78
72617,78
72618,78
72619,78
72620,78
72621,78
72622,78
72623,78
72624,78
72625,78
72626,78
72627,78
72628,78
72629,78
72630,78
72631,78
72632,78
72633,78
72634,78
72635,78
72636,78
72637,78
72638,78
72639,78
72640,78
72641,78
72642,78
72643,78
72644,78
72645,78
72646,78
72647,78
72648,78
72649,78
72650,78
72651,78
72652,78
72653,78
72654,78
72655,78
72656,78
72657,78
72658,78
72659,78
72660,78
72661,78
72662,78
72663,78
72664,78
72665,78
72666,78
72667,78
72668,78
72669,78
72670,78
72671,78
72672,78
72673,78
72674,78
72675,78
72676,78
72677,78
72678,78
72679,78
72680,78
72681,78
72682,78
72683,78
72684,78
72685,78
72686,78
72687,78
72688,78
72689,78
72690,78
72691,78
72692,78
72693,78
72694,78
72695,78
72696,78
72697,78
72698,78
72699,78
72700,78
72701,78
72702,78
72703,78
72704,78
72705,78
72706,78
72707,78
72708,78
72709,78
72710,78
72711,78
72712,78
72713,78
72714,78
72715,78
72716,78
72717,78
72718,78
72719,78
72720,78
72721,78
72722,78
72723,78
72724,78
72725,78
72726,78
72727,78
72728,78
72729,78
72730,78
72731,78
72732,78
72733,78
72734,78
72735,78
72736,78
72737,78
72738,78
72739,78
72740,78
72741,78
72742,78
72743,78
72744,78
72745,78
72746,78
72747,78
72748,78
72749,78
72750,78
72751,78
72752,78
72753,78
72754,78
72755,78
72756,78
72757,78
72758,78
72759,78
72760,78
72761,78
72762,78
72763,78
72764,78
72765,78
72766,78
72767,78
72768,78
72769,78
72770,78
72771,78
72772,78
72773,78
72774,78
72775,78
72776,78
72777,78
72778,78
72779,78
72780,78
72781,78
72782,78
72783,78
72784,78
72785,78
72786,78
72787,78
72788,78
72789,78
72790,78
72791,78
72792,78
72793,78
72794,78
72795,78
72796,78
72797,78
72798,78
72799,78
72800,78
72801,78
72802,78
72803,78
72804,78
72805,78
72806,78
72807,78
72808,78
72809,78
72810,78
72811,78
72812,78
72813,78
72814,78
72815,78
72816,78
72817,78
72818,78
72819,78
72820,78
72821,78
72822,78
72823,78
72824,78
72825,78
72826,78
72827,78
72828,78
72829,78
72830,78
72831,78
72832,78
72833,78
72834,78
72835,78
72836,78
72837,78
72838,78
72839,78
72840,78
72841,78
72842,78
72843,78
72844,78
72845,78
72846,78
72847,78
72848,78
72849,78
72850,78
72851,78
72852,78
72853,78
72854,78
72855,78
72856,78
72857,78
72858,78
72859,78
72860,78
72861,78
72862,78
72863,78
72864,78
72865,78
72866,78
72867,78
72868,78
72869,78
72870,78
72871,78
72872,78
72873,78
72874,78
72875,78
72876,78
72877,78
72878,78
72879,78
72880,78
72881,78
72882,78
72883,78
72884,78
72885,78
72886,78
72887,78
72888,78
72889,78
72890,78
72891,78
72892,78
72893,78
72894,78
72895,78
72896,78
72897,78
72898,78
72899,78
72900,78
72901,78
72902,78
72903,78
72904,78
72905,78
72906,78
72907,78
72908,78
72909,78
72910,78
72911,78
72912,78
72913,78
72914,78
72915,78
72916,78
72917,78
72918,78
72919,78
72920,78
72921,78
72922,78
72923,78
72924,78
72925,78
72926,78
72927,78
72928,78
72929,78
72930,78
72931,78
72932,78
72933,78
72934,78
72935,78
72936,78
72937,78
72938,78
72939,78
72940,78
72941,78
72942,78
72943,78
72944,78
72945,78
72946,78
72947,78
72948,78
72949,78
72950,78
72951,78
72952,78
72953,78
72954,78
72955,78
72956,78
72957,78
72958,78
72959,78
72960,78
72961,78
72962,78
72963,78
72964,78
72965,78
72966,78
72967,78
72968,78
72969,78
72970,78
72971,78
72972,78
72973,78
72974,78
72975,78
72976,78
72977,78
72978,78
72979,78
72980,78
72981,78
72982,78
72983,78
72984,78
72985,78
72986,78
72987,78
72988,78
72989,78
72990,78
72991,78
72992,78
72993,78
72994,78
72995,78
72996,78
72997,78
72998,78
72999,78
73000,78
73001,78
73002,78
73003,78
73004,78
73005,78
73006,78
73007,78
73008,78
73009,78
73010,78
73011,78
73012,78
73013,78
73014,78
73015,78
73016,78
73017,78
73018,78
73019,78
73020,78
73021,78
73022,78
73023,78
73024,78
73025,78
73026,78
73027,78
73028,78
73029,78
73030,78
73031,78
73032,78
73033,78
73034,78
73035,78
73036,78
73037,78
73038,78
73039,78
73040,78
73041,78
73042,78
73043,78
73044,78
73045,78
73046,78
73047,78
73048,78
73049,78
73050,78
73051,78
73052,78
73053,78
73054,78
73055,78
73056,78
73057,78
73058,78
73059,78
73060,78
73061,78
73062,78
73063,78
73064,78
73065,78
73066,78
73067,78
73068,78
73069,78
73070,78
73071,78
73072,78
73073,78
73074,78
73075,78
73076,78
73077,78
73078,78
73079,78
73080,78
73081,78
73082,78
73083,78
73084,78
73085,78
73086,78
73087,78
73088,78
73089,78
73090,78
73091,78
73092,78
73093,78
73094,78
73095,78
73096,78
73097,78
73098,78
73099,78
73100,78
73101,78
73102,78
73103,78
73104,78
73105,78
73106,78
73107,78
73108,78
73109,78
73110,78
73111,78
73112,78
73113,78
73114,78
73115,78
73116,78
73117,78
73118,78
73119,78
73120,78
73121,78
73122,78
73123,78
73124,78
73125,78
73126,78
73127,78
73128,78
73129,78
73130,78
73131,78
73132,78
73133,78
73134,78
73135,78
73136,78
73137,78
73138,78
73139,78
73140,78
73141,78
73142,78
73143,78
73144,78
73145,78
73146,78
73147,78
73148,78
73149,78
73150,78
73151,78
73152,78
73153,78
73154,78
73155,78
73156,78
73157,78
73158,78
73159,78
73160,78
73161,78
73162,78
73163,78
73164,78
73165,78
73166,78
73167,78
73168,78
73169,78
73170,78
73171,78
73172,78
73173,78
73174,78
73175,78
73176,78
73177,78
73178,78
73179,78
73180,78
73181,78
73182,78
73183,78
73184,78
73185,78
73186,78
73187,78
73188,78
73189,78
73190,78
73191,78
73192,78
73193,78
73194,78
73195,78
73196,78
73197,78
73198,78
73199,78
73200,78
73201,78
73202,78
73203,78
73204,78
73205,78
73206,78
73207,78
73208,78
73209,78
73210,78
73211,78
73212,78
73213,78
73214,78
73215,78
73216,78
73217,78
73218,78
73219,78
73220,78
73221,78
73222,78
73223,78
73224,78
73225,78
73226,78
73227,78
73228,78
73229,78
73230,78
73231,78
73232,78
73233,78
73234,78
73235,78
73236,78
73237,78
73238,78
73239,78
73240,78
73241,78
73242,78
73243,78
73244,78
73245,78
73246,78
73247,78
73248,78
73249,78
73250,78
73251,78
73252,78
73253,78
73254,78
73255,78
73256,78
73257,78
73258,78
73259,78
73260,78
73261,78
73262,78
73263,78
73264,78
73265,78
73266,78
73267,78
73268,78
73269,78
73270,78
73271,78
73272,78
73273,78
73274,78
73275,78
73276,78
73277,78
73278,78
73279,78
73280,78
73281,78
73282,78
73283,78
73284,78
73285,78
73286,78
73287,78
73288,78
73289,78
73290,78
73291,78
73292,78
73293,78
73294,78
73295,78
73296,78
73297,78
73298,78
73299,78
73300,78
73301,78
73302,78
73303,78
73304,78
73305,78
73306,78
73307,78
73308,78
73309,78
73310,78
73311,78
73312,78
73313,78
73314,78
73315,78
73316,78
73317,78
73318,78
73319,78
73320,78
73321,78
73322,78
73323,78
73324,78
73325,78
73326,78
73327,78
73328,78
73329,78
73330,78
73331,78
73332,78
73333,78
73334,78
73335,78
73336,78
73337,78
73338,78
73339,78
73340,78
73341,78
73342,78
73343,78
73344,78
73345,78
73346,78
73347,78
73348,78
73349,78
73350,78
73351,78
73352,78
73353,78
73354,78
73355,78
73356,78
73357,78
73358,78
73359,78
73360,78
73361,78
73362,78
73363,78
73364,78
73365,78
73366,78
73367,78
73368,78
73369,78
73370,78
73371,78
73372,78
73373,78
73374,78
73375,78
73376,78
73377,78
73378,78
73379,78
73380,78
73381,78
73382,78
73383,78
73384,78
73385,78
73386,78
73387,78
73388,78
73389,78
73390,78
73391,78
73392,78
73393,78
73394,78
73395,78
73396,78
73397,78
73398,78
73399,78
73400,78
73401,78
73402,78
73403,78
73404,78
73405,78
73406,78
73407,78
73408,78
73409,78
73410,78
73411,78
73412,78
73413,78
73414,78
73415,78
73416,78
73417,78
73418,78
73419,78
73420,78
73421,78
73422,78
73423,78
73424,78
73425,78
73426,78
73427,78
73428,78
73429,78
73430,78
73431,78
73432,78
73433,78
73434,78
73435,78
73436,78
73437,78
73438,78
73439,78
73440,78
73441,78
73442,78
73443,78
73444,78
73445,78
73446,78
73447,78
73448,78
73449,78
73450,78
73451,78
73452,78
73453,78
73454,78
73455,78
73456,78
73457,78
73458,78
73459,78
73460,78
73461,78
73462,78
73463,78
73464,78
73465,78
73466,78
73467,78
73468,78
73469,78
73470,78
73471,78
73472,78
73473,78
73474,78
73475,78
73476,78
73477,78
73478,78
73479,78
73480,78
73481,78
73482,78
73483,78
73484,78
73485,78
73486,78
73487,78
73488,78
73489,78
73490,78
73491,78
73492,78
73493,78
73494,78
73495,78
73496,78
73497,78
73498,78
73499,78
73500,78
73501,78
73502,78
73503,78
73504,78
73505,78
73506,78
73507,78
73508,78
73509,78
73510,78
73511,78
73512,78
73513,78
73514,78
73515,78
73516,78
73517,78
73518,78
73519,78
73520,78
73521,78
73522,78
73523,78
73524,78
73525,78
73526,78
73527,78
73528,78
73529,78
73530,78
73531,78
73532,78
73533,78
73534,78
73535,78
73536,78
73537,78
73538,78
73539,78
73540,78
73541,78
73542,78
73543,78
73544,78
73545,78
73546,78
73547,78
73548,78
73549,78
73550,78
73551,78
73552,78
73553,78
73554,78
73555,78
73556,78
73557,78
73558,78
73559,78
73560,78
73561,78
73562,78
73563,78
73564,78
73565,78
73566,78
73567,78
73568,78
73569,78
73570,78
73571,78
73572,78
73573,78
73574,78
73575,78
73576,78
73577,78
73578,78
73579,78
73580,78
73581,78
73582,78
73583,78
73584,78
73585,78
73586,78
73587,78
73588,78
73589,78
73590,78
73591,78
73592,78
73593,78
73594,78
73595,78
73596,78
73597,78
73598,78
73599,78
73600,78
73601,78
73602,78
73603,78
73604,78
73605,78
73606,78
73607,78
73608,78
73609,78
73610,78
73611,78
73612,78
73613,78
73614,78
73615,78
73616,78
73617,78
73618,78
73619,78
73620,78
73621,78
73622,78
73623,78
73624,78
73625,78
73626,78
73627,78
73628,78
73629,78
73630,78
73631,78
73632,78
73633,78
73634,78
73635,78
73636,78
73637,78
73638,78
73639,78
73640,78
73641,78
73642,78
73643,78
73644,78
73645,78
73646,78
73647,78
73648,78
73649,78
73650,78
73651,78
73652,78
73653,78
73654,78
73655,78
73656,78
73657,78
73658,78
73659,78
73660,78
73661,78
73662,78
73663,78
73664,78
73665,78
73666,78
73667,78
73668,78
73669,78
73670,78
73671,78
73672,78
73673,78
73674,78
73675,78
73676,78
73677,78
73678,78
73679,78
73680,78
73681,78
73682,78
73683,78
73684,78
73685,78
73686,78
73687,78
73688,78
73689,78
73690,78
73691,78
73692,78
73693,78
73694,78
73695,78
73696,78
73697,78
73698,78
73699,78
73700,78
73701,78
73702,78
73703,78
73704,78
73705,78
73706,78
73707,78
73708,78
73709,78
73710,78
73711,78
73712,78
73713,78
73714,78
73715,78
73716,78
73717,78
73718,78
73719,78
73720,78
73721,78
73722,78
73723,78
73724,78
73725,78
73726,78
73727,78
73728,78
73729,78
73730,78
73731,78
73732,78
73733,78
73734,78
73735,78
73736,78
73737,78
73738,78
73739,78
73740,78
73741,78
73742,78
73743,78
73744,78
73745,78
73746,78
73747,78
73748,78
73749,78
73750,78
73751,78
73752,78
73753,78
73754,78
73755,78
73756,78
73757,78
73758,78
73759,78
73760,78
73761,78
73762,78
73763,78
73764,78
73765,78
73766,78
73767,78
73768,78
73769,78
73770,78
73771,78
73772,78
73773,78
73774,78
73775,78
73776,78
73777,78
73778,78
73779,78
73780,78
73781,78
73782,78
73783,78
73784,78
73785,78
73786,78
73787,78
73788,78
73789,78
73790,78
73791,78
73792,78
73793,78
73794,78
73795,78
73796,78
73797,78
73798,78
73799,78
73800,78
73801,78
73802,78
73803,78
73804,78
73805,78
73806,78
73807,78
73808,78
73809,78
73810,78
73811,78
73812,78
73813,78
73814,78
73815,78
73816,78
73817,78
73818,78
73819,78
73820,78
73821,78
73822,78
73823,78
73824,78
73825,78
73826,78
73827,78
73828,78
73829,78
73830,78
73831,78
73832,78
73833,78
73834,78
73835,78
73836,78
73837,78
73838,78
73839,78
73840,78
73841,78
73842,78
73843,78
73844,78
73845,78
73846,78
73847,78
73848,78
73849,78
73850,78
73851,78
73852,78
73853,78
73854,78
73855,78
73856,78
73857,78
73858,78
73859,78
73860,78
73861,78
73862,78
73863,78
73864,78
73865,78
73866,78
73867,78
73868,78
73869,78
73870,78
73871,78
73872,78
73873,78
73874,78
73875,78
73876,78
73877,78
73878,78
73879,78
73880,78
73881,78
73882,78
73883,78
73884,78
73885,78
73886,78
73887,78
73888,78
73889,78
73890,78
73891,78
73892,78
73893,78
73894,78
73895,78
73896,78
73897,78
73898,78
73899,78
73900,78
73901,78
73902,78
73903,78
73904,78
73905,78
73906,78
73907,78
73908,78
73909,78
73910,78
73911,78
73912,78
73913,78
73914,78
73915,78
73916,78
73917,78
73918,78
73919,78
73920,78
73921,78
73922,78
73923,78
73924,78
73925,78
73926,78
73927,78
73928,78
73929,78
73930,78
73931,78
73932,78
73933,78
73934,78
73935,78
73936,78
73937,78
73938,78
73939,78
73940,78
73941,78
73942,78
73943,78
73944,78
73945,78
73946,78
73947,78
73948,78
73949,78
73950,78
73951,78
73952,78
73953,78
73954,78
73955,78
73956,78
73957,78
73958,78
73959,78
73960,78
73961,78
73962,78
73963,78
73964,78
73965,78
73966,78
73967,78
73968,78
73969,78
73970,78
73971,78
73972,78
73973,78
73974,78
73975,78
73976,78
73977,78
73978,78
73979,78
73980,78
73981,78
73982,78
73983,78
73984,78
73985,78
73986,78
73987,78
73988,78
73989,78
73990,78
73991,78
73992,78
73993,78
73994,78
73995,78
73996,78
73997,78
73998,78
73999,78
74000,78
74001,78
74002,78
74003,78
74004,78
74005,78
74006,78
74007,78
74008,78
74009,78
74010,78
74011,78
74012,78
74013,78
74014,78
74015,78
74016,78
74017,78
74018,78
74019,78
74020,78
74021,78
74022,78
74023,78
74024,78
74025,78
74026,78
74027,78
74028,78
74029,78
74030,78
74031,78
74032,78
74033,78
74034,78
74035,78
74036,78
74037,78
74038,78
74039,78
74040,78
74041,78
74042,78
74043,78
74044,78
74045,78
74046,78
74047,78
74048,78
74049,78
74050,78
74051,78
74052,78
74053,78
74054,78
74055,78
74056,78
74057,78
74058,78
74059,78
74060,78
74061,78
74062,78
74063,78
74064,78
74065,78
74066,78
74067,78
74068,78
74069,78
74070,78
74071,78
74072,78
74073,78
74074,78
74075,78
74076,78
74077,78
74078,78
74079,78
74080,78
74081,78
74082,78
74083,78
74084,78
74085,78
74086,78
74087,78
74088,78
74089,78
74090,78
74091,78
74092,78
74093,78
74094,78
74095,78
74096,78
74097,78
74098,78
74099,78
74100,78
74101,78
74102,78
74103,78
74104,78
74105,78
74106,78
74107,78
74108,78
74109,78
74110,78
74111,78
74112,78
74113,78
74114,78
74115,78
74116,78
74117,78
74118,78
74119,78
74120,78
74121,78
74122,78
74123,78
74124,78
74125,78
74126,78
74127,78
74128,78
74129,78
74130,78
74131,78
74132,78
74133,78
74134,78
74135,78
74136,78
74137,78
74138,78
74139,78
74140,78
74141,78
74142,78
74143,78
74144,78
74145,78
74146,78
74147,78
74148,78
74149,78
74150,78
74151,78
74152,78
74153,78
74154,78
74155,78
74156,78
74157,78
74158,78
74159,78
74160,78
74161,78
74162,78
74163,78
74164,78
74165,78
74166,78
74167,78
74168,78
74169,78
74170,78
74171,78
74172,78
74173,78
74174,78
74175,78
74176,78
74177,78
74178,78
74179,78
74180,78
74181,78
74182,78
74183,78
74184,78
74185,78
74186,78
74187,78
74188,78
74189,78
74190,78
74191,78
74192,78
74193,78
74194,78
74195,78
74196,78
74197,78
74198,78
74199,78
74200,78
74201,78
74202,78
74203,78
74204,78
74205,78
74206,78
74207,78
74208,78
74209,78
74210,78
74211,78
74212,78
74213,78
74214,78
74215,78
74216,78
74217,78
74218,78
74219,78
74220,78
74221,78
74222,78
74223,78
74224,78
74225,78
74226,78
74227,78
74228,78
74229,78
74230,78
74231,78
74232,78
74233,78
74234,78
74235,78
74236,78
74237,78
74238,78
74239,78
74240,78
74241,78
74242,78
74243,78
74244,78
74245,78
74246,78
74247,78
74248,78
74249,78
74250,78
74251,78
74252,78
74253,78
74254,78
74255,78
74256,78
74257,78
74258,78
74259,78
74260,78
74261,78
74262,78
74263,78
74264,78
74265,78
74266,78
74267,78
74268,78
74269,78
74270,78
74271,78
74272,78
74273,78
74274,78
74275,78
74276,78
74277,78
74278,78
74279,78
74280,78
74281,78
74282,78
74283,78
74284,78
74285,78
74286,78
74287,78
74288,78
74289,78
74290,78
74291,78
74292,78
74293,78
74294,78
74295,78
74296,78
74297,78
74298,78
74299,78
74300,78
74301,78
74302,78
74303,78
74304,78
74305,78
74306,78
74307,78
74308,78
74309,78
74310,78
74311,78
74312,78
74313,78
74314,78
74315,78
74316,78
74317,78
74318,78
74319,78
74320,78
74321,78
74322,78
74323,78
74324,78
74325,78
74326,78
74327,78
74328,78
74329,78
74330,78
74331,78
74332,78
74333,78
74334,78
74335,78
74336,78
74337,78
74338,78
74339,78
74340,78
74341,78
74342,78
74343,78
74344,78
74345,78
74346,78
74347,78
74348,78
74349,78
74350,78
74351,78
74352,78
74353,78
74354,78
74355,78
74356,78
74357,78
74358,78
74359,78
74360,78
74361,78
74362,78
74363,78
74364,78
74365,78
74366,78
74367,78
74368,78
74369,78
74370,78
74371,78
74372,78
74373,78
74374,78
74375,78
74376,78
74377,78
74378,78
74379,78
74380,78
74381,78
74382,78
74383,78
74384,78
74385,78
74386,78
74387,78
74388,78
74389,78
74390,78
74391,78
74392,78
74393,78
74394,78
74395,78
74396,78
74397,78
74398,78
74399,78
74400,78
74401,78
74402,78
74403,78
74404,78
74405,78
74406,78
74407,78
74408,78
74409,78
74410,78
74411,78
74412,78
74413,78
74414,78
74415,78
74416,78
74417,78
74418,78
74419,78
74420,78
74421,78
74422,78
74423,78
74424,78
74425,78
74426,78
74427,78
74428,78
74429,78
74430,78
74431,78
74432,78
74433,78
74434,78
74435,78
74436,78
74437,78
74438,78
74439,78
74440,78
74441,78
74442,78
74443,78
74444,78
74445,78
74446,78
74447,78
74448,78
74449,78
74450,78
74451,78
74452,78
74453,78
74454,78
74455,78
74456,78
74457,78
74458,78
74459,78
74460,78
74461,78
74462,78
74463,78
74464,78
74465,78
74466,78
74467,78
74468,78
74469,78
74470,78
74471,78
74472,78
74473,78
74474,78
74475,78
74476,78
74477,78
74478,78
74479,78
74480,78
74481,78
74482,78
74483,78
74484,78
74485,78
74486,78
74487,78
74488,78
74489,78
74490,78
74491,78
74492,78
74493,78
74494,78
74495,78
74496,78
74497,78
74498,78
74499,78
74500,78
74501,78
74502,78
74503,78
74504,78
74505,78
74506,78
74507,78
74508,78
74509,78
74510,78
74511,78
74512,78
74513,78
74514,78
74515,78
74516,78
74517,78
74518,78
74519,78
74520,78
74521,78
74522,78
74523,78
74524,78
74525,78
74526,78
74527,78
74528,78
74529,78
74530,78
74531,78
74532,78
74533,78
74534,78
74535,78
74536,78
74537,78
74538,78
74539,78
74540,78
74541,78
74542,78
74543,78
74544,78
74545,78
74546,78
74547,78
74548,78
74549,78
74550,78
74551,78
74552,78
74553,78
74554,78
74555,78
74556,78
74557,78
74558,78
74559,78
74560,78
74561,78
74562,78
74563,78
74564,78
74565,78
74566,78
74567,78
74568,78
74569,78
74570,78
74571,78
74572,78
74573,78
74574,78
74575,78
74576,78
74577,78
74578,78
74579,78
74580,78
74581,78
74582,78
74583,78
74584,78
74585,78
74586,78
74587,78
74588,78
74589,78
74590,78
74591,78
74592,78
74593,78
74594,78
74595,78
74596,78
74597,78
74598,78
74599,78
74600,78
74601,78
74602,78
74603,78
74604,78
74605,78
74606,78
74607,78
74608,78
74609,78
74610,78
74611,78
74612,78
74613,78
74614,78
74615,78
74616,78
74617,78
74618,78
74619,78
74620,78
74621,78
74622,78
74623,78
74624,78
74625,78
74626,78
74627,78
74628,78
74629,78
74630,78
74631,78
74632,78
74633,78
74634,78
74635,78
74636,78
74637,78
74638,78
74639,78
74640,78
74641,78
74642,78
74643,78
74644,78
74645,78
74646,78
74647,78
74648,78
74649,78
74650,78
74651,78
74652,78
74653,78
74654,78
74655,78
74656,78
74657,78
74658,78
74659,78
74660,78
74661,78
74662,78
74663,78
74664,78
74665,78
74666,78
74667,78
74668,78
74669,78
74670,78
74671,78
74672,78
74673,78
74674,78
74675,78
74676,78
74677,78
74678,78
74679,78
74680,78
74681,78
74682,78
74683,78
74684,78
74685,78
74686,78
74687,78
74688,78
74689,78
74690,78
74691,78
74692,78
74693,78
74694,78
74695,78
74696,78
74697,78
74698,78
74699,78
74700,78
74701,78
74702,78
74703,78
74704,78
74705,78
74706,78
74707,78
74708,78
74709,78
74710,78
74711,78
74712,78
74713,78
74714,78
74715,78
74716,78
74717,78
74718,78
74719,78
74720,78
74721,78
74722,78
74723,78
74724,78
74725,78
74726,78
74727,78
74728,78
74729,78
74730,78
74731,78
74732,78
74733,78
74734,78
74735,78
74736,78
74737,78
74738,78
74739,78
74740,78
74741,78
74742,78
74743,78
74744,78
74745,78
74746,78
74747,78
74748,78
74749,78
74750,78
74751,78
74752,78
74753,78
74754,78
74755,78
74756,78
74757,78
74758,78
74759,78
74760,78
74761,78
74762,78
74763,78
74764,78
74765,78
74766,78
74767,78
74768,78
74769,78
74770,78
74771,78
74772,78
74773,78
74774,78
74775,78
74776,78
74777,78
74778,78
74779,78
74780,78
74781,78
74782,78
74783,78
74784,78
74785,78
74786,78
74787,78
74788,78
74789,78
74790,78
74791,78
74792,78
74793,78
74794,78
74795,78
74796,78
74797,78
74798,78
74799,78
74800,78
74801,78
74802,78
74803,78
74804,78
74805,78
74806,78
74807,78
74808,78
74809,78
74810,78
74811,78
74812,78
74813,78
74814,78
74815,78
74816,78
74817,78
74818,78
74819,78
74820,78
74821,78
74822,78
74823,78
74824,78
74825,78
74826,78
74827,78
74828,78
74829,78
74830,78
74831,78
74832,78
74833,78
74834,78
74835,78
74836,78
74837,78
74838,78
74839,78
74840,78
74841,78
74842,78
74843,78
74844,78
74845,78
74846,78
74847,78
74848,78
74849,78
74850,78
74851,78
74852,78
74853,78
74854,78
74855,78
74856,78
74857,78
74858,78
74859,78
74860,78
74861,78
74862,78
74863,78
74864,78
74865,78
74866,78
74867,78
74868,78
74869,78
74870,78
74871,78
74872,78
74873,78
74874,78
74875,78
74876,78
74877,78
74878,78
74879,78
74880,78
74881,78
74882,78
74883,78
74884,78
74885,78
74886,78
74887,78
74888,78
74889,78
74890,78
74891,78
74892,78
74893,78
74894,78
74895,78
74896,78
74897,78
74898,78
74899,78
74900,78
74901,78
74902,78
74903,78
74904,78
74905,78
74906,78
74907,78
74908,78
74909,78
74910,78
74911,78
74912,78
74913,78
74914,78
74915,78
74916,78
74917,78
74918,78
74919,78
74920,78
74921,78
74922,78
74923,78
74924,78
74925,78
74926,78
74927,78
74928,78
74929,78
74930,78
74931,78
74932,78
74933,78
74934,78
74935,78
74936,78
74937,78
74938,78
74939,78
74940,78
74941,78
74942,78
74943,78
74944,78
74945,78
74946,78
74947,78
74948,78
74949,78
74950,78
74951,78
74952,78
74953,78
74954,78
74955,78
74956,78
74957,78
74958,78
74959,78
74960,78
74961,78
74962,78
74963,78
74964,78
74965,78
74966,78
74967,78
74968,78
74969,78
74970,78
74971,78
74972,78
74973,78
74974,78
74975,78
74976,78
74977,78
74978,78
74979,78
74980,78
74981,78
74982,78
74983,78
74984,78
74985,78
74986,78
74987,78
74988,78
74989,78
74990,78
74991,78
74992,78
74993,78
74994,78
74995,78
74996,78
74997,78
74998,78
74999,78
75000,78
75001,78
75002,78
75003,78
75004,78
75005,78
75006,78
75007,78
75008,78
75009,78
75010,78
75011,78
75012,78
75013,78
75014,78
75015,78
75016,78
75017,78
75018,78
75019,78
75020,78
75021,78
75022,78
75023,78
75024,78
75025,78
75026,78
75027,78
75028,78
75029,78
75030,78
75031,78
75032,78
75033,78
75034,78
75035,78
75036,78
75037,78
75038,78
75039,78
75040,78
75041,78
75042,78
75043,78
75044,78
75045,78
75046,78
75047,78
75048,78
75049,78
75050,78
75051,78
75052,78
75053,78
75054,78
75055,78
75056,78
75057,78
75058,78
75059,78
75060,78
75061,78
75062,78
75063,78
75064,78
75065,78
75066,78
75067,78
75068,78
75069,78
75070,78
75071,78
75072,78
75073,78
75074,78
75075,78
75076,78
75077,78
75078,78
75079,78
75080,78
75081,78
75082,78
75083,78
75084,78
75085,78
75086,78
75087,78
75088,78
75089,78
75090,78
75091,78
75092,78
75093,78
75094,78
75095,78
75096,78
75097,78
75098,78
75099,78
75100,78
75101,78
75102,78
75103,78
75104,78
75105,78
75106,78
75107,78
75108,78
75109,78
75110,78
75111,78
75112,78
75113,78
75114,78
75115,78
75116,78
75117,78
75118,78
75119,78
75120,78
75121,78
75122,78
75123,78
75124,78
75125,78
75126,78
75127,78
75128,78
75129,78
75130,78
75131,78
75132,78
75133,78
75134,78
75135,78
75136,78
75137,78
75138,78
75139,78
75140,78
75141,78
75142,78
75143,78
75144,78
75145,78
75146,78
75147,78
75148,78
75149,78
75150,78
75151,78
75152,78
75153,78
75154,78
75155,78
75156,78
75157,78
75158,78
75159,78
75160,78
75161,78
75162,78
75163,78
75164,78
75165,78
75166,78
75167,78
75168,78
75169,78
75170,78
75171,78
75172,78
75173,78
75174,78
75175,78
75176,78
75177,78
75178,78
75179,78
75180,78
75181,78
75182,78
75183,78
75184,78
75185,78
75186,78
75187,78
75188,78
75189,78
75190,78
75191,78
75192,78
75193,78
75194,78
75195,78
75196,78
75197,78
75198,78
75199,78
75200,78
75201,78
75202,78
75203,78
75204,78
75205,78
75206,78
75207,78
75208,78
75209,78
75210,78
75211,78
75212,78
75213,78
75214,78
75215,78
75216,78
75217,78
75218,78
75219,78
75220,78
75221,78
75222,78
75223,78
75224,78
75225,78
75226,78
75227,78
75228,78
75229,78
75230,78
75231,78
75232,78
75233,78
75234,78
75235,78
75236,78
75237,78
75238,78
75239,78
75240,78
75241,78
75242,78
75243,78
75244,78
75245,78
75246,78
75247,78
75248,78
75249,78
75250,78
75251,78
75252,78
75253,78
75254,78
75255,78
75256,78
75257,78
75258,78
75259,78
75260,78
75261,78
75262,78
75263,78
75264,78
75265,78
75266,78
75267,78
75268,78
75269,78
75270,78
75271,78
75272,78
75273,78
75274,78
75275,78
75276,78
75277,78
75278,78
75279,78
75280,78
75281,78
75282,78
75283,78
75284,78
75285,78
75286,78
75287,78
75288,78
75289,78
75290,78
75291,78
75292,78
75293,78
75294,78
75295,78
75296,78
75297,78
75298,78
75299,78
75300,78
75301,78
75302,78
75303,78
75304,78
75305,78
75306,78
75307,78
75308,78
75309,78
75310,78
75311,78
75312,78
75313,78
75314,78
75315,78
75316,78
75317,78
75318,78
75319,78
75320,78
75321,78
75322,78
75323,78
75324,78
75325,78
75326,78
75327,78
75328,78
75329,78
75330,78
75331,78
75332,78
75333,78
75334,78
75335,78
75336,78
75337,78
75338,78
75339,78
75340,78
75341,78
75342,78
75343,78
75344,78
75345,78
75346,78
75347,78
75348,78
75349,78
75350,78
75351,78
75352,78
75353,78
75354,78
75355,78
75356,78
75357,78
75358,78
75359,78
75360,78
75361,78
75362,78
75363,78
75364,78
75365,78
75366,78
75367,78
75368,78
75369,78
75370,78
75371,78
75372,78
75373,78
75374,78
75375,78
75376,78
75377,78
75378,78
75379,78
75380,78
75381,78
75382,78
75383,78
75384,78
75385,78
75386,78
75387,78
75388,78
75389,78
75390,78
75391,78
75392,78
75393,78
75394,78
75395,78
75396,78
75397,78
75398,78
75399,78
75400,78
75401,78
75402,78
75403,78
75404,78
75405,78
75406,78
75407,78
75408,78
75409,78
75410,78
75411,78
75412,78
75413,78
75414,78
75415,78
75416,78
75417,78
75418,78
75419,78
75420,78
75421,78
75422,78
75423,78
75424,78
75425,78
75426,78
75427,78
75428,78
75429,78
75430,78
75431,78
75432,78
75433,78
75434,78
75435,78
75436,78
75437,78
75438,78
75439,78
75440,78
75441,78
75442,78
75443,78
75444,78
75445,78
75446,78
75447,78
75448,78
75449,78
75450,78
75451,78
75452,78
75453,78
75454,78
75455,78
75456,78
75457,78
75458,78
75459,78
75460,78
75461,78
75462,78
75463,78
75464,78
75465,78
75466,78
75467,78
75468,78
75469,78
75470,78
75471,78
75472,78
75473,78
75474,78
75475,78
75476,78
75477,78
75478,78
75479,78
75480,78
75481,78
75482,78
75483,78
75484,78
75485,78
75486,78
75487,78
75488,78
75489,78
75490,78
75491,78
75492,78
75493,78
75494,78
75495,78
75496,78
75497,78
75498,78
75499,78
75500,78
75501,78
75502,78
75503,78
75504,78
75505,78
75506,78
75507,78
75508,78
75509,78
75510,78
75511,78
75512,78
75513,78
75514,78
75515,78
75516,78
75517,78
75518,78
75519,78
75520,78
75521,78
75522,78
75523,78
75524,78
75525,78
75526,78
75527,78
75528,78
75529,78
75530,78
75531,78
75532,78
75533,78
75534,78
75535,78
75536,78
75537,78
75538,78
75539,78
75540,78
75541,78
75542,78
75543,78
75544,78
75545,78
75546,78
75547,78
75548,78
75549,78
75550,78
75551,78
75552,78
75553,78
75554,78
75555,78
75556,78
75557,78
75558,78
75559,78
75560,78
75561,78
75562,78
75563,78
75564,78
75565,78
75566,78
75567,78
75568,78
75569,78
75570,78
75571,78
75572,78
75573,78
75574,78
75575,78
75576,78
75577,78
75578,78
75579,78
75580,78
75581,78
75582,78
75583,78
75584,78
75585,78
75586,78
75587,78
75588,78
75589,78
75590,78
75591,78
75592,78
75593,78
75594,78
75595,78
75596,78
75597,78
75598,78
75599,78
75600,78
75601,78
75602,78
75603,78
75604,78
75605,78
75606,78
75607,78
75608,78
75609,78
75610,78
75611,78
75612,78
75613,78
75614,78
75615,78
75616,78
75617,78
75618,78
75619,78
75620,78
75621,78
75622,78
75623,78
75624,78
75625,78
75626,78
75627,78
75628,78
75629,78
75630,78
75631,78
75632,78
75633,78
75634,78
75635,78
75636,78
75637,78
75638,78
75639,78
75640,78
75641,78
75642,78
75643,78
75644,78
75645,78
75646,78
75647,78
75648,78
75649,78
75650,78
75651,78
75652,78
75653,78
75654,78
75655,78
75656,78
75657,78
75658,78
75659,78
75660,78
75661,78
75662,78
75663,78
75664,78
75665,78
75666,78
75667,78
75668,78
75669,78
75670,78
75671,78
75672,78
75673,78
75674,78
75675,78
75676,78
75677,78
75678,78
75679,78
75680,78
75681,78
75682,78
75683,78
75684,78
75685,78
75686,78
75687,78
75688,78
75689,78
75690,78
75691,78
75692,78
75693,78
75694,78
75695,78
75696,78
75697,78
75698,78
75699,78
75700,78
75701,78
75702,78
75703,78
75704,78
75705,78
75706,78
75707,78
75708,78
75709,78
75710,78
75711,78
75712,78
75713,78
75714,78
75715,78
75716,78
75717,78
75718,78
75719,78
75720,78
75721,78
75722,78
75723,78
75724,78
75725,78
75726,78
75727,78
75728,78
75729,78
75730,78
75731,78
75732,78
75733,78
75734,78
75735,78
75736,78
75737,78
75738,78
75739,78
75740,78
75741,78
75742,78
75743,78
75744,78
75745,78
75746,78
75747,78
75748,78
75749,78
75750,78
75751,78
75752,78
75753,78
75754,78
75755,78
75756,78
75757,78
75758,78
75759,78
75760,78
75761,78
75762,78
75763,78
75764,78
75765,78
75766,78
75767,78
75768,78
75769,78
75770,78
75771,78
75772,78
75773,78
75774,78
75775,78
75776,78
75777,78
75778,78
75779,78
75780,78
75781,78
75782,78
75783,78
75784,78
75785,78
75786,78
75787,78
75788,78
75789,78
75790,78
75791,78
75792,78
75793,78
75794,78
75795,78
75796,78
75797,78
75798,78
75799,78
75800,78
75801,78
75802,78
75803,78
75804,78
75805,78
75806,78
75807,78
75808,78
75809,78
75810,78
75811,78
75812,78
75813,78
75814,78
75815,78
75816,78
75817,78
75818,78
75819,78
75820,78
75821,78
75822,78
75823,78
75824,78
75825,78
75826,78
75827,78
75828,78
75829,78
75830,78
75831,78
75832,78
75833,78
75834,78
75835,78
75836,78
75837,78
75838,78
75839,78
75840,78
75841,78
75842,78
75843,78
75844,78
75845,78
75846,78
75847,78
75848,78
75849,78
75850,78
75851,78
75852,78
75853,78
75854,78
75855,78
75856,78
75857,78
75858,78
75859,78
75860,78
75861,78
75862,78
75863,78
75864,78
75865,78
75866,78
75867,78
75868,78
75869,78
75870,78
75871,78
75872,78
75873,78
75874,78
75875,78
75876,78
75877,78
75878,78
75879,78
75880,78
75881,78
75882,78
75883,78
75884,78
75885,78
75886,78
75887,78
75888,78
75889,78
75890,78
75891,78
75892,78
75893,78
75894,78
75895,78
75896,78
75897,78
75898,78
75899,78
75900,78
75901,78
75902,78
75903,78
75904,78
75905,78
75906,78
75907,78
75908,78
75909,78
75910,78
75911,78
75912,78
75913,78
75914,78
75915,78
75916,78
75917,78
75918,78
75919,78
75920,78
75921,78
75922,78
75923,78
75924,78
75925,78
75926,78
75927,78
75928,78
75929,78
75930,78
75931,78
75932,78
75933,78
75934,78
75935,78
75936,78
75937,78
75938,78
75939,78
75940,78
75941,78
75942,78
75943,78
75944,78
75945,78
75946,78
75947,78
75948,78
75949,78
75950,78
75951,78
75952,78
75953,78
75954,78
75955,78
75956,78
75957,78
75958,78
75959,78
75960,78
75961,78
75962,78
75963,78
75964,78
75965,78
75966,78
75967,78
75968,78
75969,78
75970,78
75971,78
75972,78
75973,78
75974,78
75975,78
75976,78
75977,78
75978,78
75979,78
75980,78
75981,78
75982,78
75983,78
75984,78
75985,78
75986,78
75987,78
75988,78
75989,78
75990,78
75991,78
75992,78
75993,78
75994,78
75995,78
75996,78
75997,78
75998,78
75999,78
76000,78
76001,78
76002,78
76003,78
76004,78
76005,78
76006,78
76007,78
76008,78
76009,78
76010,78
76011,78
76012,78
76013,78
76014,78
76015,78
76016,78
76017,78
76018,78
76019,78
76020,78
76021,78
76022,78
76023,78
76024,78
76025,78
76026,78
76027,78
76028,78
76029,78
76030,78
76031,78
76032,78
76033,78
76034,78
76035,78
76036,78
76037,78
76038,78
76039,78
76040,78
76041,78
76042,78
76043,78
76044,78
76045,78
76046,78
76047,78
76048,78
76049,78
76050,78
76051,78
76052,78
76053,78
76054,78
76055,78
76056,78
76057,78
76058,78
76059,78
76060,78
76061,78
76062,78
76063,78
76064,78
76065,78
76066,78
76067,78
76068,78
76069,78
76070,78
76071,78
76072,78
76073,78
76074,78
76075,78
76076,78
76077,78
76078,78
76079,78
76080,78
76081,78
76082,78
76083,78
76084,78
76085,78
76086,78
76087,78
76088,78
76089,78
76090,78
76091,78
76092,78
76093,78
76094,78
76095,78
76096,78
76097,78
76098,78
76099,78
76100,78
76101,78
76102,78
76103,78
76104,78
76105,78
76106,78
76107,78
76108,78
76109,78
76110,78
76111,78
76112,78
76113,78
76114,78
76115,78
76116,78
76117,78
76118,78
76119,78
76120,78
76121,78
76122,78
76123,78
76124,78
76125,78
76126,78
76127,78
76128,78
76129,78
76130,78
76131,78
76132,78
76133,78
76134,78
76135,78
76136,78
76137,78
76138,78
76139,78
76140,78
76141,78
76142,78
76143,78
76144,78
76145,78
76146,78
76147,78
76148,78
76149,78
76150,78
76151,78
76152,78
76153,78
76154,78
76155,78
76156,78
76157,78
76158,78
76159,78
76160,78
76161,78
76162,78
76163,78
76164,78
76165,78
76166,78
76167,78
76168,78
76169,78
76170,78
76171,78
76172,78
76173,78
76174,78
76175,78
76176,78
76177,78
76178,78
76179,78
76180,78
76181,78
76182,78
76183,78
76184,78
76185,78
76186,78
76187,78
76188,78
76189,78
76190,78
76191,78
76192,78
76193,78
76194,78
76195,78
76196,78
76197,78
76198,78
76199,78
76200,78
76201,78
76202,78
76203,78
76204,78
76205,78
76206,78
76207,78
76208,78
76209,78
76210,78
76211,78
76212,78
76213,78
76214,78
76215,78
76216,78
76217,78
76218,78
76219,78
76220,78
76221,78
76222,78
76223,78
76224,78
76225,78
76226,78
76227,78
76228,78
76229,78
76230,78
76231,78
76232,78
76233,78
76234,78
76235,78
76236,78
76237,78
76238,78
76239,78
76240,78
76241,78
76242,78
76243,78
76244,78
76245,78
76246,78
76247,78
76248,78
76249,78
76250,78
76251,78
76252,78
76253,78
76254,78
76255,78
76256,78
76257,78
76258,78
76259,78
76260,78
76261,78
76262,78
76263,78
76264,78
76265,78
76266,78
76267,78
76268,78
76269,78
76270,78
76271,78
76272,78
76273,78
76274,78
76275,78
76276,78
76277,78
76278,78
76279,78
76280,78
76281,78
76282,78
76283,78
76284,78
76285,78
76286,78
76287,78
76288,78
76289,78
76290,78
76291,78
76292,78
76293,78
76294,78
76295,78
76296,78
76297,78
76298,78
76299,78
76300,78
76301,78
76302,78
76303,78
76304,78
76305,78
76306,78
76307,78
76308,78
76309,78
76310,78
76311,78
76312,78
76313,78
76314,78
76315,78
76316,78
76317,78
76318,78
76319,78
76320,78
76321,78
76322,78
76323,78
76324,78
76325,78
76326,78
76327,78
76328,78
76329,78
76330,78
76331,78
76332,78
76333,78
76334,78
76335,78
76336,78
76337,78
76338,78
76339,78
76340,78
76341,78
76342,78
76343,78
76344,78
76345,78
76346,78
76347,78
76348,78
76349,78
76350,78
76351,78
76352,78
76353,78
76354,78
76355,78
76356,78
76357,78
76358,78
76359,78
76360,78
76361,78
76362,78
76363,78
76364,78
76365,78
76366,78
76367,78
76368,78
76369,78
76370,78
76371,78
76372,78
76373,78
76374,78
76375,78
76376,78
76377,78
76378,78
76379,78
76380,78
76381,78
76382,78
76383,78
76384,78
76385,78
76386,78
76387,78
76388,78
76389,78
76390,78
76391,78
76392,78
76393,78
76394,78
76395,78
76396,78
76397,78
76398,78
76399,78
76400,78
76401,78
76402,78
76403,78
76404,78
76405,78
76406,78
76407,78
76408,78
76409,78
76410,78
76411,78
76412,78
76413,78
76414,78
76415,78
76416,78
76417,78
76418,78
76419,78
76420,78
76421,78
76422,78
76423,78
76424,78
76425,78
76426,78
76427,78
76428,78
76429,78
76430,78
76431,78
76432,78
76433,78
76434,78
76435,78
76436,78
76437,78
76438,78
76439,78
76440,78
76441,78
76442,78
76443,78
76444,78
76445,78
76446,78
76447,78
76448,78
76449,78
76450,78
76451,78
76452,78
76453,78
76454,78
76455,78
76456,78
76457,78
76458,78
76459,78
76460,78
76461,78
76462,78
76463,78
76464,78
76465,78
76466,78
76467,78
76468,78
76469,78
76470,78
76471,78
76472,78
76473,78
76474,78
76475,78
76476,78
76477,78
76478,78
76479,78
76480,78
76481,78
76482,78
76483,78
76484,78
76485,78
76486,78
76487,78
76488,78
76489,78
76490,78
76491,78
76492,78
76493,78
76494,78
76495,78
76496,78
76497,78
76498,78
76499,78
76500,78
76501,78
76502,78
76503,78
76504,78
76505,78
76506,78
76507,78
76508,78
76509,78
76510,78
76511,78
76512,78
76513,78
76514,78
76515,78
76516,78
76517,78
76518,78
76519,78
76520,78
76521,78
76522,78
76523,78
76524,78
76525,78
76526,78
76527,78
76528,78
76529,78
76530,78
76531,78
76532,78
76533,78
76534,78
76535,78
76536,78
76537,78
76538,78
76539,78
76540,78
76541,78
76542,78
76543,78
76544,78
76545,78
76546,78
76547,78
76548,78
76549,78
76550,78
76551,78
76552,78
76553,78
76554,78
76555,78
76556,78
76557,78
76558,78
76559,78
76560,78
76561,78
76562,78
76563,78
76564,78
76565,78
76566,78
76567,78
76568,78
76569,78
76570,78
76571,78
76572,78
76573,78
76574,78
76575,78
76576,78
76577,78
76578,78
76579,78
76580,78
76581,78
76582,78
76583,78
76584,78
76585,78
76586,78
76587,78
76588,78
76589,78
76590,78
76591,78
76592,78
76593,78
76594,78
76595,78
76596,78
76597,78
76598,78
76599,78
76600,78
76601,78
76602,78
76603,78
76604,78
76605,78
76606,78
76607,78
76608,78
76609,78
76610,78
76611,78
76612,78
76613,78
76614,78
76615,78
76616,78
76617,78
76618,78
76619,78
76620,78
76621,78
76622,78
76623,78
76624,78
76625,78
76626,78
76627,78
76628,78
76629,78
76630,78
76631,78
76632,78
76633,78
76634,78
76635,78
76636,78
76637,78
76638,78
76639,78
76640,78
76641,78
76642,78
76643,78
76644,78
76645,78
76646,78
76647,78
76648,78
76649,78
76650,78
76651,78
76652,78
76653,78
76654,78
76655,78
76656,78
76657,78
76658,78
76659,78
76660,78
76661,78
76662,78
76663,78
76664,78
76665,78
76666,78
76667,78
76668,78
76669,78
76670,78
76671,78
76672,78
76673,78
76674,78
76675,78
76676,78
76677,78
76678,78
76679,78
76680,78
76681,78
76682,78
76683,78
76684,78
76685,78
76686,78
76687,78
76688,78
76689,78
76690,78
76691,78
76692,78
76693,78
76694,78
76695,78
76696,78
76697,78
76698,78
76699,78
76700,78
76701,78
76702,78
76703,78
76704,78
76705,78
76706,78
76707,78
76708,78
76709,78
76710,78
76711,78
76712,78
76713,78
76714,78
76715,78
76716,78
76717,78
76718,78
76719,78
76720,78
76721,78
76722,78
76723,78
76724,78
76725,78
76726,78
76727,78
76728,78
76729,78
76730,78
76731,78
76732,78
76733,78
76734,78
76735,78
76736,78
76737,78
76738,78
76739,78
76740,78
76741,78
76742,78
76743,78
76744,78
76745,78
76746,78
76747,78
76748,78
76749,78
76750,78
76751,78
76752,78
76753,78
76754,78
76755,78
76756,78
76757,78
76758,78
76759,78
76760,78
76761,78
76762,78
76763,78
76764,78
76765,78
76766,78
76767,78
76768,78
76769,78
76770,78
76771,78
76772,78
76773,78
76774,78
76775,78
76776,78
76777,78
76778,78
76779,78
76780,78
76781,78
76782,78
76783,78
76784,78
76785,78
76786,78
76787,78
76788,78
76789,78
76790,78
76791,78
76792,78
76793,78
76794,78
76795,78
76796,78
76797,78
76798,78
76799,78
76800,78
76801,78
76802,78
76803,78
76804,78
76805,78
76806,78
76807,78
76808,78
76809,78
76810,78
76811,78
76812,78
76813,78
76814,78
76815,78
76816,78
76817,78
76818,78
76819,78
76820,78
76821,78
76822,78
76823,78
76824,78
76825,78
76826,78
76827,78
76828,78
76829,78
76830,78
76831,78
76832,78
76833,78
76834,78
76835,78
76836,78
76837,78
76838,78
76839,78
76840,78
76841,78
76842,78
76843,78
76844,78
76845,78
76846,78
76847,78
76848,78
76849,78
76850,78
76851,78
76852,78
76853,78
76854,78
76855,78
76856,78
76857,78
76858,78
76859,78
76860,78
76861,78
76862,78
76863,78
76864,78
76865,78
76866,78
76867,78
76868,78
76869,78
76870,78
76871,78
76872,78
76873,78
76874,78
76875,78
76876,78
76877,78
76878,78
76879,78
76880,78
76881,78
76882,78
76883,78
76884,78
76885,78
76886,78
76887,78
76888,78
76889,78
76890,78
76891,78
76892,78
76893,78
76894,78
76895,78
76896,78
76897,78
76898,78
76899,78
76900,78
76901,78
76902,78
76903,78
76904,78
76905,78
76906,78
76907,78
76908,78
76909,78
76910,78
76911,78
76912,78
76913,78
76914,78
76915,78
76916,78
76917,78
76918,78
76919,78
76920,78
76921,78
76922,78
76923,78
76924,78
76925,78
76926,78
76927,78
76928,78
76929,78
76930,78
76931,78
76932,78
76933,78
76934,78
76935,78
76936,78
76937,78
76938,78
76939,78
76940,78
76941,78
76942,78
76943,78
76944,78
76945,78
76946,78
76947,78
76948,78
76949,78
76950,78
76951,78
76952,78
76953,78
76954,78
76955,78
76956,78
76957,78
76958,78
76959,78
76960,78
76961,78
76962,78
76963,78
76964,78
76965,78
76966,78
76967,78
76968,78
76969,78
76970,78
76971,78
76972,78
76973,78
76974,78
76975,78
76976,78
76977,78
76978,78
76979,78
76980,78
76981,78
76982,78
76983,78
76984,78
76985,78
76986,78
76987,78
76988,78
76989,78
76990,78
76991,78
76992,78
76993,78
76994,78
76995,78
76996,78
76997,78
76998,78
76999,78
77000,78
77001,78
77002,78
77003,78
77004,78
77005,78
77006,78
77007,78
77008,78
77009,78
77010,78
77011,78
77012,78
77013,78
77014,78
77015,78
77016,78
77017,78
77018,78
77019,78
77020,78
77021,78
77022,78
77023,78
77024,78
77025,78
77026,78
77027,78
77028,78
77029,78
77030,78
77031,78
77032,78
77033,78
77034,78
77035,78
77036,78
77037,78
77038,78
77039,78
77040,78
77041,78
77042,78
77043,78
77044,78
77045,78
77046,78
77047,78
77048,78
77049,78
77050,78
77051,78
77052,78
77053,78
77054,78
77055,78
77056,78
77057,78
77058,78
77059,78
77060,78
77061,78
77062,78
77063,78
77064,78
77065,78
77066,78
77067,78
77068,78
77069,78
77070,78
77071,78
77072,78
77073,78
77074,78
77075,78
77076,78
77077,78
77078,78
77079,78
77080,78
77081,78
77082,78
77083,78
77084,78
77085,78
77086,78
77087,78
77088,78
77089,78
77090,78
77091,78
77092,78
77093,78
77094,78
77095,78
77096,78
77097,78
77098,78
77099,78
77100,78
77101,78
77102,78
77103,78
77104,78
77105,78
77106,78
77107,78
77108,78
77109,78
77110,78
77111,78
77112,78
77113,78
77114,78
77115,78
77116,78
77117,78
77118,78
77119,78
77120,78
77121,78
77122,78
77123,78
77124,78
77125,78
77126,78
77127,78
77128,78
77129,78
77130,78
77131,78
77132,78
77133,78
77134,78
77135,78
77136,78
77137,78
77138,78
77139,78
77140,78
77141,78
77142,78
77143,78
77144,78
77145,78
77146,78
77147,78
77148,78
77149,78
77150,78
77151,78
77152,78
77153,78
77154,78
77155,78
77156,78
77157,78
77158,78
77159,78
77160,78
77161,78
77162,78
77163,78
77164,78
77165,78
77166,78
77167,78
77168,78
77169,78
77170,78
77171,78
77172,78
77173,78
77174,78
77175,78
77176,78
77177,78
77178,78
77179,78
77180,78
77181,78
77182,78
77183,78
77184,78
77185,78
77186,78
77187,78
77188,78
77189,78
77190,78
77191,78
77192,78
77193,78
77194,78
77195,78
77196,78
77197,78
77198,78
77199,78
77200,78
77201,78
77202,78
77203,78
77204,78
77205,78
77206,78
77207,78
77208,78
77209,78
77210,78
77211,78
77212,78
77213,78
77214,78
77215,78
77216,78
77217,78
77218,78
77219,78
77220,78
77221,78
77222,78
77223,78
77224,78
77225,78
77226,78
77227,78
77228,78
77229,78
77230,78
77231,78
77232,78
77233,78
77234,78
77235,78
77236,78
77237,78
77238,78
77239,78
77240,78
77241,78
77242,78
77243,78
77244,78
77245,78
77246,78
77247,78
77248,78
77249,78
77250,78
77251,78
77252,78
77253,78
77254,78
77255,78
77256,78
77257,78
77258,78
77259,78
77260,78
77261,78
77262,78
77263,78
77264,78
77265,78
77266,78
77267,78
77268,78
77269,78
77270,78
77271,78
77272,78
77273,78
77274,78
77275,78
77276,78
77277,78
77278,78
77279,78
77280,78
77281,78
77282,78
77283,78
77284,78
77285,78
77286,78
77287,78
77288,78
77289,78
77290,78
77291,78
77292,78
77293,78
77294,78
77295,78
77296,78
77297,78
77298,78
77299,78
77300,78
77301,78
77302,78
77303,78
77304,78
77305,78
77306,78
77307,78
77308,78
77309,78
77310,78
77311,78
77312,78
77313,78
77314,78
77315,78
77316,78
77317,78
77318,78
77319,78
77320,78
77321,78
77322,78
77323,78
77324,78
77325,78
77326,78
77327,78
77328,78
77329,78
77330,78
77331,78
77332,78
77333,78
77334,78
77335,78
77336,78
77337,78
77338,78
77339,78
77340,78
77341,78
77342,78
77343,78
77344,78
77345,78
77346,78
77347,78
77348,78
77349,78
77350,78
77351,78
77352,78
77353,78
77354,78
77355,78
77356,78
77357,78
77358,78
77359,78
77360,78
77361,78
77362,78
77363,78
77364,78
77365,78
77366,78
77367,78
77368,78
77369,78
77370,78
77371,78
77372,78
77373,78
77374,78
77375,78
77376,78
77377,78
77378,78
77379,78
77380,78
77381,78
77382,78
77383,78
77384,78
77385,78
77386,78
77387,78
77388,78
77389,78
77390,78
77391,78
77392,78
77393,78
77394,78
77395,78
77396,78
77397,78
77398,78
77399,78
77400,78
77401,78
77402,78
77403,78
77404,78
77405,78
77406,78
77407,78
77408,78
77409,78
77410,78
77411,78
77412,78
77413,78
77414,78
77415,78
77416,78
77417,78
77418,78
77419,78
77420,78
77421,78
77422,78
77423,78
77424,78
77425,78
77426,78
77427,78
77428,78
77429,78
77430,78
77431,78
77432,78
77433,78
77434,78
77435,78
77436,78
77437,78
77438,78
77439,78
77440,78
77441,78
77442,78
77443,78
77444,78
77445,78
77446,78
77447,78
77448,78
77449,78
77450,78
77451,78
77452,78
77453,78
77454,78
77455,78
77456,78
77457,78
77458,78
77459,78
77460,78
77461,78
77462,78
77463,78
77464,78
77465,78
77466,78
77467,78
77468,78
77469,78
77470,78
77471,78
77472,78
77473,78
77474,78
77475,78
77476,78
77477,78
77478,78
77479,78
77480,78
77481,78
77482,78
77483,78
77484,78
77485,78
77486,78
77487,78
77488,78
77489,78
77490,78
77491,78
77492,78
77493,78
77494,78
77495,78
77496,78
77497,78
77498,78
77499,78
77500,78
77501,78
77502,78
77503,78
77504,78
77505,78
77506,78
77507,78
77508,78
77509,78
77510,78
77511,78
77512,78
77513,78
77514,78
77515,78
77516,78
77517,78
77518,78
77519,78
77520,78
77521,78
77522,78
77523,78
77524,78
77525,78
77526,78
77527,78
77528,78
77529,78
77530,78
77531,78
77532,78
77533,78
77534,78
77535,78
77536,78
77537,78
77538,78
77539,78
77540,78
77541,78
77542,78
77543,78
77544,78
77545,78
77546,78
77547,78
77548,78
77549,78
77550,78
77551,78
77552,78
77553,78
77554,78
77555,78
77556,78
77557,78
77558,78
77559,78
77560,78
77561,78
77562,78
77563,78
77564,78
77565,78
77566,78
77567,78
77568,78
77569,78
77570,78
77571,78
77572,78
77573,78
77574,78
77575,78
77576,78
77577,78
77578,78
77579,78
77580,78
77581,78
77582,78
77583,78
77584,78
77585,78
77586,78
77587,78
77588,78
77589,78
77590,78
77591,78
77592,78
77593,78
77594,78
77595,78
77596,78
77597,78
77598,78
77599,78
77600,78
77601,78
77602,78
77603,78
77604,78
77605,78
77606,78
77607,78
77608,78
77609,78
77610,78
77611,78
77612,78
77613,78
77614,78
77615,78
77616,78
77617,78
77618,78
77619,78
77620,78
77621,78
77622,78
77623,78
77624,78
77625,78
77626,78
77627,78
77628,78
77629,78
77630,78
77631,78
77632,78
77633,78
77634,78
77635,78
77636,78
77637,78
77638,78
77639,78
77640,78
77641,78
77642,78
77643,78
77644,78
77645,78
77646,78
77647,78
77648,78
77649,78
77650,78
77651,78
77652,78
77653,78
77654,78
77655,78
77656,78
77657,78
77658,78
77659,78
77660,78
77661,78
77662,78
77663,78
77664,78
77665,78
77666,78
77667,78
77668,78
77669,78
77670,78
77671,78
77672,78
77673,78
77674,78
77675,78
77676,78
77677,78
77678,78
77679,78
77680,78
77681,78
77682,78
77683,78
77684,78
77685,78
77686,78
77687,78
77688,78
77689,78
77690,78
77691,78
77692,78
77693,78
77694,78
77695,78
77696,78
77697,78
77698,78
77699,78
77700,78
77701,78
77702,78
77703,78
77704,78
77705,78
77706,78
77707,78
77708,78
77709,78
77710,78
77711,78
77712,78
77713,78
77714,78
77715,78
77716,78
77717,78
77718,78
77719,78
77720,78
77721,78
77722,78
77723,78
77724,78
77725,78
77726,78
77727,78
77728,78
77729,78
77730,78
77731,78
77732,78
77733,78
77734,78
77735,78
77736,78
77737,78
77738,78
77739,78
77740,78
77741,78
77742,78
77743,78
77744,78
77745,78
77746,78
77747,78
77748,78
77749,78
77750,78
77751,78
77752,78
77753,78
77754,78
77755,78
77756,78
77757,78
77758,78
77759,78
77760,78
77761,78
77762,78
77763,78
77764,78
77765,78
77766,78
77767,78
77768,78
77769,78
77770,78
77771,78
77772,78
77773,78
77774,78
77775,78
77776,78
77777,78
77778,78
77779,78
77780,78
77781,78
77782,78
77783,78
77784,78
77785,78
77786,78
77787,78
77788,78
77789,78
77790,78
77791,78
77792,78
77793,78
77794,78
77795,78
77796,78
77797,78
77798,78
77799,78
77800,78
77801,78
77802,78
77803,78
77804,78
77805,78
77806,78
77807,78
77808,78
77809,78
77810,78
77811,78
77812,78
77813,78
77814,78
77815,78
77816,78
77817,78
77818,78
77819,78
77820,78
77821,78
77822,78
77823,78
77824,78
77825,78
77826,78
77827,78
77828,78
77829,78
77830,78
77831,78
77832,78
77833,78
77834,78
77835,78
77836,78
77837,78
77838,78
77839,78
77840,78
77841,78
77842,78
77843,78
77844,78
77845,78
77846,78
77847,78
77848,78
77849,78
77850,78
77851,78
77852,78
77853,78
77854,78
77855,78
77856,78
77857,78
77858,78
77859,78
77860,78
77861,78
77862,78
77863,78
77864,78
77865,78
77866,78
77867,78
77868,78
77869,78
77870,78
77871,78
77872,78
77873,78
77874,78
77875,78
77876,78
77877,78
77878,78
77879,78
77880,78
77881,78
77882,78
77883,78
77884,78
77885,78
77886,78
77887,78
77888,78
77889,78
77890,78
77891,78
77892,78
77893,78
77894,78
77895,78
77896,78
77897,78
77898,78
77899,78
77900,78
77901,78
77902,78
77903,78
77904,78
77905,78
77906,78
77907,78
77908,78
77909,78
77910,78
77911,78
77912,78
77913,78
77914,78
77915,78
77916,78
77917,78
77918,78
77919,78
77920,78
77921,78
77922,78
77923,78
77924,78
77925,78
77926,78
77927,78
77928,78
77929,78
77930,78
77931,78
77932,78
77933,78
77934,78
77935,78
77936,78
77937,78
77938,78
77939,78
77940,78
77941,78
77942,78
77943,78
77944,78
77945,78
77946,78
77947,78
77948,78
77949,78
77950,78
77951,78
77952,78
77953,78
77954,78
77955,78
77956,78
77957,78
77958,78
77959,78
77960,78
77961,78
77962,78
77963,78
77964,78
77965,78
77966,78
77967,78
77968,78
77969,78
77970,78
77971,78
77972,78
77973,78
77974,78
77975,78
77976,78
77977,78
77978,78
77979,78
77980,78
77981,78
77982,78
77983,78
77984,78
77985,78
77986,78
77987,78
77988,78
77989,78
77990,78
77991,78
77992,78
77993,78
77994,78
77995,78
77996,78
77997,78
77998,78
77999,78
78000,78
78001,78
78002,78
78003,78
78004,78
78005,78
78006,78
78007,78
78008,78
78009,78
78010,78
78011,78
78012,78
78013,78
78014,78
78015,78
78016,78
78017,78
78018,78
78019,78
78020,78
78021,78
78022,78
78023,78
78024,78
78025,78
78026,78
78027,78
78028,78
78029,78
78030,78
78031,78
78032,78
78033,78
78034,78
78035,78
78036,78
78037,78
78038,78
78039,78
78040,78
78041,78
78042,78
78043,78
78044,78
78045,78
78046,78
78047,78
78048,78
78049,78
78050,78
78051,78
78052,78
78053,78
78054,78
78055,78
78056,78
78057,78
78058,78
78059,78
78060,78
78061,78
78062,78
78063,78
78064,78
78065,78
78066,78
78067,78
78068,78
78069,78
78070,78
78071,78
78072,78
78073,78
78074,78
78075,78
78076,78
78077,78
78078,78
78079,78
78080,78
78081,78
78082,78
78083,78
78084,78
78085,78
78086,78
78087,78
78088,78
78089,78
78090,78
78091,78
78092,78
78093,78
78094,78
78095,78
78096,78
78097,78
78098,78
78099,78
78100,78
78101,78
78102,78
78103,78
78104,78
78105,78
78106,78
78107,78
78108,78
78109,78
78110,78
78111,78
78112,78
78113,78
78114,78
78115,78
78116,78
78117,78
78118,78
78119,78
78120,78
78121,78
78122,78
78123,78
78124,78
78125,78
78126,78
78127,78
78128,78
78129,78
78130,78
78131,78
78132,78
78133,78
78134,78
78135,78
78136,78
78137,78
78138,78
78139,78
78140,78
78141,78
78142,78
78143,78
78144,78
78145,78
78146,78
78147,78
78148,78
78149,78
78150,78
78151,78
78152,78
78153,78
78154,78
78155,78
78156,78
78157,78
78158,78
78159,78
78160,78
78161,78
78162,78
78163,78
78164,78
78165,78
78166,78
78167,78
78168,78
78169,78
78170,78
78171,78
78172,78
78173,78
78174,78
78175,78
78176,78
78177,78
78178,78
78179,78
78180,78
78181,78
78182,78
78183,78
78184,78
78185,78
78186,78
78187,78
78188,78
78189,78
78190,78
78191,78
78192,78
78193,78
78194,78
78195,78
78196,78
78197,78
78198,78
78199,78
78200,78
78201,78
78202,78
78203,78
78204,78
78205,78
78206,78
78207,78
78208,78
78209,78
78210,78
78211,78
78212,78
78213,78
78214,78
78215,78
78216,78
78217,78
78218,78
78219,78
78220,78
78221,78
78222,78
78223,78
78224,78
78225,78
78226,78
78227,78
78228,78
78229,78
78230,78
78231,78
78232,78
78233,78
78234,78
78235,78
78236,78
78237,78
78238,78
78239,78
78240,78
78241,78
78242,78
78243,78
78244,78
78245,78
78246,78
78247,78
78248,78
78249,78
78250,78
78251,78
78252,78
78253,78
78254,78
78255,78
78256,78
78257,78
78258,78
78259,78
78260,78
78261,78
78262,78
78263,78
78264,78
78265,78
78266,78
78267,78
78268,78
78269,78
78270,78
78271,78
78272,78
78273,78
78274,78
78275,78
78276,78
78277,78
78278,78
78279,78
78280,78
78281,78
78282,78
78283,78
78284,78
78285,78
78286,78
78287,78
78288,78
78289,78
78290,78
78291,78
78292,78
78293,78
78294,78
78295,78
78296,78
78297,78
78298,78
78299,78
78300,78
78301,78
78302,78
78303,78
78304,78
78305,78
78306,78
78307,78
78308,78
78309,78
78310,78
78311,78
78312,78
78313,78
78314,78
78315,78
78316,78
78317,78
78318,78
78319,78
78320,78
78321,78
78322,78
78323,78
78324,78
78325,78
78326,78
78327,78
78328,78
78329,78
78330,78
78331,78
78332,78
78333,78
78334,78
78335,78
78336,78
78337,78
78338,78
78339,78
78340,78
78341,78
78342,78
78343,78
78344,78
78345,78
78346,78
78347,78
78348,78
78349,78
78350,78
78351,78
78352,78
78353,78
78354,78
78355,78
78356,78
78357,78
78358,78
78359,78
78360,78
78361,78
78362,78
78363,78
78364,78
78365,78
78366,78
78367,78
78368,78
78369,78
78370,78
78371,78
78372,78
78373,78
78374,78
78375,78
78376,78
78377,78
78378,78
78379,78
78380,78
78381,78
78382,78
78383,78
78384,78
78385,78
78386,78
78387,78
78388,78
78389,78
78390,78
78391,78
78392,78
78393,78
78394,78
78395,78
78396,78
78397,78
78398,78
78399,78
78400,78
78401,78
78402,78
78403,78
78404,78
78405,78
78406,78
78407,78
78408,78
78409,78
78410,78
78411,78
78412,78
78413,78
78414,78
78415,78
78416,78
78417,78
78418,78
78419,78
78420,78
78421,78
78422,78
78423,78
78424,78
78425,78
78426,78
78427,78
78428,78
78429,78
78430,78
78431,78
78432,78
78433,78
78434,78
78435,78
78436,78
78437,78
78438,78
78439,78
78440,78
78441,78
78442,78
78443,78
78444,78
78445,78
78446,78
78447,78
78448,78
78449,78
78450,78
78451,78
78452,78
78453,78
78454,78
78455,78
78456,78
78457,78
78458,78
78459,78
78460,78
78461,78
78462,78
78463,78
78464,78
78465,78
78466,78
78467,78
78468,78
78469,78
78470,78
78471,78
78472,78
78473,78
78474,78
78475,78
78476,78
78477,78
78478,78
78479,78
78480,78
78481,78
78482,78
78483,78
78484,78
78485,78
78486,78
78487,78
78488,78
78489,78
78490,78
78491,78
78492,78
78493,78
78494,78
78495,78
78496,78
78497,78
78498,78
78499,78
78500,78
78501,78
78502,78
78503,78
78504,78
78505,78
78506,78
78507,78
78508,78
78509,78
78510,78
78511,78
78512,78
78513,78
78514,78
78515,78
78516,78
78517,78
78518,78
78519,78
78520,78
78521,78
78522,78
78523,78
78524,78
78525,78
78526,78
78527,78
78528,78
78529,78
78530,78
78531,78
78532,78
78533,78
78534,78
78535,78
78536,78
78537,78
78538,78
78539,78
78540,78
78541,78
78542,78
78543,78
78544,78
78545,78
78546,78
78547,78
78548,78
78549,78
78550,78
78551,78
78552,78
78553,78
78554,78
78555,78
78556,78
78557,78
78558,78
78559,78
78560,78
78561,78
78562,78
78563,78
78564,78
78565,78
78566,78
78567,78
78568,78
78569,78
78570,78
78571,78
78572,78
78573,78
78574,78
78575,78
78576,78
78577,78
78578,78
78579,78
78580,78
78581,78
78582,78
78583,78
78584,78
78585,78
78586,78
78587,78
78588,78
78589,78
78590,78
78591,78
78592,78
78593,78
78594,78
78595,78
78596,78
78597,78
78598,78
78599,78
78600,78
78601,78
78602,78
78603,78
78604,78
78605,78
78606,78
78607,78
78608,78
78609,78
78610,78
78611,78
78612,78
78613,78
78614,78
78615,78
78616,78
78617,78
78618,78
78619,78
78620,78
78621,78
78622,78
78623,78
78624,78
78625,78
78626,78
78627,78
78628,78
78629,78
78630,78
78631,78
78632,78
78633,78
78634,78
78635,78
78636,78
78637,78
78638,78
78639,78
78640,78
78641,78
78642,78
78643,78
78644,78
78645,78
78646,78
78647,78
78648,78
78649,78
78650,78
78651,78
78652,78
78653,78
78654,78
78655,78
78656,78
78657,78
78658,78
78659,78
78660,78
78661,78
78662,78
78663,78
78664,78
78665,78
78666,78
78667,78
78668,78
78669,78
78670,78
78671,78
78672,78
78673,78
78674,78
78675,78
78676,78
78677,78
78678,78
78679,78
78680,78
78681,78
78682,78
78683,78
78684,78
78685,78
78686,78
78687,78
78688,78
78689,78
78690,78
78691,78
78692,78
78693,78
78694,78
78695,78
78696,78
78697,78
78698,78
78699,78
78700,78
78701,78
78702,78
78703,78
78704,78
78705,78
78706,78
78707,78
78708,78
78709,78
78710,78
78711,78
78712,78
78713,78
78714,78
78715,78
78716,78
78717,78
78718,78
78719,78
78720,78
78721,78
78722,78
78723,78
78724,78
78725,78
78726,78
78727,78
78728,78
78729,78
78730,78
78731,78
78732,78
78733,78
78734,78
78735,78
78736,78
78737,78
78738,78
78739,78
78740,78
78741,78
78742,78
78743,78
78744,78
78745,78
78746,78
78747,78
78748,78
78749,78
78750,78
78751,78
78752,78
78753,78
78754,78
78755,78
78756,78
78757,78
78758,78
78759,78
78760,78
78761,78
78762,78
78763,78
78764,78
78765,78
78766,78
78767,78
78768,78
78769,78
78770,78
78771,78
78772,78
78773,78
78774,78
78775,78
78776,78
78777,78
78778,78
78779,78
78780,78
78781,78
78782,78
78783,78
78784,78
78785,78
78786,78
78787,78
78788,78
78789,78
78790,78
78791,78
78792,78
78793,78
78794,78
78795,78
78796,78
78797,78
78798,78
78799,78
78800,78
78801,78
78802,78
78803,78
78804,78
78805,78
78806,78
78807,78
78808,78
78809,78
78810,78
78811,78
78812,78
78813,78
78814,78
78815,78
78816,78
78817,78
78818,78
78819,78
78820,78
78821,78
78822,78
78823,78
78824,78
78825,78
78826,78
78827,78
78828,78
78829,78
78830,78
78831,78
78832,78
78833,78
78834,78
78835,78
78836,78
78837,78
78838,78
78839,78
78840,78
78841,78
78842,78
78843,78
78844,78
78845,78
78846,78
78847,78
78848,78
78849,78
78850,78
78851,78
78852,78
78853,78
78854,78
78855,78
78856,78
78857,78
78858,78
78859,78
78860,78
78861,78
78862,78
78863,78
78864,78
78865,78
78866,78
78867,78
78868,78
78869,78
78870,78
78871,78
78872,78
78873,78
78874,78
78875,78
78876,78
78877,78
78878,78
78879,78
78880,78
78881,78
78882,78
78883,78
78884,78
78885,78
78886,78
78887,78
78888,78
78889,78
78890,78
78891,78
78892,78
78893,78
78894,78
78895,78
78896,78
78897,78
78898,78
78899,78
78900,78
78901,78
78902,78
78903,78
78904,78
78905,78
78906,78
78907,78
78908,78
78909,78
78910,78
78911,78
78912,78
78913,78
78914,78
78915,78
78916,78
78917,78
78918,78
78919,78
78920,78
78921,78
78922,78
78923,78
78924,78
78925,78
78926,78
78927,78
78928,78
78929,78
78930,78
78931,78
78932,78
78933,78
78934,78
78935,78
78936,78
78937,78
78938,78
78939,78
78940,78
78941,78
78942,78
78943,78
78944,78
78945,78
78946,78
78947,78
78948,78
78949,78
78950,78
78951,78
78952,78
78953,78
78954,78
78955,78
78956,78
78957,78
78958,78
78959,78
78960,78
78961,78
78962,78
78963,78
78964,78
78965,78
78966,78
78967,78
78968,78
78969,78
78970,78
78971,78
78972,78
78973,78
78974,78
78975,78
78976,78
78977,78
78978,78
78979,78
78980,78
78981,78
78982,78
78983,78
78984,78
78985,78
78986,78
78987,78
78988,78
78989,78
78990,78
78991,78
78992,78
78993,78
78994,78
78995,78
78996,78
78997,78
78998,78
78999,78
79000,78
79001,78
79002,78
79003,78
79004,78
79005,78
79006,78
79007,78
79008,78
79009,78
79010,78
79011,78
79012,78
79013,78
79014,78
79015,78
79016,78
79017,78
79018,78
79019,78
79020,78
79021,78
79022,78
79023,78
79024,78
79025,78
79026,78
79027,78
79028,78
79029,78
79030,78
79031,78
79032,78
79033,78
79034,78
79035,78
79036,78
79037,78
79038,78
79039,78
79040,78
79041,78
79042,78
79043,78
79044,78
79045,78
79046,78
79047,78
79048,78
79049,78
79050,78
79051,78
79052,78
79053,78
79054,78
79055,78
79056,78
79057,78
79058,78
79059,78
79060,78
79061,78
79062,78
79063,78
79064,78
79065,78
79066,78
79067,78
79068,78
79069,78
79070,78
79071,78
79072,78
79073,78
79074,78
79075,78
79076,78
79077,78
79078,78
79079,78
79080,78
79081,78
79082,78
79083,78
79084,78
79085,78
79086,78
79087,78
79088,78
79089,78
79090,78
79091,78
79092,78
79093,78
79094,78
79095,78
79096,78
79097,78
79098,78
79099,78
79100,78
79101,78
79102,78
79103,78
79104,78
79105,78
79106,78
79107,78
79108,78
79109,78
79110,78
79111,78
79112,78
79113,78
79114,78
79115,78
79116,78
79117,78
79118,78
79119,78
79120,78
79121,78
79122,78
79123,78
79124,78
79125,78
79126,78
79127,78
79128,78
79129,78
79130,78
79131,78
79132,78
79133,78
79134,78
79135,78
79136,78
79137,78
79138,78
79139,78
79140,78
79141,78
79142,78
79143,78
79144,78
79145,78
79146,78
79147,78
79148,78
79149,78
79150,78
79151,78
79152,78
79153,78
79154,78
79155,78
79156,78
79157,78
79158,78
79159,78
79160,78
79161,78
79162,78
79163,78
79164,78
79165,78
79166,78
79167,78
79168,78
79169,78
79170,78
79171,78
79172,78
79173,78
79174,78
79175,78
79176,78
79177,78
79178,78
79179,78
79180,78
79181,78
79182,78
79183,78
79184,78
79185,78
79186,78
79187,78
79188,78
79189,78
79190,78
79191,78
79192,78
79193,78
79194,78
79195,78
79196,78
79197,78
79198,78
79199,78
79200,78
79201,78
79202,78
79203,78
79204,78
79205,78
79206,78
79207,78
79208,78
79209,78
79210,78
79211,78
79212,78
79213,78
79214,78
79215,78
79216,78
79217,78
79218,78
79219,78
79220,78
79221,78
79222,78
79223,78
79224,78
79225,78
79226,78
79227,78
79228,78
79229,78
79230,78
79231,78
79232,78
79233,78
79234,78
79235,78
79236,78
79237,78
79238,78
79239,78
79240,78
79241,78
79242,78
79243,78
79244,78
79245,78
79246,78
79247,78
79248,78
79249,78
79250,78
79251,78
79252,78
79253,78
79254,78
79255,78
79256,78
79257,78
79258,78
79259,78
79260,78
79261,78
79262,78
79263,78
79264,78
79265,78
79266,78
79267,78
79268,78
79269,78
79270,78
79271,78
79272,78
79273,78
79274,78
79275,78
79276,78
79277,78
79278,78
79279,78
79280,78
79281,78
79282,78
79283,78
79284,78
79285,78
79286,78
79287,78
79288,78
79289,78
79290,78
79291,78
79292,78
79293,78
79294,78
79295,78
79296,78
79297,78
79298,78
79299,78
79300,78
79301,78
79302,78
79303,78
79304,78
79305,78
79306,78
79307,78
79308,78
79309,78
79310,78
79311,78
79312,78
79313,78
79314,78
79315,78
79316,78
79317,78
79318,78
79319,78
79320,78
79321,78
79322,78
79323,78
79324,78
79325,78
79326,78
79327,78
79328,78
79329,78
79330,78
79331,78
79332,78
79333,78
79334,78
79335,78
79336,78
79337,78
79338,78
79339,78
79340,78
79341,78
79342,78
79343,78
79344,78
79345,78
79346,78
79347,78
79348,78
79349,78
79350,78
79351,78
79352,78
79353,78
79354,78
79355,78
79356,78
79357,78
79358,78
79359,78
79360,78
79361,78
79362,78
79363,78
79364,78
79365,78
79366,78
79367,78
79368,78
79369,78
79370,78
79371,78
79372,78
79373,78
79374,78
79375,78
79376,78
79377,78
79378,78
79379,78
79380,78
79381,78
79382,78
79383,78
79384,78
79385,78
79386,78
79387,78
79388,78
79389,78
79390,78
79391,78
79392,78
79393,78
79394,78
79395,78
79396,78
79397,78
79398,78
79399,78
79400,78
79401,78
79402,78
79403,78
79404,78
79405,78
79406,78
79407,78
79408,78
79409,78
79410,78
79411,78
79412,78
79413,78
79414,78
79415,78
79416,78
79417,78
79418,78
79419,78
79420,78
79421,78
79422,78
79423,78
79424,78
79425,78
79426,78
79427,78
79428,78
79429,78
79430,78
79431,78
79432,78
79433,78
79434,78
79435,78
79436,78
79437,78
79438,78
79439,78
79440,78
79441,78
79442,78
79443,78
79444,78
79445,78
79446,78
79447,78
79448,78
79449,78
79450,78
79451,78
79452,78
79453,78
79454,78
79455,78
79456,78
79457,78
79458,78
79459,78
79460,78
79461,78
79462,78
79463,78
79464,78
79465,78
79466,78
79467,78
79468,78
79469,78
79470,78
79471,78
79472,78
79473,78
79474,78
79475,78
79476,78
79477,78
79478,78
79479,78
79480,78
79481,78
79482,78
79483,78
79484,78
79485,78
79486,78
79487,78
79488,78
79489,78
79490,78
79491,78
79492,78
79493,78
79494,78
79495,78
79496,78
79497,78
79498,78
79499,78
79500,78
79501,78
79502,78
79503,78
79504,78
79505,78
79506,78
79507,78
79508,78
79509,78
79510,78
79511,78
79512,78
79513,78
79514,78
79515,78
79516,78
79517,78
79518,78
79519,78
79520,78
79521,78
79522,78
79523,78
79524,78
79525,78
79526,78
79527,78
79528,78
79529,78
79530,78
79531,78
79532,78
79533,78
79534,78
79535,78
79536,78
79537,78
79538,78
79539,78
79540,78
79541,78
79542,78
79543,78
79544,78
79545,78
79546,78
79547,78
79548,78
79549,78
79550,78
79551,78
79552,78
79553,78
79554,78
79555,78
79556,78
79557,78
79558,78
79559,78
79560,78
79561,78
79562,78
79563,78
79564,78
79565,78
79566,78
79567,78
79568,78
79569,78
79570,78
79571,78
79572,78
79573,78
79574,78
79575,78
79576,78
79577,78
79578,78
79579,78
79580,78
79581,78
79582,78
79583,78
79584,78
79585,78
79586,78
79587,78
79588,78
79589,78
79590,78
79591,78
79592,78
79593,78
79594,78
79595,78
79596,78
79597,78
79598,78
79599,78
79600,78
79601,78
79602,78
79603,78
79604,78
79605,78
79606,78
79607,78
79608,78
79609,78
79610,78
79611,78
79612,78
79613,78
79614,78
79615,78
79616,78
79617,78
79618,78
79619,78
79620,78
79621,78
79622,78
79623,78
79624,78
79625,78
79626,78
79627,78
79628,78
79629,78
79630,78
79631,78
79632,78
79633,78
79634,78
79635,78
79636,78
79637,78
79638,78
79639,78
79640,78
79641,78
79642,78
79643,78
79644,78
79645,78
79646,78
79647,78
79648,78
79649,78
79650,78
79651,78
79652,78
79653,78
79654,78
79655,78
79656,78
79657,78
79658,78
79659,78
79660,78
79661,78
79662,78
79663,78
79664,78
79665,78
79666,78
79667,78
79668,78
79669,78
79670,78
79671,78
79672,78
79673,78
79674,78
79675,78
79676,78
79677,78
79678,78
79679,78
79680,78
79681,78
79682,78
79683,78
79684,78
79685,78
79686,78
79687,78
79688,78
79689,78
79690,78
79691,78
79692,78
79693,78
79694,78
79695,78
79696,78
79697,78
79698,78
79699,78
79700,78
79701,78
79702,78
79703,78
79704,78
79705,78
79706,78
79707,78
79708,78
79709,78
79710,78
79711,78
79712,78
79713,78
79714,78
79715,78
79716,78
79717,78
79718,78
79719,78
79720,78
79721,78
79722,78
79723,78
79724,78
79725,78
79726,78
79727,78
79728,78
79729,78
79730,78
79731,78
79732,78
79733,78
79734,78
79735,78
79736,78
79737,78
79738,78
79739,78
79740,78
79741,78
79742,78
79743,78
79744,78
79745,78
79746,78
79747,78
79748,78
79749,78
79750,78
79751,78
79752,78
79753,78
79754,78
79755,78
79756,78
79757,78
79758,78
79759,78
79760,78
79761,78
79762,78
79763,78
79764,78
79765,78
79766,78
79767,78
79768,78
79769,78
79770,78
79771,78
79772,78
79773,78
79774,78
79775,78
79776,78
79777,78
79778,78
79779,78
79780,78
79781,78
79782,78
79783,78
79784,78
79785,78
79786,78
79787,78
79788,78
79789,78
79790,78
79791,78
79792,78
79793,78
79794,78
79795,78
79796,78
79797,78
79798,78
79799,78
79800,78
79801,78
79802,78
79803,78
79804,78
79805,78
79806,78
79807,78
79808,78
79809,78
79810,78
79811,78
79812,78
79813,78
79814,78
79815,78
79816,78
79817,78
79818,78
79819,78
79820,78
79821,78
79822,78
79823,78
79824,78
79825,78
79826,78
79827,78
79828,78
79829,78
79830,78
79831,78
79832,78
79833,78
79834,78
79835,78
79836,78
79837,78
79838,78
79839,78
79840,78
79841,78
79842,78
79843,78
79844,78
79845,78
79846,78
79847,78
79848,78
79849,78
79850,78
79851,78
79852,78
79853,78
79854,78
79855,78
79856,78
79857,78
79858,78
79859,78
79860,78
79861,78
79862,78
79863,78
79864,78
79865,78
79866,78
79867,78
79868,78
79869,78
79870,78
79871,78
79872,78
79873,78
79874,78
79875,78
79876,78
79877,78
79878,78
79879,78
79880,78
79881,78
79882,78
79883,78
79884,78
79885,78
79886,78
79887,78
79888,78
79889,78
79890,78
79891,78
79892,78
79893,78
79894,78
79895,78
79896,78
79897,78
79898,78
79899,78
79900,78
79901,78
79902,78
79903,78
79904,78
79905,78
79906,78
79907,78
79908,78
79909,78
79910,78
79911,78
79912,78
79913,78
79914,78
79915,78
79916,78
79917,78
79918,78
79919,78
79920,78
79921,78
79922,78
79923,78
79924,78
79925,78
79926,78
79927,78
79928,78
79929,78
79930,78
79931,78
79932,78
79933,78
79934,78
79935,78
79936,78
79937,78
79938,78
79939,78
79940,78
79941,78
79942,78
79943,78
79944,78
79945,78
79946,78
79947,78
79948,78
79949,78
79950,78
79951,78
79952,78
79953,78
79954,78
79955,78
79956,78
79957,78
79958,78
79959,78
79960,78
79961,78
79962,78
79963,78
79964,78
79965,78
79966,78
79967,78
79968,78
79969,78
79970,78
79971,78
79972,78
79973,78
79974,78
79975,78
79976,78
79977,78
79978,78
79979,78
79980,78
79981,78
79982,78
79983,78
79984,78
79985,78
79986,78
79987,78
79988,78
79989,78
79990,78
79991,78
79992,78
79993,78
79994,78
79995,78
79996,78
79997,78
79998,78
79999,78
80000,78
80001,78
80002,78
80003,78
80004,78
80005,78
80006,78
80007,78
80008,78
80009,78
80010,78
80011,78
80012,78
80013,78
80014,78
80015,78
80016,78
80017,78
80018,78
80019,78
80020,78
80021,78
80022,78
80023,78
80024,78
80025,78
80026,78
80027,78
80028,78
80029,78
80030,78
80031,78
80032,78
80033,78
80034,78
80035,78
80036,78
80037,78
80038,78
80039,78
80040,78
80041,78
80042,78
80043,78
80044,78
80045,78
80046,78
80047,78
80048,78
80049,78
80050,78
80051,78
80052,78
80053,78
80054,78
80055,78
80056,78
80057,78
80058,78
80059,78
80060,78
80061,78
80062,78
80063,78
80064,78
80065,78
80066,78
80067,78
80068,78
80069,78
80070,78
80071,78
80072,78
80073,78
80074,78
80075,78
80076,78
80077,78
80078,78
80079,78
80080,78
80081,78
80082,78
80083,78
80084,78
80085,78
80086,78
80087,78
80088,78
80089,78
80090,78
80091,78
80092,78
80093,78
80094,78
80095,78
80096,78
80097,78
80098,78
80099,78
80100,78
80101,78
80102,78
80103,78
80104,78
80105,78
80106,78
80107,78
80108,78
80109,78
80110,78
80111,78
80112,78
80113,78
80114,78
80115,78
80116,78
80117,78
80118,78
80119,78
80120,78
80121,78
80122,78
80123,78
80124,78
80125,78
80126,78
80127,78
80128,78
80129,78
80130,78
80131,78
80132,78
80133,78
80134,78
80135,78
80136,78
80137,78
80138,78
80139,78
80140,78
80141,78
80142,78
80143,78
80144,78
80145,78
80146,78
80147,78
80148,78
80149,78
80150,78
80151,78
80152,78
80153,78
80154,78
80155,78
80156,78
80157,78
80158,78
80159,78
80160,78
80161,78
80162,78
80163,78
80164,78
80165,78
80166,78
80167,78
80168,78
80169,78
80170,78
80171,78
80172,78
80173,78
80174,78
80175,78
80176,78
80177,78
80178,78
80179,78
80180,78
80181,78
80182,78
80183,78
80184,78
80185,78
80186,78
80187,78
80188,78
80189,78
80190,78
80191,78
80192,78
80193,78
80194,78
80195,78
80196,78
80197,78
80198,78
80199,78
80200,78
80201,78
80202,78
80203,78
80204,78
80205,78
80206,78
80207,78
80208,78
80209,78
80210,78
80211,78
80212,78
80213,78
80214,78
80215,78
80216,78
80217,78
80218,78
80219,78
80220,78
80221,78
80222,78
80223,78
80224,78
80225,78
80226,78
80227,78
80228,78
80229,78
80230,78
80231,78
80232,78
80233,78
80234,78
80235,78
80236,78
80237,78
80238,78
80239,78
80240,78
80241,78
80242,78
80243,78
80244,78
80245,78
80246,78
80247,78
80248,78
80249,78
80250,78
80251,78
80252,78
80253,78
80254,78
80255,78
80256,78
80257,78
80258,78
80259,78
80260,78
80261,78
80262,78
80263,78
80264,78
80265,78
80266,78
80267,78
80268,78
80269,78
80270,78
80271,78
80272,78
80273,78
80274,78
80275,78
80276,78
80277,78
80278,78
80279,78
80280,78
80281,78
80282,78
80283,78
80284,78
80285,78
80286,78
80287,78
80288,78
80289,78
80290,78
80291,78
80292,78
80293,78
80294,78
80295,78
80296,78
80297,78
80298,78
80299,78
80300,78
80301,78
80302,78
80303,78
80304,78
80305,78
80306,78
80307,78
80308,78
80309,78
80310,78
80311,78
80312,78
80313,78
80314,78
80315,78
80316,78
80317,78
80318,78
80319,78
80320,78
80321,78
80322,78
80323,78
80324,78
80325,78
80326,78
80327,78
80328,78
80329,78
80330,78
80331,78
80332,78
80333,78
80334,78
80335,78
80336,78
80337,78
80338,78
80339,78
80340,78
80341,78
80342,78
80343,78
80344,78
80345,78
80346,78
80347,78
80348,78
80349,78
80350,78
80351,78
80352,78
80353,78
80354,78
80355,78
80356,78
80357,78
80358,78
80359,78
80360,78
80361,78
80362,78
80363,78
80364,78
80365,78
80366,78
80367,78
80368,78
80369,78
80370,78
80371,78
80372,78
80373,78
80374,78
80375,78
80376,78
80377,78
80378,78
80379,78
80380,78
80381,78
80382,78
80383,78
80384,78
80385,78
80386,78
80387,78
80388,78
80389,78
80390,78
80391,78
80392,78
80393,78
80394,78
80395,78
80396,78
80397,78
80398,78
80399,78
80400,78
80401,78
80402,78
80403,78
80404,78
80405,78
80406,78
80407,78
80408,78
80409,78
80410,78
80411,78
80412,78
80413,78
80414,78
80415,78
80416,78
80417,78
80418,78
80419,78
80420,78
80421,78
80422,78
80423,78
80424,78
80425,78
80426,78
80427,78
80428,78
80429,78
80430,78
80431,78
80432,78
80433,78
80434,78
80435,78
80436,78
80437,78
80438,78
80439,78
80440,78
80441,78
80442,78
80443,78
80444,78
80445,78
80446,78
80447,78
80448,78
80449,78
80450,78
80451,78
80452,78
80453,78
80454,78
80455,78
80456,78
80457,78
80458,78
80459,78
80460,78
80461,78
80462,78
80463,78
80464,78
80465,78
80466,78
80467,78
80468,78
80469,78
80470,78
80471,78
80472,78
80473,78
80474,78
80475,78
80476,78
80477,78
80478,78
80479,78
80480,78
80481,78
80482,78
80483,78
80484,78
80485,78
80486,78
80487,78
80488,78
80489,78
80490,78
80491,78
80492,78
80493,78
80494,78
80495,78
80496,78
80497,78
80498,78
80499,78
80500,78
80501,78
80502,78
80503,78
80504,78
80505,78
80506,78
80507,78
80508,78
80509,78
80510,78
80511,78
80512,78
80513,78
80514,78
80515,78
80516,78
80517,78
80518,78
80519,78
80520,78
80521,78
80522,78
80523,78
80524,78
80525,78
80526,78
80527,78
80528,78
80529,78
80530,78
80531,78
80532,78
80533,78
80534,78
80535,78
80536,78
80537,78
80538,78
80539,78
80540,78
80541,78
80542,78
80543,78
80544,78
80545,78
80546,78
80547,78
80548,78
80549,78
80550,78
80551,78
80552,78
80553,78
80554,78
80555,78
80556,78
80557,78
80558,78
80559,78
80560,78
80561,78
80562,78
80563,78
80564,78
80565,78
80566,78
80567,78
80568,78
80569,78
80570,78
80571,78
80572,78
80573,78
80574,78
80575,78
80576,78
80577,78
80578,78
80579,78
80580,78
80581,78
80582,78
80583,78
80584,78
80585,78
80586,78
80587,78
80588,78
80589,78
80590,78
80591,78
80592,78
80593,78
80594,78
80595,78
80596,78
80597,78
80598,78
80599,78
80600,78
80601,78
80602,78
80603,78
80604,78
80605,78
80606,78
80607,78
80608,78
80609,78
80610,78
80611,78
80612,78
80613,78
80614,78
80615,78
80616,78
80617,78
80618,78
80619,78
80620,78
80621,78
80622,78
80623,78
80624,78
80625,78
80626,78
80627,78
80628,78
80629,78
80630,78
80631,78
80632,78
80633,78
80634,78
80635,78
80636,78
80637,78
80638,78
80639,78
80640,78
80641,78
80642,78
80643,78
80644,78
80645,78
80646,78
80647,78
80648,78
80649,78
80650,78
80651,78
80652,78
80653,78
80654,78
80655,78
80656,78
80657,78
80658,78
80659,78
80660,78
80661,78
80662,78
80663,78
80664,78
80665,78
80666,78
80667,78
80668,78
80669,78
80670,78
80671,78
80672,78
80673,78
80674,78
80675,78
80676,78
80677,78
80678,78
80679,78
80680,78
80681,78
80682,78
80683,78
80684,78
80685,78
80686,78
80687,78
80688,78
80689,78
80690,78
80691,78
80692,78
80693,78
80694,78
80695,78
80696,78
80697,78
80698,78
80699,78
80700,78
80701,78
80702,78
80703,78
80704,78
80705,78
80706,78
80707,78
80708,78
80709,78
80710,78
80711,78
80712,78
80713,78
80714,78
80715,78
80716,78
80717,78
80718,78
80719,78
80720,78
80721,78
80722,78
80723,78
80724,78
80725,78
80726,78
80727,78
80728,78
80729,78
80730,78
80731,78
80732,78
80733,78
80734,78
80735,78
80736,78
80737,78
80738,78
80739,78
80740,78
80741,78
80742,78
80743,78
80744,78
80745,78
80746,78
80747,78
80748,78
80749,78
80750,78
80751,78
80752,78
80753,78
80754,78
80755,78
80756,78
80757,78
80758,78
80759,78
80760,78
80761,78
80762,78
80763,78
80764,78
80765,78
80766,78
80767,78
80768,78
80769,78
80770,78
80771,78
80772,78
80773,78
80774,78
80775,78
80776,78
80777,78
80778,78
80779,78
80780,78
80781,78
80782,78
80783,78
80784,78
80785,78
80786,78
80787,78
80788,78
80789,78
80790,78
80791,78
80792,78
80793,78
80794,78
80795,78
80796,78
80797,78
80798,78
80799,78
80800,78
80801,78
80802,78
80803,78
80804,78
80805,78
80806,78
80807,78
80808,78
80809,78
80810,78
80811,78
80812,78
80813,78
80814,78
80815,78
80816,78
80817,78
80818,78
80819,78
80820,78
80821,78
80822,78
80823,78
80824,78
80825,78
80826,78
80827,78
80828,78
80829,78
80830,78
80831,78
80832,78
80833,78
80834,78
80835,78
80836,78
80837,78
80838,78
80839,78
80840,78
80841,78
80842,78
80843,78
80844,78
80845,78
80846,78
80847,78
80848,78
80849,78
80850,78
80851,78
80852,78
80853,78
80854,78
80855,78
80856,78
80857,78
80858,78
80859,78
80860,78
80861,78
80862,78
80863,78
80864,78
80865,78
80866,78
80867,78
80868,78
80869,78
80870,78
80871,78
80872,78
80873,78
80874,78
80875,78
80876,78
80877,78
80878,78
80879,78
80880,78
80881,78
80882,78
80883,78
80884,78
80885,78
80886,78
80887,78
80888,78
80889,78
80890,78
80891,78
80892,78
80893,78
80894,78
80895,78
80896,78
80897,78
80898,78
80899,78
80900,78
80901,78
80902,78
80903,78
80904,78
80905,78
80906,78
80907,78
80908,78
80909,78
80910,78
80911,78
80912,78
80913,78
80914,78
80915,78
80916,78
80917,78
80918,78
80919,78
80920,78
80921,78
80922,78
80923,78
80924,78
80925,78
80926,78
80927,78
80928,78
80929,78
80930,78
80931,78
80932,78
80933,78
80934,78
80935,78
80936,78
80937,78
80938,78
80939,78
80940,78
80941,78
80942,78
80943,78
80944,78
80945,78
80946,78
80947,78
80948,78
80949,78
80950,78
80951,78
80952,78
80953,78
80954,78
80955,78
80956,78
80957,78
80958,78
80959,78
80960,78
80961,78
80962,78
80963,78
80964,78
80965,78
80966,78
80967,78
80968,78
80969,78
80970,78
80971,78
80972,78
80973,78
80974,78
80975,78
80976,78
80977,78
80978,78
80979,78
80980,78
80981,78
80982,78
80983,78
80984,78
80985,78
80986,78
80987,78
80988,78
80989,78
80990,78
80991,78
80992,78
80993,78
80994,78
80995,78
80996,78
80997,78
80998,78
80999,78
81000,78
81001,78
81002,78
81003,78
81004,78
81005,78
81006,78
81007,78
81008,78
81009,78
81010,78
81011,78
81012,78
81013,78
81014,78
81015,78
81016,78
81017,78
81018,78
81019,78
81020,78
81021,78
81022,78
81023,78
81024,78
81025,78
81026,78
81027,78
81028,78
81029,78
81030,78
81031,78
81032,78
81033,78
81034,78
81035,78
81036,78
81037,78
81038,78
81039,78
81040,78
81041,78
81042,78
81043,78
81044,78
81045,78
81046,78
81047,78
81048,78
81049,78
81050,78
81051,78
81052,78
81053,78
81054,78
81055,78
81056,78
81057,78
81058,78
81059,78
81060,78
81061,78
81062,78
81063,78
81064,78
81065,78
81066,78
81067,78
81068,78
81069,78
81070,78
81071,78
81072,78
81073,78
81074,78
81075,78
81076,78
81077,78
81078,78
81079,78
81080,78
81081,78
81082,78
81083,78
81084,78
81085,78
81086,78
81087,78
81088,78
81089,78
81090,78
81091,78
81092,78
81093,78
81094,78
81095,78
81096,78
81097,78
81098,78
81099,78
81100,78
81101,78
81102,78
81103,78
81104,78
81105,78
81106,78
81107,78
81108,78
81109,78
81110,78
81111,78
81112,78
81113,78
81114,78
81115,78
81116,78
81117,78
81118,78
81119,78
81120,78
81121,78
81122,78
81123,78
81124,78
81125,78
81126,78
81127,78
81128,78
81129,78
81130,78
81131,78
81132,78
81133,78
81134,78
81135,78
81136,78
81137,78
81138,78
81139,78
81140,78
81141,78
81142,78
81143,78
81144,78
81145,78
81146,78
81147,78
81148,78
81149,78
81150,78
81151,78
81152,78
81153,78
81154,78
81155,78
81156,78
81157,78
81158,78
81159,78
81160,78
81161,78
81162,78
81163,78
81164,78
81165,78
81166,78
81167,78
81168,78
81169,78
81170,78
81171,78
81172,78
81173,78
81174,78
81175,78
81176,78
81177,78
81178,78
81179,78
81180,78
81181,78
81182,78
81183,78
81184,78
81185,78
81186,78
81187,78
81188,78
81189,78
81190,78
81191,78
81192,78
81193,78
81194,78
81195,78
81196,78
81197,78
81198,78
81199,78
81200,78
81201,78
81202,78
81203,78
81204,78
81205,78
81206,78
81207,78
81208,78
81209,78
81210,78
81211,78
81212,78
81213,78
81214,78
81215,78
81216,78
81217,78
81218,78
81219,78
81220,78
81221,78
81222,78
81223,78
81224,78
81225,78
81226,78
81227,78
81228,78
81229,78
81230,78
81231,78
81232,78
81233,78
81234,78
81235,78
81236,78
81237,78
81238,78
81239,78
81240,78
81241,78
81242,78
81243,78
81244,78
81245,78
81246,78
81247,78
81248,78
81249,78
81250,78
81251,78
81252,78
81253,78
81254,78
81255,78
81256,78
81257,78
81258,78
81259,78
81260,78
81261,78
81262,78
81263,78
81264,78
81265,78
81266,78
81267,78
81268,78
81269,78
81270,78
81271,78
81272,78
81273,78
81274,78
81275,78
81276,78
81277,78
81278,78
81279,78
81280,78
81281,78
81282,78
81283,78
81284,78
81285,78
81286,78
81287,78
81288,78
81289,78
81290,78
81291,78
81292,78
81293,78
81294,78
81295,78
81296,78
81297,78
81298,78
81299,78
81300,78
81301,78
81302,78
81303,78
81304,78
81305,78
81306,78
81307,78
81308,78
81309,78
81310,78
81311,78
81312,78
81313,78
81314,78
81315,78
81316,78
81317,78
81318,78
81319,78
81320,78
81321,78
81322,78
81323,78
81324,78
81325,78
81326,78
81327,78
81328,78
81329,78
81330,78
81331,78
81332,78
81333,78
81334,78
81335,78
81336,78
81337,78
81338,78
81339,78
81340,78
81341,78
81342,78
81343,78
81344,78
81345,78
81346,78
81347,78
81348,78
81349,78
81350,78
81351,78
81352,78
81353,78
81354,78
81355,78
81356,78
81357,78
81358,78
81359,78
81360,78
81361,78
81362,78
81363,78
81364,78
81365,78
81366,78
81367,78
81368,78
81369,78
81370,78
81371,78
81372,78
81373,78
81374,78
81375,78
81376,78
81377,78
81378,78
81379,78
81380,78
81381,78
81382,78
81383,78
81384,78
81385,78
81386,78
81387,78
81388,78
81389,78
81390,78
81391,78
81392,78
81393,78
81394,78
81395,78
81396,78
81397,78
81398,78
81399,78
81400,78
81401,78
81402,78
81403,78
81404,78
81405,78
81406,78
81407,78
81408,78
81409,78
81410,78
81411,78
81412,78
81413,78
81414,78
81415,78
81416,78
81417,78
81418,78
81419,78
81420,78
81421,78
81422,78
81423,78
81424,78
81425,78
81426,78
81427,78
81428,78
81429,78
81430,78
81431,78
81432,78
81433,78
81434,78
81435,78
81436,78
81437,78
81438,78
81439,78
81440,78
81441,78
81442,78
81443,78
81444,78
81445,78
81446,78
81447,78
81448,78
81449,78
81450,78
81451,78
81452,78
81453,78
81454,78
81455,78
81456,78
81457,78
81458,78
81459,78
81460,78
81461,78
81462,78
81463,78
81464,78
81465,78
81466,78
81467,78
81468,78
81469,78
81470,78
81471,78
81472,78
81473,78
81474,78
81475,78
81476,78
81477,78
81478,78
81479,78
81480,78
81481,78
81482,78
81483,78
81484,78
81485,78
81486,78
81487,78
81488,78
81489,78
81490,78
81491,78
81492,78
81493,78
81494,78
81495,78
81496,78
81497,78
81498,78
81499,78
81500,78
81501,78
81502,78
81503,78
81504,78
81505,78
81506,78
81507,78
81508,78
81509,78
81510,78
81511,78
81512,78
81513,78
81514,78
81515,78
81516,78
81517,78
81518,78
81519,78
81520,78
81521,78
81522,78
81523,78
81524,78
81525,78
81526,78
81527,78
81528,78
81529,78
81530,78
81531,78
81532,78
81533,78
81534,78
81535,78
81536,78
81537,78
81538,78
81539,78
81540,78
81541,78
81542,78
81543,78
81544,78
81545,78
81546,78
81547,78
81548,78
81549,78
81550,78
81551,78
81552,78
81553,78
81554,78
81555,78
81556,78
81557,78
81558,78
81559,78
81560,78
81561,78
81562,78
81563,78
81564,78
81565,78
81566,78
81567,78
81568,78
81569,78
81570,78
81571,78
81572,78
81573,78
81574,78
81575,78
81576,78
81577,78
81578,78
81579,78
81580,78
81581,78
81582,78
81583,78
81584,78
81585,78
81586,78
81587,78
81588,78
81589,78
81590,78
81591,78
81592,78
81593,78
81594,78
81595,78
81596,78
81597,78
81598,78
81599,78
81600,78
81601,78
81602,78
81603,78
81604,78
81605,78
81606,78
81607,78
81608,78
81609,78
81610,78
81611,78
81612,78
81613,78
81614,78
81615,78
81616,78
81617,78
81618,78
81619,78
81620,78
81621,78
81622,78
81623,78
81624,78
81625,78
81626,78
81627,78
81628,78
81629,78
81630,78
81631,78
81632,78
81633,78
81634,78
81635,78
81636,78
81637,78
81638,78
81639,78
81640,78
81641,78
81642,78
81643,78
81644,78
81645,78
81646,78
81647,78
81648,78
81649,78
81650,78
81651,78
81652,78
81653,78
81654,78
81655,78
81656,78
81657,78
81658,78
81659,78
81660,78
81661,78
81662,78
81663,78
81664,78
81665,78
81666,78
81667,78
81668,78
81669,78
81670,78
81671,78
81672,78
81673,78
81674,78
81675,78
81676,78
81677,78
81678,78
81679,78
81680,78
81681,78
81682,78
81683,78
81684,78
81685,78
81686,78
81687,78
81688,78
81689,78
81690,78
81691,78
81692,78
81693,78
81694,78
81695,78
81696,78
81697,78
81698,78
81699,78
81700,78
81701,78
81702,78
81703,78
81704,78
81705,78
81706,78
81707,78
81708,78
81709,78
81710,78
81711,78
81712,78
81713,78
81714,78
81715,78
81716,78
81717,78
81718,78
81719,78
81720,78
81721,78
81722,78
81723,78
81724,78
81725,78
81726,78
81727,78
81728,78
81729,78
81730,78
81731,78
81732,78
81733,78
81734,78
81735,78
81736,78
81737,78
81738,78
81739,78
81740,78
81741,78
81742,78
81743,78
81744,78
81745,78
81746,78
81747,78
81748,78
81749,78
81750,78
81751,78
81752,78
81753,78
81754,78
81755,78
81756,78
81757,78
81758,78
81759,78
81760,78
81761,78
81762,78
81763,78
81764,78
81765,78
81766,78
81767,78
81768,78
81769,78
81770,78
81771,78
81772,78
81773,78
81774,78
81775,78
81776,78
81777,78
81778,78
81779,78
81780,78
81781,78
81782,78
81783,78
81784,78
81785,78
81786,78
81787,78
81788,78
81789,78
81790,78
81791,78
81792,78
81793,78
81794,78
81795,78
81796,78
81797,78
81798,78
81799,78
81800,78
81801,78
81802,78
81803,78
81804,78
81805,78
81806,78
81807,78
81808,78
81809,78
81810,78
81811,78
81812,78
81813,78
81814,78
81815,78
81816,78
81817,78
81818,78
81819,78
81820,78
81821,78
81822,78
81823,78
81824,78
81825,78
81826,78
81827,78
81828,78
81829,78
81830,78
81831,78
81832,78
81833,78
81834,78
81835,78
81836,78
81837,78
81838,78
81839,78
81840,78
81841,78
81842,78
81843,78
81844,78
81845,78
81846,78
81847,78
81848,78
81849,78
81850,78
81851,78
81852,78
81853,78
81854,78
81855,78
81856,78
81857,78
81858,78
81859,78
81860,78
81861,78
81862,78
81863,78
81864,78
81865,78
81866,78
81867,78
81868,78
81869,78
81870,78
81871,78
81872,78
81873,78
81874,78
81875,78
81876,78
81877,78
81878,78
81879,78
81880,78
81881,78
81882,78
81883,78
81884,78
81885,78
81886,78
81887,78
81888,78
81889,78
81890,78
81891,78
81892,78
81893,78
81894,78
81895,78
81896,78
81897,78
81898,78
81899,78
81900,78
81901,78
81902,78
81903,78
81904,78
81905,78
81906,78
81907,78
81908,78
81909,78
81910,78
81911,78
81912,78
81913,78
81914,78
81915,78
81916,78
81917,78
81918,78
81919,78
81920,78
81921,78
81922,78
81923,78
81924,78
81925,78
81926,78
81927,78
81928,78
81929,78
81930,78
81931,78
81932,78
81933,78
81934,78
81935,78
81936,78
81937,78
81938,78
81939,78
81940,78
81941,78
81942,78
81943,78
81944,78
81945,78
81946,78
81947,78
81948,78
81949,78
81950,78
81951,78
81952,78
81953,78
81954,78
81955,78
81956,78
81957,78
81958,78
81959,78
81960,78
81961,78
81962,78
81963,78
81964,78
81965,78
81966,78
81967,78
81968,78
81969,78
81970,78
81971,78
81972,78
81973,78
81974,78
81975,78
81976,78
81977,78
81978,78
81979,78
81980,78
81981,78
81982,78
81983,78
81984,78
81985,78
81986,78
81987,78
81988,78
81989,78
81990,78
81991,78
81992,78
81993,78
81994,78
81995,78
81996,78
81997,78
81998,78
81999,78
82000,78
82001,78
82002,78
82003,78
82004,78
82005,78
82006,78
82007,78
82008,78
82009,78
82010,78
82011,78
82012,78
82013,78
82014,78
82015,78
82016,78
82017,78
82018,78
82019,78
82020,78
82021,78
82022,78
82023,78
82024,78
82025,78
82026,78
82027,78
82028,78
82029,78
82030,78
82031,78
82032,78
82033,78
82034,78
82035,78
82036,78
82037,78
82038,78
82039,78
82040,78
82041,78
82042,78
82043,78
82044,78
82045,78
82046,78
82047,78
82048,78
82049,78
82050,78
82051,78
82052,78
82053,78
82054,78
82055,78
82056,78
82057,78
82058,78
82059,78
82060,78
82061,78
82062,78
82063,78
82064,78
82065,78
82066,78
82067,78
82068,78
82069,78
82070,78
82071,78
82072,78
82073,78
82074,78
82075,78
82076,78
82077,78
82078,78
82079,78
82080,78
82081,78
82082,78
82083,78
82084,78
82085,78
82086,78
82087,78
82088,78
82089,78
82090,78
82091,78
82092,78
82093,78
82094,78
82095,78
82096,78
82097,78
82098,78
82099,78
82100,78
82101,78
82102,78
82103,78
82104,78
82105,78
82106,78
82107,78
82108,78
82109,78
82110,78
82111,78
82112,78
82113,78
82114,78
82115,78
82116,78
82117,78
82118,78
82119,78
82120,78
82121,78
82122,78
82123,78
82124,78
82125,78
82126,78
82127,78
82128,78
82129,78
82130,78
82131,78
82132,78
82133,78
82134,78
82135,78
82136,78
82137,78
82138,78
82139,78
82140,78
82141,78
82142,78
82143,78
82144,78
82145,78
82146,78
82147,78
82148,78
82149,78
82150,78
82151,78
82152,78
82153,78
82154,78
82155,78
82156,78
82157,78
82158,78
82159,78
82160,78
82161,78
82162,78
82163,78
82164,78
82165,78
82166,78
82167,78
82168,78
82169,78
82170,78
82171,78
82172,78
82173,78
82174,78
82175,78
82176,78
82177,78
82178,78
82179,78
82180,78
82181,78
82182,78
82183,78
82184,78
82185,78
82186,78
82187,78
82188,78
82189,78
82190,78
82191,78
82192,78
82193,78
82194,78
82195,78
82196,78
82197,78
82198,78
82199,78
82200,78
82201,78
82202,78
82203,78
82204,78
82205,78
82206,78
82207,78
82208,78
82209,78
82210,78
82211,78
82212,78
82213,78
82214,78
82215,78
82216,78
82217,78
82218,78
82219,78
82220,78
82221,78
82222,78
82223,78
82224,78
82225,78
82226,78
82227,78
82228,78
82229,78
82230,78
82231,78
82232,78
82233,78
82234,78
82235,78
82236,78
82237,78
82238,78
82239,78
82240,78
82241,78
82242,78
82243,78
82244,78
82245,78
82246,78
82247,78
82248,78
82249,78
82250,78
82251,78
82252,78
82253,78
82254,78
82255,78
82256,78
82257,78
82258,78
82259,78
82260,78
82261,78
82262,78
82263,78
82264,78
82265,78
82266,78
82267,78
82268,78
82269,78
82270,78
82271,78
82272,78
82273,78
82274,78
82275,78
82276,78
82277,78
82278,78
82279,78
82280,78
82281,78
82282,78
82283,78
82284,78
82285,78
82286,78
82287,78
82288,78
82289,78
82290,78
82291,78
82292,78
82293,78
82294,78
82295,78
82296,78
82297,78
82298,78
82299,78
82300,78
82301,78
82302,78
82303,78
82304,78
82305,78
82306,78
82307,78
82308,78
82309,78
82310,78
82311,78
82312,78
82313,78
82314,78
82315,78
82316,78
82317,78
82318,78
82319,78
82320,78
82321,78
82322,78
82323,78
82324,78
82325,78
82326,78
82327,78
82328,78
82329,78
82330,78
82331,78
82332,78
82333,78
82334,78
82335,78
82336,78
82337,78
82338,78
82339,78
82340,78
82341,78
82342,78
82343,78
82344,78
82345,78
82346,78
82347,78
82348,78
82349,78
82350,78
82351,78
82352,78
82353,78
82354,78
82355,78
82356,78
82357,78
82358,78
82359,78
82360,78
82361,78
82362,78
82363,78
82364,78
82365,78
82366,78
82367,78
82368,78
82369,78
82370,78
82371,78
82372,78
82373,78
82374,78
82375,78
82376,78
82377,78
82378,78
82379,78
82380,78
82381,78
82382,78
82383,78
82384,78
82385,78
82386,78
82387,78
82388,78
82389,78
82390,78
82391,78
82392,78
82393,78
82394,78
82395,78
82396,78
82397,78
82398,78
82399,78
82400,78
82401,78
82402,78
82403,78
82404,78
82405,78
82406,78
82407,78
82408,78
82409,78
82410,78
82411,78
82412,78
82413,78
82414,78
82415,78
82416,78
82417,78
82418,78
82419,78
82420,78
82421,78
82422,78
82423,78
82424,78
82425,78
82426,78
82427,78
82428,78
82429,78
82430,78
82431,78
82432,78
82433,78
82434,78
82435,78
82436,78
82437,78
82438,78
82439,78
82440,78
82441,78
82442,78
82443,78
82444,78
82445,78
82446,78
82447,78
82448,78
82449,78
82450,78
82451,78
82452,78
82453,78
82454,78
82455,78
82456,78
82457,78
82458,78
82459,78
82460,78
82461,78
82462,78
82463,78
82464,78
82465,78
82466,78
82467,78
82468,78
82469,78
82470,78
82471,78
82472,78
82473,78
82474,78
82475,78
82476,78
82477,78
82478,78
82479,78
82480,78
82481,78
82482,78
82483,78
82484,78
82485,78
82486,78
82487,78
82488,78
82489,78
82490,78
82491,78
82492,78
82493,78
82494,78
82495,78
82496,78
82497,78
82498,78
82499,78
82500,78
82501,78
82502,78
82503,78
82504,78
82505,78
82506,78
82507,78
82508,78
82509,78
82510,78
82511,78
82512,78
82513,78
82514,78
82515,78
82516,78
82517,78
82518,78
82519,78
82520,78
82521,78
82522,78
82523,78
82524,78
82525,78
82526,78
82527,78
82528,78
82529,78
82530,78
82531,78
82532,78
82533,78
82534,78
82535,78
82536,78
82537,78
82538,78
82539,78
82540,78
82541,78
82542,78
82543,78
82544,78
82545,78
82546,78
82547,78
82548,78
82549,78
82550,78
82551,78
82552,78
82553,78
82554,78
82555,78
82556,78
82557,78
82558,78
82559,78
82560,78
82561,78
82562,78
82563,78
82564,78
82565,78
82566,78
82567,78
82568,78
82569,78
82570,78
82571,78
82572,78
82573,78
82574,78
82575,78
82576,78
82577,78
82578,78
82579,78
82580,78
82581,78
82582,78
82583,78
82584,78
82585,78
82586,78
82587,78
82588,78
82589,78
82590,78
82591,78
82592,78
82593,78
82594,78
82595,78
82596,78
82597,78
82598,78
82599,78
82600,78
82601,78
82602,78
82603,78
82604,78
82605,78
82606,78
82607,78
82608,78
82609,78
82610,78
82611,78
82612,78
82613,78
82614,78
82615,78
82616,78
82617,78
82618,78
82619,78
82620,78
82621,78
82622,78
82623,78
82624,78
82625,78
82626,78
82627,78
82628,78
82629,78
82630,78
82631,78
82632,78
82633,78
82634,78
82635,78
82636,78
82637,78
82638,78
82639,78
82640,78
82641,78
82642,78
82643,78
82644,78
82645,78
82646,78
82647,78
82648,78
82649,78
82650,78
82651,78
82652,78
82653,78
82654,78
82655,78
82656,78
82657,78
82658,78
82659,78
82660,78
82661,78
82662,78
82663,78
82664,78
82665,78
82666,78
82667,78
82668,78
82669,78
82670,78
82671,78
82672,78
82673,78
82674,78
82675,78
82676,78
82677,78
82678,78
82679,78
82680,78
82681,78
82682,78
82683,78
82684,78
82685,78
82686,78
82687,78
82688,78
82689,78
82690,78
82691,78
82692,78
82693,78
82694,78
82695,78
82696,78
82697,78
82698,78
82699,78
82700,78
82701,78
82702,78
82703,78
82704,78
82705,78
82706,78
82707,78
82708,78
82709,78
82710,78
82711,78
82712,78
82713,78
82714,78
82715,78
82716,78
82717,78
82718,78
82719,78
82720,78
82721,78
82722,78
82723,78
82724,78
82725,78
82726,78
82727,78
82728,78
82729,78
82730,78
82731,78
82732,78
82733,78
82734,78
82735,78
82736,78
82737,78
82738,78
82739,78
82740,78
82741,78
82742,78
82743,78
82744,78
82745,78
82746,78
82747,78
82748,78
82749,78
82750,78
82751,78
82752,78
82753,78
82754,78
82755,78
82756,78
82757,78
82758,78
82759,78
82760,78
82761,78
82762,78
82763,78
82764,78
82765,78
82766,78
82767,78
82768,78
82769,78
82770,78
82771,78
82772,78
82773,78
82774,78
82775,78
82776,78
82777,78
82778,78
82779,78
82780,78
82781,78
82782,78
82783,78
82784,78
82785,78
82786,78
82787,78
82788,78
82789,78
82790,78
82791,78
82792,78
82793,78
82794,78
82795,78
82796,78
82797,78
82798,78
82799,78
82800,78
82801,78
82802,78
82803,78
82804,78
82805,78
82806,78
82807,78
82808,78
82809,78
82810,78
82811,78
82812,78
82813,78
82814,78
82815,78
82816,78
82817,78
82818,78
82819,78
82820,78
82821,78
82822,78
82823,78
82824,78
82825,78
82826,78
82827,78
82828,78
82829,78
82830,78
82831,78
82832,78
82833,78
82834,78
82835,78
82836,78
82837,78
82838,78
82839,78
82840,78
82841,78
82842,78
82843,78
82844,78
82845,78
82846,78
82847,78
82848,78
82849,78
82850,78
82851,78
82852,78
82853,78
82854,78
82855,78
82856,78
82857,78
82858,78
82859,78
82860,78
82861,78
82862,78
82863,78
82864,78
82865,78
82866,78
82867,78
82868,78
82869,78
82870,78
82871,78
82872,78
82873,78
82874,78
82875,78
82876,78
82877,78
82878,78
82879,78
82880,78
82881,78
82882,78
82883,78
82884,78
82885,78
82886,78
82887,78
82888,78
82889,78
82890,78
82891,78
82892,78
82893,78
82894,78
82895,78
82896,78
82897,78
82898,78
82899,78
82900,78
82901,78
82902,78
82903,78
82904,78
82905,78
82906,78
82907,78
82908,78
82909,78
82910,78
82911,78
82912,78
82913,78
82914,78
82915,78
82916,78
82917,78
82918,78
82919,78
82920,78
82921,78
82922,78
82923,78
82924,78
82925,78
82926,78
82927,78
82928,78
82929,78
82930,78
82931,78
82932,78
82933,78
82934,78
82935,78
82936,78
82937,78
82938,78
82939,78
82940,78
82941,78
82942,78
82943,78
82944,78
82945,78
82946,78
82947,78
82948,78
82949,78
82950,78
82951,78
82952,78
82953,78
82954,78
82955,78
82956,78
82957,78
82958,78
82959,78
82960,78
82961,78
82962,78
82963,78
82964,78
82965,78
82966,78
82967,78
82968,78
82969,78
82970,78
82971,78
82972,78
82973,78
82974,78
82975,78
82976,78
82977,78
82978,78
82979,78
82980,78
82981,78
82982,78
82983,78
82984,78
82985,78
82986,78
82987,78
82988,78
82989,78
82990,78
82991,78
82992,78
82993,78
82994,78
82995,78
82996,78
82997,78
82998,78
82999,78
83000,78
83001,78
83002,78
83003,78
83004,78
83005,78
83006,78
83007,78
83008,78
83009,78
83010,78
83011,78
83012,78
83013,78
83014,78
83015,78
83016,78
83017,78
83018,78
83019,78
83020,78
83021,78
83022,78
83023,78
83024,78
83025,78
83026,78
83027,78
83028,78
83029,78
83030,78
83031,78
83032,78
83033,78
83034,78
83035,78
83036,78
83037,78
83038,78
83039,78
83040,78
83041,78
83042,78
83043,78
83044,78
83045,78
83046,78
83047,78
83048,78
83049,78
83050,78
83051,78
83052,78
83053,78
83054,78
83055,78
83056,78
83057,78
83058,78
83059,78
83060,78
83061,78
83062,78
83063,78
83064,78
83065,78
83066,78
83067,78
83068,78
83069,78
83070,78
83071,78
83072,78
83073,78
83074,78
83075,78
83076,78
83077,78
83078,78
83079,78
83080,78
83081,78
83082,78
83083,78
83084,78
83085,78
83086,78
83087,78
83088,78
83089,78
83090,78
83091,78
83092,78
83093,78
83094,78
83095,78
83096,78
83097,78
83098,78
83099,78
83100,78
83101,78
83102,78
83103,78
83104,78
83105,78
83106,78
83107,78
83108,78
83109,78
83110,78
83111,78
83112,78
83113,78
83114,78
83115,78
83116,78
83117,78
83118,78
83119,78
83120,78
83121,78
83122,78
83123,78
83124,78
83125,78
83126,78
83127,78
83128,78
83129,78
83130,78
83131,78
83132,78
83133,78
83134,78
83135,78
83136,78
83137,78
83138,78
83139,78
83140,78
83141,78
83142,78
83143,78
83144,78
83145,78
83146,78
83147,78
83148,78
83149,78
83150,78
83151,78
83152,78
83153,78
83154,78
83155,78
83156,78
83157,78
83158,78
83159,78
83160,78
83161,78
83162,78
83163,78
83164,78
83165,78
83166,78
83167,78
83168,78
83169,78
83170,78
83171,78
83172,78
83173,78
83174,78
83175,78
83176,78
83177,78
83178,78
83179,78
83180,78
83181,78
83182,78
83183,78
83184,78
83185,78
83186,78
83187,78
83188,78
83189,78
83190,78
83191,78
83192,78
83193,78
83194,78
83195,78
83196,78
83197,78
83198,78
83199,78
83200,78
83201,78
83202,78
83203,78
83204,78
83205,78
83206,78
83207,78
83208,78
83209,78
83210,78
83211,78
83212,78
83213,78
83214,78
83215,78
83216,78
83217,78
83218,78
83219,78
83220,78
83221,78
83222,78
83223,78
83224,78
83225,78
83226,78
83227,78
83228,78
83229,78
83230,78
83231,78
83232,78
83233,78
83234,78
83235,78
83236,78
83237,78
83238,78
83239,78
83240,78
83241,78
83242,78
83243,78
83244,78
83245,78
83246,78
83247,78
83248,78
83249,78
83250,78
83251,78
83252,78
83253,78
83254,78
83255,78
83256,78
83257,78
83258,78
83259,78
83260,78
83261,78
83262,78
83263,78
83264,78
83265,78
83266,78
83267,78
83268,78
83269,78
83270,78
83271,78
83272,78
83273,78
83274,78
83275,78
83276,78
83277,78
83278,78
83279,78
83280,78
83281,78
83282,78
83283,78
83284,78
83285,78
83286,78
83287,78
83288,78
83289,78
83290,78
83291,78
83292,78
83293,78
83294,78
83295,78
83296,78
83297,78
83298,78
83299,78
83300,78
83301,78
83302,78
83303,78
83304,78
83305,78
83306,78
83307,78
83308,78
83309,78
83310,78
83311,78
83312,78
83313,78
83314,78
83315,78
83316,78
83317,78
83318,78
83319,78
83320,78
83321,78
83322,78
83323,78
83324,78
83325,78
83326,78
83327,78
83328,78
83329,78
83330,78
83331,78
83332,78
83333,78
83334,78
83335,78
83336,78
83337,78
83338,78
83339,78
83340,78
83341,78
83342,78
83343,78
83344,78
83345,78
83346,78
83347,78
83348,78
83349,78
83350,78
83351,78
83352,78
83353,78
83354,78
83355,78
83356,78
83357,78
83358,78
83359,78
83360,78
83361,78
83362,78
83363,78
83364,78
83365,78
83366,78
83367,78
83368,78
83369,78
83370,78
83371,78
83372,78
83373,78
83374,78
83375,78
83376,78
83377,78
83378,78
83379,78
83380,78
83381,78
83382,78
83383,78
83384,78
83385,78
83386,78
83387,78
83388,78
83389,78
83390,78
83391,78
83392,78
83393,78
83394,78
83395,78
83396,78
83397,78
83398,78
83399,78
83400,78
83401,78
83402,78
83403,78
83404,78
83405,78
83406,78
83407,78
83408,78
83409,78
83410,78
83411,78
83412,78
83413,78
83414,78
83415,78
83416,78
83417,78
83418,78
83419,78
83420,78
83421,78
83422,78
83423,78
83424,78
83425,78
83426,78
83427,78
83428,78
83429,78
83430,78
83431,78
83432,78
83433,78
83434,78
83435,78
83436,78
83437,78
83438,78
83439,78
83440,78
83441,78
83442,78
83443,78
83444,78
83445,78
83446,78
83447,78
83448,78
83449,78
83450,78
83451,78
83452,78
83453,78
83454,78
83455,78
83456,78
83457,78
83458,78
83459,78
83460,78
83461,78
83462,78
83463,78
83464,78
83465,78
83466,78
83467,78
83468,78
83469,78
83470,78
83471,78
83472,78
83473,78
83474,78
83475,78
83476,78
83477,78
83478,78
83479,78
83480,78
83481,78
83482,78
83483,78
83484,78
83485,78
83486,78
83487,78
83488,78
83489,78
83490,78
83491,78
83492,78
83493,78
83494,78
83495,78
83496,78
83497,78
83498,78
83499,78
83500,78
83501,78
83502,78
83503,78
83504,78
83505,78
83506,78
83507,78
83508,78
83509,78
83510,78
83511,78
83512,78
83513,78
83514,78
83515,78
83516,78
83517,78
83518,78
83519,78
83520,78
83521,78
83522,78
83523,78
83524,78
83525,78
83526,78
83527,78
83528,78
83529,78
83530,78
83531,78
83532,78
83533,78
83534,78
83535,78
83536,78
83537,78
83538,78
83539,78
83540,78
83541,78
83542,78
83543,78
83544,78
83545,78
83546,78
83547,78
83548,78
83549,78
83550,78
83551,78
83552,78
83553,78
83554,78
83555,78
83556,78
83557,78
83558,78
83559,78
83560,78
83561,78
83562,78
83563,78
83564,78
83565,78
83566,78
83567,78
83568,78
83569,78
83570,78
83571,78
83572,78
83573,78
83574,78
83575,78
83576,78
83577,78
83578,78
83579,78
83580,78
83581,78
83582,78
83583,78
83584,78
83585,78
83586,78
83587,78
83588,78
83589,78
83590,78
83591,78
83592,78
83593,78
83594,78
83595,78
83596,78
83597,78
83598,78
83599,78
83600,78
83601,78
83602,78
83603,78
83604,78
83605,78
83606,78
83607,78
83608,78
83609,78
83610,78
83611,78
83612,78
83613,78
83614,78
83615,78
83616,78
83617,78
83618,78
83619,78
83620,78
83621,78
83622,78
83623,78
83624,78
83625,78
83626,78
83627,78
83628,78
83629,78
83630,78
83631,78
83632,78
83633,78
83634,78
83635,78
83636,78
83637,78
83638,78
83639,78
83640,78
83641,78
83642,78
83643,78
83644,78
83645,78
83646,78
83647,78
83648,78
83649,78
83650,78
83651,78
83652,78
83653,78
83654,78
83655,78
83656,78
83657,78
83658,78
83659,78
83660,78
83661,78
83662,78
83663,78
83664,78
83665,78
83666,78
83667,78
83668,78
83669,78
83670,78
83671,78
83672,78
83673,78
83674,78
83675,78
83676,78
83677,78
83678,78
83679,78
83680,78
83681,78
83682,78
83683,78
83684,78
83685,78
83686,78
83687,78
83688,78
83689,78
83690,78
83691,78
83692,78
83693,78
83694,78
83695,78
83696,78
83697,78
83698,78
83699,78
83700,78
83701,78
83702,78
83703,78
83704,78
83705,78
83706,78
83707,78
83708,78
83709,78
83710,78
83711,78
83712,78
83713,78
83714,78
83715,78
83716,78
83717,78
83718,78
83719,78
83720,78
83721,78
83722,78
83723,78
83724,78
83725,78
83726,78
83727,78
83728,78
83729,78
83730,78
83731,78
83732,78
83733,78
83734,78
83735,78
83736,78
83737,78
83738,78
83739,78
83740,78
83741,78
83742,78
83743,78
83744,78
83745,78
83746,78
83747,78
83748,78
83749,78
83750,78
83751,78
83752,78
83753,78
83754,78
83755,78
83756,78
83757,78
83758,78
83759,78
83760,78
83761,78
83762,78
83763,78
83764,78
83765,78
83766,78
83767,78
83768,78
83769,78
83770,78
83771,78
83772,78
83773,78
83774,78
83775,78
83776,78
83777,78
83778,78
83779,78
83780,78
83781,78
83782,78
83783,78
83784,78
83785,78
83786,78
83787,78
83788,78
83789,78
83790,78
83791,78
83792,78
83793,78
83794,78
83795,78
83796,78
83797,78
83798,78
83799,78
83800,78
83801,78
83802,78
83803,78
83804,78
83805,78
83806,78
83807,78
83808,78
83809,78
83810,78
83811,78
83812,78
83813,78
83814,78
83815,78
83816,78
83817,78
83818,78
83819,78
83820,78
83821,78
83822,78
83823,78
83824,78
83825,78
83826,78
83827,78
83828,78
83829,78
83830,78
83831,78
83832,78
83833,78
83834,78
83835,78
83836,78
83837,78
83838,78
83839,78
83840,78
83841,78
83842,78
83843,78
83844,78
83845,78
83846,78
83847,78
83848,78
83849,78
83850,78
83851,78
83852,78
83853,78
83854,78
83855,78
83856,78
83857,78
83858,78
83859,78
83860,78
83861,78
83862,78
83863,78
83864,78
83865,78
83866,78
83867,78
83868,78
83869,78
83870,78
83871,78
83872,78
83873,78
83874,78
83875,78
83876,78
83877,78
83878,78
83879,78
83880,78
83881,78
83882,78
83883,78
83884,78
83885,78
83886,78
83887,78
83888,78
83889,78
83890,78
83891,78
83892,78
83893,78
83894,78
83895,78
83896,78
83897,78
83898,78
83899,78
83900,78
83901,78
83902,78
83903,78
83904,78
83905,78
83906,78
83907,78
83908,78
83909,78
83910,78
83911,78
83912,78
83913,78
83914,78
83915,78
83916,78
83917,78
83918,78
83919,78
83920,78
83921,78
83922,78
83923,78
83924,78
83925,78
83926,78
83927,78
83928,78
83929,78
83930,78
83931,78
83932,78
83933,78
83934,78
83935,78
83936,78
83937,78
83938,78
83939,78
83940,78
83941,78
83942,78
83943,78
83944,78
83945,78
83946,78
83947,78
83948,78
83949,78
83950,78
83951,78
83952,78
83953,78
83954,78
83955,78
83956,78
83957,78
83958,78
83959,78
83960,78
83961,78
83962,78
83963,78
83964,78
83965,78
83966,78
83967,78
83968,78
83969,78
83970,78
83971,78
83972,78
83973,78
83974,78
83975,78
83976,78
83977,78
83978,78
83979,78
83980,78
83981,78
83982,78
83983,78
83984,78
83985,78
83986,78
83987,78
83988,78
83989,78
83990,78
83991,78
83992,78
83993,78
83994,78
83995,78
83996,78
83997,78
83998,78
83999,78
84000,78
84001,78
84002,78
84003,78
84004,78
84005,78
84006,78
84007,78
84008,78
84009,78
84010,78
84011,78
84012,78
84013,78
84014,78
84015,78
84016,78
84017,78
84018,78
84019,78
84020,78
84021,78
84022,78
84023,78
84024,78
84025,78
84026,78
84027,78
84028,78
84029,78
84030,78
84031,78
84032,78
84033,78
84034,78
84035,78
84036,78
84037,78
84038,78
84039,78
84040,78
84041,78
84042,78
84043,78
84044,78
84045,78
84046,78
84047,78
84048,78
84049,78
84050,78
84051,78
84052,78
84053,78
84054,78
84055,78
84056,78
84057,78
84058,78
84059,78
84060,78
84061,78
84062,78
84063,78
84064,78
84065,78
84066,78
84067,78
84068,78
84069,78
84070,78
84071,78
84072,78
84073,78
84074,78
84075,78
84076,78
84077,78
84078,78
84079,78
84080,78
84081,78
84082,78
84083,78
84084,78
84085,78
84086,78
84087,78
84088,78
84089,78
84090,78
84091,78
84092,78
84093,78
84094,78
84095,78
84096,78
84097,78
84098,78
84099,78
84100,78
84101,78
84102,78
84103,78
84104,78
84105,78
84106,78
84107,78
84108,78
84109,78
84110,78
84111,78
84112,78
84113,78
84114,78
84115,78
84116,78
84117,78
84118,78
84119,78
84120,78
84121,78
84122,78
84123,78
84124,78
84125,78
84126,78
84127,78
84128,78
84129,78
84130,78
84131,78
84132,78
84133,78
84134,78
84135,78
84136,78
84137,78
84138,78
84139,78
84140,78
84141,78
84142,78
84143,78
84144,78
84145,78
84146,78
84147,78
84148,78
84149,78
84150,78
84151,78
84152,78
84153,78
84154,78
84155,78
84156,78
84157,78
84158,78
84159,78
84160,78
84161,78
84162,78
84163,78
84164,78
84165,78
84166,78
84167,78
84168,78
84169,78
84170,78
84171,78
84172,78
84173,78
84174,78
84175,78
84176,78
84177,78
84178,78
84179,78
84180,78
84181,78
84182,78
84183,78
84184,78
84185,78
84186,78
84187,78
84188,78
84189,78
84190,78
84191,78
84192,78
84193,78
84194,78
84195,78
84196,78
84197,78
84198,78
84199,78
84200,78
84201,78
84202,78
84203,78
84204,78
84205,78
84206,78
84207,78
84208,78
84209,78
84210,78
84211,78
84212,78
84213,78
84214,78
84215,78
84216,78
84217,78
84218,78
84219,78
84220,78
84221,78
84222,78
84223,78
84224,78
84225,78
84226,78
84227,78
84228,78
84229,78
84230,78
84231,78
84232,78
84233,78
84234,78
84235,78
84236,78
84237,78
84238,78
84239,78
84240,78
84241,78
84242,78
84243,78
84244,78
84245,78
84246,78
84247,78
84248,78
84249,78
84250,78
84251,78
84252,78
84253,78
84254,78
84255,78
84256,78
84257,78
84258,78
84259,78
84260,78
84261,78
84262,78
84263,78
84264,78
84265,78
84266,78
84267,78
84268,78
84269,78
84270,78
84271,78
84272,78
84273,78
84274,78
84275,78
84276,78
84277,78
84278,78
84279,78
84280,78
84281,78
84282,78
84283,78
84284,78
84285,78
84286,78
84287,78
84288,78
84289,78
84290,78
84291,78
84292,78
84293,78
84294,78
84295,78
84296,78
84297,78
84298,78
84299,78
84300,78
84301,78
84302,78
84303,78
84304,78
84305,78
84306,78
84307,78
84308,78
84309,78
84310,78
84311,78
84312,78
84313,78
84314,78
84315,78
84316,78
84317,78
84318,78
84319,78
84320,78
84321,78
84322,78
84323,78
84324,78
84325,78
84326,78
84327,78
84328,78
84329,78
84330,78
84331,78
84332,78
84333,78
84334,78
84335,78
84336,78
84337,78
84338,78
84339,78
84340,78
84341,78
84342,78
84343,78
84344,78
84345,78
84346,78
84347,78
84348,78
84349,78
84350,78
84351,78
84352,78
84353,78
84354,78
84355,78
84356,78
84357,78
84358,78
84359,78
84360,78
84361,78
84362,78
84363,78
84364,78
84365,78
84366,78
84367,78
84368,78
84369,78
84370,78
84371,78
84372,78
84373,78
84374,78
84375,78
84376,78
84377,78
84378,78
84379,78
84380,78
84381,78
84382,78
84383,78
84384,78
84385,78
84386,78
84387,78
84388,78
84389,78
84390,78
84391,78
84392,78
84393,78
84394,78
84395,78
84396,78
84397,78
84398,78
84399,78
84400,78
84401,78
84402,78
84403,78
84404,78
84405,78
84406,78
84407,78
84408,78
84409,78
84410,78
84411,78
84412,78
84413,78
84414,78
84415,78
84416,78
84417,78
84418,78
84419,78
84420,78
84421,78
84422,78
84423,78
84424,78
84425,78
84426,78
84427,78
84428,78
84429,78
84430,78
84431,78
84432,78
84433,78
84434,78
84435,78
84436,78
84437,78
84438,78
84439,78
84440,78
84441,78
84442,78
84443,78
84444,78
84445,78
84446,78
84447,78
84448,78
84449,78
84450,78
84451,78
84452,78
84453,78
84454,78
84455,78
84456,78
84457,78
84458,78
84459,78
84460,78
84461,78
84462,78
84463,78
84464,78
84465,78
84466,78
84467,78
84468,78
84469,78
84470,78
84471,78
84472,78
84473,78
84474,78
84475,78
84476,78
84477,78
84478,78
84479,78
84480,78
84481,78
84482,78
84483,78
84484,78
84485,78
84486,78
84487,78
84488,78
84489,78
84490,78
84491,78
84492,78
84493,78
84494,78
84495,78
84496,78
84497,78
84498,78
84499,78
84500,78
84501,78
84502,78
84503,78
84504,78
84505,78
84506,78
84507,78
84508,78
84509,78
84510,78
84511,78
84512,78
84513,78
84514,78
84515,78
84516,78
84517,78
84518,78
84519,78
84520,78
84521,78
84522,78
84523,78
84524,78
84525,78
84526,78
84527,78
84528,78
84529,78
84530,78
84531,78
84532,78
84533,78
84534,78
84535,78
84536,78
84537,78
84538,78
84539,78
84540,78
84541,78
84542,78
84543,78
84544,78
84545,78
84546,78
84547,78
84548,78
84549,78
84550,78
84551,78
84552,78
84553,78
84554,78
84555,78
84556,78
84557,78
84558,78
84559,78
84560,78
84561,78
84562,78
84563,78
84564,78
84565,78
84566,78
84567,78
84568,78
84569,78
84570,78
84571,78
84572,78
84573,78
84574,78
84575,78
84576,78
84577,78
84578,78
84579,78
84580,78
84581,78
84582,78
84583,78
84584,78
84585,78
84586,78
84587,78
84588,78
84589,78
84590,78
84591,78
84592,78
84593,78
84594,78
84595,78
84596,78
84597,78
84598,78
84599,78
84600,78
84601,78
84602,78
84603,78
84604,78
84605,78
84606,78
84607,78
84608,78
84609,78
84610,78
84611,78
84612,78
84613,78
84614,78
84615,78
84616,78
84617,78
84618,78
84619,78
84620,78
84621,78
84622,78
84623,78
84624,78
84625,78
84626,78
84627,78
84628,78
84629,78
84630,78
84631,78
84632,78
84633,78
84634,78
84635,78
84636,78
84637,78
84638,78
84639,78
84640,78
84641,78
84642,78
84643,78
84644,78
84645,78
84646,78
84647,78
84648,78
84649,78
84650,78
84651,78
84652,78
84653,78
84654,78
84655,78
84656,78
84657,78
84658,78
84659,78
84660,78
84661,78
84662,78
84663,78
84664,78
84665,78
84666,78
84667,78
84668,78
84669,78
84670,78
84671,78
84672,78
84673,78
84674,78
84675,78
84676,78
84677,78
84678,78
84679,78
84680,78
84681,78
84682,78
84683,78
84684,78
84685,78
84686,78
84687,78
84688,78
84689,78
84690,78
84691,78
84692,78
84693,78
84694,78
84695,78
84696,78
84697,78
84698,78
84699,78
84700,78
84701,78
84702,78
84703,78
84704,78
84705,78
84706,78
84707,78
84708,78
84709,78
84710,78
84711,78
84712,78
84713,78
84714,78
84715,78
84716,78
84717,78
84718,78
84719,78
84720,78
84721,78
84722,78
84723,78
84724,78
84725,78
84726,78
84727,78
84728,78
84729,78
84730,78
84731,78
84732,78
84733,78
84734,78
84735,78
84736,78
84737,78
84738,78
84739,78
84740,78
84741,78
84742,78
84743,78
84744,78
84745,78
84746,78
84747,78
84748,78
84749,78
84750,78
84751,78
84752,78
84753,78
84754,78
84755,78
84756,78
84757,78
84758,78
84759,78
84760,78
84761,78
84762,78
84763,78
84764,78
84765,78
84766,78
84767,78
84768,78
84769,78
84770,78
84771,78
84772,78
84773,78
84774,78
84775,78
84776,78
84777,78
84778,78
84779,78
84780,78
84781,78
84782,78
84783,78
84784,78
84785,78
84786,78
84787,78
84788,78
84789,78
84790,78
84791,78
84792,78
84793,78
84794,78
84795,78
84796,78
84797,78
84798,78
84799,78
84800,78
84801,78
84802,78
84803,78
84804,78
84805,78
84806,78
84807,78
84808,78
84809,78
84810,78
84811,78
84812,78
84813,78
84814,78
84815,78
84816,78
84817,78
84818,78
84819,78
84820,78
84821,78
84822,78
84823,78
84824,78
84825,78
84826,78
84827,78
84828,78
84829,78
84830,78
84831,78
84832,78
84833,78
84834,78
84835,78
84836,78
84837,78
84838,78
84839,78
84840,78
84841,78
84842,78
84843,78
84844,78
84845,78
84846,78
84847,78
84848,78
84849,78
84850,78
84851,78
84852,78
84853,78
84854,78
84855,78
84856,78
84857,78
84858,78
84859,78
84860,78
84861,78
84862,78
84863,78
84864,78
84865,78
84866,78
84867,78
84868,78
84869,78
84870,78
84871,78
84872,78
84873,78
84874,78
84875,78
84876,78
84877,78
84878,78
84879,78
84880,78
84881,78
84882,78
84883,78
84884,78
84885,78
84886,78
84887,78
84888,78
84889,78
84890,78
84891,78
84892,78
84893,78
84894,78
84895,78
84896,78
84897,78
84898,78
84899,78
84900,78
84901,78
84902,78
84903,78
84904,78
84905,78
84906,78
84907,78
84908,78
84909,78
84910,78
84911,78
84912,78
84913,78
84914,78
84915,78
84916,78
84917,78
84918,78
84919,78
84920,78
84921,78
84922,78
84923,78
84924,78
84925,78
84926,78
84927,78
84928,78
84929,78
84930,78
84931,78
84932,78
84933,78
84934,78
84935,78
84936,78
84937,78
84938,78
84939,78
84940,78
84941,78
84942,78
84943,78
84944,78
84945,78
84946,78
84947,78
84948,78
84949,78
84950,78
84951,78
84952,78
84953,78
84954,78
84955,78
84956,78
84957,78
84958,78
84959,78
84960,78
84961,78
84962,78
84963,78
84964,78
84965,78
84966,78
84967,78
84968,78
84969,78
84970,78
84971,78
84972,78
84973,78
84974,78
84975,78
84976,78
84977,78
84978,78
84979,78
84980,78
84981,78
84982,78
84983,78
84984,78
84985,78
84986,78
84987,78
84988,78
84989,78
84990,78
84991,78
84992,78
84993,78
84994,78
84995,78
84996,78
84997,78
84998,78
84999,78
85000,78
85001,78
85002,78
85003,78
85004,78
85005,78
85006,78
85007,78
85008,78
85009,78
85010,78
85011,78
85012,78
85013,78
85014,78
85015,78
85016,78
85017,78
85018,78
85019,78
85020,78
85021,78
85022,78
85023,78
85024,78
85025,78
85026,78
85027,78
85028,78
85029,78
85030,78
85031,78
85032,78
85033,78
85034,78
85035,78
85036,78
85037,78
85038,78
85039,78
85040,78
85041,78
85042,78
85043,78
85044,78
85045,78
85046,78
85047,78
85048,78
85049,78
85050,78
85051,78
85052,78
85053,78
85054,78
85055,78
85056,78
85057,78
85058,78
85059,78
85060,78
85061,78
85062,78
85063,78
85064,78
85065,78
85066,78
85067,78
85068,78
85069,78
85070,78
85071,78
85072,78
85073,78
85074,78
85075,78
85076,78
85077,78
85078,78
85079,78
85080,78
85081,78
85082,78
85083,78
85084,78
85085,78
85086,78
85087,78
85088,78
85089,78
85090,78
85091,78
85092,78
85093,78
85094,78
85095,78
85096,78
85097,78
85098,78
85099,78
85100,78
85101,78
85102,78
85103,78
85104,78
85105,78
85106,78
85107,78
85108,78
85109,78
85110,78
85111,78
85112,78
85113,78
85114,78
85115,78
85116,78
85117,78
85118,78
85119,78
85120,78
85121,78
85122,78
85123,78
85124,78
85125,78
85126,78
85127,78
85128,78
85129,78
85130,78
85131,78
85132,78
85133,78
85134,78
85135,78
85136,78
85137,78
85138,78
85139,78
85140,78
85141,78
85142,78
85143,78
85144,78
85145,78
85146,78
85147,78
85148,78
85149,78
85150,78
85151,78
85152,78
85153,78
85154,78
85155,78
85156,78
85157,78
85158,78
85159,78
85160,78
85161,78
85162,78
85163,78
85164,78
85165,78
85166,78
85167,78
85168,78
85169,78
85170,78
85171,78
85172,78
85173,78
85174,78
85175,78
85176,78
85177,78
85178,78
85179,78
85180,78
85181,78
85182,78
85183,78
85184,78
85185,78
85186,78
85187,78
85188,78
85189,78
85190,78
85191,78
85192,78
85193,78
85194,78
85195,78
85196,78
85197,78
85198,78
85199,78
85200,78
85201,78
85202,78
85203,78
85204,78
85205,78
85206,78
85207,78
85208,78
85209,78
85210,78
85211,78
85212,78
85213,78
85214,78
85215,78
85216,78
85217,78
85218,78
85219,78
85220,78
85221,78
85222,78
85223,78
85224,78
85225,78
85226,78
85227,78
85228,78
85229,78
85230,78
85231,78
85232,78
85233,78
85234,78
85235,78
85236,78
85237,78
85238,78
85239,78
85240,78
85241,78
85242,78
85243,78
85244,78
85245,78
85246,78
85247,78
85248,78
85249,78
85250,78
85251,78
85252,78
85253,78
85254,78
85255,78
85256,78
85257,78
85258,78
85259,78
85260,78
85261,78
85262,78
85263,78
85264,78
85265,78
85266,78
85267,78
85268,78
85269,78
85270,78
85271,78
85272,78
85273,78
85274,78
85275,78
85276,78
85277,78
85278,78
85279,78
85280,78
85281,78
85282,78
85283,78
85284,78
85285,78
85286,78
85287,78
85288,78
85289,78
85290,78
85291,78
85292,78
85293,78
85294,78
85295,78
85296,78
85297,78
85298,78
85299,78
85300,78
85301,78
85302,78
85303,78
85304,78
85305,78
85306,78
85307,78
85308,78
85309,78
85310,78
85311,78
85312,78
85313,78
85314,78
85315,78
85316,78
85317,78
85318,78
85319,78
85320,78
85321,78
85322,78
85323,78
85324,78
85325,78
85326,78
85327,78
85328,78
85329,78
85330,78
85331,78
85332,78
85333,78
85334,78
85335,78
85336,78
85337,78
85338,78
85339,78
85340,78
85341,78
85342,78
85343,78
85344,78
85345,78
85346,78
85347,78
85348,78
85349,78
85350,78
85351,78
85352,78
85353,78
85354,78
85355,78
85356,78
85357,78
85358,78
85359,78
85360,78
85361,78
85362,78
85363,78
85364,78
85365,78
85366,78
85367,78
85368,78
85369,78
85370,78
85371,78
85372,78
85373,78
85374,78
85375,78
85376,78
85377,78
85378,78
85379,78
85380,78
85381,78
85382,78
85383,78
85384,78
85385,78
85386,78
85387,78
85388,78
85389,78
85390,78
85391,78
85392,78
85393,78
85394,78
85395,78
85396,78
85397,78
85398,78
85399,78
85400,78
85401,78
85402,78
85403,78
85404,78
85405,78
85406,78
85407,78
85408,78
85409,78
85410,78
85411,78
85412,78
85413,78
85414,78
85415,78
85416,78
85417,78
85418,78
85419,78
85420,78
85421,78
85422,78
85423,78
85424,78
85425,78
85426,78
85427,78
85428,78
85429,78
85430,78
85431,78
85432,78
85433,78
85434,78
85435,78
85436,78
85437,78
85438,78
85439,78
85440,78
85441,78
85442,78
85443,78
85444,78
85445,78
85446,78
85447,78
85448,78
85449,78
85450,78
85451,78
85452,78
85453,78
85454,78
85455,78
85456,78
85457,78
85458,78
85459,78
85460,78
85461,78
85462,78
85463,78
85464,78
85465,78
85466,78
85467,78
85468,78
85469,78
85470,78
85471,78
85472,78
85473,78
85474,78
85475,78
85476,78
85477,78
85478,78
85479,78
85480,78
85481,78
85482,78
85483,78
85484,78
85485,78
85486,78
85487,78
85488,78
85489,78
85490,78
85491,78
85492,78
85493,78
85494,78
85495,78
85496,78
85497,78
85498,78
85499,78
85500,78
85501,78
85502,78
85503,78
85504,78
85505,78
85506,78
85507,78
85508,78
85509,78
85510,78
85511,78
85512,78
85513,78
85514,78
85515,78
85516,78
85517,78
85518,78
85519,78
85520,78
85521,78
85522,78
85523,78
85524,78
85525,78
85526,78
85527,78
85528,78
85529,78
85530,78
85531,78
85532,78
85533,78
85534,78
85535,78
85536,78
85537,78
85538,78
85539,78
85540,78
85541,78
85542,78
85543,78
85544,78
85545,78
85546,78
85547,78
85548,78
85549,78
85550,78
85551,78
85552,78
85553,78
85554,78
85555,78
85556,78
85557,78
85558,78
85559,78
85560,78
85561,78
85562,78
85563,78
85564,78
85565,78
85566,78
85567,78
85568,78
85569,78
85570,78
85571,78
85572,78
85573,78
85574,78
85575,78
85576,78
85577,78
85578,78
85579,78
85580,78
85581,78
85582,78
85583,78
85584,78
85585,78
85586,78
85587,78
85588,78
85589,78
85590,78
85591,78
85592,78
85593,78
85594,78
85595,78
85596,78
85597,78
85598,78
85599,78
85600,78
85601,78
85602,78
85603,78
85604,78
85605,78
85606,78
85607,78
85608,78
85609,78
85610,78
85611,78
85612,78
85613,78
85614,78
85615,78
85616,78
85617,78
85618,78
85619,78
85620,78
85621,78
85622,78
85623,78
85624,78
85625,78
85626,78
85627,78
85628,78
85629,78
85630,78
85631,78
85632,78
85633,78
85634,78
85635,78
85636,78
85637,78
85638,78
85639,78
85640,78
85641,78
85642,78
85643,78
85644,78
85645,78
85646,78
85647,78
85648,78
85649,78
85650,78
85651,78
85652,78
85653,78
85654,78
85655,78
85656,78
85657,78
85658,78
85659,78
85660,78
85661,78
85662,78
85663,78
85664,78
85665,78
85666,78
85667,78
85668,78
85669,78
85670,78
85671,78
85672,78
85673,78
85674,78
85675,78
85676,78
85677,78
85678,78
85679,78
85680,78
85681,78
85682,78
85683,78
85684,78
85685,78
85686,78
85687,78
85688,78
85689,78
85690,78
85691,78
85692,78
85693,78
85694,78
85695,78
85696,78
85697,78
85698,78
85699,78
85700,78
85701,78
85702,78
85703,78
85704,78
85705,78
85706,78
85707,78
85708,78
85709,78
85710,78
85711,78
85712,78
85713,78
85714,78
85715,78
85716,78
85717,78
85718,78
85719,78
85720,78
85721,78
85722,78
85723,78
85724,78
85725,78
85726,78
85727,78
85728,78
85729,78
85730,78
85731,78
85732,78
85733,78
85734,78
85735,78
85736,78
85737,78
85738,78
85739,78
85740,78
85741,78
85742,78
85743,78
85744,78
85745,78
85746,78
85747,78
85748,78
85749,78
85750,78
85751,78
85752,78
85753,78
85754,78
85755,78
85756,78
85757,78
85758,78
85759,78
85760,78
85761,78
85762,78
85763,78
85764,78
85765,78
85766,78
85767,78
85768,78
85769,78
85770,78
85771,78
85772,78
85773,78
85774,78
85775,78
85776,78
85777,78
85778,78
85779,78
85780,78
85781,78
85782,78
85783,78
85784,78
85785,78
85786,78
85787,78
85788,78
85789,78
85790,78
85791,78
85792,78
85793,78
85794,78
85795,78
85796,78
85797,78
85798,78
85799,78
85800,78
85801,78
85802,78
85803,78
85804,78
85805,78
85806,78
85807,78
85808,78
85809,78
85810,78
85811,78
85812,78
85813,78
85814,78
85815,78
85816,78
85817,78
85818,78
85819,78
85820,78
85821,78
85822,78
85823,78
85824,78
85825,78
85826,78
85827,78
85828,78
85829,78
85830,78
85831,78
85832,78
85833,78
85834,78
85835,78
85836,78
85837,78
85838,78
85839,78
85840,78
85841,78
85842,78
85843,78
85844,78
85845,78
85846,78
85847,78
85848,78
85849,78
85850,78
85851,78
85852,78
85853,78
85854,78
85855,78
85856,78
85857,78
85858,78
85859,78
85860,78
85861,78
85862,78
85863,78
85864,78
85865,78
85866,78
85867,78
85868,78
85869,78
85870,78
85871,78
85872,78
85873,78
85874,78
85875,78
85876,78
85877,78
85878,78
85879,78
85880,78
85881,78
85882,78
85883,78
85884,78
85885,78
85886,78
85887,78
85888,78
85889,78
85890,78
85891,78
85892,78
85893,78
85894,78
85895,78
85896,78
85897,78
85898,78
85899,78
85900,78
85901,78
85902,78
85903,78
85904,78
85905,78
85906,78
85907,78
85908,78
85909,78
85910,78
85911,78
85912,78
85913,78
85914,78
85915,78
85916,78
85917,78
85918,78
85919,78
85920,78
85921,78
85922,78
85923,78
85924,78
85925,78
85926,78
85927,78
85928,78
85929,78
85930,78
85931,78
85932,78
85933,78
85934,78
85935,78
85936,78
85937,78
85938,78
85939,78
85940,78
85941,78
85942,78
85943,78
85944,78
85945,78
85946,78
85947,78
85948,78
85949,78
85950,78
85951,78
85952,78
85953,78
85954,78
85955,78
85956,78
85957,78
85958,78
85959,78
85960,78
85961,78
85962,78
85963,78
85964,78
85965,78
85966,78
85967,78
85968,78
85969,78
85970,78
85971,78
85972,78
85973,78
85974,78
85975,78
85976,78
85977,78
85978,78
85979,78
85980,78
85981,78
85982,78
85983,78
85984,78
85985,78
85986,78
85987,78
85988,78
85989,78
85990,78
85991,78
85992,78
85993,78
85994,78
85995,78
85996,78
85997,78
85998,78
85999,78
86000,78
86001,78
86002,78
86003,78
86004,78
86005,78
86006,78
86007,78
86008,78
86009,78
86010,78
86011,78
86012,78
86013,78
86014,78
86015,78
86016,78
86017,78
86018,78
86019,78
86020,78
86021,78
86022,78
86023,78
86024,78
86025,78
86026,78
86027,78
86028,78
86029,78
86030,78
86031,78
86032,78
86033,78
86034,78
86035,78
86036,78
86037,78
86038,78
86039,78
86040,78
86041,78
86042,78
86043,78
86044,78
86045,78
86046,78
86047,78
86048,78
86049,78
86050,78
86051,78
86052,78
86053,78
86054,78
86055,78
86056,78
86057,78
86058,78
86059,78
86060,78
86061,78
86062,78
86063,78
86064,78
86065,78
86066,78
86067,78
86068,78
86069,78
86070,78
86071,78
86072,78
86073,78
86074,78
86075,78
86076,78
86077,78
86078,78
86079,78
86080,78
86081,78
86082,78
86083,78
86084,78
86085,78
86086,78
86087,78
86088,78
86089,78
86090,78
86091,78
86092,78
86093,78
86094,78
86095,78
86096,78
86097,78
86098,78
86099,78
86100,78
86101,78
86102,78
86103,78
86104,78
86105,78
86106,78
86107,78
86108,78
86109,78
86110,78
86111,78
86112,78
86113,78
86114,78
86115,78
86116,78
86117,78
86118,78
86119,78
86120,78
86121,78
86122,78
86123,78
86124,78
86125,78
86126,78
86127,78
86128,78
86129,78
86130,78
86131,78
86132,78
86133,78
86134,78
86135,78
86136,78
86137,78
86138,78
86139,78
86140,78
86141,78
86142,78
86143,78
86144,78
86145,78
86146,78
86147,78
86148,78
86149,78
86150,78
86151,78
86152,78
86153,78
86154,78
86155,78
86156,78
86157,78
86158,78
86159,78
86160,78
86161,78
86162,78
86163,78
86164,78
86165,78
86166,78
86167,78
86168,78
86169,78
86170,78
86171,78
86172,78
86173,78
86174,78
86175,78
86176,78
86177,78
86178,78
86179,78
86180,78
86181,78
86182,78
86183,78
86184,78
86185,78
86186,78
86187,78
86188,78
86189,78
86190,78
86191,78
86192,78
86193,78
86194,78
86195,78
86196,78
86197,78
86198,78
86199,78
86200,78
86201,78
86202,78
86203,78
86204,78
86205,78
86206,78
86207,78
86208,78
86209,78
86210,78
86211,78
86212,78
86213,78
86214,78
86215,78
86216,78
86217,78
86218,78
86219,78
86220,78
86221,78
86222,78
86223,78
86224,78
86225,78
86226,78
86227,78
86228,78
86229,78
86230,78
86231,78
86232,78
86233,78
86234,78
86235,78
86236,78
86237,78
86238,78
86239,78
86240,78
86241,78
86242,78
86243,78
86244,78
86245,78
86246,78
86247,78
86248,78
86249,78
86250,78
86251,78
86252,78
86253,78
86254,78
86255,78
86256,78
86257,78
86258,78
86259,78
86260,78
86261,78
86262,78
86263,78
86264,78
86265,78
86266,78
86267,78
86268,78
86269,78
86270,78
86271,78
86272,78
86273,78
86274,78
86275,78
86276,78
86277,78
86278,78
86279,78
86280,78
86281,78
86282,78
86283,78
86284,78
86285,78
86286,78
86287,78
86288,78
86289,78
86290,78
86291,78
86292,78
86293,78
86294,78
86295,78
86296,78
86297,78
86298,78
86299,78
86300,78
86301,78
86302,78
86303,78
86304,78
86305,78
86306,78
86307,78
86308,78
86309,78
86310,78
86311,78
86312,78
86313,78
86314,78
86315,78
86316,78
86317,78
86318,78
86319,78
86320,78
86321,78
86322,78
86323,78
86324,78
86325,78
86326,78
86327,78
86328,78
86329,78
86330,78
86331,78
86332,78
86333,78
86334,78
86335,78
86336,78
86337,78
86338,78
86339,78
86340,78
86341,78
86342,78
86343,78
86344,78
86345,78
86346,78
86347,78
86348,78
86349,78
86350,78
86351,78
86352,78
86353,78
86354,78
86355,78
86356,78
86357,78
86358,78
86359,78
86360,78
86361,78
86362,78
86363,78
86364,78
86365,78
86366,78
86367,78
86368,78
86369,78
86370,78
86371,78
86372,78
86373,78
86374,78
86375,78
86376,78
86377,78
86378,78
86379,78
86380,78
86381,78
86382,78
86383,78
86384,78
86385,78
86386,78
86387,78
86388,78
86389,78
86390,78
86391,78
86392,78
86393,78
86394,78
86395,78
86396,78
86397,78
86398,78
86399,78
86400,78
86401,78
86402,78
86403,78
86404,78
86405,78
86406,78
86407,78
86408,78
86409,78
86410,78
86411,78
86412,78
86413,78
86414,78
86415,78
86416,78
86417,78
86418,78
86419,78
86420,78
86421,78
86422,78
86423,78
86424,78
86425,78
86426,78
86427,78
86428,78
86429,78
86430,78
86431,78
86432,78
86433,78
86434,78
86435,78
86436,78
86437,78
86438,78
86439,78
86440,78
86441,78
86442,78
86443,78
86444,78
86445,78
86446,78
86447,78
86448,78
86449,78
86450,78
86451,78
86452,78
86453,78
86454,78
86455,78
86456,78
86457,78
86458,78
86459,78
86460,78
86461,78
86462,78
86463,78
86464,78
86465,78
86466,78
86467,78
86468,78
86469,78
86470,78
86471,78
86472,78
86473,78
86474,78
86475,78
86476,78
86477,78
86478,78
86479,78
86480,78
86481,78
86482,78
86483,78
86484,78
86485,78
86486,78
86487,78
86488,78
86489,78
86490,78
86491,78
86492,78
86493,78
86494,78
86495,78
86496,78
86497,78
86498,78
86499,78
86500,78
86501,78
86502,78
86503,78
86504,78
86505,78
86506,78
86507,78
86508,78
86509,78
86510,78
86511,78
86512,78
86513,78
86514,78
86515,78
86516,78
86517,78
86518,78
86519,78
86520,78
86521,78
86522,78
86523,78
86524,78
86525,78
86526,78
86527,78
86528,78
86529,78
86530,78
86531,78
86532,78
86533,78
86534,78
86535,78
86536,78
86537,78
86538,78
86539,78
86540,78
86541,78
86542,78
86543,78
86544,78
86545,78
86546,78
86547,78
86548,78
86549,78
86550,78
86551,78
86552,78
86553,78
86554,78
86555,78
86556,78
86557,78
86558,78
86559,78
86560,78
86561,78
86562,78
86563,78
86564,78
86565,78
86566,78
86567,78
86568,78
86569,78
86570,78
86571,78
86572,78
86573,78
86574,78
86575,78
86576,78
86577,78
86578,78
86579,78
86580,78
86581,78
86582,78
86583,78
86584,78
86585,78
86586,78
86587,78
86588,78
86589,78
86590,78
86591,78
86592,78
86593,78
86594,78
86595,78
86596,78
86597,78
86598,78
86599,78
86600,78
86601,78
86602,78
86603,78
86604,78
86605,78
86606,78
86607,78
86608,78
86609,78
86610,78
86611,78
86612,78
86613,78
86614,78
86615,78
86616,78
86617,78
86618,78
86619,78
86620,78
86621,78
86622,78
86623,78
86624,78
86625,78
86626,78
86627,78
86628,78
86629,78
86630,78
86631,78
86632,78
86633,78
86634,78
86635,78
86636,78
86637,78
86638,78
86639,78
86640,78
86641,78
86642,78
86643,78
86644,78
86645,78
86646,78
86647,78
86648,78
86649,78
86650,78
86651,78
86652,78
86653,78
86654,78
86655,78
86656,78
86657,78
86658,78
86659,78
86660,78
86661,78
86662,78
86663,78
86664,78
86665,78
86666,78
86667,78
86668,78
86669,78
86670,78
86671,78
86672,78
86673,78
86674,78
86675,78
86676,78
86677,78
86678,78
86679,78
86680,78
86681,78
86682,78
86683,78
86684,78
86685,78
86686,78
86687,78
86688,78
86689,78
86690,78
86691,78
86692,78
86693,78
86694,78
86695,78
86696,78
86697,78
86698,78
86699,78
86700,78
86701,78
86702,78
86703,78
86704,78
86705,78
86706,78
86707,78
86708,78
86709,78
86710,78
86711,78
86712,78
86713,78
86714,78
86715,78
86716,78
86717,78
86718,78
86719,78
86720,78
86721,78
86722,78
86723,78
86724,78
86725,78
86726,78
86727,78
86728,78
86729,78
86730,78
86731,78
86732,78
86733,78
86734,78
86735,78
86736,78
86737,78
86738,78
86739,78
86740,78
86741,78
86742,78
86743,78
86744,78
86745,78
86746,78
86747,78
86748,78
86749,78
86750,78
86751,78
86752,78
86753,78
86754,78
86755,78
86756,78
86757,78
86758,78
86759,78
86760,78
86761,78
86762,78
86763,78
86764,78
86765,78
86766,78
86767,78
86768,78
86769,78
86770,78
86771,78
86772,78
86773,78
86774,78
86775,78
86776,78
86777,78
86778,78
86779,78
86780,78
86781,78
86782,78
86783,78
86784,78
86785,78
86786,78
86787,78
86788,78
86789,78
86790,78
86791,78
86792,78
86793,78
86794,78
86795,78
86796,78
86797,78
86798,78
86799,78
86800,78
86801,78
86802,78
86803,78
86804,78
86805,78
86806,78
86807,78
86808,78
86809,78
86810,78
86811,78
86812,78
86813,78
86814,78
86815,78
86816,78
86817,78
86818,78
86819,78
86820,78
86821,78
86822,78
86823,78
86824,78
86825,78
86826,78
86827,78
86828,78
86829,78
86830,78
86831,78
86832,78
86833,78
86834,78
86835,78
86836,78
86837,78
86838,78
86839,78
86840,78
86841,78
86842,78
86843,78
86844,78
86845,78
86846,78
86847,78
86848,78
86849,78
86850,78
86851,78
86852,78
86853,78
86854,78
86855,78
86856,78
86857,78
86858,78
86859,78
86860,78
86861,78
86862,78
86863,78
86864,78
86865,78
86866,78
86867,78
86868,78
86869,78
86870,78
86871,78
86872,78
86873,78
86874,78
86875,78
86876,78
86877,78
86878,78
86879,78
86880,78
86881,78
86882,78
86883,78
86884,78
86885,78
86886,78
86887,78
86888,78
86889,78
86890,78
86891,78
86892,78
86893,78
86894,78
86895,78
86896,78
86897,78
86898,78
86899,78
86900,78
86901,78
86902,78
86903,78
86904,78
86905,78
86906,78
86907,78
86908,78
86909,78
86910,78
86911,78
86912,78
86913,78
86914,78
86915,78
86916,78
86917,78
86918,78
86919,78
86920,78
86921,78
86922,78
86923,78
86924,78
86925,78
86926,78
86927,78
86928,78
86929,78
86930,78
86931,78
86932,78
86933,78
86934,78
86935,78
86936,78
86937,78
86938,78
86939,78
86940,78
86941,78
86942,78
86943,78
86944,78
86945,78
86946,78
86947,78
86948,78
86949,78
86950,78
86951,78
86952,78
86953,78
86954,78
86955,78
86956,78
86957,78
86958,78
86959,78
86960,78
86961,78
86962,78
86963,78
86964,78
86965,78
86966,78
86967,78
86968,78
86969,78
86970,78
86971,78
86972,78
86973,78
86974,78
86975,78
86976,78
86977,78
86978,78
86979,78
86980,78
86981,78
86982,78
86983,78
86984,78
86985,78
86986,78
86987,78
86988,78
86989,78
86990,78
86991,78
86992,78
86993,78
86994,78
86995,78
86996,78
86997,78
86998,78
86999,78
87000,78
87001,78
87002,78
87003,78
87004,78
87005,78
87006,78
87007,78
87008,78
87009,78
87010,78
87011,78
87012,78
87013,78
87014,78
87015,78
87016,78
87017,78
87018,78
87019,78
87020,78
87021,78
87022,78
87023,78
87024,78
87025,78
87026,78
87027,78
87028,78
87029,78
87030,78
87031,78
87032,78
87033,78
87034,78
87035,78
87036,78
87037,78
87038,78
87039,78
87040,78
87041,78
87042,78
87043,78
87044,78
87045,78
87046,78
87047,78
87048,78
87049,78
87050,78
87051,78
87052,78
87053,78
87054,78
87055,78
87056,78
87057,78
87058,78
87059,78
87060,78
87061,78
87062,78
87063,78
87064,78
87065,78
87066,78
87067,78
87068,78
87069,78
87070,78
87071,78
87072,78
87073,78
87074,78
87075,78
87076,78
87077,78
87078,78
87079,78
87080,78
87081,78
87082,78
87083,78
87084,78
87085,78
87086,78
87087,78
87088,78
87089,78
87090,78
87091,78
87092,78
87093,78
87094,78
87095,78
87096,78
87097,78
87098,78
87099,78
87100,78
87101,78
87102,78
87103,78
87104,78
87105,78
87106,78
87107,78
87108,78
87109,78
87110,78
87111,78
87112,78
87113,78
87114,78
87115,78
87116,78
87117,78
87118,78
87119,78
87120,78
87121,78
87122,78
87123,78
87124,78
87125,78
87126,78
87127,78
87128,78
87129,78
87130,78
87131,78
87132,78
87133,78
87134,78
87135,78
87136,78
87137,78
87138,78
87139,78
87140,78
87141,78
87142,78
87143,78
87144,78
87145,78
87146,78
87147,78
87148,78
87149,78
87150,78
87151,78
87152,78
87153,78
87154,78
87155,78
87156,78
87157,78
87158,78
87159,78
87160,78
87161,78
87162,78
87163,78
87164,78
87165,78
87166,78
87167,78
87168,78
87169,78
87170,78
87171,78
87172,78
87173,78
87174,78
87175,78
87176,78
87177,78
87178,78
87179,78
87180,78
87181,78
87182,78
87183,78
87184,78
87185,78
87186,78
87187,78
87188,78
87189,78
87190,78
87191,78
87192,78
87193,78
87194,78
87195,78
87196,78
87197,78
87198,78
87199,78
87200,78
87201,78
87202,78
87203,78
87204,78
87205,78
87206,78
87207,78
87208,78
87209,78
87210,78
87211,78
87212,78
87213,78
87214,78
87215,78
87216,78
87217,78
87218,78
87219,78
87220,78
87221,78
87222,78
87223,78
87224,78
87225,78
87226,78
87227,78
87228,78
87229,78
87230,78
87231,78
87232,78
87233,78
87234,78
87235,78
87236,78
87237,78
87238,78
87239,78
87240,78
87241,78
87242,78
87243,78
87244,78
87245,78
87246,78
87247,78
87248,78
87249,78
87250,78
87251,78
87252,78
87253,78
87254,78
87255,78
87256,78
87257,78
87258,78
87259,78
87260,78
87261,78
87262,78
87263,78
87264,78
87265,78
87266,78
87267,78
87268,78
87269,78
87270,78
87271,78
87272,78
87273,78
87274,78
87275,78
87276,78
87277,78
87278,78
87279,78
87280,78
87281,78
87282,78
87283,78
87284,78
87285,78
87286,78
87287,78
87288,78
87289,78
87290,78
87291,78
87292,78
87293,78
87294,78
87295,78
87296,78
87297,78
87298,78
87299,78
87300,78
87301,78
87302,78
87303,78
87304,78
87305,78
87306,78
87307,78
87308,78
87309,78
87310,78
87311,78
87312,78
87313,78
87314,78
87315,78
87316,78
87317,78
87318,78
87319,78
87320,78
87321,78
87322,78
87323,78
87324,78
87325,78
87326,78
87327,78
87328,78
87329,78
87330,78
87331,78
87332,78
87333,78
87334,78
87335,78
87336,78
87337,78
87338,78
87339,78
87340,78
87341,78
87342,78
87343,78
87344,78
87345,78
87346,78
87347,78
87348,78
87349,78
87350,78
87351,78
87352,78
87353,78
87354,78
87355,78
87356,78
87357,78
87358,78
87359,78
87360,78
87361,78
87362,78
87363,78
87364,78
87365,78
87366,78
87367,78
87368,78
87369,78
87370,78
87371,78
87372,78
87373,78
87374,78
87375,78
87376,78
87377,78
87378,78
87379,78
87380,78
87381,78
87382,78
87383,78
87384,78
87385,78
87386,78
87387,78
87388,78
87389,78
87390,78
87391,78
87392,78
87393,78
87394,78
87395,78
87396,78
87397,78
87398,78
87399,78
87400,78
87401,78
87402,78
87403,78
87404,78
87405,78
87406,78
87407,78
87408,78
87409,78
87410,78
87411,78
87412,78
87413,78
87414,78
87415,78
87416,78
87417,78
87418,78
87419,78
87420,78
87421,78
87422,78
87423,78
87424,78
87425,78
87426,78
87427,78
87428,78
87429,78
87430,78
87431,78
87432,78
87433,78
87434,78
87435,78
87436,78
87437,78
87438,78
87439,78
87440,78
87441,78
87442,78
87443,78
87444,78
87445,78
87446,78
87447,78
87448,78
87449,78
87450,78
87451,78
87452,78
87453,78
87454,78
87455,78
87456,78
87457,78
87458,78
87459,78
87460,78
87461,78
87462,78
87463,78
87464,78
87465,78
87466,78
87467,78
87468,78
87469,78
87470,78
87471,78
87472,78
87473,78
87474,78
87475,78
87476,78
87477,78
87478,78
87479,78
87480,78
87481,78
87482,78
87483,78
87484,78
87485,78
87486,78
87487,78
87488,78
87489,78
87490,78
87491,78
87492,78
87493,78
87494,78
87495,78
87496,78
87497,78
87498,78
87499,78
87500,78
87501,78
87502,78
87503,78
87504,78
87505,78
87506,78
87507,78
87508,78
87509,78
87510,78
87511,78
87512,78
87513,78
87514,78
87515,78
87516,78
87517,78
87518,78
87519,78
87520,78
87521,78
87522,78
87523,78
87524,78
87525,78
87526,78
87527,78
87528,78
87529,78
87530,78
87531,78
87532,78
87533,78
87534,78
87535,78
87536,78
87537,78
87538,78
87539,78
87540,78
87541,78
87542,78
87543,78
87544,78
87545,78
87546,78
87547,78
87548,78
87549,78
87550,78
87551,78
87552,78
87553,78
87554,78
87555,78
87556,78
87557,78
87558,78
87559,78
87560,78
87561,78
87562,78
87563,78
87564,78
87565,78
87566,78
87567,78
87568,78
87569,78
87570,78
87571,78
87572,78
87573,78
87574,78
87575,78
87576,78
87577,78
87578,78
87579,78
87580,78
87581,78
87582,78
87583,78
87584,78
87585,78
87586,78
87587,78
87588,78
87589,78
87590,78
87591,78
87592,78
87593,78
87594,78
87595,78
87596,78
87597,78
87598,78
87599,78
87600,78
87601,78
87602,78
87603,78
87604,78
87605,78
87606,78
87607,78
87608,78
87609,78
87610,78
87611,78
87612,78
87613,78
87614,78
87615,78
87616,78
87617,78
87618,78
87619,78
87620,78
87621,78
87622,78
87623,78
87624,78
87625,78
87626,78
87627,78
87628,78
87629,78
87630,78
87631,78
87632,78
87633,78
87634,78
87635,78
87636,78
87637,78
87638,78
87639,78
87640,78
87641,78
87642,78
87643,78
87644,78
87645,78
87646,78
87647,78
87648,78
87649,78
87650,78
87651,78
87652,78
87653,78
87654,78
87655,78
87656,78
87657,78
87658,78
87659,78
87660,78
87661,78
87662,78
87663,78
87664,78
87665,78
87666,78
87667,78
87668,78
87669,78
87670,78
87671,78
87672,78
87673,78
87674,78
87675,78
87676,78
87677,78
87678,78
87679,78
87680,78
87681,78
87682,78
87683,78
87684,78
87685,78
87686,78
87687,78
87688,78
87689,78
87690,78
87691,78
87692,78
87693,78
87694,78
87695,78
87696,78
87697,78
87698,78
87699,78
87700,78
87701,78
87702,78
87703,78
87704,78
87705,78
87706,78
87707,78
87708,78
87709,78
87710,78
87711,78
87712,78
87713,78
87714,78
87715,78
87716,78
87717,78
87718,78
87719,78
87720,78
87721,78
87722,78
87723,78
87724,78
87725,78
87726,78
87727,78
87728,78
87729,78
87730,78
87731,78
87732,78
87733,78
87734,78
87735,78
87736,78
87737,78
87738,78
87739,78
87740,78
87741,78
87742,78
87743,78
87744,78
87745,78
87746,78
87747,78
87748,78
87749,78
87750,78
87751,78
87752,78
87753,78
87754,78
87755,78
87756,78
87757,78
87758,78
87759,78
87760,78
87761,78
87762,78
87763,78
87764,78
87765,78
87766,78
87767,78
87768,78
87769,78
87770,78
87771,78
87772,78
87773,78
87774,78
87775,78
87776,78
87777,78
87778,78
87779,78
87780,78
87781,78
87782,78
87783,78
87784,78
87785,78
87786,78
87787,78
87788,78
87789,78
87790,78
87791,78
87792,78
87793,78
87794,78
87795,78
87796,78
87797,78
87798,78
87799,78
87800,78
87801,78
87802,78
87803,78
87804,78
87805,78
87806,78
87807,78
87808,78
87809,78
87810,78
87811,78
87812,78
87813,78
87814,78
87815,78
87816,78
87817,78
87818,78
87819,78
87820,78
87821,78
87822,78
87823,78
87824,78
87825,78
87826,78
87827,78
87828,78
87829,78
87830,78
87831,78
87832,78
87833,78
87834,78
87835,78
87836,78
87837,78
87838,78
87839,78
87840,78
87841,78
87842,78
87843,78
87844,78
87845,78
87846,78
87847,78
87848,78
87849,78
87850,78
87851,78
87852,78
87853,78
87854,78
87855,78
87856,78
87857,78
87858,78
87859,78
87860,78
87861,78
87862,78
87863,78
87864,78
87865,78
87866,78
87867,78
87868,78
87869,78
87870,78
87871,78
87872,78
87873,78
87874,78
87875,78
87876,78
87877,78
87878,78
87879,78
87880,78
87881,78
87882,78
87883,78
87884,78
87885,78
87886,78
87887,78
87888,78
87889,78
87890,78
87891,78
87892,78
87893,78
87894,78
87895,78
87896,78
87897,78
87898,78
87899,78
87900,78
87901,78
87902,78
87903,78
87904,78
87905,78
87906,78
87907,78
87908,78
87909,78
87910,78
87911,78
87912,78
87913,78
87914,78
87915,78
87916,78
87917,78
87918,78
87919,78
87920,78
87921,78
87922,78
87923,78
87924,78
87925,78
87926,78
87927,78
87928,78
87929,78
87930,78
87931,78
87932,78
87933,78
87934,78
87935,78
87936,78
87937,78
87938,78
87939,78
87940,78
87941,78
87942,78
87943,78
87944,78
87945,78
87946,78
87947,78
87948,78
87949,78
87950,78
87951,78
87952,78
87953,78
87954,78
87955,78
87956,78
87957,78
87958,78
87959,78
87960,78
87961,78
87962,78
87963,78
87964,78
87965,78
87966,78
87967,78
87968,78
87969,78
87970,78
87971,78
87972,78
87973,78
87974,78
87975,78
87976,78
87977,78
87978,78
87979,78
87980,78
87981,78
87982,78
87983,78
87984,78
87985,78
87986,78
87987,78
87988,78
87989,78
87990,78
87991,78
87992,78
87993,78
87994,78
87995,78
87996,78
87997,78
87998,78
87999,78
88000,78
88001,78
88002,78
88003,78
88004,78
88005,78
88006,78
88007,78
88008,78
88009,78
88010,78
88011,78
88012,78
88013,78
88014,78
88015,78
88016,78
88017,78
88018,78
88019,78
88020,78
88021,78
88022,78
88023,78
88024,78
88025,78
88026,78
88027,78
88028,78
88029,78
88030,78
88031,78
88032,78
88033,78
88034,78
88035,78
88036,78
88037,78
88038,78
88039,78
88040,78
88041,78
88042,78
88043,78
88044,78
88045,78
88046,78
88047,78
88048,78
88049,78
88050,78
88051,78
88052,78
88053,78
88054,78
88055,78
88056,78
88057,78
88058,78
88059,78
88060,78
88061,78
88062,78
88063,78
88064,78
88065,78
88066,78
88067,78
88068,78
88069,78
88070,78
88071,78
88072,78
88073,78
88074,78
88075,78
88076,78
88077,78
88078,78
88079,78
88080,78
88081,78
88082,78
88083,78
88084,78
88085,78
88086,78
88087,78
88088,78
88089,78
88090,78
88091,78
88092,78
88093,78
88094,78
88095,78
88096,78
88097,78
88098,78
88099,78
88100,78
88101,78
88102,78
88103,78
88104,78
88105,78
88106,78
88107,78
88108,78
88109,78
88110,78
88111,78
88112,78
88113,78
88114,78
88115,78
88116,78
88117,78
88118,78
88119,78
88120,78
88121,78
88122,78
88123,78
88124,78
88125,78
88126,78
88127,78
88128,78
88129,78
88130,78
88131,78
88132,78
88133,78
88134,78
88135,78
88136,78
88137,78
88138,78
88139,78
88140,78
88141,78
88142,78
88143,78
88144,78
88145,78
88146,78
88147,78
88148,78
88149,78
88150,78
88151,78
88152,78
88153,78
88154,78
88155,78
88156,78
88157,78
88158,78
88159,78
88160,78
88161,78
88162,78
88163,78
88164,78
88165,78
88166,78
88167,78
88168,78
88169,78
88170,78
88171,78
88172,78
88173,78
88174,78
88175,78
88176,78
88177,78
88178,78
88179,78
88180,78
88181,78
88182,78
88183,78
88184,78
88185,78
88186,78
88187,78
88188,78
88189,78
88190,78
88191,78
88192,78
88193,78
88194,78
88195,78
88196,78
88197,78
88198,78
88199,78
88200,78
88201,78
88202,78
88203,78
88204,78
88205,78
88206,78
88207,78
88208,78
88209,78
88210,78
88211,78
88212,78
88213,78
88214,78
88215,78
88216,78
88217,78
88218,78
88219,78
88220,78
88221,78
88222,78
88223,78
88224,78
88225,78
88226,78
88227,78
88228,78
88229,78
88230,78
88231,78
88232,78
88233,78
88234,78
88235,78
88236,78
88237,78
88238,78
88239,78
88240,78
88241,78
88242,78
88243,78
88244,78
88245,78
88246,78
88247,78
88248,78
88249,78
88250,78
88251,78
88252,78
88253,78
88254,78
88255,78
88256,78
88257,78
88258,78
88259,78
88260,78
88261,78
88262,78
88263,78
88264,78
88265,78
88266,78
88267,78
88268,78
88269,78
88270,78
88271,78
88272,78
88273,78
88274,78
88275,78
88276,78
88277,78
88278,78
88279,78
88280,78
88281,78
88282,78
88283,78
88284,78
88285,78
88286,78
88287,78
88288,78
88289,78
88290,78
88291,78
88292,78
88293,78
88294,78
88295,78
88296,78
88297,78
88298,78
88299,78
88300,78
88301,78
88302,78
88303,78
88304,78
88305,78
88306,78
88307,78
88308,78
88309,78
88310,78
88311,78
88312,78
88313,78
88314,78
88315,78
88316,78
88317,78
88318,78
88319,78
88320,78
88321,78
88322,78
88323,78
88324,78
88325,78
88326,78
88327,78
88328,78
88329,78
88330,78
88331,78
88332,78
88333,78
88334,78
88335,78
88336,78
88337,78
88338,78
88339,78
88340,78
88341,78
88342,78
88343,78
88344,78
88345,78
88346,78
88347,78
88348,78
88349,78
88350,78
88351,78
88352,78
88353,78
88354,78
88355,78
88356,78
88357,78
88358,78
88359,78
88360,78
88361,78
88362,78
88363,78
88364,78
88365,78
88366,78
88367,78
88368,78
88369,78
88370,78
88371,78
88372,78
88373,78
88374,78
88375,78
88376,78
88377,78
88378,78
88379,78
88380,78
88381,78
88382,78
88383,78
88384,78
88385,78
88386,78
88387,78
88388,78
88389,78
88390,78
88391,78
88392,78
88393,78
88394,78
88395,78
88396,78
88397,78
88398,78
88399,78
88400,78
88401,78
88402,78
88403,78
88404,78
88405,78
88406,78
88407,78
88408,78
88409,78
88410,78
88411,78
88412,78
88413,78
88414,78
88415,78
88416,78
88417,78
88418,78
88419,78
88420,78
88421,78
88422,78
88423,78
88424,78
88425,78
88426,78
88427,78
88428,78
88429,78
88430,78
88431,78
88432,78
88433,78
88434,78
88435,78
88436,78
88437,78
88438,78
88439,78
88440,78
88441,78
88442,78
88443,78
88444,78
88445,78
88446,78
88447,78
88448,78
88449,78
88450,78
88451,78
88452,78
88453,78
88454,78
88455,78
88456,78
88457,78
88458,78
88459,78
88460,78
88461,78
88462,78
88463,78
88464,78
88465,78
88466,78
88467,78
88468,78
88469,78
88470,78
88471,78
88472,78
88473,78
88474,78
88475,78
88476,78
88477,78
88478,78
88479,78
88480,78
88481,78
88482,78
88483,78
88484,78
88485,78
88486,78
88487,78
88488,78
88489,78
88490,78
88491,78
88492,78
88493,78
88494,78
88495,78
88496,78
88497,78
88498,78
88499,78
88500,78
88501,78
88502,78
88503,78
88504,78
88505,78
88506,78
88507,78
88508,78
88509,78
88510,78
88511,78
88512,78
88513,78
88514,78
88515,78
88516,78
88517,78
88518,78
88519,78
88520,78
88521,78
88522,78
88523,78
88524,78
88525,78
88526,78
88527,78
88528,78
88529,78
88530,78
88531,78
88532,78
88533,78
88534,78
88535,78
88536,78
88537,78
88538,78
88539,78
88540,78
88541,78
88542,78
88543,78
88544,78
88545,78
88546,78
88547,78
88548,78
88549,78
88550,78
88551,78
88552,78
88553,78
88554,78
88555,78
88556,78
88557,78
88558,78
88559,78
88560,78
88561,78
88562,78
88563,78
88564,78
88565,78
88566,78
88567,78
88568,78
88569,78
88570,78
88571,78
88572,78
88573,78
88574,78
88575,78
88576,78
88577,78
88578,78
88579,78
88580,78
88581,78
88582,78
88583,78
88584,78
88585,78
88586,78
88587,78
88588,78
88589,78
88590,78
88591,78
88592,78
88593,78
88594,78
88595,78
88596,78
88597,78
88598,78
88599,78
88600,78
88601,78
88602,78
88603,78
88604,78
88605,78
88606,78
88607,78
88608,78
88609,78
88610,78
88611,78
88612,78
88613,78
88614,78
88615,78
88616,78
88617,78
88618,78
88619,78
88620,78
88621,78
88622,78
88623,78
88624,78
88625,78
88626,78
88627,78
88628,78
88629,78
88630,78
88631,78
88632,78
88633,78
88634,78
88635,78
88636,78
88637,78
88638,78
88639,78
88640,78
88641,78
88642,78
88643,78
88644,78
88645,78
88646,78
88647,78
88648,78
88649,78
88650,78
88651,78
88652,78
88653,78
88654,78
88655,78
88656,78
88657,78
88658,78
88659,78
88660,78
88661,78
88662,78
88663,78
88664,78
88665,78
88666,78
88667,78
88668,78
88669,78
88670,78
88671,78
88672,78
88673,78
88674,78
88675,78
88676,78
88677,78
88678,78
88679,78
88680,78
88681,78
88682,78
88683,78
88684,78
88685,78
88686,78
88687,78
88688,78
88689,78
88690,78
88691,78
88692,78
88693,78
88694,78
88695,78
88696,78
88697,78
88698,78
88699,78
88700,78
88701,78
88702,78
88703,78
88704,78
88705,78
88706,78
88707,78
88708,78
88709,78
88710,78
88711,78
88712,78
88713,78
88714,78
88715,78
88716,78
88717,78
88718,78
88719,78
88720,78
88721,78
88722,78
88723,78
88724,78
88725,78
88726,78
88727,78
88728,78
88729,78
88730,78
88731,78
88732,78
88733,78
88734,78
88735,78
88736,78
88737,78
88738,78
88739,78
88740,78
88741,78
88742,78
88743,78
88744,78
88745,78
88746,78
88747,78
88748,78
88749,78
88750,78
88751,78
88752,78
88753,78
88754,78
88755,78
88756,78
88757,78
88758,78
88759,78
88760,78
88761,78
88762,78
88763,78
88764,78
88765,78
88766,78
88767,78
88768,78
88769,78
88770,78
88771,78
88772,78
88773,78
88774,78
88775,78
88776,78
88777,78
88778,78
88779,78
88780,78
88781,78
88782,78
88783,78
88784,78
88785,78
88786,78
88787,78
88788,78
88789,78
88790,78
88791,78
88792,78
88793,78
88794,78
88795,78
88796,78
88797,78
88798,78
88799,78
88800,78
88801,78
88802,78
88803,78
88804,78
88805,78
88806,78
88807,78
88808,78
88809,78
88810,78
88811,78
88812,78
88813,78
88814,78
88815,78
88816,78
88817,78
88818,78
88819,78
88820,78
88821,78
88822,78
88823,78
88824,78
88825,78
88826,78
88827,78
88828,78
88829,78
88830,78
88831,78
88832,78
88833,78
88834,78
88835,78
88836,78
88837,78
88838,78
88839,78
88840,78
88841,78
88842,78
88843,78
88844,78
88845,78
88846,78
88847,78
88848,78
88849,78
88850,78
88851,78
88852,78
88853,78
88854,78
88855,78
88856,78
88857,78
88858,78
88859,78
88860,78
88861,78
88862,78
88863,78
88864,78
88865,78
88866,78
88867,78
88868,78
88869,78
88870,78
88871,78
88872,78
88873,78
88874,78
88875,78
88876,78
88877,78
88878,78
88879,78
88880,78
88881,78
88882,78
88883,78
88884,78
88885,78
88886,78
88887,78
88888,78
88889,78
88890,78
88891,78
88892,78
88893,78
88894,78
88895,78
88896,78
88897,78
88898,78
88899,78
88900,78
88901,78
88902,78
88903,78
88904,78
88905,78
88906,78
88907,78
88908,78
88909,78
88910,78
88911,78
88912,78
88913,78
88914,78
88915,78
88916,78
88917,78
88918,78
88919,78
88920,78
88921,78
88922,78
88923,78
88924,78
88925,78
88926,78
88927,78
88928,78
88929,78
88930,78
88931,78
88932,78
88933,78
88934,78
88935,78
88936,78
88937,78
88938,78
88939,78
88940,78
88941,78
88942,78
88943,78
88944,78
88945,78
88946,78
88947,78
88948,78
88949,78
88950,78
88951,78
88952,78
88953,78
88954,78
88955,78
88956,78
88957,78
88958,78
88959,78
88960,78
88961,78
88962,78
88963,78
88964,78
88965,78
88966,78
88967,78
88968,78
88969,78
88970,78
88971,78
88972,78
88973,78
88974,78
88975,78
88976,78
88977,78
88978,78
88979,78
88980,78
88981,78
88982,78
88983,78
88984,78
88985,78
88986,78
88987,78
88988,78
88989,78
88990,78
88991,78
88992,78
88993,78
88994,78
88995,78
88996,78
88997,78
88998,78
88999,78
89000,78
89001,78
89002,78
89003,78
89004,78
89005,78
89006,78
89007,78
89008,78
89009,78
89010,78
89011,78
89012,78
89013,78
89014,78
89015,78
89016,78
89017,78
89018,78
89019,78
89020,78
89021,78
89022,78
89023,78
89024,78
89025,78
89026,78
89027,78
89028,78
89029,78
89030,78
89031,78
89032,78
89033,78
89034,78
89035,78
89036,78
89037,78
89038,78
89039,78
89040,78
89041,78
89042,78
89043,78
89044,78
89045,78
89046,78
89047,78
89048,78
89049,78
89050,78
89051,78
89052,78
89053,78
89054,78
89055,78
89056,78
89057,78
89058,78
89059,78
89060,78
89061,78
89062,78
89063,78
89064,78
89065,78
89066,78
89067,78
89068,78
89069,78
89070,78
89071,78
89072,78
89073,78
89074,78
89075,78
89076,78
89077,78
89078,78
89079,78
89080,78
89081,78
89082,78
89083,78
89084,78
89085,78
89086,78
89087,78
89088,78
89089,78
89090,78
89091,78
89092,78
89093,78
89094,78
89095,78
89096,78
89097,78
89098,78
89099,78
89100,78
89101,78
89102,78
89103,78
89104,78
89105,78
89106,78
89107,78
89108,78
89109,78
89110,78
89111,78
89112,78
89113,78
89114,78
89115,78
89116,78
89117,78
89118,78
89119,78
89120,78
89121,78
89122,78
89123,78
89124,78
89125,78
89126,78
89127,78
89128,78
89129,78
89130,78
89131,78
89132,78
89133,78
89134,78
89135,78
89136,78
89137,78
89138,78
89139,78
89140,78
89141,78
89142,78
89143,78
89144,78
89145,78
89146,78
89147,78
89148,78
89149,78
89150,78
89151,78
89152,78
89153,78
89154,78
89155,78
89156,78
89157,78
89158,78
89159,78
89160,78
89161,78
89162,78
89163,78
89164,78
89165,78
89166,78
89167,78
89168,78
89169,78
89170,78
89171,78
89172,78
89173,78
89174,78
89175,78
89176,78
89177,78
89178,78
89179,78
89180,78
89181,78
89182,78
89183,78
89184,78
89185,78
89186,78
89187,78
89188,78
89189,78
89190,78
89191,78
89192,78
89193,78
89194,78
89195,78
89196,78
89197,78
89198,78
89199,78
89200,78
89201,78
89202,78
89203,78
89204,78
89205,78
89206,78
89207,78
89208,78
89209,78
89210,78
89211,78
89212,78
89213,78
89214,78
89215,78
89216,78
89217,78
89218,78
89219,78
89220,78
89221,78
89222,78
89223,78
89224,78
89225,78
89226,78
89227,78
89228,78
89229,78
89230,78
89231,78
89232,78
89233,78
89234,78
89235,78
89236,78
89237,78
89238,78
89239,78
89240,78
89241,78
89242,78
89243,78
89244,78
89245,78
89246,78
89247,78
89248,78
89249,78
89250,78
89251,78
89252,78
89253,78
89254,78
89255,78
89256,78
89257,78
89258,78
89259,78
89260,78
89261,78
89262,78
89263,78
89264,78
89265,78
89266,78
89267,78
89268,78
89269,78
89270,78
89271,78
89272,78
89273,78
89274,78
89275,78
89276,78
89277,78
89278,78
89279,78
89280,78
89281,78
89282,78
89283,78
89284,78
89285,78
89286,78
89287,78
89288,78
89289,78
89290,78
89291,78
89292,78
89293,78
89294,78
89295,78
89296,78
89297,78
89298,78
89299,78
89300,78
89301,78
89302,78
89303,78
89304,78
89305,78
89306,78
89307,78
89308,78
89309,78
89310,78
89311,78
89312,78
89313,78
89314,78
89315,78
89316,78
89317,78
89318,78
89319,78
89320,78
89321,78
89322,78
89323,78
89324,78
89325,78
89326,78
89327,78
89328,78
89329,78
89330,78
89331,78
89332,78
89333,78
89334,78
89335,78
89336,78
89337,78
89338,78
89339,78
89340,78
89341,78
89342,78
89343,78
89344,78
89345,78
89346,78
89347,78
89348,78
89349,78
89350,78
89351,78
89352,78
89353,78
89354,78
89355,78
89356,78
89357,78
89358,78
89359,78
89360,78
89361,78
89362,78
89363,78
89364,78
89365,78
89366,78
89367,78
89368,78
89369,78
89370,78
89371,78
89372,78
89373,78
89374,78
89375,78
89376,78
89377,78
89378,78
89379,78
89380,78
89381,78
89382,78
89383,78
89384,78
89385,78
89386,78
89387,78
89388,78
89389,78
89390,78
89391,78
89392,78
89393,78
89394,78
89395,78
89396,78
89397,78
89398,78
89399,78
89400,78
89401,78
89402,78
89403,78
89404,78
89405,78
89406,78
89407,78
89408,78
89409,78
89410,78
89411,78
89412,78
89413,78
89414,78
89415,78
89416,78
89417,78
89418,78
89419,78
89420,78
89421,78
89422,78
89423,78
89424,78
89425,78
89426,78
89427,78
89428,78
89429,78
89430,78
89431,78
89432,78
89433,78
89434,78
89435,78
89436,78
89437,78
89438,78
89439,78
89440,78
89441,78
89442,78
89443,78
89444,78
89445,78
89446,78
89447,78
89448,78
89449,78
89450,78
89451,78
89452,78
89453,78
89454,78
89455,78
89456,78
89457,78
89458,78
89459,78
89460,78
89461,78
89462,78
89463,78
89464,78
89465,78
89466,78
89467,78
89468,78
89469,78
89470,78
89471,78
89472,78
89473,78
89474,78
89475,78
89476,78
89477,78
89478,78
89479,78
89480,78
89481,78
89482,78
89483,78
89484,78
89485,78
89486,78
89487,78
89488,78
89489,78
89490,78
89491,78
89492,78
89493,78
89494,78
89495,78
89496,78
89497,78
89498,78
89499,78
89500,78
89501,78
89502,78
89503,78
89504,78
89505,78
89506,78
89507,78
89508,78
89509,78
89510,78
89511,78
89512,78
89513,78
89514,78
89515,78
89516,78
89517,78
89518,78
89519,78
89520,78
89521,78
89522,78
89523,78
89524,78
89525,78
89526,78
89527,78
89528,78
89529,78
89530,78
89531,78
89532,78
89533,78
89534,78
89535,78
89536,78
89537,78
89538,78
89539,78
89540,78
89541,78
89542,78
89543,78
89544,78
89545,78
89546,78
89547,78
89548,78
89549,78
89550,78
89551,78
89552,78
89553,78
89554,78
89555,78
89556,78
89557,78
89558,78
89559,78
89560,78
89561,78
89562,78
89563,78
89564,78
89565,78
89566,78
89567,78
89568,78
89569,78
89570,78
89571,78
89572,78
89573,78
89574,78
89575,78
89576,78
89577,78
89578,78
89579,78
89580,78
89581,78
89582,78
89583,78
89584,78
89585,78
89586,78
89587,78
89588,78
89589,78
89590,78
89591,78
89592,78
89593,78
89594,78
89595,78
89596,78
89597,78
89598,78
89599,78
89600,78
89601,78
89602,78
89603,78
89604,78
89605,78
89606,78
89607,78
89608,78
89609,78
89610,78
89611,78
89612,78
89613,78
89614,78
89615,78
89616,78
89617,78
89618,78
89619,78
89620,78
89621,78
89622,78
89623,78
89624,78
89625,78
89626,78
89627,78
89628,78
89629,78
89630,78
89631,78
89632,78
89633,78
89634,78
89635,78
89636,78
89637,78
89638,78
89639,78
89640,78
89641,78
89642,78
89643,78
89644,78
89645,78
89646,78
89647,78
89648,78
89649,78
89650,78
89651,78
89652,78
89653,78
89654,78
89655,78
89656,78
89657,78
89658,78
89659,78
89660,78
89661,78
89662,78
89663,78
89664,78
89665,78
89666,78
89667,78
89668,78
89669,78
89670,78
89671,78
89672,78
89673,78
89674,78
89675,78
89676,78
89677,78
89678,78
89679,78
89680,78
89681,78
89682,78
89683,78
89684,78
89685,78
89686,78
89687,78
89688,78
89689,78
89690,78
89691,78
89692,78
89693,78
89694,78
89695,78
89696,78
89697,78
89698,78
89699,78
89700,78
89701,78
89702,78
89703,78
89704,78
89705,78
89706,78
89707,78
89708,78
89709,78
89710,78
89711,78
89712,78
89713,78
89714,78
89715,78
89716,78
89717,78
89718,78
89719,78
89720,78
89721,78
89722,78
89723,78
89724,78
89725,78
89726,78
89727,78
89728,78
89729,78
89730,78
89731,78
89732,78
89733,78
89734,78
89735,78
89736,78
89737,78
89738,78
89739,78
89740,78
89741,78
89742,78
89743,78
89744,78
89745,78
89746,78
89747,78
89748,78
89749,78
89750,78
89751,78
89752,78
89753,78
89754,78
89755,78
89756,78
89757,78
89758,78
89759,78
89760,78
89761,78
89762,78
89763,78
89764,78
89765,78
89766,78
89767,78
89768,78
89769,78
89770,78
89771,78
89772,78
89773,78
89774,78
89775,78
89776,78
89777,78
89778,78
89779,78
89780,78
89781,78
89782,78
89783,78
89784,78
89785,78
89786,78
89787,78
89788,78
89789,78
89790,78
89791,78
89792,78
89793,78
89794,78
89795,78
89796,78
89797,78
89798,78
89799,78
89800,78
89801,78
89802,78
89803,78
89804,78
89805,78
89806,78
89807,78
89808,78
89809,78
89810,78
89811,78
89812,78
89813,78
89814,78
89815,78
89816,78
89817,78
89818,78
89819,78
89820,78
89821,78
89822,78
89823,78
89824,78
89825,78
89826,78
89827,78
89828,78
89829,78
89830,78
89831,78
89832,78
89833,78
89834,78
89835,78
89836,78
89837,78
89838,78
89839,78
89840,78
89841,78
89842,78
89843,78
89844,78
89845,78
89846,78
89847,78
89848,78
89849,78
89850,78
89851,78
89852,78
89853,78
89854,78
89855,78
89856,78
89857,78
89858,78
89859,78
89860,78
89861,78
89862,78
89863,78
89864,78
89865,78
89866,78
89867,78
89868,78
89869,78
89870,78
89871,78
89872,78
89873,78
89874,78
89875,78
89876,78
89877,78
89878,78
89879,78
89880,78
89881,78
89882,78
89883,78
89884,78
89885,78
89886,78
89887,78
89888,78
89889,78
89890,78
89891,78
89892,78
89893,78
89894,78
89895,78
89896,78
89897,78
89898,78
89899,78
89900,78
89901,78
89902,78
89903,78
89904,78
89905,78
89906,78
89907,78
89908,78
89909,78
89910,78
89911,78
89912,78
89913,78
89914,78
89915,78
89916,78
89917,78
89918,78
89919,78
89920,78
89921,78
89922,78
89923,78
89924,78
89925,78
89926,78
89927,78
89928,78
89929,78
89930,78
89931,78
89932,78
89933,78
89934,78
89935,78
89936,78
89937,78
89938,78
89939,78
89940,78
89941,78
89942,78
89943,78
89944,78
89945,78
89946,78
89947,78
89948,78
89949,78
89950,78
89951,78
89952,78
89953,78
89954,78
89955,78
89956,78
89957,78
89958,78
89959,78
89960,78
89961,78
89962,78
89963,78
89964,78
89965,78
89966,78
89967,78
89968,78
89969,78
89970,78
89971,78
89972,78
89973,78
89974,78
89975,78
89976,78
89977,78
89978,78
89979,78
89980,78
89981,78
89982,78
89983,78
89984,78
89985,78
89986,78
89987,78
89988,78
89989,78
89990,78
89991,78
89992,78
89993,78
89994,78
89995,78
89996,78
89997,78
89998,78
89999,78
90000,78
90001,78
90002,78
90003,78
90004,78
90005,78
90006,78
90007,78
90008,78
90009,78
90010,78
90011,78
90012,78
90013,78
90014,78
90015,78
90016,78
90017,78
90018,78
90019,78
90020,78
90021,78
90022,78
90023,78
90024,78
90025,78
90026,78
90027,78
90028,78
90029,78
90030,78
90031,78
90032,78
90033,78
90034,78
90035,78
90036,78
90037,78
90038,78
90039,78
90040,78
90041,78
90042,78
90043,78
90044,78
90045,78
90046,78
90047,78
90048,78
90049,78
90050,78
90051,78
90052,78
90053,78
90054,78
90055,78
90056,78
90057,78
90058,78
90059,78
90060,78
90061,78
90062,78
90063,78
90064,78
90065,78
90066,78
90067,78
90068,78
90069,78
90070,78
90071,78
90072,78
90073,78
90074,78
90075,78
90076,78
90077,78
90078,78
90079,78
90080,78
90081,78
90082,78
90083,78
90084,78
90085,78
90086,78
90087,78
90088,78
90089,78
90090,78
90091,78
90092,78
90093,78
90094,78
90095,78
90096,78
90097,78
90098,78
90099,78
90100,78
90101,78
90102,78
90103,78
90104,78
90105,78
90106,78
90107,78
90108,78
90109,78
90110,78
90111,78
90112,78
90113,78
90114,78
90115,78
90116,78
90117,78
90118,78
90119,78
90120,78
90121,78
90122,78
90123,78
90124,78
90125,78
90126,78
90127,78
90128,78
90129,78
90130,78
90131,78
90132,78
90133,78
90134,78
90135,78
90136,78
90137,78
90138,78
90139,78
90140,78
90141,78
90142,78
90143,78
90144,78
90145,78
90146,78
90147,78
90148,78
90149,78
90150,78
90151,78
90152,78
90153,78
90154,78
90155,78
90156,78
90157,78
90158,78
90159,78
90160,78
90161,78
90162,78
90163,78
90164,78
90165,78
90166,78
90167,78
90168,78
90169,78
90170,78
90171,78
90172,78
90173,78
90174,78
90175,78
90176,78
90177,78
90178,78
90179,78
90180,78
90181,78
90182,78
90183,78
90184,78
90185,78
90186,78
90187,78
90188,78
90189,78
90190,78
90191,78
90192,78
90193,78
90194,78
90195,78
90196,78
90197,78
90198,78
90199,78
90200,78
90201,78
90202,78
90203,78
90204,78
90205,78
90206,78
90207,78
90208,78
90209,78
90210,78
90211,78
90212,78
90213,78
90214,78
90215,78
90216,78
90217,78
90218,78
90219,78
90220,78
90221,78
90222,78
90223,78
90224,78
90225,78
90226,78
90227,78
90228,78
90229,78
90230,78
90231,78
90232,78
90233,78
90234,78
90235,78
90236,78
90237,78
90238,78
90239,78
90240,78
90241,78
90242,78
90243,78
90244,78
90245,78
90246,78
90247,78
90248,78
90249,78
90250,78
90251,78
90252,78
90253,78
90254,78
90255,78
90256,78
90257,78
90258,78
90259,78
90260,78
90261,78
90262,78
90263,78
90264,78
90265,78
90266,78
90267,78
90268,78
90269,78
90270,78
90271,78
90272,78
90273,78
90274,78
90275,78
90276,78
90277,78
90278,78
90279,78
90280,78
90281,78
90282,78
90283,78
90284,78
90285,78
90286,78
90287,78
90288,78
90289,78
90290,78
90291,78
90292,78
90293,78
90294,78
90295,78
90296,78
90297,78
90298,78
90299,78
90300,78
90301,78
90302,78
90303,78
90304,78
90305,78
90306,78
90307,78
90308,78
90309,78
90310,78
90311,78
90312,78
90313,78
90314,78
90315,78
90316,78
90317,78
90318,78
90319,78
90320,78
90321,78
90322,78
90323,78
90324,78
90325,78
90326,78
90327,78
90328,78
90329,78
90330,78
90331,78
90332,78
90333,78
90334,78
90335,78
90336,78
90337,78
90338,78
90339,78
90340,78
90341,78
90342,78
90343,78
90344,78
90345,78
90346,78
90347,78
90348,78
90349,78
90350,78
90351,78
90352,78
90353,78
90354,78
90355,78
90356,78
90357,78
90358,78
90359,78
90360,78
90361,78
90362,78
90363,78
90364,78
90365,78
90366,78
90367,78
90368,78
90369,78
90370,78
90371,78
90372,78
90373,78
90374,78
90375,78
90376,78
90377,78
90378,78
90379,78
90380,78
90381,78
90382,78
90383,78
90384,78
90385,78
90386,78
90387,78
90388,78
90389,78
90390,78
90391,78
90392,78
90393,78
90394,78
90395,78
90396,78
90397,78
90398,78
90399,78
90400,78
90401,78
90402,78
90403,78
90404,78
90405,78
90406,78
90407,78
90408,78
90409,78
90410,78
90411,78
90412,78
90413,78
90414,78
90415,78
90416,78
90417,78
90418,78
90419,78
90420,78
90421,78
90422,78
90423,78
90424,78
90425,78
90426,78
90427,78
90428,78
90429,78
90430,78
90431,78
90432,78
90433,78
90434,78
90435,78
90436,78
90437,78
90438,78
90439,78
90440,78
90441,78
90442,78
90443,78
90444,78
90445,78
90446,78
90447,78
90448,78
90449,78
90450,78
90451,78
90452,78
90453,78
90454,78
90455,78
90456,78
90457,78
90458,78
90459,78
90460,78
90461,78
90462,78
90463,78
90464,78
90465,78
90466,78
90467,78
90468,78
90469,78
90470,78
90471,78
90472,78
90473,78
90474,78
90475,78
90476,78
90477,78
90478,78
90479,78
90480,78
90481,78
90482,78
90483,78
90484,78
90485,78
90486,78
90487,78
90488,78
90489,78
90490,78
90491,78
90492,78
90493,78
90494,78
90495,78
90496,78
90497,78
90498,78
90499,78
90500,78
90501,78
90502,78
90503,78
90504,78
90505,78
90506,78
90507,78
90508,78
90509,78
90510,78
90511,78
90512,78
90513,78
90514,78
90515,78
90516,78
90517,78
90518,78
90519,78
90520,78
90521,78
90522,78
90523,78
90524,78
90525,78
90526,78
90527,78
90528,78
90529,78
90530,78
90531,78
90532,78
90533,78
90534,78
90535,78
90536,78
90537,78
90538,78
90539,78
90540,78
90541,78
90542,78
90543,78
90544,78
90545,78
90546,78
90547,78
90548,78
90549,78
90550,78
90551,78
90552,78
90553,78
90554,78
90555,78
90556,78
90557,78
90558,78
90559,78
90560,78
90561,78
90562,78
90563,78
90564,78
90565,78
90566,78
90567,78
90568,78
90569,78
90570,78
90571,78
90572,78
90573,78
90574,78
90575,78
90576,78
90577,78
90578,78
90579,78
90580,78
90581,78
90582,78
90583,78
90584,78
90585,78
90586,78
90587,78
90588,78
90589,78
90590,78
90591,78
90592,78
90593,78
90594,78
90595,78
90596,78
90597,78
90598,78
90599,78
90600,78
90601,78
90602,78
90603,78
90604,78
90605,78
90606,78
90607,78
90608,78
90609,78
90610,78
90611,78
90612,78
90613,78
90614,78
90615,78
90616,78
90617,78
90618,78
90619,78
90620,78
90621,78
90622,78
90623,78
90624,78
90625,78
90626,78
90627,78
90628,78
90629,78
90630,78
90631,78
90632,78
90633,78
90634,78
90635,78
90636,78
90637,78
90638,78
90639,78
90640,78
90641,78
90642,78
90643,78
90644,78
90645,78
90646,78
90647,78
90648,78
90649,78
90650,78
90651,78
90652,78
90653,78
90654,78
90655,78
90656,78
90657,78
90658,78
90659,78
90660,78
90661,78
90662,78
90663,78
90664,78
90665,78
90666,78
90667,78
90668,78
90669,78
90670,78
90671,78
90672,78
90673,78
90674,78
90675,78
90676,78
90677,78
90678,78
90679,78
90680,78
90681,78
90682,78
90683,78
90684,78
90685,78
90686,78
90687,78
90688,78
90689,78
90690,78
90691,78
90692,78
90693,78
90694,78
90695,78
90696,78
90697,78
90698,78
90699,78
90700,78
90701,78
90702,78
90703,78
90704,78
90705,78
90706,78
90707,78
90708,78
90709,78
90710,78
90711,78
90712,78
90713,78
90714,78
90715,78
90716,78
90717,78
90718,78
90719,78
90720,78
90721,78
90722,78
90723,78
90724,78
90725,78
90726,78
90727,78
90728,78
90729,78
90730,78
90731,78
90732,78
90733,78
90734,78
90735,78
90736,78
90737,78
90738,78
90739,78
90740,78
90741,78
90742,78
90743,78
90744,78
90745,78
90746,78
90747,78
90748,78
90749,78
90750,78
90751,78
90752,78
90753,78
90754,78
90755,78
90756,78
90757,78
90758,78
90759,78
90760,78
90761,78
90762,78
90763,78
90764,78
90765,78
90766,78
90767,78
90768,78
90769,78
90770,78
90771,78
90772,78
90773,78
90774,78
90775,78
90776,78
90777,78
90778,78
90779,78
90780,78
90781,78
90782,78
90783,78
90784,78
90785,78
90786,78
90787,78
90788,78
90789,78
90790,78
90791,78
90792,78
90793,78
90794,78
90795,78
90796,78
90797,78
90798,78
90799,78
90800,78
90801,78
90802,78
90803,78
90804,78
90805,78
90806,78
90807,78
90808,78
90809,78
90810,78
90811,78
90812,78
90813,78
90814,78
90815,78
90816,78
90817,78
90818,78
90819,78
90820,78
90821,78
90822,78
90823,78
90824,78
90825,78
90826,78
90827,78
90828,78
90829,78
90830,78
90831,78
90832,78
90833,78
90834,78
90835,78
90836,78
90837,78
90838,78
90839,78
90840,78
90841,78
90842,78
90843,78
90844,78
90845,78
90846,78
90847,78
90848,78
90849,78
90850,78
90851,78
90852,78
90853,78
90854,78
90855,78
90856,78
90857,78
90858,78
90859,78
90860,78
90861,78
90862,78
90863,78
90864,78
90865,78
90866,78
90867,78
90868,78
90869,78
90870,78
90871,78
90872,78
90873,78
90874,78
90875,78
90876,78
90877,78
90878,78
90879,78
90880,78
90881,78
90882,78
90883,78
90884,78
90885,78
90886,78
90887,78
90888,78
90889,78
90890,78
90891,78
90892,78
90893,78
90894,78
90895,78
90896,78
90897,78
90898,78
90899,78
90900,78
90901,78
90902,78
90903,78
90904,78
90905,78
90906,78
90907,78
90908,78
90909,78
90910,78
90911,78
90912,78
90913,78
90914,78
90915,78
90916,78
90917,78
90918,78
90919,78
90920,78
90921,78
90922,78
90923,78
90924,78
90925,78
90926,78
90927,78
90928,78
90929,78
90930,78
90931,78
90932,78
90933,78
90934,78
90935,78
90936,78
90937,78
90938,78
90939,78
90940,78
90941,78
90942,78
90943,78
90944,78
90945,78
90946,78
90947,78
90948,78
90949,78
90950,78
90951,78
90952,78
90953,78
90954,78
90955,78
90956,78
90957,78
90958,78
90959,78
90960,78
90961,78
90962,78
90963,78
90964,78
90965,78
90966,78
90967,78
90968,78
90969,78
90970,78
90971,78
90972,78
90973,78
90974,78
90975,78
90976,78
90977,78
90978,78
90979,78
90980,78
90981,78
90982,78
90983,78
90984,78
90985,78
90986,78
90987,78
90988,78
90989,78
90990,78
90991,78
90992,78
90993,78
90994,78
90995,78
90996,78
90997,78
90998,78
90999,78
91000,78
91001,78
91002,78
91003,78
91004,78
91005,78
91006,78
91007,78
91008,78
91009,78
91010,78
91011,78
91012,78
91013,78
91014,78
91015,78
91016,78
91017,78
91018,78
91019,78
91020,78
91021,78
91022,78
91023,78
91024,78
91025,78
91026,78
91027,78
91028,78
91029,78
91030,78
91031,78
91032,78
91033,78
91034,78
91035,78
91036,78
91037,78
91038,78
91039,78
91040,78
91041,78
91042,78
91043,78
91044,78
91045,78
91046,78
91047,78
91048,78
91049,78
91050,78
91051,78
91052,78
91053,78
91054,78
91055,78
91056,78
91057,78
91058,78
91059,78
91060,78
91061,78
91062,78
91063,78
91064,78
91065,78
91066,78
91067,78
91068,78
91069,78
91070,78
91071,78
91072,78
91073,78
91074,78
91075,78
91076,78
91077,78
91078,78
91079,78
91080,78
91081,78
91082,78
91083,78
91084,78
91085,78
91086,78
91087,78
91088,78
91089,78
91090,78
91091,78
91092,78
91093,78
91094,78
91095,78
91096,78
91097,78
91098,78
91099,78
91100,78
91101,78
91102,78
91103,78
91104,78
91105,78
91106,78
91107,78
91108,78
91109,78
91110,78
91111,78
91112,78
91113,78
91114,78
91115,78
91116,78
91117,78
91118,78
91119,78
91120,78
91121,78
91122,78
91123,78
91124,78
91125,78
91126,78
91127,78
91128,78
91129,78
91130,78
91131,78
91132,78
91133,78
91134,78
91135,78
91136,78
91137,78
91138,78
91139,78
91140,78
91141,78
91142,78
91143,78
91144,78
91145,78
91146,78
91147,78
91148,78
91149,78
91150,78
91151,78
91152,78
91153,78
91154,78
91155,78
91156,78
91157,78
91158,78
91159,78
91160,78
91161,78
91162,78
91163,78
91164,78
91165,78
91166,78
91167,78
91168,78
91169,78
91170,78
91171,78
91172,78
91173,78
91174,78
91175,78
91176,78
91177,78
91178,78
91179,78
91180,78
91181,78
91182,78
91183,78
91184,78
91185,78
91186,78
91187,78
91188,78
91189,78
91190,78
91191,78
91192,78
91193,78
91194,78
91195,78
91196,78
91197,78
91198,78
91199,78
91200,78
91201,78
91202,78
91203,78
91204,78
91205,78
91206,78
91207,78
91208,78
91209,78
91210,78
91211,78
91212,78
91213,78
91214,78
91215,78
91216,78
91217,78
91218,78
91219,78
91220,78
91221,78
91222,78
91223,78
91224,78
91225,78
91226,78
91227,78
91228,78
91229,78
91230,78
91231,78
91232,78
91233,78
91234,78
91235,78
91236,78
91237,78
91238,78
91239,78
91240,78
91241,78
91242,78
91243,78
91244,78
91245,78
91246,78
91247,78
91248,78
91249,78
91250,78
91251,78
91252,78
91253,78
91254,78
91255,78
91256,78
91257,78
91258,78
91259,78
91260,78
91261,78
91262,78
91263,78
91264,78
91265,78
91266,78
91267,78
91268,78
91269,78
91270,78
91271,78
91272,78
91273,78
91274,78
91275,78
91276,78
91277,78
91278,78
91279,78
91280,78
91281,78
91282,78
91283,78
91284,78
91285,78
91286,78
91287,78
91288,78
91289,78
91290,78
91291,78
91292,78
91293,78
91294,78
91295,78
91296,78
91297,78
91298,78
91299,78
91300,78
91301,78
91302,78
91303,78
91304,78
91305,78
91306,78
91307,78
91308,78
91309,78
91310,78
91311,78
91312,78
91313,78
91314,78
91315,78
91316,78
91317,78
91318,78
91319,78
91320,78
91321,78
91322,78
91323,78
91324,78
91325,78
91326,78
91327,78
91328,78
91329,78
91330,78
91331,78
91332,78
91333,78
91334,78
91335,78
91336,78
91337,78
91338,78
91339,78
91340,78
91341,78
91342,78
91343,78
91344,78
91345,78
91346,78
91347,78
91348,78
91349,78
91350,78
91351,78
91352,78
91353,78
91354,78
91355,78
91356,78
91357,78
91358,78
91359,78
91360,78
91361,78
91362,78
91363,78
91364,78
91365,78
91366,78
91367,78
91368,78
91369,78
91370,78
91371,78
91372,78
91373,78
91374,78
91375,78
91376,78
91377,78
91378,78
91379,78
91380,78
91381,78
91382,78
91383,78
91384,78
91385,78
91386,78
91387,78
91388,78
91389,78
91390,78
91391,78
91392,78
91393,78
91394,78
91395,78
91396,78
91397,78
91398,78
91399,78
91400,78
91401,78
91402,78
91403,78
91404,78
91405,78
91406,78
91407,78
91408,78
91409,78
91410,78
91411,78
91412,78
91413,78
91414,78
91415,78
91416,78
91417,78
91418,78
91419,78
91420,78
91421,78
91422,78
91423,78
91424,78
91425,78
91426,78
91427,78
91428,78
91429,78
91430,78
91431,78
91432,78
91433,78
91434,78
91435,78
91436,78
91437,78
91438,78
91439,78
91440,78
91441,78
91442,78
91443,78
91444,78
91445,78
91446,78
91447,78
91448,78
91449,78
91450,78
91451,78
91452,78
91453,78
91454,78
91455,78
91456,78
91457,78
91458,78
91459,78
91460,78
91461,78
91462,78
91463,78
91464,78
91465,78
91466,78
91467,78
91468,78
91469,78
91470,78
91471,78
91472,78
91473,78
91474,78
91475,78
91476,78
91477,78
91478,78
91479,78
91480,78
91481,78
91482,78
91483,78
91484,78
91485,78
91486,78
91487,78
91488,78
91489,78
91490,78
91491,78
91492,78
91493,78
91494,78
91495,78
91496,78
91497,78
91498,78
91499,78
91500,78
91501,78
91502,78
91503,78
91504,78
91505,78
91506,78
91507,78
91508,78
91509,78
91510,78
91511,78
91512,78
91513,78
91514,78
91515,78
91516,78
91517,78
91518,78
91519,78
91520,78
91521,78
91522,78
91523,78
91524,78
91525,78
91526,78
91527,78
91528,78
91529,78
91530,78
91531,78
91532,78
91533,78
91534,78
91535,78
91536,78
91537,78
91538,78
91539,78
91540,78
91541,78
91542,78
91543,78
91544,78
91545,78
91546,78
91547,78
91548,78
91549,78
91550,78
91551,78
91552,78
91553,78
91554,78
91555,78
91556,78
91557,78
91558,78
91559,78
91560,78
91561,78
91562,78
91563,78
91564,78
91565,78
91566,78
91567,78
91568,78
91569,78
91570,78
91571,78
91572,78
91573,78
91574,78
91575,78
91576,78
91577,78
91578,78
91579,78
91580,78
91581,78
91582,78
91583,78
91584,78
91585,78
91586,78
91587,78
91588,78
91589,78
91590,78
91591,78
91592,78
91593,78
91594,78
91595,78
91596,78
91597,78
91598,78
91599,78
91600,78
91601,78
91602,78
91603,78
91604,78
91605,78
91606,78
91607,78
91608,78
91609,78
91610,78
91611,78
91612,78
91613,78
91614,78
91615,78
91616,78
91617,78
91618,78
91619,78
91620,78
91621,78
91622,78
91623,78
91624,78
91625,78
91626,78
91627,78
91628,78
91629,78
91630,78
91631,78
91632,78
91633,78
91634,78
91635,78
91636,78
91637,78
91638,78
91639,78
91640,78
91641,78
91642,78
91643,78
91644,78
91645,78
91646,78
91647,78
91648,78
91649,78
91650,78
91651,78
91652,78
91653,78
91654,78
91655,78
91656,78
91657,78
91658,78
91659,78
91660,78
91661,78
91662,78
91663,78
91664,78
91665,78
91666,78
91667,78
91668,78
91669,78
91670,78
91671,78
91672,78
91673,78
91674,78
91675,78
91676,78
91677,78
91678,78
91679,78
91680,78
91681,78
91682,78
91683,78
91684,78
91685,78
91686,78
91687,78
91688,78
91689,78
91690,78
91691,78
91692,78
91693,78
91694,78
91695,78
91696,78
91697,78
91698,78
91699,78
91700,78
91701,78
91702,78
91703,78
91704,78
91705,78
91706,78
91707,78
91708,78
91709,78
91710,78
91711,78
91712,78
91713,78
91714,78
91715,78
91716,78
91717,78
91718,78
91719,78
91720,78
91721,78
91722,78
91723,78
91724,78
91725,78
91726,78
91727,78
91728,78
91729,78
91730,78
91731,78
91732,78
91733,78
91734,78
91735,78
91736,78
91737,78
91738,78
91739,78
91740,78
91741,78
91742,78
91743,78
91744,78
91745,78
91746,78
91747,78
91748,78
91749,78
91750,78
91751,78
91752,78
91753,78
91754,78
91755,78
91756,78
91757,78
91758,78
91759,78
91760,78
91761,78
91762,78
91763,78
91764,78
91765,78
91766,78
91767,78
91768,78
91769,78
91770,78
91771,78
91772,78
91773,78
91774,78
91775,78
91776,78
91777,78
91778,78
91779,78
91780,78
91781,78
91782,78
91783,78
91784,78
91785,78
91786,78
91787,78
91788,78
91789,78
91790,78
91791,78
91792,78
91793,78
91794,78
91795,78
91796,78
91797,78
91798,78
91799,78
91800,78
91801,78
91802,78
91803,78
91804,78
91805,78
91806,78
91807,78
91808,78
91809,78
91810,78
91811,78
91812,78
91813,78
91814,78
91815,78
91816,78
91817,78
91818,78
91819,78
91820,78
91821,78
91822,78
91823,78
91824,78
91825,78
91826,78
91827,78
91828,78
91829,78
91830,78
91831,78
91832,78
91833,78
91834,78
91835,78
91836,78
91837,78
91838,78
91839,78
91840,78
91841,78
91842,78
91843,78
91844,78
91845,78
91846,78
91847,78
91848,78
91849,78
91850,78
91851,78
91852,78
91853,78
91854,78
91855,78
91856,78
91857,78
91858,78
91859,78
91860,78
91861,78
91862,78
91863,78
91864,78
91865,78
91866,78
91867,78
91868,78
91869,78
91870,78
91871,78
91872,78
91873,78
91874,78
91875,78
91876,78
91877,78
91878,78
91879,78
91880,78
91881,78
91882,78
91883,78
91884,78
91885,78
91886,78
91887,78
91888,78
91889,78
91890,78
91891,78
91892,78
91893,78
91894,78
91895,78
91896,78
91897,78
91898,78
91899,78
91900,78
91901,78
91902,78
91903,78
91904,78
91905,78
91906,78
91907,78
91908,78
91909,78
91910,78
91911,78
91912,78
91913,78
91914,78
91915,78
91916,78
91917,78
91918,78
91919,78
91920,78
91921,78
91922,78
91923,78
91924,78
91925,78
91926,78
91927,78
91928,78
91929,78
91930,78
91931,78
91932,78
91933,78
91934,78
91935,78
91936,78
91937,78
91938,78
91939,78
91940,78
91941,78
91942,78
91943,78
91944,78
91945,78
91946,78
91947,78
91948,78
91949,78
91950,78
91951,78
91952,78
91953,78
91954,78
91955,78
91956,78
91957,78
91958,78
91959,78
91960,78
91961,78
91962,78
91963,78
91964,78
91965,78
91966,78
91967,78
91968,78
91969,78
91970,78
91971,78
91972,78
91973,78
91974,78
91975,78
91976,78
91977,78
91978,78
91979,78
91980,78
91981,78
91982,78
91983,78
91984,78
91985,78
91986,78
91987,78
91988,78
91989,78
91990,78
91991,78
91992,78
91993,78
91994,78
91995,78
91996,78
91997,78
91998,78
91999,78
92000,78
92001,78
92002,78
92003,78
92004,78
92005,78
92006,78
92007,78
92008,78
92009,78
92010,78
92011,78
92012,78
92013,78
92014,78
92015,78
92016,78
92017,78
92018,78
92019,78
92020,78
92021,78
92022,78
92023,78
92024,78
92025,78
92026,78
92027,78
92028,78
92029,78
92030,78
92031,78
92032,78
92033,78
92034,78
92035,78
92036,78
92037,78
92038,78
92039,78
92040,78
92041,78
92042,78
92043,78
92044,78
92045,78
92046,78
92047,78
92048,78
92049,78
92050,78
92051,78
92052,78
92053,78
92054,78
92055,78
92056,78
92057,78
92058,78
92059,78
92060,78
92061,78
92062,78
92063,78
92064,78
92065,78
92066,78
92067,78
92068,78
92069,78
92070,78
92071,78
92072,78
92073,78
92074,78
92075,78
92076,78
92077,78
92078,78
92079,78
92080,78
92081,78
92082,78
92083,78
92084,78
92085,78
92086,78
92087,78
92088,78
92089,78
92090,78
92091,78
92092,78
92093,78
92094,78
92095,78
92096,78
92097,78
92098,78
92099,78
92100,78
92101,78
92102,78
92103,78
92104,78
92105,78
92106,78
92107,78
92108,78
92109,78
92110,78
92111,78
92112,78
92113,78
92114,78
92115,78
92116,78
92117,78
92118,78
92119,78
92120,78
92121,78
92122,78
92123,78
92124,78
92125,78
92126,78
92127,78
92128,78
92129,78
92130,78
92131,78
92132,78
92133,78
92134,78
92135,78
92136,78
92137,78
92138,78
92139,78
92140,78
92141,78
92142,78
92143,78
92144,78
92145,78
92146,78
92147,78
92148,78
92149,78
92150,78
92151,78
92152,78
92153,78
92154,78
92155,78
92156,78
92157,78
92158,78
92159,78
92160,78
92161,78
92162,78
92163,78
92164,78
92165,78
92166,78
92167,78
92168,78
92169,78
92170,78
92171,78
92172,78
92173,78
92174,78
92175,78
92176,78
92177,78
92178,78
92179,78
92180,78
92181,78
92182,78
92183,78
92184,78
92185,78
92186,78
92187,78
92188,78
92189,78
92190,78
92191,78
92192,78
92193,78
92194,78
92195,78
92196,78
92197,78
92198,78
92199,78
92200,78
92201,78
92202,78
92203,78
92204,78
92205,78
92206,78
92207,78
92208,78
92209,78
92210,78
92211,78
92212,78
92213,78
92214,78
92215,78
92216,78
92217,78
92218,78
92219,78
92220,78
92221,78
92222,78
92223,78
92224,78
92225,78
92226,78
92227,78
92228,78
92229,78
92230,78
92231,78
92232,78
92233,78
92234,78
92235,78
92236,78
92237,78
92238,78
92239,78
92240,78
92241,78
92242,78
92243,78
92244,78
92245,78
92246,78
92247,78
92248,78
92249,78
92250,78
92251,78
92252,78
92253,78
92254,78
92255,78
92256,78
92257,78
92258,78
92259,78
92260,78
92261,78
92262,78
92263,78
92264,78
92265,78
92266,78
92267,78
92268,78
92269,78
92270,78
92271,78
92272,78
92273,78
92274,78
92275,78
92276,78
92277,78
92278,78
92279,78
92280,78
92281,78
92282,78
92283,78
92284,78
92285,78
92286,78
92287,78
92288,78
92289,78
92290,78
92291,78
92292,78
92293,78
92294,78
92295,78
92296,78
92297,78
92298,78
92299,78
92300,78
92301,78
92302,78
92303,78
92304,78
92305,78
92306,78
92307,78
92308,78
92309,78
92310,78
92311,78
92312,78
92313,78
92314,78
92315,78
92316,78
92317,78
92318,78
92319,78
92320,78
92321,78
92322,78
92323,78
92324,78
92325,78
92326,78
92327,78
92328,78
92329,78
92330,78
92331,78
92332,78
92333,78
92334,78
92335,78
92336,78
92337,78
92338,78
92339,78
92340,78
92341,78
92342,78
92343,78
92344,78
92345,78
92346,78
92347,78
92348,78
92349,78
92350,78
92351,78
92352,78
92353,78
92354,78
92355,78
92356,78
92357,78
92358,78
92359,78
92360,78
92361,78
92362,78
92363,78
92364,78
92365,78
92366,78
92367,78
92368,78
92369,78
92370,78
92371,78
92372,78
92373,78
92374,78
92375,78
92376,78
92377,78
92378,78
92379,78
92380,78
92381,78
92382,78
92383,78
92384,78
92385,78
92386,78
92387,78
92388,78
92389,78
92390,78
92391,78
92392,78
92393,78
92394,78
92395,78
92396,78
92397,78
92398,78
92399,78
92400,78
92401,78
92402,78
92403,78
92404,78
92405,78
92406,78
92407,78
92408,78
92409,78
92410,78
92411,78
92412,78
92413,78
92414,78
92415,78
92416,78
92417,78
92418,78
92419,78
92420,78
92421,78
92422,78
92423,78
92424,78
92425,78
92426,78
92427,78
92428,78
92429,78
92430,78
92431,78
92432,78
92433,78
92434,78
92435,78
92436,78
92437,78
92438,78
92439,78
92440,78
92441,78
92442,78
92443,78
92444,78
92445,78
92446,78
92447,78
92448,78
92449,78
92450,78
92451,78
92452,78
92453,78
92454,78
92455,78
92456,78
92457,78
92458,78
92459,78
92460,78
92461,78
92462,78
92463,78
92464,78
92465,78
92466,78
92467,78
92468,78
92469,78
92470,78
92471,78
92472,78
92473,78
92474,78
92475,78
92476,78
92477,78
92478,78
92479,78
92480,78
92481,78
92482,78
92483,78
92484,78
92485,78
92486,78
92487,78
92488,78
92489,78
92490,78
92491,78
92492,78
92493,78
92494,78
92495,78
92496,78
92497,78
92498,78
92499,78
92500,78
92501,78
92502,78
92503,78
92504,78
92505,78
92506,78
92507,78
92508,78
92509,78
92510,78
92511,78
92512,78
92513,78
92514,78
92515,78
92516,78
92517,78
92518,78
92519,78
92520,78
92521,78
92522,78
92523,78
92524,78
92525,78
92526,78
92527,78
92528,78
92529,78
92530,78
92531,78
92532,78
92533,78
92534,78
92535,78
92536,78
92537,78
92538,78
92539,78
92540,78
92541,78
92542,78
92543,78
92544,78
92545,78
92546,78
92547,78
92548,78
92549,78
92550,78
92551,78
92552,78
92553,78
92554,78
92555,78
92556,78
92557,78
92558,78
92559,78
92560,78
92561,78
92562,78
92563,78
92564,78
92565,78
92566,78
92567,78
92568,78
92569,78
92570,78
92571,78
92572,78
92573,78
92574,78
92575,78
92576,78
92577,78
92578,78
92579,78
92580,78
92581,78
92582,78
92583,78
92584,78
92585,78
92586,78
92587,78
92588,78
92589,78
92590,78
92591,78
92592,78
92593,78
92594,78
92595,78
92596,78
92597,78
92598,78
92599,78
92600,78
92601,78
92602,78
92603,78
92604,78
92605,78
92606,78
92607,78
92608,78
92609,78
92610,78
92611,78
92612,78
92613,78
92614,78
92615,78
92616,78
92617,78
92618,78
92619,78
92620,78
92621,78
92622,78
92623,78
92624,78
92625,78
92626,78
92627,78
92628,78
92629,78
92630,78
92631,78
92632,78
92633,78
92634,78
92635,78
92636,78
92637,78
92638,78
92639,78
92640,78
92641,78
92642,78
92643,78
92644,78
92645,78
92646,78
92647,78
92648,78
92649,78
92650,78
92651,78
92652,78
92653,78
92654,78
92655,78
92656,78
92657,78
92658,78
92659,78
92660,78
92661,78
92662,78
92663,78
92664,78
92665,78
92666,78
92667,78
92668,78
92669,78
92670,78
92671,78
92672,78
92673,78
92674,78
92675,78
92676,78
92677,78
92678,78
92679,78
92680,78
92681,78
92682,78
92683,78
92684,78
92685,78
92686,78
92687,78
92688,78
92689,78
92690,78
92691,78
92692,78
92693,78
92694,78
92695,78
92696,78
92697,78
92698,78
92699,78
92700,78
92701,78
92702,78
92703,78
92704,78
92705,78
92706,78
92707,78
92708,78
92709,78
92710,78
92711,78
92712,78
92713,78
92714,78
92715,78
92716,78
92717,78
92718,78
92719,78
92720,78
92721,78
92722,78
92723,78
92724,78
92725,78
92726,78
92727,78
92728,78
92729,78
92730,78
92731,78
92732,78
92733,78
92734,78
92735,78
92736,78
92737,78
92738,78
92739,78
92740,78
92741,78
92742,78
92743,78
92744,78
92745,78
92746,78
92747,78
92748,78
92749,78
92750,78
92751,78
92752,78
92753,78
92754,78
92755,78
92756,78
92757,78
92758,78
92759,78
92760,78
92761,78
92762,78
92763,78
92764,78
92765,78
92766,78
92767,78
92768,78
92769,78
92770,78
92771,78
92772,78
92773,78
92774,78
92775,78
92776,78
92777,78
92778,78
92779,78
92780,78
92781,78
92782,78
92783,78
92784,78
92785,78
92786,78
92787,78
92788,78
92789,78
92790,78
92791,78
92792,78
92793,78
92794,78
92795,78
92796,78
92797,78
92798,78
92799,78
92800,78
92801,78
92802,78
92803,78
92804,78
92805,78
92806,78
92807,78
92808,78
92809,78
92810,78
92811,78
92812,78
92813,78
92814,78
92815,78
92816,78
92817,78
92818,78
92819,78
92820,78
92821,78
92822,78
92823,78
92824,78
92825,78
92826,78
92827,78
92828,78
92829,78
92830,78
92831,78
92832,78
92833,78
92834,78
92835,78
92836,78
92837,78
92838,78
92839,78
92840,78
92841,78
92842,78
92843,78
92844,78
92845,78
92846,78
92847,78
92848,78
92849,78
92850,78
92851,78
92852,78
92853,78
92854,78
92855,78
92856,78
92857,78
92858,78
92859,78
92860,78
92861,78
92862,78
92863,78
92864,78
92865,78
92866,78
92867,78
92868,78
92869,78
92870,78
92871,78
92872,78
92873,78
92874,78
92875,78
92876,78
92877,78
92878,78
92879,78
92880,78
92881,78
92882,78
92883,78
92884,78
92885,78
92886,78
92887,78
92888,78
92889,78
92890,78
92891,78
92892,78
92893,78
92894,78
92895,78
92896,78
92897,78
92898,78
92899,78
92900,78
92901,78
92902,78
92903,78
92904,78
92905,78
92906,78
92907,78
92908,78
92909,78
92910,78
92911,78
92912,78
92913,78
92914,78
92915,78
92916,78
92917,78
92918,78
92919,78
92920,78
92921,78
92922,78
92923,78
92924,78
92925,78
92926,78
92927,78
92928,78
92929,78
92930,78
92931,78
92932,78
92933,78
92934,78
92935,78
92936,78
92937,78
92938,78
92939,78
92940,78
92941,78
92942,78
92943,78
92944,78
92945,78
92946,78
92947,78
92948,78
92949,78
92950,78
92951,78
92952,78
92953,78
92954,78
92955,78
92956,78
92957,78
92958,78
92959,78
92960,78
92961,78
92962,78
92963,78
92964,78
92965,78
92966,78
92967,78
92968,78
92969,78
92970,78
92971,78
92972,78
92973,78
92974,78
92975,78
92976,78
92977,78
92978,78
92979,78
92980,78
92981,78
92982,78
92983,78
92984,78
92985,78
92986,78
92987,78
92988,78
92989,78
92990,78
92991,78
92992,78
92993,78
92994,78
92995,78
92996,78
92997,78
92998,78
92999,78
93000,78
93001,78
93002,78
93003,78
93004,78
93005,78
93006,78
93007,78
93008,78
93009,78
93010,78
93011,78
93012,78
93013,78
93014,78
93015,78
93016,78
93017,78
93018,78
93019,78
93020,78
93021,78
93022,78
93023,78
93024,78
93025,78
93026,78
93027,78
93028,78
93029,78
93030,78
93031,78
93032,78
93033,78
93034,78
93035,78
93036,78
93037,78
93038,78
93039,78
93040,78
93041,78
93042,78
93043,78
93044,78
93045,78
93046,78
93047,78
93048,78
93049,78
93050,78
93051,78
93052,78
93053,78
93054,78
93055,78
93056,78
93057,78
93058,78
93059,78
93060,78
93061,78
93062,78
93063,78
93064,78
93065,78
93066,78
93067,78
93068,78
93069,78
93070,78
93071,78
93072,78
93073,78
93074,78
93075,78
93076,78
93077,78
93078,78
93079,78
93080,78
93081,78
93082,78
93083,78
93084,78
93085,78
93086,78
93087,78
93088,78
93089,78
93090,78
93091,78
93092,78
93093,78
93094,78
93095,78
93096,78
93097,78
93098,78
93099,78
93100,78
93101,78
93102,78
93103,78
93104,78
93105,78
93106,78
93107,78
93108,78
93109,78
93110,78
93111,78
93112,78
93113,78
93114,78
93115,78
93116,78
93117,78
93118,78
93119,78
93120,78
93121,78
93122,78
93123,78
93124,78
93125,78
93126,78
93127,78
93128,78
93129,78
93130,78
93131,78
93132,78
93133,78
93134,78
93135,78
93136,78
93137,78
93138,78
93139,78
93140,78
93141,78
93142,78
93143,78
93144,78
93145,78
93146,78
93147,78
93148,78
93149,78
93150,78
93151,78
93152,78
93153,78
93154,78
93155,78
93156,78
93157,78
93158,78
93159,78
93160,78
93161,78
93162,78
93163,78
93164,78
93165,78
93166,78
93167,78
93168,78
93169,78
93170,78
93171,78
93172,78
93173,78
93174,78
93175,78
93176,78
93177,78
93178,78
93179,78
93180,78
93181,78
93182,78
93183,78
93184,78
93185,78
93186,78
93187,78
93188,78
93189,78
93190,78
93191,78
93192,78
93193,78
93194,78
93195,78
93196,78
93197,78
93198,78
93199,78
93200,78
93201,78
93202,78
93203,78
93204,78
93205,78
93206,78
93207,78
93208,78
93209,78
93210,78
93211,78
93212,78
93213,78
93214,78
93215,78
93216,78
93217,78
93218,78
93219,78
93220,78
93221,78
93222,78
93223,78
93224,78
93225,78
93226,78
93227,78
93228,78
93229,78
93230,78
93231,78
93232,78
93233,78
93234,78
93235,78
93236,78
93237,78
93238,78
93239,78
93240,78
93241,78
93242,78
93243,78
93244,78
93245,78
93246,78
93247,78
93248,78
93249,78
93250,78
93251,78
93252,78
93253,78
93254,78
93255,78
93256,78
93257,78
93258,78
93259,78
93260,78
93261,78
93262,78
93263,78
93264,78
93265,78
93266,78
93267,78
93268,78
93269,78
93270,78
93271,78
93272,78
93273,78
93274,78
93275,78
93276,78
93277,78
93278,78
93279,78
93280,78
93281,78
93282,78
93283,78
93284,78
93285,78
93286,78
93287,78
93288,78
93289,78
93290,78
93291,78
93292,78
93293,78
93294,78
93295,78
93296,78
93297,78
93298,78
93299,78
93300,78
93301,78
93302,78
93303,78
93304,78
93305,78
93306,78
93307,78
93308,78
93309,78
93310,78
93311,78
93312,78
93313,78
93314,78
93315,78
93316,78
93317,78
93318,78
93319,78
93320,78
93321,78
93322,78
93323,78
93324,78
93325,78
93326,78
93327,78
93328,78
93329,78
93330,78
93331,78
93332,78
93333,78
93334,78
93335,78
93336,78
93337,78
93338,78
93339,78
93340,78
93341,78
93342,78
93343,78
93344,78
93345,78
93346,78
93347,78
93348,78
93349,78
93350,78
93351,78
93352,78
93353,78
93354,78
93355,78
93356,78
93357,78
93358,78
93359,78
93360,78
93361,78
93362,78
93363,78
93364,78
93365,78
93366,78
93367,78
93368,78
93369,78
93370,78
93371,78
93372,78
93373,78
93374,78
93375,78
93376,78
93377,78
93378,78
93379,78
93380,78
93381,78
93382,78
93383,78
93384,78
93385,78
93386,78
93387,78
93388,78
93389,78
93390,78
93391,78
93392,78
93393,78
93394,78
93395,78
93396,78
93397,78
93398,78
93399,78
93400,78
93401,78
93402,78
93403,78
93404,78
93405,78
93406,78
93407,78
93408,78
93409,78
93410,78
93411,78
93412,78
93413,78
93414,78
93415,78
93416,78
93417,78
93418,78
93419,78
93420,78
93421,78
93422,78
93423,78
93424,78
93425,78
93426,78
93427,78
93428,78
93429,78
93430,78
93431,78
93432,78
93433,78
93434,78
93435,78
93436,78
93437,78
93438,78
93439,78
93440,78
93441,78
93442,78
93443,78
93444,78
93445,78
93446,78
93447,78
93448,78
93449,78
93450,78
93451,78
93452,78
93453,78
93454,78
93455,78
93456,78
93457,78
93458,78
93459,78
93460,78
93461,78
93462,78
93463,78
93464,78
93465,78
93466,78
93467,78
93468,78
93469,78
93470,78
93471,78
93472,78
93473,78
93474,78
93475,78
93476,78
93477,78
93478,78
93479,78
93480,78
93481,78
93482,78
93483,78
93484,78
93485,78
93486,78
93487,78
93488,78
93489,78
93490,78
93491,78
93492,78
93493,78
93494,78
93495,78
93496,78
93497,78
93498,78
93499,78
93500,78
93501,78
93502,78
93503,78
93504,78
93505,78
93506,78
93507,78
93508,78
93509,78
93510,78
93511,78
93512,78
93513,78
93514,78
93515,78
93516,78
93517,78
93518,78
93519,78
93520,78
93521,78
93522,78
93523,78
93524,78
93525,78
93526,78
93527,78
93528,78
93529,78
93530,78
93531,78
93532,78
93533,78
93534,78
93535,78
93536,78
93537,78
93538,78
93539,78
93540,78
93541,78
93542,78
93543,78
93544,78
93545,78
93546,78
93547,78
93548,78
93549,78
93550,78
93551,78
93552,78
93553,78
93554,78
93555,78
93556,78
93557,78
93558,78
93559,78
93560,78
93561,78
93562,78
93563,78
93564,78
93565,78
93566,78
93567,78
93568,78
93569,78
93570,78
93571,78
93572,78
93573,78
93574,78
93575,78
93576,78
93577,78
93578,78
93579,78
93580,78
93581,78
93582,78
93583,78
93584,78
93585,78
93586,78
93587,78
93588,78
93589,78
93590,78
93591,78
93592,78
93593,78
93594,78
93595,78
93596,78
93597,78
93598,78
93599,78
93600,78
93601,78
93602,78
93603,78
93604,78
93605,78
93606,78
93607,78
93608,78
93609,78
93610,78
93611,78
93612,78
93613,78
93614,78
93615,78
93616,78
93617,78
93618,78
93619,78
93620,78
93621,78
93622,78
93623,78
93624,78
93625,78
93626,78
93627,78
93628,78
93629,78
93630,78
93631,78
93632,78
93633,78
93634,78
93635,78
93636,78
93637,78
93638,78
93639,78
93640,78
93641,78
93642,78
93643,78
93644,78
93645,78
93646,78
93647,78
93648,78
93649,78
93650,78
93651,78
93652,78
93653,78
93654,78
93655,78
93656,78
93657,78
93658,78
93659,78
93660,78
93661,78
93662,78
93663,78
93664,78
93665,78
93666,78
93667,78
93668,78
93669,78
93670,78
93671,78
93672,78
93673,78
93674,78
93675,78
93676,78
93677,78
93678,78
93679,78
93680,78
93681,78
93682,78
93683,78
93684,78
93685,78
93686,78
93687,78
93688,78
93689,78
93690,78
93691,78
93692,78
93693,78
93694,78
93695,78
93696,78
93697,78
93698,78
93699,78
93700,78
93701,78
93702,78
93703,78
93704,78
93705,78
93706,78
93707,78
93708,78
93709,78
93710,78
93711,78
93712,78
93713,78
93714,78
93715,78
93716,78
93717,78
93718,78
93719,78
93720,78
93721,78
93722,78
93723,78
93724,78
93725,78
93726,78
93727,78
93728,78
93729,78
93730,78
93731,78
93732,78
93733,78
93734,78
93735,78
93736,78
93737,78
93738,78
93739,78
93740,78
93741,78
93742,78
93743,78
93744,78
93745,78
93746,78
93747,78
93748,78
93749,78
93750,78
93751,78
93752,78
93753,78
93754,78
93755,78
93756,78
93757,78
93758,78
93759,78
93760,78
93761,78
93762,78
93763,78
93764,78
93765,78
93766,78
93767,78
93768,78
93769,78
93770,78
93771,78
93772,78
93773,78
93774,78
93775,78
93776,78
93777,78
93778,78
93779,78
93780,78
93781,78
93782,78
93783,78
93784,78
93785,78
93786,78
93787,78
93788,78
93789,78
93790,78
93791,78
93792,78
93793,78
93794,78
93795,78
93796,78
93797,78
93798,78
93799,78
93800,78
93801,78
93802,78
93803,78
93804,78
93805,78
93806,78
93807,78
93808,78
93809,78
93810,78
93811,78
93812,78
93813,78
93814,78
93815,78
93816,78
93817,78
93818,78
93819,78
93820,78
93821,78
93822,78
93823,78
93824,78
93825,78
93826,78
93827,78
93828,78
93829,78
93830,78
93831,78
93832,78
93833,78
93834,78
93835,78
93836,78
93837,78
93838,78
93839,78
93840,78
93841,78
93842,78
93843,78
93844,78
93845,78
93846,78
93847,78
93848,78
93849,78
93850,78
93851,78
93852,78
93853,78
93854,78
93855,78
93856,78
93857,78
93858,78
93859,78
93860,78
93861,78
93862,78
93863,78
93864,78
93865,78
93866,78
93867,78
93868,78
93869,78
93870,78
93871,78
93872,78
93873,78
93874,78
93875,78
93876,78
93877,78
93878,78
93879,78
93880,78
93881,78
93882,78
93883,78
93884,78
93885,78
93886,78
93887,78
93888,78
93889,78
93890,78
93891,78
93892,78
93893,78
93894,78
93895,78
93896,78
93897,78
93898,78
93899,78
93900,78
93901,78
93902,78
93903,78
93904,78
93905,78
93906,78
93907,78
93908,78
93909,78
93910,78
93911,78
93912,78
93913,78
93914,78
93915,78
93916,78
93917,78
93918,78
93919,78
93920,78
93921,78
93922,78
93923,78
93924,78
93925,78
93926,78
93927,78
93928,78
93929,78
93930,78
93931,78
93932,78
93933,78
93934,78
93935,78
93936,78
93937,78
93938,78
93939,78
93940,78
93941,78
93942,78
93943,78
93944,78
93945,78
93946,78
93947,78
93948,78
93949,78
93950,78
93951,78
93952,78
93953,78
93954,78
93955,78
93956,78
93957,78
93958,78
93959,78
93960,78
93961,78
93962,78
93963,78
93964,78
93965,78
93966,78
93967,78
93968,78
93969,78
93970,78
93971,78
93972,78
93973,78
93974,78
93975,78
93976,78
93977,78
93978,78
93979,78
93980,78
93981,78
93982,78
93983,78
93984,78
93985,78
93986,78
93987,78
93988,78
93989,78
93990,78
93991,78
93992,78
93993,78
93994,78
93995,78
93996,78
93997,78
93998,78
93999,78
94000,78
94001,78
94002,78
94003,78
94004,78
94005,78
94006,78
94007,78
94008,78
94009,78
94010,78
94011,78
94012,78
94013,78
94014,78
94015,78
94016,78
94017,78
94018,78
94019,78
94020,78
94021,78
94022,78
94023,78
94024,78
94025,78
94026,78
94027,78
94028,78
94029,78
94030,78
94031,78
94032,78
94033,78
94034,78
94035,78
94036,78
94037,78
94038,78
94039,78
94040,78
94041,78
94042,78
94043,78
94044,78
94045,78
94046,78
94047,78
94048,78
94049,78
94050,78
94051,78
94052,78
94053,78
94054,78
94055,78
94056,78
94057,78
94058,78
94059,78
94060,78
94061,78
94062,78
94063,78
94064,78
94065,78
94066,78
94067,78
94068,78
94069,78
94070,78
94071,78
94072,78
94073,78
94074,78
94075,78
94076,78
94077,78
94078,78
94079,78
94080,78
94081,78
94082,78
94083,78
94084,78
94085,78
94086,78
94087,78
94088,78
94089,78
94090,78
94091,78
94092,78
94093,78
94094,78
94095,78
94096,78
94097,78
94098,78
94099,78
94100,78
94101,78
94102,78
94103,78
94104,78
94105,78
94106,78
94107,78
94108,78
94109,78
94110,78
94111,78
94112,78
94113,78
94114,78
94115,78
94116,78
94117,78
94118,78
94119,78
94120,78
94121,78
94122,78
94123,78
94124,78
94125,78
94126,78
94127,78
94128,78
94129,78
94130,78
94131,78
94132,78
94133,78
94134,78
94135,78
94136,78
94137,78
94138,78
94139,78
94140,78
94141,78
94142,78
94143,78
94144,78
94145,78
94146,78
94147,78
94148,78
94149,78
94150,78
94151,78
94152,78
94153,78
94154,78
94155,78
94156,78
94157,78
94158,78
94159,78
94160,78
94161,78
94162,78
94163,78
94164,78
94165,78
94166,78
94167,78
94168,78
94169,78
94170,78
94171,78
94172,78
94173,78
94174,78
94175,78
94176,78
94177,78
94178,78
94179,78
94180,78
94181,78
94182,78
94183,78
94184,78
94185,78
94186,78
94187,78
94188,78
94189,78
94190,78
94191,78
94192,78
94193,78
94194,78
94195,78
94196,78
94197,78
94198,78
94199,78
94200,78
94201,78
94202,78
94203,78
94204,78
94205,78
94206,78
94207,78
94208,78
94209,78
94210,78
94211,78
94212,78
94213,78
94214,78
94215,78
94216,78
94217,78
94218,78
94219,78
94220,78
94221,78
94222,78
94223,78
94224,78
94225,78
94226,78
94227,78
94228,78
94229,78
94230,78
94231,78
94232,78
94233,78
94234,78
94235,78
94236,78
94237,78
94238,78
94239,78
94240,78
94241,78
94242,78
94243,78
94244,78
94245,78
94246,78
94247,78
94248,78
94249,78
94250,78
94251,78
94252,78
94253,78
94254,78
94255,78
94256,78
94257,78
94258,78
94259,78
94260,78
94261,78
94262,78
94263,78
94264,78
94265,78
94266,78
94267,78
94268,78
94269,78
94270,78
94271,78
94272,78
94273,78
94274,78
94275,78
94276,78
94277,78
94278,78
94279,78
94280,78
94281,78
94282,78
94283,78
94284,78
94285,78
94286,78
94287,78
94288,78
94289,78
94290,78
94291,78
94292,78
94293,78
94294,78
94295,78
94296,78
94297,78
94298,78
94299,78
94300,78
94301,78
94302,78
94303,78
94304,78
94305,78
94306,78
94307,78
94308,78
94309,78
94310,78
94311,78
94312,78
94313,78
94314,78
94315,78
94316,78
94317,78
94318,78
94319,78
94320,78
94321,78
94322,78
94323,78
94324,78
94325,78
94326,78
94327,78
94328,78
94329,78
94330,78
94331,78
94332,78
94333,78
94334,78
94335,78
94336,78
94337,78
94338,78
94339,78
94340,78
94341,78
94342,78
94343,78
94344,78
94345,78
94346,78
94347,78
94348,78
94349,78
94350,78
94351,78
94352,78
94353,78
94354,78
94355,78
94356,78
94357,78
94358,78
94359,78
94360,78
94361,78
94362,78
94363,78
94364,78
94365,78
94366,78
94367,78
94368,78
94369,78
94370,78
94371,78
94372,78
94373,78
94374,78
94375,78
94376,78
94377,78
94378,78
94379,78
94380,78
94381,78
94382,78
94383,78
94384,78
94385,78
94386,78
94387,78
94388,78
94389,78
94390,78
94391,78
94392,78
94393,78
94394,78
94395,78
94396,78
94397,78
94398,78
94399,78
94400,78
94401,78
94402,78
94403,78
94404,78
94405,78
94406,78
94407,78
94408,78
94409,78
94410,78
94411,78
94412,78
94413,78
94414,78
94415,78
94416,78
94417,78
94418,78
94419,78
94420,78
94421,78
94422,78
94423,78
94424,78
94425,78
94426,78
94427,78
94428,78
94429,78
94430,78
94431,78
94432,78
94433,78
94434,78
94435,78
94436,78
94437,78
94438,78
94439,78
94440,78
94441,78
94442,78
94443,78
94444,78
94445,78
94446,78
94447,78
94448,78
94449,78
94450,78
94451,78
94452,78
94453,78
94454,78
94455,78
94456,78
94457,78
94458,78
94459,78
94460,78
94461,78
94462,78
94463,78
94464,78
94465,78
94466,78
94467,78
94468,78
94469,78
94470,78
94471,78
94472,78
94473,78
94474,78
94475,78
94476,78
94477,78
94478,78
94479,78
94480,78
94481,78
94482,78
94483,78
94484,78
94485,78
94486,78
94487,78
94488,78
94489,78
94490,78
94491,78
94492,78
94493,78
94494,78
94495,78
94496,78
94497,78
94498,78
94499,78
94500,78
94501,78
94502,78
94503,78
94504,78
94505,78
94506,78
94507,78
94508,78
94509,78
94510,78
94511,78
94512,78
94513,78
94514,78
94515,78
94516,78
94517,78
94518,78
94519,78
94520,78
94521,78
94522,78
94523,78
94524,78
94525,78
94526,78
94527,78
94528,78
94529,78
94530,78
94531,78
94532,78
94533,78
94534,78
94535,78
94536,78
94537,78
94538,78
94539,78
94540,78
94541,78
94542,78
94543,78
94544,78
94545,78
94546,78
94547,78
94548,78
94549,78
94550,78
94551,78
94552,78
94553,78
94554,78
94555,78
94556,78
94557,78
94558,78
94559,78
94560,78
94561,78
94562,78
94563,78
94564,78
94565,78
94566,78
94567,78
94568,78
94569,78
94570,78
94571,78
94572,78
94573,78
94574,78
94575,78
94576,78
94577,78
94578,78
94579,78
94580,78
94581,78
94582,78
94583,78
94584,78
94585,78
94586,78
94587,78
94588,78
94589,78
94590,78
94591,78
94592,78
94593,78
94594,78
94595,78
94596,78
94597,78
94598,78
94599,78
94600,78
94601,78
94602,78
94603,78
94604,78
94605,78
94606,78
94607,78
94608,78
94609,78
94610,78
94611,78
94612,78
94613,78
94614,78
94615,78
94616,78
94617,78
94618,78
94619,78
94620,78
94621,78
94622,78
94623,78
94624,78
94625,78
94626,78
94627,78
94628,78
94629,78
94630,78
94631,78
94632,78
94633,78
94634,78
94635,78
94636,78
94637,78
94638,78
94639,78
94640,78
94641,78
94642,78
94643,78
94644,78
94645,78
94646,78
94647,78
94648,78
94649,78
94650,78
94651,78
94652,78
94653,78
94654,78
94655,78
94656,78
94657,78
94658,78
94659,78
94660,78
94661,78
94662,78
94663,78
94664,78
94665,78
94666,78
94667,78
94668,78
94669,78
94670,78
94671,78
94672,78
94673,78
94674,78
94675,78
94676,78
94677,78
94678,78
94679,78
94680,78
94681,78
94682,78
94683,78
94684,78
94685,78
94686,78
94687,78
94688,78
94689,78
94690,78
94691,78
94692,78
94693,78
94694,78
94695,78
94696,78
94697,78
94698,78
94699,78
94700,78
94701,78
94702,78
94703,78
94704,78
94705,78
94706,78
94707,78
94708,78
94709,78
94710,78
94711,78
94712,78
94713,78
94714,78
94715,78
94716,78
94717,78
94718,78
94719,78
94720,78
94721,78
94722,78
94723,78
94724,78
94725,78
94726,78
94727,78
94728,78
94729,78
94730,78
94731,78
94732,78
94733,78
94734,78
94735,78
94736,78
94737,78
94738,78
94739,78
94740,78
94741,78
94742,78
94743,78
94744,78
94745,78
94746,78
94747,78
94748,78
94749,78
94750,78
94751,78
94752,78
94753,78
94754,78
94755,78
94756,78
94757,78
94758,78
94759,78
94760,78
94761,78
94762,78
94763,78
94764,78
94765,78
94766,78
94767,78
94768,78
94769,78
94770,78
94771,78
94772,78
94773,78
94774,78
94775,78
94776,78
94777,78
94778,78
94779,78
94780,78
94781,78
94782,78
94783,78
94784,78
94785,78
94786,78
94787,78
94788,78
94789,78
94790,78
94791,78
94792,78
94793,78
94794,78
94795,78
94796,78
94797,78
94798,78
94799,78
94800,78
94801,78
94802,78
94803,78
94804,78
94805,78
94806,78
94807,78
94808,78
94809,78
94810,78
94811,78
94812,78
94813,78
94814,78
94815,78
94816,78
94817,78
94818,78
94819,78
94820,78
94821,78
94822,78
94823,78
94824,78
94825,78
94826,78
94827,78
94828,78
94829,78
94830,78
94831,78
94832,78
94833,78
94834,78
94835,78
94836,78
94837,78
94838,78
94839,78
94840,78
94841,78
94842,78
94843,78
94844,78
94845,78
94846,78
94847,78
94848,78
94849,78
94850,78
94851,78
94852,78
94853,78
94854,78
94855,78
94856,78
94857,78
94858,78
94859,78
94860,78
94861,78
94862,78
94863,78
94864,78
94865,78
94866,78
94867,78
94868,78
94869,78
94870,78
94871,78
94872,78
94873,78
94874,78
94875,78
94876,78
94877,78
94878,78
94879,78
94880,78
94881,78
94882,78
94883,78
94884,78
94885,78
94886,78
94887,78
94888,78
94889,78
94890,78
94891,78
94892,78
94893,78
94894,78
94895,78
94896,78
94897,78
94898,78
94899,78
94900,78
94901,78
94902,78
94903,78
94904,78
94905,78
94906,78
94907,78
94908,78
94909,78
94910,78
94911,78
94912,78
94913,78
94914,78
94915,78
94916,78
94917,78
94918,78
94919,78
94920,78
94921,78
94922,78
94923,78
94924,78
94925,78
94926,78
94927,78
94928,78
94929,78
94930,78
94931,78
94932,78
94933,78
94934,78
94935,78
94936,78
94937,78
94938,78
94939,78
94940,78
94941,78
94942,78
94943,78
94944,78
94945,78
94946,78
94947,78
94948,78
94949,78
94950,78
94951,78
94952,78
94953,78
94954,78
94955,78
94956,78
94957,78
94958,78
94959,78
94960,78
94961,78
94962,78
94963,78
94964,78
94965,78
94966,78
94967,78
94968,78
94969,78
94970,78
94971,78
94972,78
94973,78
94974,78
94975,78
94976,78
94977,78
94978,78
94979,78
94980,78
94981,78
94982,78
94983,78
94984,78
94985,78
94986,78
94987,78
94988,78
94989,78
94990,78
94991,78
94992,78
94993,78
94994,78
94995,78
94996,78
94997,78
94998,78
94999,78
95000,78
95001,78
95002,78
95003,78
95004,78
95005,78
95006,78
95007,78
95008,78
95009,78
95010,78
95011,78
95012,78
95013,78
95014,78
95015,78
95016,78
95017,78
95018,78
95019,78
95020,78
95021,78
95022,78
95023,78
95024,78
95025,78
95026,78
95027,78
95028,78
95029,78
95030,78
95031,78
95032,78
95033,78
95034,78
95035,78
95036,78
95037,78
95038,78
95039,78
95040,78
95041,78
95042,78
95043,78
95044,78
95045,78
95046,78
95047,78
95048,78
95049,78
95050,78
95051,78
95052,78
95053,78
95054,78
95055,78
95056,78
95057,78
95058,78
95059,78
95060,78
95061,78
95062,78
95063,78
95064,78
95065,78
95066,78
95067,78
95068,78
95069,78
95070,78
95071,78
95072,78
95073,78
95074,78
95075,78
95076,78
95077,78
95078,78
95079,78
95080,78
95081,78
95082,78
95083,78
95084,78
95085,78
95086,78
95087,78
95088,78
95089,78
95090,78
95091,78
95092,78
95093,78
95094,78
95095,78
95096,78
95097,78
95098,78
95099,78
95100,78
95101,78
95102,78
95103,78
95104,78
95105,78
95106,78
95107,78
95108,78
95109,78
95110,78
95111,78
95112,78
95113,78
95114,78
95115,78
95116,78
95117,78
95118,78
95119,78
95120,78
95121,78
95122,78
95123,78
95124,78
95125,78
95126,78
95127,78
95128,78
95129,78
95130,78
95131,78
95132,78
95133,78
95134,78
95135,78
95136,78
95137,78
95138,78
95139,78
95140,78
95141,78
95142,78
95143,78
95144,78
95145,78
95146,78
95147,78
95148,78
95149,78
95150,78
95151,78
95152,78
95153,78
95154,78
95155,78
95156,78
95157,78
95158,78
95159,78
95160,78
95161,78
95162,78
95163,78
95164,78
95165,78
95166,78
95167,78
95168,78
95169,78
95170,78
95171,78
95172,78
95173,78
95174,78
95175,78
95176,78
95177,78
95178,78
95179,78
95180,78
95181,78
95182,78
95183,78
95184,78
95185,78
95186,78
95187,78
95188,78
95189,78
95190,78
95191,78
95192,78
95193,78
95194,78
95195,78
95196,78
95197,78
95198,78
95199,78
95200,78
95201,78
95202,78
95203,78
95204,78
95205,78
95206,78
95207,78
95208,78
95209,78
95210,78
95211,78
95212,78
95213,78
95214,78
95215,78
95216,78
95217,78
95218,78
95219,78
95220,78
95221,78
95222,78
95223,78
95224,78
95225,78
95226,78
95227,78
95228,78
95229,78
95230,78
95231,78
95232,78
95233,78
95234,78
95235,78
95236,78
95237,78
95238,78
95239,78
95240,78
95241,78
95242,78
95243,78
95244,78
95245,78
95246,78
95247,78
95248,78
95249,78
95250,78
95251,78
95252,78
95253,78
95254,78
95255,78
95256,78
95257,78
95258,78
95259,78
95260,78
95261,78
95262,78
95263,78
95264,78
95265,78
95266,78
95267,78
95268,78
95269,78
95270,78
95271,78
95272,78
95273,78
95274,78
95275,78
95276,78
95277,78
95278,78
95279,78
95280,78
95281,78
95282,78
95283,78
95284,78
95285,78
95286,78
95287,78
95288,78
95289,78
95290,78
95291,78
95292,78
95293,78
95294,78
95295,78
95296,78
95297,78
95298,78
95299,78
95300,78
95301,78
95302,78
95303,78
95304,78
95305,78
95306,78
95307,78
95308,78
95309,78
95310,78
95311,78
95312,78
95313,78
95314,78
95315,78
95316,78
95317,78
95318,78
95319,78
95320,78
95321,78
95322,78
95323,78
95324,78
95325,78
95326,78
95327,78
95328,78
95329,78
95330,78
95331,78
95332,78
95333,78
95334,78
95335,78
95336,78
95337,78
95338,78
95339,78
95340,78
95341,78
95342,78
95343,78
95344,78
95345,78
95346,78
95347,78
95348,78
95349,78
95350,78
95351,78
95352,78
95353,78
95354,78
95355,78
95356,78
95357,78
95358,78
95359,78
95360,78
95361,78
95362,78
95363,78
95364,78
95365,78
95366,78
95367,78
95368,78
95369,78
95370,78
95371,78
95372,78
95373,78
95374,78
95375,78
95376,78
95377,78
95378,78
95379,78
95380,78
95381,78
95382,78
95383,78
95384,78
95385,78
95386,78
95387,78
95388,78
95389,78
95390,78
95391,78
95392,78
95393,78
95394,78
95395,78
95396,78
95397,78
95398,78
95399,78
95400,78
95401,78
95402,78
95403,78
95404,78
95405,78
95406,78
95407,78
95408,78
95409,78
95410,78
95411,78
95412,78
95413,78
95414,78
95415,78
95416,78
95417,78
95418,78
95419,78
95420,78
95421,78
95422,78
95423,78
95424,78
95425,78
95426,78
95427,78
95428,78
95429,78
95430,78
95431,78
95432,78
95433,78
95434,78
95435,78
95436,78
95437,78
95438,78
95439,78
95440,78
95441,78
95442,78
95443,78
95444,78
95445,78
95446,78
95447,78
95448,78
95449,78
95450,78
95451,78
95452,78
95453,78
95454,78
95455,78
95456,78
95457,78
95458,78
95459,78
95460,78
95461,78
95462,78
95463,78
95464,78
95465,78
95466,78
95467,78
95468,78
95469,78
95470,78
95471,78
95472,78
95473,78
95474,78
95475,78
95476,78
95477,78
95478,78
95479,78
95480,78
95481,78
95482,78
95483,78
95484,78
95485,78
95486,78
95487,78
95488,78
95489,78
95490,78
95491,78
95492,78
95493,78
95494,78
95495,78
95496,78
95497,78
95498,78
95499,78
95500,78
95501,78
95502,78
95503,78
95504,78
95505,78
95506,78
95507,78
95508,78
95509,78
95510,78
95511,78
95512,78
95513,78
95514,78
95515,78
95516,78
95517,78
95518,78
95519,78
95520,78
95521,78
95522,78
95523,78
95524,78
95525,78
95526,78
95527,78
95528,78
95529,78
95530,78
95531,78
95532,78
95533,78
95534,78
95535,78
95536,78
95537,78
95538,78
95539,78
95540,78
95541,78
95542,78
95543,78
95544,78
95545,78
95546,78
95547,78
95548,78
95549,78
95550,78
95551,78
95552,78
95553,78
95554,78
95555,78
95556,78
95557,78
95558,78
95559,78
95560,78
95561,78
95562,78
95563,78
95564,78
95565,78
95566,78
95567,78
95568,78
95569,78
95570,78
95571,78
95572,78
95573,78
95574,78
95575,78
95576,78
95577,78
95578,78
95579,78
95580,78
95581,78
95582,78
95583,78
95584,78
95585,78
95586,78
95587,78
95588,78
95589,78
95590,78
95591,78
95592,78
95593,78
95594,78
95595,78
95596,78
95597,78
95598,78
95599,78
95600,78
95601,78
95602,78
95603,78
95604,78
95605,78
95606,78
95607,78
95608,78
95609,78
95610,78
95611,78
95612,78
95613,78
95614,78
95615,78
95616,78
95617,78
95618,78
95619,78
95620,78
95621,78
95622,78
95623,78
95624,78
95625,78
95626,78
95627,78
95628,78
95629,78
95630,78
95631,78
95632,78
95633,78
95634,78
95635,78
95636,78
95637,78
95638,78
95639,78
95640,78
95641,78
95642,78
95643,78
95644,78
95645,78
95646,78
95647,78
95648,78
95649,78
95650,78
95651,78
95652,78
95653,78
95654,78
95655,78
95656,78
95657,78
95658,78
95659,78
95660,78
95661,78
95662,78
95663,78
95664,78
95665,78
95666,78
95667,78
95668,78
95669,78
95670,78
95671,78
95672,78
95673,78
95674,78
95675,78
95676,78
95677,78
95678,78
95679,78
95680,78
95681,78
95682,78
95683,78
95684,78
95685,78
95686,78
95687,78
95688,78
95689,78
95690,78
95691,78
95692,78
95693,78
95694,78
95695,78
95696,78
95697,78
95698,78
95699,78
95700,78
95701,78
95702,78
95703,78
95704,78
95705,78
95706,78
95707,78
95708,78
95709,78
95710,78
95711,78
95712,78
95713,78
95714,78
95715,78
95716,78
95717,78
95718,78
95719,78
95720,78
95721,78
95722,78
95723,78
95724,78
95725,78
95726,78
95727,78
95728,78
95729,78
95730,78
95731,78
95732,78
95733,78
95734,78
95735,78
95736,78
95737,78
95738,78
95739,78
95740,78
95741,78
95742,78
95743,78
95744,78
95745,78
95746,78
95747,78
95748,78
95749,78
95750,78
95751,78
95752,78
95753,78
95754,78
95755,78
95756,78
95757,78
95758,78
95759,78
95760,78
95761,78
95762,78
95763,78
95764,78
95765,78
95766,78
95767,78
95768,78
95769,78
95770,78
95771,78
95772,78
95773,78
95774,78
95775,78
95776,78
95777,78
95778,78
95779,78
95780,78
95781,78
95782,78
95783,78
95784,78
95785,78
95786,78
95787,78
95788,78
95789,78
95790,78
95791,78
95792,78
95793,78
95794,78
95795,78
95796,78
95797,78
95798,78
95799,78
95800,78
95801,78
95802,78
95803,78
95804,78
95805,78
95806,78
95807,78
95808,78
95809,78
95810,78
95811,78
95812,78
95813,78
95814,78
95815,78
95816,78
95817,78
95818,78
95819,78
95820,78
95821,78
95822,78
95823,78
95824,78
95825,78
95826,78
95827,78
95828,78
95829,78
95830,78
95831,78
95832,78
95833,78
95834,78
95835,78
95836,78
95837,78
95838,78
95839,78
95840,78
95841,78
95842,78
95843,78
95844,78
95845,78
95846,78
95847,78
95848,78
95849,78
95850,78
95851,78
95852,78
95853,78
95854,78
95855,78
95856,78
95857,78
95858,78
95859,78
95860,78
95861,78
95862,78
95863,78
95864,78
95865,78
95866,78
95867,78
95868,78
95869,78
95870,78
95871,78
95872,78
95873,78
95874,78
95875,78
95876,78
95877,78
95878,78
95879,78
95880,78
95881,78
95882,78
95883,78
95884,78
95885,78
95886,78
95887,78
95888,78
95889,78
95890,78
95891,78
95892,78
95893,78
95894,78
95895,78
95896,78
95897,78
95898,78
95899,78
95900,78
95901,78
95902,78
95903,78
95904,78
95905,78
95906,78
95907,78
95908,78
95909,78
95910,78
95911,78
95912,78
95913,78
95914,78
95915,78
95916,78
95917,78
95918,78
95919,78
95920,78
95921,78
95922,78
95923,78
95924,78
95925,78
95926,78
95927,78
95928,78
95929,78
95930,78
95931,78
95932,78
95933,78
95934,78
95935,78
95936,78
95937,78
95938,78
95939,78
95940,78
95941,78
95942,78
95943,78
95944,78
95945,78
95946,78
95947,78
95948,78
95949,78
95950,78
95951,78
95952,78
95953,78
95954,78
95955,78
95956,78
95957,78
95958,78
95959,78
95960,78
95961,78
95962,78
95963,78
95964,78
95965,78
95966,78
95967,78
95968,78
95969,78
95970,78
95971,78
95972,78
95973,78
95974,78
95975,78
95976,78
95977,78
95978,78
95979,78
95980,78
95981,78
95982,78
95983,78
95984,78
95985,78
95986,78
95987,78
95988,78
95989,78
95990,78
95991,78
95992,78
95993,78
95994,78
95995,78
95996,78
95997,78
95998,78
95999,78
96000,78
96001,78
96002,78
96003,78
96004,78
96005,78
96006,78
96007,78
96008,78
96009,78
96010,78
96011,78
96012,78
96013,78
96014,78
96015,78
96016,78
96017,78
96018,78
96019,78
96020,78
96021,78
96022,78
96023,78
96024,78
96025,78
96026,78
96027,78
96028,78
96029,78
96030,78
96031,78
96032,78
96033,78
96034,78
96035,78
96036,78
96037,78
96038,78
96039,78
96040,78
96041,78
96042,78
96043,78
96044,78
96045,78
96046,78
96047,78
96048,78
96049,78
96050,78
96051,78
96052,78
96053,78
96054,78
96055,78
96056,78
96057,78
96058,78
96059,78
96060,78
96061,78
96062,78
96063,78
96064,78
96065,78
96066,78
96067,78
96068,78
96069,78
96070,78
96071,78
96072,78
96073,78
96074,78
96075,78
96076,78
96077,78
96078,78
96079,78
96080,78
96081,78
96082,78
96083,78
96084,78
96085,78
96086,78
96087,78
96088,78
96089,78
96090,78
96091,78
96092,78
96093,78
96094,78
96095,78
96096,78
96097,78
96098,78
96099,78
96100,78
96101,78
96102,78
96103,78
96104,78
96105,78
96106,78
96107,78
96108,78
96109,78
96110,78
96111,78
96112,78
96113,78
96114,78
96115,78
96116,78
96117,78
96118,78
96119,78
96120,78
96121,78
96122,78
96123,78
96124,78
96125,78
96126,78
96127,78
96128,78
96129,78
96130,78
96131,78
96132,78
96133,78
96134,78
96135,78
96136,78
96137,78
96138,78
96139,78
96140,78
96141,78
96142,78
96143,78
96144,78
96145,78
96146,78
96147,78
96148,78
96149,78
96150,78
96151,78
96152,78
96153,78
96154,78
96155,78
96156,78
96157,78
96158,78
96159,78
96160,78
96161,78
96162,78
96163,78
96164,78
96165,78
96166,78
96167,78
96168,78
96169,78
96170,78
96171,78
96172,78
96173,78
96174,78
96175,78
96176,78
96177,78
96178,78
96179,78
96180,78
96181,78
96182,78
96183,78
96184,78
96185,78
96186,78
96187,78
96188,78
96189,78
96190,78
96191,78
96192,78
96193,78
96194,78
96195,78
96196,78
96197,78
96198,78
96199,78
96200,78
96201,78
96202,78
96203,78
96204,78
96205,78
96206,78
96207,78
96208,78
96209,78
96210,78
96211,78
96212,78
96213,78
96214,78
96215,78
96216,78
96217,78
96218,78
96219,78
96220,78
96221,78
96222,78
96223,78
96224,78
96225,78
96226,78
96227,78
96228,78
96229,78
96230,78
96231,78
96232,78
96233,78
96234,78
96235,78
96236,78
96237,78
96238,78
96239,78
96240,78
96241,78
96242,78
96243,78
96244,78
96245,78
96246,78
96247,78
96248,78
96249,78
96250,78
96251,78
96252,78
96253,78
96254,78
96255,78
96256,78
96257,78
96258,78
96259,78
96260,78
96261,78
96262,78
96263,78
96264,78
96265,78
96266,78
96267,78
96268,78
96269,78
96270,78
96271,78
96272,78
96273,78
96274,78
96275,78
96276,78
96277,78
96278,78
96279,78
96280,78
96281,78
96282,78
96283,78
96284,78
96285,78
96286,78
96287,78
96288,78
96289,78
96290,78
96291,78
96292,78
96293,78
96294,78
96295,78
96296,78
96297,78
96298,78
96299,78
96300,78
96301,78
96302,78
96303,78
96304,78
96305,78
96306,78
96307,78
96308,78
96309,78
96310,78
96311,78
96312,78
96313,78
96314,78
96315,78
96316,78
96317,78
96318,78
96319,78
96320,78
96321,78
96322,78
96323,78
96324,78
96325,78
96326,78
96327,78
96328,78
96329,78
96330,78
96331,78
96332,78
96333,78
96334,78
96335,78
96336,78
96337,78
96338,78
96339,78
96340,78
96341,78
96342,78
96343,78
96344,78
96345,78
96346,78
96347,78
96348,78
96349,78
96350,78
96351,78
96352,78
96353,78
96354,78
96355,78
96356,78
96357,78
96358,78
96359,78
96360,78
96361,78
96362,78
96363,78
96364,78
96365,78
96366,78
96367,78
96368,78
96369,78
96370,78
96371,78
96372,78
96373,78
96374,78
96375,78
96376,78
96377,78
96378,78
96379,78
96380,78
96381,78
96382,78
96383,78
96384,78
96385,78
96386,78
96387,78
96388,78
96389,78
96390,78
96391,78
96392,78
96393,78
96394,78
96395,78
96396,78
96397,78
96398,78
96399,78
96400,78
96401,78
96402,78
96403,78
96404,78
96405,78
96406,78
96407,78
96408,78
96409,78
96410,78
96411,78
96412,78
96413,78
96414,78
96415,78
96416,78
96417,78
96418,78
96419,78
96420,78
96421,78
96422,78
96423,78
96424,78
96425,78
96426,78
96427,78
96428,78
96429,78
96430,78
96431,78
96432,78
96433,78
96434,78
96435,78
96436,78
96437,78
96438,78
96439,78
96440,78
96441,78
96442,78
96443,78
96444,78
96445,78
96446,78
96447,78
96448,78
96449,78
96450,78
96451,78
96452,78
96453,78
96454,78
96455,78
96456,78
96457,78
96458,78
96459,78
96460,78
96461,78
96462,78
96463,78
96464,78
96465,78
96466,78
96467,78
96468,78
96469,78
96470,78
96471,78
96472,78
96473,78
96474,78
96475,78
96476,78
96477,78
96478,78
96479,78
96480,78
96481,78
96482,78
96483,78
96484,78
96485,78
96486,78
96487,78
96488,78
96489,78
96490,78
96491,78
96492,78
96493,78
96494,78
96495,78
96496,78
96497,78
96498,78
96499,78
96500,78
96501,78
96502,78
96503,78
96504,78
96505,78
96506,78
96507,78
96508,78
96509,78
96510,78
96511,78
96512,78
96513,78
96514,78
96515,78
96516,78
96517,78
96518,78
96519,78
96520,78
96521,78
96522,78
96523,78
96524,78
96525,78
96526,78
96527,78
96528,78
96529,78
96530,78
96531,78
96532,78
96533,78
96534,78
96535,78
96536,78
96537,78
96538,78
96539,78
96540,78
96541,78
96542,78
96543,78
96544,78
96545,78
96546,78
96547,78
96548,78
96549,78
96550,78
96551,78
96552,78
96553,78
96554,78
96555,78
96556,78
96557,78
96558,78
96559,78
96560,78
96561,78
96562,78
96563,78
96564,78
96565,78
96566,78
96567,78
96568,78
96569,78
96570,78
96571,78
96572,78
96573,78
96574,78
96575,78
96576,78
96577,78
96578,78
96579,78
96580,78
96581,78
96582,78
96583,78
96584,78
96585,78
96586,78
96587,78
96588,78
96589,78
96590,78
96591,78
96592,78
96593,78
96594,78
96595,78
96596,78
96597,78
96598,78
96599,78
96600,78
96601,78
96602,78
96603,78
96604,78
96605,78
96606,78
96607,78
96608,78
96609,78
96610,78
96611,78
96612,78
96613,78
96614,78
96615,78
96616,78
96617,78
96618,78
96619,78
96620,78
96621,78
96622,78
96623,78
96624,78
96625,78
96626,78
96627,78
96628,78
96629,78
96630,78
96631,78
96632,78
96633,78
96634,78
96635,78
96636,78
96637,78
96638,78
96639,78
96640,78
96641,78
96642,78
96643,78
96644,78
96645,78
96646,78
96647,78
96648,78
96649,78
96650,78
96651,78
96652,78
96653,78
96654,78
96655,78
96656,78
96657,78
96658,78
96659,78
96660,78
96661,78
96662,78
96663,78
96664,78
96665,78
96666,78
96667,78
96668,78
96669,78
96670,78
96671,78
96672,78
96673,78
96674,78
96675,78
96676,78
96677,78
96678,78
96679,78
96680,78
96681,78
96682,78
96683,78
96684,78
96685,78
96686,78
96687,78
96688,78
96689,78
96690,78
96691,78
96692,78
96693,78
96694,78
96695,78
96696,78
96697,78
96698,78
96699,78
96700,78
96701,78
96702,78
96703,78
96704,78
96705,78
96706,78
96707,78
96708,78
96709,78
96710,78
96711,78
96712,78
96713,78
96714,78
96715,78
96716,78
96717,78
96718,78
96719,78
96720,78
96721,78
96722,78
96723,78
96724,78
96725,78
96726,78
96727,78
96728,78
96729,78
96730,78
96731,78
96732,78
96733,78
96734,78
96735,78
96736,78
96737,78
96738,78
96739,78
96740,78
96741,78
