tick,tiles
1,0
2,52
3,52
4,52
5,52
6,52
7,52
8,52
9,52
10,52
11,52
12,52
13,52
14,52
15,52
16,52
17,52
18,52
19,52
20,52
21,52
22,52
23,52
24,52
25,52
26,52
27,52
28,52
29,52
30,52
31,52
32,52
33,52
34,52
35,52
36,52
37,52
38,52
39,52
40,52
41,52
42,52
43,52
44,64
45,76
46,91
47,107
48,124
49,142
50,162
51,182
52,201
53,220
54,245
55,269
56,294
57,321
58,348
59,377
60,408
61,439
62,471
63,505
64,541
65,577
66,614
67,651
68,691
69,731
70,773
71,817
72,862
73,911
74,960
75,1008
76,1058
77,1109
78,1162
79,1214
80,1269
81,1325
82,1381
83,1434
84,1493
85,1551
86,1609
87,1669
88,1730
89,1787
90,1838
91,1881
92,1917
93,1948
94,2018
95,2083
96,2139
97,2187
98,2228
99,2263
100,2292
101,2317
102,2338
103,2356
104,2419
105,2472
106,2517
107,2556
108,2588
109,2615
110,2637
111,2656
112,2672
113,2685
114,2744
115,2794
116,2835
117,2870
118,2899
119,2922
120,2942
121,2958
122,2971
123,2982
124,3040
125,3087
126,3126
127,3158
128,3184
129,3205
130,3223
131,3237
132,3249
133,3259
134,3313
135,3357
136,3394
137,3424
138,3449
139,3469
140,3485
141,3499
142,3510
143,3519
144,3572
145,3615
146,3650
147,3679
148,3702
149,3720
150,3735
151,3747
152,3757
153,3765
154,3817
155,3858
156,3892
157,3919
158,3941
159,3958
160,3972
161,3983
162,3992
163,3999
164,4049
165,4089
166,4121
167,4147
168,4168
169,4185
170,4198
171,4208
172,4216
173,4223
174,4272
175,4311
176,4342
177,4367
178,4387
179,4402
180,4414
181,4424
182,4432
183,4438
184,4486
185,4524
186,4554
187,4578
188,4597
189,4612
190,4624
191,4633
192,4640
193,4646
194,4692
195,4728
196,4757
197,4780
198,4798
199,4812
200,4823
201,4832
202,4839
203,4845
204,4890
205,4926
206,4954
207,4976
208,4993
209,5006
210,5016
211,5024
212,5031
213,5037
214,5081
215,5116
216,5143
217,5164
218,5180
219,5193
220,5203
221,5211
222,5217
223,5223
224,5266
225,5300
226,5327
227,5347
228,5363
229,5375
230,5385
231,5392
232,5398
233,5404
234,5447
235,5480
236,5506
237,5526
238,5541
239,5553
240,5562
241,5569
242,5575
243,5581
244,5623
245,5655
246,5680
247,5699
248,5714
249,5725
250,5734
251,5740
252,5746
253,5752
254,5792
255,5824
256,5849
257,5867
258,5881
259,5892
260,5900
261,5906
262,5912
263,5918
264,5958
265,5990
266,6014
267,6032
268,6046
269,6056
270,6064
271,6070
272,6076
273,6082
274,6121
275,6152
276,6175
277,6193
278,6206
279,6216
280,6224
281,6230
282,6236
283,6242
284,6281
285,6311
286,6334
287,6351
288,6364
289,6374
290,6381
291,6387
292,6393
293,6399
294,6437
295,6466
296,6488
297,6505
298,6518
299,6528
300,6535
301,6541
302,6547
303,6553
304,6591
305,6620
306,6642
307,6658
308,6670
309,6679
310,6686
311,6692
312,6698
313,6704
314,6741
315,6770
316,6792
317,6808
318,6820
319,6829
320,6836
321,6842
322,6848
323,6854
324,6891
325,6919
326,6940
327,6956
328,6968
329,6977
330,6984
331,6990
332,6996
333,7000
334,7037
335,7065
336,7086
337,7101
338,7112
339,7121
340,7128
341,7135
342,7142
343,7144
344,7181
345,7209
346,7230
347,7245
348,7256
349,7264
350,7271
351,7278
352,7285
353,7286
354,7323
355,7350
356,7370
357,7385
358,7396
359,7404
360,7411
361,7418
362,7425
363,7427
364,7464
365,7491
366,7511
367,7526
368,7537
369,7545
370,7552
371,7559
372,7566
373,7566
374,7602
375,7629
376,7649
377,7664
378,7675
379,7683
380,7690
381,7697
382,7704
383,7704
384,7740
385,7767
386,7787
387,7802
388,7813
389,7821
390,7828
391,7835
392,7840
393,7840
394,7876
395,7903
396,7923
397,7937
398,7948
399,7956
400,7963
401,7970
402,7975
403,7975
404,8011
405,8038
406,8058
407,8072
408,8083
409,8091
410,8098
411,8105
412,8109
413,8109
414,8145
415,8172
416,8192
417,8206
418,8216
419,8224
420,8231
421,8238
422,8242
423,8242
424,8278
425,8305
426,8325
427,8339
428,8349
429,8357
430,8364
431,8371
432,8374
433,8374
434,8411
435,8437
436,8456
437,8470
438,8480
439,8488
440,8495
441,8502
442,8505
443,8505
444,8541
445,8568
446,8587
447,8601
448,8611
449,8618
450,8625
451,8632
452,8635
453,8635
454,8672
455,8699
456,8718
457,8732
458,8742
459,8749
460,8756
461,8763
462,8765
463,8765
464,8801
465,8827
466,8846
467,8860
468,8870
469,8877
470,8884
471,8891
472,8894
473,8894
474,8930
475,8956
476,8975
477,8989
478,8999
479,9006
480,9013
481,9020
482,9022
483,9022
484,9057
485,9083
486,9102
487,9116
488,9126
489,9133
490,9140
491,9147
492,9150
493,9150
494,9185
495,9211
496,9229
497,9243
498,9253
499,9260
500,9267
501,9274
502,9277
503,9277
504,9312
505,9337
506,9355
507,9369
508,9379
509,9386
510,9393
511,9400
512,9404
513,9404
514,9438
515,9463
516,9481
517,9494
518,9504
519,9511
520,9518
521,9525
522,9530
523,9530
524,9563
525,9588
526,9606
527,9619
528,9629
529,9637
530,9644
531,9651
532,9656
533,9656
534,9689
535,9714
536,9732
537,9745
538,9755
539,9762
540,9769
541,9776
542,9781
543,9781
544,9814
545,9839
546,9857
547,9870
548,9880
549,9887
550,9894
551,9901
552,9906
553,9906
554,9939
555,9963
556,9981
557,9994
558,10004
559,10011
560,10018
561,10025
562,10030
563,10030
564,10063
565,10087
566,10105
567,10118
568,10128
569,10135
570,10142
571,10149
572,10154
573,10154
574,10187
575,10212
576,10230
577,10243
578,10253
579,10260
580,10267
581,10274
582,10278
583,10278
584,10311
585,10336
586,10354
587,10367
588,10377
589,10384
590,10391
591,10398
592,10402
593,10402
594,10435
595,10459
596,10477
597,10490
598,10500
599,10507
600,10514
601,10521
602,10525
603,10525
604,10558
605,10582
606,10600
607,10613
608,10623
609,10630
610,10637
611,10644
612,10648
613,10648
614,10681
615,10705
616,10723
617,10736
618,10746
619,10753
620,10760
621,10767
622,10771
623,10771
624,10804
625,10828
626,10846
627,10859
628,10869
629,10876
630,10883
631,10890
632,10894
633,10894
634,10925
635,10949
636,10967
637,10980
638,10990
639,10997
640,11003
641,11009
642,11015
643,11017
644,11047
645,11070
646,11088
647,11101
648,11111
649,11118
650,11124
651,11130
652,11136
653,11139
654,11169
655,11192
656,11209
657,11222
658,11232
659,11240
660,11246
661,11252
662,11258
663,11261
664,11291
665,11314
666,11331
667,11344
668,11354
669,11361
670,11367
671,11373
672,11379
673,11383
674,11412
675,11435
676,11452
677,11465
678,11475
679,11483
680,11489
681,11495
682,11501
683,11505
684,11534
685,11556
686,11573
687,11586
688,11596
689,11604
690,11610
691,11616
692,11622
693,11627
694,11655
695,11677
696,11694
697,11707
698,11717
699,11725
700,11731
701,11737
702,11743
703,11749
704,11777
705,11799
706,11816
707,11829
708,11839
709,11847
710,11853
711,11859
712,11865
713,11871
714,11899
715,11921
716,11938
717,11951
718,11961
719,11969
720,11975
721,11981
722,11987
723,11993
724,12020
725,12042
726,12059
727,12072
728,12082
729,12090
730,12096
731,12102
732,12108
733,12114
734,12141
735,12162
736,12179
737,12192
738,12202
739,12210
740,12216
741,12221
742,12226
743,12231
744,12258
745,12279
746,12296
747,12309
748,12319
749,12327
750,12334
751,12339
752,12344
753,12349
754,12376
755,12397
756,12414
757,12427
758,12438
759,12447
760,12454
761,12459
762,12464
763,12469
764,12496
765,12517
766,12534
767,12547
768,12558
769,12566
770,12573
771,12578
772,12583
773,12588
774,12615
775,12636
776,12653
777,12667
778,12678
779,12687
780,12694
781,12699
782,12704
783,12709
784,12735
785,12756
786,12773
787,12787
788,12798
789,12807
790,12814
791,12819
792,12824
793,12829
794,12856
795,12877
796,12894
797,12908
798,12919
799,12928
800,12935
801,12940
802,12945
803,12950
804,12976
805,12997
806,13014
807,13028
808,13039
809,13048
810,13055
811,13060
812,13065
813,13070
814,13096
815,13117
816,13134
817,13148
818,13159
819,13168
820,13175
821,13181
822,13186
823,13191
824,13217
825,13238
826,13255
827,13269
828,13280
829,13289
830,13296
831,13301
832,13306
833,13311
834,13337
835,13358
836,13375
837,13389
838,13400
839,13409
840,13416
841,13422
842,13427
843,13432
844,13458
845,13479
846,13496
847,13510
848,13521
849,13530
850,13537
851,13542
852,13547
853,13552
854,13578
855,13599
856,13616
857,13630
858,13641
859,13650
860,13657
861,13662
862,13667
863,13672
864,13698
865,13719
866,13736
867,13750
868,13761
869,13770
870,13777
871,13783
872,13788
873,13793
874,13798
875,13803
876,13803
877,13803
878,13803
879,13803
880,13803
881,13803
882,13803
883,13803
884,13803
885,13803
886,13803
887,13803
888,13803
889,13803
890,13803
891,13803
892,13803
893,13803
894,13803
895,13803
896,13803
897,13803
898,13803
899,13803
900,13803
901,13803
902,13803
903,13803
904,13803
905,13803
906,13803
907,13803
908,13803
909,13803
910,13803
911,13803
912,13803
913,13803
914,13803
915,13803
916,13803
917,13803
918,13803
919,13803
920,13803
921,13803
922,13803
923,13803
924,13803
925,13803
926,13803
927,13803
928,13803
929,13803
930,13803
931,13803
932,13803
933,13803
934,13803
935,13803
936,13803
937,13803
938,13803
939,13803
940,13803
941,13803
942,13803
943,13803
944,13803
945,13803
946,13803
947,13803
948,13803
949,13803
950,13803
951,13803
952,13803
953,13803
954,13803
955,13803
956,13803
957,13803
958,13803
959,13803
960,13803
961,13803
962,13803
963,13803
964,13803
965,13803
966,13803
967,13803
968,13803
969,13803
970,13803
971,13803
972,13803
973,13803
974,13803
975,13803
976,13803
977,13803
978,13803
979,13803
980,13803
981,13803
982,13803
983,13803
984,13803
985,13803
986,13803
987,13803
988,13803
989,13803
990,13803
991,13803
992,13803
993,13803
994,13803
995,13803
996,13803
997,13803
998,13803
999,13803
1000,13803
1001,13803
1002,13803
1003,13803
1004,13803
1005,13803
1006,13803
1007,13803
1008,13803
1009,13803
1010,13803
1011,13803
1012,13803
1013,13803
1014,13803
1015,13803
1016,13803
1017,13803
1018,13803
1019,13803
1020,13803
1021,13803
1022,13803
1023,13803
1024,13803
1025,13803
1026,13803
1027,13803
1028,13803
1029,13803
1030,13803
1031,13803
1032,13803
1033,13803
1034,13803
1035,13803
1036,13803
1037,13803
1038,13803
1039,13803
1040,13803
1041,13803
1042,13803
1043,13803
1044,13803
1045,13803
1046,13803
1047,13803
1048,13803
1049,13803
1050,13803
1051,13803
1052,13803
1053,13803
1054,13803
1055,13803
1056,13803
1057,13803
1058,13803
1059,13803
1060,13803
1061,13803
1062,13803
1063,13803
1064,13803
1065,13803
1066,13803
1067,13803
1068,13803
1069,13803
1070,13803
1071,13803
1072,13803
1073,13803
1074,13803
1075,13803
1076,13803
1077,13803
1078,13803
1079,13803
1080,13803
1081,13803
1082,13803
1083,13803
1084,13803
1085,13803
1086,13803
1087,13803
1088,13803
1089,13803
1090,13803
1091,13803
1092,13803
1093,13803
1094,13803
1095,13803
1096,13803
1097,13803
1098,13803
1099,13803
1100,13803
1101,13803
1102,13803
1103,13803
1104,13803
1105,13803
1106,13803
1107,13803
1108,13803
1109,13803
1110,13803
1111,13803
1112,13803
1113,13803
1114,13803
1115,13803
1116,13803
1117,13803
1118,13803
1119,13803
1120,13803
1121,13803
1122,13803
1123,13803
1124,13803
1125,13803
1126,13803
1127,13803
1128,13803
1129,13803
1130,13803
1131,13803
1132,13803
1133,13803
1134,13803
1135,13803
1136,13803
1137,13803
1138,13803
1139,13803
1140,13803
1141,13803
1142,13803
1143,13803
1144,13803
1145,13803
1146,13803
1147,13803
1148,13803
1149,13803
1150,13803
1151,13803
1152,13803
1153,13803
1154,13803
1155,13803
1156,13803
1157,13803
1158,13803
1159,13803
1160,13803
1161,13803
1162,13803
1163,13803
1164,13803
1165,13803
1166,13803
1167,13803
1168,13803
1169,13803
1170,13803
1171,13803
1172,13803
1173,13803
1174,13803
1175,13803
1176,13803
1177,13803
1178,13803
1179,13803
1180,13803
1181,13803
1182,13803
1183,13803
1184,13803
1185,13803
1186,13803
1187,13803
1188,13803
1189,13803
1190,13803
1191,13803
1192,13803
1193,13803
1194,13803
1195,13803
1196,13803
1197,13803
1198,13803
1199,13803
1200,13803
1201,13803
1202,13803
1203,13803
1204,13803
1205,13803
1206,13803
1207,13803
1208,13803
1209,13803
1210,13803
1211,13803
1212,13803
1213,13803
1214,13803
1215,13803
1216,13803
1217,13803
1218,13803
1219,13803
1220,13803
1221,13803
1222,13803
1223,13803
1224,13803
1225,13803
1226,13803
1227,13803
1228,13803
1229,13803
1230,13803
1231,13803
1232,13803
1233,13803
1234,13803
1235,13803
1236,13803
1237,13803
1238,13803
1239,13803
1240,13803
1241,13803
1242,13803
1243,13803
1244,13803
1245,13803
1246,13803
1247,13803
1248,13803
1249,13803
1250,13803
1251,13803
1252,13803
1253,13803
1254,13803
1255,13803
1256,13803
1257,13803
1258,13803
1259,13803
1260,13803
1261,13803
1262,13803
1263,13803
1264,13803
1265,13803
1266,13803
1267,13803
1268,13803
1269,13803
1270,13803
1271,13803
1272,13803
1273,13803
1274,13803
1275,13803
1276,13803
1277,13803
1278,13803
1279,13803
1280,13803
1281,13803
1282,13803
1283,13803
1284,13803
1285,13803
1286,13803
1287,13803
1288,13803
1289,13803
1290,13803
1291,13803
1292,13803
1293,13803
1294,13803
1295,13803
1296,13803
1297,13803
1298,13803
1299,13803
1300,13803
1301,13803
1302,13803
1303,13803
1304,13803
1305,13803
1306,13803
1307,13803
1308,13803
1309,13803
1310,13803
1311,13803
1312,13803
1313,13803
1314,13803
1315,13803
1316,13803
1317,13803
1318,13803
1319,13803
1320,13803
1321,13803
1322,13803
1323,13803
1324,13803
1325,13803
1326,13803
1327,13803
1328,13803
1329,13803
1330,13803
1331,13803
1332,13803
1333,13803
1334,13803
1335,13803
1336,13803
1337,13803
1338,13803
1339,13803
1340,13803
1341,13803
1342,13803
1343,13803
1344,13803
1345,13803
1346,13803
1347,13803
1348,13803
1349,13803
1350,13803
1351,13803
1352,13803
1353,13803
1354,13803
1355,13803
1356,13803
1357,13803
1358,13803
1359,13803
1360,13803
1361,13803
1362,13803
1363,13803
1364,13803
1365,13803
1366,13803
1367,13803
1368,13803
1369,13803
1370,13803
1371,13803
1372,13803
1373,13803
1374,13803
1375,13803
1376,13803
1377,13803
1378,13803
1379,13803
1380,13803
1381,13803
1382,13803
1383,13803
1384,13803
1385,13803
1386,13803
1387,13803
1388,13803
1389,13803
1390,13803
1391,13803
1392,13803
1393,13803
1394,13803
1395,13803
1396,13803
1397,13803
1398,13803
1399,13803
1400,13803
1401,13803
1402,13803
1403,13803
1404,13803
1405,13803
1406,13803
1407,13803
1408,13803
1409,13803
1410,13803
1411,13803
1412,13803
1413,13803
1414,13803
1415,13803
1416,13803
1417,13803
1418,13803
1419,13803
1420,13803
1421,13803
1422,13803
1423,13803
1424,13803
1425,13803
1426,13803
1427,13803
1428,13803
1429,13803
1430,13803
1431,13803
1432,13803
1433,13803
1434,13803
1435,13803
1436,13803
1437,13803
1438,13803
1439,13803
1440,13803
1441,13803
1442,13803
1443,13803
1444,13803
1445,13803
1446,13803
1447,13803
1448,13803
1449,13803
1450,13803
1451,13803
1452,13803
1453,13803
1454,13803
1455,13803
1456,13803
1457,13803
1458,13803
1459,13803
1460,13803
1461,13803
1462,13803
1463,13803
1464,13803
1465,13803
1466,13803
1467,13803
1468,13803
1469,13803
1470,13803
1471,13803
1472,13803
1473,13803
1474,13803
1475,13803
1476,13803
1477,13803
1478,13803
1479,13803
1480,13803
1481,13803
1482,13803
1483,13803
1484,13803
1485,13803
1486,13803
1487,13803
1488,13803
1489,13803
1490,13803
1491,13803
1492,13803
1493,13803
1494,13803
1495,13803
1496,13803
1497,13803
1498,13803
1499,13803
1500,13803
1501,13803
1502,13803
1503,13803
1504,13803
1505,13803
1506,13803
1507,13803
1508,13803
1509,13803
1510,13803
1511,13803
1512,13803
1513,13803
1514,13803
1515,13803
1516,13803
1517,13803
1518,13803
1519,13803
1520,13803
1521,13803
1522,13803
1523,13803
1524,13803
1525,13803
1526,13803
1527,13803
1528,13803
1529,13803
1530,13803
1531,13803
1532,13803
1533,13803
1534,13803
1535,13803
1536,13803
1537,13803
1538,13803
1539,13803
1540,13803
1541,13803
1542,13803
1543,13803
1544,13803
1545,13803
1546,13803
1547,13803
1548,13803
1549,13803
1550,13803
1551,13803
1552,13803
1553,13803
1554,13803
1555,13803
1556,13803
1557,13803
1558,13803
1559,13803
1560,13803
1561,13803
1562,13803
1563,13803
1564,13803
1565,13803
1566,13803
1567,13803
1568,13803
1569,13803
1570,13803
1571,13803
1572,13803
1573,13803
1574,13803
1575,13803
1576,13803
1577,13803
1578,13803
1579,13803
1580,13803
1581,13803
1582,13803
1583,13803
1584,13803
1585,13803
1586,13803
1587,13803
1588,13803
1589,13803
1590,13803
1591,13803
1592,13803
1593,13803
1594,13803
1595,13803
1596,13803
1597,13803
1598,13803
1599,13803
1600,13803
1601,13803
1602,13803
1603,13803
1604,13803
1605,13803
1606,13803
1607,13803
1608,13803
1609,13803
1610,13803
1611,13803
1612,13803
1613,13803
1614,13803
1615,13803
1616,13803
1617,13803
1618,13803
1619,13803
1620,13803
1621,13803
1622,13803
1623,13803
1624,13803
1625,13803
1626,13803
1627,13803
1628,13803
1629,13803
1630,13803
1631,13803
1632,13803
1633,13803
1634,13803
1635,13803
1636,13803
1637,13803
1638,13803
1639,13803
1640,13803
1641,13803
1642,13803
1643,13803
1644,13803
1645,13803
1646,13803
1647,13803
1648,13803
1649,13803
1650,13803
1651,13803
1652,13803
1653,13803
1654,13803
1655,13803
1656,13803
1657,13803
1658,13803
1659,13803
1660,13803
1661,13803
1662,13803
1663,13803
1664,13803
1665,13803
1666,13803
1667,13803
1668,13803
1669,13803
1670,13803
1671,13803
1672,13803
1673,13803
1674,13803
1675,13803
1676,13803
1677,13803
1678,13803
1679,13803
1680,13803
1681,13803
1682,13803
1683,13803
1684,13803
1685,13803
1686,13803
1687,13803
1688,13803
1689,13803
1690,13803
1691,13803
1692,13803
1693,13803
1694,13803
1695,13803
1696,13803
1697,13803
1698,13803
1699,13803
1700,13803
1701,13803
1702,13803
1703,13803
1704,13803
1705,13803
1706,13803
1707,13803
1708,13803
1709,13803
1710,13803
1711,13803
1712,13803
1713,13803
1714,13803
1715,13803
1716,13803
1717,13803
1718,13803
1719,13803
1720,13803
1721,13803
1722,13803
1723,13803
1724,13803
1725,13803
1726,13803
1727,13803
1728,13803
1729,13803
1730,13803
1731,13803
1732,13803
1733,13803
1734,13803
1735,13803
1736,13803
1737,13803
1738,13803
1739,13803
1740,13803
1741,13803
1742,13803
1743,13803
1744,13803
1745,13803
1746,13803
1747,13803
1748,13803
1749,13803
1750,13803
1751,13803
1752,13803
1753,13803
1754,13803
1755,13803
1756,13803
1757,13803
1758,13803
1759,13803
1760,13803
1761,13803
1762,13803
1763,13803
1764,13803
1765,13803
1766,13803
1767,13803
1768,13803
1769,13803
1770,13803
1771,13803
1772,13803
1773,13803
1774,13803
1775,13803
1776,13803
1777,13803
1778,13803
1779,13803
1780,13803
1781,13803
1782,13803
1783,13803
1784,13803
1785,13803
1786,13803
1787,13803
1788,13803
1789,13803
1790,13803
1791,13803
1792,13803
1793,13803
1794,13803
1795,13803
1796,13803
1797,13803
1798,13803
1799,13803
1800,13803
1801,13803
1802,13803
1803,13803
1804,13803
1805,13803
1806,13803
1807,13803
1808,13803
1809,13803
1810,13803
1811,13803
1812,13803
1813,13803
1814,13803
1815,13803
1816,13803
1817,13803
1818,13803
1819,13803
1820,13803
1821,13803
1822,13803
1823,13803
1824,13803
1825,13803
1826,13803
1827,13803
1828,13803
1829,13803
1830,13803
1831,13803
1832,13803
1833,13803
1834,13803
1835,13803
1836,13803
1837,13803
1838,13803
1839,13803
1840,13803
1841,13803
1842,13803
1843,13803
1844,13803
1845,13803
1846,13803
1847,13803
1848,13803
1849,13803
1850,13803
1851,13803
1852,13803
1853,13803
1854,13803
1855,13803
1856,13803
1857,13803
1858,13803
1859,13803
1860,13803
1861,13803
1862,13803
1863,13803
1864,13803
1865,13803
1866,13803
1867,13803
1868,13803
1869,13803
1870,13803
1871,13803
1872,13803
1873,13803
1874,13803
1875,13803
1876,13803
1877,13803
1878,13803
1879,13803
1880,13803
1881,13803
1882,13803
1883,13803
1884,13803
1885,13803
1886,13803
1887,13803
1888,13803
1889,13803
1890,13803
1891,13803
1892,13803
1893,13803
1894,13803
1895,13803
1896,13803
1897,13803
1898,13803
1899,13803
1900,13803
1901,13803
1902,13803
1903,13803
1904,13803
1905,13803
1906,13803
1907,13803
1908,13803
1909,13803
1910,13803
1911,13803
1912,13803
1913,13803
1914,13803
1915,13803
1916,13803
1917,13803
1918,13803
1919,13803
1920,13803
1921,13803
1922,13803
1923,13803
1924,13803
1925,13803
1926,13803
1927,13803
1928,13803
1929,13803
1930,13803
1931,13803
1932,13803
1933,13803
1934,13803
1935,13803
1936,13803
1937,13803
1938,13803
1939,13803
1940,13803
1941,13803
1942,13803
1943,13803
1944,13803
1945,13803
1946,13803
1947,13803
1948,13803
1949,13803
1950,13803
1951,13803
1952,13803
1953,13803
1954,13803
1955,13803
1956,13803
1957,13803
1958,13803
1959,13803
1960,13803
1961,13803
1962,13803
1963,13803
1964,13803
1965,13803
1966,13803
1967,13803
1968,13803
1969,13803
1970,13803
1971,13803
1972,13803
1973,13803
1974,13803
1975,13803
1976,13803
1977,13803
1978,13803
1979,13803
1980,13803
1981,13803
1982,13803
1983,13803
1984,13803
1985,13803
1986,13803
1987,13803
1988,13803
1989,13803
1990,13803
1991,13803
1992,13803
1993,13803
1994,13803
1995,13803
1996,13803
1997,13803
1998,13803
1999,13803
2000,13803
2001,13803
2002,13803
2003,13803
2004,13803
2005,13803
2006,13803
2007,13803
2008,13803
2009,13803
2010,13803
2011,13803
2012,13803
2013,13803
2014,13803
2015,13803
2016,13803
2017,13803
2018,13803
2019,13803
2020,13803
2021,13803
2022,13803
2023,13803
2024,13803
2025,13803
2026,13803
2027,13803
2028,13803
2029,13803
2030,13803
2031,13803
2032,13803
2033,13803
2034,13803
2035,13803
2036,13803
2037,13803
2038,13803
2039,13803
2040,13803
2041,13803
2042,13803
2043,13803
2044,13803
2045,13803
2046,13803
2047,13803
2048,13803
2049,13803
2050,13803
2051,13803
2052,13803
2053,13803
2054,13803
2055,13803
2056,13803
2057,13803
2058,13803
2059,13803
2060,13803
2061,13803
2062,13803
2063,13803
2064,13803
2065,13803
2066,13803
2067,13803
2068,13803
2069,13803
2070,13803
2071,13803
2072,13803
2073,13803
2074,13803
2075,13803
2076,13803
2077,13803
2078,13803
2079,13803
2080,13803
2081,13803
2082,13803
2083,13803
2084,13803
2085,13803
2086,13803
2087,13803
2088,13803
2089,13803
2090,13803
2091,13803
2092,13803
2093,13803
2094,13803
2095,13803
2096,13803
2097,13803
2098,13803
2099,13803
2100,13803
2101,13803
2102,13803
2103,13803
2104,13803
2105,13803
2106,13803
2107,13803
2108,13803
2109,13803
2110,13803
2111,13803
2112,13803
2113,13803
2114,13803
2115,13803
2116,13803
2117,13803
2118,13803
2119,13803
2120,13803
2121,13803
2122,13803
2123,13803
2124,13803
2125,13803
2126,13803
2127,13803
2128,13803
2129,13803
2130,13803
2131,13803
2132,13803
2133,13803
2134,13803
2135,13803
2136,13803
2137,13803
2138,13803
2139,13803
2140,13803
2141,13803
2142,13803
2143,13803
2144,13803
2145,13803
2146,13803
2147,13803
2148,13803
2149,13803
2150,13803
2151,13803
2152,13803
2153,13803
2154,13803
2155,13803
2156,13803
2157,13803
2158,13803
2159,13803
2160,13803
2161,13803
2162,13803
2163,13803
2164,13803
2165,13803
2166,13803
2167,13803
2168,13803
2169,13803
2170,13803
2171,13803
2172,13803
2173,13803
2174,13803
2175,13803
2176,13803
2177,13803
2178,13803
2179,13803
2180,13803
2181,13803
2182,13803
2183,13803
2184,13803
2185,13803
2186,13803
2187,13803
2188,13803
2189,13803
2190,13803
2191,13803
2192,13803
2193,13803
2194,13803
2195,13803
2196,13803
2197,13803
2198,13803
2199,13803
2200,13803
2201,13803
2202,13803
2203,13803
2204,13803
2205,13803
2206,13803
2207,13803
2208,13803
2209,13803
2210,13803
2211,13803
2212,13803
2213,13803
2214,13803
2215,13803
2216,13803
2217,13803
2218,13803
2219,13803
2220,13803
2221,13803
2222,13803
2223,13803
2224,13803
2225,13803
2226,13803
2227,13803
2228,13803
2229,13803
2230,13803
2231,13803
2232,13803
2233,13803
2234,13803
2235,13803
2236,13803
2237,13803
2238,13803
2239,13803
2240,13803
2241,13803
2242,13803
2243,13803
2244,13803
2245,13803
2246,13803
2247,13803
2248,13803
2249,13803
2250,13803
2251,13803
2252,13803
2253,13803
2254,13803
2255,13803
2256,13803
2257,13803
2258,13803
2259,13803
2260,13803
2261,13803
2262,13803
2263,13803
2264,13803
2265,13803
2266,13803
2267,13803
2268,13803
2269,13803
2270,13803
2271,13803
2272,13803
2273,13803
2274,13803
2275,13803
2276,13803
2277,13803
2278,13803
2279,13803
2280,13803
2281,13803
2282,13803
2283,13803
2284,13803
2285,13803
2286,13803
2287,13803
2288,13803
2289,13803
2290,13803
2291,13803
2292,13803
2293,13803
2294,13803
2295,13803
2296,13803
2297,13803
2298,13803
2299,13803
2300,13803
2301,13803
2302,13803
2303,13803
2304,13803
2305,13803
2306,13803
2307,13803
2308,13803
2309,13803
2310,13803
2311,13803
2312,13803
2313,13803
2314,13803
2315,13803
2316,13803
2317,13803
2318,13803
2319,13803
2320,13803
2321,13803
2322,13803
2323,13803
2324,13803
2325,13803
2326,13803
2327,13803
2328,13803
2329,13803
2330,13803
2331,13803
2332,13803
2333,13803
2334,13803
2335,13803
2336,13803
2337,13803
2338,13803
2339,13803
2340,13803
2341,13803
2342,13803
2343,13803
2344,13803
2345,13803
2346,13803
2347,13803
2348,13803
2349,13803
2350,13803
2351,13803
2352,13803
2353,13803
2354,13803
2355,13803
2356,13803
2357,13803
2358,13803
2359,13803
2360,13803
2361,13803
2362,13803
2363,13803
2364,13803
2365,13803
2366,13803
2367,13803
2368,13803
2369,13803
2370,13803
2371,13803
2372,13803
2373,13803
2374,13803
2375,13803
2376,13803
2377,13803
2378,13803
2379,13803
2380,13803
2381,13803
2382,13803
2383,13803
2384,13803
2385,13803
2386,13803
2387,13803
2388,13803
2389,13803
2390,13803
2391,13803
2392,13803
2393,13803
2394,13803
2395,13803
2396,13803
2397,13803
2398,13803
2399,13803
2400,13803
2401,13803
2402,13803
2403,13803
2404,13803
2405,13803
2406,13803
2407,13803
2408,13803
2409,13803
2410,13803
2411,13803
2412,13803
2413,13803
2414,13803
2415,13803
2416,13803
2417,13803
2418,13803
2419,13803
2420,13803
2421,13803
2422,13803
2423,13803
2424,13803
2425,13803
2426,13803
2427,13803
2428,13803
2429,13803
2430,13803
2431,13803
2432,13803
2433,13803
2434,13803
2435,13803
2436,13803
2437,13803
2438,13803
2439,13803
2440,13803
2441,13803
2442,13803
2443,13803
2444,13803
2445,13803
2446,13803
2447,13803
2448,13803
2449,13803
2450,13803
2451,13803
2452,13803
2453,13803
2454,13803
2455,13803
2456,13803
2457,13803
2458,13803
2459,13803
2460,13803
2461,13803
2462,13803
2463,13803
2464,13803
2465,13803
2466,13803
2467,13803
2468,13803
2469,13803
2470,13803
2471,13803
2472,13803
2473,13803
2474,13803
2475,13803
2476,13803
2477,13803
2478,13803
2479,13803
2480,13803
2481,13803
2482,13803
2483,13803
2484,13803
2485,13803
2486,13803
2487,13803
2488,13803
2489,13803
2490,13803
2491,13803
2492,13803
2493,13803
2494,13803
2495,13803
2496,13803
2497,13803
2498,13803
2499,13803
2500,13803
2501,13803
2502,13803
2503,13803
2504,13803
2505,13803
2506,13803
2507,13803
2508,13803
2509,13803
2510,13803
2511,13803
2512,13803
2513,13803
2514,13803
2515,13803
2516,13803
2517,13803
2518,13803
2519,13803
2520,13803
2521,13803
2522,13803
2523,13803
2524,13803
2525,13803
2526,13803
2527,13803
2528,13803
2529,13803
2530,13803
2531,13803
2532,13803
2533,13803
2534,13803
2535,13803
2536,13803
2537,13803
2538,13803
2539,13803
2540,13803
2541,13803
2542,13803
2543,13803
2544,13803
2545,13803
2546,13803
2547,13803
2548,13803
2549,13803
2550,13803
2551,13803
2552,13803
2553,13803
2554,13803
2555,13803
2556,13803
2557,13803
2558,13803
2559,13803
2560,13803
2561,13803
2562,13803
2563,13803
2564,13803
2565,13803
2566,13803
2567,13803
2568,13803
2569,13803
2570,13803
2571,13803
2572,13803
2573,13803
2574,13803
2575,13803
2576,13803
2577,13803
2578,13803
2579,13803
2580,13803
2581,13803
2582,13803
2583,13803
2584,13803
2585,13803
2586,13803
2587,13803
2588,13803
2589,13803
2590,13803
2591,13803
2592,13803
2593,13803
2594,13803
2595,13803
2596,13803
2597,13803
2598,13803
2599,13803
2600,13803
2601,13803
2602,13803
2603,13803
2604,13803
2605,13803
2606,13803
2607,13803
2608,13803
2609,13803
2610,13803
2611,13803
2612,13803
2613,13803
2614,13803
2615,13803
2616,13803
2617,13803
2618,13803
2619,13803
2620,13803
2621,13803
2622,13803
2623,13803
2624,13803
2625,13803
2626,13803
2627,13803
2628,13803
2629,13803
2630,13803
2631,13803
2632,13803
2633,13803
2634,13803
2635,13803
2636,13803
2637,13803
2638,13803
2639,13803
2640,13803
2641,13803
2642,13803
2643,13803
2644,13803
2645,13803
2646,13803
2647,13803
2648,13803
2649,13803
2650,13803
2651,13803
2652,13803
2653,13803
2654,13803
2655,13803
2656,13803
2657,13803
2658,13803
2659,13803
2660,13803
2661,13803
2662,13803
2663,13803
2664,13803
2665,13803
2666,13803
2667,13803
2668,13803
2669,13803
2670,13803
2671,13803
2672,13803
2673,13803
2674,13803
2675,13803
2676,13803
2677,13803
2678,13803
2679,13803
2680,13803
2681,13803
2682,13803
2683,13803
2684,13803
2685,13803
2686,13803
2687,13803
2688,13803
2689,13803
2690,13803
2691,13803
2692,13803
2693,13803
2694,13803
2695,13803
2696,13803
2697,13803
2698,13803
2699,13803
2700,13803
2701,13803
2702,13803
2703,13803
2704,13803
2705,13803
2706,13803
2707,13803
2708,13803
2709,13803
2710,13803
2711,13803
2712,13803
2713,13803
2714,13803
2715,13803
2716,13803
2717,13803
2718,13803
2719,13803
2720,13803
2721,13803
2722,13803
2723,13803
2724,13803
2725,13803
2726,13803
2727,13803
2728,13803
2729,13803
2730,13803
2731,13803
2732,13803
2733,13803
2734,13803
2735,13803
2736,13803
2737,13803
2738,13803
2739,13803
2740,13803
2741,13803
2742,13803
2743,13803
2744,13803
2745,13803
2746,13803
2747,13803
2748,13803
2749,13803
2750,13803
2751,13803
2752,13803
2753,13803
2754,13803
2755,13803
2756,13803
2757,13803
2758,13803
2759,13803
2760,13803
2761,13803
2762,13803
2763,13803
2764,13803
2765,13803
2766,13803
2767,13803
2768,13803
2769,13803
2770,13803
2771,13803
2772,13803
2773,13803
2774,13803
2775,13803
2776,13803
2777,13803
2778,13803
2779,13803
2780,13803
2781,13803
2782,13803
2783,13803
2784,13803
2785,13803
2786,13803
2787,13803
2788,13803
2789,13803
2790,13803
2791,13803
2792,13803
2793,13803
2794,13803
2795,13803
2796,13803
2797,13803
2798,13803
2799,13803
2800,13803
2801,13803
2802,13803
2803,13803
2804,13803
2805,13803
2806,13803
2807,13803
2808,13803
2809,13803
2810,13803
2811,13803
2812,13803
2813,13803
2814,13803
2815,13803
2816,13803
2817,13803
2818,13803
2819,13803
2820,13803
2821,13803
2822,13803
2823,13803
2824,13803
2825,13803
2826,13803
2827,13803
2828,13803
2829,13803
2830,13803
2831,13803
2832,13803
2833,13803
2834,13803
2835,13803
2836,13803
2837,13803
2838,13803
2839,13803
2840,13803
2841,13803
2842,13803
2843,13803
2844,13803
2845,13803
2846,13803
2847,13803
2848,13803
2849,13803
2850,13803
2851,13803
2852,13803
2853,13803
2854,13803
2855,13803
2856,13803
2857,13803
2858,13803
2859,13803
2860,13803
2861,13803
2862,13803
2863,13803
2864,13803
2865,13803
2866,13803
2867,13803
2868,13803
2869,13803
2870,13803
2871,13803
2872,13803
2873,13803
2874,13803
2875,13803
2876,13803
2877,13803
2878,13803
2879,13803
2880,13803
2881,13803
2882,13803
2883,13803
2884,13803
2885,13803
2886,13803
2887,13803
2888,13803
2889,13803
2890,13803
2891,13803
2892,13803
2893,13803
2894,13803
2895,13803
2896,13803
2897,13803
2898,13803
2899,13803
2900,13803
2901,13803
2902,13803
2903,13803
2904,13803
2905,13803
2906,13803
2907,13803
2908,13803
2909,13803
2910,13803
2911,13803
2912,13803
2913,13803
2914,13803
2915,13803
2916,13803
2917,13803
2918,13803
2919,13803
2920,13803
2921,13803
2922,13803
2923,13803
2924,13803
2925,13803
2926,13803
2927,13803
2928,13803
2929,13803
2930,13803
2931,13803
2932,13803
2933,13803
2934,13803
2935,13803
2936,13803
2937,13803
2938,13803
2939,13803
2940,13803
2941,13803
2942,13803
2943,13803
2944,13803
2945,13803
2946,13803
2947,13803
2948,13803
2949,13803
2950,13803
2951,13803
2952,13803
2953,13803
2954,13803
2955,13803
2956,13803
2957,13803
2958,13803
2959,13803
2960,13803
2961,13803
2962,13803
2963,13803
2964,13803
2965,13803
2966,13803
2967,13803
2968,13803
2969,13803
2970,13803
2971,13803
2972,13803
2973,13803
2974,13803
2975,13803
2976,13803
2977,13803
2978,13803
2979,13803
2980,13803
2981,13803
2982,13803
2983,13803
2984,13803
2985,13803
2986,13803
2987,13803
2988,13803
2989,13803
2990,13803
2991,13803
2992,13803
2993,13803
2994,13803
2995,13803
2996,13803
2997,13803
2998,13803
2999,13803
3000,13803
3001,13803
3002,13803
3003,13803
3004,13803
3005,13803
3006,13803
3007,13803
3008,13803
3009,13803
3010,13803
3011,13803
3012,13803
3013,13803
3014,13803
3015,13803
3016,13803
3017,13803
3018,13803
3019,13803
3020,13803
3021,13803
3022,13803
3023,13803
3024,13803
3025,13803
3026,13803
3027,13803
3028,13803
3029,13803
3030,13803
3031,13803
3032,13803
3033,13803
3034,13803
3035,13803
3036,13803
3037,13803
3038,13803
3039,13803
3040,13803
3041,13803
3042,13803
3043,13803
3044,13803
3045,13803
3046,13803
3047,13803
3048,13803
3049,13803
3050,13803
3051,13803
3052,13803
3053,13803
3054,13803
3055,13803
3056,13803
3057,13803
3058,13803
3059,13803
3060,13803
3061,13803
3062,13803
3063,13803
3064,13803
3065,13803
3066,13803
3067,13803
3068,13803
3069,13803
3070,13803
3071,13803
3072,13803
3073,13803
3074,13803
3075,13803
3076,13803
3077,13803
3078,13803
3079,13803
3080,13803
3081,13803
3082,13803
3083,13803
3084,13803
3085,13803
3086,13803
3087,13803
3088,13803
3089,13803
3090,13803
3091,13803
3092,13803
3093,13803
3094,13803
3095,13803
3096,13803
3097,13803
3098,13803
3099,13803
3100,13803
3101,13803
3102,13803
3103,13803
3104,13803
3105,13803
3106,13803
3107,13803
3108,13803
3109,13803
3110,13803
3111,13803
3112,13803
3113,13803
3114,13803
3115,13803
3116,13803
3117,13803
3118,13803
3119,13803
3120,13803
3121,13803
3122,13803
3123,13803
3124,13803
3125,13803
3126,13803
3127,13803
3128,13803
3129,13803
3130,13803
3131,13803
3132,13803
3133,13803
3134,13803
3135,13803
3136,13803
3137,13803
3138,13803
3139,13803
3140,13803
3141,13803
3142,13803
3143,13803
3144,13803
3145,13803
3146,13803
3147,13803
3148,13803
3149,13803
3150,13803
3151,13803
3152,13803
3153,13803
3154,13803
3155,13803
3156,13803
3157,13803
3158,13803
3159,13803
3160,13803
3161,13803
3162,13803
3163,13803
3164,13803
3165,13803
3166,13803
3167,13803
3168,13803
3169,13803
3170,13803
3171,13803
3172,13803
3173,13803
3174,13803
3175,13803
3176,13803
3177,13803
3178,13803
3179,13803
3180,13803
3181,13803
3182,13803
3183,13803
3184,13803
3185,13803
3186,13803
3187,13803
3188,13803
3189,13803
3190,13803
3191,13803
3192,13803
3193,13803
3194,13803
3195,13803
3196,13803
3197,13803
3198,13803
3199,13803
3200,13803
3201,13803
3202,13803
3203,13803
3204,13803
3205,13803
3206,13803
3207,13803
3208,13803
3209,13803
3210,13803
3211,13803
3212,13803
3213,13803
3214,13803
3215,13803
3216,13803
3217,13803
3218,13803
3219,13803
3220,13803
3221,13803
3222,13803
3223,13803
3224,13803
3225,13803
3226,13803
3227,13803
3228,13803
3229,13803
3230,13803
3231,13803
3232,13803
3233,13803
3234,13803
3235,13803
3236,13803
3237,13803
3238,13803
3239,13803
3240,13803
3241,13803
3242,13803
3243,13803
3244,13803
3245,13803
3246,13803
3247,13803
3248,13803
3249,13803
3250,13803
3251,13803
3252,13803
3253,13803
3254,13803
3255,13803
3256,13803
3257,13803
3258,13803
3259,13803
3260,13803
3261,13803
3262,13803
3263,13803
3264,13803
3265,13803
3266,13803
3267,13803
3268,13803
3269,13803
3270,13803
3271,13803
3272,13803
3273,13803
3274,13803
3275,13803
3276,13803
3277,13803
3278,13803
3279,13803
3280,13803
3281,13803
3282,13803
3283,13803
3284,13803
3285,13803
3286,13803
3287,13803
3288,13803
3289,13803
3290,13803
3291,13803
3292,13803
3293,13803
3294,13803
3295,13803
3296,13803
3297,13803
3298,13803
3299,13803
3300,13803
3301,13803
3302,13803
3303,13803
3304,13803
3305,13803
3306,13803
3307,13803
3308,13803
3309,13803
3310,13803
3311,13803
3312,13803
3313,13803
3314,13803
3315,13803
3316,13803
3317,13803
3318,13803
3319,13803
3320,13803
3321,13803
3322,13803
3323,13803
3324,13803
3325,13803
3326,13803
3327,13803
3328,13803
3329,13803
3330,13803
3331,13803
3332,13803
3333,13803
3334,13803
3335,13803
3336,13803
3337,13803
3338,13803
3339,13803
3340,13803
3341,13803
3342,13803
3343,13803
3344,13803
3345,13803
3346,13803
3347,13803
3348,13803
3349,13803
3350,13803
3351,13803
3352,13803
3353,13803
3354,13803
3355,13803
3356,13803
3357,13803
3358,13803
3359,13803
3360,13803
3361,13803
3362,13803
3363,13803
3364,13803
3365,13803
3366,13803
3367,13803
3368,13803
3369,13803
3370,13803
3371,13803
3372,13803
3373,13803
3374,13803
3375,13803
3376,13803
3377,13803
3378,13803
3379,13803
3380,13803
3381,13803
3382,13803
3383,13803
3384,13803
3385,13803
3386,13803
3387,13803
3388,13803
3389,13803
3390,13803
3391,13803
3392,13803
3393,13803
3394,13803
3395,13803
3396,13803
3397,13803
3398,13803
3399,13803
3400,13803
3401,13803
3402,13803
3403,13803
3404,13803
3405,13803
3406,13803
3407,13803
3408,13803
3409,13803
3410,13803
3411,13803
3412,13803
3413,13803
3414,13803
3415,13803
3416,13803
3417,13803
3418,13803
3419,13803
3420,13803
3421,13803
3422,13803
3423,13803
3424,13803
3425,13803
3426,13803
3427,13803
3428,13803
3429,13803
3430,13803
3431,13803
3432,13803
3433,13803
3434,13803
3435,13803
3436,13803
3437,13803
3438,13803
3439,13803
3440,13803
3441,13803
3442,13803
3443,13803
3444,13803
3445,13803
3446,13803
3447,13803
3448,13803
3449,13803
3450,13803
3451,13803
3452,13803
3453,13803
3454,13803
3455,13803
3456,13803
3457,13803
3458,13803
3459,13803
3460,13803
3461,13803
3462,13803
3463,13803
3464,13803
3465,13803
3466,13803
3467,13803
3468,13803
3469,13803
3470,13803
3471,13803
3472,13803
3473,13803
3474,13894
3475,13985
3476,14078
3477,14171
3478,14266
3479,14360
3480,14454
3481,14547
3482,14644
3483,14741
3484,14839
3485,14935
3486,15032
3487,15128
3488,15227
3489,15327
3490,15430
3491,15529
3492,15627
3493,15728
3494,15829
3495,15929
3496,16030
3497,16129
3498,16228
3499,16331
3500,16434
3501,16538
3502,16642
3503,16744
3504,16846
3505,16946
3506,17049
3507,17152
3508,17256
3509,17361
3510,17468
3511,17574
3512,17681
3513,17787
3514,17893
3515,17998
3516,18103
3517,18208
3518,18315
3519,18422
3520,18529
3521,18635
3522,18743
3523,18849
3524,18958
3525,19065
3526,19173
3527,19280
3528,19388
3529,19498
3530,19609
3531,19719
3532,19830
3533,19940
3534,20051
3535,20160
3536,20271
3537,20383
3538,20496
3539,20612
3540,20729
3541,20845
3542,20962
3543,21079
3544,21194
3545,21308
3546,21423
3547,21537
3548,21652
3549,21767
3550,21878
3551,21990
3552,22093
3553,22193
3554,22288
3555,22377
3556,22462
3557,22547
3558,22627
3559,22709
3560,22790
3561,22866
3562,22941
3563,23014
3564,23088
3565,23159
3566,23230
3567,23301
3568,23372
3569,23442
3570,23512
3571,23581
3572,23647
3573,23711
3574,23768
3575,23817
3576,23860
3577,23895
3578,23926
3579,23952
3580,23973
3581,23990
3582,24004
3583,24017
3584,24030
3585,24041
3586,24052
3587,24063
3588,24074
3589,24085
3590,24095
3591,24103
3592,24113
3593,24120
3594,24128
3595,24134
3596,24140
3597,24145
3598,24151
3599,24156
3600,24162
3601,24166
3602,24169
3603,24172
3604,24174
3605,24176
3606,24178
3607,24179
3608,24180
3609,24180
3610,24180
3611,24180
3612,24180
3613,24180
3614,24180
3615,24180
3616,24180
3617,24180
3618,24180
3619,24180
3620,24180
3621,24180
3622,24180
3623,24180
3624,24180
3625,24180
3626,24180
3627,24180
3628,24180
3629,24180
3630,24180
3631,24180
3632,24180
3633,24180
3634,24180
3635,24180
3636,24180
3637,24180
3638,24180
3639,24180
3640,24180
3641,24180
3642,24180
3643,24180
3644,24180
3645,24180
3646,24180
3647,24180
3648,24180
3649,24180
3650,24180
3651,24180
3652,24180
3653,24180
3654,24180
3655,24180
3656,24180
3657,24180
3658,24180
3659,24180
3660,24180
3661,24180
3662,24180
3663,24180
3664,24180
3665,24180
3666,24180
3667,24180
3668,24180
3669,24180
3670,24180
3671,24180
3672,24180
3673,24180
3674,24180
3675,24180
3676,24180
3677,24180
3678,24180
3679,24180
3680,24180
3681,24180
3682,24180
3683,24180
3684,24180
3685,24180
3686,24180
3687,24180
3688,24180
3689,24180
3690,24180
3691,24180
3692,24180
3693,24180
3694,24180
3695,24180
3696,24180
3697,24180
3698,24180
3699,24180
3700,24180
3701,24180
3702,24180
3703,24180
3704,24180
3705,24180
3706,24180
3707,24180
3708,24180
3709,24180
3710,24180
3711,24180
3712,24180
3713,24180
3714,24180
3715,24180
3716,24180
3717,24180
3718,24180
3719,24180
3720,24180
3721,24180
3722,24180
3723,24180
3724,24180
3725,24180
3726,24180
3727,24180
3728,24180
3729,24180
3730,24180
3731,24180
3732,24180
3733,24180
3734,24180
3735,24180
3736,24180
3737,24180
3738,24180
3739,24180
3740,24180
3741,24180
3742,24180
3743,24180
3744,24180
3745,24180
3746,24180
3747,24180
3748,24180
3749,24180
3750,24180
3751,24180
3752,24180
3753,24180
3754,24180
3755,24180
3756,24180
3757,24180
3758,24180
3759,24180
3760,24180
3761,24180
3762,24180
3763,24180
3764,24180
3765,24180
3766,24180
3767,24180
3768,24180
3769,24180
3770,24180
3771,24180
3772,24180
3773,24180
3774,24180
3775,24180
3776,24180
3777,24180
3778,24180
3779,24180
3780,24180
3781,24180
3782,24180
3783,24180
3784,24180
3785,24180
3786,24180
3787,24180
3788,24180
3789,24180
3790,24180
3791,24180
3792,24180
3793,24180
3794,24180
3795,24180
3796,24180
3797,24180
3798,24180
3799,24180
3800,24180
3801,24180
3802,24180
3803,24180
3804,24180
3805,24180
3806,24180
3807,24180
3808,24180
3809,24180
3810,24180
3811,24180
3812,24180
3813,24180
3814,24180
3815,24180
3816,24180
3817,24180
3818,24180
3819,24180
3820,24180
3821,24180
3822,24180
3823,24180
3824,24180
3825,24180
3826,24180
3827,24180
3828,24180
3829,24180
3830,24180
3831,24180
3832,24180
3833,24180
3834,24180
3835,24180
3836,24180
3837,24180
3838,24180
3839,24180
3840,24180
3841,24180
3842,24180
3843,24180
3844,24180
3845,24180
3846,24180
3847,24180
3848,24180
3849,24180
3850,24180
3851,24180
3852,24180
3853,24180
3854,24180
3855,24180
3856,24180
3857,24180
3858,24180
3859,24180
3860,24180
3861,24180
3862,24180
3863,24180
3864,24180
3865,24180
3866,24180
3867,24180
3868,24180
3869,24180
3870,24180
3871,24180
3872,24180
3873,24180
3874,24180
3875,24180
3876,24180
3877,24180
3878,24180
3879,24180
3880,24180
3881,24180
3882,24180
3883,24180
3884,24180
3885,24180
3886,24180
3887,24180
3888,24180
3889,24180
3890,24180
3891,24180
3892,24180
3893,24180
3894,24180
3895,24180
3896,24180
3897,24180
3898,24180
3899,24180
3900,24180
3901,24180
3902,24180
3903,24180
3904,24180
3905,24180
3906,24180
3907,24180
3908,24180
3909,24180
3910,24180
3911,24180
3912,24180
3913,24180
3914,24180
3915,24180
3916,24180
3917,24180
3918,24180
3919,24180
3920,24180
3921,24180
3922,24180
3923,24180
3924,24180
3925,24180
3926,24180
3927,24180
3928,24180
3929,24180
3930,24180
3931,24180
3932,24180
3933,24180
3934,24180
3935,24180
3936,24180
3937,24180
3938,24180
3939,24180
3940,24180
3941,24180
3942,24180
3943,24180
3944,24180
3945,24180
3946,24180
3947,24180
3948,24180
3949,24180
3950,24180
3951,24180
3952,24180
3953,24180
3954,24180
3955,24180
3956,24180
3957,24180
3958,24180
3959,24180
3960,24180
3961,24180
3962,24180
3963,24180
3964,24180
3965,24180
3966,24180
3967,24180
3968,24180
3969,24180
3970,24180
3971,24180
3972,24180
3973,24180
3974,24180
3975,24180
3976,24180
3977,24180
3978,24180
3979,24180
3980,24180
3981,24180
3982,24180
3983,24180
3984,24180
3985,24180
3986,24180
3987,24180
3988,24180
3989,24180
3990,24180
3991,24180
3992,24180
3993,24180
3994,24180
3995,24180
3996,24180
3997,24180
3998,24180
3999,24180
4000,24180
4001,24180
4002,24180
4003,24180
4004,24180
4005,24180
4006,24180
4007,24180
4008,24180
4009,24180
4010,24180
4011,24180
4012,24180
4013,24180
4014,24180
4015,24180
4016,24180
4017,24180
4018,24180
4019,24180
4020,24180
4021,24180
4022,24180
4023,24180
4024,24180
4025,24180
4026,24180
4027,24180
4028,24180
4029,24180
4030,24180
4031,24180
4032,24180
4033,24180
4034,24180
4035,24180
4036,24180
4037,24180
4038,24180
4039,24180
4040,24180
4041,24180
4042,24180
4043,24180
4044,24180
4045,24180
4046,24180
4047,24180
4048,24180
4049,24180
4050,24180
4051,24180
4052,24180
4053,24180
4054,24180
4055,24180
4056,24180
4057,24180
4058,24180
4059,24180
4060,24180
4061,24180
4062,24180
4063,24180
4064,24180
4065,24180
4066,24180
4067,24180
4068,24180
4069,24180
4070,24180
4071,24180
4072,24180
4073,24180
4074,24180
4075,24180
4076,24180
4077,24180
4078,24180
4079,24180
4080,24180
4081,24180
4082,24180
4083,24180
4084,24180
4085,24180
4086,24180
4087,24180
4088,24180
4089,24180
4090,24180
4091,24180
4092,24180
4093,24180
4094,24180
4095,24180
4096,24180
4097,24180
4098,24180
4099,24180
4100,24180
4101,24180
4102,24180
4103,24180
4104,24180
4105,24180
4106,24180
4107,24180
4108,24180
4109,24180
4110,24180
4111,24180
4112,24180
4113,24180
4114,24180
4115,24180
4116,24180
4117,24180
4118,24180
4119,24180
4120,24180
4121,24180
4122,24180
4123,24180
4124,24180
4125,24180
4126,24180
4127,24180
4128,24180
4129,24180
4130,24180
4131,24180
4132,24180
4133,24180
4134,24180
4135,24180
4136,24180
4137,24180
4138,24180
4139,24180
4140,24180
4141,24180
4142,24180
4143,24180
4144,24180
4145,24180
4146,24180
4147,24180
4148,24180
4149,24180
4150,24180
4151,24180
4152,24180
4153,24180
4154,24180
4155,24180
4156,24180
4157,24180
4158,24180
4159,24180
4160,24180
4161,24180
4162,24180
4163,24180
4164,24180
4165,24180
4166,24180
4167,24180
4168,24180
4169,24180
4170,24180
4171,24180
4172,24180
4173,24180
4174,24180
4175,24180
4176,24180
4177,24180
4178,24180
4179,24180
4180,24180
4181,24180
4182,24180
4183,24180
4184,24180
4185,24180
4186,24180
4187,24180
4188,24180
4189,24180
4190,24180
4191,24180
4192,24180
4193,24180
4194,24180
4195,24180
4196,24180
4197,24180
4198,24180
4199,24180
4200,24180
4201,24180
4202,24180
4203,24180
4204,24180
4205,24180
4206,24180
4207,24180
4208,24180
4209,24180
4210,24180
4211,24180
4212,24180
4213,24180
4214,24180
4215,24180
4216,24180
4217,24180
4218,24180
4219,24180
4220,24180
4221,24180
4222,24180
4223,24180
4224,24180
4225,24180
4226,24180
4227,24180
4228,24180
4229,24180
4230,24180
4231,24180
4232,24180
4233,24180
4234,24180
4235,24180
4236,24180
4237,24180
4238,24180
4239,24180
4240,24180
4241,24180
4242,24180
4243,24180
4244,24180
4245,24180
4246,24180
4247,24180
4248,24180
4249,24180
4250,24180
4251,24180
4252,24180
4253,24180
4254,24180
4255,24180
4256,24180
4257,24180
4258,24180
4259,24180
4260,24180
4261,24180
4262,24180
4263,24180
4264,24180
4265,24180
4266,24180
4267,24180
4268,24180
4269,24180
4270,24180
4271,24180
4272,24180
4273,24180
4274,24180
4275,24180
4276,24180
4277,24180
4278,24180
4279,24180
4280,24180
4281,24180
4282,24180
4283,24180
4284,24180
4285,24180
4286,24180
4287,24180
4288,24180
4289,24180
4290,24180
4291,24180
4292,24180
4293,24180
4294,24180
4295,24180
4296,24180
4297,24180
4298,24180
4299,24180
4300,24180
4301,24180
4302,24180
4303,24180
4304,24180
4305,24180
4306,24180
4307,24180
4308,24180
4309,24180
4310,24180
4311,24180
4312,24180
4313,24180
4314,24180
4315,24180
4316,24180
4317,24180
4318,24180
4319,24180
4320,24180
4321,24180
4322,24180
4323,24180
4324,24180
4325,24180
4326,24180
4327,24180
4328,24180
4329,24180
4330,24180
4331,24180
4332,24180
4333,24180
4334,24180
4335,24180
4336,24180
4337,24180
4338,24180
4339,24180
4340,24180
4341,24180
4342,24180
4343,24180
4344,24180
4345,24180
4346,24180
4347,24180
4348,24180
4349,24180
4350,24180
4351,24180
4352,24180
4353,24180
4354,24180
4355,24180
4356,24180
4357,24180
4358,24180
4359,24180
4360,24180
4361,24180
4362,24180
4363,24180
4364,24180
4365,24180
4366,24180
4367,24180
4368,24180
4369,24180
4370,24180
4371,24180
4372,24180
4373,24180
4374,24180
4375,24180
4376,24180
4377,24180
4378,24180
4379,24180
4380,24180
4381,24180
4382,24180
4383,24180
4384,24180
4385,24180
4386,24180
4387,24180
4388,24180
4389,24180
4390,24180
4391,24180
4392,24180
4393,24180
4394,24180
4395,24180
4396,24180
4397,24180
4398,24180
4399,24180
4400,24180
4401,24180
4402,24180
4403,24180
4404,24180
4405,24180
4406,24180
4407,24180
4408,24180
4409,24180
4410,24180
4411,24180
4412,24180
4413,24180
4414,24180
4415,24180
4416,24180
4417,24180
4418,24180
4419,24180
4420,24180
4421,24180
4422,24180
4423,24180
4424,24180
4425,24180
4426,24180
4427,24180
4428,24180
4429,24180
4430,24180
4431,24180
4432,24180
4433,24180
4434,24180
4435,24180
4436,24180
4437,24180
4438,24180
4439,24180
4440,24180
4441,24180
4442,24180
4443,24180
4444,24180
4445,24180
4446,24180
4447,24180
4448,24180
4449,24180
4450,24180
4451,24180
4452,24180
4453,24180
4454,24180
4455,24180
4456,24180
4457,24180
4458,24180
4459,24180
4460,24180
4461,24180
4462,24180
4463,24180
4464,24180
4465,24180
4466,24180
4467,24180
4468,24180
4469,24180
4470,24180
4471,24180
4472,24180
4473,24180
4474,24180
4475,24180
4476,24180
4477,24180
4478,24180
4479,24180
4480,24180
4481,24180
4482,24180
4483,24180
4484,24180
4485,24180
4486,24180
4487,24180
4488,24180
4489,24180
4490,24180
4491,24180
4492,24180
4493,24180
4494,24180
4495,24180
4496,24180
4497,24180
4498,24180
4499,24180
4500,24180
4501,24180
4502,24180
4503,24180
4504,24180
4505,24180
4506,24180
4507,24180
4508,24180
4509,24180
4510,24180
4511,24180
4512,24180
4513,24180
4514,24180
4515,24180
4516,24180
4517,24180
4518,24180
4519,24180
4520,24180
4521,24180
4522,24180
4523,24180
4524,24180
4525,24180
4526,24180
4527,24180
4528,24180
4529,24180
4530,24180
4531,24180
4532,24180
4533,24180
4534,24180
4535,24180
4536,24180
4537,24180
4538,24180
4539,24180
4540,24180
4541,24180
4542,24180
4543,24180
4544,24180
4545,24180
4546,24180
4547,24180
4548,24180
4549,24180
4550,24180
4551,24180
4552,24180
4553,24180
4554,24180
4555,24180
4556,24180
4557,24180
4558,24180
4559,24180
4560,24180
4561,24180
4562,24180
4563,24180
4564,24180
4565,24180
4566,24180
4567,24180
4568,24180
4569,24180
4570,24180
4571,24180
4572,24180
4573,24180
4574,24180
4575,24180
4576,24180
4577,24180
4578,24180
4579,24180
4580,24180
4581,24180
4582,24180
4583,24180
4584,24180
4585,24180
4586,24180
4587,24180
4588,24180
4589,24180
4590,24180
4591,24180
4592,24180
4593,24180
4594,24180
4595,24180
4596,24180
4597,24180
4598,24180
4599,24180
4600,24180
4601,24180
4602,24180
4603,24180
4604,24180
4605,24180
4606,24180
4607,24180
4608,24180
4609,24180
4610,24180
4611,24180
4612,24180
4613,24180
4614,24180
4615,24180
4616,24180
4617,24180
4618,24180
4619,24180
4620,24180
4621,24180
4622,24180
4623,24180
4624,24180
4625,24180
4626,24180
4627,24180
4628,24180
4629,24180
4630,24180
4631,24180
4632,24180
4633,24180
4634,24180
4635,24180
4636,24180
4637,24180
4638,24180
4639,24180
4640,24180
4641,24180
4642,24180
4643,24180
4644,24180
4645,24180
4646,24180
4647,24180
4648,24180
4649,24180
4650,24180
4651,24180
4652,24180
4653,24180
4654,24180
4655,24180
4656,24180
4657,24180
4658,24180
4659,24180
4660,24180
4661,24180
4662,24180
4663,24180
4664,24180
4665,24180
4666,24180
4667,24180
4668,24180
4669,24180
4670,24180
4671,24180
4672,24180
4673,24180
4674,24180
4675,24180
4676,24180
4677,24180
4678,24180
4679,24180
4680,24180
4681,24180
4682,24180
4683,24180
4684,24180
4685,24180
4686,24180
4687,24180
4688,24180
4689,24180
4690,24180
4691,24180
4692,24180
4693,24180
4694,24180
4695,24180
4696,24180
4697,24180
4698,24180
4699,24180
4700,24180
4701,24180
4702,24180
4703,24180
4704,24180
4705,24180
4706,24180
4707,24180
4708,24180
4709,24180
4710,24180
4711,24180
4712,24180
4713,24180
4714,24180
4715,24180
4716,24180
4717,24180
4718,24180
4719,24180
4720,24180
4721,24180
4722,24180
4723,24180
4724,24180
4725,24180
4726,24180
4727,24180
4728,24180
4729,24180
4730,24180
4731,24180
4732,24180
4733,24180
4734,24180
4735,24180
4736,24180
4737,24180
4738,24180
4739,24180
4740,24180
4741,24180
4742,24180
4743,24180
4744,24180
4745,24180
4746,24180
4747,24180
4748,24180
4749,24180
4750,24180
4751,24180
4752,24180
4753,24180
4754,24180
4755,24180
4756,24180
4757,24180
4758,24180
4759,24180
4760,24180
4761,24180
4762,24180
4763,24180
4764,24180
4765,24180
4766,24180
4767,24180
4768,24180
4769,24180
4770,24180
4771,24180
4772,24180
4773,24180
4774,24180
4775,24180
4776,24180
4777,24180
4778,24180
4779,24180
4780,24180
4781,24180
4782,24180
4783,24180
4784,24180
4785,24180
4786,24180
4787,24180
4788,24180
4789,24180
4790,24180
4791,24180
4792,24180
4793,24180
4794,24180
4795,24180
4796,24180
4797,24180
4798,24180
4799,24180
4800,24180
4801,24180
4802,24180
4803,24180
4804,24180
4805,24180
4806,24180
4807,24180
4808,24180
4809,24180
4810,24180
4811,24180
4812,24180
4813,24180
4814,24180
4815,24180
4816,24180
4817,24180
4818,24180
4819,24180
4820,24180
4821,24180
4822,24180
4823,24180
4824,24180
4825,24180
4826,24180
4827,24180
4828,24180
4829,24180
4830,24180
4831,24180
4832,24180
4833,24180
4834,24180
4835,24180
4836,24180
4837,24180
4838,24180
4839,24180
4840,24180
4841,24180
4842,24180
4843,24180
4844,24180
4845,24180
4846,24180
4847,24180
4848,24180
4849,24180
4850,24180
4851,24180
4852,24180
4853,24180
4854,24180
4855,24180
4856,24180
4857,24180
4858,24180
4859,24180
4860,24180
4861,24180
4862,24180
4863,24180
4864,24180
4865,24180
4866,24180
4867,24180
4868,24180
4869,24180
4870,24180
4871,24180
4872,24180
4873,24180
4874,24180
4875,24180
4876,24180
4877,24180
4878,24180
4879,24180
4880,24180
4881,24180
4882,24180
4883,24180
4884,24180
4885,24180
4886,24180
4887,24180
4888,24180
4889,24180
4890,24180
4891,24180
4892,24180
4893,24180
4894,24180
4895,24180
4896,24180
4897,24180
4898,24180
4899,24180
4900,24180
4901,24180
4902,24180
4903,24180
4904,24180
4905,24180
4906,24180
4907,24180
4908,24180
4909,24180
4910,24180
4911,24180
4912,24180
4913,24180
4914,24180
4915,24180
4916,24180
4917,24180
4918,24180
4919,24180
4920,24180
4921,24180
4922,24180
4923,24180
4924,24180
4925,24180
4926,24180
4927,24180
4928,24180
4929,24180
4930,24180
4931,24180
4932,24180
4933,24180
4934,24180
4935,24180
4936,24180
4937,24180
4938,24180
4939,24180
4940,24180
4941,24180
4942,24180
4943,24180
4944,24180
4945,24180
4946,24180
4947,24180
4948,24180
4949,24180
4950,24180
4951,24180
4952,24180
4953,24180
4954,24180
4955,24180
4956,24180
4957,24180
4958,24180
4959,24180
4960,24180
4961,24180
4962,24180
4963,24180
4964,24180
4965,24180
4966,24180
4967,24180
4968,24180
4969,24180
4970,24180
4971,24180
4972,24180
4973,24180
4974,24180
4975,24180
4976,24180
4977,24180
4978,24180
4979,24180
4980,24180
4981,24180
4982,24180
4983,24180
4984,24180
4985,24180
4986,24180
4987,24180
4988,24180
4989,24180
4990,24180
4991,24180
4992,24180
4993,24180
4994,24180
4995,24180
4996,24180
4997,24180
4998,24180
4999,24180
5000,24180
5001,24180
5002,24180
5003,24180
5004,24180
5005,24180
5006,24180
5007,24180
5008,24180
5009,24180
5010,24180
5011,24180
5012,24180
5013,24180
5014,24180
5015,24180
5016,24180
5017,24180
5018,24180
5019,24180
5020,24180
5021,24180
5022,24180
5023,24180
5024,24180
5025,24180
5026,24180
5027,24180
5028,24180
5029,24180
5030,24180
5031,24180
5032,24180
5033,24180
5034,24180
5035,24180
5036,24180
5037,24180
5038,24180
5039,24180
5040,24180
5041,24180
5042,24180
5043,24180
5044,24180
5045,24180
5046,24180
5047,24180
5048,24180
5049,24180
5050,24180
5051,24180
5052,24180
5053,24180
5054,24180
5055,24180
5056,24180
5057,24180
5058,24180
5059,24180
5060,24180
5061,24180
5062,24180
5063,24180
5064,24180
5065,24180
5066,24180
5067,24180
5068,24180
5069,24180
5070,24180
5071,24180
5072,24180
5073,24180
5074,24180
5075,24180
5076,24180
5077,24180
5078,24180
5079,24180
5080,24180
5081,24180
5082,24180
5083,24180
5084,24180
5085,24180
5086,24180
5087,24180
5088,24180
5089,24180
5090,24180
5091,24180
5092,24180
5093,24180
5094,24180
5095,24180
5096,24180
5097,24180
5098,24180
5099,24180
5100,24180
5101,24180
5102,24180
5103,24180
5104,24180
5105,24180
5106,24180
5107,24180
5108,24180
5109,24180
5110,24180
5111,24180
5112,24180
5113,24180
5114,24180
5115,24180
5116,24180
5117,24180
5118,24180
5119,24180
5120,24180
5121,24180
5122,24180
5123,24180
5124,24180
5125,24180
5126,24180
5127,24180
5128,24180
5129,24180
5130,24180
5131,24180
5132,24180
5133,24180
5134,24180
5135,24180
5136,24180
5137,24180
5138,24180
5139,24180
5140,24180
5141,24180
5142,24180
5143,24180
5144,24180
5145,24180
5146,24180
5147,24180
5148,24180
5149,24180
5150,24180
5151,24180
5152,24180
5153,24180
5154,24180
5155,24180
5156,24180
5157,24180
5158,24180
5159,24180
5160,24180
5161,24180
5162,24180
5163,24180
5164,24180
5165,24180
5166,24180
5167,24180
5168,24180
5169,24180
5170,24180
5171,24180
5172,24180
5173,24180
5174,24180
5175,24180
5176,24180
5177,24180
5178,24180
5179,24180
5180,24180
5181,24180
5182,24180
5183,24180
5184,24180
5185,24180
5186,24180
5187,24180
5188,24180
5189,24180
5190,24180
5191,24180
5192,24180
5193,24180
5194,24180
5195,24180
5196,24180
5197,24180
5198,24180
5199,24180
5200,24180
5201,24180
5202,24180
5203,24180
5204,24180
5205,24180
5206,24180
5207,24180
5208,24180
5209,24180
5210,24180
5211,24180
5212,24180
5213,24180
5214,24180
5215,24180
5216,24180
5217,24180
5218,24180
5219,24180
5220,24180
5221,24180
5222,24180
5223,24180
5224,24180
5225,24180
5226,24180
5227,24180
5228,24180
5229,24180
5230,24180
5231,24180
5232,24180
5233,24180
5234,24180
5235,24180
5236,24180
5237,24180
5238,24180
5239,24180
5240,24180
5241,24180
5242,24180
5243,24180
5244,24180
5245,24180
5246,24180
5247,24180
5248,24180
5249,24180
5250,24180
5251,24180
5252,24180
5253,24180
5254,24180
5255,24180
5256,24180
5257,24180
5258,24180
5259,24180
5260,24180
5261,24180
5262,24180
5263,24180
5264,24180
5265,24180
5266,24180
5267,24180
5268,24180
5269,24180
5270,24180
5271,24180
5272,24180
5273,24180
5274,24180
5275,24180
5276,24180
5277,24180
5278,24180
5279,24180
5280,24180
5281,24180
5282,24180
5283,24180
5284,24180
5285,24180
5286,24180
5287,24180
5288,24180
5289,24180
5290,24180
5291,24180
5292,24180
5293,24180
5294,24180
5295,24180
5296,24180
5297,24180
5298,24180
5299,24180
5300,24180
5301,24180
5302,24180
5303,24180
5304,24180
5305,24180
5306,24180
5307,24180
5308,24180
5309,24180
5310,24180
5311,24180
5312,24180
5313,24180
5314,24180
5315,24180
5316,24180
5317,24180
5318,24180
5319,24180
5320,24180
5321,24180
5322,24180
5323,24180
5324,24180
5325,24180
5326,24180
5327,24180
5328,24180
5329,24180
5330,24180
5331,24180
5332,24180
5333,24180
5334,24180
5335,24180
5336,24180
5337,24180
5338,24180
5339,24180
5340,24180
5341,24180
5342,24180
5343,24180
5344,24180
5345,24180
5346,24180
5347,24180
5348,24180
5349,24180
5350,24180
5351,24180
5352,24180
5353,24180
5354,24180
5355,24180
5356,24180
5357,24180
5358,24180
5359,24180
5360,24180
5361,24180
5362,24180
5363,24180
5364,24180
5365,24180
5366,24180
5367,24180
5368,24180
5369,24180
5370,24180
5371,24180
5372,24180
5373,24180
5374,24180
5375,24180
5376,24180
5377,24180
5378,24180
5379,24180
5380,24180
5381,24180
5382,24180
5383,24180
5384,24180
5385,24180
5386,24180
5387,24180
5388,24180
5389,24180
5390,24180
5391,24180
5392,24180
5393,24180
5394,24180
5395,24180
5396,24180
5397,24180
5398,24180
5399,24180
5400,24180
5401,24180
5402,24180
5403,24180
5404,24180
5405,24180
5406,24180
5407,24180
5408,24180
5409,24180
5410,24180
5411,24180
5412,24180
5413,24180
5414,24180
5415,24180
5416,24180
5417,24180
5418,24180
5419,24180
5420,24180
5421,24180
5422,24180
5423,24180
5424,24180
5425,24180
5426,24180
5427,24180
5428,24180
5429,24180
5430,24180
5431,24180
5432,24180
5433,24180
5434,24180
5435,24180
5436,24180
5437,24180
5438,24180
5439,24180
5440,24180
5441,24180
5442,24180
5443,24180
5444,24180
5445,24180
5446,24180
5447,24180
5448,24180
5449,24180
5450,24180
5451,24180
5452,24180
5453,24180
5454,24180
5455,24180
5456,24180
5457,24180
5458,24180
5459,24180
5460,24180
5461,24180
5462,24180
5463,24180
5464,24180
5465,24180
5466,24180
5467,24180
5468,24180
5469,24180
5470,24180
5471,24180
5472,24180
5473,24180
5474,24180
5475,24180
5476,24180
5477,24180
5478,24180
5479,24180
5480,24180
5481,24180
5482,24180
5483,24180
5484,24180
5485,24180
5486,24180
5487,24180
5488,24180
5489,24180
5490,24180
5491,24180
5492,24180
5493,24180
5494,24180
5495,24180
5496,24180
5497,24180
5498,24180
5499,24180
5500,24180
5501,24180
5502,24180
5503,24180
5504,24180
5505,24180
5506,24180
5507,24180
5508,24180
5509,24180
5510,24180
5511,24180
5512,24180
5513,24180
5514,24180
5515,24180
5516,24180
5517,24180
5518,24180
5519,24180
5520,24180
5521,24180
5522,24180
5523,24180
5524,24180
5525,24180
5526,24180
5527,24180
5528,24180
5529,24180
5530,24180
5531,24180
5532,24180
5533,24180
5534,24180
5535,24180
5536,24180
5537,24180
5538,24180
5539,24180
5540,24180
5541,24180
5542,24180
5543,24180
5544,24180
5545,24180
5546,24180
5547,24180
5548,24180
5549,24180
5550,24180
5551,24180
5552,24180
5553,24180
5554,24180
5555,24180
5556,24180
5557,24180
5558,24180
5559,24180
5560,24180
5561,24180
5562,24180
5563,24180
5564,24180
5565,24180
5566,24180
5567,24180
5568,24180
5569,24180
5570,24180
5571,24180
5572,24180
5573,24180
5574,24180
5575,24180
5576,24180
5577,24180
5578,24180
5579,24180
5580,24180
5581,24180
5582,24180
5583,24180
5584,24180
5585,24180
5586,24180
5587,24180
5588,24180
5589,24180
5590,24180
5591,24180
5592,24180
5593,24180
5594,24180
5595,24180
5596,24180
5597,24180
5598,24180
5599,24180
5600,24180
5601,24180
5602,24180
5603,24180
5604,24180
5605,24180
5606,24180
5607,24180
5608,24180
5609,24180
5610,24180
5611,24180
5612,24180
5613,24180
5614,24180
5615,24180
5616,24180
5617,24180
5618,24180
5619,24180
5620,24180
5621,24180
5622,24180
5623,24180
5624,24180
5625,24180
5626,24180
5627,24180
5628,24180
5629,24180
5630,24180
5631,24180
5632,24180
5633,24180
5634,24180
5635,24180
5636,24180
5637,24180
5638,24180
5639,24180
5640,24180
5641,24180
5642,24180
5643,24180
5644,24180
5645,24180
5646,24180
5647,24180
5648,24180
5649,24180
5650,24180
5651,24180
5652,24180
5653,24180
5654,24180
5655,24180
5656,24180
5657,24180
5658,24180
5659,24180
5660,24180
5661,24180
5662,24180
5663,24180
5664,24180
5665,24180
5666,24180
5667,24180
5668,24180
5669,24180
5670,24180
5671,24180
5672,24180
5673,24180
5674,24180
5675,24180
5676,24180
5677,24180
5678,24180
5679,24180
5680,24180
5681,24180
5682,24180
5683,24180
5684,24180
5685,24180
5686,24180
5687,24180
5688,24180
5689,24180
5690,24180
5691,24180
5692,24180
5693,24180
5694,24180
5695,24180
5696,24180
5697,24180
5698,24180
5699,24180
5700,24180
5701,24180
5702,24180
5703,24180
5704,24180
5705,24180
5706,24180
5707,24180
5708,24180
5709,24180
5710,24180
5711,24180
5712,24180
5713,24180
5714,24180
5715,24180
5716,24180
5717,24180
5718,24180
5719,24180
5720,24180
5721,24180
5722,24180
5723,24180
5724,24180
5725,24180
5726,24180
5727,24180
5728,24180
5729,24180
5730,24180
5731,24180
5732,24180
5733,24180
5734,24180
5735,24180
5736,24180
5737,24180
5738,24180
5739,24180
5740,24180
5741,24180
5742,24180
5743,24180
5744,24180
5745,24180
5746,24180
5747,24180
5748,24180
5749,24180
5750,24180
5751,24180
5752,24180
5753,24180
5754,24180
5755,24180
5756,24180
5757,24180
5758,24180
5759,24180
5760,24180
5761,24180
5762,24180
5763,24180
5764,24180
5765,24180
5766,24180
5767,24180
5768,24180
5769,24180
5770,24180
5771,24180
5772,24180
5773,24180
5774,24180
5775,24180
5776,24180
5777,24180
5778,24180
5779,24180
5780,24180
5781,24180
5782,24180
5783,24180
5784,24180
5785,24180
5786,24180
5787,24180
5788,24180
5789,24180
5790,24180
5791,24180
5792,24180
5793,24180
5794,24180
5795,24180
5796,24180
5797,24180
5798,24180
5799,24180
5800,24180
5801,24180
5802,24180
5803,24180
5804,24180
5805,24180
5806,24180
5807,24180
5808,24180
5809,24180
5810,24180
5811,24180
5812,24180
5813,24180
5814,24180
5815,24180
5816,24180
5817,24180
5818,24180
5819,24180
5820,24180
5821,24180
5822,24180
5823,24180
5824,24180
5825,24180
5826,24180
5827,24180
5828,24180
5829,24180
5830,24180
5831,24180
5832,24180
5833,24180
5834,24180
5835,24180
5836,24180
5837,24180
5838,24180
5839,24180
5840,24180
5841,24180
5842,24180
5843,24180
5844,24180
5845,24180
5846,24180
5847,24180
5848,24180
5849,24180
5850,24180
5851,24180
5852,24180
5853,24180
5854,24180
5855,24180
5856,24180
5857,24180
5858,24180
5859,24180
5860,24180
5861,24180
5862,24180
5863,24180
5864,24180
5865,24180
5866,24180
5867,24180
5868,24180
5869,24180
5870,24180
5871,24180
5872,24180
5873,24180
5874,24180
5875,24180
5876,24180
5877,24180
5878,24180
5879,24180
5880,24180
5881,24180
5882,24180
5883,24180
5884,24180
5885,24180
5886,24180
5887,24180
5888,24180
5889,24180
5890,24180
5891,24180
5892,24180
5893,24180
5894,24180
5895,24180
5896,24180
5897,24180
5898,24180
5899,24180
5900,24180
5901,24180
5902,24180
5903,24180
5904,24180
5905,24180
5906,24180
5907,24180
5908,24180
5909,24180
5910,24180
5911,24180
5912,24180
5913,24180
5914,24180
5915,24180
5916,24180
5917,24180
5918,24180
5919,24180
5920,24180
5921,24180
5922,24180
5923,24180
5924,24180
5925,24180
5926,24180
5927,24180
5928,24180
5929,24180
5930,24180
5931,24180
5932,24180
5933,24180
5934,24180
5935,24180
5936,24180
5937,24180
5938,24180
5939,24180
5940,24180
5941,24180
5942,24180
5943,24180
5944,24180
5945,24180
5946,24180
5947,24180
5948,24180
5949,24180
5950,24180
5951,24180
5952,24180
5953,24180
5954,24180
5955,24180
5956,24180
5957,24180
5958,24180
5959,24180
5960,24180
5961,24180
5962,24180
5963,24180
5964,24180
5965,24180
5966,24180
5967,24180
5968,24180
5969,24180
5970,24180
5971,24180
5972,24180
5973,24180
5974,24180
5975,24180
5976,24180
5977,24180
5978,24180
5979,24180
5980,24180
5981,24180
5982,24180
5983,24180
5984,24180
5985,24180
5986,24180
5987,24180
5988,24180
5989,24180
5990,24180
5991,24180
5992,24180
5993,24180
5994,24180
5995,24180
5996,24180
5997,24180
5998,24180
5999,24180
6000,24180
6001,24180
6002,24180
6003,24180
6004,24180
6005,24180
6006,24180
6007,24180
6008,24180
6009,24180
6010,24180
6011,24180
6012,24180
6013,24180
6014,24180
6015,24180
6016,24180
6017,24180
6018,24180
6019,24180
6020,24180
6021,24180
6022,24180
6023,24180
6024,24180
6025,24180
6026,24180
6027,24180
6028,24180
6029,24180
6030,24180
6031,24180
6032,24180
6033,24180
6034,24180
6035,24180
6036,24180
6037,24180
6038,24180
6039,24180
6040,24180
6041,24180
6042,24180
6043,24180
6044,24180
6045,24180
6046,24180
6047,24180
6048,24180
6049,24180
6050,24180
6051,24180
6052,24180
6053,24180
6054,24180
6055,24180
6056,24180
6057,24180
6058,24180
6059,24180
6060,24180
6061,24180
6062,24180
6063,24180
6064,24180
6065,24180
6066,24180
6067,24180
6068,24180
6069,24180
6070,24180
6071,24180
6072,24180
6073,24180
6074,24180
6075,24180
6076,24180
6077,24180
6078,24180
6079,24180
6080,24180
6081,24180
6082,24180
6083,24180
6084,24180
6085,24180
6086,24180
6087,24180
6088,24180
6089,24180
6090,24180
6091,24180
6092,24180
6093,24180
6094,24180
6095,24180
6096,24180
6097,24180
6098,24180
6099,24180
6100,24180
6101,24180
6102,24180
6103,24180
6104,24180
6105,24180
6106,24180
6107,24180
6108,24180
6109,24180
6110,24180
6111,24180
6112,24180
6113,24180
6114,24180
6115,24180
6116,24180
6117,24180
6118,24180
6119,24180
6120,24180
6121,24180
6122,24180
6123,24180
6124,24180
6125,24180
6126,24180
6127,24180
6128,24180
6129,24180
6130,24180
6131,24180
6132,24180
6133,24180
6134,24180
6135,24180
6136,24180
6137,24180
6138,24180
6139,24180
6140,24180
6141,24180
6142,24180
6143,24180
6144,24180
6145,24180
6146,24180
6147,24180
6148,24180
6149,24180
6150,24180
6151,24180
6152,24180
6153,24180
6154,24180
6155,24180
6156,24180
6157,24180
6158,24180
6159,24180
6160,24180
6161,24180
6162,24180
6163,24180
6164,24180
6165,24180
6166,24180
6167,24180
6168,24180
6169,24180
6170,24180
6171,24180
6172,24180
6173,24180
6174,24180
6175,24180
6176,24180
6177,24180
6178,24180
6179,24180
6180,24180
6181,24180
6182,24180
6183,24180
6184,24180
6185,24180
6186,24180
6187,24180
6188,24180
6189,24180
6190,24180
6191,24180
6192,24180
6193,24180
6194,24180
6195,24180
6196,24180
6197,24180
6198,24180
6199,24180
6200,24180
6201,24180
6202,24180
6203,24180
6204,24180
6205,24180
6206,24180
6207,24180
6208,24180
6209,24180
6210,24180
6211,24180
6212,24180
6213,24180
6214,24180
6215,24180
6216,24180
6217,24180
6218,24180
6219,24180
6220,24180
6221,24180
6222,24180
6223,24180
6224,24180
6225,24180
6226,24180
6227,24180
6228,24180
6229,24180
6230,24180
6231,24180
6232,24180
6233,24180
6234,24180
6235,24180
6236,24180
6237,24180
6238,24180
6239,24180
6240,24180
6241,24180
6242,24180
6243,24180
6244,24180
6245,24180
6246,24180
6247,24180
6248,24180
6249,24180
6250,24180
6251,24180
6252,24180
6253,24180
6254,24180
6255,24180
6256,24180
6257,24180
6258,24180
6259,24180
6260,24180
6261,24180
6262,24180
6263,24180
6264,24180
6265,24180
6266,24180
6267,24180
6268,24180
6269,24180
6270,24180
6271,24180
6272,24180
6273,24180
6274,24180
6275,24180
6276,24180
6277,24180
6278,24180
6279,24180
6280,24180
6281,24180
6282,24180
6283,24180
6284,24180
6285,24180
6286,24180
6287,24180
6288,24180
6289,24180
6290,24180
6291,24180
6292,24180
6293,24180
6294,24180
6295,24180
6296,24180
6297,24180
6298,24180
6299,24180
6300,24180
6301,24180
6302,24180
6303,24180
6304,24180
6305,24180
6306,24180
6307,24180
6308,24180
6309,24180
6310,24180
6311,24180
6312,24180
6313,24180
6314,24180
6315,24180
6316,24180
6317,24180
6318,24180
6319,24180
6320,24180
6321,24180
6322,24180
6323,24180
6324,24180
6325,24180
6326,24180
6327,24180
6328,24180
6329,24180
6330,24180
6331,24180
6332,24180
6333,24180
6334,24180
6335,24180
6336,24180
6337,24180
6338,24180
6339,24180
6340,24180
6341,24180
6342,24180
6343,24180
6344,24180
6345,24180
6346,24180
6347,24180
6348,24180
6349,24180
6350,24180
6351,24180
6352,24180
6353,24180
6354,24180
6355,24180
6356,24180
6357,24180
6358,24180
6359,24180
6360,24180
6361,24180
6362,24180
6363,24180
6364,24180
6365,24180
6366,24180
6367,24180
6368,24180
6369,24180
6370,24180
6371,24180
6372,24180
6373,24180
6374,24180
6375,24180
6376,24180
6377,24180
6378,24180
6379,24180
6380,24180
6381,24180
6382,24180
6383,24180
6384,24180
6385,24180
6386,24180
6387,24180
6388,24180
6389,24180
6390,24180
6391,24180
6392,24180
6393,24180
6394,24180
6395,24180
6396,24180
6397,24180
6398,24180
6399,24180
6400,24180
6401,24180
6402,24180
6403,24180
6404,24180
6405,24180
6406,24180
6407,24180
6408,24180
6409,24180
6410,24180
6411,24180
6412,24180
6413,24180
6414,24180
6415,24180
6416,24180
6417,24180
6418,24180
6419,24180
6420,24180
6421,24180
6422,24180
6423,24180
6424,24180
6425,24180
6426,24180
6427,24180
6428,24180
6429,24180
6430,24180
6431,24180
6432,24180
6433,24180
6434,24180
6435,24180
6436,24180
6437,24180
6438,24180
6439,24180
6440,24180
6441,24180
6442,24180
6443,24180
6444,24180
6445,24180
6446,24180
6447,24180
6448,24180
6449,24180
6450,24180
6451,24180
6452,24180
6453,24180
6454,24180
6455,24180
6456,24180
6457,24180
6458,24180
6459,24180
6460,24180
6461,24180
6462,24180
6463,24180
6464,24180
6465,24180
6466,24180
6467,24180
6468,24180
6469,24180
6470,24180
6471,24180
6472,24180
6473,24180
6474,24180
6475,24180
6476,24180
6477,24180
6478,24180
6479,24180
6480,24180
6481,24180
6482,24180
6483,24180
6484,24180
6485,24180
6486,24180
6487,24180
6488,24180
6489,24180
6490,24180
6491,24180
6492,24180
6493,24180
6494,24180
6495,24180
6496,24180
6497,24180
6498,24180
6499,24180
6500,24180
6501,24180
6502,24180
6503,24180
6504,24180
6505,24180
6506,24180
6507,24180
6508,24180
6509,24180
6510,24180
6511,24180
6512,24180
6513,24180
6514,24180
6515,24180
6516,24180
6517,24180
6518,24180
6519,24180
6520,24180
6521,24180
6522,24180
6523,24180
6524,24180
6525,24180
6526,24180
6527,24180
6528,24180
6529,24180
6530,24180
6531,24180
6532,24180
6533,24180
6534,24180
6535,24180
6536,24180
6537,24180
6538,24180
6539,24180
6540,24180
6541,24180
6542,24180
6543,24180
6544,24180
6545,24180
6546,24180
6547,24180
6548,24180
6549,24180
6550,24180
6551,24180
6552,24180
6553,24180
6554,24180
6555,24180
6556,24180
6557,24180
6558,24180
6559,24180
6560,24180
6561,24180
6562,24180
6563,24180
6564,24180
6565,24180
6566,24180
6567,24180
6568,24180
6569,24180
6570,24180
6571,24180
6572,24180
6573,24180
6574,24180
6575,24180
6576,24180
6577,24180
6578,24180
6579,24180
6580,24180
6581,24180
6582,24180
6583,24180
6584,24180
6585,24180
6586,24180
6587,24180
6588,24180
6589,24180
6590,24180
6591,24180
6592,24180
6593,24180
6594,24180
6595,24180
6596,24180
6597,24180
6598,24180
6599,24180
6600,24180
6601,24180
6602,24180
6603,24180
6604,24180
6605,24180
6606,24180
6607,24180
6608,24180
6609,24180
6610,24180
6611,24180
6612,24180
6613,24180
6614,24180
6615,24180
6616,24180
6617,24180
6618,24180
6619,24180
6620,24180
6621,24180
6622,24180
6623,24180
6624,24180
6625,24180
6626,24180
6627,24180
6628,24180
6629,24180
6630,24180
6631,24180
6632,24180
6633,24180
6634,24180
6635,24180
6636,24180
6637,24180
6638,24180
6639,24180
6640,24180
6641,24180
6642,24180
6643,24180
6644,24180
6645,24180
6646,24180
6647,24180
6648,24180
6649,24180
6650,24180
6651,24180
6652,24180
6653,24180
6654,24180
6655,24180
6656,24180
6657,24180
6658,24180
6659,24180
6660,24180
6661,24180
6662,24180
6663,24180
6664,24180
6665,24180
6666,24180
6667,24180
6668,24180
6669,24180
6670,24180
6671,24180
6672,24180
6673,24180
6674,24180
6675,24180
6676,24180
6677,24180
6678,24180
6679,24180
6680,24180
6681,24180
6682,24180
6683,24180
6684,24180
6685,24180
6686,24180
6687,24180
6688,24180
6689,24180
6690,24180
6691,24180
6692,24180
6693,24180
6694,24180
6695,24180
6696,24180
6697,24180
6698,24180
6699,24180
6700,24180
6701,24180
6702,24180
6703,24180
6704,24180
6705,24180
6706,24180
6707,24180
6708,24180
6709,24180
6710,24180
6711,24180
6712,24180
6713,24180
6714,24180
6715,24180
6716,24180
6717,24180
6718,24180
6719,24180
6720,24180
6721,24180
6722,24180
6723,24180
6724,24180
6725,24180
6726,24180
6727,24180
6728,24180
6729,24180
6730,24180
6731,24180
6732,24180
6733,24180
6734,24180
6735,24180
6736,24180
6737,24180
6738,24180
6739,24180
6740,24180
6741,24180
6742,24180
6743,24180
6744,24180
6745,24180
6746,24180
6747,24180
6748,24180
6749,24180
6750,24180
6751,24180
6752,24180
6753,24180
6754,24180
6755,24180
6756,24180
6757,24180
6758,24180
6759,24180
6760,24180
6761,24180
6762,24180
6763,24180
6764,24180
6765,24180
6766,24180
6767,24180
6768,24180
6769,24180
6770,24180
6771,24180
6772,24180
6773,24180
6774,24180
6775,24180
6776,24180
6777,24180
6778,24180
6779,24180
6780,24180
6781,24180
6782,24180
6783,24180
6784,24180
6785,24180
6786,24180
6787,24180
6788,24180
6789,24180
6790,24180
6791,24180
6792,24180
6793,24180
6794,24180
6795,24180
6796,24180
6797,24180
6798,24180
6799,24180
6800,24180
6801,24180
6802,24180
6803,24180
6804,24180
6805,24180
6806,24180
6807,24180
6808,24180
6809,24180
6810,24180
6811,24180
6812,24180
6813,24180
6814,24180
6815,24180
6816,24180
6817,24180
6818,24180
6819,24180
6820,24180
6821,24180
6822,24180
6823,24180
6824,24180
6825,24180
6826,24180
6827,24180
6828,24180
6829,24180
6830,24180
6831,24180
6832,24180
6833,24180
6834,24180
6835,24180
6836,24180
6837,24180
6838,24180
6839,24180
6840,24180
6841,24180
6842,24180
6843,24180
6844,24180
6845,24180
6846,24180
6847,24180
6848,24180
6849,24180
6850,24180
6851,24180
6852,24180
6853,24180
6854,24180
6855,24180
6856,24180
6857,24180
6858,24180
6859,24180
6860,24180
6861,24180
6862,24180
6863,24180
6864,24180
6865,24180
6866,24180
6867,24180
6868,24180
6869,24180
6870,24180
6871,24180
6872,24180
6873,24180
6874,24180
6875,24180
6876,24180
6877,24180
6878,24180
6879,24180
6880,24180
6881,24180
6882,24180
6883,24180
6884,24180
6885,24180
6886,24180
6887,24180
6888,24180
6889,24180
6890,24180
6891,24180
6892,24180
6893,24180
6894,24180
6895,24180
6896,24180
6897,24180
6898,24180
6899,24180
6900,24180
6901,24180
6902,24180
6903,24180
6904,24180
6905,24180
6906,24180
6907,24180
6908,24180
6909,24180
6910,24180
6911,24180
6912,24180
6913,24180
6914,24180
6915,24180
6916,24180
6917,24180
6918,24180
6919,24180
6920,24180
6921,24180
6922,24180
6923,24180
6924,24180
6925,24180
6926,24180
6927,24180
6928,24180
6929,24180
6930,24180
6931,24180
6932,24180
6933,24180
6934,24180
6935,24180
6936,24180
6937,24180
6938,24180
6939,24180
6940,24180
6941,24180
6942,24180
6943,24180
6944,24180
6945,24180
6946,24180
6947,24180
6948,24180
6949,24180
6950,24180
6951,24180
6952,24180
6953,24180
6954,24180
6955,24180
6956,24180
6957,24180
6958,24180
6959,24180
6960,24180
6961,24180
6962,24180
6963,24180
6964,24180
6965,24180
6966,24180
6967,24180
6968,24180
6969,24180
6970,24180
6971,24180
6972,24180
6973,24180
6974,24180
6975,24180
6976,24180
6977,24180
6978,24180
6979,24180
6980,24180
6981,24180
6982,24180
6983,24180
6984,24180
6985,24180
6986,24180
6987,24180
6988,24180
6989,24180
6990,24180
6991,24180
6992,24180
6993,24180
6994,24180
6995,24180
6996,24180
6997,24180
6998,24180
6999,24180
7000,24180
7001,24180
7002,24180
7003,24180
7004,24180
7005,24180
7006,24180
7007,24180
7008,24180
7009,24180
7010,24180
7011,24180
7012,24180
7013,24180
7014,24180
7015,24180
7016,24180
7017,24180
7018,24180
7019,24180
7020,24180
7021,24180
7022,24180
7023,24180
7024,24180
7025,24180
7026,24180
7027,24180
7028,24180
7029,24180
7030,24180
7031,24180
7032,24180
7033,24180
7034,24180
7035,24180
7036,24180
7037,24180
7038,24180
7039,24180
7040,24180
7041,24180
7042,24180
7043,24180
7044,24180
7045,24180
7046,24180
7047,24180
7048,24180
7049,24180
7050,24180
7051,24180
7052,24180
7053,24180
7054,24180
7055,24180
7056,24180
7057,24180
7058,24180
7059,24180
7060,24180
7061,24180
7062,24180
7063,24180
7064,24180
7065,24180
7066,24180
7067,24180
7068,24180
7069,24180
7070,24180
7071,24180
7072,24180
7073,24180
7074,24180
7075,24180
7076,24180
7077,24180
7078,24180
7079,24180
7080,24180
7081,24180
7082,24180
7083,24180
7084,24180
7085,24180
7086,24180
7087,24180
7088,24180
7089,24180
7090,24180
7091,24180
7092,24180
7093,24180
7094,24180
7095,24180
7096,24180
7097,24180
7098,24180
7099,24180
7100,24180
7101,24180
7102,24180
7103,24180
7104,24180
7105,24180
7106,24180
7107,24180
7108,24180
7109,24180
7110,24180
7111,24180
7112,24180
7113,24180
7114,24180
7115,24180
7116,24180
7117,24180
7118,24180
7119,24180
7120,24180
7121,24180
7122,24180
7123,24180
7124,24180
7125,24180
7126,24180
7127,24180
7128,24180
7129,24180
7130,24180
7131,24180
7132,24180
7133,24180
7134,24180
7135,24180
7136,24180
7137,24180
7138,24180
7139,24180
7140,24180
7141,24180
7142,24180
7143,24180
7144,24180
7145,24180
7146,24180
7147,24180
7148,24180
7149,24180
7150,24180
7151,24180
7152,24180
7153,24180
7154,24180
7155,24180
7156,24180
7157,24180
7158,24180
7159,24180
7160,24180
7161,24180
7162,24180
7163,24180
7164,24180
7165,24180
7166,24180
7167,24180
7168,24180
7169,24180
7170,24180
7171,24180
7172,24180
7173,24180
7174,24180
7175,24180
7176,24180
7177,24180
7178,24180
7179,24180
7180,24180
7181,24180
7182,24180
7183,24180
7184,24180
7185,24180
7186,24180
7187,24180
7188,24180
7189,24180
7190,24180
7191,24180
7192,24180
7193,24180
7194,24180
7195,24180
7196,24180
7197,24180
7198,24180
7199,24180
7200,24180
7201,24180
7202,24180
7203,24180
7204,24180
7205,24180
7206,24180
7207,24180
7208,24180
7209,24180
7210,24180
7211,24180
7212,24180
7213,24180
7214,24180
7215,24180
7216,24180
7217,24180
7218,24180
7219,24180
7220,24180
7221,24180
7222,24180
7223,24180
7224,24180
7225,24180
7226,24180
7227,24180
7228,24180
7229,24180
7230,24180
7231,24180
7232,24180
7233,24180
7234,24180
7235,24180
7236,24180
7237,24180
7238,24180
7239,24180
7240,24180
7241,24180
7242,24180
7243,24180
7244,24180
7245,24180
7246,24180
7247,24180
7248,24180
7249,24180
7250,24180
7251,24180
7252,24180
7253,24180
7254,24180
7255,24180
7256,24180
7257,24180
7258,24180
7259,24180
7260,24180
7261,24180
7262,24180
7263,24180
7264,24180
7265,24180
7266,24180
7267,24180
7268,24180
7269,24180
7270,24180
7271,24180
7272,24180
7273,24180
7274,24180
7275,24180
7276,24180
7277,24180
7278,24180
7279,24180
7280,24180
7281,24180
7282,24180
7283,24180
7284,24180
7285,24180
7286,24180
7287,24180
7288,24180
7289,24180
7290,24180
7291,24180
7292,24180
7293,24180
7294,24180
7295,24180
7296,24180
7297,24180
7298,24180
7299,24180
7300,24180
7301,24180
7302,24180
7303,24180
7304,24180
7305,24180
7306,24180
7307,24180
7308,24180
7309,24180
7310,24180
7311,24180
7312,24180
7313,24180
7314,24180
7315,24180
7316,24180
7317,24180
7318,24180
7319,24180
7320,24180
7321,24180
7322,24180
7323,24180
7324,24180
7325,24180
7326,24180
7327,24180
7328,24180
7329,24180
7330,24180
7331,24180
7332,24180
7333,24180
7334,24180
7335,24180
7336,24180
7337,24180
7338,24180
7339,24180
7340,24180
7341,24180
7342,24180
7343,24180
7344,24180
7345,24180
7346,24180
7347,24180
7348,24180
7349,24180
7350,24180
7351,24180
7352,24180
7353,24180
7354,24180
7355,24180
7356,24180
7357,24180
7358,24180
7359,24180
7360,24180
7361,24180
7362,24180
7363,24180
7364,24180
7365,24180
7366,24180
7367,24180
7368,24180
7369,24180
7370,24180
7371,24180
7372,24180
7373,24180
7374,24180
7375,24180
7376,24180
7377,24180
7378,24180
7379,24180
7380,24180
7381,24180
7382,24180
7383,24180
7384,24180
7385,24180
7386,24180
7387,24180
7388,24180
7389,24180
7390,24180
7391,24180
7392,24180
7393,24180
7394,24180
7395,24180
7396,24180
7397,24180
7398,24180
7399,24180
7400,24180
7401,24180
7402,24180
7403,24180
7404,24180
7405,24180
7406,24180
7407,24180
7408,24180
7409,24180
7410,24180
7411,24180
7412,24180
7413,24180
7414,24180
7415,24180
7416,24180
7417,24180
7418,24180
7419,24180
7420,24180
7421,24180
7422,24180
7423,24180
7424,24180
7425,24180
7426,24180
7427,24180
7428,24180
7429,24180
7430,24180
7431,24180
7432,24180
7433,24180
7434,24180
7435,24180
7436,24180
7437,24180
7438,24180
7439,24180
7440,24180
7441,24180
7442,24180
7443,24180
7444,24180
7445,24180
7446,24180
7447,24180
7448,24180
7449,24180
7450,24180
7451,24180
7452,24180
7453,24180
7454,24180
7455,24180
7456,24180
7457,24180
7458,24180
7459,24180
7460,24180
7461,24180
7462,24180
7463,24180
7464,24180
7465,24180
7466,24180
7467,24180
7468,24180
7469,24180
7470,24180
7471,24180
7472,24180
7473,24180
7474,24180
7475,24180
7476,24180
7477,24180
7478,24180
7479,24180
7480,24180
7481,24180
7482,24180
7483,24180
7484,24180
7485,24180
7486,24180
7487,24180
7488,24180
7489,24180
7490,24180
7491,24180
7492,24180
7493,24180
7494,24180
7495,24180
7496,24180
7497,24180
7498,24180
7499,24180
7500,24180
7501,24180
7502,24180
7503,24180
7504,24180
7505,24180
7506,24180
7507,24180
7508,24180
7509,24180
7510,24180
7511,24180
7512,24180
7513,24180
7514,24180
7515,24180
7516,24180
7517,24180
7518,24180
7519,24180
7520,24180
7521,24180
7522,24180
7523,24180
7524,24180
7525,24180
7526,24180
7527,24180
7528,24180
7529,24180
7530,24180
7531,24180
7532,24180
7533,24180
7534,24180
7535,24180
7536,24180
7537,24180
7538,24180
7539,24180
7540,24180
7541,24180
7542,24180
7543,24180
7544,24180
7545,24180
7546,24180
7547,24180
7548,24180
7549,24180
7550,24180
7551,24180
7552,24180
7553,24180
7554,24180
7555,24180
7556,24180
7557,24180
7558,24180
7559,24180
7560,24180
7561,24180
7562,24180
7563,24180
7564,24180
7565,24180
7566,24180
7567,24180
7568,24180
7569,24180
7570,24180
7571,24180
7572,24180
7573,24180
7574,24180
7575,24180
7576,24180
7577,24180
7578,24180
7579,24180
7580,24180
7581,24180
7582,24180
7583,24180
7584,24180
7585,24180
7586,24180
7587,24180
7588,24180
7589,24180
7590,24180
7591,24180
7592,24180
7593,24180
7594,24180
7595,24180
7596,24180
7597,24180
7598,24180
7599,24180
7600,24180
7601,24180
7602,24180
7603,24180
7604,24180
7605,24180
7606,24180
7607,24180
7608,24180
7609,24180
7610,24180
7611,24180
7612,24180
7613,24180
7614,24180
7615,24180
7616,24180
7617,24180
7618,24180
7619,24180
7620,24180
7621,24180
7622,24180
7623,24180
7624,24180
7625,24180
7626,24180
7627,24180
7628,24180
7629,24180
7630,24180
7631,24180
7632,24180
7633,24180
7634,24180
7635,24180
7636,24180
7637,24180
7638,24180
7639,24180
7640,24180
7641,24180
7642,24180
7643,24180
7644,24180
7645,24180
7646,24180
7647,24180
7648,24180
7649,24180
7650,24180
7651,24180
7652,24180
7653,24180
7654,24180
7655,24180
7656,24180
7657,24180
7658,24180
7659,24180
7660,24180
7661,24180
7662,24180
7663,24180
7664,24180
7665,24180
7666,24180
7667,24180
7668,24180
7669,24180
7670,24180
7671,24180
7672,24180
7673,24180
7674,24180
7675,24180
7676,24180
7677,24180
7678,24180
7679,24180
7680,24180
7681,24180
7682,24180
7683,24180
7684,24180
7685,24180
7686,24180
7687,24180
7688,24180
7689,24180
7690,24180
7691,24180
7692,24180
7693,24180
7694,24180
7695,24180
7696,24180
7697,24180
7698,24180
7699,24180
7700,24180
7701,24180
7702,24180
7703,24180
7704,24180
7705,24180
7706,24180
7707,24180
7708,24180
7709,24180
7710,24180
7711,24180
7712,24180
7713,24180
7714,24180
7715,24180
7716,24180
7717,24180
7718,24180
7719,24180
7720,24180
7721,24180
7722,24180
7723,24180
7724,24180
7725,24180
7726,24180
7727,24180
7728,24180
7729,24180
7730,24180
7731,24180
7732,24180
7733,24180
7734,24180
7735,24180
7736,24180
7737,24180
7738,24180
7739,24180
7740,24180
7741,24180
7742,24180
7743,24180
7744,24180
7745,24180
7746,24180
7747,24180
7748,24180
7749,24180
7750,24180
7751,24180
7752,24180
7753,24180
7754,24180
7755,24180
7756,24180
7757,24180
7758,24180
7759,24180
7760,24180
7761,24180
7762,24180
7763,24180
7764,24180
7765,24180
7766,24180
7767,24180
7768,24180
7769,24180
7770,24180
7771,24180
7772,24180
7773,24180
7774,24180
7775,24180
7776,24180
7777,24180
7778,24180
7779,24180
7780,24180
7781,24180
7782,24180
7783,24180
7784,24180
7785,24180
7786,24180
7787,24180
7788,24180
7789,24180
7790,24180
7791,24180
7792,24180
7793,24180
7794,24180
7795,24180
7796,24180
7797,24180
7798,24180
7799,24180
7800,24180
7801,24180
7802,24180
7803,24180
7804,24180
7805,24180
7806,24180
7807,24180
7808,24180
7809,24180
7810,24180
7811,24180
7812,24180
7813,24180
7814,24180
7815,24180
7816,24180
7817,24180
7818,24180
7819,24180
7820,24180
7821,24180
7822,24180
7823,24180
7824,24180
7825,24180
7826,24180
7827,24180
7828,24180
7829,24180
7830,24180
7831,24180
7832,24180
7833,24180
7834,24180
7835,24180
7836,24180
7837,24180
7838,24180
7839,24180
7840,24180
7841,24180
7842,24180
7843,24180
7844,24180
7845,24180
7846,24180
7847,24180
7848,24180
7849,24180
7850,24180
7851,24180
7852,24180
7853,24180
7854,24180
7855,24180
7856,24180
7857,24180
7858,24180
7859,24180
7860,24180
7861,24180
7862,24180
7863,24180
7864,24180
7865,24180
7866,24180
7867,24180
7868,24180
7869,24180
7870,24180
7871,24180
7872,24180
7873,24180
7874,24180
7875,24180
7876,24180
7877,24180
7878,24180
7879,24180
7880,24180
7881,24180
7882,24180
7883,24180
7884,24180
7885,24180
7886,24180
7887,24180
7888,24180
7889,24180
7890,24180
7891,24180
7892,24180
7893,24180
7894,24180
7895,24180
7896,24180
7897,24180
7898,24180
7899,24180
7900,24180
7901,24180
7902,24180
7903,24180
7904,24180
7905,24180
7906,24180
7907,24180
7908,24180
7909,24180
7910,24180
7911,24180
7912,24180
7913,24180
7914,24180
7915,24180
7916,24180
7917,24180
7918,24180
7919,24180
7920,24180
7921,24180
7922,24180
7923,24180
7924,24180
7925,24180
7926,24180
7927,24180
7928,24180
7929,24180
7930,24180
7931,24180
7932,24180
7933,24180
7934,24180
7935,24180
7936,24180
7937,24180
7938,24180
7939,24180
7940,24180
7941,24180
7942,24180
7943,24180
7944,24180
7945,24180
7946,24180
7947,24180
7948,24180
7949,24180
7950,24180
7951,24180
7952,24180
7953,24180
7954,24180
7955,24180
7956,24180
7957,24180
7958,24180
7959,24180
7960,24180
7961,24180
7962,24180
7963,24180
7964,24180
7965,24180
7966,24180
7967,24180
7968,24180
7969,24180
7970,24180
7971,24180
7972,24180
7973,24180
7974,24180
7975,24180
7976,24180
7977,24180
7978,24180
7979,24180
7980,24180
7981,24180
7982,24180
7983,24180
7984,24180
7985,24180
7986,24180
7987,24180
7988,24180
7989,24180
7990,24180
7991,24180
7992,24180
7993,24180
7994,24180
7995,24180
7996,24180
7997,24180
7998,24180
7999,24180
8000,24180
8001,24180
8002,24180
8003,24180
8004,24180
8005,24180
8006,24180
8007,24180
8008,24180
8009,24180
8010,24180
8011,24180
8012,24180
8013,24180
8014,24180
8015,24180
8016,24180
8017,24180
8018,24180
8019,24180
8020,24180
8021,24180
8022,24180
8023,24180
8024,24180
8025,24180
8026,24180
8027,24180
8028,24180
8029,24180
8030,24180
8031,24180
8032,24180
8033,24180
8034,24180
8035,24180
8036,24180
8037,24180
8038,24180
8039,24180
8040,24180
8041,24180
8042,24180
8043,24180
8044,24180
8045,24180
8046,24180
8047,24180
8048,24180
8049,24180
8050,24180
8051,24180
8052,24180
8053,24180
8054,24180
8055,24180
8056,24180
8057,24180
8058,24180
8059,24180
8060,24180
8061,24180
8062,24180
8063,24180
8064,24180
8065,24180
8066,24180
8067,24180
8068,24180
8069,24180
8070,24180
8071,24180
8072,24180
8073,24180
8074,24180
8075,24180
8076,24180
8077,24180
8078,24180
8079,24180
8080,24180
8081,24180
8082,24180
8083,24180
8084,24180
8085,24180
8086,24180
8087,24180
8088,24180
8089,24180
8090,24180
8091,24180
8092,24180
8093,24180
8094,24180
8095,24180
8096,24180
8097,24180
8098,24180
8099,24180
8100,24180
8101,24180
8102,24180
8103,24180
8104,24180
8105,24180
8106,24180
8107,24180
8108,24180
8109,24180
8110,24180
8111,24180
8112,24180
8113,24180
8114,24180
8115,24180
8116,24180
8117,24180
8118,24180
8119,24180
8120,24180
8121,24180
8122,24180
8123,24180
8124,24180
8125,24180
8126,24180
8127,24180
8128,24180
8129,24180
8130,24180
8131,24180
8132,24180
8133,24180
8134,24180
8135,24180
8136,24180
8137,24180
8138,24180
8139,24180
8140,24180
8141,24180
8142,24180
8143,24180
8144,24180
8145,24180
8146,24180
8147,24180
8148,24180
8149,24180
8150,24180
8151,24180
8152,24180
8153,24180
8154,24180
8155,24180
8156,24180
8157,24180
8158,24180
8159,24180
8160,24180
8161,24180
8162,24180
8163,24180
8164,24180
8165,24180
8166,24180
8167,24180
8168,24180
8169,24180
8170,24180
8171,24180
8172,24180
8173,24180
8174,24180
8175,24180
8176,24180
8177,24180
8178,24180
8179,24180
8180,24180
8181,24180
8182,24180
8183,24180
8184,24180
8185,24180
8186,24180
8187,24180
8188,24180
8189,24180
8190,24180
8191,24180
8192,24180
8193,24180
8194,24180
8195,24180
8196,24180
8197,24180
8198,24180
8199,24180
8200,24180
8201,24180
8202,24180
8203,24180
8204,24180
8205,24180
8206,24180
8207,24180
8208,24180
8209,24180
8210,24180
8211,24180
8212,24180
8213,24180
8214,24180
8215,24180
8216,24180
8217,24180
8218,24180
8219,24180
8220,24180
8221,24180
8222,24180
8223,24180
8224,24180
8225,24180
8226,24180
8227,24180
8228,24180
8229,24180
8230,24180
8231,24180
8232,24180
8233,24180
8234,24180
8235,24180
8236,24180
8237,24180
8238,24180
8239,24180
8240,24180
8241,24180
8242,24180
8243,24180
8244,24180
8245,24180
8246,24180
8247,24180
8248,24180
8249,24180
8250,24180
8251,24180
8252,24180
8253,24180
8254,24180
8255,24180
8256,24180
8257,24180
8258,24180
8259,24180
8260,24180
8261,24180
8262,24180
8263,24180
8264,24180
8265,24180
8266,24180
8267,24180
8268,24180
8269,24180
8270,24180
8271,24180
8272,24180
8273,24180
8274,24180
8275,24180
8276,24180
8277,24180
8278,24180
8279,24180
8280,24180
8281,24180
8282,24180
8283,24180
8284,24180
8285,24180
8286,24180
8287,24180
8288,24180
8289,24180
8290,24180
8291,24180
8292,24180
8293,24180
8294,24180
8295,24180
8296,24180
8297,24180
8298,24180
8299,24180
8300,24180
8301,24180
8302,24180
8303,24180
8304,24180
8305,24180
8306,24180
8307,24180
8308,24180
8309,24180
8310,24180
8311,24180
8312,24180
8313,24180
8314,24180
8315,24180
8316,24180
8317,24180
8318,24180
8319,24180
8320,24180
8321,24180
8322,24180
8323,24180
8324,24180
8325,24180
8326,24180
8327,24180
8328,24180
8329,24180
8330,24180
8331,24180
8332,24180
8333,24180
8334,24180
8335,24180
8336,24180
8337,24180
8338,24180
8339,24180
8340,24180
8341,24180
8342,24180
8343,24180
8344,24180
8345,24180
8346,24180
8347,24180
8348,24180
8349,24180
8350,24180
8351,24180
8352,24180
8353,24180
8354,24180
8355,24180
8356,24180
8357,24180
8358,24180
8359,24180
8360,24180
8361,24180
8362,24180
8363,24180
8364,24180
8365,24180
8366,24180
8367,24180
8368,24180
8369,24180
8370,24180
8371,24180
8372,24180
8373,24180
8374,24180
8375,24180
8376,24180
8377,24180
8378,24180
8379,24180
8380,24180
8381,24180
8382,24180
8383,24180
8384,24180
8385,24180
8386,24180
8387,24180
8388,24180
8389,24180
8390,24180
8391,24180
8392,24180
8393,24180
8394,24180
8395,24180
8396,24180
8397,24180
8398,24180
8399,24180
8400,24180
8401,24180
8402,24180
8403,24180
8404,24180
8405,24180
8406,24180
8407,24180
8408,24180
8409,24180
8410,24180
8411,24180
8412,24180
8413,24180
8414,24180
8415,24180
8416,24180
8417,24180
8418,24180
8419,24180
8420,24180
8421,24180
8422,24180
8423,24180
8424,24180
8425,24180
8426,24180
8427,24180
8428,24180
8429,24180
8430,24180
8431,24180
8432,24180
8433,24180
8434,24180
8435,24180
8436,24180
8437,24180
8438,24180
8439,24180
8440,24180
8441,24180
8442,24180
8443,24180
8444,24180
8445,24180
8446,24180
8447,24180
8448,24180
8449,24180
8450,24180
8451,24180
8452,24180
8453,24180
8454,24180
8455,24180
8456,24180
8457,24180
8458,24180
8459,24180
8460,24180
8461,24180
8462,24180
8463,24180
8464,24180
8465,24180
8466,24180
8467,24180
8468,24180
8469,24180
8470,24180
8471,24180
8472,24180
8473,24180
8474,24180
8475,24180
8476,24180
8477,24180
8478,24180
8479,24180
8480,24180
8481,24180
8482,24180
8483,24180
8484,24180
8485,24180
8486,24180
8487,24180
8488,24180
8489,24180
8490,24180
8491,24180
8492,24180
8493,24180
8494,24180
8495,24180
8496,24180
8497,24180
8498,24180
8499,24180
8500,24180
8501,24180
8502,24180
8503,24180
8504,24180
8505,24180
8506,24180
8507,24180
8508,24180
8509,24180
8510,24180
8511,24180
8512,24180
8513,24180
8514,24180
8515,24180
8516,24180
8517,24180
8518,24180
8519,24180
8520,24180
8521,24180
8522,24180
8523,24180
8524,24180
8525,24180
8526,24180
8527,24180
8528,24180
8529,24180
8530,24180
8531,24180
8532,24180
8533,24180
8534,24180
8535,24180
8536,24180
8537,24180
8538,24180
8539,24180
8540,24180
8541,24180
8542,24180
8543,24180
8544,24180
8545,24180
8546,24180
8547,24180
8548,24180
8549,24180
8550,24180
8551,24180
8552,24180
8553,24180
8554,24180
8555,24180
8556,24180
8557,24180
8558,24180
8559,24180
8560,24180
8561,24180
8562,24180
8563,24180
8564,24180
8565,24180
8566,24180
8567,24180
8568,24180
8569,24180
8570,24180
8571,24180
8572,24180
8573,24180
8574,24180
8575,24180
8576,24180
8577,24180
8578,24180
8579,24180
8580,24180
8581,24180
8582,24180
8583,24180
8584,24180
8585,24180
8586,24180
8587,24180
8588,24180
8589,24180
8590,24180
8591,24180
8592,24180
8593,24180
8594,24180
8595,24180
8596,24180
8597,24180
8598,24180
8599,24180
8600,24180
8601,24180
8602,24180
8603,24180
8604,24180
8605,24180
8606,24180
8607,24180
8608,24180
8609,24180
8610,24180
8611,24180
8612,24180
8613,24180
8614,24180
8615,24180
8616,24180
8617,24180
8618,24180
8619,24180
8620,24180
8621,24180
8622,24180
8623,24180
8624,24180
8625,24180
8626,24180
8627,24180
8628,24180
8629,24180
8630,24180
8631,24180
8632,24180
8633,24180
8634,24180
8635,24180
8636,24180
8637,24180
8638,24180
8639,24180
8640,24180
8641,24180
8642,24180
8643,24180
8644,24180
8645,24180
8646,24180
8647,24180
8648,24180
8649,24180
8650,24180
8651,24180
8652,24180
8653,24180
8654,24180
8655,24180
8656,24180
8657,24180
8658,24180
8659,24180
8660,24180
8661,24180
8662,24180
8663,24180
8664,24180
8665,24180
8666,24180
8667,24180
8668,24180
8669,24180
8670,24180
8671,24180
8672,24180
8673,24180
8674,24180
8675,24180
8676,24180
8677,24180
8678,24180
8679,24180
8680,24180
8681,24180
8682,24180
8683,24180
8684,24180
8685,24180
8686,24180
8687,24180
8688,24180
8689,24180
8690,24180
8691,24180
8692,24180
8693,24180
8694,24180
8695,24180
8696,24180
8697,24180
8698,24180
8699,24180
8700,24180
8701,24180
8702,24180
8703,24180
8704,24180
8705,24180
8706,24180
8707,24180
8708,24180
8709,24180
8710,24180
8711,24180
8712,24180
8713,24180
8714,24180
8715,24180
8716,24180
8717,24180
8718,24180
8719,24180
8720,24180
8721,24180
8722,24180
8723,24180
8724,24180
8725,24180
8726,24180
8727,24180
8728,24180
8729,24180
8730,24180
8731,24180
8732,24180
8733,24180
8734,24180
8735,24180
8736,24180
8737,24180
8738,24180
8739,24180
8740,24180
8741,24180
8742,24180
8743,24180
8744,24180
8745,24180
8746,24180
8747,24180
8748,24180
8749,24180
8750,24180
8751,24180
8752,24180
8753,24180
8754,24180
8755,24180
8756,24180
8757,24180
8758,24180
8759,24180
8760,24180
8761,24180
8762,24180
8763,24180
8764,24180
8765,24180
8766,24180
8767,24180
8768,24180
8769,24180
8770,24180
8771,24180
8772,24180
8773,24180
8774,24180
8775,24180
8776,24180
8777,24180
8778,24180
8779,24180
8780,24180
8781,24180
8782,24180
8783,24180
8784,24180
8785,24180
8786,24180
8787,24180
8788,24180
8789,24180
8790,24180
8791,24180
8792,24180
8793,24180
8794,24180
8795,24180
8796,24180
8797,24180
8798,24180
8799,24180
8800,24180
8801,24180
8802,24180
8803,24180
8804,24180
8805,24180
8806,24180
8807,24180
8808,24180
8809,24180
8810,24180
8811,24180
8812,24180
8813,24180
8814,24180
8815,24180
8816,24180
8817,24180
8818,24180
8819,24180
8820,24180
8821,24180
8822,24180
8823,24180
8824,24180
8825,24180
8826,24180
8827,24180
8828,24180
8829,24180
8830,24180
8831,24180
8832,24180
8833,24180
8834,24180
8835,24180
8836,24180
8837,24180
8838,24180
8839,24180
8840,24180
8841,24180
8842,24180
8843,24180
8844,24180
8845,24180
8846,24180
8847,24180
8848,24180
8849,24180
8850,24180
8851,24180
8852,24180
8853,24180
8854,24180
8855,24180
8856,24180
8857,24180
8858,24180
8859,24180
8860,24180
8861,24180
8862,24180
8863,24180
8864,24180
8865,24180
8866,24180
8867,24180
8868,24180
8869,24180
8870,24180
8871,24180
8872,24180
8873,24180
8874,24180
8875,24180
8876,24180
8877,24180
8878,24180
8879,24180
8880,24180
8881,24180
8882,24180
8883,24180
8884,24180
8885,24180
8886,24180
8887,24180
8888,24180
8889,24180
8890,24180
8891,24180
8892,24180
8893,24180
8894,24180
8895,24180
8896,24180
8897,24180
8898,24180
8899,24180
8900,24180
8901,24180
8902,24180
8903,24180
8904,24180
8905,24180
8906,24180
8907,24180
8908,24180
8909,24180
8910,24180
8911,24180
8912,24180
8913,24180
8914,24180
8915,24180
8916,24180
8917,24180
8918,24180
8919,24180
8920,24180
8921,24180
8922,24180
8923,24180
8924,24180
8925,24180
8926,24180
8927,24180
8928,24180
8929,24180
8930,24180
8931,24180
8932,24180
8933,24180
8934,24180
8935,24180
8936,24180
8937,24180
8938,24180
8939,24180
8940,24180
8941,24180
8942,24180
8943,24180
8944,24180
8945,24180
8946,24180
8947,24180
8948,24180
8949,24180
8950,24180
8951,24180
8952,24180
8953,24180
8954,24180
8955,24180
8956,24180
8957,24180
8958,24180
8959,24180
8960,24180
8961,24180
8962,24180
8963,24180
8964,24180
8965,24180
8966,24180
8967,24180
8968,24180
8969,24180
8970,24180
8971,24180
8972,24180
8973,24180
8974,24180
8975,24180
8976,24180
8977,24180
8978,24180
8979,24180
8980,24180
8981,24180
8982,24180
8983,24180
8984,24180
8985,24180
8986,24180
8987,24180
8988,24180
8989,24180
8990,24180
8991,24180
8992,24180
8993,24180
8994,24180
8995,24180
8996,24180
8997,24180
8998,24180
8999,24180
9000,24180
9001,24180
9002,24180
9003,24180
9004,24180
9005,24180
9006,24180
9007,24180
9008,24180
9009,24180
9010,24180
9011,24180
9012,24180
9013,24180
9014,24180
9015,24180
9016,24180
9017,24180
9018,24180
9019,24180
9020,24180
9021,24180
9022,24180
9023,24180
9024,24180
9025,24180
9026,24180
9027,24180
9028,24180
9029,24180
9030,24180
9031,24180
9032,24180
9033,24180
9034,24180
9035,24180
9036,24180
9037,24180
9038,24180
9039,24180
9040,24180
9041,24180
9042,24180
9043,24180
9044,24180
9045,24180
9046,24180
9047,24180
9048,24180
9049,24180
9050,24180
9051,24180
9052,24180
9053,24180
9054,24180
9055,24180
9056,24180
9057,24180
9058,24180
9059,24180
9060,24180
9061,24180
9062,24180
9063,24180
9064,24180
9065,24180
9066,24180
9067,24180
9068,24180
9069,24180
9070,24180
9071,24180
9072,24180
9073,24180
9074,24180
9075,24180
9076,24180
9077,24180
9078,24180
9079,24180
9080,24180
9081,24180
9082,24180
9083,24180
9084,24180
9085,24180
9086,24180
9087,24180
9088,24180
9089,24180
9090,24180
9091,24180
9092,24180
9093,24180
9094,24180
9095,24180
9096,24180
9097,24180
9098,24180
9099,24180
9100,24180
9101,24180
9102,24180
9103,24180
9104,24180
9105,24180
9106,24180
9107,24180
9108,24180
9109,24180
9110,24180
9111,24180
9112,24180
9113,24180
9114,24180
9115,24180
9116,24180
9117,24180
9118,24180
9119,24180
9120,24180
9121,24180
9122,24180
9123,24180
9124,24180
9125,24180
9126,24180
9127,24180
9128,24180
9129,24180
9130,24180
9131,24180
9132,24180
9133,24180
9134,24180
9135,24180
9136,24180
9137,24180
9138,24180
9139,24180
9140,24180
9141,24180
9142,24180
9143,24180
9144,24180
9145,24180
9146,24180
9147,24180
9148,24180
9149,24180
9150,24180
9151,24180
9152,24180
9153,24180
9154,24180
9155,24180
9156,24180
9157,24180
9158,24180
9159,24180
9160,24180
9161,24180
9162,24180
9163,24180
9164,24180
9165,24180
9166,24180
9167,24180
9168,24180
9169,24180
9170,24180
9171,24180
9172,24180
9173,24180
9174,24180
9175,24180
9176,24180
9177,24180
9178,24180
9179,24180
9180,24180
9181,24180
9182,24180
9183,24180
9184,24180
9185,24180
9186,24180
9187,24180
9188,24180
9189,24180
9190,24180
9191,24180
9192,24180
9193,24180
9194,24180
9195,24180
9196,24180
9197,24180
9198,24180
9199,24180
9200,24180
9201,24180
9202,24180
9203,24180
9204,24180
9205,24180
9206,24180
9207,24180
9208,24180
9209,24180
9210,24180
9211,24180
9212,24180
9213,24180
9214,24180
9215,24180
9216,24180
9217,24180
9218,24180
9219,24180
9220,24180
9221,24180
9222,24180
9223,24180
9224,24180
9225,24180
9226,24180
9227,24180
9228,24180
9229,24180
9230,24180
9231,24180
9232,24180
9233,24180
9234,24180
9235,24180
9236,24180
9237,24180
9238,24180
9239,24180
9240,24180
9241,24180
9242,24180
9243,24180
9244,24180
9245,24180
9246,24180
9247,24180
9248,24180
9249,24180
9250,24180
9251,24180
9252,24180
9253,24180
9254,24180
9255,24180
9256,24180
9257,24180
9258,24180
9259,24180
9260,24180
9261,24180
9262,24180
9263,24180
9264,24180
9265,24180
9266,24180
9267,24180
9268,24180
9269,24180
9270,24180
9271,24180
9272,24180
9273,24180
9274,24180
9275,24180
9276,24180
9277,24180
9278,24180
9279,24180
9280,24180
9281,24180
9282,24180
9283,24180
9284,24180
9285,24180
9286,24180
9287,24180
9288,24180
9289,24180
9290,24180
9291,24180
9292,24180
9293,24180
9294,24180
9295,24180
9296,24180
9297,24180
9298,24180
9299,24180
9300,24180
9301,24180
9302,24180
9303,24180
9304,24180
9305,24180
9306,24180
9307,24180
9308,24180
9309,24180
9310,24180
9311,24180
9312,24180
9313,24180
9314,24180
9315,24180
9316,24180
9317,24180
9318,24180
9319,24180
9320,24180
9321,24180
9322,24180
9323,24180
9324,24180
9325,24180
9326,24180
9327,24180
9328,24180
9329,24180
9330,24180
9331,24180
9332,24180
9333,24180
9334,24180
9335,24180
9336,24180
9337,24180
9338,24180
9339,24180
9340,24180
9341,24180
9342,24180
9343,24180
9344,24180
9345,24180
9346,24180
9347,24180
9348,24180
9349,24180
9350,24180
9351,24180
9352,24180
9353,24180
9354,24180
9355,24180
9356,24180
9357,24180
9358,24180
9359,24180
9360,24180
9361,24180
9362,24180
9363,24180
9364,24180
9365,24180
9366,24180
9367,24180
9368,24180
9369,24180
9370,24180
9371,24180
9372,24180
9373,24180
9374,24180
9375,24180
9376,24180
9377,24180
9378,24180
9379,24180
9380,24180
9381,24180
9382,24180
9383,24180
9384,24180
9385,24180
9386,24180
9387,24180
9388,24180
9389,24180
9390,24180
9391,24180
9392,24180
9393,24180
9394,24180
9395,24180
9396,24180
9397,24180
9398,24180
9399,24180
9400,24180
9401,24180
9402,24180
9403,24180
9404,24180
9405,24180
9406,24180
9407,24180
9408,24180
9409,24180
9410,24180
9411,24180
9412,24180
9413,24180
9414,24180
9415,24180
9416,24180
9417,24180
9418,24180
9419,24180
9420,24180
9421,24180
9422,24180
9423,24180
9424,24180
9425,24180
9426,24180
9427,24180
9428,24180
9429,24180
9430,24180
9431,24180
9432,24180
9433,24180
9434,24180
9435,24180
9436,24180
9437,24180
9438,24180
9439,24180
9440,24180
9441,24180
9442,24180
9443,24180
9444,24180
9445,24180
9446,24180
9447,24180
9448,24180
9449,24180
9450,24180
9451,24180
9452,24180
9453,24180
9454,24180
9455,24180
9456,24180
9457,24180
9458,24180
9459,24180
9460,24180
9461,24180
9462,24180
9463,24180
9464,24180
9465,24180
9466,24180
9467,24180
9468,24180
9469,24180
9470,24180
9471,24180
9472,24180
9473,24180
9474,24180
9475,24180
9476,24180
9477,24180
9478,24180
9479,24180
9480,24180
9481,24180
9482,24180
9483,24180
9484,24180
9485,24180
9486,24180
9487,24180
9488,24180
9489,24180
9490,24180
9491,24180
9492,24180
9493,24180
9494,24180
9495,24180
9496,24180
9497,24180
9498,24180
9499,24180
9500,24180
9501,24180
9502,24180
9503,24180
9504,24180
9505,24180
9506,24180
9507,24180
9508,24180
9509,24180
9510,24180
9511,24180
9512,24180
9513,24180
9514,24180
9515,24180
9516,24180
9517,24180
9518,24180
9519,24180
9520,24180
9521,24180
9522,24180
9523,24180
9524,24180
9525,24180
9526,24180
9527,24180
9528,24180
9529,24180
9530,24180
9531,24180
9532,24180
9533,24180
9534,24180
9535,24180
9536,24180
9537,24180
9538,24180
9539,24180
9540,24180
9541,24180
9542,24180
9543,24180
9544,24180
9545,24180
9546,24180
9547,24180
9548,24180
9549,24180
9550,24180
9551,24180
9552,24180
9553,24180
9554,24180
9555,24180
9556,24180
9557,24180
9558,24180
9559,24180
9560,24180
9561,24180
9562,24180
9563,24180
9564,24180
9565,24180
9566,24180
9567,24180
9568,24180
9569,24180
9570,24180
9571,24180
9572,24180
9573,24180
9574,24180
9575,24180
9576,24180
9577,24180
9578,24180
9579,24180
9580,24180
9581,24180
9582,24180
9583,24180
9584,24180
9585,24180
9586,24180
9587,24180
9588,24180
9589,24180
9590,24180
9591,24180
9592,24180
9593,24180
9594,24180
9595,24180
9596,24180
9597,24180
9598,24180
9599,24180
9600,24180
9601,24180
9602,24180
9603,24180
9604,24180
9605,24180
9606,24180
9607,24180
9608,24180
9609,24180
9610,24180
9611,24180
9612,24180
9613,24180
9614,24180
9615,24180
9616,24180
9617,24180
9618,24180
9619,24180
9620,24180
9621,24180
9622,24180
9623,24180
9624,24180
9625,24180
9626,24180
9627,24180
9628,24180
9629,24180
9630,24180
9631,24180
9632,24180
9633,24180
9634,24180
9635,24180
9636,24180
9637,24180
9638,24180
9639,24180
9640,24180
9641,24180
9642,24180
9643,24180
9644,24180
9645,24180
9646,24180
9647,24180
9648,24180
9649,24180
9650,24180
9651,24180
9652,24180
9653,24180
9654,24180
9655,24180
9656,24180
9657,24180
9658,24180
9659,24180
9660,24180
9661,24180
9662,24180
9663,24180
9664,24180
9665,24180
9666,24180
9667,24180
9668,24180
9669,24180
9670,24180
9671,24180
9672,24180
9673,24180
9674,24180
9675,24180
9676,24180
9677,24180
9678,24180
9679,24180
9680,24180
9681,24180
9682,24180
9683,24180
9684,24180
9685,24180
9686,24180
9687,24180
9688,24180
9689,24180
9690,24180
9691,24180
9692,24180
9693,24180
9694,24180
9695,24180
9696,24180
9697,24180
9698,24180
9699,24180
9700,24180
9701,24180
9702,24180
9703,24180
9704,24180
9705,24180
9706,24180
9707,24180
9708,24180
9709,24180
9710,24180
9711,24180
9712,24180
9713,24180
9714,24180
9715,24180
9716,24180
9717,24180
9718,24180
9719,24180
9720,24180
9721,24180
9722,24180
9723,24180
9724,24180
9725,24180
9726,24180
9727,24180
9728,24180
9729,24180
9730,24180
9731,24180
9732,24180
9733,24180
9734,24180
9735,24180
9736,24180
9737,24180
9738,24180
9739,24180
9740,24180
9741,24180
9742,24180
9743,24180
9744,24180
9745,24180
9746,24180
9747,24180
9748,24180
9749,24180
9750,24180
9751,24180
9752,24180
9753,24180
9754,24180
9755,24180
9756,24180
9757,24180
9758,24180
9759,24180
9760,24180
9761,24180
9762,24180
9763,24180
9764,24180
9765,24180
9766,24180
9767,24180
9768,24180
9769,24180
9770,24180
9771,24180
9772,24180
9773,24180
9774,24180
9775,24180
9776,24180
9777,24180
9778,24180
9779,24180
9780,24180
9781,24180
9782,24180
9783,24180
9784,24180
9785,24180
9786,24180
9787,24180
9788,24180
9789,24180
9790,24180
9791,24180
9792,24180
9793,24180
9794,24180
9795,24180
9796,24180
9797,24180
9798,24180
9799,24180
9800,24180
9801,24180
9802,24180
9803,24180
9804,24180
9805,24180
9806,24180
9807,24180
9808,24180
9809,24180
9810,24180
9811,24180
9812,24180
9813,24180
9814,24180
9815,24180
9816,24180
9817,24180
9818,24180
9819,24180
9820,24180
9821,24180
9822,24180
9823,24180
9824,24180
9825,24180
9826,24180
9827,24180
9828,24180
9829,24180
9830,24180
9831,24180
9832,24180
9833,24180
9834,24180
9835,24180
9836,24180
9837,24180
9838,24180
9839,24180
9840,24180
9841,24180
9842,24180
9843,24180
9844,24180
9845,24180
9846,24180
9847,24180
9848,24180
9849,24180
9850,24180
9851,24180
9852,24180
9853,24180
9854,24180
9855,24180
9856,24180
9857,24180
9858,24180
9859,24180
9860,24180
9861,24180
9862,24180
9863,24180
9864,24180
9865,24180
9866,24180
9867,24180
9868,24180
9869,24180
9870,24180
9871,24180
9872,24180
9873,24180
9874,24180
9875,24180
9876,24180
9877,24180
9878,24180
9879,24180
9880,24180
9881,24180
9882,24180
9883,24180
9884,24180
9885,24180
9886,24180
9887,24180
9888,24180
9889,24180
9890,24180
9891,24180
9892,24180
9893,24180
9894,24180
9895,24180
9896,24180
9897,24180
9898,24180
9899,24180
9900,24180
9901,24180
9902,24180
9903,24180
9904,24180
9905,24180
9906,24180
9907,24180
9908,24180
9909,24180
9910,24180
9911,24180
9912,24180
9913,24180
9914,24180
9915,24180
9916,24180
9917,24180
9918,24180
9919,24180
9920,24180
9921,24180
9922,24180
9923,24180
9924,24180
9925,24180
9926,24180
9927,24180
9928,24180
9929,24180
9930,24180
9931,24180
9932,24180
9933,24180
9934,24180
9935,24180
9936,24180
9937,24180
9938,24180
9939,24180
9940,24180
9941,24180
9942,24180
9943,24180
9944,24180
9945,24180
9946,24180
9947,24180
9948,24180
9949,24180
9950,24180
9951,24180
9952,24180
9953,24180
9954,24180
9955,24180
9956,24180
9957,24180
9958,24180
9959,24180
9960,24180
9961,24180
9962,24180
9963,24180
9964,24180
9965,24180
9966,24180
9967,24180
9968,24180
9969,24180
9970,24180
9971,24180
9972,24180
9973,24180
9974,24180
9975,24180
9976,24180
9977,24180
9978,24180
9979,24180
9980,24180
9981,24180
9982,24180
9983,24180
9984,24180
9985,24180
9986,24180
9987,24180
9988,24180
9989,24180
9990,24180
9991,24180
9992,24180
9993,24180
9994,24180
9995,24180
9996,24180
9997,24180
9998,24180
9999,24180
10000,24180
10001,24180
10002,24180
10003,24180
10004,24180
10005,24180
10006,24180
10007,24180
10008,24180
10009,24180
10010,24180
10011,24180
10012,24180
10013,24180
10014,24180
10015,24180
10016,24180
10017,24180
10018,24180
10019,24180
10020,24180
10021,24180
10022,24180
10023,24180
10024,24180
10025,24180
10026,24180
10027,24180
10028,24180
10029,24180
10030,24180
10031,24180
10032,24180
10033,24180
10034,24180
10035,24180
10036,24180
10037,24180
10038,24180
10039,24180
10040,24180
10041,24180
10042,24180
10043,24180
10044,24180
10045,24180
10046,24180
10047,24180
10048,24180
10049,24180
10050,24180
10051,24180
10052,24180
10053,24180
10054,24180
10055,24180
10056,24180
10057,24180
10058,24180
10059,24180
10060,24180
10061,24180
10062,24180
10063,24180
10064,24180
10065,24180
10066,24180
10067,24180
10068,24180
10069,24180
10070,24180
10071,24180
10072,24180
10073,24180
10074,24180
10075,24180
10076,24180
10077,24180
10078,24180
10079,24180
10080,24180
10081,24180
10082,24180
10083,24180
10084,24180
10085,24180
10086,24180
10087,24180
10088,24180
10089,24180
10090,24180
10091,24180
10092,24180
10093,24180
10094,24180
10095,24180
10096,24180
10097,24180
10098,24180
10099,24180
10100,24180
10101,24180
10102,24180
10103,24180
10104,24180
10105,24180
10106,24180
10107,24180
10108,24180
10109,24180
10110,24180
10111,24180
10112,24180
10113,24180
10114,24180
10115,24180
10116,24180
10117,24180
10118,24180
10119,24180
10120,24180
10121,24180
10122,24180
10123,24180
10124,24180
10125,24180
10126,24180
10127,24180
10128,24180
10129,24180
10130,24180
10131,24180
10132,24180
10133,24180
10134,24180
10135,24180
10136,24180
10137,24180
10138,24180
10139,24180
10140,24180
10141,24180
10142,24180
10143,24180
10144,24180
10145,24180
10146,24180
10147,24180
10148,24180
10149,24180
10150,24180
10151,24180
10152,24180
10153,24180
10154,24180
10155,24180
10156,24180
10157,24180
10158,24180
10159,24180
10160,24180
10161,24180
10162,24180
10163,24180
10164,24180
10165,24180
10166,24180
10167,24180
10168,24180
10169,24180
10170,24180
10171,24180
10172,24180
10173,24180
10174,24180
10175,24180
10176,24180
10177,24180
10178,24180
10179,24180
10180,24180
10181,24180
10182,24180
10183,24180
10184,24180
10185,24180
10186,24180
10187,24180
10188,24180
10189,24180
10190,24180
10191,24180
10192,24180
10193,24180
10194,24180
10195,24180
10196,24180
10197,24180
10198,24180
10199,24180
10200,24180
10201,24180
10202,24180
10203,24180
10204,24180
10205,24180
10206,24180
10207,24180
10208,24180
10209,24180
10210,24180
10211,24180
10212,24180
10213,24180
10214,24180
10215,24180
10216,24180
10217,24180
10218,24180
10219,24180
10220,24180
10221,24180
10222,24180
10223,24180
10224,24180
10225,24180
10226,24180
10227,24180
10228,24180
10229,24180
10230,24180
10231,24180
10232,24180
10233,24180
10234,24180
10235,24180
10236,24180
10237,24180
10238,24180
10239,24180
10240,24180
10241,24180
10242,24180
10243,24180
10244,24180
10245,24180
10246,24180
10247,24180
10248,24180
10249,24180
10250,24180
10251,24180
10252,24180
10253,24180
10254,24180
10255,24180
10256,24180
10257,24180
10258,24180
10259,24180
10260,24180
10261,24180
10262,24180
10263,24180
10264,24180
10265,24180
10266,24180
10267,24180
10268,24180
10269,24180
10270,24180
10271,24180
10272,24180
10273,24180
10274,24180
10275,24180
10276,24180
10277,24180
10278,24180
10279,24180
10280,24180
10281,24180
10282,24180
10283,24180
10284,24180
10285,24180
10286,24180
10287,24180
10288,24180
10289,24180
10290,24180
10291,24180
10292,24180
10293,24180
10294,24180
10295,24180
10296,24180
10297,24180
10298,24180
10299,24180
10300,24180
10301,24180
10302,24180
10303,24180
10304,24180
10305,24180
10306,24180
10307,24180
10308,24180
10309,24180
10310,24180
10311,24180
10312,24180
10313,24180
10314,24180
10315,24180
10316,24180
10317,24180
10318,24180
10319,24180
10320,24180
10321,24180
10322,24180
10323,24180
10324,24180
10325,24180
10326,24180
10327,24180
10328,24180
10329,24180
10330,24180
10331,24180
10332,24180
10333,24180
10334,24180
10335,24180
10336,24180
10337,24180
10338,24180
10339,24180
10340,24180
10341,24180
10342,24180
10343,24180
10344,24180
10345,24180
10346,24180
10347,24180
10348,24180
10349,24180
10350,24180
10351,24180
10352,24180
10353,24180
10354,24180
10355,24180
10356,24180
10357,24180
10358,24180
10359,24180
10360,24180
10361,24180
10362,24180
10363,24180
10364,24180
10365,24180
10366,24180
10367,24180
10368,24180
10369,24180
10370,24180
10371,24180
10372,24180
10373,24180
10374,24180
10375,24180
10376,24180
10377,24180
10378,24180
10379,24180
10380,24180
10381,24180
10382,24180
10383,24180
10384,24180
10385,24180
10386,24180
10387,24180
10388,24180
10389,24180
10390,24180
10391,24180
10392,24180
10393,24180
10394,24180
10395,24180
10396,24180
10397,24180
10398,24180
10399,24180
10400,24180
10401,24180
10402,24180
10403,24180
10404,24180
10405,24180
10406,24180
10407,24180
10408,24180
10409,24180
10410,24180
10411,24180
10412,24180
10413,24180
10414,24180
10415,24180
10416,24180
10417,24180
10418,24180
10419,24180
10420,24180
10421,24180
10422,24180
10423,24180
10424,24180
10425,24180
10426,24180
10427,24180
10428,24180
10429,24180
10430,24180
10431,24180
10432,24180
10433,24180
10434,24180
10435,24180
10436,24180
10437,24180
10438,24180
10439,24180
10440,24180
10441,24180
10442,24180
10443,24180
10444,24180
10445,24180
10446,24180
10447,24180
10448,24180
10449,24180
10450,24180
10451,24180
10452,24180
10453,24180
10454,24180
10455,24180
10456,24180
10457,24180
10458,24180
10459,24180
10460,24180
10461,24180
10462,24180
10463,24180
10464,24180
10465,24180
10466,24180
10467,24180
10468,24180
10469,24180
10470,24180
10471,24180
10472,24180
10473,24180
10474,24180
10475,24180
10476,24180
10477,24180
10478,24180
10479,24180
10480,24180
10481,24180
10482,24180
10483,24180
10484,24180
10485,24180
10486,24180
10487,24180
10488,24180
10489,24180
10490,24180
10491,24180
10492,24180
10493,24180
10494,24180
10495,24180
10496,24180
10497,24180
10498,24180
10499,24180
10500,24180
10501,24180
10502,24180
10503,24180
10504,24180
10505,24180
10506,24180
10507,24180
10508,24180
10509,24180
10510,24180
10511,24180
10512,24180
10513,24180
10514,24180
10515,24180
10516,24180
10517,24180
10518,24180
10519,24180
10520,24180
10521,24180
10522,24180
10523,24180
10524,24180
10525,24180
10526,24180
10527,24180
10528,24180
10529,24180
10530,24180
10531,24180
10532,24180
10533,24180
10534,24180
10535,24180
10536,24180
10537,24180
10538,24180
10539,24180
10540,24180
10541,24180
10542,24180
10543,24180
10544,24180
10545,24180
10546,24180
10547,24180
10548,24180
10549,24180
10550,24180
10551,24180
10552,24180
10553,24180
10554,24180
10555,24180
10556,24180
10557,24180
10558,24180
10559,24180
10560,24180
10561,24180
10562,24180
10563,24180
10564,24180
10565,24180
10566,24180
10567,24180
10568,24180
10569,24180
10570,24180
10571,24180
10572,24180
10573,24180
10574,24180
10575,24180
10576,24180
10577,24180
10578,24180
10579,24180
10580,24180
10581,24180
10582,24180
10583,24180
10584,24180
10585,24180
10586,24180
10587,24180
10588,24180
10589,24180
10590,24180
10591,24180
10592,24180
10593,24180
10594,24180
10595,24180
10596,24180
10597,24180
10598,24180
10599,24180
10600,24180
10601,24180
10602,24180
10603,24180
10604,24180
10605,24180
10606,24180
10607,24180
10608,24180
10609,24180
10610,24180
10611,24180
10612,24180
10613,24180
10614,24180
10615,24180
10616,24180
10617,24180
10618,24180
10619,24180
10620,24180
10621,24180
10622,24180
10623,24180
10624,24180
10625,24180
10626,24180
10627,24180
10628,24180
10629,24180
10630,24180
10631,24180
10632,24180
10633,24180
10634,24180
10635,24180
10636,24180
10637,24180
10638,24180
10639,24180
10640,24180
10641,24180
10642,24180
10643,24180
10644,24180
10645,24180
10646,24180
10647,24180
10648,24180
10649,24180
10650,24180
10651,24180
10652,24180
10653,24180
10654,24180
10655,24180
10656,24180
10657,24180
10658,24180
10659,24180
10660,24180
10661,24180
10662,24180
10663,24180
10664,24180
10665,24180
10666,24180
10667,24180
10668,24180
10669,24180
10670,24180
10671,24180
10672,24180
10673,24180
10674,24180
10675,24180
10676,24180
10677,24180
10678,24180
10679,24180
10680,24180
10681,24180
10682,24180
10683,24180
10684,24180
10685,24180
10686,24180
10687,24180
10688,24180
10689,24180
10690,24180
10691,24180
10692,24180
10693,24180
10694,24180
10695,24180
10696,24180
10697,24180
10698,24180
10699,24180
10700,24180
10701,24180
10702,24180
10703,24180
10704,24180
10705,24180
10706,24180
10707,24180
10708,24180
10709,24180
10710,24180
10711,24180
10712,24180
10713,24180
10714,24180
10715,24180
10716,24180
10717,24180
10718,24180
10719,24180
10720,24180
10721,24180
10722,24180
10723,24180
10724,24180
10725,24180
10726,24180
10727,24180
10728,24180
10729,24180
10730,24180
10731,24180
10732,24180
10733,24180
10734,24180
10735,24180
10736,24180
10737,24180
10738,24180
10739,24180
10740,24180
10741,24180
10742,24180
10743,24180
10744,24180
10745,24180
10746,24180
10747,24180
10748,24180
10749,24180
10750,24180
10751,24180
10752,24180
10753,24180
10754,24180
10755,24180
10756,24180
10757,24180
10758,24180
10759,24180
10760,24180
10761,24180
10762,24180
10763,24180
10764,24180
10765,24180
10766,24180
10767,24180
10768,24180
10769,24180
10770,24180
10771,24180
10772,24180
10773,24180
10774,24180
10775,24180
10776,24180
10777,24180
10778,24180
10779,24180
10780,24180
10781,24180
10782,24180
10783,24180
10784,24180
10785,24180
10786,24180
10787,24180
10788,24180
10789,24180
10790,24180
10791,24180
10792,24180
10793,24180
10794,24180
10795,24180
10796,24180
10797,24180
10798,24180
10799,24180
10800,24180
10801,24180
10802,24180
10803,24180
10804,24180
10805,24180
10806,24180
10807,24180
10808,24180
10809,24180
10810,24180
10811,24180
10812,24180
10813,24180
10814,24180
10815,24180
10816,24180
10817,24180
10818,24180
10819,24180
10820,24180
10821,24180
10822,24180
10823,24180
10824,24180
10825,24180
10826,24180
10827,24180
10828,24180
10829,24180
10830,24180
10831,24180
10832,24180
10833,24180
10834,24180
10835,24180
10836,24180
10837,24180
10838,24180
10839,24180
10840,24180
10841,24180
10842,24180
10843,24180
10844,24180
10845,24180
10846,24180
10847,24180
10848,24180
10849,24180
10850,24180
10851,24180
10852,24180
10853,24180
10854,24180
10855,24180
10856,24180
10857,24180
10858,24180
10859,24180
10860,24180
10861,24180
10862,24180
10863,24180
10864,24180
10865,24180
10866,24180
10867,24180
10868,24180
10869,24180
10870,24180
10871,24180
10872,24180
10873,24180
10874,24180
10875,24180
10876,24180
10877,24180
10878,24180
10879,24180
10880,24180
10881,24180
10882,24180
10883,24180
10884,24180
10885,24180
10886,24180
10887,24180
10888,24180
10889,24180
10890,24180
10891,24180
10892,24180
10893,24180
10894,24180
10895,24180
10896,24180
10897,24180
10898,24180
10899,24180
10900,24180
10901,24180
10902,24180
10903,24180
10904,24180
10905,24180
10906,24180
10907,24180
10908,24180
10909,24180
10910,24180
10911,24180
10912,24180
10913,24180
10914,24180
10915,24180
10916,24180
10917,24180
10918,24180
10919,24180
10920,24180
10921,24180
10922,24180
10923,24180
10924,24180
10925,24180
10926,24180
10927,24180
10928,24180
10929,24180
10930,24180
10931,24180
10932,24180
10933,24180
10934,24180
10935,24180
10936,24180
10937,24180
10938,24180
10939,24180
10940,24180
10941,24180
10942,24180
10943,24180
10944,24180
10945,24180
10946,24180
10947,24180
10948,24180
10949,24180
10950,24180
10951,24180
10952,24180
10953,24180
10954,24180
10955,24180
10956,24180
10957,24180
10958,24180
10959,24180
10960,24180
10961,24180
10962,24180
10963,24180
10964,24180
10965,24180
10966,24180
10967,24180
10968,24180
10969,24180
10970,24180
10971,24180
10972,24180
10973,24180
10974,24180
10975,24180
10976,24180
10977,24180
10978,24180
10979,24180
10980,24180
10981,24180
10982,24180
10983,24180
10984,24180
10985,24180
10986,24180
10987,24180
10988,24180
10989,24180
10990,24180
10991,24180
10992,24180
10993,24180
10994,24180
10995,24180
10996,24180
10997,24180
10998,24180
10999,24180
11000,24180
11001,24180
11002,24180
11003,24180
11004,24180
11005,24180
11006,24180
11007,24180
11008,24180
11009,24180
11010,24180
11011,24180
11012,24180
11013,24180
11014,24180
11015,24180
11016,24180
11017,24180
11018,24180
11019,24180
11020,24180
11021,24180
11022,24180
11023,24180
11024,24180
11025,24180
11026,24180
11027,24180
11028,24180
11029,24180
11030,24180
11031,24180
11032,24180
11033,24180
11034,24180
11035,24180
11036,24180
11037,24180
11038,24180
11039,24180
11040,24180
11041,24180
11042,24180
11043,24180
11044,24180
11045,24180
11046,24180
11047,24180
11048,24180
11049,24180
11050,24180
11051,24180
11052,24180
11053,24180
11054,24180
11055,24180
11056,24180
11057,24180
11058,24180
11059,24180
11060,24180
11061,24180
11062,24180
11063,24180
11064,24180
11065,24180
11066,24180
11067,24180
11068,24180
11069,24180
11070,24180
11071,24180
11072,24180
11073,24180
11074,24180
11075,24180
11076,24180
11077,24180
11078,24180
11079,24180
11080,24180
11081,24180
11082,24180
11083,24180
11084,24180
11085,24180
11086,24180
11087,24180
11088,24180
11089,24180
11090,24180
11091,24180
11092,24180
11093,24180
11094,24180
11095,24180
11096,24180
11097,24180
11098,24180
11099,24180
11100,24180
11101,24180
11102,24180
11103,24180
11104,24180
11105,24180
11106,24180
11107,24180
11108,24180
11109,24180
11110,24180
11111,24180
11112,24180
11113,24180
11114,24180
11115,24180
11116,24180
11117,24180
11118,24180
11119,24180
11120,24180
11121,24180
11122,24180
11123,24180
11124,24180
11125,24180
11126,24180
11127,24180
11128,24180
11129,24180
11130,24180
11131,24180
11132,24180
11133,24180
11134,24180
11135,24180
11136,24180
11137,24180
11138,24180
11139,24180
11140,24180
11141,24180
11142,24180
11143,24180
11144,24180
11145,24180
11146,24180
11147,24180
11148,24180
11149,24180
11150,24180
11151,24180
11152,24180
11153,24180
11154,24180
11155,24180
11156,24180
11157,24180
11158,24180
11159,24180
11160,24180
11161,24180
11162,24180
11163,24180
11164,24180
11165,24180
11166,24180
11167,24180
11168,24180
11169,24180
11170,24180
11171,24180
11172,24180
11173,24180
11174,24180
11175,24180
11176,24180
11177,24180
11178,24180
11179,24180
11180,24180
11181,24180
11182,24180
11183,24180
11184,24180
11185,24180
11186,24180
11187,24180
11188,24180
11189,24180
11190,24180
11191,24180
11192,24180
11193,24180
11194,24180
11195,24180
11196,24180
11197,24180
11198,24180
11199,24180
11200,24180
11201,24180
11202,24180
11203,24180
11204,24180
11205,24180
11206,24180
11207,24180
11208,24180
11209,24180
11210,24180
11211,24180
11212,24180
11213,24180
11214,24180
11215,24180
11216,24180
11217,24180
11218,24180
11219,24180
11220,24180
11221,24180
11222,24180
11223,24180
11224,24180
11225,24180
11226,24180
11227,24180
11228,24180
11229,24180
11230,24180
11231,24180
11232,24180
11233,24180
11234,24180
11235,24180
11236,24180
11237,24180
11238,24180
11239,24180
11240,24180
11241,24180
11242,24180
11243,24180
11244,24180
11245,24180
11246,24180
11247,24180
11248,24180
11249,24180
11250,24180
11251,24180
11252,24180
11253,24180
11254,24180
11255,24180
11256,24180
11257,24180
11258,24180
11259,24180
11260,24180
11261,24180
11262,24180
11263,24180
11264,24180
11265,24180
11266,24180
11267,24180
11268,24180
11269,24180
11270,24180
11271,24180
11272,24180
11273,24180
11274,24180
11275,24180
11276,24180
11277,24180
11278,24180
11279,24180
11280,24180
11281,24180
11282,24180
11283,24180
11284,24180
11285,24180
11286,24180
11287,24180
11288,24180
11289,24180
11290,24180
11291,24180
11292,24180
11293,24180
11294,24180
11295,24180
11296,24180
11297,24180
11298,24180
11299,24180
11300,24180
11301,24180
11302,24180
11303,24180
11304,24180
11305,24180
11306,24180
11307,24180
11308,24180
11309,24180
11310,24180
11311,24180
11312,24180
11313,24180
11314,24180
11315,24180
11316,24180
11317,24180
11318,24180
11319,24180
11320,24180
11321,24180
11322,24180
11323,24180
11324,24180
11325,24180
11326,24180
11327,24180
11328,24180
11329,24180
11330,24180
11331,24180
11332,24180
11333,24180
11334,24180
11335,24180
11336,24180
11337,24180
11338,24180
11339,24180
11340,24180
11341,24180
11342,24180
11343,24180
11344,24180
11345,24180
11346,24180
11347,24180
11348,24180
11349,24180
11350,24180
11351,24180
11352,24180
11353,24180
11354,24180
11355,24180
11356,24180
11357,24180
11358,24180
11359,24180
11360,24180
11361,24180
11362,24180
11363,24180
11364,24180
11365,24180
11366,24180
11367,24180
11368,24180
11369,24180
11370,24180
11371,24180
11372,24180
11373,24180
11374,24180
11375,24180
11376,24180
11377,24180
11378,24180
11379,24180
11380,24180
11381,24180
11382,24180
11383,24180
11384,24180
11385,24180
11386,24180
11387,24180
11388,24180
11389,24180
11390,24180
11391,24180
11392,24180
11393,24180
11394,24180
11395,24180
11396,24180
11397,24180
11398,24180
11399,24180
11400,24180
11401,24180
11402,24180
11403,24180
11404,24180
11405,24180
11406,24180
11407,24180
11408,24180
11409,24180
11410,24180
11411,24180
11412,24180
11413,24180
11414,24180
11415,24180
11416,24180
11417,24180
11418,24180
11419,24180
11420,24180
11421,24180
11422,24180
11423,24180
11424,24180
11425,24180
11426,24180
11427,24180
11428,24180
11429,24180
11430,24180
11431,24180
11432,24180
11433,24180
11434,24180
11435,24180
11436,24180
11437,24180
11438,24180
11439,24180
11440,24180
11441,24180
11442,24180
11443,24180
11444,24180
11445,24180
11446,24180
11447,24180
11448,24180
11449,24180
11450,24180
11451,24180
11452,24180
11453,24180
11454,24180
11455,24180
11456,24180
11457,24180
11458,24180
11459,24180
11460,24180
11461,24180
11462,24180
11463,24180
11464,24180
11465,24180
11466,24180
11467,24180
11468,24180
11469,24180
11470,24180
11471,24180
11472,24180
11473,24180
11474,24180
11475,24180
11476,24180
11477,24180
11478,24180
11479,24180
11480,24180
11481,24180
11482,24180
11483,24180
11484,24180
11485,24180
11486,24180
11487,24180
11488,24180
11489,24180
11490,24180
11491,24180
11492,24180
11493,24180
11494,24180
11495,24180
11496,24180
11497,24180
11498,24180
11499,24180
11500,24180
11501,24180
11502,24180
11503,24180
11504,24180
11505,24180
11506,24180
11507,24180
11508,24180
11509,24180
11510,24180
11511,24180
11512,24180
11513,24180
11514,24180
11515,24180
11516,24180
11517,24180
11518,24180
11519,24180
11520,24180
11521,24180
11522,24180
11523,24180
11524,24180
11525,24180
11526,24180
11527,24180
11528,24180
11529,24180
11530,24180
11531,24180
11532,24180
11533,24180
11534,24180
11535,24180
11536,24180
11537,24180
11538,24180
11539,24180
11540,24180
11541,24180
11542,24180
11543,24180
11544,24180
11545,24180
11546,24180
11547,24180
11548,24180
11549,24180
11550,24180
11551,24180
11552,24180
11553,24180
11554,24180
11555,24180
11556,24180
11557,24180
11558,24180
11559,24180
11560,24180
11561,24180
11562,24180
11563,24180
11564,24180
11565,24180
11566,24180
11567,24180
11568,24180
11569,24180
11570,24180
11571,24180
11572,24180
11573,24180
11574,24180
11575,24180
11576,24180
11577,24180
11578,24180
11579,24180
11580,24180
11581,24180
11582,24180
11583,24180
11584,24180
11585,24180
11586,24180
11587,24180
11588,24180
11589,24180
11590,24180
11591,24180
11592,24180
11593,24180
11594,24180
11595,24180
11596,24180
11597,24180
11598,24180
11599,24180
11600,24180
11601,24180
11602,24180
11603,24180
11604,24180
11605,24180
11606,24180
11607,24180
11608,24180
11609,24180
11610,24180
11611,24180
11612,24180
11613,24180
11614,24180
11615,24180
11616,24180
11617,24180
11618,24180
11619,24180
11620,24180
11621,24180
11622,24180
11623,24180
11624,24180
11625,24180
11626,24180
11627,24180
11628,24180
11629,24180
11630,24180
11631,24180
11632,24180
11633,24180
11634,24180
11635,24180
11636,24180
11637,24180
11638,24180
11639,24180
11640,24180
11641,24180
11642,24180
11643,24180
11644,24180
11645,24180
11646,24180
11647,24180
11648,24180
11649,24180
11650,24180
11651,24180
11652,24180
11653,24180
11654,24180
11655,24180
11656,24180
11657,24180
11658,24180
11659,24180
11660,24180
11661,24180
11662,24180
11663,24180
11664,24180
11665,24180
11666,24180
11667,24180
11668,24180
11669,24180
11670,24180
11671,24180
11672,24180
11673,24180
11674,24180
11675,24180
11676,24180
11677,24180
11678,24180
11679,24180
11680,24180
11681,24180
11682,24180
11683,24180
11684,24180
11685,24180
11686,24180
11687,24180
11688,24180
11689,24180
11690,24180
11691,24180
11692,24180
11693,24180
11694,24180
11695,24180
11696,24180
11697,24180
11698,24180
11699,24180
11700,24180
11701,24180
11702,24180
11703,24180
11704,24180
11705,24180
11706,24180
11707,24180
11708,24180
11709,24180
11710,24180
11711,24180
11712,24180
11713,24180
11714,24180
11715,24180
11716,24180
11717,24180
11718,24180
11719,24180
11720,24180
11721,24180
11722,24180
11723,24180
11724,24180
11725,24180
11726,24180
11727,24180
11728,24180
11729,24180
11730,24180
11731,24180
11732,24180
11733,24180
11734,24180
11735,24180
11736,24180
11737,24180
11738,24180
11739,24180
11740,24180
11741,24180
11742,24180
11743,24180
11744,24180
11745,24180
11746,24180
11747,24180
11748,24180
11749,24180
11750,24180
11751,24180
11752,24180
11753,24180
11754,24180
11755,24180
11756,24180
11757,24180
11758,24180
11759,24180
11760,24180
11761,24180
11762,24180
11763,24180
11764,24180
11765,24180
11766,24180
11767,24180
11768,24180
11769,24180
11770,24180
11771,24180
11772,24180
11773,24180
11774,24180
11775,24180
11776,24180
11777,24180
11778,24180
11779,24180
11780,24180
11781,24180
11782,24180
11783,24180
11784,24180
11785,24180
11786,24180
11787,24180
11788,24180
11789,24180
11790,24180
11791,24180
11792,24180
11793,24180
11794,24180
11795,24180
11796,24180
11797,24180
11798,24180
11799,24180
11800,24180
11801,24180
11802,24180
11803,24180
11804,24180
11805,24180
11806,24180
11807,24180
11808,24180
11809,24180
11810,24180
11811,24180
11812,24180
11813,24180
11814,24180
11815,24180
11816,24180
11817,24180
11818,24180
11819,24180
11820,24180
11821,24180
11822,24180
11823,24180
11824,24180
11825,24180
11826,24180
11827,24180
11828,24180
11829,24180
11830,24180
11831,24180
11832,24180
11833,24180
11834,24180
11835,24180
11836,24180
11837,24180
11838,24180
11839,24180
11840,24180
11841,24180
11842,24180
11843,24180
11844,24180
11845,24180
11846,24180
11847,24180
11848,24180
11849,24180
11850,24180
11851,24180
11852,24180
11853,24180
11854,24180
11855,24180
11856,24180
11857,24180
11858,24180
11859,24180
11860,24180
11861,24180
11862,24180
11863,24180
11864,24180
11865,24180
11866,24180
11867,24180
11868,24180
11869,24180
11870,24180
11871,24180
11872,24180
11873,24180
11874,24180
11875,24180
11876,24180
11877,24180
11878,24180
11879,24180
11880,24180
11881,24180
11882,24180
11883,24180
11884,24180
11885,24180
11886,24180
11887,24180
11888,24180
11889,24180
11890,24180
11891,24180
11892,24180
11893,24180
11894,24180
11895,24180
11896,24180
11897,24180
11898,24180
11899,24180
11900,24180
11901,24180
11902,24180
11903,24180
11904,24180
11905,24180
11906,24180
11907,24180
11908,24180
11909,24180
11910,24180
11911,24180
11912,24180
11913,24180
11914,24180
11915,24180
11916,24180
11917,24180
11918,24180
11919,24180
11920,24180
11921,24180
11922,24180
11923,24180
11924,24180
11925,24180
11926,24180
11927,24180
11928,24180
11929,24180
11930,24180
11931,24180
11932,24180
11933,24180
11934,24180
11935,24180
11936,24180
11937,24180
11938,24180
11939,24180
11940,24180
11941,24180
11942,24180
11943,24180
11944,24180
11945,24180
11946,24180
11947,24180
11948,24180
11949,24180
11950,24180
11951,24180
11952,24180
11953,24180
11954,24180
11955,24180
11956,24180
11957,24180
11958,24180
11959,24180
11960,24180
11961,24180
11962,24180
11963,24180
11964,24180
11965,24180
11966,24180
11967,24180
11968,24180
11969,24180
11970,24180
11971,24180
11972,24180
11973,24180
11974,24180
11975,24180
11976,24180
11977,24180
11978,24180
11979,24180
11980,24180
11981,24180
11982,24180
11983,24180
11984,24180
11985,24180
11986,24180
11987,24180
11988,24180
11989,24180
11990,24180
11991,24180
11992,24180
11993,24180
11994,24180
11995,24180
11996,24180
11997,24180
11998,24180
11999,24180
12000,24180
12001,24180
12002,24180
12003,24180
12004,24180
12005,24180
12006,24180
12007,24180
12008,24180
12009,24180
12010,24180
12011,24180
12012,24180
12013,24180
12014,24180
12015,24180
12016,24180
12017,24180
12018,24180
12019,24180
12020,24180
12021,24180
12022,24180
12023,24180
12024,24180
12025,24180
12026,24180
12027,24180
12028,24180
12029,24180
12030,24180
12031,24180
12032,24180
12033,24180
12034,24180
12035,24180
12036,24180
12037,24180
12038,24180
12039,24180
12040,24180
12041,24180
12042,24180
12043,24180
12044,24180
12045,24180
12046,24180
12047,24180
12048,24180
12049,24180
12050,24180
12051,24180
12052,24180
12053,24180
12054,24180
12055,24180
12056,24180
12057,24180
12058,24180
12059,24180
12060,24180
12061,24180
12062,24180
12063,24180
12064,24180
12065,24180
12066,24180
12067,24180
12068,24180
12069,24180
12070,24180
12071,24180
12072,24180
12073,24180
12074,24180
12075,24180
12076,24180
12077,24180
12078,24180
12079,24180
12080,24180
12081,24180
12082,24180
12083,24180
12084,24180
12085,24180
12086,24180
12087,24180
12088,24180
12089,24180
12090,24180
12091,24180
12092,24180
12093,24180
12094,24180
12095,24180
12096,24180
12097,24180
12098,24180
12099,24180
12100,24180
12101,24180
12102,24180
12103,24180
12104,24180
12105,24180
12106,24180
12107,24180
12108,24180
12109,24180
12110,24180
12111,24180
12112,24180
12113,24180
12114,24180
12115,24180
12116,24180
12117,24180
12118,24180
12119,24180
12120,24180
12121,24180
12122,24180
12123,24180
12124,24180
12125,24180
12126,24180
12127,24180
12128,24180
12129,24180
12130,24180
12131,24180
12132,24180
12133,24180
12134,24180
12135,24180
12136,24180
12137,24180
12138,24180
12139,24180
12140,24180
12141,24180
12142,24180
12143,24180
12144,24180
12145,24180
12146,24180
12147,24180
12148,24180
12149,24180
12150,24180
12151,24180
12152,24180
12153,24180
12154,24180
12155,24180
12156,24180
12157,24180
12158,24180
12159,24180
12160,24180
12161,24180
12162,24180
12163,24180
12164,24180
12165,24180
12166,24180
12167,24180
12168,24180
12169,24180
12170,24180
12171,24180
12172,24180
12173,24180
12174,24180
12175,24180
12176,24180
12177,24180
12178,24180
12179,24180
12180,24180
12181,24180
12182,24180
12183,24180
12184,24180
12185,24180
12186,24180
12187,24180
12188,24180
12189,24180
12190,24180
12191,24180
12192,24180
12193,24180
12194,24180
12195,24180
12196,24180
12197,24180
12198,24180
12199,24180
12200,24180
12201,24180
12202,24180
12203,24180
12204,24180
12205,24180
12206,24180
12207,24180
12208,24180
12209,24180
12210,24180
12211,24180
12212,24180
12213,24180
12214,24180
12215,24180
12216,24180
12217,24180
12218,24180
12219,24180
12220,24180
12221,24180
12222,24180
12223,24180
12224,24180
12225,24180
12226,24180
12227,24180
12228,24180
12229,24180
12230,24180
12231,24180
12232,24180
12233,24180
12234,24180
12235,24180
12236,24180
12237,24180
12238,24180
12239,24180
12240,24180
12241,24180
12242,24180
12243,24180
12244,24180
12245,24180
12246,24180
12247,24180
12248,24180
12249,24180
12250,24180
12251,24180
12252,24180
12253,24180
12254,24180
12255,24180
12256,24180
12257,24180
12258,24180
12259,24180
12260,24180
12261,24180
12262,24180
12263,24180
12264,24180
12265,24180
12266,24180
12267,24180
12268,24180
12269,24180
12270,24180
12271,24180
12272,24180
12273,24180
12274,24180
12275,24180
12276,24180
12277,24180
12278,24180
12279,24180
12280,24180
12281,24180
12282,24180
12283,24180
12284,24180
12285,24180
12286,24180
12287,24180
12288,24180
12289,24180
12290,24180
12291,24180
12292,24180
12293,24180
12294,24180
12295,24180
12296,24180
12297,24180
12298,24180
12299,24180
12300,24180
12301,24180
12302,24180
12303,24180
12304,24180
12305,24180
12306,24180
12307,24180
12308,24180
12309,24180
12310,24180
12311,24180
12312,24180
12313,24180
12314,24180
12315,24180
12316,24180
12317,24180
12318,24180
12319,24180
12320,24180
12321,24180
12322,24180
12323,24180
12324,24180
12325,24180
12326,24180
12327,24180
12328,24180
12329,24180
12330,24180
12331,24180
12332,24180
12333,24180
12334,24180
12335,24180
12336,24180
12337,24180
12338,24180
12339,24180
12340,24180
12341,24180
12342,24180
12343,24180
12344,24180
12345,24180
12346,24180
12347,24180
12348,24180
12349,24180
12350,24180
12351,24180
12352,24180
12353,24180
12354,24180
12355,24180
12356,24180
12357,24180
12358,24180
12359,24180
12360,24180
12361,24180
12362,24180
12363,24180
12364,24180
12365,24180
12366,24180
12367,24180
12368,24180
12369,24180
12370,24180
12371,24180
12372,24180
12373,24180
12374,24180
12375,24180
12376,24180
12377,24180
12378,24180
12379,24180
12380,24180
12381,24180
12382,24180
12383,24180
12384,24180
12385,24180
12386,24180
12387,24180
12388,24180
12389,24180
12390,24180
12391,24180
12392,24180
12393,24180
12394,24180
12395,24180
12396,24180
12397,24180
12398,24180
12399,24180
12400,24180
12401,24180
12402,24180
12403,24180
12404,24180
12405,24180
12406,24180
12407,24180
12408,24180
12409,24180
12410,24180
12411,24180
12412,24180
12413,24180
12414,24180
12415,24180
12416,24180
12417,24180
12418,24180
12419,24180
12420,24180
12421,24180
12422,24180
12423,24180
12424,24180
12425,24180
12426,24180
12427,24180
12428,24180
12429,24180
12430,24180
12431,24180
12432,24180
12433,24180
12434,24180
12435,24180
12436,24180
12437,24180
12438,24180
12439,24180
12440,24180
12441,24180
12442,24180
12443,24180
12444,24180
12445,24180
12446,24180
12447,24180
12448,24180
12449,24180
12450,24180
12451,24180
12452,24180
12453,24180
12454,24180
12455,24180
12456,24180
12457,24180
12458,24180
12459,24180
12460,24180
12461,24180
12462,24180
12463,24180
12464,24180
12465,24180
12466,24180
12467,24180
12468,24180
12469,24180
12470,24180
12471,24180
12472,24180
12473,24180
12474,24180
12475,24180
12476,24180
12477,24180
12478,24180
12479,24180
12480,24180
12481,24180
12482,24180
12483,24180
12484,24180
12485,24180
12486,24180
12487,24180
12488,24180
12489,24180
12490,24180
12491,24180
12492,24180
12493,24180
12494,24180
12495,24180
12496,24180
12497,24180
12498,24180
12499,24180
12500,24180
12501,24180
12502,24180
12503,24180
12504,24180
12505,24180
12506,24180
12507,24180
12508,24180
12509,24180
12510,24180
12511,24180
12512,24180
12513,24180
12514,24180
12515,24180
12516,24180
12517,24180
12518,24180
12519,24180
12520,24180
12521,24180
12522,24180
12523,24180
12524,24180
12525,24180
12526,24180
12527,24180
12528,24180
12529,24180
12530,24180
12531,24180
12532,24180
12533,24180
12534,24180
12535,24180
12536,24180
12537,24180
12538,24180
12539,24180
12540,24180
12541,24180
12542,24180
12543,24180
12544,24180
12545,24180
12546,24180
12547,24180
12548,24180
12549,24180
12550,24180
12551,24180
12552,24180
12553,24180
12554,24180
12555,24180
12556,24180
12557,24180
12558,24180
12559,24180
12560,24180
12561,24180
12562,24180
12563,24180
12564,24180
12565,24180
12566,24180
12567,24180
12568,24180
12569,24180
12570,24180
12571,24180
12572,24180
12573,24180
12574,24180
12575,24180
12576,24180
12577,24180
12578,24180
12579,24180
12580,24180
12581,24180
12582,24180
12583,24180
12584,24180
12585,24180
12586,24180
12587,24180
12588,24180
12589,24180
12590,24180
12591,24180
12592,24180
12593,24180
12594,24180
12595,24180
12596,24180
12597,24180
12598,24180
12599,24180
12600,24180
12601,24180
12602,24180
12603,24180
12604,24180
12605,24180
12606,24180
12607,24180
12608,24180
12609,24180
12610,24180
12611,24180
12612,24180
12613,24180
12614,24180
12615,24180
12616,24180
12617,24180
12618,24180
12619,24180
12620,24180
12621,24180
12622,24180
12623,24180
12624,24180
12625,24180
12626,24180
12627,24180
12628,24180
12629,24180
12630,24180
12631,24180
12632,24180
12633,24180
12634,24180
12635,24180
12636,24180
12637,24180
12638,24180
12639,24180
12640,24180
12641,24180
12642,24180
12643,24180
12644,24180
12645,24180
12646,24180
12647,24180
12648,24180
12649,24180
12650,24180
12651,24180
12652,24180
12653,24180
12654,24180
12655,24180
12656,24180
12657,24180
12658,24180
12659,24180
12660,24180
12661,24180
12662,24180
12663,24180
12664,24180
12665,24180
12666,24180
12667,24180
12668,24180
12669,24180
12670,24180
12671,24180
12672,24180
12673,24180
12674,24180
12675,24180
12676,24180
12677,24180
12678,24180
12679,24180
12680,24180
12681,24180
12682,24180
12683,24180
12684,24180
12685,24180
12686,24180
12687,24180
12688,24180
12689,24180
12690,24180
12691,24180
12692,24180
12693,24180
12694,24180
12695,24180
12696,24180
12697,24180
12698,24180
12699,24180
12700,24180
12701,24180
12702,24180
12703,24180
12704,24180
12705,24180
12706,24180
12707,24180
12708,24180
12709,24180
12710,24180
12711,24180
12712,24180
12713,24180
12714,24180
12715,24180
12716,24180
12717,24180
12718,24180
12719,24180
12720,24180
12721,24180
12722,24180
12723,24180
12724,24180
12725,24180
12726,24180
12727,24180
12728,24180
12729,24180
12730,24180
12731,24180
12732,24180
12733,24180
12734,24180
12735,24180
12736,24180
12737,24180
12738,24180
12739,24180
12740,24180
12741,24180
12742,24180
12743,24180
12744,24180
12745,24180
12746,24180
12747,24180
12748,24180
12749,24180
12750,24180
12751,24180
12752,24180
12753,24180
12754,24180
12755,24180
12756,24180
12757,24180
12758,24180
12759,24180
12760,24180
12761,24180
12762,24180
12763,24180
12764,24180
12765,24180
12766,24180
12767,24180
12768,24180
12769,24180
12770,24180
12771,24180
12772,24180
12773,24180
12774,24180
12775,24180
12776,24180
12777,24180
12778,24180
12779,24180
12780,24180
12781,24180
12782,24180
12783,24180
12784,24180
12785,24180
12786,24180
12787,24180
12788,24180
12789,24180
12790,24180
12791,24180
12792,24180
12793,24180
12794,24180
12795,24180
12796,24180
12797,24180
12798,24180
12799,24180
12800,24180
12801,24180
12802,24180
12803,24180
12804,24180
12805,24180
12806,24180
12807,24180
12808,24180
12809,24180
12810,24180
12811,24180
12812,24180
12813,24180
12814,24180
12815,24180
12816,24180
12817,24180
12818,24180
12819,24180
12820,24180
12821,24180
12822,24180
12823,24180
12824,24180
12825,24180
12826,24180
12827,24180
12828,24180
12829,24180
12830,24180
12831,24180
12832,24180
12833,24180
12834,24180
12835,24180
12836,24180
12837,24180
12838,24180
12839,24180
12840,24180
12841,24180
12842,24180
12843,24180
12844,24180
12845,24180
12846,24180
12847,24180
12848,24180
12849,24180
12850,24180
12851,24180
12852,24180
12853,24180
12854,24180
12855,24180
12856,24180
12857,24180
12858,24180
12859,24180
12860,24180
12861,24180
12862,24180
12863,24180
12864,24180
12865,24180
12866,24180
12867,24180
12868,24180
12869,24180
12870,24180
12871,24180
12872,24180
12873,24180
12874,24180
12875,24180
12876,24180
12877,24180
12878,24180
12879,24180
12880,24180
12881,24180
12882,24180
12883,24180
12884,24180
12885,24180
12886,24180
12887,24180
12888,24180
12889,24180
12890,24180
12891,24180
12892,24180
12893,24180
12894,24180
12895,24180
12896,24180
12897,24180
12898,24180
12899,24180
12900,24180
12901,24180
12902,24180
12903,24180
12904,24180
12905,24180
12906,24180
12907,24180
12908,24180
12909,24180
12910,24180
12911,24180
12912,24180
12913,24180
12914,24180
12915,24180
12916,24180
12917,24180
12918,24180
12919,24180
12920,24180
12921,24180
12922,24180
12923,24180
12924,24180
12925,24180
12926,24180
12927,24180
12928,24180
12929,24180
12930,24180
12931,24180
12932,24180
12933,24180
12934,24180
12935,24180
12936,24180
12937,24180
12938,24180
12939,24180
12940,24180
12941,24180
12942,24180
12943,24180
12944,24180
12945,24180
12946,24180
12947,24180
12948,24180
12949,24180
12950,24180
12951,24180
12952,24180
12953,24180
12954,24180
12955,24180
12956,24180
12957,24180
12958,24180
12959,24180
12960,24180
12961,24180
12962,24180
12963,24180
12964,24180
12965,24180
12966,24180
12967,24180
12968,24180
12969,24180
12970,24180
12971,24180
12972,24180
12973,24180
12974,24180
12975,24180
12976,24180
12977,24180
12978,24180
12979,24180
12980,24180
12981,24180
12982,24180
12983,24180
12984,24180
12985,24180
12986,24180
12987,24180
12988,24180
12989,24180
12990,24180
12991,24180
12992,24180
12993,24180
12994,24180
12995,24180
12996,24180
12997,24180
12998,24180
12999,24180
13000,24180
13001,24180
13002,24180
13003,24180
13004,24180
13005,24180
13006,24180
13007,24180
13008,24180
13009,24180
13010,24180
13011,24180
13012,24180
13013,24180
13014,24180
13015,24180
13016,24180
13017,24180
13018,24180
13019,24180
13020,24180
13021,24180
13022,24180
13023,24180
13024,24180
13025,24180
13026,24180
13027,24180
13028,24180
13029,24180
13030,24180
13031,24180
13032,24180
13033,24180
13034,24180
13035,24180
13036,24180
13037,24180
13038,24180
13039,24180
13040,24180
13041,24180
13042,24180
13043,24180
13044,24180
13045,24180
13046,24180
13047,24180
13048,24180
13049,24180
13050,24180
13051,24180
13052,24180
13053,24180
13054,24180
13055,24180
13056,24180
13057,24180
13058,24180
13059,24180
13060,24180
13061,24180
13062,24180
13063,24180
13064,24180
13065,24180
13066,24180
13067,24180
13068,24180
13069,24180
13070,24180
13071,24180
13072,24180
13073,24180
13074,24180
13075,24180
13076,24180
13077,24180
13078,24180
13079,24180
13080,24180
13081,24180
13082,24180
13083,24180
13084,24180
13085,24180
13086,24180
13087,24180
13088,24180
13089,24180
13090,24180
13091,24180
13092,24180
13093,24180
13094,24180
13095,24180
13096,24180
13097,24180
13098,24180
13099,24180
13100,24180
13101,24180
13102,24180
13103,24180
13104,24180
13105,24180
13106,24180
13107,24180
13108,24180
13109,24180
13110,24180
13111,24180
13112,24180
13113,24180
13114,24180
13115,24180
13116,24180
13117,24180
13118,24180
13119,24180
13120,24180
13121,24180
13122,24180
13123,24180
13124,24180
13125,24180
13126,24180
13127,24180
13128,24180
13129,24180
13130,24180
13131,24180
13132,24180
13133,24180
13134,24180
13135,24180
13136,24180
13137,24180
13138,24180
13139,24180
13140,24180
13141,24180
13142,24180
13143,24180
13144,24180
13145,24180
13146,24180
13147,24180
13148,24180
13149,24180
13150,24180
13151,24180
13152,24180
13153,24180
13154,24180
13155,24180
13156,24180
13157,24180
13158,24180
13159,24180
13160,24180
13161,24180
13162,24180
13163,24180
13164,24180
13165,24180
13166,24180
13167,24180
13168,24180
13169,24180
13170,24180
13171,24180
13172,24180
13173,24180
13174,24180
13175,24180
13176,24180
13177,24180
13178,24180
13179,24180
13180,24180
13181,24180
13182,24180
13183,24180
13184,24180
13185,24180
13186,24180
13187,24180
13188,24180
13189,24180
13190,24180
13191,24180
13192,24180
13193,24180
13194,24180
13195,24180
13196,24180
13197,24180
13198,24180
13199,24180
13200,24180
13201,24180
13202,24180
13203,24180
13204,24180
13205,24180
13206,24180
13207,24180
13208,24180
13209,24180
13210,24180
13211,24180
13212,24180
13213,24180
13214,24180
13215,24180
13216,24180
13217,24180
13218,24180
13219,24180
13220,24180
13221,24180
13222,24180
13223,24180
13224,24180
13225,24180
13226,24180
13227,24180
13228,24180
13229,24180
13230,24180
13231,24180
13232,24180
13233,24180
13234,24180
13235,24180
13236,24180
13237,24180
13238,24180
13239,24180
13240,24180
13241,24180
13242,24180
13243,24180
13244,24180
13245,24180
13246,24180
13247,24180
13248,24180
13249,24180
13250,24180
13251,24180
13252,24180
13253,24180
13254,24180
13255,24180
13256,24180
13257,24180
13258,24180
13259,24180
13260,24180
13261,24180
13262,24180
13263,24180
13264,24180
13265,24180
13266,24180
13267,24180
13268,24180
13269,24180
13270,24180
13271,24180
13272,24180
13273,24180
13274,24180
13275,24180
13276,24180
13277,24180
13278,24180
13279,24180
13280,24180
13281,24180
13282,24180
13283,24180
13284,24180
13285,24180
13286,24180
13287,24180
13288,24180
13289,24180
13290,24180
13291,24180
13292,24180
13293,24180
13294,24180
13295,24180
13296,24180
13297,24180
13298,24180
13299,24180
13300,24180
13301,24180
13302,24180
13303,24180
13304,24180
13305,24180
13306,24180
13307,24180
13308,24180
13309,24180
13310,24180
13311,24180
13312,24180
13313,24180
13314,24180
13315,24180
13316,24180
13317,24180
13318,24180
13319,24180
13320,24180
13321,24180
13322,24180
13323,24180
13324,24180
13325,24180
13326,24180
13327,24180
13328,24180
13329,24180
13330,24180
13331,24180
13332,24180
13333,24180
13334,24180
13335,24180
13336,24180
13337,24180
13338,24180
13339,24180
13340,24180
13341,24180
13342,24180
13343,24180
13344,24180
13345,24180
13346,24180
13347,24180
13348,24180
13349,24180
13350,24180
13351,24180
13352,24180
13353,24180
13354,24180
13355,24180
13356,24180
13357,24180
13358,24180
13359,24180
13360,24180
13361,24180
13362,24180
13363,24180
13364,24180
13365,24180
13366,24180
13367,24180
13368,24180
13369,24180
13370,24180
13371,24180
13372,24180
13373,24180
13374,24180
13375,24180
13376,24180
13377,24180
13378,24180
13379,24180
13380,24180
13381,24180
13382,24180
13383,24180
13384,24180
13385,24180
13386,24180
13387,24180
13388,24180
13389,24180
13390,24180
13391,24180
13392,24180
13393,24180
13394,24180
13395,24180
13396,24180
13397,24180
13398,24180
13399,24180
13400,24180
13401,24180
13402,24180
13403,24180
13404,24180
13405,24180
13406,24180
13407,24180
13408,24180
13409,24180
13410,24180
13411,24180
13412,24180
13413,24180
13414,24180
13415,24180
13416,24180
13417,24180
13418,24180
13419,24180
13420,24180
13421,24180
13422,24180
13423,24180
13424,24180
13425,24180
13426,24180
13427,24180
13428,24180
13429,24180
13430,24180
13431,24180
13432,24180
13433,24180
13434,24180
13435,24180
13436,24180
13437,24180
13438,24180
13439,24180
13440,24180
13441,24180
13442,24180
13443,24180
13444,24180
13445,24180
13446,24180
13447,24180
13448,24180
13449,24180
13450,24180
13451,24180
13452,24180
13453,24180
13454,24180
13455,24180
13456,24180
13457,24180
13458,24180
13459,24180
13460,24180
13461,24180
13462,24180
13463,24180
13464,24180
13465,24180
13466,24180
13467,24180
13468,24180
13469,24180
13470,24180
13471,24180
13472,24180
13473,24180
13474,24180
13475,24180
13476,24180
13477,24180
13478,24180
13479,24180
13480,24180
13481,24180
13482,24180
13483,24180
13484,24180
13485,24180
13486,24180
13487,24180
13488,24180
13489,24180
13490,24180
13491,24180
13492,24180
13493,24180
13494,24180
13495,24180
13496,24180
13497,24180
13498,24180
13499,24180
13500,24180
13501,24180
13502,24180
13503,24180
13504,24180
13505,24180
13506,24180
13507,24180
13508,24180
13509,24180
13510,24180
13511,24180
13512,24180
13513,24180
13514,24180
13515,24180
13516,24180
13517,24180
13518,24180
13519,24180
13520,24180
13521,24180
13522,24180
13523,24180
13524,24180
13525,24180
13526,24180
13527,24180
13528,24180
13529,24180
13530,24180
13531,24180
13532,24180
13533,24180
13534,24180
13535,24180
13536,24180
13537,24180
13538,24180
13539,24180
13540,24180
13541,24180
13542,24180
13543,24180
13544,24180
13545,24180
13546,24180
13547,24180
13548,24180
13549,24180
13550,24180
13551,24180
13552,24180
13553,24180
13554,24180
13555,24180
13556,24180
13557,24180
13558,24180
13559,24180
13560,24180
13561,24180
13562,24180
13563,24180
13564,24180
13565,24180
13566,24180
13567,24180
13568,24180
13569,24180
13570,24180
13571,24180
13572,24180
13573,24180
13574,24180
13575,24180
13576,24180
13577,24180
13578,24180
13579,24179
13580,24177
13581,24174
13582,24171
13583,24167
13584,24164
13585,24161
13586,24157
13587,24152
13588,24147
13589,24142
13590,24136
13591,24131
13592,24124
13593,24117
13594,24113
13595,24109
13596,24105
13597,24101
13598,24097
13599,24093
13600,24089
13601,24085
13602,24081
13603,24077
13604,24078
13605,24079
13606,24080
13607,24081
13608,24082
13609,24083
13610,24084
13611,24085
13612,24086
13613,24087
13614,24089
13615,24091
13616,24093
13617,24095
13618,24097
13619,24099
13620,24101
13621,24103
13622,24105
13623,24107
13624,24109
13625,24111
13626,24113
13627,24115
13628,24117
13629,24119
13630,24121
13631,24123
13632,24125
13633,24127
13634,24129
13635,24131
13636,24133
13637,24117
13638,24099
13639,24077
13640,24053
13641,24028
13642,24002
13643,23969
13644,23935
13645,23898
13646,23859
13647,23816
13648,23773
13649,23726
13650,23677
13651,23628
13652,23575
13653,23520
13654,23463
13655,23404
13656,23342
13657,23280
13658,23217
13659,23150
13660,23080
13661,23003
13662,22928
13663,22853
13664,22773
13665,22693
13666,22609
13667,22521
13668,22432
13669,22340
13670,22244
13671,22144
13672,22040
13673,21937
13674,21833
13675,21725
13676,21615
13677,21502
13678,21399
13679,21293
13680,21192
13681,21088
13682,20988
13683,20882
13684,20773
13685,20663
13686,20556
13687,20456
13688,20355
13689,20258
13690,20156
13691,20055
13692,19946
13693,19840
13694,19729
13695,19618
13696,19507
13697,19397
13698,19287
13699,19171
13700,19055
13701,18937
13702,18826
13703,18708
13704,18591
13705,18472
13706,18349
13707,18229
13708,18107
13709,17985
13710,17861
13711,17735
13712,17616
13713,17493
13714,17367
13715,17241
13716,17110
13717,16983
13718,16850
13719,16716
13720,16583
13721,16443
13722,16306
13723,16161
13724,16018
13725,15876
13726,15735
13727,15591
13728,15449
13729,15305
13730,15156
13731,15007
13732,14858
13733,14708
13734,14553
13735,14400
13736,14244
13737,14091
13738,13928
13739,13764
13740,13604
13741,13442
13742,13278
13743,13113
13744,12943
13745,12772
13746,12602
13747,12431
13748,12255
13749,12077
13750,11901
13751,11722
13752,11541
13753,11357
13754,11174
13755,10989
13756,10813
13757,10632
13758,10452
13759,10275
13760,10095
13761,9905
13762,9715
13763,9530
13764,9339
13765,9148
13766,8958
13767,8762
13768,8569
13769,8373
13770,8173
13771,7976
13772,7777
13773,7568
13774,7369
13775,7169
13776,6968
13777,6761
13778,6554
13779,6346
13780,6135
13781,5917
13782,5710
13783,5491
13784,5285
13785,5087
13786,4900
13787,4709
13788,4524
13789,4363
13790,4209
13791,4055
13792,3895
13793,3738
13794,3583
13795,3433
13796,3284
13797,3132
13798,2983
13799,2838
13800,2692
13801,2548
13802,2404
13803,2264
13804,2126
13805,1984
13806,1849
13807,1709
13808,1570
13809,1434
13810,1302
13811,1166
13812,1034
13813,903
13814,771
13815,642
13816,521
13817,422
13818,342
13819,282
13820,228
13821,176
13822,133
13823,0
13824,0
13825,0
13826,0
13827,0
13828,0
13829,0
13830,0
13831,0
13832,0
13833,0
13834,0
13835,0
13836,0
13837,0
13838,0
13839,0
13840,0
13841,0
13842,0
13843,0
13844,0
13845,0
13846,0
13847,0
13848,0
13849,0
13850,0
13851,0
13852,0
13853,0
13854,0
13855,0
13856,0
13857,0
13858,0
13859,0
13860,0
13861,0
13862,0
13863,0
13864,0
13865,0
13866,0
13867,0
13868,0
13869,0
13870,0
13871,0
13872,0
13873,0
13874,0
13875,0
13876,0
13877,0
13878,0
13879,0
13880,0
13881,0
13882,0
13883,0
13884,0
13885,0
13886,0
13887,0
13888,0
13889,0
13890,0
13891,0
13892,0
13893,0
13894,0
13895,0
13896,0
13897,0
13898,0
13899,0
13900,0
13901,0
13902,0
13903,0
13904,0
13905,0
13906,0
13907,0
13908,0
13909,0
13910,0
13911,0
13912,0
13913,0
13914,0
13915,0
13916,0
13917,0
13918,0
13919,0
13920,0
13921,0
13922,0
13923,0
13924,0
13925,0
13926,0
13927,0
13928,0
13929,0
13930,0
13931,0
13932,0
13933,0
13934,0
13935,0
13936,0
13937,0
13938,0
13939,0
13940,0
13941,0
13942,0
13943,0
13944,0
13945,0
13946,0
13947,0
13948,0
13949,0
13950,0
13951,0
13952,0
13953,0
13954,0
13955,0
13956,0
13957,0
13958,0
13959,0
13960,0
13961,0
13962,0
13963,0
13964,0
13965,0
13966,0
13967,0
13968,0
13969,0
13970,0
13971,0
13972,0
13973,0
13974,0
13975,0
13976,0
13977,0
13978,0
13979,0
13980,0
13981,0
13982,0
13983,0
13984,0
13985,0
13986,0
13987,0
13988,0
13989,0
13990,0
13991,0
13992,0
13993,0
13994,0
13995,0
13996,0
13997,0
13998,0
13999,0
14000,0
14001,0
14002,0
14003,0
14004,0
14005,0
14006,0
14007,0
14008,0
14009,0
14010,0
14011,0
14012,0
14013,0
14014,0
14015,0
14016,0
14017,0
14018,0
14019,0
14020,0
14021,0
14022,0
14023,0
14024,0
14025,0
14026,0
14027,0
14028,0
14029,0
14030,0
14031,0
14032,0
14033,0
14034,0
14035,0
14036,0
14037,0
14038,0
14039,0
14040,0
14041,0
14042,0
14043,0
14044,0
14045,0
14046,0
14047,0
14048,0
14049,0
14050,0
14051,0
14052,0
14053,0
14054,0
14055,0
14056,0
14057,0
14058,0
14059,0
14060,0
14061,0
14062,0
14063,0
14064,0
14065,0
14066,0
14067,0
14068,0
14069,0
14070,0
14071,0
14072,0
14073,0
14074,0
14075,0
14076,0
14077,0
14078,0
14079,0
14080,0
14081,0
14082,0
14083,0
14084,0
14085,0
14086,0
14087,0
14088,0
14089,0
14090,0
14091,0
14092,0
14093,0
14094,0
14095,0
14096,0
14097,0
14098,0
14099,0
14100,0
14101,0
14102,0
14103,0
14104,0
14105,0
14106,0
14107,0
14108,0
14109,0
14110,0
14111,0
14112,0
14113,0
14114,0
14115,0
14116,0
14117,0
14118,0
14119,0
14120,0
14121,0
14122,0
14123,0
14124,0
14125,0
14126,0
14127,0
14128,0
14129,0
14130,0
14131,0
14132,0
14133,0
14134,0
14135,0
14136,0
14137,0
14138,0
14139,0
14140,0
14141,0
14142,0
14143,0
14144,0
14145,0
14146,0
14147,0
14148,0
14149,0
14150,0
14151,0
14152,0
14153,0
14154,0
14155,0
14156,0
14157,0
14158,0
14159,0
14160,0
14161,0
14162,0
14163,0
14164,0
14165,0
14166,0
14167,0
14168,0
14169,0
14170,0
14171,0
14172,0
14173,0
14174,0
14175,0
14176,0
14177,0
14178,0
14179,0
14180,0
14181,0
14182,0
14183,0
14184,0
14185,0
14186,0
14187,0
14188,0
14189,0
14190,0
14191,0
14192,0
14193,0
14194,0
14195,0
14196,0
14197,0
14198,0
14199,0
14200,0
14201,0
14202,0
14203,0
14204,0
14205,0
14206,0
14207,0
14208,0
14209,0
14210,0
14211,0
14212,0
14213,0
14214,0
14215,0
14216,0
14217,0
14218,0
14219,0
14220,0
14221,0
14222,0
14223,0
14224,0
14225,0
14226,0
14227,0
14228,0
14229,0
14230,0
14231,0
14232,0
14233,0
14234,0
14235,0
14236,0
14237,0
14238,0
14239,0
14240,0
14241,0
14242,0
14243,0
14244,0
14245,0
14246,0
14247,0
14248,0
14249,0
14250,0
14251,0
14252,0
14253,0
14254,0
14255,0
14256,0
14257,0
14258,0
14259,0
14260,0
14261,0
14262,0
14263,0
14264,0
14265,0
14266,0
14267,0
14268,0
14269,0
14270,0
14271,0
14272,0
14273,0
14274,0
14275,0
14276,0
14277,0
14278,0
14279,0
14280,0
14281,0
14282,0
14283,0
14284,0
14285,0
14286,0
14287,0
14288,0
14289,0
14290,0
14291,0
14292,0
14293,0
14294,0
14295,0
14296,0
14297,0
14298,0
14299,0
14300,0
14301,0
14302,0
14303,0
14304,0
14305,0
14306,0
14307,0
14308,0
14309,0
14310,0
14311,0
14312,0
14313,0
14314,0
14315,0
14316,0
14317,0
14318,0
14319,0
14320,0
14321,0
14322,0
14323,0
14324,0
14325,0
14326,0
14327,0
14328,0
14329,0
14330,0
14331,0
14332,0
14333,0
14334,0
14335,0
14336,0
14337,0
14338,0
14339,0
14340,0
14341,0
14342,0
14343,0
14344,0
14345,0
14346,0
14347,0
14348,0
14349,0
14350,0
14351,0
14352,0
14353,0
14354,0
14355,0
14356,0
14357,0
14358,0
14359,0
14360,0
14361,0
14362,0
14363,0
14364,0
14365,0
14366,0
14367,0
14368,0
14369,0
14370,0
14371,0
14372,0
14373,0
14374,0
14375,0
14376,0
14377,0
14378,0
14379,0
14380,0
14381,0
14382,0
14383,0
14384,0
14385,0
14386,0
14387,0
14388,0
14389,0
14390,0
14391,0
14392,0
14393,0
14394,0
14395,0
14396,0
14397,0
14398,0
14399,0
14400,0
14401,0
14402,0
14403,0
14404,0
14405,0
14406,0
14407,0
14408,0
14409,0
14410,0
14411,0
14412,0
14413,0
14414,0
14415,0
14416,0
14417,0
14418,0
14419,0
14420,0
14421,0
14422,0
14423,0
14424,0
14425,0
14426,0
14427,0
14428,0
14429,0
14430,0
14431,0
14432,0
14433,0
14434,0
14435,0
14436,0
14437,0
14438,0
14439,0
14440,0
14441,0
14442,0
14443,0
14444,0
14445,0
14446,0
14447,0
14448,0
14449,0
14450,0
14451,0
14452,0
14453,0
14454,0
14455,0
14456,0
14457,0
14458,0
14459,0
14460,0
14461,0
14462,0
14463,0
14464,0
14465,0
14466,0
14467,0
14468,0
14469,0
14470,0
14471,0
14472,0
14473,0
14474,0
14475,0
14476,0
14477,0
14478,0
14479,0
14480,0
14481,0
14482,0
14483,0
14484,0
14485,0
14486,0
14487,0
14488,0
14489,0
14490,0
14491,0
14492,0
14493,0
14494,0
14495,0
14496,0
14497,0
14498,0
14499,0
14500,0
14501,0
14502,0
14503,0
14504,0
14505,0
14506,0
14507,0
14508,0
14509,0
14510,0
14511,0
14512,0
14513,0
14514,0
14515,0
14516,0
14517,0
14518,0
14519,0
14520,0
14521,0
14522,0
14523,0
14524,0
14525,0
14526,0
14527,0
14528,0
14529,0
14530,0
14531,0
14532,0
14533,0
14534,0
14535,0
14536,0
14537,0
14538,0
14539,0
14540,0
14541,0
14542,0
14543,0
14544,0
14545,0
14546,0
14547,0
14548,0
14549,0
14550,0
14551,0
14552,0
14553,0
14554,0
14555,0
14556,0
14557,0
14558,0
14559,0
14560,0
14561,0
14562,0
14563,0
14564,0
14565,0
14566,0
14567,0
14568,0
14569,0
14570,0
14571,0
14572,0
14573,0
14574,0
14575,0
14576,0
14577,0
14578,0
14579,0
14580,0
14581,0
14582,0
14583,0
14584,0
14585,0
14586,0
14587,0
14588,0
14589,0
14590,0
14591,0
14592,0
14593,0
14594,0
14595,0
14596,0
14597,0
14598,0
14599,0
14600,0
14601,0
14602,0
14603,0
14604,0
14605,0
14606,0
14607,0
14608,0
14609,0
14610,0
14611,0
14612,0
14613,0
14614,0
14615,0
14616,0
14617,0
14618,0
14619,0
14620,0
14621,0
14622,0
14623,0
14624,0
14625,0
14626,0
14627,0
14628,0
14629,0
14630,0
14631,0
14632,0
14633,0
14634,0
14635,0
14636,0
14637,0
14638,0
14639,0
14640,0
14641,0
14642,0
14643,0
14644,0
14645,0
14646,0
14647,0
14648,0
14649,0
14650,0
14651,0
14652,0
14653,0
14654,0
14655,0
14656,0
14657,0
14658,0
14659,0
14660,0
14661,0
14662,0
14663,0
14664,0
14665,0
14666,0
14667,0
14668,0
14669,0
14670,0
14671,0
14672,0
14673,0
14674,0
14675,0
14676,0
14677,0
14678,0
14679,0
14680,0
14681,0
14682,0
14683,0
14684,0
14685,0
14686,0
14687,0
14688,0
14689,0
14690,0
14691,0
14692,0
14693,0
14694,0
14695,0
14696,0
14697,0
14698,0
14699,0
14700,0
14701,0
14702,0
14703,0
14704,0
14705,0
14706,0
14707,0
14708,0
14709,0
14710,0
14711,0
14712,0
14713,0
14714,0
14715,0
14716,0
14717,0
14718,0
14719,0
14720,0
14721,0
14722,0
14723,0
14724,0
14725,0
14726,0
14727,0
14728,0
14729,0
14730,0
14731,0
14732,0
14733,0
14734,0
14735,0
14736,0
14737,0
14738,0
14739,0
14740,0
14741,0
14742,0
14743,0
14744,0
14745,0
14746,0
14747,0
14748,0
14749,0
14750,0
14751,0
14752,0
14753,0
14754,0
14755,0
14756,0
14757,0
14758,0
14759,0
14760,0
14761,0
14762,0
14763,0
14764,0
14765,0
14766,0
14767,0
14768,0
14769,0
14770,0
14771,0
14772,0
14773,0
14774,0
14775,0
14776,0
14777,0
14778,0
14779,0
14780,0
14781,0
14782,0
14783,0
14784,0
14785,0
14786,0
14787,0
14788,0
14789,0
14790,0
14791,0
14792,0
14793,0
14794,0
14795,0
14796,0
14797,0
14798,0
14799,0
14800,0
14801,0
14802,0
14803,0
14804,0
14805,0
14806,0
14807,0
14808,0
14809,0
14810,0
14811,0
14812,0
14813,0
14814,0
14815,0
14816,0
14817,0
14818,0
14819,0
14820,0
14821,0
14822,0
14823,0
14824,0
14825,0
14826,0
14827,0
14828,0
14829,0
14830,0
14831,0
14832,0
14833,0
14834,0
14835,0
14836,0
14837,0
14838,0
14839,0
14840,0
14841,0
14842,0
14843,0
14844,0
14845,0
14846,0
14847,0
14848,0
14849,0
14850,0
14851,0
14852,0
14853,0
14854,0
14855,0
14856,0
14857,0
14858,0
14859,0
14860,0
14861,0
14862,0
14863,0
14864,0
14865,0
14866,0
14867,0
14868,0
14869,0
14870,0
14871,0
14872,0
14873,0
14874,0
14875,0
14876,0
14877,0
14878,0
14879,0
14880,0
14881,0
14882,0
14883,0
14884,0
14885,0
14886,0
14887,0
14888,0
14889,0
14890,0
14891,0
14892,0
14893,0
14894,0
14895,0
14896,0
14897,0
14898,0
14899,0
14900,0
14901,0
14902,0
14903,0
14904,0
14905,0
14906,0
14907,0
14908,0
14909,0
14910,0
14911,0
14912,0
14913,0
14914,0
14915,0
14916,0
14917,0
14918,0
14919,0
14920,0
14921,0
14922,0
14923,0
14924,0
14925,0
14926,0
14927,0
14928,0
14929,0
14930,0
14931,0
14932,0
14933,0
14934,0
14935,0
14936,0
14937,0
14938,0
14939,0
14940,0
14941,0
14942,0
14943,0
14944,0
14945,0
14946,0
14947,0
14948,0
14949,0
14950,0
14951,0
14952,0
14953,0
14954,0
14955,0
14956,0
14957,0
14958,0
14959,0
14960,0
14961,0
14962,0
14963,0
14964,0
14965,0
14966,0
14967,0
14968,0
14969,0
14970,0
14971,0
14972,0
14973,0
14974,0
14975,0
14976,0
14977,0
14978,0
14979,0
14980,0
14981,0
14982,0
14983,0
14984,0
14985,0
14986,0
14987,0
14988,0
14989,0
14990,0
14991,0
14992,0
14993,0
14994,0
14995,0
14996,0
14997,0
14998,0
14999,0
15000,0
15001,0
15002,0
15003,0
15004,0
15005,0
15006,0
15007,0
15008,0
15009,0
15010,0
15011,0
15012,0
15013,0
15014,0
15015,0
15016,0
15017,0
15018,0
15019,0
15020,0
15021,0
15022,0
15023,0
15024,0
15025,0
15026,0
15027,0
15028,0
15029,0
15030,0
15031,0
15032,0
15033,0
15034,0
15035,0
15036,0
15037,0
15038,0
15039,0
15040,0
15041,0
15042,0
15043,0
15044,0
15045,0
15046,0
15047,0
15048,0
15049,0
15050,0
15051,0
15052,0
15053,0
15054,0
15055,0
15056,0
15057,0
15058,0
15059,0
15060,0
15061,0
15062,0
15063,0
15064,0
15065,0
15066,0
15067,0
15068,0
15069,0
15070,0
15071,0
15072,0
15073,0
15074,0
15075,0
15076,0
15077,0
15078,0
15079,0
15080,0
15081,0
15082,0
15083,0
15084,0
15085,0
15086,0
15087,0
15088,0
15089,0
15090,0
15091,0
15092,0
15093,0
15094,0
15095,0
15096,0
15097,0
15098,0
15099,0
15100,0
15101,0
15102,0
15103,0
15104,0
15105,0
15106,0
15107,0
15108,0
15109,0
15110,0
15111,0
15112,0
15113,0
15114,0
15115,0
15116,0
15117,0
15118,0
15119,0
15120,0
15121,0
15122,0
15123,0
15124,0
15125,0
15126,0
15127,0
15128,0
15129,0
15130,0
15131,0
15132,0
15133,0
15134,0
15135,0
15136,0
15137,0
15138,0
15139,0
15140,0
15141,0
15142,0
15143,0
15144,0
15145,0
15146,0
15147,0
15148,0
15149,0
15150,0
15151,0
15152,0
15153,0
15154,0
15155,0
15156,0
15157,0
15158,0
15159,0
15160,0
15161,0
15162,0
15163,0
15164,0
15165,0
15166,0
15167,0
15168,0
15169,0
15170,0
15171,0
15172,0
15173,0
15174,0
15175,0
15176,0
15177,0
15178,0
15179,0
15180,0
15181,0
15182,0
15183,0
15184,0
15185,0
15186,0
15187,0
15188,0
15189,0
15190,0
15191,0
15192,0
15193,0
15194,0
15195,0
15196,0
15197,0
15198,0
15199,0
15200,0
15201,0
15202,0
15203,0
15204,0
15205,0
15206,0
15207,0
15208,0
15209,0
15210,0
15211,0
15212,0
15213,0
15214,0
15215,0
15216,0
15217,0
15218,0
15219,0
15220,0
15221,0
15222,0
15223,0
15224,0
15225,0
15226,0
15227,0
15228,0
15229,0
15230,0
15231,0
15232,0
15233,0
15234,0
15235,0
15236,0
15237,0
15238,0
15239,0
15240,0
15241,0
15242,0
15243,0
15244,0
15245,0
15246,0
15247,0
15248,0
15249,0
15250,0
15251,0
15252,0
15253,0
15254,0
15255,0
15256,0
15257,0
15258,0
15259,0
15260,0
15261,0
15262,0
15263,0
15264,0
15265,0
15266,0
15267,0
15268,0
15269,0
15270,0
15271,0
15272,0
15273,0
15274,0
15275,0
15276,0
15277,0
15278,0
15279,0
15280,0
15281,0
15282,0
15283,0
15284,0
15285,0
15286,0
15287,0
15288,0
15289,0
15290,0
15291,0
15292,0
15293,0
15294,0
15295,0
15296,0
15297,0
15298,0
15299,0
15300,0
15301,0
15302,0
15303,0
15304,0
15305,0
15306,0
15307,0
15308,0
15309,0
15310,0
15311,0
15312,0
15313,0
15314,0
15315,0
15316,0
15317,0
15318,0
15319,0
15320,0
15321,0
15322,0
15323,0
15324,0
15325,0
15326,0
15327,0
15328,0
15329,0
15330,0
15331,0
15332,0
15333,0
15334,0
15335,0
15336,0
15337,0
15338,0
15339,0
15340,0
15341,0
15342,0
15343,0
15344,0
15345,0
15346,0
15347,0
15348,0
15349,0
15350,0
15351,0
15352,0
15353,0
15354,0
15355,0
15356,0
15357,0
15358,0
15359,0
15360,0
15361,0
15362,0
15363,0
15364,0
15365,0
15366,0
15367,0
15368,0
15369,0
15370,0
15371,0
15372,0
15373,0
15374,0
15375,0
15376,0
15377,0
15378,0
15379,0
15380,0
15381,0
15382,0
15383,0
15384,0
15385,0
15386,0
15387,0
15388,0
15389,0
15390,0
15391,0
15392,0
15393,0
15394,0
15395,0
15396,0
15397,0
15398,0
15399,0
15400,0
15401,0
15402,0
15403,0
15404,0
15405,0
15406,0
15407,0
15408,0
15409,0
15410,0
15411,0
15412,0
15413,0
15414,0
15415,0
15416,0
15417,0
15418,0
15419,0
15420,0
15421,0
15422,0
15423,0
15424,0
15425,0
15426,0
15427,0
15428,0
15429,0
15430,0
15431,0
15432,0
15433,0
15434,0
15435,0
15436,0
15437,0
15438,0
15439,0
15440,0
15441,0
15442,0
15443,0
15444,0
15445,0
15446,0
15447,0
15448,0
15449,0
15450,0
15451,0
15452,0
15453,0
15454,0
15455,0
15456,0
15457,0
15458,0
15459,0
15460,0
15461,0
15462,0
15463,0
15464,0
15465,0
15466,0
15467,0
15468,0
15469,0
15470,0
15471,0
15472,0
15473,0
15474,0
15475,0
15476,0
15477,0
15478,0
15479,0
15480,0
15481,0
15482,0
15483,0
15484,0
15485,0
15486,0
15487,0
15488,0
15489,0
15490,0
15491,0
15492,0
15493,0
15494,0
15495,0
15496,0
15497,0
15498,0
15499,0
15500,0
15501,0
15502,0
15503,0
15504,0
15505,0
15506,0
15507,0
15508,0
15509,0
15510,0
15511,0
15512,0
15513,0
15514,0
15515,0
15516,0
15517,0
15518,0
15519,0
15520,0
15521,0
15522,0
15523,0
15524,0
15525,0
15526,0
15527,0
15528,0
15529,0
15530,0
15531,0
15532,0
15533,0
15534,0
15535,0
15536,0
15537,0
15538,0
15539,0
15540,0
15541,0
15542,0
15543,0
15544,0
15545,0
15546,0
15547,0
15548,0
15549,0
15550,0
15551,0
15552,0
15553,0
15554,0
15555,0
15556,0
15557,0
15558,0
15559,0
15560,0
15561,0
15562,0
15563,0
15564,0
15565,0
15566,0
15567,0
15568,0
15569,0
15570,0
15571,0
15572,0
15573,0
15574,0
15575,0
15576,0
15577,0
15578,0
15579,0
15580,0
15581,0
15582,0
15583,0
15584,0
15585,0
15586,0
15587,0
15588,0
15589,0
15590,0
15591,0
15592,0
15593,0
15594,0
15595,0
15596,0
15597,0
15598,0
15599,0
15600,0
15601,0
15602,0
15603,0
15604,0
15605,0
15606,0
15607,0
15608,0
15609,0
15610,0
15611,0
15612,0
15613,0
15614,0
15615,0
15616,0
15617,0
15618,0
15619,0
15620,0
15621,0
15622,0
15623,0
15624,0
15625,0
15626,0
15627,0
15628,0
15629,0
15630,0
15631,0
15632,0
15633,0
15634,0
15635,0
15636,0
15637,0
15638,0
15639,0
15640,0
15641,0
15642,0
15643,0
15644,0
15645,0
15646,0
15647,0
15648,0
15649,0
15650,0
15651,0
15652,0
15653,0
15654,0
15655,0
15656,0
15657,0
15658,0
15659,0
15660,0
15661,0
15662,0
15663,0
15664,0
15665,0
15666,0
15667,0
15668,0
15669,0
15670,0
15671,0
15672,0
15673,0
15674,0
15675,0
15676,0
15677,0
15678,0
15679,0
15680,0
15681,0
15682,0
15683,0
15684,0
15685,0
15686,0
15687,0
15688,0
15689,0
15690,0
15691,0
15692,0
15693,0
15694,0
15695,0
15696,0
15697,0
15698,0
15699,0
15700,0
15701,0
15702,0
15703,0
15704,0
15705,0
15706,0
15707,0
15708,0
15709,0
15710,0
15711,0
15712,0
15713,0
15714,0
15715,0
15716,0
15717,0
15718,0
15719,0
15720,0
15721,0
15722,0
15723,0
15724,0
15725,0
15726,0
15727,0
15728,0
15729,0
15730,0
15731,0
15732,0
15733,0
15734,0
15735,0
15736,0
15737,0
15738,0
15739,0
15740,0
15741,0
15742,0
15743,0
15744,0
15745,0
15746,0
15747,0
15748,0
15749,0
15750,0
15751,0
15752,0
15753,0
15754,0
15755,0
15756,0
15757,0
15758,0
15759,0
15760,0
15761,0
15762,0
15763,0
15764,0
15765,0
15766,0
15767,0
15768,0
15769,0
15770,0
15771,0
15772,0
15773,0
15774,0
15775,0
15776,0
15777,0
15778,0
15779,0
15780,0
15781,0
15782,0
15783,0
15784,0
15785,0
15786,0
15787,0
15788,0
15789,0
15790,0
15791,0
15792,0
15793,0
15794,0
15795,0
15796,0
15797,0
15798,0
15799,0
15800,0
15801,0
15802,0
15803,0
15804,0
15805,0
15806,0
15807,0
15808,0
15809,0
15810,0
15811,0
15812,0
15813,0
15814,0
15815,0
15816,0
15817,0
15818,0
15819,0
15820,0
15821,0
15822,0
15823,0
15824,0
15825,0
15826,0
15827,0
15828,0
15829,0
15830,0
15831,0
15832,0
15833,0
15834,0
15835,0
15836,0
15837,0
15838,0
15839,0
15840,0
15841,0
15842,0
15843,0
15844,0
15845,0
15846,0
15847,0
15848,0
15849,0
15850,0
15851,0
15852,0
15853,0
15854,0
15855,0
15856,0
15857,0
15858,0
15859,0
15860,0
15861,0
15862,0
15863,0
15864,0
15865,0
15866,0
15867,0
15868,0
15869,0
15870,0
15871,0
15872,0
15873,0
15874,0
15875,0
15876,0
15877,0
15878,0
15879,0
15880,0
15881,0
15882,0
15883,0
15884,0
15885,0
15886,0
15887,0
15888,0
15889,0
15890,0
15891,0
15892,0
15893,0
15894,0
15895,0
15896,0
15897,0
15898,0
15899,0
15900,0
15901,0
15902,0
15903,0
15904,0
15905,0
15906,0
15907,0
15908,0
15909,0
15910,0
15911,0
15912,0
15913,0
15914,0
15915,0
15916,0
15917,0
15918,0
15919,0
15920,0
15921,0
15922,0
15923,0
15924,0
15925,0
15926,0
15927,0
15928,0
15929,0
15930,0
15931,0
15932,0
15933,0
15934,0
15935,0
15936,0
15937,0
15938,0
15939,0
15940,0
15941,0
15942,0
15943,0
15944,0
15945,0
15946,0
15947,0
15948,0
15949,0
15950,0
15951,0
15952,0
15953,0
15954,0
15955,0
15956,0
15957,0
15958,0
15959,0
15960,0
15961,0
15962,0
15963,0
15964,0
15965,0
15966,0
15967,0
15968,0
15969,0
15970,0
15971,0
15972,0
15973,0
15974,0
15975,0
15976,0
15977,0
15978,0
15979,0
15980,0
15981,0
15982,0
15983,0
15984,0
15985,0
15986,0
15987,0
15988,0
15989,0
15990,0
15991,0
15992,0
15993,0
15994,0
15995,0
15996,0
15997,0
15998,0
15999,0
16000,0
16001,0
16002,0
16003,0
16004,0
16005,0
16006,0
16007,0
16008,0
16009,0
16010,0
16011,0
16012,0
16013,0
16014,0
16015,0
16016,0
16017,0
16018,0
16019,0
16020,0
16021,0
16022,0
16023,0
16024,0
16025,0
16026,0
16027,0
16028,0
16029,0
16030,0
16031,0
16032,0
16033,0
16034,0
16035,0
16036,0
16037,0
16038,0
16039,0
16040,0
16041,0
16042,0
16043,0
16044,0
16045,0
16046,0
16047,0
16048,0
16049,0
16050,0
16051,0
16052,0
16053,0
16054,0
16055,0
16056,0
16057,0
16058,0
16059,0
16060,0
16061,0
16062,0
16063,0
16064,0
16065,0
16066,0
16067,0
16068,0
16069,0
16070,0
16071,0
16072,0
16073,0
16074,0
16075,0
16076,0
16077,0
16078,0
16079,0
16080,0
16081,0
16082,0
16083,0
16084,0
16085,0
16086,0
16087,0
16088,0
16089,0
16090,0
16091,0
16092,0
16093,0
16094,0
16095,0
16096,0
16097,0
16098,0
16099,0
16100,0
16101,0
16102,0
16103,0
16104,0
16105,0
16106,0
16107,0
16108,0
16109,0
16110,0
16111,0
16112,0
16113,0
16114,0
16115,0
16116,0
16117,0
16118,0
16119,0
16120,0
16121,0
16122,0
16123,0
16124,0
16125,0
16126,0
16127,0
16128,0
16129,0
16130,0
16131,0
16132,0
16133,0
16134,0
16135,0
16136,0
16137,0
16138,0
16139,0
16140,0
16141,0
16142,0
16143,0
16144,0
16145,0
16146,0
16147,0
16148,0
16149,0
16150,0
16151,0
16152,0
16153,0
16154,0
16155,0
16156,0
16157,0
16158,0
16159,0
16160,0
16161,0
16162,0
16163,0
16164,0
16165,0
16166,0
16167,0
16168,0
16169,0
16170,0
16171,0
16172,0
16173,0
16174,0
16175,0
16176,0
16177,0
16178,0
16179,0
16180,0
16181,0
16182,0
16183,0
16184,0
16185,0
16186,0
16187,0
16188,0
16189,0
16190,0
16191,0
16192,0
16193,0
16194,0
16195,0
16196,0
16197,0
16198,0
16199,0
16200,0
16201,0
16202,0
16203,0
16204,0
16205,0
16206,0
16207,0
16208,0
16209,0
16210,0
16211,0
16212,0
16213,0
16214,0
16215,0
16216,0
16217,0
16218,0
16219,0
16220,0
16221,0
16222,0
16223,0
16224,0
16225,0
16226,0
16227,0
16228,0
16229,0
16230,0
16231,0
16232,0
16233,0
16234,0
16235,0
16236,0
16237,0
16238,0
16239,0
16240,0
16241,0
16242,0
16243,0
16244,0
16245,0
16246,0
16247,0
16248,0
16249,0
16250,0
16251,0
16252,0
16253,0
16254,0
16255,0
16256,0
16257,0
16258,0
16259,0
16260,0
16261,0
16262,0
16263,0
16264,0
16265,0
16266,0
16267,0
16268,0
16269,0
16270,0
16271,0
16272,0
16273,0
16274,0
16275,0
16276,0
16277,0
16278,0
16279,0
16280,0
16281,0
16282,0
16283,0
16284,0
16285,0
16286,0
16287,0
16288,0
16289,0
16290,0
16291,0
16292,0
16293,0
16294,0
16295,0
16296,0
16297,0
16298,0
16299,0
16300,0
16301,0
16302,0
16303,0
16304,0
16305,0
16306,0
16307,0
16308,0
16309,0
16310,0
16311,0
16312,0
16313,0
16314,0
16315,0
16316,0
16317,0
16318,0
16319,0
16320,0
16321,0
16322,0
16323,0
16324,0
16325,0
16326,0
16327,0
16328,0
16329,0
16330,0
16331,0
16332,0
16333,0
16334,0
16335,0
16336,0
16337,0
16338,0
16339,0
16340,0
16341,0
16342,0
16343,0
16344,0
16345,0
16346,0
16347,0
16348,0
16349,0
16350,0
16351,0
16352,0
16353,0
16354,0
16355,0
16356,0
16357,0
16358,0
16359,0
16360,0
16361,0
16362,0
16363,0
16364,0
16365,0
16366,0
16367,0
16368,0
16369,0
16370,0
16371,0
16372,0
16373,0
16374,0
16375,0
16376,0
16377,0
16378,0
16379,0
16380,0
16381,0
16382,0
16383,0
16384,0
16385,0
16386,0
16387,0
16388,0
16389,0
16390,0
16391,0
16392,0
16393,0
16394,0
16395,0
16396,0
16397,0
16398,0
16399,0
16400,0
16401,0
16402,0
16403,0
16404,0
16405,0
16406,0
16407,0
16408,0
16409,0
16410,0
16411,0
16412,0
16413,0
16414,0
16415,0
16416,0
16417,0
16418,0
16419,0
16420,0
16421,0
16422,0
16423,0
16424,0
16425,0
16426,0
16427,0
16428,0
16429,0
16430,0
16431,0
16432,0
16433,0
16434,0
16435,0
16436,0
16437,0
16438,0
16439,0
16440,0
16441,0
16442,0
16443,0
16444,0
16445,0
16446,0
16447,0
16448,0
16449,0
16450,0
16451,0
16452,0
16453,0
16454,0
16455,0
16456,0
16457,0
16458,0
16459,0
16460,0
16461,0
16462,0
16463,0
16464,0
16465,0
16466,0
16467,0
16468,0
16469,0
16470,0
16471,0
16472,0
16473,0
16474,0
16475,0
16476,0
16477,0
16478,0
16479,0
16480,0
16481,0
16482,0
16483,0
16484,0
16485,0
16486,0
16487,0
16488,0
16489,0
16490,0
16491,0
16492,0
16493,0
16494,0
16495,0
16496,0
16497,0
16498,0
16499,0
16500,0
16501,0
16502,0
16503,0
16504,0
16505,0
16506,0
16507,0
16508,0
16509,0
16510,0
16511,0
16512,0
16513,0
16514,0
16515,0
16516,0
16517,0
16518,0
16519,0
16520,0
16521,0
16522,0
16523,0
16524,0
16525,0
16526,0
16527,0
16528,0
16529,0
16530,0
16531,0
16532,0
16533,0
16534,0
16535,0
16536,0
16537,0
16538,0
16539,0
16540,0
16541,0
16542,0
16543,0
16544,0
16545,0
16546,0
16547,0
16548,0
16549,0
16550,0
16551,0
16552,0
16553,0
16554,0
16555,0
16556,0
16557,0
16558,0
16559,0
16560,0
16561,0
16562,0
16563,0
16564,0
16565,0
16566,0
16567,0
16568,0
16569,0
16570,0
16571,0
16572,0
16573,0
16574,0
16575,0
16576,0
16577,0
16578,0
16579,0
16580,0
16581,0
16582,0
16583,0
16584,0
16585,0
16586,0
16587,0
16588,0
16589,0
16590,0
16591,0
16592,0
16593,0
16594,0
16595,0
16596,0
16597,0
16598,0
16599,0
16600,0
16601,0
16602,0
16603,0
16604,0
16605,0
16606,0
16607,0
16608,0
16609,0
16610,0
16611,0
16612,0
16613,0
16614,0
16615,0
16616,0
16617,0
16618,0
16619,0
16620,0
16621,0
16622,0
16623,0
16624,0
16625,0
16626,0
16627,0
16628,0
16629,0
16630,0
16631,0
16632,0
16633,0
16634,0
16635,0
16636,0
16637,0
16638,0
16639,0
16640,0
16641,0
16642,0
16643,0
16644,0
16645,0
16646,0
16647,0
16648,0
16649,0
16650,0
16651,0
16652,0
16653,0
16654,0
16655,0
16656,0
16657,0
16658,0
16659,0
16660,0
16661,0
16662,0
16663,0
16664,0
16665,0
16666,0
16667,0
16668,0
16669,0
16670,0
16671,0
16672,0
16673,0
16674,0
16675,0
16676,0
16677,0
16678,0
16679,0
16680,0
16681,0
16682,0
16683,0
16684,0
16685,0
16686,0
16687,0
16688,0
16689,0
16690,0
16691,0
16692,0
16693,0
16694,0
16695,0
16696,0
16697,0
16698,0
16699,0
16700,0
16701,0
16702,0
16703,0
16704,0
16705,0
16706,0
16707,0
16708,0
16709,0
16710,0
16711,0
16712,0
16713,0
16714,0
16715,0
16716,0
16717,0
16718,0
16719,0
16720,0
16721,0
16722,0
16723,0
16724,0
16725,0
16726,0
16727,0
16728,0
16729,0
16730,0
16731,0
16732,0
16733,0
16734,0
16735,0
16736,0
16737,0
16738,0
16739,0
16740,0
16741,0
16742,0
16743,0
16744,0
16745,0
16746,0
16747,0
16748,0
16749,0
16750,0
16751,0
16752,0
16753,0
16754,0
16755,0
16756,0
16757,0
16758,0
16759,0
16760,0
16761,0
16762,0
16763,0
16764,0
16765,0
16766,0
16767,0
16768,0
16769,0
16770,0
16771,0
16772,0
16773,0
16774,0
16775,0
16776,0
16777,0
16778,0
16779,0
16780,0
16781,0
16782,0
16783,0
16784,0
16785,0
16786,0
16787,0
16788,0
16789,0
16790,0
16791,0
16792,0
16793,0
16794,0
16795,0
16796,0
16797,0
16798,0
16799,0
16800,0
16801,0
16802,0
16803,0
16804,0
16805,0
16806,0
16807,0
16808,0
16809,0
16810,0
16811,0
16812,0
16813,0
16814,0
16815,0
16816,0
16817,0
16818,0
16819,0
16820,0
16821,0
16822,0
16823,0
16824,0
16825,0
16826,0
16827,0
16828,0
16829,0
16830,0
16831,0
16832,0
16833,0
16834,0
16835,0
16836,0
16837,0
16838,0
16839,0
16840,0
16841,0
16842,0
16843,0
16844,0
16845,0
16846,0
16847,0
16848,0
16849,0
16850,0
16851,0
16852,0
16853,0
16854,0
16855,0
16856,0
16857,0
16858,0
16859,0
16860,0
16861,0
16862,0
16863,0
16864,0
16865,0
16866,0
16867,0
16868,0
16869,0
16870,0
16871,0
16872,0
16873,0
16874,0
16875,0
16876,0
16877,0
16878,0
16879,0
16880,0
16881,0
16882,0
16883,0
16884,0
16885,0
16886,0
16887,0
16888,0
16889,0
16890,0
16891,0
16892,0
16893,0
16894,0
16895,0
16896,0
16897,0
16898,0
16899,0
16900,0
16901,0
16902,0
16903,0
16904,0
16905,0
16906,0
16907,0
16908,0
16909,0
16910,0
16911,0
16912,0
16913,0
16914,0
16915,0
16916,0
16917,0
16918,0
16919,0
16920,0
16921,0
16922,0
16923,0
16924,0
16925,0
16926,0
16927,0
16928,0
16929,0
16930,0
16931,0
16932,0
16933,0
16934,0
16935,0
16936,0
16937,0
16938,0
16939,0
16940,0
16941,0
16942,0
16943,0
16944,0
16945,0
16946,0
16947,0
16948,0
16949,0
16950,0
16951,0
16952,0
16953,0
16954,0
16955,0
16956,0
16957,0
16958,0
16959,0
16960,0
16961,0
16962,0
16963,0
16964,0
16965,0
16966,0
16967,0
16968,0
16969,0
16970,0
16971,0
16972,0
16973,0
16974,0
16975,0
16976,0
16977,0
16978,0
16979,0
16980,0
16981,0
16982,0
16983,0
16984,0
16985,0
16986,0
16987,0
16988,0
16989,0
16990,0
16991,0
16992,0
16993,0
16994,0
16995,0
16996,0
16997,0
16998,0
16999,0
17000,0
17001,0
17002,0
17003,0
17004,0
17005,0
17006,0
17007,0
17008,0
17009,0
17010,0
17011,0
17012,0
17013,0
17014,0
17015,0
17016,0
17017,0
17018,0
17019,0
17020,0
17021,0
17022,0
17023,0
17024,0
17025,0
17026,0
17027,0
17028,0
17029,0
17030,0
17031,0
17032,0
17033,0
17034,0
17035,0
17036,0
17037,0
17038,0
17039,0
17040,0
17041,0
17042,0
17043,0
17044,0
17045,0
17046,0
17047,0
17048,0
17049,0
17050,0
17051,0
17052,0
17053,0
17054,0
17055,0
17056,0
17057,0
17058,0
17059,0
17060,0
17061,0
17062,0
17063,0
17064,0
17065,0
17066,0
17067,0
17068,0
17069,0
17070,0
17071,0
17072,0
17073,0
17074,0
17075,0
17076,0
17077,0
17078,0
17079,0
17080,0
17081,0
17082,0
17083,0
17084,0
17085,0
17086,0
17087,0
17088,0
17089,0
17090,0
17091,0
17092,0
17093,0
17094,0
17095,0
17096,0
17097,0
17098,0
17099,0
17100,0
17101,0
17102,0
17103,0
17104,0
17105,0
17106,0
17107,0
17108,0
17109,0
17110,0
17111,0
17112,0
17113,0
17114,0
17115,0
17116,0
17117,0
17118,0
17119,0
17120,0
17121,0
17122,0
17123,0
17124,0
17125,0
17126,0
17127,0
17128,0
17129,0
17130,0
17131,0
17132,0
17133,0
17134,0
17135,0
17136,0
17137,0
17138,0
17139,0
17140,0
17141,0
17142,0
17143,0
17144,0
17145,0
17146,0
17147,0
17148,0
17149,0
17150,0
17151,0
17152,0
17153,0
17154,0
17155,0
17156,0
17157,0
17158,0
17159,0
17160,0
17161,0
17162,0
17163,0
17164,0
17165,0
17166,0
17167,0
17168,0
17169,0
17170,0
17171,0
17172,0
17173,0
17174,0
17175,0
17176,0
17177,0
17178,0
17179,0
17180,0
17181,0
17182,0
17183,0
17184,0
17185,0
17186,0
17187,0
17188,0
17189,0
17190,0
17191,0
17192,0
17193,0
17194,0
17195,0
17196,0
17197,0
17198,0
17199,0
17200,0
17201,0
17202,0
17203,0
17204,0
17205,0
17206,0
17207,0
17208,0
17209,0
17210,0
17211,0
17212,0
17213,0
17214,0
17215,0
17216,0
17217,0
17218,0
17219,0
17220,0
17221,0
17222,0
17223,0
17224,0
17225,0
17226,0
17227,0
17228,0
17229,0
17230,0
17231,0
17232,0
17233,0
17234,0
17235,0
17236,0
17237,0
17238,0
17239,0
17240,0
17241,0
17242,0
17243,0
17244,0
17245,0
17246,0
17247,0
17248,0
17249,0
17250,0
17251,0
17252,0
17253,0
17254,0
17255,0
17256,0
17257,0
17258,0
17259,0
17260,0
17261,0
17262,0
17263,0
17264,0
17265,0
17266,0
17267,0
17268,0
17269,0
17270,0
17271,0
17272,0
17273,0
17274,0
17275,0
17276,0
17277,0
17278,0
17279,0
17280,0
17281,0
17282,0
17283,0
17284,0
17285,0
17286,0
17287,0
17288,0
17289,0
17290,0
17291,0
17292,0
17293,0
17294,0
17295,0
17296,0
17297,0
17298,0
17299,0
17300,0
17301,0
17302,0
17303,0
17304,0
17305,0
17306,0
17307,0
17308,0
17309,0
17310,0
17311,0
17312,0
17313,0
17314,0
17315,0
17316,0
17317,0
17318,0
17319,0
17320,0
17321,0
17322,0
17323,0
17324,0
17325,0
17326,0
17327,0
17328,0
17329,0
17330,0
17331,0
17332,0
17333,0
17334,0
17335,0
17336,0
17337,0
17338,0
17339,0
17340,0
17341,0
17342,0
17343,0
17344,0
17345,0
17346,0
17347,0
17348,0
17349,0
17350,0
17351,0
17352,0
17353,0
17354,0
17355,0
17356,0
17357,0
17358,0
17359,0
17360,0
17361,0
17362,0
17363,0
17364,0
17365,0
17366,0
17367,0
17368,0
17369,0
17370,0
17371,0
17372,0
17373,0
17374,0
17375,0
17376,0
17377,0
17378,0
17379,0
17380,0
17381,0
17382,0
17383,0
17384,0
17385,0
17386,0
17387,0
17388,0
17389,0
17390,0
17391,0
17392,0
17393,0
17394,0
17395,0
17396,0
17397,0
17398,0
17399,0
17400,0
17401,0
17402,0
17403,0
17404,0
17405,0
17406,0
17407,0
17408,0
17409,0
17410,0
17411,0
17412,0
17413,0
17414,0
17415,0
17416,0
17417,0
17418,0
17419,0
17420,0
17421,0
17422,0
17423,0
17424,0
17425,0
17426,0
17427,0
17428,0
17429,0
17430,0
17431,0
17432,0
17433,0
17434,0
17435,0
17436,0
17437,0
17438,0
17439,0
17440,0
17441,0
17442,0
17443,0
17444,0
17445,0
17446,0
17447,0
17448,0
17449,0
17450,0
17451,0
17452,0
17453,0
17454,0
17455,0
17456,0
17457,0
17458,0
17459,0
17460,0
17461,0
17462,0
17463,0
17464,0
17465,0
17466,0
17467,0
17468,0
17469,0
17470,0
17471,0
17472,0
17473,0
17474,0
17475,0
17476,0
17477,0
17478,0
17479,0
17480,0
17481,0
17482,0
17483,0
17484,0
17485,0
17486,0
17487,0
17488,0
17489,0
17490,0
17491,0
17492,0
17493,0
17494,0
17495,0
17496,0
17497,0
17498,0
17499,0
17500,0
17501,0
17502,0
17503,0
17504,0
17505,0
17506,0
17507,0
17508,0
17509,0
17510,0
17511,0
17512,0
17513,0
17514,0
17515,0
17516,0
17517,0
17518,0
17519,0
17520,0
17521,0
17522,0
17523,0
17524,0
17525,0
17526,0
17527,0
17528,0
17529,0
17530,0
17531,0
17532,0
17533,0
17534,0
17535,0
17536,0
17537,0
17538,0
17539,0
17540,0
17541,0
17542,0
17543,0
17544,0
17545,0
17546,0
17547,0
17548,0
17549,0
17550,0
17551,0
17552,0
17553,0
17554,0
17555,0
17556,0
17557,0
17558,0
17559,0
17560,0
17561,0
17562,0
17563,0
17564,0
17565,0
17566,0
17567,0
17568,0
17569,0
17570,0
17571,0
17572,0
17573,0
17574,0
17575,0
17576,0
17577,0
17578,0
17579,0
17580,0
17581,0
17582,0
17583,0
17584,0
17585,0
17586,0
17587,0
17588,0
17589,0
17590,0
17591,0
17592,0
17593,0
17594,0
17595,0
17596,0
17597,0
17598,0
17599,0
17600,0
17601,0
17602,0
17603,0
17604,0
17605,0
17606,0
17607,0
17608,0
17609,0
17610,0
17611,0
17612,0
17613,0
17614,0
17615,0
17616,0
17617,0
17618,0
17619,0
17620,0
17621,0
17622,0
17623,0
17624,0
17625,0
17626,0
17627,0
17628,0
17629,0
17630,0
17631,0
17632,0
17633,0
17634,0
17635,0
17636,0
17637,0
17638,0
17639,0
17640,0
17641,0
17642,0
17643,0
17644,0
17645,0
17646,0
17647,0
17648,0
17649,0
17650,0
17651,0
17652,0
17653,0
17654,0
17655,0
17656,0
17657,0
17658,0
17659,0
17660,0
17661,0
17662,0
17663,0
17664,0
17665,0
17666,0
17667,0
17668,0
17669,0
17670,0
17671,0
17672,0
17673,0
17674,0
17675,0
17676,0
17677,0
17678,0
17679,0
17680,0
17681,0
17682,0
17683,0
17684,0
17685,0
17686,0
17687,0
17688,0
17689,0
17690,0
17691,0
17692,0
17693,0
17694,0
17695,0
17696,0
17697,0
17698,0
17699,0
17700,0
17701,0
17702,0
17703,0
17704,0
17705,0
17706,0
17707,0
17708,0
17709,0
17710,0
17711,0
17712,0
17713,0
17714,0
17715,0
17716,0
17717,0
17718,0
17719,0
17720,0
17721,0
17722,0
17723,0
17724,0
17725,0
17726,0
17727,0
17728,0
17729,0
17730,0
17731,0
17732,0
17733,0
17734,0
17735,0
17736,0
17737,0
17738,0
17739,0
17740,0
17741,0
17742,0
17743,0
17744,0
17745,0
17746,0
17747,0
17748,0
17749,0
17750,0
17751,0
17752,0
17753,0
17754,0
17755,0
17756,0
17757,0
17758,0
17759,0
17760,0
17761,0
17762,0
17763,0
17764,0
17765,0
17766,0
17767,0
17768,0
17769,0
17770,0
17771,0
17772,0
17773,0
17774,0
17775,0
17776,0
17777,0
17778,0
17779,0
17780,0
17781,0
17782,0
17783,0
17784,0
17785,0
17786,0
17787,0
17788,0
17789,0
17790,0
17791,0
17792,0
17793,0
17794,0
17795,0
17796,0
17797,0
17798,0
17799,0
17800,0
17801,0
17802,0
17803,0
17804,0
17805,0
17806,0
17807,0
17808,0
17809,0
17810,0
17811,0
17812,0
17813,0
17814,0
17815,0
17816,0
17817,0
17818,0
17819,0
17820,0
17821,0
17822,0
17823,0
17824,0
17825,0
17826,0
17827,0
17828,0
17829,0
17830,0
17831,0
17832,0
17833,0
17834,0
17835,0
17836,0
17837,0
17838,0
17839,0
17840,0
17841,0
17842,0
17843,0
17844,0
17845,0
17846,0
17847,0
17848,0
17849,0
17850,0
17851,0
17852,0
17853,0
17854,0
17855,0
17856,0
17857,0
17858,0
17859,0
17860,0
17861,0
17862,0
17863,0
17864,0
17865,0
17866,0
17867,0
17868,0
17869,0
17870,0
17871,0
17872,0
17873,0
17874,0
17875,0
17876,0
17877,0
17878,0
17879,0
17880,0
17881,0
17882,0
17883,0
17884,0
17885,0
17886,0
17887,0
17888,0
17889,0
17890,0
17891,0
17892,0
17893,0
17894,0
17895,0
17896,0
17897,0
17898,0
17899,0
17900,0
17901,0
17902,0
17903,0
17904,0
17905,0
17906,0
17907,0
17908,0
17909,0
17910,0
17911,0
17912,0
17913,0
17914,0
17915,0
17916,0
17917,0
17918,0
17919,0
17920,0
17921,0
17922,0
17923,0
17924,0
17925,0
17926,0
17927,0
17928,0
17929,0
17930,0
17931,0
17932,0
17933,0
17934,0
17935,0
17936,0
17937,0
17938,0
17939,0
17940,0
17941,0
17942,0
17943,0
17944,0
17945,0
17946,0
17947,0
17948,0
17949,0
17950,0
17951,0
17952,0
17953,0
17954,0
17955,0
17956,0
17957,0
17958,0
17959,0
17960,0
17961,0
17962,0
17963,0
17964,0
17965,0
17966,0
17967,0
17968,0
17969,0
17970,0
17971,0
17972,0
17973,0
17974,0
17975,0
17976,0
17977,0
17978,0
17979,0
17980,0
17981,0
17982,0
17983,0
17984,0
17985,0
17986,0
17987,0
17988,0
17989,0
17990,0
17991,0
17992,0
17993,0
17994,0
17995,0
17996,0
17997,0
17998,0
17999,0
18000,0
18001,0
18002,0
18003,0
18004,0
18005,0
18006,0
18007,0
18008,0
18009,0
18010,0
18011,0
18012,0
18013,0
18014,0
18015,0
18016,0
18017,0
18018,0
18019,0
18020,0
18021,0
18022,0
18023,0
18024,0
18025,0
18026,0
18027,0
18028,0
18029,0
18030,0
18031,0
18032,0
18033,0
18034,0
18035,0
18036,0
18037,0
18038,0
18039,0
18040,0
18041,0
18042,0
18043,0
18044,0
18045,0
18046,0
18047,0
18048,0
18049,0
18050,0
18051,0
18052,0
18053,0
18054,0
18055,0
18056,0
18057,0
18058,0
18059,0
18060,0
18061,0
18062,0
18063,0
18064,0
18065,0
18066,0
18067,0
18068,0
18069,0
18070,0
18071,0
18072,0
18073,0
18074,0
18075,0
18076,0
18077,0
18078,0
18079,0
18080,0
18081,0
18082,0
18083,0
18084,0
18085,0
18086,0
18087,0
18088,0
18089,0
18090,0
18091,0
18092,0
18093,0
18094,0
18095,0
18096,0
18097,0
18098,0
18099,0
18100,0
18101,0
18102,0
18103,0
18104,0
18105,0
18106,0
18107,0
18108,0
18109,0
18110,0
18111,0
18112,0
18113,0
18114,0
18115,0
18116,0
18117,0
18118,0
18119,0
18120,0
18121,0
18122,0
18123,0
18124,0
18125,0
18126,0
18127,0
18128,0
18129,0
18130,0
18131,0
18132,0
18133,0
18134,0
18135,0
18136,0
18137,0
18138,0
18139,0
18140,0
18141,0
18142,0
18143,0
18144,0
18145,0
18146,0
18147,0
18148,0
18149,0
18150,0
18151,0
18152,0
18153,0
18154,0
18155,0
18156,0
18157,0
18158,0
18159,0
18160,0
18161,0
18162,0
18163,0
18164,0
18165,0
18166,0
18167,0
18168,0
18169,0
18170,0
18171,0
18172,0
18173,0
18174,0
18175,0
18176,0
18177,0
18178,0
18179,0
18180,0
18181,0
18182,0
18183,0
18184,0
18185,0
18186,0
18187,0
18188,0
18189,0
18190,0
18191,0
18192,0
18193,0
18194,0
18195,0
18196,0
18197,0
18198,0
18199,0
18200,0
18201,0
18202,0
18203,0
18204,0
18205,0
18206,0
18207,0
18208,0
18209,0
18210,0
18211,0
18212,0
18213,0
18214,0
18215,0
18216,0
18217,0
18218,0
18219,0
18220,0
18221,0
18222,0
18223,0
18224,0
18225,0
18226,0
18227,0
18228,0
18229,0
18230,0
18231,0
18232,0
18233,0
18234,0
18235,0
18236,0
18237,0
18238,0
18239,0
18240,0
18241,0
18242,0
18243,0
18244,0
18245,0
18246,0
18247,0
18248,0
18249,0
18250,0
18251,0
18252,0
18253,0
18254,0
18255,0
18256,0
18257,0
18258,0
18259,0
18260,0
18261,0
18262,0
18263,0
18264,0
18265,0
18266,0
18267,0
18268,0
18269,0
18270,0
18271,0
18272,0
18273,0
18274,0
18275,0
18276,0
18277,0
18278,0
18279,0
18280,0
18281,0
18282,0
18283,0
18284,0
18285,0
18286,0
18287,0
18288,0
18289,0
18290,0
18291,0
18292,0
18293,0
18294,0
18295,0
18296,0
18297,0
18298,0
18299,0
18300,0
18301,0
18302,0
18303,0
18304,0
18305,0
18306,0
18307,0
18308,0
18309,0
18310,0
18311,0
18312,0
18313,0
18314,0
18315,0
18316,0
18317,0
18318,0
18319,0
18320,0
18321,0
18322,0
18323,0
18324,0
18325,0
18326,0
18327,0
18328,0
18329,0
18330,0
18331,0
18332,0
18333,0
18334,0
18335,0
18336,0
18337,0
18338,0
18339,0
18340,0
18341,0
18342,0
18343,0
18344,0
18345,0
18346,0
18347,0
18348,0
18349,0
18350,0
18351,0
18352,0
18353,0
18354,0
18355,0
18356,0
18357,0
18358,0
18359,0
18360,0
18361,0
18362,0
18363,0
18364,0
18365,0
18366,0
18367,0
18368,0
18369,0
18370,0
18371,0
18372,0
18373,0
18374,0
18375,0
18376,0
18377,0
18378,0
18379,0
18380,0
18381,0
18382,0
18383,0
18384,0
18385,0
18386,0
18387,0
18388,0
18389,0
18390,0
18391,0
18392,0
18393,0
18394,0
18395,0
18396,0
18397,0
18398,0
18399,0
18400,0
18401,0
18402,0
18403,0
18404,0
18405,0
18406,0
18407,0
18408,0
18409,0
18410,0
18411,0
18412,0
18413,0
18414,0
18415,0
18416,0
18417,0
18418,0
18419,0
18420,0
18421,0
18422,0
18423,0
18424,0
18425,0
18426,0
18427,0
18428,0
18429,0
18430,0
18431,0
18432,0
18433,0
18434,0
18435,0
18436,0
18437,0
18438,0
18439,0
18440,0
18441,0
18442,0
18443,0
18444,0
18445,0
18446,0
18447,0
18448,0
18449,0
18450,0
18451,0
18452,0
18453,0
18454,0
18455,0
18456,0
18457,0
18458,0
18459,0
18460,0
18461,0
18462,0
18463,0
18464,0
18465,0
18466,0
18467,0
18468,0
18469,0
18470,0
18471,0
18472,0
18473,0
18474,0
18475,0
18476,0
18477,0
18478,0
18479,0
18480,0
18481,0
18482,0
18483,0
18484,0
18485,0
18486,0
18487,0
18488,0
18489,0
18490,0
18491,0
18492,0
18493,0
18494,0
18495,0
18496,0
18497,0
18498,0
18499,0
18500,0
18501,0
18502,0
18503,0
18504,0
18505,0
18506,0
18507,0
18508,0
18509,0
18510,0
18511,0
18512,0
18513,0
18514,0
18515,0
18516,0
18517,0
18518,0
18519,0
18520,0
18521,0
18522,0
18523,0
18524,0
18525,0
18526,0
18527,0
18528,0
18529,0
18530,0
18531,0
18532,0
18533,0
18534,0
18535,0
18536,0
18537,0
18538,0
18539,0
18540,0
18541,0
18542,0
18543,0
18544,0
18545,0
18546,0
18547,0
18548,0
18549,0
18550,0
18551,0
18552,0
18553,0
18554,0
18555,0
18556,0
18557,0
18558,0
18559,0
18560,0
18561,0
18562,0
18563,0
18564,0
18565,0
18566,0
18567,0
18568,0
18569,0
18570,0
18571,0
18572,0
18573,0
18574,0
18575,0
18576,0
18577,0
18578,0
18579,0
18580,0
18581,0
18582,0
18583,0
18584,0
18585,0
18586,0
18587,0
18588,0
18589,0
18590,0
18591,0
18592,0
18593,0
18594,0
18595,0
18596,0
18597,0
18598,0
18599,0
18600,0
18601,0
18602,0
18603,0
18604,0
18605,0
18606,0
18607,0
18608,0
18609,0
18610,0
18611,0
18612,0
18613,0
18614,0
18615,0
18616,0
18617,0
18618,0
18619,0
18620,0
18621,0
18622,0
18623,0
18624,0
18625,0
18626,0
18627,0
18628,0
18629,0
18630,0
18631,0
18632,0
18633,0
18634,0
18635,0
18636,0
18637,0
18638,0
18639,0
18640,0
18641,0
18642,0
18643,0
18644,0
18645,0
18646,0
18647,0
18648,0
18649,0
18650,0
18651,0
18652,0
18653,0
18654,0
18655,0
18656,0
18657,0
18658,0
18659,0
18660,0
18661,0
18662,0
18663,0
18664,0
18665,0
18666,0
18667,0
18668,0
18669,0
18670,0
18671,0
18672,0
18673,0
18674,0
18675,0
18676,0
18677,0
18678,0
18679,0
18680,0
18681,0
18682,0
18683,0
18684,0
18685,0
18686,0
18687,0
18688,0
18689,0
18690,0
18691,0
18692,0
18693,0
18694,0
18695,0
18696,0
18697,0
18698,0
18699,0
18700,0
18701,0
18702,0
18703,0
18704,0
18705,0
18706,0
18707,0
18708,0
18709,0
18710,0
18711,0
18712,0
18713,0
18714,0
18715,0
18716,0
18717,0
18718,0
18719,0
18720,0
18721,0
18722,0
18723,0
18724,0
18725,0
18726,0
18727,0
18728,0
18729,0
18730,0
18731,0
18732,0
18733,0
18734,0
18735,0
18736,0
18737,0
18738,0
18739,0
18740,0
18741,0
18742,0
18743,0
18744,0
18745,0
18746,0
18747,0
18748,0
18749,0
18750,0
18751,0
18752,0
18753,0
18754,0
18755,0
18756,0
18757,0
18758,0
18759,0
18760,0
18761,0
18762,0
18763,0
18764,0
18765,0
18766,0
18767,0
18768,0
18769,0
18770,0
18771,0
18772,0
18773,0
18774,0
18775,0
18776,0
18777,0
18778,0
18779,0
18780,0
18781,0
18782,0
18783,0
18784,0
18785,0
18786,0
18787,0
18788,0
18789,0
18790,0
18791,0
18792,0
18793,0
18794,0
18795,0
18796,0
18797,0
18798,0
18799,0
18800,0
18801,0
18802,0
18803,0
18804,0
18805,0
18806,0
18807,0
18808,0
18809,0
18810,0
18811,0
18812,0
18813,0
18814,0
18815,0
18816,0
18817,0
18818,0
18819,0
18820,0
18821,0
18822,0
18823,0
18824,0
18825,0
18826,0
18827,0
18828,0
18829,0
18830,0
18831,0
18832,0
18833,0
18834,0
18835,0
18836,0
18837,0
18838,0
18839,0
18840,0
18841,0
18842,0
18843,0
18844,0
18845,0
18846,0
18847,0
18848,0
18849,0
18850,0
18851,0
18852,0
18853,0
18854,0
18855,0
18856,0
18857,0
18858,0
18859,0
18860,0
18861,0
18862,0
18863,0
18864,0
18865,0
18866,0
18867,0
18868,0
18869,0
18870,0
18871,0
18872,0
18873,0
18874,0
18875,0
18876,0
18877,0
18878,0
18879,0
18880,0
18881,0
18882,0
18883,0
18884,0
18885,0
18886,0
18887,0
18888,0
18889,0
18890,0
18891,0
18892,0
18893,0
18894,0
18895,0
18896,0
18897,0
18898,0
18899,0
18900,0
18901,0
18902,0
18903,0
18904,0
18905,0
18906,0
18907,0
18908,0
18909,0
18910,0
18911,0
18912,0
18913,0
18914,0
18915,0
18916,0
18917,0
18918,0
18919,0
18920,0
18921,0
18922,0
18923,0
18924,0
18925,0
18926,0
18927,0
18928,0
18929,0
18930,0
18931,0
18932,0
18933,0
18934,0
18935,0
18936,0
18937,0
18938,0
18939,0
18940,0
18941,0
18942,0
18943,0
18944,0
18945,0
18946,0
18947,0
18948,0
18949,0
18950,0
18951,0
18952,0
18953,0
18954,0
18955,0
18956,0
18957,0
18958,0
18959,0
18960,0
18961,0
18962,0
18963,0
18964,0
18965,0
18966,0
18967,0
18968,0
18969,0
18970,0
18971,0
18972,0
18973,0
18974,0
18975,0
18976,0
18977,0
18978,0
18979,0
18980,0
18981,0
18982,0
18983,0
18984,0
18985,0
18986,0
18987,0
18988,0
18989,0
18990,0
18991,0
18992,0
18993,0
18994,0
18995,0
18996,0
18997,0
18998,0
18999,0
19000,0
19001,0
19002,0
19003,0
19004,0
19005,0
19006,0
19007,0
19008,0
19009,0
19010,0
19011,0
19012,0
19013,0
19014,0
19015,0
19016,0
19017,0
19018,0
19019,0
19020,0
19021,0
19022,0
19023,0
19024,0
19025,0
19026,0
19027,0
19028,0
19029,0
19030,0
19031,0
19032,0
19033,0
19034,0
19035,0
19036,0
19037,0
19038,0
19039,0
19040,0
19041,0
19042,0
19043,0
19044,0
19045,0
19046,0
19047,0
19048,0
19049,0
19050,0
19051,0
19052,0
19053,0
19054,0
19055,0
19056,0
19057,0
19058,0
19059,0
19060,0
19061,0
19062,0
19063,0
19064,0
19065,0
19066,0
19067,0
19068,0
19069,0
19070,0
19071,0
19072,0
19073,0
19074,0
19075,0
19076,0
19077,0
19078,0
19079,0
19080,0
19081,0
19082,0
19083,0
19084,0
19085,0
19086,0
19087,0
19088,0
19089,0
19090,0
19091,0
19092,0
19093,0
19094,0
19095,0
19096,0
19097,0
19098,0
19099,0
19100,0
19101,0
19102,0
19103,0
19104,0
19105,0
19106,0
19107,0
19108,0
19109,0
19110,0
19111,0
19112,0
19113,0
19114,0
19115,0
19116,0
19117,0
19118,0
19119,0
19120,0
19121,0
19122,0
19123,0
19124,0
19125,0
19126,0
19127,0
19128,0
19129,0
19130,0
19131,0
19132,0
19133,0
19134,0
19135,0
19136,0
19137,0
19138,0
19139,0
19140,0
19141,0
19142,0
19143,0
19144,0
19145,0
19146,0
19147,0
19148,0
19149,0
19150,0
19151,0
19152,0
19153,0
19154,0
19155,0
19156,0
19157,0
19158,0
19159,0
19160,0
19161,0
19162,0
19163,0
19164,0
19165,0
19166,0
19167,0
19168,0
19169,0
19170,0
19171,0
19172,0
19173,0
19174,0
19175,0
19176,0
19177,0
19178,0
19179,0
19180,0
19181,0
19182,0
19183,0
19184,0
19185,0
19186,0
19187,0
19188,0
19189,0
19190,0
19191,0
19192,0
19193,0
19194,0
19195,0
19196,0
19197,0
19198,0
19199,0
19200,0
19201,0
19202,0
19203,0
19204,0
19205,0
19206,0
19207,0
19208,0
19209,0
19210,0
19211,0
19212,0
19213,0
19214,0
19215,0
19216,0
19217,0
19218,0
19219,0
19220,0
19221,0
19222,0
19223,0
19224,0
19225,0
19226,0
19227,0
19228,0
19229,0
19230,0
19231,0
19232,0
19233,0
19234,0
19235,0
19236,0
19237,0
19238,0
19239,0
19240,0
19241,0
19242,0
19243,0
19244,0
19245,0
19246,0
19247,0
19248,0
19249,0
19250,0
19251,0
19252,0
19253,0
19254,0
19255,0
19256,0
19257,0
19258,0
19259,0
19260,0
19261,0
19262,0
19263,0
19264,0
19265,0
19266,0
19267,0
19268,0
19269,0
19270,0
19271,0
19272,0
19273,0
19274,0
19275,0
19276,0
19277,0
19278,0
19279,0
19280,0
19281,0
19282,0
19283,0
19284,0
19285,0
19286,0
19287,0
19288,0
19289,0
19290,0
19291,0
19292,0
19293,0
19294,0
19295,0
19296,0
19297,0
19298,0
19299,0
19300,0
19301,0
19302,0
19303,0
19304,0
19305,0
19306,0
19307,0
19308,0
19309,0
19310,0
19311,0
19312,0
19313,0
19314,0
19315,0
19316,0
19317,0
19318,0
19319,0
19320,0
19321,0
19322,0
19323,0
19324,0
19325,0
19326,0
19327,0
19328,0
19329,0
19330,0
19331,0
19332,0
19333,0
19334,0
19335,0
19336,0
19337,0
19338,0
19339,0
19340,0
19341,0
19342,0
19343,0
19344,0
19345,0
19346,0
19347,0
19348,0
19349,0
19350,0
19351,0
19352,0
19353,0
19354,0
19355,0
19356,0
19357,0
19358,0
19359,0
19360,0
19361,0
19362,0
19363,0
19364,0
19365,0
19366,0
19367,0
19368,0
19369,0
19370,0
19371,0
19372,0
19373,0
19374,0
19375,0
19376,0
19377,0
19378,0
19379,0
19380,0
19381,0
19382,0
19383,0
19384,0
19385,0
19386,0
19387,0
19388,0
19389,0
19390,0
19391,0
19392,0
19393,0
19394,0
19395,0
19396,0
19397,0
19398,0
19399,0
19400,0
19401,0
19402,0
19403,0
19404,0
19405,0
19406,0
19407,0
19408,0
19409,0
19410,0
19411,0
19412,0
19413,0
19414,0
19415,0
19416,0
19417,0
19418,0
19419,0
19420,0
19421,0
19422,0
19423,0
19424,0
19425,0
19426,0
19427,0
19428,0
19429,0
19430,0
19431,0
19432,0
19433,0
19434,0
19435,0
19436,0
19437,0
19438,0
19439,0
19440,0
19441,0
19442,0
19443,0
19444,0
19445,0
19446,0
19447,0
19448,0
19449,0
19450,0
19451,0
19452,0
19453,0
19454,0
19455,0
19456,0
19457,0
19458,0
19459,0
19460,0
19461,0
19462,0
19463,0
19464,0
19465,0
19466,0
19467,0
19468,0
19469,0
19470,0
19471,0
19472,0
19473,0
19474,0
19475,0
19476,0
19477,0
19478,0
19479,0
19480,0
19481,0
19482,0
19483,0
19484,0
19485,0
19486,0
19487,0
19488,0
19489,0
19490,0
19491,0
19492,0
19493,0
19494,0
19495,0
19496,0
19497,0
19498,0
19499,0
19500,0
19501,0
19502,0
19503,0
19504,0
19505,0
19506,0
19507,0
19508,0
19509,0
19510,0
19511,0
19512,0
19513,0
19514,0
19515,0
19516,0
19517,0
19518,0
19519,0
19520,0
19521,0
19522,0
19523,0
19524,0
19525,0
19526,0
19527,0
19528,0
19529,0
19530,0
19531,0
19532,0
19533,0
19534,0
19535,0
19536,0
19537,0
19538,0
19539,0
19540,0
19541,0
19542,0
19543,0
19544,0
19545,0
19546,0
19547,0
19548,0
19549,0
19550,0
19551,0
19552,0
19553,0
19554,0
19555,0
19556,0
19557,0
19558,0
19559,0
19560,0
19561,0
19562,0
19563,0
19564,0
19565,0
19566,0
19567,0
19568,0
19569,0
19570,0
19571,0
19572,0
19573,0
19574,0
19575,0
19576,0
19577,0
19578,0
19579,0
19580,0
19581,0
19582,0
19583,0
19584,0
19585,0
19586,0
19587,0
19588,0
19589,0
19590,0
19591,0
19592,0
19593,0
19594,0
19595,0
19596,0
19597,0
19598,0
19599,0
19600,0
19601,0
19602,0
19603,0
19604,0
19605,0
19606,0
19607,0
19608,0
19609,0
19610,0
19611,0
19612,0
19613,0
19614,0
19615,0
19616,0
19617,0
19618,0
19619,0
19620,0
19621,0
19622,0
19623,0
19624,0
19625,0
19626,0
19627,0
19628,0
19629,0
19630,0
19631,0
19632,0
19633,0
19634,0
19635,0
19636,0
19637,0
19638,0
19639,0
19640,0
19641,0
19642,0
19643,0
19644,0
19645,0
19646,0
19647,0
19648,0
19649,0
19650,0
19651,0
19652,0
19653,0
19654,0
19655,0
19656,0
19657,0
19658,0
19659,0
19660,0
19661,0
19662,0
19663,0
19664,0
19665,0
19666,0
19667,0
19668,0
19669,0
19670,0
19671,0
19672,0
19673,0
19674,0
19675,0
19676,0
19677,0
19678,0
19679,0
19680,0
19681,0
19682,0
19683,0
19684,0
19685,0
19686,0
19687,0
19688,0
19689,0
19690,0
19691,0
19692,0
19693,0
19694,0
19695,0
19696,0
19697,0
19698,0
19699,0
19700,0
19701,0
19702,0
19703,0
19704,0
19705,0
19706,0
19707,0
19708,0
19709,0
19710,0
19711,0
19712,0
19713,0
19714,0
19715,0
19716,0
19717,0
19718,0
19719,0
19720,0
19721,0
19722,0
19723,0
19724,0
19725,0
19726,0
19727,0
19728,0
19729,0
19730,0
19731,0
19732,0
19733,0
19734,0
19735,0
19736,0
19737,0
19738,0
19739,0
19740,0
19741,0
19742,0
19743,0
19744,0
19745,0
19746,0
19747,0
19748,0
19749,0
19750,0
19751,0
19752,0
19753,0
19754,0
19755,0
19756,0
19757,0
19758,0
19759,0
19760,0
19761,0
19762,0
19763,0
19764,0
19765,0
19766,0
19767,0
19768,0
19769,0
19770,0
19771,0
19772,0
19773,0
19774,0
19775,0
19776,0
19777,0
19778,0
19779,0
19780,0
19781,0
19782,0
19783,0
19784,0
19785,0
19786,0
19787,0
19788,0
19789,0
19790,0
19791,0
19792,0
19793,0
19794,0
19795,0
19796,0
19797,0
19798,0
19799,0
19800,0
19801,0
19802,0
19803,0
19804,0
19805,0
19806,0
19807,0
19808,0
19809,0
19810,0
19811,0
19812,0
19813,0
19814,0
19815,0
19816,0
19817,0
19818,0
19819,0
19820,0
19821,0
19822,0
19823,0
19824,0
19825,0
19826,0
19827,0
19828,0
19829,0
19830,0
19831,0
19832,0
19833,0
19834,0
19835,0
19836,0
19837,0
19838,0
19839,0
19840,0
19841,0
19842,0
19843,0
19844,0
19845,0
19846,0
19847,0
19848,0
19849,0
19850,0
19851,0
19852,0
19853,0
19854,0
19855,0
19856,0
19857,0
19858,0
19859,0
19860,0
19861,0
19862,0
19863,0
19864,0
19865,0
19866,0
19867,0
19868,0
19869,0
19870,0
19871,0
19872,0
19873,0
19874,0
19875,0
19876,0
19877,0
19878,0
19879,0
19880,0
19881,0
19882,0
19883,0
19884,0
19885,0
19886,0
19887,0
19888,0
19889,0
19890,0
19891,0
19892,0
19893,0
19894,0
19895,0
19896,0
19897,0
19898,0
19899,0
19900,0
19901,0
19902,0
19903,0
19904,0
19905,0
19906,0
19907,0
19908,0
19909,0
19910,0
19911,0
19912,0
19913,0
19914,0
19915,0
19916,0
19917,0
19918,0
19919,0
19920,0
19921,0
19922,0
19923,0
19924,0
19925,0
19926,0
19927,0
19928,0
19929,0
19930,0
19931,0
19932,0
19933,0
19934,0
19935,0
19936,0
19937,0
19938,0
19939,0
19940,0
19941,0
19942,0
19943,0
19944,0
19945,0
19946,0
19947,0
19948,0
19949,0
19950,0
19951,0
19952,0
19953,0
19954,0
19955,0
19956,0
19957,0
19958,0
19959,0
19960,0
19961,0
19962,0
19963,0
19964,0
19965,0
19966,0
19967,0
19968,0
19969,0
19970,0
19971,0
19972,0
19973,0
19974,0
19975,0
19976,0
19977,0
19978,0
19979,0
19980,0
19981,0
19982,0
19983,0
19984,0
19985,0
19986,0
19987,0
19988,0
19989,0
19990,0
19991,0
19992,0
19993,0
19994,0
19995,0
19996,0
19997,0
19998,0
19999,0
20000,0
20001,0
20002,0
20003,0
20004,0
20005,0
20006,0
20007,0
20008,0
20009,0
20010,0
20011,0
20012,0
20013,0
20014,0
20015,0
20016,0
20017,0
20018,0
20019,0
20020,0
20021,0
20022,0
20023,0
20024,0
20025,0
20026,0
20027,0
20028,0
20029,0
20030,0
20031,0
20032,0
20033,0
20034,0
20035,0
20036,0
20037,0
20038,0
20039,0
20040,0
20041,0
20042,0
20043,0
20044,0
20045,0
20046,0
20047,0
20048,0
20049,0
20050,0
20051,0
20052,0
20053,0
20054,0
20055,0
20056,0
20057,0
20058,0
20059,0
20060,0
20061,0
20062,0
20063,0
20064,0
20065,0
20066,0
20067,0
20068,0
20069,0
20070,0
20071,0
20072,0
20073,0
20074,0
20075,0
20076,0
20077,0
20078,0
20079,0
20080,0
20081,0
20082,0
20083,0
20084,0
20085,0
20086,0
20087,0
20088,0
20089,0
20090,0
20091,0
20092,0
20093,0
20094,0
20095,0
20096,0
20097,0
20098,0
20099,0
20100,0
20101,0
20102,0
20103,0
20104,0
20105,0
20106,0
20107,0
20108,0
20109,0
20110,0
20111,0
20112,0
20113,0
20114,0
20115,0
20116,0
20117,0
20118,0
20119,0
20120,0
20121,0
20122,0
20123,0
20124,0
20125,0
20126,0
20127,0
20128,0
20129,0
20130,0
20131,0
20132,0
20133,0
20134,0
20135,0
20136,0
20137,0
20138,0
20139,0
20140,0
20141,0
20142,0
20143,0
20144,0
20145,0
20146,0
20147,0
20148,0
20149,0
20150,0
20151,0
20152,0
20153,0
20154,0
20155,0
20156,0
20157,0
20158,0
20159,0
20160,0
20161,0
20162,0
20163,0
20164,0
20165,0
20166,0
20167,0
20168,0
20169,0
20170,0
20171,0
20172,0
20173,0
20174,0
20175,0
20176,0
20177,0
20178,0
20179,0
20180,0
20181,0
20182,0
20183,0
20184,0
20185,0
20186,0
20187,0
20188,0
20189,0
20190,0
20191,0
20192,0
20193,0
20194,0
20195,0
20196,0
20197,0
20198,0
20199,0
20200,0
20201,0
20202,0
20203,0
20204,0
20205,0
20206,0
20207,0
20208,0
20209,0
20210,0
20211,0
20212,0
20213,0
20214,0
20215,0
20216,0
20217,0
20218,0
20219,0
20220,0
20221,0
20222,0
20223,0
20224,0
20225,0
20226,0
20227,0
20228,0
20229,0
20230,0
20231,0
20232,0
20233,0
20234,0
20235,0
20236,0
20237,0
20238,0
20239,0
20240,0
20241,0
20242,0
20243,0
20244,0
20245,0
20246,0
20247,0
20248,0
20249,0
20250,0
20251,0
20252,0
20253,0
20254,0
20255,0
20256,0
20257,0
20258,0
20259,0
20260,0
20261,0
20262,0
20263,0
20264,0
20265,0
20266,0
20267,0
20268,0
20269,0
20270,0
20271,0
20272,0
20273,0
20274,0
20275,0
20276,0
20277,0
20278,0
20279,0
20280,0
20281,0
20282,0
20283,0
20284,0
20285,0
20286,0
20287,0
20288,0
20289,0
20290,0
20291,0
20292,0
20293,0
20294,0
20295,0
20296,0
20297,0
20298,0
20299,0
20300,0
20301,0
20302,0
20303,0
20304,0
20305,0
20306,0
20307,0
20308,0
20309,0
20310,0
20311,0
20312,0
20313,0
20314,0
20315,0
20316,0
20317,0
20318,0
20319,0
20320,0
20321,0
20322,0
20323,0
20324,0
20325,0
20326,0
20327,0
20328,0
20329,0
20330,0
20331,0
20332,0
20333,0
20334,0
20335,0
20336,0
20337,0
20338,0
20339,0
20340,0
20341,0
20342,0
20343,0
20344,0
20345,0
20346,0
20347,0
20348,0
20349,0
20350,0
20351,0
20352,0
20353,0
20354,0
20355,0
20356,0
20357,0
20358,0
20359,0
20360,0
20361,0
20362,0
20363,0
20364,0
20365,0
20366,0
20367,0
20368,0
20369,0
20370,0
20371,0
20372,0
20373,0
20374,0
20375,0
20376,0
20377,0
20378,0
20379,0
20380,0
20381,0
20382,0
20383,0
20384,0
20385,0
20386,0
20387,0
20388,0
20389,0
20390,0
20391,0
20392,0
20393,0
20394,0
20395,0
20396,0
20397,0
20398,0
20399,0
20400,0
20401,0
20402,0
20403,0
20404,0
20405,0
20406,0
20407,0
20408,0
20409,0
20410,0
20411,0
20412,0
20413,0
20414,0
20415,0
20416,0
20417,0
20418,0
20419,0
20420,0
20421,0
20422,0
20423,0
20424,0
20425,0
20426,0
20427,0
20428,0
20429,0
20430,0
20431,0
20432,0
20433,0
20434,0
20435,0
20436,0
20437,0
20438,0
20439,0
20440,0
20441,0
20442,0
20443,0
20444,0
20445,0
20446,0
20447,0
20448,0
20449,0
20450,0
20451,0
20452,0
20453,0
20454,0
20455,0
20456,0
20457,0
20458,0
20459,0
20460,0
20461,0
20462,0
20463,0
20464,0
20465,0
20466,0
20467,0
20468,0
20469,0
20470,0
20471,0
20472,0
20473,0
20474,0
20475,0
20476,0
20477,0
20478,0
20479,0
20480,0
20481,0
20482,0
20483,0
20484,0
20485,0
20486,0
20487,0
20488,0
20489,0
20490,0
20491,0
20492,0
20493,0
20494,0
20495,0
20496,0
20497,0
20498,0
20499,0
20500,0
20501,0
20502,0
20503,0
20504,0
20505,0
20506,0
20507,0
20508,0
20509,0
20510,0
20511,0
20512,0
20513,0
20514,0
20515,0
20516,0
20517,0
20518,0
20519,0
20520,0
20521,0
20522,0
20523,0
20524,0
20525,0
20526,0
20527,0
20528,0
20529,0
20530,0
20531,0
20532,0
20533,0
20534,0
20535,0
20536,0
20537,0
20538,0
20539,0
20540,0
20541,0
20542,0
20543,0
20544,0
20545,0
20546,0
20547,0
20548,0
20549,0
20550,0
20551,0
20552,0
20553,0
20554,0
20555,0
20556,0
20557,0
20558,0
20559,0
20560,0
20561,0
20562,0
20563,0
20564,0
20565,0
20566,0
20567,0
20568,0
20569,0
20570,0
20571,0
20572,0
20573,0
20574,0
20575,0
20576,0
20577,0
20578,0
20579,0
20580,0
20581,0
20582,0
20583,0
20584,0
20585,0
20586,0
20587,0
20588,0
20589,0
20590,0
20591,0
20592,0
20593,0
20594,0
20595,0
20596,0
20597,0
20598,0
20599,0
20600,0
20601,0
20602,0
20603,0
20604,0
20605,0
20606,0
20607,0
20608,0
20609,0
20610,0
20611,0
20612,0
20613,0
20614,0
20615,0
20616,0
20617,0
20618,0
20619,0
20620,0
20621,0
20622,0
20623,0
20624,0
20625,0
20626,0
20627,0
20628,0
20629,0
20630,0
20631,0
20632,0
20633,0
20634,0
20635,0
20636,0
20637,0
20638,0
20639,0
20640,0
20641,0
20642,0
20643,0
20644,0
20645,0
20646,0
20647,0
20648,0
20649,0
20650,0
20651,0
20652,0
20653,0
20654,0
20655,0
20656,0
20657,0
20658,0
20659,0
20660,0
20661,0
20662,0
20663,0
20664,0
20665,0
20666,0
20667,0
20668,0
20669,0
20670,0
20671,0
20672,0
20673,0
20674,0
20675,0
20676,0
20677,0
20678,0
20679,0
20680,0
20681,0
20682,0
20683,0
20684,0
20685,0
20686,0
20687,0
20688,0
20689,0
20690,0
20691,0
20692,0
20693,0
20694,0
20695,0
20696,0
20697,0
20698,0
20699,0
20700,0
20701,0
20702,0
20703,0
20704,0
20705,0
20706,0
20707,0
20708,0
20709,0
20710,0
20711,0
20712,0
20713,0
20714,0
20715,0
20716,0
20717,0
20718,0
20719,0
20720,0
20721,0
20722,0
20723,0
20724,0
20725,0
20726,0
20727,0
20728,0
20729,0
20730,0
20731,0
20732,0
20733,0
20734,0
20735,0
20736,0
20737,0
20738,0
20739,0
20740,0
20741,0
20742,0
20743,0
20744,0
20745,0
20746,0
20747,0
20748,0
20749,0
20750,0
20751,0
20752,0
20753,0
20754,0
20755,0
20756,0
20757,0
20758,0
20759,0
20760,0
20761,0
20762,0
20763,0
20764,0
20765,0
20766,0
20767,0
20768,0
20769,0
20770,0
20771,0
20772,0
20773,0
20774,0
20775,0
20776,0
20777,0
20778,0
20779,0
20780,0
20781,0
20782,0
20783,0
20784,0
20785,0
20786,0
20787,0
20788,0
20789,0
20790,0
20791,0
20792,0
20793,0
20794,0
20795,0
20796,0
20797,0
20798,0
20799,0
20800,0
20801,0
20802,0
20803,0
20804,0
20805,0
20806,0
20807,0
20808,0
20809,0
20810,0
20811,0
20812,0
20813,0
20814,0
20815,0
20816,0
20817,0
20818,0
20819,0
20820,0
20821,0
20822,0
20823,0
20824,0
20825,0
20826,0
20827,0
20828,0
20829,0
20830,0
20831,0
20832,0
20833,0
20834,0
20835,0
20836,0
20837,0
20838,0
20839,0
20840,0
20841,0
20842,0
20843,0
20844,0
20845,0
20846,0
20847,0
20848,0
20849,0
20850,0
20851,0
20852,0
20853,0
20854,0
20855,0
20856,0
20857,0
20858,0
20859,0
20860,0
20861,0
20862,0
20863,0
20864,0
20865,0
20866,0
20867,0
20868,0
20869,0
20870,0
20871,0
20872,0
20873,0
20874,0
20875,0
20876,0
20877,0
20878,0
20879,0
20880,0
20881,0
20882,0
20883,0
20884,0
20885,0
20886,0
20887,0
20888,0
20889,0
20890,0
20891,0
20892,0
20893,0
20894,0
20895,0
20896,0
20897,0
20898,0
20899,0
20900,0
20901,0
20902,0
20903,0
20904,0
20905,0
20906,0
20907,0
20908,0
20909,0
20910,0
20911,0
20912,0
20913,0
20914,0
20915,0
20916,0
20917,0
20918,0
20919,0
20920,0
20921,0
20922,0
20923,0
20924,0
20925,0
20926,0
20927,0
20928,0
20929,0
20930,0
20931,0
20932,0
20933,0
20934,0
20935,0
20936,0
20937,0
20938,0
20939,0
20940,0
20941,0
20942,0
20943,0
20944,0
20945,0
20946,0
20947,0
20948,0
20949,0
20950,0
20951,0
20952,0
20953,0
20954,0
20955,0
20956,0
20957,0
20958,0
20959,0
20960,0
20961,0
20962,0
20963,0
20964,0
20965,0
20966,0
20967,0
20968,0
20969,0
20970,0
20971,0
20972,0
20973,0
20974,0
20975,0
20976,0
20977,0
20978,0
20979,0
20980,0
20981,0
20982,0
20983,0
20984,0
20985,0
20986,0
20987,0
20988,0
20989,0
20990,0
20991,0
20992,0
20993,0
20994,0
20995,0
20996,0
20997,0
20998,0
20999,0
21000,0
21001,0
21002,0
21003,0
21004,0
21005,0
21006,0
21007,0
21008,0
21009,0
21010,0
21011,0
21012,0
21013,0
21014,0
21015,0
21016,0
21017,0
21018,0
21019,0
21020,0
21021,0
21022,0
21023,0
21024,0
21025,0
21026,0
21027,0
21028,0
21029,0
21030,0
21031,0
21032,0
21033,0
21034,0
21035,0
21036,0
21037,0
21038,0
21039,0
21040,0
21041,0
21042,0
21043,0
21044,0
21045,0
21046,0
21047,0
21048,0
21049,0
21050,0
21051,0
21052,0
21053,0
21054,0
21055,0
21056,0
21057,0
21058,0
21059,0
21060,0
21061,0
21062,0
21063,0
21064,0
21065,0
21066,0
21067,0
21068,0
21069,0
21070,0
21071,0
21072,0
21073,0
21074,0
21075,0
21076,0
21077,0
21078,0
21079,0
21080,0
21081,0
21082,0
21083,0
21084,0
21085,0
21086,0
21087,0
21088,0
21089,0
21090,0
21091,0
21092,0
21093,0
21094,0
21095,0
21096,0
21097,0
21098,0
21099,0
21100,0
21101,0
21102,0
21103,0
21104,0
21105,0
21106,0
21107,0
21108,0
21109,0
21110,0
21111,0
21112,0
21113,0
21114,0
21115,0
21116,0
21117,0
21118,0
21119,0
21120,0
21121,0
21122,0
21123,0
21124,0
21125,0
21126,0
21127,0
21128,0
21129,0
21130,0
21131,0
21132,0
21133,0
21134,0
21135,0
21136,0
21137,0
21138,0
21139,0
21140,0
21141,0
21142,0
21143,0
21144,0
21145,0
21146,0
21147,0
21148,0
21149,0
21150,0
21151,0
21152,0
21153,0
21154,0
21155,0
21156,0
21157,0
21158,0
21159,0
21160,0
21161,0
21162,0
21163,0
21164,0
21165,0
21166,0
21167,0
21168,0
21169,0
21170,0
21171,0
21172,0
21173,0
21174,0
21175,0
21176,0
21177,0
21178,0
21179,0
21180,0
21181,0
21182,0
21183,0
21184,0
21185,0
21186,0
21187,0
21188,0
21189,0
21190,0
21191,0
21192,0
21193,0
21194,0
21195,0
21196,0
21197,0
21198,0
21199,0
21200,0
21201,0
21202,0
21203,0
21204,0
21205,0
21206,0
21207,0
21208,0
21209,0
21210,0
21211,0
21212,0
21213,0
21214,0
21215,0
21216,0
21217,0
21218,0
21219,0
21220,0
21221,0
21222,0
21223,0
21224,0
21225,0
21226,0
21227,0
21228,0
21229,0
21230,0
21231,0
21232,0
21233,0
21234,0
21235,0
21236,0
21237,0
21238,0
21239,0
21240,0
21241,0
21242,0
21243,0
21244,0
21245,0
21246,0
21247,0
21248,0
21249,0
21250,0
21251,0
21252,0
21253,0
21254,0
21255,0
21256,0
21257,0
21258,0
21259,0
21260,0
21261,0
21262,0
21263,0
21264,0
21265,0
21266,0
21267,0
21268,0
21269,0
21270,0
21271,0
21272,0
21273,0
21274,0
21275,0
21276,0
21277,0
21278,0
21279,0
21280,0
21281,0
21282,0
21283,0
21284,0
21285,0
21286,0
21287,0
21288,0
21289,0
21290,0
21291,0
21292,0
21293,0
21294,0
21295,0
21296,0
21297,0
21298,0
21299,0
21300,0
21301,0
21302,0
21303,0
21304,0
21305,0
21306,0
21307,0
21308,0
21309,0
21310,0
21311,0
21312,0
21313,0
21314,0
21315,0
21316,0
21317,0
21318,0
21319,0
21320,0
21321,0
21322,0
21323,0
21324,0
21325,0
21326,0
21327,0
21328,0
21329,0
21330,0
21331,0
21332,0
21333,0
21334,0
21335,0
21336,0
21337,0
21338,0
21339,0
21340,0
21341,0
21342,0
21343,0
21344,0
21345,0
21346,0
21347,0
21348,0
21349,0
21350,0
21351,0
21352,0
21353,0
21354,0
21355,0
21356,0
21357,0
21358,0
21359,0
21360,0
21361,0
21362,0
21363,0
21364,0
21365,0
21366,0
21367,0
21368,0
21369,0
21370,0
21371,0
21372,0
21373,0
21374,0
21375,0
21376,0
21377,0
21378,0
21379,0
21380,0
21381,0
21382,0
21383,0
21384,0
21385,0
21386,0
21387,0
21388,0
21389,0
21390,0
21391,0
21392,0
21393,0
21394,0
21395,0
21396,0
21397,0
21398,0
21399,0
21400,0
21401,0
21402,0
21403,0
21404,0
21405,0
21406,0
21407,0
21408,0
21409,0
21410,0
21411,0
21412,0
21413,0
21414,0
21415,0
21416,0
21417,0
21418,0
21419,0
21420,0
21421,0
21422,0
21423,0
21424,0
21425,0
21426,0
21427,0
21428,0
21429,0
21430,0
21431,0
21432,0
21433,0
21434,0
21435,0
21436,0
21437,0
21438,0
21439,0
21440,0
21441,0
21442,0
21443,0
21444,0
21445,0
21446,0
21447,0
21448,0
21449,0
21450,0
21451,0
21452,0
21453,0
21454,0
21455,0
21456,0
21457,0
21458,0
21459,0
21460,0
21461,0
21462,0
21463,0
21464,0
21465,0
21466,0
21467,0
21468,0
21469,0
21470,0
21471,0
21472,0
21473,0
21474,0
21475,0
21476,0
21477,0
21478,0
21479,0
21480,0
21481,0
21482,0
21483,0
21484,0
21485,0
21486,0
21487,0
21488,0
21489,0
21490,0
21491,0
21492,0
21493,0
21494,0
21495,0
21496,0
21497,0
21498,0
21499,0
21500,0
21501,0
21502,0
21503,0
21504,0
21505,0
21506,0
21507,0
21508,0
21509,0
21510,0
21511,0
21512,0
21513,0
21514,0
21515,0
21516,0
21517,0
21518,0
21519,0
21520,0
21521,0
21522,0
21523,0
21524,0
21525,0
21526,0
21527,0
21528,0
21529,0
21530,0
21531,0
21532,0
21533,0
21534,0
21535,0
21536,0
21537,0
21538,0
21539,0
21540,0
21541,0
21542,0
21543,0
21544,0
21545,0
21546,0
21547,0
21548,0
21549,0
21550,0
21551,0
21552,0
21553,0
21554,0
21555,0
21556,0
21557,0
21558,0
21559,0
21560,0
21561,0
21562,0
21563,0
21564,0
21565,0
21566,0
21567,0
21568,0
21569,0
21570,0
21571,0
21572,0
21573,0
21574,0
21575,0
21576,0
21577,0
21578,0
21579,0
21580,0
21581,0
21582,0
21583,0
21584,0
21585,0
21586,0
21587,0
21588,0
21589,0
21590,0
21591,0
21592,0
21593,0
21594,0
21595,0
21596,0
21597,0
21598,0
21599,0
21600,0
21601,0
21602,0
21603,0
21604,0
21605,0
21606,0
21607,0
21608,0
21609,0
21610,0
21611,0
21612,0
21613,0
21614,0
21615,0
21616,0
21617,0
21618,0
21619,0
21620,0
21621,0
21622,0
21623,0
21624,0
21625,0
21626,0
21627,0
21628,0
21629,0
21630,0
21631,0
21632,0
21633,0
21634,0
21635,0
21636,0
21637,0
21638,0
21639,0
21640,0
21641,0
21642,0
21643,0
21644,0
21645,0
21646,0
21647,0
21648,0
21649,0
21650,0
21651,0
21652,0
21653,0
21654,0
21655,0
21656,0
21657,0
21658,0
21659,0
21660,0
21661,0
21662,0
21663,0
21664,0
21665,0
21666,0
21667,0
21668,0
21669,0
21670,0
21671,0
21672,0
21673,0
21674,0
21675,0
21676,0
21677,0
21678,0
21679,0
21680,0
21681,0
21682,0
21683,0
21684,0
21685,0
21686,0
21687,0
21688,0
21689,0
21690,0
21691,0
21692,0
21693,0
21694,0
21695,0
21696,0
21697,0
21698,0
21699,0
21700,0
21701,0
21702,0
21703,0
21704,0
21705,0
21706,0
21707,0
21708,0
21709,0
21710,0
21711,0
21712,0
21713,0
21714,0
21715,0
21716,0
21717,0
21718,0
21719,0
21720,0
21721,0
21722,0
21723,0
21724,0
21725,0
21726,0
21727,0
21728,0
21729,0
21730,0
21731,0
21732,0
21733,0
21734,0
21735,0
21736,0
21737,0
21738,0
21739,0
21740,0
21741,0
21742,0
21743,0
21744,0
21745,0
21746,0
21747,0
21748,0
21749,0
21750,0
21751,0
21752,0
21753,0
21754,0
21755,0
21756,0
21757,0
21758,0
21759,0
21760,0
21761,0
21762,0
21763,0
21764,0
21765,0
21766,0
21767,0
21768,0
21769,0
21770,0
21771,0
21772,0
21773,0
21774,0
21775,0
21776,0
21777,0
21778,0
21779,0
21780,0
21781,0
21782,0
21783,0
21784,0
21785,0
21786,0
21787,0
21788,0
21789,0
21790,0
21791,0
21792,0
21793,0
21794,0
21795,0
21796,0
21797,0
21798,0
21799,0
21800,0
21801,0
21802,0
21803,0
21804,0
21805,0
21806,0
21807,0
21808,0
21809,0
21810,0
21811,0
21812,0
21813,0
21814,0
21815,0
21816,0
21817,0
21818,0
21819,0
21820,0
21821,0
21822,0
21823,0
21824,0
21825,0
21826,0
21827,0
21828,0
21829,0
21830,0
21831,0
21832,0
21833,0
21834,0
21835,0
21836,0
21837,0
21838,0
21839,0
21840,0
21841,0
21842,0
21843,0
21844,0
21845,0
21846,0
21847,0
21848,0
21849,0
21850,0
21851,0
21852,0
21853,0
21854,0
21855,0
21856,0
21857,0
21858,0
21859,0
21860,0
21861,0
21862,0
21863,0
21864,0
21865,0
21866,0
21867,0
21868,0
21869,0
21870,0
21871,0
21872,0
21873,0
21874,0
21875,0
21876,0
21877,0
21878,0
21879,0
21880,0
21881,0
21882,0
21883,0
21884,0
21885,0
21886,0
21887,0
21888,0
21889,0
21890,0
21891,0
21892,0
21893,0
21894,0
21895,0
21896,0
21897,0
21898,0
21899,0
21900,0
21901,0
21902,0
21903,0
21904,0
21905,0
21906,0
21907,0
21908,0
21909,0
21910,0
21911,0
21912,0
21913,0
21914,0
21915,0
21916,0
21917,0
21918,0
21919,0
21920,0
21921,0
21922,0
21923,0
21924,0
21925,0
21926,0
21927,0
21928,0
21929,0
21930,0
21931,0
21932,0
21933,0
21934,0
21935,0
21936,0
21937,0
21938,0
21939,0
21940,0
21941,0
21942,0
21943,0
21944,0
21945,0
21946,0
21947,0
21948,0
21949,0
21950,0
21951,0
21952,0
21953,0
21954,0
21955,0
21956,0
21957,0
21958,0
21959,0
21960,0
21961,0
21962,0
21963,0
21964,0
21965,0
21966,0
21967,0
21968,0
21969,0
21970,0
21971,0
21972,0
21973,0
21974,0
21975,0
21976,0
21977,0
21978,0
21979,0
21980,0
21981,0
21982,0
21983,0
21984,0
21985,0
21986,0
21987,0
21988,0
21989,0
21990,0
21991,0
21992,0
21993,0
21994,0
21995,0
21996,0
21997,0
21998,0
21999,0
22000,0
22001,0
22002,0
22003,0
22004,0
22005,0
22006,0
22007,0
22008,0
22009,0
22010,0
22011,0
22012,0
22013,0
22014,0
22015,0
22016,0
22017,0
22018,0
22019,0
22020,0
22021,0
22022,0
22023,0
22024,0
22025,0
22026,0
22027,0
22028,0
22029,0
22030,0
22031,0
22032,0
22033,0
22034,0
22035,0
22036,0
22037,0
22038,0
22039,0
22040,0
22041,0
22042,0
22043,0
22044,0
22045,0
22046,0
22047,0
22048,0
22049,0
22050,0
22051,0
22052,0
22053,0
22054,0
22055,0
22056,0
22057,0
22058,0
22059,0
22060,0
22061,0
22062,0
22063,0
22064,0
22065,0
22066,0
22067,0
22068,0
22069,0
22070,0
22071,0
22072,0
22073,0
22074,0
22075,0
22076,0
22077,0
22078,0
22079,0
22080,0
22081,0
22082,0
22083,0
22084,0
22085,0
22086,0
22087,0
22088,0
22089,0
22090,0
22091,0
22092,0
22093,0
22094,0
22095,0
22096,0
22097,0
22098,0
22099,0
22100,0
22101,0
22102,0
22103,0
22104,0
22105,0
22106,0
22107,0
22108,0
22109,0
22110,0
22111,0
22112,0
22113,0
22114,0
22115,0
22116,0
22117,0
22118,0
22119,0
22120,0
22121,0
22122,0
22123,0
22124,0
22125,0
22126,0
22127,0
22128,0
22129,0
22130,0
22131,0
22132,0
22133,0
22134,0
22135,0
22136,0
22137,0
22138,0
22139,0
22140,0
22141,0
22142,0
22143,0
22144,0
22145,0
22146,0
22147,0
22148,0
22149,0
22150,0
22151,0
22152,0
22153,0
22154,0
22155,0
22156,0
22157,0
22158,0
22159,0
22160,0
22161,0
22162,0
22163,0
22164,0
22165,0
22166,0
22167,0
22168,0
22169,0
22170,0
22171,0
22172,0
22173,0
22174,0
22175,0
22176,0
22177,0
22178,0
22179,0
22180,0
22181,0
22182,0
22183,0
22184,0
22185,0
22186,0
22187,0
22188,0
22189,0
22190,0
22191,0
22192,0
22193,0
22194,0
22195,0
22196,0
22197,0
22198,0
22199,0
22200,0
22201,0
22202,0
22203,0
22204,0
22205,0
22206,0
22207,0
22208,0
22209,0
22210,0
22211,0
22212,0
22213,0
22214,0
22215,0
22216,0
22217,0
22218,0
22219,0
22220,0
22221,0
22222,0
22223,0
22224,0
22225,0
22226,0
22227,0
22228,0
22229,0
22230,0
22231,0
22232,0
22233,0
22234,0
22235,0
22236,0
22237,0
22238,0
22239,0
22240,0
22241,0
22242,0
22243,0
22244,0
22245,0
22246,0
22247,0
22248,0
22249,0
22250,0
22251,0
22252,0
22253,0
22254,0
22255,0
22256,0
22257,0
22258,0
22259,0
22260,0
22261,0
22262,0
22263,0
22264,0
22265,0
22266,0
22267,0
22268,0
22269,0
22270,0
22271,0
22272,0
22273,0
22274,0
22275,0
22276,0
22277,0
22278,0
22279,0
22280,0
22281,0
22282,0
22283,0
22284,0
22285,0
22286,0
22287,0
22288,0
22289,0
22290,0
22291,0
22292,0
22293,0
22294,0
22295,0
22296,0
22297,0
22298,0
22299,0
22300,0
22301,0
22302,0
22303,0
22304,0
22305,0
22306,0
22307,0
22308,0
22309,0
22310,0
22311,0
22312,0
22313,0
22314,0
22315,0
22316,0
22317,0
22318,0
22319,0
22320,0
22321,0
22322,0
22323,0
22324,0
22325,0
22326,0
22327,0
22328,0
22329,0
22330,0
22331,0
22332,0
22333,0
22334,0
22335,0
22336,0
22337,0
22338,0
22339,0
22340,0
22341,0
22342,0
22343,0
22344,0
22345,0
22346,0
22347,0
22348,0
22349,0
22350,0
22351,0
22352,0
22353,0
22354,0
22355,0
22356,0
22357,0
22358,0
22359,0
22360,0
22361,0
22362,0
22363,0
22364,0
22365,0
22366,0
22367,0
22368,0
22369,0
22370,0
22371,0
22372,0
22373,0
22374,0
22375,0
22376,0
22377,0
22378,0
22379,0
22380,0
22381,0
22382,0
22383,0
22384,0
22385,0
22386,0
22387,0
22388,0
22389,0
22390,0
22391,0
22392,0
22393,0
22394,0
22395,0
22396,0
22397,0
22398,0
22399,0
22400,0
22401,0
22402,0
22403,0
22404,0
22405,0
22406,0
22407,0
22408,0
22409,0
22410,0
22411,0
22412,0
22413,0
22414,0
22415,0
22416,0
22417,0
22418,0
22419,0
22420,0
22421,0
22422,0
22423,0
22424,0
22425,0
22426,0
22427,0
22428,0
22429,0
22430,0
22431,0
22432,0
22433,0
22434,0
22435,0
22436,0
22437,0
22438,0
22439,0
22440,0
22441,0
22442,0
22443,0
22444,0
22445,0
22446,0
22447,0
22448,0
22449,0
22450,0
22451,0
22452,0
22453,0
22454,0
22455,0
22456,0
22457,0
22458,0
22459,0
22460,0
22461,0
22462,0
22463,0
22464,0
22465,0
22466,0
22467,0
22468,0
22469,0
22470,0
22471,0
22472,0
22473,0
22474,0
22475,0
22476,0
22477,0
22478,0
22479,0
22480,0
22481,0
22482,0
22483,0
22484,0
22485,0
22486,0
22487,0
22488,0
22489,0
22490,0
22491,0
22492,0
22493,0
22494,0
22495,0
22496,0
22497,0
22498,0
22499,0
22500,0
22501,0
22502,0
22503,0
22504,0
22505,0
22506,0
22507,0
22508,0
22509,0
22510,0
22511,0
22512,0
22513,0
22514,0
22515,0
22516,0
22517,0
22518,0
22519,0
22520,0
22521,0
22522,0
22523,0
22524,0
22525,0
22526,0
22527,0
22528,0
22529,0
22530,0
22531,0
22532,0
22533,0
22534,0
22535,0
22536,0
22537,0
22538,0
22539,0
22540,0
22541,0
22542,0
22543,0
22544,0
22545,0
22546,0
22547,0
22548,0
22549,0
22550,0
22551,0
22552,0
22553,0
22554,0
22555,0
22556,0
22557,0
22558,0
22559,0
22560,0
22561,0
22562,0
22563,0
22564,0
22565,0
22566,0
22567,0
22568,0
22569,0
22570,0
22571,0
22572,0
22573,0
22574,0
22575,0
22576,0
22577,0
22578,0
22579,0
22580,0
22581,0
22582,0
22583,0
22584,0
22585,0
22586,0
22587,0
22588,0
22589,0
22590,0
22591,0
22592,0
22593,0
22594,0
22595,0
22596,0
22597,0
22598,0
22599,0
22600,0
22601,0
22602,0
22603,0
22604,0
22605,0
22606,0
22607,0
22608,0
22609,0
22610,0
22611,0
22612,0
22613,0
22614,0
22615,0
22616,0
22617,0
22618,0
22619,0
22620,0
22621,0
22622,0
22623,0
22624,0
22625,0
22626,0
22627,0
22628,0
22629,0
22630,0
22631,0
22632,0
22633,0
22634,0
22635,0
22636,0
22637,0
22638,0
22639,0
22640,0
22641,0
22642,0
22643,0
22644,0
22645,0
22646,0
22647,0
22648,0
22649,0
22650,0
22651,0
22652,0
22653,0
22654,0
22655,0
22656,0
22657,0
22658,0
22659,0
22660,0
22661,0
22662,0
22663,0
22664,0
22665,0
22666,0
22667,0
22668,0
22669,0
22670,0
22671,0
22672,0
22673,0
22674,0
22675,0
22676,0
22677,0
22678,0
22679,0
22680,0
22681,0
22682,0
22683,0
22684,0
22685,0
22686,0
22687,0
22688,0
22689,0
22690,0
22691,0
22692,0
22693,0
22694,0
22695,0
22696,0
22697,0
22698,0
22699,0
22700,0
22701,0
22702,0
22703,0
22704,0
22705,0
22706,0
22707,0
22708,0
22709,0
22710,0
22711,0
22712,0
22713,0
22714,0
22715,0
22716,0
22717,0
22718,0
22719,0
22720,0
22721,0
22722,0
22723,0
22724,0
22725,0
22726,0
22727,0
22728,0
22729,0
22730,0
22731,0
22732,0
22733,0
22734,0
22735,0
22736,0
22737,0
22738,0
22739,0
22740,0
22741,0
22742,0
22743,0
22744,0
22745,0
22746,0
22747,0
22748,0
22749,0
22750,0
22751,0
22752,0
22753,0
22754,0
22755,0
22756,0
22757,0
22758,0
22759,0
22760,0
22761,0
22762,0
22763,0
22764,0
22765,0
22766,0
22767,0
22768,0
22769,0
22770,0
22771,0
22772,0
22773,0
22774,0
22775,0
22776,0
22777,0
22778,0
22779,0
22780,0
22781,0
22782,0
22783,0
22784,0
22785,0
22786,0
22787,0
22788,0
22789,0
22790,0
22791,0
22792,0
22793,0
22794,0
22795,0
22796,0
22797,0
22798,0
22799,0
22800,0
22801,0
22802,0
22803,0
22804,0
22805,0
22806,0
22807,0
22808,0
22809,0
22810,0
22811,0
22812,0
22813,0
22814,0
22815,0
22816,0
22817,0
22818,0
22819,0
22820,0
22821,0
22822,0
22823,0
22824,0
22825,0
22826,0
22827,0
22828,0
22829,0
22830,0
22831,0
22832,0
22833,0
22834,0
22835,0
22836,0
22837,0
22838,0
22839,0
22840,0
22841,0
22842,0
22843,0
22844,0
22845,0
22846,0
22847,0
22848,0
22849,0
22850,0
22851,0
22852,0
22853,0
22854,0
22855,0
22856,0
22857,0
22858,0
22859,0
22860,0
22861,0
22862,0
22863,0
22864,0
22865,0
22866,0
22867,0
22868,0
22869,0
22870,0
22871,0
22872,0
22873,0
22874,0
22875,0
22876,0
22877,0
22878,0
22879,0
22880,0
22881,0
22882,0
22883,0
22884,0
22885,0
22886,0
22887,0
22888,0
22889,0
22890,0
22891,0
22892,0
22893,0
22894,0
22895,0
22896,0
22897,0
22898,0
22899,0
22900,0
22901,0
22902,0
22903,0
22904,0
22905,0
22906,0
22907,0
22908,0
22909,0
22910,0
22911,0
22912,0
22913,0
22914,0
22915,0
22916,0
22917,0
22918,0
22919,0
22920,0
22921,0
22922,0
22923,0
22924,0
22925,0
22926,0
22927,0
22928,0
22929,0
22930,0
22931,0
22932,0
22933,0
22934,0
22935,0
22936,0
22937,0
22938,0
22939,0
22940,0
22941,0
22942,0
22943,0
22944,0
22945,0
22946,0
22947,0
22948,0
22949,0
22950,0
22951,0
22952,0
22953,0
22954,0
22955,0
22956,0
22957,0
22958,0
22959,0
22960,0
22961,0
22962,0
22963,0
22964,0
22965,0
22966,0
22967,0
22968,0
22969,0
22970,0
22971,0
22972,0
22973,0
22974,0
22975,0
22976,0
22977,0
22978,0
22979,0
22980,0
22981,0
22982,0
22983,0
22984,0
22985,0
22986,0
22987,0
22988,0
22989,0
22990,0
22991,0
22992,0
22993,0
22994,0
22995,0
22996,0
22997,0
22998,0
22999,0
23000,0
23001,0
23002,0
23003,0
23004,0
23005,0
23006,0
23007,0
23008,0
23009,0
23010,0
23011,0
23012,0
23013,0
23014,0
23015,0
23016,0
23017,0
23018,0
23019,0
23020,0
23021,0
23022,0
23023,0
23024,0
23025,0
23026,0
23027,0
23028,0
23029,0
23030,0
23031,0
23032,0
23033,0
23034,0
23035,0
23036,0
23037,0
23038,0
23039,0
23040,0
23041,0
23042,0
23043,0
23044,0
23045,0
23046,0
23047,0
23048,0
23049,0
23050,0
23051,0
23052,0
23053,0
23054,0
23055,0
23056,0
23057,0
23058,0
23059,0
23060,0
23061,0
23062,0
23063,0
23064,0
23065,0
23066,0
23067,0
23068,0
23069,0
23070,0
23071,0
23072,0
23073,0
23074,0
23075,0
23076,0
23077,0
23078,0
23079,0
23080,0
23081,0
23082,0
23083,0
23084,0
23085,0
23086,0
23087,0
23088,0
23089,0
23090,0
23091,0
23092,0
23093,0
23094,0
23095,0
23096,0
23097,0
23098,0
23099,0
23100,0
23101,0
23102,0
23103,0
23104,0
23105,0
23106,0
23107,0
23108,0
23109,0
23110,0
23111,0
23112,0
23113,0
23114,0
23115,0
23116,0
23117,0
23118,0
23119,0
23120,0
23121,0
23122,0
23123,0
23124,0
23125,0
23126,0
23127,0
23128,0
23129,0
23130,0
23131,0
23132,0
23133,0
23134,0
23135,0
23136,0
23137,0
23138,0
23139,0
23140,0
23141,0
23142,0
23143,0
23144,0
23145,0
23146,0
23147,0
23148,0
23149,0
23150,0
23151,0
23152,0
23153,0
23154,0
23155,0
23156,0
23157,0
23158,0
23159,0
23160,0
23161,0
23162,0
23163,0
23164,0
23165,0
23166,0
23167,0
23168,0
23169,0
23170,0
23171,0
23172,0
23173,0
23174,0
23175,0
23176,0
23177,0
23178,0
23179,0
23180,0
23181,0
23182,0
23183,0
23184,0
23185,0
23186,0
23187,0
23188,0
23189,0
23190,0
23191,0
23192,0
23193,0
23194,0
23195,0
23196,0
23197,0
23198,0
23199,0
23200,0
23201,0
23202,0
23203,0
23204,0
23205,0
23206,0
23207,0
23208,0
23209,0
23210,0
23211,0
23212,0
23213,0
23214,0
23215,0
23216,0
23217,0
23218,0
23219,0
23220,0
23221,0
23222,0
23223,0
23224,0
23225,0
23226,0
23227,0
23228,0
23229,0
23230,0
23231,0
23232,0
23233,0
23234,0
23235,0
23236,0
23237,0
23238,0
23239,0
23240,0
23241,0
23242,0
23243,0
23244,0
23245,0
23246,0
23247,0
23248,0
23249,0
23250,0
23251,0
23252,0
23253,0
23254,0
23255,0
23256,0
23257,0
23258,0
23259,0
23260,0
23261,0
23262,0
23263,0
23264,0
23265,0
23266,0
23267,0
23268,0
23269,0
23270,0
23271,0
23272,0
23273,0
23274,0
23275,0
23276,0
23277,0
23278,0
23279,0
23280,0
23281,0
23282,0
23283,0
23284,0
23285,0
23286,0
23287,0
23288,0
23289,0
23290,0
23291,0
23292,0
23293,0
23294,0
23295,0
23296,0
23297,0
23298,0
23299,0
23300,0
23301,0
23302,0
23303,0
23304,0
23305,0
23306,0
23307,0
23308,0
23309,0
23310,0
23311,0
23312,0
23313,0
23314,0
23315,0
23316,0
23317,0
23318,0
23319,0
23320,0
23321,0
23322,0
23323,0
23324,0
23325,0
23326,0
23327,0
23328,0
23329,0
23330,0
23331,0
23332,0
23333,0
23334,0
23335,0
23336,0
23337,0
23338,0
23339,0
23340,0
23341,0
23342,0
23343,0
23344,0
23345,0
23346,0
23347,0
23348,0
23349,0
23350,0
23351,0
23352,0
23353,0
23354,0
23355,0
23356,0
23357,0
23358,0
23359,0
23360,0
23361,0
23362,0
23363,0
23364,0
23365,0
23366,0
23367,0
23368,0
23369,0
23370,0
23371,0
23372,0
23373,0
23374,0
23375,0
23376,0
23377,0
23378,0
23379,0
23380,0
23381,0
23382,0
23383,0
23384,0
23385,0
23386,0
23387,0
23388,0
23389,0
23390,0
23391,0
23392,0
23393,0
23394,0
23395,0
23396,0
23397,0
23398,0
23399,0
23400,0
23401,0
23402,0
23403,0
23404,0
23405,0
23406,0
23407,0
23408,0
23409,0
23410,0
23411,0
23412,0
23413,0
23414,0
23415,0
23416,0
23417,0
23418,0
23419,0
23420,0
23421,0
23422,0
23423,0
23424,0
23425,0
23426,0
23427,0
23428,0
23429,0
23430,0
23431,0
23432,0
23433,0
23434,0
23435,0
23436,0
23437,0
23438,0
23439,0
23440,0
23441,0
23442,0
23443,0
23444,0
23445,0
23446,0
23447,0
23448,0
23449,0
23450,0
23451,0
23452,0
23453,0
23454,0
23455,0
23456,0
23457,0
23458,0
23459,0
23460,0
23461,0
23462,0
23463,0
23464,0
23465,0
23466,0
23467,0
23468,0
23469,0
23470,0
23471,0
23472,0
23473,0
23474,0
23475,0
23476,0
23477,0
23478,0
23479,0
23480,0
23481,0
23482,0
23483,0
23484,0
23485,0
23486,0
23487,0
23488,0
23489,0
23490,0
23491,0
23492,0
23493,0
23494,0
23495,0
23496,0
23497,0
23498,0
23499,0
23500,0
23501,0
23502,0
23503,0
23504,0
23505,0
23506,0
23507,0
23508,0
23509,0
23510,0
23511,0
23512,0
23513,0
23514,0
23515,0
23516,0
23517,0
23518,0
23519,0
23520,0
23521,0
23522,0
23523,0
23524,0
23525,0
23526,0
23527,0
23528,0
23529,0
23530,0
23531,0
23532,0
23533,0
23534,0
23535,0
23536,0
23537,0
23538,0
23539,0
23540,0
23541,0
23542,0
23543,0
23544,0
23545,0
23546,0
23547,0
23548,0
23549,0
23550,0
23551,0
23552,0
23553,0
23554,0
23555,0
23556,0
23557,0
23558,0
23559,0
23560,0
23561,0
23562,0
23563,0
23564,0
23565,0
23566,0
23567,0
23568,0
23569,0
23570,0
23571,0
23572,0
23573,0
23574,0
23575,0
23576,0
23577,0
23578,0
23579,0
23580,0
23581,0
23582,0
23583,0
23584,0
23585,0
23586,0
23587,0
23588,0
23589,0
23590,0
23591,0
23592,0
23593,0
23594,0
23595,0
23596,0
23597,0
23598,0
23599,0
23600,0
23601,0
23602,0
23603,0
23604,0
23605,0
23606,0
23607,0
23608,0
23609,0
23610,0
23611,0
23612,0
23613,0
23614,0
23615,0
23616,0
23617,0
23618,0
23619,0
23620,0
23621,0
23622,0
23623,0
23624,0
23625,0
23626,0
23627,0
23628,0
23629,0
23630,0
23631,0
23632,0
23633,0
23634,0
23635,0
23636,0
23637,0
23638,0
23639,0
23640,0
23641,0
23642,0
23643,0
23644,0
23645,0
23646,0
23647,0
23648,0
23649,0
23650,0
23651,0
23652,0
23653,0
23654,0
23655,0
23656,0
23657,0
23658,0
23659,0
23660,0
23661,0
23662,0
23663,0
23664,0
23665,0
23666,0
23667,0
23668,0
23669,0
23670,0
23671,0
23672,0
23673,0
23674,0
23675,0
23676,0
23677,0
23678,0
23679,0
23680,0
23681,0
23682,0
23683,0
23684,0
23685,0
23686,0
23687,0
23688,0
23689,0
23690,0
23691,0
23692,0
23693,0
23694,0
23695,0
23696,0
23697,0
23698,0
23699,0
23700,0
23701,0
23702,0
23703,0
23704,0
23705,0
23706,0
23707,0
23708,0
23709,0
23710,0
23711,0
23712,0
23713,0
23714,0
23715,0
23716,0
23717,0
23718,0
23719,0
23720,0
23721,0
23722,0
23723,0
23724,0
23725,0
23726,0
23727,0
23728,0
23729,0
23730,0
23731,0
23732,0
23733,0
23734,0
23735,0
23736,0
23737,0
23738,0
23739,0
23740,0
23741,0
23742,0
23743,0
23744,0
23745,0
23746,0
23747,0
23748,0
23749,0
23750,0
23751,0
23752,0
23753,0
23754,0
23755,0
23756,0
23757,0
23758,0
23759,0
23760,0
23761,0
23762,0
23763,0
23764,0
23765,0
23766,0
23767,0
23768,0
23769,0
23770,0
23771,0
23772,0
23773,0
23774,0
23775,0
23776,0
23777,0
23778,0
23779,0
23780,0
23781,0
23782,0
23783,0
23784,0
23785,0
23786,0
23787,0
23788,0
23789,0
23790,0
23791,0
23792,0
23793,0
23794,0
23795,0
23796,0
23797,0
23798,0
23799,0
23800,0
23801,0
23802,0
23803,0
23804,0
23805,0
23806,0
23807,0
23808,0
23809,0
23810,0
23811,0
23812,0
23813,0
23814,0
23815,0
23816,0
23817,0
23818,0
23819,0
23820,0
23821,0
23822,0
23823,0
23824,0
23825,0
23826,0
23827,0
23828,0
23829,0
23830,0
23831,0
23832,0
23833,0
23834,0
23835,0
23836,0
23837,0
23838,0
23839,0
23840,0
23841,0
23842,0
23843,0
23844,0
23845,0
23846,0
23847,0
23848,0
23849,0
23850,0
23851,0
23852,0
23853,0
23854,0
23855,0
23856,0
23857,0
23858,0
23859,0
23860,0
23861,0
23862,0
23863,0
23864,0
23865,0
23866,0
23867,0
23868,0
23869,0
23870,0
23871,0
23872,0
23873,0
23874,0
23875,0
23876,0
23877,0
23878,0
23879,0
23880,0
23881,0
23882,0
23883,0
23884,0
23885,0
23886,0
23887,0
23888,0
23889,0
23890,0
23891,0
23892,0
23893,0
23894,0
23895,0
23896,0
23897,0
23898,0
23899,0
23900,0
23901,0
23902,0
23903,0
23904,0
23905,0
23906,0
23907,0
23908,0
23909,0
23910,0
23911,0
23912,0
23913,0
23914,0
23915,0
23916,0
23917,0
23918,0
23919,0
23920,0
23921,0
23922,0
23923,0
23924,0
23925,0
23926,0
23927,0
23928,0
23929,0
23930,0
23931,0
23932,0
23933,0
23934,0
23935,0
23936,0
23937,0
23938,0
23939,0
23940,0
23941,0
23942,0
23943,0
23944,0
23945,0
23946,0
23947,0
23948,0
23949,0
23950,0
23951,0
23952,0
23953,0
23954,0
23955,0
23956,0
23957,0
23958,0
23959,0
23960,0
23961,0
23962,0
23963,0
23964,0
23965,0
23966,0
23967,0
23968,0
23969,0
23970,0
23971,0
23972,0
23973,0
23974,0
23975,0
23976,0
23977,0
23978,0
23979,0
23980,0
23981,0
23982,0
23983,0
23984,0
23985,0
23986,0
23987,0
23988,0
23989,0
23990,0
23991,0
23992,0
23993,0
23994,0
23995,0
23996,0
23997,0
23998,0
23999,0
24000,0
24001,0
24002,0
24003,0
24004,0
24005,0
24006,0
24007,0
24008,0
24009,0
24010,0
24011,0
24012,0
24013,0
24014,0
24015,0
24016,0
24017,0
24018,0
24019,0
24020,0
24021,0
24022,0
24023,0
24024,0
24025,0
24026,0
24027,0
24028,0
24029,0
24030,0
24031,0
24032,0
24033,0
24034,0
24035,0
24036,0
24037,0
24038,0
24039,0
24040,0
24041,0
24042,0
24043,0
24044,0
24045,0
24046,0
24047,0
24048,0
24049,0
24050,0
24051,0
24052,0
24053,0
24054,0
24055,0
24056,0
24057,0
24058,0
24059,0
24060,0
24061,0
24062,0
24063,0
24064,0
24065,0
24066,0
24067,0
24068,0
24069,0
24070,0
24071,0
24072,0
24073,0
24074,0
24075,0
24076,0
24077,0
24078,0
24079,0
24080,0
24081,0
24082,0
24083,0
24084,0
24085,0
24086,0
24087,0
24088,0
24089,0
24090,0
24091,0
24092,0
24093,0
24094,0
24095,0
24096,0
24097,0
24098,0
24099,0
24100,0
24101,0
24102,0
24103,0
24104,0
24105,0
24106,0
24107,0
24108,0
24109,0
24110,0
24111,0
24112,0
24113,0
24114,0
24115,0
24116,0
24117,0
24118,0
24119,0
24120,0
24121,0
24122,0
24123,0
24124,0
24125,0
24126,0
24127,0
24128,0
24129,0
24130,0
24131,0
24132,0
24133,0
24134,0
24135,0
24136,0
24137,0
24138,0
24139,0
24140,0
24141,0
24142,0
24143,0
24144,0
24145,0
24146,0
24147,0
24148,0
24149,0
24150,0
24151,0
24152,0
24153,0
24154,0
24155,0
24156,0
24157,0
24158,0
24159,0
24160,0
24161,0
24162,0
24163,0
24164,0
24165,0
24166,0
24167,0
24168,0
24169,0
24170,0
24171,0
24172,0
24173,0
24174,0
24175,0
24176,0
24177,0
24178,0
24179,0
24180,0
24181,0
24182,0
24183,0
24184,0
24185,0
24186,0
24187,0
24188,0
24189,0
24190,0
24191,0
24192,0
24193,0
24194,0
24195,0
24196,0
24197,0
24198,0
24199,0
24200,0
24201,0
24202,0
24203,0
24204,0
24205,0
24206,0
24207,0
24208,0
24209,0
24210,0
24211,0
24212,0
24213,0
24214,0
24215,0
24216,0
24217,0
24218,0
24219,0
24220,0
24221,0
24222,0
24223,0
24224,0
24225,0
24226,0
24227,0
24228,0
24229,0
24230,0
24231,0
24232,0
24233,0
24234,0
24235,0
24236,0
24237,0
24238,0
24239,0
24240,0
24241,0
24242,0
24243,0
24244,0
24245,0
24246,0
24247,0
24248,0
24249,0
24250,0
24251,0
24252,0
24253,0
24254,0
24255,0
24256,0
24257,0
24258,0
24259,0
24260,0
24261,0
24262,0
24263,0
24264,0
24265,0
24266,0
24267,0
24268,0
24269,0
24270,0
24271,0
24272,0
24273,0
24274,0
24275,0
24276,0
24277,0
24278,0
24279,0
24280,0
24281,0
24282,0
24283,0
24284,0
24285,0
24286,0
24287,0
24288,0
24289,0
24290,0
24291,0
24292,0
24293,0
24294,0
24295,0
24296,0
24297,0
24298,0
24299,0
24300,0
24301,0
24302,0
24303,0
24304,0
24305,0
24306,0
24307,0
24308,0
24309,0
24310,0
24311,0
24312,0
24313,0
24314,0
24315,0
24316,0
24317,0
24318,0
24319,0
24320,0
24321,0
24322,0
24323,0
24324,0
24325,0
24326,0
24327,0
24328,0
24329,0
24330,0
24331,0
24332,0
24333,0
24334,0
24335,0
24336,0
24337,0
24338,0
24339,0
24340,0
24341,0
24342,0
24343,0
24344,0
24345,0
24346,0
24347,0
24348,0
24349,0
24350,0
24351,0
24352,0
24353,0
24354,0
24355,0
24356,0
24357,0
24358,0
24359,0
24360,0
24361,0
24362,0
24363,0
24364,0
24365,0
24366,0
24367,0
24368,0
24369,0
24370,0
24371,0
24372,0
24373,0
24374,0
24375,0
24376,0
24377,0
24378,0
24379,0
24380,0
24381,0
24382,0
24383,0
24384,0
24385,0
24386,0
24387,0
24388,0
24389,0
24390,0
24391,0
24392,0
24393,0
24394,0
24395,0
24396,0
24397,0
24398,0
24399,0
24400,0
24401,0
24402,0
24403,0
24404,0
24405,0
24406,0
24407,0
24408,0
24409,0
24410,0
24411,0
24412,0
24413,0
24414,0
24415,0
24416,0
24417,0
24418,0
24419,0
24420,0
24421,0
24422,0
24423,0
24424,0
24425,0
24426,0
24427,0
24428,0
24429,0
24430,0
24431,0
24432,0
24433,0
24434,0
24435,0
24436,0
24437,0
24438,0
24439,0
24440,0
24441,0
24442,0
24443,0
24444,0
24445,0
24446,0
24447,0
24448,0
24449,0
24450,0
24451,0
24452,0
24453,0
24454,0
24455,0
24456,0
24457,0
24458,0
24459,0
24460,0
24461,0
24462,0
24463,0
24464,0
24465,0
24466,0
24467,0
24468,0
24469,0
24470,0
24471,0
24472,0
24473,0
24474,0
24475,0
24476,0
24477,0
24478,0
24479,0
24480,0
24481,0
24482,0
24483,0
24484,0
24485,0
24486,0
24487,0
24488,0
24489,0
24490,0
24491,0
24492,0
24493,0
24494,0
24495,0
24496,0
24497,0
24498,0
24499,0
24500,0
24501,0
24502,0
24503,0
24504,0
24505,0
24506,0
24507,0
24508,0
24509,0
24510,0
24511,0
24512,0
24513,0
24514,0
24515,0
24516,0
24517,0
24518,0
24519,0
24520,0
24521,0
24522,0
24523,0
24524,0
24525,0
24526,0
24527,0
24528,0
24529,0
24530,0
24531,0
24532,0
24533,0
24534,0
24535,0
24536,0
24537,0
24538,0
24539,0
24540,0
24541,0
24542,0
24543,0
24544,0
24545,0
24546,0
24547,0
24548,0
24549,0
24550,0
24551,0
24552,0
24553,0
24554,0
24555,0
24556,0
24557,0
24558,0
24559,0
24560,0
24561,0
24562,0
24563,0
24564,0
24565,0
24566,0
24567,0
24568,0
24569,0
24570,0
24571,0
24572,0
24573,0
24574,0
24575,0
24576,0
24577,0
24578,0
24579,0
24580,0
24581,0
24582,0
24583,0
24584,0
24585,0
24586,0
24587,0
24588,0
24589,0
24590,0
24591,0
24592,0
24593,0
24594,0
24595,0
24596,0
24597,0
24598,0
24599,0
24600,0
24601,0
24602,0
24603,0
24604,0
24605,0
24606,0
24607,0
24608,0
24609,0
24610,0
24611,0
24612,0
24613,0
24614,0
24615,0
24616,0
24617,0
24618,0
24619,0
24620,0
24621,0
24622,0
24623,0
24624,0
24625,0
24626,0
24627,0
24628,0
24629,0
24630,0
24631,0
24632,0
24633,0
24634,0
24635,0
24636,0
24637,0
24638,0
24639,0
24640,0
24641,0
24642,0
24643,0
24644,0
24645,0
24646,0
24647,0
24648,0
24649,0
24650,0
24651,0
24652,0
24653,0
24654,0
24655,0
24656,0
24657,0
24658,0
24659,0
24660,0
24661,0
24662,0
24663,0
24664,0
24665,0
24666,0
24667,0
24668,0
24669,0
24670,0
24671,0
24672,0
24673,0
24674,0
24675,0
24676,0
24677,0
24678,0
24679,0
24680,0
24681,0
24682,0
24683,0
24684,0
24685,0
24686,0
24687,0
24688,0
24689,0
24690,0
24691,0
24692,0
24693,0
24694,0
24695,0
24696,0
24697,0
24698,0
24699,0
24700,0
24701,0
24702,0
24703,0
24704,0
24705,0
24706,0
24707,0
24708,0
24709,0
24710,0
24711,0
24712,0
24713,0
24714,0
24715,0
24716,0
24717,0
24718,0
24719,0
24720,0
24721,0
24722,0
24723,0
24724,0
24725,0
24726,0
24727,0
24728,0
24729,0
24730,0
24731,0
24732,0
24733,0
24734,0
24735,0
24736,0
24737,0
24738,0
24739,0
24740,0
24741,0
24742,0
24743,0
24744,0
24745,0
24746,0
24747,0
24748,0
24749,0
24750,0
24751,0
24752,0
24753,0
24754,0
24755,0
24756,0
24757,0
24758,0
24759,0
24760,0
24761,0
24762,0
24763,0
24764,0
24765,0
24766,0
24767,0
24768,0
24769,0
24770,0
24771,0
24772,0
24773,0
24774,0
24775,0
24776,0
24777,0
24778,0
24779,0
24780,0
24781,0
24782,0
24783,0
24784,0
24785,0
24786,0
24787,0
24788,0
24789,0
24790,0
24791,0
24792,0
24793,0
24794,0
24795,0
24796,0
24797,0
24798,0
24799,0
24800,0
24801,0
24802,0
24803,0
24804,0
24805,0
24806,0
24807,0
24808,0
24809,0
24810,0
24811,0
24812,0
24813,0
24814,0
24815,0
24816,0
24817,0
24818,0
24819,0
24820,0
24821,0
24822,0
24823,0
24824,0
24825,0
24826,0
24827,0
24828,0
24829,0
24830,0
24831,0
24832,0
24833,0
24834,0
24835,0
24836,0
24837,0
24838,0
24839,0
24840,0
24841,0
24842,0
24843,0
24844,0
24845,0
24846,0
24847,0
24848,0
24849,0
24850,0
24851,0
24852,0
24853,0
24854,0
24855,0
24856,0
24857,0
24858,0
24859,0
24860,0
24861,0
24862,0
24863,0
24864,0
24865,0
24866,0
24867,0
24868,0
24869,0
24870,0
24871,0
24872,0
24873,0
24874,0
24875,0
24876,0
24877,0
24878,0
24879,0
24880,0
24881,0
24882,0
24883,0
24884,0
24885,0
24886,0
24887,0
24888,0
24889,0
24890,0
24891,0
24892,0
24893,0
24894,0
24895,0
24896,0
24897,0
24898,0
24899,0
24900,0
24901,0
24902,0
24903,0
24904,0
24905,0
24906,0
24907,0
24908,0
24909,0
24910,0
24911,0
24912,0
24913,0
24914,0
24915,0
24916,0
24917,0
24918,0
24919,0
24920,0
24921,0
24922,0
24923,0
24924,0
24925,0
24926,0
24927,0
24928,0
24929,0
24930,0
24931,0
24932,0
24933,0
24934,0
24935,0
24936,0
24937,0
24938,0
24939,0
24940,0
24941,0
24942,0
24943,0
24944,0
24945,0
24946,0
24947,0
24948,0
24949,0
24950,0
24951,0
24952,0
24953,0
24954,0
24955,0
24956,0
24957,0
24958,0
24959,0
24960,0
24961,0
24962,0
24963,0
24964,0
24965,0
24966,0
24967,0
24968,0
24969,0
24970,0
24971,0
24972,0
24973,0
24974,0
24975,0
24976,0
24977,0
24978,0
24979,0
24980,0
24981,0
24982,0
24983,0
24984,0
24985,0
24986,0
24987,0
24988,0
24989,0
24990,0
24991,0
24992,0
24993,0
24994,0
24995,0
24996,0
24997,0
24998,0
24999,0
25000,0
25001,0
25002,0
25003,0
25004,0
25005,0
25006,0
25007,0
25008,0
25009,0
25010,0
25011,0
25012,0
25013,0
25014,0
25015,0
25016,0
25017,0
25018,0
25019,0
25020,0
25021,0
25022,0
25023,0
25024,0
25025,0
25026,0
25027,0
25028,0
25029,0
25030,0
25031,0
25032,0
25033,0
25034,0
25035,0
25036,0
25037,0
25038,0
25039,0
25040,0
25041,0
25042,0
25043,0
25044,0
25045,0
25046,0
25047,0
25048,0
25049,0
25050,0
25051,0
25052,0
25053,0
25054,0
25055,0
25056,0
25057,0
25058,0
25059,0
25060,0
25061,0
25062,0
25063,0
25064,0
25065,0
25066,0
25067,0
25068,0
25069,0
25070,0
25071,0
25072,0
25073,0
25074,0
25075,0
25076,0
25077,0
25078,0
25079,0
25080,0
25081,0
25082,0
25083,0
25084,0
25085,0
25086,0
25087,0
25088,0
25089,0
25090,0
25091,0
25092,0
25093,0
25094,0
25095,0
25096,0
25097,0
25098,0
25099,0
25100,0
25101,0
25102,0
25103,0
25104,0
25105,0
25106,0
25107,0
25108,0
25109,0
25110,0
25111,0
25112,0
25113,0
25114,0
25115,0
25116,0
25117,0
25118,0
25119,0
25120,0
25121,0
25122,0
25123,0
25124,0
25125,0
25126,0
25127,0
25128,0
25129,0
25130,0
25131,0
25132,0
25133,0
25134,0
25135,0
25136,0
25137,0
25138,0
25139,0
25140,0
25141,0
25142,0
25143,0
25144,0
25145,0
25146,0
25147,0
25148,0
25149,0
25150,0
25151,0
25152,0
25153,0
25154,0
25155,0
25156,0
25157,0
25158,0
25159,0
25160,0
25161,0
25162,0
25163,0
25164,0
25165,0
25166,0
25167,0
25168,0
25169,0
25170,0
25171,0
25172,0
25173,0
25174,0
25175,0
25176,0
25177,0
25178,0
25179,0
25180,0
25181,0
25182,0
25183,0
25184,0
25185,0
25186,0
25187,0
25188,0
25189,0
25190,0
25191,0
25192,0
25193,0
25194,0
25195,0
25196,0
25197,0
25198,0
25199,0
25200,0
25201,0
25202,0
25203,0
25204,0
25205,0
25206,0
25207,0
25208,0
25209,0
25210,0
25211,0
25212,0
25213,0
25214,0
25215,0
25216,0
25217,0
25218,0
25219,0
25220,0
25221,0
25222,0
25223,0
25224,0
25225,0
25226,0
25227,0
25228,0
25229,0
25230,0
25231,0
25232,0
25233,0
25234,0
25235,0
25236,0
25237,0
25238,0
25239,0
25240,0
25241,0
25242,0
25243,0
25244,0
25245,0
25246,0
25247,0
25248,0
25249,0
25250,0
25251,0
25252,0
25253,0
25254,0
25255,0
25256,0
25257,0
25258,0
25259,0
25260,0
25261,0
25262,0
25263,0
25264,0
25265,0
25266,0
25267,0
25268,0
25269,0
25270,0
25271,0
25272,0
25273,0
25274,0
25275,0
25276,0
25277,0
25278,0
25279,0
25280,0
25281,0
25282,0
25283,0
25284,0
25285,0
25286,0
25287,0
25288,0
25289,0
25290,0
25291,0
25292,0
25293,0
25294,0
25295,0
25296,0
25297,0
25298,0
25299,0
25300,0
25301,0
25302,0
25303,0
25304,0
25305,0
25306,0
25307,0
25308,0
25309,0
25310,0
25311,0
25312,0
25313,0
25314,0
25315,0
25316,0
25317,0
25318,0
25319,0
25320,0
25321,0
25322,0
25323,0
25324,0
25325,0
25326,0
25327,0
25328,0
25329,0
25330,0
25331,0
25332,0
25333,0
25334,0
25335,0
25336,0
25337,0
25338,0
25339,0
25340,0
25341,0
25342,0
25343,0
25344,0
25345,0
25346,0
25347,0
25348,0
25349,0
25350,0
25351,0
25352,0
25353,0
25354,0
25355,0
25356,0
25357,0
25358,0
25359,0
25360,0
25361,0
25362,0
25363,0
25364,0
25365,0
25366,0
25367,0
25368,0
25369,0
25370,0
25371,0
25372,0
25373,0
25374,0
25375,0
25376,0
25377,0
25378,0
25379,0
25380,0
25381,0
25382,0
25383,0
25384,0
25385,0
25386,0
25387,0
25388,0
25389,0
25390,0
25391,0
25392,0
25393,0
25394,0
25395,0
25396,0
25397,0
25398,0
25399,0
25400,0
25401,0
25402,0
25403,0
25404,0
25405,0
25406,0
25407,0
25408,0
25409,0
25410,0
25411,0
25412,0
25413,0
25414,0
25415,0
25416,0
25417,0
25418,0
25419,0
25420,0
25421,0
25422,0
25423,0
25424,0
25425,0
25426,0
25427,0
25428,0
25429,0
25430,0
25431,0
25432,0
25433,0
25434,0
25435,0
25436,0
25437,0
25438,0
25439,0
25440,0
25441,0
25442,0
25443,0
25444,0
25445,0
25446,0
25447,0
25448,0
25449,0
25450,0
25451,0
25452,0
25453,0
25454,0
25455,0
25456,0
25457,0
25458,0
25459,0
25460,0
25461,0
25462,0
25463,0
25464,0
25465,0
25466,0
25467,0
25468,0
25469,0
25470,0
25471,0
25472,0
25473,0
25474,0
25475,0
25476,0
25477,0
25478,0
25479,0
25480,0
25481,0
25482,0
25483,0
25484,0
25485,0
25486,0
25487,0
25488,0
25489,0
25490,0
25491,0
25492,0
25493,0
25494,0
25495,0
25496,0
25497,0
25498,0
25499,0
25500,0
25501,0
25502,0
25503,0
25504,0
25505,0
25506,0
25507,0
25508,0
25509,0
25510,0
25511,0
25512,0
25513,0
25514,0
25515,0
25516,0
25517,0
25518,0
25519,0
25520,0
25521,0
25522,0
25523,0
25524,0
25525,0
25526,0
25527,0
25528,0
25529,0
25530,0
25531,0
25532,0
25533,0
25534,0
25535,0
25536,0
25537,0
25538,0
25539,0
25540,0
25541,0
25542,0
25543,0
25544,0
25545,0
25546,0
25547,0
25548,0
25549,0
25550,0
25551,0
25552,0
25553,0
25554,0
25555,0
25556,0
25557,0
25558,0
25559,0
25560,0
25561,0
25562,0
25563,0
25564,0
25565,0
25566,0
25567,0
25568,0
25569,0
25570,0
25571,0
25572,0
25573,0
25574,0
25575,0
25576,0
25577,0
25578,0
25579,0
25580,0
25581,0
25582,0
25583,0
25584,0
25585,0
25586,0
25587,0
25588,0
25589,0
25590,0
25591,0
25592,0
25593,0
25594,0
25595,0
25596,0
25597,0
25598,0
25599,0
25600,0
25601,0
25602,0
25603,0
25604,0
25605,0
25606,0
25607,0
25608,0
25609,0
25610,0
25611,0
25612,0
25613,0
25614,0
25615,0
25616,0
25617,0
25618,0
25619,0
25620,0
25621,0
25622,0
25623,0
25624,0
25625,0
25626,0
25627,0
25628,0
25629,0
25630,0
25631,0
25632,0
25633,0
25634,0
25635,0
25636,0
25637,0
25638,0
25639,0
25640,0
25641,0
25642,0
25643,0
25644,0
25645,0
25646,0
25647,0
25648,0
25649,0
25650,0
25651,0
25652,0
25653,0
25654,0
25655,0
25656,0
25657,0
25658,0
25659,0
25660,0
25661,0
25662,0
25663,0
25664,0
25665,0
25666,0
25667,0
25668,0
25669,0
25670,0
25671,0
25672,0
25673,0
25674,0
25675,0
25676,0
25677,0
25678,0
25679,0
25680,0
25681,0
25682,0
25683,0
25684,0
25685,0
25686,0
25687,0
25688,0
25689,0
25690,0
25691,0
25692,0
25693,0
25694,0
25695,0
25696,0
25697,0
25698,0
25699,0
25700,0
25701,0
25702,0
25703,0
25704,0
25705,0
25706,0
25707,0
25708,0
25709,0
25710,0
25711,0
25712,0
25713,0
25714,0
25715,0
25716,0
25717,0
25718,0
25719,0
25720,0
25721,0
25722,0
25723,0
25724,0
25725,0
25726,0
25727,0
25728,0
25729,0
25730,0
25731,0
25732,0
25733,0
25734,0
25735,0
25736,0
25737,0
25738,0
25739,0
25740,0
25741,0
25742,0
25743,0
25744,0
25745,0
25746,0
25747,0
25748,0
25749,0
25750,0
25751,0
25752,0
25753,0
25754,0
25755,0
25756,0
25757,0
25758,0
25759,0
25760,0
25761,0
25762,0
25763,0
25764,0
25765,0
25766,0
25767,0
25768,0
25769,0
25770,0
25771,0
25772,0
25773,0
25774,0
25775,0
25776,0
25777,0
25778,0
25779,0
25780,0
25781,0
25782,0
25783,0
25784,0
25785,0
25786,0
25787,0
25788,0
25789,0
25790,0
25791,0
25792,0
25793,0
25794,0
25795,0
25796,0
25797,0
25798,0
25799,0
25800,0
25801,0
25802,0
25803,0
25804,0
25805,0
25806,0
25807,0
25808,0
25809,0
25810,0
25811,0
25812,0
25813,0
25814,0
25815,0
25816,0
25817,0
25818,0
25819,0
25820,0
25821,0
25822,0
25823,0
25824,0
25825,0
25826,0
25827,0
25828,0
25829,0
25830,0
25831,0
25832,0
25833,0
25834,0
25835,0
25836,0
25837,0
25838,0
25839,0
25840,0
25841,0
25842,0
25843,0
25844,0
25845,0
25846,0
25847,0
25848,0
25849,0
25850,0
25851,0
25852,0
25853,0
25854,0
25855,0
25856,0
25857,0
25858,0
25859,0
25860,0
25861,0
25862,0
25863,0
25864,0
25865,0
25866,0
25867,0
25868,0
25869,0
25870,0
25871,0
25872,0
25873,0
25874,0
25875,0
25876,0
25877,0
25878,0
25879,0
25880,0
25881,0
25882,0
25883,0
25884,0
25885,0
25886,0
25887,0
25888,0
25889,0
25890,0
25891,0
25892,0
25893,0
25894,0
25895,0
25896,0
25897,0
25898,0
25899,0
25900,0
25901,0
25902,0
25903,0
25904,0
25905,0
25906,0
25907,0
25908,0
25909,0
25910,0
25911,0
25912,0
25913,0
25914,0
25915,0
25916,0
25917,0
25918,0
25919,0
25920,0
25921,0
25922,0
25923,0
25924,0
25925,0
25926,0
25927,0
25928,0
25929,0
25930,0
25931,0
25932,0
25933,0
25934,0
25935,0
25936,0
25937,0
25938,0
25939,0
25940,0
25941,0
25942,0
25943,0
25944,0
25945,0
25946,0
25947,0
25948,0
25949,0
25950,0
25951,0
25952,0
25953,0
25954,0
25955,0
25956,0
25957,0
25958,0
25959,0
25960,0
25961,0
25962,0
25963,0
25964,0
25965,0
25966,0
25967,0
25968,0
25969,0
25970,0
25971,0
25972,0
25973,0
25974,0
25975,0
25976,0
25977,0
25978,0
25979,0
25980,0
25981,0
25982,0
25983,0
25984,0
25985,0
25986,0
25987,0
25988,0
25989,0
25990,0
25991,0
25992,0
25993,0
25994,0
25995,0
25996,0
25997,0
25998,0
25999,0
26000,0
26001,0
26002,0
26003,0
26004,0
26005,0
26006,0
26007,0
26008,0
26009,0
26010,0
26011,0
26012,0
26013,0
26014,0
26015,0
26016,0
26017,0
26018,0
26019,0
26020,0
26021,0
26022,0
26023,0
26024,0
26025,0
26026,0
26027,0
26028,0
26029,0
26030,0
26031,0
26032,0
26033,0
26034,0
26035,0
26036,0
26037,0
26038,0
26039,0
26040,0
26041,0
26042,0
26043,0
26044,0
26045,0
26046,0
26047,0
26048,0
26049,0
26050,0
26051,0
26052,0
26053,0
26054,0
26055,0
26056,0
26057,0
26058,0
26059,0
26060,0
26061,0
26062,0
26063,0
26064,0
26065,0
26066,0
26067,0
26068,0
26069,0
26070,0
26071,0
26072,0
26073,0
26074,0
26075,0
26076,0
26077,0
26078,0
26079,0
26080,0
26081,0
26082,0
26083,0
26084,0
26085,0
26086,0
26087,0
26088,0
26089,0
26090,0
26091,0
26092,0
26093,0
26094,0
26095,0
26096,0
26097,0
26098,0
26099,0
26100,0
26101,0
26102,0
26103,0
26104,0
26105,0
26106,0
26107,0
26108,0
26109,0
26110,0
26111,0
26112,0
26113,0
26114,0
26115,0
26116,0
26117,0
26118,0
26119,0
26120,0
26121,0
26122,0
26123,0
26124,0
26125,0
26126,0
26127,0
26128,0
26129,0
26130,0
26131,0
26132,0
26133,0
26134,0
26135,0
26136,0
26137,0
26138,0
26139,0
26140,0
26141,0
26142,0
26143,0
26144,0
26145,0
26146,0
26147,0
26148,0
26149,0
26150,0
26151,0
26152,0
26153,0
26154,0
26155,0
26156,0
26157,0
26158,0
26159,0
26160,0
26161,0
26162,0
26163,0
26164,0
26165,0
26166,0
26167,0
26168,0
26169,0
26170,0
26171,0
26172,0
26173,0
26174,0
26175,0
26176,0
26177,0
26178,0
26179,0
26180,0
26181,0
26182,0
26183,0
26184,0
26185,0
26186,0
26187,0
26188,0
26189,0
26190,0
26191,0
26192,0
26193,0
26194,0
26195,0
26196,0
26197,0
26198,0
26199,0
26200,0
26201,0
26202,0
26203,0
26204,0
26205,0
26206,0
26207,0
26208,0
26209,0
26210,0
26211,0
26212,0
26213,0
26214,0
26215,0
26216,0
26217,0
26218,0
26219,0
26220,0
26221,0
26222,0
26223,0
26224,0
26225,0
26226,0
26227,0
26228,0
26229,0
26230,0
26231,0
26232,0
26233,0
26234,0
26235,0
26236,0
26237,0
26238,0
26239,0
26240,0
26241,0
26242,0
26243,0
26244,0
26245,0
26246,0
26247,0
26248,0
26249,0
26250,0
26251,0
26252,0
26253,0
26254,0
26255,0
26256,0
26257,0
26258,0
26259,0
26260,0
26261,0
26262,0
26263,0
26264,0
26265,0
26266,0
26267,0
26268,0
26269,0
26270,0
26271,0
26272,0
26273,0
26274,0
26275,0
26276,0
26277,0
26278,0
26279,0
26280,0
26281,0
26282,0
26283,0
26284,0
26285,0
26286,0
26287,0
26288,0
26289,0
26290,0
26291,0
26292,0
26293,0
26294,0
26295,0
26296,0
26297,0
26298,0
26299,0
26300,0
26301,0
26302,0
26303,0
26304,0
26305,0
26306,0
26307,0
26308,0
26309,0
26310,0
26311,0
26312,0
26313,0
26314,0
26315,0
26316,0
26317,0
26318,0
26319,0
26320,0
26321,0
26322,0
26323,0
26324,0
26325,0
26326,0
26327,0
26328,0
26329,0
26330,0
26331,0
26332,0
26333,0
26334,0
26335,0
26336,0
26337,0
26338,0
26339,0
26340,0
26341,0
26342,0
26343,0
26344,0
26345,0
26346,0
26347,0
26348,0
26349,0
26350,0
26351,0
26352,0
26353,0
26354,0
26355,0
26356,0
26357,0
26358,0
26359,0
26360,0
26361,0
26362,0
26363,0
26364,0
26365,0
26366,0
26367,0
26368,0
26369,0
26370,0
26371,0
26372,0
26373,0
26374,0
26375,0
26376,0
26377,0
26378,0
26379,0
26380,0
26381,0
26382,0
26383,0
26384,0
26385,0
26386,0
26387,0
26388,0
26389,0
26390,0
26391,0
26392,0
26393,0
26394,0
26395,0
26396,0
26397,0
26398,0
26399,0
26400,0
26401,0
26402,0
26403,0
26404,0
26405,0
26406,0
26407,0
26408,0
26409,0
26410,0
26411,0
26412,0
26413,0
26414,0
26415,0
26416,0
26417,0
26418,0
26419,0
26420,0
26421,0
26422,0
26423,0
26424,0
26425,0
26426,0
26427,0
26428,0
26429,0
26430,0
26431,0
26432,0
26433,0
26434,0
26435,0
26436,0
26437,0
26438,0
26439,0
26440,0
26441,0
26442,0
26443,0
26444,0
26445,0
26446,0
26447,0
26448,0
26449,0
26450,0
26451,0
26452,0
26453,0
26454,0
26455,0
26456,0
26457,0
26458,0
26459,0
26460,0
26461,0
26462,0
26463,0
26464,0
26465,0
26466,0
26467,0
26468,0
26469,0
26470,0
26471,0
26472,0
26473,0
26474,0
26475,0
26476,0
26477,0
26478,0
26479,0
26480,0
26481,0
26482,0
26483,0
26484,0
26485,0
26486,0
26487,0
26488,0
26489,0
26490,0
26491,0
26492,0
26493,0
26494,0
26495,0
26496,0
26497,0
26498,0
26499,0
26500,0
26501,0
26502,0
26503,0
26504,0
26505,0
26506,0
26507,0
26508,0
26509,0
26510,0
26511,0
26512,0
26513,0
26514,0
26515,0
26516,0
26517,0
26518,0
26519,0
26520,0
26521,0
26522,0
26523,0
26524,0
26525,0
26526,0
26527,0
26528,0
26529,0
26530,0
26531,0
26532,0
26533,0
26534,0
26535,0
26536,0
26537,0
26538,0
26539,0
26540,0
26541,0
26542,0
26543,0
26544,0
26545,0
26546,0
26547,0
26548,0
26549,0
26550,0
26551,0
26552,0
26553,0
26554,0
26555,0
26556,0
26557,0
26558,0
26559,0
26560,0
26561,0
26562,0
26563,0
26564,0
26565,0
26566,0
26567,0
26568,0
26569,0
26570,0
26571,0
26572,0
26573,0
26574,0
26575,0
26576,0
26577,0
26578,0
26579,0
26580,0
26581,0
26582,0
26583,0
26584,0
26585,0
26586,0
26587,0
26588,0
26589,0
26590,0
26591,0
26592,0
26593,0
26594,0
26595,0
26596,0
26597,0
26598,0
26599,0
26600,0
26601,0
26602,0
26603,0
26604,0
26605,0
26606,0
26607,0
26608,0
26609,0
26610,0
26611,0
26612,0
26613,0
26614,0
26615,0
26616,0
26617,0
26618,0
26619,0
26620,0
26621,0
26622,0
26623,0
26624,0
26625,0
26626,0
26627,0
26628,0
26629,0
26630,0
26631,0
26632,0
26633,0
26634,0
26635,0
26636,0
26637,0
26638,0
26639,0
26640,0
26641,0
26642,0
26643,0
26644,0
26645,0
26646,0
26647,0
26648,0
26649,0
26650,0
26651,0
26652,0
26653,0
26654,0
26655,0
26656,0
26657,0
26658,0
26659,0
26660,0
26661,0
26662,0
26663,0
26664,0
26665,0
26666,0
26667,0
26668,0
26669,0
26670,0
26671,0
26672,0
26673,0
26674,0
26675,0
26676,0
26677,0
26678,0
26679,0
26680,0
26681,0
26682,0
26683,0
26684,0
26685,0
26686,0
26687,0
26688,0
26689,0
26690,0
26691,0
26692,0
26693,0
26694,0
26695,0
26696,0
26697,0
26698,0
26699,0
26700,0
26701,0
26702,0
26703,0
26704,0
26705,0
26706,0
26707,0
26708,0
26709,0
26710,0
26711,0
26712,0
26713,0
26714,0
26715,0
26716,0
26717,0
26718,0
26719,0
26720,0
26721,0
26722,0
26723,0
26724,0
26725,0
26726,0
26727,0
26728,0
26729,0
26730,0
26731,0
26732,0
26733,0
26734,0
26735,0
26736,0
26737,0
26738,0
26739,0
26740,0
26741,0
26742,0
26743,0
26744,0
26745,0
26746,0
26747,0
26748,0
26749,0
26750,0
26751,0
26752,0
26753,0
26754,0
26755,0
26756,0
26757,0
26758,0
26759,0
26760,0
26761,0
26762,0
26763,0
26764,0
26765,0
26766,0
26767,0
26768,0
26769,0
26770,0
26771,0
26772,0
26773,0
26774,0
26775,0
26776,0
26777,0
26778,0
26779,0
26780,0
26781,0
26782,0
26783,0
26784,0
26785,0
26786,0
26787,0
26788,0
26789,0
26790,0
26791,0
26792,0
26793,0
26794,0
26795,0
26796,0
26797,0
26798,0
26799,0
26800,0
26801,0
26802,0
26803,0
26804,0
26805,0
26806,0
26807,0
26808,0
26809,0
26810,0
26811,0
26812,0
26813,0
26814,0
26815,0
26816,0
26817,0
26818,0
26819,0
26820,0
26821,0
26822,0
26823,0
26824,0
26825,0
26826,0
26827,0
26828,0
26829,0
26830,0
26831,0
26832,0
26833,0
26834,0
26835,0
26836,0
26837,0
26838,0
26839,0
26840,0
26841,0
26842,0
26843,0
26844,0
26845,0
26846,0
26847,0
26848,0
26849,0
26850,0
26851,0
26852,0
26853,0
26854,0
26855,0
26856,0
26857,0
26858,0
26859,0
26860,0
26861,0
26862,0
26863,0
26864,0
26865,0
26866,0
26867,0
26868,0
26869,0
26870,0
26871,0
26872,0
26873,0
26874,0
26875,0
26876,0
26877,0
26878,0
26879,0
26880,0
26881,0
26882,0
26883,0
26884,0
26885,0
26886,0
26887,0
26888,0
26889,0
26890,0
26891,0
26892,0
26893,0
26894,0
26895,0
26896,0
26897,0
26898,0
26899,0
26900,0
26901,0
26902,0
26903,0
26904,0
26905,0
26906,0
26907,0
26908,0
26909,0
26910,0
26911,0
26912,0
26913,0
26914,0
26915,0
26916,0
26917,0
26918,0
26919,0
26920,0
26921,0
26922,0
26923,0
26924,0
26925,0
26926,0
26927,0
26928,0
26929,0
26930,0
26931,0
26932,0
26933,0
26934,0
26935,0
26936,0
26937,0
26938,0
26939,0
26940,0
26941,0
26942,0
26943,0
26944,0
26945,0
26946,0
26947,0
26948,0
26949,0
26950,0
26951,0
26952,0
26953,0
26954,0
26955,0
26956,0
26957,0
26958,0
26959,0
26960,0
26961,0
26962,0
26963,0
26964,0
26965,0
26966,0
26967,0
26968,0
26969,0
26970,0
26971,0
26972,0
26973,0
26974,0
26975,0
26976,0
26977,0
26978,0
26979,0
26980,0
26981,0
26982,0
26983,0
26984,0
26985,0
26986,0
26987,0
26988,0
26989,0
26990,0
26991,0
26992,0
26993,0
26994,0
26995,0
26996,0
26997,0
26998,0
26999,0
27000,0
27001,0
27002,0
27003,0
27004,0
27005,0
27006,0
27007,0
27008,0
27009,0
27010,0
27011,0
27012,0
27013,0
27014,0
27015,0
27016,0
27017,0
27018,0
27019,0
27020,0
27021,0
27022,0
27023,0
27024,0
27025,0
27026,0
27027,0
27028,0
27029,0
27030,0
27031,0
27032,0
27033,0
27034,0
27035,0
27036,0
27037,0
27038,0
27039,0
27040,0
27041,0
27042,0
27043,0
27044,0
27045,0
27046,0
27047,0
27048,0
27049,0
27050,0
27051,0
27052,0
27053,0
27054,0
27055,0
27056,0
27057,0
27058,0
27059,0
27060,0
27061,0
27062,0
27063,0
27064,0
27065,0
27066,0
27067,0
27068,0
27069,0
27070,0
27071,0
27072,0
27073,0
27074,0
27075,0
27076,0
27077,0
27078,0
27079,0
27080,0
27081,0
27082,0
27083,0
27084,0
27085,0
27086,0
27087,0
27088,0
27089,0
27090,0
27091,0
27092,0
27093,0
27094,0
27095,0
27096,0
27097,0
27098,0
27099,0
27100,0
27101,0
27102,0
27103,0
27104,0
27105,0
27106,0
27107,0
27108,0
27109,0
27110,0
27111,0
27112,0
27113,0
27114,0
27115,0
27116,0
27117,0
27118,0
27119,0
27120,0
27121,0
27122,0
27123,0
27124,0
27125,0
27126,0
27127,0
27128,0
27129,0
27130,0
27131,0
27132,0
27133,0
27134,0
27135,0
27136,0
27137,0
27138,0
27139,0
27140,0
27141,0
27142,0
27143,0
27144,0
27145,0
27146,0
27147,0
27148,0
27149,0
27150,0
27151,0
27152,0
27153,0
27154,0
27155,0
27156,0
27157,0
27158,0
27159,0
27160,0
27161,0
27162,0
27163,0
27164,0
27165,0
27166,0
27167,0
27168,0
27169,0
27170,0
27171,0
27172,0
27173,0
27174,0
27175,0
27176,0
27177,0
27178,0
27179,0
27180,0
27181,0
27182,0
27183,0
27184,0
27185,0
27186,0
27187,0
27188,0
27189,0
27190,0
27191,0
27192,0
27193,0
27194,0
27195,0
27196,0
27197,0
27198,0
27199,0
27200,0
27201,0
27202,0
27203,0
27204,0
27205,0
27206,0
27207,0
27208,0
27209,0
27210,0
27211,0
27212,0
27213,0
27214,0
27215,0
27216,0
27217,0
27218,0
27219,0
27220,0
27221,0
27222,0
27223,0
27224,0
27225,0
27226,0
27227,0
27228,0
27229,0
27230,0
27231,0
27232,0
27233,0
27234,0
27235,0
27236,0
27237,0
27238,0
27239,0
27240,0
27241,0
27242,0
27243,0
27244,0
27245,0
27246,0
27247,0
27248,0
27249,0
27250,0
27251,0
27252,0
27253,0
27254,0
27255,0
27256,0
27257,0
27258,0
27259,0
27260,0
27261,0
27262,0
27263,0
27264,0
27265,0
27266,0
27267,0
27268,0
27269,0
27270,0
27271,0
27272,0
27273,0
27274,0
27275,0
27276,0
27277,0
27278,0
27279,0
27280,0
27281,0
27282,0
27283,0
27284,0
27285,0
27286,0
27287,0
27288,0
27289,0
27290,0
27291,0
27292,0
27293,0
27294,0
27295,0
27296,0
27297,0
27298,0
27299,0
27300,0
27301,0
27302,0
27303,0
27304,0
27305,0
27306,0
27307,0
27308,0
27309,0
27310,0
27311,0
27312,0
27313,0
27314,0
27315,0
27316,0
27317,0
27318,0
27319,0
27320,0
27321,0
27322,0
27323,0
27324,0
27325,0
27326,0
27327,0
27328,0
27329,0
27330,0
27331,0
27332,0
27333,0
27334,0
27335,0
27336,0
27337,0
27338,0
27339,0
27340,0
27341,0
27342,0
27343,0
27344,0
27345,0
27346,0
27347,0
27348,0
27349,0
27350,0
27351,0
27352,0
27353,0
27354,0
27355,0
27356,0
27357,0
27358,0
27359,0
27360,0
27361,0
27362,0
27363,0
27364,0
27365,0
27366,0
27367,0
27368,0
27369,0
27370,0
27371,0
27372,0
27373,0
27374,0
27375,0
27376,0
27377,0
27378,0
27379,0
27380,0
27381,0
27382,0
27383,0
27384,0
27385,0
27386,0
27387,0
27388,0
27389,0
27390,0
27391,0
27392,0
27393,0
27394,0
27395,0
27396,0
27397,0
27398,0
27399,0
27400,0
27401,0
27402,0
27403,0
27404,0
27405,0
27406,0
27407,0
27408,0
27409,0
27410,0
27411,0
27412,0
27413,0
27414,0
27415,0
27416,0
27417,0
27418,0
27419,0
27420,0
27421,0
27422,0
27423,0
27424,0
27425,0
27426,0
27427,0
27428,0
27429,0
27430,0
27431,0
27432,0
27433,0
27434,0
27435,0
27436,0
27437,0
27438,0
27439,0
27440,0
27441,0
27442,0
27443,0
27444,0
27445,0
27446,0
27447,0
27448,0
27449,0
27450,0
27451,0
27452,0
27453,0
27454,0
27455,0
27456,0
27457,0
27458,0
27459,0
27460,0
27461,0
27462,0
27463,0
27464,0
27465,0
27466,0
27467,0
27468,0
27469,0
27470,0
27471,0
27472,0
27473,0
27474,0
27475,0
27476,0
27477,0
27478,0
27479,0
27480,0
27481,0
27482,0
27483,0
27484,0
27485,0
27486,0
27487,0
27488,0
27489,0
27490,0
27491,0
27492,0
27493,0
27494,0
27495,0
27496,0
27497,0
27498,0
27499,0
27500,0
27501,0
27502,0
27503,0
27504,0
27505,0
27506,0
27507,0
27508,0
27509,0
27510,0
27511,0
27512,0
27513,0
27514,0
27515,0
27516,0
27517,0
27518,0
27519,0
27520,0
27521,0
27522,0
27523,0
27524,0
27525,0
27526,0
27527,0
27528,0
27529,0
27530,0
27531,0
27532,0
27533,0
27534,0
27535,0
27536,0
27537,0
27538,0
27539,0
27540,0
27541,0
27542,0
27543,0
27544,0
27545,0
27546,0
27547,0
27548,0
27549,0
27550,0
27551,0
27552,0
27553,0
27554,0
27555,0
27556,0
27557,0
27558,0
27559,0
27560,0
27561,0
27562,0
27563,0
27564,0
27565,0
27566,0
27567,0
27568,0
27569,0
27570,0
27571,0
27572,0
27573,0
27574,0
27575,0
27576,0
27577,0
27578,0
27579,0
27580,0
27581,0
27582,0
27583,0
27584,0
27585,0
27586,0
27587,0
27588,0
27589,0
27590,0
27591,0
27592,0
27593,0
27594,0
27595,0
27596,0
27597,0
27598,0
27599,0
27600,0
27601,0
27602,0
27603,0
27604,0
27605,0
27606,0
27607,0
27608,0
27609,0
27610,0
27611,0
27612,0
27613,0
27614,0
27615,0
27616,0
27617,0
27618,0
27619,0
27620,0
27621,0
27622,0
27623,0
27624,0
27625,0
27626,0
27627,0
27628,0
27629,0
27630,0
27631,0
27632,0
27633,0
27634,0
27635,0
27636,0
27637,0
27638,0
27639,0
27640,0
27641,0
27642,0
27643,0
27644,0
27645,0
27646,0
27647,0
27648,0
27649,0
27650,0
27651,0
27652,0
27653,0
27654,0
27655,0
27656,0
27657,0
27658,0
27659,0
27660,0
27661,0
27662,0
27663,0
27664,0
27665,0
27666,0
27667,0
27668,0
27669,0
27670,0
27671,0
27672,0
27673,0
27674,0
27675,0
27676,0
27677,0
27678,0
27679,0
27680,0
27681,0
27682,0
27683,0
27684,0
27685,0
27686,0
27687,0
27688,0
27689,0
27690,0
27691,0
27692,0
27693,0
27694,0
27695,0
27696,0
27697,0
27698,0
27699,0
27700,0
27701,0
27702,0
27703,0
27704,0
27705,0
27706,0
27707,0
27708,0
27709,0
27710,0
27711,0
27712,0
27713,0
27714,0
27715,0
27716,0
27717,0
27718,0
27719,0
27720,0
27721,0
27722,0
27723,0
27724,0
27725,0
27726,0
27727,0
27728,0
27729,0
27730,0
27731,0
27732,0
27733,0
27734,0
27735,0
27736,0
27737,0
27738,0
27739,0
27740,0
27741,0
27742,0
27743,0
27744,0
27745,0
27746,0
27747,0
27748,0
27749,0
27750,0
27751,0
27752,0
27753,0
27754,0
27755,0
27756,0
27757,0
27758,0
27759,0
27760,0
27761,0
27762,0
27763,0
27764,0
27765,0
27766,0
27767,0
27768,0
27769,0
27770,0
27771,0
27772,0
27773,0
27774,0
27775,0
27776,0
27777,0
27778,0
27779,0
27780,0
27781,0
27782,0
27783,0
27784,0
27785,0
27786,0
27787,0
27788,0
27789,0
27790,0
27791,0
27792,0
27793,0
27794,0
27795,0
27796,0
27797,0
27798,0
27799,0
27800,0
27801,0
27802,0
27803,0
27804,0
27805,0
27806,0
27807,0
27808,0
27809,0
27810,0
27811,0
27812,0
27813,0
27814,0
27815,0
27816,0
27817,0
27818,0
27819,0
27820,0
27821,0
27822,0
27823,0
27824,0
27825,0
27826,0
27827,0
27828,0
27829,0
27830,0
27831,0
27832,0
27833,0
27834,0
27835,0
27836,0
27837,0
27838,0
27839,0
27840,0
27841,0
27842,0
27843,0
27844,0
27845,0
27846,0
27847,0
27848,0
27849,0
27850,0
27851,0
27852,0
27853,0
27854,0
27855,0
27856,0
27857,0
27858,0
27859,0
27860,0
27861,0
27862,0
27863,0
27864,0
27865,0
27866,0
27867,0
27868,0
27869,0
27870,0
27871,0
27872,0
27873,0
27874,0
27875,0
27876,0
27877,0
27878,0
27879,0
27880,0
27881,0
27882,0
27883,0
27884,0
27885,0
27886,0
27887,0
27888,0
27889,0
27890,0
27891,0
27892,0
27893,0
27894,0
27895,0
27896,0
27897,0
27898,0
27899,0
27900,0
27901,0
27902,0
27903,0
27904,0
27905,0
27906,0
27907,0
27908,0
27909,0
27910,0
27911,0
27912,0
27913,0
27914,0
27915,0
27916,0
27917,0
27918,0
27919,0
27920,0
27921,0
27922,0
27923,0
27924,0
27925,0
27926,0
27927,0
27928,0
27929,0
27930,0
27931,0
27932,0
27933,0
27934,0
27935,0
27936,0
27937,0
27938,0
27939,0
27940,0
27941,0
27942,0
27943,0
27944,0
27945,0
27946,0
27947,0
27948,0
27949,0
27950,0
27951,0
27952,0
27953,0
27954,0
27955,0
27956,0
27957,0
27958,0
27959,0
27960,0
27961,0
27962,0
27963,0
27964,0
27965,0
27966,0
27967,0
27968,0
27969,0
27970,0
27971,0
27972,0
27973,0
27974,0
27975,0
27976,0
27977,0
27978,0
27979,0
27980,0
27981,0
27982,0
27983,0
27984,0
27985,0
27986,0
27987,0
27988,0
27989,0
27990,0
27991,0
27992,0
27993,0
27994,0
27995,0
27996,0
27997,0
27998,0
27999,0
28000,0
28001,0
28002,0
28003,0
28004,0
28005,0
28006,0
28007,0
28008,0
28009,0
28010,0
28011,0
28012,0
28013,0
28014,0
28015,0
28016,0
28017,0
28018,0
28019,0
28020,0
28021,0
28022,0
28023,0
28024,0
28025,0
28026,0
28027,0
28028,0
28029,0
28030,0
28031,0
28032,0
28033,0
28034,0
28035,0
28036,0
28037,0
28038,0
28039,0
28040,0
28041,0
28042,0
28043,0
28044,0
28045,0
28046,0
28047,0
28048,0
28049,0
28050,0
28051,0
28052,0
28053,0
28054,0
28055,0
28056,0
28057,0
28058,0
28059,0
28060,0
28061,0
28062,0
28063,0
28064,0
28065,0
28066,0
28067,0
28068,0
28069,0
28070,0
28071,0
28072,0
28073,0
28074,0
28075,0
28076,0
28077,0
28078,0
28079,0
28080,0
28081,0
28082,0
28083,0
28084,0
28085,0
28086,0
28087,0
28088,0
28089,0
28090,0
28091,0
28092,0
28093,0
28094,0
28095,0
28096,0
28097,0
28098,0
28099,0
28100,0
28101,0
28102,0
28103,0
28104,0
28105,0
28106,0
28107,0
28108,0
28109,0
28110,0
28111,0
28112,0
28113,0
28114,0
28115,0
28116,0
28117,0
28118,0
28119,0
28120,0
28121,0
28122,0
28123,0
28124,0
28125,0
28126,0
28127,0
28128,0
28129,0
28130,0
28131,0
28132,0
28133,0
28134,0
28135,0
28136,0
28137,0
28138,0
28139,0
28140,0
28141,0
28142,0
28143,0
28144,0
28145,0
28146,0
28147,0
28148,0
28149,0
28150,0
28151,0
28152,0
28153,0
28154,0
28155,0
28156,0
28157,0
28158,0
28159,0
28160,0
28161,0
28162,0
28163,0
28164,0
28165,0
28166,0
28167,0
28168,0
28169,0
28170,0
28171,0
28172,0
28173,0
28174,0
28175,0
28176,0
28177,0
28178,0
28179,0
28180,0
28181,0
28182,0
28183,0
28184,0
28185,0
28186,0
28187,0
28188,0
28189,0
28190,0
28191,0
28192,0
28193,0
28194,0
28195,0
28196,0
28197,0
28198,0
28199,0
28200,0
28201,0
28202,0
28203,0
28204,0
28205,0
28206,0
28207,0
28208,0
28209,0
28210,0
28211,0
28212,0
28213,0
28214,0
28215,0
28216,0
28217,0
28218,0
28219,0
28220,0
28221,0
28222,0
28223,0
28224,0
28225,0
28226,0
28227,0
28228,0
28229,0
28230,0
28231,0
28232,0
28233,0
28234,0
28235,0
28236,0
28237,0
28238,0
28239,0
28240,0
28241,0
28242,0
28243,0
28244,0
28245,0
28246,0
28247,0
28248,0
28249,0
28250,0
28251,0
28252,0
28253,0
28254,0
28255,0
28256,0
28257,0
28258,0
28259,0
28260,0
28261,0
28262,0
28263,0
28264,0
28265,0
28266,0
28267,0
28268,0
28269,0
28270,0
28271,0
28272,0
28273,0
28274,0
28275,0
28276,0
28277,0
28278,0
28279,0
28280,0
28281,0
28282,0
28283,0
28284,0
28285,0
28286,0
28287,0
28288,0
28289,0
28290,0
28291,0
28292,0
28293,0
28294,0
28295,0
28296,0
28297,0
28298,0
28299,0
28300,0
28301,0
28302,0
28303,0
28304,0
28305,0
28306,0
28307,0
28308,0
28309,0
28310,0
28311,0
28312,0
28313,0
28314,0
28315,0
28316,0
28317,0
28318,0
28319,0
28320,0
28321,0
28322,0
28323,0
28324,0
28325,0
28326,0
28327,0
28328,0
28329,0
28330,0
28331,0
28332,0
28333,0
28334,0
28335,0
28336,0
28337,0
28338,0
28339,0
28340,0
28341,0
28342,0
28343,0
28344,0
28345,0
28346,0
28347,0
28348,0
28349,0
28350,0
28351,0
28352,0
28353,0
28354,0
28355,0
28356,0
28357,0
28358,0
28359,0
28360,0
28361,0
28362,0
28363,0
28364,0
28365,0
28366,0
28367,0
28368,0
28369,0
28370,0
28371,0
28372,0
28373,0
28374,0
28375,0
28376,0
28377,0
28378,0
28379,0
28380,0
28381,0
28382,0
28383,0
28384,0
28385,0
28386,0
28387,0
28388,0
28389,0
28390,0
28391,0
28392,0
28393,0
28394,0
28395,0
28396,0
28397,0
28398,0
28399,0
28400,0
28401,0
28402,0
28403,0
28404,0
28405,0
28406,0
28407,0
28408,0
28409,0
28410,0
28411,0
28412,0
28413,0
28414,0
28415,0
28416,0
28417,0
28418,0
28419,0
28420,0
28421,0
28422,0
28423,0
28424,0
28425,0
28426,0
28427,0
28428,0
28429,0
28430,0
28431,0
28432,0
28433,0
28434,0
28435,0
28436,0
28437,0
28438,0
28439,0
28440,0
28441,0
28442,0
28443,0
28444,0
28445,0
28446,0
28447,0
28448,0
28449,0
28450,0
28451,0
28452,0
28453,0
28454,0
28455,0
28456,0
28457,0
28458,0
28459,0
28460,0
28461,0
28462,0
28463,0
28464,0
28465,0
28466,0
28467,0
28468,0
28469,0
28470,0
28471,0
28472,0
28473,0
28474,0
28475,0
28476,0
28477,0
28478,0
28479,0
28480,0
28481,0
28482,0
28483,0
28484,0
28485,0
28486,0
28487,0
28488,0
28489,0
28490,0
28491,0
28492,0
28493,0
28494,0
28495,0
28496,0
28497,0
28498,0
28499,0
28500,0
28501,0
28502,0
28503,0
28504,0
28505,0
28506,0
28507,0
28508,0
28509,0
28510,0
28511,0
28512,0
28513,0
28514,0
28515,0
28516,0
28517,0
28518,0
28519,0
28520,0
28521,0
28522,0
28523,0
28524,0
28525,0
28526,0
28527,0
28528,0
28529,0
28530,0
28531,0
28532,0
28533,0
28534,0
28535,0
28536,0
28537,0
28538,0
28539,0
28540,0
28541,0
28542,0
28543,0
28544,0
28545,0
28546,0
28547,0
28548,0
28549,0
28550,0
28551,0
28552,0
28553,0
28554,0
28555,0
28556,0
28557,0
28558,0
28559,0
28560,0
28561,0
28562,0
28563,0
28564,0
28565,0
28566,0
28567,0
28568,0
28569,0
28570,0
28571,0
28572,0
28573,0
28574,0
28575,0
28576,0
28577,0
28578,0
28579,0
28580,0
28581,0
28582,0
28583,0
28584,0
28585,0
28586,0
28587,0
28588,0
28589,0
28590,0
28591,0
28592,0
28593,0
28594,0
28595,0
28596,0
28597,0
28598,0
28599,0
28600,0
28601,0
28602,0
28603,0
28604,0
28605,0
28606,0
28607,0
28608,0
28609,0
28610,0
28611,0
28612,0
28613,0
28614,0
28615,0
28616,0
28617,0
28618,0
28619,0
28620,0
28621,0
28622,0
28623,0
28624,0
28625,0
28626,0
28627,0
28628,0
28629,0
28630,0
28631,0
28632,0
28633,0
28634,0
28635,0
28636,0
28637,0
28638,0
28639,0
28640,0
28641,0
28642,0
28643,0
28644,0
28645,0
28646,0
28647,0
28648,0
28649,0
28650,0
28651,0
28652,0
28653,0
28654,0
28655,0
28656,0
28657,0
28658,0
28659,0
28660,0
28661,0
28662,0
28663,0
28664,0
28665,0
28666,0
28667,0
28668,0
28669,0
28670,0
28671,0
28672,0
28673,0
28674,0
28675,0
28676,0
28677,0
28678,0
28679,0
28680,0
28681,0
28682,0
28683,0
28684,0
28685,0
28686,0
28687,0
28688,0
28689,0
28690,0
28691,0
28692,0
28693,0
28694,0
28695,0
28696,0
28697,0
28698,0
28699,0
28700,0
28701,0
28702,0
28703,0
28704,0
28705,0
28706,0
28707,0
28708,0
28709,0
28710,0
28711,0
28712,0
28713,0
28714,0
28715,0
28716,0
28717,0
28718,0
28719,0
28720,0
28721,0
28722,0
28723,0
28724,0
28725,0
28726,0
28727,0
28728,0
28729,0
28730,0
28731,0
28732,0
28733,0
28734,0
28735,0
28736,0
28737,0
28738,0
28739,0
28740,0
28741,0
28742,0
28743,0
28744,0
28745,0
28746,0
28747,0
28748,0
28749,0
28750,0
28751,0
28752,0
28753,0
28754,0
28755,0
28756,0
28757,0
28758,0
28759,0
28760,0
28761,0
28762,0
28763,0
28764,0
28765,0
28766,0
28767,0
28768,0
28769,0
28770,0
28771,0
28772,0
28773,0
28774,0
28775,0
28776,0
28777,0
28778,0
28779,0
28780,0
28781,0
28782,0
28783,0
28784,0
28785,0
28786,0
28787,0
28788,0
28789,0
28790,0
28791,0
28792,0
28793,0
28794,0
28795,0
28796,0
28797,0
28798,0
28799,0
28800,0
28801,0
28802,0
28803,0
28804,0
28805,0
28806,0
28807,0
28808,0
28809,0
28810,0
28811,0
28812,0
28813,0
28814,0
28815,0
28816,0
28817,0
28818,0
28819,0
28820,0
28821,0
28822,0
28823,0
28824,0
28825,0
28826,0
28827,0
28828,0
28829,0
28830,0
28831,0
28832,0
28833,0
28834,0
28835,0
28836,0
28837,0
28838,0
28839,0
28840,0
28841,0
28842,0
28843,0
28844,0
28845,0
28846,0
28847,0
28848,0
28849,0
28850,0
28851,0
28852,0
28853,0
28854,0
28855,0
28856,0
28857,0
28858,0
28859,0
28860,0
28861,0
28862,0
28863,0
28864,0
28865,0
28866,0
28867,0
28868,0
28869,0
28870,0
28871,0
28872,0
28873,0
28874,0
28875,0
28876,0
28877,0
28878,0
28879,0
28880,0
28881,0
28882,0
28883,0
28884,0
28885,0
28886,0
28887,0
28888,0
28889,0
28890,0
28891,0
28892,0
28893,0
28894,0
28895,0
28896,0
28897,0
28898,0
28899,0
28900,0
28901,0
28902,0
28903,0
28904,0
28905,0
28906,0
28907,0
28908,0
28909,0
28910,0
28911,0
28912,0
28913,0
28914,0
28915,0
28916,0
28917,0
28918,0
28919,0
28920,0
28921,0
28922,0
28923,0
28924,0
28925,0
28926,0
28927,0
28928,0
28929,0
28930,0
28931,0
28932,0
28933,0
28934,0
28935,0
28936,0
28937,0
28938,0
28939,0
28940,0
28941,0
28942,0
28943,0
28944,0
28945,0
28946,0
28947,0
28948,0
28949,0
28950,0
28951,0
28952,0
28953,0
28954,0
28955,0
28956,0
28957,0
28958,0
28959,0
28960,0
28961,0
28962,0
28963,0
28964,0
28965,0
28966,0
28967,0
28968,0
28969,0
28970,0
28971,0
28972,0
28973,0
28974,0
28975,0
28976,0
28977,0
28978,0
28979,0
28980,0
28981,0
28982,0
28983,0
28984,0
28985,0
28986,0
28987,0
28988,0
28989,0
28990,0
28991,0
28992,0
28993,0
28994,0
28995,0
28996,0
28997,0
28998,0
28999,0
29000,0
29001,0
29002,0
29003,0
29004,0
29005,0
29006,0
29007,0
29008,0
29009,0
29010,0
29011,0
29012,0
29013,0
29014,0
29015,0
29016,0
29017,0
29018,0
29019,0
29020,0
29021,0
29022,0
29023,0
29024,0
29025,0
29026,0
29027,0
29028,0
29029,0
29030,0
29031,0
29032,0
29033,0
29034,0
29035,0
29036,0
29037,0
29038,0
29039,0
29040,0
29041,0
29042,0
29043,0
29044,0
29045,0
29046,0
29047,0
29048,0
29049,0
29050,0
29051,0
29052,0
29053,0
29054,0
29055,0
29056,0
29057,0
29058,0
29059,0
29060,0
29061,0
29062,0
29063,0
29064,0
29065,0
29066,0
29067,0
29068,0
29069,0
29070,0
29071,0
29072,0
29073,0
29074,0
29075,0
29076,0
29077,0
29078,0
29079,0
29080,0
29081,0
29082,0
29083,0
29084,0
29085,0
29086,0
29087,0
29088,0
29089,0
29090,0
29091,0
29092,0
29093,0
29094,0
29095,0
29096,0
29097,0
29098,0
29099,0
29100,0
29101,0
29102,0
29103,0
29104,0
29105,0
29106,0
29107,0
29108,0
29109,0
29110,0
29111,0
29112,0
29113,0
29114,0
29115,0
29116,0
29117,0
29118,0
29119,0
29120,0
29121,0
29122,0
29123,0
29124,0
29125,0
29126,0
29127,0
29128,0
29129,0
29130,0
29131,0
29132,0
29133,0
29134,0
29135,0
29136,0
29137,0
29138,0
29139,0
29140,0
29141,0
29142,0
29143,0
29144,0
29145,0
29146,0
29147,0
29148,0
29149,0
29150,0
29151,0
29152,0
29153,0
29154,0
29155,0
29156,0
29157,0
29158,0
29159,0
29160,0
29161,0
29162,0
29163,0
29164,0
29165,0
29166,0
29167,0
29168,0
29169,0
29170,0
29171,0
29172,0
29173,0
29174,0
29175,0
29176,0
29177,0
29178,0
29179,0
29180,0
29181,0
29182,0
29183,0
29184,0
29185,0
29186,0
29187,0
29188,0
29189,0
29190,0
29191,0
29192,0
29193,0
29194,0
29195,0
29196,0
29197,0
29198,0
29199,0
29200,0
29201,0
29202,0
29203,0
29204,0
29205,0
29206,0
29207,0
29208,0
29209,0
29210,0
29211,0
29212,0
29213,0
29214,0
29215,0
29216,0
29217,0
29218,0
29219,0
29220,0
29221,0
29222,0
29223,0
29224,0
29225,0
29226,0
29227,0
29228,0
29229,0
29230,0
29231,0
29232,0
29233,0
29234,0
29235,0
29236,0
29237,0
29238,0
29239,0
29240,0
29241,0
29242,0
29243,0
29244,0
29245,0
29246,0
29247,0
29248,0
29249,0
29250,0
29251,0
29252,0
29253,0
29254,0
29255,0
29256,0
29257,0
29258,0
29259,0
29260,0
29261,0
29262,0
29263,0
29264,0
29265,0
29266,0
29267,0
29268,0
29269,0
29270,0
29271,0
29272,0
29273,0
29274,0
29275,0
29276,0
29277,0
29278,0
29279,0
29280,0
29281,0
29282,0
29283,0
29284,0
29285,0
29286,0
29287,0
29288,0
29289,0
29290,0
29291,0
29292,0
29293,0
29294,0
29295,0
29296,0
29297,0
29298,0
29299,0
29300,0
29301,0
29302,0
29303,0
29304,0
29305,0
29306,0
29307,0
29308,0
29309,0
29310,0
29311,0
29312,0
29313,0
29314,0
29315,0
29316,0
29317,0
29318,0
29319,0
29320,0
29321,0
29322,0
29323,0
29324,0
29325,0
29326,0
29327,0
29328,0
29329,0
29330,0
29331,0
29332,0
29333,0
29334,0
29335,0
29336,0
29337,0
29338,0
29339,0
29340,0
29341,0
29342,0
29343,0
29344,0
29345,0
29346,0
29347,0
29348,0
29349,0
29350,0
29351,0
29352,0
29353,0
29354,0
29355,0
29356,0
29357,0
29358,0
29359,0
29360,0
29361,0
29362,0
29363,0
29364,0
29365,0
29366,0
29367,0
29368,0
29369,0
29370,0
29371,0
29372,0
29373,0
29374,0
29375,0
29376,0
29377,0
29378,0
29379,0
29380,0
29381,0
29382,0
29383,0
29384,0
29385,0
29386,0
29387,0
29388,0
29389,0
29390,0
29391,0
29392,0
29393,0
29394,0
29395,0
29396,0
29397,0
29398,0
29399,0
29400,0
29401,0
29402,0
29403,0
29404,0
29405,0
29406,0
29407,0
29408,0
29409,0
29410,0
29411,0
29412,0
29413,0
29414,0
29415,0
29416,0
29417,0
29418,0
29419,0
29420,0
29421,0
29422,0
29423,0
29424,0
29425,0
29426,0
29427,0
29428,0
29429,0
29430,0
29431,0
29432,0
29433,0
29434,0
29435,0
29436,0
29437,0
29438,0
29439,0
29440,0
29441,0
29442,0
29443,0
29444,0
29445,0
29446,0
29447,0
29448,0
29449,0
29450,0
29451,0
29452,0
29453,0
29454,0
29455,0
29456,0
29457,0
29458,0
29459,0
29460,0
29461,0
29462,0
29463,0
29464,0
29465,0
29466,0
29467,0
29468,0
29469,0
29470,0
29471,0
29472,0
29473,0
29474,0
29475,0
29476,0
29477,0
29478,0
29479,0
29480,0
29481,0
29482,0
29483,0
29484,0
29485,0
29486,0
29487,0
29488,0
29489,0
29490,0
29491,0
29492,0
29493,0
29494,0
29495,0
29496,0
29497,0
29498,0
29499,0
29500,0
29501,0
29502,0
29503,0
29504,0
29505,0
29506,0
29507,0
29508,0
29509,0
29510,0
29511,0
29512,0
29513,0
29514,0
29515,0
29516,0
29517,0
29518,0
29519,0
29520,0
29521,0
29522,0
29523,0
29524,0
29525,0
29526,0
29527,0
29528,0
29529,0
29530,0
29531,0
29532,0
29533,0
29534,0
29535,0
29536,0
29537,0
29538,0
29539,0
29540,0
29541,0
29542,0
29543,0
29544,0
29545,0
29546,0
29547,0
29548,0
29549,0
29550,0
29551,0
29552,0
29553,0
29554,0
29555,0
29556,0
29557,0
29558,0
29559,0
29560,0
29561,0
29562,0
29563,0
29564,0
29565,0
29566,0
29567,0
29568,0
29569,0
29570,0
29571,0
29572,0
29573,0
29574,0
29575,0
29576,0
29577,0
29578,0
29579,0
29580,0
29581,0
29582,0
29583,0
29584,0
29585,0
29586,0
29587,0
29588,0
29589,0
29590,0
29591,0
29592,0
29593,0
29594,0
29595,0
29596,0
29597,0
29598,0
29599,0
29600,0
29601,0
29602,0
29603,0
29604,0
29605,0
29606,0
29607,0
29608,0
29609,0
29610,0
29611,0
29612,0
29613,0
29614,0
29615,0
29616,0
29617,0
29618,0
29619,0
29620,0
29621,0
29622,0
29623,0
29624,0
29625,0
29626,0
29627,0
29628,0
29629,0
29630,0
29631,0
29632,0
29633,0
29634,0
29635,0
29636,0
29637,0
29638,0
29639,0
29640,0
29641,0
29642,0
29643,0
29644,0
29645,0
29646,0
29647,0
29648,0
29649,0
29650,0
29651,0
29652,0
29653,0
29654,0
29655,0
29656,0
29657,0
29658,0
29659,0
29660,0
29661,0
29662,0
29663,0
29664,0
29665,0
29666,0
29667,0
29668,0
29669,0
29670,0
29671,0
29672,0
29673,0
29674,0
29675,0
29676,0
29677,0
29678,0
29679,0
29680,0
29681,0
29682,0
29683,0
29684,0
29685,0
29686,0
29687,0
29688,0
29689,0
29690,0
29691,0
29692,0
29693,0
29694,0
29695,0
29696,0
29697,0
29698,0
29699,0
29700,0
29701,0
29702,0
29703,0
29704,0
29705,0
29706,0
29707,0
29708,0
29709,0
29710,0
29711,0
29712,0
29713,0
29714,0
29715,0
29716,0
29717,0
29718,0
29719,0
29720,0
29721,0
29722,0
29723,0
29724,0
29725,0
29726,0
29727,0
29728,0
29729,0
29730,0
29731,0
29732,0
29733,0
29734,0
29735,0
29736,0
29737,0
29738,0
29739,0
29740,0
29741,0
29742,0
29743,0
29744,0
29745,0
29746,0
29747,0
29748,0
29749,0
29750,0
29751,0
29752,0
29753,0
29754,0
29755,0
29756,0
29757,0
29758,0
29759,0
29760,0
29761,0
29762,0
29763,0
29764,0
29765,0
29766,0
29767,0
29768,0
29769,0
29770,0
29771,0
29772,0
29773,0
29774,0
29775,0
29776,0
29777,0
29778,0
29779,0
29780,0
29781,0
29782,0
29783,0
29784,0
29785,0
29786,0
29787,0
29788,0
29789,0
29790,0
29791,0
29792,0
29793,0
29794,0
29795,0
29796,0
29797,0
29798,0
29799,0
29800,0
29801,0
29802,0
29803,0
29804,0
29805,0
29806,0
29807,0
29808,0
29809,0
29810,0
29811,0
29812,0
29813,0
29814,0
29815,0
29816,0
29817,0
29818,0
29819,0
29820,0
29821,0
29822,0
29823,0
29824,0
29825,0
29826,0
29827,0
29828,0
29829,0
29830,0
29831,0
29832,0
29833,0
29834,0
29835,0
29836,0
29837,0
29838,0
29839,0
29840,0
29841,0
29842,0
29843,0
29844,0
29845,0
29846,0
29847,0
29848,0
29849,0
29850,0
29851,0
29852,0
29853,0
29854,0
29855,0
29856,0
29857,0
29858,0
29859,0
29860,0
29861,0
29862,0
29863,0
29864,0
29865,0
29866,0
29867,0
29868,0
29869,0
29870,0
29871,0
29872,0
29873,0
29874,0
29875,0
29876,0
29877,0
29878,0
29879,0
29880,0
29881,0
29882,0
29883,0
29884,0
29885,0
29886,0
29887,0
29888,0
29889,0
29890,0
29891,0
29892,0
29893,0
29894,0
29895,0
29896,0
29897,0
29898,0
29899,0
29900,0
29901,0
29902,0
29903,0
29904,0
29905,0
29906,0
29907,0
29908,0
29909,0
29910,0
29911,0
29912,0
29913,0
29914,0
29915,0
29916,0
29917,0
29918,0
29919,0
29920,0
29921,0
29922,0
29923,0
29924,0
29925,0
29926,0
29927,0
29928,0
29929,0
29930,0
29931,0
29932,0
29933,0
29934,0
29935,0
29936,0
29937,0
29938,0
29939,0
29940,0
29941,0
29942,0
29943,0
29944,0
29945,0
29946,0
29947,0
29948,0
29949,0
29950,0
29951,0
29952,0
29953,0
29954,0
29955,0
29956,0
29957,0
29958,0
29959,0
29960,0
29961,0
29962,0
29963,0
29964,0
29965,0
29966,0
29967,0
29968,0
29969,0
29970,0
29971,0
29972,0
29973,0
29974,0
29975,0
29976,0
29977,0
29978,0
29979,0
29980,0
29981,0
29982,0
29983,0
29984,0
29985,0
29986,0
29987,0
29988,0
29989,0
29990,0
29991,0
29992,0
29993,0
29994,0
29995,0
29996,0
29997,0
29998,0
29999,0
30000,0
30001,0
30002,0
30003,0
30004,0
30005,0
30006,0
30007,0
30008,0
30009,0
30010,0
30011,0
30012,0
30013,0
30014,0
30015,0
30016,0
30017,0
30018,0
30019,0
30020,0
30021,0
30022,0
30023,0
30024,0
30025,0
30026,0
30027,0
30028,0
30029,0
30030,0
30031,0
30032,0
30033,0
30034,0
30035,0
30036,0
30037,0
30038,0
30039,0
30040,0
30041,0
30042,0
30043,0
30044,0
30045,0
30046,0
30047,0
30048,0
30049,0
30050,0
30051,0
30052,0
30053,0
30054,0
30055,0
30056,0
30057,0
30058,0
30059,0
30060,0
30061,0
30062,0
30063,0
30064,0
30065,0
30066,0
30067,0
30068,0
30069,0
30070,0
30071,0
30072,0
30073,0
30074,0
30075,0
30076,0
30077,0
30078,0
30079,0
30080,0
30081,0
30082,0
30083,0
30084,0
30085,0
30086,0
30087,0
30088,0
30089,0
30090,0
30091,0
30092,0
30093,0
30094,0
30095,0
30096,0
30097,0
30098,0
30099,0
30100,0
30101,0
30102,0
30103,0
30104,0
30105,0
30106,0
30107,0
30108,0
30109,0
30110,0
30111,0
30112,0
30113,0
30114,0
30115,0
30116,0
30117,0
30118,0
30119,0
30120,0
30121,0
30122,0
30123,0
30124,0
30125,0
30126,0
30127,0
30128,0
30129,0
30130,0
30131,0
30132,0
30133,0
30134,0
30135,0
30136,0
30137,0
30138,0
30139,0
30140,0
30141,0
30142,0
30143,0
30144,0
30145,0
30146,0
30147,0
30148,0
30149,0
30150,0
30151,0
30152,0
30153,0
30154,0
30155,0
30156,0
30157,0
30158,0
30159,0
30160,0
30161,0
30162,0
30163,0
30164,0
30165,0
30166,0
30167,0
30168,0
30169,0
30170,0
30171,0
30172,0
30173,0
30174,0
30175,0
30176,0
30177,0
30178,0
30179,0
30180,0
30181,0
30182,0
30183,0
30184,0
30185,0
30186,0
30187,0
30188,0
30189,0
30190,0
30191,0
30192,0
30193,0
30194,0
30195,0
30196,0
30197,0
30198,0
30199,0
30200,0
30201,0
30202,0
30203,0
30204,0
30205,0
30206,0
30207,0
30208,0
30209,0
30210,0
30211,0
30212,0
30213,0
30214,0
30215,0
30216,0
30217,0
30218,0
30219,0
30220,0
30221,0
30222,0
30223,0
30224,0
30225,0
30226,0
30227,0
30228,0
30229,0
30230,0
30231,0
30232,0
30233,0
30234,0
30235,0
30236,0
30237,0
30238,0
30239,0
30240,0
30241,0
30242,0
30243,0
30244,0
30245,0
30246,0
30247,0
30248,0
30249,0
30250,0
30251,0
30252,0
30253,0
30254,0
30255,0
30256,0
30257,0
30258,0
30259,0
30260,0
30261,0
30262,0
30263,0
30264,0
30265,0
30266,0
30267,0
30268,0
30269,0
30270,0
30271,0
30272,0
30273,0
30274,0
30275,0
30276,0
30277,0
30278,0
30279,0
30280,0
30281,0
30282,0
30283,0
30284,0
30285,0
30286,0
30287,0
30288,0
30289,0
30290,0
30291,0
30292,0
30293,0
30294,0
30295,0
30296,0
30297,0
30298,0
30299,0
30300,0
30301,0
30302,0
30303,0
30304,0
30305,0
30306,0
30307,0
30308,0
30309,0
30310,0
30311,0
30312,0
30313,0
30314,0
30315,0
30316,0
30317,0
30318,0
30319,0
30320,0
30321,0
30322,0
30323,0
30324,0
30325,0
30326,0
30327,0
30328,0
30329,0
30330,0
30331,0
30332,0
30333,0
30334,0
30335,0
30336,0
30337,0
30338,0
30339,0
30340,0
30341,0
30342,0
30343,0
30344,0
30345,0
30346,0
30347,0
30348,0
30349,0
30350,0
30351,0
30352,0
30353,0
30354,0
30355,0
30356,0
30357,0
30358,0
30359,0
30360,0
30361,0
30362,0
30363,0
30364,0
30365,0
30366,0
30367,0
30368,0
30369,0
30370,0
30371,0
30372,0
30373,0
30374,0
30375,0
30376,0
30377,0
30378,0
30379,0
30380,0
30381,0
30382,0
30383,0
30384,0
30385,0
30386,0
30387,0
30388,0
30389,0
30390,0
30391,0
30392,0
30393,0
30394,0
30395,0
30396,0
30397,0
30398,0
30399,0
30400,0
30401,0
30402,0
30403,0
30404,0
30405,0
30406,0
30407,0
30408,0
30409,0
30410,0
30411,0
30412,0
30413,0
30414,0
30415,0
30416,0
30417,0
30418,0
30419,0
30420,0
30421,0
30422,0
30423,0
30424,0
30425,0
30426,0
30427,0
30428,0
30429,0
30430,0
30431,0
30432,0
30433,0
30434,0
30435,0
30436,0
30437,0
30438,0
30439,0
30440,0
30441,0
30442,0
30443,0
30444,0
30445,0
30446,0
30447,0
30448,0
30449,0
30450,0
30451,0
30452,0
30453,0
30454,0
30455,0
30456,0
30457,0
30458,0
30459,0
30460,0
30461,0
30462,0
30463,0
30464,0
30465,0
30466,0
30467,0
30468,0
30469,0
30470,0
30471,0
30472,0
30473,0
30474,0
30475,0
30476,0
30477,0
30478,0
30479,0
30480,0
30481,0
30482,0
30483,0
30484,0
30485,0
30486,0
30487,0
30488,0
30489,0
30490,0
30491,0
30492,0
30493,0
30494,0
30495,0
30496,0
30497,0
30498,0
30499,0
30500,0
30501,0
30502,0
30503,0
30504,0
30505,0
30506,0
30507,0
30508,0
30509,0
30510,0
30511,0
30512,0
30513,0
30514,0
30515,0
30516,0
30517,0
30518,0
30519,0
30520,0
30521,0
30522,0
30523,0
30524,0
30525,0
30526,0
30527,0
30528,0
30529,0
30530,0
30531,0
30532,0
30533,0
30534,0
30535,0
30536,0
30537,0
30538,0
30539,0
30540,0
30541,0
30542,0
30543,0
30544,0
30545,0
30546,0
30547,0
30548,0
30549,0
30550,0
30551,0
30552,0
30553,0
30554,0
30555,0
30556,0
30557,0
30558,0
30559,0
30560,0
30561,0
30562,0
30563,0
30564,0
30565,0
30566,0
30567,0
30568,0
30569,0
30570,0
30571,0
30572,0
30573,0
30574,0
30575,0
30576,0
30577,0
30578,0
30579,0
30580,0
30581,0
30582,0
30583,0
30584,0
30585,0
30586,0
30587,0
30588,0
30589,0
30590,0
30591,0
30592,0
30593,0
30594,0
30595,0
30596,0
30597,0
30598,0
30599,0
30600,0
30601,0
30602,0
30603,0
30604,0
30605,0
30606,0
30607,0
30608,0
30609,0
30610,0
30611,0
30612,0
30613,0
30614,0
30615,0
30616,0
30617,0
30618,0
30619,0
30620,0
30621,0
30622,0
30623,0
30624,0
30625,0
30626,0
30627,0
30628,0
30629,0
30630,0
30631,0
30632,0
30633,0
30634,0
30635,0
30636,0
30637,0
30638,0
30639,0
30640,0
30641,0
30642,0
30643,0
30644,0
30645,0
30646,0
30647,0
30648,0
30649,0
30650,0
30651,0
30652,0
30653,0
30654,0
30655,0
30656,0
30657,0
30658,0
30659,0
30660,0
30661,0
30662,0
30663,0
30664,0
30665,0
30666,0
30667,0
30668,0
30669,0
30670,0
30671,0
30672,0
30673,0
30674,0
30675,0
30676,0
30677,0
30678,0
30679,0
30680,0
30681,0
30682,0
30683,0
30684,0
30685,0
30686,0
30687,0
30688,0
30689,0
30690,0
30691,0
30692,0
30693,0
30694,0
30695,0
30696,0
30697,0
30698,0
30699,0
30700,0
30701,0
30702,0
30703,0
30704,0
30705,0
30706,0
30707,0
30708,0
30709,0
30710,0
30711,0
30712,0
30713,0
30714,0
30715,0
30716,0
30717,0
30718,0
30719,0
30720,0
30721,0
30722,0
30723,0
30724,0
30725,0
30726,0
30727,0
30728,0
30729,0
30730,0
30731,0
30732,0
30733,0
30734,0
30735,0
30736,0
30737,0
30738,0
30739,0
30740,0
30741,0
30742,0
30743,0
30744,0
30745,0
30746,0
30747,0
30748,0
30749,0
30750,0
30751,0
30752,0
30753,0
30754,0
30755,0
30756,0
30757,0
30758,0
30759,0
30760,0
30761,0
30762,0
30763,0
30764,0
30765,0
30766,0
30767,0
30768,0
30769,0
30770,0
30771,0
30772,0
30773,0
30774,0
30775,0
30776,0
30777,0
30778,0
30779,0
30780,0
30781,0
30782,0
30783,0
30784,0
30785,0
30786,0
30787,0
30788,0
30789,0
30790,0
30791,0
30792,0
30793,0
30794,0
30795,0
30796,0
30797,0
30798,0
30799,0
30800,0
30801,0
30802,0
30803,0
30804,0
30805,0
30806,0
30807,0
30808,0
30809,0
30810,0
30811,0
30812,0
30813,0
30814,0
30815,0
30816,0
30817,0
30818,0
30819,0
30820,0
30821,0
30822,0
30823,0
30824,0
30825,0
30826,0
30827,0
30828,0
30829,0
30830,0
30831,0
30832,0
30833,0
30834,0
30835,0
30836,0
30837,0
30838,0
30839,0
30840,0
30841,0
30842,0
30843,0
30844,0
30845,0
30846,0
30847,0
30848,0
30849,0
30850,0
30851,0
30852,0
30853,0
30854,0
30855,0
30856,0
30857,0
30858,0
30859,0
30860,0
30861,0
30862,0
30863,0
30864,0
30865,0
30866,0
30867,0
30868,0
30869,0
30870,0
30871,0
30872,0
30873,0
30874,0
30875,0
30876,0
30877,0
30878,0
30879,0
30880,0
30881,0
30882,0
30883,0
30884,0
30885,0
30886,0
30887,0
30888,0
30889,0
30890,0
30891,0
30892,0
30893,0
30894,0
30895,0
30896,0
30897,0
30898,0
30899,0
30900,0
30901,0
30902,0
30903,0
30904,0
30905,0
30906,0
30907,0
30908,0
30909,0
30910,0
30911,0
30912,0
30913,0
30914,0
30915,0
30916,0
30917,0
30918,0
30919,0
30920,0
30921,0
30922,0
30923,0
30924,0
30925,0
30926,0
30927,0
30928,0
30929,0
30930,0
30931,0
30932,0
30933,0
30934,0
30935,0
30936,0
30937,0
30938,0
30939,0
30940,0
30941,0
30942,0
30943,0
30944,0
30945,0
30946,0
30947,0
30948,0
30949,0
30950,0
30951,0
30952,0
30953,0
30954,0
30955,0
30956,0
30957,0
30958,0
30959,0
30960,0
30961,0
30962,0
30963,0
30964,0
30965,0
30966,0
30967,0
30968,0
30969,0
30970,0
30971,0
30972,0
30973,0
30974,0
30975,0
30976,0
30977,0
30978,0
30979,0
30980,0
30981,0
30982,0
30983,0
30984,0
30985,0
30986,0
30987,0
30988,0
30989,0
30990,0
30991,0
30992,0
30993,0
30994,0
30995,0
30996,0
30997,0
30998,0
30999,0
31000,0
31001,0
31002,0
31003,0
31004,0
31005,0
31006,0
31007,0
31008,0
31009,0
31010,0
31011,0
31012,0
31013,0
31014,0
31015,0
31016,0
31017,0
31018,0
31019,0
31020,0
31021,0
31022,0
31023,0
31024,0
31025,0
31026,0
31027,0
31028,0
31029,0
31030,0
31031,0
31032,0
31033,0
31034,0
31035,0
31036,0
31037,0
31038,0
31039,0
31040,0
31041,0
31042,0
31043,0
31044,0
31045,0
31046,0
31047,0
31048,0
31049,0
31050,0
31051,0
31052,0
31053,0
31054,0
31055,0
31056,0
31057,0
31058,0
31059,0
31060,0
31061,0
31062,0
31063,0
31064,0
31065,0
31066,0
31067,0
31068,0
31069,0
31070,0
31071,0
31072,0
31073,0
31074,0
31075,0
31076,0
31077,0
31078,0
31079,0
31080,0
31081,0
31082,0
31083,0
31084,0
31085,0
31086,0
31087,0
31088,0
31089,0
31090,0
31091,0
31092,0
31093,0
31094,0
31095,0
31096,0
31097,0
31098,0
31099,0
31100,0
31101,0
31102,0
31103,0
31104,0
31105,0
31106,0
31107,0
31108,0
31109,0
31110,0
31111,0
31112,0
31113,0
31114,0
31115,0
31116,0
31117,0
31118,0
31119,0
31120,0
31121,0
31122,0
31123,0
31124,0
31125,0
31126,0
31127,0
31128,0
31129,0
31130,0
31131,0
31132,0
31133,0
31134,0
31135,0
31136,0
31137,0
31138,0
31139,0
31140,0
31141,0
31142,0
31143,0
31144,0
31145,0
31146,0
31147,0
31148,0
31149,0
31150,0
31151,0
31152,0
31153,0
31154,0
31155,0
31156,0
31157,0
31158,0
31159,0
31160,0
31161,0
31162,0
31163,0
31164,0
31165,0
31166,0
31167,0
31168,0
31169,0
31170,0
31171,0
31172,0
31173,0
31174,0
31175,0
31176,0
31177,0
31178,0
31179,0
31180,0
31181,0
31182,0
31183,0
31184,0
31185,0
31186,0
31187,0
31188,0
31189,0
31190,0
31191,0
31192,0
31193,0
31194,0
31195,0
31196,0
31197,0
31198,0
31199,0
31200,0
31201,0
31202,0
31203,0
31204,0
31205,0
31206,0
31207,0
31208,0
31209,0
31210,0
31211,0
31212,0
31213,0
31214,0
31215,0
31216,0
31217,0
31218,0
31219,0
31220,0
31221,0
31222,0
31223,0
31224,0
31225,0
31226,0
31227,0
31228,0
31229,0
31230,0
31231,0
31232,0
31233,0
31234,0
31235,0
31236,0
31237,0
31238,0
31239,0
31240,0
31241,0
31242,0
31243,0
31244,0
31245,0
31246,0
31247,0
31248,0
31249,0
31250,0
31251,0
31252,0
31253,0
31254,0
31255,0
31256,0
31257,0
31258,0
31259,0
31260,0
31261,0
31262,0
31263,0
31264,0
31265,0
31266,0
31267,0
31268,0
31269,0
31270,0
31271,0
31272,0
31273,0
31274,0
31275,0
31276,0
31277,0
31278,0
31279,0
31280,0
31281,0
31282,0
31283,0
31284,0
31285,0
31286,0
31287,0
31288,0
31289,0
31290,0
31291,0
31292,0
31293,0
31294,0
31295,0
31296,0
31297,0
31298,0
31299,0
31300,0
31301,0
31302,0
31303,0
31304,0
31305,0
31306,0
31307,0
31308,0
31309,0
31310,0
31311,0
31312,0
31313,0
31314,0
31315,0
31316,0
31317,0
31318,0
31319,0
31320,0
31321,0
31322,0
31323,0
31324,0
31325,0
31326,0
31327,0
31328,0
31329,0
31330,0
31331,0
31332,0
31333,0
31334,0
31335,0
31336,0
31337,0
31338,0
31339,0
31340,0
31341,0
31342,0
31343,0
31344,0
31345,0
31346,0
31347,0
31348,0
31349,0
31350,0
31351,0
31352,0
31353,0
31354,0
31355,0
31356,0
31357,0
31358,0
31359,0
31360,0
31361,0
31362,0
31363,0
31364,0
31365,0
31366,0
31367,0
31368,0
31369,0
31370,0
31371,0
31372,0
31373,0
31374,0
31375,0
31376,0
31377,0
31378,0
31379,0
31380,0
31381,0
31382,0
31383,0
31384,0
31385,0
31386,0
31387,0
31388,0
31389,0
31390,0
31391,0
31392,0
31393,0
31394,0
31395,0
31396,0
31397,0
31398,0
31399,0
31400,0
31401,0
31402,0
31403,0
31404,0
31405,0
31406,0
31407,0
31408,0
31409,0
31410,0
31411,0
31412,0
31413,0
31414,0
31415,0
31416,0
31417,0
31418,0
31419,0
31420,0
31421,0
31422,0
31423,0
31424,0
31425,0
31426,0
31427,0
31428,0
31429,0
31430,0
31431,0
31432,0
31433,0
31434,0
31435,0
31436,0
31437,0
31438,0
31439,0
31440,0
31441,0
31442,0
31443,0
31444,0
31445,0
31446,0
31447,0
31448,0
31449,0
31450,0
31451,0
31452,0
31453,0
31454,0
31455,0
31456,0
31457,0
31458,0
31459,0
31460,0
31461,0
31462,0
31463,0
31464,0
31465,0
31466,0
31467,0
31468,0
31469,0
31470,0
31471,0
31472,0
31473,0
31474,0
31475,0
31476,0
31477,0
31478,0
31479,0
31480,0
31481,0
31482,0
31483,0
31484,0
31485,0
31486,0
31487,0
31488,0
31489,0
31490,0
31491,0
31492,0
31493,0
31494,0
31495,0
31496,0
31497,0
31498,0
31499,0
31500,0
31501,0
31502,0
31503,0
31504,0
31505,0
31506,0
31507,0
31508,0
31509,0
31510,0
31511,0
31512,0
31513,0
31514,0
31515,0
31516,0
31517,0
31518,0
31519,0
31520,0
31521,0
31522,0
31523,0
31524,0
31525,0
31526,0
31527,0
31528,0
31529,0
31530,0
31531,0
31532,0
31533,0
31534,0
31535,0
31536,0
31537,0
31538,0
31539,0
31540,0
31541,0
31542,0
31543,0
31544,0
31545,0
31546,0
31547,0
31548,0
31549,0
31550,0
31551,0
31552,0
31553,0
31554,0
31555,0
31556,0
31557,0
31558,0
31559,0
31560,0
31561,0
31562,0
31563,0
31564,0
31565,0
31566,0
31567,0
31568,0
31569,0
31570,0
31571,0
31572,0
31573,0
31574,0
31575,0
31576,0
31577,0
31578,0
31579,0
31580,0
31581,0
31582,0
31583,0
31584,0
31585,0
31586,0
31587,0
31588,0
31589,0
31590,0
31591,0
31592,0
31593,0
31594,0
31595,0
31596,0
31597,0
31598,0
31599,0
31600,0
31601,0
31602,0
31603,0
31604,0
31605,0
31606,0
31607,0
31608,0
31609,0
31610,0
31611,0
31612,0
31613,0
31614,0
31615,0
31616,0
31617,0
31618,0
31619,0
31620,0
31621,0
31622,0
31623,0
31624,0
31625,0
31626,0
31627,0
31628,0
31629,0
31630,0
31631,0
31632,0
31633,0
31634,0
31635,0
31636,0
31637,0
31638,0
31639,0
31640,0
31641,0
31642,0
31643,0
31644,0
31645,0
31646,0
31647,0
31648,0
31649,0
31650,0
31651,0
31652,0
31653,0
31654,0
31655,0
31656,0
31657,0
31658,0
31659,0
31660,0
31661,0
31662,0
31663,0
31664,0
31665,0
31666,0
31667,0
31668,0
31669,0
31670,0
31671,0
31672,0
31673,0
31674,0
31675,0
31676,0
31677,0
31678,0
31679,0
31680,0
31681,0
31682,0
31683,0
31684,0
31685,0
31686,0
31687,0
31688,0
31689,0
31690,0
31691,0
31692,0
31693,0
31694,0
31695,0
31696,0
31697,0
31698,0
31699,0
31700,0
31701,0
31702,0
31703,0
31704,0
31705,0
31706,0
31707,0
31708,0
31709,0
31710,0
31711,0
31712,0
31713,0
31714,0
31715,0
31716,0
31717,0
31718,0
31719,0
31720,0
31721,0
31722,0
31723,0
31724,0
31725,0
31726,0
31727,0
31728,0
31729,0
31730,0
31731,0
31732,0
31733,0
31734,0
31735,0
31736,0
31737,0
31738,0
31739,0
31740,0
31741,0
31742,0
31743,0
31744,0
31745,0
31746,0
31747,0
31748,0
31749,0
31750,0
31751,0
31752,0
31753,0
31754,0
31755,0
31756,0
31757,0
31758,0
31759,0
31760,0
31761,0
31762,0
31763,0
31764,0
31765,0
31766,0
31767,0
31768,0
31769,0
31770,0
31771,0
31772,0
31773,0
31774,0
31775,0
31776,0
31777,0
31778,0
31779,0
31780,0
31781,0
31782,0
31783,0
31784,0
31785,0
31786,0
31787,0
31788,0
31789,0
31790,0
31791,0
31792,0
31793,0
31794,0
31795,0
31796,0
31797,0
31798,0
31799,0
31800,0
31801,0
31802,0
31803,0
31804,0
31805,0
31806,0
31807,0
31808,0
31809,0
31810,0
31811,0
31812,0
31813,0
31814,0
31815,0
31816,0
31817,0
31818,0
31819,0
31820,0
31821,0
31822,0
31823,0
31824,0
31825,0
31826,0
31827,0
31828,0
31829,0
31830,0
31831,0
31832,0
31833,0
31834,0
31835,0
31836,0
31837,0
31838,0
31839,0
31840,0
31841,0
31842,0
31843,0
31844,0
31845,0
31846,0
31847,0
31848,0
31849,0
31850,0
31851,0
31852,0
31853,0
31854,0
31855,0
31856,0
31857,0
31858,0
31859,0
31860,0
31861,0
31862,0
31863,0
31864,0
31865,0
31866,0
31867,0
31868,0
31869,0
31870,0
31871,0
31872,0
31873,0
31874,0
31875,0
31876,0
31877,0
31878,0
31879,0
31880,0
31881,0
31882,0
31883,0
31884,0
31885,0
31886,0
31887,0
31888,0
31889,0
31890,0
31891,0
31892,0
31893,0
31894,0
31895,0
31896,0
31897,0
31898,0
31899,0
31900,0
31901,0
31902,0
31903,0
31904,0
31905,0
31906,0
31907,0
31908,0
31909,0
31910,0
31911,0
31912,0
31913,0
31914,0
31915,0
31916,0
31917,0
31918,0
31919,0
31920,0
31921,0
31922,0
31923,0
31924,0
31925,0
31926,0
31927,0
31928,0
31929,0
31930,0
31931,0
31932,0
31933,0
31934,0
31935,0
31936,0
31937,0
31938,0
31939,0
31940,0
31941,0
31942,0
31943,0
31944,0
31945,0
31946,0
31947,0
31948,0
31949,0
31950,0
31951,0
31952,0
31953,0
31954,0
31955,0
31956,0
31957,0
31958,0
31959,0
31960,0
31961,0
31962,0
31963,0
31964,0
31965,0
31966,0
31967,0
31968,0
31969,0
31970,0
31971,0
31972,0
31973,0
31974,0
31975,0
31976,0
31977,0
31978,0
31979,0
31980,0
31981,0
31982,0
31983,0
31984,0
31985,0
31986,0
31987,0
31988,0
31989,0
31990,0
31991,0
31992,0
31993,0
31994,0
31995,0
31996,0
31997,0
31998,0
31999,0
32000,0
32001,0
32002,0
32003,0
32004,0
32005,0
32006,0
32007,0
32008,0
32009,0
32010,0
32011,0
32012,0
32013,0
32014,0
32015,0
32016,0
32017,0
32018,0
32019,0
32020,0
32021,0
32022,0
32023,0
32024,0
32025,0
32026,0
32027,0
32028,0
32029,0
32030,0
32031,0
32032,0
32033,0
32034,0
32035,0
32036,0
32037,0
32038,0
32039,0
32040,0
32041,0
32042,0
32043,0
32044,0
32045,0
32046,0
32047,0
32048,0
32049,0
32050,0
32051,0
32052,0
32053,0
32054,0
32055,0
32056,0
32057,0
32058,0
32059,0
32060,0
32061,0
32062,0
32063,0
32064,0
32065,0
32066,0
32067,0
32068,0
32069,0
32070,0
32071,0
32072,0
32073,0
32074,0
32075,0
32076,0
32077,0
32078,0
32079,0
32080,0
32081,0
32082,0
32083,0
32084,0
32085,0
32086,0
32087,0
32088,0
32089,0
32090,0
32091,0
32092,0
32093,0
32094,0
32095,0
32096,0
32097,0
32098,0
32099,0
32100,0
32101,0
32102,0
32103,0
32104,0
32105,0
32106,0
32107,0
32108,0
32109,0
32110,0
32111,0
32112,0
32113,0
32114,0
32115,0
32116,0
32117,0
32118,0
32119,0
32120,0
32121,0
32122,0
32123,0
32124,0
32125,0
32126,0
32127,0
32128,0
32129,0
32130,0
32131,0
32132,0
32133,0
32134,0
32135,0
32136,0
32137,0
32138,0
32139,0
32140,0
32141,0
32142,0
32143,0
32144,0
32145,0
32146,0
32147,0
32148,0
32149,0
32150,0
32151,0
32152,0
32153,0
32154,0
32155,0
32156,0
32157,0
32158,0
32159,0
32160,0
32161,0
32162,0
32163,0
32164,0
32165,0
32166,0
32167,0
32168,0
32169,0
32170,0
32171,0
32172,0
32173,0
32174,0
32175,0
32176,0
32177,0
32178,0
32179,0
32180,0
32181,0
32182,0
32183,0
32184,0
32185,0
32186,0
32187,0
32188,0
32189,0
32190,0
32191,0
32192,0
32193,0
32194,0
32195,0
32196,0
32197,0
32198,0
32199,0
32200,0
32201,0
32202,0
32203,0
32204,0
32205,0
32206,0
32207,0
32208,0
32209,0
32210,0
32211,0
32212,0
32213,0
32214,0
32215,0
32216,0
32217,0
32218,0
32219,0
32220,0
32221,0
32222,0
32223,0
32224,0
32225,0
32226,0
32227,0
32228,0
32229,0
32230,0
32231,0
32232,0
32233,0
32234,0
32235,0
32236,0
32237,0
32238,0
32239,0
32240,0
32241,0
32242,0
32243,0
32244,0
32245,0
32246,0
32247,0
32248,0
32249,0
32250,0
32251,0
32252,0
32253,0
32254,0
32255,0
32256,0
32257,0
32258,0
32259,0
32260,0
32261,0
32262,0
32263,0
32264,0
32265,0
32266,0
32267,0
32268,0
32269,0
32270,0
32271,0
32272,0
32273,0
32274,0
32275,0
32276,0
32277,0
32278,0
32279,0
32280,0
32281,0
32282,0
32283,0
32284,0
32285,0
32286,0
32287,0
32288,0
32289,0
32290,0
32291,0
32292,0
32293,0
32294,0
32295,0
32296,0
32297,0
32298,0
32299,0
32300,0
32301,0
32302,0
32303,0
32304,0
32305,0
32306,0
32307,0
32308,0
32309,0
32310,0
32311,0
32312,0
32313,0
32314,0
32315,0
32316,0
32317,0
32318,0
32319,0
32320,0
32321,0
32322,0
32323,0
32324,0
32325,0
32326,0
32327,0
32328,0
32329,0
32330,0
32331,0
32332,0
32333,0
32334,0
32335,0
32336,0
32337,0
32338,0
32339,0
32340,0
32341,0
32342,0
32343,0
32344,0
32345,0
32346,0
32347,0
32348,0
32349,0
32350,0
32351,0
32352,0
32353,0
32354,0
32355,0
32356,0
32357,0
32358,0
32359,0
32360,0
32361,0
32362,0
32363,0
32364,0
32365,0
32366,0
32367,0
32368,0
32369,0
32370,0
32371,0
32372,0
32373,0
32374,0
32375,0
32376,0
32377,0
32378,0
32379,0
32380,0
32381,0
32382,0
32383,0
32384,0
32385,0
32386,0
32387,0
32388,0
32389,0
32390,0
32391,0
32392,0
32393,0
32394,0
32395,0
32396,0
32397,0
32398,0
32399,0
32400,0
32401,0
32402,0
32403,0
32404,0
32405,0
32406,0
32407,0
32408,0
32409,0
32410,0
32411,0
32412,0
32413,0
32414,0
32415,0
32416,0
32417,0
32418,0
32419,0
32420,0
32421,0
32422,0
32423,0
32424,0
32425,0
32426,0
32427,0
32428,0
32429,0
32430,0
32431,0
32432,0
32433,0
32434,0
32435,0
32436,0
32437,0
32438,0
32439,0
32440,0
32441,0
32442,0
32443,0
32444,0
32445,0
32446,0
32447,0
32448,0
32449,0
32450,0
32451,0
32452,0
32453,0
32454,0
32455,0
32456,0
32457,0
32458,0
32459,0
32460,0
32461,0
32462,0
32463,0
32464,0
32465,0
32466,0
32467,0
32468,0
32469,0
32470,0
32471,0
32472,0
32473,0
32474,0
32475,0
32476,0
32477,0
32478,0
32479,0
32480,0
32481,0
32482,0
32483,0
32484,0
32485,0
32486,0
32487,0
32488,0
32489,0
32490,0
32491,0
32492,0
32493,0
32494,0
32495,0
32496,0
32497,0
32498,0
32499,0
32500,0
32501,0
32502,0
32503,0
32504,0
32505,0
32506,0
32507,0
32508,0
32509,0
32510,0
32511,0
32512,0
32513,0
32514,0
32515,0
32516,0
32517,0
32518,0
32519,0
32520,0
32521,0
32522,0
32523,0
32524,0
32525,0
32526,0
32527,0
32528,0
32529,0
32530,0
32531,0
32532,0
32533,0
32534,0
32535,0
32536,0
32537,0
32538,0
32539,0
32540,0
32541,0
32542,0
32543,0
32544,0
32545,0
32546,0
32547,0
32548,0
32549,0
32550,0
32551,0
32552,0
32553,0
32554,0
32555,0
32556,0
32557,0
32558,0
32559,0
32560,0
32561,0
32562,0
32563,0
32564,0
32565,0
32566,0
32567,0
32568,0
32569,0
32570,0
32571,0
32572,0
32573,0
32574,0
32575,0
32576,0
32577,0
32578,0
32579,0
32580,0
32581,0
32582,0
32583,0
32584,0
32585,0
32586,0
32587,0
32588,0
32589,0
32590,0
32591,0
32592,0
32593,0
32594,0
32595,0
32596,0
32597,0
32598,0
32599,0
32600,0
32601,0
32602,0
32603,0
32604,0
32605,0
32606,0
32607,0
32608,0
32609,0
32610,0
32611,0
32612,0
32613,0
32614,0
32615,0
32616,0
32617,0
32618,0
32619,0
32620,0
32621,0
32622,0
32623,0
32624,0
32625,0
32626,0
32627,0
32628,0
32629,0
32630,0
32631,0
32632,0
32633,0
32634,0
32635,0
32636,0
32637,0
32638,0
32639,0
32640,0
32641,0
32642,0
32643,0
32644,0
32645,0
32646,0
32647,0
32648,0
32649,0
32650,0
32651,0
32652,0
32653,0
32654,0
32655,0
32656,0
32657,0
32658,0
32659,0
32660,0
32661,0
32662,0
32663,0
32664,0
32665,0
32666,0
32667,0
32668,0
32669,0
32670,0
32671,0
32672,0
32673,0
32674,0
32675,0
32676,0
32677,0
32678,0
32679,0
32680,0
32681,0
32682,0
32683,0
32684,0
32685,0
32686,0
32687,0
32688,0
32689,0
32690,0
32691,0
32692,0
32693,0
32694,0
32695,0
32696,0
32697,0
32698,0
32699,0
32700,0
32701,0
32702,0
32703,0
32704,0
32705,0
32706,0
32707,0
32708,0
32709,0
32710,0
32711,0
32712,0
32713,0
32714,0
32715,0
32716,0
32717,0
32718,0
32719,0
32720,0
32721,0
32722,0
32723,0
32724,0
32725,0
32726,0
32727,0
32728,0
32729,0
32730,0
32731,0
32732,0
32733,0
32734,0
32735,0
32736,0
32737,0
32738,0
32739,0
32740,0
32741,0
32742,0
32743,0
32744,0
32745,0
32746,0
32747,0
32748,0
32749,0
32750,0
32751,0
32752,0
32753,0
32754,0
32755,0
32756,0
32757,0
32758,0
32759,0
32760,0
32761,0
32762,0
32763,0
32764,0
32765,0
32766,0
32767,0
32768,0
32769,0
32770,0
32771,0
32772,0
32773,0
32774,0
32775,0
32776,0
32777,0
32778,0
32779,0
32780,0
32781,0
32782,0
32783,0
32784,0
32785,0
32786,0
32787,0
32788,0
32789,0
32790,0
32791,0
32792,0
32793,0
32794,0
32795,0
32796,0
32797,0
32798,0
32799,0
32800,0
32801,0
32802,0
32803,0
32804,0
32805,0
32806,0
32807,0
32808,0
32809,0
32810,0
32811,0
32812,0
32813,0
32814,0
32815,0
32816,0
32817,0
32818,0
32819,0
32820,0
32821,0
32822,0
32823,0
32824,0
32825,0
32826,0
32827,0
32828,0
32829,0
32830,0
32831,0
32832,0
32833,0
32834,0
32835,0
32836,0
32837,0
32838,0
32839,0
32840,0
32841,0
32842,0
32843,0
32844,0
32845,0
32846,0
32847,0
32848,0
32849,0
32850,0
32851,0
32852,0
32853,0
32854,0
32855,0
32856,0
32857,0
32858,0
32859,0
32860,0
32861,0
32862,0
32863,0
32864,0
32865,0
32866,0
32867,0
32868,0
32869,0
32870,0
32871,0
32872,0
32873,0
32874,0
32875,0
32876,0
32877,0
32878,0
32879,0
32880,0
32881,0
32882,0
32883,0
32884,0
32885,0
32886,0
32887,0
32888,0
32889,0
32890,0
32891,0
32892,0
32893,0
32894,0
32895,0
32896,0
32897,0
32898,0
32899,0
32900,0
32901,0
32902,0
32903,0
32904,0
32905,0
32906,0
32907,0
32908,0
32909,0
32910,0
32911,0
32912,0
32913,0
32914,0
32915,0
32916,0
32917,0
32918,0
32919,0
32920,0
32921,0
32922,0
32923,0
32924,0
32925,0
32926,0
32927,0
32928,0
32929,0
32930,0
32931,0
32932,0
32933,0
32934,0
32935,0
32936,0
32937,0
32938,0
32939,0
32940,0
32941,0
32942,0
32943,0
32944,0
32945,0
32946,0
32947,0
32948,0
32949,0
32950,0
32951,0
32952,0
32953,0
32954,0
32955,0
32956,0
32957,0
32958,0
32959,0
32960,0
32961,0
32962,0
32963,0
32964,0
32965,0
32966,0
32967,0
32968,0
32969,0
32970,0
32971,0
32972,0
32973,0
32974,0
32975,0
32976,0
32977,0
32978,0
32979,0
32980,0
32981,0
32982,0
32983,0
32984,0
32985,0
32986,0
32987,0
32988,0
32989,0
32990,0
32991,0
32992,0
32993,0
32994,0
32995,0
32996,0
32997,0
32998,0
32999,0
33000,0
33001,0
33002,0
33003,0
33004,0
33005,0
33006,0
33007,0
33008,0
33009,0
33010,0
33011,0
33012,0
33013,0
33014,0
33015,0
33016,0
33017,0
33018,0
33019,0
33020,0
33021,0
33022,0
33023,0
33024,0
33025,0
33026,0
33027,0
33028,0
33029,0
33030,0
33031,0
33032,0
33033,0
33034,0
33035,0
33036,0
33037,0
33038,0
33039,0
33040,0
33041,0
33042,0
33043,0
33044,0
33045,0
33046,0
33047,0
33048,0
33049,0
33050,0
33051,0
33052,0
33053,0
33054,0
33055,0
33056,0
33057,0
33058,0
33059,0
33060,0
33061,0
33062,0
33063,0
33064,0
33065,0
33066,0
33067,0
33068,0
33069,0
33070,0
33071,0
33072,0
33073,0
33074,0
33075,0
33076,0
33077,0
33078,0
33079,0
33080,0
33081,0
33082,0
33083,0
33084,0
33085,0
33086,0
33087,0
33088,0
33089,0
33090,0
33091,0
33092,0
33093,0
33094,0
33095,0
33096,0
33097,0
33098,0
33099,0
33100,0
33101,0
33102,0
33103,0
33104,0
33105,0
33106,0
33107,0
33108,0
33109,0
33110,0
33111,0
33112,0
33113,0
33114,0
33115,0
33116,0
33117,0
33118,0
33119,0
33120,0
33121,0
33122,0
33123,0
33124,0
33125,0
33126,0
33127,0
33128,0
33129,0
33130,0
33131,0
33132,0
33133,0
33134,0
33135,0
33136,0
33137,0
33138,0
33139,0
33140,0
33141,0
33142,0
33143,0
33144,0
33145,0
33146,0
33147,0
33148,0
33149,0
33150,0
33151,0
33152,0
33153,0
33154,0
33155,0
33156,0
33157,0
33158,0
33159,0
33160,0
33161,0
33162,0
33163,0
33164,0
33165,0
33166,0
33167,0
33168,0
33169,0
33170,0
33171,0
33172,0
33173,0
33174,0
33175,0
33176,0
33177,0
33178,0
33179,0
33180,0
33181,0
33182,0
33183,0
33184,0
33185,0
33186,0
33187,0
33188,0
33189,0
33190,0
33191,0
33192,0
33193,0
33194,0
33195,0
33196,0
33197,0
33198,0
33199,0
33200,0
33201,0
33202,0
33203,0
33204,0
33205,0
33206,0
33207,0
33208,0
33209,0
33210,0
33211,0
33212,0
33213,0
33214,0
33215,0
33216,0
33217,0
33218,0
33219,0
33220,0
33221,0
33222,0
33223,0
33224,0
33225,0
33226,0
33227,0
33228,0
33229,0
33230,0
33231,0
33232,0
33233,0
33234,0
33235,0
33236,0
33237,0
33238,0
33239,0
33240,0
33241,0
33242,0
33243,0
33244,0
33245,0
33246,0
33247,0
33248,0
33249,0
33250,0
33251,0
33252,0
33253,0
33254,0
33255,0
33256,0
33257,0
33258,0
33259,0
33260,0
33261,0
33262,0
33263,0
33264,0
33265,0
33266,0
33267,0
33268,0
33269,0
33270,0
33271,0
33272,0
33273,0
33274,0
33275,0
33276,0
33277,0
33278,0
33279,0
33280,0
33281,0
33282,0
33283,0
33284,0
33285,0
33286,0
33287,0
33288,0
33289,0
33290,0
33291,0
33292,0
33293,0
33294,0
33295,0
33296,0
33297,0
33298,0
33299,0
33300,0
33301,0
33302,0
33303,0
33304,0
33305,0
33306,0
33307,0
33308,0
33309,0
33310,0
33311,0
33312,0
33313,0
33314,0
33315,0
33316,0
33317,0
33318,0
33319,0
33320,0
33321,0
33322,0
33323,0
33324,0
33325,0
33326,0
33327,0
33328,0
33329,0
33330,0
33331,0
33332,0
33333,0
33334,0
33335,0
33336,0
33337,0
33338,0
33339,0
33340,0
33341,0
33342,0
33343,0
33344,0
33345,0
33346,0
33347,0
33348,0
33349,0
33350,0
33351,0
33352,0
33353,0
33354,0
33355,0
33356,0
33357,0
33358,0
33359,0
33360,0
33361,0
33362,0
33363,0
33364,0
33365,0
33366,0
33367,0
33368,0
33369,0
33370,0
33371,0
33372,0
33373,0
33374,0
33375,0
33376,0
33377,0
33378,0
33379,0
33380,0
33381,0
33382,0
33383,0
33384,0
33385,0
33386,0
33387,0
33388,0
33389,0
33390,0
33391,0
33392,0
33393,0
33394,0
33395,0
33396,0
33397,0
33398,0
33399,0
33400,0
33401,0
33402,0
33403,0
33404,0
33405,0
33406,0
33407,0
33408,0
33409,0
33410,0
33411,0
33412,0
33413,0
33414,0
33415,0
33416,0
33417,0
33418,0
33419,0
33420,0
33421,0
33422,0
33423,0
33424,0
33425,0
33426,0
33427,0
33428,0
33429,0
33430,0
33431,0
33432,0
33433,0
33434,0
33435,0
33436,0
33437,0
33438,0
33439,0
33440,0
33441,0
33442,0
33443,0
33444,0
33445,0
33446,0
33447,0
33448,0
33449,0
33450,0
33451,0
33452,0
33453,0
33454,0
33455,0
33456,0
33457,0
33458,0
33459,0
33460,0
33461,0
33462,0
33463,0
33464,0
33465,0
33466,0
33467,0
33468,0
33469,0
33470,0
33471,0
33472,0
33473,0
33474,0
33475,0
33476,0
33477,0
33478,0
33479,0
33480,0
33481,0
33482,0
33483,0
33484,0
33485,0
33486,0
33487,0
33488,0
33489,0
33490,0
33491,0
33492,0
33493,0
33494,0
33495,0
33496,0
33497,0
33498,0
33499,0
33500,0
33501,0
33502,0
33503,0
33504,0
33505,0
33506,0
33507,0
33508,0
33509,0
33510,0
33511,0
33512,0
33513,0
33514,0
33515,0
33516,0
33517,0
33518,0
33519,0
33520,0
33521,0
33522,0
33523,0
33524,0
33525,0
33526,0
33527,0
33528,0
33529,0
33530,0
33531,0
33532,0
33533,0
33534,0
33535,0
33536,0
33537,0
33538,0
33539,0
33540,0
33541,0
33542,0
33543,0
33544,0
33545,0
33546,0
33547,0
33548,0
33549,0
33550,0
33551,0
33552,0
33553,0
33554,0
33555,0
33556,0
33557,0
33558,0
33559,0
33560,0
33561,0
33562,0
33563,0
33564,0
33565,0
33566,0
33567,0
33568,0
33569,0
33570,0
33571,0
33572,0
33573,0
33574,0
33575,0
33576,0
33577,0
33578,0
33579,0
33580,0
33581,0
33582,0
33583,0
33584,0
33585,0
33586,0
33587,0
33588,0
33589,0
33590,0
33591,0
33592,0
33593,0
33594,0
33595,0
33596,0
33597,0
33598,0
33599,0
33600,0
33601,0
33602,0
33603,0
33604,0
33605,0
33606,0
33607,0
33608,0
33609,0
33610,0
33611,0
33612,0
33613,0
33614,0
33615,0
33616,0
33617,0
33618,0
33619,0
33620,0
33621,0
33622,0
33623,0
33624,0
33625,0
33626,0
33627,0
33628,0
33629,0
33630,0
33631,0
33632,0
33633,0
33634,0
33635,0
33636,0
33637,0
33638,0
33639,0
33640,0
33641,0
33642,0
33643,0
33644,0
33645,0
33646,0
33647,0
33648,0
33649,0
33650,0
33651,0
33652,0
33653,0
33654,0
33655,0
33656,0
33657,0
33658,0
33659,0
33660,0
33661,0
33662,0
33663,0
33664,0
33665,0
33666,0
33667,0
33668,0
33669,0
33670,0
33671,0
33672,0
33673,0
33674,0
33675,0
33676,0
33677,0
33678,0
33679,0
33680,0
33681,0
33682,0
33683,0
33684,0
33685,0
33686,0
33687,0
33688,0
33689,0
33690,0
33691,0
33692,0
33693,0
33694,0
33695,0
33696,0
33697,0
33698,0
33699,0
33700,0
33701,0
33702,0
33703,0
33704,0
33705,0
33706,0
33707,0
33708,0
33709,0
33710,0
33711,0
33712,0
33713,0
33714,0
33715,0
33716,0
33717,0
33718,0
33719,0
33720,0
33721,0
33722,0
33723,0
33724,0
33725,0
33726,0
33727,0
33728,0
33729,0
33730,0
33731,0
33732,0
33733,0
33734,0
33735,0
33736,0
33737,0
33738,0
33739,0
33740,0
33741,0
33742,0
33743,0
33744,0
33745,0
33746,0
33747,0
33748,0
33749,0
33750,0
33751,0
33752,0
33753,0
33754,0
33755,0
33756,0
33757,0
33758,0
33759,0
33760,0
33761,0
33762,0
33763,0
33764,0
33765,0
33766,0
33767,0
33768,0
33769,0
33770,0
33771,0
33772,0
33773,0
33774,0
33775,0
33776,0
33777,0
33778,0
33779,0
33780,0
33781,0
33782,0
33783,0
33784,0
33785,0
33786,0
33787,0
33788,0
33789,0
33790,0
33791,0
33792,0
33793,0
33794,0
33795,0
33796,0
33797,0
33798,0
33799,0
33800,0
33801,0
33802,0
33803,0
33804,0
33805,0
33806,0
33807,0
33808,0
33809,0
33810,0
33811,0
33812,0
33813,0
33814,0
33815,0
33816,0
33817,0
33818,0
33819,0
33820,0
33821,0
33822,0
33823,0
33824,0
33825,0
33826,0
33827,0
33828,0
33829,0
33830,0
33831,0
33832,0
33833,0
33834,0
33835,0
33836,0
33837,0
33838,0
33839,0
33840,0
33841,0
33842,0
33843,0
33844,0
33845,0
33846,0
33847,0
33848,0
33849,0
33850,0
33851,0
33852,0
33853,0
33854,0
33855,0
33856,0
33857,0
33858,0
33859,0
33860,0
33861,0
33862,0
33863,0
33864,0
33865,0
33866,0
33867,0
33868,0
33869,0
33870,0
33871,0
33872,0
33873,0
33874,0
33875,0
33876,0
33877,0
33878,0
33879,0
33880,0
33881,0
33882,0
33883,0
33884,0
33885,0
33886,0
33887,0
33888,0
33889,0
33890,0
33891,0
33892,0
33893,0
33894,0
33895,0
33896,0
33897,0
33898,0
33899,0
33900,0
33901,0
33902,0
33903,0
33904,0
33905,0
33906,0
33907,0
33908,0
33909,0
33910,0
33911,0
33912,0
33913,0
33914,0
33915,0
33916,0
33917,0
33918,0
33919,0
33920,0
33921,0
33922,0
33923,0
33924,0
33925,0
33926,0
33927,0
33928,0
33929,0
33930,0
33931,0
33932,0
33933,0
33934,0
33935,0
33936,0
33937,0
33938,0
33939,0
33940,0
33941,0
33942,0
33943,0
33944,0
33945,0
33946,0
33947,0
33948,0
33949,0
33950,0
33951,0
33952,0
33953,0
33954,0
33955,0
33956,0
33957,0
33958,0
33959,0
33960,0
33961,0
33962,0
33963,0
33964,0
33965,0
33966,0
33967,0
33968,0
33969,0
33970,0
33971,0
33972,0
33973,0
33974,0
33975,0
33976,0
33977,0
33978,0
33979,0
33980,0
33981,0
33982,0
33983,0
33984,0
33985,0
33986,0
33987,0
33988,0
33989,0
33990,0
33991,0
33992,0
33993,0
33994,0
33995,0
33996,0
33997,0
33998,0
33999,0
34000,0
34001,0
34002,0
34003,0
34004,0
34005,0
34006,0
34007,0
34008,0
34009,0
34010,0
34011,0
34012,0
34013,0
34014,0
34015,0
34016,0
34017,0
34018,0
34019,0
34020,0
34021,0
34022,0
34023,0
34024,0
34025,0
34026,0
34027,0
34028,0
34029,0
34030,0
34031,0
34032,0
34033,0
34034,0
34035,0
34036,0
34037,0
34038,0
34039,0
34040,0
34041,0
34042,0
34043,0
34044,0
34045,0
34046,0
34047,0
34048,0
34049,0
34050,0
34051,0
34052,0
34053,0
34054,0
34055,0
34056,0
34057,0
34058,0
34059,0
34060,0
34061,0
34062,0
34063,0
34064,0
34065,0
34066,0
34067,0
34068,0
34069,0
34070,0
34071,0
34072,0
34073,0
34074,0
34075,0
34076,0
34077,0
34078,0
34079,0
34080,0
34081,0
34082,0
34083,0
34084,0
34085,0
34086,0
34087,0
34088,0
34089,0
34090,0
34091,0
34092,0
34093,0
34094,0
34095,0
34096,0
34097,0
34098,0
34099,0
34100,0
34101,0
34102,0
34103,0
34104,0
34105,0
34106,0
34107,0
34108,0
34109,0
34110,0
34111,0
34112,0
34113,0
34114,0
34115,0
34116,0
34117,0
34118,0
34119,0
34120,0
34121,0
34122,0
34123,0
34124,0
34125,0
34126,0
34127,0
34128,0
34129,0
34130,0
34131,0
34132,0
34133,0
34134,0
34135,0
34136,0
34137,0
34138,0
34139,0
34140,0
34141,0
34142,0
34143,0
34144,0
34145,0
34146,0
34147,0
34148,0
34149,0
34150,0
34151,0
34152,0
34153,0
34154,0
34155,0
34156,0
34157,0
34158,0
34159,0
34160,0
34161,0
34162,0
34163,0
34164,0
34165,0
34166,0
34167,0
34168,0
34169,0
34170,0
34171,0
34172,0
34173,0
34174,0
34175,0
34176,0
34177,0
34178,0
34179,0
34180,0
34181,0
34182,0
34183,0
34184,0
34185,0
34186,0
34187,0
34188,0
34189,0
34190,0
34191,0
34192,0
34193,0
34194,0
34195,0
34196,0
34197,0
34198,0
34199,0
34200,0
34201,0
34202,0
34203,0
34204,0
34205,0
34206,0
34207,0
34208,0
34209,0
34210,0
34211,0
34212,0
34213,0
34214,0
34215,0
34216,0
34217,0
34218,0
34219,0
34220,0
34221,0
34222,0
34223,0
34224,0
34225,0
34226,0
34227,0
34228,0
34229,0
34230,0
34231,0
34232,0
34233,0
34234,0
34235,0
34236,0
34237,0
34238,0
34239,0
34240,0
34241,0
34242,0
34243,0
34244,0
34245,0
34246,0
34247,0
34248,0
34249,0
34250,0
34251,0
34252,0
34253,0
34254,0
34255,0
34256,0
34257,0
34258,0
34259,0
34260,0
34261,0
34262,0
34263,0
34264,0
34265,0
34266,0
34267,0
34268,0
34269,0
34270,0
34271,0
34272,0
34273,0
34274,0
34275,0
34276,0
34277,0
34278,0
34279,0
34280,0
34281,0
34282,0
34283,0
34284,0
34285,0
34286,0
34287,0
34288,0
34289,0
34290,0
34291,0
34292,0
34293,0
34294,0
34295,0
34296,0
34297,0
34298,0
34299,0
34300,0
34301,0
34302,0
34303,0
34304,0
34305,0
34306,0
34307,0
34308,0
34309,0
34310,0
34311,0
34312,0
34313,0
34314,0
34315,0
34316,0
34317,0
34318,0
34319,0
34320,0
34321,0
34322,0
34323,0
34324,0
34325,0
34326,0
34327,0
34328,0
34329,0
34330,0
34331,0
34332,0
34333,0
34334,0
34335,0
34336,0
34337,0
34338,0
34339,0
34340,0
34341,0
34342,0
34343,0
34344,0
34345,0
34346,0
34347,0
34348,0
34349,0
34350,0
34351,0
34352,0
34353,0
34354,0
34355,0
34356,0
34357,0
34358,0
34359,0
34360,0
34361,0
34362,0
34363,0
34364,0
34365,0
34366,0
34367,0
34368,0
34369,0
34370,0
34371,0
34372,0
34373,0
34374,0
34375,0
34376,0
34377,0
34378,0
34379,0
34380,0
34381,0
34382,0
34383,0
34384,0
34385,0
34386,0
34387,0
34388,0
34389,0
34390,0
34391,0
34392,0
34393,0
34394,0
34395,0
34396,0
34397,0
34398,0
34399,0
34400,0
34401,0
34402,0
34403,0
34404,0
34405,0
34406,0
34407,0
34408,0
34409,0
34410,0
34411,0
34412,0
34413,0
34414,0
34415,0
34416,0
34417,0
34418,0
34419,0
34420,0
34421,0
34422,0
34423,0
34424,0
34425,0
34426,0
34427,0
34428,0
34429,0
34430,0
34431,0
34432,0
34433,0
34434,0
34435,0
34436,0
34437,0
34438,0
34439,0
34440,0
34441,0
34442,0
34443,0
34444,0
34445,0
34446,0
34447,0
34448,0
34449,0
34450,0
34451,0
34452,0
34453,0
34454,0
34455,0
34456,0
34457,0
34458,0
34459,0
34460,0
34461,0
34462,0
34463,0
34464,0
34465,0
34466,0
34467,0
34468,0
34469,0
34470,0
34471,0
34472,0
34473,0
34474,0
34475,0
34476,0
34477,0
34478,0
34479,0
34480,0
34481,0
34482,0
34483,0
34484,0
34485,0
34486,0
34487,0
34488,0
34489,0
34490,0
34491,0
34492,0
34493,0
34494,0
34495,0
34496,0
34497,0
34498,0
34499,0
34500,0
34501,0
34502,0
34503,0
34504,0
34505,0
34506,0
34507,0
34508,0
34509,0
34510,0
34511,0
34512,0
34513,0
34514,0
34515,0
34516,0
34517,0
34518,0
34519,0
34520,0
34521,0
34522,0
34523,0
34524,0
34525,0
34526,0
34527,0
34528,0
34529,0
34530,0
34531,0
34532,0
34533,0
34534,0
34535,0
34536,0
34537,0
34538,0
34539,0
34540,0
34541,0
34542,0
34543,0
34544,0
34545,0
34546,0
34547,0
34548,0
34549,0
34550,0
34551,0
34552,0
34553,0
34554,0
34555,0
34556,0
34557,0
34558,0
34559,0
34560,0
34561,0
34562,0
34563,0
34564,0
34565,0
34566,0
34567,0
34568,0
34569,0
34570,0
34571,0
34572,0
34573,0
34574,0
34575,0
34576,0
34577,0
34578,0
34579,0
34580,0
34581,0
34582,0
34583,0
34584,0
34585,0
34586,0
34587,0
34588,0
34589,0
34590,0
34591,0
34592,0
34593,0
34594,0
34595,0
34596,0
34597,0
34598,0
34599,0
34600,0
34601,0
34602,0
34603,0
34604,0
34605,0
34606,0
34607,0
34608,0
34609,0
34610,0
34611,0
34612,0
34613,0
34614,0
34615,0
34616,0
34617,0
34618,0
34619,0
34620,0
34621,0
34622,0
34623,0
34624,0
34625,0
34626,0
34627,0
34628,0
34629,0
34630,0
34631,0
34632,0
34633,0
34634,0
34635,0
34636,0
34637,0
34638,0
34639,0
34640,0
34641,0
34642,0
34643,0
34644,0
34645,0
34646,0
34647,0
34648,0
34649,0
34650,0
34651,0
34652,0
34653,0
34654,0
34655,0
34656,0
34657,0
34658,0
34659,0
34660,0
34661,0
34662,0
34663,0
34664,0
34665,0
34666,0
34667,0
34668,0
34669,0
34670,0
34671,0
34672,0
34673,0
34674,0
34675,0
34676,0
34677,0
34678,0
34679,0
34680,0
34681,0
34682,0
34683,0
34684,0
34685,0
34686,0
34687,0
34688,0
34689,0
34690,0
34691,0
34692,0
34693,0
34694,0
34695,0
34696,0
34697,0
34698,0
34699,0
34700,0
34701,0
34702,0
34703,0
34704,0
34705,0
34706,0
34707,0
34708,0
34709,0
34710,0
34711,0
34712,0
34713,0
34714,0
34715,0
34716,0
34717,0
34718,0
34719,0
34720,0
34721,0
34722,0
34723,0
34724,0
34725,0
34726,0
34727,0
34728,0
34729,0
34730,0
34731,0
34732,0
34733,0
34734,0
34735,0
34736,0
34737,0
34738,0
34739,0
34740,0
34741,0
34742,0
34743,0
34744,0
34745,0
34746,0
34747,0
34748,0
34749,0
34750,0
34751,0
34752,0
34753,0
34754,0
34755,0
34756,0
34757,0
34758,0
34759,0
34760,0
34761,0
34762,0
34763,0
34764,0
34765,0
34766,0
34767,0
34768,0
34769,0
34770,0
34771,0
34772,0
34773,0
34774,0
34775,0
34776,0
34777,0
34778,0
34779,0
34780,0
34781,0
34782,0
34783,0
34784,0
34785,0
34786,0
34787,0
34788,0
34789,0
34790,0
34791,0
34792,0
34793,0
34794,0
34795,0
34796,0
34797,0
34798,0
34799,0
34800,0
34801,0
34802,0
34803,0
34804,0
34805,0
34806,0
34807,0
34808,0
34809,0
34810,0
34811,0
34812,0
34813,0
34814,0
34815,0
34816,0
34817,0
34818,0
34819,0
34820,0
34821,0
34822,0
34823,0
34824,0
34825,0
34826,0
34827,0
34828,0
34829,0
34830,0
34831,0
34832,0
34833,0
34834,0
34835,0
34836,0
34837,0
34838,0
34839,0
34840,0
34841,0
34842,0
34843,0
34844,0
34845,0
34846,0
34847,0
34848,0
34849,0
34850,0
34851,0
34852,0
34853,0
34854,0
34855,0
34856,0
34857,0
34858,0
34859,0
34860,0
34861,0
34862,0
34863,0
34864,0
34865,0
34866,0
34867,0
34868,0
34869,0
34870,0
34871,0
34872,0
34873,0
34874,0
34875,0
34876,0
34877,0
34878,0
34879,0
34880,0
34881,0
34882,0
34883,0
34884,0
34885,0
34886,0
34887,0
34888,0
34889,0
34890,0
34891,0
34892,0
34893,0
34894,0
34895,0
34896,0
34897,0
34898,0
34899,0
34900,0
34901,0
34902,0
34903,0
34904,0
34905,0
34906,0
34907,0
34908,0
34909,0
34910,0
34911,0
34912,0
34913,0
34914,0
34915,0
34916,0
34917,0
34918,0
34919,0
34920,0
34921,0
34922,0
34923,0
34924,0
34925,0
34926,0
34927,0
34928,0
34929,0
34930,0
34931,0
34932,0
34933,0
34934,0
34935,0
34936,0
34937,0
34938,0
34939,0
34940,0
34941,0
34942,0
34943,0
34944,0
34945,0
34946,0
34947,0
34948,0
34949,0
34950,0
34951,0
34952,0
34953,0
34954,0
34955,0
34956,0
34957,0
34958,0
34959,0
34960,0
34961,0
34962,0
34963,0
34964,0
34965,0
34966,0
34967,0
34968,0
34969,0
34970,0
34971,0
34972,0
34973,0
34974,0
34975,0
34976,0
34977,0
34978,0
34979,0
34980,0
34981,0
34982,0
34983,0
34984,0
34985,0
34986,0
34987,0
34988,0
34989,0
34990,0
34991,0
34992,0
34993,0
34994,0
34995,0
34996,0
34997,0
34998,0
34999,0
35000,0
35001,0
35002,0
35003,0
35004,0
35005,0
35006,0
35007,0
35008,0
35009,0
35010,0
35011,0
35012,0
35013,0
35014,0
35015,0
35016,0
35017,0
35018,0
35019,0
35020,0
35021,0
35022,0
35023,0
35024,0
35025,0
35026,0
35027,0
35028,0
35029,0
35030,0
35031,0
35032,0
35033,0
35034,0
35035,0
35036,0
35037,0
35038,0
35039,0
35040,0
35041,0
35042,0
35043,0
35044,0
35045,0
35046,0
35047,0
35048,0
35049,0
35050,0
35051,0
35052,0
35053,0
35054,0
35055,0
35056,0
35057,0
35058,0
35059,0
35060,0
35061,0
35062,0
35063,0
35064,0
35065,0
35066,0
35067,0
35068,0
35069,0
35070,0
35071,0
35072,0
35073,0
35074,0
35075,0
35076,0
35077,0
35078,0
35079,0
35080,0
35081,0
35082,0
35083,0
35084,0
35085,0
35086,0
35087,0
35088,0
35089,0
35090,0
35091,0
35092,0
35093,0
35094,0
35095,0
35096,0
35097,0
35098,0
35099,0
35100,0
35101,0
35102,0
35103,0
35104,0
35105,0
35106,0
35107,0
35108,0
35109,0
35110,0
35111,0
35112,0
35113,0
35114,0
35115,0
35116,0
35117,0
35118,0
35119,0
35120,0
35121,0
35122,0
35123,0
35124,0
35125,0
35126,0
35127,0
35128,0
35129,0
35130,0
35131,0
35132,0
35133,0
35134,0
35135,0
35136,0
35137,0
35138,0
35139,0
35140,0
35141,0
35142,0
35143,0
35144,0
35145,0
35146,0
35147,0
35148,0
35149,0
35150,0
35151,0
35152,0
35153,0
35154,0
35155,0
35156,0
35157,0
35158,0
35159,0
35160,0
35161,0
35162,0
35163,0
35164,0
35165,0
35166,0
35167,0
35168,0
35169,0
35170,0
35171,0
35172,0
35173,0
35174,0
35175,0
35176,0
35177,0
35178,0
35179,0
35180,0
35181,0
35182,0
35183,0
35184,0
35185,0
35186,0
35187,0
35188,0
35189,0
35190,0
35191,0
35192,0
35193,0
35194,0
35195,0
35196,0
35197,0
35198,0
35199,0
35200,0
35201,0
35202,0
35203,0
35204,0
35205,0
35206,0
35207,0
35208,0
35209,0
35210,0
35211,0
35212,0
35213,0
35214,0
35215,0
35216,0
35217,0
35218,0
35219,0
35220,0
35221,0
35222,0
35223,0
35224,0
35225,0
35226,0
35227,0
35228,0
35229,0
35230,0
35231,0
35232,0
35233,0
35234,0
35235,0
35236,0
35237,0
35238,0
35239,0
35240,0
35241,0
35242,0
35243,0
35244,0
35245,0
35246,0
35247,0
35248,0
35249,0
35250,0
35251,0
35252,0
35253,0
35254,0
35255,0
35256,0
35257,0
35258,0
35259,0
35260,0
35261,0
35262,0
35263,0
35264,0
35265,0
35266,0
35267,0
35268,0
35269,0
35270,0
35271,0
35272,0
35273,0
35274,0
35275,0
35276,0
35277,0
35278,0
35279,0
35280,0
35281,0
35282,0
35283,0
35284,0
35285,0
35286,0
35287,0
35288,0
35289,0
35290,0
35291,0
35292,0
35293,0
35294,0
35295,0
35296,0
35297,0
35298,0
35299,0
35300,0
35301,0
35302,0
35303,0
35304,0
35305,0
35306,0
35307,0
35308,0
35309,0
35310,0
35311,0
35312,0
35313,0
35314,0
35315,0
35316,0
35317,0
35318,0
35319,0
35320,0
35321,0
35322,0
35323,0
35324,0
35325,0
35326,0
35327,0
35328,0
35329,0
35330,0
35331,0
35332,0
35333,0
35334,0
35335,0
35336,0
35337,0
35338,0
35339,0
35340,0
35341,0
35342,0
35343,0
35344,0
35345,0
35346,0
35347,0
35348,0
35349,0
35350,0
35351,0
35352,0
35353,0
35354,0
35355,0
35356,0
35357,0
35358,0
35359,0
35360,0
35361,0
35362,0
35363,0
35364,0
35365,0
35366,0
35367,0
35368,0
35369,0
35370,0
35371,0
35372,0
35373,0
35374,0
35375,0
35376,0
35377,0
35378,0
35379,0
35380,0
35381,0
35382,0
35383,0
35384,0
35385,0
35386,0
35387,0
35388,0
35389,0
35390,0
35391,0
35392,0
35393,0
35394,0
35395,0
35396,0
35397,0
35398,0
35399,0
35400,0
35401,0
35402,0
35403,0
35404,0
35405,0
35406,0
35407,0
35408,0
35409,0
35410,0
35411,0
35412,0
35413,0
35414,0
35415,0
35416,0
35417,0
35418,0
35419,0
35420,0
35421,0
35422,0
35423,0
35424,0
35425,0
35426,0
35427,0
35428,0
35429,0
35430,0
35431,0
35432,0
35433,0
35434,0
35435,0
35436,0
35437,0
35438,0
35439,0
35440,0
35441,0
35442,0
35443,0
35444,0
35445,0
35446,0
35447,0
35448,0
35449,0
35450,0
35451,0
35452,0
35453,0
35454,0
35455,0
35456,0
35457,0
35458,0
35459,0
35460,0
35461,0
35462,0
35463,0
35464,0
35465,0
35466,0
35467,0
35468,0
35469,0
35470,0
35471,0
35472,0
35473,0
35474,0
35475,0
35476,0
35477,0
35478,0
35479,0
35480,0
35481,0
35482,0
35483,0
35484,0
35485,0
35486,0
35487,0
35488,0
35489,0
35490,0
35491,0
35492,0
35493,0
35494,0
35495,0
35496,0
35497,0
35498,0
35499,0
35500,0
35501,0
35502,0
35503,0
35504,0
35505,0
35506,0
35507,0
35508,0
35509,0
35510,0
35511,0
35512,0
35513,0
35514,0
35515,0
35516,0
35517,0
35518,0
35519,0
35520,0
35521,0
35522,0
35523,0
35524,0
35525,0
35526,0
35527,0
35528,0
35529,0
35530,0
35531,0
35532,0
35533,0
35534,0
35535,0
35536,0
35537,0
35538,0
35539,0
35540,0
35541,0
35542,0
35543,0
35544,0
35545,0
35546,0
35547,0
35548,0
35549,0
35550,0
35551,0
35552,0
35553,0
35554,0
35555,0
35556,0
35557,0
35558,0
35559,0
35560,0
35561,0
35562,0
35563,0
35564,0
35565,0
35566,0
35567,0
35568,0
35569,0
35570,0
35571,0
