tick,tiles
1,0
2,52
3,52
4,52
5,52
6,52
7,52
8,52
9,52
10,52
11,52
12,52
13,52
14,52
15,52
16,52
17,52
18,52
19,52
20,52
21,52
22,52
23,52
24,52
25,52
26,52
27,52
28,52
29,52
30,52
31,52
32,52
33,52
34,52
35,52
36,52
37,52
38,52
39,52
40,52
41,52
42,52
43,52
44,52
45,52
46,52
47,52
48,52
49,52
50,52
51,52
52,52
53,52
54,52
55,52
56,52
57,52
58,52
59,52
60,52
61,52
62,52
63,52
64,52
65,52
66,52
67,52
68,52
69,52
70,52
71,52
72,52
73,52
74,52
75,52
76,52
77,52
78,52
79,52
80,52
81,52
82,52
83,52
84,52
85,52
86,52
87,52
88,52
89,52
90,52
91,52
92,52
93,52
94,52
95,52
96,52
97,52
98,52
99,52
100,52
101,52
102,52
103,52
104,52
105,52
106,52
107,52
108,52
109,52
110,52
111,52
112,52
113,52
114,52
115,52
116,52
117,52
118,52
119,52
120,52
121,52
122,52
123,52
124,52
125,52
126,52
127,52
128,52
129,52
130,52
131,52
132,52
133,52
134,52
135,52
136,52
137,52
138,52
139,52
140,52
141,52
142,52
143,52
144,52
145,52
146,52
147,52
148,52
149,52
150,52
151,52
152,52
153,52
154,52
155,52
156,52
157,52
158,52
159,52
160,52
161,52
162,52
163,52
164,64
165,76
166,91
167,107
168,126
169,144
170,164
171,187
172,210
173,233
174,259
175,286
176,315
177,346
178,378
179,410
180,444
181,481
182,518
183,555
184,597
185,638
186,680
187,722
188,768
189,815
190,863
191,915
192,968
193,1021
194,1073
195,1121
196,1169
197,1220
198,1271
199,1320
200,1374
201,1429
202,1484
203,1537
204,1594
205,1648
206,1701
207,1757
208,1809
209,1864
210,1921
211,1980
212,2039
213,2097
214,2161
215,2221
216,2281
217,2341
218,2405
219,2470
220,2533
221,2598
222,2663
223,2730
224,2797
225,2863
226,2930
227,2997
228,3066
229,3131
230,3188
231,3237
232,3278
233,3314
234,3385
235,3449
236,3504
237,3552
238,3593
239,3629
240,3660
241,3686
242,3707
243,3725
244,3786
245,3836
246,3879
247,3916
248,3947
249,3972
250,3993
251,4011
252,4026
253,4040
254,4096
255,4141
256,4179
257,4211
258,4238
259,4260
260,4278
261,4293
262,4306
263,4317
264,4368
265,4410
266,4444
267,4472
268,4496
269,4516
270,4533
271,4547
272,4559
273,4569
274,4617
275,4657
276,4689
277,4716
278,4739
279,4758
280,4773
281,4787
282,4798
283,4807
284,4851
285,4888
286,4919
287,4944
288,4965
289,4982
290,4996
291,5008
292,5018
293,5026
294,5068
295,5104
296,5132
297,5155
298,5175
299,5191
300,5204
301,5215
302,5224
303,5231
304,5272
305,5305
306,5332
307,5355
308,5373
309,5388
310,5400
311,5410
312,5419
313,5426
314,5464
315,5496
316,5522
317,5543
318,5560
319,5574
320,5586
321,5596
322,5604
323,5610
324,5647
325,5678
326,5703
327,5723
328,5739
329,5752
330,5763
331,5772
332,5779
333,5785
334,5820
335,5850
336,5874
337,5893
338,5908
339,5921
340,5931
341,5939
342,5946
343,5952
344,5986
345,6014
346,6037
347,6055
348,6070
349,6082
350,6092
351,6100
352,6106
353,6112
354,6145
355,6172
356,6194
357,6211
358,6225
359,6236
360,6245
361,6252
362,6258
363,6263
364,6295
365,6321
366,6342
367,6359
368,6372
369,6383
370,6392
371,6399
372,6405
373,6410
374,6440
375,6465
376,6485
377,6501
378,6514
379,6524
380,6532
381,6539
382,6544
383,6549
384,6579
385,6603
386,6622
387,6637
388,6650
389,6660
390,6668
391,6674
392,6679
393,6684
394,6713
395,6736
396,6755
397,6770
398,6782
399,6792
400,6800
401,6806
402,6811
403,6816
404,6843
405,6865
406,6883
407,6898
408,6910
409,6919
410,6926
411,6932
412,6937
413,6942
414,6969
415,6991
416,7008
417,7022
418,7033
419,7042
420,7049
421,7055
422,7060
423,7065
424,7091
425,7112
426,7129
427,7143
428,7154
429,7163
430,7170
431,7175
432,7180
433,7185
434,7210
435,7231
436,7247
437,7260
438,7271
439,7280
440,7286
441,7291
442,7296
443,7301
444,7326
445,7347
446,7363
447,7376
448,7386
449,7394
450,7400
451,7405
452,7410
453,7415
454,7439
455,7459
456,7475
457,7487
458,7497
459,7505
460,7511
461,7516
462,7521
463,7526
464,7550
465,7569
466,7584
467,7596
468,7606
469,7614
470,7620
471,7625
472,7630
473,7635
474,7659
475,7678
476,7693
477,7705
478,7714
479,7721
480,7727
481,7732
482,7737
483,7742
484,7765
485,7784
486,7798
487,7809
488,7818
489,7825
490,7831
491,7836
492,7841
493,7846
494,7869
495,7887
496,7901
497,7912
498,7921
499,7928
500,7934
501,7940
502,7945
503,7950
504,7972
505,7990
506,8004
507,8015
508,8023
509,8030
510,8036
511,8041
512,8046
513,8051
514,8072
515,8089
516,8103
517,8114
518,8122
519,8129
520,8135
521,8141
522,8146
523,8150
524,8171
525,8188
526,8202
527,8212
528,8220
529,8226
530,8232
531,8238
532,8244
533,8248
534,8269
535,8286
536,8299
537,8310
538,8318
539,8324
540,8330
541,8336
542,8342
543,8344
544,8365
545,8382
546,8395
547,8405
548,8413
549,8419
550,8425
551,8431
552,8437
553,8439
554,8460
555,8477
556,8490
557,8500
558,8508
559,8514
560,8520
561,8526
562,8532
563,8533
564,8554
565,8570
566,8583
567,8593
568,8601
569,8607
570,8613
571,8619
572,8625
573,8626
574,8647
575,8664
576,8677
577,8687
578,8694
579,8700
580,8706
581,8712
582,8718
583,8718
584,8739
585,8755
586,8767
587,8777
588,8785
589,8791
590,8797
591,8803
592,8809
593,8809
594,8830
595,8846
596,8859
597,8869
598,8877
599,8883
600,8889
601,8895
602,8900
603,8900
604,8921
605,8937
606,8950
607,8960
608,8967
609,8973
610,8979
611,8985
612,8990
613,8990
614,9010
615,9026
616,9039
617,9049
618,9056
619,9062
620,9068
621,9074
622,9079
623,9079
624,9099
625,9115
626,9128
627,9138
628,9146
629,9152
630,9158
631,9164
632,9167
633,9167
634,9187
635,9203
636,9215
637,9225
638,9232
639,9238
640,9244
641,9250
642,9255
643,9255
644,9275
645,9291
646,9303
647,9313
648,9320
649,9326
650,9332
651,9338
652,9343
653,9343
654,9363
655,9379
656,9391
657,9401
658,9408
659,9414
660,9420
661,9426
662,9430
663,9430
664,9451
665,9467
666,9479
667,9488
668,9495
669,9501
670,9507
671,9513
672,9517
673,9517
674,9538
675,9554
676,9566
677,9576
678,9583
679,9589
680,9595
681,9601
682,9603
683,9603
684,9624
685,9640
686,9652
687,9661
688,9668
689,9674
690,9680
691,9686
692,9689
693,9689
694,9709
695,9725
696,9737
697,9746
698,9753
699,9759
700,9765
701,9771
702,9774
703,9774
704,9794
705,9810
706,9822
707,9831
708,9838
709,9845
710,9851
711,9857
712,9859
713,9859
714,9880
715,9896
716,9908
717,9917
718,9924
719,9930
720,9936
721,9942
722,9944
723,9944
724,9964
725,9980
726,9992
727,10001
728,10008
729,10014
730,10020
731,10026
732,10028
733,10028
734,10049
735,10065
736,10077
737,10086
738,10093
739,10099
740,10105
741,10111
742,10112
743,10112
744,10133
745,10149
746,10161
747,10170
748,10177
749,10183
750,10189
751,10195
752,10196
753,10196
754,10217
755,10233
756,10245
757,10254
758,10261
759,10267
760,10273
761,10279
762,10280
763,10280
764,10301
765,10317
766,10329
767,10338
768,10345
769,10351
770,10357
771,10363
772,10364
773,10364
774,10384
775,10400
776,10412
777,10421
778,10428
779,10434
780,10440
781,10446
782,10447
783,10447
784,10468
785,10484
786,10496
787,10505
788,10512
789,10519
790,10525
791,10530
792,10530
793,10530
794,10551
795,10567
796,10579
797,10588
798,10595
799,10601
800,10607
801,10613
802,10613
803,10613
804,10634
805,10650
806,10662
807,10671
808,10678
809,10685
810,10691
811,10696
812,10696
813,10696
814,10717
815,10733
816,10745
817,10754
818,10761
819,10768
820,10775
821,10779
822,10779
823,10779
824,10800
825,10816
826,10828
827,10837
828,10844
829,10851
830,10858
831,10861
832,10861
833,10861
834,10882
835,10898
836,10910
837,10919
838,10926
839,10933
840,10940
841,10944
842,10944
843,10944
844,10965
845,10981
846,10993
847,11002
848,11009
849,11016
850,11023
851,11026
852,11026
853,11026
854,11047
855,11063
856,11075
857,11084
858,11091
859,11098
860,11105
861,11108
862,11108
863,11108
864,11129
865,11145
866,11157
867,11166
868,11173
869,11180
870,11187
871,11190
872,11190
873,11190
874,11211
875,11227
876,11239
877,11248
878,11255
879,11262
880,11269
881,11271
882,11271
883,11271
884,11293
885,11309
886,11321
887,11330
888,11337
889,11344
890,11351
891,11352
892,11352
893,11352
894,11374
895,11390
896,11402
897,11411
898,11418
899,11425
900,11432
901,11434
902,11434
903,11434
904,11455
905,11471
906,11483
907,11492
908,11499
909,11506
910,11513
911,11516
912,11516
913,11516
914,11537
915,11554
916,11566
917,11575
918,11582
919,11589
920,11596
921,11598
922,11598
923,11598
924,11619
925,11635
926,11647
927,11656
928,11663
929,11670
930,11677
931,11679
932,11679
933,11679
934,11701
935,11717
936,11729
937,11738
938,11745
939,11752
940,11759
941,11760
942,11760
943,11760
944,11782
945,11798
946,11810
947,11819
948,11826
949,11833
950,11840
951,11841
952,11841
953,11841
954,11863
955,11879
956,11891
957,11900
958,11907
959,11914
960,11921
961,11922
962,11922
963,11922
964,11944
965,11960
966,11972
967,11981
968,11988
969,11995
970,12002
971,12004
972,12004
973,12004
974,12026
975,12042
976,12054
977,12063
978,12070
979,12077
980,12084
981,12085
982,12085
983,12085
984,12107
985,12123
986,12135
987,12145
988,12152
989,12159
990,12166
991,12167
992,12167
993,12167
994,12190
995,12207
996,12219
997,12228
998,12235
999,12242
1000,12248
1001,12248
1002,12248
1003,12248
1004,12270
1005,12287
1006,12299
1007,12308
1008,12315
1009,12322
1010,12329
1011,12329
1012,12329
1013,12329
1014,12351
1015,12368
1016,12380
1017,12389
1018,12396
1019,12403
1020,12410
1021,12410
1022,12410
1023,12410
1024,12432
1025,12448
1026,12460
1027,12469
1028,12476
1029,12483
1030,12490
1031,12491
1032,12491
1033,12491
1034,12514
1035,12531
1036,12543
1037,12551
1038,12558
1039,12565
1040,12572
1041,12572
1042,12572
1043,12572
1044,12595
1045,12611
1046,12623
1047,12632
1048,12639
1049,12646
1050,12653
1051,12653
1052,12653
1053,12653
1054,12676
1055,12692
1056,12704
1057,12713
1058,12720
1059,12727
1060,12734
1061,12734
1062,12734
1063,12734
1064,12757
1065,12773
1066,12785
1067,12794
1068,12801
1069,12808
1070,12815
1071,12815
1072,12815
1073,12815
1074,12838
1075,12855
1076,12867
1077,12876
1078,12883
1079,12890
1080,12896
1081,12896
1082,12896
1083,12896
1084,12919
1085,12936
1086,12948
1087,12957
1088,12964
1089,12971
1090,12977
1091,12977
1092,12977
1093,12977
1094,13000
1095,13017
1096,13029
1097,13038
1098,13045
1099,13052
1100,13058
1101,13058
1102,13058
1103,13058
1104,13081
1105,13098
1106,13110
1107,13119
1108,13126
1109,13133
1110,13139
1111,13139
1112,13139
1113,13139
1114,13162
1115,13179
1116,13191
1117,13200
1118,13207
1119,13214
1120,13220
1121,13220
1122,13220
1123,13220
1124,13243
1125,13260
1126,13272
1127,13281
1128,13289
1129,13296
1130,13301
1131,13301
1132,13301
1133,13301
1134,13324
1135,13341
1136,13353
1137,13362
1138,13370
1139,13377
1140,13382
1141,13382
1142,13382
1143,13382
1144,13405
1145,13422
1146,13434
1147,13443
1148,13451
1149,13459
1150,13463
1151,13463
1152,13463
1153,13463
1154,13487
1155,13504
1156,13516
1157,13525
1158,13533
1159,13541
1160,13544
1161,13544
1162,13544
1163,13544
1164,13568
1165,13585
1166,13597
1167,13606
1168,13614
1169,13622
1170,13625
1171,13625
1172,13625
1173,13625
1174,13649
1175,13666
1176,13678
1177,13687
1178,13695
1179,13703
1180,13706
1181,13706
1182,13706
1183,13706
1184,13730
1185,13747
1186,13759
1187,13768
1188,13776
1189,13784
1190,13787
1191,13787
1192,13787
1193,13787
1194,13811
1195,13828
1196,13840
1197,13849
1198,13857
1199,13865
1200,13868
1201,13868
1202,13868
1203,13868
1204,13892
1205,13909
1206,13921
1207,13930
1208,13938
1209,13946
1210,13949
1211,13949
1212,13949
1213,13949
1214,13973
1215,13990
1216,14002
1217,14011
1218,14019
1219,14027
1220,14030
1221,14030
1222,14030
1223,14030
1224,14054
1225,14071
1226,14083
1227,14092
1228,14100
1229,14108
1230,14111
1231,14111
1232,14111
1233,14111
1234,14135
1235,14152
1236,14164
1237,14173
1238,14181
1239,14189
1240,14192
1241,14192
1242,14192
1243,14192
1244,14216
1245,14234
1246,14246
1247,14255
1248,14263
1249,14271
1250,14273
1251,14273
1252,14273
1253,14273
1254,14297
1255,14314
1256,14326
1257,14335
1258,14343
1259,14351
1260,14354
1261,14354
1262,14354
1263,14354
1264,14379
1265,14396
1266,14408
1267,14417
1268,14425
1269,14433
1270,14435
1271,14435
1272,14435
1273,14435
1274,14460
1275,14477
1276,14489
1277,14498
1278,14506
1279,14514
1280,14516
1281,14516
1282,14516
1283,14516
1284,14540
1285,14557
1286,14569
1287,14578
1288,14586
1289,14594
1290,14597
1291,14597
1292,14597
1293,14597
1294,14621
1295,14638
1296,14650
1297,14659
1298,14667
1299,14675
1300,14678
1301,14678
1302,14678
1303,14678
1304,14702
1305,14719
1306,14731
1307,14740
1308,14748
1309,14756
1310,14759
1311,14759
1312,14759
1313,14759
1314,14783
1315,14801
1316,14813
1317,14822
1318,14830
1319,14838
1320,14840
1321,14840
1322,14840
1323,14840
1324,14865
1325,14882
1326,14894
1327,14903
1328,14911
1329,14919
1330,14921
1331,14921
1332,14921
1333,14921
1334,14945
1335,14963
1336,14975
1337,14984
1338,14992
1339,15000
1340,15002
1341,15002
1342,15002
1343,15002
1344,15027
1345,15045
1346,15057
1347,15066
1348,15074
1349,15082
1350,15083
1351,15083
1352,15083
1353,15083
1354,15108
1355,15126
1356,15138
1357,15147
1358,15155
1359,15163
1360,15164
1361,15164
1362,15164
1363,15164
1364,15189
1365,15207
1366,15219
1367,15228
1368,15236
1369,15244
1370,15245
1371,15245
1372,15245
1373,15245
1374,15270
1375,15288
1376,15300
1377,15309
1378,15317
1379,15325
1380,15326
1381,15326
1382,15326
1383,15326
1384,15351
1385,15369
1386,15382
1387,15391
1388,15399
1389,15407
1390,15407
1391,15407
1392,15407
1393,15407
1394,15432
1395,15450
1396,15462
1397,15471
1398,15479
1399,15487
1400,15488
1401,15488
1402,15488
1403,15488
1404,15513
1405,15531
1406,15544
1407,15553
1408,15561
1409,15569
1410,15569
1411,15569
1412,15569
1413,15569
1414,15594
1415,15612
1416,15624
1417,15633
1418,15641
1419,15649
1420,15650
1421,15650
1422,15650
1423,15650
1424,15676
1425,15693
1426,15705
1427,15714
1428,15722
1429,15730
1430,15731
1431,15731
1432,15731
1433,15731
1434,15757
1435,15775
1436,15787
1437,15796
1438,15804
1439,15812
1440,15812
1441,15812
1442,15812
1443,15812
1444,15838
1445,15856
1446,15868
1447,15877
1448,15885
1449,15893
1450,15893
1451,15893
1452,15893
1453,15893
1454,15919
1455,15937
1456,15950
1457,15959
1458,15967
1459,15974
1460,15974
1461,15974
1462,15974
1463,15974
1464,16000
1465,16018
1466,16031
1467,16040
1468,16048
1469,16055
1470,16055
1471,16055
1472,16055
1473,16055
1474,16081
1475,16099
1476,16112
1477,16121
1478,16129
1479,16136
1480,16136
1481,16136
1482,16136
1483,16136
1484,16162
1485,16180
1486,16192
1487,16201
1488,16209
1489,16217
1490,16217
1491,16217
1492,16217
1493,16217
1494,16243
1495,16261
1496,16274
1497,16283
1498,16291
1499,16298
1500,16298
1501,16298
1502,16298
1503,16298
1504,16324
1505,16342
1506,16354
1507,16363
1508,16372
1509,16379
1510,16379
1511,16379
1512,16379
1513,16379
1514,16405
1515,16423
1516,16435
1517,16444
1518,16452
1519,16460
1520,16460
1521,16460
1522,16460
1523,16460
1524,16486
1525,16504
1526,16516
1527,16525
1528,16534
1529,16541
1530,16541
1531,16541
1532,16541
1533,16541
1534,16567
1535,16585
1536,16597
1537,16606
1538,16615
1539,16622
1540,16622
1541,16622
1542,16622
1543,16622
1544,16649
1545,16667
1546,16679
1547,16688
1548,16697
1549,16703
1550,16703
1551,16703
1552,16703
1553,16703
1554,16729
1555,16748
1556,16760
1557,16769
1558,16778
1559,16784
1560,16784
1561,16784
1562,16784
1563,16784
1564,16811
1565,16829
1566,16841
1567,16850
1568,16859
1569,16865
1570,16865
1571,16865
1572,16865
1573,16865
1574,16892
1575,16910
1576,16922
1577,16931
1578,16940
1579,16946
1580,16946
1581,16946
1582,16946
1583,16946
1584,16973
1585,16991
1586,17003
1587,17012
1588,17021
1589,17027
1590,17027
1591,17027
1592,17027
1593,17027
1594,17054
1595,17072
1596,17084
1597,17093
1598,17102
1599,17108
1600,17108
1601,17108
1602,17108
1603,17108
1604,17135
1605,17153
1606,17166
1607,17175
1608,17184
1609,17189
1610,17189
1611,17189
1612,17189
1613,17189
1614,17216
1615,17234
1616,17246
1617,17255
1618,17264
1619,17270
1620,17270
1621,17270
1622,17270
1623,17270
1624,17297
1625,17315
1626,17328
1627,17337
1628,17346
1629,17351
1630,17351
1631,17351
1632,17351
1633,17351
1634,17379
1635,17397
1636,17409
1637,17418
1638,17427
1639,17432
1640,17432
1641,17432
1642,17432
1643,17432
1644,17459
1645,17477
1646,17490
1647,17499
1648,17508
1649,17513
1650,17513
1651,17513
1652,17513
1653,17513
1654,17540
1655,17559
1656,17571
1657,17580
1658,17589
1659,17594
1660,17594
1661,17594
1662,17594
1663,17594
1664,17621
1665,17639
1666,17651
1667,17660
1668,17669
1669,17675
1670,17675
1671,17675
1672,17675
1673,17675
1674,17702
1675,17720
1676,17732
1677,17741
1678,17750
1679,17756
1680,17756
1681,17756
1682,17756
1683,17756
1684,17784
1685,17802
1686,17814
1687,17823
1688,17832
1689,17837
1690,17837
1691,17837
1692,17837
1693,17837
1694,17865
1695,17883
1696,17895
1697,17904
1698,17913
1699,17918
1700,17918
1701,17918
1702,17918
1703,17918
1704,17945
1705,17964
1706,17976
1707,17985
1708,17994
1709,17999
1710,17999
1711,17999
1712,17999
1713,17999
1714,18027
1715,18046
1716,18058
1717,18067
1718,18076
1719,18080
1720,18080
1721,18080
1722,18080
1723,18080
1724,18108
1725,18126
1726,18138
1727,18148
1728,18157
1729,18161
1730,18161
1731,18161
1732,18161
1733,18161
1734,18189
1735,18208
1736,18220
1737,18229
1738,18238
1739,18242
1740,18242
1741,18242
1742,18242
1743,18242
1744,18270
1745,18289
1746,18301
1747,18310
1748,18319
1749,18323
1750,18323
1751,18323
1752,18323
1753,18323
1754,18351
1755,18370
1756,18382
1757,18391
1758,18400
1759,18404
1760,18404
1761,18404
1762,18404
1763,18404
1764,18432
1765,18451
1766,18463
1767,18472
1768,18481
1769,18485
1770,18485
1771,18485
1772,18485
1773,18485
1774,18513
1775,18532
1776,18544
1777,18553
1778,18562
1779,18566
1780,18566
1781,18566
1782,18566
1783,18566
1784,18594
1785,18613
1786,18625
1787,18635
1788,18644
1789,18647
1790,18647
1791,18647
1792,18647
1793,18647
1794,18675
1795,18694
1796,18706
1797,18715
1798,18724
1799,18728
1800,18728
1801,18728
1802,18728
1803,18728
1804,18756
1805,18775
1806,18787
1807,18796
1808,18805
1809,18809
1810,18809
1811,18809
1812,18809
1813,18809
1814,18837
1815,18856
1816,18868
1817,18877
1818,18886
1819,18890
1820,18890
1821,18890
1822,18890
1823,18890
1824,18918
1825,18937
1826,18949
1827,18958
1828,18967
1829,18971
1830,18971
1831,18971
1832,18971
1833,18971
1834,18999
1835,19018
1836,19030
1837,19039
1838,19048
1839,19052
1840,19052
1841,19052
1842,19052
1843,19052
1844,19081
1845,19100
1846,19112
1847,19121
1848,19130
1849,19133
1850,19133
1851,19133
1852,19133
1853,19133
1854,19162
1855,19181
1856,19193
1857,19202
1858,19211
1859,19214
1860,19214
1861,19214
1862,19214
1863,19214
1864,19243
1865,19262
1866,19274
1867,19283
1868,19292
1869,19295
1870,19295
1871,19295
1872,19295
1873,19295
1874,19324
1875,19343
1876,19355
1877,19365
1878,19375
1879,19376
1880,19376
1881,19376
1882,19376
1883,19376
1884,19405
1885,19424
1886,19436
1887,19446
1888,19456
1889,19457
1890,19457
1891,19457
1892,19457
1893,19457
1894,19486
1895,19505
1896,19517
1897,19526
1898,19536
1899,19538
1900,19538
1901,19538
1902,19538
1903,19538
1904,19567
1905,19586
1906,19598
1907,19608
1908,19618
1909,19619
1910,19619
1911,19619
1912,19619
1913,19619
1914,19648
1915,19667
1916,19679
1917,19689
1918,19699
1919,19700
1920,19700
1921,19700
1922,19700
1923,19700
1924,19729
1925,19748
1926,19760
1927,19770
1928,19780
1929,19781
1930,19781
1931,19781
1932,19781
1933,19781
1934,19810
1935,19829
1936,19841
1937,19851
1938,19861
1939,19863
1940,19863
1941,19863
1942,19863
1943,19863
1944,19892
1945,19911
1946,19923
1947,19933
1948,19943
1949,19944
1950,19944
1951,19944
1952,19944
1953,19944
1954,19973
1955,19992
1956,20004
1957,20014
1958,20024
1959,20025
1960,20025
1961,20025
1962,20025
1963,20025
1964,20054
1965,20073
1966,20086
1967,20096
1968,20106
1969,20107
1970,20107
1971,20107
1972,20107
1973,20107
1974,20137
1975,20156
1976,20168
1977,20178
1978,20188
1979,20188
1980,20188
1981,20188
1982,20188
1983,20188
1984,20217
1985,20237
1986,20249
1987,20259
1988,20269
1989,20270
1990,20270
1991,20270
1992,20270
1993,20270
1994,20299
1995,20318
1996,20330
1997,20340
1998,20350
1999,20351
2000,20351
2001,20351
2002,20351
2003,20351
2004,20381
2005,20400
2006,20412
2007,20422
2008,20432
2009,20433
2010,20433
2011,20433
2012,20433
2013,20433
2014,20463
2015,20482
2016,20494
2017,20504
2018,20514
2019,20514
2020,20514
2021,20514
2022,20514
2023,20514
2024,20544
2025,20563
2026,20576
2027,20586
2028,20596
2029,20596
2030,20596
2031,20596
2032,20596
2033,20596
2034,20626
2035,20645
2036,20657
2037,20667
2038,20677
2039,20677
2040,20677
2041,20677
2042,20677
2043,20677
2044,20707
2045,20726
2046,20738
2047,20748
2048,20758
2049,20759
2050,20759
2051,20759
2052,20759
2053,20759
2054,20789
2055,20808
2056,20821
2057,20831
2058,20841
2059,20841
2060,20841
2061,20841
2062,20841
2063,20841
2064,20871
2065,20891
2066,20903
2067,20913
2068,20923
2069,20923
2070,20923
2071,20923
2072,20923
2073,20923
2074,20953
2075,20973
2076,20985
2077,20995
2078,21005
2079,21005
2080,21005
2081,21005
2082,21005
2083,21005
2084,21035
2085,21055
2086,21067
2087,21077
2088,21086
2089,21086
2090,21086
2091,21086
2092,21086
2093,21086
2094,21116
2095,21135
2096,21148
2097,21158
2098,21168
2099,21168
2100,21168
2101,21168
2102,21168
2103,21168
2104,21198
2105,21217
2106,21229
2107,21239
2108,21249
2109,21250
2110,21250
2111,21250
2112,21250
2113,21250
2114,21280
2115,21299
2116,21311
2117,21321
2118,21331
2119,21332
2120,21332
2121,21332
2122,21332
2123,21332
2124,21362
2125,21381
2126,21393
2127,21403
2128,21413
2129,21413
2130,21413
2131,21413
2132,21413
2133,21413
2134,21444
2135,21463
2136,21475
2137,21485
2138,21495
2139,21495
2140,21495
2141,21495
2142,21495
2143,21495
2144,21525
2145,21544
2146,21557
2147,21567
2148,21576
2149,21576
2150,21576
2151,21576
2152,21576
2153,21576
2154,21606
2155,21626
2156,21638
2157,21648
2158,21657
2159,21657
2160,21657
2161,21657
2162,21657
2163,21657
2164,21688
2165,21707
2166,21719
2167,21729
2168,21738
2169,21738
2170,21738
2171,21738
2172,21738
2173,21738
2174,21769
2175,21788
2176,21801
2177,21811
2178,21820
2179,21820
2180,21820
2181,21820
2182,21820
2183,21820
2184,21851
2185,21871
2186,21883
2187,21893
2188,21901
2189,21901
2190,21901
2191,21901
2192,21901
2193,21901
2194,21932
2195,21952
2196,21964
2197,21974
2198,21983
2199,21983
2200,21983
2201,21983
2202,21983
2203,21983
2204,22014
2205,22034
2206,22046
2207,22056
2208,22064
2209,22064
2210,22064
2211,22064
2212,22064
2213,22064
2214,22095
2215,22115
2216,22127
2217,22137
2218,22145
2219,22145
2220,22145
2221,22145
2222,22145
2223,22145
2224,22176
2225,22196
2226,22208
2227,22218
2228,22227
2229,22227
2230,22227
2231,22227
2232,22227
2233,22227
2234,22258
2235,22278
2236,22290
2237,22300
2238,22309
2239,22309
2240,22309
2241,22309
2242,22309
2243,22309
2244,22340
2245,22360
2246,22372
2247,22382
2248,22390
2249,22390
2250,22390
2251,22390
2252,22390
2253,22390
2254,22421
2255,22441
2256,22453
2257,22464
2258,22471
2259,22471
2260,22471
2261,22471
2262,22471
2263,22471
2264,22502
2265,22522
2266,22534
2267,22544
2268,22552
2269,22552
2270,22552
2271,22552
2272,22552
2273,22552
2274,22583
2275,22603
2276,22615
2277,22625
2278,22633
2279,22633
2280,22633
2281,22633
2282,22633
2283,22633
2284,22664
2285,22684
2286,22696
2287,22706
2288,22714
2289,22714
2290,22714
2291,22714
2292,22714
2293,22714
2294,22745
2295,22765
2296,22777
2297,22787
2298,22795
2299,22795
2300,22795
2301,22795
2302,22795
2303,22795
2304,22826
2305,22846
2306,22858
2307,22868
2308,22876
2309,22876
2310,22876
2311,22876
2312,22876
2313,22876
2314,22907
2315,22927
2316,22939
2317,22949
2318,22958
2319,22958
2320,22958
2321,22958
2322,22958
2323,22958
2324,22989
2325,23009
2326,23021
2327,23031
2328,23040
2329,23040
2330,23040
2331,23040
2332,23040
2333,23040
2334,23071
2335,23091
2336,23103
2337,23113
2338,23121
2339,23121
2340,23121
2341,23121
2342,23121
2343,23121
2344,23152
2345,23172
2346,23184
2347,23195
2348,23203
2349,23203
2350,23203
2351,23203
2352,23203
2353,23203
2354,23235
2355,23255
2356,23267
2357,23278
2358,23285
2359,23285
2360,23285
2361,23285
2362,23285
2363,23285
2364,23316
2365,23336
2366,23348
2367,23359
2368,23367
2369,23367
2370,23367
2371,23367
2372,23367
2373,23367
2374,23398
2375,23418
2376,23430
2377,23441
2378,23449
2379,23449
2380,23449
2381,23449
2382,23449
2383,23449
2384,23481
2385,23501
2386,23513
2387,23524
2388,23530
2389,23530
2390,23530
2391,23530
2392,23530
2393,23530
2394,23562
2395,23582
2396,23594
2397,23605
2398,23611
2399,23611
2400,23611
2401,23611
2402,23611
2403,23611
2404,23643
2405,23663
2406,23675
2407,23686
2408,23693
2409,23693
2410,23693
2411,23693
2412,23693
2413,23693
2414,23725
2415,23745
2416,23757
2417,23768
2418,23774
2419,23774
2420,23774
2421,23774
2422,23774
2423,23774
2424,23806
2425,23826
2426,23838
2427,23849
2428,23856
2429,23856
2430,23856
2431,23856
2432,23856
2433,23856
2434,23888
2435,23908
2436,23920
2437,23931
2438,23938
2439,23938
2440,23938
2441,23938
2442,23938
2443,23938
2444,23970
2445,23990
2446,24002
2447,24013
2448,24019
2449,24019
2450,24019
2451,24019
2452,24019
2453,24019
2454,24051
2455,24071
2456,24083
2457,24094
2458,24100
2459,24100
2460,24100
2461,24100
2462,24100
2463,24100
2464,24132
2465,24152
2466,24164
2467,24175
2468,24181
2469,24181
2470,24181
2471,24181
2472,24181
2473,24181
2474,24213
2475,24233
2476,24246
2477,24257
2478,24263
2479,24263
2480,24263
2481,24263
2482,24263
2483,24263
2484,24295
2485,24315
2486,24327
2487,24338
2488,24344
2489,24344
2490,24344
2491,24344
2492,24344
2493,24344
2494,24376
2495,24396
2496,24409
2497,24420
2498,24426
2499,24426
2500,24426
2501,24426
2502,24426
2503,24426
2504,24459
2505,24479
2506,24491
2507,24502
2508,24507
2509,24507
2510,24507
2511,24507
2512,24507
2513,24507
2514,24539
2515,24559
2516,24571
2517,24582
2518,24588
2519,24588
2520,24588
2521,24588
2522,24588
2523,24588
2524,24620
2525,24640
2526,24652
2527,24663
2528,24670
2529,24670
2530,24670
2531,24670
2532,24670
2533,24670
2534,24702
2535,24722
2536,24734
2537,24745
2538,24751
2539,24751
2540,24751
2541,24751
2542,24751
2543,24751
2544,24783
2545,24803
2546,24815
2547,24826
2548,24832
2549,24832
2550,24832
2551,24832
2552,24832
2553,24832
2554,24865
2555,24885
2556,24897
2557,24908
2558,24913
2559,24913
2560,24913
2561,24913
2562,24913
2563,24913
2564,24946
2565,24966
2566,24978
2567,24989
2568,24994
2569,24994
2570,24994
2571,24994
2572,24994
2573,24994
2574,25027
2575,25047
2576,25059
2577,25070
2578,25075
2579,25075
2580,25075
2581,25075
2582,25075
2583,25075
2584,25108
2585,25128
2586,25140
2587,25151
2588,25157
2589,25157
2590,25157
2591,25157
2592,25157
2593,25157
2594,25190
2595,25210
2596,25223
2597,25234
2598,25238
2599,25238
2600,25238
2601,25238
2602,25238
2603,25238
2604,25271
2605,25291
2606,25303
2607,25314
2608,25320
2609,25320
2610,25320
2611,25320
2612,25320
2613,25320
2614,25354
2615,25374
2616,25386
2617,25397
2618,25402
2619,25402
2620,25402
2621,25402
2622,25402
2623,25402
2624,25435
2625,25455
2626,25467
2627,25478
2628,25484
2629,25484
2630,25484
2631,25484
2632,25484
2633,25484
2634,25518
2635,25538
2636,25550
2637,25561
2638,25565
2639,25565
2640,25565
2641,25565
2642,25565
2643,25565
2644,25598
2645,25618
2646,25630
2647,25641
2648,25646
2649,25646
2650,25646
2651,25646
2652,25646
2653,25646
2654,25679
2655,25699
2656,25711
2657,25722
2658,25727
2659,25727
2660,25727
2661,25727
2662,25727
2663,25727
2664,25761
2665,25781
2666,25793
2667,25804
2668,25808
2669,25808
2670,25808
2671,25808
2672,25808
2673,25808
2674,25842
2675,25862
2676,25874
2677,25885
2678,25890
2679,25890
2680,25890
2681,25890
2682,25890
2683,25890
2684,25923
2685,25943
2686,25955
2687,25966
2688,25971
2689,25971
2690,25971
2691,25971
2692,25971
2693,25971
2694,26005
2695,26025
2696,26037
2697,26048
2698,26052
2699,26052
2700,26052
2701,26052
2702,26052
2703,26052
2704,26085
2705,26105
2706,26118
2707,26130
2708,26133
2709,26133
2710,26133
2711,26133
2712,26133
2713,26133
2714,26167
2715,26187
2716,26199
2717,26211
2718,26214
2719,26214
2720,26214
2721,26214
2722,26214
2723,26214
2724,26248
2725,26268
2726,26280
2727,26291
2728,26295
2729,26295
2730,26295
2731,26295
2732,26295
2733,26295
2734,26329
2735,26349
2736,26361
2737,26373
2738,26377
2739,26377
2740,26377
2741,26377
2742,26377
2743,26377
2744,26411
2745,26431
2746,26443
2747,26455
2748,26458
2749,26458
2750,26458
2751,26458
2752,26458
2753,26458
2754,26492
2755,26512
2756,26525
2757,26537
2758,26540
2759,26540
2760,26540
2761,26540
2762,26540
2763,26540
2764,26574
2765,26594
2766,26606
2767,26618
2768,26621
2769,26621
2770,26621
2771,26621
2772,26621
2773,26621
2774,26655
2775,26675
2776,26688
2777,26700
2778,26703
2779,26703
2780,26703
2781,26703
2782,26703
2783,26703
2784,26737
2785,26757
2786,26770
2787,26782
2788,26785
2789,26785
2790,26785
2791,26785
2792,26785
2793,26785
2794,26820
2795,26840
2796,26852
2797,26864
2798,26867
2799,26867
2800,26867
2801,26867
2802,26867
2803,26867
2804,26901
2805,26921
2806,26933
2807,26944
2808,26949
2809,26949
2810,26949
2811,26949
2812,26949
2813,26949
2814,26983
2815,27003
2816,27015
2817,27026
2818,27031
2819,27031
2820,27031
2821,27031
2822,27031
2823,27031
2824,27065
2825,27085
2826,27097
2827,27108
2828,27113
2829,27113
2830,27113
2831,27113
2832,27113
2833,27113
2834,27146
2835,27166
2836,27178
2837,27189
2838,27195
2839,27195
2840,27195
2841,27195
2842,27195
2843,27195
2844,27228
2845,27248
2846,27260
2847,27271
2848,27276
2849,27276
2850,27276
2851,27276
2852,27276
2853,27276
2854,27309
2855,27329
2856,27341
2857,27352
2858,27358
2859,27358
2860,27358
2861,27358
2862,27358
2863,27358
2864,27390
2865,27410
2866,27422
2867,27433
2868,27440
2869,27440
2870,27440
2871,27440
2872,27440
2873,27440
2874,27473
2875,27493
2876,27505
2877,27516
2878,27521
2879,27521
2880,27521
2881,27521
2882,27521
2883,27521
2884,27553
2885,27573
2886,27586
2887,27597
2888,27603
2889,27603
2890,27603
2891,27603
2892,27603
2893,27603
2894,27635
2895,27655
2896,27667
2897,27678
2898,27684
2899,27684
2900,27684
2901,27684
2902,27684
2903,27684
2904,27716
2905,27736
2906,27748
2907,27759
2908,27766
2909,27766
2910,27766
2911,27766
2912,27766
2913,27766
2914,27797
2915,27817
2916,27829
2917,27839
2918,27847
2919,27847
2920,27847
2921,27847
2922,27847
2923,27847
2924,27878
2925,27898
2926,27910
2927,27920
2928,27929
2929,27929
2930,27929
2931,27929
2932,27929
2933,27929
2934,27960
2935,27980
2936,27992
2937,28002
2938,28011
2939,28011
2940,28011
2941,28011
2942,28011
2943,28011
2944,28042
2945,28062
2946,28074
2947,28084
2948,28093
2949,28093
2950,28093
2951,28093
2952,28093
2953,28093
2954,28124
2955,28144
2956,28156
2957,28166
2958,28174
2959,28174
2960,28174
2961,28174
2962,28174
2963,28174
2964,28205
2965,28224
2966,28236
2967,28246
2968,28256
2969,28256
2970,28256
2971,28256
2972,28256
2973,28256
2974,28287
2975,28306
2976,28318
2977,28328
2978,28338
2979,28338
2980,28338
2981,28338
2982,28338
2983,28338
2984,28368
2985,28388
2986,28400
2987,28410
2988,28420
2989,28420
2990,28420
2991,28420
2992,28420
2993,28420
2994,28451
2995,28471
2996,28483
2997,28493
2998,28502
2999,28502
3000,28502
3001,28502
3002,28502
3003,28502
3004,28532
3005,28552
3006,28564
3007,28574
3008,28584
3009,28584
3010,28584
3011,28584
3012,28584
3013,28584
3014,28614
3015,28633
3016,28646
3017,28656
3018,28666
3019,28666
3020,28666
3021,28666
3022,28666
3023,28666
3024,28696
3025,28715
3026,28727
3027,28737
3028,28747
3029,28748
3030,28748
3031,28748
3032,28748
3033,28748
3034,28778
3035,28797
3036,28810
3037,28820
3038,28830
3039,28830
3040,28830
3041,28830
3042,28830
3043,28830
3044,28860
3045,28879
3046,28891
3047,28901
3048,28911
3049,28912
3050,28912
3051,28912
3052,28912
3053,28912
3054,28912
3055,28912
3056,28912
3057,28912
3058,28912
3059,28912
3060,28912
3061,28912
3062,28912
3063,28912
3064,28912
3065,28912
3066,28912
3067,28912
3068,28912
3069,28912
3070,28912
3071,28912
3072,28912
3073,28912
3074,28912
3075,28912
3076,28912
3077,28912
3078,28912
3079,28912
3080,28912
3081,28912
3082,28912
3083,28912
3084,28912
3085,28912
3086,28912
3087,28912
3088,28912
3089,28912
3090,28912
3091,28912
3092,28912
3093,28912
3094,28912
3095,28912
3096,28912
3097,28912
3098,28912
3099,28912
3100,28912
3101,28912
3102,28912
3103,28912
3104,28912
3105,28912
3106,28912
3107,28912
3108,28912
3109,28912
3110,28912
3111,28912
3112,28912
3113,28912
3114,28912
3115,28912
3116,28912
3117,28912
3118,28912
3119,28912
3120,28912
3121,28912
3122,28912
3123,28912
3124,28912
3125,28912
3126,28912
3127,28912
3128,28912
3129,28912
3130,28912
3131,28912
3132,28912
3133,28912
3134,28912
3135,28912
3136,28912
3137,28912
3138,28912
3139,28912
3140,28912
3141,28912
3142,28912
3143,28912
3144,28912
3145,28912
3146,28912
3147,28912
3148,28912
3149,28912
3150,28912
3151,28912
3152,28912
3153,28912
3154,28912
3155,28912
3156,28912
3157,28912
3158,28912
3159,28912
3160,28912
3161,28912
3162,28912
3163,28912
3164,28912
3165,28912
3166,28912
3167,28912
3168,28912
3169,28912
3170,28912
3171,28912
3172,28912
3173,28912
3174,28912
3175,28912
3176,28912
3177,28912
3178,28912
3179,28912
3180,28912
3181,28912
3182,28912
3183,28912
3184,28912
3185,28912
3186,28912
3187,28912
3188,28912
3189,28912
3190,28912
3191,28912
3192,28912
3193,28912
3194,28912
3195,28912
3196,28912
3197,28912
3198,28912
3199,28912
3200,28912
3201,28912
3202,28912
3203,28912
3204,28912
3205,28912
3206,28912
3207,28912
3208,28912
3209,28912
3210,28912
3211,28912
3212,28912
3213,28912
3214,28912
3215,28912
3216,28912
3217,28912
3218,28912
3219,28912
3220,28912
3221,28912
3222,28912
3223,28912
3224,28912
3225,28912
3226,28912
3227,28912
3228,28912
3229,28912
3230,28912
3231,28912
3232,28912
3233,28912
3234,28912
3235,28912
3236,28912
3237,28912
3238,28912
3239,28912
3240,28912
3241,28912
3242,28912
3243,28912
3244,28912
3245,28912
3246,28912
3247,28912
3248,28912
3249,28912
3250,28912
3251,28912
3252,28912
3253,28912
3254,28912
3255,28912
3256,28912
3257,28912
3258,28912
3259,28912
3260,28912
3261,28912
3262,28912
3263,28912
3264,28912
3265,28912
3266,28912
3267,28912
3268,28912
3269,28912
3270,28912
3271,28912
3272,28912
3273,28912
3274,28912
3275,28912
3276,28912
3277,28912
3278,28912
3279,28912
3280,28912
3281,28912
3282,28912
3283,28912
3284,28912
3285,28912
3286,28912
3287,28912
3288,28912
3289,28912
3290,28912
3291,28912
3292,28912
3293,28912
3294,28912
3295,28912
3296,28912
3297,28912
3298,28912
3299,28912
3300,28912
3301,28912
3302,28912
3303,28912
3304,28912
3305,28912
3306,28912
3307,28912
3308,28912
3309,28912
3310,28912
3311,28912
3312,28912
3313,28912
3314,28912
3315,28912
3316,28912
3317,28912
3318,28912
3319,28912
3320,28912
3321,28912
3322,28912
3323,28912
3324,28912
3325,28912
3326,28912
3327,28912
3328,28912
3329,28912
3330,28912
3331,28912
3332,28912
3333,28912
3334,28912
3335,28912
3336,28912
3337,28912
3338,28912
3339,28912
3340,28912
3341,28912
3342,28912
3343,28912
3344,28912
3345,28912
3346,28912
3347,28912
3348,28912
3349,28912
3350,28912
3351,28912
3352,28912
3353,28912
3354,28912
3355,28912
3356,28912
3357,28912
3358,28912
3359,28912
3360,28912
3361,28912
3362,28912
3363,28912
3364,28912
3365,28912
3366,28912
3367,28912
3368,28912
3369,28912
3370,28912
3371,28912
3372,28912
3373,28912
3374,28912
3375,28912
3376,28912
3377,28912
3378,28912
3379,28912
3380,28912
3381,28912
3382,28912
3383,28912
3384,28912
3385,28912
3386,28912
3387,28912
3388,28912
3389,28912
3390,28912
3391,28912
3392,28912
3393,28912
3394,28912
3395,28912
3396,28912
3397,28912
3398,28912
3399,28912
3400,28912
3401,28912
3402,28912
3403,28912
3404,28912
3405,28912
3406,28912
3407,28912
3408,28912
3409,28912
3410,28912
3411,28912
3412,28912
3413,28912
3414,28912
3415,28912
3416,28912
3417,28912
3418,28912
3419,28912
3420,28912
3421,28912
3422,28912
3423,28912
3424,28912
3425,28912
3426,28912
3427,28912
3428,28912
3429,28912
3430,28912
3431,28912
3432,28912
3433,28912
3434,28912
3435,28912
3436,28912
3437,28912
3438,28912
3439,28912
3440,28912
3441,28912
3442,28912
3443,28912
3444,28912
3445,28912
3446,28912
3447,28912
3448,28912
3449,28912
3450,28912
3451,28912
3452,28912
3453,28912
3454,28912
3455,28912
3456,28912
3457,28912
3458,28912
3459,28912
3460,28912
3461,28912
3462,28912
3463,28912
3464,28912
3465,28912
3466,28912
3467,28912
3468,28912
3469,28912
3470,28912
3471,28912
3472,28912
3473,28912
3474,28912
3475,28912
3476,28912
3477,28912
3478,28912
3479,28912
3480,28912
3481,28912
3482,28912
3483,28912
3484,28912
3485,28912
3486,28912
3487,28912
3488,28912
3489,28912
3490,28912
3491,28912
3492,28912
3493,28912
3494,28912
3495,28912
3496,28912
3497,28912
3498,28912
3499,28912
3500,28912
3501,28912
3502,28912
3503,28912
3504,28912
3505,28912
3506,28912
3507,28912
3508,28912
3509,28912
3510,28912
3511,28912
3512,28912
3513,28912
3514,28912
3515,28912
3516,28912
3517,28912
3518,28912
3519,28912
3520,28912
3521,28912
3522,28912
3523,28912
3524,28912
3525,28912
3526,28912
3527,28912
3528,28912
3529,28912
3530,28912
3531,28912
3532,28912
3533,28912
3534,28912
3535,28912
3536,28912
3537,28912
3538,28912
3539,28912
3540,28912
3541,28912
3542,28912
3543,28912
3544,28912
3545,28912
3546,28912
3547,28912
3548,28912
3549,28912
3550,28912
3551,28912
3552,28912
3553,28912
3554,28912
3555,28912
3556,28912
3557,28912
3558,28912
3559,28912
3560,28912
3561,28912
3562,28912
3563,28912
3564,28912
3565,28912
3566,28912
3567,28912
3568,28912
3569,28912
3570,28912
3571,28912
3572,28912
3573,28912
3574,28912
3575,28912
3576,28912
3577,28912
3578,28912
3579,28912
3580,28912
3581,28912
3582,28912
3583,28912
3584,28912
3585,28912
3586,28912
3587,28912
3588,28912
3589,28912
3590,28912
3591,28912
3592,28912
3593,28912
3594,28912
3595,28912
3596,28912
3597,28912
3598,28912
3599,28912
3600,28912
3601,28912
3602,28912
3603,28912
3604,28912
3605,28912
3606,28912
3607,28912
3608,28912
3609,28912
3610,28912
3611,28912
3612,28912
3613,28912
3614,28912
3615,28912
3616,28912
3617,28912
3618,28912
3619,28912
3620,28912
3621,28912
3622,28912
3623,28912
3624,28912
3625,28912
3626,28912
3627,28912
3628,28912
3629,28912
3630,28912
3631,28912
3632,28912
3633,28912
3634,28912
3635,28912
3636,28912
3637,28912
3638,28912
3639,28912
3640,28912
3641,28912
3642,28912
3643,28912
3644,28912
3645,28912
3646,28912
3647,28912
3648,28912
3649,28912
3650,28912
3651,28912
3652,28912
3653,28912
3654,28912
3655,28912
3656,28912
3657,28912
3658,28912
3659,28912
3660,28912
3661,28912
3662,28912
3663,28912
3664,28912
3665,28912
3666,28912
3667,28912
3668,28912
3669,28912
3670,28912
3671,28912
3672,28912
3673,28912
3674,28912
3675,28912
3676,28912
3677,28912
3678,28912
3679,28912
3680,28912
3681,28912
3682,28912
3683,28912
3684,28912
3685,28912
3686,28912
3687,28912
3688,28912
3689,28912
3690,28912
3691,28912
3692,28912
3693,28912
3694,28912
3695,28912
3696,28912
3697,28912
3698,28912
3699,28912
3700,28912
3701,28912
3702,28912
3703,28912
3704,28912
3705,28912
3706,28912
3707,28912
3708,28912
3709,28912
3710,28912
3711,28912
3712,28912
3713,28912
3714,28912
3715,28912
3716,28912
3717,28912
3718,28912
3719,28912
3720,28912
3721,28912
3722,28912
3723,28912
3724,28912
3725,28912
3726,28912
3727,28912
3728,28912
3729,28912
3730,28912
3731,28912
3732,28912
3733,28912
3734,28912
3735,28912
3736,28912
3737,28912
3738,28912
3739,28912
3740,28912
3741,28912
3742,28912
3743,28912
3744,28912
3745,28912
3746,28912
3747,28912
3748,28912
3749,28912
3750,28912
3751,28912
3752,28912
3753,28912
3754,28912
3755,28912
3756,28912
3757,28912
3758,28912
3759,28912
3760,28912
3761,28912
3762,28912
3763,28912
3764,28912
3765,28912
3766,28912
3767,28912
3768,28912
3769,28912
3770,28912
3771,28912
3772,28912
3773,28912
3774,28912
3775,28912
3776,28912
3777,28912
3778,28912
3779,28912
3780,28912
3781,28912
3782,28912
3783,28912
3784,28912
3785,28912
3786,28912
3787,28912
3788,28912
3789,28912
3790,28912
3791,28912
3792,28912
3793,28912
3794,28912
3795,28912
3796,28912
3797,28912
3798,28912
3799,28912
3800,28912
3801,28912
3802,28912
3803,28912
3804,28912
3805,28912
3806,28912
3807,28912
3808,28912
3809,28912
3810,28912
3811,28912
3812,28912
3813,28912
3814,28912
3815,28912
3816,28912
3817,28912
3818,28912
3819,28912
3820,28912
3821,28912
3822,28912
3823,28912
3824,28912
3825,28912
3826,28912
3827,28912
3828,28912
3829,28912
3830,28912
3831,28912
3832,28912
3833,28912
3834,28912
3835,28912
3836,28912
3837,28912
3838,28912
3839,28912
3840,28912
3841,28912
3842,28912
3843,28912
3844,28912
3845,28912
3846,28912
3847,28912
3848,28912
3849,28912
3850,28912
3851,28912
3852,28912
3853,28912
3854,28912
3855,28912
3856,28912
3857,28912
3858,28912
3859,28912
3860,28912
3861,28912
3862,28912
3863,28912
3864,28912
3865,28912
3866,28912
3867,28912
3868,28912
3869,28912
3870,28912
3871,28912
3872,28912
3873,28912
3874,28912
3875,28912
3876,28912
3877,28912
3878,28912
3879,28912
3880,28912
3881,28912
3882,28912
3883,28912
3884,28912
3885,28912
3886,28912
3887,28912
3888,28912
3889,28912
3890,28912
3891,28912
3892,28912
3893,28912
3894,28912
3895,28912
3896,28912
3897,28912
3898,28912
3899,28912
3900,28912
3901,28912
3902,28912
3903,28912
3904,28912
3905,28912
3906,28912
3907,28912
3908,28912
3909,28912
3910,28912
3911,28912
3912,28912
3913,28912
3914,28912
3915,28912
3916,28912
3917,28912
3918,28912
3919,28912
3920,28912
3921,28912
3922,28912
3923,28912
3924,28912
3925,28912
3926,28912
3927,28912
3928,28912
3929,28912
3930,28912
3931,28912
3932,28912
3933,28912
3934,28912
3935,28912
3936,28912
3937,28912
3938,28912
3939,28912
3940,28912
3941,28912
3942,28912
3943,28912
3944,28912
3945,28912
3946,28912
3947,28912
3948,28912
3949,28912
3950,28912
3951,28912
3952,28912
3953,28912
3954,28912
3955,28912
3956,28912
3957,28912
3958,28912
3959,28912
3960,28912
3961,28912
3962,28912
3963,28912
3964,28912
3965,28912
3966,28912
3967,28912
3968,28912
3969,28912
3970,28912
3971,28912
3972,28912
3973,28912
3974,28912
3975,28912
3976,28912
3977,28912
3978,28912
3979,28912
3980,28912
3981,28912
3982,28912
3983,28912
3984,28912
3985,28912
3986,28912
3987,28912
3988,28912
3989,28912
3990,28912
3991,28912
3992,28912
3993,28912
3994,28912
3995,28912
3996,28912
3997,28912
3998,28912
3999,28912
4000,28912
4001,28912
4002,28912
4003,28912
4004,28912
4005,28912
4006,28912
4007,28912
4008,28912
4009,28912
4010,28912
4011,28912
4012,28912
4013,28912
4014,28912
4015,28912
4016,28912
4017,28912
4018,28912
4019,28912
4020,28912
4021,28912
4022,28912
4023,28912
4024,28912
4025,28912
4026,28912
4027,28912
4028,28912
4029,28912
4030,28912
4031,28912
4032,28912
4033,28912
4034,28912
4035,28912
4036,28912
4037,28912
4038,28912
4039,28912
4040,28912
4041,28912
4042,28912
4043,28912
4044,28912
4045,28912
4046,28912
4047,28912
4048,28912
4049,28912
4050,28912
4051,28912
4052,28912
4053,28912
4054,28912
4055,28912
4056,28912
4057,28912
4058,28912
4059,28912
4060,28912
4061,28912
4062,28912
4063,28912
4064,28912
4065,28912
4066,28912
4067,28912
4068,28912
4069,28912
4070,28912
4071,28912
4072,28912
4073,28912
4074,28912
4075,28912
4076,28912
4077,28912
4078,28912
4079,28912
4080,28912
4081,28912
4082,28912
4083,28912
4084,28912
4085,28912
4086,28912
4087,28912
4088,28912
4089,28912
4090,28912
4091,28912
4092,28912
4093,28912
4094,28912
4095,28912
4096,28912
4097,28912
4098,28912
4099,28912
4100,28912
4101,28912
4102,28912
4103,28912
4104,28912
4105,28912
4106,28912
4107,28912
4108,28912
4109,28912
4110,28912
4111,28912
4112,28912
4113,28912
4114,28912
4115,28912
4116,28912
4117,28912
4118,28912
4119,28912
4120,28912
4121,28912
4122,28912
4123,28912
4124,28912
4125,28912
4126,28912
4127,28912
4128,28912
4129,28912
4130,28912
4131,28912
4132,28912
4133,28912
4134,28912
4135,28912
4136,28912
4137,28912
4138,28912
4139,28912
4140,28912
4141,28912
4142,28912
4143,28912
4144,28912
4145,28912
4146,28912
4147,28912
4148,28912
4149,28912
4150,28912
4151,28912
4152,28912
4153,28912
4154,28912
4155,28912
4156,28912
4157,28912
4158,28912
4159,28912
4160,28912
4161,28912
4162,28912
4163,28912
4164,28912
4165,28912
4166,28912
4167,28912
4168,28912
4169,28912
4170,28912
4171,28912
4172,28912
4173,28912
4174,28912
4175,28912
4176,28912
4177,28912
4178,28912
4179,28912
4180,28912
4181,28912
4182,28912
4183,28912
4184,28912
4185,28912
4186,28912
4187,28912
4188,28912
4189,28912
4190,28912
4191,28912
4192,28912
4193,28912
4194,28912
4195,28912
4196,28912
4197,28912
4198,28912
4199,28912
4200,28912
4201,28912
4202,28912
4203,28912
4204,28912
4205,28912
4206,28912
4207,28912
4208,28912
4209,28912
4210,28912
4211,28912
4212,28912
4213,28912
4214,28912
4215,28912
4216,28912
4217,28912
4218,28912
4219,28912
4220,28912
4221,28912
4222,28912
4223,28912
4224,28912
4225,28912
4226,28912
4227,28912
4228,28912
4229,28912
4230,28912
4231,28912
4232,28912
4233,28912
4234,28912
4235,28912
4236,28912
4237,28912
4238,28912
4239,28912
4240,28912
4241,28912
4242,28912
4243,28912
4244,28912
4245,28912
4246,28912
4247,28912
4248,28912
4249,28912
4250,28912
4251,28912
4252,28912
4253,28912
4254,28912
4255,28912
4256,28912
4257,28912
4258,28912
4259,28912
4260,28912
4261,28912
4262,28912
4263,28912
4264,28912
4265,28912
4266,28912
4267,28912
4268,28912
4269,28912
4270,28912
4271,28912
4272,28912
4273,28912
4274,28912
4275,28912
4276,28912
4277,28912
4278,28912
4279,28912
4280,28912
4281,28912
4282,28912
4283,28912
4284,28912
4285,28912
4286,28912
4287,28912
4288,28912
4289,28912
4290,28912
4291,28912
4292,28912
4293,28912
4294,28912
4295,28912
4296,28912
4297,28912
4298,28912
4299,28912
4300,28912
4301,28912
4302,28912
4303,28912
4304,28912
4305,28912
4306,28912
4307,28912
4308,28912
4309,28912
4310,28912
4311,28912
4312,28912
4313,28912
4314,28912
4315,28912
4316,28912
4317,28912
4318,28912
4319,28912
4320,28912
4321,28912
4322,28912
4323,28912
4324,28912
4325,28912
4326,28912
4327,28912
4328,28912
4329,28912
4330,28912
4331,28912
4332,28912
4333,28912
4334,28912
4335,28912
4336,28912
4337,28912
4338,28912
4339,28912
4340,28912
4341,28912
4342,28912
4343,28912
4344,28912
4345,28912
4346,28912
4347,28912
4348,28912
4349,28912
4350,28912
4351,28912
4352,28912
4353,28912
4354,28912
4355,28912
4356,28912
4357,28912
4358,28912
4359,28912
4360,28912
4361,28912
4362,28912
4363,28912
4364,28912
4365,28912
4366,28912
4367,28912
4368,28912
4369,28912
4370,28912
4371,28912
4372,28912
4373,28912
4374,28912
4375,28912
4376,28912
4377,28912
4378,28912
4379,28912
4380,28912
4381,28912
4382,28912
4383,28912
4384,28912
4385,28912
4386,28912
4387,28912
4388,28912
4389,28912
4390,28912
4391,28912
4392,28912
4393,28912
4394,28912
4395,28912
4396,28912
4397,28912
4398,28912
4399,28912
4400,28912
4401,28912
4402,28912
4403,28912
4404,28912
4405,28912
4406,28912
4407,28912
4408,28912
4409,28912
4410,28912
4411,28912
4412,28912
4413,28912
4414,28912
4415,28912
4416,28912
4417,28912
4418,28912
4419,28912
4420,28912
4421,28912
4422,28912
4423,28912
4424,28912
4425,28912
4426,28912
4427,28912
4428,28912
4429,28912
4430,28912
4431,28912
4432,28912
4433,28912
4434,28912
4435,28912
4436,28912
4437,28912
4438,28912
4439,28912
4440,28912
4441,28912
4442,28912
4443,28912
4444,28912
4445,28912
4446,28912
4447,28912
4448,28912
4449,28912
4450,28912
4451,28912
4452,28912
4453,28912
4454,28912
4455,28912
4456,28912
4457,28912
4458,28912
4459,28912
4460,28912
4461,28912
4462,28912
4463,28912
4464,28912
4465,28912
4466,28912
4467,28912
4468,28912
4469,28912
4470,28912
4471,28912
4472,28912
4473,28912
4474,28912
4475,28912
4476,28912
4477,28912
4478,28912
4479,28912
4480,28912
4481,28912
4482,28912
4483,28912
4484,28912
4485,28912
4486,28912
4487,28912
4488,28912
4489,28912
4490,28912
4491,28912
4492,28912
4493,28912
4494,28912
4495,28912
4496,28912
4497,28912
4498,28912
4499,28912
4500,28912
4501,28912
4502,28912
4503,28912
4504,28912
4505,28912
4506,28912
4507,28912
4508,28912
4509,28912
4510,28912
4511,28912
4512,28912
4513,28912
4514,28912
4515,28912
4516,28912
4517,28912
4518,28912
4519,28912
4520,28912
4521,28912
4522,28912
4523,28912
4524,28912
4525,28912
4526,28912
4527,28912
4528,28912
4529,28912
4530,28912
4531,28912
4532,28912
4533,28912
4534,28912
4535,28912
4536,28912
4537,28912
4538,28912
4539,28912
4540,28912
4541,28912
4542,28912
4543,28912
4544,28912
4545,28912
4546,28912
4547,28912
4548,28912
4549,28912
4550,28912
4551,28912
4552,28912
4553,28912
4554,28912
4555,28912
4556,28912
4557,28912
4558,28912
4559,28912
4560,28912
4561,28912
4562,28912
4563,28912
4564,28912
4565,28912
4566,28912
4567,28912
4568,28912
4569,28912
4570,28912
4571,28912
4572,28912
4573,28912
4574,28912
4575,28912
4576,28912
4577,28912
4578,28912
4579,28912
4580,28912
4581,28912
4582,28912
4583,28912
4584,28912
4585,28912
4586,28912
4587,28912
4588,28912
4589,28912
4590,28912
4591,28912
4592,28912
4593,28912
4594,28912
4595,28912
4596,28912
4597,28912
4598,28912
4599,28912
4600,28912
4601,28912
4602,28912
4603,28912
4604,28912
4605,28912
4606,28912
4607,28912
4608,28912
4609,28912
4610,28912
4611,28912
4612,28912
4613,28912
4614,28912
4615,28912
4616,28912
4617,28912
4618,28912
4619,28912
4620,28912
4621,28912
4622,28912
4623,28912
4624,28912
4625,28912
4626,28912
4627,28912
4628,28912
4629,28912
4630,28912
4631,28912
4632,28912
4633,28912
4634,28912
4635,28912
4636,28912
4637,28912
4638,28912
4639,28912
4640,28912
4641,28912
4642,28912
4643,28912
4644,28912
4645,28912
4646,28912
4647,28912
4648,28912
4649,28912
4650,28912
4651,28912
4652,28912
4653,28912
4654,28912
4655,28912
4656,28912
4657,28912
4658,28912
4659,28912
4660,28912
4661,28912
4662,28912
4663,28912
4664,28912
4665,28912
4666,28912
4667,28912
4668,28912
4669,28912
4670,28912
4671,28912
4672,28912
4673,28912
4674,28912
4675,28912
4676,28912
4677,28912
4678,28912
4679,28912
4680,28912
4681,28912
4682,28912
4683,28912
4684,28912
4685,28912
4686,28912
4687,28912
4688,28912
4689,28912
4690,28912
4691,28912
4692,28912
4693,28912
4694,28912
4695,28912
4696,28912
4697,28912
4698,28912
4699,28912
4700,28912
4701,28912
4702,28912
4703,28912
4704,28912
4705,28912
4706,28912
4707,28912
4708,28912
4709,28912
4710,28912
4711,28912
4712,28912
4713,28912
4714,28912
4715,28912
4716,28912
4717,28912
4718,28912
4719,28912
4720,28912
4721,28912
4722,28912
4723,28912
4724,28912
4725,28912
4726,28912
4727,28912
4728,28912
4729,28912
4730,28912
4731,28912
4732,28912
4733,28912
4734,28912
4735,28912
4736,28912
4737,28912
4738,28912
4739,28912
4740,28912
4741,28912
4742,28912
4743,28912
4744,28912
4745,28912
4746,28912
4747,28912
4748,28912
4749,28912
4750,28912
4751,28912
4752,28912
4753,28912
4754,28912
4755,28912
4756,28912
4757,28912
4758,28912
4759,28912
4760,28912
4761,28912
4762,28912
4763,28912
4764,28912
4765,28912
4766,28912
4767,28912
4768,28912
4769,28912
4770,28912
4771,28912
4772,28912
4773,28912
4774,28912
4775,28912
4776,28912
4777,28912
4778,28912
4779,28912
4780,28912
4781,28912
4782,28912
4783,28912
4784,28912
4785,28912
4786,28912
4787,28912
4788,28912
4789,28912
4790,28912
4791,28912
4792,28912
4793,28912
4794,28912
4795,28912
4796,28912
4797,28912
4798,28912
4799,28912
4800,28912
4801,28912
4802,28912
4803,28912
4804,28912
4805,28912
4806,28912
4807,28912
4808,28912
4809,28912
4810,28912
4811,28912
4812,28912
4813,28912
4814,28912
4815,28912
4816,28912
4817,28912
4818,28912
4819,28912
4820,28912
4821,28912
4822,28912
4823,28912
4824,28912
4825,28912
4826,28912
4827,28912
4828,28912
4829,28912
4830,28912
4831,28912
4832,28912
4833,28912
4834,28912
4835,28912
4836,28912
4837,28912
4838,28912
4839,28912
4840,28912
4841,28912
4842,28912
4843,28912
4844,28912
4845,28912
4846,28912
4847,28912
4848,28912
4849,28912
4850,28912
4851,28912
4852,28912
4853,28912
4854,28912
4855,28912
4856,28912
4857,28912
4858,28912
4859,28912
4860,28912
4861,28912
4862,28912
4863,28912
4864,28912
4865,28912
4866,28912
4867,28912
4868,28912
4869,28912
4870,28912
4871,28912
4872,28912
4873,28912
4874,28912
4875,28912
4876,28912
4877,28912
4878,28912
4879,28912
4880,28912
4881,28912
4882,28912
4883,28912
4884,28912
4885,28912
4886,28912
4887,28912
4888,28912
4889,28912
4890,28912
4891,28912
4892,28912
4893,28912
4894,28912
4895,28912
4896,28912
4897,28912
4898,28912
4899,28912
4900,28912
4901,28912
4902,28912
4903,28912
4904,28912
4905,28912
4906,28912
4907,28912
4908,28912
4909,28912
4910,28912
4911,28912
4912,28912
4913,28912
4914,28912
4915,28912
4916,28912
4917,28912
4918,28912
4919,28912
4920,28912
4921,28912
4922,28912
4923,28912
4924,28912
4925,28912
4926,28912
4927,28912
4928,28912
4929,28912
4930,28912
4931,28912
4932,28912
4933,28912
4934,28912
4935,28912
4936,28912
4937,28912
4938,28912
4939,28912
4940,28912
4941,28912
4942,28912
4943,28912
4944,28912
4945,28912
4946,28912
4947,28912
4948,28912
4949,28912
4950,28912
4951,28912
4952,28912
4953,28912
4954,28912
4955,28912
4956,28912
4957,28912
4958,28912
4959,28912
4960,28912
4961,28912
4962,28912
4963,28912
4964,28912
4965,28912
4966,28912
4967,28912
4968,28912
4969,28912
4970,28912
4971,28912
4972,28912
4973,28912
4974,28912
4975,28912
4976,28912
4977,28912
4978,28912
4979,28912
4980,28912
4981,28912
4982,28912
4983,28912
4984,28912
4985,28912
4986,28912
4987,28912
4988,28912
4989,28912
4990,28912
4991,28912
4992,28912
4993,28912
4994,28912
4995,28912
4996,28912
4997,28912
4998,28912
4999,28912
5000,28912
5001,28912
5002,28912
5003,28912
5004,28912
5005,28912
5006,28912
5007,28912
5008,28912
5009,28912
5010,28912
5011,28912
5012,28912
5013,28912
5014,28912
5015,28912
5016,28912
5017,28912
5018,28912
5019,28912
5020,28912
5021,28912
5022,28912
5023,28912
5024,28912
5025,28912
5026,28912
5027,28912
5028,28912
5029,28912
5030,28912
5031,28912
5032,28912
5033,28912
5034,28912
5035,28912
5036,28912
5037,28912
5038,28912
5039,28912
5040,28912
5041,28912
5042,28912
5043,28912
5044,28912
5045,28912
5046,28912
5047,28912
5048,28912
5049,28912
5050,28912
5051,28912
5052,28912
5053,28912
5054,28912
5055,28912
5056,28912
5057,28912
5058,28912
5059,28912
5060,28912
5061,28912
5062,28912
5063,28912
5064,28912
5065,28912
5066,28912
5067,28912
5068,28912
5069,28912
5070,28912
5071,28912
5072,28912
5073,28912
5074,28912
5075,28912
5076,28912
5077,28912
5078,28912
5079,28912
5080,28912
5081,28912
5082,28912
5083,28912
5084,28912
5085,28912
5086,28912
5087,28912
5088,28912
5089,28912
5090,28912
5091,28912
5092,28912
5093,28912
5094,28912
5095,28912
5096,28912
5097,28912
5098,28912
5099,28912
5100,28912
5101,28912
5102,28912
5103,28912
5104,28912
5105,28912
5106,28912
5107,28912
5108,28912
5109,28912
5110,28912
5111,28912
5112,28912
5113,28912
5114,28912
5115,28912
5116,28912
5117,28912
5118,28912
5119,28912
5120,28912
5121,28912
5122,28912
5123,28912
5124,28912
5125,28912
5126,28912
5127,28912
5128,28912
5129,28912
5130,28912
5131,28912
5132,28912
5133,28912
5134,28912
5135,28912
5136,28912
5137,28912
5138,28912
5139,28912
5140,28912
5141,28912
5142,28912
5143,28912
5144,28912
5145,28912
5146,28912
5147,28912
5148,28912
5149,28912
5150,28912
5151,28912
5152,28912
5153,28912
5154,28912
5155,28912
5156,28912
5157,28912
5158,28912
5159,28912
5160,28912
5161,28912
5162,28912
5163,28912
5164,28912
5165,28912
5166,28912
5167,28912
5168,28912
5169,28912
5170,28912
5171,28912
5172,28912
5173,28912
5174,28912
5175,28912
5176,28912
5177,28912
5178,28912
5179,28912
5180,28912
5181,28912
5182,28912
5183,28912
5184,28912
5185,28912
5186,28912
5187,28912
5188,28912
5189,28912
5190,28912
5191,28912
5192,28912
5193,28912
5194,28912
5195,28912
5196,28912
5197,28912
5198,28912
5199,28912
5200,28912
5201,28912
5202,28912
5203,28912
5204,28912
5205,28912
5206,28912
5207,28912
5208,28912
5209,28912
5210,28912
5211,28912
5212,28912
5213,28912
5214,28912
5215,28912
5216,28912
5217,28912
5218,28912
5219,28912
5220,28912
5221,28912
5222,28912
5223,28912
5224,28912
5225,28912
5226,28912
5227,28912
5228,28912
5229,28912
5230,28912
5231,28912
5232,28912
5233,28912
5234,28912
5235,28912
5236,28912
5237,28912
5238,28912
5239,28912
5240,28912
5241,28912
5242,28912
5243,28912
5244,28912
5245,28912
5246,28912
5247,28912
5248,28912
5249,28912
5250,28912
5251,28912
5252,28912
5253,28912
5254,28912
5255,28912
5256,28912
5257,28912
5258,28912
5259,28912
5260,28912
5261,28912
5262,28912
5263,28912
5264,28912
5265,28912
5266,28912
5267,28912
5268,28912
5269,28912
5270,28912
5271,28912
5272,28912
5273,28912
5274,28912
5275,28912
5276,28912
5277,28912
5278,28912
5279,28912
5280,28912
5281,28912
5282,28912
5283,28912
5284,28912
5285,28912
5286,28912
5287,28912
5288,28912
5289,28912
5290,28912
5291,28912
5292,28912
5293,28912
5294,28912
5295,28912
5296,28912
5297,28912
5298,28912
5299,28912
5300,28912
5301,28912
5302,28912
5303,28912
5304,28912
5305,28912
5306,28912
5307,28912
5308,28912
5309,28912
5310,28912
5311,28912
5312,28912
5313,28912
5314,28912
5315,28912
5316,28912
5317,28912
5318,28912
5319,28912
5320,28912
5321,28912
5322,28912
5323,28912
5324,28912
5325,28912
5326,28912
5327,28912
5328,28912
5329,28912
5330,28912
5331,28912
5332,28912
5333,28912
5334,28912
5335,28912
5336,28912
5337,28912
5338,28912
5339,28912
5340,28912
5341,28912
5342,28912
5343,28912
5344,28912
5345,28912
5346,28912
5347,28912
5348,28912
5349,28912
5350,28912
5351,28912
5352,28912
5353,28912
5354,28912
5355,28912
5356,28912
5357,28912
5358,28912
5359,28912
5360,28912
5361,28912
5362,28912
5363,28912
5364,28912
5365,28912
5366,28912
5367,28912
5368,28912
5369,28912
5370,28912
5371,28912
5372,28912
5373,28912
5374,28912
5375,28912
5376,28912
5377,28912
5378,28912
5379,28912
5380,28912
5381,28912
5382,28912
5383,28912
5384,28912
5385,28912
5386,28912
5387,28912
5388,28912
5389,28912
5390,28912
5391,28912
5392,28912
5393,28912
5394,28912
5395,28912
5396,28912
5397,28912
5398,28912
5399,28912
5400,28912
5401,28912
5402,28912
5403,28912
5404,28912
5405,28912
5406,28912
5407,28912
5408,28912
5409,28912
5410,28912
5411,28912
5412,28912
5413,28912
5414,28912
5415,28912
5416,28912
5417,28912
5418,28912
5419,28912
5420,28912
5421,28912
5422,28912
5423,28912
5424,28912
5425,28912
5426,28912
5427,28912
5428,28912
5429,28912
5430,28912
5431,28912
5432,28912
5433,28912
5434,28912
5435,28912
5436,28912
5437,28912
5438,28912
5439,28912
5440,28912
5441,28912
5442,28912
5443,28912
5444,28912
5445,28912
5446,28912
5447,28912
5448,28912
5449,28912
5450,28912
5451,28912
5452,28912
5453,28912
5454,28912
5455,28912
5456,28912
5457,28912
5458,28912
5459,28912
5460,28912
5461,28912
5462,28912
5463,28912
5464,28912
5465,28912
5466,28912
5467,28912
5468,28912
5469,28912
5470,28912
5471,28912
5472,28912
5473,28912
5474,28912
5475,28912
5476,28912
5477,28912
5478,28912
5479,28912
5480,28912
5481,28912
5482,28912
5483,28912
5484,28912
5485,28912
5486,28912
5487,28912
5488,28912
5489,28912
5490,28912
5491,28912
5492,28912
5493,28912
5494,28912
5495,28912
5496,28912
5497,28912
5498,28912
5499,28912
5500,28912
5501,28912
5502,28912
5503,28912
5504,28912
5505,28912
5506,28912
5507,28912
5508,28912
5509,28912
5510,28912
5511,28912
5512,28912
5513,28912
5514,28912
5515,28912
5516,28912
5517,28912
5518,28912
5519,28912
5520,28912
5521,28912
5522,28912
5523,28912
5524,28912
5525,28912
5526,28912
5527,28912
5528,28912
5529,28912
5530,28912
5531,28912
5532,28912
5533,28912
5534,28912
5535,28912
5536,28912
5537,28912
5538,28912
5539,28912
5540,28912
5541,28912
5542,28912
5543,28912
5544,28912
5545,28912
5546,28912
5547,28912
5548,28912
5549,28912
5550,28912
5551,28912
5552,28912
5553,28912
5554,28912
5555,28912
5556,28912
5557,28912
5558,28912
5559,28912
5560,28912
5561,28912
5562,28912
5563,28912
5564,28912
5565,28912
5566,28912
5567,28912
5568,28912
5569,28912
5570,28912
5571,28912
5572,28912
5573,28912
5574,28912
5575,28912
5576,28912
5577,28912
5578,28912
5579,28912
5580,28912
5581,28912
5582,28912
5583,28912
5584,28912
5585,28912
5586,28912
5587,28912
5588,28912
5589,28912
5590,28912
5591,28912
5592,28912
5593,28912
5594,28912
5595,28912
5596,28912
5597,28912
5598,28912
5599,28912
5600,28912
5601,28912
5602,28912
5603,28912
5604,28912
5605,28912
5606,28912
5607,28912
5608,28912
5609,28912
5610,28912
5611,28912
5612,28912
5613,28912
5614,28912
5615,28912
5616,28912
5617,28912
5618,28912
5619,28912
5620,28912
5621,28912
5622,28912
5623,28912
5624,28912
5625,28912
5626,28912
5627,28912
5628,28912
5629,28912
5630,28912
5631,28912
5632,28912
5633,28912
5634,28912
5635,28912
5636,28912
5637,28912
5638,28912
5639,28912
5640,28912
5641,28912
5642,28912
5643,28912
5644,28912
5645,28912
5646,28912
5647,28912
5648,28912
5649,28912
5650,28912
5651,28912
5652,28912
5653,28912
5654,28912
5655,28912
5656,28912
5657,28912
5658,28912
5659,28912
5660,28912
5661,28912
5662,28912
5663,28912
5664,28912
5665,28912
5666,28912
5667,28912
5668,28912
5669,28912
5670,28912
5671,28912
5672,28912
5673,28912
5674,28912
5675,28912
5676,28912
5677,28912
5678,28912
5679,28912
5680,28912
5681,28912
5682,28912
5683,28912
5684,28912
5685,28912
5686,28912
5687,28912
5688,28912
5689,28912
5690,28912
5691,28912
5692,28912
5693,28912
5694,28912
5695,28912
5696,28912
5697,28912
5698,28912
5699,28912
5700,28912
5701,28912
5702,28912
5703,28912
5704,28912
5705,28912
5706,28912
5707,28912
5708,28912
5709,28912
5710,28912
5711,28912
5712,28912
5713,28912
5714,28912
5715,28912
5716,28912
5717,28912
5718,28912
5719,28912
5720,28912
5721,28912
5722,28912
5723,28912
5724,28912
5725,28912
5726,28912
5727,28912
5728,28912
5729,28912
5730,28912
5731,28912
5732,28912
5733,28912
5734,28912
5735,28912
5736,28912
5737,28912
5738,28912
5739,28912
5740,28912
5741,28912
5742,28912
5743,28912
5744,28912
5745,28912
5746,28912
5747,28912
5748,28912
5749,28912
5750,28912
5751,28912
5752,28912
5753,28912
5754,28912
5755,28912
5756,28912
5757,28912
5758,28912
5759,28912
5760,28912
5761,28912
5762,28912
5763,28912
5764,28912
5765,28912
5766,28912
5767,28912
5768,28912
5769,28912
5770,28912
5771,28912
5772,28912
5773,28912
5774,28912
5775,28912
5776,28912
5777,28912
5778,28912
5779,28912
5780,28912
5781,28912
5782,28912
5783,28912
5784,28912
5785,28912
5786,28912
5787,28912
5788,28912
5789,28912
5790,28912
5791,28912
5792,28912
5793,28912
5794,28912
5795,28912
5796,28912
5797,28912
5798,28912
5799,28912
5800,28912
5801,28912
5802,28912
5803,28912
5804,28912
5805,28912
5806,28912
5807,28912
5808,28912
5809,28912
5810,28912
5811,28912
5812,28912
5813,28912
5814,28912
5815,28912
5816,28912
5817,28912
5818,28912
5819,28912
5820,28912
5821,28912
5822,28912
5823,28912
5824,28912
5825,28912
5826,28912
5827,28912
5828,28912
5829,28912
5830,28912
5831,28912
5832,28912
5833,28912
5834,28912
5835,28912
5836,28912
5837,28912
5838,28912
5839,28912
5840,28912
5841,28912
5842,28912
5843,28912
5844,28912
5845,28912
5846,28912
5847,28912
5848,28912
5849,28912
5850,28912
5851,28912
5852,28912
5853,28912
5854,28912
5855,28912
5856,28912
5857,28912
5858,28912
5859,28912
5860,28912
5861,28912
5862,28912
5863,28912
5864,28912
5865,28912
5866,28912
5867,28912
5868,28912
5869,28912
5870,28912
5871,28912
5872,28912
5873,28912
5874,28912
5875,28912
5876,28912
5877,28912
5878,28912
5879,28912
5880,28912
5881,28912
5882,28912
5883,28912
5884,28912
5885,28912
5886,28912
5887,28912
5888,28912
5889,28912
5890,28912
5891,28912
5892,28912
5893,28912
5894,28912
5895,28912
5896,28912
5897,28912
5898,28912
5899,28912
5900,28912
5901,28912
5902,28912
5903,28912
5904,28912
5905,28912
5906,28912
5907,28912
5908,28912
5909,28912
5910,28912
5911,28912
5912,28912
5913,28912
5914,28912
5915,28912
5916,28912
5917,28912
5918,28912
5919,28912
5920,28912
5921,28912
5922,28912
5923,28912
5924,28912
5925,28912
5926,28912
5927,28912
5928,28912
5929,28912
5930,28912
5931,28912
5932,28912
5933,28912
5934,28912
5935,28912
5936,28912
5937,28912
5938,28912
5939,28912
5940,28912
5941,28912
5942,28912
5943,28912
5944,28912
5945,28912
5946,28912
5947,28912
5948,28912
5949,28912
5950,28912
5951,28912
5952,28912
5953,28912
5954,28912
5955,28912
5956,28912
5957,28912
5958,28912
5959,28912
5960,28912
5961,28912
5962,28912
5963,28912
5964,28912
5965,28912
5966,28912
5967,28912
5968,28912
5969,28912
5970,28912
5971,28912
5972,28912
5973,28912
5974,28912
5975,28912
5976,28912
5977,28912
5978,28912
5979,28912
5980,28912
5981,28912
5982,28912
5983,28912
5984,28912
5985,28912
5986,28912
5987,28912
5988,28912
5989,28912
5990,28912
5991,28912
5992,28912
5993,28912
5994,28912
5995,28912
5996,28912
5997,28912
5998,28912
5999,28912
6000,28912
6001,28912
6002,28912
6003,28912
6004,28912
6005,28912
6006,28912
6007,28912
6008,28912
6009,28912
6010,28912
6011,28912
6012,28912
6013,28912
6014,28912
6015,28912
6016,28912
6017,28912
6018,28912
6019,28912
6020,28912
6021,28912
6022,28912
6023,28912
6024,28912
6025,28912
6026,28912
6027,28912
6028,28912
6029,28912
6030,28912
6031,28912
6032,28912
6033,28912
6034,28912
6035,28912
6036,28912
6037,28912
6038,28912
6039,28912
6040,28912
6041,28912
6042,28912
6043,28912
6044,28912
6045,28912
6046,28912
6047,28912
6048,28912
6049,28912
6050,28912
6051,28912
6052,28912
6053,28912
6054,28912
6055,28912
6056,28912
6057,28912
6058,28912
6059,28912
6060,28912
6061,28912
6062,28912
6063,28912
6064,28912
6065,28912
6066,28912
6067,28912
6068,28912
6069,28912
6070,28912
6071,28912
6072,28912
6073,28912
6074,28912
6075,28912
6076,28912
6077,28912
6078,28912
6079,28912
6080,28912
6081,28912
6082,28912
6083,28912
6084,28912
6085,28912
6086,28912
6087,28912
6088,28912
6089,28912
6090,28912
6091,28912
6092,28912
6093,28912
6094,28912
6095,28912
6096,28912
6097,28912
6098,28912
6099,28912
6100,28912
6101,28912
6102,28912
6103,28912
6104,28912
6105,28912
6106,28912
6107,28912
6108,28912
6109,28912
6110,28912
6111,28912
6112,28912
6113,28912
6114,28912
6115,28912
6116,28912
6117,28912
6118,28912
6119,28912
6120,28912
6121,28912
6122,28912
6123,28912
6124,28912
6125,28912
6126,28912
6127,28912
6128,28912
6129,28912
6130,28912
6131,28912
6132,28912
6133,28912
6134,28912
6135,28912
6136,28912
6137,28912
6138,28912
6139,28912
6140,28912
6141,28912
6142,28912
6143,28912
6144,28912
6145,28912
6146,28912
6147,28912
6148,28912
6149,28912
6150,28912
6151,28912
6152,28912
6153,28912
6154,28912
6155,28912
6156,28912
6157,28912
6158,28912
6159,28912
6160,28912
6161,28912
6162,28912
6163,28912
6164,28912
6165,28912
6166,28912
6167,28912
6168,28912
6169,28912
6170,28912
6171,28912
6172,28912
6173,28912
6174,28912
6175,28912
6176,28912
6177,28912
6178,28912
6179,28912
6180,28912
6181,28912
6182,28912
6183,28912
6184,28912
6185,28912
6186,28912
6187,28912
6188,28912
6189,28912
6190,28912
6191,28912
6192,28912
6193,28912
6194,28912
6195,28912
6196,28912
6197,28912
6198,28912
6199,28912
6200,28912
6201,28912
6202,28912
6203,28912
6204,28912
6205,28912
6206,28912
6207,28912
6208,28912
6209,28912
6210,28912
6211,28912
6212,28912
6213,28912
6214,28912
6215,28912
6216,28912
6217,28912
6218,28912
6219,28912
6220,28912
6221,28912
6222,28912
6223,28912
6224,28912
6225,28912
6226,28912
6227,28912
6228,28912
6229,28912
6230,28912
6231,28912
6232,28912
6233,28912
6234,28912
6235,28912
6236,28912
6237,28912
6238,28912
6239,28912
6240,28912
6241,28912
6242,28912
6243,28912
6244,28912
6245,28912
6246,28912
6247,28912
6248,28912
6249,28912
6250,28912
6251,28912
6252,28912
6253,28912
6254,28912
6255,28912
6256,28912
6257,28912
6258,28912
6259,28912
6260,28912
6261,28912
6262,28912
6263,28912
6264,28912
6265,28912
6266,28912
6267,28912
6268,28912
6269,28912
6270,28912
6271,28912
6272,28912
6273,28912
6274,28912
6275,28912
6276,28912
6277,28912
6278,28912
6279,28912
6280,28912
6281,28912
6282,28912
6283,28912
6284,28912
6285,28912
6286,28912
6287,28912
6288,28912
6289,28912
6290,28912
6291,28912
6292,28912
6293,28912
6294,28912
6295,28912
6296,28912
6297,28912
6298,28912
6299,28912
6300,28912
6301,28912
6302,28912
6303,28912
6304,28912
6305,28912
6306,28912
6307,28912
6308,28912
6309,28912
6310,28912
6311,28912
6312,28912
6313,28912
6314,28912
6315,28912
6316,28912
6317,28912
6318,28912
6319,28912
6320,28912
6321,28912
6322,28912
6323,28912
6324,28912
6325,28912
6326,28912
6327,28912
6328,28912
6329,28912
6330,28912
6331,28912
6332,28912
6333,28912
6334,28912
6335,28912
6336,28912
6337,28912
6338,28912
6339,28912
6340,28912
6341,28912
6342,28912
6343,28912
6344,28912
6345,28912
6346,28912
6347,28912
6348,28912
6349,28912
6350,28912
6351,28912
6352,28912
6353,28912
6354,28912
6355,28912
6356,28912
6357,28912
6358,28912
6359,28912
6360,28912
6361,28912
6362,28912
6363,28912
6364,28912
6365,28912
6366,28912
6367,28912
6368,28912
6369,28912
6370,28912
6371,28912
6372,28912
6373,28912
6374,28912
6375,28912
6376,28912
6377,28912
6378,28912
6379,28912
6380,28912
6381,28912
6382,28912
6383,28912
6384,28912
6385,28912
6386,28912
6387,28912
6388,28912
6389,28912
6390,28912
6391,28912
6392,28912
6393,28912
6394,28912
6395,28912
6396,28912
6397,28912
6398,28912
6399,28912
6400,28912
6401,28912
6402,28912
6403,28912
6404,28912
6405,28912
6406,28912
6407,28912
6408,28912
6409,28912
6410,28912
6411,28912
6412,28912
6413,28912
6414,28912
6415,28912
6416,28912
6417,28912
6418,28912
6419,28912
6420,28912
6421,28912
6422,28912
6423,28912
6424,28912
6425,28912
6426,28912
6427,28912
6428,28912
6429,28912
6430,28912
6431,28912
6432,28912
6433,28912
6434,28912
6435,28912
6436,28912
6437,28912
6438,28912
6439,28912
6440,28912
6441,28912
6442,28912
6443,28912
6444,28912
6445,28912
6446,28912
6447,28912
6448,28912
6449,28912
6450,28912
6451,28912
6452,28912
6453,28912
6454,28912
6455,28912
6456,28912
6457,28912
6458,28912
6459,28912
6460,28912
6461,28912
6462,28912
6463,28912
6464,28912
6465,28912
6466,28912
6467,28912
6468,28912
6469,28912
6470,28912
6471,28912
6472,28912
6473,28912
6474,28912
6475,28912
6476,28912
6477,28912
6478,28912
6479,28912
6480,28912
6481,28912
6482,28912
6483,28912
6484,28912
6485,28912
6486,28912
6487,28912
6488,28912
6489,28912
6490,28912
6491,28912
6492,28912
6493,28912
6494,28912
6495,28912
6496,28912
6497,28912
6498,28912
6499,28912
6500,28912
6501,28912
6502,28912
6503,28912
6504,28912
6505,28912
6506,28912
6507,28912
6508,28912
6509,28912
6510,28912
6511,28912
6512,28912
6513,28912
6514,28912
6515,28912
6516,28912
6517,28912
6518,28912
6519,28912
6520,28912
6521,28912
6522,28912
6523,28912
6524,28912
6525,28912
6526,28912
6527,28912
6528,28912
6529,28912
6530,28912
6531,28912
6532,28912
6533,28912
6534,28912
6535,28912
6536,28912
6537,28912
6538,28912
6539,28912
6540,28912
6541,28912
6542,28912
6543,28912
6544,28912
6545,28912
6546,28912
6547,28912
6548,28912
6549,28912
6550,28912
6551,28912
6552,28912
6553,28912
6554,28912
6555,28912
6556,28912
6557,28912
6558,28912
6559,28912
6560,28912
6561,28912
6562,28912
6563,28912
6564,28912
6565,28912
6566,28912
6567,28912
6568,28912
6569,28912
6570,28912
6571,28912
6572,28912
6573,28912
6574,28912
6575,28912
6576,28912
6577,28912
6578,28912
6579,28912
6580,28912
6581,28912
6582,28912
6583,28912
6584,28912
6585,28912
6586,28912
6587,28912
6588,28912
6589,28912
6590,28912
6591,28912
6592,28912
6593,28912
6594,28912
6595,28912
6596,28912
6597,28912
6598,28912
6599,28912
6600,28912
6601,28912
6602,28912
6603,28912
6604,28912
6605,28912
6606,28912
6607,28912
6608,28912
6609,28912
6610,28912
6611,28912
6612,28912
6613,28912
6614,28912
6615,28912
6616,28912
6617,28912
6618,28912
6619,28912
6620,28912
6621,28912
6622,28912
6623,28912
6624,28912
6625,28912
6626,28912
6627,28912
6628,28912
6629,28912
6630,28912
6631,28912
6632,28912
6633,28912
6634,28912
6635,28912
6636,28912
6637,28912
6638,28912
6639,28912
6640,28912
6641,28912
6642,28912
6643,28912
6644,28912
6645,28912
6646,28912
6647,28912
6648,28912
6649,28912
6650,28912
6651,28912
6652,28912
6653,28912
6654,28912
6655,28912
6656,28912
6657,28912
6658,28912
6659,28912
6660,28912
6661,28912
6662,28912
6663,28912
6664,28912
6665,28912
6666,28912
6667,28912
6668,28912
6669,28912
6670,28912
6671,28912
6672,28912
6673,28912
6674,28912
6675,28912
6676,28912
6677,28912
6678,28912
6679,28912
6680,28912
6681,28912
6682,28912
6683,28912
6684,28912
6685,28912
6686,28912
6687,28912
6688,28912
6689,28912
6690,28912
6691,28912
6692,28912
6693,28912
6694,28912
6695,28912
6696,28912
6697,28912
6698,28912
6699,28912
6700,28912
6701,28912
6702,28912
6703,28912
6704,28912
6705,28912
6706,28912
6707,28912
6708,28912
6709,28912
6710,28912
6711,28912
6712,28912
6713,28912
6714,28912
6715,28912
6716,28912
6717,28912
6718,28912
6719,28912
6720,28912
6721,28912
6722,28912
6723,28912
6724,28912
6725,28912
6726,28912
6727,28912
6728,28912
6729,28912
6730,28912
6731,28912
6732,28912
6733,28912
6734,28912
6735,28912
6736,28912
6737,28912
6738,28912
6739,28912
6740,28912
6741,28912
6742,28912
6743,28912
6744,28912
6745,28912
6746,28912
6747,28912
6748,28912
6749,28912
6750,28912
6751,28912
6752,28912
6753,28912
6754,28912
6755,28912
6756,28912
6757,28912
6758,28912
6759,28912
6760,28912
6761,28912
6762,28912
6763,28912
6764,28912
6765,28912
6766,28912
6767,28912
6768,28912
6769,28912
6770,28912
6771,28912
6772,28912
6773,28912
6774,28912
6775,28912
6776,28912
6777,28912
6778,28912
6779,28912
6780,28912
6781,28912
6782,28912
6783,28912
6784,28912
6785,28912
6786,28912
6787,28912
6788,28912
6789,28912
6790,28912
6791,28912
6792,28912
6793,28912
6794,28912
6795,28912
6796,28912
6797,28912
6798,28912
6799,28912
6800,28912
6801,28912
6802,28912
6803,28912
6804,28912
6805,28912
6806,28912
6807,28912
6808,28912
6809,28912
6810,28912
6811,28912
6812,28912
6813,28912
6814,28912
6815,28912
6816,28912
6817,28912
6818,28912
6819,28912
6820,28912
6821,28912
6822,28912
6823,28912
6824,28912
6825,28912
6826,28912
6827,28912
6828,28912
6829,28912
6830,28912
6831,28912
6832,28912
6833,28912
6834,28912
6835,28912
6836,28912
6837,28912
6838,28912
6839,28912
6840,28912
6841,28912
6842,28912
6843,28912
6844,28912
6845,28912
6846,28912
6847,28912
6848,28912
6849,28912
6850,28912
6851,28912
6852,28912
6853,28912
6854,28912
6855,28912
6856,28912
6857,28912
6858,28912
6859,28912
6860,28912
6861,28912
6862,28912
6863,28912
6864,28912
6865,28912
6866,28912
6867,28912
6868,28912
6869,28912
6870,28912
6871,28912
6872,28912
6873,28912
6874,28912
6875,28912
6876,28912
6877,28912
6878,28912
6879,28912
6880,28912
6881,28912
6882,28912
6883,28912
6884,28912
6885,28912
6886,28912
6887,28912
6888,28912
6889,28912
6890,28912
6891,28912
6892,28912
6893,28912
6894,28912
6895,28912
6896,28912
6897,28912
6898,28912
6899,28912
6900,28912
6901,28912
6902,28912
6903,28912
6904,28912
6905,28912
6906,28912
6907,28912
6908,28912
6909,28912
6910,28912
6911,28912
6912,28912
6913,28912
6914,28912
6915,28912
6916,28912
6917,28912
6918,28912
6919,28912
6920,28912
6921,28912
6922,28912
6923,28912
6924,28912
6925,28912
6926,28912
6927,28912
6928,28912
6929,28912
6930,28912
6931,28912
6932,28912
6933,28912
6934,28912
6935,28912
6936,28912
6937,28912
6938,28912
6939,28912
6940,28912
6941,28912
6942,28912
6943,28912
6944,28912
6945,28912
6946,28912
6947,28912
6948,28912
6949,28912
6950,28912
6951,28912
6952,28912
6953,28912
6954,28912
6955,28912
6956,28912
6957,28912
6958,28912
6959,28912
6960,28912
6961,28912
6962,28912
6963,28912
6964,28912
6965,28912
6966,28912
6967,28912
6968,28912
6969,28912
6970,28912
6971,28912
6972,28912
6973,28912
6974,28912
6975,28912
6976,28912
6977,28912
6978,28912
6979,28912
6980,28912
6981,28912
6982,28912
6983,28912
6984,28912
6985,28912
6986,28912
6987,28912
6988,28912
6989,28912
6990,28912
6991,28912
6992,28912
6993,28912
6994,28912
6995,28912
6996,28912
6997,28912
6998,28912
6999,28912
7000,28912
7001,28912
7002,28912
7003,28912
7004,28912
7005,28912
7006,28912
7007,28912
7008,28912
7009,28912
7010,28912
7011,28912
7012,28912
7013,28912
7014,28912
7015,28912
7016,28912
7017,28912
7018,28912
7019,28912
7020,28912
7021,28912
7022,28912
7023,28912
7024,28912
7025,28912
7026,28912
7027,28912
7028,28912
7029,28912
7030,28912
7031,28912
7032,28912
7033,28912
7034,28912
7035,28912
7036,28912
7037,28912
7038,28912
7039,28912
7040,28912
7041,28912
7042,28912
7043,28912
7044,28912
7045,28912
7046,28912
7047,28912
7048,28912
7049,28912
7050,28912
7051,28912
7052,28912
7053,28912
7054,28912
7055,28912
7056,28912
7057,28912
7058,28912
7059,28912
7060,28912
7061,28912
7062,28912
7063,28912
7064,28912
7065,28912
7066,28912
7067,28912
7068,28912
7069,28912
7070,28912
7071,28912
7072,28912
7073,28912
7074,28912
7075,28912
7076,28912
7077,28912
7078,28912
7079,28912
7080,28912
7081,28912
7082,28912
7083,28912
7084,28912
7085,28912
7086,28912
7087,28912
7088,28912
7089,28912
7090,28912
7091,28912
7092,28912
7093,28912
7094,28912
7095,28912
7096,28912
7097,28912
7098,28912
7099,28912
7100,28912
7101,28912
7102,28912
7103,28912
7104,28912
7105,28912
7106,28912
7107,28912
7108,28912
7109,28912
7110,28912
7111,28912
7112,28912
7113,28912
7114,28912
7115,28912
7116,28912
7117,28912
7118,28912
7119,28912
7120,28912
7121,28912
7122,28912
7123,28912
7124,28912
7125,28912
7126,28912
7127,28912
7128,28912
7129,28912
7130,28912
7131,28912
7132,28912
7133,28912
7134,28912
7135,28912
7136,28912
7137,28912
7138,28912
7139,28912
7140,28912
7141,28912
7142,28912
7143,28912
7144,28912
7145,28912
7146,28912
7147,28912
7148,28912
7149,28912
7150,28912
7151,28912
7152,28912
7153,28912
7154,28912
7155,28912
7156,28912
7157,28912
7158,28912
7159,28912
7160,28912
7161,28912
7162,28912
7163,28912
7164,28912
7165,28912
7166,28912
7167,28912
7168,28912
7169,28912
7170,28912
7171,28912
7172,28912
7173,28912
7174,28912
7175,28912
7176,28912
7177,28912
7178,28912
7179,28912
7180,28912
7181,28912
7182,28912
7183,28912
7184,28912
7185,28912
7186,28912
7187,28912
7188,28912
7189,28912
7190,28912
7191,28912
7192,28912
7193,28912
7194,28912
7195,28912
7196,28912
7197,28912
7198,28912
7199,28912
7200,28912
7201,28912
7202,28912
7203,28912
7204,28912
7205,28912
7206,28912
7207,28912
7208,28912
7209,28912
7210,28912
7211,28912
7212,28912
7213,28912
7214,28912
7215,28912
7216,28912
7217,28912
7218,28912
7219,28912
7220,28912
7221,28912
7222,28912
7223,28912
7224,28912
7225,28912
7226,28912
7227,28912
7228,28912
7229,28912
7230,28912
7231,28912
7232,28912
7233,28912
7234,28912
7235,28912
7236,28912
7237,28912
7238,28912
7239,28912
7240,28912
7241,28912
7242,28912
7243,28912
7244,28912
7245,28912
7246,28912
7247,28912
7248,28912
7249,28912
7250,28912
7251,28912
7252,28912
7253,28912
7254,28912
7255,28912
7256,28912
7257,28912
7258,28912
7259,28912
7260,28912
7261,28912
7262,28912
7263,28912
7264,28912
7265,28912
7266,28912
7267,28912
7268,28912
7269,28912
7270,28912
7271,28912
7272,28912
7273,28912
7274,28912
7275,28912
7276,28912
7277,28912
7278,28912
7279,28912
7280,28912
7281,28912
7282,28912
7283,28912
7284,28912
7285,28912
7286,28912
7287,28912
7288,28912
7289,28912
7290,28912
7291,28912
7292,28912
7293,28912
7294,28912
7295,28912
7296,28912
7297,28912
7298,28912
7299,28912
7300,28912
7301,28912
7302,28912
7303,28912
7304,28912
7305,28912
7306,28912
7307,28912
7308,28912
7309,28912
7310,28912
7311,28912
7312,28912
7313,28912
7314,28912
7315,28912
7316,28912
7317,28912
7318,28912
7319,28912
7320,28912
7321,28912
7322,28912
7323,28912
7324,28912
7325,28912
7326,28912
7327,28912
7328,28912
7329,28912
7330,28912
7331,28912
7332,28912
7333,28912
7334,28912
7335,28912
7336,28912
7337,28912
7338,28912
7339,28912
7340,28912
7341,28912
7342,28912
7343,28912
7344,28912
7345,28912
7346,28912
7347,28912
7348,28912
7349,28912
7350,28912
7351,28912
7352,28912
7353,28912
7354,28912
7355,28912
7356,28912
7357,28912
7358,28912
7359,28912
7360,28912
7361,28912
7362,28912
7363,28912
7364,28912
7365,28912
7366,28912
7367,28912
7368,28912
7369,28912
7370,28912
7371,28912
7372,28912
7373,28912
7374,28912
7375,28912
7376,28912
7377,28912
7378,28912
7379,28912
7380,28912
7381,28912
7382,28912
7383,28912
7384,28912
7385,28912
7386,28912
7387,28912
7388,28912
7389,28912
7390,28912
7391,28912
7392,28912
7393,28912
7394,28912
7395,28912
7396,28912
7397,28912
7398,28912
7399,28912
7400,28912
7401,28912
7402,28912
7403,28912
7404,28912
7405,28912
7406,28912
7407,28912
7408,28912
7409,28912
7410,28912
7411,28912
7412,28912
7413,28912
7414,28912
7415,28912
7416,28912
7417,28912
7418,28912
7419,28912
7420,28912
7421,28912
7422,28912
7423,28912
7424,28912
7425,28912
7426,28912
7427,28912
7428,28912
7429,28912
7430,28912
7431,28912
7432,28912
7433,28912
7434,28912
7435,28912
7436,28912
7437,28912
7438,28912
7439,28912
7440,28912
7441,28912
7442,28912
7443,28912
7444,28912
7445,28912
7446,28912
7447,28912
7448,28912
7449,28912
7450,28912
7451,28912
7452,28912
7453,28912
7454,28912
7455,28912
7456,28912
7457,28912
7458,28912
7459,28912
7460,28912
7461,28912
7462,28912
7463,28912
7464,28912
7465,28912
7466,28912
7467,28912
7468,28912
7469,28912
7470,28912
7471,28912
7472,28912
7473,28912
7474,28912
7475,28912
7476,28912
7477,28912
7478,28912
7479,28912
7480,28912
7481,28912
7482,28912
7483,28912
7484,28912
7485,28912
7486,28912
7487,28912
7488,28912
7489,28912
7490,28912
7491,28912
7492,28912
7493,28912
7494,28912
7495,28912
7496,28912
7497,28912
7498,28912
7499,28912
7500,28912
7501,28912
7502,28912
7503,28912
7504,28912
7505,28912
7506,28912
7507,28912
7508,28912
7509,28912
7510,28912
7511,28912
7512,28912
7513,28912
7514,28912
7515,28912
7516,28912
7517,28912
7518,28912
7519,28912
7520,28912
7521,28912
7522,28912
7523,28912
7524,28912
7525,28912
7526,28912
7527,28912
7528,28912
7529,28912
7530,28912
7531,28912
7532,28912
7533,28912
7534,28912
7535,28912
7536,28912
7537,28912
7538,28912
7539,28912
7540,28912
7541,28912
7542,28912
7543,28912
7544,28912
7545,28912
7546,28912
7547,28912
7548,28912
7549,28912
7550,28912
7551,28912
7552,28912
7553,28912
7554,28912
7555,28912
7556,28912
7557,28912
7558,28912
7559,28912
7560,28912
7561,28912
7562,28912
7563,28912
7564,28912
7565,28912
7566,28912
7567,28912
7568,28912
7569,28912
7570,28912
7571,28912
7572,28912
7573,28912
7574,28912
7575,28912
7576,28912
7577,28912
7578,28912
7579,28912
7580,28912
7581,28912
7582,28912
7583,28912
7584,28912
7585,28912
7586,28912
7587,28912
7588,28912
7589,28912
7590,28912
7591,28912
7592,28912
7593,28912
7594,28912
7595,28912
7596,28912
7597,28912
7598,28912
7599,28912
7600,28912
7601,28912
7602,28912
7603,28912
7604,28912
7605,28912
7606,28912
7607,28912
7608,28912
7609,28912
7610,28912
7611,28912
7612,28912
7613,28912
7614,28912
7615,28912
7616,28912
7617,28912
7618,28912
7619,28912
7620,28912
7621,28912
7622,28912
7623,28912
7624,28912
7625,28912
7626,28912
7627,28912
7628,28912
7629,28912
7630,28912
7631,28912
7632,28912
7633,28912
7634,28912
7635,28912
7636,28912
7637,28912
7638,28912
7639,28912
7640,28912
7641,28912
7642,28912
7643,28912
7644,28912
7645,28912
7646,28912
7647,28912
7648,28912
7649,28912
7650,28912
7651,28912
7652,28912
7653,28912
7654,28912
7655,28912
7656,28912
7657,28912
7658,28912
7659,28912
7660,28912
7661,28912
7662,28912
7663,28912
7664,28912
7665,28912
7666,28912
7667,28912
7668,28912
7669,28912
7670,28912
7671,28912
7672,28912
7673,28912
7674,28912
7675,28912
7676,28912
7677,28912
7678,28912
7679,28912
7680,28912
7681,28912
7682,28912
7683,28912
7684,28912
7685,28912
7686,28912
7687,28912
7688,28912
7689,28912
7690,28912
7691,28912
7692,28912
7693,28912
7694,28912
7695,28912
7696,28912
7697,28912
7698,28912
7699,28912
7700,28912
7701,28912
7702,28912
7703,28912
7704,28912
7705,28912
7706,28912
7707,28912
7708,28912
7709,28912
7710,28912
7711,28912
7712,28912
7713,28912
7714,28912
7715,28912
7716,28912
7717,28912
7718,28912
7719,28912
7720,28912
7721,28912
7722,28912
7723,28912
7724,28912
7725,28912
7726,28912
7727,28912
7728,28912
7729,28912
7730,28912
7731,28912
7732,28912
7733,28912
7734,28912
7735,28912
7736,28912
7737,28912
7738,28912
7739,28912
7740,28912
7741,28912
7742,28912
7743,28912
7744,28912
7745,28912
7746,28912
7747,28912
7748,28912
7749,28912
7750,28912
7751,28912
7752,28912
7753,28912
7754,28912
7755,28912
7756,28912
7757,28912
7758,28912
7759,28912
7760,28912
7761,28912
7762,28912
7763,28912
7764,28912
7765,28912
7766,28912
7767,28912
7768,28912
7769,28912
7770,28912
7771,28912
7772,28912
7773,28912
7774,28912
7775,28912
7776,28912
7777,28912
7778,28912
7779,28912
7780,28912
7781,28912
7782,28912
7783,28912
7784,28912
7785,28912
7786,28912
7787,28912
7788,28912
7789,28912
7790,28912
7791,28912
7792,28912
7793,28912
7794,28912
7795,28912
7796,28912
7797,28912
7798,28912
7799,28912
7800,28912
7801,28912
7802,28912
7803,28912
7804,28912
7805,28912
7806,28912
7807,28912
7808,28912
7809,28912
7810,28912
7811,28912
7812,28912
7813,28912
7814,28912
7815,28912
7816,28912
7817,28912
7818,28912
7819,28912
7820,28912
7821,28912
7822,28912
7823,28912
7824,28912
7825,28912
7826,28912
7827,28912
7828,28912
7829,28912
7830,28912
7831,28912
7832,28912
7833,28912
7834,28912
7835,28912
7836,28912
7837,28912
7838,28912
7839,28912
7840,28912
7841,28912
7842,28912
7843,28912
7844,28912
7845,28912
7846,28912
7847,28912
7848,28912
7849,28912
7850,28912
7851,28912
7852,28912
7853,28912
7854,28912
7855,28912
7856,28912
7857,28912
7858,28912
7859,28912
7860,28912
7861,28912
7862,28912
7863,28912
7864,28912
7865,28912
7866,28912
7867,28912
7868,28912
7869,28912
7870,28912
7871,28912
7872,28912
7873,28912
7874,28912
7875,28912
7876,28912
7877,28912
7878,28912
7879,28912
7880,28912
7881,28912
7882,28912
7883,28912
7884,28912
7885,28912
7886,28912
7887,28912
7888,28912
7889,28912
7890,28912
7891,28912
7892,28912
7893,28912
7894,28912
7895,28912
7896,28912
7897,28912
7898,28912
7899,28912
7900,28912
7901,28912
7902,28851
7903,28791
7904,28732
7905,28671
7906,28609
7907,28546
7908,28483
7909,28421
7910,28358
7911,28294
7912,28232
7913,28172
7914,28111
7915,28051
7916,27988
7917,27927
7918,27866
7919,27804
7920,27742
7921,27680
7922,27619
7923,27559
7924,27500
7925,27440
7926,27382
7927,27326
7928,27269
7929,27213
7930,27157
7931,27102
7932,27048
7933,26994
7934,26940
7935,26886
7936,26831
7937,26777
7938,26724
7939,26671
7940,26619
7941,26567
7942,26516
7943,26464
7944,26414
7945,26364
7946,26313
7947,26263
7948,26214
7949,26165
7950,26116
7951,26069
7952,26023
7953,25976
7954,25930
7955,25884
7956,25837
7957,25789
7958,25743
7959,25697
7960,25650
7961,25604
7962,25560
7963,25516
7964,25472
7965,25430
7966,25387
7967,25344
7968,25301
7969,25259
7970,25218
7971,25177
7972,25135
7973,25094
7974,25054
7975,25013
7976,24972
7977,24932
7978,24893
7979,24853
7980,24814
7981,24775
7982,24736
7983,24698
7984,24659
7985,24620
7986,24582
7987,24544
7988,24507
7989,24469
7990,24433
7991,24396
7992,24359
7993,24324
7994,24288
7995,24253
7996,24218
7997,24182
7998,24147
7999,24113
8000,24080
8001,24047
8002,24014
8003,23982
8004,23949
8005,23916
8006,23885
8007,23854
8008,23822
8009,23790
8010,23758
8011,23726
8012,23695
8013,23665
8014,23634
8015,23603
8016,23573
8017,23543
8018,23513
8019,23483
8020,23454
8021,23425
8022,23396
8023,23367
8024,23339
8025,23311
8026,23285
8027,23259
8028,23232
8029,23205
8030,23179
8031,23152
8032,23126
8033,23100
8034,23074
8035,23049
8036,23025
8037,23001
8038,22976
8039,22951
8040,22927
8041,22904
8042,22881
8043,22857
8044,22833
8045,22810
8046,22788
8047,22766
8048,22744
8049,22722
8050,22700
8051,22678
8052,22657
8053,22635
8054,22614
8055,22593
8056,22572
8057,22552
8058,22532
8059,22513
8060,22493
8061,22473
8062,22454
8063,22435
8064,22416
8065,22397
8066,22378
8067,22359
8068,22340
8069,22322
8070,22304
8071,22286
8072,22268
8073,22250
8074,22232
8075,22214
8076,22197
8077,22180
8078,22163
8079,22147
8080,22131
8081,22115
8082,22099
8083,22083
8084,22068
8085,22052
8086,22037
8087,22021
8088,22006
8089,21991
8090,21976
8091,21961
8092,21947
8093,21932
8094,21918
8095,21904
8096,21890
8097,21876
8098,21862
8099,21848
8100,21834
8101,21821
8102,21807
8103,21794
8104,21781
8105,21768
8106,21755
8107,21742
8108,21729
8109,21716
8110,21704
8111,21692
8112,21680
8113,21668
8114,21656
8115,21644
8116,21632
8117,21620
8118,21608
8119,21597
8120,21586
8121,21575
8122,21564
8123,21553
8124,21542
8125,21531
8126,21520
8127,21509
8128,21499
8129,21489
8130,21479
8131,21469
8132,21459
8133,21449
8134,21439
8135,21429
8136,21419
8137,21409
8138,21399
8139,21389
8140,21380
8141,21371
8142,21362
8143,21353
8144,21344
8145,21335
8146,21326
8147,21317
8148,21308
8149,21299
8150,21290
8151,21281
8152,21272
8153,21264
8154,21256
8155,21248
8156,21240
8157,21232
8158,21224
8159,21216
8160,21208
8161,21200
8162,21192
8163,21184
8164,21176
8165,21168
8166,21161
8167,21154
8168,21146
8169,21139
8170,21132
8171,21125
8172,21118
8173,21111
8174,21104
8175,21097
8176,21090
8177,21083
8178,21076
8179,21069
8180,21062
8181,21054
8182,21047
8183,21040
8184,21033
8185,21026
8186,21019
8187,21012
8188,21005
8189,20998
8190,20991
8191,20984
8192,20976
8193,20969
8194,20962
8195,20955
8196,20948
8197,20941
8198,20934
8199,20927
8200,20920
8201,20913
8202,20906
8203,20899
8204,20892
8205,20885
8206,20878
8207,20870
8208,20863
8209,20856
8210,20849
8211,20842
8212,20835
8213,20828
8214,20821
8215,20814
8216,20807
8217,20800
8218,20793
8219,20786
8220,20779
8221,20772
8222,20765
8223,20758
8224,20750
8225,20743
8226,20736
8227,20729
8228,20722
8229,20715
8230,20708
8231,20701
8232,20694
8233,20687
8234,20680
8235,20673
8236,20666
8237,20659
8238,20652
8239,20645
8240,20638
8241,20631
8242,20624
8243,20617
8244,20611
8245,20605
8246,20599
8247,20593
8248,20587
8249,20581
8250,20575
8251,20569
8252,20564
8253,20559
8254,20553
8255,20548
8256,20543
8257,20538
8258,20533
8259,20528
8260,20524
8261,20520
8262,20516
8263,20512
8264,20508
8265,20504
8266,20500
8267,20496
8268,20492
8269,20488
8270,20484
8271,20480
8272,20477
8273,20474
8274,20471
8275,20468
8276,20465
8277,20462
8278,20459
8279,20456
8280,20453
8281,20450
8282,20447
8283,20444
8284,20441
8285,20438
8286,20435
8287,20432
8288,20430
8289,20428
8290,20426
8291,20424
8292,20422
8293,20420
8294,20418
8295,20416
8296,20414
8297,20412
8298,20410
8299,20408
8300,20406
8301,20404
8302,20402
8303,20400
8304,20398
8305,20396
8306,20394
8307,20392
8308,20390
8309,20389
8310,20388
8311,20387
8312,20386
8313,20385
8314,20384
8315,20383
8316,20382
8317,20381
8318,20380
8319,20379
8320,20378
8321,20377
8322,20376
8323,20375
8324,20374
8325,20373
8326,20372
8327,20371
8328,20370
8329,20369
8330,20368
8331,20367
8332,20366
8333,20365
8334,20364
8335,20363
8336,20362
8337,20361
8338,20360
8339,20359
8340,20358
8341,20357
8342,20356
8343,20355
8344,20354
8345,20353
8346,20352
8347,20307
8348,20262
8349,20218
8350,20173
8351,20125
8352,20080
8353,20034
8354,20084
8355,20127
8356,20167
8357,20213
8358,20257
8359,20304
8360,20351
8361,20396
8362,20445
8363,20489
8364,20537
8365,20576
8366,20620
8367,20664
8368,20708
8369,20754
8370,20802
8371,20852
8372,20899
8373,20948
8374,21001
8375,21054
8376,21104
8377,21158
8378,21215
8379,21273
8380,21329
8381,21390
8382,21449
8383,21510
8384,21572
8385,21634
8386,21695
8387,21758
8388,21821
8389,21877
8390,21936
8391,21997
8392,22062
8393,22128
8394,22197
8395,22265
8396,22332
8397,22399
8398,22468
8399,22538
8400,22606
8401,22670
8402,22732
8403,22800
8404,22871
8405,22946
8406,23025
8407,23103
8408,23179
8409,23257
8410,23334
8411,23408
8412,23483
8413,23561
8414,23636
8415,23712
8416,23784
8417,23860
8418,23939
8419,24019
8420,24107
8421,24193
8422,24274
8423,24356
8424,24439
8425,24520
8426,24599
8427,24679
8428,24754
8429,24838
8430,24926
8431,25012
8432,25096
8433,25182
8434,25263
8435,25345
8436,25428
8437,25508
8438,25593
8439,25680
8440,25768
8441,25851
8442,25933
8443,26015
8444,26097
8445,26178
8446,26260
8447,26343
8448,26425
8449,26508
8450,26589
8451,26672
8452,26758
8453,26840
8454,26923
8455,27003
8456,27086
8457,27170
8458,27258
8459,27343
8460,27399
8461,27432
8462,27450
8463,27456
8464,27452
8465,27442
8466,27427
8467,27406
8468,27383
8469,27358
8470,27333
8471,27307
8472,27281
8473,27253
8474,27224
8475,27195
8476,27167
8477,27138
8478,27110
8479,27082
8480,27054
8481,27027
8482,26999
8483,26971
8484,26943
8485,26914
8486,26885
8487,26857
8488,26830
8489,26803
8490,26776
8491,26749
8492,26722
8493,26695
8494,26669
8495,26644
8496,26618
8497,26591
8498,26566
8499,26542
8500,26518
8501,26494
8502,26470
8503,26447
8504,26424
8505,26401
8506,26379
8507,26357
8508,26335
8509,26314
8510,26292
8511,26271
8512,26249
8513,26228
8514,26208
8515,26187
8516,26167
8517,26147
8518,26126
8519,26106
8520,26087
8521,26068
8522,26049
8523,26029
8524,26010
8525,25992
8526,25974
8527,25956
8528,25938
8529,25920
8530,25903
8531,25885
8532,25868
8533,25850
8534,25832
8535,25815
8536,25798
8537,25781
8538,25764
8539,25747
8540,25730
8541,25714
8542,25697
8543,25681
8544,25666
8545,25651
8546,25636
8547,25621
8548,25606
8549,25592
8550,25577
8551,25563
8552,25549
8553,25535
8554,25521
8555,25507
8556,25494
8557,25480
8558,25466
8559,25452
8560,25438
8561,25424
8562,25411
8563,25398
8564,25385
8565,25372
8566,25359
8567,25347
8568,25334
8569,25322
8570,25310
8571,25298
8572,25286
8573,25274
8574,25262
8575,25250
8576,25239
8577,25228
8578,25217
8579,25205
8580,25194
8581,25183
8582,25172
8583,25161
8584,25150
8585,25139
8586,25128
8587,25117
8588,25107
8589,25097
8590,25087
8591,25077
8592,25067
8593,25056
8594,25046
8595,25036
8596,25026
8597,25016
8598,25006
8599,24996
8600,24987
8601,24978
8602,24969
8603,24959
8604,24950
8605,24940
8606,24931
8607,24922
8608,24913
8609,24904
8610,24895
8611,24886
8612,24877
8613,24868
8614,24859
8615,24850
8616,24842
8617,24833
8618,24824
8619,24815
8620,24807
8621,24799
8622,24790
8623,24782
8624,24774
8625,24766
8626,24758
8627,24750
8628,24742
8629,24735
8630,24728
8631,24720
8632,24712
8633,24704
8634,24696
8635,24689
8636,24682
8637,24675
8638,24668
8639,24661
8640,24654
8641,24647
8642,24640
8643,24633
8644,24626
8645,24619
8646,24612
8647,24605
8648,24598
8649,24591
8650,24584
8651,24578
8652,24572
8653,24566
8654,24560
8655,24554
8656,24548
8657,24542
8658,24536
8659,24530
8660,24524
8661,24518
8662,24512
8663,24506
8664,24500
8665,24494
8666,24488
8667,24482
8668,24476
8669,24470
8670,24464
8671,24458
8672,24452
8673,24446
8674,24440
8675,24434
8676,24428
8677,24422
8678,24416
8679,24410
8680,24404
8681,24398
8682,24392
8683,24386
8684,24380
8685,24374
8686,24368
8687,24362
8688,24356
8689,24350
8690,24344
8691,24338
8692,24332
8693,24326
8694,24320
8695,24314
8696,24308
8697,24302
8698,24296
8699,24290
8700,24284
8701,24278
8702,24272
8703,24266
8704,24260
8705,24254
8706,24248
8707,24242
8708,24236
8709,24230
8710,24224
8711,24218
8712,24212
8713,24206
8714,24200
8715,24194
8716,24188
8717,24182
8718,24176
8719,24170
8720,24164
8721,24158
8722,24152
8723,24146
8724,24140
8725,24134
8726,24128
8727,24122
8728,24116
8729,24110
8730,24104
8731,24098
8732,24092
8733,24086
8734,24080
8735,24074
8736,24068
8737,24062
8738,24056
8739,24050
8740,24044
8741,24038
8742,24032
8743,24026
8744,24020
8745,24014
8746,24008
8747,24002
8748,23996
8749,23990
8750,23985
8751,23980
8752,23975
8753,23969
8754,23964
8755,23959
8756,23954
8757,23949
8758,23944
8759,23939
8760,23934
8761,23929
8762,23925
8763,23921
8764,23917
8765,23913
8766,23909
8767,23905
8768,23901
8769,23897
8770,23893
8771,23889
8772,23885
8773,23881
8774,23877
8775,23874
8776,23871
8777,23868
8778,23865
8779,23862
8780,23859
8781,23856
8782,23853
8783,23850
8784,23847
8785,23844
8786,23841
8787,23838
8788,23835
8789,23832
8790,23829
8791,23826
8792,23823
8793,23820
8794,23818
8795,23816
8796,23814
8797,23812
8798,23810
8799,23808
8800,23806
8801,23804
8802,23802
8803,23799
8804,23797
8805,23795
8806,23793
8807,23791
8808,23789
8809,23787
8810,23785
8811,23783
8812,23781
8813,23779
8814,23777
8815,23775
8816,23773
8817,23771
8818,23769
8819,23767
8820,23765
8821,23763
8822,23761
8823,23760
8824,23759
8825,23758
8826,23757
8827,23756
8828,23755
8829,23754
8830,23753
8831,23752
8832,23751
8833,23750
8834,23749
8835,23748
8836,23747
8837,23746
8838,23745
8839,23744
8840,23743
8841,23742
8842,23741
8843,23740
8844,23739
8845,23738
8846,23737
8847,23736
8848,23735
8849,23734
8850,23733
8851,23732
8852,23731
8853,23730
8854,23729
8855,23728
8856,23727
8857,23726
8858,23725
8859,23724
8860,23723
8861,23722
8862,23721
8863,23720
8864,23719
8865,23718
8866,23717
8867,23716
8868,23715
8869,23714
8870,23713
8871,23712
8872,23711
8873,23710
8874,23709
8875,23708
8876,23707
8877,23706
8878,23705
8879,23704
8880,23703
8881,23702
8882,23701
8883,23701
8884,23701
8885,23701
8886,23701
8887,23701
8888,23701
8889,23701
8890,23701
8891,23701
8892,23701
8893,23701
8894,23701
8895,23701
8896,23701
8897,23701
8898,23701
8899,23701
8900,23701
8901,23701
8902,23701
8903,23701
8904,23701
8905,23701
8906,23701
8907,23701
8908,23701
8909,23701
8910,23701
8911,23701
8912,23701
8913,23701
8914,23701
8915,23701
8916,23701
8917,23701
8918,23701
8919,23701
8920,23701
8921,23701
8922,23701
8923,23701
8924,23701
8925,23701
8926,23701
8927,23701
8928,23701
8929,23701
8930,23701
8931,23701
8932,23701
8933,23701
8934,23701
8935,23701
8936,23701
8937,23701
8938,23701
8939,23701
8940,23701
8941,23701
8942,23701
8943,23701
8944,23701
8945,23701
8946,23701
8947,23701
8948,23701
8949,23701
8950,23701
8951,23701
8952,23701
8953,23701
8954,23701
8955,23701
8956,23701
8957,23701
8958,23701
8959,23701
8960,23701
8961,23701
8962,23701
8963,23701
8964,23701
8965,23701
8966,23701
8967,23701
8968,23701
8969,23701
8970,23701
8971,23701
8972,23701
8973,23701
8974,23701
8975,23701
8976,23701
8977,23701
8978,23701
8979,23701
8980,23701
8981,23701
8982,23701
8983,23701
8984,23701
8985,23701
8986,23701
8987,23701
8988,23701
8989,23701
8990,23701
8991,23701
8992,23701
8993,23701
8994,23701
8995,23701
8996,23701
8997,23701
8998,23701
8999,23701
9000,23701
9001,23701
9002,23701
9003,23701
9004,23701
9005,23701
9006,23701
9007,23701
9008,23701
9009,23701
9010,23701
9011,23701
9012,23701
9013,23701
9014,23701
9015,23701
9016,23701
9017,23701
9018,23701
9019,23701
9020,23701
9021,23701
9022,23701
9023,23701
9024,23701
9025,23701
9026,23701
9027,23701
9028,23701
9029,23701
9030,23701
9031,23701
9032,23701
9033,23701
9034,23701
9035,23701
9036,23701
9037,23701
9038,23701
9039,23701
9040,23701
9041,23701
9042,23701
9043,23701
9044,23701
9045,23701
9046,23701
9047,23701
9048,23701
9049,23701
9050,23701
9051,23701
9052,23701
9053,23701
9054,23701
9055,23701
9056,23701
9057,23701
9058,23701
9059,23701
9060,23701
9061,23701
9062,23701
9063,23701
9064,23701
9065,23701
9066,23701
9067,23701
9068,23701
9069,23701
9070,23701
9071,23701
9072,23701
9073,23701
9074,23701
9075,23701
9076,23701
9077,23701
9078,23701
9079,23701
9080,23701
9081,23701
9082,23701
9083,23701
9084,23701
9085,23701
9086,23701
9087,23701
9088,23701
9089,23701
9090,23701
9091,23701
9092,23701
9093,23701
9094,23701
9095,23701
9096,23701
9097,23701
9098,23701
9099,23701
9100,23701
9101,23701
9102,23701
9103,23701
9104,23701
9105,23701
9106,23701
9107,23701
9108,23701
9109,23701
9110,23701
9111,23701
9112,23701
9113,23701
9114,23701
9115,23701
9116,23701
9117,23701
9118,23701
9119,23701
9120,23701
9121,23701
9122,23701
9123,23701
9124,23701
9125,23701
9126,23701
9127,23701
9128,23701
9129,23701
9130,23701
9131,23701
9132,23701
9133,23701
9134,23701
9135,23701
9136,23701
9137,23701
9138,23701
9139,23701
9140,23701
9141,23701
9142,23701
9143,23701
9144,23701
9145,23701
9146,23701
9147,23701
9148,23659
9149,23615
9150,23571
9151,23526
9152,23480
9153,23434
9154,23387
9155,23338
9156,23289
9157,23238
9158,23188
9159,23135
9160,23084
9161,23033
9162,22982
9163,22930
9164,22879
9165,22830
9166,22777
9167,22726
9168,22675
9169,22624
9170,22571
9171,22518
9172,22465
9173,22415
9174,22363
9175,22311
9176,22257
9177,22205
9178,22152
9179,22099
9180,22046
9181,21994
9182,21942
9183,21891
9184,21839
9185,21785
9186,21732
9187,21679
9188,21627
9189,21575
9190,21522
9191,21470
9192,21417
9193,21364
9194,21309
9195,21254
9196,21200
9197,21146
9198,21090
9199,21033
9200,20974
9201,20915
9202,20856
9203,20798
9204,20741
9205,20680
9206,20619
9207,20557
9208,20495
9209,20432
9210,20367
9211,20305
9212,20243
9213,20182
9214,20119
9215,20059
9216,19997
9217,19935
9218,19874
9219,19816
9220,19754
9221,19693
9222,19632
9223,19569
9224,19506
9225,19444
9226,19383
9227,19319
9228,19255
9229,19191
9230,19122
9231,19058
9232,18992
9233,18927
9234,18864
9235,18805
9236,18744
9237,18687
9238,18633
9239,18578
9240,18526
9241,18475
9242,18421
9243,18368
9244,18316
9245,18268
9246,18220
9247,18170
9248,18118
9249,18070
9250,18023
9251,17976
9252,17929
9253,17881
9254,17836
9255,17792
9256,17751
9257,17708
9258,17667
9259,17625
9260,17588
9261,17551
9262,17513
9263,17478
9264,17444
9265,17407
9266,17370
9267,17337
9268,17304
9269,17270
9270,17238
9271,17202
9272,17166
9273,17131
9274,17095
9275,17063
9276,17030
9277,16998
9278,16968
9279,16936
9280,16907
9281,16876
9282,16848
9283,16819
9284,16789
9285,16762
9286,16734
9287,16709
9288,16684
9289,16659
9290,16634
9291,16609
9292,16585
9293,16561
9294,16538
9295,16517
9296,16495
9297,16475
9298,16455
9299,16436
9300,16417
9301,16398
9302,16379
9303,16361
9304,16343
9305,16325
9306,16308
9307,16291
9308,16275
9309,16259
9310,16244
9311,16232
9312,16220
9313,16208
9314,16197
9315,16189
9316,16180
9317,16170
9318,16160
9319,16152
9320,16144
9321,16137
9322,16132
9323,16127
9324,16122
9325,16118
9326,16113
9327,16108
9328,16102
9329,16098
9330,16093
9331,16090
9332,16088
9333,16085
9334,16083
9335,16081
9336,16081
9337,16082
9338,16084
9339,16086
9340,16088
9341,16089
9342,16092
9343,16095
9344,16097
9345,16100
9346,16104
9347,16108
9348,16112
9349,16114
9350,16116
9351,16119
9352,16122
9353,16126
9354,16131
9355,16135
9356,16141
9357,16147
9358,16153
9359,16160
9360,16167
9361,16175
9362,16183
9363,16191
9364,16199
9365,16206
9366,16216
9367,16223
9368,16231
9369,16237
9370,16245
9371,16253
9372,16260
9373,16268
9374,16277
9375,16285
9376,16293
9377,16300
9378,16305
9379,16313
9380,16321
9381,16330
9382,16341
9383,16351
9384,16360
9385,16368
9386,16376
9387,16385
9388,16395
9389,16403
9390,16413
9391,16424
9392,16434
9393,16444
9394,16452
9395,16460
9396,16471
9397,16481
9398,16490
9399,16501
9400,16511
9401,16521
9402,16530
9403,16540
9404,16550
9405,16558
9406,16566
9407,16574
9408,16581
9409,16589
9410,16597
9411,16605
9412,16613
9413,16621
9414,16630
9415,16638
9416,16645
9417,16652
9418,16659
9419,16665
9420,16672
9421,16678
9422,16686
9423,16693
9424,16701
9425,16707
9426,16713
9427,16719
9428,16727
9429,16736
9430,16745
9431,16753
9432,16761
9433,16769
9434,16778
9435,16786
9436,16795
9437,16804
9438,16814
9439,16824
9440,16833
9441,16844
9442,16855
9443,16865
9444,16876
9445,16885
9446,16897
9447,16909
9448,16921
9449,16932
9450,16942
9451,16953
9452,16966
9453,16978
9454,16990
9455,17001
9456,17013
9457,17025
9458,17036
9459,17047
9460,17060
9461,17073
9462,17086
9463,17097
9464,17110
9465,17121
9466,17134
9467,17145
9468,17156
9469,17168
9470,17179
9471,17190
9472,17203
9473,17216
9474,17229
9475,17241
9476,17255
9477,17267
9478,17281
9479,17294
9480,17307
9481,17321
9482,17334
9483,17345
9484,17358
9485,17371
9486,17384
9487,17396
9488,17407
9489,17419
9490,17430
9491,17442
9492,17453
9493,17464
9494,17475
9495,17485
9496,17496
9497,17508
9498,17519
9499,17531
9500,17543
9501,17555
9502,17568
9503,17580
9504,17593
9505,17605
9506,17617
9507,17629
9508,17640
9509,17652
9510,17664
9511,17677
9512,17689
9513,17701
9514,17712
9515,17725
9516,17737
9517,17750
9518,17763
9519,17778
9520,17793
9521,17806
9522,17818
9523,17830
9524,17841
9525,17852
9526,17863
9527,17874
9528,17885
9529,17896
9530,17907
9531,17919
9532,17931
9533,17941
9534,17951
9535,17961
9536,17971
9537,17982
9538,17993
9539,18004
9540,18016
9541,18027
9542,18038
9543,18048
9544,18059
9545,18069
9546,18079
9547,18087
9548,18097
9549,18108
9550,18118
9551,18128
9552,18139
9553,18149
9554,18159
9555,18168
9556,18179
9557,18189
9558,18199
9559,18210
9560,18220
9561,18231
9562,18241
9563,18250
9564,18260
9565,18270
9566,18280
9567,18288
9568,18298
9569,18306
9570,18314
9571,18323
9572,18331
9573,18339
9574,18349
9575,18360
9576,18368
9577,18377
9578,18387
9579,18395
9580,18404
9581,18414
9582,18424
9583,18434
9584,18442
9585,18452
9586,18461
9587,18468
9588,18476
9589,18484
9590,18492
9591,18499
9592,18507
9593,18442
9594,18377
9595,18310
9596,18244
9597,18174
9598,18105
9599,18035
9600,17967
9601,17898
9602,17829
9603,17761
9604,17693
9605,17623
9606,17552
9607,17481
9608,17410
9609,17336
9610,17262
9611,17187
