tick,tiles
1,0
2,52
3,52
4,52
5,52
6,52
7,52
8,52
9,52
10,52
11,52
12,52
13,52
14,52
15,52
16,52
17,52
18,52
19,52
20,52
21,52
22,52
23,52
24,52
25,52
26,52
27,52
28,52
29,52
30,52
31,52
32,52
33,52
34,52
35,52
36,52
37,52
38,52
39,52
40,52
41,52
42,52
43,52
44,52
45,52
46,52
47,52
48,52
49,52
50,52
51,52
52,52
53,52
54,52
55,52
56,52
57,52
58,52
59,52
60,52
61,52
62,52
63,52
64,63
65,75
66,88
67,101
68,114
69,127
70,142
71,156
72,171
73,185
74,206
75,226
76,248
77,272
78,298
79,325
80,354
81,384
82,417
83,446
84,480
85,514
86,549
87,586
88,622
89,661
90,702
91,741
92,780
93,816
94,864
95,911
96,959
97,1009
98,1056
99,1099
100,1138
101,1174
102,1205
103,1232
104,1289
105,1339
106,1382
107,1420
108,1454
109,1485
110,1511
111,1532
112,1550
113,1567
114,1612
115,1650
116,1683
117,1712
118,1739
119,1763
120,1783
121,1801
122,1818
123,1832
124,1872
125,1907
126,1938
127,1966
128,1990
129,2011
130,2030
131,2048
132,2062
133,2075
134,2114
135,2146
136,2175
137,2200
138,2222
139,2243
140,2260
141,2275
142,2288
143,2300
144,2337
145,2367
146,2394
147,2417
148,2438
149,2456
150,2472
151,2486
152,2498
153,2508
154,2542
155,2571
156,2596
157,2618
158,2637
159,2654
160,2669
161,2682
162,2693
163,2703
164,2735
165,2762
166,2786
167,2807
168,2825
169,2841
170,2854
171,2867
172,2877
173,2886
174,2916
175,2943
176,2965
177,2984
178,3001
179,3016
180,3029
181,3040
182,3050
183,3059
184,3088
185,3114
186,3136
187,3155
188,3172
189,3186
190,3198
191,3208
192,3217
193,3225
194,3254
195,3278
196,3298
197,3316
198,3332
199,3345
200,3356
201,3366
202,3375
203,3382
204,3409
205,3433
206,3453
207,3470
208,3484
209,3496
210,3507
211,3517
212,3525
213,3532
214,3559
215,3583
216,3602
217,3618
218,3632
219,3644
220,3654
221,3663
222,3670
223,3676
224,3701
225,3723
226,3742
227,3758
228,3772
229,3783
230,3793
231,3801
232,3808
233,3814
234,3839
235,3861
236,3879
237,3894
238,3907
239,3918
240,3927
241,3935
242,3942
243,3948
244,3971
245,3992
246,4010
247,4025
248,4037
249,4047
250,4056
251,4064
252,4071
253,4077
254,4100
255,4120
256,4137
257,4152
258,4164
259,4174
260,4182
261,4189
262,4195
263,4200
264,4223
265,4243
266,4260
267,4274
268,4286
269,4296
270,4304
271,4311
272,4317
273,4322
274,4344
275,4363
276,4380
277,4393
278,4404
279,4413
280,4421
281,4428
282,4434
283,4439
284,4461
285,4479
286,4495
287,4508
288,4519
289,4528
290,4536
291,4543
292,4548
293,4553
294,4574
295,4592
296,4607
297,4620
298,4631
299,4640
300,4647
301,4654
302,4659
303,4664
304,4685
305,4703
306,4718
307,4731
308,4742
309,4751
310,4758
311,4764
312,4769
313,4773
314,4793
315,4811
316,4826
317,4838
318,4849
319,4857
320,4864
321,4870
322,4875
323,4879
324,4899
325,4916
326,4931
327,4943
328,4953
329,4961
330,4968
331,4974
332,4979
333,4983
334,5003
335,5020
336,5035
337,5047
338,5057
339,5065
340,5072
341,5078
342,5083
343,5087
344,5106
345,5123
346,5137
347,5149
348,5159
349,5167
350,5174
351,5179
352,5183
353,5187
354,5206
355,5222
356,5236
357,5247
358,5257
359,5265
360,5272
361,5277
362,5281
363,5285
364,5305
365,5322
366,5336
367,5347
368,5356
369,5364
370,5370
371,5375
372,5379
373,5383
374,5402
375,5419
376,5433
377,5444
378,5453
379,5460
380,5467
381,5472
382,5476
383,5480
384,5499
385,5515
386,5528
387,5539
388,5548
389,5556
390,5562
391,5567
392,5571
393,5575
394,5594
395,5610
396,5623
397,5634
398,5643
399,5650
400,5656
401,5661
402,5665
403,5670
404,5689
405,5704
406,5717
407,5727
408,5736
409,5743
410,5749
411,5754
412,5759
413,5764
414,5782
415,5797
416,5810
417,5820
418,5828
419,5835
420,5841
421,5846
422,5851
423,5856
424,5874
425,5889
426,5901
427,5911
428,5920
429,5927
430,5932
431,5937
432,5942
433,5947
434,5965
435,5980
436,5992
437,6002
438,6010
439,6017
440,6022
441,6027
442,6032
443,6037
444,6055
445,6069
446,6081
447,6091
448,6099
449,6106
450,6111
451,6116
452,6121
453,6126
454,6144
455,6158
456,6170
457,6180
458,6188
459,6194
460,6199
461,6204
462,6209
463,6214
464,6232
465,6247
466,6259
467,6269
468,6277
469,6283
470,6288
471,6293
472,6298
473,6303
474,6321
475,6335
476,6347
477,6357
478,6365
479,6371
480,6376
481,6381
482,6386
483,6391
484,6409
485,6423
486,6435
487,6444
488,6451
489,6457
490,6462
491,6467
492,6472
493,6477
494,6494
495,6508
496,6520
497,6530
498,6538
499,6544
500,6549
501,6554
502,6559
503,6564
504,6581
505,6595
506,6606
507,6615
508,6623
509,6629
510,6634
511,6639
512,6644
513,6649
514,6666
515,6680
516,6691
517,6700
518,6708
519,6714
520,6719
521,6724
522,6729
523,6734
524,6751
525,6765
526,6777
527,6786
528,6793
529,6799
530,6804
531,6809
532,6814
533,6819
534,6836
535,6850
536,6861
537,6870
538,6877
539,6883
540,6888
541,6893
542,6898
543,6903
544,6921
545,6935
546,6946
547,6955
548,6962
549,6968
550,6973
551,6978
552,6983
553,6988
554,7005
555,7019
556,7030
557,7039
558,7046
559,7052
560,7057
561,7062
562,7067
563,7072
564,7089
565,7103
566,7114
567,7123
568,7130
569,7136
570,7141
571,7146
572,7151
573,7156
574,7173
575,7187
576,7198
577,7207
578,7214
579,7220
580,7225
581,7230
582,7235
583,7239
584,7256
585,7270
586,7281
587,7290
588,7297
589,7303
590,7308
591,7313
592,7318
593,7322
594,7339
595,7353
596,7364
597,7373
598,7380
599,7386
600,7391
601,7396
602,7401
603,7404
604,7421
605,7435
606,7446
607,7455
608,7462
609,7468
610,7473
611,7478
612,7483
613,7487
614,7504
615,7518
616,7529
617,7538
618,7545
619,7551
620,7556
621,7561
622,7566
623,7570
624,7587
625,7601
626,7612
627,7621
628,7628
629,7634
630,7639
631,7644
632,7649
633,7653
634,7670
635,7684
636,7695
637,7704
638,7711
639,7717
640,7722
641,7727
642,7732
643,7735
644,7752
645,7766
646,7778
647,7787
648,7794
649,7800
650,7806
651,7811
652,7816
653,7818
654,7835
655,7850
656,7861
657,7870
658,7877
659,7883
660,7889
661,7894
662,7899
663,7900
664,7918
665,7932
666,7943
667,7952
668,7959
669,7965
670,7970
671,7976
672,7982
673,7982
674,8000
675,8014
676,8025
677,8034
678,8041
679,8047
680,8052
681,8057
682,8062
683,8063
684,8081
685,8095
686,8106
687,8115
688,8122
689,8128
690,8134
691,8140
692,8145
693,8145
694,8163
695,8177
696,8188
697,8197
698,8204
699,8210
700,8216
701,8222
702,8227
703,8227
704,8245
705,8259
706,8270
707,8279
708,8286
709,8292
710,8298
711,8304
712,8308
713,8308
714,8326
715,8340
716,8351
717,8360
718,8367
719,8373
720,8379
721,8385
722,8389
723,8389
724,8407
725,8421
726,8432
727,8441
728,8448
729,8454
730,8460
731,8466
732,8470
733,8470
734,8488
735,8502
736,8513
737,8522
738,8529
739,8535
740,8541
741,8547
742,8551
743,8551
744,8569
745,8583
746,8594
747,8603
748,8610
749,8616
750,8622
751,8628
752,8632
753,8632
754,8650
755,8665
756,8677
757,8686
758,8693
759,8699
760,8705
761,8711
762,8713
763,8713
764,8732
765,8746
766,8757
767,8766
768,8773
769,8779
770,8785
771,8791
772,8794
773,8794
774,8812
775,8826
776,8838
777,8847
778,8854
779,8860
780,8866
781,8872
782,8875
783,8875
784,8894
785,8908
786,8920
787,8929
788,8936
789,8942
790,8948
791,8954
792,8956
793,8956
794,8975
795,8989
796,9000
797,9009
798,9016
799,9022
800,9028
801,9034
802,9037
803,9037
804,9055
805,9070
806,9081
807,9090
808,9097
809,9103
810,9109
811,9115
812,9118
813,9118
814,9137
815,9151
816,9162
817,9171
818,9178
819,9184
820,9190
821,9196
822,9199
823,9199
824,9218
825,9233
826,9244
827,9253
828,9260
829,9266
830,9272
831,9278
832,9280
833,9280
834,9299
835,9314
836,9325
837,9334
838,9341
839,9347
840,9353
841,9359
842,9361
843,9361
844,9380
845,9395
846,9406
847,9415
848,9422
849,9428
850,9434
851,9440
852,9442
853,9442
854,9461
855,9476
856,9488
857,9497
858,9504
859,9510
860,9516
861,9522
862,9523
863,9523
864,9542
865,9557
866,9569
867,9578
868,9585
869,9591
870,9597
871,9603
872,9604
873,9604
874,9623
875,9638
876,9650
877,9659
878,9666
879,9672
880,9678
881,9684
882,9685
883,9685
884,9704
885,9719
886,9731
887,9740
888,9747
889,9753
890,9759
891,9765
892,9766
893,9766
894,9786
895,9801
896,9813
897,9822
898,9829
899,9835
900,9841
901,9847
902,9847
903,9847
904,9866
905,9882
906,9893
907,9902
908,9909
909,9915
910,9921
911,9927
912,9928
913,9928
914,9948
915,9963
916,9974
917,9983
918,9990
919,9996
920,10002
921,10008
922,10009
923,10009
924,10029
925,10044
926,10056
927,10065
928,10072
929,10078
930,10084
931,10090
932,10090
933,10090
934,10110
935,10125
936,10137
937,10146
938,10153
939,10159
940,10165
941,10171
942,10171
943,10171
944,10191
945,10206
946,10217
947,10226
948,10233
949,10239
950,10245
951,10251
952,10252
953,10252
954,10272
955,10287
956,10299
957,10308
958,10315
959,10321
960,10327
961,10333
962,10333
963,10333
964,10353
965,10368
966,10380
967,10389
968,10396
969,10402
970,10408
971,10414
972,10414
973,10414
974,10434
975,10450
976,10461
977,10470
978,10477
979,10483
980,10489
981,10495
982,10495
983,10495
984,10515
985,10530
986,10542
987,10551
988,10558
989,10565
990,10571
991,10576
992,10576
993,10576
994,10596
995,10612
996,10624
997,10633
998,10640
999,10646
1000,10652
1001,10657
1002,10657
1003,10657
1004,10677
1005,10693
1006,10705
1007,10714
1008,10721
1009,10728
1010,10734
1011,10738
1012,10738
1013,10738
1014,10758
1015,10774
1016,10786
1017,10795
1018,10802
1019,10808
1020,10814
1021,10819
1022,10819
1023,10819
1024,10839
1025,10855
1026,10867
1027,10876
1028,10883
1029,10890
1030,10897
1031,10900
1032,10900
1033,10900
1034,10921
1035,10937
1036,10949
1037,10957
1038,10964
1039,10971
1040,10978
1041,10981
1042,10981
1043,10981
1044,11002
1045,11018
1046,11030
1047,11039
1048,11046
1049,11053
1050,11060
1051,11062
1052,11062
1053,11062
1054,11083
1055,11099
1056,11111
1057,11120
1058,11127
1059,11134
1060,11141
1061,11143
1062,11143
1063,11143
1064,11164
1065,11180
1066,11192
1067,11201
1068,11208
1069,11215
1070,11222
1071,11224
1072,11224
1073,11224
1074,11245
1075,11261
1076,11273
1077,11282
1078,11289
1079,11296
1080,11303
1081,11305
1082,11305
1083,11305
1084,11326
1085,11342
1086,11354
1087,11363
1088,11370
1089,11377
1090,11384
1091,11386
1092,11386
1093,11386
1094,11407
1095,11423
1096,11435
1097,11444
1098,11451
1099,11458
1100,11465
1101,11467
1102,11467
1103,11467
1104,11489
1105,11505
1106,11517
1107,11526
1108,11533
1109,11540
1110,11547
1111,11548
1112,11548
1113,11548
1114,11569
1115,11585
1116,11597
1117,11606
1118,11613
1119,11620
1120,11627
1121,11628
1122,11628
1123,11628
1124,11649
1125,11666
1126,11678
1127,11687
1128,11694
1129,11701
1130,11708
1131,11709
1132,11709
1133,11709
1134,11731
1135,11747
1136,11759
1137,11768
1138,11775
1139,11782
1140,11789
1141,11790
1142,11790
1143,11790
1144,11812
1145,11828
1146,11840
1147,11849
1148,11856
1149,11863
1150,11870
1151,11871
1152,11871
1153,11871
1154,11893
1155,11909
1156,11921
1157,11930
1158,11937
1159,11944
1160,11951
1161,11952
1162,11952
1163,11952
1164,11974
1165,11990
1166,12002
1167,12011
1168,12018
1169,12025
1170,12032
1171,12033
1172,12033
1173,12033
1174,12055
1175,12071
1176,12083
1177,12092
1178,12099
1179,12106
1180,12113
1181,12114
1182,12114
1183,12114
1184,12136
1185,12152
1186,12164
1187,12173
1188,12180
1189,12187
1190,12194
1191,12195
1192,12195
1193,12195
1194,12217
1195,12233
1196,12245
1197,12254
1198,12261
1199,12268
1200,12275
1201,12276
1202,12276
1203,12276
1204,12298
1205,12314
1206,12326
1207,12335
1208,12342
1209,12349
1210,12356
1211,12357
1212,12357
1213,12357
1214,12379
1215,12396
1216,12408
1217,12417
1218,12424
1219,12431
1220,12438
1221,12438
1222,12438
1223,12438
1224,12460
1225,12476
1226,12488
1227,12497
1228,12504
1229,12511
1230,12518
1231,12519
1232,12519
1233,12519
1234,12541
1235,12557
1236,12569
1237,12578
1238,12585
1239,12592
1240,12599
1241,12600
1242,12600
1243,12600
1244,12622
1245,12639
1246,12651
1247,12660
1248,12667
1249,12674
1250,12681
1251,12681
1252,12681
1253,12681
1254,12703
1255,12720
1256,12732
1257,12741
1258,12748
1259,12755
1260,12761
1261,12761
1262,12761
1263,12761
1264,12784
1265,12801
1266,12813
1267,12822
1268,12829
1269,12836
1270,12842
1271,12842
1272,12842
1273,12842
1274,12865
1275,12882
1276,12894
1277,12903
1278,12910
1279,12917
1280,12923
1281,12923
1282,12923
1283,12923
1284,12946
1285,12962
1286,12974
1287,12983
1288,12990
1289,12997
1290,13004
1291,13004
1292,13004
1293,13004
1294,13027
1295,13044
1296,13056
1297,13065
1298,13072
1299,13079
1300,13085
1301,13085
1302,13085
1303,13085
1304,13108
1305,13125
1306,13137
1307,13146
1308,13153
1309,13160
1310,13166
1311,13166
1312,13166
1313,13166
1314,13189
1315,13206
1316,13218
1317,13227
1318,13234
1319,13241
1320,13247
1321,13247
1322,13247
1323,13247
1324,13270
1325,13287
1326,13300
1327,13308
1328,13315
1329,13322
1330,13328
1331,13328
1332,13328
1333,13328
1334,13351
1335,13368
1336,13380
1337,13389
1338,13396
1339,13403
1340,13409
1341,13409
1342,13409
1343,13409
1344,13432
1345,13449
1346,13461
1347,13470
1348,13477
1349,13484
1350,13490
1351,13490
1352,13490
1353,13490
1354,13513
1355,13530
1356,13542
1357,13551
1358,13558
1359,13565
1360,13571
1361,13571
1362,13571
1363,13571
1364,13594
1365,13611
1366,13623
1367,13632
1368,13640
1369,13647
1370,13652
1371,13652
1372,13652
1373,13652
1374,13676
1375,13693
1376,13705
1377,13714
1378,13722
1379,13730
1380,13733
1381,13733
1382,13733
1383,13733
1384,13756
1385,13773
1386,13785
1387,13794
1388,13802
1389,13810
1390,13814
1391,13814
1392,13814
1393,13814
1394,13838
1395,13855
1396,13867
1397,13876
1398,13884
1399,13892
1400,13895
1401,13895
1402,13895
1403,13895
1404,13919
1405,13936
1406,13948
1407,13957
1408,13965
1409,13973
1410,13976
1411,13976
1412,13976
1413,13976
1414,14000
1415,14017
1416,14029
1417,14038
1418,14046
1419,14054
1420,14057
1421,14057
1422,14057
1423,14057
1424,14081
1425,14099
1426,14111
1427,14120
1428,14128
1429,14136
1430,14138
1431,14138
1432,14138
1433,14138
1434,14162
1435,14179
1436,14191
1437,14200
1438,14208
1439,14216
1440,14218
1441,14218
1442,14218
1443,14218
1444,14242
1445,14259
1446,14271
1447,14280
1448,14288
1449,14296
1450,14299
1451,14299
1452,14299
1453,14299
1454,14324
1455,14341
1456,14353
1457,14362
1458,14370
1459,14378
1460,14380
1461,14380
1462,14380
1463,14380
1464,14404
1465,14421
1466,14433
1467,14442
1468,14450
1469,14458
1470,14461
1471,14461
1472,14461
1473,14461
1474,14485
1475,14502
1476,14514
1477,14523
1478,14531
1479,14539
1480,14541
1481,14541
1482,14541
1483,14541
1484,14566
1485,14583
1486,14595
1487,14604
1488,14612
1489,14620
1490,14622
1491,14622
1492,14622
1493,14622
1494,14646
1495,14663
1496,14675
1497,14684
1498,14692
1499,14700
1500,14703
1501,14703
1502,14703
1503,14703
1504,14728
1505,14745
1506,14757
1507,14766
1508,14774
1509,14782
1510,14784
1511,14784
1512,14784
1513,14784
1514,14808
1515,14826
1516,14838
1517,14847
1518,14855
1519,14863
1520,14865
1521,14865
1522,14865
1523,14865
1524,14889
1525,14907
1526,14919
1527,14928
1528,14936
1529,14944
1530,14946
1531,14946
1532,14946
1533,14946
1534,14971
1535,14988
1536,15000
1537,15009
1538,15017
1539,15025
1540,15027
1541,15027
1542,15027
1543,15027
1544,15052
1545,15070
1546,15082
1547,15091
1548,15099
1549,15107
1550,15108
1551,15108
1552,15108
1553,15108
1554,15133
1555,15151
1556,15163
1557,15172
1558,15180
1559,15188
1560,15189
1561,15189
1562,15189
1563,15189
1564,15214
1565,15232
1566,15244
1567,15253
1568,15261
1569,15269
1570,15270
1571,15270
1572,15270
1573,15270
1574,15295
1575,15313
1576,15325
1577,15334
1578,15342
1579,15350
1580,15351
1581,15351
1582,15351
1583,15351
1584,15376
1585,15394
1586,15406
1587,15415
1588,15423
1589,15431
1590,15432
1591,15432
1592,15432
1593,15432
1594,15457
1595,15475
1596,15488
1597,15497
1598,15505
1599,15513
1600,15513
1601,15513
1602,15513
1603,15513
1604,15538
1605,15556
1606,15568
1607,15577
1608,15585
1609,15593
1610,15594
1611,15594
1612,15594
1613,15594
1614,15619
1615,15637
1616,15649
1617,15658
1618,15666
1619,15674
1620,15675
1621,15675
1622,15675
1623,15675
1624,15700
1625,15718
1626,15730
1627,15739
1628,15747
1629,15755
1630,15756
1631,15756
1632,15756
1633,15756
1634,15782
1635,15800
1636,15812
1637,15821
1638,15829
1639,15837
1640,15837
1641,15837
1642,15837
1643,15837
1644,15863
1645,15881
1646,15893
1647,15902
1648,15910
1649,15918
1650,15918
1651,15918
1652,15918
1653,15918
1654,15944
1655,15962
1656,15974
1657,15983
1658,15991
1659,15999
1660,15999
1661,15999
1662,15999
1663,15999
1664,16025
1665,16043
1666,16056
1667,16065
1668,16073
1669,16080
1670,16080
1671,16080
1672,16080
1673,16080
1674,16106
1675,16124
1676,16136
1677,16145
1678,16153
1679,16161
1680,16161
1681,16161
1682,16161
1683,16161
1684,16187
1685,16205
1686,16217
1687,16226
1688,16234
1689,16242
1690,16242
1691,16242
1692,16242
1693,16242
1694,16268
1695,16286
1696,16298
1697,16307
1698,16316
1699,16323
1700,16323
1701,16323
1702,16323
1703,16323
1704,16349
1705,16367
1706,16379
1707,16388
1708,16397
1709,16404
1710,16404
1711,16404
1712,16404
1713,16404
1714,16430
1715,16448
1716,16460
1717,16469
1718,16478
1719,16485
1720,16485
1721,16485
1722,16485
1723,16485
1724,16511
1725,16529
1726,16541
1727,16550
1728,16559
1729,16566
1730,16566
1731,16566
1732,16566
1733,16566
1734,16593
1735,16611
1736,16624
1737,16633
1738,16642
1739,16647
1740,16647
1741,16647
1742,16647
1743,16647
1744,16673
1745,16691
1746,16704
1747,16713
1748,16722
1749,16728
1750,16728
1751,16728
1752,16728
1753,16728
1754,16755
1755,16773
1756,16785
1757,16794
1758,16803
1759,16809
1760,16809
1761,16809
1762,16809
1763,16809
1764,16836
1765,16854
1766,16867
1767,16876
1768,16885
1769,16890
1770,16890
1771,16890
1772,16890
1773,16890
1774,16917
1775,16935
1776,16947
1777,16956
1778,16965
1779,16971
1780,16971
1781,16971
1782,16971
1783,16971
1784,16998
1785,17017
1786,17029
1787,17038
1788,17047
1789,17052
1790,17052
1791,17052
1792,17052
1793,17052
1794,17079
1795,17097
1796,17110
1797,17119
1798,17128
1799,17133
1800,17133
1801,17133
1802,17133
1803,17133
1804,17160
1805,17178
1806,17190
1807,17199
1808,17208
1809,17214
1810,17214
1811,17214
1812,17214
1813,17214
1814,17241
1815,17259
1816,17272
1817,17281
1818,17290
1819,17295
1820,17295
1821,17295
1822,17295
1823,17295
1824,17322
1825,17340
1826,17352
1827,17361
1828,17370
1829,17376
1830,17376
1831,17376
1832,17376
1833,17376
1834,17403
1835,17421
1836,17434
1837,17443
1838,17452
1839,17457
1840,17457
1841,17457
1842,17457
1843,17457
1844,17484
1845,17503
1846,17515
1847,17524
1848,17533
1849,17538
1850,17538
1851,17538
1852,17538
1853,17538
1854,17565
1855,17584
1856,17596
1857,17605
1858,17614
1859,17619
1860,17619
1861,17619
1862,17619
1863,17619
1864,17647
1865,17665
1866,17677
1867,17686
1868,17695
1869,17700
1870,17700
1871,17700
1872,17700
1873,17700
1874,17728
1875,17746
1876,17758
1877,17767
1878,17776
1879,17781
1880,17781
1881,17781
1882,17781
1883,17781
1884,17809
1885,17828
1886,17840
1887,17849
1888,17858
1889,17862
1890,17862
1891,17862
1892,17862
1893,17862
1894,17890
1895,17909
1896,17921
1897,17930
1898,17939
1899,17943
1900,17943
1901,17943
1902,17943
1903,17943
1904,17971
1905,17989
1906,18001
1907,18010
1908,18019
1909,18024
1910,18024
1911,18024
1912,18024
1913,18024
1914,18052
1915,18071
1916,18083
1917,18092
1918,18101
1919,18105
1920,18105
1921,18105
1922,18105
1923,18105
1924,18133
1925,18151
1926,18163
1927,18172
1928,18181
1929,18186
1930,18186
1931,18186
1932,18186
1933,18186
1934,18214
1935,18233
1936,18245
1937,18254
1938,18263
1939,18267
1940,18267
1941,18267
1942,18267
1943,18267
1944,18295
1945,18313
1946,18326
1947,18335
1948,18344
1949,18348
1950,18348
1951,18348
1952,18348
1953,18348
1954,18376
1955,18395
1956,18407
1957,18416
1958,18425
1959,18429
1960,18429
1961,18429
1962,18429
1963,18429
1964,18457
1965,18476
1966,18488
1967,18497
1968,18506
1969,18510
1970,18510
1971,18510
1972,18510
1973,18510
1974,18538
1975,18557
1976,18569
1977,18579
1978,18588
1979,18591
1980,18591
1981,18591
1982,18591
1983,18591
1984,18619
1985,18638
1986,18651
1987,18660
1988,18669
1989,18672
1990,18672
1991,18672
1992,18672
1993,18672
1994,18701
1995,18719
1996,18732
1997,18742
1998,18751
1999,18753
2000,18753
2001,18753
2002,18753
2003,18753
2004,18781
2005,18800
2006,18812
2007,18822
2008,18831
2009,18834
2010,18834
2011,18834
2012,18834
2013,18834
2014,18863
2015,18882
2016,18894
2017,18904
2018,18913
2019,18915
2020,18915
2021,18915
2022,18915
2023,18915
2024,18944
2025,18963
2026,18975
2027,18985
2028,18994
2029,18996
2030,18996
2031,18996
2032,18996
2033,18996
2034,19025
2035,19044
2036,19056
2037,19065
2038,19075
2039,19077
2040,19077
2041,19077
2042,19077
2043,19077
2044,19106
2045,19125
2046,19137
2047,19147
2048,19157
2049,19158
2050,19158
2051,19158
2052,19158
2053,19158
2054,19187
2055,19206
2056,19218
2057,19228
2058,19238
2059,19239
2060,19239
2061,19239
2062,19239
2063,19239
2064,19268
2065,19287
2066,19299
2067,19309
2068,19319
2069,19320
2070,19320
2071,19320
2072,19320
2073,19320
2074,19349
2075,19368
2076,19380
2077,19390
2078,19400
2079,19401
2080,19401
2081,19401
2082,19401
2083,19401
2084,19430
2085,19449
2086,19461
2087,19471
2088,19481
2089,19482
2090,19482
2091,19482
2092,19482
2093,19482
2094,19511
2095,19530
2096,19542
2097,19552
2098,19562
2099,19563
2100,19563
2101,19563
2102,19563
2103,19563
2104,19592
2105,19611
2106,19623
2107,19633
2108,19643
2109,19645
2110,19645
2111,19645
2112,19645
2113,19645
2114,19674
2115,19694
2116,19706
2117,19716
2118,19726
2119,19727
2120,19727
2121,19727
2122,19727
2123,19727
2124,19756
2125,19775
2126,19787
2127,19797
2128,19807
2129,19808
2130,19808
2131,19808
2132,19808
2133,19808
2134,19837
2135,19856
2136,19868
2137,19878
2138,19888
2139,19889
2140,19889
2141,19889
2142,19889
2143,19889
2144,19919
2145,19938
2146,19950
2147,19960
2148,19970
2149,19970
2150,19970
2151,19970
2152,19970
2153,19970
2154,20000
2155,20019
2156,20031
2157,20041
2158,20051
2159,20052
2160,20052
2161,20052
2162,20052
2163,20052
2164,20082
2165,20101
2166,20113
2167,20123
2168,20133
2169,20134
2170,20134
2171,20134
2172,20134
2173,20134
2174,20164
2175,20184
2176,20196
2177,20206
2178,20216
2179,20216
2180,20216
2181,20216
2182,20216
2183,20216
2184,20246
2185,20265
2186,20278
2187,20288
2188,20298
2189,20298
2190,20298
2191,20298
2192,20298
2193,20298
2194,20328
2195,20347
2196,20359
2197,20369
2198,20379
2199,20379
2200,20379
2201,20379
2202,20379
2203,20379
2204,20409
2205,20428
2206,20440
2207,20450
2208,20460
2209,20460
2210,20460
2211,20460
2212,20460
2213,20460
2214,20490
2215,20509
2216,20521
2217,20531
2218,20541
2219,20541
2220,20541
2221,20541
2222,20541
2223,20541
2224,20571
2225,20591
2226,20603
2227,20613
2228,20623
2229,20623
2230,20623
2231,20623
2232,20623
2233,20623
2234,20653
2235,20672
2236,20684
2237,20694
2238,20704
2239,20704
2240,20704
2241,20704
2242,20704
2243,20704
2244,20734
2245,20753
2246,20765
2247,20775
2248,20785
2249,20785
2250,20785
2251,20785
2252,20785
2253,20785
2254,20815
2255,20834
2256,20847
2257,20857
2258,20867
2259,20867
2260,20867
2261,20867
2262,20867
2263,20867
2264,20897
2265,20916
2266,20928
2267,20938
2268,20948
2269,20948
2270,20948
2271,20948
2272,20948
2273,20948
2274,20978
2275,20997
2276,21010
2277,21020
2278,21030
2279,21030
2280,21030
2281,21030
2282,21030
2283,21030
2284,21060
2285,21079
2286,21092
2287,21102
2288,21111
2289,21111
2290,21111
2291,21111
2292,21111
2293,21111
2294,21141
2295,21160
2296,21173
2297,21183
2298,21193
2299,21193
2300,21193
2301,21193
2302,21193
2303,21193
2304,21224
2305,21243
2306,21255
2307,21265
2308,21274
2309,21274
2310,21274
2311,21274
2312,21274
2313,21274
2314,21304
2315,21323
2316,21335
2317,21345
2318,21355
2319,21355
2320,21355
2321,21355
2322,21355
2323,21355
2324,21385
2325,21404
2326,21416
2327,21426
2328,21436
2329,21437
2330,21437
2331,21437
2332,21437
2333,21437
2334,21468
2335,21487
2336,21499
2337,21509
2338,21518
2339,21518
2340,21518
2341,21518
2342,21518
2343,21518
2344,21548
2345,21568
2346,21580
2347,21590
2348,21600
2349,21600
2350,21600
2351,21600
2352,21600
2353,21600
2354,21631
2355,21650
2356,21662
2357,21672
2358,21682
2359,21682
2360,21682
2361,21682
2362,21682
2363,21682
2364,21712
2365,21731
2366,21743
2367,21753
2368,21763
2369,21763
2370,21763
2371,21763
2372,21763
2373,21763
2374,21794
2375,21813
2376,21825
2377,21835
2378,21845
2379,21845
2380,21845
2381,21845
2382,21845
2383,21845
2384,21876
2385,21895
2386,21907
2387,21917
2388,21926
2389,21926
2390,21926
2391,21926
2392,21926
2393,21926
2394,21956
2395,21975
2396,21987
2397,21997
2398,22007
2399,22007
2400,22007
2401,22007
2402,22007
2403,22007
2404,22037
2405,22057
2406,22069
2407,22079
2408,22089
2409,22089
2410,22089
2411,22089
2412,22089
2413,22089
2414,22119
2415,22138
2416,22151
2417,22161
2418,22170
2419,22170
2420,22170
2421,22170
2422,22170
2423,22170
2424,22200
2425,22219
2426,22231
2427,22241
2428,22251
2429,22251
2430,22251
2431,22251
2432,22251
2433,22251
2434,22281
2435,22300
2436,22312
2437,22322
2438,22332
2439,22333
2440,22333
2441,22333
2442,22333
2443,22333
2444,22363
2445,22382
2446,22394
2447,22404
2448,22414
2449,22414
2450,22414
2451,22414
2452,22414
2453,22414
2454,22444
2455,22463
2456,22475
2457,22485
2458,22495
2459,22496
2460,22496
2461,22496
2462,22496
2463,22496
2464,22526
2465,22545
2466,22558
2467,22568
2468,22578
2469,22578
2470,22578
2471,22578
2472,22578
2473,22578
2474,22608
2475,22627
2476,22639
2477,22649
2478,22659
2479,22659
2480,22659
2481,22659
2482,22659
2483,22659
2484,22689
2485,22708
2486,22720
2487,22730
2488,22740
2489,22741
2490,22741
2491,22741
2492,22741
2493,22741
2494,22771
2495,22790
2496,22802
2497,22812
2498,22822
2499,22823
2500,22823
2501,22823
2502,22823
2503,22823
2504,22853
2505,22872
2506,22884
2507,22894
2508,22904
2509,22904
2510,22904
2511,22904
2512,22904
2513,22904
2514,22934
2515,22953
2516,22965
2517,22975
2518,22985
2519,22985
2520,22985
2521,22985
2522,22985
2523,22985
2524,23015
2525,23034
2526,23046
2527,23056
2528,23066
2529,23067
2530,23067
2531,23067
2532,23067
2533,23067
2534,23097
2535,23116
2536,23128
2537,23138
2538,23148
2539,23148
2540,23148
2541,23148
2542,23148
2543,23148
2544,23178
2545,23197
2546,23209
2547,23219
2548,23229
2549,23229
2550,23229
2551,23229
2552,23229
2553,23229
2554,23259
2555,23278
2556,23290
2557,23300
2558,23310
2559,23311
2560,23311
2561,23311
2562,23311
2563,23311
2564,23340
2565,23359
2566,23372
2567,23382
2568,23392
2569,23392
2570,23392
2571,23392
2572,23392
2573,23392
2574,23422
2575,23441
2576,23453
2577,23463
2578,23473
2579,23474
2580,23474
2581,23474
2582,23474
2583,23474
2584,23503
2585,23522
2586,23534
2587,23544
2588,23554
2589,23555
2590,23555
2591,23555
2592,23555
2593,23555
2594,23584
2595,23603
2596,23615
2597,23625
2598,23635
2599,23636
2600,23636
2601,23636
2602,23636
2603,23636
2604,23665
2605,23684
2606,23696
2607,23706
2608,23716
2609,23717
2610,23717
2611,23717
2612,23717
2613,23717
2614,23746
2615,23765
2616,23777
2617,23787
2618,23797
2619,23798
2620,23798
2621,23798
2622,23798
2623,23798
2624,23828
2625,23847
2626,23859
2627,23869
2628,23879
2629,23880
2630,23880
2631,23880
2632,23880
2633,23880
2634,23909
2635,23928
2636,23940
2637,23950
2638,23960
2639,23961
2640,23961
2641,23961
2642,23961
2643,23961
2644,23991
2645,24010
2646,24022
2647,24032
2648,24042
2649,24042
2650,24042
2651,24042
2652,24042
2653,24042
2654,24071
2655,24090
2656,24102
2657,24112
2658,24122
2659,24123
2660,24123
2661,24123
2662,24123
2663,24123
2664,24152
2665,24171
2666,24183
2667,24193
2668,24203
2669,24205
2670,24205
2671,24205
2672,24205
2673,24205
2674,24234
2675,24253
2676,24265
2677,24275
2678,24284
2679,24286
2680,24286
2681,24286
2682,24286
2683,24286
2684,24315
2685,24334
2686,24346
2687,24355
2688,24364
2689,24367
2690,24367
2691,24367
2692,24367
2693,24367
2694,24396
2695,24415
2696,24427
2697,24437
2698,24446
2699,24449
2700,24449
2701,24449
2702,24449
2703,24449
2704,24478
2705,24497
2706,24509
2707,24519
2708,24528
2709,24530
2710,24530
2711,24530
2712,24530
2713,24530
2714,24559
2715,24578
2716,24590
2717,24600
2718,24609
2719,24611
2720,24611
2721,24611
2722,24611
2723,24611
2724,24640
2725,24659
2726,24671
2727,24680
2728,24689
2729,24693
2730,24693
2731,24693
2732,24693
2733,24693
2734,24722
2735,24741
2736,24753
2737,24763
2738,24772
2739,24775
2740,24775
2741,24775
2742,24775
2743,24775
2744,24803
2745,24822
2746,24834
2747,24843
2748,24852
2749,24856
2750,24856
2751,24856
2752,24856
2753,24856
2754,24885
2755,24904
2756,24916
2757,24925
2758,24934
2759,24937
2760,24937
2761,24937
2762,24937
2763,24937
2764,24966
2765,24985
2766,24997
2767,25006
2768,25015
2769,25018
2770,25018
2771,25018
2772,25018
2773,25018
2774,25046
2775,25065
2776,25077
2777,25086
2778,25095
2779,25100
2780,25100
2781,25100
2782,25100
2783,25100
2784,25128
2785,25147
2786,25159
2787,25169
2788,25178
2789,25182
2790,25182
2791,25182
2792,25182
2793,25182
2794,25210
2795,25229
2796,25241
2797,25250
2798,25259
2799,25263
2800,25263
2801,25263
2802,25263
2803,25263
2804,25291
2805,25310
2806,25322
2807,25331
2808,25340
2809,25344
2810,25344
2811,25344
2812,25344
2813,25344
2814,25373
2815,25392
2816,25404
2817,25413
2818,25422
2819,25426
2820,25426
2821,25426
2822,25426
2823,25426
2824,25454
2825,25473
2826,25485
2827,25494
2828,25503
2829,25507
2830,25507
2831,25507
2832,25507
2833,25507
2834,25535
2835,25554
2836,25567
2837,25576
2838,25585
2839,25589
2840,25589
2841,25589
2842,25589
2843,25589
2844,25617
2845,25636
2846,25648
2847,25657
2848,25666
2849,25670
2850,25670
2851,25670
2852,25670
2853,25670
2854,25699
2855,25718
2856,25730
2857,25739
2858,25748
2859,25751
2860,25751
2861,25751
2862,25751
2863,25751
2864,25779
2865,25798
2866,25810
2867,25819
2868,25828
2869,25833
2870,25833
2871,25833
2872,25833
2873,25833
2874,25861
2875,25880
2876,25893
2877,25902
2878,25911
2879,25915
2880,25915
2881,25915
2882,25915
2883,25915
2884,25943
2885,25962
2886,25974
2887,25983
2888,25992
2889,25996
2890,25996
2891,25996
2892,25996
2893,25996
2894,26024
2895,26043
2896,26055
2897,26065
2898,26074
2899,26078
2900,26078
2901,26078
2902,26078
2903,26078
2904,26106
2905,26125
2906,26137
2907,26146
2908,26155
2909,26160
2910,26160
2911,26160
2912,26160
2913,26160
2914,26188
2915,26207
2916,26219
2917,26228
2918,26237
2919,26242
2920,26242
2921,26242
2922,26242
2923,26242
2924,26270
2925,26289
2926,26301
2927,26310
2928,26319
2929,26323
2930,26323
2931,26323
2932,26323
2933,26323
2934,26351
2935,26370
2936,26382
2937,26391
2938,26400
2939,26404
2940,26404
2941,26404
2942,26404
2943,26404
2944,26433
2945,26452
2946,26464
2947,26473
2948,26482
2949,26485
2950,26485
2951,26485
2952,26485
2953,26485
2954,26513
2955,26532
2956,26544
2957,26553
2958,26562
2959,26566
2960,26566
2961,26566
2962,26566
2963,26566
2964,26594
2965,26613
2966,26625
2967,26634
2968,26643
2969,26647
2970,26647
2971,26647
2972,26647
2973,26647
2974,26675
2975,26694
2976,26707
2977,26716
2978,26725
2979,26728
2980,26728
2981,26728
2982,26728
2983,26728
2984,26757
2985,26776
2986,26788
2987,26797
2988,26806
2989,26810
2990,26810
2991,26810
2992,26810
2993,26810
2994,26838
2995,26857
2996,26869
2997,26878
2998,26887
2999,26892
3000,26892
3001,26892
3002,26892
3003,26892
3004,26920
3005,26939
3006,26951
3007,26960
3008,26969
3009,26974
3010,26974
3011,26974
3012,26974
3013,26974
3014,27002
3015,27021
3016,27033
3017,27042
3018,27051
3019,27056
3020,27056
3021,27056
3022,27056
3023,27056
3024,27084
3025,27103
3026,27115
3027,27124
3028,27133
3029,27137
3030,27137
3031,27137
3032,27137
3033,27137
3034,27165
3035,27184
3036,27196
3037,27205
3038,27214
3039,27219
3040,27219
3041,27219
3042,27219
3043,27219
3044,27247
3045,27265
3046,27278
3047,27287
3048,27296
3049,27301
3050,27301
3051,27301
3052,27301
3053,27301
3054,27329
3055,27348
3056,27360
3057,27369
3058,27378
3059,27383
3060,27383
3061,27383
3062,27383
3063,27383
3064,27411
3065,27430
3066,27442
3067,27451
3068,27460
3069,27465
3070,27465
3071,27465
3072,27465
3073,27465
3074,27493
3075,27511
3076,27523
3077,27532
3078,27541
3079,27547
3080,27547
3081,27547
3082,27547
3083,27547
3084,27575
3085,27593
3086,27605
3087,27614
3088,27623
3089,27629
3090,27629
3091,27629
3092,27629
3093,27629
3094,27657
3095,27676
3096,27688
3097,27697
3098,27706
3099,27711
3100,27711
3101,27711
3102,27711
3103,27711
3104,27739
3105,27757
3106,27769
3107,27778
3108,27787
3109,27793
3110,27793
3111,27793
3112,27793
3113,27793
3114,27821
3115,27839
3116,27852
3117,27861
3118,27870
3119,27875
3120,27875
3121,27875
3122,27875
3123,27875
3124,27903
3125,27922
3126,27934
3127,27943
3128,27952
3129,27957
3130,27957
3131,27957
3132,27957
3133,27957
3134,27985
3135,28004
3136,28016
3137,28025
3138,28034
3139,28039
3140,28039
3141,28039
3142,28039
3143,28039
3144,28067
3145,28086
3146,28098
3147,28107
3148,28116
3149,28121
3150,28121
3151,28121
3152,28121
3153,28121
3154,28149
3155,28167
3156,28180
3157,28189
3158,28198
3159,28203
3160,28203
3161,28203
3162,28203
3163,28203
3164,28231
3165,28250
3166,28262
3167,28271
3168,28280
3169,28285
3170,28285
3171,28285
3172,28285
3173,28285
3174,28313
3175,28332
3176,28344
3177,28353
3178,28362
3179,28367
3180,28367
3181,28367
3182,28367
3183,28367
3184,28395
3185,28413
3186,28426
3187,28435
3188,28444
3189,28449
3190,28449
3191,28449
3192,28449
3193,28449
3194,28477
3195,28496
3196,28508
3197,28517
3198,28526
3199,28531
3200,28531
3201,28531
3202,28531
3203,28531
3204,28559
3205,28577
3206,28590
3207,28599
3208,28608
3209,28613
3210,28613
3211,28613
3212,28613
3213,28613
3214,28641
3215,28659
3216,28671
3217,28680
3218,28689
3219,28695
3220,28695
3221,28695
3222,28695
3223,28695
3224,28722
3225,28741
3226,28753
3227,28762
3228,28771
3229,28777
3230,28777
3231,28777
3232,28777
3233,28777
3234,28805
3235,28823
3236,28835
3237,28844
3238,28853
3239,28859
3240,28859
3241,28859
3242,28859
3243,28859
3244,28886
3245,28905
3246,28917
3247,28926
3248,28935
3249,28941
3250,28941
3251,28941
3252,28941
3253,28941
3254,28968
3255,28986
3256,28998
3257,29007
3258,29016
3259,29023
3260,29023
3261,29023
3262,29023
3263,29023
3264,29050
3265,29068
3266,29080
3267,29089
3268,29098
3269,29105
3270,29105
3271,29105
3272,29105
3273,29105
3274,29132
3275,29150
3276,29162
3277,29171
3278,29180
3279,29187
3280,29187
3281,29187
3282,29187
3283,29187
3284,29214
3285,29232
3286,29245
3287,29254
3288,29263
3289,29269
3290,29269
3291,29269
3292,29269
3293,29269
3294,29296
3295,29314
3296,29327
3297,29336
3298,29345
3299,29351
3300,29351
3301,29351
3302,29351
3303,29351
3304,29378
3305,29396
3306,29408
3307,29417
3308,29426
3309,29433
3310,29433
3311,29433
3312,29433
3313,29433
3314,29460
3315,29478
3316,29490
3317,29499
3318,29508
3319,29515
3320,29515
3321,29515
3322,29515
3323,29515
3324,29542
3325,29560
3326,29572
3327,29581
3328,29590
3329,29597
3330,29597
3331,29597
3332,29597
3333,29597
3334,29624
3335,29642
3336,29654
3337,29663
3338,29672
3339,29679
3340,29679
3341,29679
3342,29679
3343,29679
3344,29706
3345,29724
3346,29736
3347,29745
3348,29754
3349,29761
3350,29761
3351,29761
3352,29761
3353,29761
3354,29788
3355,29806
3356,29819
3357,29828
3358,29837
3359,29843
3360,29843
3361,29843
3362,29843
3363,29843
3364,29870
3365,29888
3366,29900
3367,29909
3368,29918
3369,29925
3370,29925
3371,29925
3372,29925
3373,29925
3374,29952
3375,29970
3376,29982
3377,29991
3378,30000
3379,30007
3380,30007
3381,30007
3382,30007
3383,30007
3384,30034
3385,30052
3386,30064
3387,30073
3388,30082
3389,30089
3390,30089
3391,30089
3392,30089
3393,30089
3394,30116
3395,30134
3396,30146
3397,30155
3398,30163
3399,30171
3400,30171
3401,30171
3402,30171
3403,30171
3404,30197
3405,30215
3406,30228
3407,30237
3408,30246
3409,30253
3410,30253
3411,30253
3412,30253
3413,30253
3414,30279
3415,30297
3416,30310
3417,30319
3418,30327
3419,30335
3420,30335
3421,30335
3422,30335
3423,30335
3424,30361
3425,30379
3426,30391
3427,30400
3428,30408
3429,30416
3430,30417
3431,30417
3432,30417
3433,30417
3434,30443
3435,30461
3436,30473
3437,30482
3438,30490
3439,30498
3440,30499
3441,30499
3442,30499
3443,30499
3444,30525
3445,30543
3446,30555
3447,30564
3448,30572
3449,30580
3450,30581
3451,30581
3452,30581
3453,30581
3454,30607
3455,30625
3456,30637
3457,30646
3458,30654
3459,30662
3460,30663
3461,30663
3462,30663
3463,30663
3464,30689
3465,30707
3466,30720
3467,30729
3468,30737
3469,30745
3470,30745
3471,30745
3472,30745
3473,30745
3474,30771
3475,30789
3476,30801
3477,30810
3478,30818
3479,30826
3480,30827
3481,30827
3482,30827
3483,30827
3484,30853
3485,30871
3486,30883
3487,30892
3488,30900
3489,30908
3490,30909
3491,30909
3492,30909
3493,30909
3494,30935
3495,30953
3496,30966
3497,30975
3498,30983
3499,30991
3500,30991
3501,30991
3502,30991
3503,30991
3504,31017
3505,31035
3506,31047
3507,31056
3508,31064
3509,31072
3510,31073
3511,31073
3512,31073
3513,31073
3514,31099
3515,31117
3516,31129
3517,31138
3518,31146
3519,31154
3520,31155
3521,31155
3522,31155
3523,31155
3524,31181
3525,31199
3526,31211
3527,31220
3528,31228
3529,31236
3530,31237
3531,31237
3532,31237
3533,31237
3534,31263
3535,31281
3536,31293
3537,31302
3538,31310
3539,31318
3540,31319
3541,31319
3542,31319
3543,31319
3544,31345
3545,31363
3546,31376
3547,31385
3548,31393
3549,31401
3550,31401
3551,31401
3552,31401
3553,31401
3554,31427
3555,31445
3556,31457
3557,31466
3558,31474
3559,31482
3560,31483
3561,31483
3562,31483
3563,31483
3564,31509
3565,31527
3566,31539
3567,31548
3568,31556
3569,31564
3570,31565
3571,31565
3572,31565
3573,31565
3574,31591
3575,31609
3576,31621
3577,31630
3578,31638
3579,31646
3580,31647
3581,31647
3582,31647
3583,31647
3584,31673
3585,31691
3586,31703
3587,31712
3588,31720
3589,31728
3590,31729
3591,31729
3592,31729
3593,31729
3594,31755
3595,31773
3596,31785
3597,31794
3598,31802
3599,31810
3600,31811
3601,31811
3602,31811
3603,31811
3604,31837
3605,31855
3606,31867
3607,31876
3608,31884
3609,31892
3610,31893
3611,31893
3612,31893
3613,31893
3614,31919
3615,31937
3616,31949
3617,31958
3618,31966
3619,31974
3620,31975
3621,31975
3622,31975
3623,31975
3624,32001
3625,32019
3626,32031
3627,32040
3628,32048
3629,32056
3630,32057
3631,32057
3632,32057
3633,32057
3634,32083
3635,32101
3636,32113
3637,32122
3638,32130
3639,32138
3640,32139
3641,32139
3642,32139
3643,32139
3644,32165
3645,32183
3646,32195
3647,32204
3648,32212
3649,32220
3650,32221
3651,32221
3652,32221
3653,32221
3654,32247
3655,32265
3656,32277
3657,32286
3658,32294
3659,32302
3660,32303
3661,32303
3662,32303
3663,32303
3664,32329
3665,32347
3666,32359
3667,32368
3668,32376
3669,32384
3670,32385
3671,32385
3672,32385
3673,32385
3674,32411
3675,32429
3676,32441
3677,32450
3678,32458
3679,32466
3680,32467
3681,32467
3682,32467
3683,32467
3684,32493
3685,32511
3686,32523
3687,32532
3688,32540
3689,32548
3690,32549
3691,32549
3692,32549
3693,32549
3694,32575
3695,32593
3696,32605
3697,32614
3698,32622
3699,32630
3700,32631
3701,32631
3702,32631
3703,32631
3704,32657
3705,32675
3706,32687
3707,32696
3708,32704
3709,32712
3710,32713
3711,32713
3712,32713
3713,32713
3714,32739
3715,32757
3716,32769
3717,32778
3718,32786
3719,32794
3720,32795
3721,32795
3722,32795
3723,32795
3724,32821
3725,32839
3726,32851
3727,32860
3728,32868
3729,32876
3730,32877
3731,32877
3732,32877
3733,32877
3734,32903
3735,32921
3736,32933
3737,32942
3738,32950
3739,32958
3740,32959
3741,32959
3742,32959
3743,32959
3744,32985
3745,33003
3746,33015
3747,33024
3748,33032
3749,33040
3750,33041
3751,33041
3752,33041
3753,33041
3754,33067
3755,33085
3756,33097
3757,33106
3758,33114
3759,33122
3760,33123
3761,33123
3762,33123
3763,33123
3764,33149
3765,33167
3766,33180
3767,33189
3768,33197
3769,33205
3770,33205
3771,33205
3772,33205
3773,33205
3774,33231
3775,33249
3776,33261
3777,33270
3778,33278
3779,33286
3780,33287
3781,33287
3782,33287
3783,33287
3784,33313
3785,33331
3786,33343
3787,33352
3788,33360
3789,33368
3790,33369
3791,33369
3792,33369
3793,33369
3794,33395
3795,33413
3796,33426
3797,33435
3798,33443
3799,33451
3800,33451
3801,33451
3802,33451
3803,33451
3804,33477
3805,33495
3806,33507
3807,33516
3808,33524
3809,33532
3810,33533
3811,33533
3812,33533
3813,33533
3814,33559
3815,33577
3816,33589
3817,33598
3818,33606
3819,33614
3820,33615
3821,33615
3822,33615
3823,33615
3824,33641
3825,33659
3826,33671
3827,33680
3828,33688
3829,33696
3830,33698
3831,33698
3832,33698
3833,33698
3834,33724
3835,33742
3836,33754
3837,33763
3838,33771
3839,33779
3840,33780
3841,33780
3842,33780
3843,33780
3844,33806
3845,33824
3846,33836
3847,33845
3848,33853
3849,33861
3850,33862
3851,33862
3852,33862
3853,33862
3854,33888
3855,33906
3856,33918
3857,33927
3858,33935
3859,33943
3860,33944
3861,33944
3862,33944
3863,33944
3864,33970
3865,33988
3866,34000
3867,34009
3868,34017
3869,34025
3870,34026
3871,34026
3872,34026
3873,34026
3874,34052
3875,34070
3876,34082
3877,34091
3878,34099
3879,34107
3880,34108
3881,34108
3882,34108
3883,34108
3884,34134
3885,34152
3886,34164
3887,34173
3888,34181
3889,34189
3890,34190
3891,34190
3892,34190
3893,34190
3894,34216
3895,34234
3896,34246
3897,34255
3898,34263
3899,34271
3900,34272
3901,34272
3902,34272
3903,34272
3904,34298
3905,34316
3906,34328
3907,34337
3908,34345
3909,34353
3910,34354
3911,34354
3912,34354
3913,34354
3914,34380
3915,34398
3916,34410
3917,34419
3918,34427
3919,34435
3920,34436
3921,34436
3922,34436
3923,34436
3924,34462
3925,34480
3926,34492
3927,34501
3928,34509
3929,34517
3930,34518
3931,34518
3932,34518
3933,34518
3934,34544
3935,34562
3936,34574
3937,34583
3938,34591
3939,34599
3940,34600
3941,34600
3942,34600
3943,34600
3944,34626
3945,34644
3946,34656
3947,34665
3948,34673
3949,34681
3950,34682
3951,34682
3952,34682
3953,34682
3954,34708
3955,34726
3956,34738
3957,34747
3958,34755
3959,34763
3960,34764
3961,34764
3962,34764
3963,34764
3964,34790
3965,34808
3966,34820
3967,34829
3968,34837
3969,34845
3970,34846
3971,34846
3972,34846
3973,34846
3974,34872
3975,34890
3976,34902
3977,34911
3978,34919
3979,34927
3980,34928
3981,34928
3982,34928
3983,34928
3984,34954
3985,34972
3986,34985
3987,34994
3988,35002
3989,35010
3990,35010
3991,35010
3992,35010
3993,35010
3994,35036
3995,35054
3996,35066
3997,35075
3998,35083
3999,35091
4000,35092
4001,35092
4002,35092
4003,35092
4004,35118
4005,35136
4006,35148
4007,35157
4008,35165
4009,35173
4010,35174
4011,35174
4012,35174
4013,35174
4014,35200
4015,35218
4016,35231
4017,35240
4018,35248
4019,35256
4020,35256
4021,35256
4022,35256
4023,35256
4024,35282
4025,35300
4026,35312
4027,35321
4028,35329
4029,35337
4030,35338
4031,35338
4032,35338
4033,35338
4034,35364
4035,35382
4036,35394
4037,35403
4038,35411
4039,35419
4040,35420
4041,35420
4042,35420
4043,35420
4044,35446
4045,35464
4046,35476
4047,35485
4048,35493
4049,35501
4050,35502
4051,35502
4052,35502
4053,35502
4054,35528
4055,35546
4056,35558
4057,35567
4058,35575
4059,35583
4060,35584
4061,35584
4062,35584
4063,35584
4064,35610
4065,35629
4066,35641
4067,35650
4068,35658
4069,35666
4070,35666
4071,35666
4072,35666
4073,35666
4074,35692
4075,35710
4076,35723
4077,35732
4078,35740
4079,35748
4080,35748
4081,35748
4082,35748
4083,35748
4084,35774
4085,35792
4086,35805
4087,35814
4088,35822
4089,35830
4090,35830
4091,35830
4092,35830
4093,35830
4094,35856
4095,35874
4096,35886
4097,35895
4098,35903
4099,35911
4100,35912
4101,35912
4102,35912
4103,35912
4104,35938
4105,35956
4106,35968
4107,35977
4108,35985
4109,35993
4110,35994
4111,35994
4112,35994
4113,35994
4114,36020
4115,36038
4116,36050
4117,36059
4118,36067
4119,36075
4120,36076
4121,36076
4122,36076
4123,36076
4124,36102
4125,36120
4126,36132
4127,36141
4128,36149
4129,36157
4130,36158
4131,36158
4132,36158
4133,36158
4134,36184
4135,36202
4136,36214
4137,36223
4138,36231
4139,36239
4140,36240
4141,36240
4142,36240
4143,36240
4144,36266
4145,36284
4146,36296
4147,36305
4148,36313
4149,36321
4150,36322
4151,36322
4152,36322
4153,36322
4154,36348
4155,36366
4156,36378
4157,36387
4158,36395
4159,36403
4160,36404
4161,36404
4162,36404
4163,36404
4164,36430
4165,36448
4166,36461
4167,36470
4168,36478
4169,36486
4170,36486
4171,36486
4172,36486
4173,36486
4174,36512
4175,36531
4176,36543
4177,36552
4178,36560
4179,36568
4180,36568
4181,36568
4182,36568
4183,36568
4184,36595
4185,36613
4186,36625
4187,36634
4188,36642
4189,36650
4190,36650
4191,36650
4192,36650
4193,36650
4194,36676
4195,36694
4196,36707
4197,36716
4198,36724
4199,36732
4200,36732
4201,36732
4202,36732
4203,36732
4204,36759
4205,36777
4206,36789
4207,36798
4208,36806
4209,36814
4210,36814
4211,36814
4212,36814
4213,36814
4214,36840
4215,36858
4216,36870
4217,36879
4218,36887
4219,36895
4220,36896
4221,36896
4222,36896
4223,36896
4224,36922
4225,36940
4226,36952
4227,36961
4228,36969
4229,36977
4230,36978
4231,36978
4232,36978
4233,36978
4234,37005
4235,37023
4236,37035
4237,37044
4238,37052
4239,37060
4240,37060
4241,37060
4242,37060
4243,37060
4244,37087
4245,37105
4246,37117
4247,37126
4248,37134
4249,37142
4250,37142
4251,37142
4252,37142
4253,37142
4254,37169
4255,37187
4256,37199
4257,37208
4258,37216
4259,37224
4260,37224
4261,37224
4262,37224
4263,37224
4264,37251
4265,37269
4266,37281
4267,37290
4268,37299
4269,37306
4270,37306
4271,37306
4272,37306
4273,37306
4274,37333
4275,37351
4276,37363
4277,37372
4278,37380
4279,37388
4280,37388
4281,37388
4282,37388
4283,37388
4284,37414
4285,37432
4286,37444
4287,37453
4288,37462
4289,37470
4290,37470
4291,37470
4292,37470
4293,37470
4294,37496
4295,37514
4296,37526
4297,37535
4298,37544
4299,37552
4300,37552
4301,37552
4302,37552
4303,37552
4304,37579
4305,37597
4306,37610
4307,37619
4308,37628
4309,37634
4310,37634
4311,37634
4312,37634
4313,37634
4314,37661
4315,37679
4316,37691
4317,37700
4318,37709
4319,37716
4320,37716
4321,37716
4322,37716
4323,37716
4324,37743
4325,37761
4326,37773
4327,37782
4328,37791
4329,37798
4330,37798
4331,37798
4332,37798
4333,37798
4334,37825
4335,37843
4336,37855
4337,37864
4338,37872
4339,37880
4340,37880
4341,37880
4342,37880
4343,37880
4344,37907
4345,37925
4346,37937
4347,37946
4348,37955
4349,37962
4350,37962
4351,37962
4352,37962
4353,37962
4354,37989
4355,38007
4356,38019
4357,38028
4358,38037
4359,38044
4360,38044
4361,38044
4362,38044
4363,38044
4364,38071
4365,38089
4366,38101
4367,38110
4368,38119
4369,38126
4370,38126
4371,38126
4372,38126
4373,38126
4374,38153
4375,38171
4376,38183
4377,38192
4378,38201
4379,38208
4380,38208
4381,38208
4382,38208
4383,38208
4384,38235
4385,38254
4386,38266
4387,38275
4388,38284
4389,38290
4390,38290
4391,38290
4392,38290
4393,38290
4394,38317
4395,38335
4396,38347
4397,38356
4398,38365
4399,38372
4400,38372
4401,38372
4402,38372
4403,38372
4404,38399
4405,38417
4406,38429
4407,38438
4408,38447
4409,38454
4410,38454
4411,38454
4412,38454
4413,38454
4414,38481
4415,38499
4416,38511
4417,38520
4418,38529
4419,38536
4420,38536
4421,38536
4422,38536
4423,38536
4424,38562
4425,38580
4426,38593
4427,38602
4428,38611
4429,38618
4430,38618
4431,38618
4432,38618
4433,38618
4434,38645
4435,38663
4436,38675
4437,38684
4438,38692
4439,38700
4440,38700
4441,38700
4442,38700
4443,38700
4444,38727
4445,38745
4446,38758
4447,38767
4448,38776
4449,38782
4450,38782
4451,38782
4452,38782
4453,38782
4454,38809
4455,38827
4456,38840
4457,38849
4458,38858
4459,38864
4460,38864
4461,38864
4462,38864
4463,38864
4464,38891
4465,38909
4466,38921
4467,38930
4468,38939
4469,38946
4470,38946
4471,38946
4472,38946
4473,38946
4474,38973
4475,38991
4476,39003
4477,39012
4478,39021
4479,39028
4480,39028
4481,39028
4482,39028
4483,39028
4484,39055
4485,39073
4486,39086
4487,39095
4488,39104
4489,39110
4490,39110
4491,39110
4492,39110
4493,39110
4494,39137
4495,39155
4496,39168
4497,39177
4498,39186
4499,39192
4500,39192
4501,39192
4502,39192
4503,39192
4504,39219
4505,39237
4506,39250
4507,39259
4508,39268
4509,39274
4510,39274
4511,39274
4512,39274
4513,39274
4514,39301
4515,39319
4516,39331
4517,39340
4518,39349
4519,39356
4520,39356
4521,39356
4522,39356
4523,39356
4524,39383
4525,39402
4526,39414
4527,39423
4528,39432
4529,39438
4530,39438
4531,39438
4532,39438
4533,39438
4534,39465
4535,39483
4536,39495
4537,39504
4538,39513
4539,39520
4540,39520
4541,39520
4542,39520
4543,39520
4544,39547
4545,39566
4546,39578
4547,39587
4548,39596
4549,39602
4550,39602
4551,39602
4552,39602
4553,39602
4554,39629
4555,39647
4556,39659
4557,39668
4558,39677
4559,39684
4560,39684
4561,39684
4562,39684
4563,39684
4564,39711
4565,39729
4566,39741
4567,39750
4568,39759
4569,39766
4570,39766
4571,39766
4572,39766
4573,39766
4574,39793
4575,39811
4576,39823
4577,39832
4578,39841
4579,39848
4580,39848
4581,39848
4582,39848
4583,39848
4584,39875
4585,39893
4586,39905
4587,39914
4588,39923
4589,39930
4590,39930
4591,39930
4592,39930
4593,39930
4594,39957
4595,39976
4596,39988
4597,39997
4598,40006
4599,40012
4600,40012
4601,40012
4602,40012
4603,40012
4604,40039
4605,40057
4606,40069
4607,40078
4608,40087
4609,40094
4610,40094
4611,40094
4612,40094
4613,40094
4614,40121
4615,40140
4616,40152
4617,40161
4618,40170
4619,40176
4620,40176
4621,40176
4622,40176
4623,40176
4624,40203
4625,40222
4626,40234
4627,40243
4628,40252
4629,40258
4630,40258
4631,40258
4632,40258
4633,40258
4634,40286
4635,40304
4636,40316
4637,40325
4638,40334
4639,40340
4640,40340
4641,40340
4642,40340
4643,40340
4644,40367
4645,40386
4646,40398
4647,40407
4648,40416
4649,40422
4650,40422
4651,40422
4652,40422
4653,40422
4654,40449
4655,40467
4656,40480
4657,40489
4658,40498
4659,40504
4660,40504
4661,40504
4662,40504
4663,40504
4664,40531
4665,40549
4666,40562
4667,40571
4668,40580
4669,40586
4670,40586
4671,40586
4672,40586
4673,40586
4674,40613
4675,40631
4676,40643
4677,40652
4678,40661
4679,40668
4680,40668
4681,40668
4682,40668
4683,40668
4684,40695
4685,40713
4686,40726
4687,40735
4688,40744
4689,40750
4690,40750
4691,40750
4692,40750
4693,40750
4694,40777
4695,40795
4696,40808
4697,40817
4698,40826
4699,40832
4700,40832
4701,40832
4702,40832
4703,40832
4704,40859
4705,40877
4706,40890
4707,40899
4708,40908
4709,40914
4710,40914
4711,40914
4712,40914
4713,40914
4714,40941
4715,40959
4716,40972
4717,40981
4718,40990
4719,40996
4720,40996
4721,40996
4722,40996
4723,40996
4724,41023
4725,41041
4726,41053
4727,41062
4728,41071
4729,41078
4730,41078
4731,41078
4732,41078
4733,41078
4734,41105
4735,41124
4736,41136
4737,41145
4738,41154
4739,41160
4740,41160
4741,41160
4742,41160
4743,41160
4744,41187
4745,41205
4746,41218
4747,41227
4748,41236
4749,41242
4750,41242
4751,41242
4752,41242
4753,41242
4754,41269
4755,41287
4756,41300
4757,41309
4758,41318
4759,41324
4760,41324
4761,41324
4762,41324
4763,41324
4764,41352
4765,41370
4766,41383
4767,41392
4768,41401
4769,41407
4770,41407
4771,41407
4772,41407
4773,41407
4774,41435
4775,41453
4776,41465
4777,41474
4778,41483
4779,41489
4780,41489
4781,41489
4782,41489
4783,41489
4784,41516
4785,41535
4786,41547
4787,41556
4788,41565
4789,41571
4790,41571
4791,41571
4792,41571
4793,41571
4794,41598
4795,41617
4796,41629
4797,41638
4798,41647
4799,41653
4800,41653
4801,41653
4802,41653
4803,41653
4804,41680
4805,41698
4806,41711
4807,41720
4808,41729
4809,41735
4810,41735
4811,41735
4812,41735
4813,41735
4814,41762
4815,41781
4816,41793
4817,41802
4818,41811
4819,41817
4820,41817
4821,41817
4822,41817
4823,41817
4824,41845
4825,41863
4826,41875
4827,41884
4828,41893
4829,41899
4830,41899
4831,41899
4832,41899
4833,41899
4834,41926
4835,41945
4836,41957
4837,41966
4838,41975
4839,41981
4840,41981
4841,41981
4842,41981
4843,41981
4844,42008
4845,42027
4846,42039
4847,42048
4848,42057
4849,42063
4850,42063
4851,42063
4852,42063
4853,42063
4854,42091
4855,42110
4856,42122
4857,42131
4858,42140
4859,42146
4860,42146
4861,42146
4862,42146
4863,42146
4864,42173
4865,42192
4866,42204
4867,42213
4868,42222
4869,42228
4870,42228
4871,42228
4872,42228
4873,42228
4874,42255
4875,42274
4876,42286
4877,42295
4878,42304
4879,42310
4880,42310
4881,42310
4882,42310
4883,42310
4884,42337
4885,42356
4886,42368
4887,42377
4888,42386
4889,42393
4890,42393
4891,42393
4892,42393
4893,42393
4894,42420
4895,42439
4896,42451
4897,42460
4898,42469
4899,42475
4900,42475
4901,42475
4902,42475
4903,42475
4904,42503
4905,42522
4906,42534
4907,42543
4908,42552
4909,42557
4910,42557
4911,42557
4912,42557
4913,42557
4914,42585
4915,42603
4916,42615
4917,42624
4918,42633
4919,42639
4920,42639
4921,42639
4922,42639
4923,42639
4924,42666
4925,42685
4926,42697
4927,42706
4928,42715
4929,42721
4930,42721
4931,42721
4932,42721
4933,42721
4934,42748
4935,42767
4936,42779
4937,42788
4938,42797
4939,42803
4940,42803
4941,42803
4942,42803
4943,42803
4944,42831
4945,42849
4946,42862
4947,42871
4948,42880
4949,42885
4950,42885
4951,42885
4952,42885
4953,42885
4954,42912
4955,42931
4956,42943
4957,42952
4958,42961
4959,42967
4960,42967
4961,42967
4962,42967
4963,42967
4964,42995
4965,43013
4966,43025
4967,43034
4968,43043
4969,43049
4970,43049
4971,43049
4972,43049
4973,43049
4974,43076
4975,43094
4976,43107
4977,43116
4978,43125
4979,43131
4980,43131
4981,43131
4982,43131
4983,43131
4984,43159
4985,43177
4986,43189
4987,43198
4988,43207
4989,43214
4990,43214
4991,43214
4992,43214
4993,43214
4994,43242
4995,43260
4996,43272
4997,43281
4998,43290
4999,43296
5000,43296
5001,43296
5002,43296
5003,43296
5004,43324
5005,43343
5006,43355
5007,43364
5008,43373
5009,43378
5010,43378
5011,43378
5012,43378
5013,43378
5014,43406
5015,43424
5016,43436
5017,43445
5018,43454
5019,43460
5020,43460
5021,43460
5022,43460
5023,43460
5024,43487
5025,43506
5026,43518
5027,43527
5028,43536
5029,43543
5030,43543
5031,43543
5032,43543
5033,43543
5034,43570
5035,43589
5036,43601
5037,43610
5038,43619
5039,43625
5040,43625
5041,43625
5042,43625
5043,43625
5044,43652
5045,43671
5046,43683
5047,43692
5048,43701
5049,43707
5050,43707
5051,43707
5052,43707
5053,43707
5054,43735
5055,43754
5056,43766
5057,43775
5058,43784
5059,43790
5060,43790
5061,43790
5062,43790
5063,43790
5064,43818
5065,43837
5066,43849
5067,43858
5068,43867
5069,43872
5070,43872
5071,43872
5072,43872
5073,43872
5074,43900
5075,43919
5076,43931
5077,43940
5078,43949
5079,43954
5080,43954
5081,43954
5082,43954
5083,43954
5084,43982
5085,44001
5086,44013
5087,44022
5088,44031
5089,44036
5090,44036
5091,44036
5092,44036
5093,44036
5094,44064
5095,44083
5096,44095
5097,44104
5098,44113
5099,44118
5100,44118
5101,44118
5102,44118
5103,44118
5104,44146
5105,44165
5106,44177
5107,44186
5108,44195
5109,44200
5110,44200
5111,44200
5112,44200
5113,44200
5114,44228
5115,44247
5116,44259
5117,44268
5118,44277
5119,44283
5120,44283
5121,44283
5122,44283
5123,44283
5124,44311
5125,44330
5126,44342
5127,44351
5128,44360
5129,44366
5130,44366
5131,44366
5132,44366
5133,44366
5134,44394
5135,44412
5136,44425
5137,44434
5138,44443
5139,44448
5140,44448
5141,44448
5142,44448
5143,44448
5144,44475
5145,44494
5146,44507
5147,44516
5148,44525
5149,44530
5150,44530
5151,44530
5152,44530
5153,44530
5154,44559
5155,44577
5156,44589
5157,44598
5158,44607
5159,44613
5160,44613
5161,44613
5162,44613
5163,44613
5164,44641
5165,44660
5166,44672
5167,44681
5168,44690
5169,44696
5170,44696
5171,44696
5172,44696
5173,44696
5174,44724
5175,44742
5176,44755
5177,44764
5178,44773
5179,44778
5180,44778
5181,44778
5182,44778
5183,44778
5184,44806
5185,44825
5186,44837
5187,44846
5188,44855
5189,44860
5190,44860
5191,44860
5192,44860
5193,44860
5194,44887
5195,44906
5196,44918
5197,44927
5198,44936
5199,44942
5200,44942
5201,44942
5202,44942
5203,44942
5204,44970
5205,44989
5206,45001
5207,45010
5208,45019
5209,45024
5210,45024
5211,45024
5212,45024
5213,45024
5214,45052
5215,45070
5216,45082
5217,45091
5218,45100
5219,45106
5220,45106
5221,45106
5222,45106
5223,45106
5224,45134
5225,45153
5226,45165
5227,45174
5228,45183
5229,45188
5230,45188
5231,45188
5232,45188
5233,45188
5234,45216
5235,45234
5236,45246
5237,45255
5238,45264
5239,45270
5240,45270
5241,45270
5242,45270
5243,45270
5244,45298
5245,45316
5246,45328
5247,45337
5248,45346
5249,45353
5250,45353
5251,45353
5252,45353
5253,45353
5254,45381
5255,45400
5256,45412
5257,45421
5258,45430
5259,45436
5260,45436
5261,45436
5262,45436
5263,45436
5264,45464
5265,45483
5266,45496
5267,45505
5268,45514
5269,45519
5270,45519
5271,45519
5272,45519
5273,45519
5274,45547
5275,45566
5276,45578
5277,45587
5278,45596
5279,45601
5280,45601
5281,45601
5282,45601
5283,45601
5284,45629
5285,45648
5286,45660
5287,45669
5288,45678
5289,45683
5290,45683
5291,45683
5292,45683
5293,45683
5294,45711
5295,45730
5296,45742
5297,45751
5298,45760
5299,45766
5300,45766
5301,45766
5302,45766
5303,45766
5304,45794
5305,45813
5306,45825
5307,45834
5308,45843
5309,45848
5310,45848
5311,45848
5312,45848
5313,45848
5314,45876
5315,45895
5316,45908
5317,45917
5318,45926
5319,45930
5320,45930
5321,45930
5322,45930
5323,45930
5324,45958
5325,45977
5326,45989
5327,45998
5328,46007
5329,46012
5330,46012
5331,46012
5332,46012
5333,46012
5334,46040
5335,46059
5336,46071
5337,46080
5338,46089
5339,46094
5340,46094
5341,46094
5342,46094
5343,46094
5344,46122
5345,46141
5346,46153
5347,46162
5348,46171
5349,46177
5350,46177
5351,46177
5352,46177
5353,46177
5354,46205
5355,46224
5356,46236
5357,46245
5358,46254
5359,46259
5360,46259
5361,46259
5362,46259
5363,46259
5364,46287
5365,46306
5366,46318
5367,46328
5368,46337
5369,46342
5370,46342
5371,46342
5372,46342
5373,46342
5374,46370
5375,46389
5376,46401
5377,46410
5378,46419
5379,46424
5380,46424
5381,46424
5382,46424
5383,46424
5384,46452
5385,46471
5386,46483
5387,46493
5388,46502
5389,46507
5390,46507
5391,46507
5392,46507
5393,46507
5394,46535
5395,46554
5396,46566
5397,46575
5398,46584
5399,46589
5400,46589
5401,46589
5402,46589
5403,46589
5404,46618
5405,46636
5406,46649
5407,46658
5408,46667
5409,46672
5410,46672
5411,46672
5412,46672
5413,46672
5414,46700
5415,46719
5416,46731
5417,46740
5418,46749
5419,46754
5420,46754
5421,46754
5422,46754
5423,46754
5424,46782
5425,46801
5426,46814
5427,46823
5428,46832
5429,46837
5430,46837
5431,46837
5432,46837
5433,46837
5434,46865
5435,46884
5436,46896
5437,46905
5438,46914
5439,46919
5440,46919
5441,46919
5442,46919
5443,46919
5444,46947
5445,46966
5446,46978
5447,46987
5448,46996
5449,47001
5450,47001
5451,47001
5452,47001
5453,47001
5454,47029
5455,47048
5456,47060
5457,47069
5458,47078
5459,47083
5460,47083
5461,47083
5462,47083
5463,47083
5464,47111
5465,47130
5466,47143
5467,47152
5468,47161
5469,47166
5470,47166
5471,47166
5472,47166
5473,47166
5474,47194
5475,47213
5476,47226
5477,47235
5478,47244
5479,47249
5480,47249
5481,47249
5482,47249
5483,47249
5484,47277
5485,47296
5486,47308
5487,47317
5488,47326
5489,47331
5490,47331
5491,47331
5492,47331
5493,47331
5494,47359
5495,47378
5496,47390
5497,47399
5498,47408
5499,47413
5500,47413
5501,47413
5502,47413
5503,47413
5504,47441
5505,47460
5506,47473
5507,47482
5508,47491
5509,47496
5510,47496
5511,47496
5512,47496
5513,47496
5514,47524
5515,47543
5516,47555
5517,47564
5518,47573
5519,47578
5520,47578
5521,47578
5522,47578
5523,47578
5524,47606
5525,47625
5526,47637
5527,47646
5528,47655
5529,47660
5530,47660
5531,47660
5532,47660
5533,47660
5534,47688
5535,47707
5536,47719
5537,47728
5538,47737
5539,47742
5540,47742
5541,47742
5542,47742
5543,47742
5544,47770
5545,47789
5546,47801
5547,47810
5548,47819
5549,47824
5550,47824
5551,47824
5552,47824
5553,47824
5554,47852
5555,47870
5556,47883
5557,47892
5558,47901
5559,47906
5560,47906
5561,47906
5562,47906
5563,47906
5564,47934
5565,47952
5566,47965
5567,47974
5568,47983
5569,47988
5570,47988
5571,47988
5572,47988
5573,47988
5574,48015
5575,48034
5576,48046
5577,48055
5578,48064
5579,48070
5580,48070
5581,48070
5582,48070
5583,48070
5584,48097
5585,48116
5586,48129
5587,48138
5588,48147
5589,48152
5590,48152
5591,48152
5592,48152
5593,48152
5594,48180
5595,48198
5596,48211
5597,48220
5598,48229
5599,48234
5600,48234
5601,48234
5602,48234
5603,48234
5604,48262
5605,48281
5606,48293
5607,48302
5608,48311
5609,48316
5610,48316
5611,48316
5612,48316
5613,48316
5614,48344
5615,48363
5616,48375
5617,48384
5618,48393
5619,48398
5620,48398
5621,48398
5622,48398
5623,48398
5624,48426
5625,48445
5626,48457
5627,48466
5628,48475
5629,48480
5630,48480
5631,48480
5632,48480
5633,48480
5634,48509
5635,48527
5636,48539
5637,48548
5638,48557
5639,48563
5640,48563
5641,48563
5642,48563
5643,48563
5644,48591
5645,48609
5646,48622
5647,48631
5648,48640
5649,48645
5650,48645
5651,48645
5652,48645
5653,48645
5654,48673
5655,48691
5656,48704
5657,48713
5658,48722
5659,48727
5660,48727
5661,48727
5662,48727
5663,48727
5664,48755
5665,48773
5666,48786
5667,48795
5668,48804
5669,48810
5670,48810
5671,48810
5672,48810
5673,48810
5674,48837
5675,48856
5676,48869
5677,48878
5678,48887
5679,48892
5680,48892
5681,48892
5682,48892
5683,48892
5684,48920
5685,48939
5686,48951
5687,48960
5688,48969
5689,48974
5690,48974
5691,48974
5692,48974
5693,48974
5694,49002
5695,49020
5696,49033
5697,49042
5698,49051
5699,49056
5700,49056
5701,49056
5702,49056
5703,49056
5704,49083
5705,49102
5706,49115
5707,49124
5708,49133
5709,49139
5710,49139
5711,49139
5712,49139
5713,49139
5714,49167
5715,49185
5716,49197
5717,49206
5718,49215
5719,49221
5720,49221
5721,49221
5722,49221
5723,49221
5724,49249
5725,49267
5726,49280
5727,49289
5728,49298
5729,49303
5730,49303
5731,49303
5732,49303
5733,49303
5734,49330
5735,49349
5736,49362
5737,49371
5738,49380
5739,49385
5740,49385
5741,49385
5742,49385
5743,49385
5744,49412
5745,49431
5746,49443
5747,49452
5748,49461
5749,49467
5750,49467
5751,49467
5752,49467
5753,49467
5754,49494
5755,49513
5756,49525
5757,49534
5758,49543
5759,49549
5760,49549
5761,49549
5762,49549
5763,49549
5764,49576
5765,49595
5766,49608
5767,49617
5768,49626
5769,49631
5770,49631
5771,49631
5772,49631
5773,49631
5774,49659
5775,49677
5776,49690
5777,49699
5778,49708
5779,49713
5780,49713
5781,49713
5782,49713
5783,49713
5784,49741
5785,49759
5786,49771
5787,49780
5788,49789
5789,49795
5790,49795
5791,49795
5792,49795
5793,49795
5794,49822
5795,49841
5796,49853
5797,49862
5798,49871
5799,49877
5800,49877
5801,49877
5802,49877
5803,49877
5804,49905
5805,49923
5806,49935
5807,49944
5808,49953
5809,49959
5810,49959
5811,49959
5812,49959
5813,49959
5814,49986
5815,50005
5816,50017
5817,50026
5818,50035
5819,50041
5820,50041
5821,50041
5822,50041
5823,50041
5824,50069
5825,50087
5826,50099
5827,50108
5828,50117
5829,50123
5830,50123
5831,50123
5832,50123
5833,50123
5834,50151
5835,50170
5836,50182
5837,50191
5838,50200
5839,50205
5840,50205
5841,50205
5842,50205
5843,50205
5844,50232
5845,50251
5846,50264
5847,50273
5848,50282
5849,50288
5850,50288
5851,50288
5852,50288
5853,50288
5854,50315
5855,50334
5856,50346
5857,50355
5858,50364
5859,50370
5860,50370
5861,50370
5862,50370
5863,50370
5864,50397
5865,50416
5866,50428
5867,50437
5868,50446
5869,50452
5870,50452
5871,50452
5872,50452
5873,50452
5874,50479
5875,50498
5876,50510
5877,50519
5878,50528
5879,50535
5880,50535
5881,50535
5882,50535
5883,50535
5884,50562
5885,50581
5886,50593
5887,50602
5888,50611
5889,50617
5890,50617
5891,50617
5892,50617
5893,50617
5894,50644
5895,50663
5896,50676
5897,50685
5898,50694
5899,50700
5900,50700
5901,50700
5902,50700
5903,50700
5904,50728
5905,50746
5906,50759
5907,50768
5908,50777
5909,50782
5910,50782
5911,50782
5912,50782
5913,50782
5914,50810
5915,50828
5916,50840
5917,50849
5918,50858
5919,50864
5920,50864
5921,50864
5922,50864
5923,50864
5924,50891
5925,50910
5926,50922
5927,50931
5928,50940
5929,50946
5930,50946
5931,50946
5932,50946
5933,50946
5934,50973
5935,50992
5936,51004
5937,51013
5938,51022
5939,51028
5940,51028
5941,51028
5942,51028
5943,51028
5944,51055
5945,51074
5946,51086
5947,51095
5948,51104
5949,51110
5950,51110
5951,51110
5952,51110
5953,51110
5954,51137
5955,51156
5956,51168
5957,51177
5958,51186
5959,51192
5960,51192
5961,51192
5962,51192
5963,51192
5964,51220
5965,51238
5966,51251
5967,51260
5968,51269
5969,51274
5970,51274
5971,51274
5972,51274
5973,51274
5974,51274
5975,51274
5976,51274
5977,51274
5978,51274
5979,51274
5980,51274
5981,51274
5982,51274
5983,51274
5984,51274
5985,51274
5986,51274
5987,51274
5988,51274
5989,51274
5990,51274
5991,51274
5992,51274
5993,51274
5994,51274
5995,51274
5996,51274
5997,51274
5998,51274
5999,51274
6000,51274
6001,51274
6002,51274
6003,51274
6004,51302
6005,51321
6006,51334
6007,51343
6008,51352
6009,51357
6010,51357
6011,51357
6012,51357
6013,51357
6014,51385
6015,51404
6016,51417
6017,51426
6018,51435
6019,51441
6020,51441
6021,51441
6022,51441
6023,51441
6024,51469
6025,51488
6026,51501
6027,51510
6028,51519
6029,51524
6030,51524
6031,51524
6032,51524
6033,51524
6034,51552
6035,51571
6036,51583
6037,51592
6038,51601
6039,51607
6040,51607
6041,51607
6042,51607
6043,51607
6044,51635
6045,51654
6046,51667
6047,51676
6048,51685
6049,51690
6050,51690
6051,51690
6052,51690
6053,51690
6054,51718
6055,51737
6056,51750
6057,51759
6058,51768
6059,51773
6060,51773
6061,51773
6062,51773
6063,51773
6064,51801
6065,51820
6066,51832
6067,51841
6068,51850
6069,51856
6070,51856
6071,51856
6072,51856
6073,51856
6074,51884
6075,51903
6076,51916
6077,51925
6078,51934
6079,51939
6080,51939
6081,51939
6082,51939
6083,51939
6084,51967
6085,51986
6086,51998
6087,52007
6088,52016
6089,52022
6090,52022
6091,52022
6092,52022
6093,52022
6094,52050
6095,52069
6096,52081
6097,52090
6098,52099
6099,52105
6100,52105
6101,52105
6102,52105
6103,52105
6104,52133
6105,52152
6106,52164
6107,52173
6108,52182
6109,52188
6110,52188
6111,52188
6112,52188
6113,52188
6114,52216
6115,52235
6116,52248
6117,52257
6118,52266
6119,52271
6120,52271
6121,52271
6122,52271
6123,52271
6124,52299
6125,52317
6126,52330
6127,52339
6128,52348
6129,52354
6130,52354
6131,52354
6132,52354
6133,52354
6134,52382
6135,52401
6136,52413
6137,52422
6138,52431
6139,52437
6140,52437
6141,52437
6142,52437
6143,52437
6144,52465
6145,52483
6146,52496
6147,52505
6148,52514
6149,52520
6150,52520
6151,52520
6152,52520
6153,52520
6154,52548
6155,52567
6156,52579
6157,52588
6158,52597
6159,52603
6160,52603
6161,52603
6162,52603
6163,52603
6164,52631
6165,52650
6166,52662
6167,52671
6168,52680
6169,52686
6170,52686
6171,52686
6172,52686
6173,52686
6174,52714
6175,52733
6176,52745
6177,52754
6178,52763
6179,52769
6180,52769
6181,52769
6182,52769
6183,52769
6184,52797
6185,52816
6186,52828
6187,52837
6188,52846
6189,52852
6190,52852
6191,52852
6192,52852
6193,52852
6194,52880
6195,52899
6196,52911
6197,52920
6198,52929
6199,52935
6200,52935
6201,52935
6202,52935
6203,52935
6204,52962
6205,52981
6206,52993
6207,53002
6208,53011
6209,53018
6210,53018
6211,53018
6212,53018
6213,53018
6214,53045
6215,53064
6216,53077
6217,53086
6218,53095
6219,53100
6220,53100
6221,53100
6222,53100
6223,53100
6224,53128
6225,53146
6226,53159
6227,53168
6228,53177
6229,53183
6230,53183
6231,53183
6232,53183
6233,53183
6234,53211
6235,53230
6236,53242
6237,53251
6238,53260
6239,53266
6240,53266
6241,53266
6242,53266
6243,53266
6244,53293
6245,53312
6246,53325
6247,53334
6248,53343
6249,53348
6250,53348
6251,53348
6252,53348
6253,53348
6254,53375
6255,53394
6256,53406
6257,53415
6258,53424
6259,53430
6260,53430
6261,53430
6262,53430
6263,53430
6264,53457
6265,53476
6266,53488
6267,53497
6268,53506
6269,53512
6270,53512
6271,53512
6272,53512
6273,53512
6274,53540
6275,53558
6276,53570
6277,53579
6278,53588
6279,53595
6280,53595
6281,53595
6282,53595
6283,53595
6284,53596
6285,53597
6286,53598
6287,53599
6288,53600
6289,53601
6290,53602
6291,53603
6292,53604
6293,53605
6294,53606
6295,53607
6296,53608
6297,53609
6298,53610
6299,53611
6300,53612
6301,53613
6302,53614
6303,53615
6304,53616
6305,53617
6306,53618
6307,53619
6308,53620
6309,53621
6310,53622
6311,53623
6312,53624
6313,53625
6314,53626
6315,53627
6316,53628
6317,53629
6318,53630
6319,53631
6320,53632
6321,53633
6322,53634
6323,53635
6324,53636
6325,53637
6326,53638
6327,53639
6328,53640
6329,53642
6330,53643
6331,53644
6332,53645
6333,53646
6334,53647
6335,53649
6336,53650
6337,53652
6338,53653
6339,53654
6340,53655
6341,53656
6342,53657
6343,53658
6344,53659
6345,53660
6346,53661
6347,53663
6348,53665
6349,53666
6350,53668
6351,53670
6352,53671
6353,53672
6354,53674
6355,53676
6356,53678
6357,53679
6358,53681
6359,53683
6360,53685
6361,53687
6362,53689
6363,53691
6364,53693
6365,53695
6366,53697
6367,53699
6368,53701
6369,53703
6370,53705
6371,53707
6372,53709
6373,53711
6374,53713
6375,53715
6376,53717
6377,53719
6378,53721
6379,53723
6380,53725
6381,53727
6382,53729
6383,53731
6384,53733
6385,53735
6386,53737
6387,53739
6388,53741
6389,53743
6390,53745
6391,53747
6392,53749
6393,53751
6394,53753
6395,53755
6396,53757
6397,53759
6398,53761
6399,53763
6400,53765
6401,53767
6402,53769
6403,53771
6404,53773
6405,53775
6406,53777
6407,53779
6408,53781
6409,53783
6410,53785
6411,53787
6412,53789
6413,53791
6414,53793
6415,53795
6416,53797
6417,53799
6418,53801
6419,53803
6420,53805
6421,53807
6422,53809
6423,53811
6424,53813
6425,53815
6426,53817
6427,53819
6428,53821
6429,53822
6430,53823
6431,53825
6432,53827
6433,53828
6434,53829
6435,53830
6436,53831
6437,53832
6438,53833
6439,53834
6440,53835
6441,53837
6442,53839
6443,53841
6444,53843
6445,53845
6446,53847
6447,53849
6448,53851
6449,53852
6450,53853
6451,53854
6452,53855
6453,53856
6454,53857
6455,53858
6456,53860
6457,53861
6458,53862
6459,53863
6460,53864
6461,53865
6462,53866
6463,53867
6464,53868
6465,53869
6466,53870
6467,53871
6468,53872
6469,53873
6470,53874
6471,53875
6472,53876
6473,53877
6474,53878
6475,53879
6476,53880
6477,53881
6478,53882
6479,53883
6480,53884
6481,53885
6482,53886
6483,53887
6484,53888
6485,53889
6486,53890
6487,53891
6488,53892
6489,53893
6490,53894
6491,53895
6492,53896
6493,53897
6494,53898
6495,53899
6496,53900
6497,53900
6498,53900
6499,53900
6500,53900
6501,53900
6502,53900
6503,53900
6504,53900
6505,53900
6506,53900
6507,53900
6508,53900
6509,53900
6510,53900
6511,53900
6512,53900
6513,53900
6514,53900
6515,53900
6516,53900
6517,53900
6518,53900
6519,53900
6520,53900
6521,53900
6522,53900
6523,53900
6524,53900
6525,53900
6526,53900
6527,53900
6528,53900
6529,53900
6530,53900
6531,53900
6532,53900
6533,53900
6534,53900
6535,53900
6536,53900
6537,53900
6538,53900
6539,53900
6540,53900
6541,53900
6542,53900
6543,53900
6544,53900
6545,53900
6546,53900
6547,53900
6548,53900
6549,53900
6550,53900
6551,53900
6552,53900
6553,53900
6554,53900
6555,53900
6556,53900
6557,53900
6558,53900
6559,53900
6560,53900
6561,53900
6562,53900
6563,53900
6564,53900
6565,53900
6566,53900
6567,53900
6568,53900
6569,53900
6570,53900
6571,53900
6572,53900
6573,53900
6574,53900
6575,53900
6576,53900
6577,53900
6578,53900
6579,53900
6580,53900
6581,53900
6582,53900
6583,53900
6584,53900
6585,53900
6586,53900
6587,53900
6588,53900
6589,53900
6590,53900
6591,53900
6592,53900
6593,53900
6594,53900
6595,53900
6596,53900
6597,53900
6598,53900
6599,53900
6600,53900
6601,53900
6602,53900
6603,53900
6604,53900
6605,53900
6606,53900
6607,53900
6608,53900
6609,53900
6610,53900
6611,53900
6612,53900
6613,53900
6614,53900
6615,53900
6616,53900
6617,53900
6618,53900
6619,53900
6620,53900
6621,53900
6622,53900
6623,53900
6624,53900
6625,53900
6626,53900
6627,53900
6628,53900
6629,53900
6630,53900
6631,53900
6632,53900
6633,53900
6634,53900
6635,53900
6636,53900
6637,53900
6638,53900
6639,53900
6640,53900
6641,53900
6642,53900
6643,53900
6644,53900
6645,53900
6646,53900
6647,53900
6648,53900
6649,53900
6650,53900
6651,53900
6652,53900
6653,53900
6654,53900
6655,53900
6656,53900
6657,53900
6658,53900
6659,53900
6660,53900
6661,53900
6662,53900
6663,53900
6664,53900
6665,53900
6666,53900
6667,53900
6668,53900
6669,53900
6670,53900
6671,53900
6672,53900
6673,53900
6674,53900
6675,53900
6676,53900
6677,53900
6678,53900
6679,53900
6680,53900
6681,53900
6682,53900
6683,53900
6684,53900
6685,53900
6686,53900
6687,53900
6688,53900
6689,53900
6690,53900
6691,53900
6692,53900
6693,53900
6694,53900
6695,53900
6696,53900
6697,53900
6698,53900
6699,53900
6700,53900
6701,53900
6702,53900
6703,53900
6704,53900
6705,53900
6706,53900
6707,53900
6708,53900
6709,53900
6710,53900
6711,53900
6712,53900
6713,53900
6714,53900
6715,53900
6716,53900
6717,53900
6718,53900
6719,53900
6720,53900
6721,53900
6722,53900
6723,53900
6724,53900
6725,53900
6726,53900
6727,53900
6728,53900
6729,53900
6730,53900
6731,53900
6732,53900
6733,53900
6734,53900
6735,53900
6736,53900
6737,53900
6738,53900
6739,53900
6740,53900
6741,53900
6742,53900
6743,53900
6744,53900
6745,53900
6746,53900
6747,53900
6748,53900
6749,53900
6750,53900
6751,53900
6752,53900
6753,53900
6754,53900
6755,53900
6756,53900
6757,53900
6758,53900
6759,53900
6760,53900
6761,53900
6762,53900
6763,53900
6764,53900
6765,53900
6766,53900
6767,53900
6768,53900
6769,53900
6770,53900
6771,53900
6772,53900
6773,53900
6774,53900
6775,53900
6776,53900
6777,53900
6778,53900
6779,53900
6780,53900
6781,53900
6782,53900
6783,53900
6784,53900
6785,53900
6786,53900
6787,53900
6788,53900
6789,53900
6790,53900
6791,53900
6792,53900
6793,53900
6794,53900
6795,53900
6796,53900
6797,53900
6798,53900
6799,53900
6800,53900
6801,53900
6802,53900
6803,53900
6804,53900
6805,53900
6806,53900
6807,53900
6808,53900
6809,53900
6810,53900
6811,53900
6812,53900
6813,53900
6814,53900
6815,53900
6816,53900
6817,53900
6818,53900
6819,53900
6820,53900
6821,53900
6822,53900
6823,53900
6824,53900
6825,53900
6826,53900
6827,53900
6828,53900
6829,53900
6830,53900
6831,53900
6832,53900
6833,53900
6834,53900
6835,53900
6836,53900
6837,53900
6838,53900
6839,53900
6840,53900
6841,53900
6842,53900
6843,53900
6844,53900
6845,53900
6846,53900
6847,53900
6848,53900
6849,53900
6850,53900
6851,53900
6852,53900
6853,53900
6854,53900
6855,53900
6856,53900
6857,53900
6858,53900
6859,53900
6860,53900
6861,53900
6862,53900
6863,53900
6864,53900
6865,53900
6866,53900
6867,53900
6868,53900
6869,53900
6870,53900
6871,53900
6872,53900
6873,53900
6874,53900
6875,53900
6876,53900
6877,53900
6878,53900
6879,53889
6880,53878
6881,53867
6882,53856
6883,53845
6884,53834
6885,53823
6886,53813
6887,53801
6888,53791
6889,53781
6890,53771
6891,53762
6892,53751
6893,53741
6894,53731
6895,53722
6896,53713
6897,53703
6898,53694
6899,53686
6900,53677
6901,53669
6902,53661
6903,53654
6904,53648
6905,53643
6906,53637
6907,53633
6908,53627
6909,53622
6910,53618
6911,53614
6912,53610
6913,53607
6914,53604
6915,53601
6916,53599
6917,53597
6918,53596
6919,53594
6920,53594
6921,53594
6922,53594
6923,53594
6924,53594
6925,53594
6926,53594
6927,53594
6928,53594
6929,53594
6930,53594
6931,53594
6932,53594
6933,53594
6934,53594
6935,53594
6936,53594
6937,53594
6938,53594
6939,53594
6940,53594
6941,53594
6942,53594
6943,53594
6944,53594
6945,53594
6946,53594
6947,53594
6948,53594
6949,53594
6950,53594
6951,53594
6952,53594
6953,53594
6954,53594
6955,53594
6956,53594
6957,53594
6958,53594
6959,53594
6960,53594
6961,53594
6962,53594
6963,53594
6964,53594
6965,53594
6966,53594
6967,53594
6968,53594
6969,53594
6970,53594
6971,53594
6972,53594
6973,53594
6974,53594
6975,53594
6976,53594
6977,53594
6978,53594
6979,53594
6980,53594
6981,53594
6982,53594
6983,53594
6984,53594
6985,53594
6986,53594
6987,53594
6988,53594
6989,53594
6990,53594
6991,53594
6992,53594
6993,53594
6994,53594
6995,53594
6996,53594
6997,53594
6998,53594
6999,53594
7000,53594
7001,53594
7002,53594
7003,53594
7004,53594
7005,53594
7006,53594
7007,53594
7008,53594
7009,53594
7010,53594
7011,53594
7012,53594
7013,53594
7014,53594
7015,53594
7016,53594
7017,53594
7018,53594
7019,53594
7020,53594
7021,53594
7022,53594
7023,53594
7024,53594
7025,53594
7026,53594
7027,53594
7028,53594
7029,53594
7030,53594
7031,53594
7032,53594
7033,53594
7034,53594
7035,53594
7036,53594
7037,53594
7038,53594
7039,53594
7040,53594
7041,53594
7042,53593
7043,53592
7044,53591
7045,53590
7046,53588
7047,53587
7048,53585
7049,53583
7050,53581
7051,53579
7052,53577
7053,53575
7054,53573
7055,53571
7056,53569
7057,53567
7058,53566
7059,53564
7060,53562
7061,53560
7062,53558
7063,53556
7064,53554
7065,53552
7066,53550
7067,53548
7068,53546
7069,53544
7070,53542
7071,53540
7072,53538
7073,53536
7074,53534
7075,53532
7076,53530
7077,53528
7078,53526
7079,53524
7080,53521
7081,53519
7082,53517
7083,53515
7084,53512
7085,53510
7086,53508
7087,53506
7088,53503
7089,53501
7090,53499
7091,53497
7092,53495
7093,53492
7094,53490
7095,53488
7096,53485
7097,53482
7098,53480
7099,53477
7100,53474
7101,53472
7102,53470
7103,53468
7104,53465
7105,53462
7106,53459
7107,53456
7108,53453
7109,53450
7110,53447
7111,53444
7112,53441
7113,53438
7114,53435
7115,53432
7116,53429
7117,53426
7118,53423
7119,53420
7120,53417
7121,53414
7122,53411
7123,53408
7124,53405
7125,53402
7126,53399
7127,53396
7128,53393
7129,53390
7130,53387
7131,53384
7132,53381
7133,53378
7134,53375
7135,53372
7136,53369
7137,53366
7138,53363
7139,53360
7140,53357
7141,53354
7142,53351
7143,53348
7144,53345
7145,53342
7146,53339
7147,53336
7148,53333
7149,53330
7150,53327
7151,53324
7152,53321
7153,53318
7154,53315
7155,53312
7156,53309
7157,53306
7158,53303
7159,53300
7160,53297
7161,53294
7162,53291
7163,53288
7164,53285
7165,53282
7166,53279
7167,53276
7168,53273
7169,53270
7170,53267
7171,53264
7172,53261
7173,53258
7174,53255
7175,53252
7176,53249
7177,53245
7178,53242
7179,53238
7180,53235
7181,53232
7182,53229
7183,53226
7184,53223
7185,53220
7186,53217
7187,53213
7188,53210
7189,53207
7190,53204
7191,53201
7192,53198
7193,53195
7194,53191
7195,53188
7196,53185
7197,53182
7198,53179
7199,53176
7200,53173
7201,53170
7202,53167
7203,53164
7204,53161
7205,53158
7206,53155
7207,53152
7208,53149
7209,53145
7210,53142
7211,53139
7212,53136
7213,53133
7214,53130
7215,53127
7216,53124
7217,53121
7218,53118
7219,53114
7220,53111
7221,53108
7222,53105
7223,53102
7224,53098
7225,53095
7226,53092
7227,53089
7228,53086
7229,53083
7230,53080
7231,53077
7232,53074
7233,53070
7234,53066
7235,53063
7236,53060
7237,53057
7238,53054
7239,53051
7240,53048
7241,53045
7242,53042
7243,53039
7244,53036
7245,53033
7246,53030
7247,53027
7248,53023
7249,53020
7250,53016
7251,53013
7252,53010
7253,53007
7254,53004
7255,53001
7256,52998
7257,52995
7258,52991
7259,52987
7260,52984
7261,52981
7262,52978
7263,52975
7264,52972
7265,52969
7266,52966
7267,52963
7268,52960
7269,52957
7270,52954
7271,52951
7272,52948
7273,52944
7274,52940
7275,52937
7276,52934
7277,52931
7278,52928
7279,52925
7280,52922
7281,52919
7282,52916
7283,52912
7284,52908
7285,52905
7286,52902
7287,52899
7288,52896
7289,52892
7290,52889
7291,52886
7292,52882
7293,52878
7294,52875
7295,52871
7296,52867
7297,52864
7298,52860
7299,52856
7300,52852
7301,52848
7302,52845
7303,52842
7304,52838
7305,52834
7306,52830
7307,52826
7308,52822
7309,52818
7310,52814
7311,52810
7312,52806
7313,52802
7314,52798
7315,52794
7316,52790
7317,52786
7318,52782
7319,52778
7320,52774
7321,52770
7322,52766
7323,52762
7324,52758
7325,52754
7326,52750
7327,52746
7328,52742
7329,52738
7330,52734
7331,52730
7332,52726
7333,52722
7334,52718
7335,52714
7336,52710
7337,52706
7338,52702
7339,52698
7340,52694
7341,52690
7342,52686
7343,52682
7344,52678
7345,52674
7346,52670
7347,52666
7348,52662
7349,52658
7350,52654
7351,52650
7352,52646
7353,52642
7354,52638
7355,52634
7356,52630
7357,52626
7358,52622
7359,52618
7360,52614
7361,52610
7362,52606
7363,52602
7364,52598
7365,52594
7366,52590
7367,52586
7368,52582
7369,52578
7370,52574
7371,52570
7372,52566
7373,52562
7374,52558
7375,52553
7376,52549
7377,52545
7378,52541
7379,52537
7380,52533
7381,52529
7382,52525
7383,52520
7384,52516
7385,52512
7386,52508
7387,52504
7388,52499
7389,52495
7390,52474
7391,52452
7392,52430
7393,52408
7394,52385
7395,52360
7396,52335
7397,52309
7398,52283
7399,52257
7400,52231
7401,52204
7402,52177
7403,52151
7404,52122
7405,52094
7406,52066
7407,52037
7408,52008
7409,51980
7410,51952
7411,51924
7412,51896
7413,51867
7414,51838
7415,51808
7416,51778
7417,51747
7418,51716
7419,51687
7420,51655
7421,51623
7422,51591
7423,51559
7424,51527
7425,51496
7426,51465
7427,51433
7428,51401
7429,51369
7430,51337
7431,51304
7432,51271
7433,51237
7434,51203
7435,51171
7436,51138
7437,51105
7438,51072
7439,51038
7440,51003
7441,50969
7442,50935
7443,50902
7444,50867
7445,50832
7446,50797
7447,50762
7448,50728
7449,50694
7450,50660
7451,50625
7452,50589
7453,50555
7454,50520
7455,50485
7456,50450
7457,50416
7458,50382
7459,50348
7460,50314
7461,50280
7462,50245
7463,50210
7464,50175
7465,50141
7466,50106
7467,50071
7468,50036
7469,50001
7470,49967
7471,49933
7472,49898
7473,49862
7474,49826
7475,49791
7476,49757
7477,49720
7478,49685
7479,49650
7480,49615
7481,49579
7482,49544
7483,49508
7484,49473
7485,49438
7486,49404
7487,49370
7488,49335
7489,49301
7490,49268
7491,49233
7492,49198
7493,49163
7494,49130
7495,49096
7496,49062
7497,49027
7498,48992
7499,48957
7500,48923
7501,48889
7502,48855
7503,48822
7504,48789
7505,48755
7506,48722
7507,48688
7508,48655
7509,48622
7510,48589
7511,48555
7512,48523
7513,48491
7514,48459
7515,48427
7516,48395
7517,48362
7518,48330
7519,48299
7520,48267
7521,48235
7522,48204
7523,48172
7524,48140
7525,48108
7526,48077
7527,48046
7528,48015
7529,47984
7530,47953
7531,47923
7532,47892
7533,47862
7534,47832
7535,47802
7536,47772
7537,47742
7538,47712
7539,47682
7540,47653
7541,47624
7542,47595
7543,47566
7544,47537
7545,47508
7546,47480
7547,47452
7548,47423
7549,47395
7550,47368
7551,47341
7552,47314
7553,47287
7554,47260
7555,47234
7556,47208
7557,47182
7558,47156
7559,47130
7560,47104
7561,47079
7562,47054
7563,47029
7564,47004
7565,46979
7566,46955
7567,46930
7568,46906
7569,46882
7570,46857
7571,46833
7572,46809
7573,46785
7574,46762
7575,46739
7576,46716
7577,46692
7578,46669
7579,46646
7580,46623
7581,46601
7582,46579
7583,46557
7584,46535
7585,46514
7586,46493
7587,46472
7588,46451
7589,46430
7590,46409
7591,46388
7592,46368
7593,46348
7594,46328
7595,46308
7596,46288
7597,46268
7598,46248
7599,46228
7600,46208
7601,46188
7602,46169
7603,46150
7604,46131
7605,46112
7606,46093
7607,46074
7608,46056
7609,46038
7610,46020
7611,46002
7612,45984
7613,45966
7614,45948
7615,45931
7616,45913
7617,45896
7618,45878
7619,45861
7620,45844
7621,45827
7622,45810
7623,45794
7624,45778
7625,45762
7626,45746
7627,45730
7628,45714
7629,45698
7630,45682
7631,45667
7632,45652
7633,45637
7634,45622
7635,45607
7636,45592
7637,45577
7638,45562
7639,45547
7640,45532
7641,45518
7642,45503
7643,45489
7644,45475
7645,45461
7646,45447
7647,45433
7648,45420
7649,45407
7650,45393
7651,45380
7652,45367
7653,45354
7654,45341
7655,45328
7656,45315
7657,45302
7658,45289
7659,45277
7660,45264
7661,45252
7662,45240
7663,45228
7664,45216
7665,45204
7666,45192
7667,45180
7668,45168
7669,45156
7670,45144
7671,45132
7672,45119
7673,45107
7674,45095
7675,45083
7676,45071
7677,45059
7678,45047
7679,45035
7680,45023
7681,45011
7682,44999
7683,44987
7684,44975
7685,44963
7686,44951
7687,44939
7688,44927
7689,44915
7690,44903
7691,44890
7692,44878
7693,44865
7694,44853
7695,44841
7696,44829
7697,44816
7698,44804
7699,44792
7700,44780
7701,44768
7702,44756
7703,44743
7704,44730
7705,44717
7706,44704
7707,44691
7708,44678
7709,44665
7710,44652
7711,44639
7712,44627
7713,44615
7714,44603
7715,44591
7716,44579
7717,44566
7718,44554
7719,44542
7720,44529
7721,44517
7722,44504
7723,44491
7724,44478
7725,44465
7726,44452
7727,44439
7728,44426
7729,44413
7730,44401
7731,44389
7732,44377
7733,44366
7734,44353
7735,44340
7736,44327
7737,44314
7738,44302
7739,44290
7740,44278
7741,44266
7742,44256
7743,44257
7744,44258
7745,44259
7746,44260
7747,44262
7748,44264
7749,44266
7750,44268
7751,44270
7752,44273
7753,44275
7754,44277
7755,44239
7756,44224
7757,44209
7758,44194
7759,44180
7760,44166
7761,44153
7762,44140
7763,44127
7764,44112
7765,44097
7766,44082
7767,44067
7768,44053
7769,44039
7770,44026
7771,44027
7772,44028
7773,44029
7774,44030
7775,44031
7776,44032
7777,44033
7778,44034
7779,44035
7780,44036
7781,44037
7782,44038
7783,44039
7784,44040
7785,44041
7786,44042
7787,44043
7788,44044
7789,44045
7790,44046
7791,44047
7792,44048
7793,44049
7794,44050
7795,44051
7796,44052
7797,44053
7798,44054
7799,44055
7800,44056
7801,44057
7802,44058
7803,44059
7804,44060
7805,44061
7806,44062
7807,44063
7808,44064
7809,44065
7810,44066
7811,44067
7812,44068
7813,44069
7814,44070
7815,44071
7816,44072
7817,44073
7818,44074
7819,44075
7820,44076
7821,44077
7822,44078
7823,44079
7824,44080
7825,44081
7826,44082
7827,44083
7828,44084
7829,44085
7830,44086
7831,44087
7832,44088
7833,44089
7834,44090
7835,44091
7836,44092
7837,44093
7838,44094
7839,44095
7840,44096
7841,44097
7842,44098
7843,44100
7844,44101
7845,44102
7846,44103
7847,44104
7848,44105
7849,44106
7850,44107
7851,44108
7852,44109
7853,44110
7854,44111
7855,44112
7856,44113
7857,44114
7858,44115
7859,44117
7860,44118
7861,44119
7862,44120
7863,44121
7864,44123
7865,44124
7866,44125
7867,44126
7868,44127
7869,44128
7870,44129
7871,44130
7872,44131
7873,44132
7874,44133
7875,44134
7876,44135
7877,44137
7878,44138
7879,44139
7880,44140
7881,44141
7882,44142
7883,44143
7884,44144
7885,44145
7886,44146
7887,44148
7888,44149
7889,44150
7890,44151
7891,44152
7892,44153
7893,44154
7894,44155
7895,44156
7896,44157
7897,44158
7898,44160
7899,44161
7900,44162
7901,44163
7902,44164
7903,44165
7904,44166
7905,44167
7906,44168
7907,44169
7908,44170
7909,44171
7910,44173
7911,44174
7912,44175
7913,44176
7914,44177
7915,44178
7916,44179
7917,44180
7918,44181
7919,44183
7920,44184
7921,44185
7922,44186
7923,44187
7924,44188
7925,44189
7926,44190
7927,44191
7928,44192
7929,44193
7930,44194
7931,44195
7932,44196
7933,44197
7934,44198
7935,44199
7936,44200
7937,44202
7938,44203
7939,44204
7940,44205
7941,44206
7942,44207
7943,44208
7944,44209
7945,44210
7946,44211
7947,44212
7948,44213
7949,44214
7950,44215
7951,44216
7952,44217
7953,44219
7954,44220
7955,44221
7956,44222
7957,44223
7958,44224
7959,44225
7960,44226
7961,44228
7962,44229
7963,44230
7964,44231
7965,44232
7966,44233
7967,44234
7968,44235
7969,44236
7970,44237
7971,44238
7972,44239
7973,44240
7974,44197
7975,44153
7976,44110
7977,44069
7978,44029
7979,43989
7980,43949
7981,43910
7982,43871
7983,43832
7984,43793
7985,43755
7986,43717
7987,43680
7988,43643
7989,43606
7990,43570
7991,43534
7992,43499
7993,43465
7994,43432
7995,43399
7996,43366
7997,43334
7998,43302
7999,43271
8000,43240
8001,43210
8002,43180
8003,43150
8004,43121
8005,43093
8006,43065
8007,43037
8008,43009
8009,42981
8010,42955
8011,42929
8012,42904
8013,42878
8014,42852
8015,42827
8016,42802
8017,42778
8018,42754
8019,42730
8020,42707
8021,42685
8022,42663
8023,42641
8024,42620
8025,42599
8026,42578
8027,42558
8028,42538
8029,42518
8030,42498
8031,42479
8032,42460
8033,42442
8034,42424
8035,42406
8036,42387
8037,42368
8038,42350
8039,42332
8040,42315
8041,42298
8042,42281
8043,42264
8044,42248
8045,42232
8046,42216
8047,42200
8048,42184
8049,42168
8050,42152
8051,42137
8052,42122
8053,42107
8054,42092
8055,42077
8056,42062
8057,42048
8058,42033
8059,42019
8060,42005
8061,41991
8062,41978
8063,41965
8064,41952
8065,41939
8066,41926
8067,41913
8068,41900
8069,41888
8070,41876
8071,41864
8072,41852
8073,41840
8074,41829
8075,41818
8076,41806
8077,41795
8078,41784
8079,41773
8080,41762
8081,41751
8082,41740
8083,41729
8084,41718
8085,41707
8086,41696
8087,41685
8088,41674
8089,41663
8090,41652
8091,41641
8092,41630
8093,41619
8094,41608
8095,41597
8096,41586
8097,41575
8098,41564
8099,41553
8100,41542
8101,41532
8102,41521
8103,41511
8104,41501
8105,41490
8106,41480
8107,41469
8108,41459
8109,41448
8110,41437
8111,41426
8112,41415
8113,41404
8114,41393
8115,41382
8116,41371
8117,41360
8118,41349
8119,41339
8120,41328
8121,41317
8122,41307
8123,41297
8124,41287
8125,41276
8126,41265
8127,41254
8128,41243
8129,41232
8130,41221
8131,41210
8132,41199
8133,41188
8134,41177
8135,41166
8136,41155
8137,41144
8138,41133
8139,41123
8140,41112
8141,41102
8142,41091
8143,41080
8144,41070
8145,41060
8146,41049
8147,41039
8148,41029
8149,41020
8150,41011
8151,41002
8152,40993
8153,40984
8154,40976
8155,40968
8156,40960
8157,40952
8158,40945
8159,40938
8160,40931
8161,40924
8162,40917
8163,40910
8164,40903
8165,40897
8166,40891
8167,40885
8168,40879
8169,40873
8170,40867
8171,40861
8172,40856
8173,40851
8174,40846
8175,40841
8176,40836
8177,40831
8178,40826
8179,40821
8180,40816
8181,40812
8182,40808
8183,40804
8184,40800
8185,40796
8186,40792
8187,40788
8188,40784
8189,40780
8190,40776
8191,40773
8192,40770
8193,40767
8194,40764
8195,40761
8196,40758
8197,40755
8198,40752
8199,40749
8200,40746
8201,40743
8202,40740
8203,40737
8204,40734
8205,40731
8206,40729
8207,40727
8208,40725
8209,40723
8210,40721
8211,40719
8212,40717
8213,40715
8214,40713
8215,40711
8216,40709
8217,40707
8218,40705
8219,40703
8220,40701
8221,40699
8222,40697
8223,40695
8224,40693
8225,40691
8226,40689
8227,40687
8228,40686
8229,40685
8230,40684
8231,40683
8232,40682
8233,40681
8234,40680
8235,40679
8236,40678
8237,40677
8238,40676
8239,40675
8240,40674
8241,40673
8242,40672
8243,40671
8244,40670
8245,40669
8246,40668
8247,40667
8248,40666
8249,40665
8250,40664
8251,40663
8252,40662
8253,40661
8254,40660
8255,40659
8256,40658
8257,40657
8258,40656
8259,40655
8260,40654
8261,40653
8262,40652
8263,40651
8264,40650
8265,40649
8266,40648
8267,40647
8268,40646
8269,40645
8270,40644
8271,40643
8272,40643
8273,40643
8274,40643
8275,40643
8276,40643
8277,40643
8278,40643
8279,40643
8280,40643
8281,40643
8282,40643
8283,40643
8284,40643
8285,40643
8286,40643
8287,40643
8288,40643
8289,40643
8290,40643
8291,40643
8292,40643
8293,40643
8294,40643
8295,40643
8296,40643
8297,40643
8298,40643
8299,40643
8300,40643
8301,40643
8302,40643
8303,40643
8304,40643
8305,40643
8306,40643
8307,40643
8308,40643
8309,40643
8310,40643
8311,40643
8312,40643
8313,40643
8314,40643
8315,40643
8316,40643
8317,40643
8318,40643
8319,40643
8320,40643
8321,40643
8322,40643
8323,40643
8324,40643
8325,40643
8326,40643
8327,40643
8328,40643
8329,40643
8330,40643
8331,40643
8332,40643
8333,40643
8334,40643
8335,40643
8336,40643
8337,40643
8338,40643
8339,40643
8340,40643
8341,40643
8342,40643
8343,40643
8344,40643
8345,40643
8346,40643
8347,40643
8348,40643
8349,40643
8350,40643
8351,40643
8352,40643
8353,40643
8354,40643
8355,40643
8356,40643
8357,40643
8358,40643
8359,40643
8360,40643
8361,40643
8362,40643
8363,40643
8364,40643
8365,40643
8366,40643
8367,40643
8368,40643
8369,40643
8370,40643
8371,40643
8372,40643
8373,40643
8374,40643
8375,40643
8376,40643
8377,40643
8378,40643
8379,40643
8380,40643
8381,40643
8382,40643
8383,40643
8384,40643
8385,40643
8386,40643
8387,40643
8388,40643
8389,40643
8390,40643
8391,40643
8392,40643
8393,40643
8394,40643
8395,40643
8396,40643
8397,40643
8398,40643
8399,40643
8400,40643
8401,40643
8402,40643
8403,40643
8404,40643
8405,40643
8406,40643
8407,40643
8408,40643
8409,40643
8410,40643
8411,40643
8412,40643
8413,40643
8414,40643
8415,40643
8416,40643
8417,40643
8418,40643
8419,40643
8420,40643
8421,40643
8422,40643
8423,40643
8424,40643
8425,40643
8426,40643
8427,40643
8428,40643
8429,40643
8430,40643
8431,40643
8432,40643
8433,40643
8434,40643
8435,40643
8436,40643
8437,40643
8438,40643
8439,40643
8440,40643
8441,40643
8442,40643
8443,40643
8444,40643
8445,40643
8446,40643
8447,40643
8448,40643
8449,40643
8450,40643
8451,40643
8452,40643
8453,40643
8454,40643
8455,40643
8456,40643
8457,40643
8458,40643
8459,40643
8460,40643
8461,40643
8462,40643
8463,40643
8464,40643
8465,40643
8466,40643
8467,40643
8468,40643
8469,40643
8470,40643
8471,40643
8472,40643
8473,40643
8474,40643
8475,40643
8476,40643
8477,40643
8478,40643
8479,40643
8480,40643
8481,40643
8482,40643
8483,40643
8484,40643
8485,40643
8486,40643
8487,40643
8488,40643
8489,40643
8490,40643
8491,40643
8492,40643
8493,40643
8494,40643
8495,40643
8496,40643
8497,40643
8498,40643
8499,40643
8500,40643
8501,40643
8502,40643
8503,40643
8504,40643
8505,40643
8506,40643
8507,40643
8508,40643
8509,40643
8510,40643
8511,40643
8512,40643
8513,40643
8514,40643
8515,40643
8516,40643
8517,40643
8518,40643
8519,40643
8520,40643
8521,40643
8522,40643
8523,40643
8524,40643
8525,40643
8526,40643
8527,40643
8528,40643
8529,40643
8530,40643
8531,40643
8532,40643
8533,40643
8534,40643
8535,40643
8536,40643
8537,40643
8538,40643
8539,40643
8540,40643
8541,40643
8542,40643
8543,40643
8544,40643
8545,40643
8546,40643
8547,40643
8548,40643
8549,40643
8550,40643
8551,40643
8552,40643
8553,40643
8554,40643
8555,40643
8556,40643
8557,40643
8558,40643
8559,40643
8560,40643
8561,40643
8562,40643
8563,40643
8564,40643
8565,40643
8566,40643
8567,40643
8568,40643
8569,40643
8570,40643
8571,40643
8572,40643
8573,40643
8574,40643
8575,40643
8576,40643
8577,40643
8578,40643
8579,40643
8580,40643
8581,40643
8582,40643
8583,40643
8584,40643
8585,40643
8586,40643
8587,40643
8588,40643
8589,40643
8590,40643
8591,40643
8592,40643
8593,40643
8594,40643
8595,40643
8596,40643
8597,40643
8598,40643
8599,40643
8600,40643
8601,40643
8602,40643
8603,40643
8604,40643
8605,40643
8606,40643
8607,40643
8608,40643
8609,40643
8610,40643
8611,40643
8612,40643
8613,40643
8614,40643
8615,40643
8616,40643
8617,40643
8618,40643
8619,40643
8620,40643
8621,40643
8622,40643
8623,40643
8624,40643
8625,40643
8626,40643
8627,40643
8628,40643
8629,40643
8630,40643
8631,40643
8632,40643
8633,40643
8634,40643
8635,40643
8636,40643
8637,40643
8638,40643
8639,40643
8640,40643
8641,40643
8642,40643
8643,40643
8644,40643
8645,40643
8646,40643
8647,40643
8648,40643
8649,40643
8650,40643
8651,40643
8652,40643
8653,40643
8654,40643
8655,40643
8656,40643
8657,40643
8658,40643
8659,40643
8660,40643
8661,40643
8662,40643
8663,40643
8664,40643
8665,40643
8666,40643
8667,40643
8668,40643
8669,40643
8670,40643
8671,40643
8672,40643
8673,40643
8674,40643
8675,40643
8676,40643
8677,40643
8678,40643
8679,40643
8680,40643
8681,40643
8682,40643
8683,40643
8684,40643
8685,40643
8686,40643
8687,40643
8688,40643
8689,40643
8690,40643
8691,40643
8692,40643
8693,40643
8694,40643
8695,40643
8696,40643
8697,40643
8698,40643
8699,40643
8700,40643
8701,40643
8702,40643
8703,40643
8704,40578
8705,40511
8706,40446
8707,40381
8708,40312
8709,40243
8710,40174
8711,40102
8712,40031
8713,39958
8714,39888
8715,39816
8716,39742
8717,39669
8718,39599
8719,39526
8720,39453
8721,39380
8722,39309
8723,39235
8724,39162
8725,39089
8726,39016
8727,38944
8728,38875
8729,38803
8730,38732
8731,38663
8732,38594
8733,38524
8734,38438
8735,38353
8736,38269
8737,38208
8738,38145
8739,38084
8740,38024
8741,37963
8742,37904
8743,37844
8744,37771
8745,37700
8746,37630
8747,37559
8748,37490
8749,37417
8750,37348
8751,37303
8752,37259
8753,37215
8754,37163
8755,37111
8756,37060
8757,37010
8758,36961
8759,36914
8760,36869
8761,36847
8762,36826
8763,36805
8764,36785
8765,36765
8766,36745
8767,36726
8768,36707
8769,36689
8770,36671
8771,36653
8772,36636
8773,36619
8774,36602
8775,36586
8776,36570
8777,36554
8778,36539
8779,36524
8780,36510
8781,36495
8782,36481
8783,36468
8784,36454
8785,36441
8786,36428
8787,36415
8788,36402
8789,36389
8790,36376
8791,36363
8792,36350
8793,36337
8794,36324
8795,36311
8796,36298
8797,36285
8798,36272
8799,36259
8800,36246
8801,36233
8802,36220
8803,36207
8804,36194
8805,36181
8806,36168
8807,36155
8808,36142
8809,36129
8810,36116
8811,36103
8812,36090
8813,36077
8814,36064
8815,36051
8816,36038
8817,36025
8818,36012
8819,35999
8820,35986
8821,35974
8822,35962
8823,35950
8824,35939
8825,35928
8826,35918
8827,35908
8828,35899
8829,35890
8830,35882
8831,35874
8832,35866
8833,35859
8834,35852
8835,35845
8836,35839
8837,35833
8838,35827
8839,35821
8840,35815
8841,35810
8842,35805
8843,35800
8844,35795
8845,35790
8846,35786
8847,35782
8848,35778
8849,35774
8850,35770
8851,35766
8852,35763
8853,35760
8854,35757
8855,35754
8856,35751
8857,35748
8858,35745
8859,35742
8860,35740
8861,35738
8862,35736
8863,35734
8864,35732
8865,35730
8866,35728
8867,35726
8868,35724
8869,35722
8870,35720
8871,35718
8872,35716
8873,35715
8874,35714
8875,35713
8876,35712
8877,35711
8878,35710
8879,35709
8880,35708
8881,35707
8882,35706
8883,35705
8884,35704
8885,35703
8886,35702
8887,35701
8888,35700
8889,35699
8890,35698
8891,35697
8892,35696
8893,35695
8894,35694
8895,35693
8896,35692
8897,35691
8898,35690
8899,35689
8900,35689
8901,35689
8902,35689
8903,35689
8904,35689
8905,35689
8906,35689
8907,35689
8908,35689
8909,35689
8910,35689
8911,35689
8912,35689
8913,35689
8914,35689
8915,35689
8916,35689
8917,35689
8918,35689
8919,35689
8920,35689
8921,35689
8922,35689
8923,35689
8924,35689
8925,35689
8926,35689
8927,35689
8928,35689
8929,35689
8930,35689
8931,35689
8932,35689
8933,35689
8934,35689
8935,35689
8936,35689
8937,35689
8938,35689
8939,35689
8940,35689
8941,35689
8942,35689
8943,35689
8944,35689
8945,35689
8946,35689
8947,35689
8948,35689
8949,35689
8950,35689
8951,35689
8952,35689
8953,35689
8954,35689
8955,35689
8956,35689
8957,35689
8958,35689
8959,35689
8960,35689
8961,35689
8962,35689
8963,35689
8964,35689
8965,35689
8966,35689
8967,35689
8968,35689
8969,35689
8970,35689
8971,35689
8972,35689
8973,35689
8974,35689
8975,35689
8976,35689
8977,35689
8978,35689
8979,35689
8980,35689
8981,35689
8982,35689
8983,35689
8984,35689
8985,35689
8986,35689
8987,35689
8988,35689
8989,35689
8990,35689
8991,35689
8992,35689
8993,35689
8994,35689
8995,35689
8996,35689
8997,35689
8998,35689
8999,35689
9000,35689
9001,35689
9002,35689
9003,35689
9004,35689
9005,35689
9006,35689
9007,35689
9008,35689
9009,35689
9010,35689
9011,35689
9012,35689
9013,35689
9014,35689
9015,35689
9016,35689
9017,35689
9018,35689
9019,35689
9020,35689
9021,35689
9022,35689
9023,35689
9024,35689
9025,35689
9026,35689
9027,35689
9028,35689
9029,35689
9030,35689
9031,35689
9032,35689
9033,35689
9034,35689
9035,35689
9036,35689
9037,35689
9038,35689
9039,35689
9040,35689
9041,35689
9042,35689
9043,35689
9044,35689
9045,35689
9046,35689
9047,35689
9048,35689
9049,35689
9050,35689
9051,35689
9052,35689
9053,35689
9054,35689
9055,35689
9056,35689
9057,35689
9058,35689
9059,35689
9060,35689
9061,35689
9062,35689
9063,35689
9064,35689
9065,35689
9066,35689
9067,35689
9068,35689
9069,35689
9070,35689
9071,35689
9072,35689
9073,35689
9074,35689
9075,35689
9076,35689
9077,35689
9078,35689
9079,35689
9080,35689
9081,35689
9082,35689
9083,35689
9084,35689
9085,35689
9086,35689
9087,35689
9088,35689
9089,35689
9090,35689
9091,35689
9092,35689
9093,35689
9094,35689
9095,35689
9096,35689
9097,35689
9098,35689
9099,35689
9100,35689
9101,35689
9102,35689
9103,35689
9104,35689
9105,35689
9106,35689
9107,35689
9108,35689
9109,35689
9110,35689
9111,35689
9112,35689
9113,35689
9114,35689
9115,35689
9116,35689
9117,35689
9118,35689
9119,35689
9120,35689
9121,35689
9122,35689
9123,35689
9124,35689
9125,35689
9126,35689
9127,35689
9128,35689
9129,35689
9130,35689
9131,35689
9132,35689
9133,35689
9134,35689
9135,35689
9136,35689
9137,35689
9138,35689
9139,35689
9140,35689
9141,35689
9142,35689
9143,35689
9144,35689
9145,35689
9146,35689
9147,35689
9148,35689
9149,35689
9150,35689
9151,35689
9152,35689
9153,35689
9154,35689
9155,35689
9156,35689
9157,35689
9158,35689
9159,35689
9160,35689
9161,35689
9162,35689
9163,35689
9164,35689
9165,35689
9166,35689
9167,35689
9168,35689
9169,35689
9170,35689
9171,35689
9172,35689
9173,35689
9174,35689
9175,35689
9176,35689
9177,35689
9178,35689
9179,35689
9180,35689
9181,35689
9182,35689
9183,35689
9184,35689
9185,35689
9186,35689
9187,35689
9188,35689
9189,35689
9190,35689
9191,35689
9192,35689
9193,35689
9194,35689
9195,35689
9196,35689
9197,35689
9198,35689
9199,35689
9200,35689
9201,35689
9202,35689
9203,35689
9204,35689
9205,35689
9206,35689
9207,35689
9208,35689
9209,35689
9210,35689
9211,35689
9212,35689
9213,35689
9214,35689
9215,35689
9216,35689
9217,35689
9218,35689
9219,35689
9220,35689
9221,35689
9222,35689
9223,35689
9224,35689
9225,35689
9226,35689
9227,35689
9228,35689
9229,35689
9230,35689
9231,35689
9232,35689
9233,35689
9234,35689
9235,35689
9236,35689
9237,35689
9238,35689
9239,35689
9240,35689
9241,35689
9242,35689
9243,35689
9244,35689
9245,35689
9246,35689
9247,35689
9248,35689
9249,35689
9250,35689
9251,35689
9252,35689
9253,35689
9254,35689
9255,35689
9256,35689
9257,35689
9258,35689
9259,35689
9260,35689
9261,35689
9262,35689
9263,35689
9264,35689
9265,35689
9266,35689
9267,35689
9268,35689
9269,35689
9270,35689
9271,35689
9272,35689
9273,35689
9274,35689
9275,35689
9276,35689
9277,35689
9278,35689
9279,35689
9280,35689
9281,35689
9282,35689
9283,35689
9284,35689
9285,35689
9286,35689
9287,35689
9288,35689
9289,35689
9290,35689
9291,35689
9292,35689
9293,35689
9294,35689
9295,35689
9296,35689
9297,35689
9298,35689
9299,35689
9300,35689
9301,35689
9302,35689
9303,35689
9304,35689
9305,35689
9306,35689
9307,35689
9308,35689
9309,35689
9310,35689
9311,35689
9312,35689
9313,35689
9314,35689
9315,35689
9316,35689
9317,35689
9318,35689
9319,35689
9320,35689
9321,35689
9322,35689
9323,35689
9324,35689
9325,35689
9326,35689
9327,35689
9328,35689
9329,35689
9330,35689
9331,35689
9332,35689
9333,35689
9334,35689
9335,35689
9336,35689
9337,35689
9338,35689
9339,35689
9340,35689
9341,35689
9342,35689
9343,35689
9344,35689
9345,35689
9346,35689
9347,35689
9348,35689
9349,35689
9350,35689
9351,35689
9352,35689
9353,35689
9354,35689
9355,35689
9356,35689
9357,35689
9358,35689
9359,35689
9360,35689
9361,35689
9362,35689
9363,35689
9364,35689
9365,35689
9366,35689
9367,35689
9368,35689
9369,35689
9370,35689
9371,35689
9372,35689
9373,35689
9374,35689
9375,35689
9376,35689
9377,35689
9378,35689
9379,35689
9380,35689
9381,35689
9382,35689
9383,35689
9384,35689
9385,35689
9386,35689
9387,35689
9388,35689
9389,35689
9390,35689
9391,35689
9392,35689
9393,35689
9394,35689
9395,35689
9396,35689
9397,35689
9398,35689
9399,35689
9400,35689
9401,35689
9402,35689
9403,35689
9404,35689
9405,35689
9406,35689
9407,35689
9408,35689
9409,35689
9410,35689
9411,35689
9412,35689
9413,35689
9414,35689
9415,35689
9416,35689
9417,35689
9418,35689
9419,35689
9420,35689
9421,35689
9422,35689
9423,35689
9424,35689
9425,35689
9426,35689
9427,35689
9428,35689
9429,35689
9430,35689
9431,35689
9432,35689
9433,35689
9434,35689
9435,35689
9436,35689
9437,35689
9438,35689
9439,35689
9440,35689
9441,35689
9442,35689
9443,35689
9444,35689
9445,35689
9446,35689
9447,35689
9448,35689
9449,35689
9450,35689
9451,35689
9452,35689
9453,35689
9454,35689
9455,35689
9456,35689
9457,35689
9458,35689
9459,35689
9460,35689
9461,35689
9462,35689
9463,35689
9464,35689
9465,35689
9466,35689
9467,35689
9468,35689
9469,35689
9470,35689
9471,35689
9472,35689
9473,35689
9474,35689
9475,35689
9476,35689
9477,35689
9478,35689
9479,35689
9480,35689
9481,35689
9482,35689
9483,35689
9484,35689
9485,35689
9486,35689
9487,35689
9488,35689
9489,35689
9490,35689
9491,35689
9492,35689
9493,35689
9494,35689
9495,35689
9496,35689
9497,35689
9498,35689
9499,35689
9500,35689
9501,35689
9502,35689
9503,35689
9504,35689
9505,35689
9506,35689
9507,35689
9508,35689
9509,35689
9510,35689
9511,35689
9512,35689
9513,35689
9514,35689
9515,35689
9516,35689
9517,35689
9518,35689
9519,35689
9520,35689
9521,35689
9522,35689
9523,35689
9524,35689
9525,35689
9526,35689
9527,35689
9528,35689
9529,35689
9530,35689
9531,35689
9532,35689
9533,35689
9534,35689
9535,35689
9536,35689
9537,35689
9538,35689
9539,35689
9540,35689
9541,35689
9542,35689
9543,35689
9544,35689
9545,35689
9546,35689
9547,35689
9548,35689
9549,35689
9550,35689
9551,35689
9552,35689
9553,35689
9554,35689
9555,35689
9556,35689
9557,35689
9558,35689
9559,35689
9560,35689
9561,35689
9562,35689
9563,35689
9564,35689
9565,35689
9566,35689
9567,35689
9568,35689
9569,35689
9570,35689
9571,35689
9572,35689
9573,35689
9574,35689
9575,35689
9576,35689
9577,35689
9578,35689
9579,35689
9580,35604
9581,35519
9582,35436
9583,35351
9584,35264
9585,35177
9586,35089
9587,35003
9588,34914
9589,34825
9590,34735
9591,34644
9592,34552
9593,34459
9594,34350
9595,34239
9596,34124
9597,34011
9598,33902
9599,33795
9600,33683
9601,33573
9602,33467
9603,33357
9604,33243
9605,33128
9606,33012
9607,32897
9608,32784
9609,32668
9610,32553
9611,32439
9612,32322
9613,32208
9614,32092
9615,31974
9616,31854
9617,31758
9618,31664
9619,31568
9620,31475
9621,31412
9622,31350
9623,31289
9624,31230
9625,31172
9626,31115
9627,31060
9628,31006
9629,30954
9630,30903
9631,30854
9632,30806
9633,30758
9634,30711
9635,30666
9636,30622
9637,30577
9638,30534
9639,30493
9640,30452
9641,30412
9642,30373
9643,30335
9644,30297
9645,30260
9646,30224
9647,30188
9648,30154
9649,30120
9650,30086
9651,30053
9652,30021
9653,29989
9654,29951
9655,29914
9656,29877
9657,29841
9658,29806
9659,29772
9660,29739
9661,29707
9662,29676
9663,29646
9664,29610
9665,29574
9666,29539
9667,29505
9668,29473
9669,29442
9670,29411
9671,29382
9672,29383
9673,29384
9674,29385
9675,29386
9676,29387
9677,29388
9678,29389
9679,29390
9680,29391
9681,29393
9682,29395
9683,29397
9684,29399
9685,29401
9686,29403
9687,29405
9688,29407
9689,29409
9690,29411
9691,29413
9692,29415
9693,29417
9694,29419
9695,29421
9696,29424
9697,29427
9698,29430
9699,29433
9700,29436
9701,29439
9702,29442
9703,29445
9704,29448
9705,29451
9706,29455
9707,29458
9708,29461
9709,29464
9710,29467
9711,29470
9712,29473
9713,29476
9714,29479
9715,29482
9716,29484
9717,29486
9718,29488
9719,29490
9720,29492
9721,29494
9722,29496
9723,29498
9724,29500
9725,29502
9726,29504
9727,29506
9728,29508
9729,29510
9730,29512
9731,29514
9732,29516
9733,29518
9734,29520
9735,29522
9736,29524
9737,29526
9738,29528
9739,29530
9740,29532
9741,29534
9742,29536
9743,29538
9744,29540
9745,29542
9746,29544
9747,29546
9748,29548
9749,29550
9750,29552
9751,29554
9752,29556
9753,29558
9754,29560
9755,29562
9756,29564
9757,29566
9758,29568
9759,29570
9760,29572
9761,29574
9762,29576
9763,29578
9764,29580
9765,29582
9766,29584
9767,29586
9768,29588
9769,29590
9770,29592
9771,29594
9772,29596
9773,29598
9774,29600
9775,29602
9776,29604
9777,29606
9778,29608
9779,29610
9780,29612
9781,29614
9782,29616
9783,29618
9784,29620
9785,29622
9786,29624
9787,29626
9788,29628
9789,29630
9790,29632
9791,29634
9792,29636
9793,29638
9794,29640
9795,29642
9796,29644
9797,29646
9798,29648
9799,29583
9800,29521
9801,29460
9802,29400
9803,29341
9804,29282
9805,29225
9806,29169
9807,29113
9808,29057
9809,29003
9810,28950
9811,28898
9812,28847
9813,28797
9814,28748
9815,28700
9816,28653
9817,28607
9818,28562
9819,28518
9820,28475
9821,28432
9822,28389
9823,28348
9824,28299
9825,28251
9826,28204
9827,28158
9828,28113
9829,28069
9830,28025
9831,27983
9832,27943
9833,27903
9834,27854
9835,27806
9836,27760
9837,27716
9838,27673
9839,27657
9840,27641
9841,27626
9842,27613
9843,27601
9844,27590
9845,27580
9846,27570
9847,27561
9848,27553
9849,27545
9850,27538
9851,27532
9852,27527
9853,27522
9854,27517
9855,27513
9856,27509
9857,27505
9858,27501
9859,27498
9860,27495
9861,27492
9862,27489
9863,27486
9864,27484
9865,27482
9866,27480
9867,27478
9868,27476
9869,27474
9870,27472
9871,27470
9872,27469
9873,27468
9874,27467
9875,27466
9876,27465
9877,27464
9878,27463
9879,27462
9880,27461
9881,27460
9882,27459
9883,27458
9884,27457
9885,27456
9886,27455
9887,27454
9888,27453
9889,27453
9890,27453
9891,27453
9892,27453
9893,27453
9894,27453
9895,27453
9896,27453
9897,27453
9898,27453
9899,27453
9900,27453
9901,27453
9902,27453
9903,27453
9904,27453
9905,27453
9906,27453
9907,27453
9908,27453
9909,27453
9910,27453
9911,27453
9912,27453
9913,27453
9914,27453
9915,27453
9916,27453
9917,27453
9918,27453
9919,27453
9920,27453
9921,27453
9922,27453
9923,27453
9924,27453
9925,27453
9926,27453
9927,27453
9928,27453
9929,27453
9930,27453
9931,27453
9932,27453
9933,27453
9934,27453
9935,27453
9936,27453
9937,27453
9938,27453
9939,27453
9940,27453
9941,27453
9942,27453
9943,27453
9944,27453
9945,27453
9946,27453
9947,27453
9948,27453
9949,27453
9950,27453
9951,27453
9952,27453
9953,27453
9954,27453
9955,27453
9956,27453
9957,27453
9958,27453
9959,27453
9960,27453
9961,27453
9962,27453
9963,27453
9964,27453
9965,27453
9966,27453
9967,27453
9968,27453
9969,27453
9970,27453
9971,27453
9972,27453
9973,27453
9974,27453
9975,27453
9976,27453
9977,27453
9978,27453
9979,27453
9980,27453
9981,27453
9982,27453
9983,27453
9984,27453
9985,27453
9986,27453
9987,27453
9988,27453
9989,27453
9990,27453
9991,27453
9992,27453
9993,27453
9994,27453
9995,27453
9996,27453
9997,27453
9998,27453
9999,27453
10000,27453
10001,27453
10002,27453
10003,27453
10004,27453
10005,27453
10006,27453
10007,27453
10008,27453
10009,27453
10010,27453
10011,27453
10012,27453
10013,27453
10014,27453
10015,27453
10016,27453
10017,27453
10018,27381
10019,27310
10020,27242
10021,27174
10022,27107
10023,27041
10024,26977
10025,26911
10026,26848
10027,26784
10028,26721
10029,26659
10030,26599
10031,26540
10032,26482
10033,26425
10034,26368
10035,26314
10036,26263
10037,26212
10038,26163
10039,26114
10040,26067
10041,26022
10042,25977
10043,25934
10044,25891
10045,25849
10046,25808
10047,25768
10048,25729
10049,25691
10050,25653
10051,25615
10052,25577
10053,25540
10054,25504
10055,25468
10056,25433
10057,25399
10058,25366
10059,25333
10060,25300
10061,25268
10062,25237
10063,25206
10064,25176
10065,25146
10066,25117
10067,25089
10068,25061
10069,25033
10070,25006
10071,24979
10072,24953
10073,24928
10074,24903
10075,24878
10076,24854
10077,24830
10078,24807
10079,24785
10080,24763
10081,24742
10082,24721
10083,24701
10084,24681
10085,24661
10086,24642
10087,24623
10088,24604
10089,24586
10090,24568
10091,24551
10092,24534
10093,24517
10094,24501
10095,24485
10096,24469
10097,24453
10098,24437
10099,24422
10100,24407
10101,24392
10102,24378
10103,24363
10104,24349
10105,24335
10106,24322
10107,24309
10108,24296
10109,24283
10110,24270
10111,24257
10112,24245
10113,24233
10114,24221
10115,24209
10116,24197
10117,24185
10118,24173
10119,24161
10120,24149
10121,24137
10122,24125
10123,24113
10124,24101
10125,24089
10126,24077
10127,24065
10128,24053
10129,24041
10130,24029
10131,24017
10132,24005
10133,23993
10134,23981
10135,23969
10136,23957
10137,23945
10138,23933
10139,23922
10140,23911
10141,23900
10142,23888
10143,23876
10144,23864
10145,23852
10146,23840
10147,23828
10148,23816
10149,23804
10150,23793
10151,23781
