tick,tiles
1,0
2,52
3,52
4,58
5,64
6,70
7,76
8,82
9,88
10,94
11,100
12,107
13,113
14,127
15,140
16,153
17,166
18,180
19,194
20,208
21,221
22,234
23,246
24,258
25,270
26,282
27,293
28,304
29,314
30,324
31,333
32,342
33,350
34,358
35,365
36,372
37,378
38,384
39,389
40,394
41,399
42,404
43,408
44,412
45,416
46,419
47,422
48,425
49,428
50,431
51,433
52,435
53,437
54,439
55,441
56,443
57,445
58,447
59,449
60,451
61,453
62,455
63,457
64,458
65,458
66,458
67,458
68,458
69,458
70,458
71,458
72,458
73,458
74,458
75,458
76,458
77,458
78,458
79,458
80,458
81,458
82,458
83,458
84,458
85,458
86,458
87,458
88,458
89,458
90,458
91,458
92,458
93,458
94,458
95,458
96,458
97,458
98,458
99,458
100,458
101,458
102,458
103,458
104,458
105,458
106,458
107,458
108,458
109,458
110,458
111,458
112,458
113,458
114,458
115,458
116,458
117,458
118,458
119,458
120,458
121,458
122,458
123,458
124,458
125,458
126,458
127,458
128,458
129,458
130,458
131,458
132,458
133,458
134,458
135,458
136,458
137,458
138,458
139,458
140,458
141,458
142,458
143,458
144,458
145,458
146,458
147,458
148,458
149,458
150,458
151,458
152,458
153,458
154,458
155,458
156,458
157,458
158,458
159,458
160,458
161,458
162,458
163,458
164,458
165,458
166,458
167,458
168,458
169,458
170,458
171,458
172,458
173,458
174,458
175,458
176,458
177,458
178,458
179,458
180,458
181,458
182,458
183,458
184,458
185,458
186,458
187,458
188,458
189,458
190,458
191,458
192,458
193,458
194,458
195,458
196,458
197,458
198,458
199,458
200,458
201,458
202,458
203,458
204,458
205,458
206,458
207,458
208,458
209,458
210,458
211,458
212,458
213,458
214,458
215,458
216,458
217,458
218,458
219,458
220,458
221,458
222,458
223,458
224,458
225,458
226,458
227,458
228,458
229,458
230,458
231,458
232,458
233,458
234,458
235,458
236,458
237,458
238,458
239,458
240,458
241,458
242,458
243,458
244,458
245,458
246,458
247,458
248,458
249,458
250,458
251,458
252,458
253,458
254,458
255,458
256,458
257,458
258,458
259,458
260,458
261,458
262,458
263,458
264,458
265,458
266,458
267,458
268,458
269,458
270,458
271,458
272,458
273,458
274,458
275,458
276,458
277,458
278,458
279,458
280,458
281,458
282,458
283,458
284,458
285,458
286,458
287,458
288,458
289,458
290,458
291,458
292,458
293,458
294,458
295,458
296,458
297,458
298,458
299,458
300,458
301,458
302,458
303,458
304,458
305,458
306,458
307,458
308,458
309,458
310,458
311,458
312,458
313,458
314,458
315,458
316,458
317,458
318,458
319,458
320,458
321,458
322,458
323,458
324,458
325,458
326,458
327,458
328,458
329,458
330,458
331,458
332,458
333,458
334,458
335,458
336,458
337,458
338,458
339,458
340,458
341,458
342,458
343,458
344,458
345,458
346,458
347,458
348,458
349,458
350,458
351,458
352,458
353,458
354,458
355,458
356,458
357,458
358,458
359,458
360,458
361,458
362,458
363,458
364,458
365,458
366,458
367,458
368,458
369,458
370,458
371,458
372,458
373,458
374,458
375,458
376,458
377,458
378,458
379,458
380,458
381,458
382,458
383,458
384,458
385,458
386,458
387,458
388,458
389,458
390,458
391,458
392,458
393,458
394,458
395,458
396,458
397,458
398,458
399,458
400,458
401,458
402,458
403,458
404,458
405,458
406,458
407,458
408,458
409,458
410,458
411,458
412,458
413,458
414,458
415,458
416,458
417,458
418,458
419,458
420,458
421,458
422,458
423,458
424,458
425,458
426,458
427,458
428,458
429,458
430,458
431,458
432,458
433,458
434,458
435,458
436,458
437,458
438,458
439,458
440,458
441,458
442,458
443,458
444,458
445,458
446,458
447,458
448,458
449,458
450,458
451,458
452,458
453,458
454,458
455,458
456,458
457,458
458,458
459,458
460,458
461,458
462,458
463,458
464,458
465,458
466,458
467,458
468,458
469,458
470,458
471,458
472,458
473,458
474,458
475,458
476,458
477,458
478,458
479,458
480,458
481,458
482,458
483,458
484,458
485,458
486,458
487,458
488,458
489,458
490,458
491,458
492,458
493,458
494,458
495,458
496,458
497,458
498,458
499,458
500,458
501,458
502,458
503,458
504,458
505,458
506,458
507,458
508,458
509,458
510,458
511,458
512,458
513,458
514,458
515,458
516,458
517,458
518,458
519,458
520,458
521,458
522,458
523,458
524,458
525,458
526,458
527,458
528,458
529,458
530,458
531,458
532,458
533,458
534,458
535,458
536,458
537,458
538,458
539,458
540,458
541,458
542,458
543,458
544,458
545,458
546,458
547,458
548,458
549,458
550,458
551,458
552,458
553,458
554,458
555,458
556,458
557,458
558,458
559,458
560,458
561,458
562,458
563,458
564,458
565,458
566,458
567,458
568,458
569,458
570,458
571,458
572,458
573,458
574,458
575,458
576,458
577,458
578,458
579,458
580,458
581,458
582,458
583,458
584,458
585,458
586,458
587,458
588,458
589,458
590,458
591,458
592,458
593,458
594,458
595,458
596,458
597,458
598,458
599,458
600,458
601,458
602,458
603,458
604,458
605,458
606,458
607,458
608,458
609,458
610,458
611,458
612,458
613,458
614,458
615,458
616,458
617,458
618,458
619,458
620,458
621,458
622,458
623,458
624,458
625,458
626,458
627,458
628,458
629,458
630,458
631,458
632,458
633,458
634,458
635,458
636,458
637,458
638,458
639,458
640,458
641,458
642,458
643,458
644,458
645,458
646,458
647,458
648,458
649,458
650,458
651,458
652,458
653,458
654,458
655,458
656,458
657,458
658,458
659,458
660,458
661,458
662,458
663,458
664,458
665,458
666,458
667,458
668,458
669,458
670,458
671,458
672,458
673,458
674,458
675,458
676,458
677,458
678,458
679,458
680,458
681,458
682,458
683,458
684,458
685,458
686,458
687,458
688,458
689,458
690,458
691,458
692,458
693,458
694,458
695,458
696,458
697,458
698,458
699,458
700,458
701,458
702,458
703,458
704,458
705,458
706,458
707,458
708,458
709,458
710,458
711,458
712,458
713,458
714,458
715,458
716,458
717,458
718,458
719,458
720,458
721,458
722,458
723,458
724,458
725,458
726,458
727,458
728,458
729,458
730,458
731,458
732,458
733,458
734,458
735,458
736,458
737,458
738,458
739,458
740,458
741,458
742,458
743,458
744,458
745,458
746,458
747,458
748,458
749,458
750,458
751,458
752,458
753,458
754,458
755,458
756,458
757,458
758,458
759,458
760,458
761,458
762,458
763,458
764,458
765,458
766,458
767,458
768,458
769,458
770,458
771,458
772,458
773,458
774,458
775,458
776,458
777,458
778,458
779,458
780,458
781,458
782,458
783,458
784,458
785,458
786,458
787,458
788,458
789,458
790,458
791,458
792,458
793,458
794,458
795,458
796,458
797,458
798,458
799,458
800,458
801,458
802,458
803,458
804,458
805,458
806,458
807,458
808,458
809,458
810,458
811,458
812,458
813,458
814,458
815,458
816,458
817,458
818,458
819,458
820,458
821,458
822,458
823,458
824,458
825,458
826,458
827,458
828,458
829,458
830,458
831,458
832,458
833,458
834,458
835,458
836,458
837,458
838,458
839,458
840,458
841,458
842,458
843,458
844,458
845,458
846,458
847,458
848,458
849,458
850,458
851,458
852,458
853,458
854,458
855,458
856,458
857,458
858,458
859,458
860,458
861,458
862,458
863,458
864,458
865,458
866,458
867,458
868,458
869,458
870,458
871,458
872,458
873,458
874,458
875,458
876,458
877,458
878,458
879,458
880,458
881,458
882,458
883,458
884,458
885,458
886,458
887,458
888,458
889,458
890,458
891,458
892,458
893,458
894,458
895,458
896,458
897,458
898,458
899,458
900,458
901,458
902,458
903,458
904,458
905,458
906,458
907,458
908,458
909,458
910,458
911,458
912,458
913,458
914,458
915,458
916,458
917,458
918,458
919,458
920,458
921,458
922,458
923,458
924,458
925,458
926,458
927,458
928,458
929,458
930,458
931,458
932,458
933,458
934,458
935,458
936,458
937,458
938,458
939,458
940,458
941,458
942,458
943,458
944,458
945,458
946,458
947,458
948,458
949,458
950,458
951,458
952,458
953,458
954,458
955,458
956,458
957,458
958,458
959,458
960,458
961,458
962,458
963,458
964,458
965,458
966,458
967,458
968,458
969,458
970,458
971,458
972,458
973,458
974,458
975,458
976,458
977,458
978,458
979,458
980,458
981,458
982,458
983,458
984,458
985,458
986,458
987,458
988,458
989,458
990,458
991,458
992,458
993,458
994,458
995,458
996,458
997,458
998,458
999,458
1000,458
1001,458
1002,458
1003,458
1004,458
1005,458
1006,458
1007,458
1008,458
1009,458
1010,458
1011,458
1012,458
1013,458
1014,458
1015,458
1016,458
1017,458
1018,458
1019,458
1020,458
1021,458
1022,458
1023,458
1024,458
1025,458
1026,458
1027,458
1028,458
1029,458
1030,458
1031,458
1032,458
1033,458
1034,458
1035,458
1036,458
1037,458
1038,458
1039,458
1040,458
1041,458
1042,458
1043,458
1044,458
1045,458
1046,458
1047,458
1048,458
1049,458
1050,458
1051,458
1052,458
1053,458
1054,458
1055,458
1056,458
1057,458
1058,458
1059,458
1060,458
1061,458
1062,458
1063,458
1064,458
1065,458
1066,458
1067,458
1068,458
1069,458
1070,458
1071,458
1072,458
1073,458
1074,458
1075,458
1076,458
1077,458
1078,458
1079,458
1080,458
1081,458
1082,458
1083,458
1084,458
1085,458
1086,458
1087,458
1088,458
1089,458
1090,458
1091,458
1092,458
1093,458
1094,458
1095,458
1096,458
1097,458
1098,458
1099,458
1100,458
1101,458
1102,458
1103,458
1104,458
1105,458
1106,458
1107,458
1108,458
1109,458
1110,458
1111,458
1112,458
1113,458
1114,458
1115,458
1116,458
1117,458
1118,458
1119,458
1120,458
1121,458
1122,458
1123,458
1124,458
1125,458
1126,458
1127,458
1128,458
1129,458
1130,458
1131,458
1132,458
1133,458
1134,458
1135,458
1136,458
1137,458
1138,458
1139,458
1140,458
1141,458
1142,458
1143,458
1144,458
1145,458
1146,458
1147,458
1148,458
1149,458
1150,458
1151,458
1152,458
1153,458
1154,458
1155,458
1156,458
1157,458
1158,458
1159,458
1160,458
1161,458
1162,458
1163,458
1164,458
1165,458
1166,458
1167,458
1168,458
1169,458
1170,458
1171,458
1172,458
1173,458
1174,458
1175,458
1176,458
1177,458
1178,458
1179,458
1180,458
1181,458
1182,458
1183,458
1184,458
1185,458
1186,458
1187,458
1188,458
1189,458
1190,458
1191,458
1192,458
1193,458
1194,458
1195,458
1196,458
1197,458
1198,458
1199,458
1200,458
1201,458
1202,458
1203,458
1204,458
1205,458
1206,458
1207,458
1208,458
1209,458
1210,458
1211,458
1212,458
1213,458
1214,458
1215,458
1216,458
1217,458
1218,458
1219,458
1220,458
1221,458
1222,458
1223,458
1224,458
1225,458
1226,458
1227,458
1228,458
1229,458
1230,458
1231,458
1232,458
1233,458
1234,458
1235,458
1236,458
1237,458
1238,458
1239,458
1240,458
1241,458
1242,458
1243,458
1244,458
1245,458
1246,458
1247,458
1248,458
1249,458
1250,458
1251,458
1252,458
1253,458
1254,458
1255,458
1256,458
1257,458
1258,458
1259,458
1260,458
1261,458
1262,458
1263,458
1264,458
1265,458
1266,458
1267,458
1268,458
1269,458
1270,458
1271,458
1272,458
1273,458
1274,458
1275,458
1276,458
1277,458
1278,458
1279,458
1280,458
1281,458
1282,458
1283,458
1284,458
1285,458
1286,458
1287,458
1288,458
1289,458
1290,458
1291,458
1292,458
1293,458
1294,458
1295,458
1296,458
1297,458
1298,458
1299,458
1300,458
1301,458
1302,458
1303,458
1304,458
1305,458
1306,458
1307,458
1308,458
1309,458
1310,458
1311,458
1312,458
1313,458
1314,458
1315,458
1316,458
1317,458
1318,458
1319,458
1320,458
1321,458
1322,458
1323,458
1324,458
1325,458
1326,458
1327,458
1328,458
1329,458
1330,458
1331,458
1332,458
1333,458
1334,458
1335,458
1336,458
1337,458
1338,458
1339,458
1340,458
1341,458
1342,458
1343,458
1344,458
1345,458
1346,458
1347,458
1348,458
1349,458
1350,458
1351,458
1352,458
1353,458
1354,458
1355,458
1356,458
1357,458
1358,458
1359,458
1360,458
1361,458
1362,458
1363,458
1364,458
1365,458
1366,458
1367,458
1368,458
1369,458
1370,458
1371,458
1372,458
1373,458
1374,458
1375,458
1376,458
1377,458
1378,458
1379,458
1380,458
1381,458
1382,458
1383,458
1384,458
1385,458
1386,458
1387,458
1388,458
1389,458
1390,458
1391,458
1392,458
1393,458
1394,458
1395,458
1396,458
1397,458
1398,458
1399,458
1400,458
1401,458
1402,458
1403,458
1404,458
1405,458
1406,458
1407,458
1408,458
1409,458
1410,458
1411,458
1412,458
1413,458
1414,458
1415,458
1416,458
1417,458
1418,458
1419,458
1420,458
1421,458
1422,458
1423,458
1424,458
1425,458
1426,458
1427,458
1428,458
1429,458
1430,458
1431,458
1432,458
1433,458
1434,458
1435,458
1436,458
1437,458
1438,458
1439,458
1440,458
1441,458
1442,458
1443,458
1444,458
1445,458
1446,458
1447,458
1448,458
1449,458
1450,458
1451,458
1452,458
1453,458
1454,458
1455,458
1456,458
1457,458
1458,458
1459,458
1460,458
1461,458
1462,458
1463,458
1464,458
1465,458
1466,458
1467,458
1468,458
1469,458
1470,458
1471,458
1472,458
1473,458
1474,458
1475,458
1476,458
1477,458
1478,458
1479,458
1480,458
1481,458
1482,458
1483,458
1484,458
1485,458
1486,458
1487,458
1488,458
1489,458
1490,458
1491,458
1492,458
1493,458
1494,458
1495,458
1496,458
1497,458
1498,458
1499,458
1500,458
1501,458
1502,458
1503,458
1504,458
1505,458
1506,458
1507,458
1508,458
1509,458
1510,458
1511,458
1512,458
1513,458
1514,458
1515,458
1516,458
1517,458
1518,458
1519,458
1520,458
1521,458
1522,458
1523,458
1524,458
1525,458
1526,458
1527,458
1528,458
1529,458
1530,458
1531,458
1532,458
1533,458
1534,458
1535,458
1536,458
1537,458
1538,458
1539,458
1540,458
1541,458
1542,458
1543,458
1544,458
1545,458
1546,458
1547,458
1548,458
1549,458
1550,458
1551,458
1552,458
1553,458
1554,458
1555,458
1556,458
1557,458
1558,458
1559,458
1560,458
1561,458
1562,458
1563,458
1564,458
1565,458
1566,458
1567,458
1568,458
1569,458
1570,458
1571,458
1572,458
1573,458
1574,458
1575,458
1576,458
1577,458
1578,458
1579,458
1580,458
1581,458
1582,458
1583,458
1584,458
1585,458
1586,458
1587,458
1588,458
1589,458
1590,458
1591,458
1592,458
1593,458
1594,458
1595,458
1596,458
1597,458
1598,458
1599,458
1600,458
1601,458
1602,458
1603,458
1604,458
1605,458
1606,458
1607,458
1608,458
1609,458
1610,458
1611,458
1612,458
1613,458
1614,458
1615,458
1616,458
1617,458
1618,458
1619,458
1620,458
1621,458
1622,458
1623,458
1624,458
1625,458
1626,458
1627,458
1628,458
1629,458
1630,458
1631,458
1632,458
1633,458
1634,458
1635,458
1636,458
1637,458
1638,458
1639,458
1640,458
1641,458
1642,458
1643,458
1644,458
1645,458
1646,458
1647,458
1648,458
1649,458
1650,458
1651,458
1652,458
1653,458
1654,458
1655,458
1656,458
1657,458
1658,458
1659,458
1660,458
1661,458
1662,458
1663,458
1664,458
1665,458
1666,458
1667,458
1668,458
1669,458
1670,458
1671,458
1672,458
1673,458
1674,458
1675,458
1676,458
1677,458
1678,458
1679,458
1680,458
1681,458
1682,458
1683,458
1684,458
1685,458
1686,458
1687,458
1688,458
1689,458
1690,458
1691,458
1692,458
1693,458
1694,458
1695,458
1696,458
1697,458
1698,458
1699,458
1700,458
1701,458
1702,458
1703,458
1704,458
1705,458
1706,458
1707,458
1708,458
1709,458
1710,458
1711,458
1712,458
1713,458
1714,458
1715,458
1716,458
1717,458
1718,458
1719,458
1720,458
1721,458
1722,458
1723,458
1724,458
1725,458
1726,458
1727,458
1728,458
1729,458
1730,458
1731,458
1732,458
1733,458
1734,458
1735,458
1736,458
1737,458
1738,458
1739,458
1740,458
1741,458
1742,458
1743,458
1744,458
1745,458
1746,458
1747,458
1748,458
1749,458
1750,458
1751,458
1752,458
1753,458
1754,458
1755,458
1756,458
1757,458
1758,458
1759,458
1760,458
1761,458
1762,458
1763,458
1764,458
1765,458
1766,458
1767,458
1768,458
1769,458
1770,458
1771,458
1772,458
1773,458
1774,458
1775,458
1776,458
1777,458
1778,458
1779,458
1780,458
1781,458
1782,458
1783,458
1784,458
1785,458
1786,458
1787,458
1788,458
1789,458
1790,458
1791,458
1792,458
1793,458
1794,458
1795,458
1796,458
1797,458
1798,458
1799,458
1800,458
1801,458
1802,458
1803,458
1804,458
1805,458
1806,458
1807,458
1808,458
1809,458
1810,458
1811,458
1812,458
1813,458
1814,458
1815,458
1816,458
1817,458
1818,458
1819,458
1820,458
1821,458
1822,458
1823,458
1824,458
1825,458
1826,458
1827,458
1828,458
1829,458
1830,458
1831,458
1832,458
1833,458
1834,458
1835,458
1836,458
1837,458
1838,458
1839,458
1840,458
1841,458
1842,458
1843,458
1844,458
1845,458
1846,458
1847,458
1848,458
1849,458
1850,458
1851,458
1852,458
1853,458
1854,458
1855,458
1856,458
1857,458
1858,458
1859,458
1860,458
1861,458
1862,458
1863,458
1864,458
1865,458
1866,458
1867,458
1868,458
1869,458
1870,458
1871,458
1872,458
1873,458
1874,458
1875,458
1876,458
1877,458
1878,458
1879,458
1880,458
1881,458
1882,458
1883,458
1884,458
1885,458
1886,458
1887,458
1888,458
1889,458
1890,458
1891,458
1892,458
1893,458
1894,458
1895,458
1896,458
1897,458
1898,458
1899,458
1900,458
1901,458
1902,458
1903,458
1904,458
1905,458
1906,458
1907,458
1908,458
1909,458
1910,458
1911,458
1912,458
1913,458
1914,458
1915,458
1916,458
1917,458
1918,458
1919,458
1920,458
1921,458
1922,458
1923,458
1924,458
1925,458
1926,458
1927,458
1928,458
1929,458
1930,458
1931,458
1932,458
1933,458
1934,458
1935,458
1936,458
1937,458
1938,458
1939,458
1940,458
1941,458
1942,458
1943,458
1944,458
1945,458
1946,458
1947,458
1948,458
1949,458
1950,458
1951,458
1952,458
1953,458
1954,458
1955,458
1956,458
1957,458
1958,458
1959,458
1960,458
1961,458
1962,458
1963,458
1964,458
1965,458
1966,458
1967,458
1968,458
1969,458
1970,458
1971,458
1972,458
1973,458
1974,458
1975,458
1976,458
1977,458
1978,458
1979,458
1980,458
1981,458
1982,458
1983,458
1984,458
1985,458
1986,458
1987,458
1988,458
1989,458
1990,458
1991,458
1992,458
1993,458
1994,458
1995,458
1996,458
1997,458
1998,458
1999,458
2000,458
2001,458
2002,458
2003,458
2004,458
2005,458
2006,458
2007,458
2008,458
2009,458
2010,458
2011,458
2012,458
2013,458
2014,458
2015,458
2016,458
2017,458
2018,458
2019,458
2020,458
2021,458
2022,458
2023,458
2024,458
2025,458
2026,458
2027,458
2028,458
2029,458
2030,458
2031,458
2032,458
2033,458
2034,458
2035,458
2036,458
2037,458
2038,458
2039,458
2040,458
2041,458
2042,458
2043,458
2044,458
2045,458
2046,458
2047,458
2048,458
2049,458
2050,458
2051,458
2052,458
2053,458
2054,458
2055,458
2056,458
2057,458
2058,458
2059,458
2060,458
2061,458
2062,458
2063,458
2064,458
2065,458
2066,458
2067,458
2068,458
2069,458
2070,458
2071,458
2072,458
2073,458
2074,458
2075,458
2076,458
2077,458
2078,458
2079,458
2080,458
2081,458
2082,458
2083,458
2084,458
2085,458
2086,458
2087,458
2088,458
2089,458
2090,458
2091,458
2092,458
2093,458
2094,458
2095,458
2096,458
2097,458
2098,458
2099,458
2100,458
2101,458
2102,458
2103,458
2104,458
2105,458
2106,458
2107,458
2108,458
2109,458
2110,458
2111,458
2112,458
2113,458
2114,458
2115,458
2116,458
2117,458
2118,458
2119,458
2120,458
2121,458
2122,458
2123,458
2124,458
2125,458
2126,458
2127,458
2128,458
2129,458
2130,458
2131,458
2132,458
2133,458
2134,458
2135,458
2136,458
2137,458
2138,458
2139,458
2140,458
2141,458
2142,458
2143,458
2144,458
2145,458
2146,458
2147,458
2148,458
2149,458
2150,458
2151,458
2152,458
2153,458
2154,458
2155,458
2156,458
2157,458
2158,458
2159,458
2160,458
2161,458
2162,458
2163,458
2164,458
2165,458
2166,458
2167,458
2168,458
2169,458
2170,458
2171,458
2172,458
2173,458
2174,458
2175,458
2176,458
2177,458
2178,458
2179,458
2180,458
2181,458
2182,458
2183,458
2184,458
2185,458
2186,458
2187,458
2188,458
2189,458
2190,458
2191,458
2192,458
2193,458
2194,458
2195,458
2196,458
2197,458
2198,458
2199,458
2200,458
2201,458
2202,458
2203,458
2204,458
2205,458
2206,458
2207,458
2208,458
2209,458
2210,458
2211,458
2212,458
2213,458
2214,458
2215,458
2216,458
2217,458
2218,458
2219,458
2220,458
2221,458
2222,458
2223,458
2224,458
2225,458
2226,458
2227,458
2228,458
2229,458
2230,458
2231,458
2232,458
2233,458
2234,458
2235,458
2236,458
2237,458
2238,458
2239,458
2240,458
2241,458
2242,458
2243,458
2244,458
2245,458
2246,458
2247,458
2248,458
2249,458
2250,458
2251,458
2252,458
2253,458
2254,458
2255,458
2256,458
2257,458
2258,458
2259,458
2260,458
2261,458
2262,458
2263,458
2264,458
2265,458
2266,458
2267,458
2268,458
2269,458
2270,458
2271,458
2272,458
2273,458
2274,458
2275,458
2276,458
2277,458
2278,458
2279,458
2280,458
2281,458
2282,458
2283,458
2284,458
2285,458
2286,458
2287,458
2288,458
2289,458
2290,458
2291,458
2292,458
2293,458
2294,458
2295,458
2296,458
2297,458
2298,458
2299,458
2300,458
2301,458
2302,458
2303,458
2304,458
2305,458
2306,458
2307,458
2308,458
2309,458
2310,458
2311,458
2312,458
2313,458
2314,458
2315,458
2316,458
2317,458
2318,458
2319,458
2320,458
2321,458
2322,458
2323,458
2324,458
2325,458
2326,458
2327,458
2328,458
2329,458
2330,458
2331,458
2332,458
2333,458
2334,458
2335,458
2336,458
2337,458
2338,458
2339,458
2340,458
2341,458
2342,458
2343,458
2344,458
2345,458
2346,458
2347,458
2348,458
2349,458
2350,458
2351,458
2352,458
2353,458
2354,458
2355,458
2356,458
2357,458
2358,458
2359,458
2360,458
2361,458
2362,458
2363,458
2364,458
2365,458
2366,458
2367,458
2368,458
2369,458
2370,458
2371,458
2372,458
2373,458
2374,458
2375,458
2376,458
2377,458
2378,458
2379,458
2380,458
2381,458
2382,458
2383,458
2384,458
2385,458
2386,458
2387,458
2388,458
2389,458
2390,458
2391,458
2392,458
2393,458
2394,458
2395,458
2396,458
2397,458
2398,458
2399,458
2400,458
2401,458
2402,458
2403,458
2404,458
2405,458
2406,458
2407,458
2408,458
2409,458
2410,458
2411,458
2412,458
2413,458
2414,458
2415,458
2416,458
2417,458
2418,458
2419,458
2420,458
2421,458
2422,458
2423,458
2424,458
2425,458
2426,458
2427,458
2428,458
2429,458
2430,458
2431,458
2432,458
2433,458
2434,458
2435,458
2436,458
2437,458
2438,458
2439,458
2440,458
2441,458
2442,458
2443,458
2444,458
2445,458
2446,458
2447,458
2448,458
2449,458
2450,458
2451,458
2452,458
2453,458
2454,489
2455,520
2456,554
2457,588
2458,626
2459,666
2460,710
2461,755
2462,802
2463,848
2464,900
2465,948
2466,995
2467,1043
2468,1094
2469,1148
2470,1200
2471,1254
2472,1310
2473,1369
2474,1423
2475,1475
2476,1529
2477,1584
2478,1640
2479,1695
2480,1752
2481,1811
2482,1869
2483,1929
2484,1991
2485,2048
2486,2107
2487,2171
2488,2234
2489,2298
2490,2362
2491,2429
2492,2498
2493,2567
2494,2635
2495,2699
2496,2764
2497,2831
2498,2898
2499,2967
2500,3036
2501,3109
2502,3184
2503,3258
2504,3335
2505,3408
2506,3482
2507,3557
2508,3632
2509,3707
2510,3786
2511,3867
2512,3945
2513,4027
2514,4108
2515,4186
2516,4264
2517,4344
2518,4426
2519,4511
2520,4599
2521,4688
2522,4778
2523,4870
2524,4959
2525,5048
2526,5134
2527,5224
2528,5315
2529,5410
2530,5507
2531,5605
2532,5702
2533,5800
2534,5903
2535,6001
2536,6099
2537,6198
2538,6301
2539,6407
2540,6517
2541,6624
2542,6734
2543,6844
2544,6953
2545,7054
2546,7157
2547,7262
2548,7368
2549,7479
2550,7590
2551,7702
2552,7817
2553,7932
2554,8051
2555,8162
2556,8276
2557,8394
2558,8492
2559,8568
2560,8624
2561,8668
2562,8700
2563,8724
2564,8842
2565,8935
2566,9006
2567,9062
2568,9103
2569,9134
2570,9158
2571,9176
2572,9189
2573,9200
2574,9304
2575,9382
2576,9442
2577,9488
2578,9522
2579,9548
2580,9567
2581,9582
2582,9593
2583,9601
2584,9695
2585,9766
2586,9820
2587,9862
2588,9893
2589,9917
2590,9935
2591,9948
2592,9958
2593,9966
2594,10054
2595,10119
2596,10168
2597,10206
2598,10235
2599,10257
2600,10273
2601,10285
2602,10294
2603,10301
2604,10382
2605,10443
2606,10489
2607,10524
2608,10550
2609,10570
2610,10585
2611,10596
2612,10604
2613,10611
2614,10618
2615,10625
2616,10627
2617,10627
2618,10627
2619,10627
2620,10627
2621,10627
2622,10627
2623,10627
2624,10711
2625,10772
2626,10818
2627,10853
2628,10879
2629,10899
2630,10914
2631,10925
2632,10933
2633,10940
2634,11022
2635,11081
2636,11126
2637,11160
2638,11186
2639,11205
2640,11219
2641,11229
2642,11237
2643,11244
2644,11319
2645,11375
2646,11416
2647,11447
2648,11471
2649,11489
2650,11502
2651,11512
2652,11519
2653,11526
2654,11597
2655,11649
2656,11687
2657,11716
2658,11738
2659,11754
2660,11766
2661,11775
2662,11782
2663,11789
2664,11856
2665,11906
2666,11941
2667,11968
2668,11988
2669,12003
2670,12014
2671,12022
2672,12029
2673,12036
2674,12098
2675,12144
2676,12178
2677,12203
2678,12221
2679,12234
2680,12244
2681,12252
2682,12259
2683,12266
2684,12324
2685,12367
2686,12399
2687,12422
2688,12439
2689,12452
2690,12461
2691,12468
2692,12475
2693,12482
2694,12537
2695,12578
2696,12608
2697,12629
2698,12645
2699,12657
2700,12666
2701,12673
2702,12680
2703,12687
2704,12739
2705,12777
2706,12805
2707,12826
2708,12841
2709,12852
2710,12860
2711,12867
2712,12874
2713,12881
2714,12930
2715,12967
2716,12994
2717,13013
2718,13027
2719,13037
2720,13045
2721,13052
2722,13059
2723,13064
2724,13110
2725,13144
2726,13170
2727,13189
2728,13202
2729,13212
2730,13219
2731,13226
2732,13233
2733,13238
2734,13282
2735,13316
2736,13340
2737,13358
2738,13371
2739,13380
2740,13387
2741,13394
2742,13401
2743,13404
2744,13447
2745,13479
2746,13503
2747,13520
2748,13532
2749,13541
2750,13548
2751,13555
2752,13562
2753,13563
2754,13605
2755,13636
2756,13659
2757,13675
2758,13687
2759,13695
2760,13702
2761,13709
2762,13715
2763,13715
2764,13755
2765,13785
2766,13807
2767,13823
2768,13834
2769,13842
2770,13849
2771,13856
2772,13862
2773,13862
2774,13901
2775,13930
2776,13951
2777,13966
2778,13977
2779,13985
2780,13992
2781,13999
2782,14003
2783,14003
2784,14041
2785,14069
2786,14089
2787,14104
2788,14115
2789,14123
2790,14130
2791,14137
2792,14140
2793,14140
2794,14176
2795,14203
2796,14223
2797,14237
2798,14247
2799,14255
2800,14262
2801,14269
2802,14272
2803,14272
2804,14308
2805,14334
2806,14354
2807,14367
2808,14377
2809,14384
2810,14391
2811,14398
2812,14400
2813,14400
2814,14435
2815,14460
2816,14479
2817,14492
2818,14502
2819,14509
2820,14516
2821,14523
2822,14524
2823,14524
2824,14558
2825,14583
2826,14601
2827,14614
2828,14624
2829,14631
2830,14638
2831,14645
2832,14645
2833,14645
2834,14678
2835,14703
2836,14721
2837,14733
2838,14742
2839,14749
2840,14756
2841,14763
2842,14763
2843,14763
2844,14795
2845,14819
2846,14836
2847,14848
2848,14857
2849,14864
2850,14871
2851,14878
2852,14878
2853,14878
2854,14910
2855,14933
2856,14950
2857,14963
2858,14971
2859,14978
2860,14985
2861,14991
2862,14991
2863,14991
2864,15022
2865,15046
2866,15062
2867,15074
2868,15082
2869,15090
2870,15098
2871,15101
2872,15101
2873,15101
2874,15132
2875,15155
2876,15171
2877,15182
2878,15190
2879,15198
2880,15205
2881,15209
2882,15209
2883,15209
2884,15239
2885,15261
2886,15277
2887,15289
2888,15297
2889,15305
2890,15313
2891,15315
2892,15315
2893,15315
2894,15346
2895,15368
2896,15383
2897,15394
2898,15402
2899,15410
2900,15418
2901,15419
2902,15419
2903,15419
2904,15419
2905,15419
2906,15419
2907,15419
2908,15419
2909,15419
2910,15419
2911,15419
2912,15419
2913,15419
2914,15419
2915,15419
2916,15419
2917,15419
2918,15419
2919,15419
2920,15419
2921,15419
2922,15419
2923,15419
2924,15419
2925,15419
2926,15419
2927,15419
2928,15419
2929,15419
2930,15419
2931,15419
2932,15419
2933,15419
2934,15448
2935,15469
2936,15484
2937,15495
2938,15503
2939,15511
2940,15519
2941,15519
2942,15519
2943,15519
2944,15548
2945,15569
2946,15584
2947,15595
2948,15603
2949,15611
2950,15617
2951,15617
2952,15617
2953,15617
2954,15645
2955,15666
2956,15681
2957,15691
2958,15699
2959,15707
2960,15714
2961,15714
2962,15714
2963,15714
2964,15742
2965,15763
2966,15777
2967,15788
2968,15796
2969,15804
2970,15810
2971,15810
2972,15810
2973,15810
2974,15838
2975,15858
2976,15873
2977,15883
2978,15891
2979,15899
2980,15905
2981,15905
2982,15905
2983,15905
2984,15933
2985,15953
2986,15967
2987,15977
2988,15985
2989,15993
2990,15999
2991,15999
2992,15999
2993,15999
2994,16027
2995,16047
2996,16061
2997,16071
2998,16079
2999,16087
3000,16092
3001,16092
3002,16092
3003,16092
3004,16120
3005,16140
3006,16154
3007,16164
3008,16172
3009,16180
3010,16184
3011,16184
3012,16184
3013,16184
3014,16212
3015,16232
3016,16246
3017,16256
3018,16264
3019,16272
3020,16276
3021,16276
3022,16276
3023,16276
3024,16303
3025,16323
3026,16337
3027,16347
3028,16355
3029,16363
3030,16367
3031,16367
3032,16367
3033,16367
3034,16394
3035,16413
3036,16427
3037,16437
3038,16445
3039,16453
3040,16457
3041,16457
3042,16457
3043,16457
3044,16485
3045,16504
3046,16518
3047,16527
3048,16535
3049,16543
3050,16546
3051,16546
3052,16546
3053,16546
3054,16573
3055,16593
3056,16606
3057,16615
3058,16623
3059,16631
3060,16635
3061,16635
3062,16635
3063,16635
3064,16662
3065,16681
3066,16695
3067,16704
3068,16712
3069,16720
3070,16723
3071,16723
3072,16723
3073,16723
3074,16750
3075,16770
3076,16783
3077,16792
3078,16800
3079,16808
3080,16811
3081,16811
3082,16811
3083,16811
3084,16838
3085,16857
3086,16870
3087,16879
3088,16887
3089,16895
3090,16899
3091,16899
3092,16899
3093,16899
3094,16926
3095,16945
3096,16958
3097,16967
3098,16975
3099,16983
3100,16986
3101,16986
3102,16986
3103,16986
3104,17013
3105,17033
3106,17046
3107,17055
3108,17063
3109,17071
3110,17073
3111,17073
3112,17073
3113,17073
3114,17073
3115,17073
3116,17073
3117,17073
3118,17073
3119,17073
3120,17073
3121,17073
3122,17073
3123,17073
3124,17106
3125,17130
3126,17146
3127,17157
3128,17165
3129,17173
3130,17179
3131,17179
3132,17179
3133,17179
3134,17211
3135,17234
3136,17250
3137,17261
3138,17269
3139,17277
3140,17283
3141,17283
3142,17283
3143,17283
3144,17314
3145,17336
3146,17351
3147,17362
3148,17370
3149,17378
3150,17385
3151,17385
3152,17385
3153,17385
3154,17415
3155,17437
3156,17452
3157,17463
3158,17471
3159,17479
3160,17486
3161,17486
3162,17486
3163,17486
3164,17516
3165,17537
3166,17552
3167,17562
3168,17570
3169,17578
3170,17585
3171,17585
3172,17585
3173,17585
3174,17614
3175,17635
3176,17650
3177,17661
3178,17669
3179,17677
3180,17683
3181,17683
3182,17683
3183,17683
3184,17712
3185,17733
3186,17748
3187,17758
3188,17766
3189,17774
3190,17780
3191,17780
3192,17780
3193,17780
3194,17808
3195,17828
3196,17842
3197,17852
3198,17860
3199,17868
3200,17876
3201,17876
3202,17876
3203,17876
3204,17904
3205,17924
3206,17938
3207,17948
3208,17956
3209,17964
3210,17971
3211,17971
3212,17971
3213,17971
3214,17999
3215,18019
3216,18033
3217,18043
3218,18051
3219,18059
3220,18065
3221,18065
3222,18065
3223,18065
3224,18092
3225,18112
3226,18126
3227,18136
3228,18144
3229,18152
3230,18158
3231,18158
3232,18158
3233,18158
3234,18158
3235,18158
3236,18159
3237,18160
3238,18161
3239,18162
3240,18164
3241,18165
3242,18167
3243,18169
3244,18171
3245,18173
3246,18175
3247,18177
3248,18179
3249,18181
3250,18183
3251,18185
3252,18187
3253,18189
3254,18191
3255,18194
3256,18197
3257,18200
3258,18203
3259,18206
3260,18210
3261,18214
3262,18217
3263,18220
3264,18223
3265,18226
3266,18229
3267,18233
3268,18237
3269,18241
3270,18245
3271,18248
3272,18251
3273,18255
3274,18259
3275,18263
3276,18267
3277,18271
3278,18274
3279,18278
3280,18282
3281,18286
3282,18290
3283,18294
3284,18298
3285,18301
3286,18304
3287,18307
3288,18310
3289,18313
3290,18316
3291,18319
3292,18322
3293,18325
3294,18328
3295,18332
3296,18336
3297,18339
3298,18342
3299,18345
3300,18348
3301,18351
3302,18354
3303,18357
3304,18469
3305,18546
3306,18601
3307,18641
3308,18667
3309,18685
3310,18699
3311,18708
3312,18716
3313,18724
3314,18727
3315,18727
3316,18727
3317,18727
3318,18728
3319,18729
3320,18731
3321,18733
3322,18735
3323,18738
3324,18741
3325,18745
3326,18749
3327,18752
3328,18756
3329,18760
3330,18765
3331,18769
3332,18773
3333,18778
3334,18914
3335,19014
3336,19084
3337,19133
3338,19169
3339,19194
3340,19212
3341,19224
3342,19233
3343,19241
3344,19248
3345,19252
3346,19252
3347,19252
3348,19252
3349,19252
3350,19252
3351,19252
3352,19253
3353,19255
3354,19256
3355,19258
3356,19261
3357,19264
3358,19267
3359,19271
3360,19276
3361,19280
3362,19284
3363,19288
3364,19293
3365,19297
3366,19302
3367,19308
3368,19312
3369,19317
3370,19323
3371,19328
3372,19334
3373,19340
3374,19469
3375,19564
3376,19643
3377,19696
3378,19735
3379,19767
3380,19787
3381,19803
3382,19812
3383,19819
3384,19898
3385,19958
3386,19999
3387,20028
3388,20051
3389,20067
3390,20078
3391,20087
3392,20095
3393,20102
3394,20109
3395,20109
3396,20109
3397,20109
3398,20109
3399,20109
3400,20109
3401,20109
3402,20109
3403,20109
3404,20189
3405,20252
3406,20296
3407,20326
3408,20349
3409,20366
3410,20378
3411,20386
3412,20393
3413,20400
3414,20476
3415,20535
3416,20576
3417,20606
3418,20629
3419,20648
3420,20659
3421,20667
3422,20674
3423,20681
3424,20688
3425,20689
3426,20689
3427,20689
3428,20689
3429,20689
3430,20689
3431,20689
3432,20689
3433,20689
3434,20767
3435,20830
3436,20872
3437,20902
3438,20926
3439,20942
3440,20956
3441,20967
3442,20975
3443,20982
3444,21058
3445,21117
3446,21156
3447,21186
3448,21210
3449,21226
3450,21237
3451,21247
3452,21254
3453,21261
3454,21268
3455,21270
3456,21270
3457,21270
3458,21270
3459,21270
3460,21270
3461,21270
3462,21270
3463,21270
3464,21351
3465,21413
3466,21456
3467,21487
3468,21510
3469,21527
3470,21541
3471,21551
3472,21558
3473,21565
3474,21572
3475,21575
3476,21575
3477,21575
3478,21575
3479,21575
3480,21575
3481,21575
3482,21575
3483,21575
3484,21663
3485,21728
3486,21773
3487,21808
3488,21833
3489,21852
3490,21865
3491,21876
3492,21883
3493,21890
3494,21972
3495,22031
3496,22077
3497,22111
3498,22135
3499,22152
3500,22165
3501,22175
3502,22182
3503,22189
3504,22196
3505,22202
3506,22202
3507,22202
3508,22202
3509,22202
3510,22202
3511,22202
3512,22202
3513,22202
3514,22285
3515,22349
3516,22395
3517,22429
3518,22456
3519,22476
3520,22489
3521,22499
3522,22507
3523,22514
3524,22521
3525,22526
3526,22526
3527,22526
3528,22526
3529,22526
3530,22526
3531,22526
3532,22526
3533,22526
3534,22614
3535,22681
3536,22728
3537,22763
3538,22790
3539,22809
3540,22825
3541,22836
3542,22844
3543,22851
3544,22938
3545,23000
3546,23046
3547,23082
3548,23108
3549,23127
3550,23141
3551,23152
3552,23160
3553,23167
3554,23247
3555,23306
3556,23349
3557,23382
3558,23406
3559,23425
3560,23438
3561,23447
3562,23454
3563,23461
3564,23468
3565,23474
3566,23474
3567,23474
3568,23474
3569,23474
3570,23474
3571,23474
3572,23474
3573,23474
3574,23556
3575,23614
3576,23660
3577,23693
3578,23718
3579,23737
3580,23751
3581,23761
3582,23768
3583,23775
3584,23855
3585,23913
3586,23955
3587,23986
3588,24009
3589,24026
3590,24039
3591,24050
3592,24058
3593,24065
3594,24072
3595,24077
3596,24077
3597,24077
3598,24077
3599,24077
3600,24077
3601,24077
3602,24077
3603,24077
3604,24156
3605,24217
3606,24260
3607,24293
3608,24318
3609,24337
3610,24351
3611,24361
3612,24368
3613,24375
3614,24382
3615,24388
3616,24388
3617,24388
3618,24388
3619,24388
3620,24388
3621,24388
3622,24388
3623,24388
3624,24475
3625,24539
3626,24586
3627,24621
3628,24647
3629,24666
3630,24680
3631,24691
3632,24699
3633,24706
3634,24789
3635,24851
3636,24896
3637,24930
3638,24956
3639,24975
3640,24989
3641,25000
3642,25008
3643,25015
3644,25022
3645,25029
3646,25029
3647,25029
3648,25029
3649,25029
3650,25029
3651,25029
3652,25029
3653,25029
3654,25115
3655,25178
3656,25224
3657,25259
3658,25286
3659,25305
3660,25320
3661,25331
3662,25339
3663,25346
3664,25353
3665,25360
3666,25360
3667,25360
3668,25360
3669,25360
3670,25360
3671,25360
3672,25360
3673,25360
3674,25451
3675,25519
3676,25569
3677,25606
3678,25634
3679,25655
3680,25670
3681,25681
3682,25689
3683,25696
3684,25784
3685,25849
3686,25897
3687,25932
3688,25959
3689,25979
3690,25994
3691,26005
3692,26013
3693,26020
3694,26027
3695,26034
3696,26035
3697,26035
3698,26035
3699,26035
3700,26035
3701,26035
3702,26035
3703,26035
3704,26126
3705,26193
3706,26242
3707,26279
3708,26306
3709,26326
3710,26341
3711,26352
3712,26360
3713,26367
3714,26454
3715,26518
3716,26566
3717,26601
3718,26627
3719,26646
3720,26660
3721,26671
3722,26679
3723,26686
3724,26693
3725,26699
3726,26699
3727,26699
3728,26699
3729,26699
3730,26699
3731,26699
3732,26699
3733,26699
3734,26788
3735,26854
3736,26902
3737,26939
3738,26966
3739,26986
3740,27001
3741,27012
3742,27020
3743,27027
3744,27034
3745,27040
3746,27040
3747,27040
3748,27040
3749,27040
3750,27040
3751,27040
3752,27040
3753,27040
3754,27136
3755,27206
3756,27258
3757,27296
3758,27324
3759,27345
3760,27360
3761,27372
3762,27380
3763,27387
3764,27394
3765,27401
3766,27401
3767,27401
3768,27401
3769,27401
3770,27401
3771,27401
3772,27401
3773,27401
3774,27503
3775,27575
3776,27630
3777,27671
3778,27702
3779,27724
3780,27741
3781,27753
3782,27762
3783,27769
3784,27867
3785,27937
3786,27989
3787,28028
3788,28057
3789,28078
3790,28093
3791,28104
3792,28112
3793,28119
3794,28126
3795,28133
3796,28134
3797,28134
3798,28134
3799,28134
3800,28134
3801,28134
3802,28134
3803,28134
3804,28234
3805,28306
3806,28359
3807,28399
3808,28428
3809,28450
3810,28466
3811,28477
3812,28485
3813,28492
3814,28587
3815,28656
3816,28708
3817,28746
3818,28774
3819,28795
3820,28810
3821,28821
3822,28829
3823,28836
3824,28843
3825,28850
3826,28850
3827,28850
3828,28850
3829,28850
3830,28850
3831,28850
3832,28850
3833,28850
3834,28948
3835,29019
3836,29071
3837,29109
3838,29138
3839,29159
3840,29174
3841,29186
3842,29194
3843,29201
3844,29208
3845,29215
3846,29215
3847,29215
3848,29215
3849,29215
3850,29215
3851,29215
3852,29215
3853,29215
3854,29215
3855,29215
3856,29215
3857,29215
3858,29215
3859,29215
3860,29215
3861,29215
3862,29215
3863,29215
3864,29215
3865,29215
3866,29215
3867,29215
3868,29215
3869,29215
3870,29215
3871,29215
3872,29215
3873,29215
3874,29306
3875,29371
3876,29419
3877,29455
3878,29481
3879,29500
3880,29514
3881,29524
3882,29532
3883,29539
3884,29546
3885,29551
3886,29551
3887,29551
3888,29551
3889,29551
3890,29551
3891,29551
3892,29551
3893,29551
3894,29647
3895,29717
3896,29768
3897,29807
3898,29835
3899,29856
3900,29871
3901,29882
3902,29890
3903,29897
3904,29904
3905,29909
3906,29909
3907,29909
3908,29909
3909,29909
3910,29909
3911,29909
3912,29909
3913,29909
3914,29992
3915,30052
3916,30096
3917,30128
3918,30152
3919,30169
3920,30182
3921,30191
3922,30198
3923,30205
3924,30284
3925,30342
3926,30384
3927,30415
3928,30438
3929,30455
3930,30468
3931,30477
3932,30484
3933,30491
3934,30564
3935,30619
3936,30659
3937,30687
3938,30708
3939,30724
3940,30735
3941,30744
3942,30751
3943,30758
3944,30827
3945,30878
3946,30915
3947,30941
3948,30961
3949,30975
3950,30986
3951,30994
3952,31001
3953,31008
3954,31073
3955,31120
3956,31154
3957,31179
3958,31197
3959,31211
3960,31221
3961,31228
3962,31235
3963,31242
3964,31303
3965,31348
3966,31381
3967,31404
3968,31421
3969,31433
3970,31442
3971,31449
3972,31456
3973,31463
3974,31520
3975,31562
3976,31593
3977,31615
3978,31631
3979,31643
3980,31651
3981,31658
3982,31665
3983,31672
3984,31725
3985,31765
3986,31794
3987,31815
3988,31830
3989,31841
3990,31849
3991,31856
3992,31863
3993,31869
3994,31919
3995,31956
3996,31983
3997,32003
3998,32018
3999,32029
4000,32037
4001,32044
4002,32051
4003,32056
4004,32104
4005,32140
4006,32166
4007,32185
4008,32199
4009,32209
4010,32216
4011,32223
4012,32230
4013,32234
4014,32279
4015,32313
4016,32338
4017,32356
4018,32369
4019,32379
4020,32386
4021,32393
4022,32400
4023,32404
4024,32447
4025,32480
4026,32504
4027,32521
4028,32534
4029,32543
4030,32550
4031,32557
4032,32564
4033,32566
4034,32608
4035,32640
4036,32663
4037,32680
4038,32692
4039,32701
4040,32708
4041,32715
4042,32722
4043,32722
4044,32722
4045,32722
4046,32722
4047,32722
4048,32722
4049,32722
4050,32722
4051,32722
4052,32722
4053,32722
4054,32770
4055,32806
4056,32832
4057,32851
4058,32865
4059,32875
4060,32883
4061,32890
4062,32897
4063,32901
4064,32947
4065,32981
4066,33006
4067,33024
4068,33037
4069,33047
4070,33054
4071,33061
4072,33068
4073,33071
4074,33115
4075,33148
4076,33172
4077,33189
4078,33202
4079,33211
4080,33218
4081,33225
4082,33232
4083,33235
4084,33235
4085,33235
4086,33235
4087,33235
4088,33235
4089,33235
4090,33235
4091,33235
4092,33235
4093,33235
4094,33285
4095,33323
4096,33350
4097,33370
4098,33384
4099,33394
4100,33402
4101,33409
4102,33416
4103,33421
4104,33469
4105,33505
4106,33531
4107,33550
4108,33563
4109,33573
4110,33580
4111,33587
4112,33594
4113,33598
4114,33598
4115,33598
4116,33598
4117,33598
4118,33598
4119,33598
4120,33598
4121,33598
4122,33598
4123,33598
4124,33652
4125,33692
4126,33722
4127,33743
4128,33758
4129,33769
4130,33777
4131,33784
4132,33791
4133,33798
4134,33849
4135,33887
4136,33915
4137,33936
4138,33950
4139,33961
4140,33969
4141,33976
4142,33983
4143,33988
4144,34037
4145,34073
4146,34100
4147,34119
4148,34133
4149,34143
4150,34151
4151,34158
4152,34165
4153,34169
4154,34169
4155,34169
4156,34169
4157,34169
4158,34169
4159,34169
4160,34169
4161,34169
4162,34169
4163,34169
4164,34224
4165,34266
4166,34296
4167,34318
4168,34334
4169,34345
4170,34353
4171,34360
4172,34367
4173,34373
4174,34426
4175,34465
4176,34493
4177,34513
4178,34528
4179,34539
4180,34547
4181,34554
4182,34561
4183,34567
4184,34567
4185,34567
4186,34567
4187,34567
4188,34567
4189,34567
4190,34567
4191,34567
4192,34567
4193,34567
4194,34626
4195,34670
4196,34702
4197,34725
4198,34741
4199,34753
4200,34762
4201,34769
4202,34776
4203,34783
4204,34784
4205,34784
4206,34784
4207,34784
4208,34784
4209,34784
4210,34784
4211,34784
4212,34784
4213,34784
4214,34849
4215,34899
4216,34934
4217,34959
4218,34977
4219,34990
4220,35000
4221,35007
4222,35014
4223,35021
4224,35024
4225,35024
4226,35024
4227,35024
4228,35024
4229,35024
4230,35024
4231,35024
4232,35024
4233,35024
4234,35097
4235,35151
4236,35190
4237,35217
4238,35237
4239,35251
4240,35262
4241,35270
4242,35277
4243,35284
4244,35354
4245,35405
4246,35441
4247,35468
4248,35487
4249,35501
4250,35511
4251,35518
4252,35525
4253,35532
4254,35598
4255,35646
4256,35680
4257,35704
4258,35722
4259,35735
4260,35744
4261,35751
4262,35758
4263,35765
4264,35765
4265,35765
4266,35765
4267,35765
4268,35765
4269,35765
4270,35765
4271,35765
4272,35765
4273,35765
4274,35837
4275,35890
4276,35927
4277,35954
4278,35973
4279,35987
4280,35997
4281,36004
4282,36011
4283,36018
4284,36086
4285,36136
4286,36171
4287,36196
4288,36214
4289,36227
4290,36237
4291,36245
4292,36252
4293,36259
4294,36259
4295,36259
4296,36259
4297,36259
4298,36259
4299,36259
4300,36259
4301,36259
4302,36259
4303,36259
4304,36335
4305,36390
4306,36428
4307,36455
4308,36475
4309,36489
4310,36499
4311,36507
4312,36515
4313,36522
4314,36523
4315,36523
4316,36523
4317,36523
4318,36523
4319,36523
4320,36523
4321,36523
4322,36523
4323,36523
4324,36608
4325,36669
4326,36712
4327,36743
4328,36765
4329,36781
4330,36792
4331,36800
4332,36808
4333,36816
4334,36818
4335,36818
4336,36818
4337,36818
4338,36818
4339,36818
4340,36818
4341,36818
4342,36819
4343,36819
4344,36819
4345,36819
4346,36819
4347,36819
4348,36819
4349,36819
4350,36819
4351,36819
4352,36819
4353,36819
4354,36819
4355,36819
4356,36819
4357,36819
4358,36820
4359,36821
4360,36822
4361,36823
4362,36824
4363,36825
4364,36826
4365,36827
4366,36828
4367,36829
4368,36830
4369,36831
4370,36832
4371,36833
4372,36834
4373,36835
4374,36836
4375,36837
4376,36838
4377,36839
4378,36840
4379,36841
4380,36842
4381,36843
4382,36844
4383,36845
4384,36846
4385,36847
4386,36848
4387,36849
4388,36850
4389,36851
4390,36852
4391,36853
4392,36854
4393,36855
4394,36856
4395,36857
4396,36858
4397,36859
4398,36860
4399,36861
4400,36862
4401,36863
4402,36864
4403,36865
4404,37009
4405,37151
4406,37273
4407,37364
4408,37428
4409,37473
4410,37500
4411,37516
4412,37529
4413,37538
4414,37685
4415,37829
4416,37948
4417,38032
4418,38091
4419,38132
4420,38161
4421,38181
4422,38195
4423,38205
4424,38213
4425,38221
4426,38227
4427,38227
4428,38227
4429,38227
4430,38227
4431,38227
4432,38227
4433,38227
4434,38227
4435,38227
4436,38227
4437,38227
4438,38227
4439,38227
4440,38227
4441,38227
4442,38227
4443,38227
4444,38227
4445,38227
4446,38227
4447,38227
4448,38227
4449,38227
4450,38227
4451,38227
4452,38227
4453,38227
4454,38363
4455,38456
4456,38522
4457,38570
4458,38603
4459,38626
4460,38642
4461,38654
4462,38662
4463,38670
4464,38798
4465,38885
4466,38946
4467,38990
4468,39021
4469,39043
4470,39058
4471,39069
4472,39077
4473,39085
4474,39199
4475,39280
4476,39337
4477,39377
4478,39406
4479,39426
4480,39440
4481,39450
4482,39458
4483,39466
4484,39572
4485,39645
4486,39697
4487,39734
4488,39760
4489,39778
4490,39791
4491,39800
4492,39808
4493,39816
4494,39914
4495,39982
4496,40030
4497,40064
4498,40088
4499,40105
4500,40117
4501,40126
4502,40134
4503,40142
4504,40232
4505,40294
4506,40338
4507,40369
4508,40391
4509,40407
4510,40418
4511,40426
4512,40434
4513,40442
4514,40524
4515,40583
4516,40624
4517,40653
4518,40674
4519,40689
4520,40699
4521,40707
4522,40715
4523,40722
4524,40800
4525,40855
4526,40893
4527,40920
4528,40939
4529,40952
4530,40962
4531,40970
4532,40978
4533,40983
4534,41055
4535,41106
4536,41143
4537,41169
4538,41187
4539,41200
4540,41209
4541,41217
4542,41225
4543,41228
4544,41228
4545,41228
4546,41228
4547,41228
4548,41228
4549,41228
4550,41228
4551,41228
4552,41228
4553,41228
4554,41307
4555,41364
4556,41403
4557,41431
4558,41450
4559,41464
4560,41474
4561,41482
4562,41490
4563,41496
4564,41571
4565,41624
4566,41661
4567,41687
4568,41705
4569,41718
4570,41727
4571,41735
4572,41743
4573,41747
4574,41747
4575,41747
4576,41747
4577,41747
4578,41747
4579,41747
4580,41747
4581,41747
4582,41747
4583,41747
4584,41829
4585,41887
4586,41928
4587,41956
4588,41976
4589,41990
4590,42000
4591,42008
4592,42016
4593,42022
4594,42099
4595,42154
4596,42192
4597,42218
4598,42236
4599,42249
4600,42258
4601,42266
4602,42274
4603,42279
4604,42352
4605,42403
4606,42438
4607,42463
4608,42480
4609,42492
4610,42501
4611,42509
4612,42517
4613,42520
4614,42589
4615,42637
4616,42670
4617,42693
4618,42710
4619,42721
4620,42729
4621,42737
4622,42745
4623,42747
4624,42812
4625,42858
4626,42890
4627,42912
4628,42927
4629,42938
4630,42946
4631,42954
4632,42961
4633,42961
4634,43022
4635,43065
4636,43095
4637,43116
4638,43131
4639,43141
4640,43149
4641,43157
4642,43164
4643,43164
4644,43222
4645,43263
4646,43292
4647,43312
4648,43326
4649,43335
4650,43343
4651,43351
4652,43356
4653,43356
4654,43411
4655,43450
4656,43477
4657,43496
4658,43509
4659,43518
4660,43526
4661,43534
4662,43539
4663,43539
4664,43592
4665,43629
4666,43655
4667,43673
4668,43686
4669,43695
4670,43703
4671,43711
4672,43714
4673,43714
4674,43764
4675,43800
4676,43825
4677,43842
4678,43854
4679,43863
4680,43871
4681,43879
4682,43881
4683,43881
4684,43929
4685,43963
4686,43987
4687,44004
4688,44016
4689,44024
4690,44032
4691,44040
4692,44041
4693,44041
4694,44041
4695,44041
4696,44041
4697,44041
4698,44041
4699,44041
4700,44041
4701,44041
4702,44041
4703,44041
4704,44096
4705,44135
4706,44162
4707,44181
4708,44194
4709,44203
4710,44211
4711,44219
4712,44224
4713,44224
4714,44224
4715,44224
4716,44224
4717,44224
4718,44224
4719,44224
4720,44224
4721,44224
4722,44224
4723,44224
4724,44285
4725,44330
4726,44361
4727,44382
4728,44397
4729,44407
4730,44415
4731,44423
4732,44430
4733,44430
4734,44489
4735,44531
4736,44560
4737,44581
4738,44595
4739,44605
4740,44613
4741,44621
4742,44626
4743,44626
4744,44626
4745,44626
4746,44626
4747,44626
4748,44626
4749,44626
4750,44626
4751,44626
4752,44626
4753,44626
4754,44692
4755,44739
4756,44772
4757,44794
4758,44810
4759,44821
4760,44829
4761,44837
4762,44845
4763,44845
4764,44845
4765,44845
4766,44845
4767,44845
4768,44845
4769,44845
4770,44845
4771,44845
4772,44845
4773,44845
4774,44918
4775,44970
4776,45006
4777,45031
4778,45048
4779,45060
4780,45069
4781,45077
4782,45086
4783,45089
4784,45090
4785,45091
4786,45092
4787,45093
4788,45094
4789,45096
4790,45098
4791,45100
4792,45102
4793,45104
4794,45106
4795,45108
4796,45110
4797,45112
4798,45114
4799,45116
4800,45118
4801,45120
4802,45122
4803,45124
4804,45126
4805,45128
4806,45130
4807,45132
4808,45134
4809,45136
4810,45138
4811,45140
4812,45142
4813,45144
4814,45286
4815,45389
4816,45463
4817,45515
4818,45551
4819,45577
4820,45596
4821,45610
4822,45620
4823,45630
4824,45640
4825,45642
4826,45644
4827,45646
4828,45648
4829,45650
4830,45652
4831,45654
4832,45656
4833,45658
4834,45807
4835,45914
4836,45991
4837,46045
4838,46083
4839,46110
4840,46129
4841,46142
4842,46152
4843,46162
4844,46172
4845,46174
4846,46176
4847,46178
4848,46180
4849,46182
4850,46184
4851,46186
4852,46188
4853,46190
4854,46343
4855,46455
4856,46535
4857,46592
4858,46631
4859,46658
4860,46677
4861,46691
4862,46702
4863,46711
4864,46719
4865,46720
4866,46721
4867,46722
4868,46723
4869,46724
4870,46725
4871,46726
4872,46727
4873,46728
4874,46884
4875,46999
4876,47079
4877,47136
4878,47175
4879,47202
4880,47221
4881,47234
4882,47244
4883,47253
4884,47262
4885,47264
4886,47265
4887,47266
4888,47267
4889,47268
4890,47269
4891,47270
4892,47271
4893,47272
4894,47429
4895,47549
4896,47634
4897,47693
4898,47733
4899,47760
4900,47779
4901,47793
4902,47803
4903,47812
4904,47821
4905,47822
4906,47823
4907,47824
4908,47825
4909,47826
4910,47827
4911,47828
4912,47829
4913,47830
4914,47989
4915,48113
4916,48201
4917,48262
4918,48303
4919,48331
4920,48351
4921,48364
4922,48374
4923,48383
4924,48392
4925,48394
4926,48395
4927,48396
4928,48397
4929,48398
4930,48399
4931,48400
4932,48401
4933,48402
4934,48403
4935,48404
4936,48405
4937,48406
4938,48407
4939,48408
4940,48409
4941,48410
4942,48411
4943,48412
4944,48571
4945,48717
4946,48803
4947,48858
4948,48890
4949,48907
4950,48911
4951,48912
4952,48907
4953,48900
4954,49044
4955,49164
4956,49243
4957,49296
4958,49328
4959,49349
4960,49360
4961,49367
4962,49370
4963,49376
4964,49384
4965,49385
4966,49385
4967,49385
4968,49385
4969,49385
4970,49385
4971,49385
4972,49385
4973,49385
4974,49385
4975,49385
4976,49385
4977,49385
4978,49385
4979,49385
4980,49385
4981,49385
4982,49385
4983,49385
4984,49385
4985,49385
4986,49385
4987,49385
4988,49385
4989,49385
4990,49385
4991,49385
4992,49385
4993,49385
4994,49385
4995,49385
4996,49385
4997,49385
4998,49385
4999,49385
5000,49385
5001,49385
5002,49385
5003,49385
5004,49385
5005,49385
5006,49385
5007,49385
5008,49385
5009,49385
5010,49385
5011,49385
5012,49385
5013,49385
5014,49541
5015,49654
5016,49732
5017,49786
5018,49823
5019,49849
5020,49866
5021,49877
5022,49886
5023,49894
5024,50043
5025,50146
5026,50217
5027,50266
5028,50299
5029,50322
5030,50338
5031,50348
5032,50357
5033,50365
5034,50369
5035,50369
5036,50369
5037,50369
5038,50369
5039,50369
5040,50369
5041,50369
5042,50369
5043,50369
5044,50519
5045,50625
5046,50698
5047,50749
5048,50784
5049,50807
5050,50823
5051,50834
5052,50843
5053,50852
5054,50855
5055,50855
5056,50855
5057,50855
5058,50855
5059,50855
5060,50855
5061,50855
5062,50855
5063,50855
5064,51009
5065,51119
5066,51197
5067,51249
5068,51284
5069,51309
5070,51325
5071,51336
5072,51345
5073,51354
5074,51358
5075,51358
5076,51358
5077,51358
5078,51358
5079,51358
5080,51358
5081,51358
5082,51358
5083,51358
5084,51515
5085,51630
5086,51710
5087,51764
5088,51801
5089,51826
5090,51843
5091,51855
5092,51864
5093,51873
5094,51877
5095,51877
5096,51877
5097,51877
5098,51877
5099,51877
5100,51877
5101,51877
5102,51877
5103,51877
5104,52037
5105,52157
5106,52241
5107,52297
5108,52335
5109,52361
5110,52378
5111,52390
5112,52399
5113,52408
5114,52413
5115,52413
5116,52413
5117,52413
5118,52413
5119,52413
5120,52413
5121,52413
5122,52413
5123,52413
5124,52574
5125,52698
5126,52782
5127,52842
5128,52882
5129,52909
5130,52927
5131,52939
5132,52948
5133,52957
5134,53114
5135,53226
5136,53304
5137,53356
5138,53391
5139,53415
5140,53431
5141,53442
5142,53451
5143,53460
5144,53462
5145,53460
5146,53456
5147,53451
5148,53445
5149,53440
5150,53433
5151,53426
5152,53420
5153,53412
5154,53566
5155,53672
5156,53742
5157,53785
5158,53811
5159,53825
5160,53832
5161,53834
5162,53832
5163,53831
5164,53823
5165,53811
5166,53801
5167,53789
5168,53777
5169,53766
5170,53753
5171,53742
5172,53729
5173,53716
5174,53867
5175,53972
5176,54041
5177,54082
5178,54104
5179,54114
5180,54117
5181,54113
5182,54108
5183,54103
5184,54094
5185,54082
5186,54069
5187,54056
5188,54043
5189,54029
5190,54015
5191,54003
5192,53991
5193,53977
5194,54126
5195,54235
5196,54305
5197,54348
5198,54372
5199,54383
5200,54384
5201,54382
5202,54376
5203,54371
5204,54359
5205,54342
5206,54327
5207,54312
5208,54298
5209,54282
5210,54266
5211,54251
5212,54235
5213,54222
5214,54372
5215,54486
5216,54559
5217,54606
5218,54633
5219,54645
5220,54652
5221,54652
5222,54648
5223,54643
5224,54635
5225,54623
5226,54611
5227,54601
5228,54589
5229,54579
5230,54569
5231,54559
5232,54550
5233,54542
5234,54698
5235,54819
5236,54901
5237,54954
5238,54988
5239,55011
5240,55023
5241,55027
5242,55029
5243,55033
5244,55190
5245,55299
5246,55372
5247,55420
5248,55451
5249,55471
5250,55483
5251,55489
5252,55495
5253,55499
5254,55649
5255,55747
5256,55816
5257,55860
5258,55889
5259,55908
5260,55919
5261,55926
5262,55932
5263,55939
5264,55939
5265,55939
5266,55939
5267,55939
5268,55939
5269,55939
5270,55939
5271,55939
5272,55939
5273,55939
5274,56096
5275,56203
5276,56278
5277,56327
5278,56360
5279,56382
5280,56397
5281,56407
5282,56416
5283,56425
5284,56426
5285,56426
5286,56426
5287,56426
5288,56426
5289,56426
5290,56426
5291,56426
5292,56426
5293,56426
5294,56585
5295,56698
5296,56775
5297,56827
5298,56862
5299,56885
5300,56900
5301,56910
5302,56919
5303,56928
5304,56929
5305,56929
5306,56929
5307,56929
5308,56929
5309,56929
5310,56929
5311,56929
5312,56929
5313,56929
5314,57090
5315,57208
5316,57288
5317,57342
5318,57378
5319,57402
5320,57418
5321,57429
5322,57439
5323,57449
5324,57452
5325,57453
5326,57454
5327,57455
5328,57456
5329,57458
5330,57460
5331,57462
5332,57464
5333,57466
5334,57468
5335,57470
5336,57472
5337,57474
5338,57476
5339,57478
5340,57480
5341,57482
5342,57484
5343,57486
5344,57488
5345,57490
5346,57492
5347,57494
5348,57496
5349,57498
5350,57500
5351,57502
5352,57504
5353,57506
5354,57678
5355,57844
5356,57971
5357,58057
5358,58115
5359,58154
5360,58182
5361,58201
5362,58214
5363,58225
5364,58236
5365,58239
5366,58241
5367,58243
5368,58245
5369,58247
5370,58249
5371,58251
5372,58253
5373,58255
5374,58431
5375,58601
5376,58730
5377,58816
5378,58874
5379,58913
5380,58939
5381,58957
5382,58969
5383,58980
5384,58991
5385,58994
5386,58996
5387,58998
5388,59000
5389,59002
5390,59004
5391,59006
5392,59008
5393,59010
5394,59186
5395,59354
5396,59485
5397,59571
5398,59630
5399,59669
5400,59696
5401,59714
5402,59727
5403,59738
5404,59909
5405,60062
5406,60172
5407,60247
5408,60299
5409,60335
5410,60360
5411,60379
5412,60392
5413,60403
5414,60413
5415,60421
5416,60423
5417,60425
5418,60427
5419,60429
5420,60431
5421,60433
5422,60435
5423,60437
5424,60439
5425,60441
5426,60443
5427,60445
5428,60447
5429,60449
5430,60451
5431,60453
5432,60455
5433,60457
5434,60459
5435,60461
5436,60463
5437,60465
5438,60467
5439,60469
5440,60471
5441,60473
5442,60475
5443,60477
5444,60479
5445,60481
5446,60483
5447,60485
5448,60487
5449,60489
5450,60491
5451,60493
5452,60495
5453,60497
5454,60499
5455,60501
5456,60503
5457,60505
5458,60507
5459,60509
5460,60511
5461,60513
5462,60515
5463,60517
5464,60519
5465,60521
5466,60523
5467,60525
5468,60527
5469,60529
5470,60531
5471,60533
5472,60535
5473,60537
5474,60539
5475,60541
5476,60543
5477,60545
5478,60547
5479,60549
5480,60551
5481,60553
5482,60555
5483,60557
5484,60715
5485,60866
5486,60989
5487,61077
5488,61138
5489,61180
5490,61211
5491,61234
5492,61249
5493,61259
5494,61267
5495,61275
5496,61283
5497,61283
5498,61283
5499,61283
5500,61283
5501,61283
5502,61283
5503,61283
5504,61426
5505,61563
5506,61685
5507,61774
5508,61836
5509,61881
5510,61914
5511,61939
5512,61957
5513,61970
5514,61980
5515,61987
5516,61994
5517,62001
5518,62006
5519,62006
5520,62006
5521,62006
5522,62006
5523,62006
5524,62130
5525,62250
5526,62367
5527,62459
5528,62531
5529,62584
5530,62624
5531,62655
5532,62678
5533,62695
5534,62708
5535,62718
5536,62726
5537,62733
5538,62740
5539,62747
5540,62749
5541,62750
5542,62751
5543,62752
5544,62873
5545,62988
5546,63101
5547,63212
5548,63297
5549,63363
5550,63415
5551,63455
5552,63485
5553,63508
5554,63623
5555,63732
5556,63843
5557,63951
5558,64049
5559,64127
5560,64187
5561,64234
5562,64270
5563,64298
5564,64320
5565,64337
5566,64351
5567,64362
5568,64370
5569,64377
5570,64384
5571,64391
5572,64398
5573,64400
5574,64504
5575,64603
5576,64702
5577,64802
5578,64890
5579,64958
5580,65014
5581,65058
5582,65092
5583,65119
5584,65140
5585,65157
5586,65171
5587,65182
5588,65191
5589,65198
5590,65204
5591,65211
5592,65217
5593,65222
5594,65322
5595,65420
5596,65516
5597,65616
5598,65704
5599,65773
5600,65829
5601,65873
5602,65908
5603,65936
5604,65958
5605,65976
5606,65990
5607,66001
5608,66010
5609,66017
5610,66023
5611,66029
5612,66035
5613,66041
5614,66139
5615,66231
5616,66325
5617,66420
5618,66506
5619,66577
5620,66633
5621,66678
5622,66714
5623,66743
5624,66767
5625,66786
5626,66801
5627,66814
5628,66824
5629,66832
5630,66839
5631,66845
5632,66851
5633,66857
5634,66953
5635,67043
5636,67133
5637,67223
5638,67308
5639,67380
5640,67437
5641,67483
5642,67519
5643,67549
5644,67574
5645,67595
5646,67612
5647,67626
5648,67637
5649,67646
5650,67654
5651,67660
5652,67666
5653,67672
5654,67678
5655,67684
5656,67685
5657,67686
5658,67687
5659,67687
5660,67687
5661,67687
5662,67687
5663,67687
5664,67687
5665,67687
5666,67687
5667,67687
5668,67687
5669,67687
5670,67687
5671,67687
5672,67687
5673,67687
5674,67772
5675,67853
5676,67936
5677,68021
5678,68104
5679,68190
5680,68279
5681,68354
5682,68414
5683,68463
5684,68550
5685,68634
5686,68719
5687,68803
5688,68888
5689,68976
5690,69063
5691,69148
5692,69221
5693,69282
5694,69329
5695,69368
5696,69400
5697,69426
5698,69447
5699,69464
5700,69478
5701,69489
5702,69498
5703,69506
5704,69512
5705,69517
5706,69522
5707,69527
5708,69532
5709,69537
5710,69538
5711,69538
5712,69538
5713,69538
5714,69619
5715,69696
5716,69775
5717,69854
5718,69933
5719,70011
5720,70090
5721,70160
5722,70220
5723,70269
5724,70309
5725,70341
5726,70368
5727,70390
5728,70408
5729,70423
5730,70436
5731,70447
5732,70456
5733,70463
5734,70539
5735,70613
5736,70689
5737,70765
5738,70844
5739,70924
5740,71000
5741,71073
5742,71135
5743,71187
5744,71229
5745,71265
5746,71294
5747,71319
5748,71340
5749,71357
5750,71371
5751,71383
5752,71393
5753,71402
5754,71409
5755,71415
5756,71420
5757,71424
5758,71428
5759,71432
5760,71436
5761,71440
5762,71443
5763,71443
5764,71443
5765,71443
5766,71443
5767,71443
5768,71443
5769,71443
5770,71443
5771,71443
5772,71443
5773,71443
5774,71443
5775,71443
5776,71443
5777,71443
5778,71443
5779,71443
5780,71443
5781,71443
5782,71443
5783,71443
5784,71514
5785,71585
5786,71656
5787,71727
5788,71799
5789,71872
5790,71945
5791,72021
5792,72093
5793,72163
5794,72232
5795,72301
5796,72362
5797,72411
5798,72453
5799,72489
5800,72520
5801,72546
5802,72569
5803,72588
5804,72656
5805,72720
5806,72784
5807,72850
5808,72914
5809,72980
5810,73048
5811,73115
5812,73180
5813,73246
5814,73310
5815,73378
5816,73445
5817,73510
5818,73570
5819,73621
5820,73664
5821,73701
5822,73732
5823,73757
5824,73820
5825,73878
5826,73935
5827,73993
5828,74049
5829,74105
5830,74158
5831,74206
5832,74255
5833,74302
5834,74346
5835,74388
5836,74429
5837,74465
5838,74496
5839,74527
5840,74554
5841,74576
5842,74596
5843,74615
5844,74631
5845,74643
5846,74654
5847,74661
5848,74668
5849,74672
5850,74674
5851,74674
5852,74674
5853,74674
5854,74674
5855,74674
5856,74674
5857,74674
5858,74674
5859,74674
5860,74674
5861,74674
5862,74674
5863,74674
5864,74674
5865,74674
5866,74674
5867,74674
5868,74674
5869,74674
5870,74674
5871,74674
5872,74674
5873,74674
5874,74674
5875,74674
5876,74674
5877,74674
5878,74674
5879,74674
5880,74674
5881,74674
5882,74674
5883,74674
5884,74674
5885,74674
5886,74674
5887,74674
5888,74674
5889,74674
5890,74674
5891,74674
5892,74674
5893,74674
5894,74674
5895,74674
5896,74674
5897,74674
5898,74674
5899,74674
5900,74674
5901,74674
5902,74674
5903,74674
5904,74674
5905,74674
5906,74674
5907,74674
5908,74674
5909,74674
5910,74674
5911,74674
5912,74674
5913,74674
5914,74674
5915,74674
5916,74674
5917,74674
5918,74674
5919,74674
5920,74674
5921,74674
5922,74674
5923,74674
5924,74674
5925,74674
5926,74674
5927,74674
5928,74674
5929,74674
5930,74674
5931,74674
5932,74674
5933,74674
5934,74674
5935,74674
5936,74674
5937,74674
5938,74674
5939,74674
5940,74674
5941,74674
5942,74674
5943,74674
5944,74674
5945,74674
5946,74674
5947,74674
5948,74674
5949,74674
5950,74674
5951,74674
5952,74674
5953,74674
5954,74674
5955,74674
5956,74674
5957,74674
5958,74674
5959,74674
5960,74674
5961,74674
5962,74674
5963,74674
5964,74674
5965,74674
5966,74674
5967,74674
5968,74674
5969,74674
5970,74674
5971,74674
5972,74674
5973,74674
5974,74674
5975,74674
5976,74674
5977,74674
5978,74674
5979,74674
5980,74674
5981,74674
5982,74674
5983,74674
5984,74674
5985,74674
5986,74674
5987,74674
5988,74674
5989,74674
5990,74674
5991,74674
5992,74674
5993,74674
5994,74674
5995,74674
5996,74674
5997,74674
5998,74674
5999,74674
6000,74674
6001,74674
6002,74674
6003,74674
6004,74674
6005,74674
6006,74674
6007,74674
6008,74674
6009,74674
6010,74674
6011,74674
6012,74674
6013,74674
6014,74674
6015,74674
6016,74674
6017,74674
6018,74674
6019,74674
6020,74674
6021,74674
6022,74674
6023,74674
6024,74674
6025,74674
6026,74674
6027,74674
6028,74674
6029,74674
6030,74674
6031,74674
6032,74674
6033,74674
6034,74674
6035,74674
6036,74674
6037,74674
6038,74674
6039,74674
6040,74674
6041,74674
6042,74674
6043,74674
6044,74674
6045,74674
6046,74674
6047,74674
6048,74674
6049,74674
6050,74674
6051,74674
6052,74674
6053,74674
6054,74674
6055,74674
6056,74674
6057,74674
6058,74674
6059,74674
6060,74674
6061,74674
6062,74674
6063,74674
6064,74674
6065,74674
6066,74674
6067,74674
6068,74674
6069,74674
6070,74674
6071,74674
6072,74674
6073,74674
6074,74674
6075,74674
6076,74674
6077,74674
6078,74674
6079,74674
6080,74674
6081,74674
6082,74674
6083,74674
6084,74674
6085,74674
6086,74674
6087,74674
6088,74674
6089,74674
6090,74674
6091,74674
6092,74674
6093,74674
6094,74674
6095,74674
6096,74674
6097,74674
6098,74674
6099,74674
6100,74674
6101,74674
6102,74674
6103,74674
6104,74674
6105,74674
6106,74674
6107,74674
6108,74674
6109,74674
6110,74674
6111,74674
6112,74674
6113,74674
6114,74674
6115,74674
6116,74642
6117,74611
6118,74580
6119,74549
6120,74518
6121,74486
6122,74455
6123,74426
6124,74398
6125,74374
6126,74350
6127,74328
6128,74308
6129,74295
6130,74286
6131,74278
6132,74270
6133,74262
6134,74255
6135,74248
6136,74242
6137,74236
6138,74232
6139,74226
6140,74221
6141,74217
6142,74214
6143,74214
6144,74214
6145,74214
6146,74214
6147,74214
6148,74214
6149,74214
6150,74214
6151,74214
6152,74214
6153,74214
6154,74214
6155,74214
6156,74214
6157,74214
6158,74214
6159,74214
6160,74214
6161,74214
6162,74214
6163,74214
6164,74214
6165,74214
6166,74214
6167,74214
6168,74214
6169,74214
6170,74214
6171,74214
6172,74214
6173,74214
6174,74214
6175,74214
6176,74214
6177,74214
6178,74214
6179,74214
6180,74214
6181,74214
6182,74214
6183,74214
6184,74214
6185,74214
6186,74214
6187,74214
6188,74214
6189,74214
6190,74214
6191,74214
6192,74214
6193,74214
6194,74214
6195,74214
6196,74214
6197,74214
6198,74214
6199,74214
6200,74214
6201,74214
6202,74214
6203,74214
6204,74214
6205,74214
6206,74214
6207,74214
6208,74214
6209,74214
6210,74214
6211,74214
6212,74214
6213,74214
6214,74214
6215,74214
6216,74214
6217,74214
6218,74214
6219,74214
6220,74214
6221,74214
6222,74214
6223,74214
6224,74214
6225,74214
6226,74214
6227,74214
6228,74214
6229,74214
6230,74214
6231,74214
6232,74214
6233,74214
6234,74214
6235,74214
6236,74214
6237,74214
6238,74214
6239,74214
6240,74214
6241,74214
6242,74214
6243,74214
6244,74214
6245,74214
6246,74214
6247,74214
6248,74214
6249,74214
6250,74214
6251,74214
6252,74214
6253,74214
6254,74214
6255,74214
6256,74214
6257,74214
6258,74214
6259,74214
6260,74214
6261,74214
6262,74214
6263,74214
6264,74214
6265,74214
6266,74214
6267,74214
6268,74214
6269,74214
6270,74214
6271,74214
6272,74214
6273,74214
6274,74214
6275,74214
6276,74214
6277,74214
6278,74214
6279,74214
6280,74214
6281,74214
6282,74214
6283,74214
6284,74214
6285,74214
6286,74214
6287,74214
6288,74214
6289,74214
6290,74214
6291,74214
6292,74214
6293,74214
6294,74214
6295,74214
6296,74214
6297,74214
6298,74214
6299,74214
6300,74214
6301,74214
6302,74214
6303,74214
6304,74214
6305,74214
6306,74214
6307,74214
6308,74214
6309,74214
6310,74214
6311,74214
6312,74214
6313,74214
6314,74214
6315,74214
6316,74214
6317,74214
6318,74214
6319,74214
6320,74214
6321,74214
6322,74214
6323,74214
6324,74214
6325,74214
6326,74214
6327,74214
6328,74214
6329,74214
6330,74214
6331,74214
6332,74214
6333,74214
6334,74214
6335,74214
6336,74214
6337,74214
6338,74214
6339,74214
6340,74214
6341,74214
6342,74214
6343,74214
6344,74214
6345,74214
6346,74214
6347,74214
6348,74214
6349,74214
6350,74214
6351,74214
6352,74214
6353,74214
6354,74214
6355,74214
6356,74214
6357,74214
6358,74214
6359,74214
6360,74214
6361,74214
6362,74214
6363,74214
6364,74214
6365,74214
6366,74214
6367,74214
6368,74214
6369,74214
6370,74214
6371,74214
6372,74214
6373,74214
6374,74214
6375,74214
6376,74214
6377,74214
6378,74214
6379,74214
6380,74214
6381,74214
6382,74214
6383,74214
6384,74214
6385,74214
6386,74214
6387,74214
6388,74214
6389,74214
6390,74214
6391,74214
6392,74214
6393,74214
6394,74214
6395,74214
6396,74214
6397,74214
6398,74214
6399,74214
6400,74214
6401,74214
6402,74214
6403,74214
6404,74214
6405,74214
6406,74214
6407,74214
6408,74214
6409,74214
6410,74214
6411,74214
6412,74214
6413,74214
6414,74214
6415,74214
6416,74214
6417,74214
6418,74214
6419,74214
6420,74214
6421,74214
6422,74213
6423,74212
6424,74211
6425,74210
6426,74209
6427,74208
6428,74207
6429,74206
6430,74205
6431,74203
6432,74202
6433,74201
6434,74199
6435,74198
6436,74197
6437,74196
6438,74194
6439,74193
6440,74192
6441,74191
6442,74190
6443,74188
6444,74186
6445,74185
6446,74183
6447,74181
6448,74179
6449,74178
6450,74176
6451,74174
6452,74172
6453,74170
6454,74168
6455,74166
6456,74164
6457,74162
6458,74160
6459,74158
6460,74156
6461,74154
6462,74152
6463,74150
6464,74147
6465,74145
6466,74143
6467,74141
6468,74139
6469,74137
6470,74135
6471,74133
6472,74131
6473,74129
6474,74127
6475,74125
6476,74118
6477,74111
6478,74103
6479,74096
6480,74088
6481,74080
6482,74072
6483,74063
6484,74052
6485,74043
6486,74032
6487,74022
6488,74012
6489,74002
6490,73991
6491,73980
6492,73969
6493,73958
6494,73943
6495,73931
6496,73918
6497,73905
6498,73891
6499,73878
6500,73865
6501,73853
6502,73840
6503,73827
6504,73808
6505,73793
6506,73778
6507,73763
6508,73747
6509,73731
6510,73715
6511,73700
6512,73685
6513,73670
6514,73650
6515,73635
6516,73619
6517,73603
6518,73587
6519,73568
6520,73551
6521,73533
6522,73516
6523,73498
6524,73476
6525,73459
6526,73442
6527,73425
6528,73408
6529,73391
6530,73374
6531,73357
6532,73340
6533,73323
6534,73301
6535,73285
6536,73269
6537,73251
6538,73233
6539,73216
6540,73197
6541,73179
6542,73162
6543,73145
6544,73122
6545,73104
6546,73086
6547,73068
6548,73050
6549,73033
6550,73015
6551,72997
6552,72980
6553,72963
6554,72942
6555,72925
6556,72907
6557,72889
6558,72872
6559,72855
6560,72838
6561,72821
6562,72804
6563,72787
6564,72766
6565,72749
6566,72732
6567,72715
6568,72698
6569,72681
6570,72664
6571,72647
6572,72630
6573,72612
6574,72590
6575,72573
6576,72556
6577,72539
6578,72522
6579,72506
6580,72489
6581,72473
6582,72458
6583,72443
6584,72423
6585,72409
6586,72394
6587,72380
6588,72366
6589,72352
6590,72339
6591,72326
6592,72313
6593,72300
6594,72284
6595,72270
6596,72257
6597,72244
6598,72230
6599,72217
6600,72204
6601,72191
6602,72178
6603,72165
6604,72149
6605,72136
6606,72124
6607,72112
6608,72100
6609,72089
6610,72078
6611,72067
6612,72056
6613,72046
6614,72032
6615,72021
6616,72010
6617,71999
6618,71988
6619,71977
6620,71966
6621,71956
6622,71945
6623,71934
6624,71921
6625,71910
6626,71899
6627,71889
6628,71879
6629,71868
6630,71857
6631,71846
6632,71835
6633,71824
6634,71811
6635,71801
6636,71790
6637,71779
6638,71768
6639,71758
6640,71747
6641,71736
6642,71726
6643,71716
6644,71703
6645,71693
6646,71683
6647,71673
6648,71662
6649,71651
6650,71641
6651,71630
6652,71619
6653,71609
6654,71596
6655,71585
6656,71575
6657,71565
6658,71554
6659,71543
6660,71533
6661,71523
6662,71513
6663,71503
6664,71490
6665,71479
6666,71468
6667,71457
6668,71446
6669,71436
6670,71426
6671,71416
6672,71405
6673,71394
6674,71380
6675,71370
6676,71359
6677,71349
6678,71339
6679,71329
6680,71318
6681,71307
6682,71296
6683,71285
6684,71271
6685,71261
6686,71250
6687,71239
6688,71229
6689,71219
6690,71209
6691,71198
6692,71188
6693,71177
6694,71164
6695,71153
6696,71142
6697,71131
6698,71120
6699,71110
6700,71100
6701,71090
6702,71079
6703,71068
6704,71055
6705,71045
6706,71035
6707,71025
6708,71015
6709,71005
6710,70995
6711,70985
6712,70975
6713,70965
6714,70953
6715,70943
6716,70933
6717,70923
6718,70913
6719,70902
6720,70892
6721,70882
6722,70872
6723,70862
6724,70850
6725,70840
6726,70829
6727,70819
6728,70809
6729,70799
6730,70789
6731,70778
6732,70768
6733,70757
6734,70744
6735,70734
6736,70723
6737,70713
6738,70703
6739,70693
6740,70682
6741,70672
6742,70662
6743,70652
6744,70639
6745,70629
6746,70619
6747,70609
6748,70599
6749,70589
6750,70579
6751,70569
6752,70559
6753,70550
6754,70538
6755,70528
6756,70518
6757,70508
6758,70498
6759,70488
6760,70478
6761,70468
6762,70458
6763,70448
6764,70436
6765,70426
6766,70416
6767,70406
6768,70396
6769,70386
6770,70377
6771,70367
6772,70357
6773,70347
6774,70335
6775,70325
6776,70315
6777,70305
6778,70295
6779,70285
6780,70275
6781,70266
6782,70256
6783,70246
6784,70234
6785,70224
6786,70214
6787,70204
6788,70194
6789,70185
6790,70175
6791,70166
6792,70157
6793,70148
6794,70136
6795,70127
6796,70118
6797,70108
6798,70099
6799,70089
6800,70079
6801,70069
6802,70060
6803,70051
6804,70040
6805,70030
6806,70021
6807,70012
6808,70003
6809,69994
6810,69985
6811,69975
6812,69966
6813,69956
6814,69945
6815,69936
6816,69927
6817,69918
6818,69909
6819,69900
6820,69891
6821,69882
6822,69873
6823,69864
6824,69853
6825,69844
6826,69835
6827,69826
6828,69817
6829,69808
6830,69799
6831,69790
6832,69782
6833,69773
6834,69762
6835,69753
6836,69744
6837,69735
6838,69726
6839,69717
6840,69708
6841,69699
6842,69690
6843,69681
6844,69670
6845,69661
6846,69652
6847,69644
6848,69635
6849,69627
6850,69618
6851,69610
6852,69602
6853,69593
6854,69582
6855,69574
6856,69565
6857,69557
6858,69549
6859,69541
6860,69533
6861,69525
6862,69517
6863,69508
6864,69498
6865,69490
6866,69482
6867,69474
6868,69466
6869,69458
6870,69450
6871,69442
6872,69434
6873,69426
6874,69415
6875,69407
6876,69399
6877,69391
6878,69383
6879,69375
6880,69367
6881,69359
6882,69351
6883,69343
6884,69333
6885,69325
6886,69317
6887,69309
6888,69301
6889,69293
6890,69285
6891,69277
6892,69269
6893,69261
6894,69251
6895,69243
6896,69235
6897,69227
6898,69219
6899,69211
6900,69203
6901,69195
6902,69187
6903,69179
6904,69169
6905,69161
6906,69153
6907,69145
6908,69137
6909,69129
6910,69121
6911,69113
6912,69105
6913,69097
6914,69088
6915,69080
6916,69072
6917,69064
6918,69056
6919,69048
6920,69040
6921,69032
6922,69024
6923,69016
6924,69007
6925,68999
6926,68991
6927,68984
6928,68977
6929,68969
6930,68962
6931,68955
6932,68947
6933,68940
6934,68931
6935,68924
6936,68917
6937,68910
6938,68903
6939,68895
6940,68888
6941,68881
6942,68874
6943,68867
6944,68858
6945,68851
6946,68844
6947,68837
6948,68830
6949,68823
6950,68816
6951,68809
6952,68802
6953,68795
6954,68786
6955,68779
6956,68772
6957,68765
6958,68758
6959,68751
6960,68744
6961,68737
6962,68730
6963,68723
6964,68714
6965,68707
6966,68700
6967,68693
6968,68686
6969,68679
6970,68672
6971,68665
6972,68658
6973,68651
6974,68643
6975,68636
6976,68629
6977,68622
6978,68615
6979,68608
6980,68601
6981,68594
6982,68587
6983,68580
6984,68571
6985,68564
6986,68557
6987,68550
6988,68543
6989,68536
6990,68529
6991,68522
6992,68515
6993,68508
6994,68500
6995,68493
6996,68486
6997,68479
6998,68472
6999,68465
7000,68459
7001,68453
7002,68446
7003,68439
7004,68431
7005,68425
7006,68418
7007,68412
7008,68406
7009,68399
7010,68393
7011,68386
7012,68380
7013,68373
7014,68365
7015,68359
7016,68352
7017,68345
7018,68339
7019,68333
7020,68327
7021,68320
7022,68314
7023,68308
7024,68300
7025,68294
7026,68287
7027,68281
7028,68275
7029,68269
7030,68263
7031,68257
7032,68251
7033,68245
7034,68238
7035,68232
7036,68225
7037,68219
7038,68213
7039,68207
7040,68201
7041,68195
7042,68189
7043,68183
7044,68176
7045,68170
7046,68164
7047,68158
7048,68152
7049,68146
7050,68140
7051,68134
7052,68128
7053,68122
7054,68115
7055,68109
7056,68103
7057,68097
7058,68091
7059,68085
7060,68079
7061,68073
7062,68067
7063,68061
7064,68054
7065,68048
7066,68042
7067,68036
7068,68030
7069,68024
7070,68018
7071,68012
7072,68006
7073,68000
7074,67993
7075,67987
7076,67981
7077,67975
7078,67969
7079,67963
7080,67957
7081,67951
7082,67946
7083,67940
7084,67933
7085,67927
7086,67921
7087,67915
7088,67910
7089,67905
7090,67899
7091,67893
7092,67887
7093,67882
7094,67875
7095,67870
7096,67865
7097,67860
7098,67854
7099,67849
7100,67843
7101,67837
7102,67832
7103,67827
7104,67821
7105,67816
7106,67810
7107,67805
7108,67800
7109,67795
7110,67790
7111,67785
7112,67780
7113,67775
7114,67769
7115,67764
7116,67759
7117,67754
7118,67749
7119,67744
7120,67738
7121,67733
7122,67728
7123,67723
7124,67717
7125,67712
7126,67707
7127,67702
7128,67697
7129,67692
7130,67687
7131,67682
7132,67677
7133,67672
7134,67666
7135,67661
7136,67656
7137,67651
7138,67646
7139,67641
7140,67635
7141,67630
7142,67625
7143,67620
7144,67614
7145,67609
7146,67604
7147,67599
7148,67594
7149,67589
7150,67584
7151,67579
7152,67574
7153,67569
7154,67563
7155,67558
7156,67553
7157,67548
7158,67543
7159,67538
7160,67533
7161,67528
7162,67523
7163,67518
7164,67512
7165,67507
7166,67502
7167,67497
7168,67492
7169,67487
7170,67482
7171,67477
7172,67472
7173,67467
7174,67461
7175,67456
7176,67450
7177,67445
7178,67439
7179,67433
7180,67428
7181,67422
7182,67416
7183,67410
7184,67405
7185,67400
7186,67395
7187,67390
7188,67384
7189,67379
7190,67374
7191,67369
7192,67363
7193,67357
7194,67352
7195,67346
7196,67340
7197,67335
7198,67329
7199,67323
7200,67317
7201,67311
7202,67305
7203,67299
7204,67294
7205,67289
7206,67283
7207,67277
7208,67271
7209,67265
7210,67260
7211,67254
7212,67249
7213,67243
7214,67237
7215,67231
7216,67225
7217,67220
7218,67214
7219,67208
7220,67203
7221,67198
7222,67192
7223,67186
7224,67181
7225,67176
7226,67170
7227,67164
7228,67158
7229,67152
7230,67146
7231,67140
7232,67134
7233,67128
7234,67122
7235,67116
7236,67110
7237,67104
7238,67098
7239,67092
7240,67086
7241,67080
7242,67074
7243,67068
7244,67062
7245,67056
7246,67050
7247,67044
7248,67038
7249,67032
7250,67026
7251,67020
7252,67014
7253,67008
7254,67002
7255,66996
7256,66990
7257,66984
7258,66978
7259,66972
7260,66966
7261,66960
7262,66954
7263,66948
7264,66942
7265,66936
7266,66930
7267,66924
7268,66918
7269,66912
7270,66906
7271,66900
7272,66894
7273,66888
7274,66882
7275,66876
7276,66870
7277,66864
7278,66858
7279,66852
7280,66846
7281,66840
7282,66834
7283,66828
7284,66822
7285,66816
7286,66810
7287,66804
7288,66798
7289,66792
7290,66786
7291,66780
7292,66774
7293,66768
7294,66762
7295,66756
7296,66750
7297,66744
7298,66738
7299,66732
7300,66726
7301,66720
7302,66714
7303,66708
7304,66702
7305,66696
7306,66690
7307,66684
7308,66678
7309,66672
7310,66666
7311,66660
7312,66654
7313,66648
7314,66642
7315,66636
7316,66630
7317,66624
7318,66619
7319,66613
7320,66608
7321,66603
7322,66598
7323,66593
7324,66587
7325,66582
7326,66577
7327,66572
7328,66567
7329,66562
7330,66557
7331,66551
7332,66546
7333,66541
7334,66535
7335,66530
7336,66525
7337,66520
7338,66515
7339,66510
7340,66505
7341,66500
7342,66495
7343,66491
7344,66486
7345,66482
7346,66478
7347,66473
7348,66469
7349,66465
7350,66461
7351,66457
7352,66453
7353,66449
7354,66444
7355,66440
7356,66436
7357,66432
7358,66428
7359,66424
7360,66420
7361,66416
7362,66412
7363,66408
7364,66403
7365,66399
7366,66395
7367,66391
7368,66387
7369,66383
7370,66379
7371,66375
7372,66371
7373,66367
7374,66363
7375,66359
7376,66355
7377,66352
7378,66349
7379,66346
7380,66343
7381,66340
7382,66337
7383,66334
7384,66330
7385,66327
7386,66324
7387,66321
7388,66318
7389,66315
7390,66312
7391,66309
7392,66306
7393,66303
7394,66299
7395,66296
7396,66293
7397,66290
7398,66287
7399,66284
7400,66281
7401,66278
7402,66275
7403,66272
7404,66269
7405,66266
7406,66263
7407,66260
7408,66257
7409,66254
7410,66251
7411,66248
7412,66245
7413,66242
7414,66239
7415,66236
7416,66234
7417,66232
7418,66230
7419,66228
7420,66226
7421,66224
7422,66222
7423,66220
7424,66217
7425,66215
7426,66213
7427,66211
7428,66209
7429,66207
7430,66204
7431,66202
7432,66200
7433,66198
7434,66195
7435,66193
7436,66191
7437,66189
7438,66187
7439,66185
7440,66183
7441,66181
7442,66179
7443,66177
7444,66175
7445,66173
7446,66171
7447,66169
7448,66167
7449,66165
7450,66163
7451,66161
7452,66159
7453,66157
7454,66155
7455,66153
7456,66151
7457,66149
7458,66147
7459,66145
7460,66143
7461,66141
7462,66139
7463,66137
7464,66135
7465,66133
7466,66131
7467,66129
7468,66127
7469,66125
7470,66123
7471,66121
7472,66119
7473,66117
7474,66115
7475,66113
7476,66111
7477,66109
7478,66107
7479,66106
7480,66105
7481,66104
7482,66103
7483,66102
7484,66100
7485,66099
7486,66098
7487,66096
7488,66095
7489,66094
7490,66093
7491,66092
7492,66091
7493,66090
7494,66088
7495,66087
7496,66086
7497,66085
7498,66084
7499,66083
7500,66082
7501,66081
7502,66080
7503,66079
7504,66078
7505,66077
7506,66076
7507,66075
7508,66074
7509,66073
7510,66072
7511,66071
7512,66070
7513,66069
7514,66068
7515,66067
7516,66066
7517,66065
7518,66064
7519,66063
7520,66062
7521,66061
7522,66060
7523,66059
7524,66058
7525,66057
7526,66056
7527,66055
7528,66054
7529,66053
7530,66052
7531,66051
7532,66050
7533,66049
7534,66048
7535,66047
7536,66046
7537,66045
7538,66044
7539,66043
7540,66042
7541,66041
7542,66040
7543,66039
7544,66038
7545,66037
7546,66036
7547,66035
7548,66034
7549,66033
7550,66032
7551,66031
7552,66030
7553,66029
7554,66028
7555,66027
7556,66026
7557,66025
7558,66024
7559,66023
7560,66022
7561,66021
7562,66020
7563,66019
7564,66018
7565,66017
7566,66016
7567,66015
7568,66014
7569,66013
7570,66012
7571,66011
7572,66010
7573,66009
7574,66008
7575,66007
7576,66006
7577,66005
7578,66004
7579,66003
7580,66002
7581,66001
7582,66000
7583,65999
7584,65998
7585,65997
7586,65996
7587,65995
7588,65994
7589,65993
7590,65992
7591,65991
7592,65990
7593,65989
7594,65988
7595,65987
7596,65987
7597,65987
7598,65987
7599,65987
7600,65987
7601,65987
7602,65987
7603,65987
7604,65987
7605,65987
7606,65987
7607,65987
7608,65987
7609,65987
7610,65987
7611,65987
7612,65987
7613,65987
7614,65987
7615,65987
7616,65987
7617,65987
7618,65987
7619,65987
7620,65987
7621,65987
7622,65987
7623,65987
7624,65987
7625,65987
7626,65987
7627,65987
7628,65987
7629,65987
7630,65987
7631,65987
7632,65987
7633,65987
7634,65987
7635,65987
7636,65987
7637,65987
7638,65987
7639,65987
7640,65987
7641,65987
7642,65987
7643,65987
7644,65987
7645,65987
7646,65987
7647,65987
7648,65987
7649,65987
7650,65987
7651,65987
7652,65987
7653,65987
7654,65987
7655,65987
7656,65987
7657,65987
7658,65987
7659,65987
7660,65987
7661,65987
7662,65987
7663,65987
7664,65987
7665,65987
7666,65987
7667,65987
7668,65987
7669,65987
7670,65987
7671,65987
7672,65987
7673,65987
7674,65987
7675,65987
7676,65987
7677,65987
7678,65987
7679,65987
7680,65987
7681,65987
7682,65987
7683,65987
7684,65987
7685,65987
7686,65987
7687,65987
7688,65987
7689,65987
7690,65987
7691,65987
7692,65987
7693,65987
7694,65987
7695,65987
7696,65987
7697,65987
7698,65987
7699,65987
7700,65987
7701,65987
7702,65987
7703,65987
7704,65987
7705,65987
7706,65987
7707,65987
7708,65987
7709,65987
7710,65987
7711,65987
7712,65987
7713,65987
7714,65987
7715,65987
7716,65987
7717,65987
7718,65987
7719,65987
7720,65987
7721,65987
7722,65987
7723,65987
7724,65987
7725,65987
7726,65987
7727,65987
7728,65987
7729,65987
7730,65987
7731,65987
7732,65987
7733,65987
7734,65987
7735,65987
7736,65987
7737,65987
7738,65987
7739,65987
7740,65987
7741,65987
7742,65987
7743,65987
7744,65987
7745,65987
7746,65987
7747,65987
7748,65987
7749,65987
7750,65987
7751,65987
7752,65987
7753,65987
7754,65987
7755,65987
7756,65987
7757,65987
7758,65987
7759,65987
7760,65987
7761,65987
7762,65987
7763,65987
7764,65987
7765,65987
7766,65987
7767,65987
7768,65987
7769,65987
7770,65987
7771,65987
7772,65987
7773,65987
7774,65987
7775,65987
7776,65987
7777,65987
7778,65987
7779,65987
7780,65987
7781,65987
7782,65987
7783,65987
7784,65987
7785,65987
7786,65987
7787,65987
7788,65987
7789,65987
7790,65987
7791,65987
7792,65987
7793,65987
7794,65987
7795,65987
7796,65987
7797,65987
7798,65987
7799,65987
7800,65987
7801,65987
7802,65987
7803,65987
7804,65987
7805,65987
7806,65987
7807,65987
7808,65987
7809,65987
7810,65987
7811,65987
7812,65987
7813,65987
7814,65987
7815,65987
7816,65987
7817,65987
7818,65987
7819,65987
7820,65987
7821,65987
7822,65987
7823,65987
7824,65987
7825,65987
7826,65987
7827,65987
7828,65987
7829,65987
7830,65987
7831,65987
7832,65987
7833,65987
7834,65987
7835,65987
7836,65987
7837,65987
7838,65987
7839,65987
7840,65987
7841,65987
7842,65987
7843,65987
7844,65987
7845,65987
7846,65987
7847,65987
7848,65987
7849,65987
7850,65987
7851,65987
7852,65987
7853,65987
7854,65987
7855,65987
7856,65987
7857,65987
7858,65987
7859,65987
7860,65987
7861,65987
7862,65987
7863,65987
7864,65987
7865,65987
7866,65987
7867,65987
7868,65987
7869,65987
7870,65987
7871,65987
7872,65987
7873,65987
7874,65987
7875,65987
7876,65987
7877,65987
7878,65987
7879,65987
7880,65987
7881,65987
7882,65987
7883,65987
7884,65987
7885,65987
7886,65987
7887,65987
7888,65987
7889,65987
7890,65987
7891,65987
7892,65987
7893,65987
7894,65987
7895,65987
7896,65987
7897,65987
7898,65987
7899,65987
7900,65987
7901,65987
7902,65987
7903,65987
7904,65987
7905,65987
7906,65987
7907,65987
7908,65987
7909,65987
7910,65987
7911,65987
7912,65987
7913,65987
7914,65987
7915,65987
7916,65987
7917,65987
7918,65987
7919,65987
7920,65987
7921,65987
7922,65987
7923,65987
7924,65987
7925,65987
7926,65987
7927,65987
7928,65987
7929,65987
7930,65987
7931,65987
7932,65987
7933,65987
7934,65987
7935,65987
7936,65987
7937,65987
7938,65987
7939,65987
7940,65987
7941,65987
7942,65987
7943,65987
7944,65987
7945,65987
7946,65987
7947,65987
7948,65987
7949,65987
7950,65987
7951,65987
7952,65987
7953,65987
7954,65987
7955,65987
7956,65987
7957,65987
7958,65987
7959,65987
7960,65987
7961,65987
7962,65987
7963,65987
7964,65987
7965,65987
7966,65987
7967,65987
7968,65987
7969,65987
7970,65987
7971,65987
7972,65987
7973,65987
7974,65987
7975,65987
7976,65987
7977,65987
7978,65987
7979,65987
7980,65987
7981,65987
7982,65987
7983,65987
7984,65987
7985,65987
7986,65987
7987,65987
7988,65987
7989,65987
7990,65987
7991,65987
7992,65987
7993,65987
7994,65987
7995,65987
7996,65987
7997,65987
7998,65987
7999,65987
8000,65987
8001,65987
8002,65987
8003,65987
8004,65987
8005,65987
8006,65987
8007,65987
8008,65987
8009,65987
8010,65987
8011,65987
8012,65987
8013,65987
8014,65987
8015,65987
8016,65987
8017,65987
8018,65987
8019,65987
8020,65987
8021,65987
8022,65987
8023,65987
8024,65987
8025,65987
8026,65987
8027,65987
8028,65987
8029,65987
8030,65987
8031,65987
8032,65987
8033,65987
8034,65987
8035,65987
8036,65987
8037,65987
8038,65987
8039,65987
8040,65987
8041,65987
8042,65987
8043,65987
8044,65987
8045,65987
8046,65987
8047,65987
8048,65987
8049,65987
8050,65987
8051,65987
8052,65987
8053,65987
8054,65987
8055,65987
8056,65987
8057,65987
8058,65987
8059,65987
8060,65987
8061,65987
8062,65987
8063,65987
8064,65987
8065,65987
8066,65987
8067,65987
8068,65987
8069,65987
8070,65987
8071,65987
8072,65987
8073,65987
8074,65987
8075,65987
8076,65987
8077,65987
8078,65987
8079,65987
8080,65987
8081,65987
8082,65987
8083,65987
8084,65987
8085,65987
8086,65987
8087,65987
8088,65987
8089,65987
8090,65987
8091,65987
8092,65987
8093,65987
8094,65987
8095,65987
8096,65987
8097,65987
8098,65987
8099,65987
8100,65987
8101,65987
8102,65987
8103,65987
8104,65987
8105,65987
8106,65987
8107,65987
8108,65987
8109,65987
8110,65987
8111,65987
8112,65987
8113,65987
8114,65987
8115,65987
8116,65987
8117,65987
8118,65987
8119,65987
8120,65987
8121,65987
8122,65987
8123,65987
8124,65987
8125,65987
8126,65987
8127,65987
8128,65987
8129,65987
8130,65987
8131,65987
8132,65987
8133,65987
8134,65987
8135,65987
8136,65987
8137,65987
8138,65987
8139,65987
8140,65987
8141,65987
8142,65987
8143,65987
8144,65987
8145,65987
8146,65987
8147,65987
8148,65987
8149,65987
8150,65987
8151,65987
8152,65987
8153,65987
8154,65987
8155,65987
8156,65987
8157,65987
8158,65987
8159,65987
8160,65987
8161,65987
8162,65987
8163,65987
8164,65987
8165,65987
8166,65987
8167,65987
8168,65987
8169,65987
8170,65987
8171,65987
8172,65987
8173,65987
8174,65987
8175,65987
8176,65987
8177,65987
8178,65987
8179,65987
8180,65987
8181,65987
8182,65987
8183,65987
8184,65987
8185,65987
8186,65987
8187,65987
8188,65987
8189,65987
8190,65987
8191,65987
8192,65987
8193,65987
8194,65987
8195,65987
8196,65987
8197,65987
8198,65987
8199,65987
8200,65987
8201,65987
8202,65987
8203,65987
8204,65987
8205,65987
8206,65987
8207,65987
8208,65987
8209,65987
8210,65987
8211,65987
8212,65987
8213,65987
8214,65987
8215,65987
8216,65987
8217,65987
8218,65987
8219,65987
8220,65987
8221,65987
8222,65987
8223,65987
8224,65987
8225,65987
8226,65987
8227,65987
8228,65987
8229,65987
8230,65987
8231,65987
8232,65987
8233,65987
8234,65987
8235,65987
8236,65987
8237,65987
8238,65987
8239,65987
8240,65987
8241,65987
8242,65987
8243,65987
8244,65987
8245,65987
8246,65987
8247,65987
8248,65987
8249,65987
8250,65987
8251,65987
8252,65987
8253,65987
8254,65987
8255,65987
8256,65987
8257,65987
8258,65987
8259,65987
8260,65987
8261,65987
8262,65987
8263,65987
8264,65987
8265,65987
8266,65987
8267,65987
8268,65987
8269,65987
8270,65987
8271,65987
8272,65987
8273,65987
8274,65987
8275,65987
8276,65987
8277,65987
8278,65987
8279,65987
8280,65987
8281,65987
8282,65987
8283,65987
8284,65987
8285,65987
8286,65987
8287,65987
8288,65987
8289,65987
8290,65987
8291,65987
8292,65987
8293,65987
8294,65987
8295,65987
8296,65987
8297,65987
8298,65987
8299,65987
8300,65987
8301,65987
8302,65987
8303,65987
8304,65987
8305,65987
8306,65987
8307,65987
8308,65987
8309,65987
8310,65987
8311,65987
8312,65987
8313,65987
8314,65987
8315,65987
8316,65987
8317,65987
8318,65987
8319,65987
8320,65987
8321,65987
8322,65987
8323,65987
8324,65987
8325,65987
8326,65987
8327,65987
8328,65987
8329,65987
8330,65987
8331,65987
8332,65987
8333,65987
8334,65987
8335,65987
8336,65987
8337,65987
8338,65987
8339,65987
8340,65987
8341,65987
8342,65987
8343,65987
8344,65987
8345,65987
8346,65987
8347,65987
8348,65987
8349,65987
8350,65987
8351,65987
8352,65987
8353,65987
8354,65987
8355,65987
8356,65987
8357,65987
8358,65987
8359,65987
8360,65987
8361,65987
8362,65987
8363,65987
8364,65987
8365,65987
8366,65987
8367,65987
8368,65987
8369,65987
8370,65987
8371,65987
8372,65987
8373,65987
8374,65987
8375,65987
8376,65987
8377,65987
8378,65987
8379,65987
8380,65987
8381,65987
8382,65987
8383,65987
8384,65987
8385,65987
8386,65987
8387,65987
8388,65987
8389,65987
8390,65987
8391,65987
8392,65987
8393,65987
8394,65987
8395,65987
8396,65987
8397,65987
8398,65987
8399,65987
8400,65987
8401,65987
8402,65987
8403,65987
8404,65987
8405,65987
8406,65987
8407,65987
8408,65987
8409,65987
8410,65987
8411,65987
8412,65987
8413,65987
8414,65987
8415,65987
8416,65987
8417,65987
8418,65987
8419,65987
8420,65987
8421,65987
8422,65987
8423,65987
8424,65987
8425,65987
8426,65987
8427,65987
8428,65987
8429,65987
8430,65987
8431,65987
8432,65987
8433,65987
8434,65987
8435,65987
8436,65987
8437,65987
8438,65987
8439,65987
8440,65987
8441,65987
8442,65987
8443,65987
8444,65987
8445,65987
8446,65987
8447,65987
8448,65987
8449,65987
8450,65987
8451,65987
8452,65987
8453,65987
8454,65987
8455,65987
8456,65987
8457,65987
8458,65987
8459,65987
8460,65987
8461,65987
8462,65987
8463,65987
8464,65987
8465,65987
8466,65987
8467,65987
8468,65987
8469,65987
8470,65987
8471,65987
8472,65987
8473,65987
8474,65987
8475,65987
8476,65987
8477,65987
8478,65987
8479,65987
8480,65987
8481,65987
8482,65987
8483,65987
8484,65987
8485,65987
8486,65987
8487,65987
8488,65987
8489,65987
8490,65987
8491,65987
8492,65987
8493,65987
8494,65987
8495,65987
8496,65987
8497,65987
8498,65987
8499,65987
8500,65987
8501,65987
8502,65987
8503,65987
8504,65987
8505,65987
8506,65987
8507,65987
8508,65987
8509,65987
8510,65987
8511,65987
8512,65987
8513,65987
8514,65987
8515,65987
8516,65987
8517,65987
8518,65987
8519,65987
8520,65987
8521,65987
8522,65987
8523,65987
8524,65987
8525,65987
8526,65987
8527,65987
8528,65987
8529,65987
8530,65987
8531,65987
8532,65987
8533,65987
8534,65987
8535,65987
8536,65987
8537,65987
8538,65987
8539,65987
8540,65987
8541,65987
8542,65987
8543,65987
8544,65987
8545,65987
8546,65987
8547,65987
8548,65987
8549,65987
8550,65987
8551,65987
8552,65987
8553,65987
8554,65987
8555,65987
8556,65987
8557,65987
8558,65987
8559,65987
8560,65987
8561,65987
8562,65987
8563,65987
8564,65987
8565,65987
8566,65987
8567,65987
8568,65987
8569,65987
8570,65987
8571,65987
8572,65987
8573,65987
8574,65987
8575,65987
8576,65987
8577,65987
8578,65987
8579,65987
8580,65987
8581,65987
8582,65987
8583,65987
8584,65987
8585,65987
8586,65987
8587,65987
8588,65987
8589,65987
8590,65987
8591,65987
8592,65987
8593,65987
8594,65987
8595,65987
8596,65987
8597,65987
8598,65987
8599,65987
8600,65987
8601,65987
8602,65987
8603,65987
8604,65987
8605,65987
8606,65987
8607,65987
8608,65987
8609,65987
8610,65987
8611,65987
8612,65987
8613,65987
8614,65987
8615,65987
8616,65987
8617,65987
8618,65987
8619,65987
8620,65987
8621,65987
8622,65987
8623,65987
8624,65987
8625,65987
8626,65987
8627,65987
8628,65987
8629,65987
8630,65987
8631,65987
8632,65987
8633,65987
8634,65987
8635,65987
8636,65987
8637,65987
8638,65987
8639,65987
8640,65987
8641,65987
8642,65987
8643,65987
8644,65987
8645,65987
8646,65987
8647,65987
8648,65987
8649,65987
8650,65987
8651,65987
8652,65987
8653,65987
8654,65987
8655,65987
8656,65987
8657,65987
8658,65987
8659,65987
8660,65987
8661,65987
8662,65987
8663,65987
8664,65987
8665,65987
8666,65987
8667,65987
8668,65987
8669,65987
8670,65987
8671,65987
8672,65987
8673,65987
8674,65987
8675,65987
8676,65987
8677,65987
8678,65987
8679,65987
8680,65987
8681,65987
8682,65987
8683,65987
8684,65987
8685,65987
8686,65987
8687,65987
8688,65987
8689,65987
8690,65987
8691,65987
8692,65987
8693,65987
8694,65987
8695,65987
8696,65987
8697,65987
8698,65987
8699,65987
8700,65987
8701,65987
8702,65987
8703,65987
8704,65987
8705,65987
8706,65987
8707,65987
8708,65987
8709,65987
8710,65987
8711,65987
8712,65987
8713,65987
8714,65987
8715,65987
8716,65987
8717,65987
8718,65987
8719,65987
8720,65987
8721,65987
8722,65987
8723,65987
8724,65987
8725,65987
8726,65987
8727,65987
8728,65987
8729,65987
8730,65987
8731,65987
8732,65987
8733,65987
8734,65987
8735,65987
8736,65987
8737,65987
8738,65987
8739,65987
8740,65987
8741,65987
8742,65987
8743,65987
8744,65987
8745,65987
8746,65987
8747,65987
8748,65987
8749,65987
8750,65987
8751,65987
8752,65987
8753,65987
8754,65987
8755,65987
8756,65987
8757,65987
8758,65987
8759,65987
8760,65987
8761,65987
8762,65987
8763,65987
8764,65987
8765,65987
8766,65987
8767,65987
8768,65987
8769,65987
8770,65987
8771,65987
8772,65987
8773,65987
8774,65987
8775,65987
8776,65987
8777,65987
8778,65987
8779,65987
8780,65987
8781,65987
8782,65987
8783,65987
8784,65987
8785,65987
8786,65987
8787,65987
8788,65987
8789,65987
8790,65987
8791,65987
8792,65987
8793,65987
8794,65987
8795,65987
8796,65987
8797,65987
8798,65987
8799,65987
8800,65987
8801,65987
8802,65987
8803,65987
8804,65987
8805,65987
8806,65987
8807,65987
8808,65987
8809,65987
8810,65987
8811,65987
8812,65987
8813,65987
8814,65987
8815,65987
8816,65987
8817,65987
8818,65987
8819,65987
8820,65987
8821,65987
8822,65987
8823,65987
8824,65987
8825,65987
8826,65987
8827,65987
8828,65987
8829,65987
8830,65987
8831,65987
8832,65987
8833,65987
8834,65987
8835,65987
8836,65987
8837,65987
8838,65987
8839,65987
8840,65987
8841,65987
8842,65987
8843,65987
8844,65987
8845,65987
8846,65987
8847,65987
8848,65987
8849,65987
8850,65987
8851,65987
8852,65987
8853,65987
8854,65987
8855,65987
8856,65987
8857,65987
8858,65987
8859,65987
8860,65987
8861,65987
8862,65987
8863,65987
8864,65987
8865,65987
8866,65987
8867,65987
8868,65987
8869,65987
8870,65987
8871,65987
8872,65987
8873,65987
8874,65987
8875,65987
8876,65987
8877,65987
8878,65987
8879,65987
8880,65987
8881,65987
8882,65987
8883,65987
8884,65987
8885,65987
8886,65987
8887,65987
8888,65987
8889,65987
8890,65987
8891,65987
8892,65987
8893,65987
8894,65987
8895,65987
8896,65987
8897,65987
8898,65987
8899,65987
8900,65987
8901,65987
8902,65987
8903,65987
8904,65987
8905,65987
8906,65987
8907,65987
8908,65987
8909,65987
8910,65987
8911,65987
8912,65987
8913,65987
8914,65987
8915,65987
8916,65987
8917,65987
8918,65987
8919,65987
8920,65987
8921,65987
8922,65987
8923,65987
8924,65987
8925,65987
8926,65987
8927,65987
8928,65987
8929,65987
8930,65987
8931,65987
8932,65987
8933,65987
8934,65987
8935,65987
8936,65987
8937,65987
8938,65987
8939,65987
8940,65987
8941,65987
8942,65987
8943,65987
8944,65987
8945,65987
8946,65987
8947,65987
8948,65987
8949,65987
8950,65987
8951,65987
8952,65987
8953,65987
8954,65987
8955,65987
8956,65987
8957,65987
8958,65987
8959,65987
8960,65987
8961,65987
8962,65987
8963,65987
8964,65987
8965,65987
8966,65987
8967,65987
8968,65987
8969,65987
8970,65987
8971,65987
8972,65987
8973,65987
8974,65987
8975,65987
8976,65987
8977,65987
8978,65987
8979,65987
8980,65987
8981,65987
8982,65987
8983,65987
8984,65987
8985,65987
8986,65987
8987,65987
8988,65987
8989,65987
8990,65987
8991,65987
8992,65987
8993,65987
8994,65987
8995,65987
8996,65987
8997,65987
8998,65987
8999,65987
9000,65987
9001,65987
9002,65987
9003,65987
9004,65987
9005,65987
9006,65987
9007,65987
9008,65987
9009,65987
9010,65987
9011,65987
9012,65987
9013,65987
9014,65987
9015,65987
9016,65987
9017,65987
9018,65987
9019,65987
9020,65987
9021,65987
9022,65987
9023,65987
9024,65987
9025,65987
9026,65987
9027,65987
9028,65987
9029,65987
9030,65987
9031,65987
9032,65987
9033,65987
9034,65987
9035,65987
9036,65987
9037,65987
9038,65987
9039,65987
9040,65987
9041,65987
9042,65987
9043,65987
9044,65987
9045,65987
9046,65987
9047,65987
9048,65987
9049,65987
9050,65987
9051,65987
9052,65987
9053,65987
9054,65987
9055,65987
9056,65987
9057,65987
9058,65987
9059,65987
9060,65987
9061,65987
9062,65987
9063,65987
9064,65987
9065,65987
9066,65987
9067,65987
9068,65987
9069,65987
9070,65987
9071,65987
9072,65987
9073,65987
9074,65987
9075,65987
9076,65987
9077,65987
9078,65987
9079,65987
9080,65987
9081,65987
9082,65987
9083,65987
9084,65987
9085,65987
9086,65987
9087,65987
9088,65987
9089,65987
9090,65987
9091,65987
9092,65987
9093,65987
9094,65987
9095,65987
9096,65987
9097,65987
9098,65987
9099,65987
9100,65987
9101,65987
9102,65987
9103,65987
9104,65987
9105,65987
9106,65987
9107,65987
9108,65987
9109,65987
9110,65987
9111,65987
9112,65987
9113,65987
9114,65987
9115,65987
9116,65987
9117,65987
9118,65987
9119,65987
9120,65987
9121,65987
9122,65987
9123,65987
9124,65987
9125,65987
9126,65987
9127,65987
9128,65987
9129,65987
9130,65987
9131,65987
9132,65987
9133,65987
9134,65987
9135,65987
9136,65987
9137,65987
9138,65987
9139,65987
9140,65987
9141,65987
9142,65987
9143,65987
9144,65987
9145,65987
9146,65987
9147,65987
9148,65987
9149,65987
9150,65987
9151,65987
9152,65987
9153,65987
9154,65987
9155,65987
9156,65987
9157,65987
9158,65987
9159,65987
9160,65987
9161,65987
9162,65987
9163,65987
9164,65987
9165,65987
9166,65987
9167,65987
9168,65987
9169,65987
9170,65987
9171,65987
9172,65987
9173,65987
9174,65987
9175,65987
9176,65987
9177,65987
9178,65987
9179,65987
9180,65987
9181,65987
9182,65987
9183,65987
9184,65987
9185,65987
9186,65987
9187,65987
9188,65987
9189,65987
9190,65987
9191,65987
9192,65987
9193,65987
9194,65987
9195,65987
9196,65987
9197,65987
9198,65987
9199,65987
9200,65987
9201,65987
9202,65987
9203,65987
9204,65987
9205,65987
9206,65987
9207,65987
9208,65987
9209,65987
9210,65987
9211,65987
9212,65987
9213,65987
9214,65987
9215,65987
9216,65987
9217,65987
9218,65987
9219,65987
9220,65987
9221,65987
9222,65987
9223,65987
9224,65987
9225,65987
9226,65987
9227,65987
9228,65987
9229,65987
9230,65987
9231,65987
9232,65987
9233,65987
9234,65987
9235,65987
9236,65987
9237,65987
9238,65987
9239,65987
9240,65987
9241,65987
9242,65987
9243,65987
9244,65987
9245,65987
9246,65987
9247,65987
9248,65987
9249,65987
9250,65987
9251,65987
9252,65987
9253,65987
9254,65987
9255,65987
9256,65987
9257,65987
9258,65987
9259,65987
9260,65987
9261,65987
9262,65987
9263,65987
9264,65987
9265,65987
9266,65987
9267,65987
9268,65987
9269,65987
9270,65987
9271,65987
9272,65987
9273,65987
9274,65987
9275,65987
9276,65987
9277,65987
9278,65987
9279,65987
9280,65987
9281,65987
9282,65987
9283,65987
9284,65987
9285,65987
9286,65987
9287,65987
9288,65987
9289,65987
9290,65987
9291,65987
9292,65987
9293,65987
9294,65987
9295,65987
9296,65987
9297,65987
9298,65987
9299,65987
9300,65987
9301,65987
9302,65987
9303,65987
9304,65987
9305,65987
9306,65987
9307,65987
9308,65987
9309,65987
9310,65987
9311,65987
9312,65987
9313,65987
9314,65987
9315,65987
9316,65987
9317,65987
9318,65987
9319,65987
9320,65987
9321,65987
9322,65987
9323,65987
9324,65987
9325,65987
9326,65987
9327,65987
9328,65987
9329,65987
9330,65987
9331,65987
9332,65987
9333,65987
9334,65987
9335,65987
9336,65987
9337,65987
9338,65987
9339,65987
9340,65987
9341,65987
9342,65987
9343,65987
9344,65987
9345,65987
9346,65987
9347,65987
9348,65987
9349,65987
9350,65987
9351,65987
9352,65987
9353,65987
9354,65987
9355,65987
9356,65987
9357,65987
9358,65987
9359,65987
9360,65987
9361,65987
9362,65987
9363,65987
9364,65987
9365,65987
9366,65987
9367,65987
9368,65987
9369,65987
9370,65987
9371,65987
9372,65987
9373,65987
9374,65987
9375,65987
9376,65987
9377,65987
9378,65987
9379,65987
9380,65987
9381,65987
9382,65987
9383,65987
9384,65987
9385,65987
9386,65987
9387,65987
9388,65987
9389,65987
9390,65987
9391,65987
9392,65987
9393,65987
9394,65987
9395,65987
9396,65987
9397,65987
9398,65987
9399,65987
9400,65987
9401,65987
9402,65987
9403,65987
9404,65987
9405,65987
9406,65987
9407,65987
9408,65987
9409,65987
9410,65987
9411,65987
9412,65987
9413,65987
9414,65987
9415,65987
9416,65987
9417,65987
9418,65987
9419,65987
9420,65987
9421,65987
9422,65987
9423,65987
9424,65987
9425,65987
9426,65987
9427,65987
9428,65987
9429,65987
9430,65987
9431,65987
9432,65987
9433,65987
9434,65987
9435,65987
9436,65987
9437,65987
9438,65987
9439,65987
9440,65987
9441,65987
9442,65987
9443,65987
9444,65987
9445,65987
9446,65987
9447,65987
9448,65987
9449,65987
9450,65987
9451,65987
9452,65987
9453,65987
9454,65987
9455,65987
9456,65987
9457,65987
9458,65987
9459,65987
9460,65987
9461,65987
9462,65987
9463,65987
9464,65987
9465,65987
9466,65987
9467,65987
9468,65987
9469,65987
9470,65987
9471,65987
9472,65987
9473,65987
9474,65987
9475,65987
9476,65987
9477,65987
9478,65987
9479,65987
9480,65987
9481,65987
9482,65987
9483,65987
9484,65987
9485,65987
9486,65987
9487,65987
9488,65987
9489,65987
9490,65987
9491,65987
9492,65987
9493,65987
9494,65987
9495,65987
9496,65987
9497,65987
9498,65987
9499,65987
9500,65987
9501,65987
9502,65987
9503,65987
9504,65987
9505,65987
9506,65987
9507,65987
9508,65987
9509,65987
9510,65987
9511,65987
9512,65987
9513,65987
9514,65987
9515,65987
9516,65987
9517,65987
9518,65987
9519,65987
9520,65987
9521,65987
9522,65987
9523,65987
9524,65987
9525,65987
9526,65987
9527,65987
9528,65987
9529,65987
9530,65987
9531,65987
9532,65987
9533,65987
9534,65987
9535,65987
9536,65987
9537,65987
9538,65987
9539,65987
9540,65987
9541,65987
9542,65987
9543,65987
9544,65987
9545,65987
9546,65987
9547,65987
9548,65987
9549,65987
9550,65987
9551,65987
9552,65987
9553,65987
9554,65987
9555,65987
9556,65987
9557,65987
9558,65987
9559,65987
9560,65987
9561,65987
9562,65987
9563,65987
9564,65987
9565,65987
9566,65987
9567,65987
9568,65987
9569,65987
9570,65987
9571,65987
9572,65987
9573,65987
9574,65987
9575,65987
9576,65987
9577,65987
9578,65987
9579,65987
9580,65987
9581,65987
9582,65987
9583,65987
9584,65987
9585,65987
9586,65987
9587,65987
9588,65987
9589,65987
9590,65987
9591,65987
9592,65987
9593,65987
9594,65987
9595,65987
9596,65987
9597,65987
9598,65987
9599,65987
9600,65987
9601,65987
9602,65987
9603,65987
9604,65987
9605,65987
9606,65987
9607,65987
9608,65987
9609,65987
9610,65987
9611,65987
9612,65987
9613,65987
9614,65987
9615,65987
9616,65987
9617,65987
9618,65987
9619,65987
9620,65987
9621,65987
9622,65987
9623,65987
9624,65987
9625,65987
9626,65987
9627,65987
9628,65987
9629,65987
9630,65987
9631,65987
9632,65987
9633,65987
9634,65987
9635,65987
9636,65987
9637,65987
9638,65987
9639,65987
9640,65987
9641,65987
9642,65987
9643,65987
9644,65987
9645,65987
9646,65987
9647,65987
9648,65987
9649,65987
9650,65987
9651,65987
9652,65987
9653,65987
9654,65987
9655,65987
9656,65987
9657,65987
9658,65987
9659,65987
9660,65987
9661,65987
9662,65987
9663,65987
9664,65987
9665,65987
9666,65987
9667,65987
9668,65987
9669,65987
9670,65987
9671,65987
9672,65987
9673,65987
9674,65987
9675,65987
9676,65987
9677,65987
9678,65987
9679,65987
9680,65987
9681,65987
9682,65987
9683,65987
9684,65987
9685,65987
9686,65987
9687,65987
9688,65987
9689,65987
9690,65987
9691,65987
9692,65987
9693,65987
9694,65987
9695,65987
9696,65987
9697,65987
9698,65987
9699,65987
9700,65987
9701,65987
9702,65987
9703,65987
9704,65987
9705,65987
9706,65987
9707,65987
9708,65987
9709,65987
9710,65987
9711,65987
9712,65987
9713,65987
9714,65987
9715,65987
9716,65987
9717,65987
9718,65987
9719,65987
9720,65987
9721,65987
9722,65987
9723,65987
9724,65987
9725,65987
9726,65987
9727,65987
9728,65987
9729,65987
9730,65987
9731,65987
9732,65987
9733,65987
9734,65987
9735,65987
9736,65987
9737,65987
9738,65987
9739,65987
9740,65987
9741,65987
9742,65987
9743,65987
9744,65987
9745,65987
9746,65987
9747,65987
9748,65987
9749,65987
9750,65987
9751,65987
9752,65987
9753,65987
9754,65987
9755,65987
9756,65987
9757,65987
9758,65987
9759,65987
9760,65987
9761,65987
9762,65987
9763,65987
9764,65987
9765,65987
9766,65987
9767,65987
9768,65987
9769,65987
9770,65987
9771,65987
9772,65987
9773,65987
9774,65987
9775,65987
9776,65987
9777,65987
9778,65987
9779,65987
9780,65987
9781,65987
9782,65987
9783,65987
9784,65987
9785,65987
9786,65987
9787,65987
9788,65987
9789,65987
9790,65987
9791,65987
9792,65987
9793,65987
9794,65987
9795,65987
9796,65987
9797,65987
9798,65987
9799,65987
9800,65987
9801,65987
9802,65987
9803,65987
9804,65987
9805,65987
9806,65987
9807,65987
9808,65987
9809,65987
9810,65987
9811,65987
9812,65987
9813,65987
9814,65987
9815,65987
9816,65987
9817,65987
9818,65987
9819,65987
9820,65987
9821,65987
9822,65987
9823,65987
9824,65987
9825,65987
9826,65987
9827,65987
9828,65987
9829,65987
9830,65987
9831,65987
9832,65987
9833,65987
9834,65987
9835,65987
9836,65987
9837,65987
9838,65987
9839,65987
9840,65987
9841,65987
9842,65987
9843,65987
9844,65987
9845,65987
9846,65987
9847,65987
9848,65987
9849,65987
9850,65987
9851,65987
9852,65987
9853,65987
9854,65987
9855,65987
9856,65987
9857,65987
9858,65987
9859,65987
9860,65987
9861,65987
9862,65987
9863,65987
9864,65987
9865,65987
9866,65987
9867,65987
9868,65987
9869,65987
9870,65987
9871,65987
9872,65987
9873,65987
9874,65987
9875,65987
9876,65987
9877,65987
9878,65987
9879,65987
9880,65987
9881,65987
9882,65987
9883,65987
9884,65987
9885,65987
9886,65987
9887,65987
9888,65987
9889,65987
9890,65987
9891,65987
9892,65987
9893,65987
9894,65987
9895,65987
9896,65987
9897,65987
9898,65987
9899,65987
9900,65987
9901,65987
9902,65987
9903,65987
9904,65987
9905,65987
9906,65987
9907,65987
9908,65987
9909,65987
9910,65987
9911,65987
9912,65987
9913,65987
9914,65987
9915,65987
9916,65987
9917,65987
9918,65987
9919,65987
9920,65987
9921,65987
9922,65987
9923,65987
9924,65987
9925,65987
9926,65987
9927,65987
9928,65987
9929,65987
9930,65987
9931,65987
9932,65987
9933,65987
9934,65987
9935,65987
9936,65987
9937,65987
9938,65987
9939,65987
9940,65987
9941,65987
9942,65987
9943,65987
9944,65987
9945,65987
9946,65987
9947,65987
9948,65987
9949,65987
9950,65987
9951,65987
9952,65987
9953,65987
9954,65987
9955,65987
9956,65987
9957,65987
9958,65987
9959,65987
9960,65987
9961,65987
9962,65987
9963,65987
9964,65987
9965,65987
9966,65987
9967,65987
9968,65987
9969,65987
9970,65987
9971,65987
9972,65987
9973,65987
9974,65987
9975,65987
9976,65987
9977,65987
9978,65987
9979,65987
9980,65987
9981,65987
9982,65987
9983,65987
9984,65987
9985,65987
9986,65987
9987,65987
9988,65987
9989,65987
9990,65987
9991,65987
9992,65987
9993,65987
9994,65987
9995,65987
9996,65987
9997,65987
9998,65987
9999,65987
10000,65987
10001,65987
10002,65987
10003,65987
10004,65987
10005,65987
10006,65987
10007,65987
10008,65987
10009,65987
10010,65987
10011,65987
10012,65987
10013,65987
10014,65987
10015,65987
10016,65987
10017,65987
10018,65987
10019,65987
10020,65987
10021,65987
10022,65987
10023,65987
10024,65987
10025,65987
10026,65987
10027,65987
10028,65987
10029,65987
10030,65987
10031,65987
10032,65987
10033,65987
10034,65987
10035,65987
10036,65987
10037,65987
10038,65987
10039,65987
10040,65987
10041,65987
10042,65987
10043,65987
10044,65987
10045,65987
10046,65987
10047,65987
10048,65987
10049,65987
10050,65987
10051,65987
10052,65987
10053,65987
10054,65987
10055,65987
10056,65987
10057,65987
10058,65987
10059,65987
10060,65987
10061,65987
10062,65987
10063,65987
10064,65987
10065,65987
10066,65987
10067,65987
10068,65987
10069,65987
10070,65987
10071,65987
10072,65987
10073,65987
10074,65987
10075,65987
10076,65987
10077,65987
10078,65987
10079,65987
10080,65987
10081,65987
10082,65987
10083,65987
10084,65987
10085,65987
10086,65987
10087,65987
10088,65987
10089,65987
10090,65987
10091,65987
10092,65987
10093,65987
10094,65987
10095,65987
10096,65987
10097,65987
10098,65987
10099,65987
10100,65987
10101,65987
10102,65987
10103,65987
10104,65987
10105,65987
10106,65987
10107,65987
10108,65987
10109,65987
10110,65987
10111,65987
10112,65987
10113,65987
10114,65987
10115,65987
10116,65987
10117,65987
10118,65987
10119,65987
10120,65987
10121,65987
10122,65987
10123,65987
10124,65987
10125,65987
10126,65987
10127,65987
10128,65987
10129,65987
10130,65987
10131,65987
10132,65987
10133,65987
10134,65987
10135,65987
10136,65987
10137,65987
10138,65987
10139,65987
10140,65987
10141,65987
10142,65987
10143,65987
10144,65987
10145,65987
10146,65987
10147,65987
10148,65987
10149,65987
10150,65987
10151,65987
10152,65987
10153,65987
10154,65987
10155,65987
10156,65987
10157,65987
10158,65987
10159,65987
10160,65987
10161,65987
10162,65987
10163,65987
10164,65987
10165,65987
10166,65987
10167,65987
10168,65987
10169,65987
10170,65987
10171,65987
10172,65987
10173,65987
10174,65987
10175,65987
10176,65987
10177,65987
10178,65987
10179,65987
10180,65987
10181,65987
10182,65987
10183,65987
10184,65987
10185,65987
10186,65987
10187,65987
10188,65987
10189,65987
10190,65987
10191,65987
10192,65987
10193,65987
10194,65987
10195,65987
10196,65987
10197,65987
10198,65987
10199,65987
10200,65987
10201,65987
10202,65987
10203,65987
10204,65987
10205,65987
10206,65987
10207,65987
10208,65987
10209,65987
10210,65987
10211,65987
10212,65987
10213,65987
10214,65987
10215,65987
10216,65987
10217,65987
10218,65987
10219,65987
10220,65987
10221,65987
10222,65987
10223,65987
10224,65987
10225,65987
10226,65987
10227,65987
10228,65987
10229,65987
10230,65987
10231,65987
10232,65987
10233,65987
10234,65987
10235,65987
10236,65987
10237,65987
10238,65987
10239,65987
10240,65987
10241,65987
10242,65987
10243,65987
10244,65987
10245,65987
10246,65987
10247,65987
10248,65987
10249,65987
10250,65987
10251,65987
10252,65987
10253,65987
10254,65987
10255,65987
10256,65987
10257,65987
10258,65987
10259,65987
10260,65987
10261,65987
10262,65987
10263,65987
10264,65987
10265,65987
10266,65987
10267,65987
10268,65987
10269,65987
10270,65987
10271,65987
10272,65987
10273,65987
10274,65987
10275,65987
10276,65987
10277,65987
10278,65987
10279,65987
10280,65987
10281,65987
10282,65987
10283,65987
10284,65987
10285,65987
10286,65987
10287,65987
10288,65987
10289,65987
10290,65987
10291,65987
10292,65987
10293,65987
10294,65987
10295,65987
10296,65987
10297,65987
10298,65987
10299,65987
10300,65987
10301,65987
10302,65987
10303,65987
10304,65987
10305,65987
10306,65987
10307,65987
10308,65987
10309,65987
10310,65987
10311,65987
10312,65987
10313,65987
10314,65987
10315,65987
10316,65987
10317,65987
10318,65987
10319,65987
10320,65987
10321,65987
10322,65987
10323,65987
10324,65987
10325,65987
10326,65987
10327,65987
10328,65987
10329,65987
10330,65987
10331,65987
10332,65987
10333,65987
10334,65987
10335,65987
10336,65987
10337,65987
10338,65987
10339,65987
10340,65987
10341,65987
10342,65987
10343,65987
10344,65987
10345,65987
10346,65987
10347,65987
10348,65987
10349,65987
10350,65987
10351,65987
10352,65987
10353,65987
10354,65987
10355,65987
10356,65987
10357,65987
10358,65987
10359,65987
10360,65987
10361,65987
10362,65987
10363,65987
10364,65987
10365,65987
10366,65987
10367,65987
10368,65987
10369,65987
10370,65987
10371,65987
10372,65987
10373,65987
10374,65987
10375,65987
10376,65987
10377,65987
10378,65987
10379,65987
10380,65987
10381,65987
10382,65987
10383,65987
10384,65987
10385,65987
10386,65987
10387,65987
10388,65987
10389,65987
10390,65987
10391,65987
10392,65987
10393,65987
10394,65987
10395,65987
10396,65987
10397,65987
10398,65987
10399,65987
10400,65987
10401,65987
10402,65987
10403,65987
10404,65987
10405,65987
10406,65987
10407,65987
10408,65987
10409,65987
10410,65987
10411,65987
10412,65987
10413,65987
10414,65987
10415,65987
10416,65987
10417,65987
10418,65987
10419,65987
10420,65987
10421,65987
10422,65987
10423,65987
10424,65987
10425,65987
10426,65987
10427,65987
10428,65987
10429,65987
10430,65987
10431,65987
10432,65987
10433,65987
10434,65987
10435,65987
10436,65987
10437,65987
10438,65987
10439,65987
10440,65987
10441,65987
10442,65987
10443,65987
10444,65987
10445,65987
10446,65987
10447,65987
10448,65987
10449,65987
10450,65987
10451,65987
10452,65987
10453,65987
10454,65987
10455,65987
10456,65987
10457,65987
10458,65987
10459,65987
10460,65987
10461,65987
10462,65987
10463,65987
10464,65987
10465,65987
10466,65987
10467,65987
10468,65987
10469,65987
10470,65987
10471,65987
10472,65987
10473,65987
10474,65987
10475,65987
10476,65987
10477,65987
10478,65987
10479,65987
10480,65987
10481,65987
10482,65987
10483,65987
10484,65987
10485,65987
10486,65987
10487,65987
10488,65987
10489,65987
10490,65987
10491,65987
10492,65987
10493,65987
10494,65987
10495,65987
10496,65987
10497,65987
10498,65987
10499,65987
10500,65987
10501,65987
10502,65987
10503,65987
10504,65987
10505,65987
10506,65987
10507,65987
10508,65987
10509,65987
10510,65987
10511,65987
10512,65987
10513,65987
10514,65987
10515,65987
10516,65987
10517,65987
10518,65987
10519,65987
10520,65987
10521,65987
10522,65987
10523,65987
10524,65987
10525,65987
10526,65987
10527,65987
10528,65987
10529,65987
10530,65987
10531,65987
10532,65987
10533,65987
10534,65987
10535,65987
10536,65987
10537,65987
10538,65987
10539,65987
10540,65987
10541,65987
10542,65987
10543,65987
10544,65987
10545,65987
10546,65987
10547,65987
10548,65987
10549,65987
10550,65987
10551,65987
10552,65987
10553,65987
10554,65987
10555,65987
10556,65987
10557,65987
10558,65987
10559,65987
10560,65987
10561,65987
10562,65987
10563,65987
10564,65987
10565,65987
10566,65987
10567,65987
10568,65987
10569,65987
10570,65987
10571,65987
10572,65987
10573,65987
10574,65987
10575,65987
10576,65987
10577,65987
10578,65987
10579,65987
10580,65987
10581,65987
10582,65987
10583,65987
10584,65987
10585,65987
10586,65987
10587,65987
10588,65987
10589,65987
10590,65987
10591,65987
10592,65987
10593,65987
10594,65987
10595,65987
10596,65987
10597,65987
10598,65987
10599,65987
10600,65987
10601,65987
10602,65987
10603,65987
10604,65987
10605,65987
10606,65987
10607,65987
10608,65987
10609,65987
10610,65987
10611,65987
10612,65987
10613,65987
10614,65987
10615,65987
10616,65987
10617,65987
10618,65987
10619,65987
10620,65987
10621,65987
10622,65987
10623,65987
10624,65987
10625,65987
10626,65987
10627,65987
10628,65987
10629,65987
10630,65987
10631,65987
10632,65987
10633,65987
10634,65987
10635,65987
10636,65987
10637,65987
10638,65987
10639,65987
10640,65987
10641,65987
10642,65987
10643,65987
10644,65987
10645,65987
10646,65987
10647,65987
10648,65987
10649,65987
10650,65987
10651,65987
10652,65987
10653,65987
10654,65987
10655,65987
10656,65987
10657,65987
10658,65987
10659,65987
10660,65987
10661,65987
10662,65987
10663,65987
10664,65987
10665,65987
10666,65987
10667,65987
10668,65987
10669,65987
10670,65987
10671,65987
10672,65987
10673,65987
10674,65987
10675,65987
10676,65987
10677,65987
10678,65987
10679,65987
10680,65987
10681,65987
10682,65987
10683,65987
10684,65987
10685,65987
10686,65987
10687,65987
10688,65987
10689,65987
10690,65987
10691,65987
10692,65987
10693,65987
10694,65987
10695,65987
10696,65987
10697,65987
10698,65987
10699,65987
10700,65987
10701,65987
10702,65987
10703,65987
10704,65987
10705,65987
10706,65987
10707,65987
10708,65987
10709,65987
10710,65987
10711,65987
10712,65987
10713,65987
10714,65987
10715,65987
10716,65987
10717,65987
10718,65987
10719,65987
10720,65987
10721,65987
10722,65987
10723,65987
10724,65987
10725,65987
10726,65987
10727,65987
10728,65987
10729,65987
10730,65987
10731,65987
10732,65987
10733,65987
10734,65987
10735,65987
10736,65987
10737,65987
10738,65987
10739,65987
10740,65987
10741,65987
10742,65987
10743,65987
10744,65987
10745,65987
10746,65987
10747,65987
10748,65987
10749,65987
10750,65987
10751,65987
10752,65987
10753,65987
10754,65987
10755,65987
10756,65987
10757,65987
10758,65987
10759,65987
10760,65987
10761,65987
10762,65987
10763,65987
10764,65987
10765,65987
10766,65987
10767,65987
10768,65987
10769,65987
10770,65987
10771,65987
10772,65987
10773,65987
10774,65987
10775,65987
10776,65987
10777,65987
10778,65987
10779,65987
10780,65987
10781,65987
10782,65987
10783,65987
10784,65987
10785,65987
10786,65987
10787,65987
10788,65987
10789,65987
10790,65987
10791,65987
10792,65987
10793,65987
10794,65987
10795,65987
10796,65987
10797,65987
10798,65987
10799,65987
10800,65987
10801,65987
10802,65987
10803,65987
10804,65987
10805,65987
10806,65987
10807,65987
10808,65987
10809,65987
10810,65987
10811,65987
10812,65987
10813,65987
10814,65987
10815,65987
10816,65987
10817,65987
10818,65987
10819,65987
10820,65987
10821,65987
10822,65987
10823,65987
10824,65987
10825,65987
10826,65987
10827,65987
10828,65987
10829,65987
10830,65987
10831,65987
10832,65987
10833,65987
10834,65987
10835,65987
10836,65987
10837,65987
10838,65987
10839,65987
10840,65987
10841,65987
10842,65987
10843,65987
10844,65987
10845,65987
10846,65987
10847,65987
10848,65987
10849,65987
10850,65987
10851,65987
10852,65987
10853,65987
10854,65987
10855,65987
10856,65987
10857,65987
10858,65987
10859,65987
10860,65987
10861,65987
10862,65987
10863,65987
10864,65987
10865,65987
10866,65987
10867,65987
10868,65987
10869,65987
10870,65987
10871,65987
10872,65987
10873,65987
10874,65987
10875,65987
10876,65987
10877,65987
10878,65987
10879,65987
10880,65987
10881,65987
10882,65987
10883,65987
10884,65987
10885,65987
10886,65987
10887,65987
10888,65987
10889,65987
10890,65987
10891,65987
10892,65987
10893,65987
10894,65987
10895,65987
10896,65987
10897,65987
10898,65987
10899,65987
10900,65987
10901,65987
10902,65987
10903,65987
10904,65987
10905,65987
10906,65987
10907,65987
10908,65987
10909,65987
10910,65987
10911,65987
10912,65987
10913,65987
10914,65987
10915,65987
10916,65987
10917,65987
10918,65987
10919,65987
10920,65987
10921,65987
10922,65987
10923,65987
10924,65987
10925,65987
10926,65987
10927,65987
10928,65987
10929,65987
10930,65987
10931,65987
10932,65987
10933,65987
10934,65987
10935,65987
10936,65987
10937,65987
10938,65987
10939,65987
10940,65987
10941,65987
10942,65987
10943,65987
10944,65987
10945,65987
10946,65987
10947,65987
10948,65987
10949,65987
10950,65987
10951,65987
10952,65987
10953,65987
10954,65987
10955,65987
10956,65987
10957,65987
10958,65987
10959,65987
10960,65987
10961,65987
10962,65987
10963,65987
10964,65987
10965,65987
10966,65987
10967,65987
10968,65987
10969,65987
10970,65987
10971,65987
10972,65987
10973,65987
10974,65987
10975,65987
10976,65987
10977,65987
10978,65987
10979,65987
10980,65987
10981,65987
10982,65987
10983,65987
10984,65987
10985,65987
10986,65987
10987,65987
10988,65987
10989,65987
10990,65987
10991,65987
10992,65987
10993,65987
10994,65987
10995,65987
10996,65987
10997,65987
10998,65987
10999,65987
11000,65987
11001,65987
11002,65987
11003,65987
11004,65987
11005,65987
11006,65987
11007,65987
11008,65987
11009,65987
11010,65987
11011,65987
11012,65987
11013,65987
11014,65987
11015,65987
11016,65987
11017,65987
11018,65987
11019,65987
11020,65987
11021,65987
11022,65987
11023,65987
11024,65987
11025,65987
11026,65987
11027,65987
11028,65987
11029,65987
11030,65987
11031,65987
11032,65987
11033,65987
11034,65987
11035,65987
11036,65987
11037,65987
11038,65987
11039,65987
11040,65987
11041,65987
11042,65987
11043,65987
11044,65987
11045,65987
11046,65987
11047,65987
11048,65987
11049,65987
11050,65987
11051,65987
11052,65987
11053,65987
11054,65987
11055,65987
11056,65987
11057,65987
11058,65987
11059,65987
11060,65987
11061,65987
11062,65987
11063,65987
11064,65987
11065,65987
11066,65987
11067,65987
11068,65987
11069,65987
11070,65987
11071,65987
11072,65987
11073,65987
11074,65987
11075,65987
11076,65987
11077,65987
11078,65987
11079,65987
11080,65987
11081,65987
11082,65987
11083,65987
11084,65987
11085,65987
11086,65987
11087,65987
11088,65987
11089,65987
11090,65987
11091,65987
11092,65987
11093,65987
11094,65987
11095,65987
11096,65987
11097,65987
11098,65987
11099,65987
11100,65987
11101,65987
11102,65987
11103,65987
11104,65987
11105,65987
11106,65987
11107,65987
11108,65987
11109,65987
11110,65987
11111,65987
11112,65987
11113,65987
11114,65987
11115,65987
11116,65987
11117,65987
11118,65987
11119,65987
11120,65987
11121,65987
11122,65987
11123,65987
11124,65987
11125,65987
11126,65987
11127,65987
11128,65987
11129,65987
11130,65987
11131,65987
11132,65987
11133,65987
11134,65987
11135,65987
11136,65987
11137,65987
11138,65987
11139,65987
11140,65987
11141,65987
11142,65987
11143,65987
11144,65987
11145,65987
11146,65987
11147,65987
11148,65987
11149,65987
11150,65987
11151,65987
11152,65987
11153,65987
11154,65987
11155,65987
11156,65987
11157,65987
11158,65987
11159,65987
11160,65987
11161,65987
11162,65987
11163,65987
11164,65987
11165,65987
11166,65987
11167,65987
11168,65987
11169,65987
11170,65987
11171,65987
11172,65987
11173,65987
11174,65987
11175,65987
11176,65987
11177,65987
11178,65987
11179,65987
11180,65987
11181,65987
11182,65987
11183,65987
11184,65987
11185,65987
11186,65987
11187,65987
11188,65987
11189,65987
11190,65987
11191,65987
11192,65987
11193,65987
11194,65987
11195,65987
11196,65987
11197,65987
11198,65987
11199,65987
11200,65987
11201,65987
11202,65987
11203,65987
11204,65987
11205,65987
11206,65987
11207,65987
11208,65987
11209,65987
11210,65987
11211,65987
11212,65987
11213,65987
11214,65987
11215,65987
11216,65987
11217,65987
11218,65987
11219,65987
11220,65987
11221,65987
11222,65987
11223,65987
11224,65987
11225,65987
11226,65987
11227,65987
11228,65987
11229,65987
11230,65987
11231,65987
11232,65987
11233,65987
11234,65987
11235,65987
11236,65987
11237,65987
11238,65987
11239,65987
11240,65987
11241,65987
11242,65987
11243,65987
11244,65987
11245,65987
11246,65987
11247,65987
11248,65987
11249,65987
11250,65987
11251,65987
11252,65987
11253,65987
11254,65987
11255,65987
11256,65987
11257,65987
11258,65987
11259,65987
11260,65987
11261,65987
11262,65987
11263,65987
11264,65987
11265,65987
11266,65987
11267,65987
11268,65987
11269,65987
11270,65987
11271,65987
11272,65987
11273,65987
11274,65987
11275,65987
11276,65987
11277,65987
11278,65987
11279,65987
11280,65987
11281,65987
11282,65987
11283,65987
11284,65987
11285,65987
11286,65987
11287,65987
11288,65987
11289,65987
11290,65987
11291,65987
11292,65987
11293,65987
11294,65987
11295,65987
11296,65987
11297,65987
11298,65987
11299,65987
11300,65987
11301,65987
11302,65987
11303,65987
11304,65987
11305,65987
11306,65987
11307,65987
11308,65987
11309,65987
11310,65987
11311,65987
11312,65987
11313,65987
11314,65987
11315,65987
11316,65987
11317,65987
11318,65987
11319,65987
11320,65987
11321,65987
11322,65987
11323,65987
11324,65987
11325,65987
11326,65987
11327,65987
11328,65987
11329,65987
11330,65987
11331,65987
11332,65987
11333,65987
11334,65987
11335,65987
11336,65987
11337,65987
11338,65987
11339,65987
11340,65987
11341,65987
11342,65987
11343,65987
11344,65987
11345,65987
11346,65987
11347,65987
11348,65987
11349,65987
11350,65987
11351,65987
11352,65987
11353,65987
11354,65987
11355,65987
11356,65987
11357,65987
11358,65987
11359,65987
11360,65987
11361,65987
11362,65987
11363,65987
11364,65987
11365,65987
11366,65987
11367,65987
11368,65987
11369,65987
11370,65987
11371,65987
11372,65987
11373,65987
11374,65987
11375,65987
11376,65987
11377,65987
11378,65987
11379,65987
11380,65987
11381,65987
11382,65987
11383,65987
11384,65987
11385,65987
11386,65987
11387,65987
11388,65987
11389,65987
11390,65987
11391,65987
11392,65987
11393,65987
11394,65987
11395,65987
11396,65987
11397,65987
11398,65987
11399,65987
11400,65987
11401,65987
11402,65987
11403,65987
11404,65987
11405,65987
11406,65987
11407,65987
11408,65987
11409,65987
11410,65987
11411,65987
11412,65987
11413,65987
11414,65987
11415,65987
11416,65987
11417,65987
11418,65987
11419,65987
11420,65987
11421,65987
11422,65987
11423,65987
11424,65987
11425,65987
11426,65987
11427,65987
11428,65987
11429,65987
11430,65987
11431,65987
11432,65987
11433,65987
11434,65987
11435,65987
11436,65987
11437,65987
11438,65987
11439,65987
11440,65987
11441,65987
11442,65987
11443,65987
11444,65987
11445,65987
11446,65987
11447,65987
11448,65987
11449,65987
11450,65987
11451,65987
11452,65987
11453,65987
11454,65987
11455,65987
11456,65987
11457,65987
11458,65987
11459,65987
11460,65987
11461,65987
11462,65987
11463,65987
11464,65987
11465,65987
11466,65987
11467,65987
11468,65987
11469,65987
11470,65987
11471,65987
11472,65987
11473,65987
11474,65987
11475,65987
11476,65987
11477,65987
11478,65987
11479,65987
11480,65987
11481,65987
11482,65987
11483,65987
11484,65987
11485,65987
11486,65987
11487,65987
11488,65987
11489,65987
11490,65987
11491,65987
11492,65987
11493,65987
11494,65987
11495,65987
11496,65987
11497,65987
11498,65987
11499,65987
11500,65987
11501,65987
11502,65987
11503,65987
11504,65987
11505,65987
11506,65987
11507,65987
11508,65987
11509,65987
11510,65987
11511,65987
11512,65987
11513,65987
11514,65987
11515,65987
11516,65987
11517,65987
11518,65987
11519,65987
11520,65987
11521,65987
11522,65987
11523,65987
11524,65987
11525,65987
11526,65987
11527,65987
11528,65987
11529,65987
11530,65987
11531,65987
11532,65987
11533,65987
11534,65987
11535,65987
11536,65987
11537,65987
11538,65987
11539,65987
11540,65987
11541,65987
11542,65987
11543,65987
11544,65987
11545,65987
11546,65987
11547,65987
11548,65987
11549,65987
11550,65987
11551,65987
11552,65987
11553,65987
11554,65987
11555,65987
11556,65987
11557,65987
11558,65987
11559,65987
11560,65987
11561,65987
11562,65987
11563,65987
11564,65987
11565,65987
11566,65987
11567,65987
11568,65987
11569,65987
11570,65987
11571,65987
11572,65987
11573,65987
11574,65987
11575,65987
11576,65987
11577,65987
11578,65987
11579,65987
11580,65987
11581,65987
11582,65987
11583,65987
11584,65987
11585,65987
11586,65987
11587,65987
11588,65987
11589,65987
11590,65987
11591,65987
11592,65987
11593,65987
11594,65987
11595,65987
11596,65987
11597,65987
11598,65987
11599,65987
11600,65987
11601,65987
11602,65987
11603,65987
11604,65987
11605,65987
11606,65987
11607,65987
11608,65987
11609,65987
11610,65987
11611,65987
11612,65987
11613,65987
11614,65987
11615,65987
11616,65987
11617,65987
11618,65987
11619,65987
11620,65987
11621,65987
11622,65987
11623,65987
11624,65987
11625,65987
11626,65987
11627,65987
11628,65987
11629,65987
11630,65987
11631,65987
11632,65987
11633,65987
11634,65987
11635,65987
11636,65987
11637,65987
11638,65987
11639,65987
11640,65987
11641,65987
11642,65987
11643,65987
11644,65987
11645,65987
11646,65987
11647,65987
11648,65987
11649,65987
11650,65987
11651,65987
11652,65987
11653,65987
11654,65987
11655,65987
11656,65987
11657,65987
11658,65987
11659,65987
11660,65987
11661,65987
11662,65987
11663,65987
11664,65987
11665,65987
11666,65987
11667,65987
11668,65987
11669,65987
11670,65987
11671,65987
11672,65987
11673,65987
11674,65987
11675,65987
11676,65987
11677,65987
11678,65987
11679,65987
11680,65987
11681,65987
11682,65987
11683,65987
11684,65987
11685,65987
11686,65987
11687,65987
11688,65987
11689,65987
11690,65987
11691,65987
11692,65987
11693,65987
11694,65987
11695,65987
11696,65987
11697,65987
11698,65987
11699,65987
11700,65987
11701,65987
11702,65987
11703,65987
11704,65987
11705,65987
11706,65987
11707,65987
11708,65987
11709,65987
11710,65987
11711,65987
11712,65987
11713,65987
11714,65987
11715,65987
11716,65987
11717,65987
11718,65987
11719,65987
11720,65987
11721,65987
11722,65987
11723,65987
11724,65987
11725,65987
11726,65987
11727,65987
11728,65987
11729,65987
11730,65987
11731,65987
11732,65987
11733,65987
11734,65987
11735,65987
11736,65987
11737,65987
11738,65987
11739,65987
11740,65987
11741,65987
11742,65987
11743,65987
11744,65987
11745,65987
11746,65987
11747,65987
11748,65987
11749,65987
11750,65987
11751,65987
11752,65987
11753,65987
11754,65987
11755,65987
11756,65987
11757,65987
11758,65987
11759,65987
11760,65987
11761,65987
11762,65987
11763,65987
11764,65987
11765,65987
11766,65987
11767,65987
11768,65987
11769,65987
11770,65987
11771,65987
11772,65987
11773,65987
11774,65987
11775,65987
11776,65987
11777,65987
11778,65987
11779,65987
11780,65987
11781,65987
11782,65987
11783,65987
11784,65987
11785,65987
11786,65987
11787,65987
11788,65987
11789,65987
11790,65987
11791,65987
11792,65987
11793,65987
11794,65987
11795,65987
11796,65987
11797,65987
11798,65987
11799,65987
11800,65987
11801,65987
11802,65987
11803,65987
11804,65987
11805,65987
11806,65987
11807,65987
11808,65987
11809,65987
11810,65987
11811,65987
11812,65987
11813,65987
11814,65987
11815,65987
11816,65987
11817,65987
11818,65987
11819,65987
11820,65987
11821,65987
11822,65987
11823,65987
11824,65987
11825,65987
11826,65987
11827,65987
11828,65987
11829,65987
11830,65987
11831,65987
11832,65987
11833,65987
11834,65987
11835,65987
11836,65987
11837,65987
11838,65987
11839,65987
11840,65987
11841,65987
11842,65987
11843,65987
11844,65987
11845,65987
11846,65987
11847,65987
11848,65987
11849,65987
11850,65987
11851,65987
11852,65987
11853,65987
11854,65987
11855,65987
11856,65987
11857,65987
11858,65987
11859,65987
11860,65987
11861,65987
11862,65987
11863,65987
11864,65987
11865,65987
11866,65987
11867,65987
11868,65987
11869,65987
11870,65987
11871,65987
11872,65987
11873,65987
11874,65987
11875,65987
11876,65987
11877,65987
11878,65987
11879,65987
11880,65987
11881,65987
11882,65987
11883,65987
11884,65987
11885,65987
11886,65987
11887,65987
11888,65987
11889,65987
11890,65987
11891,65987
11892,65987
11893,65987
11894,65987
11895,65987
11896,65987
11897,65987
11898,65987
11899,65987
11900,65987
11901,65987
11902,65987
11903,65987
11904,65987
11905,65987
11906,65987
11907,65987
11908,65987
11909,65987
11910,65987
11911,65987
11912,65987
11913,65987
11914,65987
11915,65987
11916,65987
11917,65987
11918,65987
11919,65987
11920,65987
11921,65987
11922,65987
11923,65987
11924,65987
11925,65987
11926,65987
11927,65987
11928,65987
11929,65987
11930,65987
11931,65987
11932,65987
11933,65987
11934,65987
11935,65987
11936,65987
11937,65987
11938,65987
11939,65987
11940,65987
11941,65987
11942,65987
11943,65987
11944,65987
11945,65987
11946,65987
11947,65987
11948,65987
11949,65987
11950,65987
11951,65987
11952,65987
11953,65987
11954,65987
11955,65987
11956,65987
11957,65987
11958,65987
11959,65987
11960,65987
11961,65987
11962,65987
11963,65987
11964,65987
11965,65987
11966,65987
11967,65987
11968,65987
11969,65987
11970,65987
11971,65987
11972,65987
11973,65987
11974,65987
11975,65987
11976,65987
11977,65987
11978,65987
11979,65987
11980,65987
11981,65987
11982,65987
11983,65987
11984,65987
11985,65987
11986,65987
11987,65987
11988,65987
11989,65987
11990,65987
11991,65987
11992,65987
11993,65987
11994,65987
11995,65987
11996,65987
11997,65987
11998,65987
11999,65987
12000,65987
12001,65987
12002,65987
12003,65987
12004,65987
12005,65987
12006,65987
12007,65987
12008,65987
12009,65987
12010,65987
12011,65987
12012,65987
12013,65987
12014,65987
12015,65987
12016,65987
12017,65987
12018,65987
12019,65987
12020,65987
12021,65987
12022,65987
12023,65987
12024,65987
12025,65987
12026,65987
12027,65987
12028,65987
12029,65987
12030,65987
12031,65987
12032,65987
12033,65987
12034,65987
12035,65987
12036,65987
12037,65987
12038,65987
12039,65987
12040,65987
12041,65987
12042,65987
12043,65987
12044,65987
12045,65987
12046,65987
12047,65987
12048,65987
12049,65987
12050,65987
12051,65987
12052,65987
12053,65987
12054,65987
12055,65987
12056,65987
12057,65987
12058,65987
12059,65987
12060,65987
12061,65987
12062,65987
12063,65987
12064,65987
12065,65987
12066,65987
12067,65987
12068,65987
12069,65987
12070,65987
12071,65987
12072,65987
12073,65987
12074,65987
12075,65987
12076,65987
12077,65987
12078,65987
12079,65987
12080,65987
12081,65987
12082,65987
12083,65987
12084,65987
12085,65987
12086,65987
12087,65987
12088,65987
12089,65987
12090,65987
12091,65987
12092,65987
12093,65987
12094,65987
12095,65987
12096,65987
12097,65987
12098,65987
12099,65987
12100,65987
12101,65987
12102,65987
12103,65987
12104,65987
12105,65987
12106,65987
12107,65987
12108,65987
12109,65987
12110,65987
12111,65987
12112,65987
12113,65987
12114,65987
12115,65987
12116,65987
12117,65987
12118,65987
12119,65987
12120,65987
12121,65987
12122,65987
12123,65987
12124,65987
12125,65987
12126,65987
12127,65987
12128,65987
12129,65987
12130,65987
12131,65987
12132,65987
12133,65987
12134,65987
12135,65987
12136,65987
12137,65987
12138,65987
12139,65987
12140,65987
12141,65987
12142,65987
12143,65987
12144,65987
12145,65987
12146,65987
12147,65987
12148,65987
12149,65987
12150,65987
12151,65987
12152,65987
12153,65987
12154,65987
12155,65987
12156,65987
12157,65987
12158,65987
12159,65987
12160,65987
12161,65987
12162,65987
12163,65987
12164,65987
12165,65987
12166,65987
12167,65987
12168,65987
12169,65987
12170,65987
12171,65987
12172,65987
12173,65987
12174,65987
12175,65987
12176,65987
12177,65987
12178,65987
12179,65987
12180,65987
12181,65987
12182,65987
12183,65987
12184,65987
12185,65987
12186,65987
12187,65987
12188,65987
12189,65987
12190,65987
12191,65987
12192,65987
12193,65987
12194,65987
12195,65987
12196,65987
12197,65987
12198,65987
12199,65987
12200,65987
12201,65987
12202,65987
12203,65987
12204,65987
12205,65987
12206,65987
12207,65987
12208,65987
12209,65987
12210,65987
12211,65987
12212,65987
12213,65987
12214,65987
12215,65987
12216,65987
12217,65987
12218,65987
12219,65987
12220,65987
12221,65987
12222,65987
12223,65987
12224,65987
12225,65987
12226,65987
12227,65987
12228,65987
12229,65987
12230,65987
12231,65987
12232,65987
12233,65987
12234,65987
12235,65987
12236,65987
12237,65987
12238,65987
12239,65987
12240,65987
12241,65987
12242,65987
12243,65987
12244,65987
12245,65987
12246,65987
12247,65987
12248,65987
12249,65987
12250,65987
12251,65987
12252,65987
12253,65987
12254,65987
12255,65987
12256,65987
12257,65987
12258,65987
12259,65987
12260,65987
12261,65987
12262,65987
12263,65987
12264,65987
12265,65987
12266,65987
12267,65987
12268,65987
12269,65987
12270,65987
12271,65987
12272,65987
12273,65987
12274,65987
12275,65987
12276,65987
12277,65987
12278,65987
12279,65987
12280,65987
12281,65987
12282,65987
12283,65987
12284,65987
12285,65987
12286,65987
12287,65987
12288,65987
12289,65987
12290,65987
12291,65987
12292,65987
12293,65987
12294,65987
12295,65987
12296,65987
12297,65987
12298,65987
12299,65987
12300,65987
12301,65987
12302,65987
12303,65987
12304,65987
12305,65987
12306,65987
12307,65987
12308,65987
12309,65987
12310,65987
12311,65987
12312,65987
12313,65987
12314,65987
12315,65987
12316,65987
12317,65987
12318,65987
12319,65987
12320,65987
12321,65987
12322,65987
12323,65987
12324,65987
12325,65987
12326,65987
12327,65987
12328,65987
12329,65987
12330,65987
12331,65987
12332,65987
12333,65987
12334,65987
12335,65987
12336,65987
12337,65987
12338,65987
12339,65987
12340,65987
12341,65987
12342,65987
12343,65987
12344,65987
12345,65987
12346,65987
12347,65987
12348,65987
12349,65987
12350,65987
12351,65987
12352,65987
12353,65987
12354,65987
12355,65987
12356,65987
12357,65987
12358,65987
12359,65987
12360,65987
12361,65987
12362,65987
12363,65987
12364,65987
12365,65987
12366,65987
12367,65987
12368,65987
12369,65987
12370,65987
12371,65987
12372,65987
12373,65987
12374,65987
12375,65987
12376,65987
12377,65987
12378,65987
12379,65987
12380,65987
12381,65987
12382,65987
12383,65987
12384,65987
12385,65987
12386,65987
12387,65987
12388,65987
12389,65987
12390,65987
12391,65987
12392,65987
12393,65987
12394,65987
12395,65987
12396,65987
12397,65987
12398,65987
12399,65987
12400,65987
12401,65987
12402,65987
12403,65987
12404,65987
12405,65987
12406,65987
12407,65987
12408,65987
12409,65987
12410,65987
12411,65987
12412,65987
12413,65987
12414,65987
12415,65987
12416,65987
12417,65987
12418,65987
12419,65987
12420,65987
12421,65987
12422,65987
12423,65987
12424,65987
12425,65987
12426,65987
12427,65987
12428,65987
12429,65987
12430,65987
12431,65987
12432,65987
12433,65987
12434,65987
12435,65987
12436,65987
12437,65987
12438,65987
12439,65987
12440,65987
12441,65987
12442,65987
12443,65987
12444,65987
12445,65987
12446,65987
12447,65987
12448,65987
12449,65987
12450,65987
12451,65987
12452,65987
12453,65987
12454,65987
12455,65987
12456,65987
12457,65987
12458,65987
12459,65987
12460,65987
12461,65987
12462,65987
12463,65987
12464,65987
12465,65987
12466,65987
12467,65987
12468,65987
12469,65987
12470,65987
12471,65987
12472,65987
12473,65987
12474,65987
12475,65987
12476,65987
12477,65987
12478,65987
12479,65987
12480,65987
12481,65987
12482,65987
12483,65987
12484,65987
12485,65987
12486,65987
12487,65987
12488,65987
12489,65987
12490,65987
12491,65987
12492,65987
12493,65987
12494,65987
12495,65987
12496,65987
12497,65987
12498,65987
12499,65987
12500,65987
12501,65987
12502,65987
12503,65987
12504,65987
12505,65987
12506,65987
12507,65987
12508,65987
12509,65987
12510,65987
12511,65987
12512,65987
12513,65987
12514,65987
12515,65987
12516,65987
12517,65987
12518,65987
12519,65987
12520,65987
12521,65987
12522,65987
12523,65987
12524,65987
12525,65987
12526,65987
12527,65987
12528,65987
12529,65987
12530,65987
12531,65987
12532,65987
12533,65987
12534,65987
12535,65987
12536,65987
12537,65987
12538,65987
12539,65987
12540,65987
12541,65987
12542,65987
12543,65987
12544,65987
12545,65987
12546,65987
12547,65987
12548,65987
12549,65987
12550,65987
12551,65987
12552,65987
12553,65987
12554,65987
12555,65987
12556,65987
12557,65987
12558,65987
12559,65987
12560,65987
12561,65987
12562,65987
12563,65987
12564,65987
12565,65987
12566,65987
12567,65987
12568,65987
12569,65987
12570,65987
12571,65987
12572,65987
12573,65987
12574,65987
12575,65987
12576,65987
12577,65987
12578,65987
12579,65987
12580,65987
12581,65987
12582,65987
12583,65987
12584,65987
12585,65987
12586,65987
12587,65987
12588,65987
12589,65987
12590,65987
12591,65987
12592,65987
12593,65987
12594,65987
12595,65987
12596,65987
12597,65987
12598,65987
12599,65987
12600,65987
12601,65987
12602,65987
12603,65987
12604,65987
12605,65987
12606,65987
12607,65987
12608,65987
12609,65987
12610,65987
12611,65987
12612,65987
12613,65987
12614,65987
12615,65987
12616,65987
12617,65987
12618,65987
12619,65987
12620,65987
12621,65987
12622,65987
12623,65987
12624,65987
12625,65987
12626,65987
12627,65987
12628,65987
12629,65987
12630,65987
12631,65987
12632,65987
12633,65987
12634,65987
12635,65987
12636,65987
12637,65987
12638,65987
12639,65987
12640,65987
12641,65987
12642,65987
12643,65987
12644,65987
12645,65987
12646,65987
12647,65987
12648,65987
12649,65987
12650,65987
12651,65987
12652,65987
12653,65987
12654,65987
12655,65987
12656,65987
12657,65987
12658,65987
12659,65987
12660,65987
12661,65987
12662,65987
12663,65987
12664,65987
12665,65987
12666,65987
12667,65987
12668,65987
12669,65987
12670,65987
12671,65987
12672,65987
12673,65987
12674,65987
12675,65987
12676,65987
12677,65987
12678,65987
12679,65987
12680,65987
12681,65987
12682,65987
12683,65987
12684,65987
12685,65987
12686,65987
12687,65987
12688,65987
12689,65987
12690,65987
12691,65987
12692,65987
12693,65987
12694,65987
12695,65987
12696,65987
12697,65987
12698,65987
12699,65987
12700,65987
12701,65987
12702,65987
12703,65987
12704,65987
12705,65987
12706,65987
12707,65987
12708,65987
12709,65987
12710,65987
12711,65987
12712,65987
12713,65987
12714,65987
12715,65987
12716,65987
12717,65987
12718,65987
12719,65987
12720,65987
12721,65987
12722,65987
12723,65987
12724,65987
12725,65987
12726,65987
12727,65987
12728,65987
12729,65987
12730,65987
12731,65987
12732,65987
12733,65987
12734,65987
12735,65987
12736,65987
12737,65987
12738,65987
12739,65987
12740,65987
12741,65987
12742,65987
12743,65987
12744,65987
12745,65987
12746,65987
12747,65987
12748,65987
12749,65987
12750,65987
12751,65987
12752,65987
12753,65987
12754,65987
12755,65987
12756,65987
12757,65987
12758,65987
12759,65987
12760,65987
12761,65987
12762,65987
12763,65987
12764,65987
12765,65987
12766,65987
12767,65987
12768,65987
12769,65987
12770,65987
12771,65987
12772,65987
12773,65987
12774,65987
12775,65987
12776,65987
12777,65987
12778,65987
12779,65987
12780,65987
12781,65987
12782,65987
12783,65987
12784,65987
12785,65987
12786,65987
12787,65987
12788,65987
12789,65987
12790,65987
12791,65987
12792,65987
12793,65987
12794,65987
12795,65987
12796,65987
12797,65987
12798,65987
12799,65987
12800,65987
12801,65987
12802,65987
12803,65987
12804,65987
12805,65987
12806,65987
12807,65987
12808,65987
12809,65987
12810,65987
12811,65987
12812,65987
12813,65987
12814,65987
12815,65987
12816,65987
12817,65987
12818,65987
12819,65987
12820,65987
12821,65987
12822,65987
12823,65987
12824,65987
12825,65987
12826,65987
12827,65987
12828,65987
12829,65987
12830,65987
12831,65987
12832,65987
12833,65987
12834,65987
12835,65987
12836,65987
12837,65987
12838,65987
12839,65987
12840,65987
12841,65987
12842,65987
12843,65987
12844,65987
12845,65987
12846,65987
12847,65987
12848,65987
12849,65987
12850,65987
12851,65987
12852,65987
12853,65987
12854,65987
12855,65987
12856,65987
12857,65987
12858,65987
12859,65987
12860,65987
12861,65987
12862,65987
12863,65987
12864,65987
12865,65987
12866,65987
12867,65987
12868,65987
12869,65987
12870,65987
12871,65987
12872,65987
12873,65987
12874,65987
12875,65987
12876,65987
12877,65987
12878,65987
12879,65987
12880,65987
12881,65987
12882,65987
12883,65987
12884,65987
12885,65987
12886,65987
12887,65987
12888,65987
12889,65987
12890,65987
12891,65987
12892,65987
12893,65987
12894,65987
12895,65987
12896,65987
12897,65987
12898,65987
12899,65987
12900,65987
12901,65987
12902,65987
12903,65987
12904,65987
12905,65987
12906,65987
12907,65987
12908,65987
12909,65987
12910,65987
12911,65987
12912,65987
12913,65987
12914,65987
12915,65987
12916,65987
12917,65987
12918,65987
12919,65987
12920,65987
12921,65987
12922,65987
12923,65987
12924,65987
12925,65987
12926,65987
12927,65987
12928,65987
12929,65987
12930,65987
12931,65987
12932,65987
12933,65987
12934,65987
12935,65987
12936,65987
12937,65987
12938,65987
12939,65987
12940,65987
12941,65987
12942,65987
12943,65987
12944,65987
12945,65987
12946,65987
12947,65987
12948,65987
12949,65987
12950,65987
12951,65987
12952,65987
12953,65987
12954,65987
12955,65987
12956,65987
12957,65987
12958,65987
12959,65987
12960,65987
12961,65987
12962,65987
12963,65987
12964,65987
12965,65987
12966,65987
12967,65987
12968,65987
12969,65987
12970,65987
12971,65987
12972,65987
12973,65987
12974,65987
12975,65987
12976,65987
12977,65987
12978,65987
12979,65987
12980,65987
12981,65987
12982,65987
12983,65987
12984,65987
12985,65987
12986,65987
12987,65987
12988,65987
12989,65987
12990,65987
12991,65987
12992,65987
12993,65987
12994,65987
12995,65987
12996,65987
12997,65987
12998,65987
12999,65987
13000,65987
13001,65987
13002,65987
13003,65987
13004,65987
13005,65987
13006,65987
13007,65987
13008,65987
13009,65987
13010,65987
13011,65987
13012,65987
13013,65987
13014,65987
13015,65987
13016,65987
13017,65987
13018,65987
13019,65987
13020,65987
13021,65987
13022,65987
13023,65987
13024,65987
13025,65987
13026,65987
13027,65987
13028,65987
13029,65987
13030,65987
13031,65987
13032,65987
13033,65987
13034,65987
13035,65987
13036,65987
13037,65987
13038,65987
13039,65987
13040,65987
13041,65987
13042,65987
13043,65987
13044,65987
13045,65987
13046,65987
13047,65987
13048,65987
13049,65987
13050,65987
13051,65987
13052,65987
13053,65987
13054,65987
13055,65987
13056,65987
13057,65987
13058,65987
13059,65987
13060,65987
13061,65987
13062,65987
13063,65987
13064,65987
13065,65987
13066,65987
13067,65987
13068,65987
13069,65987
13070,65987
13071,65987
13072,65987
13073,65987
13074,65987
13075,65987
13076,65987
13077,65987
13078,65987
13079,65987
13080,65987
13081,65987
13082,65987
13083,65987
13084,65987
13085,65987
13086,65987
13087,65987
13088,65987
13089,65987
13090,65987
13091,65987
13092,65987
13093,65987
13094,65987
13095,65987
13096,65987
13097,65987
13098,65987
13099,65987
13100,65987
13101,65987
13102,65987
13103,65987
13104,65987
13105,65987
13106,65987
13107,65987
13108,65987
13109,65987
13110,65987
13111,65987
13112,65987
13113,65987
13114,65987
13115,65987
13116,65987
13117,65987
13118,65987
13119,65987
13120,65987
13121,65987
13122,65987
13123,65987
13124,65987
13125,65987
13126,65987
13127,65987
13128,65987
13129,65987
13130,65987
13131,65987
13132,65987
13133,65987
13134,65987
13135,65987
13136,65987
13137,65987
13138,65987
13139,65987
13140,65987
13141,65987
13142,65987
13143,65987
13144,65987
13145,65987
13146,65987
13147,65987
13148,65987
13149,65987
13150,65987
13151,65987
13152,65987
13153,65987
13154,65987
13155,65987
13156,65987
13157,65987
13158,65987
13159,65987
13160,65987
13161,65987
13162,65987
13163,65987
13164,65987
13165,65987
13166,65987
13167,65987
13168,65987
13169,65987
13170,65987
13171,65987
13172,65987
13173,65987
13174,65987
13175,65987
13176,65987
13177,65987
13178,65987
13179,65987
13180,65987
13181,65987
13182,65987
13183,65987
13184,65987
13185,65987
13186,65987
13187,65987
13188,65987
13189,65987
13190,65987
13191,65987
13192,65987
13193,65987
13194,65987
13195,65987
13196,65987
13197,65987
13198,65987
13199,65987
13200,65987
13201,65987
13202,65987
13203,65987
13204,65987
13205,65987
13206,65987
13207,65987
13208,65987
13209,65987
13210,65987
13211,65987
13212,65987
13213,65987
13214,65987
13215,65987
13216,65987
13217,65987
13218,65987
13219,65987
13220,65987
13221,65987
13222,65987
13223,65987
13224,65987
13225,65987
13226,65987
13227,65987
13228,65987
13229,65987
13230,65987
13231,65987
13232,65987
13233,65987
13234,65987
13235,65987
13236,65987
13237,65987
13238,65987
13239,65987
13240,65987
13241,65987
13242,65987
13243,65987
13244,65987
13245,65987
13246,65987
13247,65987
13248,65987
13249,65987
13250,65987
13251,65987
13252,65987
13253,65987
13254,65987
13255,65987
13256,65987
13257,65987
13258,65987
13259,65987
13260,65987
13261,65987
13262,65987
13263,65987
13264,65987
13265,65987
13266,65987
13267,65987
13268,65987
13269,65987
13270,65987
13271,65987
13272,65987
13273,65987
13274,65987
13275,65987
13276,65987
13277,65987
13278,65987
13279,65987
13280,65987
13281,65987
13282,65987
13283,65987
13284,65987
13285,65987
13286,65987
13287,65987
13288,65987
13289,65987
13290,65987
13291,65987
13292,65987
13293,65987
13294,65987
13295,65987
13296,65987
13297,65987
13298,65987
13299,65987
13300,65987
13301,65987
13302,65987
13303,65987
13304,65987
13305,65987
13306,65987
13307,65987
13308,65987
13309,65987
13310,65987
13311,65987
13312,65987
13313,65987
13314,65987
13315,65987
13316,65987
13317,65987
13318,65987
13319,65987
13320,65987
13321,65987
13322,65987
13323,65987
13324,65987
13325,65987
13326,65987
13327,65987
13328,65987
13329,65987
13330,65987
13331,65987
13332,65987
13333,65987
13334,65987
13335,65987
13336,65987
13337,65987
13338,65987
13339,65987
13340,65987
13341,65987
13342,65987
13343,65987
13344,65987
13345,65987
13346,65987
13347,65987
13348,65987
13349,65987
13350,65987
13351,65987
13352,65987
13353,65987
13354,65987
13355,65987
13356,65987
13357,65987
13358,65987
13359,65987
13360,65987
13361,65987
13362,65987
13363,65987
13364,65987
13365,65987
13366,65987
13367,65987
13368,65987
13369,65987
13370,65987
13371,65987
13372,65987
13373,65987
13374,65987
13375,65987
13376,65987
13377,65987
13378,65987
13379,65987
13380,65987
13381,65987
13382,65987
13383,65987
13384,65987
13385,65987
13386,65987
13387,65987
13388,65987
13389,65987
13390,65987
13391,65987
13392,65987
13393,65987
13394,65987
13395,65987
13396,65987
13397,65987
13398,65987
13399,65987
13400,65987
13401,65987
13402,65987
13403,65987
13404,65987
13405,65987
13406,65987
13407,65987
13408,65987
13409,65987
13410,65987
13411,65987
13412,65987
13413,65987
13414,65987
13415,65987
13416,65987
13417,65987
13418,65987
13419,65987
13420,65987
13421,65987
13422,65987
13423,65987
13424,65987
13425,65987
13426,65987
13427,65987
13428,65987
13429,65987
13430,65987
13431,65987
13432,65987
13433,65987
13434,65987
13435,65987
13436,65987
13437,65987
13438,65987
13439,65987
13440,65987
13441,65987
13442,65987
13443,65987
13444,65987
13445,65987
13446,65987
13447,65987
13448,65987
13449,65987
13450,65987
13451,65987
13452,65987
13453,65987
13454,65987
13455,65987
13456,65987
13457,65987
13458,65987
13459,65987
13460,65987
13461,65987
13462,65987
13463,65987
13464,65987
13465,65987
13466,65987
13467,65987
13468,65987
13469,65987
13470,65987
13471,65987
13472,65987
13473,65987
13474,65987
13475,65987
13476,65987
13477,65987
13478,65987
13479,65987
13480,65987
13481,65987
13482,65987
13483,65987
13484,65987
13485,65987
13486,65987
13487,65987
13488,65987
13489,65987
13490,65987
13491,65987
13492,65987
13493,65987
13494,65987
13495,65987
13496,65987
13497,65987
13498,65987
13499,65987
13500,65987
13501,65987
13502,65987
13503,65987
13504,65987
13505,65987
13506,65987
13507,65987
13508,65987
13509,65987
13510,65987
13511,65987
13512,65987
13513,65987
13514,65987
13515,65987
13516,65987
13517,65987
13518,65987
13519,65987
13520,65987
13521,65987
13522,65987
13523,65987
13524,65987
13525,65987
13526,65987
13527,65987
13528,65987
13529,65987
13530,65987
13531,65987
13532,65987
13533,65987
13534,65987
13535,65987
13536,65987
13537,65987
13538,65987
13539,65987
13540,65987
13541,65987
13542,65987
13543,65987
13544,65987
13545,65987
13546,65987
13547,65987
13548,65987
13549,65987
13550,65987
13551,65987
13552,65987
13553,65987
13554,65987
13555,65987
13556,65987
13557,65987
13558,65987
13559,65987
13560,65987
13561,65987
13562,65987
13563,65987
13564,65987
13565,65987
13566,65987
13567,65987
13568,65987
13569,65987
13570,65987
13571,65987
13572,65987
13573,65987
13574,65987
13575,65987
13576,65987
13577,65987
13578,65987
13579,65987
13580,65987
13581,65987
13582,65987
13583,65987
13584,65987
13585,65987
13586,65987
13587,65987
13588,65987
13589,65987
13590,65987
13591,65987
13592,65987
13593,65987
13594,65987
13595,65987
13596,65987
13597,65987
13598,65987
13599,65987
13600,65987
13601,65987
13602,65987
13603,65987
13604,65987
13605,65987
13606,65987
13607,65987
13608,65987
13609,65987
13610,65987
13611,65987
13612,65987
13613,65987
13614,65987
13615,65987
13616,65987
13617,65987
13618,65987
13619,65987
13620,65987
13621,65987
13622,65987
13623,65987
13624,65987
13625,65987
13626,65987
13627,65987
13628,65987
13629,65987
13630,65987
13631,65987
13632,65987
13633,65987
13634,65987
13635,65987
13636,65987
13637,65987
13638,65987
13639,65987
13640,65987
13641,65987
13642,65987
13643,65987
13644,65987
13645,65987
13646,65987
13647,65987
13648,65987
13649,65987
13650,65987
13651,65987
13652,65987
13653,65987
13654,65987
13655,65987
13656,65987
13657,65987
13658,65987
13659,65987
13660,65987
13661,65987
13662,65987
13663,65987
13664,65987
13665,65987
13666,65987
13667,65987
13668,65987
13669,65987
13670,65987
13671,65987
13672,65987
13673,65987
13674,65987
13675,65987
13676,65987
13677,65987
13678,65987
13679,65987
13680,65987
13681,65987
13682,65987
13683,65987
13684,65987
13685,65987
13686,65987
13687,65987
13688,65987
13689,65987
13690,65987
13691,65987
13692,65987
13693,65987
13694,65987
13695,65987
13696,65987
13697,65987
13698,65987
13699,65987
13700,65987
13701,65987
13702,65987
13703,65987
13704,65987
13705,65987
13706,65987
13707,65987
13708,65987
13709,65987
13710,65987
13711,65987
13712,65987
13713,65987
13714,65987
13715,65987
13716,65987
13717,65987
13718,65987
13719,65987
13720,65987
13721,65987
13722,65987
13723,65987
13724,65987
13725,65987
13726,65987
13727,65987
13728,65987
13729,65987
13730,65987
13731,65987
13732,65987
13733,65987
13734,65987
13735,65987
13736,65987
13737,65987
13738,65987
13739,65987
13740,65987
13741,65987
13742,65987
13743,65987
13744,65987
13745,65987
13746,65987
13747,65987
13748,65987
13749,65987
13750,65987
13751,65987
13752,65987
13753,65987
13754,65987
13755,65987
13756,65987
13757,65987
13758,65987
13759,65987
13760,65987
13761,65987
13762,65987
13763,65987
13764,65987
13765,65987
13766,65987
13767,65987
13768,65987
13769,65987
13770,65987
13771,65987
13772,65987
13773,65987
13774,65987
13775,65987
13776,65987
13777,65987
13778,65987
13779,65987
13780,65987
13781,65987
13782,65987
13783,65987
13784,65987
13785,65987
13786,65987
13787,65987
13788,65987
13789,65987
13790,65987
13791,65987
13792,65987
13793,65987
13794,65987
13795,65987
13796,65987
13797,65987
13798,65987
13799,65987
13800,65987
13801,65987
13802,65987
13803,65987
13804,65987
13805,65987
13806,65987
13807,65987
13808,65987
13809,65987
13810,65987
13811,65987
13812,65987
13813,65987
13814,65987
13815,65987
13816,65987
13817,65987
13818,65987
13819,65987
13820,65987
13821,65987
13822,65987
13823,65987
13824,65987
13825,65987
13826,65987
13827,65987
13828,65987
13829,65987
13830,65987
13831,65987
13832,65987
13833,65987
13834,65987
13835,65987
13836,65987
13837,65987
13838,65987
13839,65987
13840,65987
13841,65987
13842,65987
13843,65987
13844,65987
13845,65987
13846,65987
13847,65987
13848,65987
13849,65987
13850,65987
13851,65987
13852,65987
13853,65987
13854,65987
13855,65987
13856,65987
13857,65987
13858,65987
13859,65987
13860,65987
13861,65987
13862,65987
13863,65987
13864,65987
13865,65987
13866,65987
13867,65987
13868,65987
13869,65987
13870,65987
13871,65987
13872,65987
13873,65987
13874,65987
13875,65987
13876,65987
13877,65987
13878,65987
13879,65987
13880,65987
13881,65987
13882,65987
13883,65987
13884,65987
13885,65987
13886,65987
13887,65987
13888,65987
13889,65987
13890,65987
13891,65987
13892,65987
13893,65987
13894,65987
13895,65987
13896,65987
13897,65987
13898,65987
13899,65987
13900,65987
13901,65987
13902,65987
13903,65987
13904,65987
13905,65987
13906,65987
13907,65987
13908,65987
13909,65987
13910,65987
13911,65987
13912,65987
13913,65987
13914,65987
13915,65987
13916,65987
13917,65987
13918,65987
13919,65987
13920,65987
13921,65987
13922,65987
13923,65987
13924,65987
13925,65987
13926,65987
13927,65987
13928,65987
13929,65987
13930,65987
13931,65987
13932,65987
13933,65987
13934,65987
13935,65987
13936,65987
13937,65987
13938,65987
13939,65987
13940,65987
13941,65987
13942,65987
13943,65987
13944,65987
13945,65987
13946,65987
13947,65987
13948,65987
13949,65987
13950,65987
13951,65987
13952,65987
13953,65987
13954,65987
13955,65987
13956,65987
13957,65987
13958,65987
13959,65987
13960,65987
13961,65987
13962,65987
13963,65987
13964,65987
13965,65987
13966,65987
13967,65987
13968,65987
13969,65987
13970,65987
13971,65987
13972,65987
13973,65987
13974,65987
13975,65987
13976,65987
13977,65987
13978,65987
13979,65987
13980,65987
13981,65987
13982,65987
13983,65987
13984,65987
13985,65987
13986,65987
13987,65987
13988,65987
13989,65987
13990,65987
13991,65987
13992,65987
13993,65987
13994,65987
13995,65987
13996,65987
13997,65987
13998,65987
13999,65987
14000,65987
14001,65987
14002,65987
14003,65987
14004,65987
14005,65987
14006,65987
14007,65987
14008,65987
14009,65987
14010,65987
14011,65987
14012,65987
14013,65987
14014,65987
14015,65987
14016,65987
14017,65987
14018,65987
14019,65987
14020,65987
14021,65987
14022,65987
14023,65987
14024,65987
14025,65987
14026,65987
14027,65987
14028,65987
14029,65987
14030,65987
14031,65987
14032,65987
14033,65987
14034,65987
14035,65987
14036,65987
14037,65987
14038,65987
14039,65987
14040,65987
14041,65987
14042,65987
14043,65987
14044,65987
14045,65987
14046,65987
14047,65987
14048,65987
14049,65987
14050,65987
14051,65987
14052,65987
14053,65987
14054,65987
14055,65987
14056,65987
14057,65987
14058,65987
14059,65987
14060,65987
14061,65987
14062,65987
14063,65987
14064,65987
14065,65987
14066,65987
14067,65987
14068,65987
14069,65987
14070,65987
14071,65987
14072,65987
14073,65987
14074,65987
14075,65987
14076,65987
14077,65987
14078,65987
14079,65987
14080,65987
14081,65987
14082,65987
14083,65987
14084,65987
14085,65987
14086,65987
14087,65987
14088,65987
14089,65987
14090,65987
14091,65987
14092,65987
14093,65987
14094,65987
14095,65987
14096,65987
14097,65987
14098,65987
14099,65987
14100,65987
14101,65987
14102,65987
14103,65987
14104,65987
14105,65987
14106,65987
14107,65987
14108,65987
14109,65987
14110,65987
14111,65987
14112,65987
14113,65987
14114,65987
14115,65987
14116,65987
14117,65987
14118,65987
14119,65987
14120,65987
14121,65987
14122,65987
14123,65987
14124,65987
14125,65987
14126,65987
14127,65987
14128,65987
14129,65987
14130,65987
14131,65987
14132,65987
14133,65987
14134,65987
14135,65987
14136,65987
14137,65987
14138,65987
14139,65987
14140,65987
14141,65987
14142,65987
14143,65987
14144,65987
14145,65987
14146,65987
14147,65987
14148,65987
14149,65987
14150,65987
14151,65987
14152,65987
14153,65987
14154,65987
14155,65987
14156,65987
14157,65987
14158,65987
14159,65987
14160,65987
14161,65987
14162,65987
14163,65987
14164,65987
14165,65987
14166,65987
14167,65987
14168,65987
14169,65987
14170,65987
14171,65987
14172,65987
14173,65987
14174,65987
14175,65987
14176,65987
14177,65987
14178,65987
14179,65987
14180,65987
14181,65987
14182,65987
14183,65987
14184,65987
14185,65987
14186,65987
14187,65987
14188,65987
14189,65987
14190,65987
14191,65987
14192,65987
14193,65987
14194,65987
14195,65987
14196,65987
14197,65987
14198,65987
14199,65987
14200,65987
14201,65987
14202,65987
14203,65987
14204,65987
14205,65987
14206,65987
14207,65987
14208,65987
14209,65987
14210,65987
14211,65987
14212,65987
14213,65987
14214,65987
14215,65987
14216,65987
14217,65987
14218,65987
14219,65987
14220,65987
14221,65987
14222,65987
14223,65987
14224,65987
14225,65987
14226,65987
14227,65987
14228,65987
14229,65987
14230,65987
14231,65987
14232,65987
14233,65987
14234,65987
14235,65987
14236,65987
14237,65987
14238,65987
14239,65987
14240,65987
14241,65987
14242,65987
14243,65987
14244,65987
14245,65987
14246,65987
14247,65987
14248,65987
14249,65987
14250,65987
14251,65987
14252,65987
14253,65987
14254,65987
14255,65987
14256,65987
14257,65987
14258,65987
14259,65987
14260,65987
14261,65987
14262,65987
14263,65987
14264,65987
14265,65987
14266,65987
14267,65987
14268,65987
14269,65987
14270,65987
14271,65987
14272,65987
14273,65987
14274,65987
14275,65987
14276,65987
14277,65987
14278,65987
14279,65987
14280,65987
14281,65987
14282,65987
14283,65987
14284,65987
14285,65987
14286,65987
14287,65987
14288,65987
14289,65987
14290,65987
14291,65987
14292,65987
14293,65987
14294,65987
14295,65987
14296,65987
14297,65987
14298,65987
14299,65987
14300,65987
14301,65987
14302,65987
14303,65987
14304,65987
14305,65987
14306,65987
14307,65987
14308,65987
14309,65987
14310,65987
14311,65987
14312,65987
14313,65987
14314,65987
14315,65987
14316,65987
14317,65987
14318,65987
14319,65987
14320,65987
14321,65987
14322,65987
14323,65987
14324,65987
14325,65987
14326,65987
14327,65987
14328,65987
14329,65987
14330,65987
14331,65987
14332,65987
14333,65987
14334,65987
14335,65987
14336,65987
14337,65987
14338,65987
14339,65987
14340,65987
14341,65987
14342,65987
14343,65987
14344,65987
14345,65987
14346,65987
14347,65987
14348,65987
14349,65987
14350,65987
14351,65987
14352,65987
14353,65987
14354,65987
14355,65987
14356,65987
14357,65987
14358,65987
14359,65987
14360,65987
14361,65987
14362,65987
14363,65987
14364,65987
14365,65987
14366,65987
14367,65987
14368,65987
14369,65987
14370,65987
14371,65987
14372,65987
14373,65987
14374,65987
14375,65987
14376,65987
14377,65987
14378,65987
14379,65987
14380,65987
14381,65987
14382,65987
14383,65987
14384,65987
14385,65987
14386,65987
14387,65987
14388,65987
14389,65987
14390,65987
14391,65987
14392,65987
14393,65987
14394,65987
14395,65987
14396,65987
14397,65987
14398,65987
14399,65987
14400,65987
14401,65987
14402,65987
14403,65987
14404,65987
14405,65987
14406,65987
14407,65987
14408,65987
14409,65987
14410,65987
14411,65987
14412,65987
14413,65987
14414,65987
14415,65987
14416,65987
14417,65987
14418,65987
14419,65987
14420,65987
14421,65987
14422,65987
14423,65987
14424,65987
14425,65987
14426,65987
14427,65987
14428,65987
14429,65987
14430,65987
14431,65987
14432,65987
14433,65987
14434,65987
14435,65987
14436,65987
14437,65987
14438,65987
14439,65987
14440,65987
14441,65987
14442,65987
14443,65987
14444,65987
14445,65987
14446,65987
14447,65987
14448,65987
14449,65987
14450,65987
14451,65987
14452,65987
14453,65987
14454,65987
14455,65987
14456,65987
14457,65987
14458,65987
14459,65987
14460,65987
14461,65987
14462,65987
14463,65987
14464,65987
14465,65987
14466,65987
14467,65987
14468,65987
14469,65987
14470,65987
14471,65987
14472,65987
14473,65987
14474,65987
14475,65987
14476,65987
14477,65987
14478,65987
14479,65987
14480,65987
14481,65987
14482,65987
14483,65987
14484,65987
14485,65987
14486,65987
14487,65987
14488,65987
14489,65987
14490,65987
14491,65987
14492,65987
14493,65987
14494,65987
14495,65987
14496,65987
14497,65987
14498,65987
14499,65987
14500,65987
14501,65987
14502,65987
14503,65987
14504,65987
14505,65987
14506,65987
14507,65987
14508,65987
14509,65987
14510,65987
14511,65987
14512,65987
14513,65987
14514,65987
14515,65987
14516,65987
14517,65987
14518,65987
14519,65987
14520,65987
14521,65987
14522,65987
14523,65987
14524,65987
14525,65987
14526,65987
14527,65987
14528,65987
14529,65987
14530,65987
14531,65987
14532,65987
14533,65987
14534,65987
14535,65987
14536,65987
14537,65987
14538,65987
14539,65987
14540,65987
14541,65987
14542,65987
14543,65987
14544,65987
14545,65987
14546,65987
14547,65987
14548,65987
14549,65987
14550,65987
14551,65987
14552,65987
14553,65987
14554,65987
14555,65987
14556,65987
14557,65987
14558,65987
14559,65987
14560,65987
14561,65987
14562,65987
14563,65987
14564,65987
14565,65987
14566,65987
14567,65987
14568,65987
14569,65987
14570,65987
14571,65987
14572,65987
14573,65987
14574,65987
14575,65987
14576,65987
14577,65987
14578,65987
14579,65987
14580,65987
14581,65987
14582,65987
14583,65987
14584,65987
14585,65987
14586,65987
14587,65987
14588,65987
14589,65987
14590,65987
14591,65987
14592,65987
14593,65987
14594,65987
14595,65987
14596,65987
14597,65987
14598,65987
14599,65987
14600,65987
14601,65987
14602,65987
14603,65987
14604,65987
14605,65987
14606,65987
14607,65987
14608,65987
14609,65987
14610,65987
14611,65987
14612,65987
14613,65987
14614,65987
14615,65987
14616,65987
14617,65987
14618,65987
14619,65987
14620,65987
14621,65987
14622,65987
14623,65987
14624,65987
14625,65987
14626,65987
14627,65987
14628,65987
14629,65987
14630,65987
14631,65987
14632,65987
14633,65987
14634,65987
14635,65987
14636,65987
14637,65987
14638,65987
14639,65987
14640,65987
14641,65987
14642,65987
14643,65987
14644,65987
14645,65987
14646,65987
14647,65987
14648,65987
14649,65987
14650,65987
14651,65987
14652,65987
14653,65987
14654,65987
14655,65987
14656,65987
14657,65987
14658,65987
14659,65987
14660,65987
14661,65987
14662,65987
14663,65987
14664,65987
14665,65987
14666,65987
14667,65987
14668,65987
14669,65987
14670,65987
14671,65987
14672,65987
14673,65987
14674,65987
14675,65987
14676,65987
14677,65987
14678,65987
14679,65987
14680,65987
14681,65987
14682,65987
14683,65987
14684,65987
14685,65987
14686,65987
14687,65987
14688,65987
14689,65987
14690,65987
14691,65987
14692,65987
14693,65987
14694,65987
14695,65987
14696,65987
14697,65987
14698,65987
14699,65987
14700,65987
14701,65987
14702,65987
14703,65987
14704,65987
14705,65987
14706,65987
14707,65987
14708,65987
14709,65987
14710,65987
14711,65987
14712,65987
14713,65987
14714,65987
14715,65987
14716,65987
14717,65987
14718,65987
14719,65987
14720,65987
14721,65987
14722,65987
14723,65987
14724,65987
14725,65987
14726,65987
14727,65987
14728,65987
14729,65987
14730,65987
14731,65987
14732,65987
14733,65987
14734,65987
14735,65987
14736,65987
14737,65987
14738,65987
14739,65987
14740,65987
14741,65987
14742,65987
14743,65987
14744,65987
14745,65987
14746,65987
14747,65987
14748,65987
14749,65987
14750,65987
14751,65987
14752,65987
14753,65987
14754,65987
14755,65987
14756,65987
14757,65987
14758,65987
14759,65987
14760,65987
14761,65987
14762,65987
14763,65987
14764,65987
14765,65987
14766,65987
14767,65987
14768,65987
14769,65987
14770,65987
14771,65987
14772,65987
14773,65987
14774,65987
14775,65987
14776,65987
14777,65987
14778,65987
14779,65987
14780,65987
14781,65987
14782,65987
14783,65987
14784,65987
14785,65987
14786,65987
14787,65987
14788,65987
14789,65987
14790,65987
14791,65987
14792,65987
14793,65987
14794,65987
14795,65987
14796,65987
14797,65987
14798,65987
14799,65987
14800,65987
14801,65987
14802,65987
14803,65987
14804,65987
14805,65987
14806,65987
14807,65987
14808,65987
14809,65987
14810,65987
14811,65987
14812,65987
14813,65987
14814,65987
14815,65987
14816,65987
14817,65987
14818,65987
14819,65987
14820,65987
14821,65987
14822,65987
14823,65987
14824,65987
14825,65987
14826,65987
14827,65987
14828,65987
14829,65987
14830,65987
14831,65987
14832,65987
14833,65987
14834,65987
14835,65987
14836,65987
14837,65987
14838,65987
14839,65987
14840,65987
14841,65987
14842,65987
14843,65987
14844,65987
14845,65987
14846,65987
14847,65987
14848,65987
14849,65987
14850,65987
14851,65987
14852,65987
14853,65987
14854,65987
14855,65987
14856,65987
14857,65987
14858,65987
14859,65987
14860,65987
14861,65987
14862,65987
14863,65987
14864,65987
14865,65987
14866,65987
14867,65987
14868,65987
14869,65987
14870,65987
14871,65987
14872,65987
14873,65987
14874,65987
14875,65987
14876,65987
14877,65987
14878,65987
14879,65987
14880,65987
14881,65987
14882,65987
14883,65987
14884,65987
14885,65987
14886,65987
14887,65987
14888,65987
14889,65987
14890,65987
14891,65987
14892,65987
14893,65987
14894,65987
14895,65987
14896,65987
14897,65987
14898,65987
14899,65987
14900,65987
14901,65987
14902,65987
14903,65987
14904,65987
14905,65987
14906,65987
14907,65987
14908,65987
14909,65987
14910,65987
14911,65987
14912,65987
14913,65987
14914,65987
14915,65987
14916,65987
14917,65987
14918,65987
14919,65987
14920,65987
14921,65987
14922,65987
14923,65987
14924,65987
14925,65987
14926,65987
14927,65987
14928,65987
14929,65987
14930,65987
14931,65987
14932,65987
14933,65987
14934,65987
14935,65987
14936,65987
14937,65987
14938,65987
14939,65987
14940,65987
14941,65987
14942,65987
14943,65987
14944,65987
14945,65987
14946,65987
14947,65987
14948,65987
14949,65987
14950,65987
14951,65987
14952,65987
14953,65987
14954,65987
14955,65987
14956,65987
14957,65987
14958,65987
14959,65987
14960,65987
14961,65987
14962,65987
14963,65987
14964,65987
14965,65987
14966,65987
14967,65987
14968,65987
14969,65987
14970,65987
14971,65987
14972,65987
14973,65987
14974,65987
14975,65987
14976,65987
14977,65987
14978,65987
14979,65987
14980,65987
14981,65987
14982,65987
14983,65987
14984,65987
14985,65987
14986,65987
14987,65987
14988,65987
14989,65987
14990,65987
14991,65987
14992,65987
14993,65987
14994,65987
14995,65987
14996,65987
14997,65987
14998,65987
14999,65987
15000,65987
15001,65987
15002,65987
15003,65987
15004,65987
15005,65987
15006,65987
15007,65987
15008,65987
15009,65987
15010,65987
15011,65987
15012,65987
15013,65987
15014,65987
15015,65987
15016,65987
15017,65987
15018,65987
15019,65987
15020,65987
15021,65987
15022,65987
15023,65987
15024,65987
15025,65987
15026,65987
15027,65987
15028,65987
15029,65987
15030,65987
15031,65987
15032,65987
15033,65987
15034,65987
15035,65987
15036,65987
15037,65987
15038,65987
15039,65987
15040,65987
15041,65987
15042,65987
15043,65987
15044,65987
15045,65987
15046,65987
15047,65987
15048,65987
15049,65987
15050,65987
15051,65987
15052,65987
15053,65987
15054,65987
15055,65987
15056,65987
15057,65987
15058,65987
15059,65987
15060,65987
15061,65987
15062,65987
15063,65987
15064,65987
15065,65987
15066,65987
15067,65987
15068,65987
15069,65987
15070,65987
15071,65987
15072,65987
15073,65987
15074,65987
15075,65987
15076,65987
15077,65987
15078,65987
15079,65987
15080,65987
15081,65987
15082,65987
15083,65987
15084,65987
15085,65987
15086,65987
15087,65987
15088,65987
15089,65987
15090,65987
15091,65987
15092,65987
15093,65987
15094,65987
15095,65987
15096,65987
15097,65987
15098,65987
15099,65987
15100,65987
15101,65987
15102,65987
15103,65987
15104,65987
15105,65987
15106,65987
15107,65987
15108,65987
15109,65987
15110,65987
15111,65987
15112,65987
15113,65987
15114,65987
15115,65987
15116,65987
15117,65987
15118,65987
15119,65987
15120,65987
15121,65987
15122,65987
15123,65987
15124,65987
15125,65987
15126,65987
15127,65987
15128,65987
15129,65987
15130,65987
15131,65987
15132,65987
15133,65987
15134,65987
15135,65987
15136,65987
15137,65987
15138,65987
15139,65987
15140,65987
15141,65987
15142,65987
15143,65987
15144,65987
15145,65987
15146,65987
15147,65987
15148,65987
15149,65987
15150,65987
15151,65987
15152,65987
15153,65987
15154,65987
15155,65987
15156,65987
15157,65987
15158,65987
15159,65987
15160,65987
15161,65987
15162,65987
15163,65987
15164,65987
15165,65987
15166,65987
15167,65987
15168,65987
15169,65987
15170,65987
15171,65987
15172,65987
15173,65987
15174,65987
15175,65987
15176,65987
15177,65987
15178,65987
15179,65987
15180,65987
15181,65987
15182,65987
15183,65987
15184,65987
15185,65987
15186,65987
15187,65987
15188,65987
15189,65987
15190,65987
15191,65987
15192,65987
15193,65987
15194,65987
15195,65987
15196,65987
15197,65987
15198,65987
15199,65987
15200,65987
15201,65987
15202,65987
15203,65987
15204,65987
15205,65987
15206,65987
15207,65987
15208,65987
15209,65987
15210,65987
15211,65987
15212,65987
15213,65987
15214,65987
15215,65987
15216,65987
15217,65987
15218,65987
15219,65987
15220,65987
15221,65987
15222,65987
15223,65987
15224,65987
15225,65987
15226,65987
15227,65987
15228,65987
15229,65987
15230,65987
15231,65987
15232,65987
15233,65987
15234,65987
15235,65987
15236,65987
15237,65987
15238,65987
15239,65987
15240,65987
15241,65987
15242,65987
15243,65987
15244,65987
15245,65987
15246,65987
15247,65987
15248,65987
15249,65987
15250,65987
15251,65987
15252,65987
15253,65987
15254,65987
15255,65987
15256,65987
15257,65987
15258,65987
15259,65987
15260,65987
15261,65987
15262,65987
15263,65987
15264,65987
15265,65987
15266,65987
15267,65987
15268,65987
15269,65987
15270,65987
15271,65987
15272,65987
15273,65987
15274,65987
15275,65987
15276,65987
15277,65987
15278,65987
15279,65987
15280,65987
15281,65987
15282,65987
15283,65987
15284,65987
15285,65987
15286,65987
15287,65987
15288,65987
15289,65987
15290,65987
15291,65987
15292,65987
15293,65987
15294,65987
15295,65987
15296,65987
15297,65987
15298,65987
15299,65987
15300,65987
15301,65987
15302,65987
15303,65987
15304,65987
15305,65987
15306,65987
15307,65987
15308,65987
15309,65987
15310,65987
15311,65987
15312,65987
15313,65987
15314,65987
15315,65987
15316,65987
15317,65987
15318,65987
15319,65987
15320,65987
15321,65987
15322,65987
15323,65987
15324,65987
15325,65987
15326,65987
15327,65987
15328,65987
15329,65987
15330,65987
15331,65987
15332,65987
15333,65987
15334,65987
15335,65987
15336,65987
15337,65987
15338,65987
15339,65987
15340,65987
15341,65987
15342,65987
15343,65987
15344,65987
15345,65987
15346,65987
15347,65987
15348,65987
15349,65987
15350,65987
15351,65987
15352,65987
15353,65987
15354,65987
15355,65987
15356,65987
15357,65987
15358,65987
15359,65987
15360,65987
15361,65987
15362,65987
15363,65987
15364,65987
15365,65987
15366,65987
15367,65987
15368,65987
15369,65987
15370,65987
15371,65987
15372,65987
15373,65987
15374,65987
15375,65987
15376,65987
15377,65987
15378,65987
15379,65987
15380,65987
15381,65987
15382,65987
15383,65987
15384,65987
15385,65987
15386,65987
15387,65987
15388,65987
15389,65987
15390,65987
15391,65987
15392,65987
15393,65987
15394,65987
15395,65987
15396,65987
15397,65987
15398,65987
15399,65987
15400,65987
15401,65987
15402,65987
15403,65987
15404,65987
15405,65987
15406,65987
15407,65987
15408,65987
15409,65987
15410,65987
15411,65987
15412,65987
15413,65987
15414,65987
15415,65987
15416,65987
15417,65987
15418,65987
15419,65987
15420,65987
15421,65987
15422,65987
15423,65987
15424,65987
15425,65987
15426,65987
15427,65987
15428,65987
15429,65987
15430,65987
15431,65987
15432,65987
15433,65987
15434,65987
15435,65987
15436,65987
15437,65987
15438,65987
15439,65987
15440,65987
15441,65987
15442,65987
15443,65987
15444,65987
15445,65987
15446,65987
15447,65987
15448,65987
15449,65987
15450,65987
15451,65987
15452,65987
15453,65987
15454,65987
15455,65987
15456,65987
15457,65987
15458,65987
15459,65987
15460,65987
15461,65987
15462,65987
15463,65987
15464,65987
15465,65987
15466,65987
15467,65987
15468,65987
15469,65987
15470,65987
15471,65987
15472,65987
15473,65987
15474,65987
15475,65987
15476,65987
15477,65987
15478,65987
15479,65987
15480,65987
15481,65987
15482,65987
15483,65987
15484,65987
15485,65987
15486,65987
15487,65987
15488,65987
15489,65987
15490,65987
15491,65987
15492,65987
15493,65987
15494,65987
15495,65987
15496,65987
15497,65987
15498,65987
15499,65987
15500,65987
15501,65987
15502,65987
15503,65987
15504,65987
15505,65987
15506,65987
15507,65987
15508,65987
15509,65987
15510,65987
15511,65987
15512,65987
15513,65987
15514,65987
15515,65987
15516,65987
15517,65987
15518,65987
15519,65987
15520,65987
15521,65987
15522,65987
15523,65987
15524,65987
15525,65987
15526,65987
15527,65987
15528,65987
15529,65987
15530,65987
15531,65987
15532,65987
15533,65987
15534,65987
15535,65987
15536,65987
15537,65987
15538,65987
15539,65987
15540,65987
15541,65987
15542,65987
15543,65987
15544,65987
15545,65987
15546,65987
15547,65987
15548,65987
15549,65987
15550,65987
15551,65987
15552,65987
15553,65987
15554,65987
15555,65987
15556,65987
15557,65987
15558,65987
15559,65987
15560,65987
15561,65987
15562,65987
15563,65987
15564,65987
15565,65987
15566,65987
15567,65987
15568,65987
15569,65987
15570,65987
15571,65987
15572,65987
15573,65987
15574,65987
15575,65987
15576,65987
15577,65987
15578,65987
15579,65987
15580,65987
15581,65987
15582,65987
15583,65987
15584,65987
15585,65987
15586,65987
15587,65987
15588,65987
15589,65987
15590,65987
15591,65987
15592,65987
15593,65987
15594,65987
15595,65987
15596,65987
15597,65987
15598,65987
15599,65987
15600,65987
15601,65987
15602,65987
15603,65987
15604,65987
15605,65987
15606,65987
15607,65987
15608,65987
15609,65987
15610,65987
15611,65987
15612,65987
15613,65987
15614,65987
15615,65987
15616,65987
15617,65987
15618,65987
15619,65987
15620,65987
15621,65987
15622,65987
15623,65987
15624,65987
15625,65987
15626,65987
15627,65987
15628,65987
15629,65987
15630,65987
15631,65987
15632,65987
15633,65987
15634,65987
15635,65987
15636,65987
15637,65987
15638,65987
15639,65987
15640,65987
15641,65987
15642,65987
15643,65987
15644,65987
15645,65987
15646,65987
15647,65987
15648,65987
15649,65987
15650,65987
15651,65987
15652,65987
15653,65987
15654,65987
15655,65987
15656,65987
15657,65987
15658,65987
15659,65987
15660,65987
15661,65987
15662,65987
15663,65987
15664,65987
15665,65987
15666,65987
15667,65987
15668,65987
15669,65987
15670,65987
15671,65987
15672,65987
15673,65987
15674,65987
15675,65987
15676,65987
15677,65987
15678,65987
15679,65987
15680,65987
15681,65987
15682,65987
15683,65987
15684,65987
15685,65987
15686,65987
15687,65987
15688,65987
15689,65987
15690,65987
15691,65987
15692,65987
15693,65987
15694,65987
15695,65987
15696,65987
15697,65987
15698,65987
15699,65987
15700,65987
15701,65987
15702,65987
15703,65987
15704,65987
15705,65987
15706,65987
15707,65987
15708,65987
15709,65987
15710,65987
15711,65987
15712,65987
15713,65987
15714,65987
15715,65987
15716,65987
15717,65987
15718,65987
15719,65987
15720,65987
15721,65987
15722,65987
15723,65987
15724,65987
15725,65987
15726,65987
15727,65987
15728,65987
15729,65987
15730,65987
15731,65987
15732,65987
15733,65987
15734,65987
15735,65987
15736,65987
15737,65987
15738,65987
15739,65987
15740,65987
15741,65987
15742,65987
15743,65987
15744,65987
15745,65987
15746,65987
15747,65987
15748,65987
15749,65987
15750,65987
15751,65987
15752,65987
15753,65987
15754,65987
15755,65987
15756,65987
15757,65987
15758,65987
15759,65987
15760,65987
15761,65987
15762,65987
15763,65987
15764,65987
15765,65987
15766,65987
15767,65987
15768,65987
15769,65987
15770,65987
15771,65987
15772,65987
15773,65987
15774,65987
15775,65987
15776,65987
15777,65987
15778,65987
15779,65987
15780,65987
15781,65987
15782,65987
15783,65987
15784,65987
15785,65987
15786,65987
15787,65987
15788,65987
15789,65987
15790,65987
15791,65987
15792,65987
15793,65987
15794,65987
15795,65987
15796,65987
15797,65987
15798,65987
15799,65987
15800,65987
15801,65987
15802,65987
15803,65987
15804,65987
15805,65987
15806,65987
15807,65987
15808,65987
15809,65987
15810,65987
15811,65987
15812,65987
15813,65987
15814,65987
15815,65987
15816,65987
15817,65987
15818,65987
15819,65987
15820,65987
15821,65987
15822,65987
15823,65987
15824,65987
15825,65987
15826,65987
15827,65987
15828,65987
15829,65987
15830,65987
15831,65987
15832,65987
15833,65987
15834,65987
15835,65987
15836,65987
15837,65987
15838,65987
15839,65987
15840,65987
15841,65987
15842,65987
15843,65987
15844,65987
15845,65987
15846,65987
15847,65987
15848,65987
15849,65987
15850,65987
15851,65987
15852,65987
15853,65987
15854,65987
15855,65987
15856,65987
15857,65987
15858,65987
15859,65987
15860,65987
15861,65987
15862,65987
15863,65987
15864,65987
15865,65987
15866,65987
15867,65987
15868,65987
15869,65987
15870,65987
15871,65987
15872,65987
15873,65987
15874,65987
15875,65987
15876,65987
15877,65987
15878,65987
15879,65987
15880,65987
15881,65987
15882,65987
15883,65987
15884,65987
15885,65987
15886,65987
15887,65987
15888,65987
15889,65987
15890,65987
15891,65987
15892,65987
15893,65987
15894,65987
15895,65987
15896,65987
15897,65987
15898,65987
15899,65987
15900,65987
15901,65987
15902,65987
15903,65987
15904,65987
15905,65987
15906,65987
15907,65987
15908,65987
15909,65987
15910,65987
15911,65987
15912,65987
15913,65987
15914,65987
15915,65987
15916,65987
15917,65987
15918,65987
15919,65987
15920,65987
15921,65987
15922,65987
15923,65987
15924,65987
15925,65987
15926,65987
15927,65987
15928,65987
15929,65987
15930,65987
15931,65987
15932,65987
15933,65987
15934,65987
15935,65987
15936,65987
15937,65987
15938,65987
15939,65987
15940,65987
15941,65987
15942,65987
15943,65987
15944,65987
15945,65987
15946,65987
15947,65987
15948,65987
15949,65987
15950,65987
15951,65987
15952,65987
15953,65987
15954,65987
15955,65987
15956,65987
15957,65987
15958,65987
15959,65987
15960,65987
15961,65987
15962,65987
15963,65987
15964,65987
15965,65987
15966,65987
15967,65987
15968,65987
15969,65987
15970,65987
15971,65987
15972,65987
15973,65987
15974,65987
15975,65987
15976,65987
15977,65987
15978,65987
15979,65987
15980,65987
15981,65987
15982,65987
15983,65987
15984,65987
15985,65987
15986,65987
15987,65987
15988,65987
15989,65987
15990,65987
15991,65987
15992,65987
15993,65987
15994,65987
15995,65987
15996,65987
15997,65987
15998,65987
15999,65987
16000,65987
16001,65987
16002,65987
16003,65987
16004,65987
16005,65987
16006,65987
16007,65987
16008,65987
16009,65987
16010,65987
16011,65987
16012,65987
16013,65987
16014,65987
16015,65987
16016,65987
16017,65987
16018,65987
16019,65987
16020,65987
16021,65987
16022,65987
16023,65987
16024,65987
16025,65987
16026,65987
16027,65987
16028,65987
16029,65987
16030,65987
16031,65987
16032,65987
16033,65987
16034,65987
16035,65987
16036,65987
16037,65987
16038,65987
16039,65987
16040,65987
16041,65987
16042,65987
16043,65987
16044,65987
16045,65987
16046,65987
16047,65987
16048,65987
16049,65987
16050,65987
16051,65987
16052,65987
16053,65987
16054,65987
16055,65987
16056,65987
16057,65987
16058,65987
16059,65987
16060,65987
16061,65987
16062,65987
16063,65987
16064,65987
16065,65987
16066,65987
16067,65987
16068,65987
16069,65987
16070,65987
16071,65987
16072,65987
16073,65987
16074,65987
16075,65987
16076,65987
16077,65987
16078,65987
16079,65987
16080,65987
16081,65987
16082,65987
16083,65987
16084,65987
16085,65987
16086,65987
16087,65987
16088,65987
16089,65987
16090,65987
16091,65987
16092,65987
16093,65987
16094,65987
16095,65987
16096,65987
16097,65987
16098,65987
16099,65987
16100,65987
16101,65987
16102,65987
16103,65987
16104,65987
16105,65987
16106,65987
16107,65987
16108,65987
16109,65987
16110,65987
16111,65987
16112,65987
16113,65987
16114,65987
16115,65987
16116,65987
16117,65987
16118,65987
16119,65987
16120,65987
16121,65987
16122,65987
16123,65987
16124,65987
16125,65987
16126,65987
16127,65987
16128,65987
16129,65987
16130,65987
16131,65987
16132,65987
16133,65987
16134,65987
16135,65987
16136,65987
16137,65987
16138,65987
16139,65987
16140,65987
16141,65987
16142,65987
16143,65987
16144,65987
16145,65987
16146,65987
16147,65987
16148,65987
16149,65987
16150,65987
16151,65987
16152,65987
16153,65987
16154,65987
16155,65987
16156,65987
16157,65987
16158,65987
16159,65987
16160,65987
16161,65987
16162,65987
16163,65987
16164,65987
16165,65987
16166,65987
16167,65987
16168,65987
16169,65987
16170,65987
16171,65987
16172,65987
16173,65987
16174,65987
16175,65987
16176,65987
16177,65987
16178,65987
16179,65987
16180,65987
16181,65987
16182,65987
16183,65987
16184,65987
16185,65987
16186,65987
16187,65987
16188,65987
16189,65987
16190,65987
16191,65987
16192,65987
16193,65987
16194,65987
16195,65987
16196,65987
16197,65987
16198,65987
16199,65987
16200,65987
16201,65987
16202,65987
16203,65987
16204,65987
16205,65987
16206,65987
16207,65987
16208,65987
16209,65987
16210,65987
16211,65987
16212,65987
16213,65987
16214,65987
16215,65987
16216,65987
16217,65987
16218,65987
16219,65987
16220,65987
16221,65987
16222,65987
16223,65987
16224,65987
16225,65987
16226,65987
16227,65987
16228,65987
16229,65987
16230,65987
16231,65987
16232,65987
16233,65987
16234,65987
16235,65987
16236,65987
16237,65987
16238,65987
16239,65987
16240,65987
16241,65987
16242,65987
16243,65987
16244,65987
16245,65987
16246,65987
16247,65987
16248,65987
16249,65987
16250,65987
16251,65987
16252,65987
16253,65987
16254,65987
16255,65987
16256,65987
16257,65987
16258,65987
16259,65987
16260,65987
16261,65987
16262,65987
16263,65987
16264,65987
16265,65987
16266,65987
16267,65987
16268,65987
16269,65987
16270,65987
16271,65987
16272,65987
16273,65987
16274,65987
16275,65987
16276,65987
16277,65987
16278,65987
16279,65987
16280,65987
16281,65987
16282,65987
16283,65987
16284,65987
16285,65987
16286,65987
16287,65987
16288,65987
16289,65987
16290,65987
16291,65987
16292,65987
16293,65987
16294,65987
16295,65987
16296,65987
16297,65987
16298,65987
16299,65987
16300,65987
16301,65987
16302,65987
16303,65987
16304,65987
16305,65987
16306,65987
16307,65987
16308,65987
16309,65987
16310,65987
16311,65987
16312,65987
16313,65987
16314,65987
16315,65987
16316,65987
16317,65987
16318,65987
16319,65987
16320,65987
16321,65987
16322,65987
16323,65987
16324,65987
16325,65987
16326,65987
16327,65987
16328,65987
16329,65987
16330,65987
16331,65987
16332,65987
16333,65987
16334,65987
16335,65987
16336,65987
16337,65987
16338,65987
16339,65987
16340,65987
16341,65987
16342,65987
16343,65987
16344,65987
16345,65987
16346,65987
16347,65987
16348,65987
16349,65987
16350,65987
16351,65987
16352,65987
16353,65987
16354,65987
16355,65987
16356,65987
16357,65987
16358,65987
16359,65987
16360,65987
16361,65987
16362,65987
16363,65987
16364,65987
16365,65987
16366,65987
16367,65987
16368,65987
16369,65987
16370,65987
16371,65987
16372,65987
16373,65987
16374,65987
16375,65987
16376,65987
16377,65987
16378,65987
16379,65987
16380,65987
16381,65987
16382,65987
16383,65987
16384,65987
16385,65987
16386,65987
16387,65987
16388,65987
16389,65987
16390,65987
16391,65987
16392,65987
16393,65987
16394,65987
16395,65987
16396,65987
16397,65987
16398,65987
16399,65987
16400,65987
16401,65987
16402,65987
16403,65987
16404,65987
16405,65987
16406,65987
16407,65987
16408,65987
16409,65987
16410,65987
16411,65987
16412,65987
16413,65987
16414,65987
16415,65987
16416,65987
16417,65987
16418,65987
16419,65987
16420,65987
16421,65987
16422,65987
16423,65987
16424,65987
16425,65987
16426,65987
16427,65987
16428,65987
16429,65987
16430,65987
16431,65987
16432,65987
16433,65987
16434,65987
16435,65987
16436,65987
16437,65987
16438,65987
16439,65987
16440,65987
16441,65987
16442,65987
16443,65987
16444,65987
16445,65987
16446,65987
16447,65987
16448,65987
16449,65987
16450,65987
16451,65987
16452,65987
16453,65987
16454,65987
16455,65987
16456,65987
16457,65987
16458,65987
16459,65987
16460,65987
16461,65987
16462,65987
16463,65987
16464,65987
16465,65987
16466,65987
16467,65987
16468,65987
16469,65987
16470,65987
16471,65987
16472,65987
16473,65987
16474,65987
16475,65987
16476,65987
16477,65987
16478,65987
16479,65987
16480,65987
16481,65987
16482,65987
16483,65987
16484,65987
16485,65987
16486,65987
16487,65987
16488,65987
16489,65987
16490,65987
16491,65987
16492,65987
16493,65987
16494,65987
16495,65987
16496,65987
16497,65987
16498,65987
16499,65987
16500,65987
16501,65987
16502,65987
16503,65987
16504,65987
16505,65987
16506,65987
16507,65987
16508,65987
16509,65987
16510,65987
16511,65987
16512,65987
16513,65987
16514,65987
16515,65987
16516,65987
16517,65987
16518,65987
16519,65987
16520,65987
16521,65987
16522,65987
16523,65987
16524,65987
16525,65987
16526,65987
16527,65987
16528,65987
16529,65987
16530,65987
16531,65987
16532,65987
16533,65987
16534,65987
16535,65987
16536,65987
16537,65987
16538,65987
16539,65987
16540,65987
16541,65987
16542,65987
16543,65987
16544,65987
16545,65987
16546,65987
16547,65987
16548,65987
16549,65987
16550,65987
16551,65987
16552,65987
16553,65987
16554,65987
16555,65987
16556,65987
16557,65987
16558,65987
16559,65987
16560,65987
16561,65987
16562,65987
16563,65987
16564,65987
16565,65987
16566,65987
16567,65987
16568,65987
16569,65987
16570,65987
16571,65987
16572,65987
16573,65987
16574,65987
16575,65987
16576,65987
16577,65987
16578,65987
16579,65987
16580,65987
16581,65987
16582,65987
16583,65987
16584,65987
16585,65987
16586,65987
16587,65987
16588,65987
16589,65987
16590,65987
16591,65987
16592,65987
16593,65987
16594,65987
16595,65987
16596,65987
16597,65987
16598,65987
16599,65987
16600,65987
16601,65987
16602,65987
16603,65987
16604,65987
16605,65987
16606,65987
16607,65987
16608,65987
16609,65987
16610,65987
16611,65987
16612,65987
16613,65987
16614,65987
16615,65987
16616,65987
16617,65987
16618,65987
16619,65987
16620,65987
16621,65987
16622,65987
16623,65987
16624,65987
16625,65987
16626,65987
16627,65987
16628,65987
16629,65987
16630,65987
16631,65987
16632,65987
16633,65987
16634,65987
16635,65987
16636,65987
16637,65987
16638,65987
16639,65987
16640,65987
16641,65987
16642,65987
16643,65987
16644,65987
16645,65987
16646,65987
16647,65987
16648,65987
16649,65987
16650,65987
16651,65987
16652,65987
16653,65987
16654,65987
16655,65987
16656,65987
16657,65987
16658,65987
16659,65987
16660,65987
16661,65987
16662,65987
16663,65987
16664,65987
16665,65987
16666,65987
16667,65987
16668,65987
16669,65987
16670,65987
16671,65987
16672,65987
16673,65987
16674,65987
16675,65987
16676,65987
16677,65987
16678,65987
16679,65987
16680,65987
16681,65987
16682,65987
16683,65987
16684,65987
16685,65987
16686,65987
16687,65987
16688,65987
16689,65987
16690,65987
16691,65987
16692,65987
16693,65987
16694,65987
16695,65987
16696,65987
16697,65987
16698,65987
16699,65987
16700,65987
16701,65987
16702,65987
16703,65987
16704,65987
16705,65987
16706,65987
16707,65987
16708,65987
16709,65987
16710,65987
16711,65987
16712,65987
16713,65987
16714,65987
16715,65987
16716,65987
16717,65987
16718,65987
16719,65987
16720,65987
16721,65987
16722,65987
16723,65987
16724,65987
16725,65987
16726,65987
16727,65987
16728,65987
16729,65987
16730,65987
16731,65987
16732,65987
16733,65987
16734,65987
16735,65987
16736,65987
16737,65987
16738,65987
16739,65987
16740,65987
16741,65987
16742,65987
16743,65987
16744,65987
16745,65987
16746,65987
16747,65987
16748,65987
16749,65987
16750,65987
16751,65987
16752,65987
16753,65987
16754,65987
16755,65987
16756,65987
16757,65987
16758,65987
16759,65987
16760,65987
16761,65987
16762,65987
16763,65987
16764,65987
16765,65987
16766,65987
16767,65987
16768,65987
16769,65987
16770,65987
16771,65987
16772,65987
16773,65987
16774,65987
16775,65987
16776,65987
16777,65987
16778,65987
16779,65987
16780,65987
16781,65987
16782,65987
16783,65987
16784,65987
16785,65987
16786,65987
16787,65987
16788,65987
16789,65987
16790,65987
16791,65987
16792,65987
16793,65987
16794,65987
16795,65987
16796,65987
16797,65987
16798,65987
16799,65987
16800,65987
16801,65987
16802,65987
16803,65987
16804,65987
16805,65987
16806,65987
16807,65987
16808,65987
16809,65987
16810,65987
16811,65987
16812,65987
16813,65987
16814,65987
16815,65987
16816,65987
16817,65987
16818,65987
16819,65987
16820,65987
16821,65987
16822,65987
16823,65987
16824,65987
16825,65987
16826,65987
16827,65987
16828,65987
16829,65987
16830,65987
16831,65987
16832,65987
16833,65987
16834,65987
16835,65987
16836,65987
16837,65987
16838,65987
16839,65987
16840,65987
16841,65987
16842,65987
16843,65987
16844,65987
16845,65987
16846,65987
16847,65987
16848,65987
16849,65987
16850,65987
16851,65987
16852,65987
16853,65987
16854,65987
16855,65987
16856,65987
16857,65987
16858,65987
16859,65987
16860,65987
16861,65987
16862,65987
16863,65987
16864,65987
16865,65987
16866,65987
16867,65987
16868,65987
16869,65987
16870,65987
16871,65987
16872,65987
16873,65987
16874,65987
16875,65987
16876,65987
16877,65987
16878,65987
16879,65987
16880,65987
16881,65987
16882,65987
16883,65987
16884,65987
16885,65987
16886,65987
16887,65987
16888,65987
16889,65987
16890,65987
16891,65987
16892,65987
16893,65987
16894,65987
16895,65987
16896,65987
16897,65987
16898,65987
16899,65987
16900,65987
16901,65987
16902,65987
16903,65987
16904,65987
16905,65987
16906,65987
16907,65987
16908,65987
16909,65987
16910,65987
16911,65987
16912,65987
16913,65987
16914,65987
16915,65987
16916,65987
16917,65987
16918,65987
16919,65987
16920,65987
16921,65987
16922,65987
16923,65987
16924,65987
16925,65987
16926,65987
16927,65987
16928,65987
16929,65987
16930,65987
16931,65987
16932,65987
16933,65987
16934,65987
16935,65987
16936,65987
16937,65987
16938,65987
16939,65987
16940,65987
16941,65987
16942,65987
16943,65987
16944,65987
16945,65987
16946,65987
16947,65987
16948,65987
16949,65987
16950,65987
16951,65987
16952,65987
16953,65987
16954,65987
16955,65987
16956,65987
16957,65987
16958,65987
16959,65987
16960,65987
16961,65987
16962,65987
16963,65987
16964,65987
16965,65987
16966,65987
16967,65987
16968,65987
16969,65987
16970,65987
16971,65987
16972,65987
16973,65987
16974,65987
16975,65987
16976,65987
16977,65987
16978,65987
16979,65987
16980,65987
16981,65987
16982,65987
16983,65987
16984,65987
16985,65987
16986,65987
16987,65987
16988,65987
16989,65987
16990,65987
16991,65987
16992,65987
16993,65987
16994,65987
16995,65987
16996,65987
16997,65987
16998,65987
16999,65987
17000,65987
17001,65987
17002,65987
17003,65987
17004,65987
17005,65987
17006,65987
17007,65987
17008,65987
17009,65987
17010,65987
17011,65987
17012,65987
17013,65987
17014,65987
17015,65987
17016,65987
17017,65987
17018,65987
17019,65987
17020,65987
17021,65987
17022,65987
17023,65987
17024,65987
17025,65987
17026,65987
17027,65987
17028,65987
17029,65987
17030,65987
17031,65987
17032,65987
17033,65987
17034,65987
17035,65987
17036,65987
17037,65987
17038,65987
17039,65987
17040,65987
17041,65987
17042,65987
17043,65987
17044,65987
17045,65987
17046,65987
17047,65987
17048,65987
17049,65987
17050,65987
17051,65987
17052,65987
17053,65987
17054,65987
17055,65987
17056,65987
17057,65987
17058,65987
17059,65987
17060,65987
17061,65987
17062,65987
17063,65987
17064,65987
17065,65987
17066,65987
17067,65987
17068,65987
17069,65987
17070,65987
17071,65987
17072,65987
17073,65987
17074,65987
17075,65987
17076,65987
17077,65987
17078,65987
17079,65987
17080,65987
17081,65987
17082,65987
17083,65987
17084,65987
17085,65987
17086,65987
17087,65987
17088,65987
17089,65987
17090,65987
17091,65987
17092,65987
17093,65987
17094,65987
17095,65987
17096,65987
17097,65987
17098,65987
17099,65987
17100,65987
17101,65987
17102,65987
17103,65987
17104,65987
17105,65987
17106,65987
17107,65987
17108,65987
17109,65987
17110,65987
17111,65987
17112,65987
17113,65987
17114,65987
17115,65987
17116,65987
17117,65987
17118,65987
17119,65987
17120,65987
17121,65987
17122,65987
17123,65987
17124,65987
17125,65987
17126,65987
17127,65987
17128,65987
17129,65987
17130,65987
17131,65987
17132,65987
17133,65987
17134,65987
17135,65987
17136,65987
17137,65987
17138,65987
17139,65987
17140,65987
17141,65987
17142,65987
17143,65987
17144,65987
17145,65987
17146,65987
17147,65987
17148,65987
17149,65987
17150,65987
17151,65987
17152,65987
17153,65987
17154,65987
17155,65987
17156,65987
17157,65987
17158,65987
17159,65987
17160,65987
17161,65987
17162,65987
17163,65987
17164,65987
17165,65987
17166,65987
17167,65987
17168,65987
17169,65987
17170,65987
17171,65987
17172,65987
17173,65987
17174,65987
17175,65987
17176,65987
17177,65987
17178,65987
17179,65987
17180,65987
17181,65987
17182,65987
17183,65987
17184,65987
17185,65987
17186,65987
17187,65987
17188,65987
17189,65987
17190,65987
17191,65987
17192,65987
17193,65987
17194,65987
17195,65987
17196,65987
17197,65987
17198,65987
17199,65987
17200,65987
17201,65987
17202,65987
17203,65987
17204,65987
17205,65987
17206,65987
17207,65987
17208,65987
17209,65987
17210,65987
17211,65987
17212,65987
17213,65987
17214,65987
17215,65987
17216,65987
17217,65987
17218,65987
17219,65987
17220,65987
17221,65987
17222,65987
17223,65987
17224,65987
17225,65987
17226,65987
17227,65987
17228,65987
17229,65987
17230,65987
17231,65987
17232,65987
17233,65987
17234,65987
17235,65987
17236,65987
17237,65987
17238,65987
17239,65987
17240,65987
17241,65987
17242,65987
17243,65987
17244,65987
17245,65987
17246,65987
17247,65987
17248,65987
17249,65987
17250,65987
17251,65987
17252,65987
17253,65987
17254,65987
17255,65987
17256,65987
17257,65987
17258,65987
17259,65987
17260,65987
17261,65987
17262,65987
17263,65987
17264,65987
17265,65987
17266,65987
17267,65987
17268,65987
17269,65987
17270,65987
17271,65987
17272,65987
17273,65987
17274,65987
17275,65987
17276,65987
17277,65987
17278,65987
17279,65987
17280,65987
17281,65987
17282,65987
17283,65987
17284,65987
17285,65987
17286,65987
17287,65987
17288,65987
17289,65987
17290,65987
17291,65987
17292,65987
17293,65987
17294,65987
17295,65987
17296,65987
17297,65987
17298,65987
17299,65987
17300,65987
17301,65987
17302,65987
17303,65987
17304,65987
17305,65987
17306,65987
17307,65987
17308,65987
17309,65987
17310,65987
17311,65987
17312,65987
17313,65987
17314,65987
17315,65987
17316,65987
17317,65987
17318,65987
17319,65987
17320,65987
17321,65987
17322,65987
17323,65987
17324,65987
17325,65987
17326,65987
17327,65987
17328,65987
17329,65987
17330,65987
17331,65987
17332,65987
17333,65987
17334,65987
17335,65987
17336,65987
17337,65987
17338,65987
17339,65987
17340,65987
17341,65987
17342,65987
17343,65987
17344,65987
17345,65987
17346,65987
17347,65987
17348,65987
17349,65987
17350,65987
17351,65987
17352,65987
17353,65987
17354,65987
17355,65987
17356,65987
17357,65987
17358,65987
17359,65987
17360,65987
17361,65987
17362,65987
17363,65987
17364,65987
17365,65987
17366,65987
17367,65987
17368,65987
17369,65987
17370,65987
17371,65987
17372,65987
17373,65987
17374,65987
17375,65987
17376,65987
17377,65987
17378,65987
17379,65987
17380,65987
17381,65987
17382,65987
17383,65987
17384,65987
17385,65987
17386,65987
17387,65987
17388,65987
17389,65987
17390,65987
17391,65987
17392,65987
17393,65987
17394,65987
17395,65987
17396,65987
17397,65987
17398,65987
17399,65987
17400,65987
17401,65987
17402,65987
17403,65987
17404,65987
17405,65987
17406,65987
17407,65987
17408,65987
17409,65987
17410,65987
17411,65987
17412,65987
17413,65987
17414,65987
17415,65987
17416,65987
17417,65987
17418,65987
17419,65987
17420,65987
17421,65987
17422,65987
17423,65987
17424,65987
17425,65987
17426,65987
17427,65987
17428,65987
17429,65987
17430,65987
17431,65987
17432,65987
17433,65987
17434,65987
17435,65987
17436,65987
17437,65987
17438,65987
17439,65987
17440,65987
17441,65987
17442,65987
17443,65987
17444,65987
17445,65987
17446,65987
17447,65987
17448,65987
17449,65987
17450,65987
17451,65987
17452,65987
17453,65987
17454,65987
17455,65987
17456,65987
17457,65987
17458,65987
17459,65987
17460,65987
17461,65987
17462,65987
17463,65987
17464,65987
17465,65987
17466,65987
17467,65987
17468,65987
17469,65987
17470,65987
17471,65987
17472,65987
17473,65987
17474,65987
17475,65987
17476,65987
17477,65987
17478,65987
17479,65987
17480,65987
17481,65987
17482,65987
17483,65987
17484,65987
17485,65987
17486,65987
17487,65987
17488,65987
17489,65987
17490,65987
17491,65987
17492,65987
17493,65987
17494,65987
17495,65987
17496,65987
17497,65987
17498,65987
17499,65987
17500,65987
17501,65987
17502,65987
17503,65987
17504,65987
17505,65987
17506,65987
17507,65987
17508,65987
17509,65987
17510,65987
17511,65987
17512,65987
17513,65987
17514,65987
17515,65987
17516,65987
17517,65987
17518,65987
17519,65987
17520,65987
17521,65987
17522,65987
17523,65987
17524,65987
17525,65987
17526,65987
17527,65987
17528,65987
17529,65987
17530,65987
17531,65987
17532,65987
17533,65987
17534,65987
17535,65987
17536,65987
17537,65987
17538,65987
17539,65987
17540,65987
17541,65987
17542,65987
17543,65987
17544,65987
17545,65987
17546,65987
17547,65987
17548,65987
17549,65987
17550,65987
17551,65987
17552,65987
17553,65987
17554,65987
17555,65987
17556,65987
17557,65987
17558,65987
17559,65987
17560,65987
17561,65987
17562,65987
17563,65987
17564,65987
17565,65987
17566,65987
17567,65987
17568,65987
17569,65987
17570,65987
17571,65987
17572,65987
17573,65987
17574,65987
17575,65987
17576,65987
17577,65987
17578,65987
17579,65987
17580,65987
17581,65987
17582,65987
17583,65987
17584,65987
17585,65987
17586,65987
17587,65987
17588,65987
17589,65987
17590,65987
17591,65987
17592,65987
17593,65987
17594,65987
17595,65987
17596,65987
17597,65987
17598,65987
17599,65987
17600,65987
17601,65987
17602,65987
17603,65987
17604,65987
17605,65987
17606,65987
17607,65987
17608,65987
17609,65987
17610,65987
17611,65987
17612,65987
17613,65987
17614,65987
17615,65987
17616,65987
17617,65987
17618,65987
17619,65987
17620,65987
17621,65987
17622,65987
17623,65987
17624,65987
17625,65987
17626,65987
17627,65987
17628,65987
17629,65987
17630,65987
17631,65987
17632,65987
17633,65987
17634,65987
17635,65987
17636,65987
17637,65987
17638,65987
17639,65987
17640,65987
17641,65987
17642,65987
17643,65987
17644,65987
17645,65987
17646,65987
17647,65987
17648,65987
17649,65987
17650,65987
17651,65987
17652,65987
17653,65987
17654,65987
17655,65987
17656,65987
17657,65987
17658,65987
17659,65987
17660,65987
17661,65987
17662,65987
17663,65987
17664,65987
17665,65987
17666,65987
17667,65987
17668,65987
17669,65987
17670,65987
17671,65987
17672,65987
17673,65987
17674,65987
17675,65987
17676,65987
17677,65987
17678,65987
17679,65987
17680,65987
17681,65987
17682,65987
17683,65987
17684,65987
17685,65987
17686,65987
17687,65987
17688,65987
17689,65987
17690,65987
17691,65987
17692,65987
17693,65987
17694,65987
17695,65987
17696,65987
17697,65987
17698,65987
17699,65987
17700,65987
17701,65987
17702,65987
17703,65987
17704,65987
17705,65987
17706,65987
17707,65987
17708,65987
17709,65987
17710,65987
17711,65987
17712,65987
17713,65987
17714,65987
17715,65987
17716,65987
17717,65987
17718,65987
17719,65987
17720,65987
17721,65987
17722,65987
17723,65987
17724,65987
17725,65987
17726,65987
17727,65987
17728,65987
17729,65987
17730,65987
17731,65987
17732,65987
17733,65987
17734,65987
17735,65987
17736,65987
17737,65987
17738,65987
17739,65987
17740,65987
17741,65987
17742,65987
17743,65987
17744,65987
17745,65987
17746,65987
17747,65987
17748,65987
17749,65987
17750,65987
17751,65987
17752,65987
17753,65987
17754,65987
17755,65987
17756,65987
17757,65987
17758,65987
17759,65987
17760,65987
17761,65987
17762,65987
17763,65987
17764,65987
17765,65987
17766,65987
17767,65987
17768,65987
17769,65987
17770,65987
17771,65987
17772,65987
17773,65987
17774,65987
17775,65987
17776,65987
17777,65987
17778,65987
17779,65987
17780,65987
17781,65987
17782,65987
17783,65987
17784,65987
17785,65987
17786,65987
17787,65987
17788,65987
17789,65987
17790,65987
17791,65987
17792,65987
17793,65987
17794,65987
17795,65987
17796,65987
17797,65987
17798,65987
17799,65987
17800,65987
17801,65987
17802,65987
17803,65987
17804,65987
17805,65987
17806,65987
17807,65987
17808,65987
17809,65987
17810,65987
17811,65987
17812,65987
17813,65987
17814,65987
17815,65987
17816,65987
17817,65987
17818,65987
17819,65987
17820,65987
17821,65987
17822,65987
17823,65987
17824,65987
17825,65987
17826,65987
17827,65987
17828,65987
17829,65987
17830,65987
17831,65987
17832,65987
17833,65987
17834,65987
17835,65987
17836,65987
17837,65987
17838,65987
17839,65987
17840,65987
17841,65987
17842,65987
17843,65987
17844,65987
17845,65987
17846,65987
17847,65987
17848,65987
17849,65987
17850,65987
17851,65987
17852,65987
17853,65987
17854,65987
17855,65987
17856,65987
17857,65987
17858,65987
17859,65987
17860,65987
17861,65987
17862,65987
17863,65987
17864,65987
17865,65987
17866,65987
17867,65987
17868,65987
17869,65987
17870,65987
17871,65987
17872,65987
17873,65987
17874,65987
17875,65987
17876,65987
17877,65987
17878,65987
17879,65987
17880,65987
17881,65987
17882,65987
17883,65987
17884,65987
17885,65987
17886,65987
17887,65987
17888,65987
17889,65987
17890,65987
17891,65987
17892,65987
17893,65987
17894,65987
17895,65987
17896,65987
17897,65987
17898,65987
17899,65987
17900,65987
17901,65987
17902,65987
17903,65987
17904,65987
17905,65987
17906,65987
17907,65987
17908,65987
17909,65987
17910,65987
17911,65987
17912,65987
17913,65987
17914,65987
17915,65987
17916,65987
17917,65987
17918,65987
17919,65987
17920,65987
17921,65987
17922,65987
17923,65987
17924,65987
17925,65987
17926,65987
17927,65987
17928,65987
17929,65987
17930,65987
17931,65987
17932,65987
17933,65987
17934,65987
17935,65987
17936,65987
17937,65987
17938,65987
17939,65987
17940,65987
17941,65987
17942,65987
17943,65987
17944,65987
17945,65987
17946,65987
17947,65987
17948,65987
17949,65987
17950,65987
17951,65987
17952,65987
17953,65987
17954,65987
17955,65987
17956,65987
17957,65987
17958,65987
17959,65987
17960,65987
17961,65987
17962,65987
17963,65987
17964,65987
17965,65987
17966,65987
17967,65987
17968,65987
17969,65987
17970,65987
17971,65987
17972,65987
17973,65987
17974,65987
17975,65987
17976,65987
17977,65987
17978,65987
17979,65987
17980,65987
17981,65987
17982,65987
17983,65987
17984,65987
17985,65987
17986,65987
17987,65987
17988,65987
17989,65987
17990,65987
17991,65987
17992,65987
17993,65987
17994,65987
17995,65987
17996,65987
17997,65987
17998,65987
17999,65987
18000,65987
18001,65987
18002,65987
18003,65987
18004,65987
18005,65987
18006,65987
18007,65987
18008,65987
18009,65987
18010,65987
18011,65987
18012,65987
18013,65987
18014,65987
18015,65987
18016,65987
18017,65987
18018,65987
18019,65987
18020,65987
18021,65987
18022,65987
18023,65987
18024,65987
18025,65987
18026,65987
18027,65987
18028,65987
18029,65987
18030,65987
18031,65987
18032,65987
18033,65987
18034,65987
18035,65987
18036,65987
18037,65987
18038,65987
18039,65987
18040,65987
18041,65987
18042,65987
18043,65987
18044,65987
18045,65987
18046,65987
18047,65987
18048,65987
18049,65987
18050,65987
18051,65987
18052,65987
18053,65987
18054,65987
18055,65987
18056,65987
18057,65987
18058,65987
18059,65987
18060,65987
18061,65987
18062,65987
18063,65987
18064,65987
18065,65987
18066,65987
18067,65987
18068,65987
18069,65987
18070,65987
18071,65987
18072,65987
18073,65987
18074,65987
18075,65987
18076,65987
18077,65987
18078,65987
18079,65987
18080,65987
18081,65987
18082,65987
18083,65987
18084,65987
18085,65987
18086,65987
18087,65987
18088,65987
18089,65987
18090,65987
18091,65987
18092,65987
18093,65987
18094,65987
18095,65987
18096,65987
18097,65987
18098,65987
18099,65987
18100,65987
18101,65987
18102,65987
18103,65987
18104,65987
18105,65987
18106,65987
18107,65987
18108,65987
18109,65987
18110,65987
18111,65987
18112,65987
18113,65987
18114,65987
18115,65987
18116,65987
18117,65987
18118,65987
18119,65987
18120,65987
18121,65987
18122,65987
18123,65987
18124,65987
18125,65987
18126,65987
18127,65987
18128,65987
18129,65987
18130,65987
18131,65987
18132,65987
18133,65987
18134,65987
18135,65987
18136,65987
18137,65987
18138,65987
18139,65987
18140,65987
18141,65987
18142,65987
18143,65987
18144,65987
18145,65987
18146,65987
18147,65987
18148,65987
18149,65987
18150,65987
18151,65987
18152,65987
18153,65987
18154,65987
18155,65987
18156,65987
18157,65987
18158,65987
18159,65987
18160,65987
18161,65987
18162,65987
18163,65987
18164,65987
18165,65987
18166,65987
18167,65987
18168,65987
18169,65987
18170,65987
18171,65987
18172,65987
18173,65987
18174,65987
18175,65987
18176,65987
18177,65987
18178,65987
18179,65987
18180,65987
18181,65987
18182,65987
18183,65987
18184,65987
18185,65987
18186,65987
18187,65987
18188,65987
18189,65987
18190,65987
18191,65987
18192,65987
18193,65987
18194,65987
18195,65987
18196,65987
18197,65987
18198,65987
18199,65987
18200,65987
18201,65987
18202,65987
18203,65987
18204,65987
18205,65987
18206,65987
18207,65987
18208,65987
18209,65987
18210,65987
18211,65987
18212,65987
18213,65987
18214,65987
18215,65987
18216,65987
18217,65987
18218,65987
18219,65987
18220,65987
18221,65987
18222,65987
18223,65987
18224,65987
18225,65987
18226,65987
18227,65987
18228,65987
18229,65987
18230,65987
18231,65987
18232,65987
18233,65987
18234,65987
18235,65987
18236,65987
18237,65987
18238,65987
18239,65987
18240,65987
18241,65987
18242,65987
18243,65987
18244,65987
18245,65987
18246,65987
18247,65987
18248,65987
18249,65987
18250,65987
18251,65987
18252,65987
18253,65987
18254,65987
18255,65987
18256,65987
18257,65987
18258,65987
18259,65987
18260,65987
18261,65987
18262,65987
18263,65987
18264,65987
18265,65987
18266,65987
18267,65987
18268,65987
18269,65987
18270,65987
18271,65987
18272,65987
18273,65987
18274,65987
18275,65987
18276,65987
18277,65987
18278,65987
18279,65987
18280,65987
18281,65987
18282,65987
18283,65987
18284,65987
18285,65987
18286,65987
18287,65987
18288,65987
18289,65987
18290,65987
18291,65987
18292,65987
18293,65987
18294,65987
18295,65987
18296,65987
18297,65987
18298,65987
18299,65987
18300,65987
18301,65987
18302,65987
18303,65987
18304,65987
18305,65987
18306,65987
18307,65987
18308,65987
18309,65987
18310,65987
18311,65987
18312,65987
18313,65987
18314,65987
18315,65987
18316,65987
18317,65987
18318,65987
18319,65987
18320,65987
18321,65987
18322,65987
18323,65987
18324,65987
18325,65987
18326,65987
18327,65987
18328,65987
18329,65987
18330,65987
18331,65987
18332,65987
18333,65987
18334,65987
18335,65987
18336,65987
18337,65987
18338,65987
18339,65987
18340,65987
18341,65987
18342,65987
18343,65987
18344,65987
18345,65987
18346,65987
18347,65987
18348,65987
18349,65987
18350,65987
18351,65987
18352,65987
18353,65987
18354,65987
18355,65987
18356,65987
18357,65987
18358,65987
18359,65987
18360,65987
18361,65987
18362,65987
18363,65987
18364,65987
18365,65987
18366,65987
18367,65987
18368,65987
18369,65987
18370,65987
18371,65987
18372,65987
18373,65987
18374,65987
18375,65987
18376,65987
18377,65987
18378,65987
18379,65987
18380,65987
18381,65987
18382,65987
18383,65987
18384,65987
18385,65987
18386,65987
18387,65987
18388,65987
18389,65987
18390,65987
18391,65987
18392,65987
18393,65987
18394,65987
18395,65987
18396,65987
18397,65987
18398,65987
18399,65987
18400,65987
18401,65987
18402,65987
18403,65987
18404,65987
18405,65987
18406,65987
18407,65987
18408,65987
18409,65987
18410,65987
18411,65987
18412,65987
18413,65987
18414,65987
18415,65987
18416,65987
18417,65987
18418,65987
18419,65987
18420,65987
18421,65987
18422,65987
18423,65987
18424,65987
18425,65987
18426,65987
18427,65987
18428,65987
18429,65987
18430,65987
18431,65987
18432,65987
18433,65987
18434,65987
18435,65987
18436,65987
18437,65987
18438,65987
18439,65987
18440,65987
18441,65987
18442,65987
18443,65987
18444,65987
18445,65987
18446,65987
18447,65987
18448,65987
18449,65987
18450,65987
18451,65987
18452,65987
18453,65987
18454,65987
18455,65987
18456,65987
18457,65987
18458,65987
18459,65987
18460,65987
18461,65987
18462,65987
18463,65987
18464,65987
18465,65987
18466,65987
18467,65987
18468,65987
18469,65987
18470,65987
18471,65987
18472,65987
18473,65987
18474,65987
18475,65987
18476,65987
18477,65987
18478,65987
18479,65987
18480,65987
18481,65987
18482,65987
18483,65987
18484,65987
18485,65987
18486,65987
18487,65987
18488,65987
18489,65987
18490,65987
18491,65987
18492,65987
18493,65987
18494,65987
18495,65987
18496,65987
18497,65987
18498,65987
18499,65987
18500,65987
18501,65987
18502,65987
18503,65987
18504,65987
18505,65987
18506,65987
18507,65987
18508,65987
18509,65987
18510,65987
18511,65987
18512,65987
18513,65987
18514,65987
18515,65987
18516,65987
18517,65987
18518,65987
18519,65987
18520,65987
18521,65987
18522,65987
18523,65987
18524,65987
18525,65987
18526,65987
18527,65987
18528,65987
18529,65987
18530,65987
18531,65987
18532,65987
18533,65987
18534,65987
18535,65987
18536,65987
18537,65987
18538,65987
18539,65987
18540,65987
18541,65987
18542,65987
18543,65987
18544,65987
18545,65987
18546,65987
18547,65987
18548,65987
18549,65987
18550,65987
18551,65987
18552,65987
18553,65987
18554,65987
18555,65987
18556,65987
18557,65987
18558,65987
18559,65987
18560,65987
18561,65987
18562,65987
18563,65987
18564,65987
18565,65987
18566,65987
18567,65987
18568,65987
18569,65987
18570,65987
18571,65987
18572,65987
18573,65987
18574,65987
18575,65987
18576,65987
18577,65987
18578,65987
18579,65987
18580,65987
18581,65987
18582,65987
18583,65987
18584,65987
18585,65987
18586,65987
18587,65987
18588,65987
18589,65987
18590,65987
18591,65987
18592,65987
18593,65987
18594,65987
18595,65987
18596,65987
18597,65987
18598,65987
18599,65987
18600,65987
18601,65987
18602,65987
18603,65987
18604,65987
18605,65987
18606,65987
18607,65987
18608,65987
18609,65987
18610,65987
18611,65987
18612,65987
18613,65987
18614,65987
18615,65987
18616,65987
18617,65987
18618,65987
18619,65987
18620,65987
18621,65987
18622,65987
18623,65987
18624,65987
18625,65987
18626,65987
18627,65987
18628,65987
18629,65987
18630,65987
18631,65987
18632,65987
18633,65987
18634,65987
18635,65987
18636,65987
18637,65987
18638,65987
18639,65987
18640,65987
18641,65987
18642,65987
18643,65987
18644,65987
18645,65987
18646,65987
18647,65987
18648,65987
18649,65987
18650,65987
18651,65987
18652,65987
18653,65987
18654,65987
18655,65987
18656,65987
18657,65987
18658,65987
18659,65987
18660,65987
18661,65987
18662,65987
18663,65987
18664,65987
18665,65987
18666,65987
18667,65987
18668,65987
18669,65987
18670,65987
18671,65987
18672,65987
18673,65987
18674,65987
18675,65987
18676,65987
18677,65987
18678,65987
18679,65987
18680,65987
18681,65987
18682,65987
18683,65987
18684,65987
18685,65987
18686,65987
18687,65987
18688,65987
18689,65987
18690,65987
18691,65987
18692,65987
18693,65987
18694,65987
18695,65987
18696,65987
18697,65987
18698,65987
18699,65987
18700,65987
18701,65987
18702,65987
18703,65987
18704,65987
18705,65987
18706,65987
18707,65987
18708,65987
18709,65987
18710,65987
18711,65987
18712,65987
18713,65987
18714,65987
18715,65987
18716,65987
18717,65987
18718,65987
18719,65987
18720,65987
18721,65987
18722,65987
18723,65987
18724,65987
18725,65987
18726,65987
18727,65987
18728,65987
18729,65987
18730,65987
18731,65987
18732,65987
18733,65987
18734,65987
18735,65987
18736,65987
18737,65987
18738,65987
18739,65987
18740,65987
18741,65987
18742,65987
18743,65987
18744,65987
18745,65987
18746,65987
18747,65987
18748,65987
18749,65987
18750,65987
18751,65987
18752,65987
18753,65987
18754,65987
18755,65987
18756,65987
18757,65987
18758,65987
18759,65987
18760,65987
18761,65987
18762,65987
18763,65987
18764,65987
18765,65987
18766,65987
18767,65987
18768,65987
18769,65987
18770,65987
18771,65987
18772,65987
18773,65987
18774,65987
18775,65987
18776,65987
18777,65987
18778,65987
18779,65987
18780,65987
18781,65987
18782,65987
18783,65987
18784,65987
18785,65987
18786,65987
18787,65987
18788,65987
18789,65987
18790,65987
18791,65987
18792,65987
18793,65987
18794,65987
18795,65987
18796,65987
18797,65987
18798,65987
18799,65987
18800,65987
18801,65987
18802,65987
18803,65987
18804,65987
18805,65987
18806,65987
18807,65987
18808,65987
18809,65987
18810,65987
18811,65987
18812,65987
18813,65987
18814,65987
18815,65987
18816,65987
18817,65987
18818,65987
18819,65987
18820,65987
18821,65987
18822,65987
18823,65987
18824,65987
18825,65987
18826,65987
18827,65987
18828,65987
18829,65987
18830,65987
18831,65987
18832,65987
18833,65987
18834,65987
18835,65987
18836,65987
18837,65987
18838,65987
18839,65987
18840,65987
18841,65987
18842,65987
18843,65987
18844,65987
18845,65987
18846,65987
18847,65987
18848,65987
18849,65987
18850,65987
18851,65987
18852,65987
18853,65987
18854,65987
18855,65987
18856,65987
18857,65987
18858,65987
18859,65987
18860,65987
18861,65987
18862,65987
18863,65987
18864,65987
18865,65987
18866,65987
18867,65987
18868,65987
18869,65987
18870,65987
18871,65987
18872,65987
18873,65987
18874,65987
18875,65987
18876,65987
18877,65987
18878,65987
18879,65987
18880,65987
18881,65987
18882,65987
18883,65987
18884,65987
18885,65987
18886,65987
18887,65987
18888,65987
18889,65987
18890,65987
18891,65987
18892,65987
18893,65987
18894,65987
18895,65987
18896,65987
18897,65987
18898,65987
18899,65987
18900,65987
18901,65987
18902,65987
18903,65987
18904,65987
18905,65987
18906,65987
18907,65987
18908,65987
18909,65987
18910,65987
18911,65987
18912,65987
18913,65987
18914,65987
18915,65987
18916,65987
18917,65987
18918,65987
18919,65987
18920,65987
18921,65987
18922,65987
18923,65987
18924,65987
18925,65987
18926,65987
18927,65987
18928,65987
18929,65987
18930,65987
18931,65987
18932,65987
18933,65987
18934,65987
18935,65987
18936,65987
18937,65987
18938,65987
18939,65987
18940,65987
18941,65987
18942,65987
18943,65987
18944,65987
18945,65987
18946,65987
18947,65987
18948,65987
18949,65987
18950,65987
18951,65987
18952,65987
18953,65987
18954,65987
18955,65987
18956,65987
18957,65987
18958,65987
18959,65987
18960,65987
18961,65987
18962,65987
18963,65987
18964,65987
18965,65987
18966,65987
18967,65987
18968,65987
18969,65987
18970,65987
18971,65987
18972,65987
18973,65987
18974,65987
18975,65987
18976,65987
18977,65987
18978,65987
18979,65987
18980,65987
18981,65987
18982,65987
18983,65987
18984,65987
18985,65987
18986,65987
18987,65987
18988,65987
18989,65987
18990,65987
18991,65987
18992,65987
18993,65987
18994,65987
18995,65987
18996,65987
18997,65987
18998,65987
18999,65987
19000,65987
19001,65987
19002,65987
19003,65987
19004,65987
19005,65987
19006,65987
19007,65987
19008,65987
19009,65987
19010,65987
19011,65987
19012,65987
19013,65987
19014,65987
19015,65987
19016,65987
19017,65987
19018,65987
19019,65987
19020,65987
19021,65987
19022,65987
19023,65987
19024,65987
19025,65987
19026,65987
19027,65987
19028,65987
19029,65987
19030,65987
19031,65987
19032,65987
19033,65987
19034,65987
19035,65987
19036,65987
19037,65987
19038,65987
19039,65987
19040,65987
19041,65987
19042,65987
19043,65987
19044,65987
19045,65987
19046,65987
19047,65987
19048,65987
19049,65987
19050,65987
19051,65987
19052,65987
19053,65987
19054,65987
19055,65987
19056,65987
19057,65987
19058,65987
19059,65987
19060,65987
19061,65987
19062,65987
19063,65987
19064,65987
19065,65987
19066,65987
19067,65987
19068,65987
19069,65987
19070,65987
19071,65987
19072,65987
19073,65987
19074,65987
19075,65987
19076,65987
19077,65987
19078,65987
19079,65987
19080,65987
19081,65987
19082,65987
19083,65987
19084,65987
19085,65987
19086,65987
19087,65987
19088,65987
19089,65987
19090,65987
19091,65987
19092,65987
19093,65987
19094,65987
19095,65987
19096,65987
19097,65987
19098,65987
19099,65987
19100,65987
19101,65987
19102,65987
19103,65987
19104,65987
19105,65987
19106,65987
19107,65987
19108,65987
19109,65987
19110,65987
19111,65987
19112,65987
19113,65987
19114,65987
19115,65987
19116,65987
19117,65987
19118,65987
19119,65987
19120,65987
19121,65987
19122,65987
19123,65987
19124,65987
19125,65987
19126,65987
19127,65987
19128,65987
19129,65987
19130,65987
19131,65987
19132,65987
19133,65987
19134,65987
19135,65987
19136,65987
19137,65987
19138,65987
19139,65987
19140,65987
19141,65987
19142,65987
19143,65987
19144,65987
19145,65987
19146,65987
19147,65987
19148,65987
19149,65987
19150,65987
19151,65987
19152,65987
19153,65987
19154,65987
19155,65987
19156,65987
19157,65987
19158,65987
19159,65987
19160,65987
19161,65987
19162,65987
19163,65987
19164,65987
19165,65987
19166,65987
19167,65987
19168,65987
19169,65987
19170,65987
19171,65987
19172,65987
19173,65987
19174,65987
19175,65987
19176,65987
19177,65987
19178,65987
19179,65987
19180,65987
19181,65987
19182,65987
19183,65987
19184,65987
19185,65987
19186,65987
19187,65987
19188,65987
19189,65987
19190,65987
19191,65987
19192,65987
19193,65987
19194,65987
19195,65987
19196,65987
19197,65987
19198,65987
19199,65987
19200,65987
19201,65987
19202,65987
19203,65987
19204,65987
19205,65987
19206,65987
19207,65987
19208,65987
19209,65987
19210,65987
19211,65987
19212,65987
19213,65987
19214,65987
19215,65987
19216,65987
19217,65987
19218,65987
19219,65987
19220,65987
19221,65987
19222,65987
19223,65987
19224,65987
19225,65987
19226,65987
19227,65987
19228,65987
19229,65987
19230,65987
19231,65987
19232,65987
19233,65987
19234,65987
19235,65987
19236,65987
19237,65987
19238,65987
19239,65987
19240,65987
19241,65987
19242,65987
19243,65987
19244,65987
19245,65987
19246,65987
19247,65987
19248,65987
19249,65987
19250,65987
19251,65987
19252,65987
19253,65987
19254,65987
19255,65987
19256,65987
19257,65987
19258,65987
19259,65987
19260,65987
19261,65987
19262,65987
19263,65987
19264,65987
19265,65987
19266,65987
19267,65987
19268,65987
19269,65987
19270,65987
19271,65987
19272,65987
19273,65987
19274,65987
19275,65987
19276,65987
19277,65987
19278,65987
19279,65987
19280,65987
19281,65987
19282,65987
19283,65987
19284,65987
19285,65987
19286,65987
19287,65987
19288,65987
19289,65987
19290,65987
19291,65987
19292,65987
19293,65987
19294,65987
19295,65987
19296,65987
19297,65987
19298,65987
19299,65987
19300,65987
19301,65987
19302,65987
19303,65987
19304,65987
19305,65987
19306,65987
19307,65987
19308,65987
19309,65987
19310,65987
19311,65987
19312,65987
19313,65987
19314,65987
19315,65987
19316,65987
19317,65987
19318,65987
19319,65987
19320,65987
19321,65987
19322,65987
19323,65987
19324,65987
19325,65987
19326,65987
19327,65987
19328,65987
19329,65987
19330,65987
19331,65987
19332,65987
19333,65987
19334,65987
19335,65987
19336,65987
19337,65987
19338,65987
19339,65987
19340,65987
19341,65987
19342,65987
19343,65987
19344,65987
19345,65987
19346,65987
19347,65987
19348,65987
19349,65987
19350,65987
19351,65987
19352,65987
19353,65987
19354,65987
19355,65987
19356,65987
19357,65987
19358,65987
19359,65987
19360,65987
19361,65987
19362,65987
19363,65987
19364,65987
19365,65987
19366,65987
19367,65987
19368,65987
19369,65987
19370,65987
19371,65987
19372,65987
19373,65987
19374,65987
19375,65987
19376,65987
19377,65987
19378,65987
19379,65987
19380,65987
19381,65987
19382,65987
19383,65987
19384,65987
19385,65987
19386,65987
19387,65987
19388,65987
19389,65987
19390,65987
19391,65987
19392,65987
19393,65987
19394,65987
19395,65987
19396,65987
19397,65987
19398,65987
19399,65987
19400,65987
19401,65987
19402,65987
19403,65987
19404,65987
19405,65987
19406,65987
19407,65987
19408,65987
19409,65987
19410,65987
19411,65987
19412,65987
19413,65987
19414,65987
19415,65987
19416,65987
19417,65987
19418,65987
19419,65987
19420,65987
19421,65987
19422,65987
19423,65987
19424,65987
19425,65987
19426,65987
19427,65987
19428,65987
19429,65987
19430,65987
19431,65987
19432,65987
19433,65987
19434,65987
19435,65987
19436,65987
19437,65987
19438,65987
19439,65987
19440,65987
19441,65987
19442,65987
19443,65987
19444,65987
19445,65987
19446,65987
19447,65987
19448,65987
19449,65987
19450,65987
19451,65987
19452,65987
19453,65987
19454,65987
19455,65987
19456,65987
19457,65987
19458,65987
19459,65987
19460,65987
19461,65987
19462,65987
19463,65987
19464,65987
19465,65987
19466,65987
19467,65987
19468,65987
19469,65987
19470,65987
19471,65987
19472,65987
19473,65987
19474,65987
19475,65987
19476,65987
19477,65987
19478,65987
19479,65987
19480,65987
19481,65987
19482,65987
19483,65987
19484,65987
19485,65987
19486,65987
19487,65987
19488,65987
19489,65987
19490,65987
19491,65987
19492,65987
19493,65987
19494,65987
19495,65987
19496,65987
19497,65987
19498,65987
19499,65987
19500,65987
19501,65987
19502,65987
19503,65987
19504,65987
19505,65987
19506,65987
19507,65987
19508,65987
19509,65987
19510,65987
19511,65987
19512,65987
19513,65987
19514,65987
19515,65987
19516,65987
19517,65987
19518,65987
19519,65987
19520,65987
19521,65987
19522,65987
19523,65987
19524,65987
19525,65987
19526,65987
19527,65987
19528,65987
19529,65987
19530,65987
19531,65987
19532,65987
19533,65987
19534,65987
19535,65987
19536,65987
19537,65987
19538,65987
19539,65987
19540,65987
19541,65987
19542,65987
19543,65987
19544,65987
19545,65987
19546,65987
19547,65987
19548,65987
19549,65987
19550,65987
19551,65987
19552,65987
19553,65987
19554,65987
19555,65987
19556,65987
19557,65987
19558,65987
19559,65987
19560,65987
19561,65987
19562,65987
19563,65987
19564,65987
19565,65987
19566,65987
19567,65987
19568,65987
19569,65987
19570,65987
19571,65987
19572,65987
19573,65987
19574,65987
19575,65987
19576,65987
19577,65987
19578,65987
19579,65987
19580,65987
19581,65987
19582,65987
19583,65987
19584,65987
19585,65987
19586,65987
19587,65987
19588,65987
19589,65987
19590,65987
19591,65987
19592,65987
19593,65987
19594,65987
19595,65987
19596,65987
19597,65987
19598,65987
19599,65987
19600,65987
19601,65987
19602,65987
19603,65987
19604,65987
19605,65987
19606,65987
19607,65987
19608,65987
19609,65987
19610,65987
19611,65987
19612,65987
19613,65987
19614,65987
19615,65987
19616,65987
19617,65987
19618,65987
19619,65987
19620,65987
19621,65987
19622,65987
19623,65987
19624,65987
19625,65987
19626,65987
19627,65987
19628,65987
19629,65987
19630,65987
19631,65987
19632,65987
19633,65987
19634,65987
19635,65987
19636,65987
19637,65987
19638,65987
19639,65987
19640,65987
19641,65987
19642,65987
19643,65987
19644,65987
19645,65987
19646,65987
19647,65987
19648,65987
19649,65987
19650,65987
19651,65987
19652,65987
19653,65987
19654,65987
19655,65987
19656,65987
19657,65987
19658,65987
19659,65987
19660,65987
19661,65987
19662,65987
19663,65987
19664,65987
19665,65987
19666,65987
19667,65987
19668,65987
19669,65987
19670,65987
19671,65987
19672,65987
19673,65987
19674,65987
19675,65987
19676,65987
19677,65987
19678,65987
19679,65987
19680,65987
19681,65987
19682,65987
19683,65987
19684,65987
19685,65987
19686,65987
19687,65987
19688,65987
19689,65987
19690,65987
19691,65987
19692,65987
19693,65987
19694,65987
19695,65987
19696,65987
19697,65987
19698,65987
19699,65987
19700,65987
19701,65987
19702,65987
19703,65987
19704,65987
19705,65987
19706,65987
19707,65987
19708,65987
19709,65987
19710,65987
19711,65987
19712,65987
19713,65987
19714,65987
19715,65987
19716,65987
19717,65987
19718,65987
19719,65987
19720,65987
19721,65987
19722,65987
19723,65987
19724,65987
19725,65987
19726,65987
19727,65987
19728,65987
19729,65987
19730,65987
19731,65987
19732,65987
19733,65987
19734,65987
19735,65987
19736,65987
19737,65987
19738,65987
19739,65987
19740,65987
19741,65987
19742,65987
19743,65987
19744,65987
19745,65987
19746,65987
19747,65987
19748,65987
19749,65987
19750,65987
19751,65987
19752,65987
19753,65987
19754,65987
19755,65987
19756,65987
19757,65987
19758,65987
19759,65987
19760,65987
19761,65987
19762,65987
19763,65987
19764,65987
19765,65987
19766,65987
19767,65987
19768,65987
19769,65987
19770,65987
19771,65987
19772,65987
19773,65987
19774,65987
19775,65987
19776,65987
19777,65987
19778,65987
19779,65987
19780,65987
19781,65987
19782,65987
19783,65987
19784,65987
19785,65987
19786,65987
19787,65987
19788,65987
19789,65987
19790,65987
19791,65987
19792,65987
19793,65987
19794,65987
19795,65987
19796,65987
19797,65987
19798,65987
19799,65987
19800,65987
19801,65987
19802,65987
19803,65987
19804,65987
19805,65987
19806,65987
19807,65987
19808,65987
19809,65987
19810,65987
19811,65987
19812,65987
19813,65987
19814,65987
19815,65987
19816,65987
19817,65987
19818,65987
19819,65987
19820,65987
19821,65987
19822,65987
19823,65987
19824,65987
19825,65987
19826,65987
19827,65987
19828,65987
19829,65987
19830,65987
19831,65987
19832,65987
19833,65987
19834,65987
19835,65987
19836,65987
19837,65987
19838,65987
19839,65987
19840,65987
19841,65987
19842,65987
19843,65987
19844,65987
19845,65987
19846,65987
19847,65987
19848,65987
19849,65987
19850,65987
19851,65987
19852,65987
19853,65987
19854,65987
19855,65987
19856,65987
19857,65987
19858,65987
19859,65987
19860,65987
19861,65987
19862,65987
19863,65987
19864,65987
19865,65987
19866,65987
19867,65987
19868,65987
19869,65987
19870,65987
19871,65987
19872,65987
19873,65987
19874,65987
19875,65987
19876,65987
19877,65987
19878,65987
19879,65987
19880,65987
19881,65987
19882,65987
19883,65987
19884,65987
19885,65987
19886,65987
19887,65987
19888,65987
19889,65987
19890,65987
19891,65987
19892,65987
19893,65987
19894,65987
19895,65987
19896,65987
19897,65987
19898,65987
19899,65987
19900,65987
19901,65987
19902,65987
19903,65987
19904,65987
19905,65987
19906,65987
19907,65987
19908,65987
19909,65987
19910,65987
19911,65987
19912,65987
19913,65987
19914,65987
19915,65987
19916,65987
19917,65987
19918,65987
19919,65987
19920,65987
19921,65987
19922,65987
19923,65987
19924,65987
19925,65987
19926,65987
19927,65987
19928,65987
19929,65987
19930,65987
19931,65987
19932,65987
19933,65987
19934,65987
19935,65987
19936,65987
19937,65987
19938,65987
19939,65987
19940,65987
19941,65987
19942,65987
19943,65987
19944,65987
19945,65987
19946,65987
19947,65987
19948,65987
19949,65987
19950,65987
19951,65987
19952,65987
19953,65987
19954,65987
19955,65987
19956,65987
19957,65987
19958,65987
19959,65987
19960,65987
19961,65987
19962,65987
19963,65987
19964,65987
19965,65987
19966,65987
19967,65987
19968,65987
19969,65987
19970,65987
19971,65987
19972,65987
19973,65987
19974,65987
19975,65987
19976,65987
19977,65987
19978,65987
19979,65987
19980,65987
19981,65987
19982,65987
19983,65987
19984,65987
19985,65987
19986,65987
19987,65987
19988,65987
19989,65987
19990,65987
19991,65987
19992,65987
19993,65987
19994,65987
19995,65987
19996,65987
19997,65987
19998,65987
19999,65987
20000,65987
20001,65987
20002,65987
20003,65987
20004,65987
20005,65987
20006,65987
20007,65987
20008,65987
20009,65987
20010,65987
20011,65987
20012,65987
20013,65987
20014,65987
20015,65987
20016,65987
20017,65987
20018,65987
20019,65987
20020,65987
20021,65987
20022,65987
20023,65987
20024,65987
20025,65987
20026,65987
20027,65987
20028,65987
20029,65987
20030,65987
20031,65987
20032,65987
20033,65987
20034,65987
20035,65987
20036,65987
20037,65987
20038,65987
20039,65987
20040,65987
20041,65987
20042,65987
20043,65987
20044,65987
20045,65987
20046,65987
20047,65987
20048,65987
20049,65987
20050,65987
20051,65987
20052,65987
20053,65987
20054,65987
20055,65987
20056,65987
20057,65987
20058,65987
20059,65987
20060,65987
20061,65987
20062,65987
20063,65987
20064,65987
20065,65987
20066,65987
20067,65987
20068,65987
20069,65987
20070,65987
20071,65987
20072,65987
20073,65987
20074,65987
20075,65987
20076,65987
20077,65987
20078,65987
20079,65987
20080,65987
20081,65987
20082,65987
20083,65987
20084,65987
20085,65987
20086,65987
20087,65987
20088,65987
20089,65987
20090,65987
20091,65987
20092,65987
20093,65987
20094,65987
20095,65987
20096,65987
20097,65987
20098,65987
20099,65987
20100,65987
20101,65987
20102,65987
20103,65987
20104,65987
20105,65987
20106,65987
20107,65987
20108,65987
20109,65987
20110,65987
20111,65987
20112,65987
20113,65987
20114,65987
20115,65987
20116,65987
20117,65987
20118,65987
20119,65987
20120,65987
20121,65987
20122,65987
20123,65987
20124,65987
20125,65987
20126,65987
20127,65987
20128,65987
20129,65987
20130,65987
20131,65987
20132,65987
20133,65987
20134,65987
20135,65987
20136,65987
20137,65987
20138,65987
20139,65987
20140,65987
20141,65987
20142,65987
20143,65987
20144,65987
20145,65987
20146,65987
20147,65987
20148,65987
20149,65987
20150,65987
20151,65987
20152,65987
20153,65987
20154,65987
20155,65987
20156,65987
20157,65987
20158,65987
20159,65987
20160,65987
20161,65987
20162,65987
20163,65987
20164,65987
20165,65987
20166,65987
20167,65987
20168,65987
20169,65987
20170,65987
20171,65987
20172,65987
20173,65987
20174,65987
20175,65987
20176,65987
20177,65987
20178,65987
20179,65987
20180,65987
20181,65987
20182,65987
20183,65987
20184,65987
20185,65987
20186,65987
20187,65987
20188,65987
20189,65987
20190,65987
20191,65987
20192,65987
20193,65987
20194,65987
20195,65987
20196,65987
20197,65987
20198,65987
20199,65987
20200,65987
20201,65987
20202,65987
20203,65987
20204,65987
20205,65987
20206,65987
20207,65987
20208,65987
20209,65987
20210,65987
20211,65987
20212,65987
20213,65987
20214,65987
20215,65987
20216,65987
20217,65987
20218,65987
20219,65987
20220,65987
20221,65987
20222,65987
20223,65987
20224,65987
20225,65987
20226,65987
20227,65987
20228,65987
20229,65987
20230,65987
20231,65987
20232,65987
20233,65987
20234,65987
20235,65987
20236,65987
20237,65987
20238,65987
20239,65987
20240,65987
20241,65987
20242,65987
20243,65987
20244,65987
20245,65987
20246,65987
20247,65987
20248,65987
20249,65987
20250,65987
20251,65987
20252,65987
20253,65987
20254,65987
20255,65987
20256,65987
20257,65987
20258,65987
20259,65987
20260,65987
20261,65987
20262,65987
20263,65987
20264,65987
20265,65987
20266,65987
20267,65987
20268,65987
20269,65987
20270,65987
20271,65987
20272,65987
20273,65987
20274,65987
20275,65987
20276,65987
20277,65987
20278,65987
20279,65987
20280,65987
20281,65987
20282,65987
20283,65987
20284,65987
20285,65987
20286,65987
20287,65987
20288,65987
20289,65987
20290,65987
20291,65987
20292,65987
20293,65987
20294,65987
20295,65987
20296,65987
20297,65987
20298,65987
20299,65987
20300,65987
20301,65987
20302,65987
20303,65987
20304,65987
20305,65987
20306,65987
20307,65987
20308,65987
20309,65987
20310,65987
20311,65987
20312,65987
20313,65987
20314,65987
20315,65987
20316,65987
20317,65987
20318,65987
20319,65987
20320,65987
20321,65987
20322,65987
20323,65987
20324,65987
20325,65987
20326,65987
20327,65987
20328,65987
20329,65987
20330,65987
20331,65987
20332,65987
20333,65987
20334,65987
20335,65987
20336,65987
20337,65987
20338,65987
20339,65987
20340,65987
20341,65987
20342,65987
20343,65987
20344,65987
20345,65987
20346,65987
20347,65987
20348,65987
20349,65987
20350,65987
20351,65987
20352,65987
20353,65987
20354,65987
20355,65987
20356,65987
20357,65987
20358,65987
20359,65987
20360,65987
20361,65987
20362,65987
20363,65987
20364,65987
20365,65987
20366,65987
20367,65987
20368,65987
20369,65987
20370,65987
20371,65987
20372,65987
20373,65987
20374,65987
20375,65987
20376,65987
20377,65987
20378,65987
20379,65987
20380,65987
20381,65987
20382,65987
20383,65987
20384,65987
20385,65987
20386,65987
20387,65987
20388,65987
20389,65987
20390,65987
20391,65987
20392,65987
20393,65987
20394,65987
20395,65987
20396,65987
20397,65987
20398,65987
20399,65987
20400,65987
20401,65987
20402,65987
20403,65987
20404,65987
20405,65987
20406,65987
20407,65987
20408,65987
20409,65987
20410,65987
20411,65987
20412,65987
20413,65987
20414,65987
20415,65987
20416,65987
20417,65987
20418,65987
20419,65987
20420,65987
20421,65987
20422,65987
20423,65987
20424,65987
20425,65987
20426,65987
20427,65987
20428,65987
20429,65987
20430,65987
20431,65987
20432,65987
20433,65987
20434,65987
20435,65987
20436,65987
20437,65987
20438,65987
20439,65987
20440,65987
20441,65987
20442,65987
20443,65987
20444,65987
20445,65987
20446,65987
20447,65987
20448,65987
20449,65987
20450,65987
20451,65987
20452,65987
20453,65987
20454,65987
20455,65987
20456,65987
20457,65987
20458,65987
20459,65987
20460,65987
20461,65987
20462,65987
20463,65987
20464,65987
20465,65987
20466,65987
20467,65987
20468,65987
20469,65987
20470,65987
20471,65987
20472,65987
20473,65987
20474,65987
20475,65987
20476,65987
20477,65987
20478,65987
20479,65987
20480,65987
20481,65987
20482,65987
20483,65987
20484,65987
20485,65987
20486,65987
20487,65987
20488,65987
20489,65987
20490,65987
20491,65987
20492,65987
20493,65987
20494,65987
20495,65987
20496,65987
20497,65987
20498,65987
20499,65987
20500,65987
20501,65987
20502,65987
20503,65987
20504,65987
20505,65987
20506,65987
20507,65987
20508,65987
20509,65987
20510,65987
20511,65987
20512,65987
20513,65987
20514,65987
20515,65987
20516,65987
20517,65987
20518,65987
20519,65987
20520,65987
20521,65987
20522,65987
20523,65987
20524,65987
20525,65987
20526,65987
20527,65987
20528,65987
20529,65987
20530,65987
20531,65987
20532,65987
20533,65987
20534,65987
20535,65987
20536,65987
20537,65987
20538,65987
20539,65987
20540,65987
20541,65987
20542,65987
20543,65987
20544,65987
20545,65987
20546,65987
20547,65987
20548,65987
20549,65987
20550,65987
20551,65987
20552,65987
20553,65987
20554,65987
20555,65987
20556,65987
20557,65987
20558,65987
20559,65987
20560,65987
20561,65987
20562,65987
20563,65987
20564,65987
20565,65987
20566,65987
20567,65987
20568,65987
20569,65987
20570,65987
20571,65987
20572,65987
20573,65987
20574,65987
20575,65987
20576,65987
20577,65987
20578,65987
20579,65987
20580,65987
20581,65987
20582,65987
20583,65987
20584,65987
20585,65987
20586,65987
20587,65987
20588,65987
20589,65987
20590,65987
20591,65987
20592,65987
20593,65987
20594,65987
20595,65987
20596,65987
20597,65987
20598,65987
20599,65987
20600,65987
20601,65987
20602,65987
20603,65987
20604,65987
20605,65987
20606,65987
20607,65987
20608,65987
20609,65987
20610,65987
20611,65987
20612,65987
20613,65987
20614,65987
20615,65987
20616,65987
20617,65987
20618,65987
20619,65987
20620,65987
20621,65987
20622,65987
20623,65987
20624,65987
20625,65987
20626,65987
20627,65987
20628,65987
20629,65987
20630,65987
20631,65987
20632,65987
20633,65987
20634,65987
20635,65987
20636,65987
20637,65987
20638,65987
20639,65987
20640,65987
20641,65987
20642,65987
20643,65987
20644,65987
20645,65987
20646,65987
20647,65987
20648,65987
20649,65987
20650,65987
20651,65987
20652,65987
20653,65987
20654,65987
20655,65987
20656,65987
20657,65987
20658,65987
20659,65987
20660,65987
20661,65987
20662,65987
20663,65987
20664,65987
20665,65987
20666,65987
20667,65987
20668,65987
20669,65987
20670,65987
20671,65987
20672,65987
20673,65987
20674,65987
20675,65987
20676,65987
20677,65987
20678,65987
20679,65987
20680,65987
20681,65987
20682,65987
20683,65987
20684,65987
20685,65987
20686,65987
20687,65987
20688,65987
20689,65987
20690,65987
20691,65987
20692,65987
20693,65987
20694,65987
20695,65987
20696,65987
20697,65987
20698,65987
20699,65987
20700,65987
20701,65987
20702,65987
20703,65987
20704,65987
20705,65987
20706,65987
20707,65987
20708,65987
20709,65987
20710,65987
20711,65987
20712,65987
20713,65987
20714,65987
20715,65987
20716,65987
20717,65987
20718,65987
20719,65987
20720,65987
20721,65987
20722,65987
20723,65987
20724,65987
20725,65987
20726,65987
20727,65987
20728,65987
20729,65987
20730,65987
20731,65987
20732,65987
20733,65987
20734,65987
20735,65987
20736,65987
20737,65987
20738,65987
20739,65987
20740,65987
20741,65987
20742,65987
20743,65987
20744,65987
20745,65987
20746,65987
20747,65987
20748,65987
20749,65987
20750,65987
20751,65987
20752,65987
20753,65987
20754,65987
20755,65987
20756,65987
20757,65987
20758,65987
20759,65987
20760,65987
20761,65987
20762,65987
20763,65987
20764,65987
20765,65987
20766,65987
20767,65987
20768,65987
20769,65987
20770,65987
20771,65987
20772,65987
20773,65987
20774,65987
20775,65987
20776,65987
20777,65987
20778,65987
20779,65987
20780,65987
20781,65987
20782,65987
20783,65987
20784,65987
20785,65987
20786,65987
20787,65987
20788,65987
20789,65987
20790,65987
20791,65987
20792,65987
20793,65987
20794,65987
20795,65987
20796,65987
20797,65987
20798,65987
20799,65987
20800,65987
20801,65987
20802,65987
20803,65987
20804,65987
20805,65987
20806,65987
20807,65987
20808,65987
20809,65987
20810,65987
20811,65987
20812,65987
20813,65987
20814,65987
20815,65987
20816,65987
20817,65987
20818,65987
20819,65987
20820,65987
20821,65987
20822,65987
20823,65987
20824,65987
20825,65987
20826,65987
20827,65987
20828,65987
20829,65987
20830,65987
20831,65987
20832,65987
20833,65987
20834,65987
20835,65987
20836,65987
20837,65987
20838,65987
20839,65987
20840,65987
20841,65987
20842,65987
20843,65987
20844,65987
20845,65987
20846,65987
20847,65987
20848,65987
20849,65987
20850,65987
20851,65987
20852,65987
20853,65987
20854,65987
20855,65987
20856,65987
20857,65987
20858,65987
20859,65987
20860,65987
20861,65987
20862,65987
20863,65987
20864,65987
20865,65987
20866,65987
20867,65987
20868,65987
20869,65987
20870,65987
20871,65987
20872,65987
20873,65987
20874,65987
20875,65987
20876,65987
20877,65987
20878,65987
20879,65987
20880,65987
20881,65987
20882,65987
20883,65987
20884,65987
20885,65987
20886,65987
20887,65987
20888,65987
20889,65987
20890,65987
20891,65987
20892,65987
20893,65987
20894,65987
20895,65987
20896,65987
20897,65987
20898,65987
20899,65987
20900,65987
20901,65987
20902,65987
20903,65987
20904,65987
20905,65987
20906,65987
20907,65987
20908,65987
20909,65987
20910,65987
20911,65987
20912,65987
20913,65987
20914,65987
20915,65987
20916,65987
20917,65987
20918,65987
20919,65987
20920,65987
20921,65987
20922,65987
20923,65987
20924,65987
20925,65987
20926,65987
20927,65987
20928,65987
20929,65987
20930,65987
20931,65987
20932,65987
20933,65987
20934,65987
20935,65987
20936,65987
20937,65987
20938,65987
20939,65987
20940,65987
20941,65987
20942,65987
20943,65987
20944,65987
20945,65987
20946,65987
20947,65987
20948,65987
20949,65987
20950,65987
20951,65987
20952,65987
20953,65987
20954,65987
20955,65987
20956,65987
20957,65987
20958,65987
20959,65987
20960,65987
20961,65987
20962,65987
20963,65987
20964,65987
20965,65987
20966,65987
20967,65987
20968,65987
20969,65987
20970,65987
20971,65987
20972,65987
20973,65987
20974,65987
20975,65987
20976,65987
20977,65987
20978,65987
20979,65987
20980,65987
20981,65987
20982,65987
20983,65987
20984,65987
20985,65987
20986,65987
20987,65987
20988,65987
20989,65987
20990,65987
20991,65987
20992,65987
20993,65987
20994,65987
20995,65987
20996,65987
20997,65987
20998,65987
20999,65987
21000,65987
21001,65987
21002,65987
21003,65987
21004,65987
21005,65987
21006,65987
21007,65987
21008,65987
21009,65987
21010,65987
21011,65987
21012,65987
21013,65987
21014,65987
21015,65987
21016,65987
21017,65987
21018,65987
21019,65987
21020,65987
21021,65987
21022,65987
21023,65987
21024,65987
21025,65987
21026,65987
21027,65987
21028,65987
21029,65987
21030,65987
21031,65987
21032,65987
21033,65987
21034,65987
21035,65987
21036,65987
21037,65987
21038,65987
21039,65987
21040,65987
21041,65987
21042,65987
21043,65987
21044,65987
21045,65987
21046,65987
21047,65987
21048,65987
21049,65987
21050,65987
21051,65987
21052,65987
21053,65987
21054,65987
21055,65987
21056,65987
21057,65987
21058,65987
21059,65987
21060,65987
21061,65987
21062,65987
21063,65987
21064,65987
21065,65987
21066,65987
21067,65987
21068,65987
21069,65987
21070,65987
21071,65987
21072,65987
21073,65987
21074,65987
21075,65987
21076,65987
21077,65987
21078,65987
21079,65987
21080,65987
21081,65987
21082,65987
21083,65987
21084,65987
21085,65987
21086,65987
21087,65987
21088,65987
21089,65987
21090,65987
21091,65987
21092,65987
21093,65987
21094,65987
21095,65987
21096,65987
21097,65987
21098,65987
21099,65987
21100,65987
21101,65987
21102,65987
21103,65987
21104,65987
21105,65987
21106,65987
21107,65987
21108,65987
21109,65987
21110,65987
21111,65987
21112,65987
21113,65987
21114,65987
21115,65987
21116,65987
21117,65987
21118,65987
21119,65987
21120,65987
21121,65987
21122,65987
21123,65987
21124,65987
21125,65987
21126,65987
21127,65987
21128,65987
21129,65987
21130,65987
21131,65987
21132,65987
21133,65987
21134,65987
21135,65987
21136,65987
21137,65987
21138,65987
21139,65987
21140,65987
21141,65987
21142,65987
21143,65987
21144,65987
21145,65987
21146,65987
21147,65987
21148,65987
21149,65987
21150,65987
21151,65987
21152,65987
21153,65987
21154,65987
21155,65987
21156,65987
21157,65987
21158,65987
21159,65987
21160,65987
21161,65987
21162,65987
21163,65987
21164,65987
21165,65987
21166,65987
21167,65987
21168,65987
21169,65987
21170,65987
21171,65987
21172,65987
21173,65987
21174,65987
21175,65987
21176,65987
21177,65987
21178,65987
21179,65987
21180,65987
21181,65987
21182,65987
21183,65987
21184,65987
21185,65987
21186,65987
21187,65987
21188,65987
21189,65987
21190,65987
21191,65987
21192,65987
21193,65987
21194,65987
21195,65987
21196,65987
21197,65987
21198,65987
21199,65987
21200,65987
21201,65987
21202,65987
21203,65987
21204,65987
21205,65987
21206,65987
21207,65987
21208,65987
21209,65987
21210,65987
21211,65987
21212,65987
21213,65987
21214,65987
21215,65987
21216,65987
21217,65987
21218,65987
21219,65987
21220,65987
21221,65987
21222,65987
21223,65987
21224,65987
21225,65987
21226,65987
21227,65987
21228,65987
21229,65987
21230,65987
21231,65987
21232,65987
21233,65987
21234,65987
21235,65987
21236,65987
21237,65987
21238,65987
21239,65987
21240,65987
21241,65987
21242,65987
21243,65987
21244,65987
21245,65987
21246,65987
21247,65987
21248,65987
21249,65987
21250,65987
21251,65987
21252,65987
21253,65987
21254,65987
21255,65987
21256,65987
21257,65987
21258,65987
21259,65987
21260,65987
21261,65987
21262,65987
21263,65987
21264,65987
21265,65987
21266,65987
21267,65987
21268,65987
21269,65987
21270,65987
21271,65987
21272,65987
21273,65987
21274,65987
21275,65987
21276,65987
21277,65987
21278,65987
21279,65987
21280,65987
21281,65987
21282,65987
21283,65987
21284,65987
21285,65987
21286,65987
21287,65987
21288,65987
21289,65987
21290,65987
21291,65987
21292,65987
21293,65987
21294,65987
21295,65987
21296,65987
21297,65987
21298,65987
21299,65987
21300,65987
21301,65987
21302,65987
21303,65987
21304,65987
21305,65987
21306,65987
21307,65987
21308,65987
21309,65987
21310,65987
21311,65987
21312,65987
21313,65987
21314,65987
21315,65987
21316,65987
21317,65987
21318,65987
21319,65987
21320,65987
21321,65987
21322,65987
21323,65987
21324,65987
21325,65987
21326,65987
21327,65987
21328,65987
21329,65987
21330,65987
21331,65987
21332,65987
21333,65987
21334,65987
21335,65987
21336,65987
21337,65987
21338,65987
21339,65987
21340,65987
21341,65987
21342,65987
21343,65987
21344,65987
21345,65987
21346,65987
21347,65987
21348,65987
21349,65987
21350,65987
21351,65987
21352,65987
21353,65987
21354,65987
21355,65987
21356,65987
21357,65987
21358,65987
21359,65987
21360,65987
21361,65987
21362,65987
21363,65987
21364,65987
21365,65987
21366,65987
21367,65987
21368,65987
21369,65987
21370,65987
21371,65987
21372,65987
21373,65987
21374,65987
21375,65987
21376,65987
21377,65987
21378,65987
21379,65987
21380,65987
21381,65987
21382,65987
21383,65987
21384,65987
21385,65987
21386,65987
21387,65987
21388,65987
21389,65987
21390,65987
21391,65987
21392,65987
21393,65987
21394,65987
21395,65987
21396,65987
21397,65987
21398,65987
21399,65987
21400,65987
21401,65987
21402,65987
21403,65987
21404,65987
21405,65987
21406,65987
21407,65987
21408,65987
21409,65987
21410,65987
21411,65987
21412,65987
21413,65987
21414,65987
21415,65987
21416,65987
21417,65987
21418,65987
21419,65987
21420,65987
21421,65987
21422,65987
21423,65987
21424,65987
21425,65987
21426,65987
21427,65987
21428,65987
21429,65987
21430,65987
21431,65987
21432,65987
21433,65987
21434,65987
21435,65987
21436,65987
21437,65987
21438,65987
21439,65987
21440,65987
21441,65987
21442,65987
21443,65987
21444,65987
21445,65987
21446,65987
21447,65987
21448,65987
21449,65987
21450,65987
21451,65987
21452,65987
21453,65987
21454,65987
21455,65987
21456,65987
21457,65987
21458,65987
21459,65987
21460,65987
21461,65987
21462,65987
21463,65987
21464,65987
21465,65987
21466,65987
21467,65987
21468,65987
21469,65987
21470,65987
21471,65987
21472,65987
21473,65987
21474,65987
21475,65987
21476,65987
21477,65987
21478,65987
21479,65987
21480,65987
21481,65987
21482,65987
21483,65987
21484,65987
21485,65987
21486,65987
21487,65987
21488,65987
21489,65987
21490,65987
21491,65987
21492,65987
21493,65987
21494,65987
21495,65987
21496,65987
21497,65987
21498,65987
21499,65987
21500,65987
21501,65987
21502,65987
21503,65987
21504,65987
21505,65987
21506,65987
21507,65987
21508,65987
21509,65987
21510,65987
21511,65987
21512,65987
21513,65987
21514,65987
21515,65987
21516,65987
21517,65987
21518,65987
21519,65987
21520,65987
21521,65987
21522,65987
21523,65987
21524,65987
21525,65987
21526,65987
21527,65987
21528,65987
21529,65987
21530,65987
21531,65987
21532,65987
21533,65987
21534,65987
21535,65987
21536,65987
21537,65987
21538,65987
21539,65987
21540,65987
21541,65987
21542,65987
21543,65987
21544,65987
21545,65987
21546,65987
21547,65987
21548,65987
21549,65987
21550,65987
21551,65987
21552,65987
21553,65987
21554,65987
21555,65987
21556,65987
21557,65987
21558,65987
21559,65987
21560,65987
21561,65987
21562,65987
21563,65987
21564,65987
21565,65987
21566,65987
21567,65987
21568,65987
21569,65987
21570,65987
21571,65987
21572,65987
21573,65987
21574,65987
21575,65987
21576,65987
21577,65987
21578,65987
21579,65987
21580,65987
21581,65987
21582,65987
21583,65987
21584,65987
21585,65987
21586,65987
21587,65987
21588,65987
21589,65987
21590,65987
21591,65987
21592,65987
21593,65987
21594,65987
21595,65987
21596,65987
21597,65987
21598,65987
21599,65987
21600,65987
21601,65987
21602,65987
21603,65987
21604,65987
21605,65987
21606,65987
21607,65987
21608,65987
21609,65987
21610,65987
21611,65987
21612,65987
21613,65987
21614,65987
21615,65987
21616,65987
21617,65987
21618,65987
21619,65987
21620,65987
21621,65987
21622,65987
21623,65987
21624,65987
21625,65987
21626,65987
21627,65987
21628,65987
21629,65987
21630,65987
21631,65987
21632,65987
21633,65987
21634,65987
21635,65987
21636,65987
21637,65987
21638,65987
21639,65987
21640,65987
21641,65987
21642,65987
21643,65987
21644,65987
21645,65987
21646,65987
21647,65987
21648,65987
21649,65987
21650,65987
21651,65987
21652,65987
21653,65987
21654,65987
21655,65987
21656,65987
21657,65987
21658,65987
21659,65987
21660,65987
21661,65987
21662,65987
21663,65987
21664,65987
21665,65987
21666,65987
21667,65987
21668,65987
21669,65987
21670,65987
21671,65987
21672,65987
21673,65987
21674,65987
21675,65987
21676,65987
21677,65987
21678,65987
21679,65987
21680,65987
21681,65987
21682,65987
21683,65987
21684,65987
21685,65987
21686,65987
21687,65987
21688,65987
21689,65987
21690,65987
21691,65987
21692,65987
21693,65987
21694,65987
21695,65987
21696,65987
21697,65987
21698,65987
21699,65987
21700,65987
21701,65987
21702,65987
21703,65987
21704,65987
21705,65987
21706,65987
21707,65987
21708,65987
21709,65987
21710,65987
21711,65987
21712,65987
21713,65987
21714,65987
21715,65987
21716,65987
21717,65987
21718,65987
21719,65987
21720,65987
21721,65987
21722,65987
21723,65987
21724,65987
21725,65987
21726,65987
21727,65987
21728,65987
21729,65987
21730,65987
21731,65987
21732,65987
21733,65987
21734,65987
21735,65987
21736,65987
21737,65987
21738,65987
21739,65987
21740,65987
21741,65987
21742,65987
21743,65987
21744,65987
21745,65987
21746,65987
21747,65987
21748,65987
21749,65987
21750,65987
21751,65987
21752,65987
21753,65987
21754,65987
21755,65987
21756,65987
21757,65987
21758,65987
21759,65987
21760,65987
21761,65987
21762,65987
21763,65987
21764,65987
21765,65987
21766,65987
21767,65987
21768,65987
21769,65987
21770,65987
21771,65987
21772,65987
21773,65987
21774,65987
21775,65987
21776,65987
21777,65987
21778,65987
21779,65987
21780,65987
21781,65987
21782,65987
21783,65987
21784,65987
21785,65987
21786,65987
21787,65987
21788,65987
21789,65987
21790,65987
21791,65987
21792,65987
21793,65987
21794,65987
21795,65987
21796,65987
21797,65987
21798,65987
21799,65987
21800,65987
21801,65987
21802,65987
21803,65987
21804,65987
21805,65987
21806,65987
21807,65987
21808,65987
21809,65987
21810,65987
21811,65987
21812,65987
21813,65987
21814,65987
21815,65987
21816,65987
21817,65987
21818,65987
21819,65987
21820,65987
21821,65987
21822,65987
21823,65987
21824,65987
21825,65987
21826,65987
21827,65987
21828,65987
21829,65987
21830,65987
21831,65987
21832,65987
21833,65987
21834,65987
21835,65987
21836,65987
21837,65987
21838,65987
21839,65987
21840,65987
21841,65987
21842,65987
21843,65987
21844,65987
21845,65987
21846,65987
21847,65987
21848,65987
21849,65987
21850,65987
21851,65987
21852,65987
21853,65987
21854,65987
21855,65987
21856,65987
21857,65987
21858,65987
21859,65987
21860,65987
21861,65987
21862,65987
21863,65987
21864,65987
21865,65987
21866,65987
21867,65987
21868,65987
21869,65987
21870,65987
21871,65987
21872,65987
21873,65987
21874,65987
21875,65987
21876,65987
21877,65987
21878,65987
21879,65987
21880,65987
21881,65987
21882,65987
21883,65987
21884,65987
21885,65987
21886,65987
21887,65987
21888,65987
21889,65987
21890,65987
21891,65987
21892,65987
21893,65987
21894,65987
21895,65987
21896,65987
21897,65987
21898,65987
21899,65987
21900,65987
21901,65987
21902,65987
21903,65987
21904,65987
21905,65987
21906,65987
21907,65987
21908,65987
21909,65987
21910,65987
21911,65987
21912,65987
21913,65987
21914,65987
21915,65987
21916,65987
21917,65987
21918,65987
21919,65987
21920,65987
21921,65987
21922,65987
21923,65987
21924,65987
21925,65987
21926,65987
21927,65987
21928,65987
21929,65987
21930,65987
21931,65987
21932,65987
21933,65987
21934,65987
21935,65987
21936,65987
21937,65987
21938,65987
21939,65987
21940,65987
21941,65987
21942,65987
21943,65987
21944,65987
21945,65987
21946,65987
21947,65987
21948,65987
21949,65987
21950,65987
21951,65987
21952,65987
21953,65987
21954,65987
21955,65987
21956,65987
21957,65987
21958,65987
21959,65987
21960,65987
21961,65987
21962,65987
21963,65987
21964,65987
21965,65987
21966,65987
21967,65987
21968,65987
21969,65987
21970,65987
21971,65987
21972,65987
21973,65987
21974,65987
21975,65987
21976,65987
21977,65987
21978,65987
21979,65987
21980,65987
21981,65987
21982,65987
21983,65987
21984,65987
21985,65987
21986,65987
21987,65987
21988,65987
21989,65987
21990,65987
21991,65987
21992,65987
21993,65987
21994,65987
21995,65987
21996,65987
21997,65987
21998,65987
21999,65987
22000,65987
22001,65987
22002,65987
22003,65987
22004,65987
22005,65987
22006,65987
22007,65987
22008,65987
22009,65987
22010,65987
22011,65987
22012,65987
22013,65987
22014,65987
22015,65987
22016,65987
22017,65987
22018,65987
22019,65987
22020,65987
22021,65987
22022,65987
22023,65987
22024,65987
22025,65987
22026,65987
22027,65987
22028,65987
22029,65987
22030,65987
22031,65987
22032,65987
22033,65987
22034,65987
22035,65987
22036,65987
22037,65987
22038,65987
22039,65987
22040,65987
22041,65987
22042,65987
22043,65987
22044,65987
22045,65987
22046,65987
22047,65987
22048,65987
22049,65987
22050,65987
22051,65987
22052,65987
22053,65987
22054,65987
22055,65987
22056,65987
22057,65987
22058,65987
22059,65987
22060,65987
22061,65987
22062,65987
22063,65987
22064,65987
22065,65987
22066,65987
22067,65987
22068,65987
22069,65987
22070,65987
22071,65987
22072,65987
22073,65987
22074,65987
22075,65987
22076,65987
22077,65987
22078,65987
22079,65987
22080,65987
22081,65987
22082,65987
22083,65987
22084,65987
22085,65987
22086,65987
22087,65987
22088,65987
22089,65987
22090,65987
22091,65987
22092,65987
22093,65987
22094,65987
22095,65987
22096,65987
22097,65987
22098,65987
22099,65987
22100,65987
22101,65987
22102,65987
22103,65987
22104,65987
22105,65987
22106,65987
22107,65987
22108,65987
22109,65987
22110,65987
22111,65987
22112,65987
22113,65987
22114,65987
22115,65987
22116,65987
22117,65987
22118,65987
22119,65987
22120,65987
22121,65987
22122,65987
22123,65987
22124,65987
22125,65987
22126,65987
22127,65987
22128,65987
22129,65987
22130,65987
22131,65987
22132,65987
22133,65987
22134,65987
22135,65987
22136,65987
22137,65987
22138,65987
22139,65987
22140,65987
22141,65987
22142,65987
22143,65987
22144,65987
22145,65987
22146,65987
22147,65987
22148,65987
22149,65987
22150,65987
22151,65987
22152,65987
22153,65987
22154,65987
22155,65987
22156,65987
22157,65987
22158,65987
22159,65987
22160,65987
22161,65987
22162,65987
22163,65987
22164,65987
22165,65987
22166,65987
22167,65987
22168,65987
22169,65987
22170,65987
22171,65987
22172,65987
22173,65987
22174,65987
22175,65987
22176,65987
22177,65987
22178,65987
22179,65987
22180,65987
22181,65987
22182,65987
22183,65987
22184,65987
22185,65987
22186,65987
22187,65987
22188,65987
22189,65987
22190,65987
22191,65987
22192,65987
22193,65987
22194,65987
22195,65987
22196,65987
22197,65987
22198,65987
22199,65987
22200,65987
22201,65987
22202,65987
22203,65987
22204,65987
22205,65987
22206,65987
22207,65987
22208,65987
22209,65987
22210,65987
22211,65987
22212,65987
22213,65987
22214,65987
22215,65987
22216,65987
22217,65987
22218,65987
22219,65987
22220,65987
22221,65987
22222,65987
22223,65987
22224,65987
22225,65987
22226,65987
22227,65987
22228,65987
22229,65987
22230,65987
22231,65987
22232,65987
22233,65987
22234,65987
22235,65987
22236,65987
22237,65987
22238,65987
22239,65987
22240,65987
22241,65987
22242,65987
22243,65987
22244,65987
22245,65987
22246,65987
22247,65987
22248,65987
22249,65987
22250,65987
22251,65987
22252,65987
22253,65987
22254,65987
22255,65987
22256,65987
22257,65987
22258,65987
22259,65987
22260,65987
22261,65987
22262,65987
22263,65987
22264,65987
22265,65987
22266,65987
22267,65987
22268,65987
22269,65987
22270,65987
22271,65987
22272,65987
22273,65987
22274,65987
22275,65987
22276,65987
22277,65987
22278,65987
22279,65987
22280,65987
22281,65987
22282,65987
22283,65987
22284,65987
22285,65987
22286,65987
22287,65987
22288,65987
22289,65987
22290,65987
22291,65987
22292,65987
22293,65987
22294,65987
22295,65987
22296,65987
22297,65987
22298,65987
22299,65987
22300,65987
22301,65987
22302,65987
22303,65987
22304,65987
22305,65987
22306,65987
22307,65987
22308,65987
22309,65987
22310,65987
22311,65987
22312,65987
22313,65987
22314,65987
22315,65987
22316,65987
22317,65987
22318,65987
22319,65987
22320,65987
22321,65987
22322,65987
22323,65987
22324,65987
22325,65987
22326,65987
22327,65987
22328,65987
22329,65987
22330,65987
22331,65987
22332,65987
22333,65987
22334,65987
22335,65987
22336,65987
22337,65987
22338,65987
22339,65987
22340,65987
22341,65987
22342,65987
22343,65987
22344,65987
22345,65987
22346,65987
22347,65987
22348,65987
22349,65987
22350,65987
22351,65987
22352,65987
22353,65987
22354,65987
22355,65987
22356,65987
22357,65987
22358,65987
22359,65987
22360,65987
22361,65987
22362,65987
22363,65987
22364,65987
22365,65987
22366,65987
22367,65987
22368,65987
22369,65987
22370,65987
22371,65987
22372,65987
22373,65987
22374,65987
22375,65987
22376,65987
22377,65987
22378,65987
22379,65987
22380,65987
22381,65987
22382,65987
22383,65987
22384,65987
22385,65987
22386,65987
22387,65987
22388,65987
22389,65987
22390,65987
22391,65987
22392,65987
22393,65987
22394,65987
22395,65987
22396,65987
22397,65987
22398,65987
22399,65987
22400,65987
22401,65987
22402,65987
22403,65987
22404,65987
22405,65987
22406,65987
22407,65987
22408,65987
22409,65987
22410,65987
22411,65987
22412,65987
22413,65987
22414,65987
22415,65987
22416,65987
22417,65987
22418,65987
22419,65987
22420,65987
22421,65987
22422,65987
22423,65987
22424,65987
22425,65987
22426,65987
22427,65987
22428,65987
22429,65987
22430,65987
22431,65987
22432,65987
22433,65987
22434,65987
22435,65987
22436,65987
22437,65987
22438,65987
22439,65987
22440,65987
22441,65987
22442,65987
22443,65987
22444,65987
22445,65987
22446,65987
22447,65987
22448,65987
22449,65987
22450,65987
22451,65987
22452,65987
22453,65987
22454,65987
22455,65987
22456,65987
22457,65987
22458,65987
22459,65987
22460,65987
22461,65987
22462,65987
22463,65987
22464,65987
22465,65987
22466,65987
22467,65987
22468,65987
22469,65987
22470,65987
22471,65987
22472,65987
22473,65987
22474,65987
22475,65987
22476,65987
22477,65987
22478,65987
22479,65987
22480,65987
22481,65987
22482,65987
22483,65987
22484,65987
22485,65987
22486,65987
22487,65987
22488,65987
22489,65987
22490,65987
22491,65987
22492,65987
22493,65987
22494,65987
22495,65987
22496,65987
22497,65987
22498,65987
22499,65987
22500,65987
22501,65987
22502,65987
22503,65987
22504,65987
22505,65987
22506,65987
22507,65987
22508,65987
22509,65987
22510,65987
22511,65987
22512,65987
22513,65987
22514,65987
22515,65987
22516,65987
22517,65987
22518,65987
22519,65987
22520,65987
22521,65987
22522,65987
22523,65987
22524,65987
22525,65987
22526,65987
22527,65987
22528,65987
22529,65987
22530,65987
22531,65987
22532,65987
22533,65987
22534,65987
22535,65987
22536,65987
22537,65987
22538,65987
22539,65987
22540,65987
22541,65987
22542,65987
22543,65987
22544,65987
22545,65987
22546,65987
22547,65987
22548,65987
22549,65987
22550,65987
22551,65987
22552,65987
22553,65987
22554,65987
22555,65987
22556,65987
22557,65987
22558,65987
22559,65987
22560,65987
22561,65987
22562,65987
22563,65987
22564,65987
22565,65987
22566,65987
22567,65987
22568,65987
22569,65987
22570,65987
22571,65987
22572,65987
22573,65987
22574,65987
22575,65987
22576,65987
22577,65987
22578,65987
22579,65987
22580,65987
22581,65987
22582,65987
22583,65987
22584,65987
22585,65987
22586,65987
22587,65987
22588,65987
22589,65987
22590,65987
22591,65987
22592,65987
22593,65987
22594,65987
22595,65987
22596,65987
22597,65987
22598,65987
22599,65987
22600,65987
22601,65987
22602,65987
22603,65987
22604,65987
22605,65987
22606,65987
22607,65987
22608,65987
22609,65987
22610,65987
22611,65987
22612,65987
22613,65987
22614,65987
22615,65987
22616,65987
22617,65987
22618,65987
22619,65987
22620,65987
22621,65987
22622,65987
22623,65987
22624,65987
22625,65987
22626,65987
22627,65987
22628,65987
22629,65987
22630,65987
22631,65987
22632,65987
22633,65987
22634,65987
22635,65987
22636,65987
22637,65987
22638,65987
22639,65987
22640,65987
22641,65987
22642,65987
22643,65987
22644,65987
22645,65987
22646,65987
22647,65987
22648,65987
22649,65987
22650,65987
22651,65987
22652,65987
22653,65987
22654,65987
22655,65987
22656,65987
22657,65987
22658,65987
22659,65987
22660,65987
22661,65987
22662,65987
22663,65987
22664,65987
22665,65987
22666,65987
22667,65987
22668,65987
22669,65987
22670,65987
22671,65987
22672,65987
22673,65987
22674,65987
22675,65987
22676,65987
22677,65987
22678,65987
22679,65987
22680,65987
22681,65987
22682,65987
22683,65987
22684,65987
22685,65987
22686,65987
22687,65987
22688,65987
22689,65987
22690,65987
22691,65987
22692,65987
22693,65987
22694,65987
22695,65987
22696,65987
22697,65987
22698,65987
22699,65987
22700,65987
22701,65987
22702,65987
22703,65987
22704,65987
22705,65987
22706,65987
22707,65987
22708,65987
22709,65987
22710,65987
22711,65987
22712,65987
22713,65987
22714,65987
22715,65987
22716,65987
22717,65987
22718,65987
22719,65987
22720,65987
22721,65987
22722,65987
22723,65987
22724,65987
22725,65987
22726,65987
22727,65987
22728,65987
22729,65987
22730,65987
22731,65987
22732,65987
22733,65987
22734,65987
22735,65987
22736,65987
22737,65987
22738,65987
22739,65987
22740,65987
22741,65987
22742,65987
22743,65987
22744,65987
22745,65987
22746,65987
22747,65987
22748,65987
22749,65987
22750,65987
22751,65987
22752,65987
22753,65987
22754,65987
22755,65987
22756,65987
22757,65987
22758,65987
22759,65987
22760,65987
22761,65987
22762,65987
22763,65987
22764,65987
22765,65987
22766,65987
22767,65987
22768,65987
22769,65987
22770,65987
22771,65987
22772,65987
22773,65987
22774,65987
22775,65987
22776,65987
22777,65987
22778,65987
22779,65987
22780,65987
22781,65987
22782,65987
22783,65987
22784,65987
22785,65987
22786,65987
22787,65987
22788,65987
22789,65987
22790,65987
22791,65987
22792,65987
22793,65987
22794,65987
22795,65987
22796,65987
22797,65987
22798,65987
22799,65987
22800,65987
22801,65987
22802,65987
22803,65987
22804,65987
22805,65987
22806,65987
22807,65987
22808,65987
22809,65987
22810,65987
22811,65987
22812,65987
22813,65987
22814,65987
22815,65987
22816,65987
22817,65987
22818,65987
22819,65987
22820,65987
22821,65987
22822,65987
22823,65987
22824,65987
22825,65987
22826,65987
22827,65987
22828,65987
22829,65987
22830,65987
22831,65987
22832,65987
22833,65987
22834,65987
22835,65987
22836,65987
22837,65987
22838,65987
22839,65987
22840,65987
22841,65987
22842,65987
22843,65987
22844,65987
22845,65987
22846,65987
22847,65987
22848,65987
22849,65987
22850,65987
22851,65987
22852,65987
22853,65987
22854,65987
22855,65987
22856,65987
22857,65987
22858,65987
22859,65987
22860,65987
22861,65987
22862,65987
22863,65987
22864,65987
22865,65987
22866,65987
22867,65987
22868,65987
22869,65987
22870,65987
22871,65987
22872,65987
22873,65987
22874,65987
22875,65987
22876,65987
22877,65987
22878,65987
22879,65987
22880,65987
22881,65987
22882,65987
22883,65987
22884,65987
22885,65987
22886,65987
22887,65987
22888,65987
22889,65987
22890,65987
22891,65987
22892,65987
22893,65987
22894,65987
22895,65987
22896,65987
22897,65987
22898,65987
22899,65987
22900,65987
22901,65987
22902,65987
22903,65987
22904,65987
22905,65987
22906,65987
22907,65987
22908,65987
22909,65987
22910,65987
22911,65987
22912,65987
22913,65987
22914,65987
22915,65987
22916,65987
22917,65987
22918,65987
22919,65987
22920,65987
22921,65987
22922,65987
22923,65987
22924,65987
22925,65987
22926,65987
22927,65987
22928,65987
22929,65987
22930,65987
22931,65987
22932,65987
22933,65987
22934,65987
22935,65987
22936,65987
22937,65987
22938,65987
22939,65987
22940,65987
22941,65987
22942,65987
22943,65987
22944,65987
22945,65987
22946,65987
22947,65987
22948,65987
22949,65987
22950,65987
22951,65987
22952,65987
22953,65987
22954,65987
22955,65987
22956,65987
22957,65987
22958,65987
22959,65987
22960,65987
22961,65987
22962,65987
22963,65987
22964,65987
22965,65987
22966,65987
22967,65987
22968,65987
22969,65987
22970,65987
22971,65987
22972,65987
22973,65987
22974,65987
22975,65987
22976,65987
22977,65987
22978,65987
22979,65987
22980,65987
22981,65987
22982,65987
22983,65987
22984,65987
22985,65987
22986,65987
22987,65987
22988,65987
22989,65987
22990,65987
22991,65987
22992,65987
22993,65987
22994,65987
22995,65987
22996,65987
22997,65987
22998,65987
22999,65987
23000,65987
23001,65987
23002,65987
23003,65987
23004,65987
23005,65987
23006,65987
23007,65987
23008,65987
23009,65987
23010,65987
23011,65987
23012,65987
23013,65987
23014,65987
23015,65987
23016,65987
23017,65987
23018,65987
23019,65987
23020,65987
23021,65987
23022,65987
23023,65987
23024,65987
23025,65987
23026,65987
23027,65987
23028,65987
23029,65987
23030,65987
23031,65987
23032,65987
23033,65987
23034,65987
23035,65987
23036,65987
23037,65987
23038,65987
23039,65987
23040,65987
23041,65987
23042,65987
23043,65987
23044,65987
23045,65987
23046,65987
23047,65987
23048,65987
23049,65987
23050,65987
23051,65987
23052,65987
23053,65987
23054,65987
23055,65987
23056,65987
23057,65987
23058,65987
23059,65987
23060,65987
23061,65987
23062,65987
23063,65987
23064,65987
23065,65987
23066,65987
23067,65987
23068,65987
23069,65987
23070,65987
23071,65987
23072,65987
23073,65987
23074,65987
23075,65987
23076,65987
23077,65987
23078,65987
23079,65987
23080,65987
23081,65987
23082,65987
23083,65987
23084,65987
23085,65987
23086,65987
23087,65987
23088,65987
23089,65987
23090,65987
23091,65987
23092,65987
23093,65987
23094,65987
23095,65987
23096,65987
23097,65987
23098,65987
23099,65987
23100,65987
23101,65987
23102,65987
23103,65987
23104,65987
23105,65987
23106,65987
23107,65987
23108,65987
23109,65987
23110,65987
23111,65987
23112,65987
23113,65987
23114,65987
23115,65987
23116,65987
23117,65987
23118,65987
23119,65987
23120,65987
23121,65987
23122,65987
23123,65987
23124,65987
23125,65987
23126,65987
23127,65987
23128,65987
23129,65987
23130,65987
23131,65987
23132,65987
23133,65987
23134,65987
23135,65987
23136,65987
23137,65987
23138,65987
23139,65987
23140,65987
23141,65987
23142,65987
23143,65987
23144,65987
23145,65987
23146,65987
23147,65987
23148,65987
23149,65987
23150,65987
23151,65987
23152,65987
23153,65987
23154,65987
23155,65987
23156,65987
23157,65987
23158,65987
23159,65987
23160,65987
23161,65987
23162,65987
23163,65987
23164,65987
23165,65987
23166,65987
23167,65987
23168,65987
23169,65987
23170,65987
23171,65987
23172,65987
23173,65987
23174,65987
23175,65987
23176,65987
23177,65987
23178,65987
23179,65987
23180,65987
23181,65987
23182,65987
23183,65987
23184,65987
23185,65987
23186,65987
23187,65987
23188,65987
23189,65987
23190,65987
23191,65987
23192,65987
23193,65987
23194,65987
23195,65987
23196,65987
23197,65987
23198,65987
23199,65987
23200,65987
23201,65987
23202,65987
23203,65987
23204,65987
23205,65987
23206,65987
23207,65987
23208,65987
23209,65987
23210,65987
23211,65987
23212,65987
23213,65987
23214,65987
23215,65987
23216,65960
23217,65932
23218,65904
23219,65875
23220,65846
23221,65817
23222,65787
23223,65758
23224,65721
23225,65691
23226,65661
23227,65630
23228,65598
23229,65567
23230,65535
23231,65502
23232,65470
23233,65438
23234,65399
23235,65368
23236,65336
23237,65305
23238,65273
23239,65242
23240,65211
23241,65179
23242,65146
23243,65114
23244,65074
23245,65042
23246,65009
23247,64977
23248,64945
23249,64911
23250,64879
23251,64847
23252,64814
23253,64781
23254,64740
23255,64708
23256,64676
23257,64643
23258,64611
23259,64579
23260,64546
23261,64513
23262,64481
23263,64449
23264,64408
23265,64375
23266,64343
23267,64310
23268,64279
23269,64247
23270,64216
23271,64184
23272,64153
23273,64122
23274,64081
23275,64048
23276,64016
23277,63984
23278,63952
23279,63920
23280,63889
23281,63857
23282,63825
23283,63794
23284,63754
23285,63723
23286,63691
23287,63659
23288,63628
23289,63597
23290,63567
23291,63536
23292,63505
23293,63475
23294,63437
23295,63406
23296,63374
23297,63342
23298,63311
23299,63281
23300,63252
23301,63221
23302,63190
23303,63159
23304,63121
23305,63091
23306,63062
23307,63033
23308,63003
23309,62973
23310,62943
23311,62913
23312,62884
23313,62855
23314,62819
23315,62790
23316,62761
23317,62731
23318,62701
23319,62672
23320,62642
23321,62614
23322,62585
23323,62556
23324,62520
23325,62492
23326,62463
23327,62434
23328,62406
23329,62378
23330,62350
23331,62322
23332,62294
23333,62265
23334,62231
23335,62204
23336,62177
23337,62150
23338,62124
23339,62098
23340,62071
23341,62044
23342,62017
23343,61991
23344,61958
23345,61932
23346,61906
23347,61880
23348,61854
23349,61828
23350,61802
23351,61776
23352,61751
23353,61725
23354,61693
23355,61668
23356,61642
23357,61616
23358,61590
23359,61565
23360,61540
23361,61515
23362,61490
23363,61465
23364,61435
23365,61410
23366,61386
23367,61362
23368,61338
23369,61314
23370,61290
23371,61266
23372,61242
23373,61218
23374,61188
23375,61165
23376,61142
23377,61118
23378,61095
23379,61072
23380,61049
23381,61026
23382,61002
23383,60979
23384,60951
23385,60928
23386,60906
23387,60883
23388,60861
23389,60839
23390,60817
23391,60795
23392,60773
23393,60751
23394,60724
23395,60703
23396,60682
23397,60660
23398,60638
23399,60616
23400,60594
23401,60572
23402,60550
23403,60528
23404,60502
23405,60481
23406,60460
23407,60439
23408,60418
23409,60398
23410,60378
23411,60357
23412,60337
23413,60316
23414,60291
23415,60271
23416,60251
23417,60231
23418,60211
23419,60191
23420,60171
23421,60151
23422,60132
23423,60113
23424,60089
23425,60070
23426,60051
23427,60032
23428,60014
23429,59995
23430,59976
23431,59958
23432,59940
23433,59922
23434,59899
23435,59881
23436,59863
23437,59845
23438,59826
23439,59808
23440,59790
23441,59772
23442,59755
23443,59737
23444,59716
23445,59699
23446,59682
23447,59665
23448,59648
23449,59631
23450,59614
23451,59597
23452,59580
23453,59563
23454,59543
23455,59526
23456,59510
23457,59494
23458,59478
23459,59462
23460,59446
23461,59430
23462,59414
23463,59398
23464,59379
23465,59363
23466,59347
23467,59331
23468,59316
23469,59301
23470,59286
23471,59271
23472,59256
23473,59241
23474,59223
23475,59208
23476,59193
23477,59178
23478,59163
23479,59149
23480,59135
23481,59121
23482,59107
23483,59093
23484,59076
23485,59062
23486,59048
23487,59034
23488,59020
23489,59006
23490,58992
23491,58978
23492,58965
23493,58952
23494,58936
23495,58923
23496,58910
23497,58897
23498,58884
23499,58871
23500,58858
23501,58845
23502,58832
23503,58819
23504,58803
23505,58790
23506,58778
23507,58766
23508,58753
23509,58741
23510,58729
23511,58717
23512,58705
23513,58693
23514,58678
23515,58666
23516,58654
23517,58642
23518,58630
23519,58618
23520,58606
23521,58595
23522,58584
23523,58572
23524,58558
23525,58547
23526,58536
23527,58525
23528,58514
23529,58503
23530,58492
23531,58481
23532,58470
23533,58459
23534,58446
23535,58435
23536,58424
23537,58413
23538,58402
23539,58392
23540,58382
23541,58372
23542,58361
23543,58351
23544,58338
23545,58328
23546,58318
23547,58308
23548,58298
23549,58288
23550,58278
23551,58268
23552,58258
23553,58248
23554,58236
23555,58226
23556,58216
23557,58206
23558,58196
23559,58185
23560,58175
23561,58165
23562,58155
23563,58145
23564,58134
23565,58124
23566,58114
23567,58104
23568,58094
23569,58084
23570,58074
23571,58064
23572,58054
23573,58044
23574,58034
23575,58023
23576,57968
23577,57912
23578,57858
23579,57804
23580,57748
23581,57691
23582,57633
23583,57576
23584,57518
23585,57461
23586,57404
23587,57345
23588,57285
23589,57226
23590,57167
23591,57109
23592,57050
23593,56992
23594,56934
23595,56876
23596,56819
23597,56763
23598,56705
23599,56648
23600,56591
23601,56532
23602,56473
23603,56415
23604,56344
23605,56273
23606,56203
23607,56132
23608,56061
23609,55991
23610,55923
23611,55854
23612,55786
23613,55718
23614,55634
23615,55552
23616,55471
23617,55391
23618,55313
23619,55234
23620,55159
23621,55086
23622,55014
23623,54941
23624,54871
23625,54801
23626,54736
23627,54674
23628,54613
23629,54552
23630,54494
23631,54439
23632,54386
23633,54335
23634,54284
23635,54233
23636,54184
23637,54136
23638,54087
23639,54039
23640,53991
23641,53943
23642,53896
23643,53850
23644,53804
23645,53757
23646,53710
23647,53664
23648,53618
23649,53574
23650,53530
23651,53485
23652,53444
23653,53402
23654,53361
23655,53321
23656,53281
23657,53242
23658,53204
23659,53166
23660,53129
23661,53091
23662,53054
23663,53019
23664,52984
23665,52949
23666,52914
23667,52880
23668,52847
23669,52813
23670,52780
23671,52748
23672,52716
23673,52684
23674,52652
23675,52621
23676,52590
23677,52559
23678,52528
23679,52496
23680,52464
23681,52433
23682,52404
23683,52374
23684,52344
23685,52315
23686,52286
23687,52257
23688,52228
23689,52200
23690,52172
23691,52145
23692,52118
23693,52091
23694,52063
23695,52037
23696,52011
23697,51987
23698,51962
23699,51937
23700,51912
23701,51888
23702,51865
23703,51842
23704,51819
23705,51795
23706,51771
23707,51747
23708,51724
23709,51701
23710,51678
23711,51656
23712,51633
23713,51612
23714,51591
23715,51569
23716,51548
23717,51527
23718,51507
23719,51486
23720,51466
23721,51446
23722,51426
23723,51406
23724,51387
23725,51368
23726,51349
23727,51331
23728,51313
23729,51294
23730,51275
23731,51257
23732,51239
23733,51221
23734,51203
23735,51185
23736,51167
23737,51149
23738,51131
23739,51114
23740,51097
23741,51080
23742,51063
23743,51046
23744,51030
23745,51014
23746,50998
23747,50982
23748,50966
23749,50949
23750,50933
23751,50918
23752,50903
23753,50888
23754,50873
23755,50857
23756,50842
23757,50827
23758,50813
23759,50798
23760,50783
23761,50769
23762,50755
23763,50741
23764,50727
23765,50713
23766,50699
23767,50685
23768,50672
23769,50659
23770,50646
23771,50633
23772,50620
23773,50607
23774,50594
23775,50581
23776,50568
23777,50556
23778,50544
23779,50532
23780,50520
23781,50508
23782,50496
23783,50484
23784,50472
23785,50460
23786,50449
23787,50437
23788,50425
23789,50414
23790,50403
23791,50392
23792,50381
23793,50370
23794,50359
23795,50348
23796,50337
23797,50327
23798,50317
23799,50307
23800,50297
23801,50287
23802,50277
23803,50267
23804,50257
23805,50247
23806,50237
23807,50227
23808,50217
23809,50207
23810,50197
23811,50188
23812,50179
23813,50170
23814,50161
23815,50152
23816,50143
23817,50134
23818,50125
23819,50116
23820,50107
23821,50098
23822,50089
23823,50080
23824,50071
23825,50062
23826,50053
23827,50045
23828,50037
23829,50029
23830,50021
23831,50013
23832,50005
23833,49997
23834,49989
23835,49981
23836,49973
23837,49965
23838,49957
23839,49949
23840,49941
23841,49933
23842,49925
23843,49917
23844,49910
23845,49903
23846,49896
23847,49889
23848,49882
23849,49875
23850,49867
23851,49859
23852,49852
23853,49845
23854,49838
23855,49831
23856,49823
23857,49816
23858,49808
23859,49801
23860,49794
23861,49787
23862,49780
23863,49773
23864,49766
23865,49759
23866,49752
23867,49745
23868,49738
23869,49730
23870,49723
23871,49715
23872,49708
23873,49700
23874,49693
23875,49686
23876,49679
23877,49672
23878,49665
23879,49658
23880,49651
23881,49644
23882,49637
23883,49630
23884,49623
23885,49615
23886,49608
23887,49601
23888,49594
23889,49587
23890,49579
23891,49572
23892,49565
23893,49557
23894,49550
23895,49542
23896,49535
23897,49528
23898,49521
23899,49514
23900,49506
23901,49499
23902,49492
23903,49484
23904,49477
23905,49470
23906,49463
23907,49456
23908,49449
23909,49442
23910,49435
23911,49428
23912,49421
23913,49414
23914,49407
23915,49400
23916,49393
23917,49386
23918,49379
23919,49372
23920,49366
23921,49367
23922,49368
23923,49369
23924,49370
23925,49371
23926,49372
23927,49373
23928,49374
23929,49375
23930,49376
23931,49377
23932,49378
23933,49379
23934,49380
23935,49381
23936,49355
23937,49329
23938,49303
23939,49278
23940,49254
23941,49229
23942,49205
23943,49181
23944,49152
23945,49124
23946,49095
23947,49067
23948,49038
23949,49009
23950,48980
23951,48965
23952,48950
23953,48935
23954,48916
23955,48897
23956,48879
23957,48861
23958,48844
23959,48843
23960,48842
23961,48841
23962,48840
23963,48839
23964,48839
23965,48839
23966,48839
23967,48839
23968,48840
23969,48841
23970,48842
23971,48843
23972,48844
23973,48845
23974,48846
23975,48848
23976,48850
23977,48851
23978,48853
23979,48854
23980,48856
23981,48858
23982,48860
23983,48862
23984,48865
23985,48867
23986,48869
23987,48871
23988,48873
23989,48875
23990,48878
23991,48880
23992,48882
23993,48884
23994,48886
23995,48888
23996,48891
23997,48893
23998,48895
23999,48897
24000,48900
24001,48902
24002,48904
24003,48906
24004,48909
24005,48912
24006,48914
24007,48916
24008,48918
24009,48920
24010,48922
24011,48925
24012,48927
24013,48929
24014,48932
24015,48934
24016,48936
24017,48938
24018,48941
24019,48943
24020,48946
24021,48948
24022,48950
24023,48952
24024,48954
24025,48957
24026,48959
24027,48962
24028,48965
24029,48968
24030,48971
24031,48974
24032,48976
24033,48978
24034,48981
24035,48983
24036,48986
24037,48989
24038,48992
24039,48995
24040,48998
24041,49001
24042,49004
24043,49007
24044,49010
24045,49013
24046,49016
24047,49019
24048,49022
24049,49025
24050,49028
24051,49031
24052,49034
24053,49037
24054,49040
24055,49043
24056,49046
24057,49049
24058,49052
24059,49055
24060,49058
24061,49061
24062,49064
24063,49067
24064,49070
24065,49073
24066,49076
24067,49079
24068,49082
24069,49085
24070,49088
24071,49091
24072,49094
24073,49097
24074,49100
24075,49103
24076,49106
24077,49109
24078,49112
24079,49115
24080,49118
24081,49121
24082,49124
24083,49127
24084,49130
24085,49133
24086,49136
24087,49139
24088,49142
24089,49145
24090,49148
24091,49151
24092,49154
24093,49157
24094,49160
24095,49163
24096,49166
24097,49169
24098,49172
24099,49175
24100,49178
24101,49181
24102,49184
24103,49187
24104,49190
24105,49193
24106,49196
24107,49199
24108,49201
24109,49203
24110,49206
24111,49209
24112,49211
24113,49213
24114,49215
24115,49217
24116,49199
24117,49182
24118,49163
24119,49146
24120,49129
24121,49112
24122,49095
24123,49079
24124,49063
24125,49047
24126,49031
24127,49015
24128,48999
24129,48984
24130,48969
24131,48954
24132,48939
24133,48924
24134,48909
24135,48895
24136,48880
24137,48866
24138,48851
24139,48836
24140,48822
24141,48808
24142,48794
24143,48780
24144,48766
24145,48752
24146,48739
24147,48726
24148,48713
24149,48700
24150,48687
24151,48674
24152,48661
24153,48648
24154,48635
24155,48622
24156,48609
24157,48596
24158,48583
24159,48571
24160,48559
24161,48547
24162,48535
24163,48523
24164,48511
24165,48499
24166,48487
24167,48476
24168,48465
24169,48454
24170,48443
24171,48432
24172,48420
24173,48409
24174,48398
24175,48387
24176,48376
24177,48365
24178,48354
24179,48343
24180,48332
24181,48321
24182,48310
24183,48300
24184,48290
24185,48280
24186,48270
24187,48260
24188,48250
24189,48240
24190,48230
24191,48220
24192,48211
24193,48202
24194,48193
24195,48184
24196,48175
24197,48166
24198,48157
24199,48148
24200,48139
24201,48130
24202,48121
24203,48112
24204,48103
24205,48094
24206,48085
24207,48076
24208,48067
24209,48058
24210,48049
24211,48040
24212,48031
24213,48023
24214,48014
24215,48005
24216,47996
24217,47987
24218,47978
24219,47969
24220,47960
24221,47951
24222,47943
24223,47935
24224,47926
24225,47917
24226,47909
24227,47901
24228,47893
24229,47885
24230,47877
24231,47869
24232,47861
24233,47853
24234,47845
24235,47837
24236,47828
24237,47820
24238,47811
24239,47802
24240,47794
24241,47786
24242,47778
24243,47770
24244,47762
24245,47754
24246,47746
24247,47738
24248,47730
24249,47722
24250,47713
24251,47705
24252,47697
24253,47689
24254,47681
24255,47673
24256,47665
24257,47657
24258,47648
24259,47640
24260,47631
24261,47623
24262,47615
24263,47607
24264,47599
24265,47591
24266,47583
24267,47575
24268,47567
24269,47558
24270,47550
24271,47542
24272,47534
24273,47526
24274,47518
24275,47510
24276,47502
24277,47493
24278,47485
24279,47477
24280,47469
24281,47461
24282,47453
24283,47445
24284,47437
24285,47429
24286,47421
24287,47413
24288,47405
24289,47397
24290,47389
24291,47381
24292,47373
24293,47365
24294,47357
24295,47349
24296,47341
24297,47333
24298,47325
24299,47317
24300,47309
24301,47301
24302,47293
24303,47285
24304,47277
24305,47269
24306,47262
24307,47255
24308,47248
24309,47241
24310,47234
24311,47227
24312,47220
24313,47213
24314,47206
24315,47200
24316,47194
24317,47188
24318,47182
24319,47176
24320,47170
24321,47164
24322,47158
24323,47152
24324,47146
24325,47140
24326,47134
24327,47129
24328,47124
24329,47119
24330,47113
24331,47108
24332,47103
24333,47098
24334,47093
24335,47088
24336,47083
24337,47078
24338,47074
24339,47069
24340,47065
24341,47061
24342,47057
24343,47053
24344,47049
24345,47045
24346,47041
24347,47037
24348,47033
24349,47029
24350,47025
24351,47021
24352,47017
24353,47013
24354,47009
24355,47005
24356,47001
24357,46997
24358,46994
24359,46991
24360,46988
24361,46985
24362,46982
24363,46979
24364,46976
24365,46973
24366,46970
24367,46967
24368,46964
24369,46961
24370,46958
24371,46955
24372,46952
24373,46949
24374,46946
24375,46943
24376,46940
24377,46937
24378,46934
24379,46931
24380,46928
24381,46925
24382,46923
24383,46921
24384,46919
24385,46917
24386,46915
24387,46913
24388,46911
24389,46909
24390,46907
24391,46905
24392,46902
24393,46900
24394,46898
24395,46896
24396,46894
24397,46892
24398,46890
24399,46888
24400,46886
24401,46884
24402,46882
24403,46880
24404,46878
24405,46876
24406,46874
24407,46872
24408,46870
24409,46868
24410,46866
24411,46864
24412,46862
24413,46860
24414,46858
24415,46856
24416,46854
24417,46853
24418,46852
24419,46851
24420,46850
24421,46849
24422,46848
24423,46847
24424,46846
24425,46845
24426,46844
24427,46843
24428,46842
24429,46841
24430,46840
24431,46839
24432,46838
24433,46837
24434,46836
24435,46835
24436,46834
24437,46833
24438,46832
24439,46831
24440,46830
24441,46829
24442,46828
24443,46827
24444,46826
24445,46825
24446,46824
24447,46823
24448,46822
24449,46821
24450,46820
24451,46819
24452,46818
24453,46817
24454,46816
24455,46815
24456,46814
24457,46813
24458,46812
24459,46811
24460,46810
24461,46809
24462,46808
24463,46807
24464,46806
24465,46805
24466,46804
24467,46803
24468,46802
24469,46801
24470,46800
24471,46799
24472,46798
24473,46797
24474,46796
24475,46795
24476,46756
24477,46717
24478,46679
24479,46641
24480,46603
24481,46576
24482,46549
24483,46523
24484,46490
24485,46457
24486,46424
24487,46392
24488,46360
24489,46327
24490,46294
24491,46276
24492,46258
24493,46240
24494,46218
24495,46197
24496,46177
24497,46157
24498,46137
24499,46117
24500,46097
24501,46077
24502,46058
24503,46050
24504,46042
24505,46035
24506,46036
24507,46037
24508,46038
24509,46039
24510,46040
24511,46041
24512,46042
24513,46043
24514,46044
24515,46045
24516,46046
24517,46047
24518,46048
24519,46049
24520,46050
24521,46051
24522,46053
24523,46055
24524,46057
24525,46059
24526,46061
24527,46063
24528,46065
24529,46067
24530,46069
24531,46071
24532,46073
24533,46075
24534,46077
24535,46079
24536,46081
24537,46083
24538,46085
24539,46087
24540,46089
24541,46091
24542,46093
24543,46095
24544,46097
24545,46099
24546,46101
24547,46104
24548,46106
24549,46109
24550,46111
24551,46113
24552,46115
24553,46117
24554,46119
24555,46121
24556,46123
24557,46125
24558,46127
24559,46129
24560,46132
24561,46134
24562,46136
24563,46138
24564,46140
24565,46142
24566,46144
24567,46146
24568,46148
24569,46150
24570,46152
24571,46154
24572,46156
24573,46158
24574,46160
24575,46162
24576,46164
24577,46166
24578,46168
24579,46170
24580,46172
24581,46176
24582,46178
24583,46180
24584,46182
24585,46184
24586,46186
24587,46188
24588,46190
24589,46192
24590,46195
24591,46197
24592,46199
24593,46202
24594,46204
24595,46206
24596,46208
24597,46210
24598,46212
24599,46214
24600,46216
24601,46219
24602,46221
24603,46223
24604,46225
24605,46227
24606,46230
24607,46232
24608,46234
24609,46237
24610,46240
24611,46243
24612,46246
24613,46249
24614,46252
24615,46255
24616,46258
24617,46261
24618,46264
24619,46266
24620,46268
24621,46270
24622,46273
24623,46275
24624,46278
24625,46282
24626,46285
24627,46288
24628,46292
24629,46295
24630,46297
24631,46301
24632,46304
24633,46308
24634,46312
24635,46315
24636,46319
24637,46322
24638,46326
24639,46330
24640,46333
24641,46336
24642,46340
24643,46344
24644,46347
24645,46350
24646,46354
24647,46358
24648,46361
24649,46365
24650,46369
24651,46373
24652,46377
24653,46381
24654,46385
24655,46389
24656,46364
24657,46338
24658,46313
24659,46290
24660,46266
24661,46243
24662,46220
24663,46196
24664,46173
24665,46150
24666,46128
24667,46106
24668,46084
24669,46063
24670,46041
24671,46020
24672,45998
24673,45977
24674,45956
24675,45935
24676,45915
24677,45895
24678,45875
24679,45855
24680,45836
24681,45818
24682,45800
24683,45782
24684,45764
24685,45747
24686,45730
24687,45713
24688,45696
24689,45679
24690,45663
24691,45647
24692,45631
24693,45615
24694,45599
24695,45584
24696,45569
24697,45554
24698,45540
24699,45526
24700,45512
24701,45498
24702,45484
24703,45471
24704,45458
24705,45445
24706,45432
24707,45419
24708,45406
24709,45394
24710,45382
24711,45370
24712,45358
24713,45346
24714,45334
24715,45322
24716,45311
24717,45300
24718,45288
24719,45277
24720,45266
24721,45254
24722,45243
24723,45232
24724,45221
24725,45211
24726,45201
24727,45191
24728,45181
24729,45171
24730,45161
24731,45151
24732,45141
24733,45131
24734,45122
24735,45112
24736,45103
24737,45094
24738,45085
24739,45076
24740,45067
24741,45058
24742,45049
24743,45040
24744,45031
24745,45022
24746,45013
24747,45004
24748,44995
24749,44986
24750,44977
24751,44968
24752,44959
24753,44950
24754,44941
24755,44932
24756,44923
24757,44914
24758,44905
24759,44896
24760,44887
24761,44878
24762,44869
24763,44860
24764,44851
24765,44842
24766,44833
24767,44824
24768,44815
24769,44806
24770,44797
24771,44788
24772,44779
24773,44770
24774,44762
24775,44753
24776,44744
24777,44735
24778,44725
24779,44716
24780,44707
24781,44698
24782,44689
24783,44680
24784,44671
24785,44663
24786,44654
24787,44646
24788,44637
24789,44628
24790,44619
24791,44610
24792,44602
24793,44593
24794,44584
24795,44576
24796,44567
24797,44558
24798,44549
24799,44541
24800,44532
24801,44524
24802,44515
24803,44506
24804,44498
24805,44490
24806,44482
24807,44474
24808,44466
24809,44458
24810,44450
24811,44442
24812,44435
24813,44428
24814,44420
24815,44413
24816,44406
24817,44399
24818,44392
24819,44386
24820,44380
24821,44374
24822,44368
24823,44362
24824,44356
24825,44350
24826,44344
24827,44339
24828,44334
24829,44329
24830,44324
24831,44319
24832,44314
24833,44309
24834,44303
24835,44297
24836,44292
24837,44293
24838,44294
24839,44295
24840,44296
24841,44297
24842,44298
24843,44299
24844,44300
24845,44302
24846,44304
24847,44306
24848,44309
24849,44311
24850,44313
24851,44315
24852,44317
24853,44320
24854,44323
24855,44325
24856,44327
24857,44329
24858,44331
24859,44333
24860,44335
24861,44337
24862,44339
24863,44341
24864,44343
24865,44345
24866,44347
24867,44349
24868,44351
24869,44353
24870,44355
24871,44357
24872,44359
24873,44361
24874,44363
24875,44365
24876,44367
24877,44369
24878,44371
24879,44374
24880,44376
24881,44378
24882,44380
24883,44382
24884,44384
24885,44386
24886,44389
24887,44391
24888,44393
24889,44395
24890,44397
24891,44399
24892,44401
24893,44403
24894,44406
24895,44408
24896,44411
24897,44413
24898,44416
24899,44418
24900,44420
24901,44422
24902,44424
24903,44426
24904,44428
24905,44430
24906,44432
24907,44436
24908,44438
24909,44440
24910,44442
24911,44444
24912,44446
24913,44448
24914,44450
24915,44452
24916,44454
24917,44456
24918,44458
24919,44460
24920,44462
24921,44464
24922,44466
24923,44468
24924,44470
24925,44472
24926,44448
24927,44423
24928,44398
24929,44374
24930,44351
24931,44329
24932,44306
24933,44283
24934,44260
24935,44237
24936,44215
24937,44193
24938,44171
24939,44149
24940,44127
24941,44106
24942,44085
24943,44064
24944,44044
24945,44024
24946,44004
24947,43985
24948,43966
24949,43947
24950,43927
24951,43908
24952,43890
24953,43872
24954,43854
24955,43837
24956,43819
24957,43801
24958,43784
24959,43767
24960,43751
24961,43735
24962,43719
24963,43703
24964,43687
24965,43671
24966,43655
24967,43640
24968,43624
24969,43608
24970,43593
24971,43579
24972,43564
24973,43550
24974,43536
24975,43522
24976,43509
24977,43496
24978,43483
24979,43470
24980,43457
24981,43444
24982,43431
24983,43418
24984,43405
24985,43392
24986,43379
24987,43367
24988,43355
24989,43343
24990,43331
24991,43319
24992,43308
24993,43296
24994,43285
24995,43274
24996,43263
24997,43252
24998,43241
24999,43230
25000,43219
25001,43209
25002,43199
25003,43189
25004,43178
25005,43168
25006,43158
25007,43148
25008,43138
25009,43128
25010,43118
25011,43108
25012,43098
25013,43089
25014,43078
25015,43067
25016,43056
25017,43045
25018,43035
25019,43025
25020,43015
25021,43016
25022,43017
25023,43018
25024,43019
25025,43020
25026,43021
25027,43022
25028,43023
25029,43024
25030,43025
25031,43026
25032,43027
25033,43028
25034,43029
25035,43030
25036,43031
25037,43032
25038,43033
25039,43034
25040,43035
25041,43036
25042,43037
25043,43038
25044,43039
25045,43040
25046,43041
25047,43043
25048,43044
25049,43045
25050,43046
25051,43047
25052,43048
25053,43050
25054,43051
25055,43052
25056,43053
25057,43054
25058,43056
25059,43057
25060,43059
25061,43060
25062,43061
25063,43062
25064,43063
25065,43064
25066,43065
25067,43066
25068,43067
25069,43068
25070,43069
25071,43070
25072,43071
25073,43072
25074,43074
25075,43075
25076,43076
25077,43078
25078,43079
25079,43080
25080,43081
25081,43082
25082,43084
25083,43085
25084,43086
25085,43088
25086,43089
25087,43090
25088,43092
25089,43094
25090,43096
25091,43098
25092,43100
25093,43102
25094,43104
25095,43106
25096,43108
25097,43110
25098,43112
25099,43114
25100,43116
25101,43118
25102,43120
25103,43122
25104,43124
25105,43126
25106,43096
25107,43066
25108,43037
25109,43009
25110,42981
25111,42953
25112,42925
25113,42897
25114,42869
25115,42841
25116,42814
25117,42787
25118,42760
25119,42733
25120,42707
25121,42680
25122,42655
25123,42630
25124,42605
25125,42580
25126,42555
25127,42531
25128,42507
25129,42483
25130,42459
25131,42436
25132,42413
25133,42390
25134,42367
25135,42345
25136,42323
25137,42301
25138,42280
25139,42259
25140,42238
25141,42217
25142,42196
25143,42177
25144,42153
25145,42130
25146,42107
25147,42084
25148,42061
25149,42039
25150,42017
25151,41995
